time,v(H1_GATE),v(N001),v(N002),v(N003),v(N004),v(N005),v(N006),v(N007),v(N008),v(N009),v(N010),v(N011),@ddiode7_1[id],@ddiode7_3[id],@ddiode7_4[id],@ddiode7_5[id]
0.0,11.9876111,6.04823973e-06,0.0181193877,0.0,11.9876125,3.08263699e-07,1.22383575,0.62074283,11.9999876,12.0,0.0,1.84244361,-4.31601287e-09,-1.40119863e-08,-1.40119863e-08,0.000133799746
1e-06,11.9876158,0.006600223,0.0181359433,0.00666432322,11.9876126,0.00666361457,1.22383882,0.620752494,11.9999876,12.0,0.0,1.84244651,1.63079591e-07,3.17056133e-08,3.22170113e-08,0.000133765638
2e-06,11.9876158,0.0132628459,0.0181364019,0.0133286458,11.9876126,0.0133279367,1.2238389,0.620752761,11.9999876,12.0,0.0,1.84244659,1.67768139e-07,3.22243447e-08,3.22366171e-08,0.000133764693
4e-06,11.9876158,0.0265898001,0.0181369059,0.0266572863,11.9876126,0.0266565768,1.22383899,0.620753055,11.9999876,12.0,0.0,1.84244667,1.74897979e-07,3.2272557e-08,3.2272257e-08,0.000133763655
8e-06,11.9876159,0.0532408107,0.0181387762,0.0533145305,11.9876126,0.0533138197,1.22383934,0.620754147,11.9999876,12.0,0.0,1.842447,1.91107595e-07,3.22857253e-08,3.23079501e-08,0.000133759801
1.6e-05,11.9876159,0.106530296,0.0181461933,0.106628724,11.9876126,0.106628011,1.22384071,0.620758475,11.9999876,12.0,0.0,1.84244829,2.65873273e-07,3.23940937e-08,3.24151856e-08,0.000133744517
3.2e-05,11.9876159,0.212898403,0.0182237202,0.213254754,11.9876127,0.213254037,1.22385504,0.620803705,11.9999876,12.0,0.0,1.8424618,1.04747376e-06,3.23900643e-08,3.25948453e-08,0.000133584835
5.08156973e-05,11.987616,0.335190412,0.0191498739,0.338637853,11.9876129,0.33863713,1.22402504,0.621343269,11.9999876,12.0,0.0,1.84262204,1.04161554e-05,3.07277971e-08,3.2833621e-08,0.000131689701
6.89381606e-05,11.9876161,0.436192188,0.0249333264,0.459390277,11.9876141,0.45938955,1.22504011,0.624682078,11.9999876,12.0,0.0,1.84357884,7.02978636e-05,1.9747974e-08,3.30413486e-08,0.000120374414
8.91614077e-05,11.9876175,0.51470894,0.0400656446,0.59412275,11.9876168,0.594122017,1.22733535,0.633158625,11.9999876,12.0,0.0,1.84574232,0.000240641569,7.10825129e-09,3.33006396e-08,9.4786089e-05
0.00011806539,11.9876202,0.588349739,0.0662744825,0.786645528,11.9876201,0.786644788,1.23022888,0.646810974,11.9999876,12.0,0.0,1.84846975,0.000602402566,9.91001448e-10,3.36467928e-08,6.25308976e-05
0.000171848257,11.9876226,0.677084946,0.111615588,1.14469609,11.9876232,1.14469534,1.23282792,0.665510124,11.9999876,12.0,0.0,1.8509196,0.00142067458,-5.54488392e-09,3.4335612e-08,3.35552068e-05
0.000234949703,11.9876252,0.807829427,0.218122511,1.5643594,11.9876245,1.56435863,1.23386111,0.677418884,11.9999876,12.0,0.0,1.85189348,0.00229255155,7.12738113e-09,3.51421888e-08,2.20368496e-05
0.000313830215,11.9876305,1.31443242,0.722742559,2.08807931,11.9876247,2.08807852,1.23388309,0.677730313,11.9999876,12.0,0.0,1.85191422,0.00234433822,5.78397911e-08,3.6210797e-08,2.17916194e-05
0.000392331511,11.9876257,1.82645875,1.23501917,2.60800897,11.9876248,2.60800818,1.2338831,0.677730317,11.9999876,12.0,0.0,1.85191423,0.00236835707,1.06638509e-08,3.73031033e-08,2.17916224e-05
0.000475125236,11.9876308,2.36477382,1.7721232,3.15464341,11.987625,3.15464259,1.23388312,0.677730327,11.9999876,12.0,0.0,1.85191426,0.00239423747,5.9827258e-08,3.85302798e-08,2.17916298e-05
0.000575125236,11.9876262,3.01213878,2.4194909,3.81200042,11.9876251,3.81199958,1.23388313,0.677730333,11.9999876,12.0,0.0,1.85191427,0.00242381169,1.30271347e-08,4.00819097e-08,2.17916343e-05
0.000675125236,11.9876314,3.65578548,3.06195993,4.46559545,11.9876253,4.46559457,1.23388315,0.677730343,11.9999876,12.0,0.0,1.85191431,0.00245463089,6.25480829e-08,4.17801846e-08,2.17916428e-05
0.000775125236,11.9876268,4.29510694,3.70120101,5.11478347,11.9876254,5.11478256,1.23388316,0.677730349,11.9999876,12.0,0.0,1.85191432,0.00248385743,1.59349742e-08,4.35985341e-08,2.17916472e-05
0.000875125236,11.987632,4.92944098,4.33447853,5.75892382,11.9876256,5.75892287,1.23388318,0.67773036,11.9999876,12.0,0.0,1.85191436,0.00251411624,6.56629809e-08,4.56223775e-08,2.17916556e-05
0.000975125236,11.9876274,5.55819569,4.96308723,6.39738081,11.9876257,6.39737982,1.23388319,0.677730366,11.9999876,12.0,0.0,1.85191437,0.00254297937,1.93204748e-08,4.78431186e-08,2.179166e-05
0.00107512524,11.9876326,6.18071387,5.58465369,7.02952435,11.9876259,7.02952332,1.23388321,0.677730377,11.9999876,12.0,0.0,1.8519144,0.00257258071,6.93584952e-08,5.03713231e-08,2.17916683e-05
0.00117512524,11.9876281,6.7964202,6.20016508,7.65473061,11.987626,7.65472952,1.23388322,0.677730382,11.9999876,12.0,0.0,1.85191442,0.00260094065,2.34239959e-08,5.32354471e-08,2.17916726e-05
0.00127512524,11.9876333,7.40466589,6.80755047,8.27238257,11.9876262,8.27238141,1.23388324,0.677730393,11.9999876,12.0,0.0,1.85191445,0.00262978691,7.39497039e-08,5.66016537e-08,2.17916808e-05
0.00137512524,11.9876288,8.00489373,7.40754815,8.88187068,11.9876263,8.88186946,1.23388325,0.677730399,11.9999876,12.0,0.0,1.85191447,0.0026575104,2.86681049e-08,6.05863818e-08,2.1791685e-05
0.00147512524,11.9876341,8.59646653,7.99834113,9.48259346,11.9876265,9.48259215,1.23388327,0.677730409,11.9999876,12.0,0.0,1.8519145,0.00268550409,8.00174332e-08,6.55012793e-08,2.17916931e-05
0.00157512524,11.9876297,9.17884685,8.58046736,10.0739581,11.9876266,10.0739567,1.23388329,0.677730415,11.9999876,12.0,0.0,1.85191451,0.00271246416,3.58775153e-08,7.17209348e-08,2.17916972e-05
0.00167512524,11.9876351,9.75141204,9.15232428,10.6553809,11.9876268,10.6553793,1.23388331,0.677730425,11.9999876,12.0,0.0,1.85191454,0.00273950864,8.87775484e-08,8.00549282e-08,2.17917053e-05
0.00177512524,11.9876309,10.3136461,9.71428965,11.2262882,11.9876269,11.2262864,1.23388332,0.67773043,11.9999876,12.0,0.0,1.85191456,0.00276558445,4.6937477e-08,9.19638863e-08,2.17917093e-05
0.00187512524,11.9876365,10.8649438,10.2649432,11.7861164,11.9876271,11.7861144,1.23388334,0.677730441,11.9999876,12.0,0.0,1.85191459,0.00279158457,1.03347798e-07,1.11343593e-07,2.17917176e-05
0.00197512524,11.9876508,11.4047788,10.8045018,12.3343132,11.987644,12.3339419,1.23388501,0.67773128,11.9999877,12.0,0.0,1.85191714,0.00281670333,6.7487741e-08,1.68782115e-05,2.17924243e-05
0.00207512524,11.9973341,11.9157375,11.3140302,12.8703375,11.9973216,12.6570573,1.23484604,0.678211796,11.9999973,12.0,0.0,1.85337912,0.00289260175,1.25413869e-07,0.00969471052,2.22010651e-05
0.00217512524,12.0200833,12.3862601,11.7824408,13.3936603,12.017567,12.7355175,1.23685438,0.679215963,12.0000175,12.0,0.0,1.85643557,0.0030275651,2.51631817e-05,0.0299283533,2.30799389e-05
0.00227512524,12.1062954,12.6377037,12.0315693,13.9037653,12.0391186,12.7857144,1.23898898,0.680283265,12.0000391,12.0,0.0,1.85968608,0.00316478461,0.000720668898,0.0514887536,2.4052243e-05
0.00237512524,12.2181062,12.7908847,12.1827456,14.4001488,12.0607589,12.8261876,1.24112884,0.681353192,12.0000607,12.0,0.0,1.86294666,0.00330308576,0.00162077532,0.0728488865,2.5068053e-05
0.00247512524,12.3309375,12.9247072,12.3143995,14.8823212,12.0821692,12.8615044,1.24324232,0.682409933,12.0000821,12.0,0.0,1.86616915,0.00344448125,0.00248768505,0.0933794164,2.6113447e-05
0.00257512524,12.4415663,13.0506618,12.4382797,15.3498065,12.1047185,12.8944644,1.24546421,0.683520876,12.0001046,12.0,0.0,1.86955928,0.00359863851,0.00337375738,0.111623855,2.72595021e-05
0.00267512524,12.5519846,13.1711293,12.5555459,15.8021434,12.1383218,12.9371283,1.24876725,0.685172397,12.0001382,12.0,0.0,1.87460372,0.00383614239,0.00413663094,0.130227964,2.90568416e-05
0.00277512524,12.6638613,13.2887679,12.6675534,16.2388855,12.2008693,13.0069948,1.25488811,0.688232828,12.0002007,12.0,0.0,1.88396749,0.00430985021,0.00462995532,0.146904151,3.27066237e-05
0.00287512524,12.770331,13.3978599,12.7692665,16.6596018,12.2816735,13.0938319,1.26273775,0.692157645,12.0002814,12.0,0.0,1.89600992,0.00499749579,0.00488658075,0.162080454,3.8065964e-05
0.00297512524,12.8696159,13.4990524,12.8631667,17.0638771,12.3629193,13.1806445,1.27059502,0.696086279,12.0003626,12.0,0.0,1.90808492,0.00579454984,0.00507078023,0.177209374,4.43100294e-05
0.00307512524,12.9500248,13.579854,12.9372999,17.4513124,12.4387814,13.261175,1.27778211,0.699679826,12.0004383,12.0,0.0,1.91921885,0.006619372,0.0051124457,0.190461199,5.09144236e-05
0.00317512524,13.0240665,13.6544308,13.0059539,17.8215253,12.5073493,13.3341906,1.28424341,0.702910475,12.0005068,12.0,0.0,1.9292495,0.00746046448,0.00516718311,0.203970154,5.76881036e-05
0.00327512524,13.0894032,13.7201193,13.0663323,18.1741505,12.5690034,13.3999457,1.28999142,0.705784478,12.0005684,12.0,0.0,1.93821049,0.00829313852,0.00520400234,0.217009593,6.4467864e-05
0.00337512524,13.1472931,13.7782567,13.1198261,18.5088401,12.6243323,13.4590346,1.29509577,0.708336656,12.0006237,12.0,0.0,1.94620132,0.0091055453,0.00522960967,0.22953681,7.11535496e-05
0.00347512524,13.1987736,13.8299078,13.1673232,18.8252637,12.6739967,13.5121641,1.29963104,0.710604291,12.0006733,12.0,0.0,1.95333022,0.00988971356,0.00524776909,0.241504671,7.76733711e-05
0.00357512524,13.2446721,13.8759323,13.2097048,19.123109,12.7185914,13.5599287,1.30366362,0.71262058,12.0007179,12.0,0.0,1.95969396,0.0106397548,0.00526080739,0.252871931,8.39706291e-05
0.00367512524,13.2856527,13.9170002,13.2475111,19.4020821,12.7586289,13.6028745,1.30725045,0.714413995,12.0007579,12.0,0.0,1.96537565,0.0113512414,0.00527023806,0.26360042,8.99995629e-05
0.00377512524,13.3229767,13.9543986,13.2819784,19.6619076,12.795182,13.6420999,1.31051015,0.716043843,12.0007944,12.0,0.0,1.97054876,0.0120381567,0.00527795279,0.273828517,9.58532788e-05
0.00387512524,13.3554106,13.9868754,13.3119083,19.9023293,12.8271516,13.676474,1.31332226,0.717449897,12.0008263,12.0,0.0,1.97503658,0.0126594426,0.0052825924,0.283156673,0.000101208233
0.00397512524,13.3842913,14.0157892,13.3386044,20.1231098,12.8556908,13.7071749,1.31581422,0.718695879,12.0008548,12.0,0.0,1.97902552,0.013234061,0.00528600645,0.291766486,0.000106203049
0.00407512524,13.4098457,14.0413658,13.3622019,20.3240312,12.8810018,13.7344331,1.3180088,0.719793167,12.0008801,12.0,0.0,1.98254862,0.0137607602,0.00528843957,0.299636833,0.000110805519
0.00417512524,13.4322941,14.0638311,13.382966,20.5048952,12.9032791,13.7584319,1.31992801,0.720752775,12.0009024,12.0,0.0,1.98563784,0.0142365072,0.00529015091,0.306743538,0.000114993704
0.00427512524,13.4518161,14.0833636,13.4010047,20.6655233,12.9226829,13.7793542,1.32159009,0.721583816,12.0009218,12.0,0.0,1.98831957,0.0146611978,0.00529133255,0.313075566,0.000118748453
0.00437512524,13.4685557,14.1001113,13.416498,20.8057571,12.9393429,13.7973205,1.32300991,0.722293726,12.0009384,12.0,0.0,1.99061526,0.0150327818,0.00529212831,0.318615623,0.000122052859
0.00447512524,13.4826305,14.1141904,13.4295093,20.9254581,12.9533656,13.8124547,1.32419972,0.72288863,12.0009524,12.0,0.0,1.99254259,0.0153510958,0.00529264864,0.32335519,0.000124892661
0.00457512524,13.494133,14.1256965,13.4401611,21.0245082,12.9648354,13.8248329,1.3251693,0.723373418,12.0009639,12.0,0.0,1.99411563,0.0156148208,0.00529297573,0.327282571,0.000127255611
0.00467512524,13.5031365,14.1347015,13.4484853,21.1028097,12.9738193,13.8345358,1.32592644,0.72375199,12.0009728,12.0,0.0,1.99534557,0.0158237958,0.00529317218,0.33039167,0.000129131884
0.00477512524,13.5096956,14.1412621,13.4545621,21.1602853,12.9803674,13.841606,1.32647701,0.724027272,12.0009794,12.0,0.0,1.99624082,0.0159772442,0.00529328244,0.332675422,0.000130513582
0.00487512524,13.5138497,14.1454162,13.4583992,21.1968781,12.9845159,13.8460902,1.32682523,0.724201383,12.0009835,12.0,0.0,1.99680745,0.0160750579,0.00529333811,0.334130163,0.000131395105
0.00497512524,13.5156224,14.1471895,13.4600433,21.2125523,12.9862866,13.8480031,1.32697369,0.724275615,12.0009853,12.0,0.0,1.99704915,0.0161168875,0.00529335754,0.334752846,0.000131772751
0.00507512524,13.5150244,14.146591,13.4594809,21.2072922,12.9856895,13.8473623,1.32692354,0.724250538,12.0009847,12.0,0.0,1.99696756,0.0161027192,0.00529334904,0.334542317,0.000131645052
0.00517512524,13.5120517,14.1436184,13.4567295,21.181103,12.9827208,13.8441575,1.32667436,0.724125947,12.0009817,12.0,0.0,1.99656208,0.0160325629,0.00529330943,0.333499201,0.000131012448
0.00527512524,13.5066875,14.1382531,13.4517544,21.1340107,12.977365,13.8383784,1.32622431,0.723900922,12.0009764,12.0,0.0,1.99583009,0.0159065373,0.00529322562,0.331624992,0.00012987758
0.00537512524,13.4988999,14.1304643,13.4445448,21.0660617,12.9695927,13.8299888,1.32556995,0.723573743,12.0009686,12.0,0.0,1.99476666,0.0157249772,0.00529307221,0.328923842,0.000128245035
0.00547512524,13.4886422,14.1202039,13.4350417,20.977323,12.959361,13.8189491,1.32470626,0.723141897,12.0009584,12.0,0.0,1.99336458,0.0154881739,0.00529281143,0.325400118,0.000126121606
0.00557512524,13.4758502,14.1074083,13.4232025,20.8678822,12.9466113,13.8051933,1.32362639,0.722601964,12.0009457,12.0,0.0,1.99161403,0.0151967812,0.00529238947,0.321061539,0.000123516097
0.00567512524,13.4604414,14.0919932,13.4089378,20.7378473,12.931268,13.7886471,1.32232159,0.721949565,12.0009303,12.0,0.0,1.98950242,0.0148513127,0.00529173423,0.315915682,0.000120439574
0.00577512524,13.4423107,14.0738535,13.3921658,20.5873467,12.9132358,13.769207,1.32078085,0.721179192,12.0009123,12.0,0.0,1.98701389,0.0144527659,0.00529074917,0.309974084,0.000116905239
0.00587512524,13.4213276,14.0528568,13.3727551,20.4165289,12.8923968,13.7467545,1.31899063,0.720284083,12.0008915,12.0,0.0,1.98412892,0.0140019477,0.00528930748,0.30324804,0.000112928694
0.00597512524,13.3973305,14.0288407,13.3505704,20.2255624,12.8686065,13.7211352,1.31693441,0.719255974,12.0008677,12.0,0.0,1.98082361,0.0135002659,0.00528724089,0.295753418,0.000108527915
0.00607512524,13.370121,14.0016038,13.3254188,20.0146357,12.8416884,13.6921698,1.31459219,0.718084865,12.0008408,12.0,0.0,1.97706899,0.0129489345,0.00528432645,0.287506012,0.000103723583
0.00617512524,13.3394544,13.9708995,13.2970871,19.783957,12.8114281,13.6596323,1.31193975,0.716758644,12.0008106,12.0,0.0,1.97282989,0.0123499071,0.00528026437,0.278526916,9.85392191e-05
0.00627512524,13.3050295,13.9364221,13.2652881,19.5337539,12.777565,13.6232562,1.30894786,0.715262698,12.0007768,12.0,0.0,1.96806379,0.0117050064,0.00527464782,0.268837619,9.30016962e-05
0.00637512524,13.2664737,13.8977941,13.2296878,19.2642733,12.7397829,13.5827113,1.30558117,0.713579352,12.000739,12.0,0.0,1.9627192,0.0110169997,0.00526691372,0.258465861,8.71416984e-05
0.00647512524,13.2222607,13.8534679,13.188868,18.9757813,12.696782,13.5366521,1.30169628,0.711636908,12.0006961,12.0,0.0,1.95658626,0.0102673959,0.0052547872,0.24723323,8.0837092e-05
0.00657512524,13.173649,13.8047111,13.1439929,18.6685624,12.649709,13.4862691,1.2974188,0.709498167,12.0006491,12.0,0.0,1.94984927,0.00949957092,0.00523940093,0.235558899,7.44216624e-05
0.00667512524,13.1190626,13.7499224,13.0935664,18.3429199,12.5972778,13.4302406,1.29260647,0.707092007,12.0005967,12.0,0.0,1.94230023,0.00870036502,0.00521784846,0.223303757,6.78106372e-05
0.00677512524,13.0575728,13.6881418,13.0367375,17.9991752,12.5388562,13.3678992,1.28718842,0.704382981,12.0005383,12.0,0.0,1.933836,0.00787662432,0.00518716779,0.210512754,6.10676091e-05
0.00687512524,12.9880311,13.6181746,12.9723462,17.6376675,12.47379,13.2985777,1.2810897,0.70133362,12.0004733,12.0,0.0,1.92434834,0.00703793552,0.00514241556,0.197231634,5.42762055e-05
0.00697512524,12.9090748,13.5385669,12.899042,17.2587535,12.4016034,13.2217505,1.27425065,0.697914096,12.0004012,12.0,0.0,1.91375368,0.00619865015,0.00507472837,0.183500548,4.75546168e-05
0.00707512524,12.8192924,13.4477292,12.8151863,16.8628072,12.3226295,13.1377031,1.26668903,0.694133288,12.0003223,12.0,0.0,1.90208791,0.00538214039,0.00496667938,0.169323565,4.10874901e-05
0.00717512524,12.7179654,13.3445267,12.7194347,16.4502194,12.2399838,13.0494112,1.25869641,0.690136978,12.0002397,12.0,0.0,1.88980489,0.00463137487,0.00478003398,0.154583561,3.52053018e-05
0.00727512524,12.6076749,13.2304147,12.6121296,16.0213971,12.1656912,12.9685725,1.25145011,0.686513828,12.0001655,12.0,0.0,1.87870534,0.0040376883,0.00441984241,0.138764758,3.06035776e-05
0.00737512524,12.4961933,13.1112335,12.4973942,15.5767637,12.1186983,12.9134866,1.24683954,0.684208544,12.0001186,12.0,0.0,1.87165901,0.00369635477,0.0037749575,0.121058056,2.79939682e-05
0.00747512524,12.3860803,12.9887479,12.3773537,15.1167579,12.092983,12.8777491,1.24430859,0.682943067,12.0000929,12.0,0.0,1.86779562,0.00351783145,0.00293369412,0.101787305,2.66572897e-05
0.00757512524,12.2743649,12.8590886,12.2497884,14.6418337,12.0714379,12.8438746,1.24218346,0.681880504,12.0000714,12.0,0.0,1.86455441,0.00337299314,0.00203305451,0.0817462751,2.55843643e-05
0.00767512524,12.1614536,12.7174167,12.1101903,14.1524598,12.0499209,12.8065951,1.24005759,0.680817569,12.0000499,12.0,0.0,1.8613141,0.00323328813,0.00112644561,0.0612187673,2.45542701e-05
0.00777512524,12.0529748,12.545517,11.9404462,13.6491191,12.0281572,12.7628959,1.23790373,0.679740637,12.0000281,12.0,0.0,1.85803324,0.00309607296,0.000299931302,0.0403931842,2.35529003e-05
0.00787512524,12.0073344,12.1554493,11.5526226,13.1323083,12.0070641,12.7047423,1.23581286,0.678695206,12.0000071,12.0,0.0,1.85485029,0.00295747597,2.79507869e-06,0.0194377801,2.26199005e-05
0.0079356268,11.9949126,11.8642734,11.2627994,12.8133041,11.9951913,12.6468263,1.23463456,0.678106052,11.9999952,12.0,0.0,1.85305736,0.00287863851,-2.78770103e-06,0.0075673059,2.21104858e-05
0.00797286806,11.9896969,11.6769283,11.0761361,12.6146346,11.989443,12.5747414,1.23406371,0.677820627,11.9999895,12.0,0.0,1.85218895,0.00283899509,2.53927307e-06,0.00181341128,2.1867833e-05
0.00800726132,11.987485,11.4993625,10.8989078,12.4296239,11.9877632,12.4265684,1.23389685,0.6777372,11.9999878,12.0,0.0,1.85193515,0.00282175689,-2.78270961e-06,0.000139078305,2.17974124e-05
0.00802513031,11.9878454,11.4027034,10.8023283,12.3329276,11.9875918,12.3337592,1.23387983,0.677728687,11.9999876,12.0,0.0,1.85190925,0.00281632557,2.53570871e-06,-3.77997944e-05,2.17902395e-05
0.00803890444,11.9873995,11.3306171,10.7303076,12.2581248,11.9876763,12.25698,1.23388822,0.677732884,11.9999877,12.0,0.0,1.85192202,0.00281339931,-2.76796005e-06,5.31542733e-05,2.17937761e-05
0.00805199745,11.9878323,11.2588299,10.6585762,12.1868081,11.9875795,12.1879097,1.2338786,0.677728075,11.9999876,12.0,0.0,1.85190739,0.00280952706,2.52798868e-06,-5.00744447e-05,2.17897242e-05
0.00807818348,11.987397,11.1193159,10.5191795,12.0435573,11.9876728,12.0424888,1.23388787,0.67773271,11.9999877,12.0,0.0,1.85192149,0.00280349882,-2.75403426e-06,5.04970529e-05,2.17936295e-05
0.00813055552,11.9878311,10.8332189,10.233316,11.7546204,11.9875785,11.7557421,1.2338785,0.677728024,11.9999876,12.0,0.0,1.85190724,0.0027896336,2.53302895e-06,-5.07482856e-05,2.17896816e-05
0.00823055552,11.9873997,10.2828207,9.68337603,11.1941478,11.9876745,11.1930376,1.23388804,0.677732794,11.9999877,12.0,0.0,1.85192175,0.00276447032,-2.73773051e-06,5.04906985e-05,2.1793701e-05
0.00833055552,11.9878323,9.71844044,9.11946721,10.622628,11.9875785,10.6237441,1.2338785,0.677728023,11.9999876,12.0,0.0,1.85190724,0.00273755509,2.54614147e-06,-5.07165287e-05,2.17896819e-05
0.00843055552,11.9874011,9.14684041,8.54835373,10.040625,11.9876743,10.0395144,1.23388802,0.677732781,11.9999877,12.0,0.0,1.85192171,0.00271130805,-2.72573508e-06,5.050898e-05,2.17936911e-05
0.00853055552,11.9878331,8.56237691,7.96438823,9.44871302,11.9875782,9.44982912,1.23387847,0.677728009,11.9999876,12.0,0.0,1.85190719,0.00268346151,2.55378687e-06,-5.07008517e-05,2.17896709e-05
0.00863055552,11.9874018,7.97183884,7.37436301,8.84747633,11.987674,8.84636506,1.23388799,0.677732768,11.9999877,12.0,0.0,1.85192167,0.00265631921,-2.7176626e-06,5.0518714e-05,2.17936813e-05
0.00873055552,11.9878335,7.36959167,6.77263976,8.23750826,11.987578,8.23862357,1.23387845,0.677727995,11.9999876,12.0,0.0,1.85190716,0.00262765027,2.5589161e-06,-5.06909078e-05,2.17896608e-05
0.00883055552,11.9874023,6.76245212,6.16603875,7.61941075,11.9876738,7.6182993,1.23388797,0.677732753,11.9999877,12.0,0.0,1.85192163,0.00259972144,-2.71162778e-06,5.05249165e-05,2.179367e-05
0.00893055552,11.9878336,6.14479149,5.54892729,6.99379381,11.9875777,6.99490894,1.23387842,0.67772798,11.9999876,12.0,0.0,1.85190711,0.00257034133,2.56268073e-06,-5.06837258e-05,2.17896492e-05
0.00903055552,11.9874025,5.52345264,4.92815194,6.36127484,11.9876735,6.36016327,1.23388794,0.677732738,11.9999877,12.0,0.0,1.85192159,0.00254173822,-2.70679511e-06,5.05293113e-05,2.17936583e-05
0.00913055552,11.9878337,4.89280975,4.29808268,5.72247806,11.9875774,5.72359304,1.23387839,0.677727964,11.9999876,12.0,0.0,1.85190707,0.00251176101,2.56562894e-06,-5.06781045e-05,2.17896372e-05
0.00923055552,11.9874027,4.25972991,3.66559047,5.07803388,11.9876732,5.07692222,1.23388791,0.677732722,11.9999877,12.0,0.0,1.85192154,0.00248259842,-2.70273164e-06,5.05326621e-05,2.17936462e-05
0.00933055552,11.9878337,3.61858726,3.02504499,4.4285783,11.9875771,4.42969317,1.23387836,0.677727948,11.9999876,12.0,0.0,1.85190702,0.00245214051,2.56805647e-06,-5.06734556e-05,2.17896249e-05
0.00943055552,11.9874028,2.97627111,2.38333963,3.77475225,11.9876728,3.77364051,1.23388788,0.677732706,11.9999877,12.0,0.0,1.85192149,0.00242253544,-2.69918856e-06,5.05353621e-05,2.17936339e-05
0.00953055552,11.9878336,2.32715267,1.73484088,3.11720097,11.9875767,3.11831573,1.23387833,0.677727932,11.9999876,12.0,0.0,1.85190697,0.00239171514,2.57013722e-06,-5.06694534e-05,2.17896124e-05
0.00963055552,11.9874028,1.67814135,1.08646241,2.45657338,11.9876725,2.45546159,1.23388784,0.677732689,11.9999877,12.0,0.0,1.85192145,0.00236178632,-2.69601187e-06,5.05376349e-05,2.17936213e-05
0.00973055552,11.9878335,1.02360258,0.432564666,1.79352146,11.9875764,1.79463615,1.2338783,0.677727915,11.9999876,12.0,0.0,1.85190692,0.00233072339,2.57198011e-06,-5.06659018e-05,2.17895997e-05
0.00983055552,11.987406,0.675600675,0.109300588,1.12869955,11.987671,1.12758768,1.23275737,0.664799324,11.9999877,12.0,0.0,1.85085585,0.00137568718,-2.64988562e-06,5.05396176e-05,3.43961765e-05
0.00993055552,11.9878246,0.443814863,0.0234640736,0.462763749,11.9875657,0.463878328,1.22478562,0.623836824,11.9999876,12.0,0.0,1.84333619,5.48325346e-05,2.58892857e-06,-5.06626739e-05,0.000123155431
0.00997391669,11.9873901,0.171088983,0.019207146,0.173825677,11.9876607,0.172713791,1.22403949,0.621378593,11.9999877,12.0,0.0,1.84263841,1.09981395e-05,-2.70512713e-06,5.05402897e-05,0.00013158346
0.0100112636,11.9878228,-0.0722616432,0.0170167573,-0.0750638995,11.9875642,-0.0739493775,1.22362634,0.620096521,11.9999876,12.0,0.0,1.84224345,-1.10774151e-05,2.58636539e-06,-5.06600842e-05,0.000136079025
0.010048481,11.9873897,-0.325721376,0.0191940498,-0.323080275,11.9876605,-0.324192133,1.22404284,0.621374642,11.9999877,12.0,0.0,1.84264156,1.07397684e-05,-2.70800106e-06,5.05394399e-05,0.000131620619
0.0101001789,11.9878231,-0.66472304,0.0170354467,-0.667514425,11.9875641,-0.666399946,1.22363542,0.620111027,11.9999876,12.0,0.0,1.84225201,-1.1032946e-05,2.59056897e-06,-5.06575745e-05,0.000136050506
0.0102001789,11.9873894,-1.33582967,0.0191968543,-1.33317779,11.9876603,-1.33428966,1.22404328,0.621376253,11.9999877,12.0,0.0,1.84264196,1.07671678e-05,-2.70826261e-06,5.05402392e-05,0.000131614666
0.0103001789,11.9878231,-1.994745,0.0170384347,-1.99752548,11.9875638,-1.99641105,1.22363595,0.620112761,11.9999876,12.0,0.0,1.84225249,-1.0996009e-05,2.59410587e-06,-5.06547442e-05,0.000136044188
0.0104001789,11.9873891,-2.66255921,0.0191983759,-2.65990184,11.98766,-2.66101374,1.22404353,0.62137712,11.9999877,12.0,0.0,1.84264217,1.07846626e-05,-2.7074038e-06,5.0541788e-05,0.00013161149
0.0105001789,11.9878231,-3.31688259,0.0170410549,-3.31965321,11.9875634,-3.31853885,1.22363641,0.620114278,11.9999876,12.0,0.0,1.84225291,-1.09756851e-05,2.59746675e-06,-5.06520581e-05,0.000136038628
0.0106001789,11.9873889,-3.97879513,0.0192010591,-3.97612848,11.9876597,-3.97724041,1.22404399,0.621378668,11.9999877,12.0,0.0,1.84264259,1.07938654e-05,-2.70659221e-06,5.05432604e-05,0.000131605968
0.0107001789,11.9878231,-4.62591895,0.0170436846,-4.62867979,11.9875631,-4.62756548,1.22363688,0.620115803,11.9999876,12.0,0.0,1.84225333,-1.09617458e-05,2.60068946e-06,-5.06494831e-05,0.00013603306
0.0108001789,11.9873887,-5.27933259,0.0192017802,-5.27666315,11.9876593,-5.27777512,1.22404408,0.621379068,11.9999877,12.0,0.0,1.84264266,1.07995395e-05,-2.70580892e-06,5.05446784e-05,0.000131604416
0.0109001789,11.9878231,-5.91668327,0.0170448782,-5.91943908,11.9875628,-5.91832483,1.22363708,0.620116487,11.9999876,12.0,0.0,1.8422535,-1.09510596e-05,2.6038009e-06,-5.06469948e-05,0.000136030491
0.0110001789,11.9873885,-6.55904459,0.0192022558,-6.55637324,11.987659,-6.55748524,1.22404414,0.62137933,11.9999877,12.0,0.0,1.8426427,1.08033825e-05,-2.70504087e-06,5.05460585e-05,0.000131603377
0.0111001789,11.9878231,-7.18408542,0.0170458269,-7.18683705,11.9875625,-7.18572286,1.22363723,0.620117028,11.9999876,12.0,0.0,1.84225362,-1.09422962e-05,2.6068231e-06,-5.06445743e-05,0.000136028436
0.0112001789,11.9873883,-7.81288109,0.019202589,-7.81020832,11.9876587,-7.81132035,1.22404417,0.621379509,11.9999877,12.0,0.0,1.84264271,1.08061604e-05,-2.70427849e-06,5.05474127e-05,0.000131602629
0.0113001789,11.9878231,-8.42312389,0.0170466236,-8.42587186,11.9875622,-8.42475772,1.22363735,0.620117481,11.9999876,12.0,0.0,1.84225372,-1.09347802e-05,2.60977298e-06,-5.06422071e-05,0.0001360267
0.0114001789,11.987388,-9.03589397,0.019202836,-9.03322008,11.9876584,-9.03433214,1.22404419,0.621379638,11.9999877,12.0,0.0,1.84264271,1.08082712e-05,-2.70351491e-06,5.05487502e-05,0.000131602058
0.0115001789,11.9878232,-9.62890892,0.0170473186,-9.6316536,11.9875619,-9.63053951,1.22363745,0.620117874,11.9999876,12.0,0.0,1.8422538,-1.09281266e-05,2.61266396e-06,-5.06398818e-05,0.000136025178
0.0116001789,11.9873878,-10.2232567,0.0192030276,-10.2205818,11.9876582,-10.2216939,1.2240442,0.621379736,11.9999877,12.0,0.0,1.8426427,1.08099428e-05,-2.70274524e-06,5.05500777e-05,0.000131601603
0.0117001789,11.9878232,-10.796682,0.0170479417,-10.7994236,11.9875616,-10.7983096,1.22363754,0.620118225,11.9999876,12.0,0.0,1.84225387,-1.09220966e-05,2.61550681e-06,-5.06375895e-05,0.00013602381
0.0118001789,11.9873876,-11.3702833,0.0192031818,-11.3676076,11.9876579,-11.3687198,1.2240442,0.621379812,11.9999877,12.0,0.0,1.84264269,1.08113146e-05,-2.70196601e-06,5.05514005e-05,0.000131601226
0.0119001789,11.9878232,-11.9218344,0.0170485119,-11.9245732,11.9875614,-11.9234592,1.22363762,0.620118546,11.9999876,12.0,0.0,1.84225393,-1.09165333e-05,2.61831022e-06,-5.0635323e-05,0.000136022554
0.0120001789,11.9873875,-12.4724471,0.0192033101,-12.4697707,11.9876576,-12.4708828,1.2240442,0.621379874,11.9999877,12.0,0.0,1.84264267,1.08124763e-05,-2.70117491e-06,5.05527222e-05,0.000131600904
0.0121001789,11.9878232,-12.9999259,0.017049042,-13.002662,11.9875611,-13.0015481,1.2236377,0.620118844,11.9999876,12.0,0.0,1.84225399,-1.09113285e-05,2.62108125e-06,-5.06330767e-05,0.000136021385
0.0122001789,11.9873873,-13.5253983,0.0192034199,-13.5227212,11.9876574,-13.5238334,1.2240442,0.621379926,11.9999877,12.0,0.0,1.84264265,1.08134882e-05,-2.70037043e-06,5.05540458e-05,0.000131600623
0.0123001789,11.9878232,-14.0267017,0.0170495409,-14.0294352,11.9875609,-14.0283213,1.22363777,0.620119125,11.9999876,12.0,0.0,1.84225404,-1.09064045e-05,2.62382571e-06,-5.0630846e-05,0.000136020284
0.0124001789,11.9873871,-14.5249814,0.0192035163,-14.5223038,11.9876571,-14.523416,1.22404419,0.621379971,11.9999877,12.0,0.0,1.84264264,1.08143918e-05,-2.69955172e-06,5.05553732e-05,0.000131600371
0.0125001789,11.9878233,-14.9981096,0.0170500152,-15.0008406,11.9875606,-14.9997268,1.22363784,0.620119391,11.9999876,12.0,0.0,1.84225409,-1.09017042e-05,2.62654833e-06,-5.06286273e-05,0.000136019237
0.0126001789,11.987387,-15.4672517,0.0192036029,-15.4645734,11.9876569,-15.4656857,1.22404419,0.62138001,11.9999877,12.0,0.0,1.84264262,1.08152163e-05,-2.69871847e-06,5.05567059e-05,0.000131600143
0.0127001789,11.9878233,-15.910316,0.0170504698,-15.9130446,11.9875604,-15.9119308,1.2236379,0.620119647,11.9999876,12.0,0.0,1.84225414,-1.0897184e-05,2.62925306e-06,-5.06264177e-05,0.000136018235
0.0128001789,11.9873869,-16.3484903,0.0192036823,-16.3458115,11.9876567,-16.3469238,1.22404418,0.621380046,11.9999877,12.0,0.0,1.8426426,1.08159831e-05,-2.69787075e-06,5.05580447e-05,0.000131599933
0.0129001789,11.9878234,-16.7597208,0.0170509084,-16.7624471,11.9875602,-16.7613333,1.22363797,0.620119894,11.9999876,12.0,0.0,1.84225419,-1.08928104e-05,2.63194312e-06,-5.06242149e-05,0.00013601727
0.0130001789,11.9873868,-17.1652195,0.0192037562,-17.1625401,11.9876565,-17.1636524,1.22404418,0.62138008,11.9999877,12.0,0.0,1.84264258,1.08167073e-05,-2.69700895e-06,5.05593902e-05,0.000131599737
0.0131001789,11.9878235,-17.5429719,0.017051334,-17.5456958,11.98756,-17.5445821,1.22363803,0.620120134,11.9999876,12.0,0.0,1.84225424,-1.08885566e-05,2.63462121e-06,-5.06220171e-05,0.000136016335
0.0132001789,11.9873867,-17.9142159,0.019203826,-17.911536,11.9876563,-17.9126483,1.22404417,0.621380112,11.9999877,12.0,0.0,1.84264257,1.08174005e-05,-2.69613372e-06,5.05607425e-05,0.000131599553
0.0133001789,11.9878236,-18.256978,0.0170517489,-18.2596997,11.9875599,-18.258586,1.22363809,0.620120368,11.9999876,12.0,0.0,1.84225429,-1.08844014e-05,2.63728955e-06,-5.06198229e-05,0.000136015427
0.0134001789,11.9873866,-18.5925237,0.0192038927,-18.5898432,11.9876561,-18.5909556,1.22404417,0.621380143,11.9999877,12.0,0.0,1.84264256,1.0818071e-05,-2.69524592e-06,5.05621015e-05,0.00013159938
0.0135001789,11.9878237,-18.8989215,0.0170521549,-18.9016409,11.9875597,-18.9005273,1.22363815,0.620120599,11.9999876,12.0,0.0,1.84225433,-1.0880327e-05,2.63994998e-06,-5.0617631e-05,0.000136014542
0.0136001789,11.9873866,-19.1974658,0.0192039571,-19.1947849,11.987656,-19.1958973,1.22404417,0.621380173,11.9999877,12.0,0.0,1.84264255,1.08187252e-05,-2.69434658e-06,5.0563467e-05,0.000131599215
0.0137001789,11.9878238,-19.4662687,0.0170525537,-19.4689859,11.9875596,-19.4678724,1.22363822,0.620120825,11.9999876,12.0,0.0,1.84225439,-1.08763189e-05,2.64260406e-06,-5.06154408e-05,0.000136013675
0.0138001789,11.9873865,-19.7266549,0.0192040196,-19.7239734,11.9876559,-19.7250859,1.22404417,0.621380203,11.9999877,12.0,0.0,1.84264254,1.08193676e-05,-2.69343684e-06,5.05648385e-05,0.000131599057
0.0139001789,11.987824,-19.9567808,0.0170529466,-19.9594958,11.9875595,-19.9583823,1.22363828,0.620121049,11.9999876,12.0,0.0,1.84225444,-1.08723647e-05,2.64525305e-06,-5.06132516e-05,0.000136012825
0.0140001789,11.9873865,-20.1780025,0.0192040808,-20.1753205,11.9876558,-20.176433,1.22404417,0.621380233,11.9999877,12.0,0.0,1.84264253,1.08200018e-05,-2.69251796e-06,5.05662153e-05,0.000131598907
0.0141001789,11.9878242,-20.3685218,0.0170533347,-20.3712346,11.9875594,-20.3701212,1.22363834,0.620121271,11.9999876,12.0,0.0,1.84225449,-1.08684538e-05,2.64789802e-06,-5.0611063e-05,0.000136011989
0.0142001789,11.9873865,-20.5497274,0.0192041409,-20.5470448,11.9876557,-20.5481573,1.22404417,0.621380263,11.9999877,12.0,0.0,1.84264253,1.08206303e-05,-2.6915913e-06,5.05675968e-05,0.000131598763
0.0143001789,11.9878243,-20.6998669,0.017053719,-20.7025775,11.9875593,-20.7014641,1.2236384,0.620121492,11.9999876,12.0,0.0,1.84225455,-1.08645767e-05,2.65053989e-06,-5.06088746e-05,0.000136011166
0.0144001789,11.9873865,-20.8403624,0.0192042002,-20.8376793,11.9876556,-20.8387918,1.22404417,0.621380293,11.9999877,12.0,0.0,1.84264253,1.08212551e-05,-2.69065825e-06,5.05689821e-05,0.000131598624
0.0145001789,11.9878245,-20.9495083,0.0170541004,-20.9522168,11.9875592,-20.9511034,1.22363847,0.620121712,11.9999876,12.0,0.0,1.84225461,-1.08607251e-05,2.65317942e-06,-5.06066862e-05,0.000136010353
0.0146001789,11.9873866,-21.0487606,0.0192042587,-21.046077,11.9876556,-21.0471895,1.22404418,0.621380324,11.9999877,12.0,0.0,1.84264253,1.08218776e-05,-2.68972028e-06,5.05703704e-05,0.000131598492
0.0147001789,11.9878248,-21.1164609,0.0170544795,-21.1191672,11.9875592,-21.1180539,1.22363854,0.620121931,11.9999876,12.0,0.0,1.84225467,-1.08568914e-05,2.65581729e-06,-5.06044979e-05,0.000136009549
0.0148001789,11.9873867,-21.1740996,0.0192043167,-21.1714154,11.9876555,-21.172528,1.22404418,0.621380356,11.9999877,12.0,0.0,1.84264254,1.0822499e-05,-2.68877887e-06,5.05717607e-05,0.000131598365
0.0149001789,11.987825,-21.2000658,0.0170548572,-21.20277,11.9875592,-21.2016567,1.2236386,0.62012215,11.9999876,12.0,0.0,1.84225473,-1.08530683e-05,2.65845411e-06,-5.06023095e-05,0.000136008753
0.0150001789,11.9873867,-21.2158846,0.0192043743,-21.2132,11.9876555,-21.2143126,1.22404419,0.621380388,11.9999877,12.0,0.0,1.84264254,1.082312e-05,-2.68783556e-06,5.0573152e-05,0.000131598243
0.0151001789,11.9878253,-21.199993,0.0170552342,-21.2026951,11.9875592,-21.2015819,1.22363867,0.62012237,11.9999876,12.0,0.0,1.84225479,-1.08492489e-05,2.66109043e-06,-5.0600121e-05,0.000136007962
0.0152001789,11.9873868,-21.1739509,0.0192044314,-21.1712657,11.9876555,-21.1723783,1.2240442,0.621380421,11.9999877,12.0,0.0,1.84264255,1.08237415e-05,-2.68689185e-06,5.05745434e-05,0.000131598127
0.0153001789,11.9878256,-21.1162429,0.0170556111,-21.1189428,11.9875592,-21.1178297,1.22363874,0.62012259,11.9999876,12.0,0.0,1.84225486,-1.08454264e-05,2.6637268e-06,-5.05979324e-05,0.000136007177
0.0154001789,11.987387,-21.0484638,0.0192044882,-21.0457781,11.9876556,-21.0468908,1.22404421,0.621380454,11.9999877,12.0,0.0,1.84264257,1.08243643e-05,-2.68594929e-06,5.0575934e-05,0.000131598015
0.0155001789,11.9878259,-20.9491459,0.0170559885,-20.9518438,11.9875593,-20.9507307,1.22363882,0.620122812,11.9999876,12.0,0.0,1.84225493,-1.0841594e-05,2.66636378e-06,-5.05957437e-05,0.000136006394
0.0156001789,11.9873871,-20.8399186,0.0192045448,-20.8372325,11.9876556,-20.8383452,1.22404422,0.621380488,11.9999877,12.0,0.0,1.84264258,1.08249894e-05,-2.68500937e-06,5.05773227e-05,0.000131597908
0.0157001789,11.9878262,-20.6993616,0.0170563673,-20.7020573,11.9875593,-20.7009443,1.22363889,0.620123035,11.9999876,12.0,0.0,1.84225501,-1.08377444e-05,2.66900197e-06,-5.05935549e-05,0.000136005614
0.0158001789,11.9873873,-20.5491385,0.0192046011,-20.5464518,11.9876557,-20.5475645,1.22404424,0.621380523,11.9999877,12.0,0.0,1.8426426,1.08256177e-05,-2.68407359e-06,5.05787086e-05,0.000131597806
0.0159001789,11.9878266,-20.3678758,0.0170567481,-20.3705693,11.9875594,-20.3694563,1.22363897,0.620123261,11.9999876,12.0,0.0,1.84225509,-1.083387e-05,2.67164202e-06,-5.05913659e-05,0.000136004833
0.0160001789,11.9873875,-20.1772708,0.0192046575,-20.1745836,11.9876558,-20.1756964,1.22404426,0.621380558,11.9999877,12.0,0.0,1.84264262,1.08262507e-05,-2.6831434e-06,5.05800909e-05,0.000131597708
0.0161001789,11.9878269,-19.9559966,0.0170571317,-19.958688,11.9875595,-19.9575751,1.22363905,0.620123489,11.9999876,12.0,0.0,1.84225517,-1.08299624e-05,2.67428471e-06,-5.05891764e-05,0.000136004051
0.0162001789,11.9873877,-19.7257833,0.0192047139,-19.7230956,11.9876559,-19.7242084,1.22404427,0.621380595,11.9999877,12.0,0.0,1.84264264,1.08268905e-05,-2.68222018e-06,5.05814686e-05,0.000131597614
0.0163001789,11.9878273,-19.4653496,0.017057519,-19.4680389,11.9875596,-19.466926,1.22363913,0.620123719,11.9999876,12.0,0.0,1.84225525,-1.08260123e-05,2.6769309e-06,-5.05869863e-05,0.000136003266
0.0164001789,11.9873879,-19.1964578,0.0192047707,-19.1937695,11.987656,-19.1948824,1.22404429,0.621380632,11.9999877,12.0,0.0,1.84264267,1.08275396e-05,-2.68130528e-06,5.05828412e-05,0.000131597524
0.0165001789,11.9878277,-18.8978712,0.017057911,-18.9005583,11.9875598,-18.8994454,1.22363921,0.620123954,11.9999876,12.0,0.0,1.84225534,-1.0822009e-05,2.67958165e-06,-5.0584795e-05,0.000136002474
0.0166001789,11.9873881,-18.5913832,0.019204828,-18.5886944,11.9876562,-18.5898073,1.22404431,0.621380671,11.9999877,12.0,0.0,1.8426427,1.08282016e-05,-2.68039993e-06,5.05842079e-05,0.000131597436
0.0167001789,11.9878282,-18.2558009,0.0170583088,-18.2584858,11.9875599,-18.257373,1.2236393,0.620124192,11.9999876,12.0,0.0,1.84225543,-1.08179404e-05,2.6822382e-06,-5.05826019e-05,0.000136001675
0.0168001789,11.9873884,-17.9129475,0.0192048862,-17.9102583,11.9876563,-17.9113711,1.22404434,0.62138071,11.9999877,12.0,0.0,1.84264273,1.08288812e-05,-2.67950526e-06,5.05855684e-05,0.00013159735
0.0169001789,11.9878286,-17.5416728,0.0170587137,-17.5443554,11.9875601,-17.5432427,1.22363939,0.620124435,11.9999876,12.0,0.0,1.84225552,-1.08137917e-05,2.68490207e-06,-5.05804063e-05,0.000136000864
0.0170001789,11.9873887,-17.1638282,0.0192049459,-17.1611385,11.9876565,-17.1622514,1.22404436,0.621380752,11.9999877,12.0,0.0,1.84264276,1.08295846e-05,-2.67862227e-06,5.05869222e-05,0.000131597264
0.0171001789,11.9878291,-16.7583051,0.0170591274,-16.7609855,11.9875603,-16.7598728,1.22363948,0.620124684,11.9999876,12.0,0.0,1.84225562,-1.08095456e-05,2.68757505e-06,-5.0578207e-05,0.000136000039
0.0172001789,11.9873889,-16.3469817,0.0192050078,-16.3442915,11.9876567,-16.3454044,1.22404439,0.621380795,11.9999877,12.0,0.0,1.8426428,1.08303205e-05,-2.67775177e-06,5.05882694e-05,0.000131597178
0.0173001789,11.9878295,-15.9087895,0.0170595518,-15.9114676,11.9875605,-15.910355,1.22363958,0.62012494,11.9999876,12.0,0.0,1.84225572,-1.08051806e-05,2.69025932e-06,-5.05760025e-05,0.000135999195
0.0174001789,11.9873892,-15.4656318,0.0192050727,-15.4629411,11.9876569,-15.464054,1.22404442,0.62138084,11.9999877,12.0,0.0,1.84264284,1.08311004e-05,-2.67689438e-06,5.05896101e-05,0.000131597089
0.0175001789,11.98783,-14.9964787,0.0170599892,-14.9991545,11.9875608,-14.9980418,1.22363968,0.620125205,11.9999876,12.0,0.0,1.84225583,-1.08006703e-05,2.69295752e-06,-5.05737912e-05,0.000135998327
0.0176001789,11.9873896,-14.5232567,0.0192051419,-14.5205655,11.9876572,-14.5216785,1.22404445,0.621380889,11.9999877,12.0,0.0,1.84264288,1.08319396e-05,-2.67605045e-06,5.05909447e-05,0.000131596994
0.0177001789,11.9878305,-14.0249731,0.0170604427,-14.0276465,11.987561,-14.0265339,1.22363978,0.620125479,11.9999876,12.0,0.0,1.84225594,-1.07959811e-05,2.69567282e-06,-5.05715707e-05,0.000135997428
0.0178001789,11.9873899,-13.5235756,0.0192052171,-13.5208839,11.9876574,-13.5219969,1.22404448,0.621380942,11.9999877,12.0,0.0,1.84264292,1.08328595e-05,-2.67521999e-06,5.05922742e-05,0.00013159689
0.0179001789,11.9878311,-12.9981069,0.0170609161,-13.0007778,11.9875613,-12.9996653,1.22363989,0.620125765,11.9999876,12.0,0.0,1.84225606,-1.07910698e-05,2.69840907e-06,-5.0569338e-05,0.00013599649
0.0180001789,11.9873902,-12.4705338,0.0192053007,-12.4678415,11.9876577,-12.4689546,1.22404451,0.621381,11.9999877,12.0,0.0,1.84264297,1.08338897e-05,-2.67440262e-06,5.05936e-05,0.000131596771
0.0181001789,11.9878316,-11.9199327,0.0170614143,-11.922601,11.9875615,-11.9214885,1.22364,0.620126067,11.9999876,12.0,0.0,1.84225618,-1.07858792e-05,2.70117094e-06,-5.05670897e-05,0.000135995504
0.0182001789,11.9873906,-11.3682872,0.019205396,-11.3655943,11.9876579,-11.3667073,1.22404455,0.621381065,11.9999877,12.0,0.0,1.84264302,1.0835072e-05,-2.67359742e-06,5.05949241e-05,0.000131596631
0.0183001789,11.9878322,-10.7947054,0.0170619442,-10.7973711,11.9875618,-10.7962586,1.22364012,0.620126387,11.9999876,12.0,0.0,1.84225631,-1.07803321e-05,2.70396412e-06,-5.0564821e-05,0.000135994453
0.0184001789,11.9873909,-10.2211858,0.0192055078,-10.2184922,11.9876582,-10.2196053,1.22404459,0.621381141,11.9999877,12.0,0.0,1.84264308,1.08364667e-05,-2.67280279e-06,5.05962493e-05,0.00013159646
0.0185001789,11.9878327,-9.62686609,0.0170625147,-9.62952891,11.9875621,-9.62841652,1.22364025,0.620126731,11.9999876,12.0,0.0,1.84225645,-1.07743205e-05,2.70679558e-06,-5.05625265e-05,0.00013599332
0.0186001789,11.9873913,-9.03375669,0.0192056431,-9.03106243,11.9876585,-9.03217557,1.22404464,0.62138123,11.9999877,12.0,0.0,1.84264314,1.08381643e-05,-2.6720163e-06,5.05975794e-05,0.000131596242
0.0187001789,11.9878333,-8.42102358,0.0170631391,-8.42368338,11.9875624,-8.42257105,1.22364039,0.620127108,11.9999876,12.0,0.0,1.8422566,-1.07676877e-05,2.70967385e-06,-5.05601989e-05,0.000135992075
0.0188001789,11.9873916,-7.81068627,0.0192058128,-7.80799118,11.9876588,-7.80910434,1.22404469,0.62138134,11.9999877,12.0,0.0,1.84264321,1.08403047e-05,-2.67123437e-06,5.05989195e-05,0.000131595957
0.0189001789,11.9878339,-7.1819369,0.0170638369,-7.18459343,11.9875627,-7.18348114,1.22364054,0.620127527,11.9999876,12.0,0.0,1.84225676,-1.07601957e-05,2.71260955e-06,-5.05578293e-05,0.000135990679
0.0190001789,11.987392,-6.55680144,0.019206034,-6.55410535,11.9876591,-6.55521854,1.22404476,0.62138148,11.9999877,12.0,0.0,1.84264328,1.08431166e-05,-2.67045192e-06,5.06002765e-05,0.000131595568
0.0191001789,11.9878345,-5.91449628,0.0170646385,-5.91714916,11.987563,-5.91603693,1.22364072,0.620128007,11.9999876,12.0,0.0,1.84225694,-1.07514597e-05,2.71561589e-06,-5.05554063e-05,0.000135989067
0.0192001789,11.9873924,-5.27705082,0.0192063359,-5.27435346,11.9876594,-5.27546669,1.22404484,0.621381667,11.9999877,12.0,0.0,1.84264338,1.08469995e-05,-2.66966189e-06,5.06016594e-05,0.000131595016
0.0193001789,11.9878351,-4.62370391,0.0170655955,-4.62635262,11.9875633,-4.62524044,1.22364092,0.620128579,11.9999876,12.0,0.0,1.84225715,-1.07408051e-05,2.71870955e-06,-5.05529155e-05,0.00013598713
0.0194001789,11.9873928,-3.97648519,0.0192067723,-3.97378612,11.9876598,-3.97489937,1.22404494,0.621381933,11.9999877,12.0,0.0,1.84264349,1.08527221e-05,-2.66885449e-06,5.06030803e-05,0.000131594192
0.0195001789,11.9878358,-3.31465431,0.0170668036,-3.31729797,11.9875637,-3.31618584,1.22364117,0.620129296,11.9999876,12.0,0.0,1.84225741,-1.07269032e-05,2.72191183e-06,-5.0550338e-05,0.000135984668
0.0196001789,11.9873932,-2.66023768,0.0192074548,-2.65753605,11.9876601,-2.65864933,1.22404509,0.621382341,11.9999877,12.0,0.0,1.84264365,1.08619877e-05,-2.66801613e-06,5.06045556e-05,0.000131592869
0.0197001789,11.9878364,-1.99251441,0.0170684699,-1.99515146,11.987564,-1.99403939,1.2236415,0.620130282,11.9999876,12.0,0.0,1.84225774,-1.07066185e-05,2.72525029e-06,-5.05476492e-05,0.000135981247
0.0198001789,11.9873936,-1.33350385,0.0192086646,-1.3307979,11.9876604,-1.33191121,1.22404533,0.621383057,11.9999877,12.0,0.0,1.8426439,1.08795753e-05,-2.66712785e-06,5.06061075e-05,0.000131590474
0.0199001789,11.9878371,-0.662504054,0.0170711706,-0.665131002,11.9875643,-0.664018992,1.22364203,0.620131871,11.9999876,12.0,0.0,1.84225826,-1.06696972e-05,2.7287612e-06,-5.05448163e-05,0.00013597566
0.0200001789,11.9873941,-0.00153704846,0.019201116,0.00119230019,11.9876607,7.89293233e-05,1.2240384,0.621375088,11.9999877,12.0,0.0,1.84263738,1.09369184e-05,-2.66616492e-06,5.06077667e-05,0.000131595729
0.0200882001,11.9878406,0.513752196,0.03845823,0.587718977,11.9875686,0.588830899,1.22711085,0.632274684,11.9999876,12.0,0.0,1.84552796,0.000221421961,2.72010849e-06,-5.05418971e-05,9.72337931e-05
0.0201875807,11.9873994,0.699013716,0.126088586,1.24937522,11.9876715,1.24826181,1.23322478,0.669515878,11.9999877,12.0,0.0,1.85129644,0.00167121523,-2.72157853e-06,5.06093672e-05,2.91852527e-05
0.0202729653,11.9878519,1.0465712,0.455071833,1.81689998,11.9875767,1.81801183,1.23387833,0.677727927,11.9999876,12.0,0.0,1.85190697,0.00233159676,2.75195506e-06,-5.0538783e-05,2.17896159e-05
0.0203578658,11.9874041,1.60261842,1.01146595,2.37991265,11.9876726,2.37879924,1.2338879,0.677733384,11.9999877,12.0,0.0,1.8519215,0.0023581842,-2.684004e-06,5.06108358e-05,2.17930829e-05
0.0204578658,11.9878523,2.25190893,1.65929288,3.04085436,11.987577,3.04196618,1.23387836,0.677727947,11.9999876,12.0,0.0,1.85190702,0.00238907664,2.75354371e-06,-5.05353927e-05,2.17896247e-05
0.0205560747,11.9874047,2.88988507,2.29741538,3.68704049,11.9876729,3.68592704,1.23388788,0.67773271,11.9999877,12.0,0.0,1.85192151,0.00241831632,-2.68084291e-06,5.0613057e-05,2.17936372e-05
0.0206560747,11.9878528,3.53267538,2.93890719,4.34140206,11.9875774,4.34251379,1.23387839,0.677727963,11.9999876,12.0,0.0,1.85190707,0.00244880888,2.75555756e-06,-5.05314441e-05,2.17896377e-05
0.0207560747,11.9874053,4.17448357,3.58074118,4.99147918,11.9876732,4.99036568,1.23388791,0.677732726,11.9999877,12.0,0.0,1.85192155,0.00247842384,-2.67730307e-06,5.06157259e-05,2.179365e-05
0.0208560747,11.9878533,4.80820485,4.21330565,5.63663032,11.9875777,5.63774196,1.23387842,0.67772798,11.9999876,12.0,0.0,1.85190712,0.00250833663,2.75793613e-06,-5.05268446e-05,2.17896507e-05
0.0209560747,11.987406,5.43967857,4.84472037,6.27621878,11.9876736,6.27510522,1.23388795,0.677732743,11.9999877,12.0,0.0,1.8519216,0.00253764755,-2.67325404e-06,5.06190267e-05,2.17936627e-05
0.0210560747,11.9878538,6.06182594,5.46583279,6.90961338,11.987578,6.91072491,1.23387845,0.677727997,11.9999876,12.0,0.0,1.85190716,0.00256687815,2.76081952e-06,-5.05213007e-05,2.17896634e-05
0.0211560747,11.9874068,6.68048185,6.08436512,7.53618902,11.9876739,7.53507538,1.23388798,0.677732759,11.9999877,12.0,0.0,1.85192165,0.00259573139,-2.66845503e-06,5.0623337e-05,2.17936753e-05
0.0212560747,11.9878545,7.28859221,6.69154592,8.15532735,11.9875783,8.15643875,1.23387848,0.677728013,11.9999876,12.0,0.0,1.85190721,0.00262419022,2.7644914e-06,-5.05142488e-05,2.1789676e-05
0.0213560747,11.9874076,7.89199485,7.29477689,8.76641735,11.9876742,8.76530361,1.23388801,0.677732775,11.9999877,12.0,0.0,1.8519217,0.00265244747,-2.66248935e-06,5.06293845e-05,2.17936876e-05
0.0214560747,11.9878552,8.48366206,7.88560653,9.36885597,11.9875786,9.36996719,1.23387852,0.677728029,11.9999876,12.0,0.0,1.85190726,0.00268003969,2.76947541e-06,-5.05045493e-05,2.17896883e-05
0.0215560747,11.9874086,9.06943617,8.47117442,9.96204865,11.9876745,9.96093475,1.23388804,0.677732791,11.9999877,12.0,0.0,1.85192174,0.00270756979,-2.65455999e-06,5.0638792e-05,2.17936998e-05
0.0216560747,11.987856,9.64231888,9.04330058,10.54541,11.9875789,10.546521,1.23387855,0.677728045,11.9999876,12.0,0.0,1.8519073,0.00273420107,2.77686081e-06,-5.04894277e-05,2.17897006e-05
0.0217560747,11.9874098,10.2081586,9.60891074,11.1183643,11.9876748,11.1172501,1.23388807,0.677732807,11.9999877,12.0,0.0,1.85192179,0.00276087958,-2.64289187e-06,5.06561808e-05,2.17937119e-05
0.0218560747,11.9878573,10.7599894,10.160057,11.6803461,11.9875792,11.6814566,1.23387858,0.677728061,11.9999876,12.0,0.0,1.85190735,0.0027864568,2.78939462e-06,-5.04593169e-05,2.17897129e-05
0.0219560747,11.9874116,11.3036673,10.7034911,12.2308008,11.9876751,12.229686,1.2338881,0.677732823,11.9999877,12.0,0.0,1.85192184,0.00281216586,-2.62237529e-06,5.27073939e-05,2.17937245e-05
0.0220454159,11.9923902,11.768476,11.1673356,12.7123909,11.9921094,12.6138411,1.23432853,0.677953037,11.9999921,12.0,0.0,1.85259179,0.00285753937,2.80869498e-06,0.0044826734,2.19800679e-05
0.0221279758,12.0075716,12.171697,11.5689808,13.1485324,12.0077906,12.7048764,1.23588493,0.678731238,12.0000078,12.0,0.0,1.85495996,0.00296229702,-2.18979495e-06,0.0201944509,2.26514336e-05
0.0222279758,12.0562029,12.5515705,11.9464285,13.664933,12.0288709,12.7635603,1.23797442,0.679775985,12.0000288,12.0,0.0,1.85814089,0.00310050602,0.000350024922,0.0409715064,2.35851102e-05
0.0223279758,12.1649147,12.7222163,12.1150837,14.167848,12.0506211,12.8071942,1.24012683,0.680852187,12.0000506,12.0,0.0,1.8614196,0.0032377662,0.00119346983,0.0620217844,2.45871556e-05
0.0224279758,12.2780683,12.8625839,12.2532308,14.656781,12.0721149,12.8447041,1.24225028,0.681913914,12.000072,12.0,0.0,1.86465629,0.00337742698,0.00205980606,0.0825742377,2.56174331e-05
0.0225279758,12.3896156,12.9922347,12.3809187,15.1312495,12.0936992,12.8783809,1.24437895,0.682978248,12.0000936,12.0,0.0,1.8679031,0.00352270041,0.00296736181,0.102433605,2.6693573e-05
0.0226279758,12.4996998,13.1147155,12.5008352,15.5907854,12.1197195,12.9145487,1.24694001,0.68425878,12.0001196,12.0,0.0,1.8718124,0.00370353563,0.00380343691,0.121666642,2.80483921e-05
0.0227279758,12.6112164,13.2339009,12.6157135,16.034935,12.1676988,12.9705325,1.25164664,0.686612093,12.0001675,12.0,0.0,1.87900596,0.00405281334,0.00443519302,0.139291035,3.0720067e-05
0.0228279758,12.7213187,13.3478582,12.7227798,16.4632601,12.2427235,13.05218,1.25896257,0.690270058,12.0002425,12.0,0.0,1.8902132,0.00465467251,0.00478597231,0.155049107,3.53869057e-05
0.0229279758,12.8222642,13.4506729,12.8182191,16.8753379,12.3252213,13.1402652,1.26693839,0.694257968,12.0003249,12.0,0.0,1.90247189,0.00540734409,0.00497043078,0.169776029,4.12860267e-05
0.0230279758,12.9116825,13.5411859,12.9016986,17.2707618,12.4038937,13.2240705,1.27446872,0.69802313,12.0004035,12.0,0.0,1.91409084,0.00622390107,0.0050779622,0.183941406,4.77555076e-05
0.0231279758,12.9903281,13.6204589,12.9747034,17.6491415,12.4759047,13.3006757,1.28128893,0.701433233,12.0004754,12.0,0.0,1.92465765,0.00706397054,0.00514425381,0.197657993,5.44856415e-05
0.0232279758,13.0595952,13.6901712,13.0387936,18.0101037,12.5407611,13.3698302,1.28736598,0.70447176,12.0005402,12.0,0.0,1.93411283,0.00790244275,0.0051883472,0.210921867,6.12775796e-05
0.0233279758,13.1208565,13.7517059,13.0954049,18.353292,12.5989916,13.431945,1.29276456,0.707171048,12.0005984,12.0,0.0,1.94254772,0.0087256112,0.00521865137,0.223697811,6.80181779e-05
0.0234279758,13.1752413,13.80631,13.145612,18.6783679,12.6512451,13.4878291,1.29755905,0.709568294,12.0006506,12.0,0.0,1.95006974,0.00952389714,0.00523996239,0.235933761,7.46237134e-05
0.0235279758,13.2236821,13.8548809,13.1903241,18.9850105,12.6981634,13.5380287,1.30182117,0.711699353,12.0006975,12.0,0.0,1.95678336,0.0102906912,0.00525518804,0.247590197,8.10324915e-05
0.0236279758,13.2669062,13.8982226,13.2302158,19.2729172,12.7402895,13.5832071,1.30561153,0.713594534,12.0007395,12.0,0.0,1.96277693,0.011020809,0.00526616728,0.258623278,8.71928644e-05
0.0237279758,13.306333,13.9377216,13.2666058,19.5418038,12.7788179,13.6245122,1.3090619,0.71531972,12.000778,12.0,0.0,1.96824328,0.0117294899,0.00527515645,0.269182051,9.32069545e-05
0.0238279758,13.3405641,13.9720161,13.298204,19.7914051,12.8125094,13.6607375,1.31203672,0.716807127,12.0008117,12.0,0.0,1.97298342,0.0123719243,0.00528055169,0.278847791,9.87241008e-05
0.0239279758,13.3711052,14.0025834,13.326417,20.0214746,12.8426514,13.6931357,1.31467795,0.718127743,12.0008418,12.0,0.0,1.97720516,0.0129689067,0.00528453877,0.287795089,0.000103895676
0.0240279758,13.3981955,14.0297112,13.3514412,20.2317853,12.869456,13.7220048,1.31700956,0.719293548,12.0008686,12.0,0.0,1.98094326,0.0135187679,0.00528739653,0.296022465,0.000108685686
0.0241279758,13.4220852,14.0536102,13.3735234,20.4221297,12.8931431,13.7475037,1.31905623,0.720316886,12.0008923,12.0,0.0,1.98423364,0.0140184156,0.00528942044,0.303486511,0.000113072006
0.0242279758,13.4429658,14.0745132,13.3928254,20.5923199,12.9138827,13.7698704,1.32083741,0.721207475,12.000913,12.0,0.0,1.98710439,0.0144675641,0.0052908315,0.31018945,0.000117033141
0.0243279758,13.4610022,14.0925503,13.4095069,20.742188,12.9318228,13.7892041,1.32236987,0.721973702,12.0009309,12.0,0.0,1.98957981,0.0148641288,0.00529179356,0.316101455,0.000120552017
0.0244279758,13.4763195,14.1078813,13.4236745,20.8715861,12.9470763,13.8056713,1.32366668,0.72262211,12.0009461,12.0,0.0,1.99167873,0.0152078014,0.00529243186,0.321222057,0.000123612339
0.0245279758,13.4890254,14.120584,13.4354312,20.9803864,12.9597413,13.8193301,1.32473908,0.723158309,12.0009588,12.0,0.0,1.99341737,0.0154972431,0.00529284132,0.325531715,0.000126201663
0.0246279758,13.4991985,14.1307661,13.4448444,21.0684816,12.9698893,13.8302951,1.32559548,0.723586508,12.0009689,12.0,0.0,1.99480777,0.0157321734,0.00529309261,0.329028716,0.000128308345
0.0247279758,13.5069051,14.138468,13.4519767,21.1357847,12.9775812,13.8385937,1.32624288,0.723910208,12.0009766,12.0,0.0,1.99586002,0.0159117991,0.00529323903,0.331701423,0.000129924215
0.0248279758,13.5121886,14.1437578,13.4568654,21.1822294,12.9828569,13.8443001,1.32668603,0.724131783,12.0009819,12.0,0.0,1.9965809,0.01603591,0.00529331717,0.333547958,0.00013104201
0.0249279758,13.5150826,14.146647,13.4595423,21.2077698,12.9857473,13.8474172,1.3269285,0.724253017,12.0009848,12.0,0.0,1.99697556,0.0161041377,0.00529335224,0.334562997,0.000131657673
0.0250279758,13.5156014,14.1471706,13.4600193,21.2123807,12.9862657,13.8479857,1.3269719,0.72427472,12.0009853,12.0,0.0,1.99704626,0.0161163785,0.00529335641,0.334745319,0.00013176819
0.0251279758,13.5137502,14.1453148,13.4583016,21.1960575,12.9844169,13.8459859,1.32681674,0.72419714,12.0009834,12.0,0.0,1.99679376,0.0160726174,0.00529333266,0.334094871,0.000131373555
0.0252279758,13.5095161,14.1410842,13.4543774,21.1588164,12.980189,13.8414282,1.32646169,0.724019615,12.0009792,12.0,0.0,1.99621613,0.0159728905,0.00529327191,0.332611747,0.000130474954
0.0253279758,13.5028765,14.1344397,13.4482261,21.1006941,12.9735609,13.8342698,1.32590423,0.723740882,12.0009726,12.0,0.0,1.99530978,0.0158174988,0.00529315538,0.330300526,0.000129076437
0.0254279758,13.4937898,14.1253547,13.4398102,21.0217479,12.9644948,13.8244902,1.32513994,0.723358738,12.0009635,12.0,0.0,1.99406838,0.0156066535,0.00529295071,0.327163201,0.000127183404
0.0255279758,13.4822022,14.1137607,13.4290811,20.9220558,12.952941,13.8120199,1.324163,0.722870267,12.000952,12.0,0.0,1.99248357,0.0153409625,0.00529261269,0.323208658,0.000124804026
0.0256279758,13.4680386,14.099595,13.4159702,20.8017162,12.9388308,13.796804,1.32296545,0.722271496,12.0009379,12.0,0.0,1.99054392,0.0150208559,0.00529207765,0.318441363,0.000121948005
0.0257279758,13.4512061,14.0827523,13.4003941,20.6608478,12.9220799,13.7787388,1.3215375,0.721557521,12.0009212,12.0,0.0,1.98823534,0.0146472677,0.00529126205,0.312874478,0.00011862779
0.0258279758,13.4315857,14.0631231,13.3822436,20.4995896,12.9025803,13.7577266,1.31986675,0.720722144,12.0009017,12.0,0.0,1.98553995,0.0142209095,0.0052900536,0.306515597,0.000114857599
0.0259279758,13.4090323,14.0405512,13.3613876,20.3181008,12.8802017,13.7336182,1.31793824,0.719757888,12.0008793,12.0,0.0,1.98243614,0.0137430981,0.00528830593,0.299382444,0.000110654488
0.0260279758,13.3833646,14.0148625,13.3376595,20.1165605,12.8547823,13.7062584,1.31573359,0.718655563,12.0008539,12.0,0.0,1.97889731,0.0132149259,0.00528582301,0.291486577,0.000106037634
0.0261279758,13.354362,13.9858255,13.3108587,19.8951676,12.8261275,13.675433,1.31323075,0.717404143,12.0008253,12.0,0.0,1.97489148,0.0126382093,0.00528234564,0.282850958,0.000101029361
0.0262279758,13.3217506,13.9531709,13.2807323,19.6541405,12.7939987,13.6409063,1.31040289,0.715990214,12.0007932,12.0,0.0,1.97037966,0.0120145953,0.00527752082,0.273492289,9.56547399e-05
0.0263279758,13.2851943,13.9165508,13.2469727,19.3937172,12.758108,13.6023694,1.30721777,0.714397653,12.0007574,12.0,0.0,1.96531491,0.0113466284,0.00527086824,0.263439977,8.99427187e-05
0.0264279758,13.2433261,13.8745872,13.2083181,19.1141546,12.7172796,13.5586124,1.30354555,0.712561542,12.0007166,12.0,0.0,1.95950727,0.01061703,0.00526046502,0.252524719,8.37791793e-05
0.0265279758,13.1972644,13.8283999,13.1657972,18.8157287,12.6725354,13.5106892,1.29949825,0.710537893,12.0006719,12.0,0.0,1.95312107,0.00986585125,0.00524729035,0.241138255,7.74742292e-05
0.0266279758,13.1455982,13.7765631,13.1180797,18.4987339,12.6227049,13.4574041,1.29494639,0.708261965,12.0006221,12.0,0.0,1.94596699,0.00908070822,0.00522893368,0.229151483,7.09483758e-05
0.0267279758,13.0874926,13.7182112,13.0644006,18.1634831,12.5671904,13.3981201,1.28982327,0.705700403,12.0005666,12.0,0.0,1.93794782,0.00826754527,0.00520302293,0.216607589,6.42586488e-05
0.0268279758,13.0219048,13.6522711,13.0037245,17.8103071,12.5053346,13.3321756,1.28405456,0.702816048,12.0005048,12.0,0.0,1.92895571,0.00743446598,0.00516570531,0.203551675,5.74778802e-05
0.0269279758,12.947568,13.5774028,12.9348198,17.4395545,12.436537,13.25892,1.27756944,0.699573491,12.0004361,12.0,0.0,1.91888942,0.00659325091,0.00511031843,0.190029184,5.07055369e-05
0.0270279758,12.8630514,13.4920548,12.8561348,17.0515912,12.3606186,13.1781469,1.27033624,0.695956893,12.0003603,12.0,0.0,1.90770879,0.00576220922,0.00502435527,0.176066161,4.40889269e-05
0.0271279758,12.7671466,13.3947378,12.7661191,16.6468,12.2789797,13.091151,1.26247719,0.692027368,12.0002787,12.0,0.0,1.89560952,0.00497308726,0.00488177467,0.161621339,3.78747141e-05
0.0272279758,12.6604032,13.2852894,12.6639709,16.2255804,12.1985331,13.0046491,1.25466015,0.688118849,12.0001983,12.0,0.0,1.88361837,0.00429127312,0.0046187026,0.146405971,3.25628123e-05
0.0273279758,12.5484342,13.1676961,12.552126,15.7883482,12.1368558,12.9356895,1.24862336,0.685100453,12.0001367,12.0,0.0,1.87438385,0.00382559012,0.00411579291,0.129666312,2.89761311e-05
0.0274279758,12.4381108,13.047236,12.4348055,15.3355347,12.1038606,12.8936107,1.24538048,0.68347901,12.0001038,12.0,0.0,1.86943105,0.00359274403,0.00334581006,0.111010537,2.72154145e-05
0.0275279758,12.3272833,12.9213291,12.3110474,14.8675869,12.0815176,12.860099,1.24317808,0.682377812,12.0000814,12.0,0.0,1.86607115,0.00344013236,0.00246049893,0.0912657988,2.6081038e-05
0.0276279758,12.2146846,12.7862444,12.1780348,14.3849666,12.0601047,12.824762,1.2410642,0.681320875,12.00006,12.0,0.0,1.86284814,0.003298815,0.00155209632,0.0709481402,2.50367506e-05
0.0277279758,12.1026629,12.6332245,12.0271299,13.8881501,12.0384317,12.7845699,1.23892101,0.680249276,12.0000384,12.0,0.0,1.85958254,0.00316049295,0.000665971916,0.0502316683,2.4020657e-05
0.0278279758,12.0170779,12.3792197,11.7753183,13.3776277,12.0168399,12.7349805,1.2367823,0.679179923,12.0000168,12.0,0.0,1.85632584,0.00302309854,1.26398439e-05,0.0292118353,2.30478023e-05
0.0278955134,12.0037359,12.055819,11.4534619,13.0253328,12.0029352,12.6887225,1.23540321,0.678490377,12.0000029,12.0,0.0,1.85422688,0.00292991319,8.0073007e-06,0.0153008538,2.24414765e-05
0.0279434859,11.9929663,11.8273563,11.2260376,12.7715238,11.9937882,12.6357964,1.23449524,0.678036392,11.9999938,12.0,0.0,1.85284541,0.00286933246,-8.21874411e-06,0.00616949981,2.20510175e-05
0.0279899891,11.9888925,11.5869749,10.9863953,12.5227187,11.9880958,12.5125822,1.2339299,0.677753721,11.9999881,12.0,0.0,1.85198541,0.00282762063,7.96674614e-06,0.000460766033,2.18113397e-05
0.0280264199,11.9868878,11.3991062,10.7987401,12.3259338,11.9877081,12.3239703,1.23389138,0.677734464,11.9999877,12.0,0.0,1.85192683,0.00281677253,-8.20344361e-06,9.08613042e-05,2.17951068e-05
0.0280451298,11.9883503,11.2939732,10.6936896,12.2242414,11.9875552,12.2259978,1.23387619,0.677726867,11.9999876,12.0,0.0,1.85190372,0.00281104674,7.95305859e-06,-7.87139457e-05,2.17887062e-05
0.0280631404,11.9868789,11.2021757,10.6019722,12.1259507,11.9876963,12.1242478,1.2338902,0.677733874,11.9999877,12.0,0.0,1.85192503,0.00280749635,-8.17118696e-06,8.00414448e-05,2.17946104e-05
0.0280934549,11.9883475,11.0334027,10.4333338,11.9596383,11.9875542,11.9614148,1.23387609,0.677726817,11.9999876,12.0,0.0,1.85190357,0.00279885315,7.93779157e-06,-8.0140838e-05,2.17886646e-05
0.0281540837,11.9868828,10.707629,10.1078331,11.6237746,11.9876986,11.6220192,1.23389043,0.677733987,11.9999877,12.0,0.0,1.85192538,0.00278440155,-8.14973893e-06,7.98638545e-05,2.17947061e-05
0.0282540837,11.9883482,10.1480897,9.54875451,11.0606527,11.9875546,11.0624156,1.23387613,0.677726837,11.9999876,12.0,0.0,1.85190363,0.00275753199,7.94614993e-06,-8.01106749e-05,2.17886819e-05
0.0283540837,11.9868844,9.58776283,8.98890318,10.4866152,11.9876984,10.484858,1.23389041,0.677733978,11.9999877,12.0,0.0,1.85192535,0.00273206783,-8.13251735e-06,7.98881285e-05,2.17946993e-05
0.0284540837,11.988349,9.00728092,8.40890987,9.90222873,11.9875543,9.90399152,1.2338761,0.677726822,11.9999876,12.0,0.0,1.85190359,0.00270415506,7.95292113e-06,-8.00900982e-05,2.17886712e-05
0.0285540837,11.9868855,8.42714209,7.82927332,9.30806994,11.9876981,9.30631262,1.23389039,0.677733964,11.9999877,12.0,0.0,1.85192531,0.00267774948,-8.12102142e-06,7.98994042e-05,2.17946887e-05
0.0286540837,11.9883493,7.82798817,7.23063398,8.70472521,11.9875541,8.70648705,1.23387608,0.677726809,11.9999876,12.0,0.0,1.85190355,0.00264897732,7.9567262e-06,-8.00777871e-05,2.17886614e-05
0.0287540837,11.9868863,7.23034646,6.63352064,8.09278996,11.9876979,8.09103214,1.23389036,0.67773395,11.9999877,12.0,0.0,1.85192527,0.00262173855,-8.11237101e-06,7.99060099e-05,2.17946784e-05
0.0288540837,11.9883494,6.61486475,6.01857889,7.47286811,11.9875538,7.47462972,1.23387605,0.677726794,11.9999876,12.0,0.0,1.8519035,0.00259221697,7.95906351e-06,-8.0069136e-05,2.17886499e-05
0.0289540837,11.9868868,6.00209852,5.40636642,6.84557144,11.9876976,6.84381349,1.23389033,0.677733935,11.9999877,12.0,0.0,1.85192523,0.00256425591,-8.10537349e-06,7.99103994e-05,2.1794667e-05
0.0290540837,11.9883493,5.37269785,4.77753036,6.21151902,11.9875535,6.21328046,1.23387602,0.677726779,11.9999876,12.0,0.0,1.85190346,0.00253409817,7.96058866e-06,-8.00624652e-05,2.17886379e-05
0.0291540837,11.9868871,4.74724526,4.1526561,5.57133658,11.9876973,5.56957854,1.2338903,0.67773392,11.9999877,12.0,0.0,1.85192518,0.00250552852,-8.09943296e-06,7.99135717e-05,2.17946552e-05
0.0292540837,11.9883491,4.10638953,3.51238877,4.9256559,11.9875532,4.92741721,1.23387599,0.677726762,11.9999876,12.0,0.0,1.85190341,0.00247485033,7.96163357e-06,-8.00569983e-05,2.17886255e-05
0.0293540837,11.9868874,3.4707388,2.87734004,4.27511419,11.987697,4.27335609,1.23389027,0.677733904,11.9999877,12.0,0.0,1.85192514,0.00244578817,-8.09421364e-06,7.9916013e-05,2.17946431e-05
0.0294540837,11.9883489,2.82093719,2.22814966,3.62035347,11.9875529,3.62211466,1.23387596,0.677726746,11.9999876,12.0,0.0,1.85190336,0.00241470727,7.96238335e-06,-8.0052321e-05,2.1788613e-05
0.0295540837,11.9868876,2.17761681,1.58545387,2.96201989,11.9876967,2.96026173,1.23389024,0.677733888,11.9999877,12.0,0.0,1.85192509,0.00238527063,-8.08950978e-06,7.99179894e-05,2.17946308e-05
0.0296540837,11.9883487,1.52141384,0.929883825,2.30076315,11.9875525,2.30252425,1.23387592,0.677726729,11.9999876,12.0,0.0,1.85190332,0.00235390637,7.96294853e-06,-8.00481897e-05,2.17886002e-05
0.0297540837,11.9868878,0.873757018,0.28292517,1.63723584,11.9876963,1.63547761,1.23388837,0.677707728,11.9999877,12.0,0.0,1.85192331,0.00232165862,-8.085076e-06,7.99196585e-05,2.18151096e-05
0.0298540837,11.9883523,0.640825765,0.0892578491,0.972092775,11.9875499,0.973853753,1.23184892,0.657296155,11.9999876,12.0,0.0,1.84999266,0.000995817314,8.02354094e-06,-8.00444506e-05,4.43855261e-05
0.0299540837,11.9868749,0.304198284,0.0194562662,0.305990372,11.9876848,0.304232107,1.22408685,0.621524489,11.9999877,12.0,0.0,1.84268443,1.35295094e-05,-8.09893363e-06,7.99211204e-05,0.00013108313
0.029996883,11.9883381,0.021353323,0.0171506772,0.0207729795,11.9875402,0.0225338819,1.22364944,0.620173875,11.9999876,12.0,0.0,1.84226385,-9.72905269e-06,7.97816163e-06,-8.00409914e-05,0.000135793903
0.0300294805,11.9868747,-0.196892045,0.019048835,-0.196464957,11.9876845,-0.19822318,1.22401261,0.621287475,11.9999877,12.0,0.0,1.84261444,9.39317982e-06,-8.09814224e-06,7.99192577e-05,0.000131910648
0.0300613953,11.988338,-0.408557845,0.0171643285,-0.409132493,11.9875402,-0.407371669,1.22365625,0.6201846,11.9999876,12.0,0.0,1.84227027,-9.70714876e-06,7.9785252e-06,-8.00370957e-05,0.000135773347
0.0301252247,11.9868747,-0.834752074,0.0190609024,-0.834322805,11.9876844,-0.836080985,1.22401915,0.621297296,11.9999877,12.0,0.0,1.84262061,9.41674079e-06,-8.09674021e-06,7.99180025e-05,0.000131893964
0.0302252247,11.9883378,-1.49915434,0.0171677895,-1.49971827,11.9875399,-1.4979575,1.22365689,0.620186609,11.9999876,12.0,0.0,1.84227086,-9.66948249e-06,7.98021471e-06,-8.00339764e-05,0.000135766169
0.0303252247,11.9868745,-2.16407328,0.0190637749,-2.1636337,11.9876841,-2.1653919,1.22401965,0.621298952,11.9999877,12.0,0.0,1.84262105,9.44363627e-06,-8.09442022e-06,7.99192337e-05,0.000131888043
0.0304252247,11.9883377,-2.8248568,0.017169659,-2.82541388,11.9875396,-2.82365318,1.22365722,0.620187692,11.9999876,12.0,0.0,1.84227115,-9.64761458e-06,7.98223215e-06,-8.00308949e-05,0.000135762204
0.0305252247,11.9868745,-3.48485266,0.0190657467,-3.48440572,11.9876838,-3.48616395,1.22401998,0.621300087,11.9999877,12.0,0.0,1.84262135,9.45747304e-06,-8.09221911e-06,7.99203933e-05,0.000131883961
0.0306252247,11.9883376,-4.13941243,0.0171726602,-4.13995887,11.9875393,-4.13819824,1.22365775,0.620189432,11.9999876,12.0,0.0,1.84227163,-9.63404813e-06,7.98415629e-06,-8.002795e-05,0.00013575586
0.0307252247,11.9868744,-4.79187885,0.0190671625,-4.79142638,11.9876835,-4.79318464,1.22402021,0.621300893,11.9999877,12.0,0.0,1.84262155,9.46626002e-06,-8.09010636e-06,7.99215043e-05,0.000131880998
0.0308252247,11.9883375,-5.43762331,0.0171738045,-5.43816533,11.9875389,-5.43640477,1.22365794,0.620190089,11.9999876,12.0,0.0,1.84227179,-9.62430886e-06,7.98601074e-06,-8.00251125e-05,0.000135753405
0.0309252247,11.9868743,-6.07999314,0.0190679026,-6.07953747,11.9876831,-6.08129576,1.22402032,0.62130131,11.9999877,12.0,0.0,1.84262163,9.47251997e-06,-8.08806141e-06,7.99225835e-05,0.000131879421
0.0310252247,11.9883374,-6.71437128,0.0171746605,-6.71490984,11.9875386,-6.71314934,1.22365807,0.620190576,11.9999876,12.0,0.0,1.8422719,-9.61669196e-06,7.98781357e-06,-8.00223603e-05,0.000135751549
0.0311252247,11.9868742,-7.3441136,0.0190684511,-7.34365541,11.9876828,-7.34541372,1.22402039,0.621301615,11.9999877,12.0,0.0,1.84262168,9.47732667e-06,-8.08606783e-06,7.9923643e-05,0.000131878237
0.0312252247,11.9883372,-7.964618,0.0171753498,-7.96515367,11.9875383,-7.96339323,1.22365817,0.620190966,11.9999876,12.0,0.0,1.84227198,-9.61038912e-06,7.98957823e-06,-8.00196762e-05,0.000135750042
0.0313252247,11.9868741,-8.57925161,0.0190688842,-8.57879129,11.9876826,-8.58054962,1.22402044,0.621301854,11.9999877,12.0,0.0,1.84262171,9.48122066e-06,-8.08411311e-06,7.99246919e-05,0.00013187729
0.0314252247,11.9883371,-9.18342954,0.0171759323,-9.18396268,11.987538,-9.18220229,1.22365826,0.620191294,11.9999876,12.0,0.0,1.84227204,-9.60496127e-06,7.99131496e-06,-8.00170466e-05,0.00013574876
0.0315252247,11.986874,-9.78053279,0.0190692425,-9.7800706,11.9876823,-9.78182896,1.22402048,0.62130205,11.9999877,12.0,0.0,1.84262174,9.48450589e-06,-8.08218762e-06,7.99257368e-05,0.000131876497
0.0316252247,11.988337,-10.3659959,0.0171764416,-10.3665268,11.9875377,-10.3647665,1.22365833,0.62019158,11.9999876,12.0,0.0,1.84227209,-9.60014679e-06,7.99303164e-06,-8.00144609e-05,0.000135747633
0.0317252247,11.9868739,-10.9432163,0.0190695498,-10.9427524,11.987682,-10.9445108,1.22402052,0.621302217,11.9999877,12.0,0.0,1.84262175,9.48736716e-06,-8.08028387e-06,7.99267824e-05,0.000131875811
0.0318252247,11.9883369,-11.5076502,0.0171768987,-11.5081789,11.9875375,-11.5064187,1.22365839,0.620191835,11.9999875,12.0,0.0,1.84227213,-9.59577893e-06,7.99473435e-06,-8.00119104e-05,0.000135746616
0.0319252247,11.9868739,-12.0627137,0.0190698208,-12.0622482,11.9876817,-12.0640066,1.22402054,0.621302363,11.9999877,12.0,0.0,1.84262176,9.48992351e-06,-8.078396e-06,7.99278323e-05,0.0001318752
0.0320252247,11.9883368,-12.6038868,0.0171773172,-12.6044136,11.9875372,-12.6026534,1.22365845,0.620192068,11.9999875,12.0,0.0,1.84227217,-9.59174578e-06,7.99642778e-06,-8.00093883e-05,0.000135745683
0.0321252247,11.9868738,-13.1346067,0.0190700654,-13.1341399,11.9876815,-13.1358983,1.22402056,0.621302494,11.9999877,12.0,0.0,1.84262177,9.49225509e-06,-8.07651945e-06,7.99288889e-05,0.000131874646
0.0322252247,11.9883367,-13.6503794,0.0171777064,-13.6509043,11.9875369,-13.6491442,1.2236585,0.620192285,11.9999875,12.0,0.0,1.8422722,-9.58796915e-06,7.99811553e-06,-8.0006889e-05,0.000135744814
0.0323252247,11.9868737,-14.1546653,0.0190702902,-14.154197,11.9876812,-14.1559555,1.22402058,0.621302614,11.9999877,12.0,0.0,1.84262177,9.49441784e-06,-8.07465064e-06,7.99299541e-05,0.000131874135
0.0324252247,11.9883367,-14.6429981,0.0171780729,-14.6435212,11.9875367,-14.6417611,1.22365854,0.620192489,11.9999875,12.0,0.0,1.84227223,-9.5843926e-06,7.99980034e-06,-8.00044079e-05,0.000135743995
0.0325252247,11.9868737,-15.1188636,0.0190704999,-15.118394,11.987681,-15.1201525,1.2240206,0.621302726,11.9999877,12.0,0.0,1.84262177,9.49645187e-06,-8.07278682e-06,7.99310287e-05,0.000131873657
0.0326252247,11.9883366,-15.5778254,0.0171784216,-15.5783468,11.9875365,-15.5765868,1.22365859,0.620192683,11.9999875,12.0,0.0,1.84227226,-9.58097424e-06,8.00148428e-06,-8.00019415e-05,0.000135743216
0.0327252247,11.9868737,-16.0233965,0.0190706981,-16.0229257,11.9876808,-16.0246842,1.22402062,0.621302832,11.9999877,12.0,0.0,1.84262178,9.49838666e-06,-8.07092587e-06,7.99321134e-05,0.000131873207
0.0328252247,11.9883366,-16.4511721,0.0171787561,-16.4516918,11.9875363,-16.4499318,1.22365863,0.620192869,11.9999875,12.0,0.0,1.84227229,-9.5776823e-06,8.00316887e-06,-7.99994866e-05,0.000135742471
0.0329252247,11.9868737,-16.8646943,0.0190708872,-16.8642221,11.9876806,-16.8659806,1.22402064,0.621302933,11.9999877,12.0,0.0,1.84262178,9.50024428e-06,-8.06906619e-06,7.99332084e-05,0.000131872778
0.0330252247,11.9883365,-17.2595914,0.0171790791,-17.2601095,11.9875361,-17.2583495,1.22365868,0.62019305,11.9999875,12.0,0.0,1.84227232,-9.57449215e-06,8.00485517e-06,-7.99970409e-05,0.000135741752
0.0331252247,11.9868737,-17.6394366,0.0190710692,-17.6389632,11.9876804,-17.6407217,1.22402065,0.621303031,11.9999877,12.0,0.0,1.84262179,9.50204152e-06,-8.06720661e-06,7.99343135e-05,0.000131872367
0.0332252247,11.9883365,-17.9998929,0.0171793929,-18.0004094,11.9875359,-17.9986495,1.22365872,0.620193226,11.9999875,12.0,0.0,1.84227235,-9.57138439e-06,8.00654391e-06,-7.99946023e-05,0.000135741057
0.0333252247,11.9868737,-18.3445659,0.0190712455,-18.3440913,11.9876802,-18.3458499,1.22402067,0.621303126,11.9999877,12.0,0.0,1.8426218,9.50379135e-06,-8.06534628e-06,7.99354283e-05,0.000131871971
0.0334252247,11.9883365,-18.669155,0.0171796992,-18.6696699,11.9875357,-18.66791,1.22365876,0.620193398,11.9999875,12.0,0.0,1.84227238,-9.56834346e-06,8.0082355e-06,-7.99921693e-05,0.000135740381
0.0335252247,11.9868737,-18.9772995,0.0190714174,-18.9768237,11.9876801,-18.9785823,1.22402069,0.62130322,11.9999877,12.0,0.0,1.8426218,9.50550392e-06,-8.06348467e-06,7.99365524e-05,0.000131871588
0.0336252247,11.9883366,-19.2647364,0.0171799993,-19.2652497,11.9875356,-19.26349,1.22365881,0.620193567,11.9999875,12.0,0.0,1.84227242,-9.56535671e-06,8.00993013e-06,-7.99897407e-05,0.000135739722
0.0337252247,11.9868738,-19.5351402,0.0190715857,-19.5346633,11.98768,-19.5364219,1.22402071,0.621303312,11.9999877,12.0,0.0,1.84262182,9.50718725e-06,-8.06162146e-06,7.99376848e-05,0.000131871216
0.0338252247,11.9883366,-19.7842866,0.0171802945,-19.7847984,11.9875355,-19.7830387,1.22365885,0.620193734,11.9999875,12.0,0.0,1.84227245,-9.56241366e-06,8.01162777e-06,-7.99873152e-05,0.000135739078
0.0339252247,11.9868739,-20.0158866,0.0190717511,-20.0154084,11.9876798,-20.0171671,1.22402073,0.621303403,11.9999877,12.0,0.0,1.84262183,9.50884779e-06,-8.05975651e-06,7.99388247e-05,0.000131870854
0.0340252247,11.9883367,-20.2257553,0.0171805856,-20.2262656,11.9875354,-20.2245059,1.2236589,0.620193899,11.9999875,12.0,0.0,1.84227249,-9.55950549e-06,8.01332824e-06,-7.99848922e-05,0.000135738446
0.0341252247,11.986874,-20.4176412,0.0190719142,-20.4171619,11.9876797,-20.4189206,1.22402075,0.621303493,11.9999877,12.0,0.0,1.84262184,9.51049078e-06,-8.05788985e-06,7.99399711e-05,0.000131870501
0.0342252247,11.9883368,-20.5874002,0.0171808736,-20.5879089,11.9875353,-20.5861493,1.22365894,0.620194064,11.9999875,12.0,0.0,1.84227253,-9.55662467e-06,8.01503125e-06,-7.9982471e-05,0.000135737826
0.0343252247,11.9868741,-20.7388187,0.0190720754,-20.7383382,11.9876797,-20.7400969,1.22402077,0.621303584,11.9999877,12.0,0.0,1.84262186,9.51212055e-06,-8.05602162e-06,7.99411229e-05,0.000131870155
0.0344252247,11.9883369,-20.8677939,0.0171811589,-20.8683012,11.9875352,-20.8665416,1.22365899,0.620194228,11.9999875,12.0,0.0,1.84227257,-9.5537646e-06,8.01673639e-06,-7.9980051e-05,0.000135737214
0.0345252247,11.9868742,-20.9781513,0.0190722353,-20.9776697,11.9876796,-20.9794284,1.2240208,0.621303674,11.9999877,12.0,0.0,1.84262188,9.51374076e-06,-8.05415206e-06,7.9942279e-05,0.000131869817
0.0346252247,11.988337,-21.06583,0.0171814424,-21.0663358,11.9875352,-21.0645763,1.22365904,0.620194391,11.9999875,12.0,0.0,1.84227261,-9.55091938e-06,8.01844318e-06,-7.99776318e-05,0.000135736612
0.0347252247,11.9868744,-21.1346947,0.019072394,-21.1342119,11.9876796,-21.1359707,1.22402082,0.621303765,11.9999877,12.0,0.0,1.8426219,9.51535462e-06,-8.05228147e-06,7.99434381e-05,0.000131869485
0.0348252247,11.9883372,-21.1807269,0.0171817246,-21.1812312,11.9875351,-21.1794717,1.22365909,0.620194555,11.9999875,12.0,0.0,1.84227266,-9.54808362e-06,8.02015108e-06,-7.99752131e-05,0.000135736017
0.0349252247,11.9868745,-21.2078311,0.019072552,-21.2073471,11.9876796,-21.2091059,1.22402085,0.621303856,11.9999877,12.0,0.0,1.84262193,9.51696498e-06,-8.05041022e-06,7.9944599e-05,0.000131869159
0.0350252247,11.9883373,-21.2120312,0.0171820059,-21.2125339,11.9875351,-21.2107745,1.22365914,0.620194719,11.9999875,12.0,0.0,1.84227271,-9.54525221e-06,8.02185952e-06,-7.99727946e-05,0.000135735427
0.0351252247,11.9868747,-21.1972717,0.0190727094,-21.1967865,11.9876796,-21.1985453,1.22402088,0.621303947,11.9999877,12.0,0.0,1.84262195,9.51857453e-06,-8.04853868e-06,7.99457605e-05,0.000131868839
0.0352252247,11.9883375,-21.1596193,0.0171822869,-21.1601205,11.9875352,-21.1583611,1.2236592,0.620194884,11.9999875,12.0,0.0,1.84227276,-9.54242019e-06,8.02356792e-06,-7.9970376e-05,0.000135734844
0.0353252247,11.9868749,-21.1030582,0.0190728666,-21.102572,11.9876796,-21.1043308,1.22402091,0.621304039,11.9999877,12.0,0.0,1.84262198,9.52018593e-06,-8.04666724e-06,7.99469213e-05,0.000131868523
0.0354252247,11.9883377,-21.023698,0.017182568,-21.0241977,11.9875352,-21.0224384,1.22365925,0.620195049,11.9999875,12.0,0.0,1.84227281,-9.53958259e-06,8.02527568e-06,-7.99679569e-05,0.000135734264
0.0355252247,11.9868752,-20.9255626,0.0190730238,-20.9250752,11.9876796,-20.926834,1.22402094,0.621304132,11.9999877,12.0,0.0,1.84262202,9.52180189e-06,-8.04479628e-06,7.99480801e-05,0.000131868212
0.0356252247,11.9883379,-20.8048039,0.0171828499,-20.8053021,11.9875352,-20.8035428,1.22365931,0.620195216,11.9999875,12.0,0.0,1.84227287,-9.53673425e-06,8.02698223e-06,-7.99655372e-05,0.000135733687
0.0357252247,11.9868754,-20.6654852,0.0190731812,-20.6649967,11.9876797,-20.6667556,1.22402097,0.621304227,11.9999877,12.0,0.0,1.84262205,9.52342535e-06,-8.04292615e-06,7.99492357e-05,0.000131867905
0.0358252247,11.9883382,-20.5038007,0.0171831329,-20.5042974,11.9875353,-20.5025382,1.22365937,0.620195385,11.9999875,12.0,0.0,1.84227293,-9.53386966e-06,8.02868706e-06,-7.99631164e-05,0.000135733113
0.0359252247,11.9868757,-20.3238526,0.0190733393,-20.3233629,11.9876798,-20.3251218,1.22402101,0.621304322,11.9999877,12.0,0.0,1.84262209,9.52505961e-06,-8.04105714e-06,7.9950387e-05,0.0001318676
0.0360252247,11.9883385,-20.1218764,0.0171834176,-20.1223716,11.9875354,-20.1206125,1.22365943,0.620195555,11.9999875,12.0,0.0,1.84227299,-9.53098279e-06,8.03038969e-06,-7.9960694e-05,0.000135732539
0.0361252247,11.986876,-19.9020129,0.0190734982,-19.901522,11.9876799,-19.903281,1.22402105,0.621304418,11.9999877,12.0,0.0,1.84262213,9.52670849e-06,-8.03918946e-06,7.99515328e-05,0.000131867298
0.0362252247,11.9883387,-19.6605383,0.0171837048,-19.661032,11.9875355,-19.659273,1.22365949,0.620195728,11.9999875,12.0,0.0,1.84227306,-9.52806684e-06,8.03208974e-06,-7.99582696e-05,0.000135731964
0.0363252247,11.9868763,-19.401631,0.0190736585,-19.401139,11.98768,-19.402898,1.22402109,0.621304516,11.9999877,12.0,0.0,1.84262218,9.52837653e-06,-8.03732323e-06,7.99526719e-05,0.000131866997
0.0364252247,11.9883391,-19.1216072,0.0171839951,-19.1220994,11.9875357,-19.1203403,1.22365956,0.620195903,11.9999875,12.0,0.0,1.84227313,-9.52511398e-06,8.03378691e-06,-7.99558424e-05,0.000135731387
0.0365252247,11.9868766,-18.8246817,0.0190738205,-18.8241885,11.9876802,-18.8259475,1.22402113,0.621304616,11.9999877,12.0,0.0,1.84262222,9.53006926e-06,-8.03545843e-06,7.99538035e-05,0.000131866696
0.0366252247,11.9883394,-18.5072098,0.0171842893,-18.5077005,11.9875358,-18.5059415,1.22365962,0.620196081,11.9999875,12.0,0.0,1.8422732,-9.52211506e-06,8.03548107e-06,-7.99534116e-05,0.000135730806
0.0367252247,11.986877,-18.1734419,0.019073985,-18.1729476,11.9876803,-18.1747066,1.22402117,0.621304718,11.9999877,12.0,0.0,1.84262227,9.53179347e-06,-8.0335949e-06,7.99549267e-05,0.000131866394
0.0368252247,11.9883397,-17.819771,0.0171845885,-17.8202602,11.987536,-17.8185012,1.22365969,0.620196263,11.9999875,12.0,0.0,1.84227327,-9.51905911e-06,8.03717223e-06,-7.99509761e-05,0.000135730218
0.0369252247,11.9868773,-17.4504818,0.0190741526,-17.4499863,11.9876805,-17.4517453,1.22402122,0.621304823,11.9999877,12.0,0.0,1.84262232,9.53355769e-06,-8.03173225e-06,7.99560407e-05,0.00013186609
0.0370252247,11.9883401,-17.0620039,0.0171848939,-17.0624914,11.9875362,-17.0607325,1.22365977,0.620196449,11.9999875,12.0,0.0,1.84227335,-9.51593285e-06,8.03886062e-06,-7.99485345e-05,0.000135729621
0.0371252247,11.9868777,-16.6586546,0.0190743242,-16.6581579,11.9876807,-16.659917,1.22402126,0.62130493,11.9999877,12.0,0.0,1.84262238,9.53537272e-06,-8.02986987e-06,7.9957145e-05,0.000131865781
0.0372252247,11.9883404,-16.2368988,0.0171852069,-16.2373848,11.9875364,-16.235626,1.22365984,0.62019664,11.9999875,12.0,0.0,1.84227344,-9.51271988e-06,8.0405467e-06,-7.99460851e-05,0.000135729012
0.0373252247,11.9868781,-15.8010853,0.0190745011,-15.8005874,11.9876809,-15.8023464,1.22402131,0.621305042,11.9999877,12.0,0.0,1.84262244,9.53725239e-06,-8.02800686e-06,7.99582392e-05,0.000131865464
0.0374252247,11.9883408,-15.3477123,0.0171855293,-15.3481967,11.9875366,-15.3464379,1.22365992,0.620196838,11.9999875,12.0,0.0,1.84227352,-9.50939966e-06,8.04223126e-06,-7.99436259e-05,0.000135728387
0.0375252247,11.9868785,-14.8811582,0.0190746847,-14.8806591,11.9876811,-14.8824182,1.22402136,0.621305158,11.9999877,12.0,0.0,1.8426225,9.5392147e-06,-8.02614191e-06,7.99593233e-05,0.000131865137
0.0376252247,11.9883412,-14.3979535,0.0171858635,-14.3984362,11.9875369,-14.3966775,1.22366,0.620197043,11.9999875,12.0,0.0,1.84227361,-9.50594602e-06,8.04391546e-06,-7.99411543e-05,0.00013572774
0.0377252247,11.9868789,-13.9025041,0.0190748772,-13.9020037,11.9876814,-13.9037629,1.22402142,0.621305279,11.9999877,12.0,0.0,1.84262256,9.54128338e-06,-8.02427332e-06,7.99603976e-05,0.000131864795
0.0378252247,11.9883417,-13.3913707,0.0171862125,-13.3918517,11.9875371,-13.390093,1.22366009,0.620197257,11.9999875,12.0,0.0,1.84227371,-9.50232501e-06,8.04560091e-06,-7.99386672e-05,0.000135727066
0.0379252247,11.9868794,-12.8689851,0.0190750811,-12.8684835,11.9876816,-12.8702426,1.22402148,0.621305408,11.9999877,12.0,0.0,1.84262263,9.54349025e-06,-8.02239881e-06,7.99614626e-05,0.000131864433
0.0380252247,11.9883421,-12.3319364,0.0171865801,-12.3324156,11.9875374,-12.330657,1.22366018,0.620197483,11.9999875,12.0,0.0,1.84227381,-9.49849163e-06,8.04728983e-06,-7.99361606e-05,0.000135726355
0.0381252247,11.9868798,-11.7846802,0.0190753,-11.7841772,11.9876819,-11.7859364,1.22402154,0.621305546,11.9999877,12.0,0.0,1.84262271,9.54587889e-06,-8.02051543e-06,7.99625198e-05,0.000131864042
0.0382252247,11.9883425,-11.2238318,0.0171869715,-11.2243092,11.9875377,-11.2225506,1.22366027,0.620197723,11.9999876,12.0,0.0,1.84227392,-9.49438485e-06,8.04898512e-06,-7.99336299e-05,0.000135725597
0.0383252247,11.9868803,-10.6538686,0.0190755391,-10.6533642,11.9876822,-10.6551233,1.2240216,0.621305696,11.9999877,12.0,0.0,1.84262278,9.54851042e-06,-8.01861935e-06,7.99635708e-05,0.000131863613
0.0384252247,11.988343,-10.0714301,0.017187394,-10.0719055,11.987538,-10.070147,1.22366037,0.620197981,11.9999876,12.0,0.0,1.84227403,-9.48991945e-06,8.05069061e-06,-7.99310691e-05,0.000135724777
0.0385252247,11.9868807,-9.48101309,0.0190758054,-9.48050715,11.9876824,-9.48226636,1.22402167,0.621305863,11.9999877,12.0,0.0,1.84262287,9.55147317e-06,-8.01670572e-06,7.99646184e-05,0.00013186313
0.0386252247,11.9883434,-8.87927931,0.0171878579,-8.87975265,11.9875382,-8.87799422,1.22366049,0.620198264,11.9999876,12.0,0.0,1.84227415,-9.48497233e-06,8.05241126e-06,-7.99284711e-05,0.000135723873
0.0387252247,11.9868812,-8.2707425,0.0190761095,-8.27023491,11.9876827,-8.27199415,1.22402175,0.621306052,11.9999877,12.0,0.0,1.84262296,9.55489964e-06,-8.01476828e-06,7.99656664e-05,0.000131862573
0.0388252247,11.9883439,-7.65208439,0.0171883781,-7.65255545,11.9875386,-7.65079707,1.22366061,0.620198581,11.9999876,12.0,0.0,1.84227428,-9.47935782e-06,8.05415351e-06,-7.99258266e-05,0.000135722852
0.0389252247,11.9868817,-7.02783326,0.0190764678,-7.02732384,11.987683,-7.0290831,1.22402184,0.621306272,11.9999877,12.0,0.0,1.84262306,9.5589982e-06,-8.01279902e-06,7.996672e-05,0.000131861907
0.0390252247,11.9883444,-6.3946886,0.0171889783,-6.39515711,11.9875389,-6.39339879,1.22366075,0.620198944,11.9999876,12.0,0.0,1.84227443,-9.47278017e-06,8.05592573e-06,-7.99231245e-05,0.000135721666
0.0391252247,11.9868822,-5.75719066,0.0190769065,-5.75667913,11.9876834,-5.75843841,1.22402195,0.62130654,11.9999877,12.0,0.0,1.84262318,9.56411761e-06,-8.01078764e-06,7.99677864e-05,0.000131861078
0.0392252247,11.9883449,-5.11205445,0.017189697,-5.11252,11.9875392,-5.11076174,1.22366091,0.620199377,11.9999876,12.0,0.0,1.8422746,-9.46473269e-06,8.05773882e-06,-7.99203503e-05,0.000135720234
0.0393252247,11.9868827,-4.46382952,0.0190774721,-4.46331543,11.9876837,-4.46507473,1.22402208,0.621306882,11.9999877,12.0,0.0,1.84262332,9.57089306e-06,-8.00872075e-06,7.99688752e-05,0.000131859992
0.0394252247,11.9883454,-3.80924416,0.0171906045,-3.80970611,11.9875395,-3.80794791,1.2236611,0.620199921,11.9999876,12.0,0.0,1.8422748,-9.45425497e-06,8.05960708e-06,-7.99174858e-05,0.000135718408
0.0395252247,11.9868833,-3.15285446,0.0190782543,-3.15233707,11.987684,-3.1540964,1.22402225,0.62130735,11.9999877,12.0,0.0,1.8426235,9.58063162e-06,-8.00658082e-06,7.99699997e-05,0.000131858467
0.0396252247,11.9883459,-2.49139982,0.017191844,-2.49185706,11.9875398,-2.49009892,1.22366136,0.620200658,11.9999876,12.0,0.0,1.84227506,-9.43922922e-06,8.06154951e-06,-7.99145072e-05,0.00013571589
0.0397252247,11.9868838,-1.82943999,0.0190794581,-1.82891788,11.9876843,-1.83067722,1.22402249,0.621308064,11.9999877,12.0,0.0,1.84262375,9.59659273e-06,-8.00434462e-06,7.99711778e-05,0.000131856084
0.0398252247,11.9883464,-1.16372359,0.0171937761,-1.16417378,11.9875402,-1.16241571,1.22366174,0.6202018,11.9999876,12.0,0.0,1.84227545,-9.41363069e-06,8.06359161e-06,-7.99113833e-05,0.000135711924
0.0399252247,11.9868843,-0.498811112,0.0190816998,-0.49828078,11.9876846,-0.500040151,1.22402293,0.621309384,11.9999877,12.0,0.0,1.84262418,9.63041148e-06,-8.00198082e-06,7.99724349e-05,0.000131851592
0.0400252247,11.9883471,0.168422788,0.0172210313,0.168103961,11.9875405,0.169861939,1.22366263,0.620215038,11.9999876,12.0,0.0,1.8422763,-9.03189132e-06,8.06575168e-06,-7.99080722e-05,0.000135647135
0.0401252247,11.9868895,0.602909762,0.0729984858,0.834322805,11.9876927,0.832563381,1.23078892,0.650054257,11.9999877,12.0,0.0,1.84900178,0.000710413294,-8.0323704e-06,7.99738053e-05,5.63690529e-05
0.0402252247,11.9883552,0.769124999,0.181297399,1.49971827,11.9875524,1.50147617,1.23378477,0.676456486,11.9999876,12.0,0.0,1.8518174,0.00220858407,8.02783397e-06,-7.99045158e-05,2.28048548e-05
0.0402996237,11.9868999,1.22413311,0.632599099,1.99384213,11.9876966,1.99208268,1.23389024,0.677733885,11.9999877,12.0,0.0,1.85192508,0.00234044497,-7.9672624e-06,7.99748112e-05,2.17946291e-05
0.0403793817,11.9883561,1.73958824,1.14817326,2.52234053,11.9875528,2.52409838,1.23387595,0.677726743,11.9999876,12.0,0.0,1.85190336,0.00236395093,8.03424204e-06,-7.99009735e-05,2.17886107e-05
0.0404793817,11.9869005,2.39489956,1.80227002,3.18269154,11.9876969,3.1809321,1.23389026,0.6777339,11.9999877,12.0,0.0,1.85192513,0.00239596209,-7.9628788e-06,7.99761041e-05,2.17946409e-05
0.0405793817,11.9883565,3.03711314,2.44439513,3.83990162,11.9875531,3.84165939,1.23387598,0.67772676,11.9999876,12.0,0.0,1.85190341,0.0024246629,8.03483639e-06,-7.98967614e-05,2.17886243e-05
0.0406793817,11.9869012,3.68559434,3.09178471,4.49332218,11.9876972,4.4915627,1.2338903,0.677733917,11.9999877,12.0,0.0,1.85192518,0.00245624068,-7.95809867e-06,7.99781486e-05,2.17946538e-05
0.0407793817,11.9883568,4.31971201,3.72574445,5.14230837,11.9875535,5.14406605,1.23387602,0.677726777,11.9999876,12.0,0.0,1.85190346,0.00248469533,8.03563068e-06,-7.98919704e-05,2.17886374e-05
0.0408793817,11.9869021,4.95881935,4.3638662,5.78621973,11.9876975,5.78446021,1.23389033,0.677733934,11.9999877,12.0,0.0,1.85192523,0.00251574714,-7.95277602e-06,7.9980693e-05,2.17946665e-05
0.0409793817,11.9883572,5.58232841,4.98716578,6.42442079,11.9875538,6.42617835,1.23387605,0.677726794,11.9999876,12.0,0.0,1.8519035,0.0025437839,8.03674755e-06,-7.98863357e-05,2.17886503e-05
0.0410793817,11.9869029,6.20955858,5.61350268,7.05628171,11.9876979,7.05452213,1.23389036,0.67773395,11.9999877,12.0,0.0,1.85192527,0.00257421274,-7.94669076e-06,7.99840298e-05,2.1794679e-05
0.0411793817,11.9883577,6.81997359,6.22367056,7.68117894,11.9875541,7.68293637,1.23387608,0.67772681,11.9999876,12.0,0.0,1.85190355,0.00260171096,8.03838976e-06,-7.98794007e-05,2.17886629e-05
0.0412793817,11.9869039,7.4328729,6.83575786,8.29849578,11.9876982,8.29673612,1.23389039,0.677733966,11.9999877,12.0,0.0,1.85192532,0.00263141054,-7.93947515e-06,7.99887026e-05,2.17946914e-05
0.0413793817,11.9883582,8.02776502,7.43037694,8.907623,11.9875544,8.90938025,1.23387611,0.677726826,11.9999876,12.0,0.0,1.8519036,0.00265824066,8.04092671e-06,-7.98702923e-05,2.17886754e-05
0.0414793817,11.986905,8.6239343,8.02580631,9.50795947,11.9876985,9.50619969,1.23389042,0.677733982,11.9999877,12.0,0.0,1.85192537,0.00268711115,-7.93046725e-06,7.99958552e-05,2.17947036e-05
0.0415793817,11.9883587,9.20093602,8.60251871,10.0989127,11.9875547,10.1006698,1.23387614,0.677726842,11.9999876,12.0,0.0,1.85190365,0.00271314924,8.04510331e-06,-7.98570615e-05,2.17886877e-05
0.0416793817,11.9869063,9.7780419,9.17894933,10.6798996,11.9876988,10.6781396,1.23389045,0.677733998,11.9999877,12.0,0.0,1.85192541,0.00274109186,-7.91830779e-06,8.00084159e-05,2.17947156e-05
0.0417793817,11.9883596,10.3348563,9.73546607,11.2503467,11.987555,11.2521033,1.23387617,0.677726858,11.9999876,12.0,0.0,1.85190369,0.00276621973,8.05267691e-06,-7.98340486e-05,2.17887e-05
0.0418793817,11.9869081,10.8906403,10.2906333,11.809691,11.9876991,11.8079307,1.23389048,0.677734013,11.9999877,12.0,0.0,1.85192546,0.00279313742,-7.89956864e-06,8.00376416e-05,2.17947279e-05
0.0419793817,11.9883899,11.4250001,10.8246922,12.3573806,11.987583,12.3585279,1.23387895,0.67772825,11.9999876,12.0,0.0,1.85190792,0.00281732658,8.06907463e-06,-5.21442411e-05,2.1789871e-05
0.0420793817,11.9973465,11.9390927,11.3373124,12.892875,11.9981336,12.6615534,1.23492665,0.678252101,11.9999981,12.0,0.0,1.85350177,0.00289812036,-7.8709714e-06,0.0105146329,2.22356879e-05
0.0421793817,12.0225122,12.4012704,11.7973376,13.4156457,12.018465,12.7380841,1.23694339,0.679260467,12.0000184,12.0,0.0,1.85657106,0.00303339278,4.04717961e-05,0.0308061148,2.31196852e-05
0.0422667668,12.0975331,12.6223494,12.0164092,13.8616471,12.0373279,12.7814626,1.23881178,0.680194662,12.0000373,12.0,0.0,1.85941615,0.00315344484,0.000624804185,0.0491998862,2.39699911e-05
0.0423474692,12.1872907,12.74981,12.1422332,14.2642698,12.0548355,12.8149648,1.24054348,0.681060512,12.0000548,12.0,0.0,1.86205452,0.00326472019,0.00132474084,0.0659630823,2.4785989e-05
0.0424474692,12.2998475,12.8889749,12.2792485,14.7504206,12.0762864,12.8512958,1.24266197,0.682119758,12.0000762,12.0,0.0,1.86528406,0.00340513316,0.00226296108,0.0863890911,2.58221214e-05
0.0425474692,12.4111316,13.0165616,12.4047968,15.2220145,12.098107,12.8849969,1.24481318,0.683195364,12.000098,12.0,0.0,1.8685657,0.0035529488,0.00313612382,0.10625772,2.69185887e-05
0.0426474692,12.5212418,13.1380983,12.5236033,15.6785862,12.1266025,12.9230877,1.24761657,0.684597056,12.0001265,12.0,0.0,1.87284565,0.00375225541,0.003949881,0.1252671,2.84176339e-05
0.0427474692,12.6330679,13.2567797,12.6373857,16.119685,12.18075,12.9850177,1.25292328,0.687250411,12.0001806,12.0,0.0,1.88095929,0.0041523038,0.00452320678,0.142484899,3.1487638e-05
0.0428474692,12.7418738,13.3688508,12.742335,16.5448756,12.2587581,13.0693229,1.2605187,0.69104812,12.0002585,12.0,0.0,1.89260142,0.00479316932,0.00483116962,0.157979676,3.64675795e-05
0.0429474692,12.8405817,13.4692992,12.8354434,16.9537384,12.3407792,13.1568976,1.26843371,0.695005625,12.0003404,12.0,0.0,1.9047754,0.00556088223,0.00499828048,0.172585352,4.24968669e-05
0.0430474692,12.9278223,13.55745,12.9166859,17.3458699,12.4185085,13.2395868,1.27585876,0.698718148,12.0004181,12.0,0.0,1.91624093,0.00638698022,0.00509319113,0.186649943,4.90561463e-05
0.0431474692,13.0045168,13.6347678,12.9878599,17.7208832,12.4890929,13.3147526,1.28252989,0.702053717,12.0004886,12.0,0.0,1.92658524,0.00722800862,0.00515425383,0.200279121,5.58085238e-05
0.0432474692,13.0721302,13.7027505,13.0503667,18.078408,12.5526155,13.3824483,1.28846957,0.705023556,12.0005521,12.0,0.0,1.93583428,0.00806449591,0.00519515288,0.213453011,6.25989036e-05
0.0433474692,13.1319624,13.7628766,13.1056745,18.4180917,12.6096228,13.4433248,1.29374395,0.707660742,12.000609,12.0,0.0,1.94408181,0.00888337377,0.00522339807,0.226125991,6.93182193e-05
0.0434474692,13.185128,13.816211,13.1547247,18.7395989,12.660794,13.4980253,1.29842984,0.710003691,12.0006601,12.0,0.0,1.95143928,0.00967606067,0.00524334091,0.2382535,7.58905247e-05
0.0435474692,13.2324945,13.8637328,13.1984695,19.0426124,12.706733,13.5472276,1.30259508,0.712086311,12.000706,12.0,0.0,1.95800531,0.0104359903,0.00525761469,0.249790337,8.22539113e-05
0.0436474692,13.2747799,13.9060978,13.2374716,19.3268332,12.7479873,13.5914492,1.3063003,0.713938917,12.0007472,12.0,0.0,1.96386851,0.0111585654,0.0052679265,0.260699353,8.83615714e-05
0.0437474692,13.3133205,13.9447346,13.2730668,19.5919807,12.7856849,13.631903,1.30967033,0.715623932,12.0007849,12.0,0.0,1.96921139,0.0118583661,0.00527636689,0.271126317,9.43096866e-05
0.0438474692,13.3468027,13.97825,13.3039553,19.8377933,12.8186596,13.6673365,1.31257726,0.717077399,12.0008178,12.0,0.0,1.97384636,0.0124919807,0.00528143229,0.280644615,9.97611109e-05
0.0439474692,13.3766466,14.0081427,13.3315452,20.0640283,12.8481294,13.699042,1.31515578,0.718366658,12.0008473,12.0,0.0,1.97797036,0.0130798803,0.00528517463,0.289460062,0.00010485981
0.0440474692,13.4030984,14.0346073,13.3559632,20.2704626,12.8743136,13.7272253,1.31743034,0.719503936,12.0008734,12.0,0.0,1.98161903,0.0136201277,0.00528784836,0.297534622,0.000109573356
0.0441474692,13.4263847,14.0579229,13.377506,20.4568924,12.897411,13.7521118,1.31942361,0.720500572,12.0008965,12.0,0.0,1.98482518,0.0141099899,0.00528973794,0.304855958,0.000113877871
0.0442474692,13.4467017,14.0782418,13.3962724,20.6231337,12.9175967,13.7738664,1.3211553,0.721366419,12.0009167,12.0,0.0,1.98761745,0.0145490167,0.00529105002,0.311402293,0.000117754541
0.0443474692,13.4641967,14.0957549,13.4124686,20.7690225,12.9350027,13.7926415,1.32264068,0.72210911,12.0009341,12.0,0.0,1.99001781,0.0149353055,0.00529193985,0.317163686,0.000121184785
0.0444474692,13.4789994,14.1105541,13.4261473,20.8944148,12.9497466,13.8085462,1.32389312,0.722735329,12.0009488,12.0,0.0,1.99204562,0.0152685001,0.00529252745,0.322124845,0.000124154616
0.0445474692,13.4912041,14.1227706,13.4374532,20.9991867,12.961914,13.8216816,1.32492266,0.723250098,12.000961,12.0,0.0,1.99371527,0.0155473323,0.00529290051,0.326278295,0.000126650318
0.0446474692,13.5008935,14.1324546,13.4464073,21.0832351,12.9715807,13.832116,1.32573797,0.723657752,12.0009706,12.0,0.0,1.99503927,0.0157715466,0.00529312838,0.329613944,0.000128662253
0.0447474692,13.5081232,14.1396926,13.4531091,21.1464768,12.9787974,13.8399122,1.3263451,0.723961319,12.0009778,12.0,0.0,1.99602627,0.0159403519,0.00529325835,0.332126729,0.000130181209
0.0448474692,13.5129402,14.1445037,13.457556,21.1888495,12.9836075,13.8451066,1.32674902,0.724163279,12.0009826,12.0,0.0,1.99668342,0.0160536091,0.00529332717,0.333810938,0.000131201677
0.0449474692,13.5153691,14.1469389,13.4598115,21.2103114,12.9860336,13.847731,1.3269525,0.724265016,12.000985,12.0,0.0,1.99701463,0.0161109101,0.00529335496,0.334663955,0.000131718765
0.0450474692,13.5154272,14.1469915,13.4598532,21.2108412,12.9860918,13.8477945,1.3269573,0.724267419,12.0009851,12.0,0.0,1.9970225,0.0161122513,0.00529335439,0.334683941,0.000131731001
0.0451474692,13.5131118,14.1446809,13.4577136,21.1904385,12.9837794,13.8453015,1.32676324,0.724170386,12.0009828,12.0,0.0,1.99670669,0.016057553,0.00529332391,0.333870827,0.000131237735
0.0452474692,13.5084121,14.1399758,13.4533509,21.1491234,12.9790867,13.8402353,1.32636906,0.723973298,12.0009781,12.0,0.0,1.99606547,0.01594697,0.00529325465,0.332226376,0.000130241516
0.0453474692,13.5012982,14.1328651,13.4467674,21.0869367,12.9719859,13.8325729,1.32577159,0.723674565,12.000971,12.0,0.0,1.99509425,0.0157807249,0.00529312338,0.329753232,0.000128745916
0.0454474692,13.4917297,14.1232905,13.4378995,21.0039397,12.96244,13.8222702,1.32496644,0.723271988,12.0009615,12.0,0.0,1.99378676,0.0155591603,0.00529289724,0.326456684,0.00012675755
0.0455474692,13.4796456,14.1112066,13.426717,20.9002143,12.950393,13.8092738,1.32394711,0.722762325,12.0009494,12.0,0.0,1.99213366,0.0152827995,0.00529252591,0.322342348,0.000124284265
0.0456474692,13.4649705,14.0965226,13.4131282,20.775863,12.9357761,13.7935073,1.32270556,0.722141547,12.0009348,12.0,0.0,1.9901234,0.0149522137,0.005291944,0.317419153,0.00012133686
0.0457474692,13.447604,14.0791511,13.3970637,20.6310084,12.9184979,13.7748798,1.32123127,0.721404405,12.0009176,12.0,0.0,1.98774085,0.0145682531,0.00529106108,0.311696078,0.000117927606
0.0458474692,13.4274249,14.058957,13.3783932,20.4657935,12.8984488,13.7532731,1.31951159,0.720544566,12.0008976,12.0,0.0,1.98496776,0.0141317798,0.00528976086,0.305186025,0.000114071732
0.0459474692,13.4042791,14.0357965,13.356995,20.2803813,12.8754905,13.7285474,1.31753075,0.719554146,12.0008746,12.0,0.0,1.98178132,0.0136440337,0.00528788637,0.29790193,0.000109786269
0.0460474692,13.3779807,14.0094709,13.3326817,20.0749549,12.8494575,13.7005269,1.31526989,0.718423713,12.0008486,12.0,0.0,1.97815423,0.0131062716,0.00528523308,0.289861306,0.000105091373
0.0461474692,13.3482974,13.9797553,13.3052572,19.8497168,12.8201451,13.669003,1.31270591,0.717141724,12.0008193,12.0,0.0,1.97405299,0.0125202484,0.00528152333,0.281081957,0.000100009524
0.0462474692,13.3149461,13.9463539,13.2744461,19.6048895,12.7873078,13.6337178,1.30981118,0.715694357,12.0007865,12.0,0.0,1.96943742,0.0118877993,0.00527638584,0.271587069,9.45668218e-05
0.0463474692,13.2775745,13.9089182,13.2399381,19.3407146,12.7506445,13.594363,1.30655205,0.714064792,12.0007499,12.0,0.0,1.96425851,0.0112114386,0.00526930451,0.261400711,8.87926438e-05
0.0464474692,13.2347535,13.865992,13.200402,19.0574527,12.7089312,13.5496653,1.30279337,0.712185452,12.0007082,12.0,0.0,1.95831853,0.0104734955,0.0052582227,0.250354045,8.25697973e-05
0.0465474692,13.187656,13.8187638,13.1569267,18.7553833,12.6632382,13.5007422,1.29865246,0.710115001,12.0006626,12.0,0.0,1.95178958,0.00971530112,0.00524417801,0.238847427,7.62178223e-05
0.0466474692,13.1348064,13.7657289,13.1081106,18.4348047,12.6123495,13.446338,1.29399481,0.707786177,12.0006117,12.0,0.0,1.94447497,0.0089241807,0.00522456977,0.226748628,6.96552016e-05
0.0467474692,13.0753307,13.7059917,13.0531586,18.0960332,12.5556508,13.3858106,1.28875177,0.705164654,12.0005551,12.0,0.0,1.9362747,0.00810640616,0.00519680017,0.214101215,6.29413255e-05
0.0468474692,13.0081442,13.6384225,12.9909815,17.7394031,12.4924838,13.3184847,1.28284853,0.702213037,12.000492,12.0,0.0,1.92708045,0.00727067177,0.00515660712,0.200951095,5.61533486e-05
0.0469474692,12.9319366,13.5616396,12.9203009,17.3652663,12.4222867,13.2437577,1.27621765,0.698897594,12.0004219,12.0,0.0,1.91679633,0.00642971359,0.00509650971,0.187341665,4.93976705e-05
0.0470474692,12.8452745,13.4740602,12.8395209,16.9739921,12.3450573,13.1615835,1.2688444,0.695210971,12.0003447,12.0,0.0,1.90540836,0.00560374121,0.00500220632,0.173291863,4.28355993e-05
0.0471474692,12.7471031,13.3743077,12.7471488,16.5659666,12.2627919,13.0738501,1.26090973,0.691243636,12.0002625,12.0,0.0,1.89320181,0.00482859178,0.0048432548,0.158733644,3.67442865e-05
0.0472474692,12.6386931,13.262783,12.6427758,16.1415925,12.1842918,12.9891062,1.25326945,0.687423496,12.0001841,12.0,0.0,1.88148912,0.00417965438,0.00454401523,0.143294833,3.16990552e-05
0.0473474692,12.5267599,13.1444078,12.5296234,15.7012886,12.1285792,12.9257937,1.24781062,0.684694081,12.0001285,12.0,0.0,1.87314215,0.00376631994,0.00398181578,0.126158865,2.85244349e-05
0.0474474692,12.4166393,13.0232215,12.4112325,15.2454894,12.0992358,12.8869801,1.24492483,0.683251188,12.0000991,12.0,0.0,1.8687358,0.00356076329,0.00317706749,0.107219007,2.69767489e-05
0.0475474692,12.3054541,12.8958652,12.285988,14.7746448,12.0773475,12.8534698,1.24276668,0.682172114,12.0000773,12.0,0.0,1.86544374,0.00341222126,0.0022841857,0.0873439936,2.58744438e-05
0.0476474692,12.1926476,12.7583164,12.1505131,14.2892193,12.0559032,12.8173934,1.240649,0.681113275,12.0000558,12.0,0.0,1.86221533,0.00327165614,0.00137531739,0.0669357042,2.48366021e-05
0.0477474692,12.0816036,12.5990464,11.9933723,13.7896922,12.0341826,12.7758856,1.2385004,0.680038974,12.0000341,12.0,0.0,1.85894191,0.00313380743,0.000506532846,0.0461651799,2.38261426e-05
0.0478474692,12.0122685,12.2895981,11.6861422,13.2765562,12.0127681,12.7233285,1.2363786,0.678978073,12.0000128,12.0,0.0,1.85571133,0.00299577908,-4.22067834e-07,0.0251478479,2.28686364e-05
0.0479095951,12.0005205,11.9891016,11.3870608,12.9511348,12.0001351,12.6760376,1.23512532,0.678351432,12.0000001,12.0,0.0,1.85380404,0.00291139753,3.85434421e-06,0.0125046427,2.23212459e-05
0.0479445655,11.9931973,11.8206757,11.2193775,12.7657782,11.9936065,12.6341382,1.2344772,0.678027373,11.9999936,12.0,0.0,1.85281797,0.00286803964,-4.09260914e-06,0.00598717048,2.20433297e-05
0.0479777037,11.9893352,11.6518269,11.0511102,12.5887109,11.9889509,12.5596725,1.23401483,0.677796188,11.999989,12.0,0.0,1.8521146,0.00283519988,3.84272413e-06,0.00132334143,2.18471804e-05
0.0480142507,11.9873216,11.4626413,10.8622175,12.3918479,11.9877301,12.3894924,1.23389356,0.677735554,11.9999877,12.0,0.0,1.85193014,0.0028198624,-4.08482471e-06,0.00010707233,2.17960257e-05
0.048031466,11.9879553,11.3684594,10.7681157,12.298549,11.9875716,12.2998543,1.23387782,0.677727682,11.9999876,12.0,0.0,1.8519062,0.00281461611,3.83718794e-06,-5.93328291e-05,2.17893927e-05
0.0480492715,11.9872829,11.2754233,10.6751579,12.2016731,11.9876895,12.2002098,1.23388953,0.677733539,11.9999877,12.0,0.0,1.85192401,0.0028108839,-4.06615813e-06,6.65163543e-05,2.17943273e-05
0.0480668157,11.9879463,11.1787043,10.5785172,12.1058455,11.9875637,12.1073234,1.23387703,0.677727289,11.9999876,12.0,0.0,1.851905,0.00280569692,3.82897843e-06,-6.58210541e-05,2.17890621e-05
0.0481019041,11.9872826,10.9912284,10.3911971,11.9130899,11.987688,11.9116575,1.23388938,0.677733465,11.9999877,12.0,0.0,1.85192379,0.00279759015,-4.05002066e-06,6.56558003e-05,2.17942659e-05
0.0481720808,11.9879475,10.6049779,10.005264,11.5232594,11.9875648,11.5247107,1.23387714,0.677727342,11.9999876,12.0,0.0,1.85190516,0.00277890537,3.83553588e-06,-6.59262926e-05,2.17891071e-05
0.0482720808,11.9872841,10.0507919,9.45154118,10.9581317,11.9876884,10.9566871,1.23388942,0.677733482,11.9999877,12.0,0.0,1.85192384,0.00275368428,-4.03347052e-06,6.56826638e-05,2.17942805e-05
0.0483720808,11.9879485,9.48125972,8.88248701,10.3821896,11.9875646,10.3836396,1.23387712,0.677727331,11.9999876,12.0,0.0,1.85190513,0.00272638518,3.84647047e-06,-6.58991966e-05,2.17890988e-05
0.0484720808,11.9872853,8.90633602,8.30805449,9.79600151,11.9876881,9.79455692,1.23388939,0.677733468,11.9999877,12.0,0.0,1.8519238,0.00270012386,-4.02199619e-06,6.56979251e-05,2.17942699e-05
0.0485720808,11.9879491,8.31719122,7.71941392,9.20014598,11.9875643,9.2015958,1.23387709,0.677727317,11.9999876,12.0,0.0,1.85190509,0.00267191846,3.85293173e-06,-6.588475e-05,2.17890881e-05
0.0486720808,11.9872861,7.7238093,7.12654952,8.59521101,11.9876879,8.5937656,1.23388937,0.677733455,11.9999877,12.0,0.0,1.85192376,0.00264478164,-4.01397269e-06,6.57063294e-05,2.17942603e-05
0.0487720808,11.9879494,7.11736688,6.52063697,7.98179361,11.987564,7.98324297,1.23387706,0.677727302,11.9999876,12.0,0.0,1.85190505,0.00261577921,3.85726178e-06,-6.58751998e-05,2.17890773e-05
0.0488720808,11.9872865,6.50787778,5.91169107,7.36049914,11.9876876,7.35905357,1.23388934,0.67773344,11.9999877,12.0,0.0,1.85192372,0.00258787629,-4.00781177e-06,6.57117487e-05,2.17942489e-05
0.0489720808,11.9879495,5.88652131,5.29088944,6.73194074,11.9875637,6.73338992,1.23387703,0.677727287,11.9999876,12.0,0.0,1.851905,0.00255818889,3.86041785e-06,-6.58681168e-05,2.17890656e-05
0.0490720808,11.9872868,5.26333972,4.66827597,6.09673874,11.9876873,6.09529306,1.23388931,0.677733424,11.9999877,12.0,0.0,1.85192368,0.00252963256,-4.00277906e-06,6.57156012e-05,2.17942371e-05
0.0491720808,11.9879495,4.62951181,4.03502706,5.45551999,11.9875634,5.45696902,1.233877,0.677727271,11.9999876,12.0,0.0,1.85190496,0.00249937484,3.86286758e-06,-6.58624676e-05,2.17890535e-05
0.0492720808,11.9872869,3.99510652,3.40121394,4.8089173,11.987687,4.80747154,1.23388928,0.677733409,11.9999877,12.0,0.0,1.85192363,0.00247028031,-3.99848302e-06,6.57185372e-05,2.1794225e-05
0.0493720808,11.9879494,3.35129905,2.75800871,4.15756879,11.9875631,4.1590177,1.23387697,0.677727255,11.9999876,12.0,0.0,1.85190491,0.00243956921,3.86486725e-06,-6.58577297e-05,2.17890411e-05
0.0494720808,11.987287,2.70818316,2.11550804,3.50211726,11.9876867,3.50067144,1.23388925,0.677733392,11.9999877,12.0,0.0,1.85192358,0.00241005379,-3.99469378e-06,6.57208986e-05,2.17942127e-05
0.0495720808,11.9879493,2.05692743,1.46487674,2.84320956,11.9875628,2.84465838,1.23387694,0.677727238,11.9999876,12.0,0.0,1.85190486,0.00237900802,3.86656902e-06,-6.58536073e-05,2.17890285e-05
0.0496720808,11.9872871,1.40764844,0.816234861,2.18149596,11.9876864,2.18005009,1.23388922,0.677733376,11.9999877,12.0,0.0,1.85192354,0.00234919071,-3.99126667e-06,6.57228825e-05,2.17942002e-05
0.0497720808,11.9879496,0.778602807,0.189548058,1.51762948,11.9875624,1.51907818,1.23381021,0.676792526,11.9999876,12.0,0.0,1.85184194,0.00223560434,3.87194401e-06,-6.58499193e-05,2.25326348e-05
0.0498720808,11.9872903,0.611880872,0.0743799558,0.85226529,11.9876827,0.850819349,1.23089332,0.650704079,11.9999877,12.0,0.0,1.8490996,0.000732398649,-3.92364896e-06,6.5724611e-05,5.51928267e-05
0.0499544519,11.9879351,0.295790911,0.0200557812,0.303536635,11.987551,0.304985262,1.22418417,0.621867181,11.9999876,12.0,0.0,1.84276847,1.96317696e-05,3.84131843e-06,-6.58466685e-05,0.000129845469
0.0500367596,11.987278,-0.23827172,0.0164899255,-0.244972324,11.9876739,-0.246418286,1.22353629,0.619792583,11.9999877,12.0,0.0,1.84216489,-1.63455016e-05,-3.9593598e-06,6.5725565e-05,0.000137209033
0.0500908607,11.9879344,-0.611997147,0.0197017901,-0.605442944,11.9875507,-0.603994378,1.22412011,0.621661548,11.9999876,12.0,0.0,1.84270808,1.60270325e-05,3.83685688e-06,-6.58437925e-05,0.000130558157
0.0501422524,11.9872787,-0.941019983,0.0164952923,-0.947700137,11.9876738,-0.949146092,1.2235373,0.619795722,11.9999877,12.0,0.0,1.84216583,-1.62918937e-05,-3.95099568e-06,6.57252168e-05,0.000137197694
0.0502422524,11.9879338,-1.61944755,0.0197031763,-1.61288994,11.9875505,-1.61144144,1.22412035,0.621662343,11.9999876,12.0,0.0,1.84270828,1.60384592e-05,3.83307222e-06,-6.58408997e-05,0.000130555308
0.0503422524,11.9872789,-2.26982205,0.0164990149,-2.27648802,11.9876734,-2.27793401,1.22353797,0.61979789,11.9999877,12.0,0.0,1.84216645,-1.62547367e-05,-3.94517354e-06,6.57266105e-05,0.000137189784
0.0504422524,11.9879333,-2.94439995,0.0197041682,-2.93783948,11.9875501,-2.93639105,1.2241205,0.621662905,11.9999876,12.0,0.0,1.84270841,1.60485465e-05,3.83164548e-06,-6.5837997e-05,0.000130553237
0.0505422524,11.9872792,-3.5896351,0.0165013193,-3.59629165,11.9876731,-3.59773767,1.22353838,0.619799227,11.9999877,12.0,0.0,1.84216682,-1.62317377e-05,-3.93961892e-06,6.57279275e-05,0.000137184861
0.0506422524,11.9879328,-4.25775608,0.019704572,-4.25119471,11.9875498,-4.24974634,1.22412054,0.621663127,11.9999876,12.0,0.0,1.84270843,1.6052648e-05,3.83026978e-06,-6.58352214e-05,0.000130552354
0.0507422524,11.9872794,-4.89525316,0.0165030165,-4.90190236,11.9876728,-4.9033484,1.22353868,0.619800209,11.9999877,12.0,0.0,1.84216708,-1.62147945e-05,-3.93428431e-06,6.57291914e-05,0.000137181219
0.0508422524,11.9879324,-5.55433386,0.0197047258,-5.54777242,11.9875495,-5.5463241,1.22412054,0.621663203,11.9999876,12.0,0.0,1.84270842,1.6054205e-05,3.82895096e-06,-6.58325452e-05,0.000130551976
0.0509422524,11.9872796,-6.18152451,0.0165043839,-6.1881675,11.9876725,-6.18961357,1.22353891,0.619800998,11.9999877,12.0,0.0,1.84216728,-1.62011418e-05,-3.92913273e-06,6.5730419e-05,0.000137178271
0.0510422524,11.987932,-6.82901672,0.0197047541,-6.8224556,11.9875492,-6.82100734,1.22412052,0.621663206,11.9999876,12.0,0.0,1.84270838,1.60544855e-05,3.82769178e-06,-6.58299475e-05,0.000130551853
0.0511422524,11.9872798,-7.44337326,0.0165055467,-7.45001077,11.9876722,-7.45145686,1.2235391,0.619801667,11.9999877,12.0,0.0,1.84216744,-1.61895295e-05,-3.92413482e-06,6.5731623e-05,0.000137175756
0.0512422524,11.9879315,-8.07677425,0.0197047134,-8.07021367,11.9875489,-8.06876547,1.22412049,0.62166317,11.9999876,12.0,0.0,1.84270833,1.60540636e-05,3.82649298e-06,-6.58274118e-05,0.000130551871
0.0513422524,11.98728,-8.67581972,0.0165065717,-8.68245225,11.9876719,-8.68389837,1.22353927,0.619802255,11.9999877,12.0,0.0,1.84216759,-1.61792931e-05,-3.91926693e-06,6.57328125e-05,0.000137173533
0.0514422524,11.9879311,-9.29268223,0.0197046327,-9.28612229,11.9875486,-9.28467414,1.22412045,0.62166311,11.9999876,12.0,0.0,1.84270828,1.60532343e-05,3.82535395e-06,-6.58249256e-05,0.000130551971
0.0515422524,11.9872802,-9.87400015,0.0165074983,-9.88062805,11.9876716,-9.8820742,1.22353942,0.619802786,11.9999877,12.0,0.0,1.84216771,-1.61700395e-05,-3.91450972e-06,6.57339946e-05,0.000137171519
0.0516422524,11.9879307,-10.4719421,0.0197045282,-10.4653828,11.9875483,-10.4639347,1.22412041,0.621663037,11.9999876,12.0,0.0,1.84270822,1.60521625e-05,3.82427315e-06,-6.58224786e-05,0.00013055212
0.0517422524,11.9872804,-11.033186,0.0165083515,-11.0398095,11.9876714,-11.0412557,1.22353956,0.619803275,11.9999877,12.0,0.0,1.84216783,-1.61615175e-05,-3.90984719e-06,6.57351742e-05,0.000137169661
0.0518422524,11.9879303,-11.6098998,0.0197044094,-11.6033413,11.987548,-11.6018932,1.22412036,0.621662957,11.9999876,12.0,0.0,1.84270816,1.6050946e-05,3.82324841e-06,-6.5820063e-05,0.000130552301
0.0519422524,11.9872806,-12.1488025,0.0165091485,-12.1554219,11.9876711,-12.1568681,1.22353969,0.619803731,11.9999877,12.0,0.0,1.84216793,-1.61535575e-05,-3.90526599e-06,6.57363553e-05,0.000137167925
0.0520422524,11.98793,-12.7020644,0.0197042823,-12.6955067,11.9875478,-12.6940587,1.22412032,0.621662872,11.9999876,12.0,0.0,1.8427081,1.60496451e-05,3.82227712e-06,-6.58176723e-05,0.000130552501
0.0521422524,11.9872808,-13.216447,0.0165099012,-13.2230624,11.9876708,-13.2245087,1.22353981,0.619804161,11.9999877,12.0,0.0,1.84216803,-1.61460393e-05,-3.90075485e-06,6.57375405e-05,0.000137166284
0.0522422524,11.9879296,-13.7441256,0.0197041506,-13.7375687,11.9875475,-13.7361207,1.22412027,0.621662784,11.9999876,12.0,0.0,1.84270804,1.60482981e-05,3.82135637e-06,-6.58153012e-05,0.000130552713
0.0523422524,11.987281,-14.2319059,0.0165106184,-14.2385176,11.9876706,-14.2399638,1.22353993,0.619804572,11.9999877,12.0,0.0,1.84216813,-1.6138875e-05,-3.8963042e-06,6.57387317e-05,0.00013716472
0.0524422524,11.9879293,-14.731971,0.0197040168,-14.7254147,11.9875473,-14.7239669,1.22412023,0.621662697,11.9999876,12.0,0.0,1.84270799,1.60469297e-05,3.82048308e-06,-6.58129458e-05,0.000130552932
0.0525422524,11.9872812,-15.1911719,0.0165113069,-15.1977797,11.9876704,-15.199226,1.22354004,0.619804966,11.9999877,12.0,0.0,1.84216822,-1.61319981e-05,-3.89190584e-06,6.57399302e-05,0.00013716322
0.0526422524,11.987929,-15.6617019,0.0197038825,-15.6551464,11.987547,-15.6536985,1.22412018,0.621662609,11.9999876,12.0,0.0,1.84270793,1.60455559e-05,3.81965401e-06,-6.58106024e-05,0.000130553155
0.0527422524,11.9872814,-16.090459,0.0165119718,-16.0970632,11.9876702,-16.0985095,1.22354015,0.619805346,11.9999877,12.0,0.0,1.84216831,-1.61253571e-05,-3.88755269e-06,6.57411369e-05,0.000137161773
0.0528422524,11.9879287,-16.5296491,0.0197037485,-16.5230943,11.9875468,-16.5216465,1.22412014,0.621662522,11.9999876,12.0,0.0,1.84270788,1.60441868e-05,3.81886584e-06,-6.58082686e-05,0.000130553381
0.0529422524,11.9872816,-16.9262183,0.0165126172,-16.932819,11.98767,-16.9342653,1.22354025,0.619805716,11.9999877,12.0,0.0,1.8421684,-1.61189113e-05,-3.88323859e-06,6.5742352e-05,0.00013716037
0.0530422524,11.9879284,-17.3323872,0.0197036156,-17.3258331,11.9875466,-17.3243853,1.2241201,0.621662437,11.9999876,12.0,0.0,1.84270783,1.60428287e-05,3.8181152e-06,-6.5805942e-05,0.000130553608
0.0531422524,11.9872819,-17.6951514,0.0165132464,-17.7017486,11.9876698,-17.703195,1.22354036,0.619806077,11.9999877,12.0,0.0,1.84216848,-1.61126276e-05,-3.87895816e-06,6.57435756e-05,0.000137159005
0.0532422524,11.9879282,-18.0667481,0.0197034841,-18.0601947,11.9875464,-18.058747,1.22412006,0.621662353,11.9999876,12.0,0.0,1.84270779,1.60414853e-05,3.8173987e-06,-6.58036209e-05,0.000130553835
0.0533422524,11.9872822,-18.3942238,0.0165138621,-18.4008176,11.9876696,-18.4022639,1.22354046,0.619806431,11.9999877,12.0,0.0,1.84216857,-1.61064791e-05,-3.87470665e-06,6.57448076e-05,0.000137157673
0.0534422524,11.987928,-18.7298338,0.0197033542,-18.723281,11.9875463,-18.7218334,1.22412003,0.621662271,11.9999876,12.0,0.0,1.84270774,1.60401583e-05,3.8167129e-06,-6.5801304e-05,0.000130554064
0.0535422524,11.9872824,-19.0206765,0.0165144665,-19.0272669,11.9876695,-19.0287133,1.22354056,0.619806779,11.9999877,12.0,0.0,1.84216866,-1.61004428e-05,-3.87047984e-06,6.57460474e-05,0.000137156368
0.0536422524,11.9879278,-19.3190272,0.0197032258,-19.3124751,11.9875461,-19.3110275,1.22411999,0.62166219,11.9999876,12.0,0.0,1.8427077,1.60388481e-05,3.8160544e-06,-6.57989901e-05,0.000130554292
0.0537422524,11.9872827,-19.5720372,0.0165150617,-19.5786242,11.9876693,-19.5800707,1.22354066,0.619807123,11.9999877,12.0,0.0,1.84216875,-1.60944995e-05,-3.86627393e-06,6.57472945e-05,0.000137155086
0.0538422524,11.9879276,-19.8320031,0.019703099,-19.8254516,11.987546,-19.8240041,1.22411996,0.621662111,11.9999876,12.0,0.0,1.84270766,1.60375539e-05,3.81541976e-06,-6.57966784e-05,0.000130554522
0.0539422524,11.987283,-20.04613,0.0165156493,-20.0527137,11.9876692,-20.0541602,1.22354076,0.619807463,11.9999877,12.0,0.0,1.84216884,-1.60886325e-05,-3.86208552e-06,6.57485481e-05,0.000137153824
0.0540422524,11.9879274,-20.2667371,0.0197029736,-20.2601862,11.9875459,-20.2587387,1.22411993,0.621662034,11.9999876,12.0,0.0,1.84270763,1.60362747e-05,3.81480557e-06,-6.57943683e-05,0.000130554753
0.0541422524,11.9872834,-20.4410839,0.0165162308,-20.4476643,11.9876691,-20.4491108,1.22354087,0.6198078,11.9999877,12.0,0.0,1.84216893,-1.6082827e-05,-3.85791147e-06,6.57498073e-05,0.00013715258
0.0542422524,11.9879273,-20.6215133,0.0197028495,-20.6149631,11.9875458,-20.6135156,1.2241199,0.621661958,11.9999876,12.0,0.0,1.84270759,1.60350085e-05,3.81420842e-06,-6.57920592e-05,0.000130554985
0.0543422524,11.9872837,-20.7553402,0.0165168075,-20.7619173,11.9876691,-20.7633638,1.22354097,0.619808135,11.9999877,12.0,0.0,1.84216902,-1.60770698e-05,-3.85374891e-06,6.57510713e-05,0.00013715135
0.0544422524,11.9879271,-20.8949317,0.0197027264,-20.8883821,11.9875458,-20.8869347,1.22411987,0.621661884,11.9999876,12.0,0.0,1.84270756,1.60337532e-05,3.81362491e-06,-6.57897509e-05,0.00013055522
0.0545422524,11.9872841,-20.9876586,0.0165173806,-20.9942325,11.987669,-20.9956791,1.22354107,0.619808468,11.9999877,12.0,0.0,1.84216912,-1.60713488e-05,-3.84959512e-06,6.5752339e-05,0.000137150132
0.0546422524,11.987927,-21.0859132,0.019702604,-21.0793642,11.9875457,-21.0779169,1.22411984,0.621661811,11.9999876,12.0,0.0,1.84270754,1.60325064e-05,3.81305165e-06,-6.57874429e-05,0.000130555457
0.0547422524,11.9872844,-21.1371224,0.0165179513,-21.1436931,11.987669,-21.1451397,1.22354118,0.619808801,11.9999877,12.0,0.0,1.84216921,-1.60656528e-05,-3.84544754e-06,6.57536093e-05,0.000137148924
0.0548422524,11.9879269,-21.1937041,0.0197024822,-21.1871557,11.9875457,-21.1857084,1.22411982,0.621661739,11.9999876,12.0,0.0,1.84270751,1.60312655e-05,3.81248525e-06,-6.57851351e-05,0.000130555698
0.0549422524,11.9872849,-21.2031417,0.0165185206,-21.2097091,11.987669,-21.2111557,1.22354129,0.619809135,11.9999877,12.0,0.0,1.84216931,-1.6059971e-05,-3.84130372e-06,6.57548811e-05,0.000137147723
0.0550422524,11.9879269,-21.217879,0.0197023606,-21.2113312,11.9875457,-21.2098839,1.2241198,0.621661668,11.9999876,12.0,0.0,1.84270749,1.60300277e-05,3.81192234e-06,-6.57828274e-05,0.000130555943
0.0551422524,11.9872853,-21.185456,0.0165190895,-21.1920202,11.987669,-21.1934668,1.22354139,0.619809468,11.9999877,12.0,0.0,1.84216942,-1.60542931e-05,-3.83716125e-06,6.57561534e-05,0.000137146527
0.0552422524,11.9879268,-21.1583425,0.019702239,-21.1517952,11.9875457,-21.150348,1.22411978,0.621661598,11.9999876,12.0,0.0,1.84270747,1.60287905e-05,3.81135953e-06,-6.57805195e-05,0.000130556191
0.0553422524,11.9872857,-21.084135,0.0165196592,-21.090696,11.987669,-21.0921426,1.2235415,0.619809803,11.9999877,12.0,0.0,1.84216952,-1.60486087e-05,-3.83301773e-06,6.57574249e-05,0.000137145334
0.0554422524,11.9879268,-21.0153294,0.0197021172,-21.0087828,11.9875457,-21.0073356,1.22411976,0.621661529,11.9999876,12.0,0.0,1.84270746,1.60275509e-05,3.81079346e-06,-6.57782114e-05,0.000130556445
0.0555422524,11.9872862,-20.8995787,0.0165202306,-20.9061364,11.9876691,-20.9075831,1.22354162,0.61981014,11.9999877,12.0,0.0,1.84216963,-1.60429073e-05,-3.82887074e-06,6.57586946e-05,0.000137144142
0.0556422524,11.9879268,-20.7894043,0.0197019948,-20.7828583,11.9875458,-20.7814112,1.22411974,0.621661461,11.9999876,12.0,0.0,1.84270744,1.60263066e-05,3.81022075e-06,-6.57759028e-05,0.000130556704
0.0557422524,11.9872867,-20.6325155,0.0165208048,-20.6390699,11.9876691,-20.6405166,1.22354173,0.61981048,11.9999877,12.0,0.0,1.84216974,-1.60371781e-05,-3.8247178e-06,6.57599614e-05,0.000137142948
0.0558422524,11.9879268,-20.4814588,0.0197018717,-20.4749133,11.9875459,-20.4734663,1.22411972,0.621661392,11.9999876,12.0,0.0,1.84270743,1.60250548e-05,3.80963805e-06,-6.57735936e-05,0.000130556969
0.0559422524,11.9872872,-20.2839993,0.0165213831,-20.2905504,11.9876692,-20.2919972,1.22354185,0.619810822,11.9999877,12.0,0.0,1.84216986,-1.60314096e-05,-3.82055634e-06,6.57612243e-05,0.000137141751
0.0560422524,11.9879269,-20.0927081,0.0197017476,-20.0861632,11.987546,-20.0847163,1.22411971,0.621661324,11.9999876,12.0,0.0,1.84270743,1.60237934e-05,3.80904197e-06,-6.57712834e-05,0.000130557241
0.0561422524,11.9872877,-19.8554056,0.0165219666,-19.8619534,11.9876693,-19.8634002,1.22354197,0.619811169,11.9999877,12.0,0.0,1.84216998,-1.60255893e-05,-3.8163836e-06,6.57624821e-05,0.000137140546
0.0562422524,11.9879269,-19.6246865,0.0197016222,-19.6181423,11.9875461,-19.6166953,1.2241197,0.621661256,11.9999876,12.0,0.0,1.84270742,1.60225204e-05,3.80842916e-06,-6.57689718e-05,0.000130557518
0.0563422524,11.9872883,-19.3484258,0.0165225566,-19.3549703,11.9876695,-19.3564172,1.22354209,0.61981152,11.9999877,12.0,0.0,1.8421701,-1.60197035e-05,-3.81219665e-06,6.57637341e-05,0.000137139332
0.0564422524,11.987927,-19.079241,0.0197014956,-19.0726974,11.9875462,-19.0712506,1.22411968,0.621661188,11.9999876,12.0,0.0,1.84270742,1.60212343e-05,3.80779624e-06,-6.57666582e-05,0.000130557803
0.0565422524,11.9872888,-18.7650609,0.0165231549,-18.771602,11.9876696,-18.7730489,1.22354221,0.619811877,11.9999877,12.0,0.0,1.84217023,-1.60137368e-05,-3.80799232e-06,6.57649794e-05,0.000137138105
0.0566422524,11.9879271,-18.4585243,0.0197013675,-18.4519814,11.9875464,-18.4505346,1.22411967,0.62166112,11.9999876,12.0,0.0,1.84270742,1.60199342e-05,3.80713985e-06,-6.5764342e-05,0.000130558094
0.0567422524,11.9872894,-18.107613,0.016523763,-18.1141508,11.9876698,-18.1155977,1.22354234,0.61981224,11.9999877,12.0,0.0,1.84217036,-1.60076715e-05,-3.8037671e-06,6.57662174e-05,0.000137136861
0.0568422524,11.9879272,-17.764986,0.019701238,-17.7584438,11.9875466,-17.756997,1.22411967,0.621661052,11.9999876,12.0,0.0,1.84270742,1.601862e-05,3.80645663e-06,-6.57620221e-05,0.000130558392
0.0569422524,11.98729,-17.378677,0.0165243832,-17.3852113,11.98767,-17.3866582,1.22354247,0.619812611,11.9999877,12.0,0.0,1.84217049,-1.60014871e-05,-3.79951712e-06,6.57674474e-05,0.000137135595
0.0570422524,11.9879273,-17.0013633,0.0197011071,-16.9948217,11.9875467,-16.993375,1.22411966,0.621660984,11.9999876,12.0,0.0,1.84270742,1.60172927e-05,3.80574323e-06,-6.57596975e-05,0.000130558696
0.0571422524,11.9872906,-16.5811295,0.0165250177,-16.5876603,11.9876702,-16.5891072,1.22354261,0.619812991,11.9999877,12.0,0.0,1.84217063,-1.59951594e-05,-3.79523804e-06,6.57686691e-05,0.000137134303
0.0572422524,11.9879274,-16.1706698,0.0197009752,-16.1641289,11.9875469,-16.1626822,1.22411965,0.621660916,11.9999876,12.0,0.0,1.84270743,1.6015955e-05,3.80499634e-06,-6.57573665e-05,0.000130559006
0.0573422524,11.9872913,-15.7181181,0.0165256696,-15.7246454,11.9876704,-15.7260923,1.22354275,0.619813382,11.9999877,12.0,0.0,1.84217078,-1.59886593e-05,-3.79092495e-06,6.57698824e-05,0.000137132978
0.0574422524,11.9879276,-15.2761838,0.0197008427,-15.2696436,11.9875472,-15.268197,1.22411965,0.621660849,11.9999876,12.0,0.0,1.84270743,1.60146117e-05,3.80421266e-06,-6.57550272e-05,0.00013055932
0.0575422524,11.987292,-14.7930489,0.0165263423,-14.7995725,11.9876706,-14.8010194,1.2235429,0.619813786,11.9999877,12.0,0.0,1.84217093,-1.59819509e-05,-3.78657231e-06,6.57710875e-05,0.000137131613
0.0576422524,11.9879277,-14.3214355,0.0197007104,-14.314896,11.9875474,-14.3134494,1.22411964,0.621660782,11.9999876,12.0,0.0,1.84270744,1.60132709e-05,3.80338897e-06,-6.57526773e-05,0.000130559637
0.0577422524,11.9872926,-13.8095725,0.0165270404,-13.8160924,11.9876709,-13.8175394,1.22354305,0.619814205,11.9999877,12.0,0.0,1.84217109,-1.59749899e-05,-3.78217373e-06,6.57722849e-05,0.000137130197
0.0578422524,11.9879279,-13.3101928,0.0197005796,-13.303654,11.9875477,-13.3022075,1.22411964,0.621660716,11.9999876,12.0,0.0,1.84270746,1.60119453e-05,3.80252213e-06,-6.57503137e-05,0.000130559954
0.0579422524,11.9872933,-12.7715705,0.0165277696,-12.7780865,11.9876711,-12.7795336,1.22354321,0.619814643,11.9999877,12.0,0.0,1.84217125,-1.59677194e-05,-3.77772186e-06,6.57734756e-05,0.000137128718
0.0580422524,11.9879281,-12.2464467,0.0197004522,-12.2399086,11.9875479,-12.2384622,1.22411964,0.621660653,11.9999876,12.0,0.0,1.84270747,1.60106546e-05,3.80160912e-06,-6.57479329e-05,0.000130560267
0.0581422524,11.9872941,-11.6831394,0.0165285372,-11.6896514,11.9876714,-11.6910984,1.22354338,0.619815104,11.9999877,12.0,0.0,1.84217142,-1.59600653e-05,-3.77320816e-06,6.5774661e-05,0.000137127162
0.0582422524,11.9879283,-11.1343952,0.0197003311,-11.1278579,11.9875482,-11.1264115,1.22411964,0.621660594,11.9999876,12.0,0.0,1.84270749,1.6009429e-05,3.80064713e-06,-6.57455303e-05,0.00013056057
0.0583422524,11.9872948,-10.5485748,0.0165293532,-10.5550826,11.9876717,-10.5565296,1.22354355,0.619815594,11.9999877,12.0,0.0,1.84217161,-1.59519284e-05,-3.76862261e-06,6.57758435e-05,0.000137125506
0.0584422524,11.9879284,-9.97842723,0.019700221,-9.97189061,11.9875485,-9.97044426,1.22411964,0.621660542,11.9999876,12.0,0.0,1.84270751,1.60083155e-05,3.7996336e-06,-6.57431001e-05,0.000130560852
0.0585422524,11.9872956,-9.37235426,0.0165302313,-9.37885762,11.987672,-9.38030471,1.22354374,0.61981612,11.9999877,12.0,0.0,1.8421718,-1.59431713e-05,-3.7639534e-06,6.57770262e-05,0.000137123721
0.0586422524,11.9879286,-8.78310479,0.0197001292,-8.77656882,11.9875488,-8.77512253,1.22411965,0.621660501,11.9999876,12.0,0.0,1.84270753,1.60073888e-05,3.79856637e-06,-6.57406354e-05,0.0001305611
0.0587422524,11.9872963,-8.15911999,0.0165311915,-8.16561861,11.9876723,-8.16706573,1.22354395,0.619816695,11.9999877,12.0,0.0,1.84217201,-1.5933596e-05,-3.75918647e-06,6.57782132e-05,0.000137121766
0.0588422524,11.9879288,-7.55314531,0.0197000678,-7.54660992,11.9875491,-7.54516368,1.22411967,0.621660478,11.9999876,12.0,0.0,1.84270756,1.60067714e-05,3.79744384e-06,-6.57381274e-05,0.000130561288
0.0589422524,11.9872971,-6.91366016,0.0165322636,-6.92015364,11.9876726,-6.92160079,1.22354418,0.619817336,11.9999877,12.0,0.0,1.84217225,-1.5922903e-05,-3.75430491e-06,6.57794106e-05,0.000137119577
0.0590422524,11.987929,-6.29340297,0.0197000574,-6.286868,11.9875494,-6.28542182,1.22411969,0.621660485,11.9999876,12.0,0.0,1.8427076,1.60066741e-05,3.79626524e-06,-6.57355649e-05,0.000130561375
0.0591422524,11.9872979,-5.64089022,0.0165334962,-5.64737799,11.9876729,-5.64882516,1.22354444,0.619818072,11.9999877,12.0,0.0,1.84217251,-1.59106089e-05,-3.74928818e-06,6.5780626e-05,0.000137117052
0.0592422524,11.9879292,-5.00884952,0.0197001363,-5.00231469,11.9875497,-5.00086856,1.22411973,0.621660545,11.9999876,12.0,0.0,1.84270766,1.60074857e-05,3.79503095e-06,-6.57329338e-05,0.000130561283
0.0593422524,11.9872988,-4.34583352,0.0165349744,-4.35231471,11.9876732,-4.35376191,1.22354474,0.619818951,11.9999877,12.0,0.0,1.84217282,-1.58958628e-05,-3.744111e-06,6.578187e-05,0.000137114011
0.0594422524,11.9879294,-3.70455476,0.0197003821,-3.69801952,11.98755,-3.69657346,1.2241198,0.621660701,11.9999876,12.0,0.0,1.84270775,1.60099979e-05,3.79374312e-06,-6.57302162e-05,0.000130560855
0.0595422524,11.9872996,-3.03360165,0.0165368686,-3.04007484,11.9876735,-3.04152206,1.22354513,0.619820075,11.9999877,12.0,0.0,1.8421732,-1.58769644e-05,-3.73874188e-06,6.57831568e-05,0.000137110095
0.0596422524,11.9879296,-2.38566677,0.0197009795,-2.37912996,11.9875503,-2.37768396,1.22411994,0.621661062,11.9999876,12.0,0.0,1.84270789,1.60160903e-05,3.79240645e-06,-6.57273883e-05,0.000130559718
0.0597422524,11.9873005,-1.70937482,0.0165395945,-1.71583717,11.9876739,-1.71728443,1.22354567,0.619821686,11.9999877,12.0,0.0,1.84217373,-1.58497635e-05,-3.73314093e-06,6.57845058e-05,0.000137104429
0.0598422524,11.9879298,-1.05739253,0.0197025,-1.05085106,11.9875507,-1.04940513,1.22412024,0.621661959,11.9999876,12.0,0.0,1.8427082,1.60315835e-05,3.7910295e-06,-6.57244192e-05,0.000130556718
0.0599422524,11.9873015,-0.378384091,0.0165446402,-0.384827889,11.9876742,-0.38627518,1.22354665,0.619824656,11.9999877,12.0,0.0,1.84217467,-1.57994025e-05,-3.72725691e-06,6.57859439e-05,0.000137093881
0.0600422524,11.98793,0.274167833,0.0199601787,0.281575064,11.9875511,0.283020932,1.22416692,0.621811679,11.9999876,12.0,0.0,1.84275221,1.86572842e-05,3.78950752e-06,-6.57212669e-05,0.000130037622
0.0601079494,11.9873057,0.567426753,0.0570967751,0.719271995,11.9876811,0.717824684,1.22936201,0.642202186,11.9999877,12.0,0.0,1.84765621,0.000464067553,-3.75443571e-06,6.57868623e-05,7.22644696e-05
0.0601744339,11.9879363,0.68003485,0.113768904,1.16190243,11.9875613,1.16334823,1.2328903,0.666170909,11.9999876,12.0,0.0,1.85097484,0.00145667914,3.75036276e-06,-6.5718318e-05,3.27877874e-05
0.0602468385,11.9873126,0.878266595,0.28751147,1.64336369,11.9876865,1.64191637,1.2338877,0.677711482,11.9999877,12.0,0.0,1.85192211,0.00232221599,-3.7390831e-06,6.57873701e-05,2.18113742e-05
0.0603354685,11.9879433,1.45466534,0.863175805,2.23153433,11.9875627,2.23298006,1.2338772,0.677727678,11.9999876,12.0,0.0,1.85190511,0.00235069446,3.80554122e-06,-6.57150496e-05,2.17888791e-05
0.0604261485,11.9873131,2.04770022,1.4557385,2.83151547,11.9876868,2.83006815,1.23388927,0.6777334,11.9999877,12.0,0.0,1.85192361,0.00237904756,-3.73590008e-06,6.57888332e-05,2.17942201e-05
0.0605124475,11.9879436,2.60564248,2.01304228,3.40038256,11.987563,3.40182825,1.23387696,0.677727249,11.9999876,12.0,0.0,1.8519049,0.00240470713,3.80678197e-06,-6.57113805e-05,2.17890373e-05
0.0606124475,11.9873137,3.25396351,2.66083434,4.05641121,11.9876871,4.05496386,1.2338893,0.677733416,11.9999877,12.0,0.0,1.85192365,0.00243553796,-3.73247389e-06,6.57906798e-05,2.17942321e-05
0.0607124475,11.987944,3.89380102,3.29998586,4.70843667,11.9875633,4.70988227,1.233877,0.677727266,11.9999876,12.0,0.0,1.85190495,0.00246503191,3.80863908e-06,-6.5707023e-05,2.17890503e-05
0.0608124475,11.9873144,4.53360113,3.93926557,5.35581547,11.9876875,5.35436807,1.23388933,0.677733433,11.9999877,12.0,0.0,1.8519237,0.00249543206,-3.72853181e-06,6.57932569e-05,2.17942449e-05
0.0609124475,11.9879445,5.16366415,4.56868019,5.99790873,11.9875637,5.99935423,1.23387703,0.677727283,11.9999876,12.0,0.0,1.85190499,0.00252443017,3.81085296e-06,-6.57019435e-05,2.17890632e-05
0.0610124475,11.9873151,5.79242223,5.19692866,6.63408278,11.9876878,6.63263532,1.23388936,0.677733449,11.9999877,12.0,0.0,1.85192375,0.00255435329,-3.72400406e-06,6.57965294e-05,2.17942575e-05
0.0611124475,11.9879451,6.41021355,5.81410751,7.26370979,11.987564,7.26515517,1.23387706,0.6777273,11.9999876,12.0,0.0,1.85190504,0.00258274665,3.81361312e-06,-6.569577e-05,2.17890759e-05
0.0612124475,11.9873159,7.02545947,6.4288579,7.88616839,11.9876881,7.88472086,1.23388939,0.677733465,11.9999877,12.0,0.0,1.8519238,0.0026120662,-3.71860594e-06,6.58009398e-05,2.179427e-05
0.0613124475,11.9879457,7.62853181,7.03135243,8.5008443,11.9875643,8.50228953,1.23387709,0.677727316,11.9999876,12.0,0.0,1.85190509,0.00263974415,3.81724708e-06,-6.56878168e-05,2.17890884e-05
0.0614124475,11.9873168,8.2278463,7.63018812,9.1071309,11.9876884,9.10568326,1.23388942,0.677733481,11.9999877,12.0,0.0,1.85192384,0.00266834399,-3.71183526e-06,6.58073743e-05,2.17942823e-05
0.0615124475,11.9879464,8.81381065,8.21560833,9.70442987,11.9875646,9.70587489,1.23387712,0.677727332,11.9999876,12.0,0.0,1.85190514,0.00269519739,3.82237923e-06,-6.56766393e-05,2.17891007e-05
0.0616124475,11.9873179,9.39483727,8.79617506,10.2921517,11.9876887,10.2907039,1.23388945,0.677733497,11.9999877,12.0,0.0,1.85192389,0.00272296471,-3.70269847e-06,6.58179265e-05,2.17942944e-05
0.0617124475,11.9879473,9.96137208,9.36219863,10.8697165,11.9875649,10.8711612,1.23387715,0.677727348,11.9999876,12.0,0.0,1.85190518,0.00274888722,3.83037265e-06,-6.56584604e-05,2.1789113e-05
0.0618124475,11.9873193,10.5218263,9.92221373,11.4365541,11.987689,11.435106,1.23388948,0.677733513,11.9999877,12.0,0.0,1.85192394,0.00277571293,-3.68885828e-06,6.58392297e-05,2.17943065e-05
0.0619124475,11.9879486,11.0666865,10.4665949,11.9921053,11.9875652,11.9935494,1.23387718,0.677727364,11.9999876,12.0,0.0,1.85190523,0.00280060154,3.84495218e-06,-6.56017421e-05,2.17891255e-05
0.0620124475,11.9880308,11.6031378,11.0025689,12.5358217,11.9883971,12.5188008,1.23395982,0.677768685,11.9999884,12.0,0.0,1.85203093,0.00282997839,-3.6636285e-06,0.00077376593,2.18239623e-05
0.0621124475,12.0050361,12.0952692,11.4928152,13.0671667,12.0046411,12.6929355,1.23557248,0.678575013,12.0000046,12.0,0.0,1.85448447,0.00294119391,3.94998539e-06,0.0170114125,2.25150306e-05
0.062183908,12.0235312,12.4222672,11.8181829,13.4389988,12.0194103,12.7406568,1.23703708,0.679307313,12.0000194,12.0,0.0,1.8567137,0.0030397957,4.57290992e-05,0.031744973,2.31615969e-05
0.062283908,12.1139768,12.6587477,12.0524774,13.9479186,12.0410421,12.7888305,1.23917933,0.680378439,12.000041,12.0,0.0,1.85997604,0.00317723141,0.000947539545,0.0526858187,2.41409102e-05
0.0623715846,12.2143053,12.7852743,12.177155,14.3828137,12.0600315,12.824137,1.24105699,0.681317266,12.00006,12.0,0.0,1.86283713,0.0032983217,0.00154538525,0.0708893017,2.50332576e-05
0.0624566474,12.3103363,12.9004303,12.2905467,14.7943182,12.0782512,12.8544231,1.24285584,0.682216691,12.0000782,12.0,0.0,1.86557971,0.00341820381,0.00232839469,0.0882048282,2.59190756e-05
0.0625566474,12.4211733,13.028148,12.4161509,15.2645526,12.1002418,12.8881094,1.24502343,0.683300488,12.0001001,12.0,0.0,1.86888655,0.003567673,0.00321637357,0.108048427,2.70282174e-05
0.0626566474,12.5314654,13.1489349,12.5341331,15.7197227,12.1301952,12.9274607,1.24796955,0.684773546,12.0001301,12.0,0.0,1.87338481,0.00377784025,0.00401579144,0.126937731,2.86122056e-05
0.0627566474,12.6432812,13.2675826,12.6475801,16.1593793,12.1872166,12.99212,1.25355524,0.68756639,12.000187,12.0,0.0,1.88192658,0.00420239005,0.0045606773,0.143966355,3.18746659e-05
0.0628566474,12.751448,13.3784749,12.7512861,16.5830885,12.2663785,13.0774717,1.26125727,0.691417406,12.0002661,12.0,0.0,1.8937355,0.00486026238,0.00485070498,0.159346228,3.69919789e-05
0.0629566474,12.8490303,13.4779901,12.8434635,16.9904323,12.3481621,13.1647626,1.26914226,0.695359902,12.0003478,12.0,0.0,1.90586754,0.00563508325,0.00500891325,0.173895632,4.30829602e-05
0.0630566474,12.9353065,13.564877,12.9235251,17.3810085,12.425313,13.2468223,1.27650495,0.699041243,12.0004249,12.0,0.0,1.91724104,0.00646416012,0.00509998034,0.187918222,4.96727802e-05
0.0631566474,13.0110565,13.641463,12.9940189,17.7544318,12.4951908,13.3212535,1.28310279,0.702340166,12.0004947,12.0,0.0,1.92747566,0.0073049658,0.00515867202,0.201508551,5.64300295e-05
0.0632566474,13.0779475,13.7084937,13.0556469,18.1103336,12.5581267,13.3883238,1.28898186,0.705279702,12.0005576,12.0,0.0,1.93663387,0.00814077447,0.00519821203,0.214637095,6.32219158e-05
0.0633566474,13.137088,13.7681172,13.1104959,18.4483627,12.6145374,13.4485799,1.29419603,0.707886786,12.0006139,12.0,0.0,1.94479036,0.00895711295,0.00522550802,0.227263074,6.99266733e-05
0.0634566474,13.1897201,13.8207302,13.1588812,18.7681855,12.6652332,13.5027724,1.29883409,0.710205816,12.0006646,12.0,0.0,1.95207542,0.00974746092,0.00524487004,0.239337106,7.64859041e-05
0.0635566474,13.2365647,13.8678936,13.2023017,19.0694864,12.7106953,13.5514764,1.30295243,0.712264983,12.00071,12.0,0.0,1.95856984,0.0105037375,0.00525869448,0.250818749,8.282408e-05
0.0636566474,13.278438,13.9096893,13.240778,19.351968,12.7515654,13.5952855,1.30662003,0.714098786,12.0007508,12.0,0.0,1.96437552,0.0112230473,0.00526872632,0.26166746,8.89094195e-05
0.0637566474,13.3165473,13.9480351,13.2761104,19.6153515,12.7888583,13.6353146,1.30995114,0.715764341,12.0007881,12.0,0.0,1.96965845,0.0119183648,0.00527695301,0.27203097,9.4823045e-05
0.0638566474,13.3497004,13.9810886,13.3065721,19.859377,12.8215168,13.6704065,1.31282812,0.717202826,12.0008207,12.0,0.0,1.97424701,0.0125479999,0.00528184712,0.281482686,0.000100246062
0.0639566474,13.3792031,14.0107601,13.333962,20.0838037,12.8506581,13.7017652,1.3153761,0.71847682,12.0008498,12.0,0.0,1.97832334,0.0131313984,0.00528548229,0.290233173,0.000105307375
0.0640566474,13.4053723,14.0368297,13.3580139,20.2884102,12.8765666,13.7296499,1.31762532,0.71960143,12.0008757,12.0,0.0,1.98193229,0.01366729,0.00528806804,0.298237556,0.000109987156
0.0641566474,13.4283636,14.0599527,13.3793824,20.4729944,12.8993762,13.7542312,1.31959261,0.720585076,12.0008985,12.0,0.0,1.98509742,0.0141523415,0.00528989332,0.305489911,0.000114250534
0.0642566474,13.4484293,14.0799248,13.3978266,20.6373743,12.9193141,13.7757168,1.32130219,0.721439864,12.0009184,12.0,0.0,1.9878546,0.0145867647,0.00529116177,0.311963508,0.00011808939
0.0643566474,13.4656601,14.097261,13.4138624,20.7813875,12.93646,13.7942149,1.32276471,0.722171122,12.0009355,12.0,0.0,1.99021846,0.0149680335,0.00529201314,0.317652962,0.00012147568
0.0644566474,13.4802317,14.1117481,13.4272504,20.9048921,12.9509744,13.80987,1.32399718,0.722787357,12.00095,12.0,0.0,1.99221426,0.0152964451,0.00529258115,0.322539515,0.000124404609
0.0645566474,13.4921924,14.1237952,13.4384021,21.007766,12.9629001,13.8227472,1.32500593,0.723291734,12.0009619,12.0,0.0,1.99385042,0.0155701211,0.00529293177,0.32661893,0.000126854359
0.0646566474,13.5016631,14.1331913,13.447088,21.0899078,12.9723485,13.8329442,1.32580263,0.723690081,12.0009714,12.0,0.0,1.99514434,0.0157894277,0.00529315291,0.329878715,0.000128823172
0.0647566474,13.5086614,14.1402614,13.4536364,21.1512364,12.979335,13.8404938,1.32639027,0.723983905,12.0009784,12.0,0.0,1.99609974,0.0159529969,0.00529327003,0.332316099,0.00013029494
0.0648566474,13.513266,14.1448013,13.4578304,21.1916913,12.9839326,13.8454571,1.3267763,0.724176918,12.0009829,12.0,0.0,1.99672781,0.0160612698,0.00529333824,0.333923748,0.000131270884
0.0649566474,13.5154699,14.1470657,13.4599294,21.2112326,12.9861345,13.8478408,1.32696094,0.724269241,12.0009851,12.0,0.0,1.99702839,0.0161133024,0.00529335801,0.334700651,0.000131740281
0.0650566474,13.5153168,14.146857,13.4597277,21.2098409,12.9859813,13.8476748,1.32694803,0.724262783,12.000985,12.0,0.0,1.99700741,0.0161096268,0.00529335835,0.334643921,0.00013170739
0.0651566474,13.5127773,14.1443686,13.4574248,21.1875177,12.9834456,13.8449418,1.32673521,0.724156374,12.0009825,12.0,0.0,1.99666109,0.0160496716,0.00529332056,0.333754591,0.000131166657
0.0652566474,13.507863,14.1394061,13.4528226,21.1442849,12.9785382,13.8396428,1.32632296,0.723950246,12.0009776,12.0,0.0,1.9959905,0.0159340829,0.00529324985,0.332033806,0.000130125493
0.0653566474,13.5005207,14.1321063,13.4460653,21.0801853,12.9712101,13.8317362,1.32570625,0.723641891,12.0009702,12.0,0.0,1.99498808,0.0157626353,0.00529310772,0.329484947,0.00012858338
0.0654566474,13.4907287,14.1222718,13.436956,20.9952821,12.9614416,13.8211924,1.32488209,0.723229816,12.0009605,12.0,0.0,1.99364988,0.0155361215,0.00529287353,0.326113008,0.000126551042
0.0655566474,13.478406,14.1099827,13.4255847,20.8896591,12.9491579,13.8079418,1.3238424,0.722709969,12.0009482,12.0,0.0,1.99196398,0.0152546586,0.00529248241,0.321924081,0.000124032943
0.0656566474,13.4634923,14.095029,13.4117461,20.7634205,12.9343045,13.7919199,1.32258027,0.722078904,12.0009334,12.0,0.0,1.98992074,0.014919231,0.00529188004,0.316927047,0.000121043346
0.0657566474,13.4458694,14.0774294,13.395472,20.616691,12.9167734,13.7730214,1.32108374,0.721330638,12.0009159,12.0,0.0,1.98750269,0.0145303212,0.00529096059,0.311131173,0.000117591755
0.0658566474,13.4254284,14.0569465,13.3765348,20.4496152,12.8964668,13.7511375,1.31934107,0.720459303,12.0008956,12.0,0.0,1.98469312,0.014089174,0.00528961831,0.304549521,0.000113696319
0.0659566474,13.4019984,14.0335256,13.3548975,20.2623582,12.8732307,13.7261146,1.31733511,0.719456325,12.0008724,12.0,0.0,1.98146704,0.0135966981,0.00528767768,0.29719519,0.000109371841
0.0660566474,13.3754028,14.0068794,13.3302891,20.0551046,12.8469086,13.6977843,1.3150477,0.718312617,12.0008461,12.0,0.0,1.97779832,0.0130545087,0.00528494451,0.289086026,0.000104640949
0.0661566474,13.3453926,13.9768567,13.302583,19.8280591,12.817281,13.6659244,1.31245436,0.717015951,12.0008165,12.0,0.0,1.9736513,0.0124640656,0.00528111586,0.280239932,9.95243889e-05
0.0662566474,13.3116909,13.9430843,13.2714311,19.5814456,12.7841085,13.6302816,1.3095279,0.715552719,12.0007833,12.0,0.0,1.96898655,0.0118275484,0.00527582972,0.27068059,9.40503842e-05
0.0663566474,13.2739274,13.9052724,13.2365785,19.3155077,12.7470746,13.5905335,1.30623321,0.713905375,12.0007463,12.0,0.0,1.96375283,0.011147215,0.005268531,0.260432155,8.82470558e-05
0.0664566474,13.2306523,13.8618726,13.1966083,19.0305077,12.7049405,13.5453898,1.30243332,0.712005428,12.0007042,12.0,0.0,1.95774982,0.0104054327,0.00525711784,0.24932362,8.19970951e-05
0.0665566474,13.1830557,13.8141563,13.1526856,18.7267268,12.6587917,13.4959853,1.29824738,0.709912461,12.0006581,12.0,0.0,1.95115223,0.00964396381,0.00524264015,0.237761081,7.56233153e-05
0.0666566474,13.1296399,13.7605352,13.1033318,18.404465,12.6073987,13.441049,1.29353921,0.707558374,12.0006068,12.0,0.0,1.94376102,0.0088501394,0.005222412,0.225609959,6.9044412e-05
0.0667566474,13.0695026,13.7001407,13.0477756,18.0640402,12.5501317,13.3799241,1.28823852,0.70490803,12.0005496,12.0,0.0,1.93547376,0.00803027828,0.00519371112,0.21291456,6.23199283e-05
0.0668566474,13.0015484,13.6317776,12.9848667,17.7057883,12.4863414,13.3119424,1.28227119,0.701924365,12.0004859,12.0,0.0,1.92618327,0.00719347969,0.00515207389,0.199720535,5.55301202e-05
0.0669566474,12.9244386,13.5540802,12.9133364,17.3300629,12.4154818,13.2365173,1.27557113,0.698574335,12.0004151,12.0,0.0,1.91579588,0.006352875,0.00508958004,0.186070635,4.87841429e-05
0.0670566474,12.8367525,13.465423,12.8315424,16.9372349,12.3376577,13.1537059,1.26813396,0.694855749,12.0003373,12.0,0.0,1.90431348,0.00552974992,0.00499098735,0.171979183,4.22513274e-05
0.0671566474,12.7414245,13.368832,12.7422849,16.5276919,12.2551898,13.065898,1.26021239,0.690894966,12.0002549,12.0,0.0,1.89210764,0.0047700393,0.00486401899,0.157981416,3.62522813e-05
0.0672566474,12.6284109,13.2521112,12.63269,16.101838,12.1778831,12.9820835,1.25264298,0.687110262,12.0001777,12.0,0.0,1.88053034,0.00413026281,0.004505285,0.141807032,3.13174832e-05
0.0673566474,12.5166015,13.1333962,12.5189519,15.6600936,12.1250807,12.9214905,1.24746688,0.684522215,12.000125,12.0,0.0,1.8726171,0.00374145275,0.00391521734,0.124481965,2.83355252e-05
0.0674566474,12.4065035,13.0118604,12.4000659,15.2028946,12.0971275,12.8839186,1.24471707,0.683147305,12.000097,12.0,0.0,1.86841881,0.00354624878,0.00309664021,0.105421875,2.68686185e-05
0.0675566474,12.2951612,12.8837172,12.274037,14.7306921,12.0753874,12.8502934,1.24257327,0.682075409,12.0000753,12.0,0.0,1.8651488,0.00339916614,0.00220108997,0.0854916586,2.57778836e-05
0.0676566474,12.1822666,12.7449704,12.1373528,14.2439522,12.0539194,12.8138796,1.24045292,0.681015231,12.0000539,12.0,0.0,1.86191651,0.00325889709,0.00129215106,0.0650399656,2.47426348e-05
0.0677566474,12.07193,12.5819711,11.9765018,13.7431552,12.0321835,12.7716385,1.23830247,0.679940008,12.0000322,12.0,0.0,1.85864046,0.00312127547,0.000435527677,0.0442518391,2.37351516e-05
0.0678566474,12.0104814,12.2456712,11.6424197,13.2287954,12.0108625,12.7175196,1.23618962,0.678883583,12.0000109,12.0,0.0,1.85542369,0.00298297483,-1.96477289e-06,0.0232413267,2.27852448e-05
0.0679562247,11.992034,11.7603989,11.159335,12.7036362,11.9917029,12.6140392,1.23428816,0.677932856,11.9999917,12.0,0.0,1.85253039,0.00285498414,3.31049103e-06,0.00407306616,2.19629244e-05
0.0680010168,11.9874234,11.532773,10.9322729,12.4633232,11.9877787,12.4599093,1.2338984,0.677737971,11.9999878,12.0,0.0,1.8519375,0.0028234025,-3.55329124e-06,0.000156495397,2.17980622e-05
0.0680316513,11.9879932,11.3674847,10.7671454,12.2975428,11.9876625,12.296836,1.23388685,0.677732198,11.9999877,12.0,0.0,1.85191993,0.0028150511,3.30692939e-06,3.26511984e-05,2.17931976e-05
0.0680421656,11.9872428,11.3135296,10.7132314,12.2403808,11.9875965,12.2409746,1.2338803,0.677728921,11.9999876,12.0,0.0,1.85190997,0.00281218206,-3.53206134e-06,-2.49577023e-05,2.17904368e-05
0.0680520815,11.9879845,11.2580015,10.6577497,12.1863497,11.987656,12.1857858,1.2338862,0.677731873,11.9999877,12.0,0.0,1.85191895,0.00280989351,3.28656562e-06,2.71690284e-05,2.17929239e-05
0.0680719132,11.9872442,11.1535473,10.5533821,12.0779334,11.9875955,12.0785492,1.2338802,0.677728871,11.9999876,12.0,0.0,1.85190981,0.00280468864,-3.51046764e-06,-2.67524152e-05,2.17903945e-05
0.0681115767,11.9879844,10.9363199,10.3363325,11.8596985,11.9876564,11.8591227,1.23388624,0.677731895,11.9999877,12.0,0.0,1.85191901,0.00279485755,3.28525507e-06,2.6531138e-05,2.17929431e-05
0.0681909036,11.9872462,10.5033898,9.9037616,11.4177387,11.9875965,11.4183289,1.2338803,0.67772892,11.9999876,12.0,0.0,1.85190996,0.00277433505,-3.49435631e-06,-2.67981449e-05,2.1790437e-05
0.0682909036,11.9879854,9.94250138,9.34334004,10.8505324,11.9876566,10.8499485,1.23388626,0.677731901,11.9999877,12.0,0.0,1.85191903,0.00274844975,3.29724751e-06,2.65607686e-05,2.17929491e-05
0.0683909036,11.9872476,9.37568181,8.77700018,10.272618,11.9875963,10.2732074,1.23388027,0.677728909,11.9999876,12.0,0.0,1.85190993,0.00272161051,-3.48053214e-06,-2.67742181e-05,2.17904283e-05
0.0684909036,11.9879862,8.79426763,8.19608034,9.68456578,11.9876563,9.68398183,1.23388623,0.677731887,11.9999877,12.0,0.0,1.85191899,0.00269471536,3.30508129e-06,2.65761525e-05,2.17929382e-05
0.0685909036,11.9872485,8.20805013,7.61036894,9.08695604,11.9875961,9.08754505,1.23388025,0.677728895,11.9999876,12.0,0.0,1.85190989,0.00266697411,-3.47136874e-06,-2.67614097e-05,2.17904179e-05
0.0686909036,11.9879866,7.6083958,7.01123506,8.48037857,11.987656,8.47979382,1.23388621,0.677731874,11.9999877,12.0,0.0,1.85191895,0.0026392197,3.31010377e-06,2.65850843e-05,2.17929282e-05
0.0687909036,11.987249,7.00510259,6.40847371,7.86543199,11.9875958,7.86602066,1.23388022,0.677728881,11.9999876,12.0,0.0,1.85190985,0.0026106856,-3.46456117e-06,-2.6753008e-05,2.17904071e-05
0.0688909036,11.9879868,6.38956529,5.79348231,7.24272318,11.9876557,7.24213826,1.23388618,0.677731859,11.9999877,12.0,0.0,1.85191891,0.00258218191,3.31365388e-06,2.65911071e-05,2.17929166e-05
0.0689909036,11.9872493,5.77158615,5.17606007,6.61286667,11.9875955,6.61345518,1.23388019,0.677728865,11.9999876,12.0,0.0,1.85190981,0.00255296711,-3.45912496e-06,-2.67468414e-05,2.17903955e-05
0.0690909036,11.9879868,5.14258586,4.54763037,5.97648407,11.9876554,5.97589903,1.23388615,0.677731843,11.9999877,12.0,0.0,1.85191887,0.00252382724,3.31634614e-06,2.6595563e-05,2.17929046e-05
0.0691909036,11.9872495,4.51236862,3.91799427,5.33420339,11.9875952,5.33479177,1.23388016,0.67772885,11.9999876,12.0,0.0,1.85190976,0.00249404646,-3.45456095e-06,-2.67419729e-05,2.17903836e-05
0.0692909036,11.9879868,3.87237855,3.27859861,4.6866585,11.9876551,4.68607338,1.23388612,0.677731827,11.9999877,12.0,0.0,1.85191882,0.00246438603,3.31850357e-06,2.65990816e-05,2.17928922e-05
0.0693909036,11.9872497,3.2324194,2.63924387,4.03448845,11.9875949,4.03507673,1.23388013,0.677728834,11.9999876,12.0,0.0,1.85190971,0.00243415621,-3.45058617e-06,-2.67379255e-05,2.17903714e-05
0.0694909036,11.9879867,2.58395617,1.99139787,3.37833684,11.9876548,3.37775164,1.23388608,0.67773181,11.9999877,12.0,0.0,1.85191877,0.00240409285,3.32031233e-06,2.66019997e-05,2.17928797e-05
0.0695909036,11.9872497,1.93678972,1.34485804,2.71885122,11.9875946,2.71943942,1.2338801,0.677728818,11.9999876,12.0,0.0,1.85190967,0.00237353273,-3.447027e-06,-2.67344288e-05,2.17903589e-05
0.0696909036,11.9879866,1.28240344,0.691110646,2.05668243,11.9876545,2.05609716,1.23388605,0.677731794,11.9999877,12.0,0.0,1.85191872,0.00234318567,3.32188706e-06,2.66045146e-05,2.17928669e-05
0.0697909036,11.9872511,0.734464252,0.150740772,1.39248393,11.987594,1.39307202,1.23359799,0.673959982,11.9999876,12.0,0.0,1.85164374,0.00199742816,-3.42896476e-06,-2.67313169e-05,2.49350095e-05
0.0698909036,11.9879868,0.573166772,0.0569943794,0.726911225,11.987649,0.726325876,1.22934918,0.642151537,11.9999877,12.0,0.0,1.84764227,0.000462516159,3.37787305e-06,2.66067502e-05,7.2370198e-05
0.0699652607,11.9872357,0.22588721,0.0201413739,0.231509133,11.9875828,0.232097165,1.22420218,0.621918142,11.9999876,12.0,0.0,1.84278728,2.05077301e-05,-3.47157367e-06,-2.67287312e-05,0.000129680172
0.07003729,11.9879773,-0.243017912,0.0161257004,-0.248506807,11.987642,-0.249092184,1.22346543,0.619578231,11.9999877,12.0,0.0,1.84209627,-1.99861277e-05,3.35311333e-06,2.66080357e-05,0.000137972316
0.0701040206,11.9872352,-0.698448544,0.0200594702,-0.693103363,11.9875826,-0.692515374,1.2241874,0.621870593,11.9999876,12.0,0.0,1.84277333,1.96753184e-05,-3.47400886e-06,-2.67266169e-05,0.000129844573
0.0701660914,11.9879777,-1.1009143,0.016129658,-1.10638458,11.9876418,-1.10696998,1.2234654,0.619580026,11.9999877,12.0,0.0,1.84209623,-1.99354455e-05,3.35882347e-06,2.6608987e-05,0.000137962583
0.0702660914,11.9872348,-1.77660524,0.0200613056,-1.77125448,11.9875823,-1.77066655,1.22418771,0.621871648,11.9999876,12.0,0.0,1.84277361,1.96901263e-05,-3.47570726e-06,-2.67243808e-05,0.000129840835
0.0703660914,11.9879778,-2.42891874,0.0161330265,-2.43437637,11.9876415,-2.43496181,1.22346601,0.619581989,11.9999877,12.0,0.0,1.84209679,-1.99018905e-05,3.36361765e-06,2.66108364e-05,0.000137955384
0.0704660914,11.9872344,-3.10044971,0.0200622809,-3.09509582,11.987582,-3.09450793,1.22418786,0.6218722,11.9999876,12.0,0.0,1.84277373,1.9700065e-05,-3.47615704e-06,-2.67219513e-05,0.000129838808
0.0705660914,11.987978,-3.74731165,0.0161351552,-3.75276078,11.9876412,-3.75334626,1.22346639,0.619583224,11.9999877,12.0,0.0,1.84209712,-1.98806988e-05,3.36819283e-06,2.66125928e-05,0.000137950809
0.0706660914,11.987234,-4.41207744,0.0200627192,-4.40672222,11.9875817,-4.40613439,1.22418792,0.621872441,11.9999876,12.0,0.0,1.84277376,1.97045269e-05,-3.47659428e-06,-2.67196267e-05,0.000129837861
0.0707660914,11.9879781,-5.05089228,0.0161367336,-5.05633476,11.9876408,-5.05692028,1.22346666,0.619584137,11.9999877,12.0,0.0,1.84209736,-1.98649745e-05,3.37258981e-06,2.66142812e-05,0.0001379474
0.0708660914,11.9872337,-5.70631307,0.0200629205,-5.70095731,11.9875814,-5.70036953,1.22418793,0.621872545,11.9999876,12.0,0.0,1.84277376,1.97065713e-05,-3.47700881e-06,-2.67173827e-05,0.00012983739
0.0709660914,11.9879782,-6.33451681,0.016138009,-6.3399537,11.9876405,-6.34053925,1.22346688,0.619584872,11.9999877,12.0,0.0,1.84209755,-1.98522661e-05,3.37684015e-06,2.66159199e-05,0.000137944633
0.0710660914,11.9872333,-6.97804921,0.0200629996,-6.97269332,11.9875811,-6.97210559,1.22418791,0.621872578,11.9999876,12.0,0.0,1.84277373,1.97073679e-05,-3.47739413e-06,-2.67152006e-05,0.000129837167
0.0711660914,11.9879783,-7.59311978,0.0161390952,-7.59855174,11.9876402,-7.59913732,1.22346706,0.619585497,11.9999877,12.0,0.0,1.8420977,-1.98414424e-05,3.38096873e-06,2.66175227e-05,0.000137942267
0.0712660914,11.987233,-8.22226711,0.0200630095,-8.2169113,11.9875808,-8.21632361,1.22418789,0.621872571,11.9999876,12.0,0.0,1.84277369,1.97074598e-05,-3.47774627e-06,-2.67130663e-05,0.000129837083
0.0713660914,11.9879784,-8.82173429,0.0161400531,-8.82716176,11.9876399,-8.82774738,1.22346722,0.619586046,11.9999877,12.0,0.0,1.84209783,-1.98318949e-05,3.38499546e-06,2.66191e-05,0.000137940175
0.0714660914,11.9872327,-9.43405648,0.0200629783,-9.42870088,11.9875805,-9.42811324,1.22418786,0.621872541,11.9999876,12.0,0.0,1.84277364,1.97071316e-05,-3.47806301e-06,-2.67109688e-05,0.000129837085
0.0715660914,11.9879785,-10.0155117,0.0161409194,-10.020935,11.9876397,-10.0215207,1.22346736,0.619586542,11.9999877,12.0,0.0,1.84209795,-1.98232607e-05,3.38893648e-06,2.66206599e-05,0.000137938278
0.0716660914,11.9872324,-10.608635,0.0200629217,-10.6032797,11.9875802,-10.6026921,1.22418783,0.621872496,11.9999876,12.0,0.0,1.84277359,1.97065451e-05,-3.47834341e-06,-2.67088995e-05,0.000129837138
0.0717660914,11.9879787,-11.1697408,0.0161417173,-11.1751602,11.9876394,-11.1757459,1.22346749,0.619586999,11.9999877,12.0,0.0,1.84209805,-1.98153071e-05,3.39280504e-06,2.66222084e-05,0.000137936528
0.0718660914,11.9872321,-11.7413672,0.0200628493,-11.7360122,11.9875799,-11.7354246,1.22418779,0.621872443,11.9999876,12.0,0.0,1.84277355,1.97057977e-05,-3.47858746e-06,-2.67068516e-05,0.000129837226
0.0719660914,11.9879788,-12.2798664,0.0161424628,-12.2852822,11.9876391,-12.2858679,1.22346761,0.619587425,11.9999877,12.0,0.0,1.84209815,-1.98078762e-05,3.39661209e-06,2.66237501e-05,0.000137934892
0.0720660914,11.9872318,-12.8277827,0.0200627671,-12.822428,11.9875797,-12.8218405,1.22418775,0.621872384,11.9999876,12.0,0.0,1.8427735,1.97049506e-05,-3.47879578e-06,-2.67048198e-05,0.000129837336
0.0721660914,11.9879789,-13.3415075,0.016143167,-13.3469197,11.9876389,-13.3475055,1.22346772,0.619587827,11.9999877,12.0,0.0,1.84209824,-1.98008561e-05,3.40036677e-06,2.66252886e-05,0.000137933345
0.0722660914,11.9872315,-13.8635939,0.0200626789,-13.8582396,11.9875794,-13.8576521,1.22418772,0.621872322,11.9999876,12.0,0.0,1.84277345,1.97040433e-05,-3.47896953e-06,-2.67027999e-05,0.00012983746
0.0723660914,11.987979,-14.3504743,0.0161438382,-14.3558831,11.9876386,-14.3564689,1.22346782,0.619588211,11.9999877,12.0,0.0,1.84209833,-1.97941647e-05,3.40407679e-06,2.66268263e-05,0.000137931871
0.0724660914,11.9872313,-14.8447129,0.0200625874,-14.839359,11.9875792,-14.8387716,1.22418768,0.621872259,11.9999876,12.0,0.0,1.8427734,1.97031018e-05,-3.47911018e-06,-2.67007886e-05,0.000129837594
0.0725660914,11.9879792,-15.3027849,0.0161444827,-15.3081903,11.9876384,-15.3087761,1.22346793,0.61958858,11.9999877,12.0,0.0,1.84209841,-1.978774e-05,3.40774865e-06,2.66283654e-05,0.000137930457
0.0726660914,11.987231,-15.7672678,0.0200624942,-15.7619143,11.987579,-15.7613269,1.22418764,0.621872196,11.9999876,12.0,0.0,1.84277335,1.97021435e-05,-3.47921953e-06,-2.66987832e-05,0.000129837735
0.0727660914,11.9879793,-16.194681,0.0161451053,-16.2000831,11.9876382,-16.200669,1.22346803,0.619588936,11.9999877,12.0,0.0,1.8420985,-1.9781534e-05,3.41138791e-06,2.66299071e-05,0.000137929092
0.0728660914,11.9872308,-16.6276177,0.0200624004,-16.6222644,11.9875788,-16.6216771,1.22418761,0.621872133,11.9999876,12.0,0.0,1.84277331,1.97011798e-05,-3.47929954e-06,-2.66967819e-05,0.00012983788
0.0729660914,11.9879795,-17.0226426,0.0161457098,-17.0280416,11.987638,-17.0286275,1.22346813,0.619589282,11.9999877,12.0,0.0,1.84209858,-1.97755084e-05,3.41499933e-06,2.66314524e-05,0.000137927769
0.0730660914,11.9872306,-17.422367,0.0200623067,-17.4170141,11.9875786,-17.4164269,1.22418758,0.62187207,11.9999876,12.0,0.0,1.84277327,1.9700218e-05,-3.47935236e-06,-2.6694783e-05,0.000129838027
0.0731660914,11.9879797,-17.7834023,0.0161462993,-17.7887982,11.9876378,-17.7893841,1.22346822,0.619589621,11.9999877,12.0,0.0,1.84209866,-1.97696326e-05,3.41858704e-06,2.66330019e-05,0.000137926482
0.0732660914,11.9872305,-18.1483794,0.0200622137,-18.1430268,11.9875784,-18.1424396,1.22418755,0.621872009,11.9999876,12.0,0.0,1.84277323,1.9699263e-05,-3.47938024e-06,-2.66927854e-05,0.000129838178
0.0733660914,11.9879798,-18.4739577,0.0161468764,-18.4793505,11.9876376,-18.4799365,1.22346832,0.619589952,11.9999876,12.0,0.0,1.84209874,-1.97638813e-05,3.42215459e-06,2.66345559e-05,0.000137925224
0.0734660914,11.9872303,-18.8027895,0.0200621215,-18.7974373,11.9875782,-18.7968501,1.22418752,0.621871949,11.9999876,12.0,0.0,1.84277319,1.96983173e-05,-3.47938553e-06,-2.66907882e-05,0.00012983833
0.0735660914,11.9879801,-19.0915835,0.0161474432,-19.0969733,11.9876375,-19.0975593,1.22346841,0.619590278,11.9999876,12.0,0.0,1.84209882,-1.97582333e-05,3.42570512e-06,2.66361143e-05,0.000137923993
0.0736660914,11.9872302,-19.3830148,0.0200620303,-19.3776629,11.9875781,-19.3770757,1.22418749,0.62187189,11.9999876,12.0,0.0,1.84277315,1.96973823e-05,-3.47937063e-06,-2.66887908e-05,0.000129838484
0.0737660914,11.9879803,-19.6338423,0.0161480014,-19.639229,11.9876374,-19.639815,1.22346851,0.619590601,11.9999876,12.0,0.0,1.8420989,-1.97526706e-05,3.42924138e-06,2.66376771e-05,0.000137922783
0.0738660914,11.98723,-19.8867653,0.0200619401,-19.8814136,11.987578,-19.8808265,1.22418746,0.621871833,11.9999876,12.0,0.0,1.84277312,1.96964583e-05,-3.47933801e-06,-2.6686793e-05,0.000129838639
0.0739660914,11.9879805,-20.0985939,0.0161485527,-20.1039777,11.9876372,-20.1045638,1.22346861,0.619590919,11.9999876,12.0,0.0,1.84209899,-1.97471776e-05,3.4327658e-06,2.66392438e-05,0.000137921593
0.0740660914,11.9872299,-20.3120529,0.0200618509,-20.3067016,11.9875779,-20.3061145,1.22418744,0.621871777,11.9999876,12.0,0.0,1.84277309,1.96955447e-05,-3.47929018e-06,-2.66847944e-05,0.000129838797
0.0741660914,11.9879808,-20.4840044,0.0161490984,-20.4893852,11.9876372,-20.4899713,1.2234687,0.619591236,11.9999876,12.0,0.0,1.84209907,-1.97417407e-05,3.43628061e-06,2.66408141e-05,0.000137920418
0.0742660914,11.9872299,-20.6571993,0.0200617625,-20.6518482,11.9875778,-20.6512612,1.22418741,0.621871722,11.9999876,12.0,0.0,1.84277307,1.96946404e-05,-3.47922966e-06,-2.6682795e-05,0.000129838957
0.0743660914,11.9879811,-20.7885525,0.0161496398,-20.7939304,11.9876371,-20.7945165,1.2234688,0.61959155,11.9999876,12.0,0.0,1.84209916,-1.97363476e-05,3.43978779e-06,2.66423874e-05,0.000137919258
0.0744660914,11.9872298,-20.9208423,0.0200616749,-20.9154914,11.9875777,-20.9149045,1.22418739,0.621871668,11.9999876,12.0,0.0,1.84277304,1.96937441e-05,-3.47915902e-06,-2.66807948e-05,0.00012983912
0.0745660914,11.9879814,-21.0110365,0.016150178,-21.0164114,11.987637,-21.0169976,1.2234689,0.619591864,11.9999876,12.0,0.0,1.84209925,-1.97309869e-05,3.44328918e-06,2.66439631e-05,0.000137918108
0.0746660914,11.9872298,-21.1019413,0.0200615878,-21.0965908,11.9875777,-21.0960039,1.22418737,0.621871616,11.9999876,12.0,0.0,1.84277302,1.9692854e-05,-3.4790808e-06,-2.6678794e-05,0.000129839287
0.0747660914,11.9879817,-21.1505783,0.0161507141,-21.1559503,11.987637,-21.1565365,1.223469,0.619592177,11.9999876,12.0,0.0,1.84209934,-1.97256483e-05,3.44678653e-06,2.66455404e-05,0.000137916967
0.0748660914,11.9872298,-21.1997818,0.020061501,-21.1944315,11.9875777,-21.1938446,1.22418736,0.621871565,11.9999876,12.0,0.0,1.84277301,1.96919682e-05,-3.47899759e-06,-2.66767928e-05,0.000129839456
0.0749660914,11.987982,-21.2066273,0.016151249,-21.2119964,11.987637,-21.2125826,1.2234691,0.619592491,11.9999876,12.0,0.0,1.84209944,-1.97203217e-05,3.45028148e-06,2.66471187e-05,0.000137915834
0.0750660914,11.9872298,-21.2139776,0.0200614145,-21.2086275,11.9875777,-21.2080407,1.22418734,0.621871514,11.9999876,12.0,0.0,1.84277299,1.96910847e-05,-3.47891197e-06,-2.66747913e-05,0.00012983963
0.0751660914,11.9879824,-21.1789621,0.0161517837,-21.1843283,11.987637,-21.1849146,1.2234692,0.619592805,11.9999876,12.0,0.0,1.84209953,-1.97149975e-05,3.45377565e-06,2.66486972e-05,0.000137914705
0.0752660914,11.9872298,-21.1444725,0.0200613279,-21.1391228,11.9875777,-21.138536,1.22418733,0.621871465,11.9999876,12.0,0.0,1.84277298,1.96902014e-05,-3.47882652e-06,-2.66727898e-05,0.000129839808
0.0753660914,11.9879828,-21.0676922,0.0161523193,-21.0730554,11.987637,-21.0736418,1.2234693,0.61959312,11.9999876,12.0,0.0,1.84209963,-1.97096659e-05,3.45727062e-06,2.66502752e-05,0.000137913579
0.0754660914,11.9872299,-20.991541,0.020061241,-20.9861916,11.9875777,-20.9856048,1.22418731,0.621871416,11.9999876,12.0,0.0,1.84277297,1.96893162e-05,-3.4787438e-06,-2.66707886e-05,0.000129839991
0.0755660914,11.9879832,-20.8732565,0.0161528566,-20.8786168,11.9876371,-20.8792032,1.22346941,0.619593438,11.9999876,12.0,0.0,1.84209974,-1.97043173e-05,3.46076803e-06,2.66518519e-05,0.000137912454
0.0756660914,11.9872299,-20.7557866,0.0200611537,-20.7504374,11.9875778,-20.7498507,1.2241873,0.621871368,11.9999876,12.0,0.0,1.84277296,1.96884273e-05,-3.4786664e-06,-2.66687877e-05,0.000129840179
0.0757660914,11.9879836,-20.5964224,0.0161533967,-20.6017799,11.9876372,-20.6023662,1.22346952,0.619593757,11.9999876,12.0,0.0,1.84209984,-1.96989412e-05,3.46426955e-06,2.66534266e-05,0.000137911328
0.0758660914,11.98723,-20.4381398,0.0200610658,-20.4327908,11.9875779,-20.4322041,1.22418729,0.62187132,11.9999876,12.0,0.0,1.84277296,1.96875328e-05,-3.47859686e-06,-2.66667874e-05,0.000129840372
0.0759660914,11.987984,-20.2382826,0.0161539407,-20.2436371,11.9876373,-20.2442235,1.22346963,0.61959408,11.9999876,12.0,0.0,1.84209995,-1.96935269e-05,3.46777697e-06,2.66549987e-05,0.000137910197
0.0760660914,11.9872301,-20.039854,0.0200609772,-20.0345053,11.987578,-20.0339187,1.22418729,0.621871273,11.9999876,12.0,0.0,1.84277296,1.96866313e-05,-3.47853771e-06,-2.66647878e-05,0.000129840571
0.0761660914,11.9879845,-19.8002503,0.0161544899,-19.8056019,11.9876374,-19.8061883,1.22346974,0.619594407,11.9999876,12.0,0.0,1.84210007,-1.96880624e-05,3.47129219e-06,2.66565676e-05,0.000137909061
0.0762660914,11.9872302,-19.5625011,0.0200608877,-19.5571527,11.9875781,-19.5565661,1.22418728,0.621871226,11.9999876,12.0,0.0,1.84277296,1.96857217e-05,-3.47849147e-06,-2.66627887e-05,0.000129840776
0.0763660914,11.987985,-19.2840545,0.0161550454,-19.289403,11.9876375,-19.2899895,1.22346986,0.619594739,11.9999876,12.0,0.0,1.84210018,-1.96825347e-05,3.47481731e-06,2.66581328e-05,0.000137907914
0.0764660914,11.9872304,-19.0079651,0.0200607972,-19.002617,11.9875782,-19.0020305,1.22418728,0.621871179,11.9999876,12.0,0.0,1.84277296,1.96848032e-05,-3.47846061e-06,-2.66607901e-05,0.000129840986
0.0765660914,11.9879855,-18.6917322,0.0161556089,-18.6970777,11.9876377,-18.6976642,1.22346998,0.619595075,11.9999877,12.0,0.0,1.84210031,-1.9676929e-05,3.47835463e-06,2.66596939e-05,0.000137906756
0.0766660914,11.9872305,-18.3784345,0.0200607059,-18.3730867,11.9875784,-18.3725002,1.22418727,0.621871133,11.9999876,12.0,0.0,1.84277297,1.9683876e-05,-3.47844756e-06,-2.66587917e-05,0.000129841202
0.0767660914,11.987986,-18.0256211,0.0161561819,-18.0309636,11.9876378,-18.0315502,1.2234701,0.619595418,11.9999877,12.0,0.0,1.84210043,-1.96712282e-05,3.48190674e-06,2.66612508e-05,0.000137905581
0.0768660914,11.9872307,-17.6763936,0.0200606137,-17.6710461,11.9875785,-17.6704597,1.22418727,0.621871087,11.9999876,12.0,0.0,1.84277298,1.9682941e-05,-3.47845471e-06,-2.66567929e-05,0.000129841424
0.0769660914,11.9879866,-17.2883501,0.0161567665,-17.2936895,11.987638,-17.2942761,1.22347023,0.619595769,11.9999877,12.0,0.0,1.84210056,-1.96654126e-05,3.48547656e-06,2.66628032e-05,0.000137904385
0.0770660914,11.9872309,-16.9046132,0.020060521,-16.8992661,11.9875787,-16.8986797,1.22418727,0.621871041,11.9999876,12.0,0.0,1.84277299,1.96820006e-05,-3.47848436e-06,-2.66547931e-05,0.00012984165
0.0771660914,11.9879871,-16.4828289,0.0161573651,-16.4881651,11.9876382,-16.4887517,1.22347036,0.619596128,11.9999877,12.0,0.0,1.8421007,-1.96594585e-05,3.48906741e-06,2.66643516e-05,0.000137903164
0.0772660914,11.9872311,-16.0661391,0.0200604281,-16.0607923,11.9875789,-16.0602059,1.22418727,0.621870995,11.9999876,12.0,0.0,1.842773,1.96810589e-05,-3.47853872e-06,-2.66527911e-05,0.00012984188
0.0773660914,11.9879877,-15.6122364,0.0161579805,-15.6175695,11.9876384,-15.6181561,1.22347049,0.619596499,11.9999877,12.0,0.0,1.84210084,-1.96533374e-05,3.49268313e-06,2.66658962e-05,0.000137901911
0.0774660914,11.9872313,-15.1642804,0.0200603356,-15.1589339,11.9875792,-15.1583476,1.22418727,0.621870951,11.9999876,12.0,0.0,1.84277301,1.96801224e-05,-3.47861989e-06,-2.66507855e-05,0.000129842113
0.0775660914,11.9879883,-14.6800087,0.0161586162,-14.6853384,11.9876387,-14.6859251,1.22347063,0.619596881,11.9999877,12.0,0.0,1.84210098,-1.96470141e-05,3.49632813e-06,2.66674379e-05,0.000137900618
0.0776660914,11.9872315,-14.2025963,0.0200602446,-14.1972502,11.9875794,-14.1966639,1.22418728,0.621870908,11.9999876,12.0,0.0,1.84277303,1.96792014e-05,-3.4787298e-06,-2.66487746e-05,0.000129842345
0.0777660914,11.9879889,-13.6898247,0.0161592767,-13.695151,11.9876389,-13.6957377,1.22347078,0.619597279,11.9999877,12.0,0.0,1.84210113,-1.96404448e-05,3.50000755e-06,2.6668978e-05,0.000137899275
0.0778660914,11.9872318,-13.1848822,0.0200601566,-13.1795364,11.9875796,-13.1789501,1.22418728,0.621870868,11.9999876,12.0,0.0,1.84277305,1.96783112e-05,-3.47887018e-06,-2.66467559e-05,0.000129842574
0.0779660914,11.9879896,-12.6455923,0.0161599677,-12.6509151,11.9876392,-12.6515019,1.22347093,0.619597695,11.9999877,12.0,0.0,1.84210129,-1.9633573e-05,3.50372741e-06,2.6670518e-05,0.000137897872
0.0780660914,11.987232,-12.1151544,0.0200600739,-12.1098089,11.9875799,-12.1092228,1.22418729,0.62187083,11.9999876,12.0,0.0,1.84277307,1.96774749e-05,-3.47904249e-06,-2.66447265e-05,0.000129842796
0.0781660914,11.9879902,-11.5514326,0.0161606964,-11.5567519,11.9876395,-11.5573386,1.22347109,0.619598134,11.9999877,12.0,0.0,1.84210146,-1.96263246e-05,3.50749482e-06,2.66720605e-05,0.000137896391
0.0782660914,11.9872323,-10.9976348,0.0200599997,-10.9922896,11.9875802,-10.9917035,1.2241873,0.621870799,11.9999876,12.0,0.0,1.84277309,1.96767271e-05,-3.47924783e-06,-2.66426824e-05,0.000129843002
0.0783660914,11.9879909,-10.411664,0.016161473,-10.4169794,11.9876397,-10.4175662,1.22347126,0.619598601,11.9999877,12.0,0.0,1.84210164,-1.96186e-05,3.51131818e-06,2.66736085e-05,0.000137894811
0.0784660914,11.9872325,-9.83673367,0.0200599394,-9.83138878,11.9875805,-9.83080269,1.22418731,0.621870776,11.9999876,12.0,0.0,1.84277312,1.96761211e-05,-3.47948683e-06,-2.66406187e-05,0.000129843183
0.0785660914,11.9879916,-9.23078445,0.0161623115,-9.23609581,11.98764,-9.23668267,1.22347145,0.619599105,11.9999877,12.0,0.0,1.84210183,-1.961026e-05,3.51520757e-06,2.66751664e-05,0.000137893103
0.0786660914,11.9872328,-8.6370326,0.0200599012,-8.63168793,11.9875808,-8.63110188,1.22418733,0.621870766,11.9999876,12.0,0.0,1.84277316,1.96757406e-05,-3.47975948e-06,-2.66385293e-05,0.000129843322
0.0787660914,11.9879923,-8.01345458,0.016163232,-8.01876161,11.9876403,-8.0193485,1.22347165,0.619599658,11.9999877,12.0,0.0,1.84210203,-1.96011027e-05,3.51917509e-06,2.66767395e-05,0.000137891223
0.0788660914,11.987233,-7.40326632,0.0200598984,-7.39792175,11.9875811,-7.39733575,1.22418735,0.621870777,11.9999876,12.0,0.0,1.8427732,1.96757223e-05,-3.4800649e-06,-2.66364061e-05,0.000129843391
0.0789660914,11.987993,-6.76447872,0.0161642656,-6.76978103,11.9876406,-6.77036795,1.22347187,0.619600277,11.9999877,12.0,0.0,1.84210226,-1.95908196e-05,3.52323549e-06,2.66783353e-05,0.000137889106
0.0790660914,11.9872333,-6.140304,0.0200599541,-6.13495935,11.9875814,-6.1343734,1.22418739,0.621870822,11.9999876,12.0,0.0,1.84277325,1.96763009e-05,-3.480401e-06,-2.66342392e-05,0.000129843344
0.0791660914,11.9879937,-5.48878621,0.0161654628,-5.49408321,11.987641,-5.49467017,1.22347212,0.619600992,11.9999877,12.0,0.0,1.84210252,-1.95789069e-05,3.52740686e-06,2.6679963e-05,0.000137886644
0.0792660914,11.9872336,-4.85313013,0.0200601107,-4.84778507,11.9875817,-4.84719916,1.22418744,0.621870926,11.9999876,12.0,0.0,1.84277332,1.96779101e-05,-3.48076405e-06,-2.66320155e-05,0.000129843096
0.0793660914,11.9879945,-4.19141194,0.0161669141,-4.19670275,11.9876413,-4.19728975,1.22347243,0.619601857,11.9999877,12.0,0.0,1.84210282,-1.95644639e-05,3.53171172e-06,2.66816354e-05,0.000137883646
0.0794660914,11.9872339,-3.54682489,0.0200604555,-3.54147879,11.987582,-3.54089294,1.22418753,0.62187114,11.9999876,12.0,0.0,1.84277342,1.96814403e-05,-3.48114797e-06,-2.66297181e-05,0.000129842471
0.0795660914,11.9879952,-2.8774767,0.0161688042,-2.88275982,11.9876416,-2.88334686,1.22347281,0.619602979,11.9999877,12.0,0.0,1.8421032,-1.95456508e-05,3.53617842e-06,2.6683369e-05,0.000137879721
0.0796660914,11.9872342,-2.22654439,0.0200611991,-2.22119592,11.9875823,-2.22061012,1.22418769,0.621871585,11.9999876,12.0,0.0,1.84277359,1.96890435e-05,-3.48154331e-06,-2.66273249e-05,0.000129841045
0.0797660914,11.987996,-1.55216756,0.0161716,-1.55743996,11.987642,-1.55802704,1.22347337,0.619604633,11.9999877,12.0,0.0,1.84210375,-1.95178155e-05,3.54084327e-06,2.66851864e-05,0.000137873881
0.0798660914,11.9872345,-0.897501489,0.0200630212,-0.892147001,11.9875826,-0.891561255,1.22418805,0.621872656,11.9999876,12.0,0.0,1.84277395,1.97076579e-05,-3.48193569e-06,-2.6624806e-05,0.000129837453
0.0799660914,11.9879969,-0.220720947,0.0161771165,-0.225973598,11.9876423,-0.226560714,1.22347444,0.619607882,11.9999877,12.0,0.0,1.84210478,-1.94628779e-05,3.54575332e-06,2.66871182e-05,0.000137862287
0.0800660914,11.9872354,0.4200142,0.0244644895,0.440422814,11.9875839,0.441008501,1.22495821,0.624412126,11.9999876,12.0,0.0,1.84349992,6.53426479e-05,-3.48442468e-06,-2.66221213e-05,0.000121252811
0.0801363545,11.9880014,0.622601626,0.0819206272,0.908432482,11.9876516,0.907845329,1.23141745,0.654141599,11.9999877,12.0,0.0,1.84959183,0.000862689813,3.49707827e-06,2.66887606e-05,4.9313332e-05
0.0802031495,11.9872435,0.723370334,0.14303506,1.35293521,11.9875939,1.35352085,1.23350945,0.672862341,11.9999876,12.0,0.0,1.85156028,0.00191492197,-3.50344391e-06,-2.66198791e-05,2.59270559e-05
0.0802736795,11.9880089,1.0508703,0.459572079,1.82164208,11.9876548,1.82105491,1.23388608,0.677731806,11.9999877,12.0,0.0,1.85191876,0.00233218876,3.54201019e-06,2.66900135e-05,2.17928775e-05
0.0803517014,11.9872471,1.56278665,0.971484625,2.33908597,11.9875946,2.33967158,1.23388014,0.677729349,11.9999876,12.0,0.0,1.8519097,0.00235589712,-3.47389503e-06,-2.66173804e-05,2.17899425e-05
0.0804517014,11.9880092,2.2114944,1.61909788,3.00019136,11.987655,2.99960417,1.23388611,0.677731821,11.9999877,12.0,0.0,1.8519188,0.00238705545,3.54312348e-06,2.66920889e-05,2.1792889e-05
0.0805517014,11.9872477,2.8619882,2.26938847,3.65833592,11.9875949,3.65892146,1.23388013,0.677728834,11.9999876,12.0,0.0,1.85190972,0.0024166677,-3.47040331e-06,-2.66140054e-05,2.17903722e-05
0.0806517014,11.9880097,3.50420681,2.91061359,4.31287014,11.9876554,4.3122829,1.23388614,0.677731838,11.9999877,12.0,0.0,1.85191885,0.00244746416,3.54482858e-06,2.66948779e-05,2.17929019e-05
0.0807517014,11.9872484,4.14695411,3.55310735,4.96314808,11.9875952,4.96373355,1.23388016,0.677728851,11.9999876,12.0,0.0,1.85190977,0.00247681685,-3.46652966e-06,-2.66101355e-05,2.17903852e-05
0.0808517014,11.9880102,4.78015526,4.18540376,5.608528,11.9876557,5.60794069,1.23388617,0.677731854,11.9999877,12.0,0.0,1.8519189,0.00250711094,3.54684238e-06,2.66982005e-05,2.17929148e-05
0.0809517014,11.9872491,5.41263216,4.81759098,6.24837297,11.9875956,6.24895835,1.2338802,0.677728868,11.9999876,12.0,0.0,1.85190981,0.00253605702,-3.46212281e-06,-2.66055372e-05,2.17903979e-05
0.0810517014,11.9880107,6.03430625,5.43843835,6.88205155,11.987656,6.88146417,1.2338862,0.677731871,11.9999877,12.0,0.0,1.85191895,0.00256575034,3.54932466e-06,2.67023431e-05,2.17929275e-05
0.0811517014,11.9872499,6.65402399,6.05784162,7.50893838,11.9875959,7.50952366,1.23388023,0.677728884,11.9999876,12.0,0.0,1.85190986,0.00259416343,-3.45693816e-06,-2.65998089e-05,2.17904105e-05
0.0812517014,11.9880113,7.26170955,6.66476986,8.1284148,11.9876563,8.12782731,1.23388623,0.677731887,11.9999877,12.0,0.0,1.851919,0.0026231493,3.55254896e-06,2.67078259e-05,2.179294e-05
0.0813517014,11.9872508,7.86623144,7.26896196,8.73986945,11.9875962,8.74045458,1.23388026,0.677728901,11.9999876,12.0,0.0,1.85190991,0.00265090285,-3.45055531e-06,-2.65921893e-05,2.1790423e-05
0.0814517014,11.9880119,8.45752105,7.85955659,9.3426989,11.9876566,9.34211128,1.23388626,0.677731903,11.9999877,12.0,0.0,1.85191904,0.00267907875,3.55701959e-06,2.67157109e-05,2.17929523e-05
0.0815517014,11.9872518,9.04447033,8.44616854,9.93630824,11.9875965,9.93689318,1.23388029,0.677728916,11.9999876,12.0,0.0,1.85190996,0.00270605113,-3.44217462e-06,-2.65810091e-05,2.17904352e-05
0.0816517014,11.9880127,9.61702124,9.01808102,10.5201116,11.9876569,10.5195238,1.23388629,0.677731919,11.9999877,12.0,0.0,1.85191909,0.00273331593,3.56378727e-06,2.67286023e-05,2.17929644e-05
0.0817517014,11.9872531,10.1840904,9.5848117,11.093533,11.9875968,11.0941176,1.23388032,0.677728932,11.9999876,12.0,0.0,1.85191,0.00275939065,-3.43002953e-06,-2.65616074e-05,2.17904474e-05
0.0818517014,11.9880139,10.7356336,10.1357683,11.6560063,11.9876572,11.6554181,1.23388632,0.677731935,11.9999877,12.0,0.0,1.85191914,0.00278564525,3.57549947e-06,2.67554817e-05,2.17929766e-05
0.0819517014,11.9872549,11.280593,10.6803935,12.2069766,11.9875971,12.2075605,1.23388035,0.677728949,11.9999876,12.0,0.0,1.85191005,0.00281071103,-3.40909302e-06,-2.5232824e-05,2.17904601e-05
0.0820517014,11.9935047,11.7994099,11.198194,12.7459,11.9931452,12.6245788,1.23443139,0.678004468,11.9999932,12.0,0.0,1.85274827,0.00286455674,3.59506195e-06,0.00551487046,2.20238177e-05
0.0821517014,12.012689,12.28384,11.6805449,13.2722448,12.0126648,12.7214049,1.23636836,0.678972952,12.0000127,12.0,0.0,1.85569574,0.00299492473,2.42051654e-07,0.0251847412,2.28641092e-05
0.0822517014,12.0815327,12.5949588,11.9893373,13.7854915,12.0340447,12.7747354,1.23848674,0.680032144,12.000034,12.0,0.0,1.8589211,0.00313279425,0.000504565627,0.0459434591,2.38198514e-05
0.0823517014,12.192002,12.7561381,12.148482,14.2851336,12.0557025,12.817622,1.24062917,0.681103358,12.0000556,12.0,0.0,1.86218511,0.00327032621,0.00136308925,0.0685545383,2.48270816e-05
0.0824517014,12.3047422,12.8940686,12.2842516,14.770678,12.0771775,12.8530851,1.2427499,0.682163725,12.0000771,12.0,0.0,1.86541816,0.00341104901,0.00227582016,0.0875707013,2.5866053e-05
0.0825517014,12.4157854,13.021846,12.4099915,15.2416455,12.0990915,12.8863156,1.24491015,0.683243848,12.000099,12.0,0.0,1.86871368,0.00355973007,0.00317357852,0.107084272,2.69690946e-05
0.0826517014,12.5259353,13.1431488,12.5285003,15.6975713,12.1282232,12.9251624,1.24777581,0.684676676,12.0001281,12.0,0.0,1.87308887,0.00376378405,0.00398054622,0.126037205,2.85052466e-05
0.0827517014,12.6377959,13.2617278,12.6420673,16.1380055,12.1837163,12.9882038,1.25321321,0.687395379,12.0001835,12.0,0.0,1.88140305,0.00417521079,0.00454082564,0.143172827,3.16646151e-05
0.0828517014,12.7462876,13.3733378,12.7465024,16.5625135,12.2622598,13.0731315,1.26085816,0.691217854,12.000262,12.0,0.0,1.89312263,0.00482389941,0.00484028885,0.158608283,3.67076781e-05
0.0829517014,12.8445,13.4732865,12.8391282,16.9706763,12.3441984,13.1604867,1.26876194,0.69516974,12.0003439,12.0,0.0,1.90528128,0.00559513481,0.00500325619,0.173191894,4.27673708e-05
0.0830517014,12.9312758,13.560917,12.9198751,17.362091,12.4216462,13.2429689,1.27615681,0.698867175,12.0004212,12.0,0.0,1.91670218,0.00642247387,0.00509634559,0.187233601,4.93396096e-05
0.0831517014,13.0075491,13.637836,12.9906851,17.7363715,12.4919187,13.3177257,1.28279545,0.702186496,12.0004914,12.0,0.0,1.92699794,0.0072635799,0.00515631833,0.200847936,5.60957569e-05
0.0832517014,13.0748145,13.7054338,13.0528317,18.0931483,12.5551579,13.3851928,1.28870596,0.705141751,12.0005546,12.0,0.0,1.9362032,0.00809961375,0.00519657079,0.213998303,6.28856183e-05
0.0833517014,13.1343382,13.7652753,13.1078828,18.4320694,12.6119001,13.44573,1.29395348,0.707765511,12.0006113,12.0,0.0,1.94441018,0.00891747516,0.00522438363,0.226651989,6.95995687e-05
0.0834517014,13.1872468,13.8183242,13.1566672,18.7528002,12.6628421,13.5002415,1.29861639,0.710096966,12.0006622,12.0,0.0,1.95173281,0.00970895287,0.00524404834,0.238752835,7.61646979e-05
0.0835517014,13.2343808,13.8656352,13.2002225,19.0550243,12.7085689,13.5491731,1.30276069,0.712169114,12.0007079,12.0,0.0,1.95826691,0.0104673316,0.00525811945,0.250266068,8.25176571e-05
0.0836517014,13.2764678,13.9077787,13.2390184,19.3384433,12.7496382,13.5932396,1.30644785,0.714012696,12.0007489,12.0,0.0,1.96410247,0.0111882845,0.00526829585,0.261145711,8.86139811e-05
0.0837517014,13.3148162,13.9462423,13.2744579,19.6027777,12.7871555,13.6334643,1.30980049,0.715689016,12.0007864,12.0,0.0,1.9694186,0.0118860681,0.00527662175,0.271536319,9.45472993e-05
0.0838517014,13.3481396,13.9795798,13.3051805,19.8477665,12.8199779,13.6687703,1.31269302,0.717135279,12.0008192,12.0,0.0,1.97403123,0.0125178659,0.00528161737,0.281038513,9.99846057e-05
0.0839517014,13.3778318,14.0093373,13.3326487,20.0731679,12.8493015,13.7002889,1.31525792,0.71841773,12.0008485,12.0,0.0,1.97813399,0.0131036898,0.0052853078,0.289811977,0.000105067068
0.0840517014,13.4041477,14.03565,13.356925,20.2787596,12.8753534,13.7283579,1.31752034,0.719548937,12.0008745,12.0,0.0,1.98176362,0.0136419199,0.00528794368,0.297863915,0.000109764162
0.0841517014,13.4273026,14.0588484,13.3783618,20.4643385,12.8983224,13.7530825,1.319502,0.720539767,12.0008974,12.0,0.0,1.98495144,0.014129585,0.00528980401,0.30514567,0.000114050569
0.0842517014,13.4474993,14.0790333,13.3970032,20.6297217,12.9183897,13.7747315,1.32122313,0.721400332,12.0009175,12.0,0.0,1.98772695,0.0145664634,0.0052910964,0.311664639,0.000117909041
0.0843517014,13.4648761,14.0964406,13.4131033,20.7747457,12.9356792,13.7933622,1.32269826,0.722137901,12.0009347,12.0,0.0,1.99011096,0.0149504701,0.00529196996,0.317388057,0.000121319754
0.0844517014,13.4795687,14.1111181,13.4266683,20.8992677,12.9503139,13.8091666,1.3239412,0.72275937,12.0009494,12.0,0.0,1.99212354,0.0152814246,0.00529254804,0.322318499,0.00012427007
0.0845517014,13.491664,14.1232357,13.437884,21.0031645,12.9623728,13.8221694,1.3249614,0.72326947,12.0009614,12.0,0.0,1.99377815,0.0155579175,0.00529291244,0.32643509,0.00012674521
0.0846517014,13.5012496,14.1328061,13.446732,21.0863338,12.971936,13.8325065,1.32576789,0.723672714,12.000971,12.0,0.0,1.9950879,0.0157798301,0.0052931364,0.329737688,0.0001287367
0.0847517014,13.5083752,14.1399489,13.4533467,21.1486934,12.979049,13.8401779,1.32636624,0.72397189,12.0009781,12.0,0.0,1.99606065,0.0159462613,0.00529326204,0.332214452,0.000130234427
0.0848517014,13.5130918,14.1446513,13.4576921,21.1901818,12.9837588,13.8452757,1.32676172,0.724169627,12.0009828,12.0,0.0,1.99670408,0.01605718,0.00529332974,0.333864051,0.000131233885
0.0849517014,13.5154191,14.1469926,13.4598614,21.2107581,12.9860836,13.8477799,1.32695668,0.72426711,12.0009851,12.0,0.0,1.99702145,0.016112092,0.00529335521,0.334681754,0.000131729428
0.0850517014,13.5153778,14.1469386,13.4598038,21.2104018,12.9860424,13.847746,1.32695316,0.724265347,12.0009851,12.0,0.0,1.99701576,0.0161110799,0.00529335429,0.33466618,0.000131720447
0.0851517014,13.512961,14.1445331,13.457577,21.1891135,12.9836288,13.8451346,1.32675059,0.724164065,12.0009826,12.0,0.0,1.99668612,0.0160539969,0.00529332162,0.333818439,0.000131205666
0.0852517014,13.5081606,14.1397214,13.4531149,21.1469141,12.9788355,13.8399682,1.32634795,0.723962742,12.0009779,12.0,0.0,1.99603114,0.0159410665,0.005293251,0.332137982,0.000130188374
0.0853517014,13.500943,14.1325125,13.4464412,21.0838453,12.9716314,13.8321866,1.32574174,0.723659638,12.0009707,12.0,0.0,1.99504574,0.0157724602,0.00529311577,0.329630958,0.000128671633
0.0854517014,13.4912701,14.1228282,13.4374713,20.9999692,12.9619816,13.821779,1.32492771,0.723252625,12.000961,12.0,0.0,1.99372391,0.0155485756,0.00529288527,0.326298401,0.000126662695
0.0855517014,13.4790774,14.1106405,13.4261933,20.8953687,12.9498268,13.8086598,1.32389911,0.722738325,12.0009489,12.0,0.0,1.99205588,0.0152698978,0.00529250584,0.322151065,0.000124168996
0.0856517014,13.4642911,14.0958408,13.4124973,20.770147,12.9350997,13.7927809,1.32264798,0.722112759,12.0009342,12.0,0.0,1.99003026,0.014937043,0.00529191382,0.317192266,0.000121201883
0.0857517014,13.4468077,14.0783563,13.396329,20.6244276,12.9177061,13.7740235,1.32116354,0.72137054,12.0009168,12.0,0.0,1.98763151,0.0145508339,0.00529101518,0.311437271,0.000117773308
0.0858517014,13.4265068,14.0580365,13.3775423,20.4583545,12.8975374,13.7522939,1.31943319,0.720505365,12.0008966,12.0,0.0,1.98484148,0.0141121704,0.00528969481,0.304892427,0.000113898976
0.0859517014,13.4032313,14.0347494,13.3560279,20.2720914,12.8744522,13.7274269,1.31744087,0.719509205,12.0008736,12.0,0.0,1.98163692,0.0136222748,0.0052877912,0.29757777,0.00010959568
0.0860517014,13.3767951,14.0082825,13.3315844,20.0658222,12.8482852,13.699268,1.31516771,0.718372624,12.0008474,12.0,0.0,1.97799055,0.0130824372,0.00528510016,0.289503608,0.000104884001
0.0861517014,13.3469622,13.9784198,13.3040251,19.8397505,12.8188286,13.6675854,1.3125903,0.717083919,12.000818,12.0,0.0,1.97386836,0.0124944055,0.00528133748,0.28069543,9.97862637e-05
0.0862517014,13.3134489,13.944853,13.2730619,19.5940993,12.7858362,13.6321394,1.3096809,0.715629219,12.0007851,12.0,0.0,1.96923005,0.0118600469,0.0052761303,0.271168772,9.43289653e-05
0.0863517014,13.2758978,13.9072394,13.2383912,19.3291111,12.7490031,13.5926,1.30640548,0.71399151,12.0007483,12.0,0.0,1.96402604,0.0111818818,0.00526895155,0.260955825,8.85414269e-05
0.0864517014,13.2328672,13.8640999,13.1986593,19.0450474,12.7070956,13.5477008,1.30262779,0.712102662,12.0007064,12.0,0.0,1.95805697,0.0104421435,0.00525771704,0.249879467,8.2305927e-05
0.0865517014,13.1855412,13.8166433,13.154975,18.7421886,12.6611937,13.4985526,1.29846625,0.710021893,12.0006605,12.0,0.0,1.95149656,0.00968244591,0.00524347501,0.238347191,7.59439504e-05
0.0866517014,13.1324306,13.7633428,13.1059149,18.4208335,12.6100723,13.4439073,1.29378531,0.707681423,12.0006095,12.0,0.0,1.94414663,0.00889006133,0.00522358302,0.226224054,6.93736662e-05
0.0867517014,13.0726517,13.7033003,13.0506827,18.0812992,12.553113,13.3831017,1.28851583,0.705046683,12.0005526,12.0,0.0,1.93590647,0.00807132523,0.00519538908,0.213554626,6.26549009e-05
0.0868517014,13.0051118,13.6353696,12.9881719,17.7239209,12.4896585,13.3154774,1.28258304,0.702080292,12.0004892,12.0,0.0,1.92666784,0.00723507804,0.00515453711,0.200384056,5.58658948e-05
0.0869517014,12.9284905,13.5581639,12.917099,17.3490512,12.4191566,13.2404253,1.27592035,0.698748943,12.0004187,12.0,0.0,1.91633622,0.00639426973,0.00509335022,0.186756099,4.91145872e-05
0.0870517014,12.8413567,13.4700915,12.835855,16.9570601,12.3416505,13.1579587,1.26851739,0.695047464,12.0003413,12.0,0.0,1.90490434,0.00556956646,0.00499709885,0.172686997,4.25656648e-05
0.0871517014,12.746614,13.3741117,12.7471819,16.5483344,12.2594382,13.0704286,1.26062438,0.691100962,12.0002592,12.0,0.0,1.89274012,0.00480717677,0.00487336563,0.158710402,3.65421595e-05
0.0872517014,12.6339503,13.2578819,12.638142,16.1232775,12.1813068,12.9858497,1.25297771,0.687277625,12.0001811,12.0,0.0,1.8810426,0.00415658643,0.00452644115,0.142610361,3.15207847e-05
0.0873517014,12.5220773,13.1393185,12.5246991,15.6823089,12.1269377,12.9237726,1.24764935,0.684613449,12.0001268,12.0,0.0,1.87289581,0.00375463841,0.00395140498,0.12538802,2.84356506e-05
0.0874517014,12.411962,13.0180049,12.4061007,15.2258637,12.0982582,12.8855766,1.2448285,0.683203022,12.0000982,12.0,0.0,1.86858883,0.00355403015,0.00313997894,0.106390539,2.69265595e-05
0.0875517014,12.3007161,12.8902541,12.280473,14.7543925,12.0764442,12.8519959,1.24267756,0.682127551,12.0000764,12.0,0.0,1.86530782,0.00340619868,0.0022459709,0.0864910975,2.58299025e-05
0.0876517014,12.1878504,12.7522116,12.1444889,14.2683604,12.054988,12.8157934,1.24055855,0.681068047,12.0000549,12.0,0.0,1.86207748,0.00326576675,0.00133678313,0.0660609835,2.47932101e-05
0.0877517014,12.0771398,12.5911998,11.9856248,13.7682472,12.0332618,12.773919,1.23840923,0.679993389,12.0000332,12.0,0.0,1.85880306,0.00312803013,0.000473859284,0.0452843867,2.37841875e-05
0.0878517014,12.0113265,12.2697362,11.6663698,13.2545464,12.0118859,12.7207148,1.23629111,0.678934331,12.0000119,12.0,0.0,1.85557817,0.0029898681,-2.44968136e-06,0.0242663548,2.28299945e-05
0.0879517014,11.9929013,11.7824289,11.1812803,12.727765,11.9924247,12.62232,1.23435985,0.677968696,11.9999924,12.0,0.0,1.85263944,0.00285988925,4.76541572e-06,0.00479325612,2.1993379e-05
0.0880030224,11.9872324,11.5226707,10.922182,12.4525052,11.9877331,12.4500626,1.23389387,0.677735706,11.9999877,12.0,0.0,1.85193061,0.00282268811,-5.00746175e-06,0.000111708031,2.17961535e-05
0.0880444064,11.9881518,11.2986825,10.6984006,12.2281809,11.9876756,12.2272191,1.23388814,0.677732845,11.9999877,12.0,0.0,1.8519219,0.00281189956,4.76296668e-06,4.39828332e-05,2.17937431e-05
0.0880601168,11.9870803,11.2176182,10.6173983,12.1424788,11.9875792,12.143421,1.23387858,0.677728061,11.9999876,12.0,0.0,1.85190735,0.00280760342,-4.98455589e-06,-4.25237893e-05,2.17897124e-05
0.0880746293,11.9881482,11.1360711,10.53592,12.0630483,11.9876739,12.062121,1.23388798,0.677732764,11.9999877,12.0,0.0,1.85192166,0.00280428267,4.74502518e-06,4.25205377e-05,2.1793675e-05
0.0881036543,11.9870824,10.9822053,10.3821809,11.9034368,11.9875791,11.9043814,1.23387856,0.677728054,11.9999876,12.0,0.0,1.85190733,0.00279658753,-4.96260342e-06,-4.27618744e-05,2.17897065e-05
0.0881617044,11.988148,10.6616101,10.06185,11.5812578,11.9876741,11.5803239,1.233888,0.677732773,11.9999877,12.0,0.0,1.85192168,0.00278211532,4.74621026e-06,4.24855701e-05,2.17936827e-05
0.0882617044,11.9870836,10.1095283,9.51022791,11.0172844,11.9875791,11.0182249,1.23387856,0.677728052,11.9999876,12.0,0.0,1.85190732,0.00275585603,-4.94524853e-06,-4.27305535e-05,2.17897062e-05
0.0883617044,11.9881488,9.54011072,8.94128866,10.4424382,11.9876739,10.4415032,1.23388798,0.677732761,11.9999877,12.0,0.0,1.85192165,0.00272971067,4.75669095e-06,4.2510216e-05,2.17936739e-05
0.0884617044,11.9870849,8.96716849,8.36883449,9.85728654,11.9875788,9.85822685,1.23387853,0.677728039,11.9999876,12.0,0.0,1.85190729,0.00270240443,-4.93277959e-06,-4.27115418e-05,2.1789696e-05
0.0885617044,11.9881494,8.37802767,7.78019835,9.26240696,11.9876736,9.26147189,1.23388795,0.677732747,11.9999877,12.0,0.0,1.85192161,0.00267532613,4.76262642e-06,4.25221957e-05,2.1793663e-05
0.0886617044,11.9870858,7.78649967,7.18918465,8.65838651,11.9875786,8.65932604,1.23387851,0.677728026,11.9999876,12.0,0.0,1.85190725,0.00264716001,-4.92399396e-06,-4.27003079e-05,2.17896864e-05
0.0887617044,11.9881496,7.17994694,6.58316242,8.04582127,11.9876733,8.04488573,1.23388792,0.677732732,11.9999877,12.0,0.0,1.85192157,0.00261925737,4.76644287e-06,4.25295063e-05,2.17936521e-05
0.0888617044,11.9870863,6.57218044,5.9759358,7.42531578,11.9875783,7.4262551,1.23387848,0.677728011,11.9999876,12.0,0.0,1.85190721,0.00259034135,-4.91719806e-06,-4.2692521e-05,2.17896752e-05
0.0889617044,11.9881497,5.95059626,5.35490725,6.7974824,11.987673,6.79654672,1.23388789,0.677732717,11.9999877,12.0,0.0,1.85192152,0.00256172554,4.76911415e-06,4.25345582e-05,2.17936403e-05
0.0890617044,11.9870866,5.32900269,4.73387839,6.16294072,11.987578,6.16387989,1.23387845,0.677727996,11.9999876,12.0,0.0,1.85190716,0.00253217283,-4.91161229e-06,-4.26865914e-05,2.17896635e-05
0.0891617044,11.9881496,4.694827,4.10028268,5.52231697,11.9876727,5.52138118,1.23388786,0.677732701,11.9999877,12.0,0.0,1.85192148,0.00250295779,4.77110956e-06,4.25383472e-05,2.17936281e-05
0.0892617044,11.9870868,4.06187243,3.46791678,4.87624335,11.9875777,4.8771824,1.23387842,0.67772798,11.9999876,12.0,0.0,1.85190712,0.00247288402,-4.90682144e-06,-4.26817836e-05,2.17896516e-05
0.0893617044,11.9881495,3.41759495,2.82424271,4.22535747,11.9876724,4.22442161,1.23388783,0.677732685,11.9999877,12.0,0.0,1.85192143,0.00244318605,4.77268324e-06,4.25413643e-05,2.17936156e-05
0.0894617044,11.987087,2.7757903,2.18304968,3.57030168,11.9875774,3.57124063,1.23387839,0.677727964,11.9999876,12.0,0.0,1.85190707,0.00241270893,-4.90258159e-06,-4.26777055e-05,2.17896393e-05
0.0895617044,11.9881493,2.12394064,1.53182583,2.91172243,11.9876721,2.9107865,1.2338878,0.677732668,11.9999877,12.0,0.0,1.85192138,0.00238264622,4.77398442e-06,4.25438809e-05,2.1793603e-05
0.0896617044,11.9870871,1.47583177,0.884350381,2.25026965,11.9875771,2.25120852,1.23387836,0.677727948,11.9999876,12.0,0.0,1.85190702,0.00235188505,-4.89873888e-06,-4.26741274e-05,2.17896269e-05
0.0897617044,11.9881493,0.824020931,0.233503581,1.58659614,11.9876718,1.58566013,1.23387574,0.677561513,11.9999877,12.0,0.0,1.85191,0.00230610789,4.7758301e-06,4.25460595e-05,2.19280699e-05
0.0898617044,11.987091,0.629765627,0.0833738992,0.921356844,11.9875741,0.922295604,1.23150295,0.654779096,11.9999876,12.0,0.0,1.84966796,0.000888554024,-4.83144022e-06,-4.26709045e-05,4.82720612e-05
0.0899498043,11.9881357,0.326936307,0.0199139971,0.334506635,11.9876603,0.333570583,1.22416785,0.621789504,11.9999877,12.0,0.0,1.84275937,1.8189437e-05,4.75465519e-06,4.25478207e-05,0.000130153832
0.0899961013,11.9870776,0.0315312287,0.0169303163,0.0259824415,11.9875648,0.0269211458,1.22361016,0.620045956,11.9999876,12.0,0.0,1.84222824,-1.19342671e-05,-4.87150397e-06,-4.26683551e-05,0.00013626006
0.0900304469,11.9881347,-0.20829469,0.0192650935,-0.202904827,11.98766,-0.203840869,1.22404999,0.621412275,11.9999877,12.0,0.0,1.84264827,1.15874775e-05,4.74650177e-06,4.25473872e-05,0.000131465598
0.0900639176,11.9870786,-0.420408218,0.0169524817,-0.425938977,11.9875647,-0.425000317,1.22362077,0.620063082,11.9999876,12.0,0.0,1.84223824,-1.18869996e-05,-4.86097335e-06,-4.26659547e-05,0.000136225765
0.090130859,11.9881338,-0.877224447,0.0192806333,-0.871841336,11.9876598,-0.872777361,1.22405943,0.621425564,11.9999877,12.0,0.0,1.84265716,1.15927677e-05,4.7403324e-06,4.25473356e-05,0.000131446034
0.090230859,11.9870788,-1.53165536,0.0169571439,-1.53717086,11.9875644,-1.53623224,1.22362164,0.620065783,11.9999876,12.0,0.0,1.84223904,-1.18400669e-05,-4.85508273e-06,-4.26634102e-05,0.00013621612
0.090330859,11.9881334,-2.20637364,0.0192828493,-2.20098338,11.9876595,-2.20191944,1.2240598,0.62142683,11.9999877,12.0,0.0,1.84265748,1.16124895e-05,4.73938736e-06,4.25490104e-05,0.000131441443
0.090430859,11.987079,-2.8571176,0.0169594257,-2.8626238,11.9875641,-2.86168524,1.22362204,0.620067106,11.9999876,12.0,0.0,1.84223941,-1.181275e-05,-4.84988005e-06,-4.26607692e-05,0.000136211273
0.090530859,11.988133,-3.52683455,0.0192844525,-3.52143915,11.9876592,-3.52237524,1.22406006,0.621427746,11.9999877,12.0,0.0,1.84265771,1.16208478e-05,4.73846535e-06,4.25505953e-05,0.000131438112
0.090630859,11.9870792,-4.17128639,0.0169629206,-4.17677927,11.9875638,-4.17584077,1.22362266,0.620069132,11.9999876,12.0,0.0,1.84223997,-1.1794465e-05,-4.84490155e-06,-4.2658246e-05,0.000136203868
0.090730859,11.9881326,-4.83339536,0.0192852536,-4.82799741,11.9876589,-4.82893354,1.22406016,0.621428189,11.9999877,12.0,0.0,1.84265779,1.1624997e-05,4.73757906e-06,4.25521156e-05,0.000131436388
0.090830859,11.9870794,-5.46896476,0.0169644626,-5.4744509,11.9875635,-5.47351245,1.22362292,0.620070019,11.9999876,12.0,0.0,1.8422402,-1.17805243e-05,-4.84010796e-06,-4.26558139e-05,0.000136200564
0.090930859,11.9881322,-6.12090061,0.0192855779,-6.11550176,11.9876586,-6.11643793,1.22406019,0.62142836,11.9999877,12.0,0.0,1.84265779,1.16271484e-05,4.73673414e-06,4.25535897e-05,0.000131435649
0.091030859,11.9870796,-6.74503787,0.0169476998,-6.75051737,11.9875632,-6.74957899,1.22361329,0.620056065,11.9999876,12.0,0.0,1.8422311,-1.17690823e-05,-4.83546777e-06,-4.26534528e-05,0.000136223315
0.091130859,11.9881318,-7.38427025,0.0192863747,-7.37887103,11.9876583,-7.37980723,1.22406036,0.62142882,11.9999877,12.0,0.0,1.84265794,1.1628213e-05,4.73593463e-06,4.25550314e-05,0.000131434204
0.091230859,11.9870798,-7.99446787,0.0169486829,-7.99994264,11.9875629,-7.99900431,1.22361345,0.620056628,11.9999876,12.0,0.0,1.84223123,-1.17592414e-05,-4.83095613e-06,-4.2651147e-05,0.000136221191
0.091330859,11.9881314,-8.61851858,0.0192864574,-8.61311926,11.987658,-8.61405549,1.22406035,0.621428852,11.9999877,12.0,0.0,1.84265791,1.16286451e-05,4.73518198e-06,4.25564511e-05,0.000131433961
0.091430859,11.98708,-9.21232535,0.0169495556,-9.21779578,11.9875626,-9.21685751,1.22361359,0.620057126,11.9999876,12.0,0.0,1.84223135,-1.1750505e-05,-4.82655283e-06,-4.26488845e-05,0.000136219301
0.091530859,11.9881311,-9.8187747,0.0192864873,-9.81337545,11.9876577,-9.81431171,1.22406032,0.621428854,11.9999877,12.0,0.0,1.84265787,1.16286883e-05,4.73447658e-06,4.25578566e-05,0.000131433829
0.091630859,11.9870801,-10.3938041,0.0169503484,-10.3992705,11.9875623,-10.3983323,1.22361372,0.620057579,11.9999876,12.0,0.0,1.84223145,-1.17425681e-05,-4.82224148e-06,-4.26466558e-05,0.00013621758
0.091730859,11.9881307,-10.9803018,0.0192864838,-10.9749027,11.9876574,-10.975839,1.22406029,0.621428837,11.9999877,12.0,0.0,1.84265783,1.1628485e-05,4.73381784e-06,4.25592538e-05,0.000131433767
0.091830859,11.9870803,-11.5342415,0.0169510813,-11.539704,11.9875621,-11.5387659,1.22361383,0.620057996,11.9999876,12.0,0.0,1.84223154,-1.17352313e-05,-4.81800851e-06,-4.26444535e-05,0.000136215987
0.091930859,11.9881304,-12.0985159,0.0192864588,-12.0931171,11.9876571,-12.0940534,1.22406026,0.621428808,11.9999877,12.0,0.0,1.84265778,1.16281229e-05,4.73320449e-06,4.2560647e-05,0.000131433751
0.092030859,11.9870804,-12.6291367,0.0169517678,-12.6345957,11.9875618,-12.6336575,1.22361394,0.620058387,11.9999876,12.0,0.0,1.84223163,-1.1728358e-05,-4.8138426e-06,-4.26422714e-05,0.000136214493
0.092130859,11.9881301,-13.169004,0.0192864196,-13.1636054,11.9876568,-13.1645418,1.22406023,0.621428772,11.9999877,12.0,0.0,1.84265773,1.16276585e-05,4.73263477e-06,4.25620397e-05,0.000131433767
0.092230859,11.9870806,-13.6741689,0.0169524178,-13.6796243,11.9875616,-13.6786862,1.22361404,0.620058758,11.9999876,12.0,0.0,1.84223171,-1.17218503e-05,-4.80973422e-06,-4.2640105e-05,0.000136213078
0.092330859,11.9881298,-14.1875413,0.0192863711,-14.182143,11.9876566,-14.1830794,1.22406019,0.621428731,11.9999877,12.0,0.0,1.84265769,1.16271287e-05,4.73210656e-06,4.25634342e-05,0.000131433805
0.092430859,11.9870808,-14.6652137,0.0169530385,-14.6706657,11.9875613,-14.6697277,1.22361414,0.620059111,11.9999876,12.0,0.0,1.84223179,-1.17156356e-05,-4.80567526e-06,-4.26379505e-05,0.000136211727
0.092530859,11.9881295,-15.1501082,0.0192863165,-15.1447102,11.9876564,-15.1456466,1.22406016,0.621428687,11.9999877,12.0,0.0,1.84265764,1.16265585e-05,4.7316175e-06,4.25648322e-05,0.000131433859
0.092630859,11.9870809,-15.5983599,0.0169536354,-15.6038087,11.9875611,-15.6028707,1.22361423,0.620059451,11.9999876,12.0,0.0,1.84223187,-1.17096591e-05,-4.80165881e-06,-4.26358048e-05,0.000136210429
0.092730859,11.9881292,-16.0529058,0.019286258,-16.0475081,11.9876561,-16.0484446,1.22406013,0.621428641,11.9999877,12.0,0.0,1.8426576,1.16259649e-05,4.73116504e-06,4.25662351e-05,0.000131433923
0.092830859,11.9870811,-16.4699251,0.0169542129,-16.4753706,11.9875609,-16.4744326,1.22361432,0.620059781,11.9999876,12.0,0.0,1.84223194,-1.17038779e-05,-4.79767892e-06,-4.26336657e-05,0.000136209175
0.092930859,11.988129,-16.8923712,0.019286197,-16.8869738,11.9876559,-16.8879103,1.22406009,0.621428595,11.9999877,12.0,0.0,1.84265756,1.16253593e-05,4.73074649e-06,4.25676434e-05,0.000131433997
0.093030859,11.9870813,-17.2764693,0.0169547743,-17.2819117,11.9875607,-17.2809738,1.22361441,0.620060101,11.9999876,12.0,0.0,1.84223201,-1.1698258e-05,-4.79373042e-06,-4.26315311e-05,0.000136207959
0.093130859,11.9881288,-17.6651915,0.0192861345,-17.6597944,11.9876557,-17.6607309,1.22406006,0.621428548,11.9999877,12.0,0.0,1.84265752,1.16247495e-05,4.73035909e-06,4.25690577e-05,0.000131434077
0.093230859,11.9870816,-18.0148098,0.0169553223,-18.020249,11.9875605,-18.0193112,1.2236145,0.620060415,11.9999876,12.0,0.0,1.84223209,-1.16927716e-05,-4.78980883e-06,-4.26293997e-05,0.000136206774
0.093330859,11.9881286,-18.3683166,0.0192860713,-18.3629198,11.9876556,-18.3638564,1.22406003,0.621428502,11.9999877,12.0,0.0,1.84265748,1.16241405e-05,4.73e-06,4.25704781e-05,0.000131434162
0.093430859,11.9870818,-18.6820324,0.0169558593,-18.6874686,11.9875604,-18.6865308,1.22361459,0.620060723,11.9999876,12.0,0.0,1.84223216,-1.16873961e-05,-4.78591019e-06,-4.26272704e-05,0.000136205615
0.093530859,11.9881284,-18.9989717,0.0192860078,-18.9935752,11.9876554,-18.9945118,1.22406001,0.621428456,11.9999877,12.0,0.0,1.84265744,1.16235356e-05,4.72966633e-06,4.25719043e-05,0.000131434252
0.093630859,11.987082,-19.2755042,0.0169563871,-19.2809373,11.9875602,-19.2799996,1.22361467,0.620061026,11.9999876,12.0,0.0,1.84223224,-1.16821124e-05,-4.78203099e-06,-4.26251423e-05,0.00013620448
0.093730859,11.9881282,-19.5546678,0.0192859442,-19.5492716,11.9876553,-19.5502082,1.22405998,0.621428412,11.9999877,12.0,0.0,1.84265741,1.16229366e-05,4.72935515e-06,4.25733361e-05,0.000131434346
0.093830859,11.9870823,-19.7928828,0.0169569075,-19.798313,11.9875601,-19.7973753,1.22361476,0.620061326,11.9999876,12.0,0.0,1.84223231,-1.16769041e-05,-4.77816811e-06,-4.26230149e-05,0.000136203365
0.093930859,11.9881281,-20.0332119,0.0192858807,-20.0278159,11.9876552,-20.0287526,1.22405996,0.621428368,11.9999877,12.0,0.0,1.84265738,1.16223443e-05,4.72906352e-06,4.2574773e-05,0.000131434443
0.094030859,11.9870826,-20.2321266,0.0169574217,-20.2375538,11.98756,-20.2366161,1.22361485,0.620061622,11.9999876,12.0,0.0,1.84223239,-1.16717571e-05,-4.77431873e-06,-4.26208878e-05,0.000136202266
0.094130859,11.9881279,-20.4327153,0.0192858174,-20.4273196,11.9876551,-20.4282563,1.22405993,0.621428325,11.9999877,12.0,0.0,1.84265735,1.16217586e-05,4.72878849e-06,4.25762144e-05,0.000131434545
0.094230859,11.9870829,-20.5915019,0.0169579311,-20.5969262,11.9875599,-20.5959886,1.22361494,0.620061917,11.9999876,12.0,0.0,1.84223247,-1.1666659e-05,-4.7704803e-06,-4.26187606e-05,0.000136201182
0.094330859,11.9881278,-20.7516014,0.0192857542,-20.7462061,11.987655,-20.7471428,1.22405991,0.621428283,11.9999877,12.0,0.0,1.84265733,1.16211792e-05,4.72852709e-06,4.25776596e-05,0.000131434651
0.094430859,11.9870832,-20.8695906,0.0169584368,-20.8750119,11.9875599,-20.8740744,1.22361503,0.62006221,11.9999876,12.0,0.0,1.84223255,-1.16615985e-05,-4.76665043e-06,-4.26166332e-05,0.00013620011
0.094530859,11.9881278,-20.9886118,0.0192856911,-20.9832167,11.9876549,-20.9841534,1.22405989,0.621428241,11.9999877,12.0,0.0,1.84265731,1.16206051e-05,4.72827634e-06,4.25791078e-05,0.000131434761
0.094630859,11.9870836,-21.0652951,0.0169589398,-21.0707135,11.9875598,-21.069776,1.22361512,0.620062503,11.9999876,12.0,0.0,1.84223263,-1.16565653e-05,-4.76282692e-06,-4.26145056e-05,0.000136199048
0.094730859,11.9881277,-21.142811,0.019285628,-21.1374161,11.9876549,-21.1383529,1.22405987,0.621428201,11.9999877,12.0,0.0,1.84265729,1.16200351e-05,4.72803326e-06,4.25805582e-05,0.000131434875
0.094830859,11.9870839,-21.1778432,0.0169594411,-21.1832587,11.9875598,-21.1823212,1.22361521,0.620062796,11.9999876,12.0,0.0,1.84223272,-1.16515497e-05,-4.75900766e-06,-4.26123779e-05,0.000136197994
0.094930859,11.9881277,-21.2135905,0.0192855647,-21.2081959,11.9876549,-21.2091327,1.22405986,0.621428162,11.9999877,12.0,0.0,1.84265727,1.1619468e-05,4.72779489e-06,4.25820099e-05,0.000131434994
0.095030859,11.9870843,-21.2067906,0.0169599415,-21.2122031,11.9875598,-21.2112657,1.22361531,0.620063088,11.9999876,12.0,0.0,1.84223281,-1.16465425e-05,-4.75519061e-06,-4.261025e-05,0.000136196946
0.095130859,11.9881276,-21.2006709,0.0192855011,-21.1952765,11.9876549,-21.1962134,1.22405984,0.621428123,11.9999877,12.0,0.0,1.84265726,1.16189023e-05,4.72755824e-06,4.2583462e-05,0.000131435118
0.095230859,11.9870847,-21.1520231,0.0169604421,-21.1574327,11.9875598,-21.1564954,1.2236154,0.620063382,11.9999876,12.0,0.0,1.8422329,-1.16415346e-05,-4.7513738e-06,-4.2608122e-05,0.000136195903
0.095330859,11.9881276,-21.1041032,0.019285437,-21.0987091,11.9876549,-21.099646,1.22405983,0.621428084,11.9999877,12.0,0.0,1.84265725,1.16183365e-05,4.72732035e-06,4.25849136e-05,0.000131435248
0.095430859,11.9870851,-21.0137569,0.0169609437,-21.0191636,11.9875599,-21.0182263,1.2236155,0.620063677,11.9999876,12.0,0.0,1.84223299,-1.1636517e-05,-4.7475552e-06,-4.2605994e-05,0.000136194861
0.095530859,11.9881277,-20.9242685,0.0192853723,-20.9188747,11.987655,-20.9198116,1.22405982,0.621428047,11.9999877,12.0,0.0,1.84265724,1.16177692e-05,4.72707823e-06,4.25863637e-05,0.000131435383
0.095630859,11.9870856,-20.7925376,0.0169614472,-20.7979415,11.9875599,-20.7970042,1.2236156,0.620063975,11.9999876,12.0,0.0,1.84223309,-1.16314802e-05,-4.74373279e-06,-4.26038661e-05,0.000136193821
0.095730859,11.9881277,-20.6618766,0.0192853069,-20.6564831,11.987655,-20.6574201,1.22405981,0.621428009,11.9999877,12.0,0.0,1.84265724,1.16171992e-05,4.72682894e-06,4.25878117e-05,0.000131435523
0.095830859,11.987086,-20.4892385,0.0169619537,-20.4946393,11.98756,-20.4937021,1.2236157,0.620064274,11.9999876,12.0,0.0,1.84223319,-1.16264145e-05,-4.73990445e-06,-4.26017382e-05,0.000136192778
0.095930859,11.9881278,-20.317963,0.0192852405,-20.3125698,11.9876551,-20.3135068,1.2240598,0.621427972,11.9999877,12.0,0.0,1.84265723,1.16166253e-05,4.72656951e-06,4.25892565e-05,0.00013143567
0.096030859,11.9870865,-20.1050563,0.0169624641,-20.1104542,11.9875601,-20.109517,1.22361581,0.620064577,11.9999876,12.0,0.0,1.84223329,-1.16213094e-05,-4.73606795e-06,-4.25996103e-05,0.000136191731
0.096130859,11.9881278,-19.893885,0.0192851731,-19.8884921,11.9876552,-19.8894291,1.2240598,0.621427935,11.9999877,12.0,0.0,1.84265723,1.1616047e-05,4.72629699e-06,4.25906974e-05,0.000131435824
0.096230859,11.987087,-19.6415073,0.0169809534,-19.6469024,11.9875602,-19.6459652,1.22362566,0.620079476,11.9999876,12.0,0.0,1.84224259,-1.16161553e-05,-4.7322209e-06,-4.25974822e-05,0.000136165151
0.096330859,11.9881279,-19.3913162,0.0192844871,-19.3859235,11.9876553,-19.3868605,1.22405962,0.621427526,11.9999877,12.0,0.0,1.84265707,1.16154678e-05,4.72600845e-06,4.25921339e-05,0.00013143699
0.096430859,11.9870875,-19.1004211,0.016981452,-19.1058131,11.9875604,-19.104876,1.22362575,0.620079769,11.9999876,12.0,0.0,1.84224269,-1.16109395e-05,-4.7283607e-06,-4.25953536e-05,0.00013616413
0.096530859,11.988128,-18.8122399,0.0192844187,-18.8068476,11.9876555,-18.8077847,1.22405961,0.62142749,11.9999877,12.0,0.0,1.84265707,1.16148842e-05,4.72570097e-06,4.25935652e-05,0.000131437154
0.096630859,11.9870881,-18.483933,0.0169819684,-18.489322,11.9875605,-18.4883849,1.22362586,0.620080076,11.9999876,12.0,0.0,1.8422428,-1.16056453e-05,-4.7244845e-06,-4.25932241e-05,0.000136163077
0.096730859,11.9881282,-18.1589417,0.0192843489,-18.1535496,11.9876556,-18.1544867,1.22405961,0.621427454,11.9999877,12.0,0.0,1.84265708,1.16142973e-05,4.72537167e-06,4.2594991e-05,0.000131437324
0.096830859,11.9870886,-17.794476,0.0169824935,-17.7998619,11.9875607,-17.7989249,1.22362597,0.620080388,11.9999876,12.0,0.0,1.84224291,-1.16002558e-05,-4.72058913e-06,-4.25910929e-05,0.00013616201
0.096930859,11.9881283,-17.4339996,0.019284278,-17.4286079,11.9876558,-17.429545,1.22405961,0.621427418,11.9999877,12.0,0.0,1.84265709,1.16137096e-05,4.72501768e-06,4.2596411e-05,0.0001314375
0.097030859,11.9870892,-17.0347711,0.0169830291,-17.040154,11.9875609,-17.039217,1.22362608,0.620080707,11.9999876,12.0,0.0,1.84224303,-1.15947509e-05,-4.71667102e-06,-4.25889592e-05,0.000136160924
0.097130859,11.9881285,-16.6402748,0.0192842063,-16.6348834,11.987656,-16.6358206,1.22405961,0.621427382,11.9999877,12.0,0.0,1.8426571,1.16131247e-05,4.7246362e-06,4.25978252e-05,0.000131437681
0.097230859,11.9870898,-16.2078165,0.0169835774,-16.2131963,11.9875611,-16.2122594,1.2236262,0.620081035,11.9999876,12.0,0.0,1.84224315,-1.15891067e-05,-4.71272616e-06,-4.25868218e-05,0.000136159815
0.097330859,11.9881286,-15.7808996,0.0192841343,-15.7755087,11.9876562,-15.7764458,1.22405961,0.621427347,11.9999877,12.0,0.0,1.84265712,1.16125489e-05,4.72422449e-06,4.25992336e-05,0.000131437866
0.097430859,11.9870904,-15.316876,0.016984141,-15.3222525,11.9875613,-15.3213157,1.22362632,0.620081372,11.9999876,12.0,0.0,1.84224328,-1.15832941e-05,-4.70874994e-06,-4.25846792e-05,0.000136158678
0.097530859,11.9881288,-14.8592658,0.0192840625,-14.8538752,11.9876564,-14.8548124,1.22405961,0.621427312,11.9999877,12.0,0.0,1.84265713,1.16119909e-05,4.72377989e-06,4.26006368e-05,0.000131438054
0.097630859,11.9870911,-14.3654655,0.0169847233,-14.3708388,11.9875616,-14.369902,1.22362645,0.62008172,11.9999876,12.0,0.0,1.84224341,-1.15772768e-05,-4.7047371e-06,-4.25825293e-05,0.000136157504
0.097730859,11.988129,-13.8790105,0.0192839918,-13.8736202,11.9876567,-13.8745575,1.22405961,0.621427279,11.9999877,12.0,0.0,1.84265715,1.16114641e-05,4.72329985e-06,4.26020357e-05,0.000131438242
0.097830859,11.9870917,-13.3573401,0.0169853284,-13.36271,11.9875618,-13.3617732,1.22362658,0.620082082,11.9999876,12.0,0.0,1.84224355,-1.1571009e-05,-4.70068154e-06,-4.25803695e-05,0.000136156286
0.097930859,11.9881292,-12.8440023,0.0192839238,-12.8386124,11.9876569,-12.8395497,1.22405962,0.621427248,11.9999877,12.0,0.0,1.84265717,1.16109878e-05,4.72278202e-06,4.26034315e-05,0.000131438427
0.098030859,11.9870924,-12.2964782,0.0169859614,-12.3018447,11.9875621,-12.300908,1.22362671,0.620082461,11.9999876,12.0,0.0,1.84224369,-1.15644313e-05,-4.69657614e-06,-4.25781967e-05,0.000136155011
0.098130859,11.9881294,-11.758326,0.0192838605,-11.7529365,11.9876572,-11.7538738,1.22405963,0.62142722,11.9999877,12.0,0.0,1.84265719,1.16105907e-05,4.72222423e-06,4.26048264e-05,0.000131438605
0.098230859,11.9870931,-11.1870667,0.0169866294,-11.1924296,11.9875624,-11.1914929,1.22362686,0.620082861,11.9999876,12.0,0.0,1.84224384,-1.15574652e-05,-4.69241259e-06,-4.25760069e-05,0.000136153666
0.098330859,11.9881296,-10.6262662,0.0192838051,-10.6208771,11.9876575,-10.6218144,1.22405964,0.621427196,11.9999877,12.0,0.0,1.84265721,1.16103154e-05,4.72162465e-06,4.26062228e-05,0.00013143877
0.098430859,11.9870938,-10.033484,0.0169873417,-10.0388431,11.9875626,-10.0379065,1.22362701,0.620083287,11.9999876,12.0,0.0,1.842244,-1.1550003e-05,-4.68818105e-06,-4.25737949e-05,0.00013615223
0.098530859,11.9881298,-9.45229074,0.0192837624,-9.44690195,11.9876578,-9.44783931,1.22405965,0.621427181,11.9999877,12.0,0.0,1.84265724,1.1610227e-05,4.72098185e-06,4.26076245e-05,0.00013143891
0.098630859,11.9870945,-8.84028274,0.0169881111,-8.84563786,11.9875629,-8.84470128,1.22362718,0.620083747,11.9999876,12.0,0.0,1.84224417,-1.15418928e-05,-4.68386978e-06,-4.25715545e-05,0.000136150676
0.098730859,11.9881301,-8.2410327,0.01928374,-8.2356442,11.9876581,-8.23658159,1.22405966,0.621427178,11.9999877,12.0,0.0,1.84265727,1.16104277e-05,4.72029498e-06,4.26090363e-05,0.000131439011
0.098830859,11.9870952,-7.61217209,0.0169889565,-7.61752294,11.9875632,-7.61658641,1.22362736,0.620084251,11.9999876,12.0,0.0,1.84224436,-1.15329098e-05,-4.67946472e-06,-4.25692775e-05,0.000136148965
0.098930859,11.9881303,-6.99727243,0.0192837501,-6.99188412,11.9876584,-6.99282153,1.22405969,0.621427193,11.9999877,12.0,0.0,1.84265731,1.16110859e-05,4.71956401e-06,4.26104645e-05,0.000131439047
0.099030859,11.987096,-6.35399893,0.0169899064,-6.35934514,11.9875636,-6.35840866,1.22362755,0.620084817,11.9999876,12.0,0.0,1.84224457,-1.15227031e-05,-4.67494877e-06,-4.25669537e-05,0.000136147035
0.099130859,11.9881305,-5.72591855,0.0192838136,-5.72053026,11.9876587,-5.72146771,1.22405972,0.62142724,11.9999877,12.0,0.0,1.84265736,1.16124944e-05,4.71879006e-06,4.26119178e-05,0.000131438976
0.099230859,11.9870968,-5.07072889,0.0169910073,-5.07606991,11.9875639,-5.07513348,1.22362778,0.620085471,11.9999876,12.0,0.0,1.8422448,-1.15106826e-05,-4.67030098e-06,-4.25645702e-05,0.000136144791
0.099330859,11.9881307,-4.43198864,0.0192839686,-4.42660009,11.987659,-4.42753757,1.22405977,0.62142734,11.9999877,12.0,0.0,1.84265743,1.16152072e-05,4.71797583e-06,4.26134072e-05,0.000131438719
0.099430859,11.9870976,-3.76742675,0.016992341,-3.77276175,11.9875642,-3.77182537,1.22362805,0.62008626,11.9999876,12.0,0.0,1.84224507,-1.14957504e-05,-4.66549532e-06,-4.256211e-05,0.000136142058
0.099530859,11.988131,-3.12058952,0.0192842924,-3.11520015,11.9876593,-3.11613766,1.22405985,0.621427538,11.9999877,12.0,0.0,1.84265752,1.16204067e-05,4.71712642e-06,4.26149481e-05,0.00013143812
0.099630859,11.9870984,-2.44923662,0.0169940728,-2.45456422,11.9875645,-2.45362789,1.2236284,0.620087283,11.9999876,12.0,0.0,1.84224542,-1.14755252e-05,-4.66049894e-06,-4.25595513e-05,0.000136138491
0.099730859,11.9881312,-1.7968973,0.019284969,-1.79150594,11.9876597,-1.79244348,1.22405999,0.621427942,11.9999877,12.0,0.0,1.84265768,1.16311541e-05,4.71625031e-06,4.26165606e-05,0.000131436804
0.099830859,11.9870992,-1.1213622,0.0169966108,-1.12667965,11.9875648,-1.12574338,1.22362889,0.620088775,11.9999876,12.0,0.0,1.8422459,-1.14433188e-05,-4.65526977e-06,-4.25568649e-05,0.000136133233
0.0999154295,11.9881314,-0.5689348,0.0192864966,-0.563538712,11.98766,-0.564476289,1.22406029,0.621428839,11.9999877,12.0,0.0,1.84265797,1.16542617e-05,4.71489995e-06,4.26180486e-05,0.000131433757
0.1,11.9871002,0.00528640846,0.0169876019,-2.59786775e-14,11.9875651,0.000936194235,1.22362094,0.620079498,11.9999876,12.0,0.0,1.84223842,-1.13698656e-05,-4.64955401e-06,-4.25542834e-05,0.000136140221
