time,v(N001),v(N002),v(N003),v(N004),v(N005),v(N006),v(N007),v(N008)
0.0,0.0,-9.0,-1.55293975,-8.99999431,0.0,-0.791174098,-0.120767559,-0.808234107
1e-08,2.32075681e-16,-9.0,-1.55272565,-8.99999429,6.2831853e-06,-0.791167866,-0.120916678,-0.808383129
2e-08,6.95716759e-16,-9.0,-1.55229916,-8.99999427,1.25663706e-05,-0.791161685,-0.121064609,-0.808530863
4e-08,2.08460104e-15,-9.0,-1.55102359,-8.99999423,2.5132741e-05,-0.791149422,-0.12135811,-0.808823777
8e-08,7.60213764e-15,-9.0,-1.54597725,-8.99999414,5.02654803e-05,-0.791125477,-0.121931391,-0.809394717
1.6e-07,2.90729757e-14,-9.0,-1.52630228,-8.99999398,0.000100530948,-0.791079764,-0.123026015,-0.810480065
3.2e-07,1.060834e-13,-9.0,-1.45170535,-8.99999366,0.000201061794,-0.790996041,-0.125028894,-0.812446604
6.4e-07,3.06843246e-13,-9.0,-1.18428897,-8.99999307,0.000402122776,-0.790853278,-0.128430163,-0.815708847
1.28e-06,4.098812e-13,-9.0,-0.327603511,-8.99999209,0.000804239049,-0.790636143,-0.133585733,-0.820357571
2.28e-06,3.85101623e-14,-9.0,-0.100482597,-8.99999475,0.00143251725,-0.790222472,-0.121380838,-0.806115555
3.28e-06,1.79169461e-13,-9.0,-0.120390119,-8.99999248,0.0020607389,-0.789862666,-0.137563396,-0.819099804
4.28e-06,4.18589483e-13,-9.0,-0.0927449795,-8.99999465,0.00268887919,-0.789624642,-0.129637624,-0.807275985
5.28e-06,5.62699735e-14,-9.0,-0.11114761,-8.99999257,0.00331691333,-0.789450524,-0.145669217,-0.818905569
6.28e-06,1.42297187e-13,-9.0,-0.0915681303,-8.99999457,0.00394481653,-0.78936785,-0.139276232,-0.807924469
7.28e-06,4.22545762e-13,-9.0,-0.109734203,-8.99999265,0.00457256399,-0.789330489,-0.154589866,-0.818590084
8.28e-06,7.79507745e-14,-9.0,-0.0935802497,-8.99999451,0.00520013093,-0.789351382,-0.148817441,-0.808305429
9.28e-06,1.0724036e-13,-9.0,-0.112141716,-8.99999272,0.00582749259,-0.789399867,-0.162998447,-0.818181285
1.028e-05,4.21543093e-13,-9.0,-0.0979019651,-8.99999445,0.00645462418,-0.789482653,-0.157390478,-0.808589432
1.128e-05,1.02921389e-13,-9.0,-0.117647424,-8.99999279,0.00708150095,-0.789580694,-0.170189774,-0.817762019
1.228e-05,7.47337542e-14,-9.0,-0.104410631,-8.99999439,0.00770809816,-0.789697056,-0.164390097,-0.808753599
1.328e-05,4.15499341e-13,-9.0,-0.126697842,-8.99999287,0.00833439107,-0.789820215,-0.175621308,-0.817205796
1.428e-05,1.30477012e-13,-9.0,-0.113995135,-8.99999432,0.00896035495,-0.789952155,-0.169642695,-0.808908349
1.528e-05,4.54561797e-14,-9.0,-0.143022475,-8.99999296,0.00958596509,-0.790085556,-0.179116141,-0.816518888
1.628e-05,4.04458797e-13,-9.0,-0.129670508,-8.99999425,0.0102111968,-0.790221825,-0.173127126,-0.809135039
1.728e-05,1.59855801e-13,-9.0,-0.193687613,-8.99999314,0.0108360254,-0.79035557,-0.180347513,-0.815409821
1.828e-05,2.00138081e-14,-9.0,-0.174758691,-8.9999941,0.0114604262,-0.790488886,-0.17522352,-0.809795182
1.928e-05,3.88590765e-13,-9.0,-0.66902836,-8.9999944,0.0120843745,-0.790605542,-0.173269931,-0.807702484
2.028e-05,1.90256848e-13,-9.0,-1.30330543,-8.99999495,0.0127078458,-0.790705081,-0.168908149,-0.803500742
2.128e-05,-1.07473982e-15,-9.0,-2.05704942,-8.99999533,0.0133308154,-0.79078195,-0.165065962,-0.80003142
2.228e-05,3.68185158e-13,-9.0,-2.7677563,-8.99999559,0.0139532587,-0.790837425,-0.161970246,-0.797456046
2.328e-05,2.20859101e-13,-9.0,-3.35904719,-8.99999575,0.0145751512,-0.790874642,-0.159666467,-0.795766723
2.428e-05,-1.67987557e-14,-9.0,-3.80996059,-8.99999583,0.0151964683,-0.790897861,-0.158039262,-0.794808873
2.528e-05,3.43683883e-13,-9.0,-4.12820753,-8.99999586,0.0158171854,-0.790910944,-0.156926512,-0.794392721
2.628e-05,2.50183192e-13,-9.0,-4.33380052,-8.99999587,0.0164372781,-0.790916976,-0.156188289,-0.794359464
2.728e-05,-2.80981541e-14,-9.0,-4.45131198,-8.99999585,0.0170567219,-0.790918511,-0.155690091,-0.794562893
2.828e-05,3.15624742e-13,-9.0,-4.50329583,-8.99999582,0.0176754923,-0.790917244,-0.155342099,-0.794905948
2.928e-05,2.78707163e-13,-9.0,-4.5082502,-8.99999578,0.0182935649,-0.790914267,-0.155087216,-0.795327126
3.028e-05,-3.41417931e-14,-9.0,-4.48042064,-8.99999574,0.0189109154,-0.790910268,-0.154889805,-0.795788184
3.128e-05,2.84531319e-13,-9.0,-4.43035023,-8.9999957,0.0195275192,-0.790905685,-0.154727794,-0.796265582
3.228e-05,3.05058567e-13,-9.0,-4.36563725,-8.99999566,0.0201433522,-0.790900795,-0.154587536,-0.796744936
3.328e-05,-3.48619649e-14,-9.0,-4.29165868,-8.99999561,0.0207583899,-0.790895774,-0.154460581,-0.797217522
3.428e-05,2.51074647e-13,-9.0,-4.2121723,-8.99999557,0.0213726081,-0.790890735,-0.15434167,-0.797678113
3.528e-05,3.28528387e-13,-9.0,-4.12978258,-8.99999552,0.0219859825,-0.790885752,-0.154227513,-0.79812365
3.628e-05,-3.03158152e-14,-9.0,-4.04628553,-8.99999548,0.022598489,-0.790880874,-0.15411603,-0.798552416
3.728e-05,2.15985617e-13,-9.0,-3.96291653,-8.99999544,0.0232101034,-0.790876135,-0.154005893,-0.798963538
3.828e-05,3.48479839e-13,-9.0,-3.88052462,-8.9999954,0.0238208014,-0.790871555,-0.153896243,-0.799356671
3.928e-05,-2.06842345e-14,-9.0,-3.79969343,-8.99999536,0.024430559,-0.790867149,-0.153786511,-0.799731804
4.028e-05,1.80037151e-13,-9.0,-3.72082398,-8.99999533,0.0250393522,-0.790862929,-0.153676314,-0.80008914
4.128e-05,3.6436343e-13,-9.0,-3.64419111,-8.99999529,0.0256471568,-0.790858901,-0.153565385,-0.800429019
4.228e-05,-6.26776258e-15,-9.0,-3.5699816,-8.99999526,0.026253949,-0.79085507,-0.153453532,-0.800751865
4.328e-05,1.44025364e-13,-9.0,-3.49831999,-8.99999522,0.0268597047,-0.790851438,-0.153340613,-0.801058163
4.428e-05,3.75729917e-13,-9.0,-3.42928599,-8.99999519,0.0274644,-0.790848007,-0.153226518,-0.801348428
4.528e-05,1.25203976e-14,-9.0,-3.36292625,-8.99999516,0.028068011,-0.790844776,-0.153111158,-0.8016232
4.628e-05,1.08750196e-13,-9.0,-3.29926251,-8.99999513,0.028670514,-0.790841746,-0.152994461,-0.801883031
4.728e-05,3.82240883e-13,-9.0,-3.23829716,-8.9999951,0.0292718851,-0.790838915,-0.152876368,-0.802128477
4.828e-05,3.51640869e-14,-9.0,-3.18001722,-8.99999508,0.0298721006,-0.79083628,-0.152756827,-0.802360096
4.928e-05,7.49959483e-14,-9.0,-3.1243972,-8.99999505,0.0304711369,-0.790833839,-0.152635796,-0.802578444
5.028e-05,3.83676649e-13,-9.0,-3.07140126,-8.99999503,0.0310689701,-0.790831588,-0.152513237,-0.802784071
5.128e-05,6.10563845e-14,-9.0,-3.02098488,-8.999995,0.0316655768,-0.790829524,-0.152389122,-0.802977521
5.228e-05,4.35122232e-14,-9.0,-2.97309625,-8.99999498,0.0322609335,-0.790827643,-0.152263425,-0.803159328
5.328e-05,3.79941352e-13,-9.0,-2.92767736,-8.99999496,0.0328550165,-0.79082594,-0.152136127,-0.803330018
5.428e-05,8.95139972e-14,-9.0,-2.88466499,-8.99999494,0.0334478024,-0.790824411,-0.152007215,-0.803490104
5.528e-05,1.49956999e-14,-9.0,-2.84399159,-8.99999493,0.0340392679,-0.79082305,-0.151876678,-0.803640087
5.628e-05,3.71065056e-13,-9.0,-2.80558606,-8.99999491,0.0346293896,-0.790821853,-0.151744512,-0.803780455
5.728e-05,1.19793497e-13,-9.0,-2.76937443,-8.99999489,0.0352181441,-0.790820814,-0.151610717,-0.803911684
5.828e-05,-9.9268004e-15,-9.0,-2.73528056,-8.99999488,0.0358055084,-0.790819928,-0.151475296,-0.804034235
5.928e-05,3.57202844e-13,-9.0,-2.70322668,-8.99999486,0.036391459,-0.79081919,-0.151338257,-0.804148553
6.028e-05,1.51109015e-13,-9.0,-2.67313396,-8.99999485,0.036975973,-0.790818594,-0.151199612,-0.804255071
6.128e-05,-3.07135601e-14,-9.0,-2.64492303,-8.99999484,0.0375590273,-0.790818135,-0.151059373,-0.804354206
6.228e-05,3.38630919e-13,-9.0,-2.61851437,-8.99999483,0.0381405988,-0.790817806,-0.15091756,-0.804446358
6.328e-05,1.82650967e-13,-9.0,-2.5938288,-8.99999482,0.0387206645,-0.790817604,-0.150774192,-0.804531913
6.428e-05,-4.69211537e-14,-9.0,-2.57078775,-8.99999481,0.0392992017,-0.790817523,-0.150629292,-0.804611244
6.528e-05,3.15739802e-13,-9.0,-2.54931368,-8.9999948,0.0398761873,-0.790817556,-0.150482885,-0.804684706
6.628e-05,2.13605362e-13,-9.0,-2.52933027,-8.99999479,0.0404515988,-0.7908177,-0.150334998,-0.80475264
6.728e-05,-5.8215262e-14,-9.0,-2.51076274,-8.99999478,0.0410254132,-0.79081795,-0.15018566,-0.804815373
6.828e-05,2.89024794e-13,-9.0,-2.49353803,-8.99999477,0.0415976081,-0.7908183,-0.150034902,-0.804873215
6.928e-05,2.43173225e-13,-9.0,-2.47758498,-8.99999477,0.0421681607,-0.790818745,-0.149882755,-0.804926465
7.028e-05,-6.43788533e-14,-9.0,-2.46283448,-8.99999476,0.0427370487,-0.790819282,-0.149729252,-0.804975406
7.128e-05,2.5907393e-13,-9.0,-2.44921958,-8.99999475,0.0433042494,-0.790819905,-0.149574426,-0.805020308
7.228e-05,2.70589668e-13,-9.0,-2.43667561,-8.99999475,0.0438697406,-0.790820611,-0.149418313,-0.805061427
7.328e-05,-6.53175345e-14,-9.0,-2.4251402,-8.99999474,0.0444334998,-0.790821396,-0.149260947,-0.805099007
7.428e-05,2.26553705e-13,-9.0,-2.41455336,-8.99999474,0.0449955049,-0.790822254,-0.149102364,-0.805133281
7.528e-05,2.95142153e-13,-9.0,-2.40485751,-8.99999474,0.0455557337,-0.790823184,-0.148942599,-0.805164466
7.628e-05,-6.1061945e-14,-9.0,-2.39599747,-8.99999473,0.046114164,-0.79082418,-0.14878169,-0.805192771
7.728e-05,1.92192935e-13,-9.0,-2.38792046,-8.99999473,0.0466707738,-0.79082524,-0.14861967,-0.805218392
7.828e-05,3.16187508e-13,-9.0,-2.38057608,-8.99999473,0.0472255411,-0.79082636,-0.148456578,-0.805241516
7.928e-05,-5.1767135e-14,-9.0,-2.37391629,-8.99999472,0.047778444,-0.790827537,-0.148292448,-0.805262317
8.028e-05,1.5676512e-13,-9.0,-2.36789535,-8.99999472,0.0483294607,-0.790828769,-0.148127317,-0.805280963
8.128e-05,3.33167274e-13,-9.0,-2.36246976,-8.99999472,0.0488785694,-0.790830052,-0.147961219,-0.805297608
8.228e-05,-3.77089443e-14,-9.0,-2.35759827,-8.99999472,0.0494257485,-0.790831383,-0.147794191,-0.805312402
8.328e-05,1.21069744e-13,-9.0,-2.35324171,-8.99999471,0.0499709764,-0.79083276,-0.147626267,-0.805325481
8.428e-05,3.45621038e-13,-9.0,-2.34936303,-8.99999471,0.0505142315,-0.790834181,-0.147457481,-0.805336978
8.528e-05,-1.92774694e-14,-9.0,-2.34592715,-8.99999471,0.0510554924,-0.790835643,-0.147287868,-0.805347015
8.628e-05,8.59129566e-14,-9.0,-2.34290094,-8.99999471,0.0515947377,-0.790837144,-0.14711746,-0.805355708
8.728e-05,3.53197401e-13,-9.0,-2.34025312,-8.99999471,0.0521319461,-0.790838682,-0.146946291,-0.805363166
8.828e-05,3.03222519e-15,-9.0,-2.33795419,-8.99999471,0.0526670964,-0.790840255,-0.146774394,-0.80536949
8.928e-05,5.20881061e-14,-9.0,-2.33597635,-8.99999471,0.0532001675,-0.790841861,-0.1466018,-0.805374776
9.028e-05,3.55662348e-13,-9.0,-2.33429342,-8.99999471,0.0537311384,-0.790843499,-0.146428541,-0.805379114
9.128e-05,2.8631925e-14,-9.0,-2.33288081,-8.99999471,0.0542599881,-0.790845167,-0.146254648,-0.805382588
9.228e-05,2.03565817e-14,-9.0,-2.33171538,-8.99999471,0.0547866957,-0.790846862,-0.146080151,-0.805385277
9.328e-05,3.52904791e-13,-9.0,-2.33077542,-8.99999471,0.0553112404,-0.790848585,-0.14590508,-0.805387255
9.428e-05,5.68543315e-14,-9.0,-2.33004055,-8.99999471,0.0558336015,-0.790850333,-0.145729464,-0.80538859
9.528e-05,-8.5705648e-15,-9.0,-2.32949166,-8.99999471,0.0563537583,-0.790852105,-0.145553332,-0.805389348
9.628e-05,3.4493917e-13,-9.0,-2.32911087,-8.99999471,0.0568716905,-0.7908539,-0.145376711,-0.805389588
9.728e-05,8.69690352e-14,-9.0,-2.32888141,-8.99999471,0.0573873774,-0.790855717,-0.14519963,-0.805389367
9.828e-05,-3.40497822e-14,-9.0,-2.32878763,-8.99999471,0.0579007988,-0.790857554,-0.145022116,-0.805388737
9.928e-05,3.31905037e-13,-9.0,-2.32881487,-8.99999471,0.0584119343,-0.790859412,-0.144844194,-0.805387748
0.00010028,1.18200012e-13,-9.0,-2.32894945,-8.99999471,0.0589207639,-0.790861288,-0.144665891,-0.805386445
0.00010128,-5.55205542e-14,-9.0,-2.32917863,-8.99999471,0.0594272674,-0.790863181,-0.144487232,-0.805384871
0.00010228,3.14063644e-13,-9.0,-2.32949048,-8.99999471,0.0599314247,-0.790865092,-0.144308242,-0.805383065
0.00010328,1.49744224e-13,-9.0,-2.32987392,-8.99999471,0.0604332161,-0.790867019,-0.144128945,-0.805381064
0.00010428,-7.25189316e-14,-9.0,-2.33031864,-8.99999471,0.0609326217,-0.790868961,-0.143949366,-0.805378902
0.00010528,2.91791604e-13,-9.0,-2.33081501,-8.99999471,0.0614296218,-0.790870918,-0.143769526,-0.805376612
0.00010628,1.8079087e-13,-9.0,-2.33135413,-8.99999471,0.0619241967,-0.790872889,-0.14358945,-0.805374223
0.00010728,-8.46887375e-14,-9.0,-2.3319277,-8.99999471,0.062416327,-0.790874874,-0.143409159,-0.805371761
0.00010828,2.65571793e-13,-9.0,-2.33252804,-8.99999471,0.0629059932,-0.790876871,-0.143228675,-0.805369253
0.00010928,2.10540835e-13,-9.0,-2.33314802,-8.99999471,0.0633931759,-0.790878881,-0.14304802,-0.805366721
0.00011028,-9.17901761e-14,-9.0,-2.33378107,-8.99999471,0.063877856,-0.790880902,-0.142867214,-0.805364188
0.00011128,2.3598169e-13,-9.0,-2.33442107,-8.99999471,0.0643600143,-0.790882935,-0.142686278,-0.805361673
0.00011228,2.38225858e-13,-9.0,-2.33506242,-8.99999471,0.0648396318,-0.790884979,-0.142505232,-0.805359194
0.00011328,-9.37056393e-14,-9.0,-2.33569992,-8.99999471,0.0653166896,-0.790887033,-0.142324095,-0.805356769
0.00011428,2.03679459e-13,-9.0,-2.33632879,-8.99999471,0.0657911687,-0.790889098,-0.142142886,-0.805354412
0.00011528,2.63126967e-13,-9.0,-2.33694465,-8.99999471,0.0662630506,-0.790891172,-0.141961625,-0.805352139
0.00011628,-9.04425705e-14,-9.0,-2.33754346,-8.99999471,0.0667323164,-0.790893255,-0.141780328,-0.805349961
0.00011728,1.69388085e-13,-9.0,-2.33812155,-8.99999471,0.0671989478,-0.790895348,-0.141599014,-0.805347891
0.00011828,2.84591727e-13,-9.0,-2.33867553,-8.99999471,0.0676629263,-0.790897449,-0.141417701,-0.805345939
0.00011928,-8.21333184e-14,-9.0,-2.33920233,-8.99999471,0.0681242336,-0.790899559,-0.141236405,-0.805344116
0.00012028,1.33877967e-13,-9.0,-2.33969916,-8.99999471,0.0685828514,-0.790901677,-0.141055143,-0.805342429
0.00012128,3.02049899e-13,-9.0,-2.34016347,-8.99999471,0.0690387618,-0.790903802,-0.140873931,-0.805340888
0.00012228,-6.90319836e-14,-9.0,-2.34059298,-8.99999471,0.0694919466,-0.790905936,-0.140692785,-0.805339498
0.00012328,9.79483619e-14,-9.0,-2.34098561,-8.99999471,0.0699423879,-0.790908077,-0.14051172,-0.805338267
0.00012428,3.1502712e-13,-9.0,-2.34133951,-8.99999471,0.0703900681,-0.790910225,-0.140330752,-0.8053372
0.00012528,-5.15083341e-14,-9.0,-2.34165303,-8.99999471,0.0708349693,-0.79091238,-0.140149896,-0.805336302
0.00012628,6.24081515e-14,-9.0,-2.3419247,-8.99999471,0.0712770742,-0.790914542,-0.139969165,-0.805335577
0.00012728,3.23156292e-13,-9.0,-2.34215322,-8.99999471,0.0717163651,-0.79091671,-0.139788573,-0.805335029
0.00012828,-3.00389374e-14,-9.0,-2.34233745,-8.99999471,0.0721528248,-0.790918885,-0.139608135,-0.805334662
0.00012928,2.80563698e-14,-9.0,-2.34247641,-8.99999471,0.072586436,-0.790921067,-0.139427864,-0.805334477
0.00013028,3.2618638e-13,-9.0,-2.34256925,-8.99999471,0.0730171817,-0.790923255,-0.139247773,-0.805334478
0.00013128,-5.19572034e-15,-9.0,-2.34261525,-8.99999471,0.0734450447,-0.790925448,-0.139067874,-0.805334666
0.00013228,-4.33702214e-15,-9.0,-2.34261383,-8.99999471,0.0738700083,-0.790927648,-0.13888818,-0.805335042
0.00013328,3.23988439e-13,-9.0,-2.3425645,-8.99999471,0.0742920556,-0.790929853,-0.138708704,-0.805335607
0.00013428,2.23677651e-14,-9.0,-2.34246688,-8.99999471,0.07471117,-0.790932064,-0.138529456,-0.805336363
0.00013528,-3.40496627e-14,-9.0,-2.3423207,-8.99999471,0.0751273349,-0.790934281,-0.138350448,-0.805337309
0.00013628,3.16558692e-13,-9.0,-2.34212576,-8.99999471,0.0755405339,-0.790936503,-0.138171692,-0.805338446
0.00013728,5.19320427e-14,-9.0,-2.34188197,-8.99999471,0.0759507507,-0.790938731,-0.137993199,-0.805339773
0.00013828,-6.04241681e-14,-9.0,-2.34158929,-8.99999471,0.0763579691,-0.790940963,-0.137814979,-0.805341289
0.00013928,3.0401862e-13,-9.0,-2.34124777,-8.99999471,0.076762173,-0.790943201,-0.137637043,-0.805342995
0.00014028,8.27289993e-14,-9.0,-2.34085752,-8.99999471,0.0771633465,-0.790945444,-0.1374594,-0.805344889
0.00014128,-8.28839469e-14,-9.0,-2.34041871,-8.99999471,0.0775614737,-0.790947692,-0.137282061,-0.805346969
0.00014228,2.86612026e-13,-9.0,-2.33993156,-8.99999471,0.0779565389,-0.790949945,-0.137105035,-0.805349235
0.00014328,1.13942072e-13,-9.0,-2.33939637,-8.99999471,0.0783485265,-0.790952203,-0.136928332,-0.805351685
0.00014428,-1.00980258e-13,-9.0,-2.33881344,-8.99999471,0.078737421,-0.790954466,-0.13675196,-0.805354318
0.00014528,2.64673402e-13,-9.0,-2.33818316,-8.99999471,0.0791232071,-0.790956733,-0.136575928,-0.80535713
0.00014628,1.44777796e-13,-9.0,-2.33750594,-8.99999471,0.0795058696,-0.790959005,-0.136400246,-0.805360122
0.00014728,-1.14291903e-13,-9.0,-2.33678222,-8.99999471,0.0798853933,-0.790961281,-0.136224921,-0.80536329
0.00014828,2.38702949e-13,-9.0,-2.33601248,-8.99999471,0.0802617633,-0.790963562,-0.136049962,-0.805366632
0.00014928,1.74442875e-13,-9.0,-2.33519723,-8.99999471,0.0806349647,-0.790965848,-0.135875376,-0.805370147
0.00015028,-1.22565862e-13,-9.0,-2.33433701,-8.99999471,0.0810049828,-0.790968138,-0.135701172,-0.805373831
0.00015128,2.09263181e-13,-9.0,-2.33343238,-8.99999471,0.0813718029,-0.790970432,-0.135527357,-0.805377682
0.00015228,2.02163281e-13,-9.0,-2.33248393,-8.9999947,0.0817354106,-0.79097273,-0.135353937,-0.805381698
0.00015328,-1.25664127e-13,-9.0,-2.33149226,-8.9999947,0.0820957915,-0.790975033,-0.135180921,-0.805385877
0.00015428,1.77000877e-13,-9.0,-2.33045799,-8.9999947,0.0824529314,-0.79097734,-0.135008315,-0.805390215
0.00015528,2.27211439e-13,-9.0,-2.32938175,-8.9999947,0.0828068163,-0.790979651,-0.134836125,-0.80539471
0.00015628,-1.23573434e-13,-9.0,-2.3282642,-8.9999947,0.083157432,-0.790981966,-0.134664359,-0.805399359
0.00015728,1.42630351e-13,-9.0,-2.327106,-8.9999947,0.0835047648,-0.790984286,-0.134493023,-0.805404159
0.00015828,2.48923683e-13,-9.0,-2.32590782,-8.9999947,0.0838488011,-0.790986609,-0.134322122,-0.805409109
0.00015928,-1.16405626e-13,-9.0,-2.32467035,-8.9999947,0.0841895271,-0.790988936,-0.134151662,-0.805414204
0.00016028,1.06916241e-13,-9.0,-2.32339426,-8.9999947,0.0845269294,-0.790991267,-0.133981651,-0.805419443
0.00016128,2.66716178e-13,-9.0,-2.32208026,-8.9999947,0.0848609948,-0.790993602,-0.133812092,-0.805424821
0.00016228,-1.04394989e-13,-9.0,-2.32072904,-8.9999947,0.08519171,-0.79099594,-0.133642991,-0.805430338
0.00016328,7.06550983e-14,-9.0,-2.3193413,-8.9999947,0.085519062,-0.790998283,-0.133474355,-0.805435989
0.00016428,2.80098933e-13,-9.0,-2.31791775,-8.9999947,0.0858430378,-0.791000629,-0.133306187,-0.805441772
0.00016528,-8.78926424e-14,-9.0,-2.31645908,-8.9999947,0.0861636247,-0.791002979,-0.133138492,-0.805447684
0.00016628,3.46562196e-14,-9.0,-2.31496602,-8.99999469,0.08648081,-0.791005332,-0.132971277,-0.805453722
0.00016728,2.88687563e-13,-9.0,-2.31343926,-8.99999469,0.0867945812,-0.791007689,-0.132804544,-0.805459884
0.00016828,-6.73581135e-14,-9.0,-2.3118795,-8.99999469,0.0871049259,-0.791010049,-0.1326383,-0.805466166
0.00016928,-2.77825745e-16,-9.0,-2.31028745,-8.99999469,0.0874118318,-0.791012413,-0.132472547,-0.805472567
0.00017028,2.92212517e-13,-9.0,-2.3086638,-8.99999469,0.0877152869,-0.791014781,-0.13230729,-0.805479082
0.00017128,-4.33483e-14,-9.0,-2.30700924,-8.99999469,0.0880152791,-0.791017151,-0.132142534,-0.80548571
0.00017228,-3.33705002e-14,-9.0,-2.30532448,-8.99999469,0.0883117966,-0.791019526,-0.131978282,-0.805492447
0.00017328,2.90525554e-13,-9.0,-2.30361019,-8.99999469,0.0886048277,-0.791021903,-0.131814538,-0.805499291
0.00017428,-1.65040869e-14,-9.0,-2.30186706,-8.99999469,0.0888943609,-0.791024283,-0.131651306,-0.80550624
0.00017528,-6.38899722e-14,-9.0,-2.30009576,-8.99999469,0.0891803847,-0.791026667,-0.131488589,-0.80551329
0.00017628,2.83603302e-13,-9.0,-2.29829696,-8.99999469,0.0894628877,-0.791029054,-0.131326391,-0.805520439
0.00017728,1.24650591e-14,-9.0,-2.29647132,-8.99999468,0.089741859,-0.791031444,-0.131164714,-0.805527685
0.00017828,-9.11667119e-14,-9.0,-2.2946195,-8.99999468,0.0900172874,-0.791033837,-0.131003563,-0.805535025
0.00017928,2.7154782e-13,-9.0,-2.29274215,-8.99999468,0.090289162,-0.791036233,-0.13084294,-0.805542455
0.00018028,4.27981475e-14,-9.0,-2.29083991,-8.99999468,0.0905574722,-0.791038633,-0.130682848,-0.805549975
0.00018128,-1.14609587e-13,-9.0,-2.28891341,-8.99999468,0.0908222073,-0.791041035,-0.130523291,-0.805557581
0.00018228,2.54584145e-13,-9.0,-2.28696329,-8.99999468,0.0910833569,-0.791043439,-0.13036427,-0.805565271
0.00018328,7.37009637e-14,-9.0,-2.28499016,-8.99999468,0.0913409108,-0.791045847,-0.130205788,-0.805573043
0.00018428,-1.33720069e-13,-9.0,-2.28299463,-8.99999468,0.0915948586,-0.791048257,-0.130047849,-0.805580894
0.00018528,2.33054889e-13,-9.0,-2.2809773,-8.99999468,0.0918451904,-0.79105067,-0.129890454,-0.805588821
0.00018628,1.04365169e-13,-9.0,-2.27893877,-8.99999468,0.0920918963,-0.791053086,-0.129733605,-0.805596824
0.00018728,-1.48104212e-13,-9.0,-2.27687962,-8.99999467,0.0923349666,-0.791055504,-0.129577306,-0.805604898
0.00018828,2.07412012e-13,-9.0,-2.27480043,-8.99999467,0.0925743917,-0.791057925,-0.129421558,-0.805613043
0.00018928,1.33987746e-13,-9.0,-2.27270177,-8.99999467,0.0928101621,-0.791060349,-0.129266363,-0.805621256
0.00019028,-1.57482119e-13,-9.0,-2.27058419,-8.99999467,0.0930422685,-0.791062774,-0.129111723,-0.805629534
0.00019128,1.78205959e-13,-9.0,-2.26844824,-8.99999467,0.0932707018,-0.791065203,-0.128957641,-0.805637876
0.00019228,1.61790308e-13,-9.0,-2.26629448,-8.99999467,0.0934954529,-0.791067633,-0.128804117,-0.80564628
0.00019328,-1.61694653e-13,-9.0,-2.26412342,-8.99999467,0.0937165129,-0.791070066,-0.128651154,-0.805654743
0.00019428,1.46072444e-13,-9.0,-2.26193559,-8.99999467,0.0939338732,-0.791072501,-0.128498753,-0.805663264
0.00019528,1.87037834e-13,-9.0,-2.25973151,-8.99999467,0.0941475251,-0.791074938,-0.128346916,-0.80567184
0.00019628,-1.60707257e-13,-9.0,-2.25751168,-8.99999466,0.0943574603,-0.791077377,-0.128195645,-0.805680471
0.00019728,1.11717175e-13,-9.0,-2.2552766,-8.99999466,0.0945636704,-0.791079818,-0.12804494,-0.805689153
0.00019828,2.09056345e-13,-9.0,-2.25302675,-8.99999466,0.0947661473,-0.791082262,-0.127894803,-0.805697885
0.00019928,-1.5461077e-13,-9.0,-2.25076262,-8.99999466,0.0949648829,-0.791084707,-0.127745236,-0.805706665
0.00020028,7.58989009e-14,-9.0,-2.24848467,-8.99999466,0.0951598695,-0.791087154,-0.127596239,-0.805715491
0.00020128,2.27249129e-13,-9.0,-2.24619336,-8.99999466,0.0953510994,-0.791089603,-0.127447814,-0.805724362
0.00020228,-1.43619225e-13,-9.0,-2.24388916,-8.99999466,0.095538565,-0.791092053,-0.127299962,-0.805733276
0.00020328,3.94111884e-14,-9.0,-2.24157249,-8.99999466,0.0957222588,-0.791094506,-0.127152684,-0.805742231
0.00020428,2.41111098e-13,-9.0,-2.2392438,-8.99999465,0.0959021737,-0.791096959,-0.12700598,-0.805751226
0.00020528,-1.28064693e-13,-9.0,-2.23690351,-8.99999465,0.0960783026,-0.791099415,-0.126859852,-0.805760258
0.00020628,3.06335584e-15,-9.0,-2.23455204,-8.99999465,0.0962506385,-0.791101872,-0.126714301,-0.805769327
0.00020728,2.50240949e-13,-9.0,-2.2321898,-8.99999465,0.0964191745,-0.79110433,-0.126569327,-0.805778431
0.00020828,-1.08389276e-13,-9.0,-2.22981719,-8.99999465,0.0965839041,-0.79110679,-0.126424931,-0.805787569
0.00020928,-3.23389663e-14,-9.0,-2.2274346,-8.99999465,0.0967448207,-0.791109251,-0.126281113,-0.805796738
0.00021028,2.5435083e-13,-9.0,-2.22504243,-8.99999465,0.096901918,-0.791111713,-0.126137875,-0.805805937
0.00021128,-8.51344657e-14,-9.0,-2.22264104,-8.99999465,0.0970551898,-0.791114177,-0.125995217,-0.805815166
0.00021228,-6.60131865e-14,-9.0,-2.2202308,-8.99999465,0.09720463,-0.791116641,-0.125853139,-0.805824422
0.00021328,2.53273279e-13,-9.0,-2.21781208,-8.99999464,0.0973502327,-0.791119107,-0.125711642,-0.805833705
0.00021428,-5.89281045e-14,-9.0,-2.21538523,-8.99999464,0.0974919922,-0.791121573,-0.125570726,-0.805843012
0.00021528,-9.72185491e-14,-9.0,-2.2129506,-8.99999464,0.0976299029,-0.791124041,-0.125430391,-0.805852344
0.00021628,2.46965269e-13,-9.0,-2.21050852,-8.99999464,0.0977639593,-0.791126509,-0.125290639,-0.805861697
0.00021728,-3.04692716e-14,-9.0,-2.20805933,-8.99999464,0.0978941562,-0.791128978,-0.125151469,-0.805871072
0.00021828,-1.25273924e-13,-9.0,-2.20560335,-8.99999464,0.0980204884,-0.791131448,-0.125012881,-0.805880467
0.00021928,2.35509261e-13,-9.0,-2.20314089,-8.99999464,0.0981429509,-0.791133918,-0.124874876,-0.805889881
0.00022028,-5.11456742e-16,-9.0,-2.20067226,-8.99999463,0.0982615389,-0.791136389,-0.124737453,-0.805899312
0.00022128,-1.49574164e-13,-9.0,-2.19819777,-8.99999463,0.0983762477,-0.791138861,-0.124600614,-0.80590876
0.00022228,2.19111239e-13,-9.0,-2.19571772,-8.99999463,0.0984870727,-0.791141333,-0.124464357,-0.805918223
0.00022328,3.01555753e-14,-9.0,-2.19323238,-8.99999463,0.0985940097,-0.791143805,-0.124328684,-0.805927701
0.00022428,-1.69604631e-13,-9.0,-2.19074205,-8.99999463,0.0986970543,-0.791146278,-0.124193593,-0.805937192
0.00022528,1.98095783e-13,-9.0,-2.188247,-8.99999463,0.0987962026,-0.79114875,-0.124059086,-0.805946696
0.00022628,6.07247927e-14,-9.0,-2.18574749,-8.99999463,0.0988914505,-0.791151223,-0.123925161,-0.805956211
0.00022728,-1.84953551e-13,-9.0,-2.1832438,-8.99999463,0.0989827944,-0.791153696,-0.12379182,-0.805965736
0.00022828,1.72898285e-13,-9.0,-2.18073617,-8.99999462,0.0990702306,-0.791156169,-0.123659061,-0.805975271
0.00022928,9.03913204e-14,-9.0,-2.17822486,-8.99999462,0.0991537557,-0.791158642,-0.123526884,-0.805984815
0.00023028,-1.95321893e-13,-9.0,-2.1757101,-8.99999462,0.0992333664,-0.791161115,-0.12339529,-0.805994366
0.00023128,1.44054497e-13,-9.0,-2.17319215,-8.99999462,0.0993090595,-0.791163587,-0.123264278,-0.806003924
0.00023228,1.18371812e-13,-9.0,-2.17067123,-8.99999462,0.099380832,-0.791166059,-0.123133848,-0.806013487
0.00023328,-2.00530536e-13,-9.0,-2.16814757,-8.99999462,0.0994486812,-0.791168531,-0.123004,-0.806023056
0.00023428,1.12187678e-13,-9.0,-2.16562139,-8.99999462,0.0995126043,-0.791171002,-0.122874733,-0.80603263
0.00023528,1.43923304e-13,-9.0,-2.1630929,-8.99999462,0.0995725988,-0.791173473,-0.122746046,-0.806042207
0.00023628,-2.00524553e-13,-9.0,-2.16056232,-8.99999461,0.0996286623,-0.791175943,-0.122617941,-0.806051786
0.00023728,7.79936281e-14,-9.0,-2.15802986,-8.99999461,0.0996807927,-0.791178413,-0.122490416,-0.806061368
0.00023828,1.663611e-13,-9.0,-2.1554957,-8.99999461,0.0997289879,-0.791180882,-0.12236347,-0.806070951
0.00023928,-1.95374511e-13,-9.0,-2.15296005,-8.99999461,0.0997732459,-0.79118335,-0.122237104,-0.806080535
0.00024028,4.22239838e-14,-9.0,-2.15042309,-8.99999461,0.0998135651,-0.791185817,-0.122111317,-0.806090119
0.00024128,1.85075254e-13,-9.0,-2.14788501,-8.99999461,0.0998499438,-0.791188283,-0.121986108,-0.806099702
0.00024228,-1.85274755e-13,-9.0,-2.145346,-8.99999461,0.0998823805,-0.791190748,-0.121861478,-0.806109283
0.00024328,5.66816654e-15,-9.0,-2.14280621,-8.99999461,0.0999108741,-0.791193212,-0.121737425,-0.806118863
0.00024428,1.9954526e-13,-9.0,-2.14026584,-8.9999946,0.0999354234,-0.791195674,-0.121613949,-0.80612844
0.00024528,-1.70538709e-13,-9.0,-2.13772504,-8.9999946,0.0999560274,-0.791198136,-0.121491049,-0.806138014
0.00024628,-3.0865573e-14,-9.0,-2.13518397,-8.9999946,0.0999726853,-0.791200596,-0.121368725,-0.806147584
0.00024728,2.09352582e-13,-9.0,-2.13264279,-8.9999946,0.0999853965,-0.791203054,-0.121246977,-0.80615715
0.00024828,-1.5159132e-13,-9.0,-2.13010165,-8.9999946,0.0999941604,-0.791205511,-0.121125803,-0.806166711
0.00024928,-6.65695649e-14,-9.0,-2.12756071,-8.9999946,0.0999989767,-0.791207967,-0.121005203,-0.806176267
0.00025028,2.14190742e-13,-9.0,-2.12501083,-8.9999946,0.0999998452,-0.791210419,-0.120885354,-0.80618599
0.00025128,-1.28958821e-13,-9.0,-2.1224532,-8.99999459,0.0999967659,-0.791212868,-0.120765962,-0.806195583
0.00025228,-1.00656115e-13,-9.0,-2.11990916,-8.99999459,0.0999897389,-0.791215319,-0.120646929,-0.806204959
0.00025328,2.13872713e-13,-9.0,-2.11737917,-8.99999459,0.0999787645,-0.79121777,-0.120528567,-0.806214435
0.00025428,-1.03256055e-13,-9.0,-2.11485057,-8.99999459,0.0999638431,-0.791220217,-0.120410806,-0.806223935
0.00025528,-1.32376423e-13,-9.0,-2.1123208,-8.99999459,0.0999449753,-0.791222661,-0.120293627,-0.80623344
0.00025628,2.08335434e-13,-9.0,-2.10978985,-8.99999459,0.0999221618,-0.791225103,-0.120177023,-0.806242943
0.00025728,-7.51716702e-14,-9.0,-2.10725835,-8.99999459,0.0998954036,-0.791227543,-0.12006099,-0.806252439
0.00025828,-1.6103856e-13,-9.0,-2.10472697,-8.99999459,0.0998647017,-0.79122998,-0.119945525,-0.806261926
0.00025928,1.97641351e-13,-9.0,-2.10219625,-8.99999458,0.0998300572,-0.791232415,-0.119830628,-0.806271403
0.00026028,-4.54515427e-14,-9.0,-2.0996666,-8.99999458,0.0997914717,-0.791234848,-0.119716297,-0.806280871
0.00026128,-1.86024081e-13,-9.0,-2.09713833,-8.99999458,0.0997489466,-0.791237278,-0.119602532,-0.806290327
0.00026228,1.81976935e-13,-9.0,-2.09461167,-8.99999458,0.0997024835,-0.791239705,-0.119489331,-0.806299773
0.00026328,-1.48808213e-14,-9.0,-2.09208679,-8.99999458,0.0996520844,-0.791242129,-0.119376695,-0.806309208
0.00026428,-2.06802876e-13,-9.0,-2.08956384,-8.99999458,0.0995977512,-0.791244551,-0.119264621,-0.806318631
0.00026528,1.61648225e-13,-9.0,-2.08704293,-8.99999458,0.099539486,-0.79124697,-0.11915311,-0.806328042
0.00026628,1.57349716e-14,-9.0,-2.08452417,-8.99999458,0.0994772912,-0.791249386,-0.11904216,-0.806337441
0.00026728,-2.22945887e-13,-9.0,-2.08200767,-8.99999457,0.0994111692,-0.791251799,-0.118931771,-0.806346828
0.00026828,1.3707349e-13,-9.0,-2.0794935,-8.99999457,0.0993411226,-0.791254208,-0.118821941,-0.806356201
0.00026928,4.55893288e-14,-9.0,-2.07698175,-8.99999457,0.0992671541,-0.791256615,-0.11871267,-0.806365562
0.00027028,-2.34135405e-13,-9.0,-2.07447251,-8.99999457,0.0991892668,-0.791259018,-0.118603958,-0.806374909
0.00027128,1.08773195e-13,-9.0,-2.07196586,-8.99999457,0.0991074637,-0.791261418,-0.118495802,-0.806384243
0.00027228,7.38941698e-14,-9.0,-2.06946185,-8.99999457,0.099021748,-0.791263814,-0.118388203,-0.806393562
0.00027328,-2.40172686e-13,-9.0,-2.06696058,-8.99999457,0.098932123,-0.791266207,-0.118281159,-0.806402868
0.00027428,7.7357511e-14,-9.0,-2.0644621,-8.99999457,0.0988385924,-0.791268596,-0.11817467,-0.80641216
0.00027528,9.98988097e-14,-9.0,-2.06196648,-8.99999456,0.0987411598,-0.791270982,-0.118068734,-0.806421437
0.00027628,-2.40982707e-13,-9.0,-2.05947379,-8.99999456,0.0986398291,-0.791273364,-0.117963352,-0.806430699
0.00027728,4.35116644e-14,-9.0,-2.05698408,-8.99999456,0.0985346043,-0.791275741,-0.117858521,-0.806439947
0.00027828,1.22908029e-13,-9.0,-2.05449743,-8.99999456,0.0984254894,-0.791278115,-0.117754241,-0.806449179
0.00027928,-2.36615947e-13,-9.0,-2.05201387,-8.99999456,0.0983124889,-0.791280485,-0.117650511,-0.806458396
0.00028028,7.97948694e-15,-9.0,-2.04953347,-8.99999456,0.0981956072,-0.791282851,-0.11754733,-0.806467598
0.00028128,1.4229881e-13,-9.0,-2.04705629,-8.99999456,0.0980748489,-0.791285213,-0.117444697,-0.806476784
0.00028228,-2.27247156e-13,-9.0,-2.04458237,-8.99999456,0.0979502188,-0.79128757,-0.117342612,-0.806485954
0.00028328,-2.84544482e-14,-9.0,-2.04211176,-8.99999455,0.0978217218,-0.791289923,-0.117241073,-0.806495109
0.00028428,1.57535334e-13,-9.0,-2.03964451,-8.99999455,0.0976893629,-0.791292272,-0.117140079,-0.806504247
0.00028528,-2.13171128e-13,-9.0,-2.03718067,-8.99999455,0.0975531474,-0.791294616,-0.11703963,-0.806513369
0.00028628,-6.49836678e-14,-9.0,-2.03472027,-8.99999455,0.0974130807,-0.791296955,-0.116939725,-0.806522475
0.00028728,1.68181888e-13,-9.0,-2.03226337,-8.99999455,0.0972691683,-0.79129929,-0.116840362,-0.806531565
0.00028828,-1.94795597e-13,-9.0,-2.02980999,-8.99999455,0.0971214159,-0.79130162,-0.11674154,-0.806540637
0.00028928,-1.00799168e-13,-9.0,-2.02736019,-8.99999455,0.0969698293,-0.791303945,-0.11664326,-0.806549694
0.00029028,1.73913357e-13,-9.0,-2.02491399,-8.99999455,0.0968144144,-0.791306265,-0.116545519,-0.806558733
0.00029128,-1.72631411e-13,-9.0,-2.02247143,-8.99999454,0.0966551775,-0.791308581,-0.116448317,-0.806567755
0.00029228,-1.35108843e-13,-9.0,-2.02003255,-8.99999454,0.0964921249,-0.791310891,-0.116351653,-0.806576761
0.00029328,1.74523062e-13,-9.0,-2.01759737,-8.99999454,0.0963252629,-0.791313196,-0.116255526,-0.806585749
0.00029428,-1.47280234e-13,-9.0,-2.01516593,-8.99999454,0.0961545981,-0.791315496,-0.116159935,-0.80659472
0.00029528,-1.67156513e-13,-9.0,-2.01273826,-8.99999454,0.0959801373,-0.79131779,-0.116064879,-0.806603674
0.00029628,1.69927746e-13,-9.0,-2.01031438,-8.99999454,0.0958018874,-0.791320079,-0.115970358,-0.806612611
0.00029728,-1.19420057e-13,-9.0,-2.00789433,-8.99999454,0.0956198554,-0.791322363,-0.115876369,-0.80662153
0.00029828,-1.96240082e-13,-9.0,-2.00547811,-8.99999454,0.0954340484,-0.791324641,-0.115782912,-0.806630432
0.00029928,1.60169597e-13,-9.0,-2.00306577,-8.99999453,0.095244474,-0.791326913,-0.115689987,-0.806639316
0.00030028,-8.97888854e-14,-9.0,-2.00065732,-8.99999453,0.0950511394,-0.79132918,-0.115597592,-0.806648182
0.00030128,-2.21728399e-13,-9.0,-1.99825278,-8.99999453,0.0948540523,-0.791331441,-0.115505727,-0.806657031
0.00030228,1.45415252e-13,-9.0,-1.99585218,-8.99999453,0.0946532206,-0.791333696,-0.115414389,-0.806665863
0.00030328,-5.91669724e-14,-9.0,-1.99345552,-8.99999453,0.0944486521,-0.791335945,-0.11532358,-0.806674676
0.00030428,-2.4307642e-13,-9.0,-1.99106284,-8.99999453,0.094240355,-0.791338188,-0.115233297,-0.806683472
0.00030528,1.25951804e-13,-9.0,-1.98867413,-8.99999453,0.0940283374,-0.791340425,-0.115143539,-0.80669225
0.00030628,-2.83580469e-14,-9.0,-1.98628943,-8.99999453,0.0938126078,-0.791342655,-0.115054306,-0.80670101
0.00030728,-2.59838289e-13,-9.0,-1.98390875,-8.99999452,0.0935931746,-0.791344879,-0.114965596,-0.806709753
0.00030828,1.02179919e-13,-9.0,-1.98153209,-8.99999452,0.0933700464,-0.791347097,-0.11487741,-0.806718477
0.00030928,1.83002767e-15,-9.0,-1.97915947,-8.99999452,0.0931432322,-0.791349309,-0.114789745,-0.806727184
0.00031028,-2.71678045e-13,-9.0,-1.9767909,-8.99999452,0.0929127409,-0.791351514,-0.1147026,-0.806735872
0.00031128,7.46042199e-14,-9.0,-1.97442639,-8.99999452,0.0926785815,-0.791353712,-0.114615976,-0.806744543
0.00031228,3.060469e-14,-9.0,-1.97206594,-8.99999452,0.0924407633,-0.791355904,-0.114529871,-0.806753196
0.00031328,-2.78377685e-13,-9.0,-1.96970958,-8.99999452,0.0921992958,-0.791358089,-0.114444283,-0.806761831
0.00031428,4.38211634e-14,-9.0,-1.9673573,-8.99999452,0.0919541883,-0.791360267,-0.114359213,-0.806770448
0.00031528,5.72077503e-14,-9.0,-1.96500911,-8.99999452,0.0917054507,-0.791362438,-0.114274659,-0.806779047
0.00031628,-2.7984239e-13,-9.0,-1.96266502,-8.99999451,0.0914530927,-0.791364603,-0.11419062,-0.806787628
0.00031728,1.0504718e-14,-9.0,-1.96032503,-8.99999451,0.0911971242,-0.79136676,-0.114107095,-0.806796191
0.00031828,8.09336303e-14,-9.0,-1.95798914,-8.99999451,0.0909375555,-0.79136891,-0.114024084,-0.806804736
0.00031928,-2.76102795e-13,-9.0,-1.95565736,-8.99999451,0.0906743967,-0.791371053,-0.113941585,-0.806813263
0.00032028,-2.4609831e-14,-9.0,-1.95332969,-8.99999451,0.0904076583,-0.791373188,-0.113859597,-0.806821772
0.00032128,1.01146339e-13,-9.0,-1.95100613,-8.99999451,0.0901373507,-0.791375316,-0.11377812,-0.806830264
0.00032228,-2.6731424e-13,-9.0,-1.94868669,-8.99999451,0.0898634846,-0.791377437,-0.113697153,-0.806838738
0.00032328,-6.07435484e-14,-9.0,-1.94637135,-8.99999451,0.0895860709,-0.79137955,-0.113616694,-0.806847193
0.00032428,1.1729477e-13,-9.0,-1.94406013,-8.9999945,0.0893051204,-0.791381656,-0.113536744,-0.806855631
0.00032528,-2.53753026e-13,-9.0,-1.94175301,-8.9999945,0.0890206444,-0.791383754,-0.1134573,-0.806864051
0.00032628,-9.70925688e-14,-9.0,-1.93945,-8.9999945,0.088732654,-0.791385844,-0.113378362,-0.806872454
0.00032728,1.28925963e-13,-9.0,-1.9371511,-8.9999945,0.0884411605,-0.791387926,-0.113299929,-0.806880839
0.00032828,-2.3580977e-13,-9.0,-1.93485629,-8.9999945,0.0881461756,-0.79139,-0.113222,-0.806889206
0.00032928,-1.32847417e-13,-9.0,-1.93256558,-8.9999945,0.0878477108,-0.791392067,-0.113144575,-0.806897555
0.00033028,1.35695994e-13,-9.0,-1.93027897,-8.9999945,0.0875457779,-0.791394125,-0.113067652,-0.806905887
0.00033128,-2.13980005e-13,-9.0,-1.92799644,-8.9999945,0.0872403889,-0.791396175,-0.11299123,-0.806914201
0.00033228,-1.67212468e-13,-9.0,-1.92571799,-8.9999945,0.0869315557,-0.791398217,-0.11291531,-0.806922497
0.00033328,1.37378247e-13,-9.0,-1.92344361,-8.99999449,0.0866192907,-0.791400251,-0.112839889,-0.806930777
0.00033428,-1.88852266e-13,-9.0,-1.92117331,-8.99999449,0.086303606,-0.791402276,-0.112764966,-0.806939038
0.00033528,-1.99425072e-13,-9.0,-1.91890706,-8.99999449,0.0859845143,-0.791404293,-0.112690542,-0.806947282
0.00033628,1.33868865e-13,-9.0,-1.91664486,-8.99999449,0.085662028,-0.791406301,-0.112616615,-0.806955509
0.00033728,-1.61093947e-13,-9.0,-1.91438671,-8.99999449,0.08533616,-0.791408301,-0.112543184,-0.806963719
0.00033828,-2.28773895e-13,-9.0,-1.91213259,-8.99999449,0.085006923,-0.791410292,-0.112470248,-0.806971911
0.00033928,1.2518924e-13,-9.0,-1.9098825,-8.99999449,0.0846743301,-0.791412275,-0.112397807,-0.806980087
0.00034028,-1.31435252e-13,-9.0,-1.90763642,-8.99999449,0.0843383944,-0.791414249,-0.11232586,-0.806988245
0.00034128,-2.5461603e-13,-9.0,-1.90539435,-8.99999448,0.0839991291,-0.791416213,-0.112254405,-0.806996386
0.00034228,1.11485489e-13,-9.0,-1.90315626,-8.99999448,0.0836565477,-0.791418169,-0.112183443,-0.807004509
0.00034328,-1.00651658e-13,-9.0,-1.90092217,-8.99999448,0.0833106637,-0.791420116,-0.112112971,-0.807012616
0.00034428,-2.7639246e-13,-9.0,-1.89869204,-8.99999448,0.0829614908,-0.791422054,-0.11204299,-0.807020706
0.00034528,9.30249324e-14,-9.0,-1.89646587,-8.99999448,0.0826090426,-0.791423982,-0.111973498,-0.80702878
0.00034628,-6.95452814e-14,-9.0,-1.89424364,-8.99999448,0.0822533332,-0.791425902,-0.111904495,-0.807036836
0.00034728,-2.93641519e-13,-9.0,-1.89202535,-8.99999448,0.0818943766,-0.791427812,-0.111835979,-0.807044876
0.00034828,7.01896426e-14,-9.0,-1.88981098,-8.99999448,0.0815321869,-0.791429713,-0.111767951,-0.807052899
0.00034928,-3.89256159e-14,-9.0,-1.88760051,-8.99999448,0.0811667785,-0.791431604,-0.111700408,-0.807060905
0.00035028,-3.06010014e-13,-9.0,-1.88539394,-8.99999447,0.0807981657,-0.791433486,-0.111633351,-0.807068895
0.00035128,4.34672366e-14,-9.0,-1.88319124,-8.99999447,0.0804263632,-0.791435358,-0.111566778,-0.807076869
0.00035228,-9.59009752e-15,-9.0,-1.88099241,-8.99999447,0.0800513856,-0.79143722,-0.111500689,-0.807084826
0.00035328,-3.13261746e-13,-9.0,-1.87879742,-8.99999447,0.0796732476,-0.791439073,-0.111435083,-0.807092767
0.00035428,1.34391178e-14,-9.0,-1.87660627,-8.99999447,0.0792919644,-0.791440916,-0.111369959,-0.807100691
0.00035528,1.76950303e-14,-9.0,-1.87441894,-8.99999447,0.0789075508,-0.791442749,-0.111305317,-0.8071086
0.00035628,-3.15283228e-13,-9.0,-1.8722354,-8.99999447,0.078520022,-0.791444573,-0.111241154,-0.807116492
0.00035728,-1.92335443e-14,-9.0,-1.87005565,-8.99999447,0.0781293935,-0.791446386,-0.111177472,-0.807124368
0.00035828,4.22130926e-14,-9.0,-1.86787967,-8.99999447,0.0777356805,-0.791448189,-0.111114268,-0.807132229
0.00035928,-3.12086464e-13,-9.0,-1.86570744,-8.99999446,0.0773388987,-0.791449983,-0.111051543,-0.807140073
0.00036028,-5.38133793e-14,-9.0,-1.86353895,-8.99999446,0.0769390636,-0.791451766,-0.110989295,-0.807147902
0.00036128,6.3347862e-14,-9.0,-1.86137418,-8.99999446,0.0765361911,-0.791453538,-0.110927524,-0.807155715
0.00036228,-3.03769212e-13,-9.0,-1.8592131,-8.99999446,0.0761302971,-0.791455301,-0.110866228,-0.807163513
0.00036328,-8.95171984e-14,-9.0,-1.85705571,-8.99999446,0.0757213976,-0.791457053,-0.110805408,-0.807171295
0.00036428,8.05041124e-14,-9.0,-1.85490198,-8.99999446,0.0753095088,-0.791458794,-0.110745062,-0.807179061
0.00036528,-2.90625604e-13,-9.0,-1.85275189,-8.99999446,0.0748946469,-0.791460525,-0.11068519,-0.807186812
0.00036628,-1.25560814e-13,-9.0,-1.85060544,-8.99999446,0.0744768282,-0.791462246,-0.11062579,-0.807194548
0.00036728,9.32137665e-14,-9.0,-1.84846259,-8.99999446,0.0740560694,-0.791463956,-0.110566863,-0.807202268
0.00036828,-2.73024939e-13,-9.0,-1.84632333,-8.99999446,0.0736323869,-0.791465655,-0.110508407,-0.807209974
0.00036928,-1.61134889e-13,-9.0,-1.84418764,-8.99999445,0.0732057976,-0.791467343,-0.110450422,-0.807217664
0.00037028,1.0111421e-13,-9.0,-1.84205551,-8.99999445,0.0727763182,-0.791469021,-0.110392907,-0.807225339
0.00037128,-2.51447245e-13,-9.0,-1.83992691,-8.99999445,0.0723439657,-0.791470688,-0.110335861,-0.807233
0.00037228,-1.95440843e-13,-9.0,-1.83780182,-8.99999445,0.0719087572,-0.791472344,-0.110279284,-0.807240645
0.00037328,1.0395898e-13,-9.0,-1.83568022,-8.99999445,0.0714707099,-0.791473988,-0.110223174,-0.807248276
0.00037428,-2.2646764e-13,-9.0,-1.8335621,-8.99999445,0.071029841,-0.791475622,-0.110167532,-0.807255893
0.00037528,-2.27710063e-13,-9.0,-1.83144742,-8.99999445,0.070586168,-0.791477244,-0.110112356,-0.807263494
0.00037628,1.0162368e-13,-9.0,-1.82933618,-8.99999445,0.0701397084,-0.791478856,-0.110057646,-0.807271082
0.00037728,-1.98742519e-13,-9.0,-1.82722835,-8.99999445,0.0696904798,-0.791480456,-0.110003401,-0.807278655
0.00037828,-2.57222395e-13,-9.0,-1.82512392,-8.99999444,0.0692384999,-0.791482045,-0.10994962,-0.807286213
0.00037928,9.41089584e-14,-9.0,-1.82302285,-8.99999444,0.0687837866,-0.791483622,-0.109896304,-0.807293758
0.00038028,-1.68993783e-13,-9.0,-1.82092513,-8.99999444,0.0683263579,-0.791485188,-0.10984345,-0.807301288
0.00038128,-2.83323473e-13,-9.0,-1.81883074,-8.99999444,0.0678662317,-0.791486742,-0.109791058,-0.807308804
0.00038228,8.15404722e-14,-9.0,-1.81673966,-8.99999444,0.0674034263,-0.791488285,-0.109739129,-0.807316307
0.00038328,-1.37991509e-13,-9.0,-1.81465186,-8.99999444,0.0669379599,-0.791489816,-0.10968766,-0.807323795
0.00038428,-3.0544047e-13,-9.0,-1.81256732,-8.99999444,0.0664698509,-0.791491336,-0.109636652,-0.80733127
0.00038528,6.41658492e-14,-9.0,-1.81048603,-8.99999444,0.0659991178,-0.791492844,-0.109586104,-0.807338731
0.00038628,-1.0653545e-13,-9.0,-1.80840796,-8.99999444,0.0655257792,-0.79149434,-0.109536014,-0.807346179
0.00038728,-3.23095896e-13,-9.0,-1.80633309,-8.99999443,0.0650498537,-0.791495824,-0.109486384,-0.807353613
0.00038828,4.23487098e-14,-9.0,-1.80426139,-8.99999443,0.0645713602,-0.791497297,-0.109437211,-0.807361034
0.00038928,-7.54358341e-14,-9.0,-1.80219285,-8.99999443,0.0640903175,-0.791498757,-0.109388496,-0.807368441
0.00039028,-3.35919097e-13,-9.0,-1.80012744,-8.99999443,0.0636067446,-0.791500205,-0.109340237,-0.807375835
0.00039128,1.65598987e-14,-9.0,-1.79806515,-8.99999443,0.0631206607,-0.791501642,-0.109292434,-0.807383216
0.00039228,-4.54939126e-14,-9.0,-1.79600594,-8.99999443,0.0626320848,-0.791503066,-0.109245087,-0.807390584
0.00039328,-3.436552e-13,-9.0,-1.79394979,-8.99999443,0.0621410364,-0.791504478,-0.109198194,-0.80739794
0.00039428,-1.26338662e-14,-9.0,-1.79189669,-8.99999443,0.0616475347,-0.791505878,-0.109151756,-0.807405282
0.00039528,-1.74827289e-14,-9.0,-1.78984661,-8.99999443,0.0611515993,-0.791507265,-0.109105771,-0.807412611
0.00039628,-3.46171274e-13,-9.0,-1.78779953,-8.99999443,0.0606532497,-0.791508641,-0.10906024,-0.807419928
0.00039728,-4.45836531e-14,-9.0,-1.78575542,-8.99999442,0.0601525056,-0.791510003,-0.109015161,-0.807427232
0.00039828,7.87143181e-15,-9.0,-1.78371427,-8.99999442,0.0596493868,-0.791511354,-0.108970534,-0.807434524
0.00039928,-3.43459561e-13,-9.0,-1.78167604,-8.99999442,0.0591439132,-0.791512692,-0.108926358,-0.807441804
0.00040028,-7.85739573e-14,-9.0,-1.77964072,-8.99999442,0.0586361046,-0.791514017,-0.108882633,-0.807449071
0.00040128,2.99064635e-14,-9.0,-1.77760828,-8.99999442,0.0581259812,-0.79151533,-0.108839359,-0.807456326
0.00040228,-3.35637705e-13,-9.0,-1.7755787,-8.99999442,0.0576135631,-0.79151663,-0.108796534,-0.807463569
0.00040328,-1.13839946e-13,-9.0,-1.77355196,-8.99999442,0.0570988705,-0.791517917,-0.108754158,-0.8074708
0.00040428,4.80403124e-14,-9.0,-1.77152803,-8.99999442,0.0565819238,-0.791519192,-0.108712231,-0.807478018
0.00040528,-3.22945974e-13,-9.0,-1.7695069,-8.99999442,0.0560627433,-0.791520454,-0.108670751,-0.807485226
0.00040628,-1.49585897e-13,-9.0,-1.76748852,-8.99999442,0.0555413495,-0.791521703,-0.10862972,-0.807492421
0.00040728,6.17849207e-14,-9.0,-1.7654729,-8.99999441,0.055017763,-0.791522939,-0.108589135,-0.807499605
0.00040828,-3.05741528e-13,-9.0,-1.76345999,-8.99999441,0.0544920046,-0.791524163,-0.108548997,-0.807506777
0.00040928,-1.85004381e-13,-9.0,-1.76144977,-8.99999441,0.0539640948,-0.791525373,-0.108509305,-0.807513938
0.00041028,7.07579054e-14,-9.0,-1.75944223,-8.99999441,0.0534340547,-0.79152657,-0.108470058,-0.807521087
0.00041128,-2.84489897e-13,-9.0,-1.75743734,-8.99999441,0.0529019051,-0.791527754,-0.108431257,-0.807528225
0.00041228,-2.19295731e-13,-9.0,-1.75543508,-8.99999441,0.052367667,-0.791528925,-0.1083929,-0.807535352
0.00041328,7.469169e-14,-9.0,-1.75343541,-8.99999441,0.0518313616,-0.791530083,-0.108354986,-0.807542468
0.00041428,-2.59753847e-13,-9.0,-1.75143833,-8.99999441,0.0512930099,-0.791531228,-0.108317517,-0.807549573
0.00041528,-2.5168734e-13,-9.0,-1.74944379,-8.99999441,0.0507526332,-0.79153236,-0.10828049,-0.807556667
0.00041628,7.34398711e-14,-9.0,-1.74745179,-8.99999441,0.050210253,-0.791533478,-0.108243906,-0.80756375
0.00041728,-2.32179919e-13,-9.0,-1.74546229,-8.9999944,0.0496658905,-0.791534582,-0.108207763,-0.807570823
0.00041828,-2.814523e-13,-9.0,-1.74347528,-8.9999944,0.0491195673,-0.791535674,-0.108172063,-0.807577885
0.00041928,6.69806647e-14,-9.0,-1.74149072,-8.9999944,0.0485713049,-0.791536752,-0.108136804,-0.807584936
0.00042028,-2.02482965e-13,-9.0,-1.7395086,-8.9999944,0.048021125,-0.791537816,-0.108101985,-0.807591977
0.00042128,-3.0792696e-13,-9.0,-1.73752889,-8.9999944,0.0474690493,-0.791538867,-0.108067606,-0.807599008
0.00042228,5.54173495e-14,-9.0,-1.73555156,-8.9999944,0.0469150997,-0.791539905,-0.108033668,-0.807606028
0.00042328,-1.71429038e-13,-9.0,-1.7335766,-8.9999944,0.0463592979,-0.791540929,-0.108000169,-0.807613039
0.00042428,-3.30526964e-13,-9.0,-1.73160397,-8.9999944,0.0458016659,-0.791541939,-0.107967108,-0.807620039
0.00042528,3.89756972e-14,-9.0,-1.72963366,-8.9999944,0.0452422257,-0.791542935,-0.107934486,-0.807627029
0.00042628,-1.39817067e-13,-9.0,-1.72766564,-8.9999944,0.0446809995,-0.791543918,-0.107902303,-0.80763401
0.00042728,-3.48761396e-13,-9.0,-1.72569988,-8.99999439,0.0441180093,-0.791544887,-0.107870557,-0.80764098
0.00042828,1.79984493e-14,-9.0,-1.72373637,-8.99999439,0.0435532775,-0.791545843,-0.107839248,-0.807647941
0.00042928,-1.08459747e-13,-9.0,-1.72177507,-8.99999439,0.0429868262,-0.791546784,-0.107808376,-0.807654893
0.00043028,-3.62244679e-13,-9.0,-1.71981596,-8.99999439,0.0424186779,-0.791547712,-0.10777794,-0.807661835
0.00043128,-7.06302543e-15,-9.0,-1.71785903,-8.99999439,0.0418488549,-0.791548625,-0.107747941,-0.807668768
0.00043228,-7.81641049e-14,-9.0,-1.71590424,-8.99999439,0.0412773799,-0.791549525,-0.107718377,-0.807675691
0.00043328,-3.70705953e-13,-9.0,-1.71395157,-8.99999439,0.0407042752,-0.791550411,-0.107689248,-0.807682605
0.00043428,-3.56596941e-14,-9.0,-1.71200099,-8.99999439,0.0401295637,-0.791551282,-0.107660555,-0.80768951
0.00043528,-4.97122096e-14,-9.0,-1.71005249,-8.99999439,0.0395532679,-0.79155214,-0.107632296,-0.807696406
0.00043628,-3.73995709e-13,-9.0,-1.70810603,-8.99999439,0.0389754106,-0.791552984,-0.107604471,-0.807703293
0.00043728,-6.71581792e-14,-9.0,-1.7061616,-8.99999438,0.0383960146,-0.791553813,-0.10757708,-0.807710171
0.00043828,-2.38424939e-14,-9.0,-1.70421917,-8.99999438,0.0378151028,-0.791554628,-0.107550122,-0.807717041
0.00043928,-3.72089503e-13,-9.0,-1.70227871,-8.99999438,0.0372326981,-0.79155543,-0.107523598,-0.807723901
0.00044028,-1.00856115e-13,-9.0,-1.7003402,-8.99999438,0.0366488236,-0.791556216,-0.107497506,-0.807730754
0.00044128,-1.2321322e-15,-9.0,-1.69840362,-8.99999438,0.0360635022,-0.791556989,-0.107471847,-0.807737597
0.00044228,-3.65088682e-13,-9.0,-1.69646893,-8.99999438,0.0354767571,-0.791557747,-0.10744662,-0.807744433
0.00044328,-1.35999173e-13,-9.0,-1.69453613,-8.99999438,0.0348886114,-0.791558491,-0.107421824,-0.80775126
0.00044428,1.75190979e-14,-9.0,-1.69260518,-8.99999438,0.0342990884,-0.791559221,-0.10739746,-0.807758079
0.00044528,-3.53218093e-13,-9.0,-1.69067605,-8.99999438,0.0337082113,-0.791559936,-0.107373528,-0.80776489
0.00044628,-1.71799345e-13,-9.0,-1.68874874,-8.99999438,0.0331160035,-0.791560637,-0.107350026,-0.807771693
0.00044728,3.19030838e-14,-9.0,-1.6868232,-8.99999437,0.0325224883,-0.791561324,-0.107326954,-0.807778488
0.00044828,-3.36820831e-13,-9.0,-1.68489941,-8.99999437,0.0319276892,-0.791561996,-0.107304313,-0.807785275
0.00044928,-2.0745405e-13,-9.0,-1.68297736,-8.99999437,0.0313316296,-0.791562653,-0.107282101,-0.807792054
0.00045028,4.15154312e-14,-9.0,-1.68105701,-8.99999437,0.0307343331,-0.791563296,-0.10726032,-0.807798826
0.00045128,-3.16350158e-13,-9.0,-1.67913835,-8.99999437,0.0301358233,-0.791563925,-0.107238967,-0.80780559
0.00045228,-2.42165597e-13,-9.0,-1.67722134,-8.99999437,0.0295361237,-0.791564539,-0.107218044,-0.807812347
0.00045328,4.60650127e-14,-9.0,-1.67530597,-8.99999437,0.0289352582,-0.791565138,-0.10719755,-0.807819097
0.00045428,-2.92358784e-13,-9.0,-1.6733922,-8.99999437,0.0283332503,-0.791565722,-0.107177484,-0.807825839
0.00045528,-2.75160545e-13,-9.0,-1.67148002,-8.99999437,0.0277301238,-0.791566292,-0.107157846,-0.807832574
0.00045628,4.53807827e-14,-9.0,-1.6695694,-8.99999437,0.0271259027,-0.791566848,-0.107138636,-0.807839302
0.00045728,-2.65485764e-13,-9.0,-1.66766032,-8.99999437,0.0265206106,-0.791567388,-0.107119854,-0.807846023
0.00045828,-3.05708492e-13,-9.0,-1.66575275,-8.99999436,0.0259142715,-0.791567914,-0.1071015,-0.807852737
0.00045928,3.94156921e-14,-9.0,-1.66384666,-8.99999436,0.0253069094,-0.791568425,-0.107083572,-0.807859444
0.00046028,-2.36441339e-13,-9.0,-1.66194204,-8.99999436,0.0246985483,-0.791568922,-0.107066072,-0.807866145
0.00046128,-3.3313984e-13,-9.0,-1.66003886,-8.99999436,0.024089212,-0.791569403,-0.107048999,-0.807872838
0.00046228,2.82476114e-14,-9.0,-1.65813709,-8.99999436,0.0234789248,-0.79156987,-0.107032352,-0.807879526
0.00046328,-2.05990068e-13,-9.0,-1.65623671,-8.99999436,0.0228677107,-0.791570322,-0.107016132,-0.807886207
0.00046428,-3.5686211e-13,-9.0,-1.65433769,-8.99999436,0.0222555938,-0.791570759,-0.107000337,-0.807892881
0.00046528,1.20772369e-14,-9.0,-1.65244002,-8.99999436,0.0216425982,-0.791571181,-0.106984969,-0.807899549
0.00046628,-1.74932677e-13,-9.0,-1.65054366,-8.99999436,0.0210287483,-0.791571588,-0.106970027,-0.807906212
0.00046728,-3.76374416e-13,-9.0,-1.64864859,-8.99999436,0.0204140682,-0.79157198,-0.10695551,-0.807912867
0.00046828,-8.77696826e-15,-9.0,-1.6467548,-8.99999435,0.0197985821,-0.791572357,-0.106941418,-0.807919517
0.00046928,-1.44087044e-13,-9.0,-1.64486224,-8.99999435,0.0191823145,-0.79157272,-0.106927751,-0.807926162
0.00047028,-3.91279749e-13,-9.0,-1.64297091,-8.99999435,0.0185652896,-0.791573067,-0.10691451,-0.8079328
0.00047128,-3.38866769e-14,-9.0,-1.64108077,-8.99999435,0.0179475317,-0.791573399,-0.106901693,-0.807939432
0.00047228,-1.14268784e-13,-9.0,-1.6391918,-8.99999435,0.0173290653,-0.791573717,-0.106889301,-0.807946059
0.00047328,-4.01294779e-13,-9.0,-1.63730398,-8.99999435,0.0167099148,-0.791574019,-0.106877333,-0.807952681
0.00047428,-6.27242556e-14,-9.0,-1.63541728,-8.99999435,0.0160901046,-0.791574306,-0.10686579,-0.807959297
0.00047528,-8.6271909e-14,-9.0,-1.63353167,-8.99999435,0.0154696592,-0.791574579,-0.106854671,-0.807965907
0.00047628,-4.06256934e-13,-9.0,-1.63164714,-8.99999435,0.0148486031,-0.791574836,-0.106843976,-0.807972512
0.00047728,-9.46757224e-14,-9.0,-1.62976366,-8.99999435,0.0142269607,-0.791575078,-0.106833705,-0.807979112
0.00047828,-6.08500092e-14,-9.0,-1.62788121,-8.99999435,0.0136047568,-0.791575305,-0.106823857,-0.807985707
0.00047928,-4.06128589e-13,-9.0,-1.62599975,-8.99999434,0.0129820157,-0.791575516,-0.106814433,-0.807992297
0.00048028,-1.29055794e-13,-9.0,-1.62411927,-8.99999434,0.0123587621,-0.791575713,-0.106805433,-0.807998882
0.00048128,-3.86984292e-14,-9.0,-1.62223974,-8.99999434,0.0117350206,-0.791575895,-0.106796856,-0.808005462
0.00048228,-4.00998266e-13,-9.0,-1.62036114,-8.99999434,0.0111108159,-0.791576061,-0.106788702,-0.808012038
0.00048328,-1.65124658e-13,-9.0,-1.61848344,-8.99999434,0.0104861725,-0.791576212,-0.106780972,-0.808018608
0.00048428,-2.04378513e-14,-9.0,-1.61660663,-8.99999434,0.00986111512,-0.791576348,-0.106773664,-0.808025174
0.00048528,-3.91078812e-13,-9.0,-1.61473066,-8.99999434,0.00923566845,-0.791576469,-0.106766779,-0.808031736
0.00048628,-2.02106075e-13,-9.0,-1.61285553,-8.99999434,0.00860985717,-0.791576575,-0.106760317,-0.808038293
0.00048728,-6.59968817e-15,-9.0,-1.61098121,-8.99999434,0.00798370599,-0.791576665,-0.106754278,-0.808044846
0.00048828,-3.76702598e-13,-9.0,-1.60910766,-8.99999434,0.00735723963,-0.79157674,-0.106748662,-0.808051395
0.00048928,-2.39206356e-13,-9.0,-1.60723488,-8.99999434,0.00673048282,-0.7915768,-0.106743468,-0.80805794
0.00049028,2.38636638e-15,-9.0,-1.60536282,-8.99999433,0.00610346029,-0.791576845,-0.106738697,-0.80806448
0.00049128,-3.58313865e-13,-9.0,-1.60349148,-8.99999433,0.00547619682,-0.791576874,-0.106734348,-0.808071017
0.00049228,-2.75633788e-13,-9.0,-1.60162082,-8.99999433,0.00484871715,-0.791576889,-0.106730421,-0.808077549
0.00049328,6.20232959e-15,-9.0,-1.59975083,-8.99999433,0.00422104606,-0.791576888,-0.106726917,-0.808084078
0.00049428,-3.36458381e-13,-9.0,-1.59788147,-8.99999433,0.00359320834,-0.791576871,-0.106723835,-0.808090603
0.00049528,-3.10618009e-13,-9.0,-1.59601272,-8.99999433,0.00296522876,-0.79157684,-0.106721176,-0.808097125
0.00049628,4.64922536e-15,-9.0,-1.59414456,-8.99999433,0.00233713212,-0.791576793,-0.106718938,-0.808103643
0.00049728,-3.11770672e-13,-9.0,-1.59227697,-8.99999433,0.00170894321,-0.791576731,-0.106717123,-0.808110158
0.00049828,-3.43428885e-13,-9.0,-1.59040992,-8.99999433,0.00108068684,-0.791576653,-0.10671573,-0.808116669
0.00049928,-2.3484912e-15,-9.0,-1.58854338,-8.99999433,0.000452387799,-0.791576561,-0.106714759,-0.808123177
0.00050028,-2.84959133e-13,-9.0,-1.58667733,-8.99999432,-0.000175929098,-0.791576453,-0.10671421,-0.808129682
0.00050128,-3.73394431e-13,-9.0,-1.58481175,-8.99999432,-0.000804239049,-0.79157633,-0.106714083,-0.808136183
0.00050228,-1.47414856e-14,-9.0,-1.58294662,-8.99999432,-0.00143251725,-0.791576191,-0.106714378,-0.808142682
0.00050328,-2.56789363e-13,-9.0,-1.5810819,-8.99999432,-0.0020607389,-0.791576037,-0.106715095,-0.808149178
0.00050428,-3.99917342e-13,-9.0,-1.57921758,-8.99999432,-0.00268887919,-0.791575868,-0.106716235,-0.808155671
0.00050528,-3.23571061e-14,-9.0,-1.57735363,-8.99999432,-0.00331691333,-0.791575684,-0.106717796,-0.808162161
0.00050628,-2.28066142e-13,-9.0,-1.57549003,-8.99999432,-0.00394481653,-0.791575484,-0.10671978,-0.808168648
0.00050728,-4.22489729e-13,-9.0,-1.57362675,-8.99999432,-0.00457256399,-0.791575269,-0.106722185,-0.808175133
0.00050828,-5.4903916e-14,-9.0,-1.57176377,-8.99999432,-0.00520013093,-0.791575039,-0.106725013,-0.808181616
0.00050928,-1.99614458e-13,-9.0,-1.56990107,-8.99999432,-0.00582749259,-0.791574793,-0.106728263,-0.808188096
0.00051028,-4.40705717e-13,-9.0,-1.56803861,-8.99999432,-0.00645462418,-0.791574532,-0.106731935,-0.808194573
0.00051128,-8.19790872e-14,-9.0,-1.56617638,-8.99999431,-0.00708150095,-0.791574256,-0.10673603,-0.808201049
0.00051228,-1.72260068e-13,-9.0,-1.56431436,-8.99999431,-0.00770809816,-0.791573965,-0.106740547,-0.808207522
0.00051328,-4.54271592e-13,-9.0,-1.56245251,-8.99999431,-0.00833439107,-0.791573658,-0.106745486,-0.808213993
0.00051428,-1.13078474e-13,-9.0,-1.56059081,-8.99999431,-0.00896035495,-0.791573336,-0.106750847,-0.808220463
0.00051528,-1.4681003e-13,-9.0,-1.55872925,-8.99999431,-0.00958596509,-0.791572999,-0.106756631,-0.80822693
0.00051628,-4.63013253e-13,-9.0,-1.55686779,-8.99999431,-0.0102111968,-0.791572647,-0.106762838,-0.808233395
0.00051728,-1.47609121e-13,-9.0,-1.55500641,-8.99999431,-0.0108360254,-0.791572279,-0.106769467,-0.808239859
0.00051828,-1.24033689e-13,-9.0,-1.55314509,-8.99999431,-0.0114604262,-0.791571896,-0.106776519,-0.808246321
0.00051928,-4.66880781e-13,-9.0,-1.55128381,-8.99999431,-0.0120843745,-0.791571498,-0.106783993,-0.808252782
0.00052028,-1.84903911e-13,-9.0,-1.54942253,-8.99999431,-0.0127078458,-0.791571084,-0.106791891,-0.808259241
0.00052128,-1.04644565e-13,-9.0,-1.54756124,-8.99999431,-0.0133308154,-0.791570656,-0.106800211,-0.808265699
0.00052228,-4.65950027e-13,-9.0,-1.54569992,-8.9999943,-0.0139532587,-0.791570212,-0.106808955,-0.808272155
0.00052328,-2.2423798e-13,-9.0,-1.54383853,-8.9999943,-0.0145751512,-0.791569753,-0.106818122,-0.80827861
0.00052428,-8.92835839e-14,-9.0,-1.54197705,-8.9999943,-0.0151964683,-0.791569278,-0.106827712,-0.808285064
0.00052528,-4.60421167e-13,-9.0,-1.54011546,-8.9999943,-0.0158171854,-0.791568789,-0.106837725,-0.808291517
0.00052628,-2.64846522e-13,-9.0,-1.53825374,-8.9999943,-0.0164372781,-0.791568284,-0.106848162,-0.808297969
0.00052728,-7.85040308e-14,-9.0,-1.53639186,-8.9999943,-0.0170567219,-0.791567765,-0.106859022,-0.80830442
0.00052828,-4.50614253e-13,-9.0,-1.53452979,-8.9999943,-0.0176754923,-0.79156723,-0.106870307,-0.80831087
0.00052928,-3.05943541e-13,-9.0,-1.53266752,-8.9999943,-0.0182935649,-0.79156668,-0.106882015,-0.80831732
0.00053028,-7.27586128e-14,-9.0,-1.53080502,-8.9999943,-0.0189109154,-0.791566114,-0.106894147,-0.808323769
0.00053128,-4.36961873e-13,-9.0,-1.52894226,-8.9999943,-0.0195275192,-0.791565534,-0.106906704,-0.808330217
0.00053228,-3.46741091e-13,-9.0,-1.52707922,-8.99999429,-0.0201433522,-0.791564939,-0.106919685,-0.808336665
0.00053328,-7.23889156e-14,-9.0,-1.52521589,-8.99999429,-0.0207583899,-0.791564328,-0.10693309,-0.808343112
0.00053428,-4.19999089e-13,-9.0,-1.52335222,-8.99999429,-0.0213726081,-0.791563703,-0.10694692,-0.808349559
0.00053528,-3.86468556e-13,-9.0,-1.5214882,-8.99999429,-0.0219859825,-0.791563062,-0.106961175,-0.808356006
0.00053628,-7.76175135e-14,-9.0,-1.51962381,-8.99999429,-0.022598489,-0.791562406,-0.106975855,-0.808362453
0.00053728,-4.00350885e-13,-9.0,-1.51775902,-8.99999429,-0.0232101034,-0.791561736,-0.10699096,-0.8083689
0.00053828,-4.24391481e-13,-9.0,-1.51589381,-8.99999429,-0.0238208014,-0.79156105,-0.107006491,-0.808375347
0.00053928,-8.85429172e-14,-9.0,-1.51402814,-8.99999429,-0.024430559,-0.791560349,-0.107022447,-0.808381793
0.00054028,-3.78717435e-13,-9.0,-1.51216201,-8.99999429,-0.0250393522,-0.791559634,-0.107038829,-0.808388241
0.00054128,-4.59829509e-13,-9.0,-1.51029538,-8.99999429,-0.0256471568,-0.791558903,-0.107055638,-0.808394688
0.00054228,-1.05137475e-13,-9.0,-1.50842824,-8.99999429,-0.026253949,-0.791558158,-0.107072872,-0.808401135
0.00054328,-3.55857522e-13,-9.0,-1.50656055,-8.99999428,-0.0268597047,-0.791557397,-0.107090533,-0.808407584
0.00054428,-4.92172989e-13,-9.0,-1.50469229,-8.99999428,-0.0274644,-0.791556622,-0.10710862,-0.808414032
0.00054528,-1.27248273e-13,-9.0,-1.50282344,-8.99999428,-0.028068011,-0.791555832,-0.107127134,-0.808420481
0.00054628,-3.32570527e-13,-9.0,-1.50095398,-8.99999428,-0.028670514,-0.791555027,-0.107146075,-0.808426931
0.00054728,-5.20897839e-13,-9.0,-1.49908387,-8.99999428,-0.0292718851,-0.791554207,-0.107165444,-0.808433382
0.00054828,-1.54601011e-13,-9.0,-1.49721311,-8.99999428,-0.0298721006,-0.791553372,-0.10718524,-0.808439833
0.00054928,-3.09677386e-13,-9.0,-1.49534165,-8.99999428,-0.0304711369,-0.791552523,-0.107205464,-0.808446286
0.00055028,-5.45578323e-13,-9.0,-1.49346949,-8.99999428,-0.0310689701,-0.791551658,-0.107226116,-0.808452739
0.00055128,-1.86806748e-13,-9.0,-1.49159659,-8.99999428,-0.0316655768,-0.791550779,-0.107247197,-0.808459194
0.00055228,-2.88000997e-13,-9.0,-1.48972293,-8.99999428,-0.0322609335,-0.791549886,-0.107268706,-0.808465649
0.00055328,-5.65897399e-13,-9.0,-1.48784849,-8.99999428,-0.0328550165,-0.791548977,-0.107290644,-0.808472106
0.00055428,-2.23371363e-13,-9.0,-1.48597324,-8.99999427,-0.0334478024,-0.791548054,-0.107313011,-0.808478564
0.00055528,-2.68346519e-13,-9.0,-1.48409716,-8.99999427,-0.0340392679,-0.791547117,-0.107335807,-0.808485024
0.00055628,-5.81654419e-13,-9.0,-1.48222022,-8.99999427,-0.0346293896,-0.791546164,-0.107359033,-0.808491485
0.00055728,-2.63707479e-13,-9.0,-1.4803424,-8.99999427,-0.0352181441,-0.791545197,-0.10738269,-0.808497948
0.00055828,-2.5148205e-13,-9.0,-1.47846369,-8.99999427,-0.0358055084,-0.791544216,-0.107406776,-0.808504412
0.00055928,-5.92769958e-13,-9.0,-1.47658404,-8.99999427,-0.036391459,-0.79154322,-0.107431293,-0.808510878
0.00056028,-3.07148576e-13,-9.0,-1.47470344,-8.99999427,-0.036975973,-0.791542209,-0.107456241,-0.808517346
0.00056128,-2.38120121e-13,-9.0,-1.47282187,-8.99999427,-0.0375590273,-0.791541184,-0.10748162,-0.808523816
0.00056228,-5.9928767e-13,-9.0,-1.4709393,-8.99999427,-0.0381405988,-0.791540145,-0.107507431,-0.808530288
0.00056328,-3.52964942e-13,-9.0,-1.4690557,-8.99999427,-0.0387206645,-0.791539091,-0.107533673,-0.808536762
0.00056428,-2.2890047e-13,-9.0,-1.46717106,-8.99999427,-0.0392992017,-0.791538023,-0.107560348,-0.808543238
0.00056528,-6.01373116e-13,-9.0,-1.46528535,-8.99999426,-0.0398761873,-0.79153694,-0.107587455,-0.808549716
0.00056628,-4.00381065e-13,-9.0,-1.46339854,-8.99999426,-0.0404515988,-0.791535843,-0.107614995,-0.808556197
0.00056728,-2.2437449e-13,-9.0,-1.46151061,-8.99999426,-0.0410254132,-0.791534732,-0.107642968,-0.80856268
0.00056828,-5.99309584e-13,-9.0,-1.45962154,-8.99999426,-0.0415976081,-0.791533607,-0.107671374,-0.808569165
0.00056928,-4.48594052e-13,-9.0,-1.45773131,-8.99999426,-0.0421681607,-0.791532467,-0.107700215,-0.808575653
0.00057028,-2.2499171e-13,-9.0,-1.45583988,-8.99999426,-0.0427370487,-0.791531313,-0.107729489,-0.808582143
0.00057128,-5.93490994e-13,-9.0,-1.45394723,-8.99999426,-0.0433042494,-0.791530145,-0.107759199,-0.808588637
0.00057228,-4.96792622e-13,-9.0,-1.45205335,-8.99999426,-0.0438697406,-0.791528963,-0.107789343,-0.808595132
0.00057328,-2.31088659e-13,-9.0,-1.45015821,-8.99999426,-0.0444334998,-0.791527766,-0.107819923,-0.808601631
0.00057428,-5.84412062e-13,-9.0,-1.44826177,-8.99999426,-0.0449955049,-0.791526556,-0.107850938,-0.808608133
0.00057528,-5.44176214e-13,-9.0,-1.44636403,-8.99999425,-0.0455557337,-0.791525331,-0.107882389,-0.808614638
0.00057628,-2.42880338e-13,-9.0,-1.44446495,-8.99999425,-0.046114164,-0.791524093,-0.107914277,-0.808621146
0.00057728,-5.72655945e-13,-9.0,-1.44256452,-8.99999425,-0.0466707738,-0.79152284,-0.107946602,-0.808627657
0.00057828,-5.89973741e-13,-9.0,-1.4406627,-8.99999425,-0.0472255411,-0.791521574,-0.107979364,-0.808634171
0.00057928,-2.6045453e-13,-9.0,-1.43875948,-8.99999425,-0.047778444,-0.791520294,-0.108012564,-0.808640689
0.00058028,-5.58879661e-13,-9.0,-1.43685482,-8.99999425,-0.0483294607,-0.791519,-0.108046202,-0.80864721
0.00058128,-6.33461536e-13,-9.0,-1.43494871,-8.99999425,-0.0488785694,-0.791517692,-0.108080279,-0.808653734
0.00058228,-2.83769064e-13,-9.0,-1.43304112,-8.99999425,-0.0494257485,-0.79151637,-0.108114794,-0.808660263
0.00058328,-5.43797634e-13,-9.0,-1.43113203,-8.99999425,-0.0499709764,-0.791515035,-0.108149749,-0.808666794
0.00058428,-6.73980058e-13,-9.0,-1.42922142,-8.99999425,-0.0505142315,-0.791513686,-0.108185144,-0.80867333
0.00058528,-3.12652095e-13,-9.0,-1.42730925,-8.99999425,-0.0510554924,-0.791512323,-0.108220979,-0.808679869
0.00058628,-5.28163752e-13,-9.0,-1.42539551,-8.99999424,-0.0515947377,-0.791510946,-0.108257255,-0.808686412
0.00058728,-7.10948944e-13,-9.0,-1.42348017,-8.99999424,-0.0521319461,-0.791509556,-0.108293971,-0.808692959
0.00058828,-3.46805403e-13,-9.0,-1.42156322,-8.99999424,-0.0526670964,-0.791508153,-0.10833113,-0.808699511
0.00058928,-5.12752368e-13,-9.0,-1.41964461,-8.99999424,-0.0532001675,-0.791506736,-0.108368731,-0.808706066
0.00059028,-7.43880049e-13,-9.0,-1.41772434,-8.99999424,-0.0537311384,-0.791505305,-0.108406774,-0.808712625
0.00059128,-3.85810606e-13,-9.0,-1.41580237,-8.99999424,-0.0542599881,-0.791503862,-0.10844526,-0.808719189
0.00059228,-4.9833869e-13,-9.0,-1.41387869,-8.99999424,-0.0547866957,-0.791502404,-0.108484189,-0.808725757
0.00059328,-7.72388159e-13,-9.0,-1.41195327,-8.99999424,-0.0553112404,-0.791500934,-0.108523563,-0.80873233
0.00059428,-4.29138156e-13,-9.0,-1.41002608,-8.99999424,-0.0558336015,-0.79149945,-0.108563381,-0.808738907
0.00059528,-4.85679042e-13,-9.0,-1.4080971,-8.99999424,-0.0563537583,-0.791497953,-0.108603644,-0.808745488
0.00059628,-7.96199104e-13,-9.0,-1.40616631,-8.99999423,-0.0568716905,-0.791496443,-0.108644352,-0.808752075
0.00059728,-4.76158893e-13,-9.0,-1.40423369,-8.99999423,-0.0573873774,-0.791494919,-0.108685507,-0.808758666
0.00059828,-4.75491462e-13,-9.0,-1.40229921,-8.99999423,-0.0579007988,-0.791493383,-0.108727107,-0.808765261
0.00059928,-8.15155097e-13,-9.0,-1.40036284,-8.99999423,-0.0584119343,-0.791491833,-0.108769155,-0.808771862
0.00060028,-5.26157863e-13,-9.0,-1.39842457,-8.99999423,-0.0589207639,-0.791490271,-0.108811651,-0.808778468
0.00060128,-4.68437099e-13,-9.0,-1.39648437,-8.99999423,-0.0594272674,-0.791488695,-0.108854594,-0.808785078
0.00060228,-8.29217146e-13,-9.0,-1.39454221,-8.99999423,-0.0599314247,-0.791487107,-0.108897986,-0.808791694
0.00060328,-5.78350104e-13,-9.0,-1.39259807,-8.99999423,-0.0604332161,-0.791485505,-0.108941827,-0.808798315
0.00060428,-4.65102863e-13,-9.0,-1.39065194,-8.99999423,-0.0609326217,-0.791483891,-0.108986117,-0.808804942
0.00060528,-8.38464497e-13,-9.0,-1.38870378,-8.99999423,-0.0614296218,-0.791482264,-0.109030858,-0.808811573
0.00060628,-6.31897976e-13,-9.0,-1.38675357,-8.99999423,-0.0619241967,-0.791480624,-0.109076049,-0.80881821
0.00060728,-4.65985745e-13,-9.0,-1.38480128,-8.99999422,-0.062416327,-0.791478972,-0.109121692,-0.808824853
0.00060828,-8.43091127e-13,-9.0,-1.38284691,-8.99999422,-0.0629059932,-0.791477307,-0.109167787,-0.808831501
0.00060928,-6.85929657e-13,-9.0,-1.38089041,-8.99999422,-0.0633931759,-0.79147563,-0.109214334,-0.808838154
0.00061028,-4.71479185e-13,-9.0,-1.37893177,-8.99999422,-0.063877856,-0.79147394,-0.109261334,-0.808844814
0.00061128,-8.43399355e-13,-9.0,-1.37697096,-8.99999422,-0.0643600143,-0.791472237,-0.109308787,-0.808851479
0.00061228,-7.3955835e-13,-9.0,-1.37500797,-8.99999422,-0.0648396318,-0.791470522,-0.109356695,-0.80885815
0.00061328,-4.81861819e-13,-9.0,-1.37304276,-8.99999422,-0.0653166896,-0.791468795,-0.109405057,-0.808864827
0.00061428,-8.39790744e-13,-9.0,-1.37107532,-8.99999422,-0.0657911687,-0.791467055,-0.109453875,-0.80887151
0.00061528,-7.91901734e-13,-9.0,-1.36910561,-8.99999422,-0.0662630506,-0.791465303,-0.109503148,-0.808878199
0.00061628,-4.97288885e-13,-9.0,-1.36713363,-8.99999422,-0.0667323164,-0.791463539,-0.109552878,-0.808884895
0.00061728,-8.32754521e-13,-9.0,-1.36515934,-8.99999421,-0.0671989478,-0.791461763,-0.109603065,-0.808891596
0.00061828,-8.42101217e-13,-9.0,-1.36318271,-8.99999421,-0.0676629263,-0.791459975,-0.10965371,-0.808898304
0.00061928,-5.1778649e-13,-9.0,-1.36120374,-8.99999421,-0.0681242336,-0.791458174,-0.109704813,-0.808905018
0.00062028,-8.22853779e-13,-9.0,-1.35922239,-8.99999421,-0.0685828514,-0.791456362,-0.109756375,-0.808911739
0.00062128,-8.89340515e-13,-9.0,-1.35723864,-8.99999421,-0.0690387618,-0.791454538,-0.109808397,-0.808918466
0.00062228,-5.43248896e-13,-9.0,-1.35525247,-8.99999421,-0.0694919466,-0.791452701,-0.109860879,-0.8089252
0.00062328,-8.10709828e-13,-9.0,-1.35326386,-8.99999421,-0.0699423879,-0.791450853,-0.109913821,-0.80893194
0.00062428,-9.32863139e-13,-9.0,-1.35127278,-8.99999421,-0.0703900681,-0.791448993,-0.109967226,-0.808938687
0.00062528,-5.73438889e-13,-9.0,-1.34927921,-8.99999421,-0.0708349693,-0.791447122,-0.110021092,-0.808945441
0.00062628,-7.96985058e-13,-9.0,-1.34728312,-8.99999421,-0.0712770742,-0.791445239,-0.110075421,-0.808952202
0.00062728,-9.71988351e-13,-9.0,-1.3452845,-8.9999942,-0.0717163651,-0.791443344,-0.110130214,-0.80895897
0.00062828,-6.07991238e-13,-9.0,-1.34328332,-8.9999942,-0.0721528248,-0.791441438,-0.110185471,-0.808965745
0.00062928,-7.82364744e-13,-9.0,-1.34127955,-8.9999942,-0.072586436,-0.79143952,-0.110241192,-0.808972527
0.00063028,-1.00612525e-12,-9.0,-1.33927319,-8.9999942,-0.0730171817,-0.791437591,-0.110297379,-0.808979316
0.00063128,-6.46419169e-13,-9.0,-1.33726419,-8.9999942,-0.0734450447,-0.79143565,-0.110354032,-0.808986112
0.00063228,-7.67538247e-13,-9.0,-1.33525255,-8.9999942,-0.0738700083,-0.791433698,-0.110411152,-0.808992916
0.00063328,-1.03478463e-12,-9.0,-1.33323823,-8.9999942,-0.0742920556,-0.791431735,-0.110468739,-0.808999727
0.00063428,-6.88123707e-13,-9.0,-1.33122122,-8.9999942,-0.07471117,-0.79142976,-0.110526795,-0.809006545
0.00063528,-7.53180066e-13,-9.0,-1.3292015,-8.9999942,-0.0751273349,-0.791427775,-0.110585319,-0.809013371
0.00063628,-1.05758837e-12,-9.0,-1.32717903,-8.9999942,-0.0755405339,-0.791425778,-0.110644313,-0.809020205
0.00063728,-7.3240568e-13,-9.0,-1.32515381,-8.99999419,-0.0759507507,-0.791423771,-0.110703777,-0.809027046
0.00063828,-7.3993122e-13,-9.0,-1.3231258,-8.99999419,-0.0763579691,-0.791421752,-0.110763713,-0.809033895
0.00063928,-1.07427608e-12,-9.0,-1.32109498,-8.99999419,-0.076762173,-0.791419723,-0.11082412,-0.809040751
0.00064028,-7.78480115e-13,-9.0,-1.31906134,-8.99999419,-0.0771633465,-0.791417683,-0.110884999,-0.809047616
0.00064128,-7.28381408e-13,-9.0,-1.31702485,-8.99999419,-0.0775614737,-0.791415632,-0.110946352,-0.809054488
0.00064228,-1.08470897e-12,-9.0,-1.31498549,-8.99999419,-0.0779565389,-0.79141357,-0.111008178,-0.809061369
0.00064328,-8.25492676e-13,-9.0,-1.31294324,-8.99999419,-0.0783485265,-0.791411498,-0.111070479,-0.809068257
0.00064428,-7.19052409e-13,-9.0,-1.31089807,-8.99999419,-0.078737421,-0.791409415,-0.111133255,-0.809075154
0.00064528,-1.08887076e-12,-9.0,-1.30884997,-8.99999419,-0.0791232071,-0.791407322,-0.111196508,-0.809082058
0.00064628,-8.72537794e-13,-9.0,-1.30679891,-8.99999419,-0.0795058696,-0.791405218,-0.111260237,-0.809088971
0.00064728,-7.12383127e-13,-9.0,-1.30474487,-8.99999418,-0.0798853933,-0.791403104,-0.111324444,-0.809095893
0.00064828,-1.08686564e-12,-9.0,-1.30268783,-8.99999418,-0.0802617633,-0.791400979,-0.111389129,-0.809102822
0.00064928,-9.18678038e-13,-9.0,-1.30062778,-8.99999418,-0.0806349647,-0.791398844,-0.111454293,-0.80910976
0.00065028,-7.08716654e-13,-9.0,-1.29856468,-8.99999418,-0.0810049828,-0.7913967,-0.111519937,-0.809116707
0.00065128,-1.07891341e-12,-9.0,-1.29649852,-8.99999418,-0.0813718029,-0.791394545,-0.111586061,-0.809123662
0.00065228,-9.6296431e-13,-9.0,-1.29442927,-8.99999418,-0.0817354106,-0.79139238,-0.111652667,-0.809130626
0.00065328,-7.08289692e-13,-9.0,-1.29235693,-8.99999418,-0.0820957915,-0.791390204,-0.111719756,-0.809137598
0.00065428,-1.06534193e-12,-9.0,-1.29028145,-8.99999418,-0.0824529314,-0.79138802,-0.111787327,-0.809144579
0.00065528,-1.00445637e-12,-9.0,-1.28820284,-8.99999418,-0.0828068163,-0.791385825,-0.111855382,-0.809151569
0.00065628,-7.11224598e-13,-9.0,-1.28612106,-8.99999418,-0.083157432,-0.79138362,-0.111923921,-0.809158568
0.00065728,-1.04657692e-12,-9.0,-1.28403609,-8.99999417,-0.0835047648,-0.791381406,-0.111992946,-0.809165575
0.00065828,-1.04224322e-12,-9.0,-1.28194792,-8.99999417,-0.0838488011,-0.791379182,-0.112062456,-0.809172592
0.00065928,-7.17524258e-13,-9.0,-1.27985653,-8.99999417,-0.0841895271,-0.791376949,-0.112132454,-0.809179618
0.00066028,-1.02312963e-12,-9.0,-1.27776189,-8.99999417,-0.0845269294,-0.791374706,-0.112202939,-0.809186652
0.00066128,-1.07546291e-12,-9.0,-1.27566399,-8.99999417,-0.0848609948,-0.791372453,-0.112273913,-0.809193696
0.00066228,-7.27069941e-13,-9.0,-1.27356281,-8.99999417,-0.08519171,-0.791370191,-0.112345376,-0.809200749
0.00066328,-9.95582501e-13,-9.0,-1.27145832,-8.99999417,-0.085519062,-0.79136792,-0.11241733,-0.809207812
0.00066428,-1.10332127e-12,-9.0,-1.26935051,-8.99999417,-0.0858430378,-0.79136564,-0.112489774,-0.809214883
0.00066528,-7.396222e-13,-9.0,-1.26723937,-8.99999417,-0.0861636247,-0.791363351,-0.11256271,-0.809221964
0.00066628,-9.64573229e-13,-9.0,-1.26512486,-8.99999416,-0.08648081,-0.791361052,-0.112636138,-0.809229055
0.00066728,-1.12510909e-12,-9.0,-1.26300698,-8.99999416,-0.0867945812,-0.791358745,-0.11271006,-0.809236155
0.00066828,-7.54824812e-13,-9.0,-1.2608857,-8.99999416,-0.0871049259,-0.791356428,-0.112784476,-0.809243264
0.00066928,-9.30777694e-13,-9.0,-1.25876101,-8.99999416,-0.0874118318,-0.791354103,-0.112859388,-0.809250383
0.00067028,-1.14021752e-12,-9.0,-1.25663289,-8.99999416,-0.0877152869,-0.791351769,-0.112934795,-0.809257511
0.00067128,-7.72211678e-13,-9.0,-1.25450132,-8.99999416,-0.0880152791,-0.791349426,-0.113010699,-0.80926465
0.00067228,-8.94892093e-13,-9.0,-1.25236629,-8.99999416,-0.0883117966,-0.791347075,-0.113087101,-0.809271797
0.00067328,-1.14815113e-12,-9.0,-1.25022777,-8.99999416,-0.0886048277,-0.791344715,-0.113164001,-0.809278955
0.00067428,-7.9121655e-13,-9.0,-1.24808575,-8.99999416,-0.0888943609,-0.791342346,-0.1132414,-0.809286123
0.00067528,-8.5761478e-13,-9.0,-1.24594021,-8.99999416,-0.0891803847,-0.791339969,-0.113319299,-0.8092933
0.00067628,-1.14853843e-12,-9.0,-1.24379114,-8.99999415,-0.0894628877,-0.791337584,-0.1133977,-0.809300487
0.00067728,-8.11185342e-13,-9.0,-1.24163852,-8.99999415,-0.089741859,-0.79133519,-0.113476602,-0.809307684
0.00067828,-8.19628245e-13,-9.0,-1.23948233,-8.99999415,-0.0900172874,-0.791332788,-0.113556007,-0.809314891
0.00067928,-1.14113972e-12,-9.0,-1.23732257,-8.99999415,-0.090289162,-0.791330378,-0.113635916,-0.809322109
0.00068028,-8.31390768e-13,-9.0,-1.2351592,-8.99999415,-0.0905574722,-0.79132796,-0.113716329,-0.809329336
0.00068128,-7.81581689e-13,-9.0,-1.23299222,-8.99999415,-0.0908222073,-0.791325535,-0.113797248,-0.809336573
0.00068228,-1.12585183e-12,-9.0,-1.23082162,-8.99999415,-0.0910833569,-0.791323101,-0.113878672,-0.809343821
0.00068328,-8.51048953e-13,-9.0,-1.22864737,-8.99999415,-0.0913409108,-0.791320659,-0.113960604,-0.809351078
0.00068428,-7.44074613e-13,-9.0,-1.22646947,-8.99999415,-0.0915948586,-0.79131821,-0.114043044,-0.809358346
0.00068528,-1.10270991e-12,-9.0,-1.2242879,-8.99999414,-0.0918451904,-0.791315752,-0.114125992,-0.809365624
0.00068628,-8.69337635e-13,-9.0,-1.22210264,-8.99999414,-0.0920918963,-0.791313288,-0.114209451,-0.809372913
0.00068728,-7.07641844e-13,-9.0,-1.21991368,-8.99999414,-0.0923349666,-0.791310816,-0.114293419,-0.809380212
0.00068828,-1.07188609e-12,-9.0,-1.21772102,-8.99999414,-0.0925743917,-0.791308336,-0.1143779,-0.809387521
0.00068928,-8.85415535e-13,-9.0,-1.21552463,-8.99999414,-0.0928101621,-0.791305849,-0.114462892,-0.80939484
0.00069028,-6.7274036e-13,-9.0,-1.21332451,-8.99999414,-0.0930422685,-0.791303355,-0.114548398,-0.80940217
0.00069128,-1.03368515e-12,-9.0,-1.21112063,-8.99999414,-0.0932707018,-0.791300853,-0.114634418,-0.80940951
0.00069228,-8.98442429e-13,-9.0,-1.208913,-8.99999414,-0.0934954529,-0.791298344,-0.114720953,-0.809416861
0.00069328,-6.39738233e-13,-9.0,-1.2067016,-8.99999414,-0.0937165129,-0.791295829,-0.114808004,-0.809424222
0.00069428,-9.88537151e-13,-9.0,-1.20448642,-8.99999414,-0.0939338732,-0.791293306,-0.114895571,-0.809431594
0.00069528,-9.07599464e-13,-9.0,-1.20226744,-8.99999413,-0.0941475251,-0.791290776,-0.114983656,-0.809438977
0.00069628,-6.08905984e-13,-9.0,-1.20004466,-8.99999413,-0.0943574603,-0.79128824,-0.11507226,-0.809446369
0.00069728,-9.3698741e-13,-9.0,-1.19781807,-8.99999413,-0.0945636704,-0.791285697,-0.115161383,-0.809453773
0.00069828,-9.12109209e-13,-9.0,-1.19558766,-8.99999413,-0.0947661473,-0.791283147,-0.115251027,-0.809461187
0.00069928,-5.80410532e-13,-9.0,-1.19335342,-8.99999413,-0.0949648829,-0.791280591,-0.115341192,-0.809468612
0.00070028,-8.7968395e-13,-9.0,-1.19111534,-8.99999413,-0.0951598695,-0.791278028,-0.115431879,-0.809476047
0.00070128,-9.11254993e-13,-9.0,-1.18887342,-8.99999413,-0.0953510994,-0.791275459,-0.115523089,-0.809483493
0.00070228,-5.54311918e-13,-9.0,-1.18662764,-8.99999413,-0.095538565,-0.791272883,-0.115614823,-0.80949095
0.00070328,-8.17362723e-13,-9.0,-1.184378,-8.99999413,-0.0957222588,-0.791270301,-0.115707081,-0.809498417
0.00070428,-9.04399045e-13,-9.0,-1.18212449,-8.99999412,-0.0959021737,-0.791267713,-0.115799866,-0.809505895
0.00070528,-5.30562858e-13,-9.0,-1.17986711,-8.99999412,-0.0960783026,-0.791265119,-0.115893177,-0.809513383
0.00070628,-7.50831017e-13,-9.0,-1.17760586,-8.99999412,-0.0962506385,-0.791262519,-0.115987015,-0.809520883
0.00070728,-8.90999003e-13,-9.0,-1.17534072,-8.99999412,-0.0964191745,-0.791259913,-0.116081382,-0.809528393
0.00070828,-5.09011151e-13,-9.0,-1.17307169,-8.99999412,-0.0965839041,-0.791257301,-0.116176278,-0.809535913
0.00070928,-6.80949398e-13,-9.0,-1.17079877,-8.99999412,-0.0967448207,-0.791254683,-0.116271704,-0.809543445
0.00071028,-8.70622404e-13,-9.0,-1.16852196,-8.99999412,-0.096901918,-0.79125206,-0.116367662,-0.809550987
0.00071128,-4.89404873e-13,-9.0,-1.16624125,-8.99999412,-0.0970551898,-0.791249431,-0.116464151,-0.80955854
0.00071228,-6.08612651e-13,-9.0,-1.16395664,-8.99999412,-0.09720463,-0.791246797,-0.116561173,-0.809566103
0.00071328,-8.42958795e-13,-9.0,-1.16166813,-8.99999411,-0.0973502327,-0.791244157,-0.116658728,-0.809573677
0.00071428,-4.71400231e-13,-9.0,-1.15937573,-8.99999411,-0.0974919922,-0.791241512,-0.116756818,-0.809581262
0.00071528,-5.34730142e-13,-9.0,-1.15707942,-8.99999411,-0.0976299029,-0.791238861,-0.116855444,-0.809588857
0.00071628,-8.07829155e-13,-9.0,-1.15477921,-8.99999411,-0.0977639593,-0.791236206,-0.116954606,-0.809596463
0.00071728,-4.5457188e-13,-9.0,-1.1524751,-8.99999411,-0.0978941562,-0.791233545,-0.117054305,-0.809604079
0.00071828,-4.60206096e-13,-9.0,-1.1501671,-8.99999411,-0.0980204884,-0.791230879,-0.117154542,-0.809611707
0.00071928,-7.65192424e-13,-9.0,-1.14785521,-8.99999411,-0.0981429509,-0.791228208,-0.117255318,-0.809619344
0.00072028,-4.38425442e-13,-9.0,-1.14553942,-8.99999411,-0.0982615389,-0.791225533,-0.117356633,-0.809626992
0.00072128,-3.85920228e-13,-9.0,-1.14321975,-8.9999941,-0.0983762477,-0.791222853,-0.117458489,-0.809634651
0.00072228,-7.15148937e-13,-9.0,-1.1408962,-8.9999941,-0.0984870727,-0.791220168,-0.117560887,-0.80964232
0.00072328,-4.22411927e-13,-9.0,-1.13856878,-8.9999941,-0.0985940097,-0.791217478,-0.117663827,-0.80965
0.00072428,-3.12709199e-13,-9.0,-1.13623749,-8.9999941,-0.0986970543,-0.791214784,-0.11776731,-0.80965769
0.00072528,-6.57940693e-13,-9.0,-1.13390233,-8.9999941,-0.0987962026,-0.791212086,-0.117871337,-0.80966539
0.00072628,-4.05943679e-13,-9.0,-1.13156333,-8.9999941,-0.0988914505,-0.791209383,-0.117975909,-0.8096731
0.00072728,-2.41349328e-13,-9.0,-1.12922049,-8.9999941,-0.0989827944,-0.791206676,-0.118081027,-0.809680821
0.00072828,-5.93948432e-13,-9.0,-1.12687381,-8.9999941,-0.0990702306,-0.791203965,-0.11818669,-0.809688552
0.00072928,-3.88411467e-13,-9.0,-1.12452331,-8.9999941,-0.0991537557,-0.791201249,-0.118292902,-0.809696293
0.00073028,-1.72540945e-13,-9.0,-1.12216901,-8.99999409,-0.0992333664,-0.79119853,-0.118399661,-0.809704045
0.00073128,-5.23685564e-13,-9.0,-1.11981091,-8.99999409,-0.0993090595,-0.791195807,-0.118506969,-0.809711806
0.00073228,-3.6920228e-13,-9.0,-1.11744903,-8.99999409,-0.099380832,-0.79119308,-0.118614827,-0.809719577
0.00073328,-1.0689477e-13,-9.0,-1.11508339,-8.99999409,-0.0994486812,-0.791190349,-0.118723235,-0.809727358
0.00073428,-4.47789097e-13,-9.0,-1.11271399,-8.99999409,-0.0995126043,-0.791187615,-0.118832194,-0.809735149
0.00073528,-3.4771739e-13,-9.0,-1.11034087,-8.99999409,-0.0995725988,-0.791184877,-0.118941706,-0.80974295
0.00073628,-4.49206024e-14,-9.0,-1.10796403,-8.99999409,-0.0996286623,-0.791182136,-0.11905177,-0.809750761
0.00073728,-3.6700775e-13,-9.0,-1.1055835,-8.99999409,-0.0996807927,-0.791179391,-0.119162388,-0.809758581
0.00073828,-3.23390226e-13,-9.0,-1.10319929,-8.99999409,-0.0997289879,-0.791176643,-0.11927356,-0.80976641
0.00073928,1.29814051e-14,-9.0,-1.10081144,-8.99999408,-0.0997732459,-0.791173892,-0.119385286,-0.809774249
0.00074028,-2.82187522e-13,-9.0,-1.09841996,-8.99999408,-0.0998135651,-0.791171138,-0.119497569,-0.809782098
0.00074128,-2.95703604e-13,-9.0,-1.09602487,-8.99999408,-0.0998499438,-0.791168381,-0.119610408,-0.809789955
0.00074228,6.65267187e-14,-9.0,-1.09362621,-8.99999408,-0.0998823805,-0.79116562,-0.119723804,-0.809797822
0.00074328,-1.94255043e-13,-9.0,-1.09122399,-8.99999408,-0.0999108741,-0.791162857,-0.119837758,-0.809805698
0.00074428,-2.64205892e-13,-9.0,-1.08881826,-8.99999408,-0.0999354234,-0.791160092,-0.119952271,-0.809813583
0.00074528,1.15549503e-13,-9.0,-1.08640903,-8.99999408,-0.0999560274,-0.791157323,-0.120067343,-0.809821476
0.00074628,-1.04199087e-13,-9.0,-1.08399634,-8.99999408,-0.0999726853,-0.791154552,-0.120182974,-0.809829378
0.00074728,-2.28525683e-13,-9.0,-1.08158022,-8.99999407,-0.0999853965,-0.791151779,-0.120299166,-0.809837289
0.00074828,1.60002766e-13,-9.0,-1.07916071,-8.99999407,-0.0999941604,-0.791149003,-0.120415919,-0.809845208
0.00074928,-1.30506637e-14,-9.0,-1.07673784,-8.99999407,-0.0999989767,-0.791146225,-0.120533234,-0.809853136
0.00075028,-1.8838471e-13,-9.0,-1.07430175,-8.99999407,-0.0999998452,-0.791143442,-0.120651277,-0.809861231
0.00075128,1.99954441e-13,-9.0,-1.07185323,-8.99999407,-0.0999967659,-0.791140657,-0.120769783,-0.809869227
0.00075228,7.81390839e-14,-9.0,-1.06941495,-8.99999407,-0.0999897389,-0.791137874,-0.120888649,-0.809877032
0.00075328,-1.43606726e-13,-9.0,-1.06698813,-8.99999407,-0.0999787645,-0.79113509,-0.121008165,-0.809884937
0.00075428,2.35585129e-13,-9.0,-1.06455928,-8.99999407,-0.0999638431,-0.791132302,-0.121128274,-0.80989288
0.00075528,1.68314967e-13,-9.0,-1.06212522,-8.99999406,-0.0999449753,-0.791129513,-0.121248961,-0.809900845
0.00075628,-9.41313456e-14,-9.0,-1.05968561,-8.99999406,-0.0999221618,-0.791126721,-0.121370219,-0.809908823
0.00075728,2.67177943e-13,-9.0,-1.05724095,-8.99999406,-0.0998954036,-0.791123928,-0.121492046,-0.809916811
0.00075828,2.56447469e-13,-9.0,-1.05479186,-8.99999406,-0.0998647017,-0.791121133,-0.121614441,-0.809924807
0.00075928,-4.0011952e-14,-9.0,-1.05233888,-8.99999406,-0.0998300572,-0.791118337,-0.121737404,-0.80993281
0.00076028,2.9510487e-13,-9.0,-1.04988242,-8.99999406,-0.0997914717,-0.791115539,-0.121860934,-0.80994082
0.00076128,3.41547727e-13,-9.0,-1.04742277,-8.99999406,-0.0997489466,-0.791112741,-0.121985032,-0.809948836
0.00076228,1.85771556e-14,-9.0,-1.04496016,-8.99999406,-0.0997024835,-0.791109941,-0.122109698,-0.809956858
0.00076328,3.1981772e-13,-9.0,-1.04249473,-8.99999406,-0.0996520844,-0.79110714,-0.122234933,-0.809964885
0.00076428,4.22688944e-13,-9.0,-1.04002662,-8.99999405,-0.0995977512,-0.791104339,-0.122360738,-0.809972919
0.00076528,8.13420975e-14,-9.0,-1.03755592,-8.99999405,-0.099539486,-0.791101536,-0.122487111,-0.809980957
0.00076628,3.4183218e-13,-9.0,-1.03508273,-8.99999405,-0.0994772912,-0.791098733,-0.122614054,-0.809989001
0.00076728,4.99024845e-13,-9.0,-1.03260712,-8.99999405,-0.0994111692,-0.791095929,-0.122741568,-0.809997049
0.00076828,1.47872677e-13,-9.0,-1.03012918,-8.99999405,-0.0993411226,-0.791093124,-0.122869651,-0.810005102
0.00076928,3.61711643e-13,-9.0,-1.02764899,-8.99999405,-0.0992671541,-0.791090319,-0.122998305,-0.810013159
0.00077028,5.69806279e-13,-9.0,-1.02516661,-8.99999405,-0.0991892668,-0.791087514,-0.123127529,-0.81002122
0.00077128,2.17648537e-13,-9.0,-1.02268215,-8.99999405,-0.0991074637,-0.791084709,-0.123257324,-0.810029285
0.00077228,3.80049996e-13,-9.0,-1.02019566,-8.99999404,-0.099021748,-0.791081903,-0.12338769,-0.810037354
0.00077328,6.34395602e-13,-9.0,-1.01770725,-8.99999404,-0.098932123,-0.791079097,-0.123518627,-0.810045425
0.00077428,2.90048078e-13,-9.0,-1.015217,-8.99999404,-0.0988385924,-0.791076292,-0.123650136,-0.8100535
0.00077528,3.9745379e-13,-9.0,-1.01272498,-8.99999404,-0.0987411598,-0.791073486,-0.123782215,-0.810061577
0.00077628,6.92278507e-13,-9.0,-1.01023131,-8.99999404,-0.0986398291,-0.791070681,-0.123914866,-0.810069656
0.00077728,3.64359955e-13,-9.0,-1.00773607,-8.99999404,-0.0985346043,-0.791067876,-0.124048088,-0.810077737
0.00077828,4.14524264e-13,-9.0,-1.00523936,-8.99999404,-0.0984254894,-0.791065071,-0.124181881,-0.81008582
0.00077928,7.43073042e-13,-9.0,-1.00274128,-8.99999404,-0.0983124889,-0.791062267,-0.124316245,-0.810093904
0.00078028,4.39796888e-13,-9.0,-1.00024194,-8.99999403,-0.0981956072,-0.791059463,-0.12445118,-0.810101989
0.00078128,4.3183965e-13,-9.0,-0.997741439,-8.99999403,-0.0980748489,-0.79105666,-0.124586686,-0.810110075
0.00078228,7.86535613e-13,-9.0,-0.995239892,-8.99999403,-0.0979502188,-0.791053858,-0.124722763,-0.81011816
0.00078328,5.1551147e-13,-9.0,-0.992737412,-8.99999403,-0.0978217218,-0.791051057,-0.124859411,-0.810126246
0.00078428,4.49938218e-13,-9.0,-0.990234116,-8.99999403,-0.0976893629,-0.791048257,-0.124996628,-0.81013433
0.00078528,8.22563858e-13,-9.0,-0.987730125,-8.99999403,-0.0975531474,-0.791045458,-0.125134416,-0.810142414
0.00078628,5.9061362e-13,-9.0,-0.985225563,-8.99999403,-0.0974130807,-0.79104266,-0.125272773,-0.810150496
0.00078728,4.69302485e-13,-9.0,-0.982720559,-8.99999403,-0.0972691683,-0.791039864,-0.125411699,-0.810158576
0.00078828,8.51196322e-13,-9.0,-0.980215242,-8.99999402,-0.0971214159,-0.791037068,-0.125551194,-0.810166654
0.00078928,6.64189274e-13,-9.0,-0.97770975,-8.99999402,-0.0969698293,-0.791034275,-0.125691257,-0.810174729
0.00079028,4.90344972e-13,-9.0,-0.975204221,-8.99999402,-0.0968144144,-0.791031483,-0.125831888,-0.810182801
0.00079128,8.72608963e-13,-9.0,-0.972698799,-8.99999402,-0.0966551775,-0.791028692,-0.125973087,-0.810190868
0.00079228,7.3531987e-13,-9.0,-0.970193629,-8.99999402,-0.0964921249,-0.791025903,-0.126114852,-0.810198932
0.00079328,5.1339588e-13,-9.0,-0.967688864,-8.99999402,-0.0963252629,-0.791023117,-0.126257183,-0.810206991
0.00079428,8.87108599e-13,-9.0,-0.96518466,-8.99999402,-0.0961545981,-0.791020332,-0.126400079,-0.810215044
0.00079528,8.03102183e-13,-9.0,-0.962681175,-8.99999402,-0.0959801373,-0.791017549,-0.12654354,-0.810223092
0.00079628,5.38692978e-13,-9.0,-0.960178575,-8.99999402,-0.0958018874,-0.791014769,-0.126687564,-0.810231133
0.00079728,8.95123435e-13,-9.0,-0.957677027,-8.99999401,-0.0956198554,-0.791011991,-0.126832152,-0.810239167
0.00079828,8.66668036e-13,-9.0,-0.955176704,-8.99999401,-0.0954340484,-0.791009215,-0.126977301,-0.810247194
0.00079928,5.66373969e-13,-9.0,-0.952677786,-8.99999401,-0.095244474,-0.791006442,-0.127123011,-0.810255212
0.00080028,8.97190939e-13,-9.0,-0.950180454,-8.99999401,-0.0950511394,-0.791003671,-0.127269282,-0.810263222
0.00080128,9.25203424e-13,-9.0,-0.947684895,-8.99999401,-0.0948540523,-0.791000903,-0.127416111,-0.810271222
0.00080228,5.96471518e-13,-9.0,-0.945191303,-8.99999401,-0.0946532206,-0.790998138,-0.127563497,-0.810279212
0.00080328,8.93943345e-13,-9.0,-0.942699875,-8.99999401,-0.0944486521,-0.790995375,-0.127711441,-0.810287192
0.00080428,9.77966596e-13,-9.0,-0.940210813,-8.99999401,-0.094240355,-0.790992616,-0.127859939,-0.81029516
0.00080528,6.28911065e-13,-9.0,-0.937724326,-8.999994,-0.0940283374,-0.79098986,-0.128008991,-0.810303116
0.00080628,8.86091142e-13,-9.0,-0.935240626,-8.999994,-0.0938126078,-0.790987107,-0.128158596,-0.81031106
0.00080728,1.02430468e-12,-9.0,-0.932759934,-8.999994,-0.0935931746,-0.790984358,-0.128308751,-0.810318989
0.00080828,6.63511495e-13,-9.0,-0.930282473,-8.999994,-0.0933700464,-0.790981612,-0.128459456,-0.810326905
0.00080928,8.74404957e-13,-9.0,-0.927808473,-8.999994,-0.0931432322,-0.790978869,-0.128610708,-0.810334806
0.00081028,1.0636684e-12,-9.0,-0.925338172,-8.999994,-0.0929127409,-0.79097613,-0.128762507,-0.81034269
0.00081128,6.99988626e-13,-9.0,-0.92287181,-8.999994,-0.0926785815,-0.790973395,-0.12891485,-0.810350559
0.00081228,8.59696251e-13,-9.0,-0.920409637,-8.999994,-0.0924407633,-0.790970664,-0.129067735,-0.81035841
0.00081328,1.09562464e-12,-9.0,-0.917951906,-8.99999399,-0.0921992958,-0.790967936,-0.129221161,-0.810366242
0.00081428,7.37961452e-13,-9.0,-0.915498879,-8.99999399,-0.0919541883,-0.790965213,-0.129375125,-0.810374056
0.00081528,8.42797314e-13,-9.0,-0.913050824,-8.99999399,-0.0917054507,-0.790962494,-0.129529625,-0.810381849
0.00081628,1.11986644e-12,-9.0,-0.910608012,-8.99999399,-0.0914530927,-0.790959779,-0.12968466,-0.810389622
0.00081728,7.76960985e-13,-9.0,-0.908170727,-8.99999399,-0.0911971242,-0.790957069,-0.129840226,-0.810397373
0.00081828,8.2454102e-13,-9.0,-0.905739255,-8.99999399,-0.0909375555,-0.790954363,-0.129996322,-0.810405101
0.00081928,1.13622018e-12,-9.0,-0.903313891,-8.99999399,-0.0906743967,-0.790951662,-0.130152945,-0.810412805
0.00082028,8.16441463e-13,-9.0,-0.900894936,-8.99999399,-0.0904076583,-0.790948966,-0.130310092,-0.810420485
0.00082128,8.05740826e-13,-9.0,-0.8984827,-8.99999399,-0.0901373507,-0.790946274,-0.130467761,-0.810428139
0.00082228,1.14464992e-12,-9.0,-0.896077499,-8.99999398,-0.0898634846,-0.790943588,-0.130625949,-0.810435766
0.00082328,8.55793676e-13,-9.0,-0.893679658,-8.99999398,-0.0895860709,-0.790940906,-0.130784654,-0.810443366
0.00082428,7.87171501e-13,-9.0,-0.891289508,-8.99999398,-0.0893051204,-0.79093823,-0.130943871,-0.810450936
0.00082528,1.14525863e-12,-9.0,-0.888907388,-8.99999398,-0.0890206444,-0.790935559,-0.131103599,-0.810458477
0.00082628,8.94360056e-13,-9.0,-0.886533648,-8.99999398,-0.088732654,-0.790932894,-0.131263834,-0.810465986
0.00082728,7.69551024e-13,-9.0,-0.884168643,-8.99999398,-0.0884411605,-0.790930234,-0.131424573,-0.810473463
0.00082828,1.13828628e-12,-9.0,-0.881812737,-8.99999398,-0.0881461756,-0.790927579,-0.131585812,-0.810480907
0.00082928,9.31451173e-13,-9.0,-0.879466303,-8.99999398,-0.0878477108,-0.790924931,-0.131747548,-0.810488316
0.00083028,7.53524089e-13,-9.0,-0.877129722,-8.99999397,-0.0875457779,-0.790922288,-0.131909777,-0.810495689
0.00083128,1.12410495e-12,-9.0,-0.874803386,-8.99999397,-0.0872403889,-0.790919652,-0.132072496,-0.810503025
0.00083228,9.66363226e-13,-9.0,-0.872487693,-8.99999397,-0.0869315557,-0.790917021,-0.132235701,-0.810510322
0.00083328,7.3964759e-13,-9.0,-0.870183051,-8.99999397,-0.0866192907,-0.790914397,-0.132399387,-0.810517579
0.00083428,1.10321091e-12,-9.0,-0.867889879,-8.99999397,-0.086303606,-0.79091178,-0.13256355,-0.810524796
0.00083528,9.98396095e-13,-9.0,-0.865608605,-8.99999397,-0.0859845143,-0.790909168,-0.132728188,-0.810531969
0.00083628,7.28378437e-13,-9.0,-0.863339664,-8.99999397,-0.085662028,-0.790906564,-0.132893294,-0.810539099
0.00083728,1.07621401e-12,-9.0,-0.861083503,-8.99999397,-0.08533616,-0.790903966,-0.133058864,-0.810546183
0.00083828,1.02687151e-12,-9.0,-0.858840581,-8.99999397,-0.085006923,-0.790901375,-0.133224894,-0.810553221
0.00083928,7.20063962e-13,-9.0,-0.856611362,-8.99999397,-0.0846743301,-0.790898791,-0.13339138,-0.81056021
0.00084028,1.04382442e-12,-9.0,-0.854396326,-8.99999396,-0.0843383944,-0.790896214,-0.133558315,-0.810567149
0.00084128,1.05115086e-12,-9.0,-0.852195959,-8.99999396,-0.0839991291,-0.790893645,-0.133725695,-0.810574036
0.00084228,7.14935153e-13,-9.0,-0.850010761,-8.99999396,-0.0836565477,-0.790891082,-0.133893515,-0.810580871
0.00084328,1.00683721e-12,-9.0,-0.847841239,-8.99999396,-0.0833106637,-0.790888528,-0.13406177,-0.81058765
0.00084428,1.07065227e-12,-9.0,-0.845687917,-8.99999396,-0.0829614908,-0.790885981,-0.134230453,-0.810594373
0.00084528,7.13102839e-13,-9.0,-0.843551323,-8.99999396,-0.0826090426,-0.790883441,-0.134399559,-0.810601038
0.00084628,9.66115044e-13,-9.0,-0.841432003,-8.99999396,-0.0822533332,-0.79088091,-0.134569083,-0.810607643
0.00084728,1.08486641e-12,-9.0,-0.839330511,-8.99999396,-0.0818943766,-0.790878387,-0.134739018,-0.810614186
0.00084828,7.14556919e-13,-9.0,-0.837247413,-8.99999396,-0.0815321869,-0.790875872,-0.134909357,-0.810620666
0.00084928,9.22569372e-13,-9.0,-0.835183287,-8.99999395,-0.0811667785,-0.790873365,-0.135080096,-0.81062708
0.00085028,1.09337071e-12,-9.0,-0.833138725,-8.99999395,-0.0807981657,-0.790870867,-0.135251226,-0.810633427
0.00085128,7.19168628e-13,-9.0,-0.83111433,-8.99999395,-0.0804263632,-0.790868377,-0.135422741,-0.810639705
0.00085228,8.77140563e-13,-9.0,-0.829110716,-8.99999395,-0.0800513856,-0.790865896,-0.135594635,-0.810645912
0.00085328,1.09584165e-12,-9.0,-0.827128513,-8.99999395,-0.0796732476,-0.790863424,-0.135766901,-0.810652045
0.00085428,7.2669576e-13,-9.0,-0.82516836,-8.99999395,-0.0792919644,-0.790860961,-0.13593953,-0.810658103
0.00085528,8.30777474e-13,-9.0,-0.823230913,-8.99999395,-0.0789075508,-0.790858507,-0.136112515,-0.810664084
0.00085628,1.09206472e-12,-9.0,-0.821316838,-8.99999395,-0.078520022,-0.790856062,-0.13628585,-0.810669985
0.00085728,7.36790725e-13,-9.0,-0.819426817,-8.99999395,-0.0781293935,-0.790853626,-0.136459525,-0.810675805
0.00085828,7.84416891e-13,-9.0,-0.817561544,-8.99999395,-0.0777356805,-0.790851201,-0.136633533,-0.81068154
0.00085928,1.08194183e-12,-9.0,-0.815721726,-8.99999395,-0.0773388987,-0.790848785,-0.136807865,-0.810687189
0.00086028,7.49011205e-13,-9.0,-0.813908086,-8.99999394,-0.0769390636,-0.790846379,-0.136982513,-0.81069275
0.00086128,7.3896333e-13,-9.0,-0.81212136,-8.99999394,-0.0765361911,-0.790843982,-0.137157469,-0.81069822
0.00086228,1.06549607e-12,-9.0,-0.810362299,-8.99999394,-0.0761302971,-0.790841596,-0.137332722,-0.810703597
0.00086328,7.62833148e-13,-9.0,-0.808631667,-8.99999394,-0.0757213976,-0.790839221,-0.137508265,-0.810708878
0.00086428,6.95269663e-13,-9.0,-0.806930244,-8.99999394,-0.0753095088,-0.790836856,-0.137684087,-0.810714061
0.00086528,1.04287349e-12,-9.0,-0.805258824,-8.99999394,-0.0748946469,-0.790834501,-0.13786018,-0.810719143
0.00086628,7.77665768e-13,-9.0,-0.803618216,-8.99999394,-0.0744768282,-0.790832157,-0.138036532,-0.810724121
0.00086728,6.54119024e-13,-9.0,-0.802009245,-8.99999394,-0.0740560694,-0.790829824,-0.138213134,-0.810728994
0.00086828,1.01434203e-12,-9.0,-0.800432749,-8.99999394,-0.0736323869,-0.790827503,-0.138389976,-0.810733758
0.00086928,7.92868167e-13,-9.0,-0.798889584,-8.99999394,-0.0732057976,-0.790825192,-0.138567046,-0.81073841
0.00087028,6.16208405e-13,-9.0,-0.79738062,-8.99999394,-0.0727763182,-0.790822893,-0.138744335,-0.810742949
0.00087128,9.80287491e-13,-9.0,-0.795906743,-8.99999394,-0.0723439657,-0.790820605,-0.138921831,-0.81074737
0.00087228,8.07767172e-13,-9.0,-0.794468854,-8.99999394,-0.0719087572,-0.79081833,-0.139099522,-0.810751672
0.00087328,5.82134322e-13,-9.0,-0.793067871,-8.99999394,-0.0714707099,-0.790816066,-0.139277397,-0.81075585
0.00087428,9.41206695e-13,-9.0,-0.791704728,-8.99999393,-0.071029841,-0.790813814,-0.139455444,-0.810759903
0.00087528,8.21675934e-13,-9.0,-0.790380374,-8.99999393,-0.070586168,-0.790811574,-0.139633651,-0.810763827
0.00087628,5.52380885e-13,-9.0,-0.789095774,-8.99999393,-0.0701397084,-0.790809347,-0.139812005,-0.81076762
0.00087728,8.97697929e-13,-9.0,-0.787851911,-8.99999393,-0.0696904798,-0.790807133,-0.139990494,-0.810771277
0.00087828,8.33912833e-13,-9.0,-0.786649783,-8.99999393,-0.0692384999,-0.790804931,-0.140169104,-0.810774795
0.00087928,5.27310534e-13,-9.0,-0.785490405,-8.99999393,-0.0687837866,-0.790802742,-0.140347822,-0.810778173
0.00088028,8.50448933e-13,-9.0,-0.784374807,-8.99999393,-0.0683263579,-0.790800566,-0.140526635,-0.810781405
0.00088128,8.43820214e-13,-9.0,-0.783304039,-8.99999393,-0.0678662317,-0.790798403,-0.140705528,-0.81078449
0.00088228,5.07157661e-13,-9.0,-0.782279163,-8.99999393,-0.0674034263,-0.790796254,-0.140884488,-0.810787423
0.00088328,8.00222674e-13,-9.0,-0.78130126,-8.99999393,-0.0669379599,-0.790794119,-0.141063499,-0.810790201
0.00088428,8.50782496e-13,-9.0,-0.780371429,-8.99999393,-0.0664698509,-0.790791997,-0.141242548,-0.81079282
0.00088528,4.92025251e-13,-9.0,-0.779490782,-8.99999393,-0.0659991178,-0.79078989,-0.141421618,-0.810795278
0.00088628,7.47841267e-13,-9.0,-0.778660451,-8.99999393,-0.0655257792,-0.790787796,-0.141600695,-0.810797569
0.00088728,8.54243204e-13,-9.0,-0.777881581,-8.99999393,-0.0650498537,-0.790785717,-0.141779762,-0.810799692
0.00088828,4.81884616e-13,-9.0,-0.777155338,-8.99999393,-0.0645713602,-0.790783653,-0.141958804,-0.810801641
0.00088928,6.94168384e-13,-9.0,-0.7764829,-8.99999393,-0.0640903175,-0.790781603,-0.142137804,-0.810803414
0.00089028,8.53720507e-13,-9.0,-0.775865464,-8.99999393,-0.0636067446,-0.790779568,-0.142316745,-0.810805006
0.00089128,4.76578211e-13,-9.0,-0.775304242,-8.99999393,-0.0631206607,-0.790777548,-0.142495611,-0.810806413
0.00089228,6.400906e-13,-9.0,-0.774800463,-8.99999393,-0.0626320848,-0.790775544,-0.142674383,-0.810807632
0.00089328,8.48820871e-13,-9.0,-0.774355371,-8.99999393,-0.0621410364,-0.790773555,-0.142853044,-0.810808658
0.00089428,4.75825468e-13,-9.0,-0.773970226,-8.99999393,-0.0616475347,-0.790771582,-0.143031576,-0.810809488
0.00089528,5.8649808e-13,-9.0,-0.773646304,-8.99999393,-0.0611515993,-0.790769625,-0.14320996,-0.810810118
0.00089628,8.39250501e-13,-9.0,-0.773384898,-8.99999393,-0.0606532497,-0.790767684,-0.143388178,-0.810810542
0.00089728,4.79231483e-13,-9.0,-0.773187312,-8.99999393,-0.0601525056,-0.790765759,-0.14356621,-0.810810758
0.00089828,5.34265097e-13,-9.0,-0.773054869,-8.99999393,-0.0596493868,-0.790763851,-0.143744036,-0.810810761
0.00089928,8.24824283e-13,-9.0,-0.772988904,-8.99999393,-0.0591439132,-0.79076196,-0.143921638,-0.810810546
0.00090028,4.86298359e-13,-9.0,-0.772990769,-8.99999393,-0.0586361046,-0.790760085,-0.144098994,-0.810810109
0.00090128,4.84230818e-13,-9.0,-0.773061828,-8.99999393,-0.0581259812,-0.790758228,-0.144276084,-0.810809446
0.00090228,8.05472008e-13,-9.0,-0.773203459,-8.99999393,-0.0576135631,-0.790756388,-0.144452887,-0.810808553
0.00090328,4.96438909e-13,-9.0,-0.773417054,-8.99999393,-0.0570988705,-0.790754565,-0.144629382,-0.810807424
0.00090428,4.37180827e-13,-9.0,-0.773704018,-8.99999393,-0.0565819238,-0.790752761,-0.144805547,-0.810806056
0.00090528,7.81241721e-13,-9.0,-0.774065766,-8.99999393,-0.0560627433,-0.790750974,-0.144981359,-0.810804444
0.00090628,5.08992401e-13,-9.0,-0.774503729,-8.99999393,-0.0555413495,-0.790749206,-0.145156797,-0.810802583
0.00090728,3.93829832e-13,-9.0,-0.775019347,-8.99999393,-0.055017763,-0.790747456,-0.145331837,-0.810800468
0.00090828,7.52300118e-13,-9.0,-0.775614072,-8.99999393,-0.0544920046,-0.790745725,-0.145506457,-0.810798096
0.00090928,5.23241953e-13,-9.0,-0.776289364,-8.99999393,-0.0539640948,-0.790744012,-0.145680632,-0.81079546
0.00091028,3.54805943e-13,-9.0,-0.777046697,-8.99999393,-0.0534340547,-0.790742319,-0.145854339,-0.810792557
0.00091128,7.18929965e-13,-9.0,-0.777887549,-8.99999393,-0.0529019051,-0.790740645,-0.146027553,-0.810789381
0.00091228,5.38433158e-13,-9.0,-0.778813412,-8.99999393,-0.052367667,-0.790738991,-0.146200249,-0.810785928
0.00091328,3.20636936e-13,-9.0,-0.779825782,-8.99999393,-0.0518313616,-0.790737356,-0.146372404,-0.810782193
0.00091428,6.81524622e-13,-9.0,-0.780926162,-8.99999393,-0.0512930099,-0.790735741,-0.14654399,-0.81077817
0.00091528,5.53793507e-13,-9.0,-0.782116062,-8.99999393,-0.0507526332,-0.790734147,-0.146714983,-0.810773856
0.00091628,2.91738795e-13,-9.0,-0.783396999,-8.99999393,-0.050210253,-0.790732573,-0.146885355,-0.810769245
0.00091728,6.40579779e-13,-9.0,-0.784770493,-8.99999394,-0.0496658905,-0.79073102,-0.147055081,-0.810764332
0.00091828,5.68552111e-13,-9.0,-0.786238066,-8.99999394,-0.0491195673,-0.790729487,-0.147224133,-0.810759112
0.00091928,2.68406833e-13,-9.0,-0.787801245,-8.99999394,-0.0485713049,-0.790727976,-0.147392485,-0.81075358
0.00092028,5.96682624e-13,-9.0,-0.789461557,-8.99999394,-0.048021125,-0.790726486,-0.147560108,-0.810747731
0.00092128,5.81959287e-13,-9.0,-0.791220531,-8.99999394,-0.0474690493,-0.790725018,-0.147726974,-0.81074156
0.00092228,2.50809599e-13,-9.0,-0.793079695,-8.99999394,-0.0469150997,-0.790723572,-0.147893055,-0.810735063
0.00092328,5.50498694e-13,-9.0,-0.795040575,-8.99999394,-0.0463592979,-0.790722147,-0.148058323,-0.810728233
0.00092428,5.93305506e-13,-9.0,-0.797104693,-8.99999394,-0.0458016659,-0.790720745,-0.148222747,-0.810721066
0.00092528,2.38985717e-13,-9.0,-0.799273569,-8.99999394,-0.0452422257,-0.790719365,-0.1483863,-0.810713557
0.00092628,5.02756723e-13,-9.0,-0.801548716,-8.99999395,-0.0446809995,-0.790718009,-0.14854895,-0.810705701
0.00092728,6.01939272e-13,-9.0,-0.803931642,-8.99999395,-0.0441180093,-0.790716675,-0.148710668,-0.810697492
0.00092828,2.3284374e-13,-9.0,-0.806423846,-8.99999395,-0.0435532775,-0.790715364,-0.148871424,-0.810688926
0.00092928,4.54231875e-13,-9.0,-0.809026817,-8.99999395,-0.0429868262,-0.790714077,-0.149031186,-0.810679999
0.00093028,6.07283495e-13,-9.0,-0.811742033,-8.99999395,-0.0424186779,-0.790712814,-0.149189924,-0.810670704
0.00093128,2.3216502e-13,-9.0,-0.814570961,-8.99999395,-0.0418488549,-0.790711574,-0.149347606,-0.810661036
0.00093228,4.05727744e-13,-9.0,-0.817515054,-8.99999395,-0.0412773799,-0.790710359,-0.1495042,-0.810650992
0.00093328,6.08849975e-13,-9.0,-0.820575747,-8.99999396,-0.0407042752,-0.790709167,-0.149659675,-0.810640566
0.00093428,2.36609545e-13,-9.0,-0.82375446,-8.99999396,-0.0401295637,-0.790708001,-0.149813999,-0.810629753
0.00093528,3.58057575e-13,-9.0,-0.827052594,-8.99999396,-0.0395532679,-0.790706859,-0.149967138,-0.810618549
0.00093628,6.06251638e-13,-9.0,-0.830471528,-8.99999396,-0.0389754106,-0.790705743,-0.150119061,-0.810606948
0.00093728,2.4572458e-13,-9.0,-0.83401262,-8.99999396,-0.0383960146,-0.790704651,-0.150269733,-0.810594946
0.00093828,3.12025153e-13,-9.0,-0.837677203,-8.99999397,-0.0378151028,-0.790703585,-0.150419123,-0.810582539
0.00093928,5.99212263e-13,-9.0,-0.841466584,-8.99999397,-0.0372326981,-0.790702545,-0.150567196,-0.810569721
0.00094028,2.58955939e-13,-9.0,-0.845382043,-8.99999397,-0.0366488236,-0.790701531,-0.150713919,-0.810556489
0.00094128,2.68405832e-13,-9.0,-0.849424828,-8.99999397,-0.0360635022,-0.790700543,-0.150859257,-0.810542838
0.00094228,5.87573442e-13,-9.0,-0.853596156,-8.99999397,-0.0354767571,-0.790699581,-0.151003178,-0.810528763
0.00094328,2.75661597e-13,-9.0,-0.857897212,-8.99999398,-0.0348886114,-0.790698646,-0.151145646,-0.810514261
0.00094428,2.27928157e-13,-9.0,-0.862329143,-8.99999398,-0.0342990884,-0.790697737,-0.151286628,-0.810499327
0.00094528,5.71298624e-13,-9.0,-0.866893057,-8.99999398,-0.0337082113,-0.790696856,-0.151426088,-0.810483957
0.00094628,2.95127346e-13,-9.0,-0.871590024,-8.99999398,-0.0331160035,-0.790696001,-0.151563993,-0.810468147
0.00094728,1.91256537e-13,-9.0,-0.876421071,-8.99999399,-0.0325224883,-0.790695174,-0.151700307,-0.810451894
0.00094828,5.50474156e-13,-9.0,-0.881387181,-8.99999399,-0.0319276892,-0.790694375,-0.151834996,-0.810435194
0.00094928,3.16584089e-13,-9.0,-0.886489289,-8.99999399,-0.0313316296,-0.790693603,-0.151968025,-0.810418043
0.00095028,1.5897538e-13,-9.0,-0.891728282,-8.99999399,-0.0307343331,-0.79069286,-0.152099359,-0.810400439
0.00095128,5.25307295e-13,-9.0,-0.897104997,-8.999994,-0.0301358233,-0.790692144,-0.152228963,-0.810382376
0.00095228,3.39226405e-13,-9.0,-0.902620217,-8.999994,-0.0295361237,-0.790691457,-0.152356802,-0.810363854
0.00095328,1.31575083e-13,-9.0,-0.908274668,-8.999994,-0.0289352582,-0.790690798,-0.152482841,-0.810344867
0.00095428,4.96121242e-13,-9.0,-0.91406902,-8.99999401,-0.0283332503,-0.790690168,-0.152607045,-0.810325415
0.00095528,3.62231906e-13,-9.0,-0.920003883,-8.99999401,-0.0277301238,-0.790689566,-0.15272938,-0.810305494
0.00095628,1.09440221e-13,-9.0,-0.926079805,-8.99999401,-0.0271259027,-0.790688994,-0.15284981,-0.810285102
0.00095728,4.63347334e-13,-9.0,-0.932297268,-8.99999402,-0.0265206106,-0.790688451,-0.152968302,-0.810264236
0.00095828,3.84780951e-13,-9.0,-0.93865669,-8.99999402,-0.0259142715,-0.790687937,-0.153084819,-0.810242894
0.00095928,9.28402245e-14,-9.0,-0.945158416,-8.99999402,-0.0253069094,-0.790687452,-0.153199329,-0.810221076
0.00096028,4.27514572e-13,-9.0,-0.951802725,-8.99999403,-0.0246985483,-0.790686997,-0.153311797,-0.810198778
0.00096128,4.06076234e-13,-9.0,-0.958589819,-8.99999403,-0.024089212,-0.790686572,-0.153422188,-0.810176
0.00096228,8.19227655e-14,-9.0,-0.965519827,-8.99999403,-0.0234789248,-0.790686176,-0.15353047,-0.810152741
0.00096328,3.89236759e-13,-9.0,-0.972592799,-8.99999404,-0.0228677107,-0.79068581,-0.153636607,-0.810128999
0.00096428,4.25361795e-13,-9.0,-0.979808706,-8.99999404,-0.0222555938,-0.790685475,-0.153740568,-0.810104774
0.00096528,7.67100346e-14,-9.0,-0.987167438,-8.99999404,-0.0216425982,-0.790685169,-0.15384232,-0.810080065
0.00096628,3.49197551e-13,-9.0,-0.994668802,-8.99999405,-0.0210287483,-0.790684894,-0.153941828,-0.810054873
0.00096728,4.41940986e-13,-9.0,-1.00231252,-8.99999405,-0.0204140682,-0.790684649,-0.154039063,-0.810029196
0.00096828,7.70979871e-14,-9.0,-1.01009822,-8.99999406,-0.0197985821,-0.790684434,-0.15413399,-0.810003037
0.00096928,3.08133789e-13,-9.0,-1.01802546,-8.99999406,-0.0191823145,-0.79068425,-0.154226579,-0.809976394
0.00097028,4.5519298e-13,-9.0,-1.02609368,-8.99999406,-0.0185652896,-0.790684096,-0.1543168,-0.80994927
0.00097128,8.28585902e-14,-9.0,-1.03430225,-8.99999407,-0.0179475317,-0.790683973,-0.15440462,-0.809921665
0.00097228,2.66817517e-13,-9.0,-1.04265044,-8.99999407,-0.0173290653,-0.79068388,-0.154490011,-0.809893581
0.00097328,4.64587417e-13,-9.0,-1.05113742,-8.99999408,-0.0167099148,-0.790683818,-0.154572942,-0.80986502
0.00097428,9.36450208e-14,-9.0,-1.05976227,-8.99999408,-0.0160901046,-0.790683787,-0.154653384,-0.809835983
0.00097528,2.26037129e-13,-9.0,-1.06852396,-8.99999409,-0.0154696592,-0.790683787,-0.15473131,-0.809806473
0.00097628,4.69696859e-13,-9.0,-1.07742139,-8.99999409,-0.0148486031,-0.790683817,-0.154806691,-0.809776493
0.00097728,1.08999692e-13,-9.0,-1.08645333,-8.9999941,-0.0142269607,-0.790683878,-0.1548795,-0.809746046
0.00097828,1.86578096e-13,-9.0,-1.09561846,-8.9999941,-0.0136047568,-0.79068397,-0.154949711,-0.809715135
0.00097928,4.70206731e-13,-9.0,-1.10491536,-8.99999411,-0.0129820157,-0.790684092,-0.155017297,-0.809683764
0.00098028,1.28364919e-13,-9.0,-1.11434251,-8.99999411,-0.0123587621,-0.790684245,-0.155082234,-0.809651938
0.00098128,1.49203734e-13,-9.0,-1.12389828,-8.99999412,-0.0117350206,-0.790684429,-0.155144497,-0.809619659
0.00098228,4.65922546e-13,-9.0,-1.13358095,-8.99999412,-0.0111108159,-0.790684643,-0.155204062,-0.809586934
0.00098328,1.51095981e-13,-9.0,-1.14338869,-8.99999413,-0.0104861725,-0.790684888,-0.155260908,-0.809553767
0.00098428,1.14636507e-13,-9.0,-1.15331955,-8.99999413,-0.00986111512,-0.790685163,-0.155315011,-0.809520163
0.00098528,4.56774213e-13,-9.0,-1.16337152,-8.99999414,-0.00923566845,-0.790685469,-0.15536635,-0.809486129
0.00098628,1.76476249e-13,-9.0,-1.17354244,-8.99999414,-0.00860985717,-0.790685804,-0.155414906,-0.809451671
0.00098728,8.35402776e-14,-9.0,-1.18383008,-8.99999415,-0.00798370599,-0.790686171,-0.155460659,-0.809416794
0.00098828,4.42817355e-13,-9.0,-1.1942321,-8.99999415,-0.00735723963,-0.790686567,-0.15550359,-0.809381506
0.00098928,2.03734045e-13,-9.0,-1.20474604,-8.99999416,-0.00673048282,-0.790686993,-0.155543682,-0.809345815
0.00099028,5.65039751e-14,-9.0,-1.21536938,-8.99999416,-0.00610346029,-0.790687449,-0.155580919,-0.809309726
0.00099128,4.24231587e-13,-9.0,-1.22609946,-8.99999417,-0.00547619682,-0.790687935,-0.155615284,-0.809273249
0.00099228,2.32060806e-13,-9.0,-1.23693356,-8.99999417,-0.00484871715,-0.79068845,-0.155646764,-0.809236392
0.00099328,3.40270471e-14,-9.0,-1.24786883,-8.99999418,-0.00422104606,-0.790688995,-0.155675344,-0.809199163
0.00099428,4.01315811e-13,-9.0,-1.25890235,-8.99999418,-0.00359320834,-0.790689569,-0.155701013,-0.809161571
0.00099528,2.60630142e-13,-9.0,-1.2700311,-8.99999419,-0.00296522876,-0.790690172,-0.155723758,-0.809123625
0.00099628,1.65070651e-14,-9.0,-1.28125197,-8.9999942,-0.00233713212,-0.790690804,-0.15574357,-0.809085335
0.00099728,3.74480644e-13,-9.0,-1.29256175,-8.9999942,-0.00170894321,-0.790691464,-0.155760439,-0.80904671
0.00099828,2.88617309e-13,-9.0,-1.30395717,-8.99999421,-0.00108068684,-0.790692153,-0.155774357,-0.809007762
0.00099928,4.22977629e-15,-9.0,-1.31543485,-8.99999421,-0.000452387799,-0.790692871,-0.155785316,-0.8089685
0.00100028,3.44238153e-13,-9.0,-1.32699135,-8.99999422,0.000175929098,-0.790693616,-0.155793312,-0.808928936
0.00100128,3.15218654e-13,-9.0,-1.33862314,-8.99999422,0.000804239049,-0.79069439,-0.155798339,-0.80888908
0.00100228,-2.63815444e-15,-9.0,-1.35032662,-8.99999423,0.00143251725,-0.79069519,-0.155800393,-0.808848945
0.00100328,3.11189159e-13,-9.0,-1.36209812,-8.99999424,0.0020607389,-0.790696019,-0.155799472,-0.808808541
0.00100428,3.39670547e-13,-9.0,-1.37393389,-8.99999424,0.00268887919,-0.790696874,-0.155795574,-0.80876788
0.00100528,-4.05353537e-15,-9.0,-1.38583014,-8.99999425,0.00331691333,-0.790697756,-0.1557887,-0.808726976
0.00100628,2.76008409e-13,-9.0,-1.39778298,-8.99999425,0.00394481653,-0.790698665,-0.15577885,-0.808685841
0.00100728,3.61267362e-13,-9.0,-1.40978851,-8.99999426,0.00457256399,-0.7906996,-0.155766027,-0.808644486
0.00100828,-9.80654551e-17,-9.0,-1.42184273,-8.99999427,0.00520013093,-0.79070056,-0.155750233,-0.808602927
0.00100928,2.39427977e-13,-9.0,-1.43394163,-8.99999427,0.00582749259,-0.790701547,-0.155731473,-0.808561175
0.00101028,3.79378063e-13,-9.0,-1.44608113,-8.99999428,0.00645462418,-0.790702559,-0.155709753,-0.808519244
0.00101128,9.02325793e-15,-9.0,-1.45825712,-8.99999429,0.00708150095,-0.790703596,-0.155685079,-0.808477148
0.00101228,2.02219295e-13,-9.0,-1.47046543,-8.99999429,0.00770809816,-0.790704658,-0.15565746,-0.8084349
0.00101328,3.93461017e-13,-9.0,-1.48270189,-8.9999943,0.00833439107,-0.790705744,-0.155626904,-0.808392515
0.00101428,2.29867039e-14,-9.0,-1.49496229,-8.9999943,0.00896035495,-0.790706854,-0.155593421,-0.808350007
0.00101528,1.65174244e-13,-9.0,-1.50724238,-8.99999431,0.00958596509,-0.790707989,-0.155557023,-0.808307391
0.00101628,4.03076649e-13,-9.0,-1.51953792,-8.99999432,0.0102111968,-0.790709146,-0.155517723,-0.80826468
0.00101728,4.1357237e-14,-9.0,-1.53184462,-8.99999432,0.0108360254,-0.790710327,-0.155475533,-0.808221889
0.00101828,1.29085764e-13,-9.0,-1.5441582,-8.99999433,0.0114604262,-0.790711531,-0.155430468,-0.808179033
0.00101928,4.0789767e-13,-9.0,-1.55647438,-8.99999433,0.0120843745,-0.790712757,-0.155382544,-0.808136127
0.00102028,6.35986326e-14,-9.0,-1.56878887,-8.99999434,0.0127078458,-0.790714005,-0.155331778,-0.808093186
0.00102128,9.47284523e-14,-9.0,-1.58109739,-8.99999435,0.0133308154,-0.790715274,-0.155278187,-0.808050223
0.00102228,4.07716605e-13,-9.0,-1.59339565,-8.99999435,0.0139532587,-0.790716566,-0.155221789,-0.808007256
0.00102328,8.9086036e-14,-9.0,-1.60567939,-8.99999436,0.0145751512,-0.790717878,-0.155162605,-0.807964297
0.00102428,6.28396111e-14,-9.0,-1.61794437,-8.99999436,0.0151964683,-0.790719211,-0.155100656,-0.807921363
0.00102528,4.02450459e-13,-9.0,-1.63018635,-8.99999437,0.0158171854,-0.790720564,-0.155035963,-0.807878468
0.00102628,1.17120665e-13,-9.0,-1.64240115,-8.99999438,0.0164372781,-0.790721937,-0.154968548,-0.807835627
0.00102728,3.41012033e-14,-9.0,-1.6545846,-8.99999438,0.0170567219,-0.79072333,-0.154898434,-0.807792855
0.00102828,3.92142398e-13,-9.0,-1.66673255,-8.99999439,0.0176754923,-0.790724742,-0.154825647,-0.807750167
0.00102928,1.469463e-13,-9.0,-1.67884092,-8.99999439,0.0182935649,-0.790726173,-0.154750212,-0.807707578
0.00103028,9.12315343e-15,-9.0,-1.69090566,-8.9999944,0.0189109154,-0.790727622,-0.154672154,-0.807665102
0.00103128,3.76960413e-13,-9.0,-1.70292277,-8.99999441,0.0195275192,-0.79072909,-0.1545915,-0.807622753
0.00103228,1.77767172e-13,-9.0,-1.71488829,-8.99999441,0.0201433522,-0.790730575,-0.154508277,-0.807580547
0.00103328,-1.15716083e-14,-9.0,-1.72679834,-8.99999442,0.0207583899,-0.790732078,-0.154422514,-0.807538497
0.00103428,3.5719299e-13,-9.0,-1.73864907,-8.99999442,0.0213726081,-0.790733598,-0.154334241,-0.807496618
0.00103528,2.08766809e-13,-9.0,-1.7504367,-8.99999443,0.0219859825,-0.790735135,-0.154243486,-0.807454924
0.00103628,-2.75599969e-14,-9.0,-1.76215754,-8.99999444,0.022598489,-0.790736688,-0.154150279,-0.807413428
0.00103728,3.33241906e-13,-9.0,-1.77380795,-8.99999444,0.0232101034,-0.790738257,-0.154054653,-0.807372145
0.00103828,2.39127395e-13,-9.0,-1.78538436,-8.99999445,0.0238208014,-0.790739842,-0.153956637,-0.807331086
0.00103928,-3.85292101e-14,-9.0,-1.79688327,-8.99999445,0.024430559,-0.790741442,-0.153856265,-0.807290267
0.00104028,3.056123e-13,-9.0,-1.80830128,-8.99999446,0.0250393522,-0.790743057,-0.153753569,-0.807249699
0.00104128,2.68049179e-13,-9.0,-1.81963506,-8.99999446,0.0256471568,-0.790744687,-0.153648582,-0.807209396
0.00104228,-4.42845017e-14,-9.0,-1.83088136,-8.99999447,0.026253949,-0.790746331,-0.153541337,-0.807169369
0.00104328,2.74900287e-13,-9.0,-1.84203702,-8.99999448,0.0268597047,-0.790747989,-0.153431868,-0.807129632
0.00104428,2.94769454e-13,-9.0,-1.85309896,-8.99999448,0.0274644,-0.790749661,-0.153320211,-0.807090195
0.00104528,-4.47541038e-14,-9.0,-1.8640642,-8.99999449,0.028068011,-0.790751346,-0.153206398,-0.807051072
0.00104628,2.41778388e-13,-9.0,-1.87492985,-8.99999449,0.028670514,-0.790753044,-0.153090466,-0.807012272
0.00104728,3.18580665e-13,-9.0,-1.88569312,-8.9999945,0.0292718851,-0.790754755,-0.152972451,-0.806973808
0.00104828,-3.9991179e-14,-9.0,-1.89635129,-8.9999945,0.0298721006,-0.790756479,-0.152852386,-0.806935689
0.00104928,2.06979136e-13,-9.0,-1.90690175,-8.99999451,0.0304711369,-0.790758214,-0.152730309,-0.806897927
0.00105028,3.38847199e-13,-9.0,-1.91734201,-8.99999451,0.0310689701,-0.790759962,-0.152606256,-0.806860531
0.00105128,-3.01727574e-14,-9.0,-1.92766965,-8.99999452,0.0316655768,-0.790761721,-0.152480262,-0.806823512
0.00105228,1.71277256e-13,-9.0,-1.93788235,-8.99999452,0.0322609335,-0.790763491,-0.152352364,-0.806786878
0.00105328,3.55020464e-13,-9.0,-1.9479779,-8.99999453,0.0328550165,-0.790765273,-0.1522226,-0.806750639
0.00105428,-1.55956829e-14,-9.0,-1.95795419,-8.99999453,0.0334478024,-0.790767065,-0.152091004,-0.806714804
0.00105528,1.35470843e-13,-9.0,-1.9678092,-8.99999454,0.0340392679,-0.790768868,-0.151957615,-0.806679381
0.00105628,3.66651879e-13,-9.0,-1.97754103,-8.99999454,0.0346293896,-0.790770681,-0.15182247,-0.806644378
0.00105728,3.33033331e-15,-9.0,-1.98714786,-8.99999455,0.0352181441,-0.790772504,-0.151685604,-0.806609803
0.00105828,1.0036198e-13,-9.0,-1.99662798,-8.99999455,0.0358055084,-0.790774336,-0.151547055,-0.806575663
0.00105928,3.7340348e-13,-9.0,-2.00597977,-8.99999456,0.036391459,-0.790776178,-0.151406859,-0.806541965
0.00106028,2.60923834e-14,-9.0,-2.01520174,-8.99999456,0.036975973,-0.79077803,-0.151265054,-0.806508716
0.00106128,6.67372868e-14,-9.0,-2.02429245,-8.99999456,0.0375590273,-0.79077989,-0.151121676,-0.806475923
0.00106228,3.75055871e-13,-9.0,-2.03325061,-8.99999457,0.0381405988,-0.790781759,-0.150976762,-0.806443591
0.00106328,5.2086527e-14,-9.0,-2.04207499,-8.99999457,0.0387206645,-0.790783637,-0.150830347,-0.806411725
0.00106428,3.53488393e-14,-9.0,-2.05076446,-8.99999458,0.0392992017,-0.790785524,-0.15068247,-0.806380332
0.00106528,3.71513339e-13,-9.0,-2.05931802,-8.99999458,0.0398761873,-0.790787418,-0.150533165,-0.806349416
0.00106628,8.06321536e-14,-9.0,-2.06773472,-8.99999458,0.0404515988,-0.790789321,-0.15038247,-0.806318981
0.00106728,6.89593584e-15,-9.0,-2.07601372,-8.99999459,0.0410254132,-0.790791231,-0.150230419,-0.806289031
0.00106828,3.62806004e-13,-9.0,-2.0841543,-8.99999459,0.0415976081,-0.790793149,-0.150077048,-0.806259572
0.00106928,1.109882e-13,-9.0,-2.09215577,-8.9999946,0.0421681607,-0.790795075,-0.149922394,-0.806230605
0.00107028,-1.79918587e-14,-9.0,-2.10001759,-8.9999946,0.0427370487,-0.790797007,-0.14976649,-0.806202134
0.00107128,3.4908896e-13,-9.0,-2.10773927,-8.9999946,0.0433042494,-0.790798947,-0.149609373,-0.806174163
0.00107228,1.42370828e-13,-9.0,-2.11532041,-8.99999461,0.0438697406,-0.790800894,-0.149451076,-0.806146692
0.00107328,-3.87699826e-14,-9.0,-2.12276072,-8.99999461,0.0444334998,-0.790802848,-0.149291634,-0.806119726
0.00107428,3.30638406e-13,-9.0,-2.13005995,-8.99999461,0.0449955049,-0.790804808,-0.149131081,-0.806093265
0.00107528,1.73972145e-13,-9.0,-2.13721796,-8.99999462,0.0455557337,-0.790806775,-0.148969452,-0.806067311
0.00107628,-5.4992094e-14,-9.0,-2.14423468,-8.99999462,0.046114164,-0.790808749,-0.148806779,-0.806041866
0.00107728,3.07844896e-13,-9.0,-2.15111013,-8.99999462,0.0466707738,-0.790810728,-0.148643095,-0.806016929
0.00107828,2.0497951e-13,-9.0,-2.15784437,-8.99999463,0.0472255411,-0.790812714,-0.148478434,-0.805992503
0.00107928,-6.63209167e-14,-9.0,-2.16443757,-8.99999463,0.047778444,-0.790814706,-0.148312827,-0.805968587
0.00108028,2.81203828e-13,-9.0,-2.17088994,-8.99999463,0.0483294607,-0.790816703,-0.148146308,-0.805945181
0.00108128,2.34594958e-13,-9.0,-2.17720179,-8.99999464,0.0488785694,-0.790818707,-0.147978907,-0.805922285
0.00108228,-7.25364556e-14,-9.0,-2.18337346,-8.99999464,0.0494257485,-0.790820716,-0.147810657,-0.805899898
0.00108328,2.51303434e-13,-9.0,-2.18940539,-8.99999464,0.0499709764,-0.790822731,-0.147641587,-0.805878021
0.00108428,2.62054285e-13,-9.0,-2.19529806,-8.99999465,0.0505142315,-0.790824751,-0.147471729,-0.805856651
0.00108528,-7.35413845e-14,-9.0,-2.201052,-8.99999465,0.0510554924,-0.790826777,-0.147301113,-0.805835788
0.00108628,2.18810541e-13,-9.0,-2.20666784,-8.99999465,0.0515947377,-0.790828808,-0.147129768,-0.80581543
0.00108728,2.8664533e-13,-9.0,-2.21214621,-8.99999465,0.0521319461,-0.790830844,-0.146957724,-0.805795575
0.00108828,-6.93634767e-14,-9.0,-2.21748785,-8.99999466,0.0526670964,-0.790832885,-0.14678501,-0.805776222
0.00108928,1.84454451e-13,-9.0,-2.22269351,-8.99999466,0.0532001675,-0.790834932,-0.146611655,-0.805757368
0.00109028,3.07725008e-13,-9.0,-2.227764,-8.99999466,0.0537311384,-0.790836983,-0.146437686,-0.805739011
0.00109128,-6.01550209e-14,-9.0,-2.23270019,-8.99999466,0.0542599881,-0.79083904,-0.146263132,-0.805721148
0.00109228,1.49009326e-13,-9.0,-2.23750298,-8.99999467,0.0547866957,-0.790841101,-0.14608802,-0.805703776
0.00109328,3.24734697e-13,-9.0,-2.24217333,-8.99999467,0.0553112404,-0.790843167,-0.145912376,-0.805686893
0.00109428,-4.6189236e-14,-9.0,-2.24671222,-8.99999467,0.0558336015,-0.790845238,-0.145736227,-0.805670496
0.00109528,1.132755e-13,-9.0,-2.25112069,-8.99999467,0.0563537583,-0.790847314,-0.1455596,-0.80565458
0.00109628,3.37213588e-13,-9.0,-2.2553998,-8.99999467,0.0568716905,-0.790849394,-0.14538252,-0.805639143
0.00109728,-2.78537728e-14,-9.0,-2.25955066,-8.99999468,0.0573873774,-0.790851479,-0.145205011,-0.805624181
0.00109828,7.80601714e-14,-9.0,-2.26357441,-8.99999468,0.0579007988,-0.790853568,-0.1450271,-0.80560969
0.00109928,3.44809706e-13,-9.0,-2.26747222,-8.99999468,0.0584119343,-0.790855662,-0.14484881,-0.805595666
0.00110028,-5.64145793e-15,-9.0,-2.27124528,-8.99999468,0.0589207639,-0.790857761,-0.144670165,-0.805582105
0.00110128,4.41579321e-14,-9.0,-2.27489484,-8.99999468,0.0594272674,-0.790859864,-0.144491189,-0.805569003
0.00110228,3.47288308e-13,-9.0,-2.27842213,-8.99999468,0.0599314247,-0.790861971,-0.144311905,-0.805556356
0.00110328,1.98614971e-14,-9.0,-2.28182843,-8.99999469,0.0604332161,-0.790864083,-0.144132335,-0.805544159
0.00110428,1.23316099e-14,-9.0,-2.28511507,-8.99999469,0.0609326217,-0.790866199,-0.143952503,-0.805532407
0.00110528,3.44537475e-13,-9.0,-2.28828334,-8.99999469,0.0614296218,-0.790868319,-0.143772429,-0.805521096
0.00110628,4.79895366e-14,-9.0,-2.29133461,-8.99999469,0.0619241967,-0.790870444,-0.143592136,-0.805510222
0.00110728,-1.67061236e-14,-9.0,-2.29427022,-8.99999469,0.062416327,-0.790872573,-0.143411644,-0.805499779
0.00110828,3.3657075e-13,-9.0,-2.29709157,-8.99999469,0.0629059932,-0.790874706,-0.143230973,-0.805489762
0.00110928,7.80137148e-14,-9.0,-2.29980003,-8.99999469,0.0633931759,-0.790876844,-0.143050146,-0.805480166
0.00111028,-4.23099329e-14,-9.0,-2.30239703,-8.99999469,0.063877856,-0.790878986,-0.14286918,-0.805470987
0.00111128,3.23526771e-13,-9.0,-2.30488398,-8.9999947,0.0643600143,-0.790881131,-0.142688096,-0.805462219
0.00111228,1.09159178e-13,-9.0,-2.30726231,-8.9999947,0.0648396318,-0.790883281,-0.142506913,-0.805453857
0.00111328,-6.39173743e-14,-9.0,-2.30953346,-8.9999947,0.0653166896,-0.790885436,-0.142325649,-0.805445896
0.00111428,3.05665898e-13,-9.0,-2.31169889,-8.9999947,0.0657911687,-0.790887594,-0.142144323,-0.80543833
0.00111528,1.40623758e-13,-9.0,-2.31376004,-8.9999947,0.0662630506,-0.790889756,-0.141962952,-0.805431155
0.00111628,-8.10624554e-14,-9.0,-2.31571838,-8.9999947,0.0667323164,-0.790891923,-0.141781555,-0.805424364
0.00111728,2.83363917e-13,-9.0,-2.31757537,-8.9999947,0.0671989478,-0.790894094,-0.141600148,-0.805417952
0.00111828,1.7159722e-13,-9.0,-2.3193325,-8.9999947,0.0676629263,-0.790896268,-0.141418749,-0.805411914
0.00111928,-9.33868706e-14,-9.0,-2.32099122,-8.9999947,0.0681242336,-0.790898447,-0.141237373,-0.805406245
0.00112028,2.57102976e-13,-9.0,-2.32255302,-8.9999947,0.0685828514,-0.79090063,-0.141056038,-0.805400939
0.00112128,2.01280715e-13,-9.0,-2.32401936,-8.9999947,0.0690387618,-0.790902817,-0.140874758,-0.80539599
0.00112228,-1.00648644e-13,-9.0,-2.32539173,-8.9999947,0.0694919466,-0.790905008,-0.140693549,-0.805391393
0.00112328,2.27459964e-13,-9.0,-2.3266716,-8.99999471,0.0699423879,-0.790907203,-0.140512426,-0.805387142
0.00112428,2.28905961e-13,-9.0,-2.32786044,-8.99999471,0.0703900681,-0.790909402,-0.140331404,-0.805383233
0.00112528,-1.02727973e-13,-9.0,-2.32895972,-8.99999471,0.0708349693,-0.790911605,-0.140150497,-0.805379659
0.00112628,1.95092619e-13,-9.0,-2.32997089,-8.99999471,0.0712770742,-0.790913812,-0.13996972,-0.805376414
0.00112728,2.53753687e-13,-9.0,-2.33089543,-8.99999471,0.0717163651,-0.790916024,-0.139789086,-0.805373494
0.00112828,-9.96301283e-14,-9.0,-2.33173478,-8.99999471,0.0721528248,-0.790918239,-0.139608609,-0.805370893
0.00112928,1.60723693e-13,-9.0,-2.33249039,-8.99999471,0.072586436,-0.790920458,-0.139428301,-0.805368606
0.00113028,2.75170914e-13,-9.0,-2.33316371,-8.99999471,0.0730171817,-0.790922681,-0.139248176,-0.805366626
0.00113128,-9.14853467e-14,-9.0,-2.33375615,-8.99999471,0.0734450447,-0.790924908,-0.139068246,-0.805364949
0.00113228,1.25123559e-13,-9.0,-2.33426917,-8.99999471,0.0738700083,-0.790927139,-0.138888524,-0.805363569
0.00113328,2.92586627e-13,-9.0,-2.33470415,-8.99999471,0.0742920556,-0.790929374,-0.138709021,-0.805362481
0.00113428,-7.8545715e-14,-9.0,-2.33506252,-8.99999471,0.07471117,-0.790931613,-0.138529748,-0.80536168
0.00113528,8.90916761e-14,-9.0,-2.33534568,-8.99999471,0.0751273349,-0.790933856,-0.138350718,-0.805361159
0.00113628,3.05525501e-13,-9.0,-2.335555,-8.99999471,0.0755405339,-0.790936102,-0.138171941,-0.805360915
0.00113728,-6.11791219e-14,-9.0,-2.33569186,-8.99999471,0.0759507507,-0.790938353,-0.137993429,-0.805360941
0.00113828,5.34373548e-14,-9.0,-2.33575763,-8.99999471,0.0763579691,-0.790940608,-0.137815191,-0.805361232
0.00113928,3.13619309e-13,-9.0,-2.33575367,-8.99999471,0.076762173,-0.790942866,-0.137637238,-0.805361783
0.00114028,-3.98604227e-14,-9.0,-2.33568131,-8.99999471,0.0771633465,-0.790945129,-0.13745958,-0.80536259
0.00114128,1.8960293e-14,-9.0,-2.33554187,-8.99999471,0.0775614737,-0.790947395,-0.137282227,-0.805363646
0.00114228,3.16615775e-13,-9.0,-2.33533669,-8.99999471,0.0779565389,-0.790949665,-0.137105188,-0.805364948
0.00114328,-1.51783036e-14,-9.0,-2.33506706,-8.99999471,0.0783485265,-0.790951939,-0.136928472,-0.805366489
0.00114428,-1.36018474e-14,-9.0,-2.33473426,-8.99999471,0.078737421,-0.790954217,-0.136752089,-0.805368266
0.00114528,3.14358859e-13,-9.0,-2.33433959,-8.99999471,0.0791232071,-0.790956499,-0.136576048,-0.805370273
0.00114628,1.22307886e-14,-9.0,-2.33388429,-8.99999471,0.0795058696,-0.790958784,-0.136400356,-0.805372505
0.00114728,-4.348008e-14,-9.0,-2.33336961,-8.99999471,0.0798853933,-0.790961073,-0.136225022,-0.805374957
0.00114828,3.06875573e-13,-9.0,-2.33279679,-8.99999471,0.0802617633,-0.790963366,-0.136050055,-0.805377625
0.00114928,4.16559408e-14,-9.0,-2.33216706,-8.9999947,0.0806349647,-0.790965663,-0.135875462,-0.805380505
0.00115028,-7.00230904e-14,-9.0,-2.3314816,-8.9999947,0.0810049828,-0.790967964,-0.135701251,-0.80538359
0.00115128,2.94283959e-13,-9.0,-2.33074161,-8.9999947,0.0813718029,-0.790970268,-0.135527429,-0.805386878
0.00115228,7.23288924e-14,-9.0,-2.32994827,-8.9999947,0.0817354106,-0.790972576,-0.135354004,-0.805390363
0.00115328,-9.26536429e-14,-9.0,-2.32910273,-8.9999947,0.0820957915,-0.790974888,-0.135180982,-0.805394041
0.00115428,2.76825735e-13,-9.0,-2.32820615,-8.9999947,0.0824529314,-0.790977203,-0.135008371,-0.805397908
0.00115528,1.03451084e-13,-9.0,-2.32725964,-8.9999947,0.0828068163,-0.790979522,-0.134836177,-0.805401958
0.00115628,-1.10888879e-13,-9.0,-2.32626432,-8.9999947,0.083157432,-0.790981845,-0.134664407,-0.805406189
0.00115728,2.54859291e-13,-9.0,-2.32522129,-8.9999947,0.0835047648,-0.790984171,-0.134493066,-0.805410595
0.00115828,1.34212818e-13,-9.0,-2.32413163,-8.9999947,0.0838488011,-0.790986501,-0.134322162,-0.805415173
0.00115928,-1.24351962e-13,-9.0,-2.32299641,-8.9999947,0.0841895271,-0.790988834,-0.134151699,-0.805419918
0.00116028,2.28851047e-13,-9.0,-2.32181668,-8.9999947,0.0845269294,-0.790991171,-0.133981684,-0.805424827
0.00116128,1.6381269e-13,-9.0,-2.32059347,-8.9999947,0.0848609948,-0.790993511,-0.133812123,-0.805429895
0.00116228,-1.3278117e-13,-9.0,-2.31932781,-8.9999947,0.08519171,-0.790995855,-0.13364302,-0.805435118
0.00116328,1.99364205e-13,-9.0,-2.3180207,-8.9999947,0.085519062,-0.790998202,-0.133474381,-0.805440494
0.00116428,1.91476835e-13,-9.0,-2.31667313,-8.9999947,0.0858430378,-0.791000553,-0.13330621,-0.805446017
0.00116528,-1.36036205e-13,-9.0,-2.31528607,-8.9999947,0.0861636247,-0.791002907,-0.133138514,-0.805451684
0.00116628,1.67045193e-13,-9.0,-2.31386049,-8.99999469,0.08648081,-0.791005265,-0.132971297,-0.805457491
0.00116728,2.16477513e-13,-9.0,-2.31239732,-8.99999469,0.0867945812,-0.791007626,-0.132804563,-0.805463435
0.00116828,-1.34101588e-13,-9.0,-2.31089749,-8.99999469,0.0871049259,-0.79100999,-0.132638316,-0.805469512
0.00116928,1.32608109e-13,-9.0,-2.30936192,-8.99999469,0.0874118318,-0.791012357,-0.132472562,-0.805475719
0.00117028,2.38150596e-13,-9.0,-2.3077915,-8.99999469,0.0877152869,-0.791014728,-0.132307304,-0.805482053
0.00117128,-1.27087034e-13,-9.0,-2.30618711,-8.99999469,0.0880152791,-0.791017101,-0.132142547,-0.805488509
0.00117228,9.68175423e-14,-9.0,-2.30454963,-8.99999469,0.0883117966,-0.791019478,-0.131978294,-0.805495085
0.00117328,2.55911522e-13,-9.0,-2.30287991,-8.99999469,0.0886048277,-0.791021859,-0.131814549,-0.805501777
0.00117428,-1.15224827e-13,-9.0,-2.30117877,-8.99999469,0.0888943609,-0.791024242,-0.131651315,-0.805508582
0.00117528,6.04701876e-14,-9.0,-2.29944705,-8.99999469,0.0891803847,-0.791026628,-0.131488598,-0.805515496
0.00117628,2.69269352e-13,-9.0,-2.29768556,-8.99999469,0.0894628877,-0.791029017,-0.131326398,-0.805522518
0.00117728,-9.88642366e-14,-9.0,-2.29589509,-8.99999468,0.089741859,-0.791031409,-0.131164721,-0.805529644
0.00117828,2.43756891e-14,-9.0,-2.29407641,-8.99999468,0.0900172874,-0.791033804,-0.13100357,-0.80553687
0.00117928,2.77838569e-13,-9.0,-2.2922303,-8.99999468,0.090289162,-0.791036202,-0.130842946,-0.805544194
0.00118028,-7.84631164e-14,-9.0,-2.2903575,-8.99999468,0.0905574722,-0.791038603,-0.130682854,-0.805551614
0.00118128,-1.06628234e-14,-9.0,-2.28845875,-8.99999468,0.0908222073,-0.791041007,-0.130523295,-0.805559125
0.00118228,2.81348351e-13,-9.0,-2.28653479,-8.99999468,0.0910833569,-0.791043413,-0.130364274,-0.805566726
0.00118328,-5.45768962e-14,-9.0,-2.28458631,-8.99999468,0.0913409108,-0.791045822,-0.130205792,-0.805574413
0.00118428,-4.38680386e-14,-9.0,-2.28261401,-8.99999468,0.0915948586,-0.791048234,-0.130047852,-0.805582185
0.00118528,2.79649086e-13,-9.0,-2.28061858,-8.99999468,0.0918451904,-0.791050649,-0.129890457,-0.805590038
0.00118628,-2.78452206e-14,-9.0,-2.27860069,-8.99999468,0.0920918963,-0.791053066,-0.129733608,-0.80559797
0.00118728,-7.45071449e-14,-9.0,-2.276561,-8.99999467,0.0923349666,-0.791055485,-0.129577309,-0.805605978
0.00118828,2.72715977e-13,-9.0,-2.27450015,-8.99999467,0.0925743917,-0.791057907,-0.12942156,-0.80561406
0.00118928,1.02343719e-15,-9.0,-2.27241877,-8.99999467,0.0928101621,-0.791060331,-0.129266365,-0.805622214
0.00119028,-1.0190944e-13,-9.0,-2.27031748,-8.99999467,0.0930422685,-0.791062758,-0.129111725,-0.805630437
0.00119128,2.6064965e-13,-9.0,-2.26819689,-8.99999467,0.0932707018,-0.791065187,-0.128957642,-0.805638727
0.00119228,3.1268819e-14,-9.0,-2.2660576,-8.99999467,0.0934954529,-0.791067619,-0.128804119,-0.805647081
0.00119328,-1.25482445e-13,-9.0,-2.26390018,-8.99999467,0.0937165129,-0.791070052,-0.128651155,-0.805655498
0.00119428,2.43673744e-13,-9.0,-2.26172521,-8.99999467,0.0939338732,-0.791072488,-0.128498754,-0.805663975
0.00119528,6.20971714e-14,-9.0,-2.25953325,-8.99999467,0.0941475251,-0.791074926,-0.128346917,-0.805672511
0.00119628,-1.44726137e-13,-9.0,-2.25732485,-8.99999466,0.0943574603,-0.791077366,-0.128195646,-0.805681102
0.00119728,2.22129546e-13,-9.0,-2.25510053,-8.99999466,0.0945636704,-0.791079808,-0.128044941,-0.805689747
0.00119828,9.27003424e-14,-9.0,-2.25286083,-8.99999466,0.0947661473,-0.791082252,-0.127894804,-0.805698445
0.00119928,-1.59244956e-13,-9.0,-2.25060626,-8.99999466,0.0949648829,-0.791084697,-0.127745236,-0.805707192
0.00120028,1.964678e-13,-9.0,-2.24833733,-8.99999466,0.0951598695,-0.791087145,-0.12759624,-0.805715988
0.00120128,1.22275225e-13,-9.0,-2.24605452,-8.99999466,0.0953510994,-0.791089594,-0.127447815,-0.80572483
0.00120228,-1.68757303e-13,-9.0,-2.24375832,-8.99999466,0.095538565,-0.791092045,-0.127299962,-0.805733717
0.00120328,1.6723789e-13,-9.0,-2.2414492,-8.99999466,0.0957222588,-0.791094498,-0.127152684,-0.805742647
0.00120428,1.50043083e-13,-9.0,-2.23912762,-8.99999465,0.0959021737,-0.791096952,-0.12700598,-0.805751617
0.00120528,-1.7310229e-13,-9.0,-2.23679403,-8.99999465,0.0960783026,-0.791099408,-0.126859852,-0.805760627
0.00120628,1.35074641e-13,-9.0,-2.23444888,-8.99999465,0.0962506385,-0.791101866,-0.126714301,-0.805769675
0.00120728,1.75268287e-13,-9.0,-2.2320926,-8.99999465,0.0964191745,-0.791104324,-0.126569327,-0.805778758
0.00120828,-1.72243595e-13,-9.0,-2.2297256,-8.99999465,0.0965839041,-0.791106784,-0.126424931,-0.805787877
0.00120928,1.00683077e-13,-9.0,-2.2273483,-8.99999465,0.0967448207,-0.791109246,-0.126281113,-0.805797028
0.00121028,1.97276019e-13,-9.0,-2.22496111,-8.99999465,0.096901918,-0.791111708,-0.126137875,-0.805806211
0.00121128,-1.66270317e-13,-9.0,-2.22256442,-8.99999465,0.0970551898,-0.791114172,-0.125995217,-0.805815423
0.00121228,6.48214892e-14,-9.0,-2.22015861,-8.99999464,0.09720463,-0.791116637,-0.125853139,-0.805824665
0.00121328,2.15468517e-13,-9.0,-2.21774407,-8.99999464,0.0973502327,-0.791119103,-0.125711641,-0.805833933
0.00121428,-1.55394814e-13,-9.0,-2.21532115,-8.99999464,0.0974919922,-0.79112157,-0.125570725,-0.805843227
0.00121528,2.82832223e-14,-9.0,-2.21289022,-8.99999464,0.0976299029,-0.791124037,-0.125430391,-0.805852546
0.00121628,2.2933946e-13,-9.0,-2.21045164,-8.99999464,0.0977639593,-0.791126506,-0.125290639,-0.805861888
0.00121728,-1.39947579e-13,-9.0,-2.20800573,-8.99999464,0.0978941562,-0.791128975,-0.125151468,-0.805871252
0.00121828,-8.12237997e-15,-9.0,-2.20555285,-8.99999464,0.0980204884,-0.791131445,-0.125012881,-0.805880636
0.00121928,2.38486165e-13,-9.0,-2.20309331,-8.99999464,0.0981429509,-0.791133916,-0.124874875,-0.80589004
0.00122028,-1.20369277e-13,-9.0,-2.20062744,-8.99999463,0.0982615389,-0.791136387,-0.124737453,-0.805899462
0.00122128,-4.35894127e-14,-9.0,-2.19815555,-8.99999463,0.0983762477,-0.791138858,-0.124600614,-0.805908901
0.00122228,2.42619286e-13,-9.0,-2.19567794,-8.99999463,0.0984870727,-0.79114133,-0.124464357,-0.805918356
0.00122328,-9.72001272e-14,-9.0,-2.19319491,-8.99999463,0.0985940097,-0.791143803,-0.124328684,-0.805927826
0.00122428,-7.73347661e-14,-9.0,-2.19070675,-8.99999463,0.0986970543,-0.791146276,-0.124193593,-0.80593731
0.00122528,2.41569791e-13,-9.0,-2.18821374,-8.99999463,0.0987962026,-0.791148748,-0.124059086,-0.805946807
0.00122628,-7.10668966e-14,-9.0,-2.18571617,-8.99999463,0.0988914505,-0.791151221,-0.123925161,-0.805956316
0.00122728,-1.08616932e-13,-9.0,-2.18321429,-8.99999463,0.0989827944,-0.791153694,-0.123791819,-0.805965835
0.00122828,2.35293047e-13,-9.0,-2.18070837,-8.99999462,0.0990702306,-0.791156167,-0.12365906,-0.805975364
0.00122928,-4.26678102e-14,-9.0,-2.17819867,-8.99999462,0.0991537557,-0.79115864,-0.123526884,-0.805984902
0.00123028,-1.3675381e-13,-9.0,-2.17568544,-8.99999462,0.0992333664,-0.791161113,-0.12339529,-0.805994448
0.00123128,2.23869915e-13,-9.0,-2.17316892,-8.99999462,0.0993090595,-0.791163586,-0.123264278,-0.806004001
0.00123228,-1.27557428e-14,-9.0,-2.17064935,-8.99999462,0.099380832,-0.791166058,-0.123133848,-0.80601356
0.00123328,-1.61139086e-13,-9.0,-2.16812696,-8.99999462,0.0994486812,-0.79116853,-0.123004,-0.806023125
0.00123428,2.07504823e-13,-9.0,-2.16560197,-8.99999462,0.0995126043,-0.791171001,-0.122874732,-0.806032694
0.00123528,1.78799033e-14,-9.0,-2.16307462,-8.99999462,0.0995725988,-0.791173472,-0.122746046,-0.806042268
0.00123628,-1.81256789e-13,-9.0,-2.1605451,-8.99999461,0.0996286623,-0.791175942,-0.122617941,-0.806051844
0.00123728,1.8652088e-13,-9.0,-2.15801363,-8.99999461,0.0996807927,-0.791178412,-0.122490415,-0.806061422
0.00123828,4.84321983e-14,-9.0,-2.15548042,-8.99999461,0.0997289879,-0.791180881,-0.12236347,-0.806071002
0.00123928,-1.96693671e-13,-9.0,-2.15294566,-8.99999461,0.0997732459,-0.791183349,-0.122237104,-0.806080583
0.00124028,1.61352121e-13,-9.0,-2.15040954,-8.99999461,0.0998135651,-0.791185816,-0.122111317,-0.806090164
0.00124128,7.80961077e-14,-9.0,-2.14787225,-8.99999461,0.0998499438,-0.791188282,-0.121986108,-0.806099744
0.00124228,-2.07149122e-13,-9.0,-2.14533398,-8.99999461,0.0998823805,-0.791190747,-0.121861478,-0.806109323
0.00124328,1.32533102e-13,-9.0,-2.14279489,-8.99999461,0.0999108741,-0.791193211,-0.121737425,-0.806118901
0.00124428,1.06087868e-13,-9.0,-2.14025518,-8.9999946,0.0999354234,-0.791195674,-0.121613949,-0.806128476
0.00124528,-2.12442379e-13,-9.0,-2.137715,-8.9999946,0.0999560274,-0.791198135,-0.121491049,-0.806138048
0.00124628,1.00686064e-13,-9.0,-2.13517451,-8.9999946,0.0999726853,-0.791200595,-0.121368725,-0.806147616
0.00124728,1.31663854e-13,-9.0,-2.13263388,-8.9999946,0.0999853965,-0.791203054,-0.121246976,-0.80615718
0.00124828,-2.12516841e-13,-9.0,-2.13009327,-8.9999946,0.0999941604,-0.791205511,-0.121125803,-0.806166739
0.00124928,6.65059999e-14,-9.0,-2.12755282,-8.9999946,0.0999989767,-0.791207966,-0.121005203,-0.806176293
0.00125028,1.54138477e-13,-9.0,-2.12500339,-8.9999946,0.0999998452,-0.791210418,-0.120885354,-0.806186014
0.00125128,-2.07441418e-13,-9.0,-2.1224462,-8.99999459,0.0999967659,-0.791212868,-0.120765962,-0.806195606
0.00125228,3.07439649e-14,-9.0,-2.11990257,-8.99999459,0.0999897389,-0.791215319,-0.120646929,-0.806204981
0.00125328,1.72900692e-13,-9.0,-2.11737297,-8.99999459,0.0999787645,-0.791217769,-0.120528567,-0.806214455
0.00125428,-1.97408842e-13,-9.0,-2.11484473,-8.99999459,0.0999638431,-0.791220216,-0.120410806,-0.806223954
0.00125528,-5.81095849e-15,-9.0,-2.1123153,-8.99999459,0.0999449753,-0.791222661,-0.120293627,-0.806233459
0.00125628,1.87428708e-13,-9.0,-2.10978467,-8.99999459,0.0999221618,-0.791225103,-0.120177023,-0.80624296
0.00125728,-1.8273102e-13,-9.0,-2.10725347,-8.99999459,0.0998954036,-0.791227543,-0.12006099,-0.806252455
0.00125828,-4.23506065e-14,-9.0,-2.10472237,-8.99999459,0.0998647017,-0.79122998,-0.119945525,-0.806261941
0.00125928,1.97302561e-13,-9.0,-2.10219192,-8.99999458,0.0998300572,-0.791232415,-0.119830628,-0.806271417
0.00126028,-1.63831505e-13,-9.0,-2.09966253,-8.99999458,0.0997914717,-0.791234847,-0.119716297,-0.806280884
0.00126128,-7.80671437e-14,-9.0,-2.0971345,-8.99999458,0.0997489466,-0.791237277,-0.119602532,-0.80629034
0.00126228,2.02214227e-13,-9.0,-2.09460807,-8.99999458,0.0997024835,-0.791239705,-0.119489331,-0.806299785
0.00126328,-1.41235297e-13,-9.0,-2.0920834,-8.99999458,0.0996520844,-0.791242129,-0.119376695,-0.806309219
0.00126428,-1.12172463e-13,-9.0,-2.08956064,-8.99999458,0.0995977512,-0.791244551,-0.119264621,-0.806318642
0.00126528,2.01975053e-13,-9.0,-2.08703992,-8.99999458,0.099539486,-0.79124697,-0.11915311,-0.806328052
0.00126628,-1.15556194e-13,-9.0,-2.08452134,-8.99999458,0.0994772912,-0.791249386,-0.11904216,-0.80633745
0.00126728,-1.43917109e-13,-9.0,-2.082005,-8.99999457,0.0994111692,-0.791251798,-0.118931771,-0.806346836
0.00126828,1.96520312e-13,-9.0,-2.07949099,-8.99999457,0.0993411226,-0.791254208,-0.118821941,-0.806356209
0.00126928,-8.7482014e-14,-9.0,-2.07697939,-8.99999457,0.0992671541,-0.791256615,-0.11871267,-0.806365569
0.00127028,-1.72608279e-13,-9.0,-2.07447029,-8.99999457,0.0991892668,-0.791259018,-0.118603958,-0.806374916
0.00127128,1.85910787e-13,-9.0,-2.07196376,-8.99999457,0.0991074637,-0.791261418,-0.118495802,-0.806384249
0.00127228,-5.77580396e-14,-9.0,-2.06945988,-8.99999457,0.099021748,-0.791263814,-0.118388203,-0.806393569
0.00127328,-1.97626451e-13,-9.0,-2.06695872,-8.99999457,0.098932123,-0.791266207,-0.118281159,-0.806402874
0.00127428,1.70331325e-13,-9.0,-2.06446035,-8.99999457,0.0988385924,-0.791268596,-0.11817467,-0.806412166
0.00127528,-2.71690742e-14,-9.0,-2.06196484,-8.99999456,0.0987411598,-0.791270982,-0.118068734,-0.806421442
0.00127628,-2.18440263e-13,-9.0,-2.05947224,-8.99999456,0.0986398291,-0.791273363,-0.117963352,-0.806430704
0.00127728,1.50086417e-13,-9.0,-2.05698263,-8.99999456,0.0985346043,-0.791275741,-0.117858521,-0.806439951
0.00127828,3.47944629e-15,-9.0,-2.05449606,-8.99999456,0.0984254894,-0.791278115,-0.117754241,-0.806449184
0.00127928,-2.34619261e-13,-9.0,-2.05201258,-8.99999456,0.0983124889,-0.791280485,-0.117650511,-0.8064584
0.00128028,1.25592901e-13,-9.0,-2.04953226,-8.99999456,0.0981956072,-0.791282851,-0.11754733,-0.806467602
0.00128128,3.33808388e-14,-9.0,-2.04705515,-8.99999456,0.0980748489,-0.791285213,-0.117444697,-0.806476788
0.00128228,-2.45844232e-13,-9.0,-2.04458129,-8.99999456,0.0979502188,-0.79128757,-0.117342612,-0.806485958
0.00128328,9.73699558e-14,-9.0,-2.04211075,-8.99999455,0.0978217218,-0.791289923,-0.117241073,-0.806495112
0.00128428,6.17465888e-14,-9.0,-2.03964356,-8.99999455,0.0976893629,-0.791292272,-0.117140079,-0.80650425
0.00128528,-2.51914855e-13,-9.0,-2.03717977,-8.99999455,0.0975531474,-0.791294616,-0.11703963,-0.806513372
0.00128628,6.60266469e-14,-9.0,-2.03471943,-8.99999455,0.0974130807,-0.791296955,-0.116939725,-0.806522478
0.00128728,8.78253285e-14,-9.0,-2.03226257,-8.99999455,0.0972691683,-0.79129929,-0.116840362,-0.806531567
0.00128828,-2.52754494e-13,-9.0,-2.02980925,-8.99999455,0.0971214159,-0.79130162,-0.11674154,-0.80654064
0.00128928,3.2247298e-14,-9.0,-2.02735949,-8.99999455,0.0969698293,-0.791303945,-0.11664326,-0.806549696
0.00129028,1.10920921e-13,-9.0,-2.02491333,-8.99999455,0.0968144144,-0.791306265,-0.116545519,-0.806558735
0.00129128,-2.48412026e-13,-9.0,-2.02247081,-8.99999454,0.0966551775,-0.791308581,-0.116448317,-0.806567757
0.00129228,-3.22493946e-15,-9.0,-2.02003196,-8.99999454,0.0964921249,-0.791310891,-0.116351653,-0.806576763
0.00129328,1.30409218e-13,-9.0,-2.01759682,-8.99999454,0.0963252629,-0.791313196,-0.116255526,-0.806585751
0.00129428,-2.39060644e-13,-9.0,-2.01516541,-8.99999454,0.0961545981,-0.791315496,-0.116159935,-0.806594722
0.00129528,-3.96059339e-14,-9.0,-2.01273777,-8.99999454,0.0959801373,-0.79131779,-0.116064879,-0.806603676
0.00129628,1.45753083e-13,-9.0,-2.01031392,-8.99999454,0.0958018874,-0.791320079,-0.115970358,-0.806612612
0.00129728,-2.24993671e-13,-9.0,-2.00789389,-8.99999454,0.0956198554,-0.791322363,-0.115876369,-0.806621531
0.00129828,-7.60894071e-14,-9.0,-2.00547771,-8.99999454,0.0954340484,-0.791324641,-0.115782912,-0.806630433
0.00129928,1.56515325e-13,-9.0,-2.00306539,-8.99999453,0.095244474,-0.791326913,-0.115689987,-0.806639317
0.00130028,-2.06617494e-13,-9.0,-2.00065696,-8.99999453,0.0950511394,-0.79132918,-0.115597592,-0.806648184
0.00130128,-1.11866301e-13,-9.0,-1.99825244,-8.99999453,0.0948540523,-0.791331441,-0.115505727,-0.806657033
0.00130228,1.62369225e-13,-9.0,-1.99585186,-8.99999453,0.0946532206,-0.791333696,-0.115414389,-0.806665864
0.00130328,-1.84441774e-13,-9.0,-1.99345522,-8.99999453,0.0944486521,-0.791335945,-0.11532358,-0.806674677
0.00130428,-1.4614421e-13,-9.0,-1.99106255,-8.99999453,0.094240355,-0.791338188,-0.115233297,-0.806683473
0.00130528,1.63106415e-13,-9.0,-1.98867387,-8.99999453,0.0940283374,-0.791340424,-0.115143539,-0.806692251
0.00130628,-1.59067176e-13,-9.0,-1.98628918,-8.99999453,0.0938126078,-0.791342655,-0.115054306,-0.806701011
0.00130728,-1.78166419e-13,-9.0,-1.98390851,-8.99999452,0.0935931746,-0.791344879,-0.114965596,-0.806709753
0.00130828,1.58641894e-13,-9.0,-1.98153187,-8.99999452,0.0933700464,-0.791347097,-0.11487741,-0.806718478
0.00130928,-1.3117091e-13,-9.0,-1.97915926,-8.99999452,0.0931432322,-0.791349309,-0.114789745,-0.806727184
0.00131028,-2.07230076e-13,-9.0,-1.9767907,-8.99999452,0.0929127409,-0.791351514,-0.1147026,-0.806735873
0.00131128,1.49016095e-13,-9.0,-1.9744262,-8.99999452,0.0926785815,-0.791353712,-0.114615976,-0.806744544
0.00131228,-1.01490437e-13,-9.0,-1.97206577,-8.99999452,0.0924407633,-0.791355904,-0.114529871,-0.806753196
0.00131328,-2.3270308e-13,-9.0,-1.96970942,-8.99999452,0.0921992958,-0.791358089,-0.114444283,-0.806761831
0.00131428,1.34393923e-13,-9.0,-1.96735715,-8.99999452,0.0919541883,-0.791360267,-0.114359213,-0.806770448
0.00131528,-7.08057267e-14,-9.0,-1.96500897,-8.99999452,0.0917054507,-0.791362438,-0.114274659,-0.806779047
0.00131628,-2.54039262e-13,-9.0,-1.96266489,-8.99999451,0.0914530927,-0.791364603,-0.11419062,-0.806787628
0.00131728,1.15060805e-13,-9.0,-1.9603249,-8.99999451,0.0911971242,-0.79136676,-0.114107095,-0.806796191
0.00131828,-3.99204866e-14,-9.0,-1.95798902,-8.99999451,0.0909375555,-0.79136891,-0.114024084,-0.806804736
0.00131928,-2.70791504e-13,-9.0,-1.95565725,-8.99999451,0.0906743967,-0.791371053,-0.113941585,-0.806813263
0.00132028,9.14158387e-14,-9.0,-1.95332959,-8.99999451,0.0904076583,-0.791373188,-0.113859597,-0.806821773
0.00132128,-9.64283456e-15,-9.0,-1.95100604,-8.99999451,0.0901373507,-0.791375316,-0.11377812,-0.806830264
0.00132228,-2.82622479e-13,-9.0,-1.94868659,-8.99999451,0.0898634846,-0.791377437,-0.113697153,-0.806838738
0.00132328,6.3962206e-14,-9.0,-1.94637126,-8.99999451,0.0895860709,-0.79137955,-0.113616694,-0.806847194
0.00132428,1.92341421e-14,-9.0,-1.94406004,-8.9999945,0.0893051204,-0.791381656,-0.113536744,-0.806855632
0.00132528,-2.89312755e-13,-9.0,-1.94175293,-8.9999945,0.0890206444,-0.791383754,-0.1134573,-0.806864052
0.00132628,3.32950854e-14,-9.0,-1.93944993,-8.9999945,0.088732654,-0.791385844,-0.113378362,-0.806872454
0.00132728,4.59514608e-14,-9.0,-1.93715103,-8.9999945,0.0884411605,-0.791387926,-0.113299929,-0.806880839
0.00132828,-2.90766058e-13,-9.0,-1.93485623,-8.9999945,0.0881461756,-0.79139,-0.113222,-0.806889206
0.00132928,8.73471183e-17,-9.0,-1.93256552,-8.9999945,0.0878477108,-0.791392067,-0.113144575,-0.806897555
0.00133028,6.98024959e-14,-9.0,-1.93027891,-8.9999945,0.0875457779,-0.791394125,-0.113067652,-0.806905887
0.00133128,-2.8701159e-13,-9.0,-1.92799638,-8.9999945,0.0872403889,-0.791396175,-0.11299123,-0.806914201
0.00133228,-3.49266207e-14,-9.0,-1.92571794,-8.9999945,0.0869315557,-0.791398217,-0.11291531,-0.806922498
0.00133328,9.01499702e-14,-9.0,-1.92344357,-8.99999449,0.0866192907,-0.791400251,-0.112839889,-0.806930777
0.00133428,-2.78203317e-13,-9.0,-1.92117326,-8.99999449,0.086303606,-0.791402276,-0.112764966,-0.806939038
0.00133528,-7.09685678e-14,-9.0,-1.91890702,-8.99999449,0.0859845143,-0.791404293,-0.112690542,-0.806947283
0.00133628,1.06441275e-13,-9.0,-1.91664482,-8.99999449,0.085662028,-0.791406301,-0.112616615,-0.80695551
0.00133728,-2.64616278e-13,-9.0,-1.91438667,-8.99999449,0.08533616,-0.791408301,-0.112543184,-0.806963719
0.00133828,-1.07235095e-13,-9.0,-1.91213256,-8.99999449,0.085006923,-0.791410292,-0.112470248,-0.806971911
0.00133928,1.18221753e-13,-9.0,-1.90988247,-8.99999449,0.0846743301,-0.791412275,-0.112397807,-0.806980087
0.00134028,-2.46639973e-13,-9.0,-1.90763639,-8.99999449,0.0843383944,-0.791414249,-0.11232586,-0.806988245
0.00134128,-1.42916979e-13,-9.0,-1.90539432,-8.99999448,0.0839991291,-0.791416213,-0.112254405,-0.806996386
0.00134228,1.25145618e-13,-9.0,-1.90315624,-8.99999448,0.0836565477,-0.791418169,-0.112183443,-0.80700451
0.00134328,-2.24769008e-13,-9.0,-1.90092214,-8.99999448,0.0833106637,-0.791420116,-0.112112971,-0.807012616
0.00134428,-1.77218634e-13,-9.0,-1.89869201,-8.99999448,0.0829614908,-0.791422054,-0.11204299,-0.807020707
0.00134528,1.26984259e-13,-9.0,-1.89646584,-8.99999448,0.0826090426,-0.791423982,-0.111973498,-0.80702878
0.00134628,-1.99591222e-13,-9.0,-1.89424362,-8.99999448,0.0822533332,-0.791425902,-0.111904495,-0.807036836
0.00134728,-2.09377263e-13,-9.0,-1.89202533,-8.99999448,0.0818943766,-0.791427812,-0.111835979,-0.807044876
0.00134828,1.23631714e-13,-9.0,-1.88981096,-8.99999448,0.0815321869,-0.791429713,-0.111767951,-0.807052899
0.00134928,-1.71773574e-13,-9.0,-1.88760049,-8.99999448,0.0811667785,-0.791431604,-0.111700408,-0.807060905
0.00135028,-2.38681216e-13,-9.0,-1.88539392,-8.99999447,0.0807981657,-0.791433486,-0.111633351,-0.807068895
0.00135128,1.15107195e-13,-9.0,-1.88319123,-8.99999447,0.0804263632,-0.791435358,-0.111566778,-0.807076869
0.00135228,-1.42046131e-13,-9.0,-1.88099239,-8.99999447,0.0800513856,-0.79143722,-0.111500689,-0.807084826
0.00135328,-2.64487128e-13,-9.0,-1.87879741,-8.99999447,0.0796732476,-0.791439073,-0.111435083,-0.807092767
0.00135428,1.0155459e-13,-9.0,-1.87660626,-8.99999447,0.0792919644,-0.791440916,-0.111369959,-0.807100691
0.00135528,-1.11184562e-13,-9.0,-1.87441892,-8.99999447,0.0789075508,-0.791442749,-0.111305317,-0.8071086
0.00135628,-2.86235434e-13,-9.0,-1.87223539,-8.99999447,0.078520022,-0.791444573,-0.111241154,-0.807116492
0.00135728,8.32389631e-14,-9.0,-1.87005564,-8.99999447,0.0781293935,-0.791446386,-0.111177472,-0.807124369
0.00135828,-7.99915257e-14,-9.0,-1.86787966,-8.99999447,0.0777356805,-0.791448189,-0.111114268,-0.807132229
0.00135928,-3.03463864e-13,-9.0,-1.86570744,-8.99999446,0.0773388987,-0.791449983,-0.111051543,-0.807140073
0.00136028,6.05525115e-14,-9.0,-1.86353894,-8.99999446,0.0769390636,-0.791451766,-0.110989295,-0.807147902
0.00136128,-4.92437297e-14,-9.0,-1.86137417,-8.99999446,0.0765361911,-0.791453538,-0.110927524,-0.807155715
0.00136228,-3.15779111e-13,-9.0,-1.85921309,-8.99999446,0.0761302971,-0.791455301,-0.110866228,-0.807163513
0.00136328,3.39924825e-14,-9.0,-1.8570557,-8.99999446,0.0757213976,-0.791457053,-0.110805408,-0.807171295
0.00136428,-1.97675174e-14,-9.0,-1.85490197,-8.99999446,0.0753095088,-0.791458794,-0.110745062,-0.807179061
0.00136528,-3.22979258e-13,-9.0,-1.85275189,-8.99999446,0.0748946469,-0.791460525,-0.11068519,-0.807186812
0.00136628,4.12322842e-15,-9.0,-1.85060543,-8.99999446,0.0744768282,-0.791462246,-0.11062579,-0.807194548
0.00136728,7.67283642e-15,-9.0,-1.84846258,-8.99999446,0.0740560694,-0.791463956,-0.110566863,-0.807202268
0.00136828,-3.24944499e-13,-9.0,-1.84632333,-8.99999446,0.0736323869,-0.791465655,-0.110508407,-0.807209974
0.00136928,-2.83943584e-14,-9.0,-1.84418764,-8.99999445,0.0732057976,-0.791467343,-0.110450422,-0.807217664
0.00137028,3.23605606e-14,-9.0,-1.84205551,-8.99999445,0.0727763182,-0.791469021,-0.110392907,-0.807225339
0.00137128,-3.21684458e-13,-9.0,-1.8399269,-8.99999445,0.0723439657,-0.791470688,-0.110335861,-0.807233
0.00137228,-6.28351823e-14,-9.0,-1.83780181,-8.99999445,0.0719087572,-0.791472344,-0.110279284,-0.807240645
0.00137328,5.36455918e-14,-9.0,-1.83568022,-8.99999445,0.0714707099,-0.791473988,-0.110223174,-0.807248276
0.00137428,-3.13333858e-13,-9.0,-1.83356209,-8.99999445,0.071029841,-0.791475622,-0.110167532,-0.807255893
0.00137528,-9.84273872e-14,-9.0,-1.83144742,-8.99999445,0.070586168,-0.791477244,-0.110112356,-0.807263494
0.00137628,7.09601918e-14,-9.0,-1.82933618,-8.99999445,0.0701397084,-0.791478856,-0.110057646,-0.807271082
0.00137728,-3.00149296e-13,-9.0,-1.82722835,-8.99999445,0.0696904798,-0.791480456,-0.110003401,-0.807278655
0.00137828,-1.34370927e-13,-9.0,-1.82512391,-8.99999444,0.0692384999,-0.791482045,-0.10994962,-0.807286213
0.00137928,8.38325833e-14,-9.0,-1.82302285,-8.99999444,0.0687837866,-0.791483622,-0.109896304,-0.807293758
0.00138028,-2.82503092e-13,-9.0,-1.82092513,-8.99999444,0.0683263579,-0.791485188,-0.10984345,-0.807301288
0.00138128,-1.69856817e-13,-9.0,-1.81883074,-8.99999444,0.0678662317,-0.791486742,-0.109791058,-0.807308804
0.00138228,9.18982757e-14,-9.0,-1.81673965,-8.99999444,0.0674034263,-0.791488285,-0.109739129,-0.807316307
0.00138328,-2.6087435e-13,-9.0,-1.81465186,-8.99999444,0.0669379599,-0.791489816,-0.10968766,-0.807323795
0.00138428,-2.04086601e-13,-9.0,-1.81256732,-8.99999444,0.0664698509,-0.791491336,-0.109636652,-0.80733127
0.00138528,9.49088081e-14,-9.0,-1.81048603,-8.99999444,0.0659991178,-0.791492844,-0.109586104,-0.807338731
0.00138628,-2.35837464e-13,-9.0,-1.80840796,-8.99999444,0.0655257792,-0.79149434,-0.109536014,-0.807346179
0.00138728,-2.36291569e-13,-9.0,-1.80633309,-8.99999443,0.0650498537,-0.791495824,-0.109486384,-0.807353613
0.00138828,9.27376997e-14,-9.0,-1.80426139,-8.99999443,0.0645713602,-0.791497297,-0.109437211,-0.807361034
0.00138928,-2.08048333e-13,-9.0,-1.80219285,-8.99999443,0.0640903175,-0.791498757,-0.109388496,-0.807368441
0.00139028,-2.65751269e-13,-9.0,-1.80012744,-8.99999443,0.0636067446,-0.791500205,-0.109340237,-0.807375835
0.00139128,8.53834636e-14,-9.0,-1.79806515,-8.99999443,0.0631206607,-0.791501642,-0.109292434,-0.807383216
0.00139228,-1.78228617e-13,-9.0,-1.79600594,-8.99999443,0.0626320848,-0.791503066,-0.109245087,-0.807390584
0.00139328,-2.91810852e-13,-9.0,-1.79394979,-8.99999443,0.0621410364,-0.791504478,-0.109198194,-0.80739794
0.00139428,7.29696125e-14,-9.0,-1.79189669,-8.99999443,0.0616475347,-0.791505878,-0.109151756,-0.807405282
0.00139528,-1.47148421e-13,-9.0,-1.78984661,-8.99999443,0.0611515993,-0.791507265,-0.109105771,-0.807412611
0.00139628,-3.1389685e-13,-9.0,-1.78779953,-8.99999443,0.0606532497,-0.791508641,-0.10906024,-0.807419928
0.00139728,5.57416542e-14,-9.0,-1.78575542,-8.99999442,0.0601525056,-0.791510003,-0.109015161,-0.807427232
0.00139828,-1.15607817e-13,-9.0,-1.78371426,-8.99999442,0.0596493868,-0.791511354,-0.108970534,-0.807434524
0.00139928,-3.31531006e-13,-9.0,-1.78167604,-8.99999442,0.0591439132,-0.791512692,-0.108926358,-0.807441804
0.00140028,3.40611502e-14,-9.0,-1.77964072,-8.99999442,0.0586361046,-0.791514017,-0.108882633,-0.807449071
0.00140128,-8.44176436e-14,-9.0,-1.77760828,-8.99999442,0.0581259812,-0.79151533,-0.108839359,-0.807456326
0.00140228,-3.44341806e-13,-9.0,-1.7755787,-8.99999442,0.0576135631,-0.79151663,-0.108796534,-0.807463569
0.00140328,8.39697962e-15,-9.0,-1.77355196,-8.99999442,0.0570988705,-0.791517917,-0.108754158,-0.8074708
0.00140428,-5.43800649e-14,-9.0,-1.77152803,-8.99999442,0.0565819238,-0.791519192,-0.108712231,-0.807478018
0.00140528,-3.52073466e-13,-9.0,-1.76950689,-8.99999442,0.0560627433,-0.791520454,-0.108670751,-0.807485226
0.00140628,-2.0685982e-14,-9.0,-1.76748852,-8.99999442,0.0555413495,-0.791521703,-0.10862972,-0.807492421
0.00140728,-2.62693284e-14,-9.0,-1.7654729,-8.99999441,0.055017763,-0.791522939,-0.108589135,-0.807499605
0.00140828,-3.54592126e-13,-9.0,-1.76345999,-8.99999441,0.0544920046,-0.791524163,-0.108548997,-0.807506777
0.00140928,-5.2540497e-14,-9.0,-1.76144977,-8.99999441,0.0539640948,-0.791525373,-0.108509305,-0.807513938
0.00141028,-8.13208987e-16,-9.0,-1.75944223,-8.99999441,0.0534340547,-0.79152657,-0.108470058,-0.807521087
0.00141128,-3.51889131e-13,-9.0,-1.75743734,-8.99999441,0.0529019051,-0.791527754,-0.108431257,-0.807528225
0.00141228,-8.6452586e-14,-9.0,-1.75543508,-8.99999441,0.052367667,-0.791528925,-0.1083929,-0.807535352
0.00141328,2.13244284e-14,-9.0,-1.75343541,-8.99999441,0.0518313616,-0.791530083,-0.108354986,-0.807542468
0.00141428,-3.44081299e-13,-9.0,-1.75143833,-8.99999441,0.0512930099,-0.791531228,-0.108317517,-0.807549573
0.00141528,-1.21658758e-13,-9.0,-1.74944379,-8.99999441,0.0507526332,-0.79153236,-0.10828049,-0.807556667
0.00141628,3.95595219e-14,-9.0,-1.74745179,-8.99999441,0.050210253,-0.791533478,-0.108243906,-0.80756375
0.00141728,-3.31408184e-13,-9.0,-1.74546229,-8.9999944,0.0496658905,-0.791534582,-0.108207763,-0.807570823
0.00141828,-1.57364438e-13,-9.0,-1.74347528,-8.9999944,0.0491195673,-0.791535674,-0.108172063,-0.807577885
0.00141928,5.34017816e-14,-9.0,-1.74149072,-8.9999944,0.0485713049,-0.791536752,-0.108136804,-0.807584936
0.00142028,-3.14226389e-13,-9.0,-1.7395086,-8.9999944,0.048021125,-0.791537816,-0.108101985,-0.807591977
0.00142128,-1.92763146e-13,-9.0,-1.73752889,-8.9999944,0.0474690493,-0.791538867,-0.108067606,-0.807599008
0.00142228,6.2466397e-14,-9.0,-1.73555156,-8.9999944,0.0469150997,-0.791539905,-0.108033668,-0.807606028
0.00142328,-2.93001076e-13,-9.0,-1.7335766,-8.9999944,0.0463592979,-0.791540929,-0.108000169,-0.807613039
0.00142428,-2.27055977e-13,-9.0,-1.73160397,-8.9999944,0.0458016659,-0.791541939,-0.107967108,-0.807620039
0.00142528,6.64832015e-14,-9.0,-1.72963366,-8.9999944,0.0452422257,-0.791542935,-0.107934486,-0.807627029
0.00142628,-2.68294876e-13,-9.0,-1.72766564,-8.9999944,0.0446809995,-0.791543918,-0.107902303,-0.80763401
0.00142728,-2.59470892e-13,-9.0,-1.72569988,-8.99999439,0.0441180093,-0.791544887,-0.107870557,-0.80764098
0.00142828,6.5303073e-14,-9.0,-1.72373637,-8.99999439,0.0435532775,-0.791545843,-0.107839248,-0.807647941
0.00142928,-2.40754455e-13,-9.0,-1.72177507,-8.99999439,0.0429868262,-0.791546784,-0.107808376,-0.807654893
0.00143028,-2.89281387e-13,-9.0,-1.71981596,-8.99999439,0.0424186779,-0.791547712,-0.10777794,-0.807661835
0.00143128,5.89014163e-14,-9.0,-1.71785903,-8.99999439,0.0418488549,-0.791548625,-0.107747941,-0.807668768
0.00143228,-2.11095071e-13,-9.0,-1.71590424,-8.99999439,0.0412773799,-0.791549525,-0.107718377,-0.807675691
0.00143328,-3.15824062e-13,-9.0,-1.71395157,-8.99999439,0.0407042752,-0.791550411,-0.107689248,-0.807682605
0.00143428,4.73786436e-14,-9.0,-1.71200099,-8.99999439,0.0401295637,-0.791551282,-0.107660555,-0.80768951
0.00143528,-1.80083499e-13,-9.0,-1.71005249,-8.99999439,0.0395532679,-0.79155214,-0.107632296,-0.807696406
0.00143628,-3.38514693e-13,-9.0,-1.70810603,-8.99999439,0.0389754106,-0.791552984,-0.107604471,-0.807703293
0.00143728,3.09576408e-14,-9.0,-1.7061616,-8.99999438,0.0383960146,-0.791553813,-0.10757708,-0.807710171
0.00143828,-1.4851971e-13,-9.0,-1.70421917,-8.99999438,0.0378151028,-0.791554628,-0.107550122,-0.807717041
0.00143928,-3.56862399e-13,-9.0,-1.70227871,-8.99999438,0.0372326981,-0.79155543,-0.107523598,-0.807723901
0.00144028,9.97827932e-15,-9.0,-1.7003402,-8.99999438,0.0366488236,-0.791556216,-0.107497506,-0.807730754
0.00144128,-1.17217776e-13,-9.0,-1.69840362,-8.99999438,0.0360635022,-0.791556989,-0.107471847,-0.807737597
0.00144228,-3.70481582e-13,-9.0,-1.69646893,-8.99999438,0.0354767571,-0.791557747,-0.10744662,-0.807744433
0.00144328,-1.51108929e-14,-9.0,-1.69453613,-8.99999438,0.0348886114,-0.791558491,-0.107421824,-0.80775126
0.00144428,-8.69864386e-14,-9.0,-1.69260518,-8.99999438,0.0342990884,-0.791559221,-0.10739746,-0.807758079
0.00144528,-3.79101339e-13,-9.0,-1.69067605,-8.99999438,0.0337082113,-0.791559936,-0.107373528,-0.80776489
0.00144628,-4.37635847e-14,-9.0,-1.68874874,-8.99999438,0.0331160035,-0.791560637,-0.107350026,-0.807771693
0.00144728,-5.86098155e-14,-9.0,-1.6868232,-8.99999437,0.0325224883,-0.791561324,-0.107326954,-0.807778488
0.00144828,-3.82572137e-13,-9.0,-1.68489941,-8.99999437,0.0319276892,-0.791561996,-0.107304313,-0.807785275
0.00144928,-7.53490541e-14,-9.0,-1.68297736,-8.99999437,0.0313316296,-0.791562653,-0.107282101,-0.807792054
0.00145028,-3.28287132e-14,-9.0,-1.68105701,-8.99999437,0.0307343331,-0.791563296,-0.10726032,-0.807798826
0.00145128,-3.80869569e-13,-9.0,-1.67913835,-8.99999437,0.0301358233,-0.791563925,-0.107238967,-0.80780559
0.00145228,-1.09167443e-13,-9.0,-1.67722134,-8.99999437,0.0295361237,-0.791564539,-0.107218044,-0.807812347
0.00145328,-1.03229894e-14,-9.0,-1.67530597,-8.99999437,0.0289352582,-0.791565138,-0.10719755,-0.807819097
0.00145428,-3.74095118e-13,-9.0,-1.6733922,-8.99999437,0.0283332503,-0.791565722,-0.107177484,-0.807825839
0.00145528,-1.44466785e-13,-9.0,-1.67148002,-8.99999437,0.0277301238,-0.791566292,-0.107157846,-0.807832574
0.00145628,8.30460726e-15,-9.0,-1.6695694,-8.99999437,0.0271259027,-0.791566848,-0.107138636,-0.807839302
0.00145728,-3.6247391e-13,-9.0,-1.66766032,-8.99999437,0.0265206106,-0.791567388,-0.107119854,-0.807846023
0.00145828,-1.80461275e-13,-9.0,-1.66575275,-8.99999436,0.0259142715,-0.791567914,-0.1071015,-0.807852737
0.00145928,2.25427315e-14,-9.0,-1.66384666,-8.99999436,0.0253069094,-0.791568425,-0.107083572,-0.807859444
0.00146028,-3.463495e-13,-9.0,-1.66194204,-8.99999436,0.0246985483,-0.791568922,-0.107066072,-0.807866145
0.00146128,-2.16350369e-13,-9.0,-1.66003886,-8.99999436,0.024089212,-0.791569403,-0.107048999,-0.807872838
0.00146228,3.19835265e-14,-9.0,-1.65813709,-8.99999436,0.0234789248,-0.79156987,-0.107032352,-0.807879526
0.00146328,-3.26175825e-13,-9.0,-1.65623671,-8.99999436,0.0228677107,-0.791570322,-0.107016132,-0.807886207
0.00146428,-2.51338246e-13,-9.0,-1.65433769,-8.99999436,0.0222555938,-0.791570759,-0.107000337,-0.807892881
0.00146528,3.63322085e-14,-9.0,-1.65244002,-8.99999436,0.0216425982,-0.791571181,-0.106984969,-0.807899549
0.00146628,-3.02506516e-13,-9.0,-1.65054366,-8.99999436,0.0210287483,-0.791571588,-0.106970027,-0.807906212
0.00146728,-2.84653171e-13,-9.0,-1.64864859,-8.99999436,0.0204140682,-0.79157198,-0.10695551,-0.807912867
0.00146828,3.54139201e-14,-9.0,-1.6467548,-8.99999435,0.0197985821,-0.791572357,-0.106941418,-0.807919517
0.00146928,-2.75981824e-13,-9.0,-1.64486224,-8.99999435,0.0191823145,-0.79157272,-0.106927751,-0.807926162
0.00147028,-3.15566292e-13,-9.0,-1.64297091,-8.99999435,0.0185652896,-0.791573067,-0.10691451,-0.8079328
0.00147128,2.91776875e-14,-9.0,-1.64108077,-8.99999435,0.0179475317,-0.791573399,-0.106901693,-0.807939432
0.00147228,-2.47313482e-13,-9.0,-1.6391918,-8.99999435,0.0173290653,-0.791573717,-0.106889301,-0.807946059
0.00147328,-3.43409419e-13,-9.0,-1.63730398,-8.99999435,0.0167099148,-0.791574019,-0.106877333,-0.807952681
0.00147428,1.76973866e-14,-9.0,-1.63541728,-8.99999435,0.0160901046,-0.791574306,-0.10686579,-0.807959297
0.00147528,-2.17267853e-13,-9.0,-1.63353167,-8.99999435,0.0154696592,-0.791574579,-0.106854671,-0.807965907
0.00147628,-3.67591354e-13,-9.0,-1.63164714,-8.99999435,0.0148486031,-0.791574836,-0.106843976,-0.807972512
0.00147728,1.1696946e-15,-9.0,-1.62976366,-8.99999435,0.0142269607,-0.791575078,-0.106833705,-0.807979112
0.00147828,-1.86647786e-13,-9.0,-1.62788121,-8.99999435,0.0136047568,-0.791575305,-0.106823857,-0.807985707
0.00147928,-3.87612391e-13,-9.0,-1.62599975,-8.99999434,0.0129820157,-0.791575516,-0.106814433,-0.807992297
0.00148028,-2.00909246e-14,-9.0,-1.62411927,-8.99999434,0.0123587621,-0.791575713,-0.106805433,-0.807998882
0.00148128,-1.562736e-13,-9.0,-1.62223974,-8.99999434,0.0117350206,-0.791575895,-0.106796856,-0.808005462
0.00148228,-4.03076617e-13,-9.0,-1.62036114,-8.99999434,0.0111108159,-0.791576061,-0.106788702,-0.808012038
0.00148328,-4.56600784e-14,-9.0,-1.61848344,-8.99999434,0.0104861725,-0.791576212,-0.106780972,-0.808018608
0.00148428,-1.26963664e-13,-9.0,-1.61660663,-8.99999434,0.00986111512,-0.791576348,-0.106773664,-0.808025174
0.00148528,-4.13701743e-13,-9.0,-1.61473066,-8.99999434,0.00923566845,-0.791576469,-0.106766779,-0.808031736
0.00148628,-7.50139601e-14,-9.0,-1.61285553,-8.99999434,0.00860985717,-0.791576575,-0.106760317,-0.808038293
0.00148728,-9.95150423e-14,-9.0,-1.61098121,-8.99999434,0.00798370599,-0.791576665,-0.106754278,-0.808044846
0.00148828,-4.19326209e-13,-9.0,-1.60910766,-8.99999434,0.00735723963,-0.79157674,-0.106748662,-0.808051395
0.00148928,-1.07542265e-13,-9.0,-1.60723488,-8.99999434,0.00673048282,-0.7915768,-0.106743468,-0.80805794
0.00149028,-7.46846511e-14,-9.0,-1.60536282,-8.99999433,0.00610346029,-0.791576845,-0.106738697,-0.80806448
0.00149128,-4.19913395e-13,-9.0,-1.60349148,-8.99999433,0.00547619682,-0.791576874,-0.106734348,-0.808071017
0.00149228,-1.42563198e-13,-9.0,-1.60162082,-8.99999433,0.00484871715,-0.791576889,-0.106730421,-0.808077549
0.00149328,-5.31714042e-14,-9.0,-1.59975083,-8.99999433,0.00422104606,-0.791576888,-0.106726917,-0.808084078
0.00149428,-4.15552849e-13,-9.0,-1.59788147,-8.99999433,0.00359320834,-0.791576871,-0.106723835,-0.808090603
0.00149528,-1.79340213e-13,-9.0,-1.59601272,-8.99999433,0.00296522876,-0.79157684,-0.106721176,-0.808097125
0.00149628,-3.55997572e-14,-9.0,-1.59414456,-8.99999433,0.00233713212,-0.791576793,-0.106718938,-0.808103643
0.00149728,-4.06458483e-13,-9.0,-1.59227697,-8.99999433,0.00170894321,-0.791576731,-0.106717123,-0.808110158
0.00149828,-2.17100074e-13,-9.0,-1.59040992,-8.99999433,0.00108068684,-0.791576653,-0.10671573,-0.808116669
0.00149928,-2.25050535e-14,-9.0,-1.58854338,-8.99999433,0.000452387799,-0.791576561,-0.106714759,-0.808123177
0.00150028,-3.92963796e-13,-9.0,-1.58667733,-8.99999432,-0.000175929098,-0.791576453,-0.10671421,-0.808129682
0.00150128,-2.55051812e-13,-9.0,-1.58481175,-8.99999432,-0.000804239049,-0.79157633,-0.106714083,-0.808136183
0.00150228,-1.43210222e-14,-9.0,-1.58294662,-8.99999432,-0.00143251725,-0.791576191,-0.106714378,-0.808142682
0.00150328,-3.75514222e-13,-9.0,-1.5810819,-8.99999432,-0.0020607389,-0.791576037,-0.106715095,-0.808149178
0.00150428,-2.92406116e-13,-9.0,-1.57921758,-8.99999432,-0.00268887919,-0.791575868,-0.106716235,-0.808155671
0.00150528,-1.13697258e-14,-9.0,-1.57735363,-8.99999432,-0.00331691333,-0.791575684,-0.106717796,-0.808162161
0.00150628,-3.54656805e-13,-9.0,-1.57549003,-8.99999432,-0.00394481653,-0.791575484,-0.10671978,-0.808168648
0.00150728,-3.28394688e-13,-9.0,-1.57362675,-8.99999432,-0.00457256399,-0.791575269,-0.106722185,-0.808175133
0.00150828,-1.3854199e-14,-9.0,-1.57176377,-8.99999432,-0.00520013093,-0.791575039,-0.106725013,-0.808181616
0.00150928,-3.31027423e-13,-9.0,-1.56990107,-8.99999432,-0.00582749259,-0.791574793,-0.106728263,-0.808188096
0.00151028,-3.62289102e-13,-9.0,-1.56803861,-8.99999432,-0.00645462418,-0.791574532,-0.106731935,-0.808194573
0.00151128,-2.1853954e-14,-9.0,-1.56617638,-8.99999431,-0.00708150095,-0.791574256,-0.10673603,-0.808201049
0.00151228,-3.05335895e-13,-9.0,-1.56431436,-8.99999431,-0.00770809816,-0.791573965,-0.106740547,-0.808207522
0.00151328,-3.93418701e-13,-9.0,-1.56245251,-8.99999431,-0.00833439107,-0.791573658,-0.106745486,-0.808213993
0.00151428,-3.53234571e-14,-9.0,-1.56059081,-8.99999431,-0.00896035495,-0.791573336,-0.106750847,-0.808220463
0.00151528,-2.783493e-13,-9.0,-1.55872925,-8.99999431,-0.00958596509,-0.791572999,-0.106756631,-0.80822693
0.00151628,-4.21187115e-13,-9.0,-1.55686779,-8.99999431,-0.0102111968,-0.791572647,-0.106762838,-0.808233395
0.00151728,-5.40936134e-14,-9.0,-1.55500641,-8.99999431,-0.0108360254,-0.791572279,-0.106769467,-0.808239859
0.00151828,-2.50873924e-13,-9.0,-1.55314509,-8.99999431,-0.0114604262,-0.791571896,-0.106776519,-0.808246321
0.00151928,-4.45086983e-13,-9.0,-1.55128381,-8.99999431,-0.0120843745,-0.791571498,-0.106783993,-0.808252782
0.00152028,-7.78762186e-14,-9.0,-1.54942253,-8.99999431,-0.0127078458,-0.791571084,-0.106791891,-0.808259241
0.00152128,-2.23736265e-13,-9.0,-1.54756124,-8.99999431,-0.0133308154,-0.791570656,-0.106800211,-0.808265699
0.00152228,-4.64712538e-13,-9.0,-1.54569992,-8.9999943,-0.0139532587,-0.791570212,-0.106808955,-0.808272155
0.00152328,-1.06271271e-13,-9.0,-1.54383853,-8.9999943,-0.0145751512,-0.791569753,-0.106818122,-0.80827861
0.00152428,-1.97763536e-13,-9.0,-1.54197705,-8.9999943,-0.0151964683,-0.791569278,-0.106827712,-0.808285064
0.00152528,-4.79769739e-13,-9.0,-1.54011546,-8.9999943,-0.0158171854,-0.791568789,-0.106837725,-0.808291517
0.00152628,-1.3877696e-13,-9.0,-1.53825374,-8.9999943,-0.0164372781,-0.791568284,-0.106848162,-0.808297969
0.00152728,-1.73764152e-13,-9.0,-1.53639186,-8.9999943,-0.0170567219,-0.791567765,-0.106859022,-0.80830442
0.00152828,-4.90083704e-13,-9.0,-1.53452979,-8.9999943,-0.0176754923,-0.79156723,-0.106870307,-0.80831087
0.00152928,-1.748021e-13,-9.0,-1.53266752,-8.9999943,-0.0182935649,-0.79156668,-0.106882015,-0.80831732
0.00153028,-1.52508653e-13,-9.0,-1.53080502,-8.9999943,-0.0189109154,-0.791566114,-0.106894147,-0.808323769
0.00153128,-4.95603277e-13,-9.0,-1.52894226,-8.9999943,-0.0195275192,-0.791565534,-0.106906704,-0.808330217
0.00153228,-2.13680683e-13,-9.0,-1.52707922,-8.99999429,-0.0201433522,-0.791564939,-0.106919685,-0.808336665
0.00153328,-1.34711518e-13,-9.0,-1.52521589,-8.99999429,-0.0207583899,-0.791564328,-0.10693309,-0.808343112
0.00153428,-4.96402584e-13,-9.0,-1.52335222,-8.99999429,-0.0213726081,-0.791563703,-0.10694692,-0.808349559
0.00153528,-2.5468823e-13,-9.0,-1.5214882,-8.99999429,-0.0219859825,-0.791563062,-0.106961175,-0.808356006
0.00153628,-1.21014314e-13,-9.0,-1.51962381,-8.99999429,-0.022598489,-0.791562406,-0.106975855,-0.808362453
0.00153728,-4.92679574e-13,-9.0,-1.51775902,-8.99999429,-0.0232101034,-0.791561736,-0.10699096,-0.8083689
0.00153828,-2.97059509e-13,-9.0,-1.51589381,-8.99999429,-0.0238208014,-0.79156105,-0.107006491,-0.808375347
0.00153928,-1.11970567e-13,-9.0,-1.51402814,-8.99999429,-0.024430559,-0.791560349,-0.107022447,-0.808381793
0.00154028,-4.84751544e-13,-9.0,-1.51216201,-8.99999429,-0.0250393522,-0.791559634,-0.107038829,-0.808388241
0.00154128,-3.40007215e-13,-9.0,-1.51029538,-8.99999429,-0.0256471568,-0.791558903,-0.107055638,-0.808394688
0.00154228,-1.08032724e-13,-9.0,-1.50842824,-8.99999429,-0.026253949,-0.791558158,-0.107072872,-0.808401135
0.00154328,-4.73047771e-13,-9.0,-1.50656055,-8.99999428,-0.0268597047,-0.791557397,-0.107090533,-0.808407584
0.00154428,-3.8274115e-13,-9.0,-1.50469229,-8.99999428,-0.0274644,-0.791556622,-0.10710862,-0.808414032
0.00154528,-1.09541514e-13,-9.0,-1.50282344,-8.99999428,-0.028068011,-0.791555832,-0.107127134,-0.808420481
0.00154628,-4.58099419e-13,-9.0,-1.50095398,-8.99999428,-0.028670514,-0.791555027,-0.107146075,-0.808426931
0.00154728,-4.24487423e-13,-9.0,-1.49908387,-8.99999428,-0.0292718851,-0.791554207,-0.107165444,-0.808433382
0.00154828,-1.16717951e-13,-9.0,-1.49721311,-8.99999428,-0.0298721006,-0.791553372,-0.10718524,-0.808439833
0.00154928,-4.40526947e-13,-9.0,-1.49534165,-8.99999428,-0.0304711369,-0.791552523,-0.107205464,-0.808446286
0.00155028,-4.64507236e-13,-9.0,-1.49346949,-8.99999428,-0.0310689701,-0.791551658,-0.107226116,-0.808452739
0.00155128,-1.29658176e-13,-9.0,-1.49159659,-8.99999428,-0.0316655768,-0.791550779,-0.107247197,-0.808459194
0.00155228,-4.21025331e-13,-9.0,-1.48972293,-8.99999428,-0.0322609335,-0.791549886,-0.107268706,-0.808465649
0.00155328,-5.02114759e-13,-9.0,-1.48784849,-8.99999428,-0.0328550165,-0.791548977,-0.107290644,-0.808472106
0.00155428,-1.48331247e-13,-9.0,-1.48597324,-8.99999427,-0.0334478024,-0.791548054,-0.107313011,-0.808478564
0.00155528,-4.00347447e-13,-9.0,-1.48409716,-8.99999427,-0.0340392679,-0.791547117,-0.107335807,-0.808485024
0.00155628,-5.36693692e-13,-9.0,-1.48222022,-8.99999427,-0.0346293896,-0.791546164,-0.107359033,-0.808491485
0.00155728,-1.7257994e-13,-9.0,-1.4803424,-8.99999427,-0.0352181441,-0.791545197,-0.10738269,-0.808497948
0.00155828,-3.79285994e-13,-9.0,-1.47846369,-8.99999427,-0.0358055084,-0.791544216,-0.107406776,-0.808504412
0.00155928,-5.67712093e-13,-9.0,-1.47658404,-8.99999427,-0.036391459,-0.79154322,-0.107431293,-0.808510878
0.00156028,-2.02124509e-13,-9.0,-1.47470344,-8.99999427,-0.036975973,-0.791542209,-0.107456241,-0.808517346
0.00156128,-3.5865441e-13,-9.0,-1.47282187,-8.99999427,-0.0375590273,-0.791541184,-0.10748162,-0.808523816
0.00156228,-5.9473511e-13,-9.0,-1.4709393,-8.99999427,-0.0381405988,-0.791540145,-0.107507431,-0.808530288
0.00156328,-2.36569344e-13,-9.0,-1.4690557,-8.99999427,-0.0387206645,-0.791539091,-0.107533673,-0.808536762
0.00156428,-3.3926721e-13,-9.0,-1.46717106,-8.99999427,-0.0392992017,-0.791538023,-0.107560348,-0.808543238
0.00156528,-6.17435314e-13,-9.0,-1.46528535,-8.99999426,-0.0398761873,-0.79153694,-0.107587455,-0.808549716
0.00156628,-2.75412327e-13,-9.0,-1.46339854,-8.99999426,-0.0404515988,-0.791535843,-0.107614995,-0.808556197
0.00156728,-3.21920235e-13,-9.0,-1.46151061,-8.99999426,-0.0410254132,-0.791534732,-0.107642968,-0.80856268
0.00156828,-6.35600371e-13,-9.0,-1.45962154,-8.99999426,-0.0415976081,-0.791533607,-0.107671374,-0.808569165
0.00156928,-3.18056682e-13,-9.0,-1.45773131,-8.99999426,-0.0421681607,-0.791532467,-0.107700215,-0.808575653
0.00157028,-3.07371259e-13,-9.0,-1.45583988,-8.99999426,-0.0427370487,-0.791531313,-0.107729489,-0.808582143
0.00157128,-6.49137865e-13,-9.0,-1.45394723,-8.99999426,-0.0433042494,-0.791530145,-0.107759199,-0.808588637
0.00157228,-3.63825009e-13,-9.0,-1.45205335,-8.99999426,-0.0438697406,-0.791528963,-0.107789343,-0.808595132
0.00157328,-2.96321436e-13,-9.0,-1.45015821,-8.99999426,-0.0444334998,-0.791527766,-0.107819923,-0.808601631
0.00157428,-6.5807715e-13,-9.0,-1.44826177,-8.99999426,-0.0449955049,-0.791526556,-0.107850938,-0.808608133
0.00157528,-4.11975175e-13,-9.0,-1.44636403,-8.99999425,-0.0455557337,-0.791525331,-0.107882389,-0.808614638
0.00157628,-2.89398013e-13,-9.0,-1.44446495,-8.99999425,-0.046114164,-0.791524093,-0.107914277,-0.808621146
0.00157728,-6.62568188e-13,-9.0,-1.44256452,-8.99999425,-0.0466707738,-0.79152284,-0.107946602,-0.808627657
0.00157828,-4.61717663e-13,-9.0,-1.4406627,-8.99999425,-0.0472255411,-0.791521574,-0.107979364,-0.808634171
0.00157928,-2.87138721e-13,-9.0,-1.43875948,-8.99999425,-0.047778444,-0.791520294,-0.108012564,-0.808640689
0.00158028,-6.62877382e-13,-9.0,-1.43685482,-8.99999425,-0.0483294607,-0.791519,-0.108046202,-0.80864721
0.00158128,-5.12233962e-13,-9.0,-1.43494871,-8.99999425,-0.0488785694,-0.791517692,-0.108080279,-0.808653734
0.00158228,-2.89978228e-13,-9.0,-1.43304112,-8.99999425,-0.0494257485,-0.79151637,-0.108114794,-0.808660263
0.00158328,-6.59380513e-13,-9.0,-1.43113203,-8.99999425,-0.0499709764,-0.791515035,-0.108149749,-0.808666794
0.00158428,-5.62695549e-13,-9.0,-1.42922142,-8.99999425,-0.0505142315,-0.791513686,-0.108185144,-0.80867333
0.00158528,-2.98236951e-13,-9.0,-1.42730925,-8.99999425,-0.0510554924,-0.791512323,-0.108220979,-0.808679869
0.00158628,-6.52552937e-13,-9.0,-1.42539551,-8.99999424,-0.0515947377,-0.791510946,-0.108257255,-0.808686412
0.00158728,-6.12283011e-13,-9.0,-1.42348017,-8.99999424,-0.0521319461,-0.791509556,-0.108293971,-0.808692959
0.00158828,-3.12112521e-13,-9.0,-1.42156322,-8.99999424,-0.0526670964,-0.791508153,-0.10833113,-0.808699511
0.00158928,-6.42957284e-13,-9.0,-1.41964461,-8.99999424,-0.0532001675,-0.791506736,-0.108368731,-0.808706066
0.00159028,-6.60204825e-13,-9.0,-1.41772434,-8.99999424,-0.0537311384,-0.791505305,-0.108406774,-0.808712625
0.00159128,-3.31674075e-13,-9.0,-1.41580237,-8.99999424,-0.0542599881,-0.791503862,-0.10844526,-0.808719189
0.00159228,-6.31228941e-13,-9.0,-1.41387869,-8.99999424,-0.0547866957,-0.791502404,-0.108484189,-0.808725757
0.00159328,-7.0571537e-13,-9.0,-1.41195327,-8.99999424,-0.0553112404,-0.791500934,-0.108523563,-0.80873233
0.00159428,-3.56859531e-13,-9.0,-1.41002608,-8.99999424,-0.0558336015,-0.79149945,-0.108563381,-0.808738907
0.00159528,-6.18059671e-13,-9.0,-1.4080971,-8.99999424,-0.0563537583,-0.791497953,-0.108603644,-0.808745488
0.00159628,-7.48131703e-13,-9.0,-1.40616631,-8.99999423,-0.0568716905,-0.791496443,-0.108644352,-0.808752075
0.00159728,-3.87475901e-13,-9.0,-1.40423369,-8.99999423,-0.0573873774,-0.791494919,-0.108685507,-0.808758666
0.00159828,-6.04179765e-13,-9.0,-1.40229921,-8.99999423,-0.0579007988,-0.791493383,-0.108727107,-0.808765261
0.00159928,-7.86848723e-13,-9.0,-1.40036284,-8.99999423,-0.0584119343,-0.791491833,-0.108769155,-0.808771862
0.00160028,-4.23202629e-13,-9.0,-1.39842457,-8.99999423,-0.0589207639,-0.791490271,-0.108811651,-0.808778468
0.00160128,-5.90339141e-13,-9.0,-1.39648437,-8.99999423,-0.0594272674,-0.791488695,-0.108854594,-0.808785078
0.00160228,-8.21352341e-13,-9.0,-1.39454221,-8.99999423,-0.0599314247,-0.791487107,-0.108897986,-0.808791694
0.00160328,-4.63597885e-13,-9.0,-1.39259807,-8.99999423,-0.0604332161,-0.791485505,-0.108941827,-0.808798315
0.00160428,-5.77287867e-13,-9.0,-1.39065194,-8.99999423,-0.0609326217,-0.791483891,-0.108986117,-0.808804942
0.00160528,-8.51230349e-13,-9.0,-1.38870378,-8.99999423,-0.0614296218,-0.791482264,-0.109030858,-0.808811573
0.00160628,-5.08107652e-13,-9.0,-1.38675357,-8.99999423,-0.0619241967,-0.791480624,-0.109076049,-0.80881821
0.00160728,-5.6575655e-13,-9.0,-1.38480128,-8.99999422,-0.062416327,-0.791478972,-0.109121692,-0.808824853
0.00160828,-8.76180719e-13,-9.0,-1.38284691,-8.99999422,-0.0629059932,-0.791477307,-0.109167787,-0.808831501
0.00160928,-5.56077406e-13,-9.0,-1.38089041,-8.99999422,-0.0633931759,-0.79147563,-0.109214334,-0.808838154
0.00161028,-5.56437095e-13,-9.0,-1.37893177,-8.99999422,-0.063877856,-0.79147394,-0.109261334,-0.808844814
0.00161128,-8.96017142e-13,-9.0,-1.37697096,-8.99999422,-0.0643600143,-0.791472237,-0.109308787,-0.808851479
0.00161228,-6.06766088e-13,-9.0,-1.37500797,-8.99999422,-0.0648396318,-0.791470522,-0.109356695,-0.80885815
0.00161328,-5.4996427e-13,-9.0,-1.37304276,-8.99999422,-0.0653166896,-0.791468795,-0.109405057,-0.808864827
0.00161428,-9.10671687e-13,-9.0,-1.37107532,-8.99999422,-0.0657911687,-0.791467055,-0.109453875,-0.80887151
0.00161528,-6.59362064e-13,-9.0,-1.36910561,-8.99999422,-0.0662630506,-0.791465303,-0.109503148,-0.808878199
0.00161628,-5.46898552e-13,-9.0,-1.36713363,-8.99999422,-0.0667323164,-0.791463539,-0.109552878,-0.808884895
0.00161728,-9.20194493e-13,-9.0,-1.36515934,-8.99999421,-0.0671989478,-0.791461763,-0.109603065,-0.808891596
0.00161828,-7.13000666e-13,-9.0,-1.36318271,-8.99999421,-0.0676629263,-0.791459975,-0.10965371,-0.808898304
0.00161928,-5.47710655e-13,-9.0,-1.36120374,-8.99999421,-0.0681242336,-0.791458174,-0.109704813,-0.808905018
0.00162028,-9.24750543e-13,-9.0,-1.35922239,-8.99999421,-0.0685828514,-0.791456362,-0.109756375,-0.808911739
0.00162128,-7.66782929e-13,-9.0,-1.35723864,-8.99999421,-0.0690387618,-0.791454538,-0.109808397,-0.808918466
0.00162228,-5.52768119e-13,-9.0,-1.35525247,-8.99999421,-0.0694919466,-0.791452701,-0.109860879,-0.8089252
0.00162328,-9.24613574e-13,-9.0,-1.35326386,-8.99999421,-0.0699423879,-0.791450853,-0.109913821,-0.80893194
0.00162428,-8.19795055e-13,-9.0,-1.35127278,-8.99999421,-0.0703900681,-0.791448993,-0.109967226,-0.808938687
0.00162528,-5.62324309e-13,-9.0,-1.34927921,-8.99999421,-0.0708349693,-0.791447122,-0.110021092,-0.808945441
0.00162628,-9.20157304e-13,-9.0,-1.34728312,-8.99999421,-0.0712770742,-0.791445239,-0.110075421,-0.808952202
0.00162728,-8.71128161e-13,-9.0,-1.3452845,-8.9999942,-0.0717163651,-0.791443344,-0.110130214,-0.80895897
0.00162828,-5.76510074e-13,-9.0,-1.34328332,-8.9999942,-0.0721528248,-0.791441438,-0.110185471,-0.808965745
0.00162928,-9.11844173e-13,-9.0,-1.34127955,-8.9999942,-0.072586436,-0.79143952,-0.110241192,-0.808972527
0.00163028,-9.19897843e-13,-9.0,-1.33927319,-8.9999942,-0.0730171817,-0.791437591,-0.110297379,-0.808979316
0.00163128,-5.95328293e-13,-9.0,-1.33726419,-8.9999942,-0.0734450447,-0.79143565,-0.110354032,-0.808986112
0.00163228,-9.00211905e-13,-9.0,-1.33525255,-8.9999942,-0.0738700083,-0.791433698,-0.110411152,-0.808992916
0.00163328,-9.65263093e-13,-9.0,-1.33323823,-8.9999942,-0.0742920556,-0.791431735,-0.110468739,-0.808999727
0.00163428,-6.1865145e-13,-9.0,-1.33122122,-8.9999942,-0.07471117,-0.79142976,-0.110526795,-0.809006545
0.00163528,-8.85858203e-13,-9.0,-1.3292015,-8.9999942,-0.0751273349,-0.791427775,-0.110585319,-0.809013371
0.00163628,-1.00644414e-12,-9.0,-1.32717903,-8.9999942,-0.0755405339,-0.791425778,-0.110644313,-0.809020205
0.00163728,-6.46222299e-13,-9.0,-1.32515381,-8.99999419,-0.0759507507,-0.791423771,-0.110703777,-0.809027046
0.00163828,-8.69423979e-13,-9.0,-1.3231258,-8.99999419,-0.0763579691,-0.791421752,-0.110763713,-0.809033895
0.00163928,-1.04273877e-12,-9.0,-1.32109498,-8.99999419,-0.076762173,-0.791419723,-0.11082412,-0.809040751
0.00164028,-6.77657638e-13,-9.0,-1.31906134,-8.99999419,-0.0771633465,-0.791417683,-0.110884999,-0.809047616
0.00164128,-8.51575514e-13,-9.0,-1.31702485,-8.99999419,-0.0775614737,-0.791415632,-0.110946352,-0.809054488
0.00164228,-1.07353681e-12,-9.0,-1.31498549,-8.99999419,-0.0779565389,-0.79141357,-0.111008178,-0.809061369
0.00164328,-7.12455084e-13,-9.0,-1.31294324,-8.99999419,-0.0783485265,-0.791411498,-0.111070479,-0.809068257
0.00164428,-8.3298602e-13,-9.0,-1.31089807,-8.99999419,-0.078737421,-0.791409415,-0.111133255,-0.809075154
0.00164528,-1.09833234e-12,-9.0,-1.30884997,-8.99999419,-0.0791232071,-0.791407322,-0.111196508,-0.809082058
0.00164628,-7.50002746e-13,-9.0,-1.30679891,-8.99999419,-0.0795058696,-0.791405218,-0.111260237,-0.809088971
0.00164728,-8.14317043e-13,-9.0,-1.30474487,-8.99999418,-0.0798853933,-0.791403104,-0.111324444,-0.809095893
0.00164828,-1.11673349e-12,-9.0,-1.30268783,-8.99999418,-0.0802617633,-0.791400979,-0.111389129,-0.809102822
0.00164928,-7.89591531e-13,-9.0,-1.30062778,-8.99999418,-0.0806349647,-0.791398844,-0.111454293,-0.80910976
0.00165028,-7.96200173e-13,-9.0,-1.29856468,-8.99999418,-0.0810049828,-0.7913967,-0.111519937,-0.809116707
0.00165128,-1.12846945e-12,-9.0,-1.29649852,-8.99999418,-0.0813718029,-0.791394545,-0.111586061,-0.809123662
0.00165228,-8.30429851e-13,-9.0,-1.29442927,-8.99999418,-0.0817354106,-0.79139238,-0.111652667,-0.809130626
0.00165328,-7.7921953e-13,-9.0,-1.29235693,-8.99999418,-0.0820957915,-0.791390204,-0.111719756,-0.809137598
0.00165428,-1.13339472e-12,-9.0,-1.29028145,-8.99999418,-0.0824529314,-0.79138802,-0.111787327,-0.809144579
0.00165528,-8.71660358e-13,-9.0,-1.28820284,-8.99999418,-0.0828068163,-0.791385825,-0.111855382,-0.809151569
0.00165628,-7.63895454e-13,-9.0,-1.28612106,-8.99999418,-0.083157432,-0.79138362,-0.111923921,-0.809158568
0.00165728,-1.13149033e-12,-9.0,-1.28403609,-8.99999417,-0.0835047648,-0.791381406,-0.111992946,-0.809165575
0.00165828,-9.12378352e-13,-9.0,-1.28194792,-8.99999417,-0.0838488011,-0.791379182,-0.112062456,-0.809172592
0.00165928,-7.50669815e-13,-9.0,-1.27985653,-8.99999417,-0.0841895271,-0.791376949,-0.112132454,-0.809179618
0.00166028,-1.12286217e-12,-9.0,-1.27776189,-8.99999417,-0.0845269294,-0.791374706,-0.112202939,-0.809186652
0.00166128,-9.51651411e-13,-9.0,-1.27566399,-8.99999417,-0.0848609948,-0.791372453,-0.112273913,-0.809193696
0.00166228,-7.39893312e-13,-9.0,-1.27356281,-8.99999417,-0.08519171,-0.791370191,-0.112345376,-0.809200749
0.00166328,-1.10773639e-12,-9.0,-1.27145832,-8.99999417,-0.085519062,-0.79136792,-0.11241733,-0.809207812
0.00166428,-9.88539815e-13,-9.0,-1.26935051,-8.99999417,-0.0858430378,-0.79136564,-0.112489774,-0.809214883
0.00166528,-7.31815086e-13,-9.0,-1.26723937,-8.99999417,-0.0861636247,-0.791363351,-0.11256271,-0.809221964
0.00166628,-1.08645206e-12,-9.0,-1.26512486,-8.99999416,-0.08648081,-0.791361052,-0.112636138,-0.809229055
0.00166728,-1.02211727e-12,-9.0,-1.26300698,-8.99999416,-0.0867945812,-0.791358745,-0.11271006,-0.809236155
0.00166828,-7.26574912e-13,-9.0,-1.2608857,-8.99999416,-0.0871049259,-0.791356428,-0.112784476,-0.809243264
0.00166928,-1.05945124e-12,-9.0,-1.25876101,-8.99999416,-0.0874118318,-0.791354103,-0.112859388,-0.809250383
0.00167028,-1.05149147e-12,-9.0,-1.25663289,-8.99999416,-0.0877152869,-0.791351769,-0.112934795,-0.809257511
0.00167128,-7.24198179e-13,-9.0,-1.25450132,-8.99999416,-0.0880152791,-0.791349426,-0.113010699,-0.80926465
0.00167228,-1.02726678e-12,-9.0,-1.25236629,-8.99999416,-0.0883117966,-0.791347075,-0.113087101,-0.809271797
0.00167328,-1.075824e-12,-9.0,-1.25022777,-8.99999416,-0.0886048277,-0.791344715,-0.113164001,-0.809278955
0.00167428,-7.24593796e-13,-9.0,-1.24808575,-8.99999416,-0.0888943609,-0.791342346,-0.1132414,-0.809286123
0.00167528,-9.90508042e-13,-9.0,-1.24594021,-8.99999416,-0.0891803847,-0.791339969,-0.113319299,-0.8092933
0.00167628,-1.09434913e-12,-9.0,-1.24379114,-8.99999415,-0.0894628877,-0.791337584,-0.1133977,-0.809300487
0.00167728,-7.27555083e-13,-9.0,-1.24163852,-8.99999415,-0.089741859,-0.79133519,-0.113476602,-0.809307684
0.00167828,-9.49845056e-13,-9.0,-1.23948233,-8.99999415,-0.0900172874,-0.791332788,-0.113556007,-0.809314891
0.00167928,-1.10639106e-12,-9.0,-1.23732257,-8.99999415,-0.090289162,-0.791330378,-0.113635916,-0.809322109
0.00168028,-7.3276365e-13,-9.0,-1.2351592,-8.99999415,-0.0905574722,-0.79132796,-0.113716329,-0.809329336
0.00168128,-9.05991365e-13,-9.0,-1.23299222,-8.99999415,-0.0908222073,-0.791325535,-0.113797248,-0.809336573
0.00168228,-1.11137924e-12,-9.0,-1.23082162,-8.99999415,-0.0910833569,-0.791323101,-0.113878672,-0.809343821
0.00168328,-7.39796176e-13,-9.0,-1.22864737,-8.99999415,-0.0913409108,-0.791320659,-0.113960604,-0.809351078
0.00168428,-8.59686088e-13,-9.0,-1.22646947,-8.99999415,-0.0915948586,-0.79131821,-0.114043044,-0.809358346
0.00168528,-1.10886134e-12,-9.0,-1.2242879,-8.99999414,-0.0918451904,-0.791315752,-0.114125992,-0.809365624
0.00168628,-7.48133948e-13,-9.0,-1.22210264,-8.99999414,-0.0920918963,-0.791313288,-0.114209451,-0.809372913
0.00168728,-8.11675579e-13,-9.0,-1.21991368,-8.99999414,-0.0923349666,-0.791310816,-0.114293419,-0.809380212
0.00168828,-1.09851366e-12,-9.0,-1.21772102,-8.99999414,-0.0925743917,-0.791308336,-0.1143779,-0.809387521
0.00168928,-7.57174925e-13,-9.0,-1.21552463,-8.99999414,-0.0928101621,-0.791305849,-0.114462892,-0.80939484
0.00169028,-7.62695168e-13,-9.0,-1.21332451,-8.99999414,-0.0930422685,-0.791303355,-0.114548398,-0.80940217
0.00169128,-1.08014866e-12,-9.0,-1.21112063,-8.99999414,-0.0932707018,-0.791300853,-0.114634418,-0.80940951
0.00169228,-7.66248067e-13,-9.0,-1.208913,-8.99999414,-0.0934954529,-0.791298344,-0.114720953,-0.809416861
0.00169328,-7.13451415e-13,-9.0,-1.2067016,-8.99999414,-0.0937165129,-0.791295829,-0.114808004,-0.809424222
0.00169428,-1.05371953e-12,-9.0,-1.20448642,-8.99999414,-0.0939338732,-0.791293306,-0.114895571,-0.809431594
0.00169528,-7.74629576e-13,-9.0,-1.20226744,-8.99999413,-0.0941475251,-0.791290776,-0.114983656,-0.809438977
0.00169628,-6.64605322e-13,-9.0,-1.20004466,-8.99999413,-0.0943574603,-0.79128824,-0.11507226,-0.809446369
0.00169728,-1.01932153e-12,-9.0,-1.19781807,-8.99999413,-0.0945636704,-0.791285697,-0.115161383,-0.809453773
0.00169828,-7.81560668e-13,-9.0,-1.19558766,-8.99999413,-0.0947661473,-0.791283147,-0.115251027,-0.809461187
0.00169928,-6.167569e-13,-9.0,-1.19335342,-8.99999413,-0.0949648829,-0.791280591,-0.115341192,-0.809468612
0.00170028,-9.77190337e-13,-9.0,-1.19111534,-8.99999413,-0.0951598695,-0.791278028,-0.115431879,-0.809476047
0.00170128,-7.86266456e-13,-9.0,-1.18887342,-8.99999413,-0.0953510994,-0.791275459,-0.115523089,-0.809483493
0.00170228,-5.70431474e-13,-9.0,-1.18662764,-8.99999413,-0.095538565,-0.791272883,-0.115614823,-0.80949095
0.00170328,-9.27697117e-13,-9.0,-1.184378,-8.99999413,-0.0957222588,-0.791270301,-0.115707081,-0.809498417
0.00170428,-7.87975495e-13,-9.0,-1.18212449,-8.99999412,-0.0959021737,-0.791267713,-0.115799866,-0.809505895
0.00170528,-5.26068055e-13,-9.0,-1.17986711,-8.99999412,-0.0960783026,-0.791265119,-0.115893177,-0.809513383
0.00170628,-8.71340749e-13,-9.0,-1.17760586,-8.99999412,-0.0962506385,-0.791262519,-0.115987015,-0.809520883
0.00170728,-7.85939503e-13,-9.0,-1.17534072,-8.99999412,-0.0964191745,-0.791259913,-0.116081382,-0.809528393
0.00170828,-4.84010055e-13,-9.0,-1.17307169,-8.99999412,-0.0965839041,-0.791257301,-0.116176278,-0.809535913
0.00170928,-8.08737165e-13,-9.0,-1.17079877,-8.99999412,-0.0967448207,-0.791254683,-0.116271704,-0.809543445
0.00171028,-7.79452804e-13,-9.0,-1.16852196,-8.99999412,-0.096901918,-0.79125206,-0.116367662,-0.809550987
0.00171128,-4.44498563e-13,-9.0,-1.16624125,-8.99999412,-0.0970551898,-0.791249431,-0.116464151,-0.80955854
0.00171228,-7.40606169e-13,-9.0,-1.16395664,-8.99999412,-0.09720463,-0.791246797,-0.116561173,-0.809566103
0.00171328,-7.67870998e-13,-9.0,-1.16166813,-8.99999411,-0.0973502327,-0.791244157,-0.116658728,-0.809573677
0.00171428,-4.07668348e-13,-9.0,-1.15937573,-8.99999411,-0.0974919922,-0.791241512,-0.116756818,-0.809581262
0.00171528,-6.67756013e-13,-9.0,-1.15707942,-8.99999411,-0.0976299029,-0.791238861,-0.116855444,-0.809588857
0.00171628,-7.50628429e-13,-9.0,-1.15477921,-8.99999411,-0.0977639593,-0.791236206,-0.116954606,-0.809596463
0.00171728,-3.73546671e-13,-9.0,-1.1524751,-8.99999411,-0.0978941562,-0.791233545,-0.117054305,-0.809604079
0.00171828,-5.91066102e-13,-9.0,-1.1501671,-8.99999411,-0.0980204884,-0.791230879,-0.117154542,-0.809611707
0.00171928,-7.2725399e-13,-9.0,-1.14785521,-8.99999411,-0.0981429509,-0.791228208,-0.117255318,-0.809619344
0.00172028,-3.42054922e-13,-9.0,-1.14553942,-8.99999411,-0.0982615389,-0.791225533,-0.117356633,-0.809626992
0.00172128,-5.11468224e-13,-9.0,-1.14321975,-8.9999941,-0.0983762477,-0.791222853,-0.117458489,-0.809634651
0.00172228,-6.97384914e-13,-9.0,-1.1408962,-8.9999941,-0.0984870727,-0.791220168,-0.117560887,-0.80964232
0.00172328,-3.13013044e-13,-9.0,-1.13856878,-8.9999941,-0.0985940097,-0.791217478,-0.117663827,-0.80965
0.00172428,-4.29926751e-13,-9.0,-1.13623749,-8.9999941,-0.0986970543,-0.791214784,-0.11776731,-0.80965769
0.00172528,-6.60778165e-13,-9.0,-1.13390233,-8.9999941,-0.0987962026,-0.791212086,-0.117871337,-0.80966539
0.00172628,-2.86146609e-13,-9.0,-1.13156333,-8.9999941,-0.0988914505,-0.791209383,-0.117975909,-0.8096731
0.00172728,-3.47418283e-13,-9.0,-1.12922049,-8.9999941,-0.0989827944,-0.791206676,-0.118081027,-0.809680821
0.00172828,-6.17319179e-13,-9.0,-1.12687381,-8.9999941,-0.0990702306,-0.791203965,-0.11818669,-0.809688552
0.00172928,-2.61096381e-13,-9.0,-1.12452331,-8.9999941,-0.0991537557,-0.791201249,-0.118292902,-0.809696293
0.00173028,-2.64911186e-13,-9.0,-1.12216901,-8.99999409,-0.0992333664,-0.79119853,-0.118399661,-0.809704045
0.00173128,-5.67027703e-13,-9.0,-1.11981091,-8.99999409,-0.0993090595,-0.791195807,-0.118506969,-0.809711806
0.00173228,-2.37430096e-13,-9.0,-1.11744903,-8.99999409,-0.099380832,-0.79119308,-0.118614827,-0.809719577
0.00173328,-1.83345524e-13,-9.0,-1.11508339,-8.99999409,-0.0994486812,-0.791190349,-0.118723235,-0.809727358
0.00173428,-5.10060593e-13,-9.0,-1.11271399,-8.99999409,-0.0995126043,-0.791187615,-0.118832194,-0.809735149
0.00173528,-2.14656186e-13,-9.0,-1.11034087,-8.99999409,-0.0995725988,-0.791184877,-0.118941706,-0.80974295
0.00173628,-1.03613838e-13,-9.0,-1.10796403,-8.99999409,-0.0996286623,-0.791182136,-0.11905177,-0.809750761
0.00173728,-4.46711467e-13,-9.0,-1.1055835,-8.99999409,-0.0996807927,-0.791179391,-0.119162388,-0.809758581
0.00173828,-1.92239068e-13,-9.0,-1.10319929,-8.99999409,-0.0997289879,-0.791176643,-0.11927356,-0.80976641
0.00173928,-2.65432042e-14,-9.0,-1.10081144,-8.99999408,-0.0997732459,-0.791173892,-0.119385286,-0.809774249
0.00174028,-3.77407215e-13,-9.0,-1.09841996,-8.99999408,-0.0998135651,-0.791171138,-0.119497569,-0.809782098
0.00174128,-1.69615638e-13,-9.0,-1.09602487,-8.99999408,-0.0998499438,-0.791168381,-0.119610408,-0.809789955
0.00174228,4.71209881e-14,-9.0,-1.09362621,-8.99999408,-0.0998823805,-0.79116562,-0.119723804,-0.809797822
0.00174328,-3.02701434e-13,-9.0,-1.09122399,-8.99999408,-0.0999108741,-0.791162857,-0.119837758,-0.809805698
0.00174428,-1.46212534e-13,-9.0,-1.08881826,-8.99999408,-0.0999354234,-0.791160092,-0.119952271,-0.809813583
0.00174528,1.16729204e-13,-9.0,-1.08640903,-8.99999408,-0.0999560274,-0.791157323,-0.120067343,-0.809821476
0.00174628,-2.23264899e-13,-9.0,-1.08399634,-8.99999408,-0.0999726853,-0.791154552,-0.120182974,-0.809829378
0.00174728,-1.21463738e-13,-9.0,-1.08158022,-8.99999407,-0.0999853965,-0.791151779,-0.120299166,-0.809837289
0.00174828,1.81739536e-13,-9.0,-1.07916071,-8.99999407,-0.0999941604,-0.791149003,-0.120415919,-0.809845208
0.00174928,-1.39873307e-13,-9.0,-1.07673784,-8.99999407,-0.0999989767,-0.791146225,-0.120533234,-0.809853136
0.00175028,-9.48281682e-14,-9.0,-1.07430175,-8.99999407,-0.0999998452,-0.791143442,-0.120651277,-0.809861231
0.00175128,2.41725682e-13,-9.0,-1.07185323,-8.99999407,-0.0999967659,-0.791140657,-0.120769783,-0.809869227
0.00175228,-5.3391311e-14,-9.0,-1.06941495,-8.99999407,-0.0999897389,-0.791137874,-0.120888649,-0.809877032
0.00175328,-6.58048801e-14,-9.0,-1.06698813,-8.99999407,-0.0999787645,-0.79113509,-0.121008165,-0.809884937
0.00175428,2.96386572e-13,-9.0,-1.06455928,-8.99999407,-0.0999638431,-0.791132302,-0.121128274,-0.80989288
0.00175528,3.5239084e-14,-9.0,-1.06212522,-8.99999406,-0.0999449753,-0.791129513,-0.121248961,-0.809900845
0.00175628,-3.3954713e-14,-9.0,-1.05968561,-8.99999406,-0.0999221618,-0.791126721,-0.121370219,-0.809908823
0.00175728,3.45547795e-13,-9.0,-1.05724095,-8.99999406,-0.0998954036,-0.791123928,-0.121492046,-0.809916811
0.00175828,1.25025518e-13,-9.0,-1.05479186,-8.99999406,-0.0998647017,-0.791121133,-0.121614441,-0.809924807
0.00175928,1.09269744e-15,-9.0,-1.05233888,-8.99999406,-0.0998300572,-0.791118337,-0.121737404,-0.80993281
0.00176028,3.89158957e-13,-9.0,-1.04988242,-8.99999406,-0.0997914717,-0.791115539,-0.121860934,-0.80994082
0.00176128,2.14939364e-13,-9.0,-1.04742277,-8.99999406,-0.0997489466,-0.791112741,-0.121985032,-0.809948836
0.00176228,3.96215816e-14,-9.0,-1.04496016,-8.99999406,-0.0997024835,-0.791109941,-0.122109698,-0.809956858
0.00176328,4.27294785e-13,-9.0,-1.04249473,-8.99999406,-0.0996520844,-0.79110714,-0.122234933,-0.809964885
0.00176428,3.03938096e-13,-9.0,-1.04002662,-8.99999405,-0.0995977512,-0.791104339,-0.122360738,-0.809972919
0.00176528,8.18203493e-14,-9.0,-1.03755592,-8.99999405,-0.099539486,-0.791101536,-0.122487111,-0.809980957
0.00176628,4.60148252e-13,-9.0,-1.03508273,-8.99999405,-0.0994772912,-0.791098733,-0.122614054,-0.809989001
0.00176728,3.90986529e-13,-9.0,-1.03260712,-8.99999405,-0.0994111692,-0.791095929,-0.122741568,-0.809997049
0.00176828,1.27773257e-13,-9.0,-1.03012918,-8.99999405,-0.0993411226,-0.791093124,-0.122869651,-0.810005102
0.00176928,4.88022158e-13,-9.0,-1.02764899,-8.99999405,-0.0992671541,-0.791090319,-0.122998305,-0.810013159
0.00177028,4.75077959e-13,-9.0,-1.02516661,-8.99999405,-0.0991892668,-0.791087514,-0.123127529,-0.81002122
0.00177128,1.77454678e-13,-9.0,-1.02268215,-8.99999405,-0.0991074637,-0.791084709,-0.123257324,-0.810029285
0.00177228,5.11318186e-13,-9.0,-1.02019566,-8.99999404,-0.099021748,-0.791081903,-0.12338769,-0.810037354
0.00177328,5.55254743e-13,-9.0,-1.01770725,-8.99999404,-0.098932123,-0.791079097,-0.123518627,-0.810045425
0.00177428,2.30726125e-13,-9.0,-1.015217,-8.99999404,-0.0988385924,-0.791076292,-0.123650136,-0.8100535
0.00177528,5.30523696e-13,-9.0,-1.01272498,-8.99999404,-0.0987411598,-0.791073486,-0.123782215,-0.810061577
0.00177628,6.30627818e-13,-9.0,-1.01023131,-8.99999404,-0.0986398291,-0.791070681,-0.123914866,-0.810069656
0.00177728,2.87336132e-13,-9.0,-1.00773607,-8.99999404,-0.0985346043,-0.791067876,-0.124048088,-0.810077737
0.00177828,5.4619661e-13,-9.0,-1.00523936,-8.99999404,-0.0984254894,-0.791065071,-0.124181881,-0.81008582
0.00177928,7.00394733e-13,-9.0,-1.00274128,-8.99999404,-0.0983124889,-0.791062267,-0.124316245,-0.810093904
0.00178028,3.46923007e-13,-9.0,-1.00024194,-8.99999403,-0.0981956072,-0.791059463,-0.12445118,-0.810101989
0.00178128,5.58948759e-13,-9.0,-0.997741439,-8.99999403,-0.0980748489,-0.79105666,-0.124586686,-0.810110075
0.00178228,7.63855758e-13,-9.0,-0.995239892,-8.99999403,-0.0979502188,-0.791053858,-0.124722763,-0.81011816
0.00178328,4.09020412e-13,-9.0,-0.992737412,-8.99999403,-0.0978217218,-0.791051057,-0.124859411,-0.810126246
0.00178428,5.69428124e-13,-9.0,-0.990234116,-8.99999403,-0.0976893629,-0.791048257,-0.124996628,-0.81013433
0.00178528,8.20427728e-13,-9.0,-0.987730125,-8.99999403,-0.0975531474,-0.791045458,-0.125134416,-0.810142414
0.00178628,4.73065651e-13,-9.0,-0.985225563,-8.99999403,-0.0974130807,-0.79104266,-0.125272773,-0.810150496
0.00178728,5.78300404e-13,-9.0,-0.982720559,-8.99999403,-0.0972691683,-0.791039864,-0.125411699,-0.810158576
0.00178828,8.69655272e-13,-9.0,-0.980215242,-8.99999402,-0.0971214159,-0.791037068,-0.125551194,-0.810166654
0.00178928,5.38410492e-13,-9.0,-0.97770975,-8.99999402,-0.0969698293,-0.791034275,-0.125691257,-0.810174729
0.00179028,5.86230368e-13,-9.0,-0.975204221,-8.99999402,-0.0968144144,-0.791031483,-0.125831888,-0.810182801
0.00179128,9.11219202e-13,-9.0,-0.972698799,-8.99999402,-0.0966551775,-0.791028692,-0.125973087,-0.810190868
0.00179228,6.04334259e-13,-9.0,-0.970193629,-8.99999402,-0.0964921249,-0.791025903,-0.126114852,-0.810198932
0.00179328,5.9386347e-13,-9.0,-0.967688864,-8.99999402,-0.0963252629,-0.791023117,-0.126257183,-0.810206991
0.00179428,9.44941855e-13,-9.0,-0.96518466,-8.99999402,-0.0961545981,-0.791020332,-0.126400079,-0.810215044
0.00179528,6.70058908e-13,-9.0,-0.962681175,-8.99999402,-0.0959801373,-0.791017549,-0.12654354,-0.810223092
0.00179628,6.01808154e-13,-9.0,-0.960178575,-8.99999402,-0.0958018874,-0.791014769,-0.126687564,-0.810231133
0.00179728,9.70789276e-13,-9.0,-0.957677027,-8.99999401,-0.0956198554,-0.791011991,-0.126832152,-0.810239167
0.00179828,7.34765733e-13,-9.0,-0.955176704,-8.99999401,-0.0954340484,-0.791009215,-0.126977301,-0.810247194
0.00179928,6.10619313e-13,-9.0,-0.952677786,-8.99999401,-0.095244474,-0.791006442,-0.127123011,-0.810255212
0.00180028,9.88870201e-13,-9.0,-0.950180454,-8.99999401,-0.0950511394,-0.791003671,-0.127269282,-0.810263222
0.00180128,7.97613297e-13,-9.0,-0.947684895,-8.99999401,-0.0948540523,-0.791000903,-0.127416111,-0.810271222
0.00180228,6.2078328e-13,-9.0,-0.945191303,-8.99999401,-0.0946532206,-0.790998138,-0.127563497,-0.810279212
0.00180328,9.99431868e-13,-9.0,-0.942699875,-8.99999401,-0.0944486521,-0.790995375,-0.127711441,-0.810287192
0.00180428,8.57756177e-13,-9.0,-0.940210813,-8.99999401,-0.094240355,-0.790992616,-0.127859939,-0.81029516
0.00180528,6.32704742e-13,-9.0,-0.937724326,-8.999994,-0.0940283374,-0.79098986,-0.128008991,-0.810303116
0.00180628,1.00285276e-12,-9.0,-0.935240626,-8.999994,-0.0938126078,-0.790987107,-0.128158596,-0.81031106
0.00180728,9.14364071e-13,-9.0,-0.932759934,-8.999994,-0.0935931746,-0.790984358,-0.128308751,-0.810318989
0.00180828,6.46695879e-13,-9.0,-0.930282473,-8.999994,-0.0933700464,-0.790981612,-0.128459456,-0.810326905
0.00180928,9.99632483e-13,-9.0,-0.927808473,-8.999994,-0.0931432322,-0.790978869,-0.128610708,-0.810334806
0.00181028,9.66640809e-13,-9.0,-0.925338172,-8.999994,-0.0929127409,-0.79097613,-0.128762507,-0.81034269
0.00181128,6.62967999e-13,-9.0,-0.92287181,-8.999994,-0.0926785815,-0.790973395,-0.12891485,-0.810350559
0.00181228,9.90378954e-13,-9.0,-0.920409637,-8.999994,-0.0924407633,-0.790970664,-0.129067735,-0.81035841
0.00181328,1.01384281e-12,-9.0,-0.917951906,-8.99999399,-0.0921992958,-0.790967936,-0.129221161,-0.810366242
0.00181428,6.81625869e-13,-9.0,-0.915498879,-8.99999399,-0.0919541883,-0.790965213,-0.129375125,-0.810374056
0.00181528,9.7579331e-13,-9.0,-0.913050824,-8.99999399,-0.0917054507,-0.790962494,-0.129529625,-0.810381849
0.00181628,1.05529657e-12,-9.0,-0.910608012,-8.99999399,-0.0914530927,-0.790959779,-0.12968466,-0.810389622
0.00181728,7.0266487e-13,-9.0,-0.908170727,-8.99999399,-0.0911971242,-0.790957069,-0.129840226,-0.810397373
0.00181828,9.56652809e-13,-9.0,-0.905739255,-8.99999399,-0.0909375555,-0.790954363,-0.129996322,-0.810405101
0.00181928,1.09041466e-12,-9.0,-0.903313891,-8.99999399,-0.0906743967,-0.790951662,-0.130152945,-0.810412805
0.00182028,7.25971049e-13,-9.0,-0.900894936,-8.99999399,-0.0904076583,-0.790948966,-0.130310092,-0.810420485
0.00182128,9.33792167e-13,-9.0,-0.8984827,-8.99999399,-0.0901373507,-0.790946274,-0.130467761,-0.810428139
0.00182228,1.11871003e-12,-9.0,-0.896077499,-8.99999398,-0.0898634846,-0.790943588,-0.130625949,-0.810435766
0.00182328,7.5132406e-13,-9.0,-0.893679658,-8.99999398,-0.0895860709,-0.790940906,-0.130784654,-0.810443366
0.00182428,9.08083775e-13,-9.0,-0.891289508,-8.99999398,-0.0893051204,-0.79093823,-0.130943871,-0.810450936
0.00182528,1.139808e-12,-9.0,-0.888907388,-8.99999398,-0.0890206444,-0.790935559,-0.131103599,-0.810458477
0.00182628,7.78402905e-13,-9.0,-0.886533648,-8.99999398,-0.088732654,-0.790932894,-0.131263834,-0.810465986
0.00182728,8.8041725e-13,-9.0,-0.884168643,-8.99999398,-0.0884411605,-0.790930234,-0.131424573,-0.810473463
0.00182828,1.15345595e-12,-9.0,-0.881812737,-8.99999398,-0.0881461756,-0.790927579,-0.131585812,-0.810480907
0.00182928,8.06794337e-13,-9.0,-0.879466303,-8.99999398,-0.0878477108,-0.790924931,-0.131747548,-0.810488316
0.00183028,8.51678812e-13,-9.0,-0.877129722,-8.99999397,-0.0875457779,-0.790922288,-0.131909777,-0.810495689
0.00183128,1.15953022e-12,-9.0,-0.874803386,-8.99999397,-0.0872403889,-0.790919652,-0.132072496,-0.810503025
0.00183228,8.36003714e-13,-9.0,-0.872487693,-8.99999397,-0.0869315557,-0.790917021,-0.132235701,-0.810510322
0.00183328,8.22730969e-13,-9.0,-0.870183051,-8.99999397,-0.0866192907,-0.790914397,-0.132399387,-0.810517579
0.00183428,1.15804008e-12,-9.0,-0.867889879,-8.99999397,-0.086303606,-0.79091178,-0.13256355,-0.810524796
0.00183528,8.6546802e-13,-9.0,-0.865608605,-8.99999397,-0.0859845143,-0.790909168,-0.132728188,-0.810531969
0.00183628,7.94392974e-13,-9.0,-0.863339664,-8.99999397,-0.085662028,-0.790906564,-0.132893294,-0.810539099
0.00183728,1.14912887e-12,-9.0,-0.861083503,-8.99999397,-0.08533616,-0.790903966,-0.133058864,-0.810546183
0.00183828,8.94570736e-13,-9.0,-0.858840581,-8.99999397,-0.085006923,-0.790901375,-0.133224894,-0.810553221
0.00183928,7.67422532e-13,-9.0,-0.856611362,-8.99999397,-0.0846743301,-0.790898791,-0.13339138,-0.81056021
0.00184028,1.13307194e-12,-9.0,-0.854396326,-8.99999396,-0.0843383944,-0.790896214,-0.133558315,-0.810567149
0.00184128,9.22658179e-13,-9.0,-0.852195959,-8.99999396,-0.0839991291,-0.790893645,-0.133725695,-0.810574036
0.00184228,7.42499158e-13,-9.0,-0.850010761,-8.99999396,-0.0836565477,-0.790891082,-0.133893515,-0.810580871
0.00184328,1.1102717e-12,-9.0,-0.847841239,-8.99999396,-0.0833106637,-0.790888528,-0.13406177,-0.81058765
0.00184428,9.4905691e-13,-9.0,-0.845687917,-8.99999396,-0.0829614908,-0.790885981,-0.134230453,-0.810594373
0.00184528,7.20209584e-13,-9.0,-0.843551323,-8.99999396,-0.0826090426,-0.790883441,-0.134399559,-0.810601038
0.00184628,1.08124973e-12,-9.0,-0.841432003,-8.99999396,-0.0822533332,-0.79088091,-0.134569083,-0.810607643
0.00184728,9.73091769e-13,-9.0,-0.839330511,-8.99999396,-0.0818943766,-0.790878387,-0.134739018,-0.810614186
0.00184828,7.01035544e-13,-9.0,-0.837247413,-8.99999396,-0.0815321869,-0.790875872,-0.134909357,-0.810620666
0.00184928,1.04663617e-12,-9.0,-0.835183287,-8.99999395,-0.0811667785,-0.790873365,-0.135080096,-0.81062708
0.00185028,9.94104088e-13,-9.0,-0.833138725,-8.99999395,-0.0807981657,-0.790870867,-0.135251226,-0.810633427
0.00185128,6.85344213e-13,-9.0,-0.83111433,-8.99999395,-0.0804263632,-0.790868377,-0.135422741,-0.810639705
0.00185228,1.00715665e-12,-9.0,-0.829110716,-8.99999395,-0.0800513856,-0.790865896,-0.135594635,-0.810645912
0.00185328,1.01146962e-12,-9.0,-0.827128513,-8.99999395,-0.0796732476,-0.790863424,-0.135766901,-0.810652045
0.00185428,6.73381517e-13,-9.0,-0.82516836,-8.99999395,-0.0792919644,-0.790860961,-0.13593953,-0.810658103
0.00185528,9.63616998e-13,-9.0,-0.823230913,-8.99999395,-0.0789075508,-0.790858507,-0.136112515,-0.810664084
0.00185628,1.02461575e-12,-9.0,-0.821316838,-8.99999395,-0.078520022,-0.790856062,-0.13628585,-0.810669985
0.00185728,6.65268438e-13,-9.0,-0.819426817,-8.99999395,-0.0781293935,-0.790853626,-0.136459525,-0.810675805
0.00185828,9.16886112e-13,-9.0,-0.817561544,-8.99999395,-0.0777356805,-0.790851201,-0.136633533,-0.81068154
0.00185928,1.03303755e-12,-9.0,-0.815721726,-8.99999395,-0.0773388987,-0.790848785,-0.136807865,-0.810687189
0.00186028,6.61000419e-13,-9.0,-0.813908086,-8.99999394,-0.0769390636,-0.790846379,-0.136982513,-0.81069275
0.00186128,8.67877412e-13,-9.0,-0.81212136,-8.99999394,-0.0765361911,-0.790843982,-0.137157469,-0.81069822
0.00186228,1.03631224e-12,-9.0,-0.810362299,-8.99999394,-0.0761302971,-0.790841596,-0.137332722,-0.810703597
0.00186328,6.60449826e-13,-9.0,-0.808631667,-8.99999394,-0.0757213976,-0.790839221,-0.137508265,-0.810708878
0.00186428,8.17529245e-13,-9.0,-0.806930244,-8.99999394,-0.0753095088,-0.790836856,-0.137684087,-0.810714061
0.00186528,1.03411174e-12,-9.0,-0.805258824,-8.99999394,-0.0748946469,-0.790834501,-0.13786018,-0.810719143
0.00186628,6.63371416e-13,-9.0,-0.803618216,-8.99999394,-0.0744768282,-0.790832157,-0.138036532,-0.810724121
0.00186728,7.66784732e-13,-9.0,-0.802009245,-8.99999394,-0.0740560694,-0.790829824,-0.138213134,-0.810728994
0.00186828,1.02621301e-12,-9.0,-0.800432749,-8.99999394,-0.0736323869,-0.790827503,-0.138389976,-0.810733758
0.00186928,6.69410659e-13,-9.0,-0.798889584,-8.99999394,-0.0732057976,-0.790825192,-0.138567046,-0.81073841
0.00187028,7.16571522e-13,-9.0,-0.79738062,-8.99999394,-0.0727763182,-0.790822893,-0.138744335,-0.810742949
0.00187128,1.0125058e-12,-9.0,-0.795906743,-8.99999394,-0.0723439657,-0.790820605,-0.138921831,-0.81074737
0.00187228,6.78114682e-13,-9.0,-0.794468854,-8.99999394,-0.0719087572,-0.79081833,-0.139099522,-0.810751672
0.00187328,6.67781912e-13,-9.0,-0.793067871,-8.99999394,-0.0714707099,-0.790816066,-0.139277397,-0.81075585
0.00187428,9.92997739e-13,-9.0,-0.791704728,-8.99999393,-0.071029841,-0.790813814,-0.139455444,-0.810759903
0.00187528,6.88945577e-13,-9.0,-0.790380374,-8.99999393,-0.070586168,-0.790811574,-0.139633651,-0.810763827
0.00187628,6.21253801e-13,-9.0,-0.789095774,-8.99999393,-0.0701397084,-0.790809347,-0.139812005,-0.81076762
0.00187728,9.67816543e-13,-9.0,-0.787851911,-8.99999393,-0.0696904798,-0.790807133,-0.139990494,-0.810771277
0.00187828,7.01295723e-13,-9.0,-0.786649783,-8.99999393,-0.0692384999,-0.790804931,-0.140169104,-0.810774795
0.00187928,5.77752929e-13,-9.0,-0.785490405,-8.99999393,-0.0687837866,-0.790802742,-0.140347822,-0.810778173
0.00188028,9.37209319e-13,-9.0,-0.784374807,-8.99999393,-0.0683263579,-0.790800566,-0.140526635,-0.810781405
0.00188128,7.1450474e-13,-9.0,-0.783304039,-8.99999393,-0.0678662317,-0.790798403,-0.140705528,-0.81078449
0.00188228,5.37956796e-13,-9.0,-0.782279163,-8.99999393,-0.0674034263,-0.790796254,-0.140884488,-0.810787423
0.00188328,9.01538933e-13,-9.0,-0.78130126,-8.99999393,-0.0669379599,-0.790794119,-0.141063499,-0.810790201
0.00188428,7.27877671e-13,-9.0,-0.780371429,-8.99999393,-0.0664698509,-0.790791997,-0.141242548,-0.81079282
0.00188528,5.02440651e-13,-9.0,-0.779490782,-8.99999393,-0.0659991178,-0.79078989,-0.141421618,-0.810795278
0.00188628,8.61277545e-13,-9.0,-0.778660451,-8.99999393,-0.0655257792,-0.790787796,-0.141600695,-0.810797569
0.00188728,7.40703915e-13,-9.0,-0.777881581,-8.99999393,-0.0650498537,-0.790785717,-0.141779762,-0.810799692
0.00188828,4.71665873e-13,-9.0,-0.777155338,-8.99999393,-0.0645713602,-0.790783653,-0.141958804,-0.810801641
0.00188928,8.1699744e-13,-9.0,-0.7764829,-8.99999393,-0.0640903175,-0.790781603,-0.142137804,-0.810803414
0.00189028,7.52276472e-13,-9.0,-0.775865464,-8.99999393,-0.0636067446,-0.790779568,-0.142316745,-0.810805006
0.00189128,4.45971006e-13,-9.0,-0.775304242,-8.99999393,-0.0631206607,-0.790777548,-0.142495611,-0.810806413
0.00189228,7.69359366e-13,-9.0,-0.774800463,-8.99999393,-0.0626320848,-0.790775544,-0.142674383,-0.810807632
0.00189328,7.61911016e-13,-9.0,-0.774355371,-8.99999393,-0.0621410364,-0.790773555,-0.142853044,-0.810808658
0.00189428,4.25565661e-13,-9.0,-0.773970226,-8.99999393,-0.0616475347,-0.790771582,-0.143031576,-0.810809488
0.00189528,7.19098668e-13,-9.0,-0.773646304,-8.99999393,-0.0611515993,-0.790769625,-0.14320996,-0.810810118
0.00189628,7.68964318e-13,-9.0,-0.773384898,-8.99999393,-0.0606532497,-0.790767684,-0.143388178,-0.810810542
0.00189728,4.10527425e-13,-9.0,-0.773187312,-8.99999393,-0.0601525056,-0.790765759,-0.14356621,-0.810810758
0.00189828,6.67009514e-13,-9.0,-0.773054869,-8.99999393,-0.0596493868,-0.790763851,-0.143744036,-0.810810761
0.00189928,7.72851598e-13,-9.0,-0.772988904,-8.99999393,-0.0591439132,-0.79076196,-0.143921638,-0.810810546
0.00190028,4.00801837e-13,-9.0,-0.772990769,-8.99999393,-0.0586361046,-0.790760085,-0.144098994,-0.810810109
0.00190128,6.13927612e-13,-9.0,-0.773061828,-8.99999393,-0.0581259812,-0.790758228,-0.144276084,-0.810809446
0.00190228,7.73062352e-13,-9.0,-0.773203459,-8.99999393,-0.0576135631,-0.790756388,-0.144452887,-0.810808553
0.00190328,3.96205438e-13,-9.0,-0.773417054,-8.99999393,-0.0570988705,-0.790754565,-0.144629382,-0.810807424
0.00190428,5.6071182e-13,-9.0,-0.773704018,-8.99999393,-0.0565819238,-0.790752761,-0.144805547,-0.810806056
0.00190528,7.6917429e-13,-9.0,-0.774065766,-8.99999393,-0.0560627433,-0.790750974,-0.144981359,-0.810804444
0.00190628,3.96431802e-13,-9.0,-0.774503729,-8.99999393,-0.0555413495,-0.790749206,-0.145156797,-0.810802583
0.00190728,5.08225081e-13,-9.0,-0.775019347,-8.99999393,-0.055017763,-0.790747456,-0.145331837,-0.810800468
0.00190828,7.60865037e-13,-9.0,-0.775614072,-8.99999393,-0.0544920046,-0.790745725,-0.145506457,-0.810798096
0.00190928,4.01060414e-13,-9.0,-0.776289364,-8.99999393,-0.0539640948,-0.790744012,-0.145680632,-0.81079546
0.00191028,4.5731515e-13,-9.0,-0.777046697,-8.99999393,-0.0534340547,-0.790742319,-0.145854339,-0.810792557
0.00191128,7.47921315e-13,-9.0,-0.777887549,-8.99999393,-0.0529019051,-0.790740645,-0.146027553,-0.810789381
0.00191228,4.09568179e-13,-9.0,-0.778813412,-8.99999393,-0.052367667,-0.790738991,-0.146200249,-0.810785928
0.00191328,4.08795567e-13,-9.0,-0.779825781,-8.99999393,-0.0518313616,-0.790737356,-0.146372404,-0.810782193
0.00191428,7.30245391e-13,-9.0,-0.780926162,-8.99999393,-0.0512930099,-0.790735741,-0.14654399,-0.81077817
0.00191528,4.21343267e-13,-9.0,-0.782116062,-8.99999393,-0.0507526332,-0.790734147,-0.146714983,-0.810773856
0.00191628,3.63427334e-13,-9.0,-0.783396999,-8.99999393,-0.050210253,-0.790732573,-0.146885355,-0.810769245
0.00191728,7.07858618e-13,-9.0,-0.784770493,-8.99999394,-0.0496658905,-0.79073102,-0.147055081,-0.810764332
0.00191828,4.35700991e-13,-9.0,-0.786238066,-8.99999394,-0.0491195673,-0.790729487,-0.147224133,-0.810759112
0.00191928,3.21901739e-13,-9.0,-0.787801245,-8.99999394,-0.0485713049,-0.790727976,-0.147392485,-0.81075358
0.00192028,6.80902012e-13,-9.0,-0.789461557,-8.99999394,-0.048021125,-0.790726486,-0.147560108,-0.810747731
0.00192128,4.51901302e-13,-9.0,-0.791220532,-8.99999394,-0.0474690493,-0.790725018,-0.147726974,-0.81074156
0.00192228,2.84824744e-13,-9.0,-0.793079695,-8.99999394,-0.0469150997,-0.790723572,-0.147893055,-0.810735063
0.00192328,6.49633819e-13,-9.0,-0.795040575,-8.99999394,-0.0463592979,-0.790722147,-0.148058323,-0.810728233
0.00192428,4.69167519e-13,-9.0,-0.797104693,-8.99999394,-0.0458016659,-0.790720745,-0.148222747,-0.810721066
0.00192528,2.52703306e-13,-9.0,-0.799273569,-8.99999394,-0.0452422257,-0.790719365,-0.1483863,-0.810713557
0.00192628,6.14424173e-13,-9.0,-0.801548716,-8.99999395,-0.0446809995,-0.790718009,-0.14854895,-0.810705701
0.00192728,4.86705819e-13,-9.0,-0.803931642,-8.99999395,-0.0441180093,-0.790716675,-0.148710668,-0.810697492
0.00192828,2.25933974e-13,-9.0,-0.806423846,-8.99999395,-0.0435532775,-0.790715364,-0.148871424,-0.810688926
0.00192928,5.75746933e-13,-9.0,-0.809026817,-8.99999395,-0.0429868262,-0.790714077,-0.149031186,-0.810679999
0.00193028,5.03725027e-13,-9.0,-0.811742033,-8.99999395,-0.0424186779,-0.790712814,-0.149189924,-0.810670704
0.00193128,2.04794025e-13,-9.0,-0.814570961,-8.99999395,-0.0418488549,-0.790711574,-0.149347606,-0.810661036
0.00193228,5.34168936e-13,-9.0,-0.817515054,-8.99999395,-0.0412773799,-0.790710359,-0.1495042,-0.810650992
0.00193328,5.1945625e-13,-9.0,-0.820575747,-8.99999396,-0.0407042752,-0.790709167,-0.149659675,-0.810640566
0.00193428,1.89435376e-13,-9.0,-0.82375446,-8.99999396,-0.0401295637,-0.790708001,-0.149813999,-0.810629753
0.00193528,4.90336908e-13,-9.0,-0.827052594,-8.99999396,-0.0395532679,-0.790706859,-0.149967138,-0.810618549
0.00193628,5.33171869e-13,-9.0,-0.830471528,-8.99999396,-0.0389754106,-0.790705743,-0.150119061,-0.810606948
0.00193728,1.79881402e-13,-9.0,-0.83401262,-8.99999396,-0.0383960146,-0.790704651,-0.150269733,-0.810594946
0.00193828,4.44962357e-13,-9.0,-0.837677203,-8.99999397,-0.0378151028,-0.790703585,-0.150419123,-0.810582539
0.00193928,5.44203438e-13,-9.0,-0.841466584,-8.99999397,-0.0372326981,-0.790702545,-0.150567196,-0.810569721
0.00194028,1.76026758e-13,-9.0,-0.845382043,-8.99999397,-0.0366488236,-0.790701531,-0.150713919,-0.810556489
0.00194128,3.98804821e-13,-9.0,-0.849424828,-8.99999397,-0.0360635022,-0.790700543,-0.150859257,-0.810542838
0.00194228,5.51958087e-13,-9.0,-0.853596156,-8.99999397,-0.0354767571,-0.790699581,-0.151003178,-0.810528763
0.00194328,1.77640204e-13,-9.0,-0.857897212,-8.99999398,-0.0348886114,-0.790698646,-0.151145646,-0.810514261
0.00194428,3.5265387e-13,-9.0,-0.862329143,-8.99999398,-0.0342990884,-0.790697737,-0.151286628,-0.810499327
0.00194528,5.55933006e-13,-9.0,-0.866893057,-8.99999398,-0.0337082113,-0.790696856,-0.151426088,-0.810483957
0.00194628,1.84370377e-13,-9.0,-0.871590024,-8.99999398,-0.0331160035,-0.790696001,-0.151563993,-0.810468147
0.00194728,3.07310309e-13,-9.0,-0.876421071,-8.99999399,-0.0325224883,-0.790695174,-0.151700307,-0.810451894
0.00194828,5.55727696e-13,-9.0,-0.881387181,-8.99999399,-0.0319276892,-0.790694375,-0.151834996,-0.810435194
0.00194928,1.95754372e-13,-9.0,-0.886489289,-8.99999399,-0.0313316296,-0.790693603,-0.151968025,-0.810418043
0.00195028,2.63567037e-13,-9.0,-0.891728282,-8.99999399,-0.0307343331,-0.79069286,-0.152099359,-0.810400439
0.00195128,5.51053687e-13,-9.0,-0.897104997,-8.999994,-0.0301358233,-0.790692144,-0.152228963,-0.810382376
0.00195228,2.11228937e-13,-9.0,-0.902620217,-8.999994,-0.0295361237,-0.790691457,-0.152356802,-0.810363854
0.00195328,2.22190025e-13,-9.0,-0.908274668,-8.999994,-0.0289352582,-0.790690798,-0.152482841,-0.810344867
0.00195428,5.4174149e-13,-9.0,-0.91406902,-8.99999401,-0.0283332503,-0.790690168,-0.152607045,-0.810325415
0.00195528,2.30144012e-13,-9.0,-0.920003883,-8.99999401,-0.0277301238,-0.790689566,-0.15272938,-0.810305494
0.00195628,1.83899878e-13,-9.0,-0.926079805,-8.99999401,-0.0271259027,-0.790688994,-0.15284981,-0.810285102
0.00195728,5.27744632e-13,-9.0,-0.932297268,-8.99999402,-0.0265206106,-0.790688451,-0.152968302,-0.810264236
0.00195828,2.51778297e-13,-9.0,-0.93865669,-8.99999402,-0.0259142715,-0.790687937,-0.153084819,-0.810242894
0.00195928,1.4935443e-13,-9.0,-0.945158416,-8.99999402,-0.0253069094,-0.790687452,-0.153199329,-0.810221076
0.00196028,5.09140675e-13,-9.0,-0.951802725,-8.99999403,-0.0246985483,-0.790686997,-0.153311797,-0.810198778
0.00196128,2.7535648e-13,-9.0,-0.958589819,-8.99999403,-0.024089212,-0.790686572,-0.153422188,-0.810176
0.00196228,1.19132803e-13,-9.0,-0.965519827,-8.99999403,-0.0234789248,-0.790686176,-0.15353047,-0.810152741
0.00196328,4.86129207e-13,-9.0,-0.972592799,-8.99999404,-0.0228677107,-0.79068581,-0.153636607,-0.810128999
0.00196428,3.00067715e-13,-9.0,-0.979808706,-8.99999404,-0.0222555938,-0.790685475,-0.153740568,-0.810104774
0.00196528,9.37212963e-14,-9.0,-0.987167438,-8.99999404,-0.0216425982,-0.790685169,-0.15384232,-0.810080065
0.00196628,4.59026848e-13,-9.0,-0.994668802,-8.99999405,-0.0210287483,-0.790684894,-0.153941828,-0.810054873
0.00196728,3.25084909e-13,-9.0,-1.00231252,-8.99999405,-0.0204140682,-0.790684649,-0.154039063,-0.810029196
0.00196828,7.35014876e-14,-9.0,-1.01009822,-8.99999406,-0.0197985821,-0.790684434,-0.15413399,-0.810003037
0.00196928,4.2825941e-13,-9.0,-1.01802546,-8.99999406,-0.0191823145,-0.79068425,-0.154226579,-0.809976394
0.00197028,3.49584369e-13,-9.0,-1.02609368,-8.99999406,-0.0185652896,-0.790684096,-0.1543168,-0.80994927
0.00197128,5.87407969e-14,-9.0,-1.03430225,-8.99999407,-0.0179475317,-0.790683973,-0.15440462,-0.809921665
0.00197228,3.94351394e-13,-9.0,-1.04265044,-8.99999407,-0.0173290653,-0.79068388,-0.154490011,-0.809893581
0.00197328,3.72765322e-13,-9.0,-1.05113742,-8.99999408,-0.0167099148,-0.790683818,-0.154572942,-0.80986502
0.00197428,4.95857755e-14,-9.0,-1.05976227,-8.99999408,-0.0160901046,-0.790683787,-0.154653384,-0.809835983
0.00197528,3.57913084e-13,-9.0,-1.06852396,-8.99999409,-0.0154696592,-0.790683787,-0.15473131,-0.809806473
0.00197628,3.93868873e-13,-9.0,-1.07742139,-8.99999409,-0.0148486031,-0.790683817,-0.154806691,-0.809776493
0.00197728,4.60582701e-14,-9.0,-1.08645333,-8.9999941,-0.0142269607,-0.790683878,-0.1548795,-0.809746046
0.00197828,3.19625556e-13,-9.0,-1.09561846,-8.9999941,-0.0136047568,-0.79068397,-0.154949711,-0.809715135
0.00197928,4.12195917e-13,-9.0,-1.10491536,-8.99999411,-0.0129820157,-0.790684092,-0.155017297,-0.809683764
0.00198028,4.80545639e-14,-9.0,-1.11434251,-8.99999411,-0.0123587621,-0.790684245,-0.155082234,-0.809651938
0.00198128,2.80223963e-13,-9.0,-1.12389828,-8.99999412,-0.0117350206,-0.790684429,-0.155144497,-0.809619659
0.00198228,4.27123603e-13,-9.0,-1.13358095,-8.99999412,-0.0111108159,-0.790684643,-0.155204062,-0.809586934
0.00198328,5.53475194e-14,-9.0,-1.14338869,-8.99999413,-0.0104861725,-0.790684888,-0.155260908,-0.809553767
0.00198428,2.40479506e-13,-9.0,-1.15331955,-8.99999413,-0.00986111512,-0.790685163,-0.155315011,-0.809520163
0.00198528,4.38119948e-13,-9.0,-1.16337152,-8.99999414,-0.00923566845,-0.790685469,-0.15536635,-0.809486129
0.00198628,6.75916727e-14,-9.0,-1.17354244,-8.99999414,-0.00860985717,-0.790685804,-0.155414906,-0.809451671
0.00198728,2.01180521e-13,-9.0,-1.18383008,-8.99999415,-0.00798370599,-0.790686171,-0.155460659,-0.809416794
0.00198828,4.44756256e-13,-9.0,-1.1942321,-8.99999415,-0.00735723963,-0.790686567,-0.15550359,-0.809381506
0.00198928,8.43311642e-14,-9.0,-1.20474604,-8.99999416,-0.00673048282,-0.790686993,-0.155543682,-0.809345815
0.00199028,1.63113148e-13,-9.0,-1.21536938,-8.99999416,-0.00610346029,-0.790687449,-0.155580919,-0.809309726
0.00199128,4.46717038e-13,-9.0,-1.22609946,-8.99999417,-0.00547619682,-0.790687935,-0.155615284,-0.809273249
0.00199228,1.05010315e-13,-9.0,-1.23693356,-8.99999417,-0.00484871715,-0.79068845,-0.155646764,-0.809236392
0.00199328,1.27042043e-13,-9.0,-1.24786883,-8.99999418,-0.00422104606,-0.790688995,-0.155675344,-0.809199163
0.00199428,4.43807215e-13,-9.0,-1.25890235,-8.99999418,-0.00359320834,-0.790689569,-0.155701013,-0.809161571
0.00199528,1.28986597e-13,-9.0,-1.2700311,-8.99999419,-0.00296522876,-0.790690172,-0.155723758,-0.809123625
0.00199628,9.36916109e-14,-9.0,-1.28125197,-8.9999942,-0.00233713212,-0.790690804,-0.15574357,-0.809085335
0.00199728,4.3595642e-13,-9.0,-1.29256175,-8.9999942,-0.00170894321,-0.790691464,-0.155760439,-0.80904671
0.00199828,1.55545694e-13,-9.0,-1.30395717,-8.99999421,-0.00108068684,-0.790692153,-0.155774357,-0.809007762
0.00199928,6.37281955e-14,-9.0,-1.31543485,-8.99999421,-0.000452387799,-0.790692871,-0.155785316,-0.8089685
0.00200028,4.23220295e-13,-9.0,-1.32699135,-8.99999422,0.000175929098,-0.790693616,-0.155793312,-0.808928936
0.00200128,1.83918287e-13,-9.0,-1.33862314,-8.99999422,0.000804239049,-0.79069439,-0.155798339,-0.80888908
0.00200228,3.7743673e-14,-9.0,-1.35032662,-8.99999423,0.00143251725,-0.79069519,-0.155800393,-0.808848945
0.00200328,4.05778773e-13,-9.0,-1.36209812,-8.99999424,0.0020607389,-0.790696019,-0.155799472,-0.808808541
0.00200428,2.13298161e-13,-9.0,-1.37393389,-8.99999424,0.00268887919,-0.790696874,-0.155795574,-0.80876788
0.00200528,1.62408374e-14,-9.0,-1.38583014,-8.99999425,0.00331691333,-0.790697756,-0.1557887,-0.808726976
0.00200628,3.83931365e-13,-9.0,-1.39778298,-8.99999425,0.00394481653,-0.790698665,-0.15577885,-0.808685841
0.00200728,2.42861211e-13,-9.0,-1.40978851,-8.99999426,0.00457256399,-0.7906996,-0.155766027,-0.808644486
0.00200828,-3.79066076e-16,-9.0,-1.42184273,-8.99999427,0.00520013093,-0.79070056,-0.155750233,-0.808602927
0.00200928,3.58089583e-13,-9.0,-1.43394163,-8.99999427,0.00582749259,-0.790701547,-0.155731473,-0.808561175
0.00201028,2.71784877e-13,-9.0,-1.44608113,-8.99999428,0.00645462418,-0.790702559,-0.155709753,-0.808519244
0.00201128,-1.18263602e-14,-9.0,-1.45825712,-8.99999429,0.00708150095,-0.790703596,-0.155685079,-0.808477148
0.00201228,3.2876668e-13,-9.0,-1.47046543,-8.99999429,0.00770809816,-0.790704658,-0.15565746,-0.8084349
0.00201328,2.99267558e-13,-9.0,-1.48270189,-8.9999943,0.00833439107,-0.790705744,-0.155626904,-0.808392515
0.00201428,-1.79302636e-14,-9.0,-1.49496229,-8.9999943,0.00896035495,-0.790706854,-0.155593421,-0.808350007
0.00201528,2.96564946e-13,-9.0,-1.50724238,-8.99999431,0.00958596509,-0.790707989,-0.155557023,-0.808307391
0.00201628,3.24547524e-13,-9.0,-1.51953792,-8.99999432,0.0102111968,-0.790709146,-0.155517723,-0.80826468
0.00201728,-1.8643351e-14,-9.0,-1.53184462,-8.99999432,0.0108360254,-0.790710327,-0.155475533,-0.808221889
0.00201828,2.62160878e-13,-9.0,-1.5441582,-8.99999433,0.0114604262,-0.790711531,-0.155430468,-0.808179033
0.00201928,3.46920881e-13,-9.0,-1.55647438,-8.99999433,0.0120843745,-0.790712757,-0.155382544,-0.808136127
0.00202028,-1.40430374e-14,-9.0,-1.56878887,-8.99999434,0.0127078458,-0.790714005,-0.155331778,-0.808093186
0.00202128,2.26288577e-13,-9.0,-1.58109739,-8.99999435,0.0133308154,-0.790715274,-0.155278187,-0.808050223
0.00202228,3.65758162e-13,-9.0,-1.59339565,-8.99999435,0.0139532587,-0.790716566,-0.155221789,-0.808007256
0.00202328,-4.33004917e-15,-9.0,-1.60567939,-8.99999436,0.0145751512,-0.790717878,-0.155162605,-0.807964297
0.00202428,1.89721768e-13,-9.0,-1.61794437,-8.99999436,0.0151964683,-0.790719211,-0.155100656,-0.807921363
0.00202528,3.80519129e-13,-9.0,-1.63018635,-8.99999437,0.0158171854,-0.790720564,-0.155035963,-0.807878468
0.00202628,1.01760808e-14,-9.0,-1.64240115,-8.99999438,0.0164372781,-0.790721937,-0.154968548,-0.807835627
0.00202728,1.53254883e-13,-9.0,-1.6545846,-8.99999438,0.0170567219,-0.79072333,-0.154898434,-0.807792855
0.00202828,3.90765455e-13,-9.0,-1.66673255,-8.99999439,0.0176754923,-0.790724742,-0.154825647,-0.807750167
0.00202928,2.9044387e-14,-9.0,-1.67884092,-8.99999439,0.0182935649,-0.790726173,-0.154750212,-0.807707578
0.00203028,1.17683654e-13,-9.0,-1.69090566,-8.9999944,0.0189109154,-0.790727622,-0.154672154,-0.807665102
0.00203128,3.96170962e-13,-9.0,-1.70292277,-8.99999441,0.0195275192,-0.79072909,-0.1545915,-0.807622753
0.00203228,5.17425363e-14,-9.0,-1.71488829,-8.99999441,0.0201433522,-0.790730575,-0.154508277,-0.807580547
0.00203328,8.37856931e-14,-9.0,-1.72679834,-8.99999442,0.0207583899,-0.790732078,-0.154422514,-0.807538497
0.00203428,3.9652917e-13,-9.0,-1.73864907,-8.99999442,0.0213726081,-0.790733598,-0.154334241,-0.807496618
0.00203528,7.76493438e-14,-9.0,-1.7504367,-8.99999443,0.0219859825,-0.790735135,-0.154243486,-0.807454924
0.00203628,5.23015185e-14,-9.0,-1.76215754,-8.99999444,0.022598489,-0.790736688,-0.154150279,-0.807413428
0.00203728,3.91757993e-13,-9.0,-1.77380795,-8.99999444,0.0232101034,-0.790738257,-0.154054653,-0.807372145
0.00203828,1.06069437e-13,-9.0,-1.78538436,-8.99999445,0.0238208014,-0.790739842,-0.153956637,-0.807331086
0.00203928,2.39164829e-14,-9.0,-1.79688327,-8.99999445,0.024430559,-0.790741442,-0.153856265,-0.807290267
0.00204028,3.81901446e-13,-9.0,-1.80830128,-8.99999446,0.0250393522,-0.790743057,-0.153753569,-0.807249699
0.00204128,1.36249717e-13,-9.0,-1.81963506,-8.99999446,0.0256471568,-0.790744687,-0.153648582,-0.807209396
0.00204228,-7.55954998e-16,-9.0,-1.83088136,-8.99999447,0.026253949,-0.790746331,-0.153541337,-0.807169369
0.00204328,3.67128343e-13,-9.0,-1.84203702,-8.99999448,0.0268597047,-0.790747989,-0.153431868,-0.807129632
0.00204428,1.6739722e-13,-9.0,-1.85309896,-8.99999448,0.0274644,-0.790749661,-0.153320211,-0.807090195
0.00204528,-2.11892198e-14,-9.0,-1.8640642,-8.99999449,0.028068011,-0.790751346,-0.153206398,-0.807051072
0.00204628,3.47728e-13,-9.0,-1.87492985,-8.99999449,0.028670514,-0.790753044,-0.153090466,-0.807012272
0.00204728,1.98697952e-13,-9.0,-1.88569312,-8.9999945,0.0292718851,-0.790754755,-0.152972451,-0.806973808
0.00204828,-3.69565064e-14,-9.0,-1.89635129,-8.9999945,0.0298721006,-0.790756479,-0.152852386,-0.806935689
0.00204928,3.24103055e-13,-9.0,-1.90690175,-8.99999451,0.0304711369,-0.790758214,-0.152730309,-0.806897927
0.00205028,2.29336236e-13,-9.0,-1.91734201,-8.99999451,0.0310689701,-0.790759962,-0.152606256,-0.806860531
0.00205128,-4.7741256e-14,-9.0,-1.92766965,-8.99999452,0.0316655768,-0.790761721,-0.152480262,-0.806823512
0.00205228,2.96759582e-13,-9.0,-1.93788235,-8.99999452,0.0322609335,-0.790763491,-0.152352364,-0.806786878
0.00205328,2.58514121e-13,-9.0,-1.9479779,-8.99999453,0.0328550165,-0.790765273,-0.1522226,-0.806750639
0.00205428,-5.33449694e-14,-9.0,-1.95795419,-8.99999453,0.0334478024,-0.790767065,-0.152091004,-0.806714804
0.00205528,2.66294719e-13,-9.0,-1.9678092,-8.99999454,0.0340392679,-0.790768868,-0.151957615,-0.806679381
0.00205628,2.8547037e-13,-9.0,-1.97754103,-8.99999454,0.0346293896,-0.790770681,-0.15182247,-0.806644378
0.00205728,-5.369217e-14,-9.0,-1.98714786,-8.99999455,0.0352181441,-0.790772504,-0.151685604,-0.806609803
0.00205828,2.33382129e-13,-9.0,-1.99662798,-8.99999455,0.0358055084,-0.790774336,-0.151547055,-0.806575663
0.00205928,3.09498575e-13,-9.0,-2.00597977,-8.99999456,0.036391459,-0.790776178,-0.151406859,-0.806541965
0.00206028,-4.88323974e-14,-9.0,-2.01520174,-8.99999456,0.036975973,-0.79077803,-0.151265054,-0.806508716
0.00206128,1.98755629e-13,-9.0,-2.02429245,-8.99999456,0.0375590273,-0.79077989,-0.151121676,-0.806475923
0.00206228,3.29963977e-13,-9.0,-2.03325061,-8.99999457,0.0381405988,-0.790781759,-0.150976762,-0.806443591
0.00206328,-3.89391843e-14,-9.0,-2.04207499,-8.99999457,0.0387206645,-0.790783637,-0.150830347,-0.806411725
0.00206428,1.63191379e-13,-9.0,-2.05076446,-8.99999458,0.0392992017,-0.790785524,-0.15068247,-0.806380332
0.00206528,3.46318559e-13,-9.0,-2.05931802,-8.99999458,0.0398761873,-0.790787418,-0.150533165,-0.806349416
0.00206628,-2.43060412e-14,-9.0,-2.06773472,-8.99999458,0.0404515988,-0.790789321,-0.15038247,-0.806318981
0.00206728,1.27489074e-13,-9.0,-2.07601372,-8.99999459,0.0410254132,-0.790791231,-0.150230419,-0.806289031
0.00206828,3.58114073e-13,-9.0,-2.0841543,-8.99999459,0.0415976081,-0.790793149,-0.150077048,-0.806259572
0.00206928,-5.33954693e-15,-9.0,-2.09215577,-8.9999946,0.0421681607,-0.790795075,-0.149922394,-0.806230605
0.00207028,9.24525693e-14,-9.0,-2.10001759,-8.9999946,0.0427370487,-0.790797007,-0.14976649,-0.806202134
0.00207128,3.65012681e-13,-9.0,-2.10773927,-8.9999946,0.0433042494,-0.790798947,-0.149609373,-0.806174163
0.00207228,1.74502898e-14,-9.0,-2.11532041,-8.99999461,0.0438697406,-0.790800894,-0.149451076,-0.806146692
0.00207328,5.88704217e-14,-9.0,-2.12276072,-8.99999461,0.0444334998,-0.790802848,-0.149291634,-0.806119726
0.00207428,3.6679494e-13,-9.0,-2.13005995,-8.99999461,0.0449955049,-0.790804808,-0.149131081,-0.806093265
0.00207528,4.3462165e-14,-9.0,-2.13721796,-8.99999462,0.0455557337,-0.790806775,-0.148969452,-0.806067311
0.00207628,2.74968089e-14,-9.0,-2.14423468,-8.99999462,0.046114164,-0.790808749,-0.148806779,-0.806041866
0.00207728,3.63364965e-13,-9.0,-2.15111013,-8.99999462,0.0466707738,-0.790810728,-0.148643095,-0.806016929
0.00207828,7.20178179e-14,-9.0,-2.15784437,-8.99999463,0.0472255411,-0.790812714,-0.148478434,-0.805992503
0.00207928,-9.66719416e-16,-9.0,-2.16443757,-8.99999463,0.047778444,-0.790814706,-0.148312827,-0.805968587
0.00208028,3.54752614e-13,-9.0,-2.17088994,-8.99999463,0.0483294607,-0.790816703,-0.148146308,-0.805945181
0.00208128,1.02378228e-13,-9.0,-2.17720179,-8.99999464,0.0488785694,-0.790818707,-0.147978907,-0.805922285
0.00208228,-2.58882143e-14,-9.0,-2.18337346,-8.99999464,0.0494257485,-0.790820716,-0.147810657,-0.805899898
0.00208328,3.41112672e-13,-9.0,-2.18940539,-8.99999464,0.0499709764,-0.790822731,-0.147641587,-0.805878021
0.00208428,1.33761282e-13,-9.0,-2.19529806,-8.99999465,0.0505142315,-0.790824751,-0.147471729,-0.805856651
0.00208528,-4.67206197e-14,-9.0,-2.201052,-8.99999465,0.0510554924,-0.790826777,-0.147301113,-0.805835788
0.00208628,3.2272103e-13,-9.0,-2.20666784,-8.99999465,0.0515947377,-0.790828808,-0.147129768,-0.80581543
0.00208728,1.65360484e-13,-9.0,-2.21214621,-8.99999465,0.0521319461,-0.790830844,-0.146957724,-0.805795575
0.00208828,-6.30150151e-14,-9.0,-2.21748785,-8.99999466,0.0526670964,-0.790832885,-0.14678501,-0.805776222
0.00208928,2.99967968e-13,-9.0,-2.22269351,-8.99999466,0.0532001675,-0.790834932,-0.146611655,-0.805757368
0.00209028,1.96364259e-13,-9.0,-2.227764,-8.99999466,0.0537311384,-0.790836983,-0.146437686,-0.805739011
0.00209128,-7.44314926e-14,-9.0,-2.23270019,-8.99999466,0.0542599881,-0.79083904,-0.146263132,-0.805721148
0.00209228,2.73348687e-13,-9.0,-2.23750298,-8.99999467,0.0547866957,-0.790841101,-0.14608802,-0.805703776
0.00209328,2.25975386e-13,-9.0,-2.24217333,-8.99999467,0.0553112404,-0.790843167,-0.145912376,-0.805686893
0.00209428,-8.0747405e-14,-9.0,-2.24671222,-8.99999467,0.0558336015,-0.790845238,-0.145736227,-0.805670496
0.00209528,2.43451328e-13,-9.0,-2.25112069,-8.99999467,0.0563537583,-0.790847314,-0.1455596,-0.80565458
0.00209628,2.53430095e-13,-9.0,-2.2553998,-8.99999467,0.0568716905,-0.790849394,-0.14538252,-0.805639143
0.00209728,-8.18627891e-14,-9.0,-2.25955066,-8.99999468,0.0573873774,-0.790851479,-0.145205011,-0.805624181
0.00209828,2.10942769e-13,-9.0,-2.26357441,-8.99999468,0.0579007988,-0.790853568,-0.1450271,-0.80560969
0.00209928,2.7801636e-13,-9.0,-2.26747222,-8.99999468,0.0584119343,-0.790855662,-0.14484881,-0.805595666
0.00210028,-7.78028326e-14,-9.0,-2.27124528,-8.99999468,0.0589207639,-0.790857761,-0.144670165,-0.805582105
0.00210128,1.76552527e-13,-9.0,-2.27489484,-8.99999468,0.0594272674,-0.790859864,-0.144491189,-0.805569003
0.00210228,2.9909096e-13,-9.0,-2.27842213,-8.99999468,0.0599314247,-0.790861971,-0.144311905,-0.805556356
0.00210328,-6.87173268e-14,-9.0,-2.28182843,-8.99999469,0.0604332161,-0.790864083,-0.144132335,-0.805544159
0.00210428,1.41055162e-13,-9.0,-2.28511507,-8.99999469,0.0609326217,-0.790866199,-0.143952503,-0.805532407
0.00210528,3.16094888e-13,-9.0,-2.28828334,-8.99999469,0.0614296218,-0.790868319,-0.143772429,-0.805521096
0.00210628,-5.4877118e-14,-9.0,-2.29133461,-8.99999469,0.0619241967,-0.790870444,-0.143592136,-0.805510222
0.00210728,1.05251604e-13,-9.0,-2.29427022,-8.99999469,0.062416327,-0.790872573,-0.143411644,-0.805499779
0.00210828,3.28566743e-13,-9.0,-2.29709157,-8.99999469,0.0629059932,-0.790874706,-0.143230973,-0.805489762
0.00210928,-3.66676428e-14,-9.0,-2.29980003,-8.99999469,0.0633931759,-0.790876844,-0.143050146,-0.805480166
0.00211028,6.99498532e-14,-9.0,-2.30239703,-8.99999469,0.063877856,-0.790878986,-0.14286918,-0.805470987
0.00211128,3.36153777e-13,-9.0,-2.30488398,-8.9999947,0.0643600143,-0.790881131,-0.142688096,-0.805462219
0.00211228,-1.45797044e-14,-9.0,-2.30726231,-8.9999947,0.0648396318,-0.790883281,-0.142506913,-0.805453857
0.00211328,3.59455126e-14,-9.0,-2.30953346,-8.9999947,0.0653166896,-0.790885436,-0.142325649,-0.805445896
0.00211428,3.38620338e-13,-9.0,-2.31169889,-8.9999947,0.0657911687,-0.790887594,-0.142144323,-0.80543833
0.00211528,1.08022893e-14,-9.0,-2.31376004,-8.9999947,0.0662630506,-0.790889756,-0.141962952,-0.805431155
0.00211628,4.00262152e-15,-9.0,-2.31571838,-8.9999947,0.0667323164,-0.790891923,-0.141781555,-0.805424364
0.00211728,3.35853497e-13,-9.0,-2.31757537,-8.9999947,0.0671989478,-0.790894094,-0.141600148,-0.805417952
0.00211828,3.88143423e-14,-9.0,-2.3193325,-8.9999947,0.0676629263,-0.790896268,-0.141418749,-0.805411914
0.00211928,-2.51647445e-14,-9.0,-2.32099122,-8.9999947,0.0681242336,-0.790898447,-0.141237373,-0.805406245
0.00212028,3.27865739e-13,-9.0,-2.32255302,-8.9999947,0.0685828514,-0.79090063,-0.141056038,-0.805400939
0.00212128,6.87288046e-14,-9.0,-2.32401936,-8.9999947,0.0690387618,-0.790902817,-0.140874758,-0.80539599
0.00212228,-5.09096702e-14,-9.0,-2.32539173,-8.9999947,0.0694919466,-0.790905008,-0.140693549,-0.805391393
0.00212328,3.14794625e-13,-9.0,-2.3266716,-8.99999471,0.0699423879,-0.790907203,-0.140512426,-0.805387142
0.00212428,9.97718402e-14,-9.0,-2.32786044,-8.99999471,0.0703900681,-0.790909402,-0.140331404,-0.805383233
0.00212528,-7.26679793e-14,-9.0,-2.32895972,-8.99999471,0.0708349693,-0.790911605,-0.140150497,-0.805379659
0.00212628,2.96899473e-13,-9.0,-2.32997089,-8.99999471,0.0712770742,-0.790913812,-0.13996972,-0.805376414
0.00212728,1.31142009e-13,-9.0,-2.33089543,-8.99999471,0.0717163651,-0.790916024,-0.139789086,-0.805373494
0.00212828,-8.99718192e-14,-9.0,-2.33173478,-8.99999471,0.0721528248,-0.790918239,-0.139608609,-0.805370893
0.00212928,2.74555091e-13,-9.0,-2.33249039,-8.99999471,0.072586436,-0.790920458,-0.139428301,-0.805368606
0.00213028,1.62029516e-13,-9.0,-2.33316371,-8.99999471,0.0730171817,-0.790922681,-0.139248176,-0.805366626
0.00213128,-1.02460928e-13,-9.0,-2.33375615,-8.99999471,0.0734450447,-0.790924908,-0.139068246,-0.805364949
0.00213228,2.48242758e-13,-9.0,-2.33426917,-8.99999471,0.0738700083,-0.790927139,-0.138888524,-0.805363569
0.00213328,1.91635664e-13,-9.0,-2.33470415,-8.99999471,0.0742920556,-0.790929374,-0.138709021,-0.805362481
0.00213428,-1.09891311e-13,-9.0,-2.33506252,-8.99999471,0.07471117,-0.790931613,-0.138529748,-0.80536168
0.00213528,2.18538635e-13,-9.0,-2.33534568,-8.99999471,0.0751273349,-0.790933856,-0.138350718,-0.805361159
0.00213628,2.19192043e-13,-9.0,-2.335555,-8.99999471,0.0755405339,-0.790936102,-0.138171941,-0.805360915
0.00213728,-1.12141119e-13,-9.0,-2.33569186,-8.99999471,0.0759507507,-0.790938353,-0.137993429,-0.805360941
0.00213828,1.86099901e-13,-9.0,-2.33575763,-8.99999471,0.0763579691,-0.790940608,-0.137815191,-0.805361232
0.00213928,2.43978992e-13,-9.0,-2.33575367,-8.99999471,0.076762173,-0.790942866,-0.137637238,-0.805361783
0.00214028,-1.0921359e-13,-9.0,-2.33568131,-8.99999471,0.0771633465,-0.790945129,-0.13745958,-0.80536259
0.00214128,1.51648944e-13,-9.0,-2.33554187,-8.99999471,0.0775614737,-0.790947395,-0.137282227,-0.805363646
0.00214228,2.65342896e-13,-9.0,-2.33533669,-8.99999471,0.0779565389,-0.790949665,-0.137105188,-0.805364948
0.00214328,-1.01255246e-13,-9.0,-2.33506706,-8.99999471,0.0783485265,-0.790951939,-0.136928472,-0.805366489
0.00214428,1.15922798e-13,-9.0,-2.33473426,-8.99999471,0.078737421,-0.790954217,-0.136752089,-0.805368266
0.00214528,2.82686124e-13,-9.0,-2.33433959,-8.99999471,0.0791232071,-0.790956499,-0.136576048,-0.805370273
0.00214628,-8.85004609e-14,-9.0,-2.33388429,-8.99999471,0.0795058696,-0.790958784,-0.136400356,-0.805372505
0.00214728,7.9766518e-14,-9.0,-2.33336961,-8.99999471,0.0798853933,-0.790961073,-0.136225022,-0.805374957
0.00214828,2.9556446e-13,-9.0,-2.33279679,-8.99999471,0.0802617633,-0.790963366,-0.136050055,-0.805377625
0.00214928,-7.13078276e-14,-9.0,-2.33216706,-8.9999947,0.0806349647,-0.790965663,-0.135875462,-0.805380505
0.00215028,4.39823569e-14,-9.0,-2.3314816,-8.9999947,0.0810049828,-0.790967964,-0.135701251,-0.80538359
0.00215128,3.03606412e-13,-9.0,-2.33074161,-8.9999947,0.0813718029,-0.790970268,-0.135527429,-0.805386878
0.00215228,-5.01515118e-14,-9.0,-2.32994827,-8.9999947,0.0817354106,-0.790972576,-0.135354004,-0.805390363
0.00215328,9.36972638e-15,-9.0,-2.32910273,-8.9999947,0.0820957915,-0.790974888,-0.135180982,-0.805394041
0.00215428,3.06557621e-13,-9.0,-2.32820615,-8.9999947,0.0824529314,-0.790977203,-0.135008371,-0.805397908
0.00215528,-2.56012725e-14,-9.0,-2.32725964,-8.9999947,0.0828068163,-0.790979522,-0.134836177,-0.805401958
0.00215628,-2.33004407e-14,-9.0,-2.32626432,-8.9999947,0.083157432,-0.790981845,-0.134664407,-0.805406189
0.00215728,3.04285796e-13,-9.0,-2.32522129,-8.9999947,0.0835047648,-0.790984171,-0.134493066,-0.805410595
0.00215828,1.69119484e-15,-9.0,-2.32413163,-8.9999947,0.0838488011,-0.790986501,-0.134322162,-0.805415173
0.00215928,-5.33042631e-14,-9.0,-2.32299641,-8.9999947,0.0841895271,-0.790988834,-0.134151699,-0.805419918
0.00216028,2.96783853e-13,-9.0,-2.32181668,-8.9999947,0.0845269294,-0.790991171,-0.133981684,-0.805424827
0.00216128,3.10078949e-14,-9.0,-2.32059347,-8.9999947,0.0848609948,-0.790993511,-0.133812123,-0.805429895
0.00216228,-7.99823439e-14,-9.0,-2.31932781,-8.9999947,0.08519171,-0.790995855,-0.13364302,-0.805435118
0.00216328,2.84170068e-13,-9.0,-2.3180207,-8.9999947,0.085519062,-0.790998202,-0.133474381,-0.805440494
0.00216428,6.15817705e-14,-9.0,-2.31667313,-8.9999947,0.0858430378,-0.791000553,-0.13330621,-0.805446017
0.00216528,-1.02755646e-13,-9.0,-2.31528607,-8.9999947,0.0861636247,-0.791002907,-0.133138514,-0.805451684
0.00216628,2.66685203e-13,-9.0,-2.31386049,-8.99999469,0.08648081,-0.791005265,-0.132971297,-0.805457491
0.00216728,9.26151262e-14,-9.0,-2.31239732,-8.99999469,0.0867945812,-0.791007626,-0.132804563,-0.805463435
0.00216828,-1.21139428e-13,-9.0,-2.31089749,-8.99999469,0.0871049259,-0.79100999,-0.132638316,-0.805469512
0.00216928,2.44686714e-13,-9.0,-2.30936192,-8.99999469,0.0874118318,-0.791012357,-0.132472562,-0.805475719
0.00217028,1.23298794e-13,-9.0,-2.3077915,-8.99999469,0.0877152869,-0.791014728,-0.132307304,-0.805482053
0.00217128,-1.34754911e-13,-9.0,-2.30618711,-8.99999469,0.0880152791,-0.791017101,-0.132142547,-0.805488509
0.00217228,2.18640141e-13,-9.0,-2.30454963,-8.99999469,0.0883117966,-0.791019478,-0.131978294,-0.805495085
0.00217328,1.52831582e-13,-9.0,-2.30287991,-8.99999469,0.0886048277,-0.791021859,-0.131814549,-0.805501777
0.00217428,-1.43338389e-13,-9.0,-2.30117877,-8.99999469,0.0888943609,-0.791024242,-0.131651315,-0.805508582
0.00217528,1.89107911e-13,-9.0,-2.29944705,-8.99999469,0.0891803847,-0.791026628,-0.131488598,-0.805515496
0.00217628,1.80439529e-13,-9.0,-2.29768556,-8.99999469,0.0894628877,-0.791029017,-0.131326398,-0.805522518
0.00217728,-1.46747576e-13,-9.0,-2.29589509,-8.99999468,0.089741859,-0.791031409,-0.131164721,-0.805529644
0.00217828,1.5673582e-13,-9.0,-2.29407641,-8.99999468,0.0900172874,-0.791033804,-0.13100357,-0.80553687
0.00217928,2.05394517e-13,-9.0,-2.2922303,-8.99999468,0.090289162,-0.791036202,-0.130842946,-0.805544194
0.00218028,-1.44965018e-13,-9.0,-2.2903575,-8.99999468,0.0905574722,-0.791038603,-0.130682854,-0.805551614
0.00218128,1.22237503e-13,-9.0,-2.28845875,-8.99999468,0.0908222073,-0.791041007,-0.130523295,-0.805559125
0.00218228,2.27031774e-13,-9.0,-2.28653479,-8.99999468,0.0910833569,-0.791043413,-0.130364274,-0.805566726
0.00218328,-1.38098516e-13,-9.0,-2.28458631,-8.99999468,0.0913409108,-0.791045822,-0.130205792,-0.805574413
0.00218428,8.63772837e-14,-9.0,-2.28261401,-8.99999468,0.0915948586,-0.791048234,-0.130047852,-0.805582185
0.00218528,2.44765867e-13,-9.0,-2.28061858,-8.99999468,0.0918451904,-0.791050649,-0.129890457,-0.805590038
0.00218628,-1.26378526e-13,-9.0,-2.27860069,-8.99999468,0.0920918963,-0.791053066,-0.129733608,-0.80559797
0.00218728,4.99518058e-14,-9.0,-2.276561,-8.99999467,0.0923349666,-0.791055485,-0.129577309,-0.805605978
0.00218828,2.58104781e-13,-9.0,-2.27450015,-8.99999467,0.0925743917,-0.791057907,-0.12942156,-0.80561406
0.00218928,-1.10152608e-13,-9.0,-2.27241877,-8.99999467,0.0928101621,-0.791060331,-0.129266365,-0.805622214
0.00219028,1.3770888e-14,-9.0,-2.27031748,-8.99999467,0.0930422685,-0.791062758,-0.129111725,-0.805630437
0.00219128,2.66661761e-13,-9.0,-2.26819689,-8.99999467,0.0932707018,-0.791065187,-0.128957642,-0.805638727
0.00219228,-8.98770642e-14,-9.0,-2.2660576,-8.99999467,0.0934954529,-0.791067619,-0.128804119,-0.805647081
0.00219328,-2.13619348e-14,-9.0,-2.26390018,-8.99999467,0.0937165129,-0.791070052,-0.128651155,-0.805655498
0.00219428,2.70164618e-13,-9.0,-2.26172521,-8.99999467,0.0939338732,-0.791072488,-0.128498754,-0.805663975
0.00219528,-6.61059513e-14,-9.0,-2.25953325,-8.99999467,0.0941475251,-0.791074926,-0.128346917,-0.805672511
0.00219628,-5.46687173e-14,-9.0,-2.25732485,-8.99999466,0.0943574603,-0.791077366,-0.128195646,-0.805681102
0.00219728,2.68462287e-13,-9.0,-2.25510053,-8.99999466,0.0945636704,-0.791079808,-0.128044941,-0.805689747
0.00219828,-3.94777509e-14,-9.0,-2.25286083,-8.99999466,0.0947661473,-0.791082252,-0.127894804,-0.805698445
0.00219928,-8.54157946e-14,-9.0,-2.25060626,-8.99999466,0.0949648829,-0.791084697,-0.127745236,-0.805707192
0.00220028,2.61528474e-13,-9.0,-2.24833733,-8.99999466,0.0951598695,-0.791087145,-0.12759624,-0.805715988
0.00220128,-1.07000031e-14,-9.0,-2.24605452,-8.99999466,0.0953510994,-0.791089594,-0.127447815,-0.80572483
0.00220228,-1.12931405e-13,-9.0,-2.24375832,-8.99999466,0.095538565,-0.791092045,-0.127299962,-0.805733717
0.00220328,2.49462302e-13,-9.0,-2.2414492,-8.99999466,0.0957222588,-0.791094498,-0.127152684,-0.805742647
0.00220428,1.94677198e-14,-9.0,-2.23912762,-8.99999465,0.0959021737,-0.791096952,-0.12700598,-0.805751617
0.00220528,-1.36621827e-13,-9.0,-2.23679403,-8.99999465,0.0960783026,-0.791099408,-0.126859852,-0.805760627
0.00220628,2.32485946e-13,-9.0,-2.23444888,-8.99999465,0.0962506385,-0.791101866,-0.126714301,-0.805769675
0.00220728,5.02320912e-14,-9.0,-2.2320926,-8.99999465,0.0964191745,-0.791104324,-0.126569327,-0.805778758
0.00220828,-1.55985632e-13,-9.0,-2.2297256,-8.99999465,0.0965839041,-0.791106784,-0.126424931,-0.805787877
0.00220928,2.10939306e-13,-9.0,-2.2273483,-8.99999465,0.0967448207,-0.791109246,-0.126281113,-0.805797028
0.00221028,8.07851205e-14,-9.0,-2.22496111,-8.99999465,0.096901918,-0.791111708,-0.126137875,-0.805806211
0.00221128,-1.70625729e-13,-9.0,-2.22256442,-8.99999465,0.0970551898,-0.791114172,-0.125995217,-0.805815423
0.00221228,1.85271853e-13,-9.0,-2.22015861,-8.99999464,0.09720463,-0.791116637,-0.125853139,-0.805824665
0.00221328,1.10323598e-13,-9.0,-2.21774407,-8.99999464,0.0973502327,-0.791119103,-0.125711641,-0.805833933
0.00221428,-1.80258888e-13,-9.0,-2.21532115,-8.99999464,0.0974919922,-0.79112157,-0.125570725,-0.805843227
0.00221528,1.56031845e-13,-9.0,-2.21289022,-8.99999464,0.0976299029,-0.791124037,-0.125430391,-0.805852546
0.00221628,1.38068422e-13,-9.0,-2.21045164,-8.99999464,0.0977639593,-0.791126506,-0.125290639,-0.805861888
0.00221728,-1.84722532e-13,-9.0,-2.20800573,-8.99999464,0.0978941562,-0.791128975,-0.125151468,-0.805871252
0.00221828,1.23853159e-13,-9.0,-2.20555285,-8.99999464,0.0980204884,-0.791131445,-0.125012881,-0.805880636
0.00221928,1.63283354e-13,-9.0,-2.20309331,-8.99999464,0.0981429509,-0.791133916,-0.124874875,-0.80589004
0.00222028,-1.83978625e-13,-9.0,-2.20062744,-8.99999463,0.0982615389,-0.791136387,-0.124737453,-0.805899462
0.00222128,8.94400775e-14,-9.0,-2.19815555,-8.99999463,0.0983762477,-0.791138858,-0.124600614,-0.805908901
0.00222228,1.85292733e-13,-9.0,-2.19567794,-8.99999463,0.0984870727,-0.79114133,-0.124464357,-0.805918356
0.00222328,-1.78114569e-13,-9.0,-2.19319491,-8.99999463,0.0985940097,-0.791143803,-0.124328684,-0.805927826
0.00222428,5.35503704e-14,-9.0,-2.19070675,-8.99999463,0.0986970543,-0.791146276,-0.124193593,-0.80593731
0.00222528,2.03497745e-13,-9.0,-2.18821374,-8.99999463,0.0987962026,-0.791148748,-0.124059086,-0.805946807
0.00222628,-1.67341083e-13,-9.0,-2.18571617,-8.99999463,0.0988914505,-0.791151221,-0.123925161,-0.805956316
0.00222728,1.69771009e-14,-9.0,-2.18321429,-8.99999463,0.0989827944,-0.791153694,-0.123791819,-0.805965835
0.00222828,2.1739084e-13,-9.0,-2.18070837,-8.99999462,0.0990702306,-0.791156167,-0.12365906,-0.805975364
0.00222928,-1.51987109e-13,-9.0,-2.17819867,-8.99999462,0.0991537557,-0.79115864,-0.123526884,-0.805984902
0.00223028,-1.94704219e-14,-9.0,-2.17568544,-8.99999462,0.0992333664,-0.791161113,-0.12339529,-0.805994448
0.00223128,2.26567952e-13,-9.0,-2.17316892,-8.99999462,0.0993090595,-0.791163586,-0.123264278,-0.806004001
0.00223228,-1.32491891e-13,-9.0,-2.17064935,-8.99999462,0.099380832,-0.791166058,-0.123133848,-0.80601356
0.00223328,-5.49860791e-14,-9.0,-2.16812696,-8.99999462,0.0994486812,-0.79116853,-0.123004,-0.806023125
0.00223428,2.30738238e-13,-9.0,-2.16560197,-8.99999462,0.0995126043,-0.791171001,-0.122874732,-0.806032694
0.00223528,-1.0939439e-13,-9.0,-2.16307462,-8.99999462,0.0995725988,-0.791173472,-0.122746046,-0.806042268
0.00223628,-8.87863009e-14,-9.0,-2.1605451,-8.99999461,0.0996286623,-0.791175942,-0.122617941,-0.806051844
0.00223728,2.29731093e-13,-9.0,-2.15801363,-8.99999461,0.0996807927,-0.791178412,-0.122490415,-0.806061422
0.00223828,-8.33203016e-14,-9.0,-2.15548042,-8.99999461,0.0997289879,-0.791180881,-0.12236347,-0.806071002
0.00223928,-1.20128884e-13,-9.0,-2.15294566,-8.99999461,0.0997732459,-0.791183349,-0.122237104,-0.806080583
0.00224028,2.23500269e-13,-9.0,-2.15040954,-8.99999461,0.0998135651,-0.791185816,-0.122111317,-0.806090164
0.00224128,-5.49669957e-14,-9.0,-2.14787225,-8.99999461,0.0998499438,-0.791188282,-0.121986108,-0.806099744
0.00224228,-1.48330813e-13,-9.0,-2.14533398,-8.99999461,0.0998823805,-0.791190747,-0.121861478,-0.806109323
0.00224328,2.12125014e-13,-9.0,-2.14279489,-8.99999461,0.0999108741,-0.791193211,-0.121737425,-0.806118901
0.00224428,-2.50867256e-14,-9.0,-2.14025518,-8.9999946,0.0999354234,-0.791195674,-0.121613949,-0.806128476
0.00224528,-1.72784661e-13,-9.0,-2.137715,-8.9999946,0.0999560274,-0.791198135,-0.121491049,-0.806138048
0.00224628,1.95808187e-13,-9.0,-2.13517451,-8.9999946,0.0999726853,-0.791200595,-0.121368725,-0.806147616
0.00224728,5.53147896e-15,-9.0,-2.13263388,-8.9999946,0.0999853965,-0.791203054,-0.121246976,-0.80615718
0.00224828,-1.92973168e-13,-9.0,-2.13009327,-8.9999946,0.0999941604,-0.791205511,-0.121125803,-0.806166739
0.00224928,1.748714e-13,-9.0,-2.12755282,-8.9999946,0.0999989767,-0.791207966,-0.121005203,-0.806176293
0.00225028,3.60808042e-14,-9.0,-2.12500339,-8.9999946,0.0999998452,-0.791210418,-0.120885354,-0.806186014
0.00225128,-2.08481661e-13,-9.0,-2.1224462,-8.99999459,0.0999967659,-0.791212868,-0.120765962,-0.806195606
0.00225228,1.49747313e-13,-9.0,-2.11990257,-8.99999459,0.0999897389,-0.791215319,-0.120646929,-0.806204981
0.00225328,6.57560729e-14,-9.0,-2.11737297,-8.99999459,0.0999787645,-0.791217769,-0.120528567,-0.806214455
0.00225428,-2.19007991e-13,-9.0,-2.11484473,-8.99999459,0.0999638431,-0.791220216,-0.120410806,-0.806223954
0.00225528,1.2096925e-13,-9.0,-2.1123153,-8.99999459,0.0999449753,-0.791222661,-0.120293627,-0.806233459
0.00225628,9.37731222e-14,-9.0,-2.10978467,-8.99999459,0.0999221618,-0.791225103,-0.120177023,-0.80624296
0.00225728,-2.24369787e-13,-9.0,-2.10725347,-8.99999459,0.0998954036,-0.791227543,-0.12006099,-0.806252455
0.00225828,8.91584037e-14,-9.0,-2.10472237,-8.99999459,0.0998647017,-0.79122998,-0.119945525,-0.806261941
0.00225928,1.19387682e-13,-9.0,-2.10219192,-8.99999458,0.0998300572,-0.791232415,-0.119830628,-0.806271417
0.00226028,-2.24508807e-13,-9.0,-2.09966253,-8.99999458,0.0997914717,-0.791234847,-0.119716297,-0.806280884
0.00226128,5.50089187e-14,-9.0,-2.0971345,-8.99999458,0.0997489466,-0.791237277,-0.119602532,-0.80629034
0.00226228,1.41913291e-13,-9.0,-2.09460807,-8.99999458,0.0997024835,-0.791239705,-0.119489331,-0.806299785
0.00226328,-2.19492326e-13,-9.0,-2.0920834,-8.99999458,0.0996520844,-0.791242129,-0.119376695,-0.806309219
0.00226428,1.92712274e-14,-9.0,-2.08956064,-8.99999458,0.0995977512,-0.791244551,-0.119264621,-0.806318642
0.00226528,1.60737818e-13,-9.0,-2.08703992,-8.99999458,0.099539486,-0.79124697,-0.11915311,-0.806328052
0.00226628,-2.09511489e-13,-9.0,-2.08452134,-8.99999458,0.0994772912,-0.791249386,-0.11904216,-0.80633745
0.00226728,-1.72659703e-14,-9.0,-2.082005,-8.99999457,0.0994111692,-0.791251798,-0.118931771,-0.806346836
0.00226828,1.75338208e-13,-9.0,-2.07949099,-8.99999457,0.0993411226,-0.791254208,-0.118821941,-0.806356209
0.00226928,-1.94876695e-13,-9.0,-2.07697939,-8.99999457,0.0992671541,-0.791256615,-0.11871267,-0.806365569
0.00227028,-5.37946469e-14,-9.0,-2.07447029,-8.99999457,0.0991892668,-0.791259018,-0.118603958,-0.806374916
0.00227128,1.85293075e-13,-9.0,-2.07196376,-8.99999457,0.0991074637,-0.791261418,-0.118495802,-0.806384249
0.00227228,-1.76010115e-13,-9.0,-2.06945988,-8.99999457,0.099021748,-0.791263814,-0.118388203,-0.806393569
0.00227328,-8.95068522e-14,-9.0,-2.06695872,-8.99999457,0.098932123,-0.791266207,-0.118281159,-0.806402874
0.00227428,1.90292856e-13,-9.0,-2.06446035,-8.99999457,0.0988385924,-0.791268596,-0.11817467,-0.806412166
0.00227528,-1.53435519e-13,-9.0,-2.06196484,-8.99999456,0.0987411598,-0.791270982,-0.118068734,-0.806421442
0.00227628,-1.23614116e-13,-9.0,-2.05947224,-8.99999456,0.0986398291,-0.791273363,-0.117963352,-0.806430704
0.00227728,1.90147275e-13,-9.0,-2.05698263,-8.99999456,0.0985346043,-0.791275741,-0.117858521,-0.806439951
0.00227828,-1.27765661e-13,-9.0,-2.05449606,-8.99999456,0.0984254894,-0.791278115,-0.117754241,-0.806449184
0.00227928,-1.55366384e-13,-9.0,-2.05201258,-8.99999456,0.0983124889,-0.791280485,-0.117650511,-0.8064584
0.00228028,1.84789938e-13,-9.0,-2.04953226,-8.99999456,0.0981956072,-0.791282851,-0.11754733,-0.806467602
0.00228128,-9.96875268e-14,-9.0,-2.04705515,-8.99999456,0.0980748489,-0.791285213,-0.117444697,-0.806476788
0.00228228,-1.84070029e-13,-9.0,-2.04458129,-8.99999456,0.0979502188,-0.79128757,-0.117342612,-0.806485958
0.00228328,1.74279954e-13,-9.0,-2.04211075,-8.99999455,0.0978217218,-0.791289923,-0.117241073,-0.806495112
0.00228428,-6.99457953e-14,-9.0,-2.03964356,-8.99999455,0.0976893629,-0.791292272,-0.117140079,-0.80650425
0.00228528,-2.09104504e-13,-9.0,-2.03717977,-8.99999455,0.0975531474,-0.791294616,-0.11703963,-0.806513372
0.00228628,1.5880053e-13,-9.0,-2.03471943,-8.99999455,0.0974130807,-0.791296955,-0.116939725,-0.806522478
0.00228728,-3.93249161e-14,-9.0,-2.03226257,-8.99999455,0.0972691683,-0.79129929,-0.116840362,-0.806531567
0.00228828,-2.29937246e-13,-9.0,-2.02980925,-8.99999455,0.0971214159,-0.79130162,-0.11674154,-0.80654064
0.00228928,1.3865459e-13,-9.0,-2.02735949,-8.99999455,0.0969698293,-0.791303945,-0.11664326,-0.806549696
0.00229028,-8.63022828e-15,-9.0,-2.02491333,-8.99999455,0.0968144144,-0.791306265,-0.116545519,-0.806558735
0.00229128,-2.46136454e-13,-9.0,-2.02247081,-8.99999454,0.0966551775,-0.791308581,-0.116448317,-0.806567757
0.00229228,1.14257509e-13,-9.0,-2.02003196,-8.99999454,0.0964921249,-0.791310891,-0.116351653,-0.806576763
0.00229328,2.13314212e-14,-9.0,-2.01759682,-8.99999454,0.0963252629,-0.791313196,-0.116255526,-0.806585751
0.00229428,-2.57381458e-13,-9.0,-2.01516541,-8.99999454,0.0961545981,-0.791315496,-0.116159935,-0.806594722
0.00229528,8.61271488e-14,-9.0,-2.01273777,-8.99999454,0.0959801373,-0.79131779,-0.116064879,-0.806603676
0.00229628,4.97710949e-14,-9.0,-2.01031392,-8.99999454,0.0958018874,-0.791320079,-0.115970358,-0.806612612
0.00229728,-2.634704e-13,-9.0,-2.00789389,-8.99999454,0.0956198554,-0.791322363,-0.115876369,-0.806621531
0.00229828,5.48714262e-14,-9.0,-2.00547771,-8.99999454,0.0954340484,-0.791324641,-0.115782912,-0.806630433
0.00229928,7.59367512e-14,-9.0,-2.00306539,-8.99999453,0.095244474,-0.791326913,-0.115689987,-0.806639317
0.00230028,-2.64325079e-13,-9.0,-2.00065696,-8.99999453,0.0950511394,-0.79132918,-0.115597592,-0.806648184
0.00230128,2.11737132e-14,-9.0,-1.99825244,-8.99999453,0.0948540523,-0.791331441,-0.115505727,-0.806657033
0.00230228,9.91313429e-14,-9.0,-1.99585186,-8.99999453,0.0946532206,-0.791333696,-0.115414389,-0.806665864
0.00230328,-2.59992804e-13,-9.0,-1.99345522,-8.99999453,0.0944486521,-0.791335945,-0.11532358,-0.806674677
0.00230428,-1.42235733e-14,-9.0,-1.99106255,-8.99999453,0.094240355,-0.791338188,-0.115233297,-0.806683473
0.00230528,1.18729593e-13,-9.0,-1.98867387,-8.99999453,0.0940283374,-0.791340424,-0.115143539,-0.806692251
0.00230628,-2.50645247e-13,-9.0,-1.98628918,-8.99999453,0.0938126078,-0.791342655,-0.115054306,-0.806701011
0.00230728,-5.05368049e-14,-9.0,-1.98390851,-8.99999452,0.0935931746,-0.791344879,-0.114965596,-0.806709753
0.00230828,1.34193043e-13,-9.0,-1.98153187,-8.99999452,0.0933700464,-0.791347097,-0.11487741,-0.806718478
0.00230928,-2.36574296e-13,-9.0,-1.97915926,-8.99999452,0.0931432322,-0.791349309,-0.114789745,-0.806727184
0.00231028,-8.69599656e-14,-9.0,-1.9767907,-8.99999452,0.0929127409,-0.791351514,-0.1147026,-0.806735873
0.00231128,1.45083017e-13,-9.0,-1.9744262,-8.99999452,0.0926785815,-0.791353712,-0.114615976,-0.806744544
0.00231228,-2.18185022e-13,-9.0,-1.97206577,-8.99999452,0.0924407633,-0.791355904,-0.114529871,-0.806753196
0.00231328,-1.22684016e-13,-9.0,-1.96970942,-8.99999452,0.0921992958,-0.791358089,-0.114444283,-0.806761831
0.00231428,1.51071177e-13,-9.0,-1.96735715,-8.99999452,0.0919541883,-0.791360267,-0.114359213,-0.806770448
0.00231528,-1.95985931e-13,-9.0,-1.96500897,-8.99999452,0.0917054507,-0.791362438,-0.114274659,-0.806779047
0.00231628,-1.5691633e-13,-9.0,-1.96266489,-8.99999451,0.0914530927,-0.791364603,-0.11419062,-0.806787628
0.00231728,1.51947435e-13,-9.0,-1.9603249,-8.99999451,0.0911971242,-0.79136676,-0.114107095,-0.806796191
0.00231828,-1.70576718e-13,-9.0,-1.95798902,-8.99999451,0.0909375555,-0.79136891,-0.114024084,-0.806804736
0.00231928,-1.88899741e-13,-9.0,-1.95565725,-8.99999451,0.0906743967,-0.791371053,-0.113941585,-0.806813263
0.00232028,1.47625013e-13,-9.0,-1.95332959,-8.99999451,0.0904076583,-0.791373188,-0.113859597,-0.806821773
0.00232128,-1.42633846e-13,-9.0,-1.95100604,-8.99999451,0.0901373507,-0.791375316,-0.11377812,-0.806830264
0.00232228,-2.17930734e-13,-9.0,-1.94868659,-8.99999451,0.0898634846,-0.791377437,-0.113697153,-0.806838738
0.00232328,1.3814254e-13,-9.0,-1.94637126,-8.99999451,0.0895860709,-0.79137955,-0.113616694,-0.806847194
0.00232428,-1.12894271e-13,-9.0,-1.94406004,-8.9999945,0.0893051204,-0.791381656,-0.113536744,-0.806855632
0.00232528,-2.4337635e-13,-9.0,-1.94175293,-8.9999945,0.0890206444,-0.791383754,-0.1134573,-0.806864052
0.00232628,1.2366313e-13,-9.0,-1.93944993,-8.9999945,0.088732654,-0.791385844,-0.113378362,-0.806872454
0.00232728,-8.21377118e-14,-9.0,-1.93715103,-8.9999945,0.0884411605,-0.791387926,-0.113299929,-0.806880839
0.00232828,-2.64689401e-13,-9.0,-1.93485623,-8.9999945,0.0881461756,-0.79139,-0.113222,-0.806889206
0.00232928,1.04470467e-13,-9.0,-1.93256552,-8.9999945,0.0878477108,-0.791392067,-0.113144575,-0.806897555
0.00233028,-5.11679072e-14,-9.0,-1.93027891,-8.9999945,0.0875457779,-0.791394125,-0.113067652,-0.806905887
0.00233128,-2.81421616e-13,-9.0,-1.92799638,-8.9999945,0.0872403889,-0.791396175,-0.11299123,-0.806914201
0.00233228,8.09619881e-14,-9.0,-1.92571794,-8.9999945,0.0869315557,-0.791398217,-0.11291531,-0.806922498
0.00233328,-2.07932841e-14,-9.0,-1.92344357,-8.99999449,0.0866192907,-0.791400251,-0.112839889,-0.806930777
0.00233428,-2.93234422e-13,-9.0,-1.92117326,-8.99999449,0.086303606,-0.791402276,-0.112764966,-0.806939038
0.00233528,5.36393273e-14,-9.0,-1.91890702,-8.99999449,0.0859845143,-0.791404293,-0.112690542,-0.806947283
0.00233628,8.19247559e-15,-9.0,-1.91664482,-8.99999449,0.085662028,-0.791406301,-0.112616615,-0.80695551
0.00233728,-2.99907083e-13,-9.0,-1.91438667,-8.99999449,0.08533616,-0.791408301,-0.112543184,-0.806963719
0.00233828,2.30962537e-14,-9.0,-1.91213256,-8.99999449,0.085006923,-0.791410292,-0.112470248,-0.806971911
0.00233928,3.50295128e-14,-9.0,-1.90988247,-8.99999449,0.0846743301,-0.791412275,-0.112397807,-0.806980087
0.00234028,-3.01342012e-13,-9.0,-1.90763639,-8.99999449,0.0843383944,-0.791414249,-0.11232586,-0.806988245
0.00234128,-9.99561153e-15,-9.0,-1.90539432,-8.99999448,0.0839991291,-0.791416213,-0.112254405,-0.806996386
0.00234228,5.90100515e-14,-9.0,-1.90315624,-8.99999448,0.0836565477,-0.791418169,-0.112183443,-0.80700451
0.00234328,-2.97567133e-13,-9.0,-1.90092214,-8.99999448,0.0833106637,-0.791420116,-0.112112971,-0.807012616
0.00234428,-4.49029542e-14,-9.0,-1.89869201,-8.99999448,0.0829614908,-0.791422054,-0.11204299,-0.807020707
0.00234528,7.9495402e-14,-9.0,-1.89646584,-8.99999448,0.0826090426,-0.791423982,-0.111973498,-0.80702878
0.00234628,-2.88735214e-13,-9.0,-1.89424362,-8.99999448,0.0822533332,-0.791425902,-0.111904495,-0.807036836
0.00234728,-8.08484139e-14,-9.0,-1.89202533,-8.99999448,0.0818943766,-0.791427812,-0.111835979,-0.807044876
0.00234828,9.59312974e-14,-9.0,-1.88981096,-8.99999448,0.0815321869,-0.791429713,-0.111767951,-0.807052899
0.00234928,-2.75120225e-13,-9.0,-1.88760049,-8.99999448,0.0811667785,-0.791431604,-0.111700408,-0.807060905
0.00235028,-1.17029297e-13,-9.0,-1.88539392,-8.99999447,0.0807981657,-0.791433486,-0.111633351,-0.807068895
0.00235128,1.07861194e-13,-9.0,-1.88319123,-8.99999447,0.0804263632,-0.791435358,-0.111566778,-0.807076869
0.00235228,-2.57110776e-13,-9.0,-1.88099239,-8.99999447,0.0800513856,-0.79143722,-0.111500689,-0.807084826
0.00235328,-1.52636905e-13,-9.0,-1.87879741,-8.99999447,0.0796732476,-0.791439073,-0.111435083,-0.807092767
0.00235428,1.14937213e-13,-9.0,-1.87660626,-8.99999447,0.0792919644,-0.791440916,-0.111369959,-0.807100691
0.00235528,-2.35200807e-13,-9.0,-1.87441892,-8.99999447,0.0789075508,-0.791442749,-0.111305317,-0.8071086
0.00235628,-1.86876017e-13,-9.0,-1.87223539,-8.99999447,0.078520022,-0.791444573,-0.111241154,-0.807116492
0.00235728,1.16928464e-13,-9.0,-1.87005564,-8.99999447,0.0781293935,-0.791446386,-0.111177472,-0.807124369
0.00235828,-2.09977762e-13,-9.0,-1.86787966,-8.99999447,0.0777356805,-0.791448189,-0.111114268,-0.807132229
0.00235928,-2.18984059e-13,-9.0,-1.86570744,-8.99999446,0.0773388987,-0.791449983,-0.111051543,-0.807140073
0.00236028,1.13738925e-13,-9.0,-1.86353894,-8.99999446,0.0769390636,-0.791451766,-0.110989295,-0.807147902
0.00236128,-1.8207482e-13,-9.0,-1.86137417,-8.99999446,0.0765361911,-0.791453538,-0.110927524,-0.807155715
0.00236228,-2.48209988e-13,-9.0,-1.85921309,-8.99999446,0.0761302971,-0.791455301,-0.110866228,-0.807163513
0.00236328,1.05397098e-13,-9.0,-1.8570557,-8.99999446,0.0757213976,-0.791457053,-0.110805408,-0.807171295
0.00236428,-1.52249926e-13,-9.0,-1.85490197,-8.99999446,0.0753095088,-0.791458794,-0.110745062,-0.807179061
0.00236528,-2.73945319e-13,-9.0,-1.85275189,-8.99999446,0.0748946469,-0.791460525,-0.11068519,-0.807186812
0.00236628,9.20293296e-14,-9.0,-1.85060543,-8.99999446,0.0744768282,-0.791462246,-0.11062579,-0.807194548
0.00236728,-1.21275739e-13,-9.0,-1.84846258,-8.99999446,0.0740560694,-0.791463956,-0.110566863,-0.807202268
0.00236828,-2.95624622e-13,-9.0,-1.84632333,-8.99999446,0.0736323869,-0.791465655,-0.110508407,-0.807209974
0.00236928,7.38997838e-14,-9.0,-1.84418764,-8.99999445,0.0732057976,-0.791467343,-0.110450422,-0.807217664
0.00237028,-8.9953991e-14,-9.0,-1.84205551,-8.99999445,0.0727763182,-0.791469021,-0.110392907,-0.807225339
0.00237128,-3.12783553e-13,-9.0,-1.8399269,-8.99999445,0.0723439657,-0.791470688,-0.110335861,-0.807233
0.00237228,5.13876377e-14,-9.0,-1.83780181,-8.99999445,0.0719087572,-0.791472344,-0.110279284,-0.807240645
0.00237328,-5.90942401e-14,-9.0,-1.83568022,-8.99999445,0.0714707099,-0.791473988,-0.110223174,-0.807248276
0.00237428,-3.25065921e-13,-9.0,-1.83356209,-8.99999445,0.071029841,-0.791475622,-0.110167532,-0.807255893
0.00237528,2.4977957e-14,-9.0,-1.83144742,-8.99999445,0.070586168,-0.791477244,-0.110112356,-0.807263494
0.00237628,-2.94944211e-14,-9.0,-1.82933618,-8.99999445,0.0701397084,-0.791478856,-0.110057646,-0.807271082
0.00237728,-3.32232265e-13,-9.0,-1.82722835,-8.99999445,0.0696904798,-0.791480456,-0.110003401,-0.807278655
0.00237828,-4.74997928e-15,-9.0,-1.82512391,-8.99999444,0.0692384999,-0.791482045,-0.10994962,-0.807286213
0.00237928,-1.9216734e-15,-9.0,-1.82302285,-8.99999444,0.0687837866,-0.791483622,-0.109896304,-0.807293758
0.00238028,-3.34165625e-13,-9.0,-1.82092513,-8.99999444,0.0683263579,-0.791485188,-0.10984345,-0.807301288
0.00238128,-3.71366218e-14,-9.0,-1.81883074,-8.99999444,0.0678662317,-0.791486742,-0.109791058,-0.807308804
0.00238228,2.29060853e-14,-9.0,-1.81673965,-8.99999444,0.0674034263,-0.791488285,-0.109739129,-0.807316307
0.00238328,-3.30874372e-13,-9.0,-1.81465186,-8.99999444,0.0669379599,-0.791489816,-0.10968766,-0.807323795
0.00238428,-7.14580266e-14,-9.0,-1.81256732,-8.99999444,0.0664698509,-0.791491336,-0.109636652,-0.80733127
0.00238528,4.43373993e-14,-9.0,-1.81048603,-8.99999444,0.0659991178,-0.791492844,-0.109586104,-0.807338731
0.00238628,-3.2249203e-13,-9.0,-1.80840796,-8.99999444,0.0655257792,-0.79149434,-0.109536014,-0.807346179
0.00238728,-1.06943282e-13,-9.0,-1.80633309,-8.99999443,0.0650498537,-0.791495824,-0.109486384,-0.807353613
0.00238828,6.18029139e-14,-9.0,-1.80426139,-8.99999443,0.0645713602,-0.791497297,-0.109437211,-0.807361034
0.00238928,-3.09274088e-13,-9.0,-1.80219285,-8.99999443,0.0640903175,-0.791498757,-0.109388496,-0.807368441
0.00239028,-1.4279307e-13,-9.0,-1.80012744,-8.99999443,0.0636067446,-0.791500205,-0.109340237,-0.807375835
0.00239128,7.48290373e-14,-9.0,-1.79806515,-8.99999443,0.0631206607,-0.791501642,-0.109292434,-0.807383216
0.00239228,-2.91591883e-13,-9.0,-1.79600594,-8.99999443,0.0626320848,-0.791503066,-0.109245087,-0.807390584
0.00239328,-1.78198911e-13,-9.0,-1.79394979,-8.99999443,0.0621410364,-0.791504478,-0.109198194,-0.80739794
0.00239428,8.30492959e-14,-9.0,-1.79189669,-8.99999443,0.0616475347,-0.791505878,-0.109151756,-0.807405282
0.00239528,-2.6992371e-13,-9.0,-1.78984661,-8.99999443,0.0611515993,-0.791507265,-0.109105771,-0.807412611
0.00239628,-2.12362634e-13,-9.0,-1.78779953,-8.99999443,0.0606532497,-0.791508641,-0.10906024,-0.807419928
0.00239728,8.62131107e-14,-9.0,-1.78575542,-8.99999442,0.0601525056,-0.791510003,-0.109015161,-0.807427232
0.00239828,-2.44843356e-13,-9.0,-1.78371426,-8.99999442,0.0596493868,-0.791511354,-0.108970534,-0.807434524
0.00239928,-2.44515608e-13,-9.0,-1.78167604,-8.99999442,0.0591439132,-0.791512692,-0.108926358,-0.807441804
0.00240028,8.41917828e-14,-9.0,-1.77964072,-8.99999442,0.0586361046,-0.791514017,-0.108882633,-0.807449071
0.00240128,-2.17006344e-13,-9.0,-1.77760828,-8.99999442,0.0581259812,-0.79151533,-0.108839359,-0.807456326
0.00240228,-2.73937257e-13,-9.0,-1.7755787,-8.99999442,0.0576135631,-0.79151663,-0.108796534,-0.807463569
0.00240328,7.69815439e-14,-9.0,-1.77355196,-8.99999442,0.0570988705,-0.791517917,-0.108754158,-0.8074708
0.00240428,-1.87134218e-13,-9.0,-1.77152803,-8.99999442,0.0565819238,-0.791519192,-0.108712231,-0.807478018
0.00240528,-2.99972436e-13,-9.0,-1.76950689,-8.99999442,0.0560627433,-0.791520454,-0.108670751,-0.807485226
0.00240628,6.47035989e-14,-9.0,-1.76748852,-8.99999442,0.0555413495,-0.791521703,-0.10862972,-0.807492421
0.00240728,-1.55997249e-13,-9.0,-1.7654729,-8.99999441,0.055017763,-0.791522939,-0.108589135,-0.807499605
0.00240828,-3.22047233e-13,-9.0,-1.76345999,-8.99999441,0.0544920046,-0.791524163,-0.108548997,-0.807506777
0.00240928,4.76011577e-14,-9.0,-1.76144977,-8.99999441,0.0539640948,-0.791525373,-0.108509305,-0.807513938
0.00241028,-1.2439597e-13,-9.0,-1.75944223,-8.99999441,0.0534340547,-0.79152657,-0.108470058,-0.807521087
0.00241128,-3.39682821e-13,-9.0,-1.75743734,-8.99999441,0.0529019051,-0.791527754,-0.108431257,-0.807528225
0.00241228,2.60335296e-14,-9.0,-1.75543508,-8.99999441,0.052367667,-0.791528925,-0.1083929,-0.807535352
0.00241328,-9.31419862e-14,-9.0,-1.75343541,-8.99999441,0.0518313616,-0.791530083,-0.108354986,-0.807542468
0.00241428,-3.52507038e-13,-9.0,-1.75143833,-8.99999441,0.0512930099,-0.791531228,-0.108317517,-0.807549573
0.00241528,4.67418921e-16,-9.0,-1.74944379,-8.99999441,0.0507526332,-0.79153236,-0.10828049,-0.807556667
0.00241628,-6.30385366e-14,-9.0,-1.74745179,-8.99999441,0.050210253,-0.791533478,-0.108243906,-0.80756375
0.00241728,-3.60263399e-13,-9.0,-1.74546229,-8.9999944,0.0496658905,-0.791534582,-0.108207763,-0.807570823
0.00241828,-2.8534366e-14,-9.0,-1.74347528,-8.9999944,0.0491195673,-0.791535674,-0.108172063,-0.807577885
0.00241928,-3.48612508e-14,-9.0,-1.74149072,-8.9999944,0.0485713049,-0.791536752,-0.108136804,-0.807584936
0.00242028,-3.6281734e-13,-9.0,-1.7395086,-8.9999944,0.048021125,-0.791537816,-0.108101985,-0.807591977
0.00242128,-6.03265221e-14,-9.0,-1.73752889,-8.9999944,0.0474690493,-0.791538867,-0.108067606,-0.807599008
0.00242228,-9.33958299e-15,-9.0,-1.73555156,-8.9999944,0.0469150997,-0.791539905,-0.108033668,-0.807606028
0.00242328,-3.60159537e-13,-9.0,-1.7335766,-8.9999944,0.0463592979,-0.791540929,-0.108000169,-0.807613039
0.00242428,-9.4196851e-14,-9.0,-1.73160397,-8.9999944,0.0458016659,-0.791541939,-0.107967108,-0.807620039
0.00242528,1.28606386e-14,-9.0,-1.72963366,-8.9999944,0.0452422257,-0.791542935,-0.107934486,-0.807627029
0.00242628,-3.52406218e-13,-9.0,-1.72766564,-8.9999944,0.0446809995,-0.791543918,-0.107902303,-0.80763401
0.00242728,-1.29383473e-13,-9.0,-1.72569988,-8.99999439,0.0441180093,-0.791544887,-0.107870557,-0.80764098
0.00242828,3.11531246e-14,-9.0,-1.72373637,-8.99999439,0.0435532775,-0.791545843,-0.107839248,-0.807647941
0.00242928,-3.39796465e-13,-9.0,-1.72177507,-8.99999439,0.0429868262,-0.791546784,-0.107808376,-0.807654893
0.00243028,-1.65093246e-13,-9.0,-1.71981596,-8.99999439,0.0424186779,-0.791547712,-0.10777794,-0.807661835
0.00243128,4.5045118e-14,-9.0,-1.71785903,-8.99999439,0.0418488549,-0.791548625,-0.107747941,-0.807668768
0.00243228,-3.22686576e-13,-9.0,-1.71590424,-8.99999439,0.0412773799,-0.791549525,-0.107718377,-0.807675691
0.00243328,-2.00520941e-13,-9.0,-1.71395157,-8.99999439,0.0407042752,-0.791550411,-0.107689248,-0.807682605
0.00243428,5.41491296e-14,-9.0,-1.71200099,-8.99999439,0.0401295637,-0.791551282,-0.107660555,-0.80768951
0.00243528,-3.01541607e-13,-9.0,-1.71005249,-8.99999439,0.0395532679,-0.79155214,-0.107632296,-0.807696406
0.00243628,-2.34868717e-13,-9.0,-1.70810603,-8.99999439,0.0389754106,-0.791552984,-0.107604471,-0.807703293
0.00243728,5.81921344e-14,-9.0,-1.7061616,-8.99999438,0.0383960146,-0.791553813,-0.10757708,-0.807710171
0.00243828,-2.76924316e-13,-9.0,-1.70421917,-8.99999438,0.0378151028,-0.791554628,-0.107550122,-0.807717041
0.00243928,-2.67365433e-13,-9.0,-1.70227871,-8.99999438,0.0372326981,-0.79155543,-0.107523598,-0.807723901
0.00244028,5.70220068e-14,-9.0,-1.7003402,-8.99999438,0.0366488236,-0.791556216,-0.107497506,-0.807730754
0.00244128,-2.49481768e-13,-9.0,-1.69840362,-8.99999438,0.0360635022,-0.791556989,-0.107471847,-0.807737597
0.00244228,-2.97285317e-13,-9.0,-1.69646893,-8.99999438,0.0354767571,-0.791557747,-0.10744662,-0.807744433
0.00244328,5.06110397e-14,-9.0,-1.69453613,-8.99999438,0.0348886114,-0.791558491,-0.107421824,-0.80775126
0.00244428,-2.19929915e-13,-9.0,-1.69260518,-8.99999438,0.0342990884,-0.791559221,-0.10739746,-0.807758079
0.00244528,-3.23965566e-13,-9.0,-1.69067605,-8.99999438,0.0337082113,-0.791559936,-0.107373528,-0.80776489
0.00244628,3.90564614e-14,-9.0,-1.68874874,-8.99999438,0.0331160035,-0.791560637,-0.107350026,-0.807771693
0.00244728,-1.8903654e-13,-9.0,-1.6868232,-8.99999437,0.0325224883,-0.791561324,-0.107326954,-0.807778488
0.00244828,-3.46822434e-13,-9.0,-1.68489941,-8.99999437,0.0319276892,-0.791561996,-0.107304313,-0.807785275
0.00244928,2.25779398e-14,-9.0,-1.68297736,-8.99999437,0.0313316296,-0.791562653,-0.107282101,-0.807792054
0.00245028,-1.57602956e-13,-9.0,-1.68105701,-8.99999437,0.0307343331,-0.791563296,-0.10726032,-0.807798826
0.00245128,-3.65365433e-13,-9.0,-1.67913835,-8.99999437,0.0301358233,-0.791563925,-0.107238967,-0.80780559
0.00245228,1.51213045e-15,-9.0,-1.67722134,-8.99999437,0.0295361237,-0.791564539,-0.107218044,-0.807812347
0.00245328,-1.2644492e-13,-9.0,-1.67530597,-8.99999437,0.0289352582,-0.791565138,-0.10719755,-0.807819097
0.00245428,-3.792093e-13,-9.0,-1.6733922,-8.99999437,0.0283332503,-0.791565722,-0.107177484,-0.807825839
0.00245528,-2.36955981e-14,-9.0,-1.67148002,-8.99999437,0.0277301238,-0.791566292,-0.107157846,-0.807832574
0.00245628,-9.63731984e-14,-9.0,-1.6695694,-8.99999437,0.0271259027,-0.791566848,-0.107138636,-0.807839302
0.00245728,-3.88083456e-13,-9.0,-1.66766032,-8.99999437,0.0265206106,-0.791567388,-0.107119854,-0.807846023
0.00245828,-5.25020647e-14,-9.0,-1.66575275,-8.99999436,0.0259142715,-0.791567914,-0.1071015,-0.807852737
0.00245928,-6.81742781e-14,-9.0,-1.66384666,-8.99999436,0.0253069094,-0.791568425,-0.107083572,-0.807859444
0.00246028,-3.91838702e-13,-9.0,-1.66194204,-8.99999436,0.0246985483,-0.791568922,-0.107066072,-0.807866145
0.00246128,-8.42795399e-14,-9.0,-1.66003886,-8.99999436,0.024089212,-0.791569403,-0.107048999,-0.807872838
0.00246228,-4.25916619e-14,-9.0,-1.65813709,-8.99999436,0.0234789248,-0.79156987,-0.107032352,-0.807879526
0.00246328,-3.90451029e-13,-9.0,-1.65623671,-8.99999436,0.0228677107,-0.791570322,-0.107016132,-0.807886207
0.00246428,-1.18331054e-13,-9.0,-1.65433769,-8.99999436,0.0222555938,-0.791570759,-0.107000337,-0.807892881
0.00246528,-2.03082167e-14,-9.0,-1.65244002,-8.99999436,0.0216425982,-0.791571181,-0.106984969,-0.807899549
0.00246628,-3.84022411e-13,-9.0,-1.65054366,-8.99999436,0.0210287483,-0.791571588,-0.106970027,-0.807906212
0.00246728,-1.53907386e-13,-9.0,-1.64864859,-8.99999436,0.0204140682,-0.79157198,-0.10695551,-0.807912867
0.00246828,-1.9299887e-15,-9.0,-1.6467548,-8.99999435,0.0197985821,-0.791572357,-0.106941418,-0.807919517
0.00246928,-3.727786e-13,-9.0,-1.64486224,-8.99999435,0.0191823145,-0.79157272,-0.106927751,-0.807926162
0.00247028,-1.90225313e-13,-9.0,-1.64297091,-8.99999435,0.0185652896,-0.791573067,-0.10691451,-0.8079328
0.00247128,1.20281201e-14,-9.0,-1.64108077,-8.99999435,0.0179475317,-0.791573399,-0.106901693,-0.807939432
0.00247228,-3.57063944e-13,-9.0,-1.6391918,-8.99999435,0.0173290653,-0.791573717,-0.106889301,-0.807946059
0.00247328,-2.26486704e-13,-9.0,-1.63730398,-8.99999435,0.0167099148,-0.791574019,-0.106877333,-0.807952681
0.00247428,2.11544718e-14,-9.0,-1.63541728,-8.99999435,0.0160901046,-0.791574306,-0.10686579,-0.807959297
0.00247528,-3.37333373e-13,-9.0,-1.63353167,-8.99999435,0.0154696592,-0.791574579,-0.106854671,-0.807965907
0.00247628,-2.61897967e-13,-9.0,-1.63164714,-8.99999435,0.0148486031,-0.791574836,-0.106843976,-0.807972512
0.00247728,2.51503167e-14,-9.0,-1.62976366,-8.99999435,0.0142269607,-0.791575078,-0.106833705,-0.807979112
0.00247828,-3.14141739e-13,-9.0,-1.62788121,-8.99999435,0.0136047568,-0.791575305,-0.106823857,-0.807985707
0.00247928,-2.9568942e-13,-9.0,-1.62599975,-8.99999434,0.0129820157,-0.791575516,-0.106814433,-0.807992297
0.00248028,2.38366906e-14,-9.0,-1.62411927,-8.99999434,0.0123587621,-0.791575713,-0.106805433,-0.807998882
0.00248128,-2.88130766e-13,-9.0,-1.62223974,-8.99999434,0.0117350206,-0.791575895,-0.106796856,-0.808005462
0.00248228,-3.27134081e-13,-9.0,-1.62036114,-8.99999434,0.0111108159,-0.791576061,-0.106788702,-0.808012038
0.00248328,1.71584188e-14,-9.0,-1.61848344,-8.99999434,0.0104861725,-0.791576212,-0.106780972,-0.808018608
0.00248428,-2.60013925e-13,-9.0,-1.61660663,-8.99999434,0.00986111512,-0.791576348,-0.106773664,-0.808025174
0.00248528,-3.55565458e-13,-9.0,-1.61473066,-8.99999434,0.00923566845,-0.791576469,-0.106766779,-0.808031736
0.00248628,5.18513212e-15,-9.0,-1.61285553,-8.99999434,0.00860985717,-0.791576575,-0.106760317,-0.808038293
0.00248728,-2.30559593e-13,-9.0,-1.61098121,-8.99999434,0.00798370599,-0.791576665,-0.106754278,-0.808044846
0.00248828,-3.80393891e-13,-9.0,-1.60910766,-8.99999434,0.00735723963,-0.79157674,-0.106748662,-0.808051395
0.00248928,-1.18907303e-14,-9.0,-1.60723488,-8.99999434,0.00673048282,-0.7915768,-0.106743468,-0.80805794
0.00249028,-2.0057291e-13,-9.0,-1.60536282,-8.99999433,0.00610346029,-0.791576845,-0.106738697,-0.80806448
0.00249128,-4.01121058e-13,-9.0,-1.60349148,-8.99999433,0.00547619682,-0.791576874,-0.106734348,-0.808071017
0.00249228,-3.37588825e-14,-9.0,-1.60162082,-8.99999433,0.00484871715,-0.791576889,-0.106730421,-0.808077549
0.00249328,-1.70876755e-13,-9.0,-1.59975083,-8.99999433,0.00422104606,-0.791576888,-0.106726917,-0.808084078
0.00249428,-4.173523e-13,-9.0,-1.59788147,-8.99999433,0.00359320834,-0.791576871,-0.106723835,-0.808090603
0.00249528,-5.99989975e-14,-9.0,-1.59601272,-8.99999433,0.00296522876,-0.79157684,-0.106721176,-0.808097125
0.00249628,-1.4229232e-13,-9.0,-1.59414456,-8.99999433,0.00233713212,-0.791576793,-0.106718938,-0.808103643
0.00249728,-4.2880646e-13,-9.0,-1.59227697,-8.99999433,0.00170894321,-0.791576731,-0.106717123,-0.808110158
0.00249828,-9.00911685e-14,-9.0,-1.59040992,-8.99999433,0.00108068684,-0.791576653,-0.10671573,-0.808116669
0.00249928,-1.15619718e-13,-9.0,-1.58854338,-8.99999433,0.000452387799,-0.791576561,-0.106714759,-0.808123177
0.00250028,-4.35323006e-13,-9.0,-1.58667733,-8.99999432,-0.000175929098,-0.791576453,-0.10671421,-0.808129682
0.00250128,-1.23428774e-13,-9.0,-1.58481175,-8.99999432,-0.000804239049,-0.79157633,-0.106714083,-0.808136183
0.00250228,-9.16191186e-14,-9.0,-1.58294662,-8.99999432,-0.00143251725,-0.791576191,-0.106714378,-0.808142682
0.00250328,-4.36866263e-13,-9.0,-1.5810819,-8.99999432,-0.0020607389,-0.791576037,-0.106715095,-0.808149178
0.00250428,-1.59333437e-13,-9.0,-1.57921758,-8.99999432,-0.00268887919,-0.791575868,-0.106716235,-0.808155671
0.00250528,-7.09928477e-14,-9.0,-1.57735363,-8.99999432,-0.00331691333,-0.791575684,-0.106717796,-0.808162161
0.00250628,-4.33526645e-13,-9.0,-1.57549003,-8.99999432,-0.00394481653,-0.791575484,-0.10671978,-0.808168648
0.00250728,-1.97071712e-13,-9.0,-1.57362675,-8.99999432,-0.00457256399,-0.791575269,-0.106722185,-0.808175133
0.00250828,-5.43688829e-14,-9.0,-1.57176377,-8.99999432,-0.00520013093,-0.791575039,-0.106725013,-0.808181616
0.00250928,-4.25518869e-13,-9.0,-1.56990107,-8.99999432,-0.00582749259,-0.791574793,-0.106728263,-0.808188096
0.00251028,-2.35873104e-13,-9.0,-1.56803861,-8.99999432,-0.00645462418,-0.791574532,-0.106731935,-0.808194573
0.00251128,-4.22861429e-14,-9.0,-1.56617638,-8.99999431,-0.00708150095,-0.791574256,-0.10673603,-0.808201049
0.00251228,-4.13177176e-13,-9.0,-1.56431436,-8.99999431,-0.00770809816,-0.791573965,-0.106740547,-0.808207522
0.00251328,-2.74948985e-13,-9.0,-1.56245251,-8.99999431,-0.00833439107,-0.791573658,-0.106745486,-0.808213993
0.00251428,-3.5181919e-14,-9.0,-1.56059081,-8.99999431,-0.00896035495,-0.791573336,-0.106750847,-0.808220463
0.00251528,-3.96947687e-13,-9.0,-1.55872925,-8.99999431,-0.00958596509,-0.791572999,-0.106756631,-0.80822693
0.00251628,-3.13511937e-13,-9.0,-1.55686779,-8.99999431,-0.0102111968,-0.791572647,-0.106762838,-0.808233395
0.00251728,-3.33817512e-14,-9.0,-1.55500641,-8.99999431,-0.0108360254,-0.791572279,-0.106769467,-0.808239859
0.00251828,-3.77378068e-13,-9.0,-1.55314509,-8.99999431,-0.0114604262,-0.791571896,-0.106776519,-0.808246321
0.00251928,-3.50795079e-13,-9.0,-1.55128381,-8.99999431,-0.0120843745,-0.791571498,-0.106783993,-0.808252782
0.00252028,-3.70919885e-14,-9.0,-1.54942253,-8.99999431,-0.0127078458,-0.791571084,-0.106791891,-0.808259241
0.00252128,-3.55104742e-13,-9.0,-1.54756124,-8.99999431,-0.0133308154,-0.791570656,-0.106800211,-0.808265699
0.00252228,-3.8607088e-13,-9.0,-1.54569992,-8.9999943,-0.0139532587,-0.791570212,-0.106808955,-0.808272155
0.00252328,-4.639521e-14,-9.0,-1.54383853,-8.9999943,-0.0145751512,-0.791569753,-0.106818122,-0.80827861
0.00252428,-3.30837976e-13,-9.0,-1.54197705,-8.9999943,-0.0151964683,-0.791569278,-0.106827712,-0.808285064
0.00252528,-4.18669035e-13,-9.0,-1.54011546,-8.9999943,-0.0158171854,-0.791568789,-0.106837725,-0.808291517
0.00252628,-6.1248614e-14,-9.0,-1.53825374,-8.9999943,-0.0164372781,-0.791568284,-0.106848162,-0.808297969
0.00252728,-3.0534517e-13,-9.0,-1.53639186,-8.9999943,-0.0170567219,-0.791567765,-0.106859022,-0.80830442
0.00252828,-4.47992943e-13,-9.0,-1.53452979,-8.9999943,-0.0176754923,-0.79156723,-0.106870307,-0.80831087
0.00252928,-8.14854099e-14,-9.0,-1.53266752,-8.9999943,-0.0182935649,-0.79156668,-0.106882015,-0.80831732
0.00253028,-2.79432768e-13,-9.0,-1.53080502,-8.9999943,-0.0189109154,-0.791566114,-0.106894147,-0.808323769
0.00253128,-4.73534407e-13,-9.0,-1.52894226,-8.9999943,-0.0195275192,-0.791565534,-0.106906704,-0.808330217
0.00253228,-1.06819177e-13,-9.0,-1.52707922,-8.99999429,-0.0201433522,-0.791564939,-0.106919685,-0.808336665
0.00253328,-2.53927212e-13,-9.0,-1.52521589,-8.99999429,-0.0207583899,-0.791564328,-0.10693309,-0.808343112
0.00253428,-4.94886187e-13,-9.0,-1.52335222,-8.99999429,-0.0213726081,-0.791563703,-0.10694692,-0.808349559
0.00253528,-1.36851079e-13,-9.0,-1.5214882,-8.99999429,-0.0219859825,-0.791563062,-0.106961175,-0.808356006
0.00253628,-2.29655393e-13,-9.0,-1.51962381,-8.99999429,-0.022598489,-0.791562406,-0.106975855,-0.808362453
0.00253728,-5.11752107e-13,-9.0,-1.51775902,-8.99999429,-0.0232101034,-0.791561736,-0.10699096,-0.8083689
0.00253828,-1.71079763e-13,-9.0,-1.51589381,-8.99999429,-0.0238208014,-0.79156105,-0.107006491,-0.808375347
0.00253928,-2.07425075e-13,-9.0,-1.51402814,-8.99999429,-0.024430559,-0.791560349,-0.107022447,-0.808381793
0.00254028,-5.23954463e-13,-9.0,-1.51216201,-8.99999429,-0.0250393522,-0.791559634,-0.107038829,-0.808388241
0.00254128,-2.08913689e-13,-9.0,-1.51029538,-8.99999429,-0.0256471568,-0.791558903,-0.107055638,-0.808394688
0.00254228,-1.88005737e-13,-9.0,-1.50842824,-8.99999429,-0.026253949,-0.791558158,-0.107072872,-0.808401135
0.00254328,-5.31438558e-13,-9.0,-1.50656055,-8.99999428,-0.0268597047,-0.791557397,-0.107090533,-0.808407584
0.00254428,-2.49685603e-13,-9.0,-1.50469229,-8.99999428,-0.0274644,-0.791556622,-0.10710862,-0.808414032
0.00254528,-1.72110315e-13,-9.0,-1.50282344,-8.99999428,-0.028068011,-0.791555832,-0.107127134,-0.808420481
0.00254628,-5.34274237e-13,-9.0,-1.50095398,-8.99999428,-0.028670514,-0.791555027,-0.107146075,-0.808426931
0.00254728,-2.92668788e-13,-9.0,-1.49908387,-8.99999428,-0.0292718851,-0.791554207,-0.107165444,-0.808433382
0.00254828,-1.60378256e-13,-9.0,-1.49721311,-8.99999428,-0.0298721006,-0.791553372,-0.10718524,-0.808439833
0.00254928,-5.32654395e-13,-9.0,-1.49534165,-8.99999428,-0.0304711369,-0.791552523,-0.107205464,-0.808446286
0.00255028,-3.37094705e-13,-9.0,-1.49346949,-8.99999428,-0.0310689701,-0.791551658,-0.107226116,-0.808452739
0.00255128,-1.533603e-13,-9.0,-1.49159659,-8.99999428,-0.0316655768,-0.791550779,-0.107247197,-0.808459194
0.00255228,-5.26890476e-13,-9.0,-1.48972293,-8.99999428,-0.0322609335,-0.791549886,-0.107268706,-0.808465649
0.00255328,-3.82171593e-13,-9.0,-1.48784849,-8.99999428,-0.0328550165,-0.791548977,-0.107290644,-0.808472106
0.00255428,-1.51505344e-13,-9.0,-1.48597324,-8.99999427,-0.0334478024,-0.791548054,-0.107313011,-0.808478564
0.00255528,-5.17405069e-13,-9.0,-1.48409716,-8.99999427,-0.0340392679,-0.791547117,-0.107335807,-0.808485024
0.00255628,-4.27103575e-13,-9.0,-1.48222022,-8.99999427,-0.0346293896,-0.791546164,-0.107359033,-0.808491485
0.00255728,-1.55149696e-13,-9.0,-1.4803424,-8.99999427,-0.0352181441,-0.791545197,-0.10738269,-0.808497948
0.00255828,-5.04721787e-13,-9.0,-1.47846369,-8.99999427,-0.0358055084,-0.791544216,-0.107406776,-0.808504412
0.00255928,-4.71109797e-13,-9.0,-1.47658404,-8.99999427,-0.036391459,-0.79154322,-0.107431293,-0.808510878
0.00256028,-1.64508985e-13,-9.0,-1.47470344,-8.99999427,-0.036975973,-0.791542209,-0.107456241,-0.808517346
0.00256128,-4.89452636e-13,-9.0,-1.47282187,-8.99999427,-0.0375590273,-0.791541184,-0.10748162,-0.808523816
0.00256228,-5.13443156e-13,-9.0,-1.4709393,-8.99999427,-0.0381405988,-0.791540145,-0.107507431,-0.808530288
0.00256328,-1.79672895e-13,-9.0,-1.4690557,-8.99999427,-0.0387206645,-0.791539091,-0.107533673,-0.808536762
0.00256428,-4.72283209e-13,-9.0,-1.46717106,-8.99999427,-0.0392992017,-0.791538023,-0.107560348,-0.808543238
0.00256528,-5.53408128e-13,-9.0,-1.46528535,-8.99999426,-0.0398761873,-0.79153694,-0.107587455,-0.808549716
0.00256628,-2.00602861e-13,-9.0,-1.46339854,-8.99999426,-0.0404515988,-0.791535843,-0.107614995,-0.808556197
0.00256728,-4.53956026e-13,-9.0,-1.46151061,-8.99999426,-0.0410254132,-0.791534732,-0.107642968,-0.80856268
0.00256828,-5.903773e-13,-9.0,-1.45962154,-8.99999426,-0.0415976081,-0.791533607,-0.107671374,-0.808569165
0.00256928,-2.27132774e-13,-9.0,-1.45773131,-8.99999426,-0.0421681607,-0.791532467,-0.107700215,-0.808575653
0.00257028,-4.35252428e-13,-9.0,-1.45583988,-8.99999426,-0.0427370487,-0.791531313,-0.107729489,-0.808582143
0.00257128,-6.23806164e-13,-9.0,-1.45394723,-8.99999426,-0.0433042494,-0.791530145,-0.107759199,-0.808588637
0.00257228,-2.58972659e-13,-9.0,-1.45205335,-8.99999426,-0.0438697406,-0.791528963,-0.107789343,-0.808595132
0.00257328,-4.16973455e-13,-9.0,-1.45015821,-8.99999426,-0.0444334998,-0.791527766,-0.107819923,-0.808601631
0.00257428,-6.53245846e-13,-9.0,-1.44826177,-8.99999426,-0.0449955049,-0.791526556,-0.107850938,-0.808608133
0.00257528,-2.9571525e-13,-9.0,-1.44636403,-8.99999425,-0.0455557337,-0.791525331,-0.107882389,-0.808614638
0.00257628,-3.99920157e-13,-9.0,-1.44446495,-8.99999425,-0.046114164,-0.791524093,-0.107914277,-0.808621146
0.00257728,-6.78353436e-13,-9.0,-1.44256452,-8.99999425,-0.0466707738,-0.79152284,-0.107946602,-0.808627657
0.00257828,-3.36845294e-13,-9.0,-1.4406627,-8.99999425,-0.0472255411,-0.791521574,-0.107979364,-0.808634171
0.00257928,-3.84873809e-13,-9.0,-1.43875948,-8.99999425,-0.047778444,-0.791520294,-0.108012564,-0.808640689
0.00258028,-6.98899672e-13,-9.0,-1.43685482,-8.99999425,-0.0483294607,-0.791519,-0.108046202,-0.80864721
0.00258128,-3.81751339e-13,-9.0,-1.43494871,-8.99999425,-0.0488785694,-0.791517692,-0.108080279,-0.808653734
0.00258228,-3.72576505e-13,-9.0,-1.43304112,-8.99999425,-0.0494257485,-0.79151637,-0.108114794,-0.808660263
0.00258328,-7.14773793e-13,-9.0,-1.43113203,-8.99999425,-0.0499709764,-0.791515035,-0.108149749,-0.808666794
0.00258428,-4.29739745e-13,-9.0,-1.42922142,-8.99999425,-0.0505142315,-0.791513686,-0.108185144,-0.80867333
0.00258528,-3.63712584e-13,-9.0,-1.42730925,-8.99999425,-0.0510554924,-0.791512323,-0.108220979,-0.808679869
0.00258628,-7.25985439e-13,-9.0,-1.42539551,-8.99999424,-0.0515947377,-0.791510946,-0.108257255,-0.808686412
0.00258728,-4.80050559e-13,-9.0,-1.42348017,-8.99999424,-0.0521319461,-0.791509556,-0.108293971,-0.808692959
0.00258828,-3.5889134e-13,-9.0,-1.42156322,-8.99999424,-0.0526670964,-0.791508153,-0.10833113,-0.808699511
0.00258928,-7.32663537e-13,-9.0,-1.41964461,-8.99999424,-0.0532001675,-0.791506736,-0.108368731,-0.808706066
0.00259028,-5.31874868e-13,-9.0,-1.41772434,-8.99999424,-0.0537311384,-0.791505305,-0.108406774,-0.808712625
0.00259128,-3.5863142e-13,-9.0,-1.41580237,-8.99999424,-0.0542599881,-0.791503862,-0.10844526,-0.808719189
0.00259228,-7.35052221e-13,-9.0,-1.41387869,-8.99999424,-0.0547866957,-0.791502404,-0.108484189,-0.808725757
0.00259328,-5.84373226e-13,-9.0,-1.41195327,-8.99999424,-0.0553112404,-0.791500934,-0.108523563,-0.80873233
0.00259428,-3.63347292e-13,-9.0,-1.41002608,-8.99999424,-0.0558336015,-0.79149945,-0.108563381,-0.808738907
0.00259528,-7.33503851e-13,-9.0,-1.4080971,-8.99999424,-0.0563537583,-0.791497953,-0.108603644,-0.808745488
0.00259628,-6.36694688e-13,-9.0,-1.40616631,-8.99999423,-0.0568716905,-0.791496443,-0.108644352,-0.808752075
0.00259728,-3.73338099e-13,-9.0,-1.40423369,-8.99999423,-0.0573873774,-0.791494919,-0.108685507,-0.808758666
0.00259828,-7.28469327e-13,-9.0,-1.40229921,-8.99999423,-0.0579007988,-0.791493383,-0.108727107,-0.808765261
0.00259928,-6.87996014e-13,-9.0,-1.40036284,-8.99999423,-0.0584119343,-0.791491833,-0.108769155,-0.808771862
0.00260028,-3.88779166e-13,-9.0,-1.39842457,-8.99999423,-0.0589207639,-0.791490271,-0.108811651,-0.808778468
0.00260128,-7.20485907e-13,-9.0,-1.39648437,-8.99999423,-0.0594272674,-0.791488695,-0.108854594,-0.808785078
0.00260228,-7.37460563e-13,-9.0,-1.39454221,-8.99999423,-0.0599314247,-0.791487107,-0.108897986,-0.808791694
0.00260328,-4.09716372e-13,-9.0,-1.39259807,-8.99999423,-0.0604332161,-0.791485505,-0.108941827,-0.808798315
0.00260428,-7.10162837e-13,-9.0,-1.39065194,-8.99999423,-0.0609326217,-0.791483891,-0.108986117,-0.808804942
0.00260528,-7.84316434e-13,-9.0,-1.38870378,-8.99999423,-0.0614296218,-0.791482264,-0.109030858,-0.808811573
0.00260628,-4.36063514e-13,-9.0,-1.38675357,-8.99999423,-0.0619241967,-0.791480624,-0.109076049,-0.80881821
0.00260728,-6.98165136e-13,-9.0,-1.38480128,-8.99999422,-0.062416327,-0.791478972,-0.109121692,-0.808824853
0.00260828,-8.27853415e-13,-9.0,-1.38284691,-8.99999422,-0.0629059932,-0.791477307,-0.109167787,-0.808831501
0.00260928,-4.67602733e-13,-9.0,-1.38089041,-8.99999422,-0.0633931759,-0.79147563,-0.109214334,-0.808838154
0.00261028,-6.85195919e-13,-9.0,-1.37893177,-8.99999422,-0.063877856,-0.79147394,-0.109261334,-0.808844814
0.00261128,-8.67438338e-13,-9.0,-1.37697096,-8.99999422,-0.0643600143,-0.791472237,-0.109308787,-0.808851479
0.00261228,-5.03987995e-13,-9.0,-1.37500797,-8.99999422,-0.0648396318,-0.791470522,-0.109356695,-0.80885815
0.00261328,-6.71977704e-13,-9.0,-1.37304276,-8.99999422,-0.0653166896,-0.791468795,-0.109405057,-0.808864827
0.00261428,-9.02528477e-13,-9.0,-1.37107532,-8.99999422,-0.0657911687,-0.791467055,-0.109453875,-0.80887151
0.00261528,-5.44751549e-13,-9.0,-1.36910561,-8.99999422,-0.0662630506,-0.791465303,-0.109503148,-0.808878199
0.00261628,-6.5923314e-13,-9.0,-1.36713363,-8.99999422,-0.0667323164,-0.791463539,-0.109552878,-0.808884895
0.00261728,-9.32682656e-13,-9.0,-1.36515934,-8.99999421,-0.0671989478,-0.791461763,-0.109603065,-0.808891596
0.00261828,-5.89313204e-13,-9.0,-1.36318271,-8.99999421,-0.0676629263,-0.791459975,-0.10965371,-0.808898304
0.00261928,-6.47665639e-13,-9.0,-1.36120374,-8.99999421,-0.0681242336,-0.791458174,-0.109704813,-0.808905018
0.00262028,-9.57569837e-13,-9.0,-1.35922239,-8.99999421,-0.0685828514,-0.791456362,-0.109756375,-0.808911739
0.00262128,-6.36992223e-13,-9.0,-1.35723864,-8.99999421,-0.0690387618,-0.791454538,-0.109808397,-0.808918466
0.00262228,-6.37940375e-13,-9.0,-1.35525247,-8.99999421,-0.0694919466,-0.791452701,-0.109860879,-0.8089252
0.00262328,-9.76974956e-13,-9.0,-1.35326386,-8.99999421,-0.0699423879,-0.791450853,-0.109913821,-0.80893194
0.00262428,-6.87021544e-13,-9.0,-1.35127278,-8.99999421,-0.0703900681,-0.791448993,-0.109967226,-0.808938687
0.00262528,-6.3066612e-13,-9.0,-1.34927921,-8.99999421,-0.0708349693,-0.791447122,-0.110021092,-0.808945441
0.00262628,-9.90801895e-13,-9.0,-1.34728312,-8.99999421,-0.0712770742,-0.791445239,-0.110075421,-0.808952202
0.00262728,-7.38563995e-13,-9.0,-1.3452845,-8.9999942,-0.0717163651,-0.791443344,-0.110130214,-0.80895897
0.00262828,-6.26378361e-13,-9.0,-1.34328332,-8.9999942,-0.0721528248,-0.791441438,-0.110185471,-0.808965745
0.00262928,-9.99073532e-13,-9.0,-1.34127955,-8.9999942,-0.072586436,-0.79143952,-0.110241192,-0.808972527
0.00263028,-7.90730138e-13,-9.0,-1.33927319,-8.9999942,-0.0730171817,-0.791437591,-0.110297379,-0.808979316
0.00263128,-6.2552412e-13,-9.0,-1.33726419,-8.9999942,-0.0734450447,-0.79143565,-0.110354032,-0.808986112
0.00263228,-1.00192886e-12,-9.0,-1.33525255,-8.9999942,-0.0738700083,-0.791433698,-0.110411152,-0.808992916
0.00263328,-8.4259731e-13,-9.0,-1.33323823,-8.9999942,-0.0742920556,-0.791431735,-0.110468739,-0.808999727
0.00263428,-6.28448845e-13,-9.0,-1.33122122,-8.9999942,-0.07471117,-0.79142976,-0.110526795,-0.809006545
0.00263528,-9.99617262e-13,-9.0,-1.3292015,-8.9999942,-0.0751273349,-0.791427775,-0.110585319,-0.809013371
0.00263628,-8.93229416e-13,-9.0,-1.32717903,-8.9999942,-0.0755405339,-0.791425778,-0.110644313,-0.809020205
0.00263728,-6.35385715e-13,-9.0,-1.32515381,-8.99999419,-0.0759507507,-0.791423771,-0.110703777,-0.809027046
0.00263828,-9.9249014e-13,-9.0,-1.3231258,-8.99999419,-0.0763579691,-0.791421752,-0.110763713,-0.809033895
0.00263928,-9.41697027e-13,-9.0,-1.32109498,-8.99999419,-0.076762173,-0.791419723,-0.11082412,-0.809040751
0.00264028,-6.46447608e-13,-9.0,-1.31906134,-8.99999419,-0.0771633465,-0.791417683,-0.110884999,-0.809047616
0.00264128,-9.80990011e-13,-9.0,-1.31702485,-8.99999419,-0.0775614737,-0.791415632,-0.110946352,-0.809054488
0.00264228,-9.87097296e-13,-9.0,-1.31498549,-8.99999419,-0.0779565389,-0.79141357,-0.111008178,-0.809061369
0.00264328,-6.61621963e-13,-9.0,-1.31294324,-8.99999419,-0.0783485265,-0.791411498,-0.111070479,-0.809068257
0.00264428,-9.65637461e-13,-9.0,-1.31089807,-8.99999419,-0.078737421,-0.791409415,-0.111133255,-0.809075154
0.00264528,-1.02857324e-12,-9.0,-1.30884997,-8.99999419,-0.0791232071,-0.791407322,-0.111196508,-0.809082058
0.00264628,-6.80768667e-13,-9.0,-1.30679891,-8.99999419,-0.0795058696,-0.791405218,-0.111260237,-0.809088971
0.00264728,-9.47016212e-13,-9.0,-1.30474487,-8.99999418,-0.0798853933,-0.791403104,-0.111324444,-0.809095893
0.00264828,-1.06533196e-12,-9.0,-1.30268783,-8.99999418,-0.0802617633,-0.791400979,-0.111389129,-0.809102822
0.00264928,-7.03621026e-13,-9.0,-1.30062778,-8.99999418,-0.0806349647,-0.791398844,-0.111454293,-0.80910976
0.00265028,-9.25756706e-13,-9.0,-1.29856468,-8.99999418,-0.0810049828,-0.7913967,-0.111519937,-0.809116707
0.00265128,-1.09666129e-12,-9.0,-1.29649852,-8.99999418,-0.0813718029,-0.791394545,-0.111586061,-0.809123662
0.00265228,-7.29789829e-13,-9.0,-1.29442927,-8.99999418,-0.0817354106,-0.79139238,-0.111652667,-0.809130626
0.00265328,-9.0251862e-13,-9.0,-1.29235693,-8.99999418,-0.0820957915,-0.791390204,-0.111719756,-0.809137598
0.00265428,-1.12194466e-12,-9.0,-1.29028145,-8.99999418,-0.0824529314,-0.79138802,-0.111787327,-0.809144579
0.00265528,-7.58770415e-13,-9.0,-1.28820284,-8.99999418,-0.0828068163,-0.791385825,-0.111855382,-0.809151569
0.00265628,-8.77972735e-13,-9.0,-1.28612106,-8.99999418,-0.083157432,-0.79138362,-0.111923921,-0.809158568
0.00265728,-1.14067366e-12,-9.0,-1.28403609,-8.99999417,-0.0835047648,-0.791381406,-0.111992946,-0.809165575
0.00265828,-7.89952596e-13,-9.0,-1.28194792,-8.99999417,-0.0838488011,-0.791379182,-0.112062456,-0.809172592
0.00265928,-8.52782633e-13,-9.0,-1.27985653,-8.99999417,-0.0841895271,-0.791376949,-0.112132454,-0.809179618
0.00266028,-1.15245809e-12,-9.0,-1.27776189,-8.99999417,-0.0845269294,-0.791374706,-0.112202939,-0.809186652
0.00266128,-8.22633211e-13,-9.0,-1.27566399,-8.99999417,-0.0848609948,-0.791372453,-0.112273913,-0.809193696
0.00266228,-8.27586663e-13,-9.0,-1.27356281,-8.99999417,-0.08519171,-0.791370191,-0.112345376,-0.809200749
0.00266328,-1.15703336e-12,-9.0,-1.27145832,-8.99999417,-0.085519062,-0.79136792,-0.11241733,-0.809207812
0.00266428,-8.56031037e-13,-9.0,-1.26935051,-8.99999417,-0.0858430378,-0.79136564,-0.112489774,-0.809214883
0.00266528,-8.02980641e-13,-9.0,-1.26723937,-8.99999417,-0.0861636247,-0.791363351,-0.11256271,-0.809221964
0.00266628,-1.15426488e-12,-9.0,-1.26512486,-8.99999416,-0.08648081,-0.791361052,-0.112636138,-0.809229055
0.00266728,-8.89303701e-13,-9.0,-1.26300698,-8.99999416,-0.0867945812,-0.791358745,-0.11271006,-0.809236155
0.00266828,-7.79501703e-13,-9.0,-1.2608857,-8.99999416,-0.0871049259,-0.791356428,-0.112784476,-0.809243264
0.00266928,-1.14414954e-12,-9.0,-1.25876101,-8.99999416,-0.0874118318,-0.791354103,-0.112859388,-0.809250383
0.00267028,-9.21566223e-13,-9.0,-1.25663289,-8.99999416,-0.0877152869,-0.791351769,-0.112934795,-0.809257511
0.00267128,-7.57613738e-13,-9.0,-1.25450132,-8.99999416,-0.0880152791,-0.791349426,-0.113010699,-0.80926465
0.00267228,-1.12681425e-12,-9.0,-1.25236629,-8.99999416,-0.0883117966,-0.791347075,-0.113087101,-0.809271797
0.00267328,-9.51910745e-13,-9.0,-1.25022777,-8.99999416,-0.0886048277,-0.791344715,-0.113164001,-0.809278955
0.00267428,-7.37694743e-13,-9.0,-1.24808575,-8.99999416,-0.0888943609,-0.791342346,-0.1132414,-0.809286123
0.00267528,-1.10251135e-12,-9.0,-1.24594021,-8.99999416,-0.0891803847,-0.791339969,-0.113319299,-0.8092933
0.00267628,-9.79426998e-13,-9.0,-1.24379114,-8.99999415,-0.0894628877,-0.791337584,-0.1133977,-0.809300487
0.00267728,-7.20026445e-13,-9.0,-1.24163852,-8.99999415,-0.089741859,-0.79133519,-0.113476602,-0.809307684
0.00267828,-1.0716114e-12,-9.0,-1.23948233,-8.99999415,-0.0900172874,-0.791332788,-0.113556007,-0.809314891
0.00267928,-1.00322302e-12,-9.0,-1.23732257,-8.99999415,-0.090289162,-0.791330378,-0.113635916,-0.809322109
0.00268028,-7.04786432e-13,-9.0,-1.2351592,-8.99999415,-0.0905574722,-0.79132796,-0.113716329,-0.809329336
0.00268128,-1.03459324e-12,-9.0,-1.23299222,-8.99999415,-0.0908222073,-0.791325535,-0.113797248,-0.809336573
0.00268228,-1.02244566e-12,-9.0,-1.23082162,-8.99999415,-0.0910833569,-0.791323101,-0.113878672,-0.809343821
0.00268328,-6.92043009e-13,-9.0,-1.22864737,-8.99999415,-0.0913409108,-0.791320659,-0.113960604,-0.809351078
0.00268428,-9.92031633e-13,-9.0,-1.22646947,-8.99999415,-0.0915948586,-0.79131821,-0.114043044,-0.809358346
0.00268528,-1.03630038e-12,-9.0,-1.2242879,-8.99999414,-0.0918451904,-0.791315752,-0.114125992,-0.809365624
0.00268628,-6.81752916e-13,-9.0,-1.22210264,-8.99999414,-0.0920918963,-0.791313288,-0.114209451,-0.809372913
0.00268728,-9.44582934e-13,-9.0,-1.21991368,-8.99999414,-0.0923349666,-0.791310816,-0.114293419,-0.809380212
0.00268828,-1.04406982e-12,-9.0,-1.21772102,-8.99999414,-0.0925743917,-0.791308336,-0.1143779,-0.809387521
0.00268928,-6.73761968e-13,-9.0,-1.21552463,-8.99999414,-0.0928101621,-0.791305849,-0.114462892,-0.80939484
0.00269028,-8.92968964e-13,-9.0,-1.21332451,-8.99999414,-0.0930422685,-0.791303355,-0.114548398,-0.80940217
0.00269128,-1.0451309e-12,-9.0,-1.21112063,-8.99999414,-0.0932707018,-0.791300853,-0.114634418,-0.80940951
0.00269228,-6.67808606e-13,-9.0,-1.208913,-8.99999414,-0.0934954529,-0.791298344,-0.114720953,-0.809416861
0.00269328,-8.37959601e-13,-9.0,-1.2067016,-8.99999414,-0.0937165129,-0.791295829,-0.114808004,-0.809424222
0.00269428,-1.03896973e-12,-9.0,-1.20448642,-8.99999414,-0.0939338732,-0.791293306,-0.114895571,-0.809431594
0.00269528,-6.635303e-13,-9.0,-1.20226744,-8.99999413,-0.0941475251,-0.791290776,-0.114983656,-0.809438977
0.00269628,-7.80354463e-13,-9.0,-1.20004466,-8.99999413,-0.0943574603,-0.79128824,-0.11507226,-0.809446369
0.00269728,-1.02519432e-12,-9.0,-1.19781807,-8.99999413,-0.0945636704,-0.791285697,-0.115161383,-0.809453773
0.00269828,-6.60472634e-13,-9.0,-1.19558766,-8.99999413,-0.0947661473,-0.791283147,-0.115251027,-0.809461187
0.00269928,-7.20964146e-13,-9.0,-1.19335342,-8.99999413,-0.0949648829,-0.791280591,-0.115341192,-0.809468612
0.00270028,-1.00354451e-12,-9.0,-1.19111534,-8.99999413,-0.0951598695,-0.791278028,-0.115431879,-0.809476047
0.00270128,-6.58100873e-13,-9.0,-1.18887342,-8.99999413,-0.0953510994,-0.791275459,-0.115523089,-0.809483493
0.00270228,-6.60591468e-13,-9.0,-1.18662764,-8.99999413,-0.095538565,-0.791272883,-0.115614823,-0.80949095
0.00270328,-9.73899069e-13,-9.0,-1.184378,-8.99999413,-0.0957222588,-0.791270301,-0.115707081,-0.809498417
0.00270428,-6.55813728e-13,-9.0,-1.18212449,-8.99999412,-0.0959021737,-0.791267713,-0.115799866,-0.809505895
0.00270528,-6.00013164e-13,-9.0,-1.17986711,-8.99999412,-0.0960783026,-0.791265119,-0.115893177,-0.809513383
0.00270628,-9.36279689e-13,-9.0,-1.17760586,-8.99999412,-0.0962506385,-0.791262519,-0.115987015,-0.809520883
0.00270728,-6.52958996e-13,-9.0,-1.17534072,-8.99999412,-0.0964191745,-0.791259913,-0.116081382,-0.809528393
0.00270828,-5.39962486e-13,-9.0,-1.17307169,-8.99999412,-0.0965839041,-0.791257301,-0.116176278,-0.809535913
0.00270928,-8.90851825e-13,-9.0,-1.17079877,-8.99999412,-0.0967448207,-0.791254683,-0.116271704,-0.809543445
0.00271028,-6.48850684e-13,-9.0,-1.16852196,-8.99999412,-0.096901918,-0.79125206,-0.116367662,-0.809550987
0.00271128,-4.81113103e-13,-9.0,-1.16624125,-8.99999412,-0.0970551898,-0.791249431,-0.116464151,-0.80955854
0.00271228,-8.37922341e-13,-9.0,-1.16395664,-8.99999412,-0.09720463,-0.791246797,-0.116561173,-0.809566103
0.00271328,-6.42787211e-13,-9.0,-1.16166813,-8.99999411,-0.0973502327,-0.791244157,-0.116658728,-0.809573677
0.00271428,-4.2406471e-13,-9.0,-1.15937573,-8.99999411,-0.0974919922,-0.791241512,-0.116756818,-0.809581262
0.00271528,-7.77934015e-13,-9.0,-1.15707942,-8.99999411,-0.0976299029,-0.791238861,-0.116855444,-0.809588857
0.00271628,-6.34070247e-13,-9.0,-1.15477921,-8.99999411,-0.0977639593,-0.791236206,-0.116954606,-0.809596463
0.00271728,-3.69330653e-13,-9.0,-1.1524751,-8.99999411,-0.0978941562,-0.791233545,-0.117054305,-0.809604079
0.00271828,-7.11457026e-13,-9.0,-1.1501671,-8.99999411,-0.0980204884,-0.791230879,-0.117154542,-0.809611707
0.00271928,-6.22023715e-13,-9.0,-1.14785521,-8.99999411,-0.0981429509,-0.791228208,-0.117255318,-0.809619344
0.00272028,-3.17327886e-13,-9.0,-1.14553942,-8.99999411,-0.0982615389,-0.791225533,-0.117356633,-0.809626992
0.00272128,-6.39177621e-13,-9.0,-1.14321975,-8.9999941,-0.0983762477,-0.791222853,-0.117458489,-0.809634651
0.00272228,-6.06012498e-13,-9.0,-1.1408962,-8.9999941,-0.0984870727,-0.791220168,-0.117560887,-0.80964232
0.00272328,-2.6836948e-13,-9.0,-1.13856878,-8.9999941,-0.0985940097,-0.791217478,-0.117663827,-0.80965
0.00272428,-5.61884224e-13,-9.0,-1.13623749,-8.9999941,-0.0986970543,-0.791214784,-0.11776731,-0.80965769
0.00272528,-5.8546039e-13,-9.0,-1.13390233,-8.9999941,-0.0987962026,-0.791212086,-0.117871337,-0.80966539
0.00272628,-2.22659842e-13,-9.0,-1.13156333,-8.9999941,-0.0988914505,-0.791209383,-0.117975909,-0.8096731
0.00272728,-4.80451298e-13,-9.0,-1.12922049,-8.9999941,-0.0989827944,-0.791206676,-0.118081027,-0.809680821
0.00272828,-5.5986684e-13,-9.0,-1.12687381,-8.9999941,-0.0990702306,-0.791203965,-0.11818669,-0.809688552
0.00272928,-1.80292765e-13,-9.0,-1.12452331,-8.9999941,-0.0991537557,-0.791201249,-0.118292902,-0.809696293
0.00273028,-3.95821355e-13,-9.0,-1.12216901,-8.99999409,-0.0992333664,-0.79119853,-0.118399661,-0.809704045
0.00273128,-5.28822074e-13,-9.0,-1.11981091,-8.99999409,-0.0993090595,-0.791195807,-0.118506969,-0.809711806
0.00273228,-1.41252319e-13,-9.0,-1.11744903,-8.99999409,-0.099380832,-0.79119308,-0.118614827,-0.809719577
0.00273328,-3.08985496e-13,-9.0,-1.11508339,-8.99999409,-0.0994486812,-0.791190349,-0.118723235,-0.809727358
0.00273428,-4.92020214e-13,-9.0,-1.11271399,-8.99999409,-0.0995126043,-0.791187615,-0.118832194,-0.809735149
0.00273528,-1.05416561e-13,-9.0,-1.11034087,-8.99999409,-0.0995725988,-0.791184877,-0.118941706,-0.80974295
0.00273628,-2.20962966e-13,-9.0,-1.10796403,-8.99999409,-0.0996286623,-0.791182136,-0.11905177,-0.809750761
0.00273728,-4.49270065e-13,-9.0,-1.1055835,-8.99999409,-0.0996807927,-0.791179391,-0.119162388,-0.809758581
0.00273828,-7.25639423e-14,-9.0,-1.10319929,-8.99999409,-0.0997289879,-0.791176643,-0.11927356,-0.80976641
0.00273928,-1.32780174e-13,-9.0,-1.10081144,-8.99999408,-0.0997732459,-0.791173892,-0.119385286,-0.809774249
0.00274028,-4.00503277e-13,-9.0,-1.09841996,-8.99999408,-0.0998135651,-0.791171138,-0.119497569,-0.809782098
0.00274128,-4.23822509e-14,-9.0,-1.09602487,-8.99999408,-0.0998499438,-0.791168381,-0.119610408,-0.809789955
0.00274228,-4.54496656e-14,-9.0,-1.09362621,-8.99999408,-0.0998823805,-0.79116562,-0.119723804,-0.809797822
0.00274328,-3.45779681e-13,-9.0,-1.09122399,-8.99999408,-0.0999108741,-0.791162857,-0.119837758,-0.809805698
0.00274428,-1.447984e-14,-9.0,-1.08881826,-8.99999408,-0.0999354234,-0.791160092,-0.119952271,-0.809813583
0.00274528,4.00504562e-14,-9.0,-1.08640903,-8.99999408,-0.0999560274,-0.791157323,-0.120067343,-0.809821476
0.00274628,-2.85289639e-13,-9.0,-1.08399634,-8.99999408,-0.0999726853,-0.791154552,-0.120182974,-0.809829378
0.00274728,1.16011358e-14,-9.0,-1.08158022,-8.99999407,-0.0999853965,-0.791151779,-0.120299166,-0.809837289
0.00274828,1.22796208e-13,-9.0,-1.07916071,-8.99999407,-0.0999941604,-0.791149003,-0.120415919,-0.809845208
0.00274928,-2.19353337e-13,-9.0,-1.07673784,-8.99999407,-0.0999989767,-0.791146225,-0.120533234,-0.809853136
0.00275028,3.63697302e-14,-9.0,-1.07430175,-8.99999407,-0.0999998452,-0.791143442,-0.120651277,-0.809861231
0.00275128,2.01934895e-13,-9.0,-1.07185323,-8.99999407,-0.0999967659,-0.791140657,-0.120769783,-0.809869227
0.00275228,-1.48415765e-13,-9.0,-1.06941495,-8.99999407,-0.0999897389,-0.791137874,-0.120888649,-0.809877032
0.00275328,6.0371773e-14,-9.0,-1.06698813,-8.99999407,-0.0999787645,-0.79113509,-0.121008165,-0.809884937
0.00275428,2.76704977e-13,-9.0,-1.06455928,-8.99999407,-0.0999638431,-0.791132302,-0.121128274,-0.80989288
0.00275528,-7.30452084e-14,-9.0,-1.06212522,-8.99999406,-0.0999449753,-0.791129513,-0.121248961,-0.809900845
0.00275628,8.41671469e-14,-9.0,-1.05968561,-8.99999406,-0.0999221618,-0.791126721,-0.121370219,-0.809908823
0.00275728,3.46448578e-13,-9.0,-1.05724095,-8.99999406,-0.0998954036,-0.791123928,-0.121492046,-0.809916811
0.00275828,6.08476662e-15,-9.0,-1.05479186,-8.99999406,-0.0998647017,-0.791121133,-0.121614441,-0.809924807
0.00275928,1.0831987e-13,-9.0,-1.05233888,-8.99999406,-0.0998300572,-0.791118337,-0.121737404,-0.80993281
0.00276028,4.1062046e-13,-9.0,-1.04988242,-8.99999406,-0.0997914717,-0.791115539,-0.121860934,-0.80994082
0.00276128,8.8201736e-14,-9.0,-1.04742277,-8.99999406,-0.0997489466,-0.791112741,-0.121985032,-0.809948836
0.00276228,1.33376104e-13,-9.0,-1.04496016,-8.99999406,-0.0997024835,-0.791109941,-0.122109698,-0.809956858
0.00276328,4.68801028e-13,-9.0,-1.04249473,-8.99999406,-0.0996520844,-0.79110714,-0.122234933,-0.809964885
0.00276428,1.72450628e-13,-9.0,-1.04002662,-8.99999405,-0.0995977512,-0.791104339,-0.122360738,-0.809972919
0.00276528,1.59848169e-13,-9.0,-1.03755592,-8.99999405,-0.099539486,-0.791101536,-0.122487111,-0.809980957
0.00276628,5.20701338e-13,-9.0,-1.03508273,-8.99999405,-0.0994772912,-0.791098733,-0.122614054,-0.809989001
0.00276728,2.57910451e-13,-9.0,-1.03260712,-8.99999405,-0.0994111692,-0.791095929,-0.122741568,-0.809997049
0.00276828,1.88198424e-13,-9.0,-1.03012918,-8.99999405,-0.0993411226,-0.791093124,-0.122869651,-0.810005102
0.00276928,5.66166265e-13,-9.0,-1.02764899,-8.99999405,-0.0992671541,-0.791090319,-0.122998305,-0.810013159
0.00277028,3.43612696e-13,-9.0,-1.02516661,-8.99999405,-0.0991892668,-0.791087514,-0.123127529,-0.81002122
0.00277128,2.18824446e-13,-9.0,-1.02268215,-8.99999405,-0.0991074637,-0.791084709,-0.123257324,-0.810029285
0.00277228,6.05174567e-13,-9.0,-1.02019566,-8.99999404,-0.099021748,-0.791081903,-0.12338769,-0.810037354
0.00277328,4.28560993e-13,-9.0,-1.01770725,-8.99999404,-0.098932123,-0.791079097,-0.123518627,-0.810045425
0.00277428,2.5204588e-13,-9.0,-1.015217,-8.99999404,-0.0988385924,-0.791076292,-0.123650136,-0.8100535
0.00277528,6.37835848e-13,-9.0,-1.01272498,-8.99999404,-0.0987411598,-0.791073486,-0.123782215,-0.810061577
0.00277628,5.11751562e-13,-9.0,-1.01023131,-8.99999404,-0.0986398291,-0.791070681,-0.123914866,-0.810069656
0.00277728,2.88093304e-13,-9.0,-1.00773607,-8.99999404,-0.0985346043,-0.791067876,-0.124048088,-0.810077737
0.00277828,6.64384526e-13,-9.0,-1.00523936,-8.99999404,-0.0984254894,-0.791065071,-0.124181881,-0.81008582
0.00277928,5.92194001e-13,-9.0,-1.00274128,-8.99999404,-0.0983124889,-0.791062267,-0.124316245,-0.810093904
0.00278028,3.27099394e-13,-9.0,-1.00024194,-8.99999403,-0.0981956072,-0.791059463,-0.12445118,-0.810101989
0.00278128,6.85170956e-13,-9.0,-0.997741439,-8.99999403,-0.0980748489,-0.79105666,-0.124586686,-0.810110075
0.00278228,6.6893192e-13,-9.0,-0.995239892,-8.99999403,-0.0979502188,-0.791053858,-0.124722763,-0.81011816
0.00278328,3.69092614e-13,-9.0,-0.992737412,-8.99999403,-0.0978217218,-0.791051057,-0.124859411,-0.810126246
0.00278428,7.00649959e-13,-9.0,-0.990234116,-8.99999403,-0.0976893629,-0.791048257,-0.124996628,-0.81013433
0.00278528,7.41062949e-13,-9.0,-0.987730125,-8.99999403,-0.0975531474,-0.791045458,-0.125134416,-0.810142414
0.00278628,4.13993617e-13,-9.0,-0.985225563,-8.99999403,-0.0974130807,-0.79104266,-0.125272773,-0.810150496
0.00278728,7.1136703e-13,-9.0,-0.982720559,-8.99999403,-0.0972691683,-0.791039864,-0.125411699,-0.810158576
0.00278828,8.07757645e-13,-9.0,-0.980215242,-8.99999402,-0.0971214159,-0.791037068,-0.125551194,-0.810166654
0.00278928,4.61614437e-13,-9.0,-0.97770975,-8.99999402,-0.0969698293,-0.791034275,-0.125691257,-0.810174729
0.00279028,7.17942589e-13,-9.0,-0.975204221,-8.99999402,-0.0968144144,-0.791031483,-0.125831888,-0.810182801
0.00279128,8.68276874e-13,-9.0,-0.972698799,-8.99999402,-0.0966551775,-0.791028692,-0.125973087,-0.810190868
0.00279228,5.11660518e-13,-9.0,-0.970193629,-8.99999402,-0.0964921249,-0.791025903,-0.126114852,-0.810198932
0.00279328,7.21054651e-13,-9.0,-0.967688864,-8.99999402,-0.0963252629,-0.791023117,-0.126257183,-0.810206991
0.00279428,9.21987248e-13,-9.0,-0.96518466,-8.99999402,-0.0961545981,-0.791020332,-0.126400079,-0.810215044
0.00279528,5.63735552e-13,-9.0,-0.962681175,-8.99999402,-0.0959801373,-0.791017549,-0.12654354,-0.810223092
0.00279628,7.21420356e-13,-9.0,-0.960178575,-8.99999402,-0.0958018874,-0.791014769,-0.126687564,-0.810231133
0.00279728,9.68374266e-13,-9.0,-0.957677027,-8.99999401,-0.0956198554,-0.791011991,-0.126832152,-0.810239167
0.00279828,6.17348996e-13,-9.0,-0.955176704,-8.99999401,-0.0954340484,-0.791009215,-0.126977301,-0.810247194
0.00279928,7.19776811e-13,-9.0,-0.952677786,-8.99999401,-0.095244474,-0.791006442,-0.127123011,-0.810255212
0.00280028,1.00705285e-12,-9.0,-0.950180454,-8.99999401,-0.0950511394,-0.791003671,-0.127269282,-0.810263222
0.00280128,6.71926121e-13,-9.0,-0.947684895,-8.99999401,-0.0948540523,-0.791000903,-0.127416111,-0.810271222
0.00280228,7.16861701e-13,-9.0,-0.945191303,-8.99999401,-0.0946532206,-0.790998138,-0.127563497,-0.810279212
0.00280328,1.03777502e-12,-9.0,-0.942699875,-8.99999401,-0.0944486521,-0.790995375,-0.127711441,-0.810287192
0.00280428,7.26820344e-13,-9.0,-0.940210813,-8.99999401,-0.094240355,-0.790992616,-0.127859939,-0.81029516
0.00280528,7.13394162e-13,-9.0,-0.937724326,-8.999994,-0.0940283374,-0.79098986,-0.128008991,-0.810303116
0.00280628,1.06043458e-12,-9.0,-0.935240626,-8.999994,-0.0938126078,-0.790987107,-0.128158596,-0.81031106
0.00280728,7.81327549e-13,-9.0,-0.932759934,-8.999994,-0.0935931746,-0.790984358,-0.128308751,-0.810318989
0.00280828,7.10056358e-13,-9.0,-0.930282473,-8.999994,-0.0933700464,-0.790981612,-0.128459456,-0.810326905
0.00280928,1.07506857e-12,-9.0,-0.927808473,-8.999994,-0.0931432322,-0.790978869,-0.128610708,-0.810334806
0.00281028,8.34702071e-13,-9.0,-0.925338172,-8.999994,-0.0929127409,-0.79097613,-0.128762507,-0.81034269
0.00281128,7.07476221e-13,-9.0,-0.92287181,-8.999994,-0.0926785815,-0.790973395,-0.12891485,-0.810350559
0.00281228,1.08185567e-12,-9.0,-0.920409637,-8.999994,-0.0924407633,-0.790970664,-0.129067735,-0.81035841
0.00281328,8.86173942e-13,-9.0,-0.917951906,-8.99999399,-0.0921992958,-0.790967936,-0.129221161,-0.810366242
0.00281428,7.06211764e-13,-9.0,-0.915498879,-8.99999399,-0.0919541883,-0.790965213,-0.129375125,-0.810374056
0.00281528,1.08111137e-12,-9.0,-0.913050824,-8.99999399,-0.0917054507,-0.790962494,-0.129529625,-0.810381849
0.00281628,9.34966987e-13,-9.0,-0.910608012,-8.99999399,-0.0914530927,-0.790959779,-0.12968466,-0.810389622
0.00281728,7.06737342e-13,-9.0,-0.908170727,-8.99999399,-0.0911971242,-0.790957069,-0.129840226,-0.810397373
0.00281828,1.07328014e-12,-9.0,-0.905739255,-8.99999399,-0.0909375555,-0.790954363,-0.129996322,-0.810405101
0.00281928,9.80317343e-13,-9.0,-0.903313891,-8.99999399,-0.0906743967,-0.790951662,-0.130152945,-0.810412805
0.00282028,7.09432189e-13,-9.0,-0.900894936,-8.99999399,-0.0904076583,-0.790948966,-0.130310092,-0.810420485
0.00282128,1.05892481e-12,-9.0,-0.8984827,-8.99999399,-0.0901373507,-0.790946274,-0.130467761,-0.810428139
0.00282228,1.02149193e-12,-9.0,-0.896077499,-8.99999398,-0.0898634846,-0.790943588,-0.130625949,-0.810435766
0.00282328,7.14571498e-13,-9.0,-0.893679658,-8.99999398,-0.0895860709,-0.790940906,-0.130784654,-0.810443366
0.00282428,1.03871329e-12,-9.0,-0.891289508,-8.99999398,-0.0893051204,-0.79093823,-0.130943871,-0.810450936
0.00282528,1.05780646e-12,-9.0,-0.888907388,-8.99999398,-0.0890206444,-0.790935559,-0.131103599,-0.810458477
0.00282628,7.22320247e-13,-9.0,-0.886533648,-8.99999398,-0.088732654,-0.790932894,-0.131263834,-0.810465986
0.00282728,1.01340302e-12,-9.0,-0.884168643,-8.99999398,-0.0884411605,-0.790930234,-0.131424573,-0.810473463
0.00282828,1.08864246e-12,-9.0,-0.881812737,-8.99999398,-0.0881461756,-0.790927579,-0.131585812,-0.810480907
0.00282928,7.32729928e-13,-9.0,-0.879466303,-8.99999398,-0.0878477108,-0.790924931,-0.131747548,-0.810488316
0.00283028,9.8382359e-13,-9.0,-0.877129722,-8.99999397,-0.0875457779,-0.790922288,-0.131909777,-0.810495689
0.00283128,1.11346301e-12,-9.0,-0.874803386,-8.99999397,-0.0872403889,-0.790919652,-0.132072496,-0.810503025
0.00283228,7.45738217e-13,-9.0,-0.872487693,-8.99999397,-0.0869315557,-0.790917021,-0.132235701,-0.810510322
0.00283328,9.50857718e-13,-9.0,-0.870183051,-8.99999397,-0.0866192907,-0.790914397,-0.132399387,-0.810517579
0.00283428,1.13182672e-12,-9.0,-0.867889879,-8.99999397,-0.086303606,-0.79091178,-0.13256355,-0.810524796
0.00283528,7.61171605e-13,-9.0,-0.865608605,-8.99999397,-0.0859845143,-0.790909168,-0.132728188,-0.810531969
0.00283628,9.15421262e-13,-9.0,-0.863339664,-8.99999397,-0.085662028,-0.790906564,-0.132893294,-0.810539099
0.00283728,1.14339957e-12,-9.0,-0.861083503,-8.99999397,-0.08533616,-0.790903966,-0.133058864,-0.810546183
0.00283828,7.78750905e-13,-9.0,-0.858840581,-8.99999397,-0.085006923,-0.790901375,-0.133224894,-0.810553221
0.00283928,8.78442589e-13,-9.0,-0.856611362,-8.99999397,-0.0846743301,-0.790898791,-0.13339138,-0.81056021
0.00284028,1.14796445e-12,-9.0,-0.854396326,-8.99999396,-0.0843383944,-0.790896214,-0.133558315,-0.810567149
0.00284128,7.98099481e-13,-9.0,-0.852195959,-8.99999396,-0.0839991291,-0.790893645,-0.133725695,-0.810574036
0.00284228,8.40841832e-13,-9.0,-0.850010761,-8.99999396,-0.0836565477,-0.790891082,-0.133893515,-0.810580871
0.00284328,1.14542797e-12,-9.0,-0.847841239,-8.99999396,-0.0833106637,-0.790888528,-0.13406177,-0.81058765
0.00284428,8.18753995e-13,-9.0,-0.845687917,-8.99999396,-0.0829614908,-0.790885981,-0.134230453,-0.810594373
0.00284528,8.03510513e-13,-9.0,-0.843551323,-8.99999396,-0.0826090426,-0.790883441,-0.134399559,-0.810601038
0.00284628,1.13582453e-12,-9.0,-0.841432003,-8.99999396,-0.0822533332,-0.79088091,-0.134569083,-0.810607643
0.00284728,8.40177389e-13,-9.0,-0.839330511,-8.99999396,-0.0818943766,-0.790878387,-0.134739018,-0.810614186
0.00284828,7.67292001e-13,-9.0,-0.837247413,-8.99999396,-0.0815321869,-0.790875872,-0.134909357,-0.810620666
0.00284928,1.11931741e-12,-9.0,-0.835183287,-8.99999395,-0.0811667785,-0.790873365,-0.135080096,-0.81062708
0.00285028,8.6177378e-13,-9.0,-0.833138725,-8.99999395,-0.0807981657,-0.790870867,-0.135251226,-0.810633427
0.00285128,7.32963257e-13,-9.0,-0.83111433,-8.99999395,-0.0804263632,-0.790868377,-0.135422741,-0.810639705
0.00285228,1.09619692e-12,-9.0,-0.829110716,-8.99999395,-0.0800513856,-0.790865896,-0.135594635,-0.810645912
0.00285328,8.8290488e-13,-9.0,-0.827128513,-8.99999395,-0.0796732476,-0.790863424,-0.135766901,-0.810652045
0.00285428,7.01218287e-13,-9.0,-0.82516836,-8.99999395,-0.0792919644,-0.790860961,-0.13593953,-0.810658103
0.00285528,1.06687558e-12,-9.0,-0.823230913,-8.99999395,-0.0789075508,-0.790858507,-0.136112515,-0.810664084
0.00285628,9.02907544e-13,-9.0,-0.821316838,-8.99999395,-0.078520022,-0.790856062,-0.13628585,-0.810669985
0.00285728,6.72653681e-13,-9.0,-0.819426817,-8.99999395,-0.0781293935,-0.790853626,-0.136459525,-0.810675805
0.00285828,1.03188046e-12,-9.0,-0.817561544,-8.99999395,-0.0777356805,-0.790851201,-0.136633533,-0.81068154
0.00285928,9.21111989e-13,-9.0,-0.815721726,-8.99999395,-0.0773388987,-0.790848785,-0.136807865,-0.810687189
0.00286028,6.47756579e-13,-9.0,-0.813908086,-8.99999394,-0.0769390636,-0.790846379,-0.136982513,-0.81069275
0.00286128,9.91842829e-13,-9.0,-0.81212136,-8.99999394,-0.0765361911,-0.790843982,-0.137157469,-0.81069822
0.00286228,9.36860242e-13,-9.0,-0.810362299,-8.99999394,-0.0761302971,-0.790841596,-0.137332722,-0.810703597
0.00286328,6.26895312e-13,-9.0,-0.808631667,-8.99999394,-0.0757213976,-0.790839221,-0.137508265,-0.810708878
0.00286428,9.47485341e-13,-9.0,-0.806930244,-8.99999394,-0.0753095088,-0.790836856,-0.137684087,-0.810714061
0.00286528,9.49524347e-13,-9.0,-0.805258824,-8.99999394,-0.0748946469,-0.790834501,-0.13786018,-0.810719143
0.00286628,6.10312949e-13,-9.0,-0.803618216,-8.99999394,-0.0744768282,-0.790832157,-0.138036532,-0.810724121
0.00286728,8.99607093e-13,-9.0,-0.802009245,-8.99999394,-0.0740560694,-0.790829824,-0.138213134,-0.810728994
0.00286828,9.58523875e-13,-9.0,-0.800432749,-8.99999394,-0.0736323869,-0.790827503,-0.138389976,-0.810733758
0.00286928,5.98123875e-13,-9.0,-0.798889584,-8.99999394,-0.0732057976,-0.790825192,-0.138567046,-0.81073841
0.00287028,8.49066823e-13,-9.0,-0.79738062,-8.99999394,-0.0727763182,-0.790822893,-0.138744335,-0.810742949
0.00287128,9.63342311e-13,-9.0,-0.795906743,-8.99999394,-0.0723439657,-0.790820605,-0.138921831,-0.81074737
0.00287228,5.90313463e-13,-9.0,-0.794468854,-8.99999394,-0.0719087572,-0.79081833,-0.139099522,-0.810751672
0.00287328,7.9676469e-13,-9.0,-0.793067871,-8.99999394,-0.0714707099,-0.790816066,-0.139277397,-0.81075585
0.00287428,9.63541886e-13,-9.0,-0.791704728,-8.99999393,-0.071029841,-0.790813814,-0.139455444,-0.810759903
0.00287528,5.86740847e-13,-9.0,-0.790380374,-8.99999393,-0.070586168,-0.790811574,-0.139633651,-0.810763827
0.00287628,7.43623045e-13,-9.0,-0.789095774,-8.99999393,-0.0701397084,-0.790809347,-0.139812005,-0.81076762
0.00287728,9.58776506e-13,-9.0,-0.787851911,-8.99999393,-0.0696904798,-0.790807133,-0.139990494,-0.810771277
0.00287828,5.87144695e-13,-9.0,-0.786649783,-8.99999393,-0.0692384999,-0.790804931,-0.140169104,-0.810774795
0.00287928,6.90566627e-13,-9.0,-0.785490405,-8.99999393,-0.0687837866,-0.790802742,-0.140347822,-0.810778173
0.00288028,9.48802439e-13,-9.0,-0.784374807,-8.99999393,-0.0683263579,-0.790800566,-0.140526635,-0.810781405
0.00288128,5.91151843e-13,-9.0,-0.783304039,-8.99999393,-0.0678662317,-0.790798403,-0.140705528,-0.81078449
0.00288228,6.38502673e-13,-9.0,-0.782279163,-8.99999393,-0.0674034263,-0.790796254,-0.140884488,-0.810787423
0.00288328,9.33486487e-13,-9.0,-0.78130126,-8.99999393,-0.0669379599,-0.790794119,-0.141063499,-0.810790201
0.00288428,5.98288563e-13,-9.0,-0.780371429,-8.99999393,-0.0664698509,-0.790791997,-0.141242548,-0.81079282
0.00288528,5.88301377e-13,-9.0,-0.779490782,-8.99999393,-0.0659991178,-0.79078989,-0.141421618,-0.810795278
0.00288628,9.12811448e-13,-9.0,-0.778660451,-8.99999393,-0.0655257792,-0.790787796,-0.141600695,-0.810797569
0.00288728,6.07994188e-13,-9.0,-0.777881581,-8.99999393,-0.0650498537,-0.790785717,-0.141779762,-0.810799692
0.00288828,5.40777177e-13,-9.0,-0.777155338,-8.99999393,-0.0645713602,-0.790783653,-0.141958804,-0.810801641
0.00288928,8.86878708e-13,-9.0,-0.7764829,-8.99999393,-0.0640903175,-0.790781603,-0.142137804,-0.810803414
0.00289028,6.19636743e-13,-9.0,-0.775865464,-8.99999393,-0.0636067446,-0.790779568,-0.142316745,-0.810805006
0.00289128,4.9667131e-13,-9.0,-0.775304242,-8.99999393,-0.0631206607,-0.790777548,-0.142495611,-0.810806413
0.00289228,8.5590791e-13,-9.0,-0.774800463,-8.99999393,-0.0626320848,-0.790775544,-0.142674383,-0.810807632
0.00289328,6.32530218e-13,-9.0,-0.774355371,-8.99999393,-0.0621410364,-0.790773555,-0.142853044,-0.810808658
0.00289428,4.56636025e-13,-9.0,-0.773970226,-8.99999393,-0.0616475347,-0.790771582,-0.143031576,-0.810809488
0.00289528,8.20233681e-13,-9.0,-0.773646304,-8.99999393,-0.0611515993,-0.790769625,-0.14320996,-0.810810118
0.00289628,6.45953035e-13,-9.0,-0.773384898,-8.99999393,-0.0606532497,-0.790767684,-0.143388178,-0.810810542
0.00289728,4.21220852e-13,-9.0,-0.773187312,-8.99999393,-0.0601525056,-0.790765759,-0.14356621,-0.810810758
0.00289828,7.80299499e-13,-9.0,-0.773054869,-8.99999393,-0.0596493868,-0.790763851,-0.143744036,-0.810810761
0.00289928,6.59167275e-13,-9.0,-0.772988904,-8.99999393,-0.0591439132,-0.79076196,-0.143921638,-0.810810546
0.00290028,3.90861237e-13,-9.0,-0.772990769,-8.99999393,-0.0586361046,-0.790760085,-0.144098994,-0.810810109
0.00290128,7.36648844e-13,-9.0,-0.773061828,-8.99999393,-0.0581259812,-0.790758228,-0.144276084,-0.810809446
0.00290228,6.71438197e-13,-9.0,-0.773203459,-8.99999393,-0.0576135631,-0.790756388,-0.144452887,-0.810808553
0.00290328,3.65869803e-13,-9.0,-0.773417054,-8.99999393,-0.0570988705,-0.790754565,-0.144629382,-0.810807424
0.00290428,6.89913826e-13,-9.0,-0.773704018,-8.99999393,-0.0565819238,-0.790752761,-0.144805547,-0.810806056
0.00290528,6.82053557e-13,-9.0,-0.774065766,-8.99999393,-0.0560627433,-0.790750974,-0.144981359,-0.810804444
0.00290628,3.46430463e-13,-9.0,-0.774503729,-8.99999393,-0.0555413495,-0.790749206,-0.145156797,-0.810802583
0.00290728,6.40801576e-13,-9.0,-0.775019347,-8.99999393,-0.055017763,-0.790747456,-0.145331837,-0.810800468
0.00290828,6.90342289e-13,-9.0,-0.775614072,-8.99999393,-0.0544920046,-0.790745725,-0.145506457,-0.810798096
0.00290928,3.32595508e-13,-9.0,-0.776289364,-8.99999393,-0.0539640948,-0.790744012,-0.145680632,-0.81079546
0.00291028,5.90078722e-13,-9.0,-0.777046697,-8.99999393,-0.0534340547,-0.790742319,-0.145854339,-0.810792557
0.00291128,6.95692066e-13,-9.0,-0.777887549,-8.99999393,-0.0529019051,-0.790740645,-0.146027553,-0.810789381
0.00291228,3.24285743e-13,-9.0,-0.778813412,-8.99999393,-0.052367667,-0.790738991,-0.146200249,-0.810785928
0.00291328,5.38554303e-13,-9.0,-0.779825781,-8.99999393,-0.0518313616,-0.790737356,-0.146372404,-0.810782193
0.00291428,6.97565339e-13,-9.0,-0.780926162,-8.99999393,-0.0512930099,-0.790735741,-0.14654399,-0.81077817
0.00291528,3.2129367e-13,-9.0,-0.782116062,-8.99999393,-0.0507526332,-0.790734147,-0.146714983,-0.810773856
0.00291628,4.87061565e-13,-9.0,-0.783396999,-8.99999393,-0.050210253,-0.790732573,-0.146885355,-0.810769245
0.00291728,6.9551346e-13,-9.0,-0.784770493,-8.99999394,-0.0496658905,-0.79073102,-0.147055081,-0.810764332
0.00291828,3.23289631e-13,-9.0,-0.786238066,-8.99999394,-0.0491195673,-0.790729487,-0.147224133,-0.810759112
0.00291928,4.36439042e-13,-9.0,-0.787801245,-8.99999394,-0.0485713049,-0.790727976,-0.147392485,-0.81075358
0.00292028,6.8918855e-13,-9.0,-0.789461557,-8.99999394,-0.048021125,-0.790726486,-0.147560108,-0.810747731
0.00292128,3.29830782e-13,-9.0,-0.791220532,-8.99999394,-0.0474690493,-0.790725018,-0.147726974,-0.81074156
0.00292228,3.87511405e-13,-9.0,-0.793079695,-8.99999394,-0.0469150997,-0.790723572,-0.147893055,-0.810735063
0.00292328,6.78352828e-13,-9.0,-0.795040575,-8.99999394,-0.0463592979,-0.790722147,-0.148058323,-0.810728233
0.00292428,3.40372668e-13,-9.0,-0.797104693,-8.99999394,-0.0458016659,-0.790720745,-0.148222747,-0.810721066
0.00292528,3.41070525e-13,-9.0,-0.799273569,-8.99999394,-0.0452422257,-0.790719365,-0.1483863,-0.810713557
0.00292628,6.62885188e-13,-9.0,-0.801548716,-8.99999395,-0.0446809995,-0.790718009,-0.14854895,-0.810705701
0.00292728,3.54283131e-13,-9.0,-0.803931642,-8.99999395,-0.0441180093,-0.790716675,-0.148710668,-0.810697492
0.00292828,2.9785722e-13,-9.0,-0.806423846,-8.99999395,-0.0435532775,-0.790715364,-0.148871424,-0.810688926
0.00292928,6.42784851e-13,-9.0,-0.809026817,-8.99999395,-0.0429868262,-0.790714077,-0.149031186,-0.810679999
0.00293028,3.70858219e-13,-9.0,-0.811742033,-8.99999395,-0.0424186779,-0.790712814,-0.149189924,-0.810670704
0.00293128,2.58544114e-13,-9.0,-0.814570961,-8.99999395,-0.0418488549,-0.790711574,-0.149347606,-0.810661036
0.00293228,6.18172026e-13,-9.0,-0.817515054,-8.99999395,-0.0412773799,-0.790710359,-0.1495042,-0.810650992
0.00293328,3.89339716e-13,-9.0,-0.820575747,-8.99999396,-0.0407042752,-0.790709167,-0.149659675,-0.810640566
0.00293428,2.23720044e-13,-9.0,-0.82375446,-8.99999396,-0.0401295637,-0.790708001,-0.149813999,-0.810629753
0.00293528,5.89285562e-13,-9.0,-0.827052594,-8.99999396,-0.0395532679,-0.790706859,-0.149967138,-0.810618549
0.00293628,4.08933879e-13,-9.0,-0.830471528,-8.99999396,-0.0389754106,-0.790705743,-0.150119061,-0.810606948
0.00293728,1.93876375e-13,-9.0,-0.83401262,-8.99999396,-0.0383960146,-0.790704651,-0.150269733,-0.810594946
0.00293828,5.56477644e-13,-9.0,-0.837677203,-8.99999397,-0.0378151028,-0.790703585,-0.150419123,-0.810582539
0.00293928,4.28830932e-13,-9.0,-0.841466584,-8.99999397,-0.0372326981,-0.790702545,-0.150567196,-0.810569721
0.00294028,1.69395568e-13,-9.0,-0.845382043,-8.99999397,-0.0366488236,-0.790701531,-0.150713919,-0.810556489
0.00294128,5.20205682e-13,-9.0,-0.849424828,-8.99999397,-0.0360635022,-0.790700543,-0.150859257,-0.810542838
0.00294228,4.48224858e-13,-9.0,-0.853596156,-8.99999397,-0.0354767571,-0.790699581,-0.151003178,-0.810528763
0.00294328,1.50542279e-13,-9.0,-0.857897212,-8.99999398,-0.0348886114,-0.790698646,-0.151145646,-0.810514261
0.00294428,4.81021576e-13,-9.0,-0.862329143,-8.99999398,-0.0342990884,-0.790697737,-0.151286628,-0.810499327
0.00294528,4.66333016e-13,-9.0,-0.866893057,-8.99999398,-0.0337082113,-0.790696856,-0.151426088,-0.810483957
0.00294628,1.37457207e-13,-9.0,-0.871590024,-8.99999398,-0.0331160035,-0.790696001,-0.151563993,-0.810468147
0.00294728,4.39558634e-13,-9.0,-0.876421071,-8.99999399,-0.0325224883,-0.790695174,-0.151700307,-0.810451894
0.00294828,4.82415116e-13,-9.0,-0.881387181,-8.99999399,-0.0319276892,-0.790694375,-0.151834996,-0.810435194
0.00294928,1.30153847e-13,-9.0,-0.886489289,-8.99999399,-0.0313316296,-0.790693603,-0.151968025,-0.810418043
0.00295028,3.96516458e-13,-9.0,-0.891728282,-8.99999399,-0.0307343331,-0.79069286,-0.152099359,-0.810400439
0.00295128,4.95791102e-13,-9.0,-0.897104997,-8.999994,-0.0301358233,-0.790692144,-0.152228963,-0.810382376
0.00295228,1.2851823e-13,-9.0,-0.902620217,-8.999994,-0.0295361237,-0.790691457,-0.152356802,-0.810363854
0.00295328,3.52644162e-13,-9.0,-0.908274668,-8.999994,-0.0289352582,-0.790690798,-0.152482841,-0.810344867
0.00295428,5.05857527e-13,-9.0,-0.91406902,-8.99999401,-0.0283332503,-0.790690168,-0.152607045,-0.810325415
0.00295528,1.3231166e-13,-9.0,-0.920003883,-8.99999401,-0.0277301238,-0.790689566,-0.15272938,-0.810305494
0.00295628,3.08722343e-13,-9.0,-0.926079805,-8.99999401,-0.0271259027,-0.790688994,-0.15284981,-0.810285102
0.00295728,5.12102016e-13,-9.0,-0.932297268,-8.99999402,-0.0265206106,-0.790688451,-0.152968302,-0.810264236
0.00295828,1.41176392e-13,-9.0,-0.93865669,-8.99999402,-0.0259142715,-0.790687937,-0.153084819,-0.810242894
0.00295928,2.65544232e-13,-9.0,-0.945158416,-8.99999402,-0.0253069094,-0.790687452,-0.153199329,-0.810221076
0.00296028,5.14115487e-13,-9.0,-0.951802725,-8.99999403,-0.0246985483,-0.790686997,-0.153311797,-0.810198778
0.00296128,1.54644122e-13,-9.0,-0.958589819,-8.99999403,-0.024089212,-0.790686572,-0.153422188,-0.810176
0.00296228,2.23896498e-13,-9.0,-0.965519827,-8.99999403,-0.0234789248,-0.790686176,-0.15353047,-0.810152741
0.00296328,5.11601842e-13,-9.0,-0.972592799,-8.99999404,-0.0228677107,-0.79068581,-0.153636607,-0.810128999
0.00296428,1.72147079e-13,-9.0,-0.979808706,-8.99999404,-0.0222555938,-0.790685475,-0.153740568,-0.810104774
0.00296528,1.84540149e-13,-9.0,-0.987167438,-8.99999404,-0.0216425982,-0.790685169,-0.15384232,-0.810080065
0.00296628,5.04384891e-13,-9.0,-0.994668802,-8.99999405,-0.0210287483,-0.790684894,-0.153941828,-0.810054873
0.00296728,1.93031473e-13,-9.0,-1.00231252,-8.99999405,-0.0204140682,-0.790684649,-0.154039063,-0.810029196
0.00296828,1.48192023e-13,-9.0,-1.01009822,-8.99999406,-0.0197985821,-0.790684434,-0.15413399,-0.810003037
0.00296928,4.9241236e-13,-9.0,-1.01802546,-8.99999406,-0.0191823145,-0.79068425,-0.154226579,-0.809976394
0.00297028,2.1657297e-13,-9.0,-1.02609368,-8.99999406,-0.0185652896,-0.790684096,-0.1543168,-0.80994927
0.00297128,1.15507301e-13,-9.0,-1.03430225,-8.99999407,-0.0179475317,-0.790683973,-0.15440462,-0.809921665
0.00297228,4.7575688e-13,-9.0,-1.04265044,-8.99999407,-0.0173290653,-0.79068388,-0.154490011,-0.809893581
0.00297328,2.41993831e-13,-9.0,-1.05113742,-8.99999408,-0.0167099148,-0.790683818,-0.154572942,-0.80986502
0.00297428,8.70634632e-14,-9.0,-1.05976227,-8.99999408,-0.0160901046,-0.790683787,-0.154653384,-0.809835983
0.00297528,4.5461395e-13,-9.0,-1.06852396,-8.99999409,-0.0154696592,-0.790683787,-0.15473131,-0.809806473
0.00297628,2.68481308e-13,-9.0,-1.07742139,-8.99999409,-0.0148486031,-0.790683817,-0.154806691,-0.809776493
0.00297728,6.33461003e-14,-9.0,-1.08645333,-8.9999941,-0.0142269607,-0.790683878,-0.1548795,-0.809746046
0.00297828,4.29296912e-13,-9.0,-1.09561846,-8.9999941,-0.0136047568,-0.79068397,-0.154949711,-0.809715135
0.00297928,2.95206854e-13,-9.0,-1.10491536,-8.99999411,-0.0129820157,-0.790684092,-0.155017297,-0.809683764
0.00298028,4.47369015e-14,-9.0,-1.11434251,-8.99999411,-0.0123587621,-0.790684245,-0.155082234,-0.809651938
0.00298128,4.00229083e-13,-9.0,-1.12389828,-8.99999412,-0.0117350206,-0.790684429,-0.155144497,-0.809619659
0.00298228,3.21345702e-13,-9.0,-1.13358095,-8.99999412,-0.0111108159,-0.790684643,-0.155204062,-0.809586934
0.00298328,3.15041278e-14,-9.0,-1.14338869,-8.99999413,-0.0104861725,-0.790684888,-0.155260908,-0.809553767
0.00298428,3.67933218e-13,-9.0,-1.15331955,-8.99999413,-0.00986111512,-0.790685163,-0.155315011,-0.809520163
0.00298528,3.4609633e-13,-9.0,-1.16337152,-8.99999414,-0.00923566845,-0.790685469,-0.15536635,-0.809486129
0.00298628,2.37957967e-14,-9.0,-1.17354244,-8.99999414,-0.00860985717,-0.790685804,-0.155414906,-0.809451671
0.00298728,3.33018573e-13,-9.0,-1.18383008,-8.99999415,-0.00798370599,-0.790686171,-0.155460659,-0.809416794
0.00298828,3.68699358e-13,-9.0,-1.1942321,-8.99999415,-0.00735723963,-0.790686567,-0.15550359,-0.809381506
0.00298928,2.16357475e-14,-9.0,-1.20474604,-8.99999416,-0.00673048282,-0.790686993,-0.155543682,-0.809345815
0.00299028,2.96165879e-13,-9.0,-1.21536938,-8.99999416,-0.00610346029,-0.790687449,-0.155580919,-0.809309726
0.00299128,3.88455426e-13,-9.0,-1.22609946,-8.99999417,-0.00547619682,-0.790687935,-0.155615284,-0.809273249
0.00299228,2.4922685e-14,-9.0,-1.23693356,-8.99999417,-0.00484871715,-0.79068845,-0.155646764,-0.809236392
0.00299328,2.5811059e-13,-9.0,-1.24786883,-8.99999418,-0.00422104606,-0.790688995,-0.155675344,-0.809199163
0.00299428,4.0474162e-13,-9.0,-1.25890235,-8.99999418,-0.00359320834,-0.790689569,-0.155701013,-0.809161571
0.00299528,3.3432227e-14,-9.0,-1.2700311,-8.99999419,-0.00296522876,-0.790690172,-0.155723758,-0.809123625
0.00299628,2.19624815e-13,-9.0,-1.28125197,-8.9999942,-0.00233713212,-0.790690804,-0.15574357,-0.809085335
0.00299728,4.17026059e-13,-9.0,-1.29256175,-8.9999942,-0.00170894321,-0.790691464,-0.155760439,-0.80904671
0.00299828,4.68219099e-14,-9.0,-1.30395717,-8.99999421,-0.00108068684,-0.790692153,-0.155774357,-0.809007762
0.00299928,1.81498361e-13,-9.0,-1.31543485,-8.99999421,-0.000452387799,-0.790692871,-0.155785316,-0.8089685
0.00300028,4.24880293e-13,-9.0,-1.32699135,-8.99999422,0.000175929098,-0.790693616,-0.155793312,-0.808928936
0.00300128,6.46390332e-14,-9.0,-1.33862314,-8.99999422,0.000804239049,-0.79069439,-0.155798339,-0.80888908
0.00300228,1.44519361e-13,-9.0,-1.35032662,-8.99999423,0.00143251725,-0.79069519,-0.155800393,-0.808848945
0.00300328,4.2798922e-13,-9.0,-1.36209812,-8.99999424,0.0020607389,-0.790696019,-0.155799472,-0.808808541
0.00300428,8.63311581e-14,-9.0,-1.37393389,-8.99999424,0.00268887919,-0.790696874,-0.155795574,-0.80876788
0.00300528,1.09454939e-13,-9.0,-1.38583014,-8.99999425,0.00331691333,-0.790697756,-0.1557887,-0.808726976
0.00300628,4.26158276e-13,-9.0,-1.39778298,-8.99999425,0.00394481653,-0.790698665,-0.15577885,-0.808685841
0.00300728,1.11259009e-13,-9.0,-1.40978851,-8.99999426,0.00457256399,-0.7906996,-0.155766027,-0.808644486
0.00300828,7.70323884e-14,-9.0,-1.42184273,-8.99999427,0.00520013093,-0.79070056,-0.155750233,-0.808602927
0.00300928,4.19317736e-13,-9.0,-1.43394163,-8.99999427,0.00582749259,-0.790701547,-0.155731473,-0.808561175
0.00301028,1.38711466e-13,-9.0,-1.44608113,-8.99999428,0.00645462418,-0.790702559,-0.155709753,-0.808519244
0.00301128,4.79213157e-14,-9.0,-1.45825712,-8.99999429,0.00708150095,-0.790703596,-0.155685079,-0.808477148
0.00301228,4.07524022e-13,-9.0,-1.47046543,-8.99999429,0.00770809816,-0.790704658,-0.15565746,-0.8084349
0.00301328,1.67922299e-13,-9.0,-1.48270189,-8.9999943,0.00833439107,-0.790705744,-0.155626904,-0.808392515
0.00301428,2.27171757e-14,-9.0,-1.49496229,-8.9999943,0.00896035495,-0.790706854,-0.155593421,-0.808350007
0.00301528,3.90957988e-13,-9.0,-1.50724238,-8.99999431,0.00958596509,-0.790707989,-0.155557023,-0.808307391
0.00301628,1.98088229e-13,-9.0,-1.51953792,-8.99999432,0.0102111968,-0.790709146,-0.155517723,-0.80826468
0.00301728,1.92660301e-15,-9.0,-1.53184462,-8.99999432,0.0108360254,-0.790710327,-0.155475533,-0.808221889
0.00301828,3.69920215e-13,-9.0,-1.5441582,-8.99999433,0.0114604262,-0.790711531,-0.155430468,-0.808179033
0.00301928,2.28387894e-13,-9.0,-1.55647438,-8.99999433,0.0120843745,-0.790712757,-0.155382544,-0.808136127
0.00302028,-1.40451129e-14,-9.0,-1.56878887,-8.99999434,0.0127078458,-0.790714005,-0.155331778,-0.808093186
0.00302128,3.44823452e-13,-9.0,-1.58109739,-8.99999435,0.0133308154,-0.790715274,-0.155278187,-0.808050223
0.00302228,2.5800126e-13,-9.0,-1.59339565,-8.99999435,0.0139532587,-0.790716566,-0.155221789,-0.808007256
0.00302328,-2.49041043e-14,-9.0,-1.60567939,-8.99999436,0.0145751512,-0.790717878,-0.155162605,-0.807964297
0.00302428,3.16182356e-13,-9.0,-1.61794437,-8.99999436,0.0151964683,-0.790719211,-0.155100656,-0.807921363
0.00302528,2.86129013e-13,-9.0,-1.63018635,-8.99999437,0.0158171854,-0.790720564,-0.155035963,-0.807878468
0.00302628,-3.04753108e-14,-9.0,-1.64240115,-8.99999438,0.0164372781,-0.790721937,-0.154968548,-0.807835627
0.00302728,2.84600809e-13,-9.0,-1.6545846,-8.99999438,0.0170567219,-0.79072333,-0.154898434,-0.807792855
0.00302828,3.1201146e-13,-9.0,-1.66673255,-8.99999439,0.0176754923,-0.790724742,-0.154825647,-0.807750167
0.00302928,-3.07069975e-14,-9.0,-1.67884092,-8.99999439,0.0182935649,-0.790726173,-0.154750212,-0.807707578
0.00303028,2.50757089e-13,-9.0,-1.69090566,-8.9999944,0.0189109154,-0.790727622,-0.154672154,-0.807665102
0.00303128,3.34946496e-13,-9.0,-1.70292277,-8.99999441,0.0195275192,-0.79072909,-0.1545915,-0.807622753
0.00303228,-2.56722937e-14,-9.0,-1.71488829,-8.99999441,0.0201433522,-0.790730575,-0.154508277,-0.807580547
0.00303328,2.15387277e-13,-9.0,-1.72679834,-8.99999442,0.0207583899,-0.790732078,-0.154422514,-0.807538497
0.00303428,3.54306196e-13,-9.0,-1.73864907,-8.99999442,0.0213726081,-0.790733598,-0.154334241,-0.807496618
0.00303528,-1.55677186e-14,-9.0,-1.7504367,-8.99999443,0.0219859825,-0.790735135,-0.154243486,-0.807454924
0.00303628,1.79267276e-13,-9.0,-1.76215754,-8.99999444,0.022598489,-0.790736688,-0.154150279,-0.807413428
0.00303728,3.69551639e-13,-9.0,-1.77380795,-8.99999444,0.0232101034,-0.790738257,-0.154054653,-0.807372145
0.00303828,-7.08726379e-16,-9.0,-1.78538436,-8.99999445,0.0238208014,-0.790739842,-0.153956637,-0.807331086
0.00303928,1.43193894e-13,-9.0,-1.79688327,-8.99999445,0.024430559,-0.790741442,-0.153856265,-0.807290267
0.00304028,3.80245599e-13,-9.0,-1.80830128,-8.99999446,0.0250393522,-0.790743057,-0.153753569,-0.807249699
0.00304128,1.84776211e-14,-9.0,-1.81963506,-8.99999446,0.0256471568,-0.790744687,-0.153648582,-0.807209396
0.00304228,1.07965434e-13,-9.0,-1.83088136,-8.99999447,0.026253949,-0.790746331,-0.153541337,-0.807169369
0.00304328,3.86062813e-13,-9.0,-1.84203702,-8.99999448,0.0268597047,-0.790747989,-0.153431868,-0.807129632
0.00304428,4.14626773e-14,-9.0,-1.85309896,-8.99999448,0.0274644,-0.790749661,-0.153320211,-0.807090195
0.00304528,7.43622585e-14,-9.0,-1.8640642,-8.99999449,0.028068011,-0.790751346,-0.153206398,-0.807051072
0.00304628,3.86797562e-13,-9.0,-1.87492985,-8.99999449,0.028670514,-0.790753044,-0.153090466,-0.807012272
0.00304728,6.76286892e-14,-9.0,-1.88569312,-8.9999945,0.0292718851,-0.790754755,-0.152972451,-0.806973808
0.00304828,4.31278059e-14,-9.0,-1.89635129,-8.9999945,0.0298721006,-0.790756479,-0.152852386,-0.806935689
0.00304928,3.82368397e-13,-9.0,-1.90690175,-8.99999451,0.0304711369,-0.790758214,-0.152730309,-0.806897927
0.00305028,9.62834308e-14,-9.0,-1.91734201,-8.99999451,0.0310689701,-0.790759962,-0.152606256,-0.806860531
0.00305128,1.49504974e-14,-9.0,-1.92766965,-8.99999452,0.0316655768,-0.790761721,-0.152480262,-0.806823512
0.00305228,3.72819884e-13,-9.0,-1.93788235,-8.99999452,0.0322609335,-0.790763491,-0.152352364,-0.806786878
0.00305328,1.26676639e-13,-9.0,-1.9479779,-8.99999453,0.0328550165,-0.790765273,-0.1522226,-0.806750639
0.00305428,-9.55301459e-15,-9.0,-1.95795419,-8.99999453,0.0334478024,-0.790767065,-0.152091004,-0.806714804
0.00305528,3.58321333e-13,-9.0,-1.9678092,-8.99999454,0.0340392679,-0.790768868,-0.151957615,-0.806679381
0.00305628,1.58017857e-13,-9.0,-1.97754103,-8.99999454,0.0346293896,-0.790770681,-0.15182247,-0.806644378
0.00305728,-2.98528632e-14,-9.0,-1.98714786,-8.99999455,0.0352181441,-0.790772504,-0.151685604,-0.806609803
0.00305828,3.39162545e-13,-9.0,-1.99662798,-8.99999455,0.0358055084,-0.790774336,-0.151547055,-0.806575663
0.00305928,1.89495254e-13,-9.0,-2.00597977,-8.99999456,0.036391459,-0.790776178,-0.151406859,-0.806541965
0.00306028,-4.55188849e-14,-9.0,-2.01520174,-8.99999456,0.036975973,-0.79077803,-0.151265054,-0.806508716
0.00306128,3.15746666e-13,-9.0,-2.02429245,-8.99999456,0.0375590273,-0.79077989,-0.151121676,-0.806475923
0.00306228,2.20294977e-13,-9.0,-2.03325061,-8.99999457,0.0381405988,-0.790781759,-0.150976762,-0.806443591
0.00306328,-5.62311296e-14,-9.0,-2.04207499,-8.99999457,0.0387206645,-0.790783637,-0.150830347,-0.806411725
0.00306428,2.8858033e-13,-9.0,-2.05076446,-8.99999458,0.0392992017,-0.790785524,-0.15068247,-0.806380332
0.00306528,2.49620549e-13,-9.0,-2.05931802,-8.99999458,0.0398761873,-0.790787418,-0.150533165,-0.806349416
0.00306628,-6.17877102e-14,-9.0,-2.06773472,-8.99999458,0.0404515988,-0.790789321,-0.15038247,-0.806318981
0.00306728,2.58261329e-13,-9.0,-2.07601372,-8.99999459,0.0410254132,-0.790791231,-0.150230419,-0.806289031
0.00306828,2.76711874e-13,-9.0,-2.0841543,-8.99999459,0.0415976081,-0.790793149,-0.150077048,-0.806259572
0.00306928,-6.21098026e-14,-9.0,-2.09215577,-8.9999946,0.0421681607,-0.790795075,-0.149922394,-0.806230605
0.00307028,2.25464091e-13,-9.0,-2.10001759,-8.9999946,0.0427370487,-0.790797007,-0.14976649,-0.806202134
0.00307128,3.00863371e-13,-9.0,-2.10773927,-8.9999946,0.0433042494,-0.790798947,-0.149609373,-0.806174163
0.00307228,-5.72436777e-14,-9.0,-2.11532041,-8.99999461,0.0438697406,-0.790800894,-0.149451076,-0.806146692
0.00307328,1.90923338e-13,-9.0,-2.12276072,-8.99999461,0.0444334998,-0.790802848,-0.149291634,-0.806119726
0.00307428,3.21440802e-13,-9.0,-2.13005995,-8.99999461,0.0449955049,-0.790804808,-0.149131081,-0.806093265
0.00307528,-4.73597165e-14,-9.0,-2.13721796,-8.99999462,0.0455557337,-0.790806775,-0.148969452,-0.806067311
0.00307628,1.55416294e-13,-9.0,-2.14423468,-8.99999462,0.046114164,-0.790808749,-0.148806779,-0.806041866
0.00307728,3.37896405e-13,-9.0,-2.15111013,-8.99999462,0.0466707738,-0.790810728,-0.148643095,-0.806016929
0.00307828,-3.27484312e-14,-9.0,-2.15784437,-8.99999463,0.0472255411,-0.790812714,-0.148478434,-0.805992503
0.00307928,1.19743885e-13,-9.0,-2.16443757,-8.99999463,0.047778444,-0.790814706,-0.148312827,-0.805968587
0.00308028,3.4978195e-13,-9.0,-2.17088994,-8.99999463,0.0483294607,-0.790816703,-0.148146308,-0.805945181
0.00308128,-1.38135908e-14,-9.0,-2.17720179,-8.99999464,0.0488785694,-0.790818707,-0.147978907,-0.805922285
0.00308228,8.47113755e-14,-9.0,-2.18337346,-8.99999464,0.0494257485,-0.790820716,-0.147810657,-0.805899898
0.00308328,3.56759409e-13,-9.0,-2.18940539,-8.99999464,0.0499709764,-0.790822731,-0.147641587,-0.805878021
0.00308428,8.93738587e-15,-9.0,-2.19529806,-8.99999465,0.0505142315,-0.790824751,-0.147471729,-0.805856651
0.00308528,5.11089125e-14,-9.0,-2.201052,-8.99999465,0.0510554924,-0.790826777,-0.147301113,-0.805835788
0.00308628,3.58608988e-13,-9.0,-2.20666784,-8.99999465,0.0515947377,-0.790828808,-0.147129768,-0.80581543
0.00308728,3.49055357e-14,-9.0,-2.21214621,-8.99999465,0.0521319461,-0.790830844,-0.146957724,-0.805795575
0.00308828,1.96924346e-14,-9.0,-2.21748785,-8.99999466,0.0526670964,-0.790832885,-0.14678501,-0.805776222
0.00308928,3.55234326e-13,-9.0,-2.22269351,-8.99999466,0.0532001675,-0.790834932,-0.146611655,-0.805757368
0.00309028,6.3414666e-14,-9.0,-2.227764,-8.99999466,0.0537311384,-0.790836983,-0.146437686,-0.805739011
0.00309128,-8.83458391e-15,-9.0,-2.23270019,-8.99999466,0.0542599881,-0.79083904,-0.146263132,-0.805721148
0.00309228,3.46664726e-13,-9.0,-2.23750298,-8.99999467,0.0547866957,-0.790841101,-0.14608802,-0.805703776
0.00309328,9.37275329e-14,-9.0,-2.24217333,-8.99999467,0.0553112404,-0.790843167,-0.145912376,-0.805686893
0.00309428,-3.3838123e-14,-9.0,-2.24671222,-8.99999467,0.0558336015,-0.790845238,-0.145736227,-0.805670496
0.00309528,3.33054379e-13,-9.0,-2.25112069,-8.99999467,0.0563537583,-0.790847314,-0.1455596,-0.80565458
0.00309628,1.25063494e-13,-9.0,-2.2553998,-8.99999467,0.0568716905,-0.790849394,-0.14538252,-0.805639143
0.00309728,-5.47689301e-14,-9.0,-2.25955066,-8.99999468,0.0573873774,-0.790851479,-0.145205011,-0.805624181
0.00309828,3.1467859e-13,-9.0,-2.26357441,-8.99999468,0.0579007988,-0.790853568,-0.1450271,-0.80560969
0.00309928,1.5661721e-13,-9.0,-2.26747222,-8.99999468,0.0584119343,-0.790855662,-0.14484881,-0.805595666
0.00310028,-7.11757892e-14,-9.0,-2.27124528,-8.99999468,0.0589207639,-0.790857761,-0.144670165,-0.805582105
0.00310128,2.91927093e-13,-9.0,-2.27489484,-8.99999468,0.0594272674,-0.790859864,-0.144491189,-0.805569003
0.00310228,1.87577948e-13,-9.0,-2.27842213,-8.99999468,0.0599314247,-0.790861971,-0.144311905,-0.805556356
0.00310328,-8.27164268e-14,-9.0,-2.28182843,-8.99999469,0.0604332161,-0.790864083,-0.144132335,-0.805544159
0.00310428,2.65294628e-13,-9.0,-2.28511507,-8.99999469,0.0609326217,-0.790866199,-0.143952503,-0.805532407
0.00310528,2.17149019e-13,-9.0,-2.28828334,-8.99999469,0.0614296218,-0.790868319,-0.143772429,-0.805521096
0.00310628,-8.91657939e-14,-9.0,-2.29133461,-8.99999469,0.0619241967,-0.790870444,-0.143592136,-0.805510222
0.00310728,2.35368996e-13,-9.0,-2.29427022,-8.99999469,0.062416327,-0.790872573,-0.143411644,-0.805499779
0.00310828,2.4456688e-13,-9.0,-2.29709157,-8.99999469,0.0629059932,-0.790874706,-0.143230973,-0.805489762
0.00310928,-9.04215237e-14,-9.0,-2.29980003,-8.99999469,0.0633931759,-0.790876844,-0.143050146,-0.805480166
0.00311028,2.02816881e-13,-9.0,-2.30239703,-8.99999469,0.063877856,-0.790878986,-0.14286918,-0.805470987
0.00311128,2.69119451e-13,-9.0,-2.30488398,-8.9999947,0.0643600143,-0.790881131,-0.142688096,-0.805462219
0.00311228,-8.65064356e-14,-9.0,-2.30726231,-8.9999947,0.0648396318,-0.790883281,-0.142506913,-0.805453857
0.00311328,1.68367776e-13,-9.0,-2.30953346,-8.9999947,0.0653166896,-0.790885436,-0.142325649,-0.805445896
0.00311428,2.90163193e-13,-9.0,-2.31169889,-8.9999947,0.0657911687,-0.790887594,-0.142144323,-0.80543833
0.00311528,-7.75680243e-14,-9.0,-2.31376004,-8.9999947,0.0662630506,-0.790889756,-0.141962952,-0.805431155
0.00311628,1.32796415e-13,-9.0,-2.31571838,-8.9999947,0.0667323164,-0.790891923,-0.141781555,-0.805424364
0.00311728,3.07138545e-13,-9.0,-2.31757537,-8.9999947,0.0671989478,-0.790894094,-0.141600148,-0.805417952
0.00311828,-6.38749481e-14,-9.0,-2.3193325,-8.9999947,0.0676629263,-0.790896268,-0.141418749,-0.805411914
0.00311928,9.69041087e-14,-9.0,-2.32099122,-8.9999947,0.0681242336,-0.790898447,-0.141237373,-0.805406245
0.00312028,3.19583344e-13,-9.0,-2.32255302,-8.9999947,0.0685828514,-0.79090063,-0.141056038,-0.805400939
0.00312128,-4.58105991e-14,-9.0,-2.32401936,-8.9999947,0.0690387618,-0.790902817,-0.140874758,-0.80539599
0.00312228,6.14994546e-14,-9.0,-2.32539173,-8.9999947,0.0694919466,-0.790905008,-0.140693549,-0.805391393
0.00312328,3.27143916e-13,-9.0,-2.3266716,-8.99999471,0.0699423879,-0.790907203,-0.140512426,-0.805387142
0.00312428,-2.3863912e-14,-9.0,-2.32786044,-8.99999471,0.0703900681,-0.790909402,-0.140331404,-0.805383233
0.00312528,2.73788689e-14,-9.0,-2.32895972,-8.99999471,0.0708349693,-0.790911605,-0.140150497,-0.805379659
0.00312628,3.29583544e-13,-9.0,-2.32997089,-8.99999471,0.0712770742,-0.790913812,-0.13996972,-0.805376414
0.00312728,1.38236822e-15,-9.0,-2.33089543,-8.99999471,0.0717163651,-0.790916024,-0.139789086,-0.805373494
0.00312828,-4.69258138e-15,-9.0,-2.33173478,-8.99999471,0.0721528248,-0.790918239,-0.139608609,-0.805370893
0.00312928,3.26788151e-13,-9.0,-2.33249039,-8.99999471,0.072586436,-0.790920458,-0.139428301,-0.805368606
0.00313028,2.92656775e-14,-9.0,-2.33316371,-8.99999471,0.0730171817,-0.790922681,-0.139248176,-0.805366626
0.00313128,-3.39995902e-14,-9.0,-2.33375615,-8.99999471,0.0734450447,-0.790924908,-0.139068246,-0.805364949
0.00313228,3.18769017e-13,-9.0,-2.33426917,-8.99999471,0.0738700083,-0.790927139,-0.138888524,-0.805363569
0.00313328,5.90595459e-14,-9.0,-2.33470415,-8.99999471,0.0742920556,-0.790929374,-0.138709021,-0.805362481
0.00313428,-5.98938257e-14,-9.0,-2.33506252,-8.99999471,0.07471117,-0.790931613,-0.138529748,-0.80536168
0.00313528,3.05662494e-13,-9.0,-2.33534568,-8.99999471,0.0751273349,-0.790933856,-0.138350718,-0.805361159
0.00313628,8.99910496e-14,-9.0,-2.335555,-8.99999471,0.0755405339,-0.790936102,-0.138171941,-0.805360915
0.00313728,-8.18095298e-14,-9.0,-2.33569186,-8.99999471,0.0759507507,-0.790938353,-0.137993429,-0.805360941
0.00313828,2.87726722e-13,-9.0,-2.33575763,-8.99999471,0.0763579691,-0.790940608,-0.137815191,-0.805361232
0.00313928,1.21259384e-13,-9.0,-2.33575367,-8.99999471,0.076762173,-0.790942866,-0.137637238,-0.805361783
0.00314028,-9.927713e-14,-9.0,-2.33568131,-8.99999471,0.0771633465,-0.790945129,-0.13745958,-0.80536259
0.00314128,2.65335407e-13,-9.0,-2.33554187,-8.99999471,0.0775614737,-0.790947395,-0.137282227,-0.805363646
0.00314228,1.52055106e-13,-9.0,-2.33533669,-8.99999471,0.0779565389,-0.790949665,-0.137105188,-0.805364948
0.00314328,-1.11952809e-13,-9.0,-2.33506706,-8.99999471,0.0783485265,-0.790951939,-0.136928472,-0.805366489
0.00314428,2.38935645e-13,-9.0,-2.33473426,-8.99999471,0.078737421,-0.790954217,-0.136752089,-0.805368266
0.00314528,1.81553827e-13,-9.0,-2.33433959,-8.99999471,0.0791232071,-0.790956499,-0.136576048,-0.805370273
0.00314628,-1.19574856e-13,-9.0,-2.33388429,-8.99999471,0.0795058696,-0.790958784,-0.136400356,-0.805372505
0.00314728,2.09148266e-13,-9.0,-2.33336961,-8.99999471,0.0798853933,-0.790961073,-0.136225022,-0.805374957
0.00314828,2.09019084e-13,-9.0,-2.33279679,-8.99999471,0.0802617633,-0.790963366,-0.136050055,-0.805377625
0.00314928,-1.22011961e-13,-9.0,-2.33216706,-8.9999947,0.0806349647,-0.790965663,-0.135875462,-0.805380505
0.00315028,1.76622399e-13,-9.0,-2.3314816,-8.9999947,0.0810049828,-0.790967964,-0.135701251,-0.80538359
0.00315128,2.33728688e-13,-9.0,-2.33074161,-8.9999947,0.0813718029,-0.790970268,-0.135527429,-0.805386878
0.00315228,-1.19266351e-13,-9.0,-2.32994827,-8.9999947,0.0817354106,-0.790972576,-0.135354004,-0.805390363
0.00315328,1.42079121e-13,-9.0,-2.32910273,-8.9999947,0.0820957915,-0.790974888,-0.135180982,-0.805394041
0.00315428,2.55027556e-13,-9.0,-2.32820615,-8.9999947,0.0824529314,-0.790977203,-0.135008371,-0.805397908
0.00315528,-1.11465153e-13,-9.0,-2.32725964,-8.9999947,0.0828068163,-0.790979522,-0.134836177,-0.805401958
0.00315628,1.06287698e-13,-9.0,-2.32626432,-8.9999947,0.083157432,-0.790981845,-0.134664407,-0.805406189
0.00315728,2.72342277e-13,-9.0,-2.32522129,-8.9999947,0.0835047648,-0.790984171,-0.134493066,-0.805410595
0.00315828,-9.8857382e-14,-9.0,-2.32413163,-8.9999947,0.0838488011,-0.790986501,-0.134322162,-0.805415173
0.00315928,7.00470523e-14,-9.0,-2.32299641,-8.9999947,0.0841895271,-0.790988834,-0.134151699,-0.805419918
0.00316028,2.85194871e-13,-9.0,-2.32181668,-8.9999947,0.0845269294,-0.790991171,-0.133981684,-0.805424827
0.00316128,-8.18079816e-14,-9.0,-2.32059347,-8.9999947,0.0848609948,-0.790993511,-0.133812123,-0.805429895
0.00316228,3.41665265e-14,-9.0,-2.31932781,-8.9999947,0.08519171,-0.790995855,-0.13364302,-0.805435118
0.00316328,2.93214244e-13,-9.0,-2.3180207,-8.9999947,0.085519062,-0.790998202,-0.133474381,-0.805440494
0.00316428,-6.07890781e-14,-9.0,-2.31667313,-8.9999947,0.0858430378,-0.791000553,-0.13330621,-0.805446017
0.00316528,-5.5359582e-16,-9.0,-2.31528607,-8.9999947,0.0861636247,-0.791002907,-0.133138514,-0.805451684
0.00316628,2.96145098e-13,-9.0,-2.31386049,-8.99999469,0.08648081,-0.791005265,-0.132971297,-0.805457491
0.00316728,-3.63686455e-14,-9.0,-2.31239732,-8.99999469,0.0867945812,-0.791007626,-0.132804563,-0.805463435
0.00316828,-3.33413476e-14,-9.0,-2.31089749,-8.99999469,0.0871049259,-0.79100999,-0.132638316,-0.805469512
0.00316928,2.9385405e-13,-9.0,-2.30936192,-8.99999469,0.0874118318,-0.791012357,-0.132472562,-0.805475719
0.00317028,-9.19686305e-15,-9.0,-2.3077915,-8.99999469,0.0877152869,-0.791014728,-0.132307304,-0.805482053
0.00317128,-6.34716481e-14,-9.0,-2.30618711,-8.99999469,0.0880152791,-0.791017101,-0.132142547,-0.805488509
0.00317228,2.86332832e-13,-9.0,-2.30454963,-8.99999469,0.0883117966,-0.791019478,-0.131978294,-0.805495085
0.00317328,2.00095093e-14,-9.0,-2.30287991,-8.99999469,0.0886048277,-0.791021859,-0.131814549,-0.805501777
0.00317428,-9.0283742e-14,-9.0,-2.30117877,-8.99999469,0.0888943609,-0.791024242,-0.131651315,-0.805508582
0.00317528,2.73698486e-13,-9.0,-2.29944705,-8.99999469,0.0891803847,-0.791026628,-0.131488598,-0.805515496
0.00317628,5.04843591e-14,-9.0,-2.29768556,-8.99999469,0.0894628877,-0.791029017,-0.131326398,-0.805522518
0.00317728,-1.13197087e-13,-9.0,-2.29589509,-8.99999468,0.089741859,-0.791031409,-0.131164721,-0.805529644
0.00317828,2.56190546e-13,-9.0,-2.29407641,-8.99999468,0.0900172874,-0.791033804,-0.13100357,-0.80553687
0.00317928,8.14306409e-14,-9.0,-2.2922303,-8.99999468,0.090289162,-0.791036202,-0.130842946,-0.805544194
0.00318028,-1.31725311e-13,-9.0,-2.2903575,-8.99999468,0.0905574722,-0.791038603,-0.130682854,-0.805551614
0.00318128,2.34165282e-13,-9.0,-2.28845875,-8.99999468,0.0908222073,-0.791041007,-0.130523295,-0.805559125
0.00318228,1.12039541e-13,-9.0,-2.28653479,-8.99999468,0.0910833569,-0.791043413,-0.130364274,-0.805566726
0.00318328,-1.45487901e-13,-9.0,-2.28458631,-8.99999468,0.0913409108,-0.791045822,-0.130205792,-0.805574413
0.00318428,2.08087139e-13,-9.0,-2.28261401,-8.99999468,0.0915948586,-0.791048234,-0.130047852,-0.805582185
0.00318528,1.41509929e-13,-9.0,-2.28061858,-8.99999468,0.0918451904,-0.791050649,-0.129890457,-0.805590038
0.00318628,-1.54219347e-13,-9.0,-2.27860069,-8.99999468,0.0920918963,-0.791053066,-0.129733608,-0.80559797
0.00318728,1.78517581e-13,-9.0,-2.276561,-8.99999467,0.0923349666,-0.791055485,-0.129577309,-0.805605978
0.00318828,1.69067625e-13,-9.0,-2.27450015,-8.99999467,0.0925743917,-0.791057907,-0.12942156,-0.80561406
0.00318928,-1.57775514e-13,-9.0,-2.27241877,-8.99999467,0.0928101621,-0.791060331,-0.129266365,-0.805622214
0.00319028,1.46101595e-13,-9.0,-2.27031748,-8.99999467,0.0930422685,-0.791062758,-0.129111725,-0.805630437
0.00319128,1.93984024e-13,-9.0,-2.26819689,-8.99999467,0.0932707018,-0.791065187,-0.128957642,-0.805638727
0.00319228,-1.56137101e-13,-9.0,-2.2660576,-8.99999467,0.0934954529,-0.791067619,-0.128804119,-0.805647081
0.00319328,1.11552199e-13,-9.0,-2.26390018,-8.99999467,0.0937165129,-0.791070052,-0.128651155,-0.805655498
0.00319428,2.15593624e-13,-9.0,-2.26172521,-8.99999467,0.0939338732,-0.791072488,-0.128498754,-0.805663975
0.00319528,-1.49410091e-13,-9.0,-2.25953325,-8.99999467,0.0941475251,-0.791074926,-0.128346917,-0.805672511
0.00319628,7.56333124e-14,-9.0,-2.25732485,-8.99999466,0.0943574603,-0.791077366,-0.128195646,-0.805681102
0.00319728,2.33310036e-13,-9.0,-2.25510053,-8.99999466,0.0945636704,-0.791079808,-0.128044941,-0.805689747
0.00319828,-1.37823188e-13,-9.0,-2.25286083,-8.99999466,0.0947661473,-0.791082252,-0.127894804,-0.805698445
0.00319928,3.91414e-14,-9.0,-2.25060626,-8.99999466,0.0949648829,-0.791084697,-0.127745236,-0.805707192
0.00320028,2.46640098e-13,-9.0,-2.24833733,-8.99999466,0.0951598695,-0.791087145,-0.12759624,-0.805715988
0.00320128,-1.2172231e-13,-9.0,-2.24605452,-8.99999466,0.0953510994,-0.791089594,-0.127447815,-0.80572483
0.00320228,2.8863409e-15,-9.0,-2.24375832,-8.99999466,0.095538565,-0.791092045,-0.127299962,-0.805733717
0.00320328,2.5519575e-13,-9.0,-2.2414492,-8.99999466,0.0957222588,-0.791094498,-0.127152684,-0.805742647
0.00320428,-1.01562251e-13,-9.0,-2.23912762,-8.99999465,0.0959021737,-0.791096952,-0.12700598,-0.805751617
0.00320528,-3.23280277e-14,-9.0,-2.23679403,-8.99999465,0.0960783026,-0.791099408,-0.126859852,-0.805760627
0.00320628,2.58703373e-13,-9.0,-2.23444888,-8.99999465,0.0962506385,-0.791101866,-0.126714301,-0.805769675
0.00320728,-7.78957315e-14,-9.0,-2.2320926,-8.99999465,0.0964191745,-0.791104324,-0.126569327,-0.805778758
0.00320828,-6.57232196e-14,-9.0,-2.2297256,-8.99999465,0.0965839041,-0.791106784,-0.126424931,-0.805787877
0.00320928,2.5701039e-13,-9.0,-2.2273483,-8.99999465,0.0967448207,-0.791109246,-0.126281113,-0.805797028
0.00321028,-5.13600955e-14,-9.0,-2.22496111,-8.99999465,0.096901918,-0.791111708,-0.126137875,-0.805806211
0.00321128,-9.65647987e-14,-9.0,-2.22256442,-8.99999465,0.0970551898,-0.791114172,-0.125995217,-0.805815423
0.00321228,2.50088951e-13,-9.0,-2.22015861,-8.99999464,0.09720463,-0.791116637,-0.125853139,-0.805824665
0.00321328,-2.26619666e-14,-9.0,-2.21774407,-8.99999464,0.0973502327,-0.791119103,-0.125711641,-0.805833933
0.00321428,-1.24180018e-13,-9.0,-2.21532115,-8.99999464,0.0974919922,-0.79112157,-0.125570725,-0.805843227
0.00321528,2.38036618e-13,-9.0,-2.21289022,-8.99999464,0.0976299029,-0.791124037,-0.125430391,-0.805852546
0.00321628,7.43975826e-15,-9.0,-2.21045164,-8.99999464,0.0977639593,-0.791126506,-0.125290639,-0.805861888
0.00321728,-1.47973974e-13,-9.0,-2.20800573,-8.99999464,0.0978941562,-0.791128975,-0.125151468,-0.805871252
0.00321828,2.21074043e-13,-9.0,-2.20555285,-8.99999464,0.0980204884,-0.791131445,-0.125012881,-0.805880636
0.00321928,3.81521741e-14,-9.0,-2.20309331,-8.99999464,0.0981429509,-0.791133916,-0.124874875,-0.80589004
0.00322028,-1.67443891e-13,-9.0,-2.20062744,-8.99999463,0.0982615389,-0.791136387,-0.124737453,-0.805899462
0.00322128,1.99539681e-13,-9.0,-2.19815555,-8.99999463,0.0983762477,-0.791138858,-0.124600614,-0.805908901
0.00322228,6.86674506e-14,-9.0,-2.19567794,-8.99999463,0.0984870727,-0.79114133,-0.124464357,-0.805918356
0.00322328,-1.82191189e-13,-9.0,-2.19319491,-8.99999463,0.0985940097,-0.791143803,-0.124328684,-0.805927826
0.00322428,1.7388167e-13,-9.0,-2.19070675,-8.99999463,0.0986970543,-0.791146276,-0.124193593,-0.80593731
0.00322528,9.81822741e-14,-9.0,-2.18821374,-8.99999463,0.0987962026,-0.791148748,-0.124059086,-0.805946807
0.00322628,-1.91931045e-13,-9.0,-2.18571617,-8.99999463,0.0988914505,-0.791151221,-0.123925161,-0.805956316
0.00322728,1.44647083e-13,-9.0,-2.18321429,-8.99999463,0.0989827944,-0.791153694,-0.123791819,-0.805965835
0.00322828,1.25917182e-13,-9.0,-2.18070837,-8.99999462,0.0990702306,-0.791156167,-0.12365906,-0.805975364
0.00322928,-1.9649922e-13,-9.0,-2.17819867,-8.99999462,0.0991537557,-0.79115864,-0.123526884,-0.805984902
0.00323028,1.12468792e-13,-9.0,-2.17568544,-8.99999462,0.0992333664,-0.791161113,-0.12339529,-0.805994448
0.00323128,1.51135323e-13,-9.0,-2.17316892,-8.99999462,0.0993090595,-0.791163586,-0.123264278,-0.806004001
0.00323228,-1.95855988e-13,-9.0,-2.17064935,-8.99999462,0.099380832,-0.791166058,-0.123133848,-0.80601356
0.00323328,7.80502737e-14,-9.0,-2.16812696,-8.99999462,0.0994486812,-0.79116853,-0.123004,-0.806023125
0.00323428,1.73160196e-13,-9.0,-2.16560197,-8.99999462,0.0995126043,-0.791171001,-0.122874732,-0.806032694
0.00323528,-1.90087068e-13,-9.0,-2.16307462,-8.99999462,0.0995725988,-0.791173472,-0.122746046,-0.806042268
0.00323628,4.21487212e-14,-9.0,-2.1605451,-8.99999461,0.0996286623,-0.791175942,-0.122617941,-0.806051844
0.00323728,1.91391933e-13,-9.0,-2.15801363,-8.99999461,0.0996807927,-0.791178412,-0.122490415,-0.806061422
0.00323828,-1.79401542e-13,-9.0,-2.15548042,-8.99999461,0.0997289879,-0.791180881,-0.12236347,-0.806071002
0.00323928,5.55685812e-15,-9.0,-2.15294566,-8.99999461,0.0997732459,-0.791183349,-0.122237104,-0.806080583
0.00324028,2.05321744e-13,-9.0,-2.15040954,-8.99999461,0.0998135651,-0.791185816,-0.122111317,-0.806090164
0.00324128,-1.64126805e-13,-9.0,-2.14787225,-8.99999461,0.0998499438,-0.791188282,-0.121986108,-0.806099744
0.00324228,-3.0916097e-14,-9.0,-2.14533398,-8.99999461,0.0998823805,-0.791190747,-0.121861478,-0.806109323
0.00324328,2.14544173e-13,-9.0,-2.14279489,-8.99999461,0.0999108741,-0.791193211,-0.121737425,-0.806118901
0.00324428,-1.44700677e-13,-9.0,-2.14025518,-8.9999946,0.0999354234,-0.791195674,-0.121613949,-0.806128476
0.00324528,-6.64638638e-14,-9.0,-2.137715,-8.9999946,0.0999560274,-0.791198135,-0.121491049,-0.806138048
0.00324628,2.18766868e-13,-9.0,-2.13517451,-8.9999946,0.0999726853,-0.791200595,-0.121368725,-0.806147616
0.00324728,-1.21660846e-13,-9.0,-2.13263388,-8.9999946,0.0999853965,-0.791203054,-0.121246976,-0.80615718
0.00324828,-1.00302463e-13,-9.0,-2.13009327,-8.9999946,0.0999941604,-0.791205511,-0.121125803,-0.806166739
0.00324928,2.17817629e-13,-9.0,-2.12755282,-8.9999946,0.0999989767,-0.791207966,-0.121005203,-0.806176293
0.00325028,-9.56319276e-14,-9.0,-2.12500339,-8.9999946,0.0999998452,-0.791210418,-0.120885354,-0.806186014
0.00325128,-1.31689043e-13,-9.0,-2.1224462,-8.99999459,0.0999967659,-0.791212868,-0.120765962,-0.806195606
0.00325228,2.11648574e-13,-9.0,-2.11990257,-8.99999459,0.0999897389,-0.791215319,-0.120646929,-0.806204981
0.00325328,-6.73104185e-14,-9.0,-2.11737297,-8.99999459,0.0999787645,-0.791217769,-0.120528567,-0.806214455
0.00325428,-1.59939715e-13,-9.0,-2.11484473,-8.99999459,0.0999638431,-0.791220216,-0.120410806,-0.806223954
0.00325528,2.00337308e-13,-9.0,-2.1123153,-8.99999459,0.0999449753,-0.791222661,-0.120293627,-0.806233459
0.00325628,-3.74479343e-14,-9.0,-2.10978467,-8.99999459,0.0999221618,-0.791225103,-0.120177023,-0.80624296
0.00325728,-1.84445975e-13,-9.0,-2.10725347,-8.99999459,0.0998954036,-0.791227543,-0.12006099,-0.806252455
0.00325828,1.84085086e-13,-9.0,-2.10472237,-8.99999459,0.0998647017,-0.79122998,-0.119945525,-0.806261941
0.00325928,-6.83311305e-15,-9.0,-2.10219192,-8.99999458,0.0998300572,-0.791232415,-0.119830628,-0.806271417
0.00326028,-2.04689312e-13,-9.0,-2.09966253,-8.99999458,0.0997914717,-0.791234847,-0.119716297,-0.806280884
0.00326128,1.63211991e-13,-9.0,-2.0971345,-8.99999458,0.0997489466,-0.791237277,-0.119602532,-0.80629034
0.00326228,2.37273659e-14,-9.0,-2.09460807,-8.99999458,0.0997024835,-0.791239705,-0.119489331,-0.806299785
0.00326328,-2.20253649e-13,-9.0,-2.0920834,-8.99999458,0.0996520844,-0.791242129,-0.119376695,-0.806309219
0.00326428,1.38149264e-13,-9.0,-2.08956064,-8.99999458,0.0995977512,-0.791244551,-0.119264621,-0.806318642
0.00326528,5.34281987e-14,-9.0,-2.08703992,-8.99999458,0.099539486,-0.79124697,-0.11915311,-0.806328052
0.00326628,-2.30835325e-13,-9.0,-2.08452134,-8.99999458,0.0994772912,-0.791249386,-0.11904216,-0.80633745
0.00326728,1.09428955e-13,-9.0,-2.082005,-8.99999457,0.0994111692,-0.791251798,-0.118931771,-0.806346836
0.00326828,8.14848401e-14,-9.0,-2.07949099,-8.99999457,0.0993411226,-0.791254208,-0.118821941,-0.806356209
0.00326928,-2.36250376e-13,-9.0,-2.07697939,-8.99999457,0.0992671541,-0.791256615,-0.11871267,-0.806365569
0.00327028,7.76711588e-14,-9.0,-2.07447029,-8.99999457,0.0991892668,-0.791259018,-0.118603958,-0.806374916
0.00327128,1.07152388e-13,-9.0,-2.07196376,-8.99999457,0.0991074637,-0.791261418,-0.118495802,-0.806384249
0.00327228,-2.36438932e-13,-9.0,-2.06945988,-8.99999457,0.099021748,-0.791263814,-0.118388203,-0.806393569
0.00327328,4.35691233e-14,-9.0,-2.06695872,-8.99999457,0.098932123,-0.791266207,-0.118281159,-0.806402874
0.00327428,1.29743514e-13,-9.0,-2.06446035,-8.99999457,0.0988385924,-0.791268596,-0.11817467,-0.806412166
0.00327528,-2.31466638e-13,-9.0,-2.06196484,-8.99999456,0.0987411598,-0.791270982,-0.118068734,-0.806421442
0.00327628,7.8726067e-15,-9.0,-2.05947224,-8.99999456,0.0986398291,-0.791273363,-0.117963352,-0.806430704
0.00327728,1.48645009e-13,-9.0,-2.05698263,-8.99999456,0.0985346043,-0.791275741,-0.117858521,-0.806439951
0.00327828,-2.21523052e-13,-9.0,-2.05449606,-8.99999456,0.0984254894,-0.791278115,-0.117754241,-0.806449184
0.00327928,-2.86301274e-14,-9.0,-2.05201258,-8.99999456,0.0983124889,-0.791280485,-0.117650511,-0.8064584
0.00328028,1.6333255e-13,-9.0,-2.04953226,-8.99999456,0.0981956072,-0.791282851,-0.11754733,-0.806467602
0.00328128,-2.06917067e-13,-9.0,-2.04705515,-8.99999456,0.0980748489,-0.791285213,-0.117444697,-0.806476788
0.00328228,-6.51312401e-14,-9.0,-2.04458129,-8.99999456,0.0979502188,-0.79128757,-0.117342612,-0.806485958
0.00328328,1.73383323e-13,-9.0,-2.04211075,-8.99999455,0.0978217218,-0.791289923,-0.117241073,-0.806495112
0.00328428,-1.88069464e-13,-9.0,-2.03964356,-8.99999455,0.0976893629,-0.791292272,-0.117140079,-0.80650425
0.00328528,-1.00822719e-13,-9.0,-2.03717977,-8.99999455,0.0975531474,-0.791294616,-0.11703963,-0.806513372
0.00328628,1.78486213e-13,-9.0,-2.03471943,-8.99999455,0.0974130807,-0.791296955,-0.116939725,-0.806522478
0.00328728,-1.65502776e-13,-9.0,-2.03226257,-8.99999455,0.0972691683,-0.79129929,-0.116840362,-0.806531567
0.00328828,-1.34915783e-13,-9.0,-2.02980925,-8.99999455,0.0971214159,-0.79130162,-0.11674154,-0.80654064
0.00328928,1.78449301e-13,-9.0,-2.02735949,-8.99999455,0.0969698293,-0.791303945,-0.11664326,-0.806549696
0.00329028,-1.39828702e-13,-9.0,-2.02491333,-8.99999455,0.0968144144,-0.791306265,-0.116545519,-0.806558735
0.00329128,-1.66659827e-13,-9.0,-2.02247081,-8.99999454,0.0966551775,-0.791308581,-0.116448317,-0.806567757
0.00329228,1.73204502e-13,-9.0,-2.02003196,-8.99999454,0.0964921249,-0.791310891,-0.116351653,-0.806576763
0.00329328,-1.11733382e-13,-9.0,-2.01759682,-8.99999454,0.0963252629,-0.791313196,-0.116255526,-0.806585751
0.00329428,-1.95360448e-13,-9.0,-2.01516541,-8.99999454,0.0961545981,-0.791315496,-0.116159935,-0.806594722
0.00329528,1.62809216e-13,-9.0,-2.01273777,-8.99999454,0.0959801373,-0.79131779,-0.116064879,-0.806603676
0.00329628,-8.19608851e-14,-9.0,-2.01031392,-8.99999454,0.0958018874,-0.791320079,-0.115970358,-0.806612612
0.00329728,-2.20396122e-13,-9.0,-2.00789389,-8.99999454,0.0956198554,-0.791322363,-0.115876369,-0.806621531
0.00329828,1.47444972e-13,-9.0,-2.00547771,-8.99999454,0.0954340484,-0.791324641,-0.115782912,-0.806630433
0.00329928,-5.12952953e-14,-9.0,-2.00306539,-8.99999453,0.095244474,-0.791326913,-0.115689987,-0.806639317
0.00330028,-2.41233127e-13,-9.0,-2.00065696,-8.99999453,0.0950511394,-0.79132918,-0.115597592,-0.806648184
0.00330128,1.27413077e-13,-9.0,-1.99825244,-8.99999453,0.0948540523,-0.791331441,-0.115505727,-0.806657033
0.00330228,-2.05418478e-14,-9.0,-1.99585186,-8.99999453,0.0946532206,-0.791333696,-0.115414389,-0.806665864
0.00330328,-2.57438357e-13,-9.0,-1.99345522,-8.99999453,0.0944486521,-0.791335945,-0.11532358,-0.806674677
0.00330428,1.03127393e-13,-9.0,-1.99106255,-8.99999453,0.094240355,-0.791338188,-0.115233297,-0.806683473
0.00330528,9.49244958e-15,-9.0,-1.98867387,-8.99999453,0.0940283374,-0.791340424,-0.115143539,-0.806692251
0.00330628,-2.6868972e-13,-9.0,-1.98628918,-8.99999453,0.0938126078,-0.791342655,-0.115054306,-0.806701011
0.00330728,7.51044043e-14,-9.0,-1.98390851,-8.99999452,0.0935931746,-0.791344879,-0.114965596,-0.806709753
0.00330828,3.80182349e-14,-9.0,-1.98153187,-8.99999452,0.0933700464,-0.791347097,-0.11487741,-0.806718478
0.00330928,-2.74783861e-13,-9.0,-1.97915926,-8.99999452,0.0931432322,-0.791349309,-0.114789745,-0.806727184
0.00331028,4.39508111e-14,-9.0,-1.9767907,-8.99999452,0.0929127409,-0.791351514,-0.1147026,-0.806735873
0.00331128,6.42827849e-14,-9.0,-1.9744262,-8.99999452,0.0926785815,-0.791353712,-0.114615976,-0.806744544
0.00331228,-2.75641043e-13,-9.0,-1.97206577,-8.99999452,0.0924407633,-0.791355904,-0.114529871,-0.806753196
0.00331328,1.03489618e-14,-9.0,-1.96970942,-8.99999452,0.0921992958,-0.791358089,-0.114444283,-0.806761831
0.00331428,8.75881266e-14,-9.0,-1.96735715,-8.99999452,0.0919541883,-0.791360267,-0.114359213,-0.806770448
0.00331528,-2.71307044e-13,-9.0,-1.96500897,-8.99999452,0.0917054507,-0.791362438,-0.114274659,-0.806779047
0.00331628,-2.49595402e-14,-9.0,-1.96266489,-8.99999451,0.0914530927,-0.791364603,-0.11419062,-0.806787628
0.00331728,1.07307831e-13,-9.0,-1.9603249,-8.99999451,0.0911971242,-0.79136676,-0.114107095,-0.806796191
0.00331828,-2.61952049e-13,-9.0,-1.95798902,-8.99999451,0.0909375555,-0.79136891,-0.114024084,-0.806804736
0.00331928,-6.1191654e-14,-9.0,-1.95565725,-8.99999451,0.0906743967,-0.791371053,-0.113941585,-0.806813263
0.00332028,1.22902083e-13,-9.0,-1.95332959,-8.99999451,0.0904076583,-0.791373188,-0.113859597,-0.806821773
0.00332128,-2.47866543e-13,-9.0,-1.95100604,-8.99999451,0.0901373507,-0.791375316,-0.11377812,-0.806830264
0.00332228,-9.75417165e-14,-9.0,-1.94868659,-8.99999451,0.0898634846,-0.791377437,-0.113697153,-0.806838738
0.00332328,1.33930675e-13,-9.0,-1.94637126,-8.99999451,0.0895860709,-0.79137955,-0.113616694,-0.806847194
0.00332428,-2.2945432e-13,-9.0,-1.94406004,-8.9999945,0.0893051204,-0.791381656,-0.113536744,-0.806855632
0.00332528,-1.33200804e-13,-9.0,-1.94175293,-8.9999945,0.0890206444,-0.791383754,-0.1134573,-0.806864052
0.00332628,1.40063592e-13,-9.0,-1.93944993,-8.9999945,0.088732654,-0.791385844,-0.113378362,-0.806872454
0.00332728,-2.07222769e-13,-9.0,-1.93715103,-8.9999945,0.0884411605,-0.791387926,-0.113299929,-0.806880839
0.00332828,-1.67376175e-13,-9.0,-1.93485623,-8.9999945,0.0881461756,-0.79139,-0.113222,-0.806889206
0.00332928,1.41088955e-13,-9.0,-1.93256552,-8.9999945,0.0878477108,-0.791392067,-0.113144575,-0.806897555
0.00333028,-1.81770667e-13,-9.0,-1.93027891,-8.9999945,0.0875457779,-0.791394125,-0.113067652,-0.806905887
0.00333128,-1.99310322e-13,-9.0,-1.92799638,-8.9999945,0.0872403889,-0.791396175,-0.11299123,-0.806914201
0.00333228,1.36918117e-13,-9.0,-1.92571794,-8.9999945,0.0869315557,-0.791398217,-0.11291531,-0.806922498
0.00333328,-1.53773786e-13,-9.0,-1.92344357,-8.99999449,0.0866192907,-0.791400251,-0.112839889,-0.806930777
0.00333428,-2.28299185e-13,-9.0,-1.92117326,-8.99999449,0.086303606,-0.791402276,-0.112764966,-0.806939038
0.00333528,1.27587796e-13,-9.0,-1.91890702,-8.99999449,0.0859845143,-0.791404293,-0.112690542,-0.806947283
0.00333628,-1.23968642e-13,-9.0,-1.91664482,-8.99999449,0.085662028,-0.791406301,-0.112616615,-0.80695551
0.00333728,-2.53709081e-13,-9.0,-1.91438667,-8.99999449,0.08533616,-0.791408301,-0.112543184,-0.806963719
0.00333828,1.13259188e-13,-9.0,-1.91213256,-8.99999449,0.085006923,-0.791410292,-0.112470248,-0.806971911
0.00333928,-9.31347925e-14,-9.0,-1.90988247,-8.99999449,0.0846743301,-0.791412275,-0.112397807,-0.806980087
0.00334028,-2.74991942e-13,-9.0,-1.90763639,-8.99999449,0.0843383944,-0.791414249,-0.11232586,-0.806988245
0.00334128,9.42140837e-14,-9.0,-1.90539432,-8.99999448,0.0839991291,-0.791416213,-0.112254405,-0.806996386
0.00334228,-6.20761059e-14,-9.0,-1.90315624,-8.99999448,0.0836565477,-0.791418169,-0.112183443,-0.80700451
0.00334328,-2.91698503e-13,-9.0,-1.90092214,-8.99999448,0.0833106637,-0.791420116,-0.112112971,-0.807012616
0.00334428,7.08480852e-14,-9.0,-1.89869201,-8.99999448,0.0829614908,-0.791422054,-0.11204299,-0.807020707
0.00334528,-3.16014453e-14,-9.0,-1.89646584,-8.99999448,0.0826090426,-0.791423982,-0.111973498,-0.80702878
0.00334628,-3.03489119e-13,-9.0,-1.89424362,-8.99999448,0.0822533332,-0.791425902,-0.111904495,-0.807036836
0.00334728,4.36610746e-14,-9.0,-1.89202533,-8.99999448,0.0818943766,-0.791427812,-0.111835979,-0.807044876
0.00334828,-2.50524122e-15,-9.0,-1.88981096,-8.99999448,0.0815321869,-0.791429713,-0.111767951,-0.807052899
0.00334928,-3.10141952e-13,-9.0,-1.88760049,-8.99999448,0.0811667785,-0.791431604,-0.111700408,-0.807060905
0.00335028,1.32451745e-14,-9.0,-1.88539392,-8.99999447,0.0807981657,-0.791433486,-0.111633351,-0.807068895
0.00335128,2.44515823e-14,-9.0,-1.88319123,-8.99999447,0.0804263632,-0.791435358,-0.111566778,-0.807076869
0.00335228,-3.11558328e-13,-9.0,-1.88099239,-8.99999447,0.0800513856,-0.79143722,-0.111500689,-0.807084826
0.00335328,-1.97295189e-14,-9.0,-1.87879741,-8.99999447,0.0796732476,-0.791439073,-0.111435083,-0.807092767
0.00335428,4.85598688e-14,-9.0,-1.87660626,-8.99999447,0.0792919644,-0.791440916,-0.111369959,-0.807100691
0.00335528,-3.07765152e-13,-9.0,-1.87441892,-8.99999447,0.0789075508,-0.791442749,-0.111305317,-0.8071086
0.00335628,-5.45310857e-14,-9.0,-1.87223539,-8.99999447,0.078520022,-0.791444573,-0.111241154,-0.807116492
0.00335728,6.9179236e-14,-9.0,-1.87005564,-8.99999447,0.0781293935,-0.791446386,-0.111177472,-0.807124369
0.00335828,-2.98914304e-13,-9.0,-1.86787966,-8.99999447,0.0777356805,-0.791448189,-0.111114268,-0.807132229
0.00335928,-9.03834292e-14,-9.0,-1.86570744,-8.99999446,0.0773388987,-0.791449983,-0.111051543,-0.807140073
0.00336028,8.57658037e-14,-9.0,-1.86353894,-8.99999446,0.0769390636,-0.791451766,-0.110989295,-0.807147902
0.00336128,-2.85245339e-13,-9.0,-1.86137417,-8.99999446,0.0765361911,-0.791453538,-0.110927524,-0.807155715
0.00336228,-1.26445486e-13,-9.0,-1.85921309,-8.99999446,0.0761302971,-0.791455301,-0.110866228,-0.807163513
0.00336328,9.78726142e-14,-9.0,-1.8570557,-8.99999446,0.0757213976,-0.791457053,-0.110805408,-0.807171295
0.00336428,-2.67173989e-13,-9.0,-1.85490197,-8.99999446,0.0753095088,-0.791458794,-0.110745062,-0.807179061
0.00336528,-1.61944415e-13,-9.0,-1.85275189,-8.99999446,0.0748946469,-0.791460525,-0.11068519,-0.807186812
0.00336628,1.05134389e-13,-9.0,-1.85060543,-8.99999446,0.0744768282,-0.791462246,-0.11062579,-0.807194548
0.00336728,-2.45190334e-13,-9.0,-1.84846258,-8.99999446,0.0740560694,-0.791463956,-0.110566863,-0.807202268
0.00336828,-1.9608005e-13,-9.0,-1.84632333,-8.99999446,0.0736323869,-0.791465655,-0.110508407,-0.807209974
0.00336928,1.07319312e-13,-9.0,-1.84418764,-8.99999445,0.0732057976,-0.791467343,-0.110450422,-0.807217664
0.00337028,-2.19879953e-13,-9.0,-1.84205551,-8.99999445,0.0727763182,-0.791469021,-0.110392907,-0.807225339
0.00337128,-2.28088572e-13,-9.0,-1.8399269,-8.99999445,0.0723439657,-0.791470688,-0.110335861,-0.807233
0.00337228,1.04318161e-13,-9.0,-1.83780181,-8.99999445,0.0719087572,-0.791472344,-0.110279284,-0.807240645
0.00337328,-1.9190788e-13,-9.0,-1.83568022,-8.99999445,0.0714707099,-0.791473988,-0.110223174,-0.807248276
0.00337428,-2.57256773e-13,-9.0,-1.83356209,-8.99999445,0.071029841,-0.791475622,-0.110167532,-0.807255893
0.00337528,9.61469157e-14,-9.0,-1.83144742,-8.99999445,0.070586168,-0.791477244,-0.110112356,-0.807263494
0.00337628,-1.62002623e-13,-9.0,-1.82933618,-8.99999445,0.0701397084,-0.791478856,-0.110057646,-0.807271082
0.00337728,-2.82939222e-13,-9.0,-1.82722835,-8.99999445,0.0696904798,-0.791480456,-0.110003401,-0.807278655
0.00337828,8.29463652e-14,-9.0,-1.82512391,-8.99999444,0.0692384999,-0.791482045,-0.10994962,-0.807286213
0.00337928,-1.30938666e-13,-9.0,-1.82302285,-8.99999444,0.0687837866,-0.791483622,-0.109896304,-0.807293758
0.00338028,-3.04573794e-13,-9.0,-1.82092513,-8.99999444,0.0683263579,-0.791485188,-0.10984345,-0.807301288
0.00338128,6.49787065e-14,-9.0,-1.81883074,-8.99999444,0.0678662317,-0.791486742,-0.109791058,-0.807308804
0.00338228,-9.9517862e-14,-9.0,-1.81673965,-8.99999444,0.0674034263,-0.791488285,-0.109739129,-0.807316307
0.00338328,-3.21695203e-13,-9.0,-1.81465186,-8.99999444,0.0669379599,-0.791489816,-0.10968766,-0.807323795
0.00338428,4.26212213e-14,-9.0,-1.81256732,-8.99999444,0.0664698509,-0.791491336,-0.109636652,-0.80733127
0.00338528,-6.85501771e-14,-9.0,-1.81048603,-8.99999444,0.0659991178,-0.791492844,-0.109586104,-0.807338731
0.00338628,-3.33946209e-13,-9.0,-1.80840796,-8.99999444,0.0655257792,-0.79149434,-0.109536014,-0.807346179
0.00338728,1.63571834e-14,-9.0,-1.80633309,-8.99999443,0.0650498537,-0.791495824,-0.109486384,-0.807353613
0.00338828,-3.88342401e-14,-9.0,-1.80426139,-8.99999443,0.0645713602,-0.791497297,-0.109437211,-0.807361034
0.00338928,-3.41086231e-13,-9.0,-1.80219285,-8.99999443,0.0640903175,-0.791498757,-0.109388496,-0.807368441
0.00339028,-1.32357856e-14,-9.0,-1.80012744,-8.99999443,0.0636067446,-0.791500205,-0.109340237,-0.807375835
0.00339128,-1.11381686e-14,-9.0,-1.79806515,-8.99999443,0.0631206607,-0.791501642,-0.109292434,-0.807383216
0.00339228,-3.42997162e-13,-9.0,-1.79600594,-8.99999443,0.0626320848,-0.791503066,-0.109245087,-0.807390584
0.00339328,-4.54996331e-14,-9.0,-1.79394979,-8.99999443,0.0621410364,-0.791504478,-0.109198194,-0.80739794
0.00339428,1.3818868e-14,-9.0,-1.79189669,-8.99999443,0.0616475347,-0.791505878,-0.109151756,-0.807405282
0.00339528,-3.39686236e-13,-9.0,-1.78984661,-8.99999443,0.0611515993,-0.791507265,-0.109105771,-0.807412611
0.00339628,-7.97117292e-14,-9.0,-1.78779953,-8.99999443,0.0606532497,-0.791508641,-0.10906024,-0.807419928
0.00339728,3.53839038e-14,-9.0,-1.78575542,-8.99999442,0.0601525056,-0.791510003,-0.109015161,-0.807427232
0.00339828,-3.31285892e-13,-9.0,-1.78371426,-8.99999442,0.0596493868,-0.791511354,-0.108970534,-0.807434524
0.00339928,-1.15102278e-13,-9.0,-1.78167604,-8.99999442,0.0591439132,-0.791512692,-0.108926358,-0.807441804
0.00340028,5.29858364e-14,-9.0,-1.77964072,-8.99999442,0.0586361046,-0.791514017,-0.108882633,-0.807449071
0.00340128,-3.18050631e-13,-9.0,-1.77760828,-8.99999442,0.0581259812,-0.79151533,-0.108839359,-0.807456326
0.00340228,-1.50872867e-13,-9.0,-1.7755787,-8.99999442,0.0576135631,-0.79151663,-0.108796534,-0.807463569
0.00340328,6.61491137e-14,-9.0,-1.77355196,-8.99999442,0.0570988705,-0.791517917,-0.108754158,-0.8074708
0.00340428,-3.00350944e-13,-9.0,-1.77152803,-8.99999442,0.0565819238,-0.791519192,-0.108712231,-0.807478018
0.00340528,-1.8621571e-13,-9.0,-1.76950689,-8.99999442,0.0560627433,-0.791520454,-0.108670751,-0.807485226
0.00340628,7.45051188e-14,-9.0,-1.76748852,-8.99999442,0.0555413495,-0.791521703,-0.10862972,-0.807492421
0.00340728,-2.78664448e-13,-9.0,-1.7654729,-8.99999441,0.055017763,-0.791522939,-0.108589135,-0.807499605
0.00340828,-2.20333118e-13,-9.0,-1.76345999,-8.99999441,0.0544920046,-0.791524163,-0.108548997,-0.807506777
0.00340928,7.78009789e-14,-9.0,-1.76144977,-8.99999441,0.0539640948,-0.791525373,-0.108509305,-0.807513938
0.00341028,-2.53564468e-13,-9.0,-1.75944223,-8.99999441,0.0534340547,-0.79152657,-0.108470058,-0.807521087
0.00341128,-2.52456735e-13,-9.0,-1.75743734,-8.99999441,0.0529019051,-0.791527754,-0.108431257,-0.807528225
0.00341228,7.59055856e-14,-9.0,-1.75543508,-8.99999441,0.052367667,-0.791528925,-0.1083929,-0.807535352
0.00341328,-2.25706305e-13,-9.0,-1.75343541,-8.99999441,0.0518313616,-0.791530083,-0.108354986,-0.807542468
0.00341428,-2.81866077e-13,-9.0,-1.75143833,-8.99999441,0.0512930099,-0.791531228,-0.108317517,-0.807549573
0.00341528,6.88126822e-14,-9.0,-1.74944379,-8.99999441,0.0507526332,-0.79153236,-0.10828049,-0.807556667
0.00341628,-1.95811555e-13,-9.0,-1.74745179,-8.99999441,0.050210253,-0.791533478,-0.108243906,-0.80756375
0.00341728,-3.07905918e-13,-9.0,-1.74546229,-8.9999944,0.0496658905,-0.791534582,-0.108207763,-0.807570823
0.00341828,5.66409426e-14,-9.0,-1.74347528,-8.9999944,0.0491195673,-0.791535674,-0.108172063,-0.807577885
0.00341928,-1.6465083e-13,-9.0,-1.74149072,-8.9999944,0.0485713049,-0.791536752,-0.108136804,-0.807584936
0.00342028,-3.30002121e-13,-9.0,-1.7395086,-8.9999944,0.048021125,-0.791537816,-0.108101985,-0.807591977
0.00342128,3.96310407e-14,-9.0,-1.73752889,-8.9999944,0.0474690493,-0.791538867,-0.108067606,-0.807599008
0.00342228,-1.33025313e-13,-9.0,-1.73555156,-8.9999944,0.0469150997,-0.791539905,-0.108033668,-0.807606028
0.00342328,-3.47675527e-13,-9.0,-1.7335766,-8.9999944,0.0463592979,-0.791540929,-0.108000169,-0.807613039
0.00342428,1.81397789e-14,-9.0,-1.73160397,-8.9999944,0.0458016659,-0.791541939,-0.107967108,-0.807620039
0.00342528,-1.0174758e-13,-9.0,-1.72963366,-8.9999944,0.0452422257,-0.791542935,-0.107934486,-0.807627029
0.00342628,-3.60553558e-13,-9.0,-1.72766564,-8.9999944,0.0446809995,-0.791543918,-0.107902303,-0.80763401
0.00342728,-7.3685819e-15,-9.0,-1.72569988,-8.99999439,0.0441180093,-0.791544887,-0.107870557,-0.80764098
0.00342828,-7.16221638e-14,-9.0,-1.72373637,-8.99999439,0.0435532775,-0.791545843,-0.107839248,-0.807647941
0.00342928,-3.68379276e-13,-9.0,-1.72177507,-8.99999439,0.0429868262,-0.791546784,-0.107808376,-0.807654893
0.00343028,-3.63335845e-14,-9.0,-1.71981596,-8.99999439,0.0424186779,-0.791547712,-0.10777794,-0.807661835
0.00343128,-4.34263091e-14,-9.0,-1.71785903,-8.99999439,0.0418488549,-0.791548625,-0.107747941,-0.807668768
0.00343228,-3.71017668e-13,-9.0,-1.71590424,-8.99999439,0.0412773799,-0.791549525,-0.107718377,-0.807675691
0.00343328,-6.81121578e-14,-9.0,-1.71395157,-8.99999439,0.0407042752,-0.791550411,-0.107689248,-0.807682605
0.00343428,-1.78913998e-14,-9.0,-1.71200099,-8.99999439,0.0401295637,-0.791551282,-0.107660555,-0.80768951
0.00343528,-3.68459e-13,-9.0,-1.71005249,-8.99999439,0.0395532679,-0.79155214,-0.107632296,-0.807696406
0.00343628,-1.01994194e-13,-9.0,-1.70810603,-8.99999439,0.0389754106,-0.791552984,-0.107604471,-0.807703293
0.00343728,4.31450649e-15,-9.0,-1.7061616,-8.99999438,0.0383960146,-0.791553813,-0.10757708,-0.807710171
0.00343828,-3.60819177e-13,-9.0,-1.70421917,-8.99999438,0.0378151028,-0.791554628,-0.107550122,-0.807717041
0.00343928,-1.37219749e-13,-9.0,-1.70227871,-8.99999438,0.0372326981,-0.79155543,-0.107523598,-0.807723901
0.00344028,2.26026103e-14,-9.0,-1.7003402,-8.99999438,0.0366488236,-0.791556216,-0.107497506,-0.807730754
0.00344128,-3.4833709e-13,-9.0,-1.69840362,-8.99999438,0.0360635022,-0.791556989,-0.107471847,-0.807737597
0.00344228,-1.72997445e-13,-9.0,-1.69646893,-8.99999438,0.0354767571,-0.791557747,-0.10744662,-0.807744433
0.00344328,3.64773881e-14,-9.0,-1.69453613,-8.99999438,0.0348886114,-0.791558491,-0.107421824,-0.80775126
0.00344428,-3.31369012e-13,-9.0,-1.69260518,-8.99999438,0.0342990884,-0.791559221,-0.10739746,-0.807758079
0.00344528,-2.08523644e-13,-9.0,-1.69067605,-8.99999438,0.0337082113,-0.791559936,-0.107373528,-0.80776489
0.00344628,4.55483571e-14,-9.0,-1.68874874,-8.99999438,0.0331160035,-0.791560637,-0.107350026,-0.807771693
0.00344728,-3.10380185e-13,-9.0,-1.6868232,-8.99999437,0.0325224883,-0.791561324,-0.107326954,-0.807778488
0.00344828,-2.43001925e-13,-9.0,-1.68489941,-8.99999437,0.0319276892,-0.791561996,-0.107304313,-0.807785275
0.00344928,4.9539304e-14,-9.0,-1.68297736,-8.99999437,0.0313316296,-0.791562653,-0.107282101,-0.807792054
0.00345028,-2.85933796e-13,-9.0,-1.68105701,-8.99999437,0.0307343331,-0.791563296,-0.10726032,-0.807798826
0.00345128,-2.75662397e-13,-9.0,-1.67913835,-8.99999437,0.0301358233,-0.791563925,-0.107238967,-0.80780559
0.00345228,4.8294756e-14,-9.0,-1.67722134,-8.99999437,0.0295361237,-0.791564539,-0.107218044,-0.807812347
0.00345328,-2.58677615e-13,-9.0,-1.67530597,-8.99999437,0.0289352582,-0.791565138,-0.10719755,-0.807819097
0.00345428,-3.05780385e-13,-9.0,-1.6733922,-8.99999437,0.0283332503,-0.791565722,-0.107177484,-0.807825839
0.00345528,4.17835375e-14,-9.0,-1.67148002,-8.99999437,0.0277301238,-0.791566292,-0.107157846,-0.807832574
0.00345628,-2.29328601e-13,-9.0,-1.6695694,-8.99999437,0.0271259027,-0.791566848,-0.107138636,-0.807839302
0.00345728,-3.32694044e-13,-9.0,-1.66766032,-8.99999437,0.0265206106,-0.791567388,-0.107119854,-0.807846023
0.00345828,3.00993266e-14,-9.0,-1.66575275,-8.99999436,0.0259142715,-0.791567914,-0.1071015,-0.807852737
0.00345928,-1.98655864e-13,-9.0,-1.66384666,-8.99999436,0.0253069094,-0.791568425,-0.107083572,-0.807859444
0.00346028,-3.5582047e-13,-9.0,-1.66194204,-8.99999436,0.0246985483,-0.791568922,-0.107066072,-0.807866145
0.00346128,1.34581984e-14,-9.0,-1.66003886,-8.99999436,0.024089212,-0.791569403,-0.107048999,-0.807872838
0.00346228,-1.67462383e-13,-9.0,-1.65813709,-8.99999436,0.0234789248,-0.79156987,-0.107032352,-0.807879526
0.00346328,-3.74669929e-13,-9.0,-1.65623671,-8.99999436,0.0228677107,-0.791570322,-0.107016132,-0.807886207
0.00346428,-7.80678712e-15,-9.0,-1.65433769,-8.99999436,0.0222555938,-0.791570759,-0.107000337,-0.807892881
0.00346528,-1.36565923e-13,-9.0,-1.65244002,-8.99999436,0.0216425982,-0.791571181,-0.106984969,-0.807899549
0.00346628,-3.88857855e-13,-9.0,-1.65054366,-8.99999436,0.0210287483,-0.791571588,-0.106970027,-0.807906212
0.00346728,-3.32538221e-14,-9.0,-1.64864859,-8.99999436,0.0204140682,-0.79157198,-0.10695551,-0.807912867
0.00346828,-1.06779603e-13,-9.0,-1.6467548,-8.99999435,0.0197985821,-0.791572357,-0.106941418,-0.807919517
0.00346928,-3.98114333e-13,-9.0,-1.64486224,-8.99999435,0.0191823145,-0.79157272,-0.106927751,-0.807926162
0.00347028,-6.23432151e-14,-9.0,-1.64297091,-8.99999435,0.0185652896,-0.791573067,-0.10691451,-0.8079328
0.00347128,-7.88926004e-14,-9.0,-1.64108077,-8.99999435,0.0179475317,-0.791573399,-0.106901693,-0.807939432
0.00347228,-4.02290842e-13,-9.0,-1.6391918,-8.99999435,0.0173290653,-0.791573717,-0.106889301,-0.807946059
0.00347328,-9.44506215e-14,-9.0,-1.63730398,-8.99999435,0.0167099148,-0.791574019,-0.106877333,-0.807952681
0.00347428,-5.36514323e-14,-9.0,-1.63541728,-8.99999435,0.0160901046,-0.791574306,-0.10686579,-0.807959297
0.00347528,-4.01364087e-13,-9.0,-1.63353167,-8.99999435,0.0154696592,-0.791574579,-0.106854671,-0.807965907
0.00347628,-1.28882323e-13,-9.0,-1.63164714,-8.99999435,0.0148486031,-0.791574836,-0.106843976,-0.807972512
0.00347728,-3.17422819e-14,-9.0,-1.62976366,-8.99999435,0.0142269607,-0.791575078,-0.106833705,-0.807979112
0.00347828,-3.95436839e-13,-9.0,-1.62788121,-8.99999435,0.0136047568,-0.791575305,-0.106823857,-0.807985707
0.00347928,-1.64892184e-13,-9.0,-1.62599975,-8.99999434,0.0129820157,-0.791575516,-0.106814433,-0.807992297
0.00348028,-1.37747866e-14,-9.0,-1.62411927,-8.99999434,0.0123587621,-0.791575713,-0.106805433,-0.807998882
0.00348128,-3.84735749e-13,-9.0,-1.62223974,-8.99999434,0.0117350206,-0.791575895,-0.106796856,-0.808005462
0.00348228,-2.01699892e-13,-9.0,-1.62036114,-8.99999434,0.0111108159,-0.791576061,-0.106788702,-0.808012038
0.00348328,-2.67679064e-16,-9.0,-1.61848344,-8.99999434,0.0104861725,-0.791576212,-0.106780972,-0.808018608
0.00348428,-3.69606207e-13,-9.0,-1.61660663,-8.99999434,0.00986111512,-0.791576348,-0.106773664,-0.808025174
0.00348528,-2.38510013e-13,-9.0,-1.61473066,-8.99999434,0.00923566845,-0.791576469,-0.106766779,-0.808031736
0.00348628,8.36337307e-15,-9.0,-1.61285553,-8.99999434,0.00860985717,-0.791576575,-0.106760317,-0.808038293
0.00348728,-3.50504348e-13,-9.0,-1.61098121,-8.99999434,0.00798370599,-0.791576665,-0.106754278,-0.808044846
0.00348828,-2.74531446e-13,-9.0,-1.60910766,-8.99999434,0.00735723963,-0.79157674,-0.106748662,-0.808051395
0.00348928,1.18154379e-14,-9.0,-1.60723488,-8.99999434,0.00673048282,-0.7915768,-0.106743468,-0.80805794
0.00349028,-3.27986416e-13,-9.0,-1.60536282,-8.99999433,0.00610346029,-0.791576845,-0.106738697,-0.80806448
0.00349128,-3.08996766e-13,-9.0,-1.60349148,-8.99999433,0.00547619682,-0.791576874,-0.106734348,-0.808071017
0.00349228,9.90526736e-15,-9.0,-1.60162082,-8.99999433,0.00484871715,-0.791576889,-0.106730421,-0.808077549
0.00349328,-3.0269573e-13,-9.0,-1.59975083,-8.99999433,0.00422104606,-0.791576888,-0.106726917,-0.808084078
0.00349428,-3.41181019e-13,-9.0,-1.59788147,-8.99999433,0.00359320834,-0.791576871,-0.106723835,-0.808090603
0.00349528,2.57335738e-15,-9.0,-1.59601272,-8.99999433,0.00296522876,-0.79157684,-0.106721176,-0.808097125
0.00349628,-2.7534756e-13,-9.0,-1.59414456,-8.99999433,0.00233713212,-0.791576793,-0.106718938,-0.808103643
0.00349728,-3.70419506e-13,-9.0,-1.59227697,-8.99999433,0.00170894321,-0.791576731,-0.106717123,-0.808110158
0.00349828,-1.01149779e-14,-9.0,-1.59040992,-8.99999433,0.00108068684,-0.791576653,-0.10671573,-0.808116669
0.00349928,-2.467123e-13,-9.0,-1.58854338,-8.99999433,0.000452387799,-0.791576561,-0.106714759,-0.808123177
0.00350028,-3.96124122e-13,-9.0,-1.58667733,-8.99999432,-0.000175929098,-0.791576453,-0.10671421,-0.808129682
0.00350128,-2.79715416e-14,-9.0,-1.58481175,-8.99999432,-0.000804239049,-0.79157633,-0.106714083,-0.808136183
0.00350228,-2.17597305e-13,-9.0,-1.58294662,-8.99999432,-0.00143251725,-0.791576191,-0.106714378,-0.808142682
0.00350328,-4.17797872e-13,-9.0,-1.5810819,-8.99999432,-0.0020607389,-0.791576037,-0.106715095,-0.808149178
0.00350428,-5.06901519e-14,-9.0,-1.57921758,-8.99999432,-0.00268887919,-0.791575868,-0.106716235,-0.808155671
0.00350528,-1.88827862e-13,-9.0,-1.57735363,-8.99999432,-0.00331691333,-0.791575684,-0.106717796,-0.808162161
0.00350628,-4.3504719e-13,-9.0,-1.57549003,-8.99999432,-0.00394481653,-0.791575484,-0.10671978,-0.808168648
0.00350728,-7.78543839e-14,-9.0,-1.57362675,-8.99999432,-0.00457256399,-0.791575269,-0.106722185,-0.808175133
0.00350828,-1.61227727e-13,-9.0,-1.57176377,-8.99999432,-0.00520013093,-0.791575039,-0.106725013,-0.808181616
0.00350928,-4.47591793e-13,-9.0,-1.56990107,-8.99999432,-0.00582749259,-0.791574793,-0.106728263,-0.808188096
0.00351028,-1.08947966e-13,-9.0,-1.56803861,-8.99999432,-0.00645462418,-0.791574532,-0.106731935,-0.808194573
0.00351128,-1.35599708e-13,-9.0,-1.56617638,-8.99999431,-0.00708150095,-0.791574256,-0.10673603,-0.808201049
0.00351228,-4.552718e-13,-9.0,-1.56431436,-8.99999431,-0.00770809816,-0.791573965,-0.106740547,-0.808207522
0.00351328,-1.43367579e-13,-9.0,-1.56245251,-8.99999431,-0.00833439107,-0.791573658,-0.106745486,-0.808213993
0.00351428,-1.12706754e-13,-9.0,-1.56059081,-8.99999431,-0.00896035495,-0.791573336,-0.106750847,-0.808220463
0.00351528,-4.5805197e-13,-9.0,-1.55872925,-8.99999431,-0.00958596509,-0.791572999,-0.106756631,-0.80822693
0.00351628,-1.80437755e-13,-9.0,-1.55686779,-8.99999431,-0.0102111968,-0.791572647,-0.106762838,-0.808233395
0.00351728,-9.32539983e-14,-9.0,-1.55500641,-8.99999431,-0.0108360254,-0.791572279,-0.106769467,-0.808239859
0.00351828,-4.56022935e-13,-9.0,-1.55314509,-8.99999431,-0.0114604262,-0.791571896,-0.106776519,-0.808246321
0.00351928,-2.19427498e-13,-9.0,-1.55128381,-8.99999431,-0.0120843745,-0.791571498,-0.106783993,-0.808252782
0.00352028,-7.78721948e-14,-9.0,-1.54942253,-8.99999431,-0.0127078458,-0.791571084,-0.106791891,-0.808259241
0.00352128,-4.49399408e-13,-9.0,-1.54756124,-8.99999431,-0.0133308154,-0.791570656,-0.106800211,-0.808265699
0.00352228,-2.59568251e-13,-9.0,-1.54569992,-8.9999943,-0.0139532587,-0.791570212,-0.106808955,-0.808272155
0.00352328,-6.71029349e-14,-9.0,-1.54383853,-8.9999943,-0.0145751512,-0.791569753,-0.106818122,-0.80827861
0.00352428,-4.38515401e-13,-9.0,-1.54197705,-8.9999943,-0.0151964683,-0.791569278,-0.106827712,-0.808285064
0.00352528,-3.00072742e-13,-9.0,-1.54011546,-8.9999943,-0.0158171854,-0.791568789,-0.106837725,-0.808291517
0.00352628,-6.13860009e-14,-9.0,-1.53825374,-8.9999943,-0.0164372781,-0.791568284,-0.106848162,-0.808297969
0.00352728,-4.23816566e-13,-9.0,-1.53639186,-8.9999943,-0.0170567219,-0.791567765,-0.106859022,-0.80830442
0.00352828,-3.40154288e-13,-9.0,-1.53452979,-8.9999943,-0.0176754923,-0.79156723,-0.106870307,-0.80831087
0.00352928,-6.10491557e-14,-9.0,-1.53266752,-8.9999943,-0.0182935649,-0.79156668,-0.106882015,-0.80831732
0.00353028,-4.05849837e-13,-9.0,-1.53080502,-8.9999943,-0.0189109154,-0.791566114,-0.106894147,-0.808323769
0.00353128,-3.79046054e-13,-9.0,-1.52894226,-8.9999943,-0.0195275192,-0.791565534,-0.106906704,-0.808330217
0.00353228,-6.63006116e-14,-9.0,-1.52707922,-8.99999429,-0.0201433522,-0.791564939,-0.106919685,-0.808336665
0.00353328,-3.85250624e-13,-9.0,-1.52521589,-8.99999429,-0.0207583899,-0.791564328,-0.10693309,-0.808343112
0.00353428,-4.16019832e-13,-9.0,-1.52335222,-8.99999429,-0.0213726081,-0.791563703,-0.10694692,-0.808349559
0.00353528,-7.72243534e-14,-9.0,-1.5214882,-8.99999429,-0.0219859825,-0.791563062,-0.106961175,-0.808356006
0.00353628,-3.62727863e-13,-9.0,-1.51962381,-8.99999429,-0.022598489,-0.791562406,-0.106975855,-0.808362453
0.00353728,-4.50403861e-13,-9.0,-1.51775902,-8.99999429,-0.0232101034,-0.791561736,-0.10699096,-0.8083689
0.00353828,-9.3778427e-14,-9.0,-1.51589381,-8.99999429,-0.0238208014,-0.79156105,-0.107006491,-0.808375347
0.00353928,-3.39047263e-13,-9.0,-1.51402814,-8.99999429,-0.024430559,-0.791560349,-0.107022447,-0.808381793
0.00354028,-4.81599265e-13,-9.0,-1.51216201,-8.99999429,-0.0250393522,-0.791559634,-0.107038829,-0.808388241
0.00354128,-1.15796227e-13,-9.0,-1.51029538,-8.99999429,-0.0256471568,-0.791558903,-0.107055638,-0.808394688
0.00354228,-3.15013174e-13,-9.0,-1.50842824,-8.99999429,-0.026253949,-0.791558158,-0.107072872,-0.808401135
0.00354328,-5.09094714e-13,-9.0,-1.50656055,-8.99999428,-0.0268597047,-0.791557397,-0.107090533,-0.808407584
0.00354428,-1.42990752e-13,-9.0,-1.50469229,-8.99999428,-0.0274644,-0.791556622,-0.10710862,-0.808414032
0.00354528,-2.91449478e-13,-9.0,-1.50282344,-8.99999428,-0.028068011,-0.791555832,-0.107127134,-0.808420481
0.00354628,-5.3247894e-13,-9.0,-1.50095398,-8.99999428,-0.028670514,-0.791555027,-0.107146075,-0.808426931
0.00354728,-1.74961714e-13,-9.0,-1.49908387,-8.99999428,-0.0292718851,-0.791554207,-0.107165444,-0.808433382
0.00354828,-2.69179985e-13,-9.0,-1.49721311,-8.99999428,-0.0298721006,-0.791553372,-0.10718524,-0.808439833
0.00354928,-5.51450807e-13,-9.0,-1.49534165,-8.99999428,-0.0304711369,-0.791552523,-0.107205464,-0.808446286
0.00355028,-2.11205329e-13,-9.0,-1.49346949,-8.99999428,-0.0310689701,-0.791551658,-0.107226116,-0.808452739
0.00355128,-2.49008775e-13,-9.0,-1.49159659,-8.99999428,-0.0316655768,-0.791550779,-0.107247197,-0.808459194
0.00355228,-5.65826692e-13,-9.0,-1.48972293,-8.99999428,-0.0322609335,-0.791549886,-0.107268706,-0.808465649
0.00355328,-2.51126558e-13,-9.0,-1.48784849,-8.99999428,-0.0328550165,-0.791548977,-0.107290644,-0.808472106
0.00355428,-2.31700978e-13,-9.0,-1.48597324,-8.99999427,-0.0334478024,-0.791548054,-0.107313011,-0.808478564
0.00355528,-5.75544983e-13,-9.0,-1.48409716,-8.99999427,-0.0340392679,-0.791547117,-0.107335807,-0.808485024
0.00355628,-2.94053475e-13,-9.0,-1.48222022,-8.99999427,-0.0346293896,-0.791546164,-0.107359033,-0.808491485
0.00355728,-2.1796442e-13,-9.0,-1.4803424,-8.99999427,-0.0352181441,-0.791545197,-0.10738269,-0.808497948
0.00355828,-5.80667593e-13,-9.0,-1.47846369,-8.99999427,-0.0358055084,-0.791544216,-0.107406776,-0.808504412
0.00355928,-3.39253432e-13,-9.0,-1.47658404,-8.99999427,-0.036391459,-0.79154322,-0.107431293,-0.808510878
0.00356028,-2.08432602e-13,-9.0,-1.47470344,-8.99999427,-0.036975973,-0.791542209,-0.107456241,-0.808517346
0.00356128,-5.8137844e-13,-9.0,-1.47282187,-8.99999427,-0.0375590273,-0.791541184,-0.10748162,-0.808523816
0.00356228,-3.85950626e-13,-9.0,-1.4709393,-8.99999427,-0.0381405988,-0.791540145,-0.107507431,-0.808530288
0.00356328,-2.0364939e-13,-9.0,-1.4690557,-8.99999427,-0.0387206645,-0.791539091,-0.107533673,-0.808536762
0.00356428,-5.77978924e-13,-9.0,-1.46717106,-8.99999427,-0.0392992017,-0.791538023,-0.107560348,-0.808543238
0.00356528,-4.33344619e-13,-9.0,-1.46528535,-8.99999426,-0.0398761873,-0.79153694,-0.107587455,-0.808549716
0.00356628,-2.04055791e-13,-9.0,-1.46339854,-8.99999426,-0.0404515988,-0.791535843,-0.107614995,-0.808556197
0.00356728,-5.70880508e-13,-9.0,-1.46151061,-8.99999426,-0.0410254132,-0.791534732,-0.107642968,-0.80856268
0.00356828,-4.80629387e-13,-9.0,-1.45962154,-8.99999426,-0.0415976081,-0.791533607,-0.107671374,-0.808569165
0.00356928,-2.09979122e-13,-9.0,-1.45773131,-8.99999426,-0.0421681607,-0.791532467,-0.107700215,-0.808575653
0.00357028,-5.6059457e-13,-9.0,-1.45583988,-8.99999426,-0.0427370487,-0.791531313,-0.107729489,-0.808582143
0.00357128,-5.27012414e-13,-9.0,-1.45394723,-8.99999426,-0.0433042494,-0.791530145,-0.107759199,-0.808588637
0.00357228,-2.21624835e-13,-9.0,-1.45205335,-8.99999426,-0.0438697406,-0.791528963,-0.107789343,-0.808595132
0.00357328,-5.47719772e-13,-9.0,-1.45015821,-8.99999426,-0.0444334998,-0.791527766,-0.107819923,-0.808601631
0.00357428,-5.71733383e-13,-9.0,-1.44826177,-8.99999426,-0.0449955049,-0.791526556,-0.107850938,-0.808608133
0.00357528,-2.39071174e-13,-9.0,-1.44636403,-8.99999425,-0.0455557337,-0.791525331,-0.107882389,-0.808614638
0.00357628,-5.32927235e-13,-9.0,-1.44446495,-8.99999425,-0.046114164,-0.791524093,-0.107914277,-0.808621146
0.00357728,-6.14081987e-13,-9.0,-1.44256452,-8.99999425,-0.0466707738,-0.79152284,-0.107946602,-0.808627657
0.00357828,-2.62266806e-13,-9.0,-1.4406627,-8.99999425,-0.0472255411,-0.791521574,-0.107979364,-0.808634171
0.00357928,-5.16943883e-13,-9.0,-1.43875948,-8.99999425,-0.047778444,-0.791520294,-0.108012564,-0.808640689
0.00358028,-6.53414456e-13,-9.0,-1.43685482,-8.99999425,-0.0483294607,-0.791519,-0.108046202,-0.80864721
0.00358128,-2.91031461e-13,-9.0,-1.43494871,-8.99999425,-0.0488785694,-0.791517692,-0.108080279,-0.808653734
0.00358228,-5.00534337e-13,-9.0,-1.43304112,-8.99999425,-0.0494257485,-0.79151637,-0.108114794,-0.808660263
0.00358328,-6.89168369e-13,-9.0,-1.43113203,-8.99999425,-0.0499709764,-0.791515035,-0.108149749,-0.808666794
0.00358428,-3.25059572e-13,-9.0,-1.42922142,-8.99999425,-0.0505142315,-0.791513686,-0.108185144,-0.80867333
0.00358528,-4.84481802e-13,-9.0,-1.42730925,-8.99999425,-0.0510554924,-0.791512323,-0.108220979,-0.808679869
0.00358628,-7.20875414e-13,-9.0,-1.42539551,-8.99999424,-0.0515947377,-0.791510946,-0.108257255,-0.808686412
0.00358728,-3.63926818e-13,-9.0,-1.42348017,-8.99999424,-0.0521319461,-0.791509556,-0.108293971,-0.808692959
0.00358828,-4.69568401e-13,-9.0,-1.42156322,-8.99999424,-0.0526670964,-0.791508153,-0.10833113,-0.808699511
0.00358928,-7.48171767e-13,-9.0,-1.41964461,-8.99999424,-0.0532001675,-0.791506736,-0.108368731,-0.808706066
0.00359028,-4.07099416e-13,-9.0,-1.41772434,-8.99999424,-0.0537311384,-0.791505305,-0.108406774,-0.808712625
0.00359128,-4.56555419e-13,-9.0,-1.41580237,-8.99999424,-0.0542599881,-0.791503862,-0.10844526,-0.808719189
0.00359228,-7.70805855e-13,-9.0,-1.41387869,-8.99999424,-0.0547866957,-0.791502404,-0.108484189,-0.808725757
0.00359328,-4.53945923e-13,-9.0,-1.41195327,-8.99999424,-0.0553112404,-0.791500934,-0.108523563,-0.80873233
0.00359428,-4.46163933e-13,-9.0,-1.41002608,-8.99999424,-0.0558336015,-0.79149945,-0.108563381,-0.808738907
0.00359528,-7.88643298e-13,-9.0,-1.4080971,-8.99999424,-0.0563537583,-0.791497953,-0.108603644,-0.808745488
0.00359628,-5.03751277e-13,-9.0,-1.40616631,-8.99999423,-0.0568716905,-0.791496443,-0.108644352,-0.808752075
0.00359728,-4.39056298e-13,-9.0,-1.40423369,-8.99999423,-0.0573873774,-0.791494919,-0.108685507,-0.808758666
0.00359828,-8.0166892e-13,-9.0,-1.40229921,-8.99999423,-0.0579007988,-0.791493383,-0.108727107,-0.808765261
0.00359928,-5.55732731e-13,-9.0,-1.40036284,-8.99999423,-0.0584119343,-0.791491833,-0.108769155,-0.808771862
0.00360028,-4.35818921e-13,-9.0,-1.39842457,-8.99999423,-0.0589207639,-0.791490271,-0.108811651,-0.808778468
0.00360128,-8.09985776e-13,-9.0,-1.39648437,-8.99999423,-0.0594272674,-0.791488695,-0.108854594,-0.808785078
0.00360228,-6.09057291e-13,-9.0,-1.39454221,-8.99999423,-0.0599314247,-0.791487107,-0.108897986,-0.808791694
0.00360328,-4.36946751e-13,-9.0,-1.39259807,-8.99999423,-0.0604332161,-0.791485505,-0.108941827,-0.808798315
0.00360428,-8.1381122e-13,-9.0,-1.39065194,-8.99999423,-0.0609326217,-0.791483891,-0.108986117,-0.808804942
0.00360528,-6.62860254e-13,-9.0,-1.38870378,-8.99999423,-0.0614296218,-0.791482264,-0.109030858,-0.808811573
0.00360628,-4.42829842e-13,-9.0,-1.38675357,-8.99999423,-0.0619241967,-0.791480624,-0.109076049,-0.80881821
0.00360728,-8.13470109e-13,-9.0,-1.38480128,-8.99999422,-0.062416327,-0.791478972,-0.109121692,-0.808824853
0.00360828,-7.16264385e-13,-9.0,-1.38284691,-8.99999422,-0.0629059932,-0.791477307,-0.109167787,-0.808831501
0.00360928,-4.53742333e-13,-9.0,-1.38089041,-8.99999422,-0.0633931759,-0.79147563,-0.109214334,-0.808838154
0.00361028,-8.09385312e-13,-9.0,-1.37893177,-8.99999422,-0.063877856,-0.79147394,-0.109261334,-0.808844814
0.00361128,-7.6839929e-13,-9.0,-1.37697096,-8.99999422,-0.0643600143,-0.791472237,-0.109308787,-0.808851479
0.00361228,-4.698341e-13,-9.0,-1.37500797,-8.99999422,-0.0648396318,-0.791470522,-0.109356695,-0.80885815
0.00361328,-8.02065746e-13,-9.0,-1.37304276,-8.99999422,-0.0653166896,-0.791468795,-0.109405057,-0.808864827
0.00361428,-8.18420514e-13,-9.0,-1.37107532,-8.99999422,-0.0657911687,-0.791467055,-0.109453875,-0.80887151
0.00361528,-4.9112529e-13,-9.0,-1.36910561,-8.99999422,-0.0662630506,-0.791465303,-0.109503148,-0.808878199
0.00361628,-7.92092246e-13,-9.0,-1.36713363,-8.99999422,-0.0667323164,-0.791463539,-0.109552878,-0.808884895
0.00361728,-8.65527909e-13,-9.0,-1.36515934,-8.99999421,-0.0671989478,-0.791461763,-0.109603065,-0.808891596
0.00361828,-5.17503868e-13,-9.0,-1.36318271,-8.99999421,-0.0676629263,-0.791459975,-0.10965371,-0.808898304
0.00361928,-7.801016e-13,-9.0,-1.36120374,-8.99999421,-0.0681242336,-0.791458174,-0.109704813,-0.808905018
0.00362028,-9.08982845e-13,-9.0,-1.35922239,-8.99999421,-0.0685828514,-0.791456362,-0.109756375,-0.808911739
0.00362128,-5.48726256e-13,-9.0,-1.35723864,-8.99999421,-0.0690387618,-0.791454538,-0.109808397,-0.808918466
0.00362228,-7.66769156e-13,-9.0,-1.35525247,-8.99999421,-0.0694919466,-0.791452701,-0.109860879,-0.8089252
0.00362328,-9.48123849e-13,-9.0,-1.35326386,-8.99999421,-0.0699423879,-0.791450853,-0.109913821,-0.80893194
0.00362428,-5.84421042e-13,-9.0,-1.35127278,-8.99999421,-0.0703900681,-0.791448993,-0.109967226,-0.808938687
0.00362528,-7.52790409e-13,-9.0,-1.34927921,-8.99999421,-0.0708349693,-0.791447122,-0.110021092,-0.808945441
0.00362628,-9.82380316e-13,-9.0,-1.34728312,-8.99999421,-0.0712770742,-0.791445239,-0.110075421,-0.808952202
0.00362728,-6.24095688e-13,-9.0,-1.3452845,-8.9999942,-0.0717163651,-0.791443344,-0.110130214,-0.80895897
0.00362828,-7.38862037e-13,-9.0,-1.34328332,-8.9999942,-0.0721528248,-0.791441438,-0.110185471,-0.808965745
0.00362928,-1.01128395e-12,-9.0,-1.34127955,-8.9999942,-0.072586436,-0.79143952,-0.110241192,-0.808972527
0.00363028,-6.67146082e-13,-9.0,-1.33927319,-8.9999942,-0.0730171817,-0.791437591,-0.110297379,-0.808979316
0.00363128,-7.25662843e-13,-9.0,-1.33726419,-8.9999942,-0.0734450447,-0.79143565,-0.110354032,-0.808986112
0.00363228,-1.03447771e-12,-9.0,-1.33525255,-8.9999942,-0.0738700083,-0.791433698,-0.110411152,-0.808992916
0.00363328,-7.12868721e-13,-9.0,-1.33323823,-8.9999942,-0.0742920556,-0.791431735,-0.110468739,-0.808999727
0.00363428,-7.13835073e-13,-9.0,-1.33122122,-8.9999942,-0.07471117,-0.79142976,-0.110526795,-0.809006545
0.00363528,-1.05172201e-12,-9.0,-1.3292015,-8.9999942,-0.0751273349,-0.791427775,-0.110585319,-0.809013371
0.00363628,-7.60475239e-13,-9.0,-1.32717903,-8.9999942,-0.0755405339,-0.791425778,-0.110644313,-0.809020205
0.00363728,-7.03966586e-13,-9.0,-1.32515381,-8.99999419,-0.0759507507,-0.791423771,-0.110703777,-0.809027046
0.00363828,-1.06289807e-12,-9.0,-1.3231258,-8.99999419,-0.0763579691,-0.791421752,-0.110763713,-0.809033895
0.00363928,-8.09108947e-13,-9.0,-1.32109498,-8.99999419,-0.076762173,-0.791419723,-0.11082412,-0.809040751
0.00364028,-6.96574295e-13,-9.0,-1.31906134,-8.99999419,-0.0771633465,-0.791417683,-0.110884999,-0.809047616
0.00364128,-1.06800837e-12,-9.0,-1.31702485,-8.99999419,-0.0775614737,-0.791415632,-0.110946352,-0.809054488
0.00364228,-8.57863006e-13,-9.0,-1.31498549,-8.99999419,-0.0779565389,-0.79141357,-0.111008178,-0.809061369
0.00364328,-6.92089318e-13,-9.0,-1.31294324,-8.99999419,-0.0783485265,-0.791411498,-0.111070479,-0.809068257
0.00364428,-1.06717416e-12,-9.0,-1.31089807,-8.99999419,-0.078737421,-0.791409415,-0.111133255,-0.809075154
0.00364528,-9.05799804e-13,-9.0,-1.30884997,-8.99999419,-0.0791232071,-0.791407322,-0.111196508,-0.809082058
0.00364628,-6.90844191e-13,-9.0,-1.30679891,-8.99999419,-0.0795058696,-0.791405218,-0.111260237,-0.809088971
0.00364728,-1.06063008e-12,-9.0,-1.30474487,-8.99999418,-0.0798853933,-0.791403104,-0.111324444,-0.809095893
0.00364828,-9.51971095e-13,-9.0,-1.30268783,-8.99999418,-0.0802617633,-0.791400979,-0.111389129,-0.809102822
0.00364928,-6.93062483e-13,-9.0,-1.30062778,-8.99999418,-0.0806349647,-0.791398844,-0.111454293,-0.80910976
0.00365028,-1.04871624e-12,-9.0,-1.29856468,-8.99999418,-0.0810049828,-0.7913967,-0.111519937,-0.809116707
0.00365128,-9.95438434e-13,-9.0,-1.29649852,-8.99999418,-0.0813718029,-0.791394545,-0.111586061,-0.809123662
0.00365228,-6.9885107e-13,-9.0,-1.29442927,-8.99999418,-0.0817354106,-0.79139238,-0.111652667,-0.809130626
0.00365328,-1.03186762e-12,-9.0,-1.29235693,-8.99999418,-0.0820957915,-0.791390204,-0.111719756,-0.809137598
0.00365428,-1.03529342e-12,-9.0,-1.29028145,-8.99999418,-0.0824529314,-0.79138802,-0.111787327,-0.809144579
0.00365528,-7.08195271e-13,-9.0,-1.28820284,-8.99999418,-0.0828068163,-0.791385825,-0.111855382,-0.809151569
0.00365628,-1.01060137e-12,-9.0,-1.28612106,-8.99999418,-0.083157432,-0.79138362,-0.111923921,-0.809158568
0.00365728,-1.07067731e-12,-9.0,-1.28403609,-8.99999417,-0.0835047648,-0.791381406,-0.111992946,-0.809165575
0.00365828,-7.20956999e-13,-9.0,-1.28194792,-8.99999417,-0.0838488011,-0.791379182,-0.112062456,-0.809172592
0.00365928,-9.85502249e-13,-9.0,-1.27985653,-8.99999417,-0.0841895271,-0.791376949,-0.112132454,-0.809179618
0.00366028,-1.10079949e-12,-9.0,-1.27776189,-8.99999417,-0.0845269294,-0.791374706,-0.112202939,-0.809186652
0.00366128,-7.3687596e-13,-9.0,-1.27566399,-8.99999417,-0.0848609948,-0.791372453,-0.112273913,-0.809193696
0.00366228,-9.57206401e-13,-9.0,-1.27356281,-8.99999417,-0.08519171,-0.791370191,-0.112345376,-0.809200749
0.00366328,-1.12495449e-12,-9.0,-1.27145832,-8.99999417,-0.085519062,-0.79136792,-0.11241733,-0.809207812
0.00366428,-7.55573913e-13,-9.0,-1.26935051,-8.99999417,-0.0858430378,-0.79136564,-0.112489774,-0.809214883
0.00366528,-9.26384172e-13,-9.0,-1.26723937,-8.99999417,-0.0861636247,-0.791363351,-0.11256271,-0.809221964
0.00366628,-1.14253697e-12,-9.0,-1.26512486,-8.99999416,-0.08648081,-0.791361052,-0.112636138,-0.809229055
0.00366728,-7.76561902e-13,-9.0,-1.26300698,-8.99999416,-0.0867945812,-0.791358745,-0.11271006,-0.809236155
0.00366828,-8.93722151e-13,-9.0,-1.2608857,-8.99999416,-0.0871049259,-0.791356428,-0.112784476,-0.809243264
0.00366928,-1.15305457e-12,-9.0,-1.25876101,-8.99999416,-0.0874118318,-0.791354103,-0.112859388,-0.809250383
0.00367028,-7.99250297e-13,-9.0,-1.25663289,-8.99999416,-0.0877152869,-0.791351769,-0.112934795,-0.809257511
0.00367128,-8.59905007e-13,-9.0,-1.25450132,-8.99999416,-0.0880152791,-0.791349426,-0.113010699,-0.80926465
0.00367228,-1.15613811e-12,-9.0,-1.25236629,-8.99999416,-0.0883117966,-0.791347075,-0.113087101,-0.809271797
0.00367328,-8.2296142e-13,-9.0,-1.25022777,-8.99999416,-0.0886048277,-0.791344715,-0.113164001,-0.809278955
0.00367428,-8.25597539e-13,-9.0,-1.24808575,-8.99999416,-0.0888943609,-0.791342346,-0.1132414,-0.809286123
0.00367528,-1.15154904e-12,-9.0,-1.24594021,-8.99999416,-0.0891803847,-0.791339969,-0.113319299,-0.8092933
0.00367628,-8.46944483e-13,-9.0,-1.24379114,-8.99999415,-0.0894628877,-0.791337584,-0.1133977,-0.809300487
0.00367728,-7.91427403e-13,-9.0,-1.24163852,-8.99999415,-0.089741859,-0.79133519,-0.113476602,-0.809307684
0.00367828,-1.13918395e-12,-9.0,-1.23948233,-8.99999415,-0.0900172874,-0.791332788,-0.113556007,-0.809314891
0.00367928,-8.70392472e-13,-9.0,-1.23732257,-8.99999415,-0.090289162,-0.791330378,-0.113635916,-0.809322109
0.00368028,-7.57968925e-13,-9.0,-1.2351592,-8.99999415,-0.0905574722,-0.79132796,-0.113716329,-0.809329336
0.00368128,-1.11907607e-12,-9.0,-1.23299222,-8.99999415,-0.0908222073,-0.791325535,-0.113797248,-0.809336573
0.00368228,-8.92460602e-13,-9.0,-1.23082162,-8.99999415,-0.0910833569,-0.791323101,-0.113878672,-0.809343821
0.00368328,-7.2572842e-13,-9.0,-1.22864737,-8.99999415,-0.0913409108,-0.791320659,-0.113960604,-0.809351078
0.00368428,-1.09139359e-12,-9.0,-1.22646947,-8.99999415,-0.0915948586,-0.79131821,-0.114043044,-0.809358346
0.00368528,-9.12285911e-13,-9.0,-1.2242879,-8.99999414,-0.0918451904,-0.791315752,-0.114125992,-0.809365624
0.00368628,-6.9513138e-13,-9.0,-1.22210264,-8.99999414,-0.0920918963,-0.791313288,-0.114209451,-0.809372913
0.00368728,-1.05643516e-12,-9.0,-1.21991368,-8.99999414,-0.0923349666,-0.791310816,-0.114293419,-0.809380212
0.00368828,-9.29007518e-13,-9.0,-1.21772102,-8.99999414,-0.0925743917,-0.791308336,-0.1143779,-0.809387521
0.00368928,-6.66511838e-13,-9.0,-1.21552463,-8.99999414,-0.0928101621,-0.791305849,-0.114462892,-0.80939484
0.00369028,-1.01462229e-12,-9.0,-1.21332451,-8.99999414,-0.0930422685,-0.791303355,-0.114548398,-0.80940217
0.00369128,-9.41787091e-13,-9.0,-1.21112063,-8.99999414,-0.0932707018,-0.791300853,-0.114634418,-0.80940951
0.00369228,-6.40104192e-13,-9.0,-1.208913,-8.99999414,-0.0934954529,-0.791298344,-0.114720953,-0.809416861
0.00369328,-9.66489236e-13,-9.0,-1.2067016,-8.99999414,-0.0937165129,-0.791295829,-0.114808004,-0.809424222
0.00369428,-9.49829021e-13,-9.0,-1.20448642,-8.99999414,-0.0939338732,-0.791293306,-0.114895571,-0.809431594
0.00369528,-6.16037673e-13,-9.0,-1.20226744,-8.99999413,-0.0941475251,-0.791290776,-0.114983656,-0.809438977
0.00369628,-9.12670285e-13,-9.0,-1.20004466,-8.99999413,-0.0943574603,-0.79128824,-0.11507226,-0.809446369
0.00369728,-9.52399834e-13,-9.0,-1.19781807,-8.99999413,-0.0945636704,-0.791285697,-0.115161383,-0.809453773
0.00369828,-5.94333617e-13,-9.0,-1.19558766,-8.99999413,-0.0947661473,-0.791283147,-0.115251027,-0.809461187
0.00369928,-8.53885008e-13,-9.0,-1.19335342,-8.99999413,-0.0949648829,-0.791280591,-0.115341192,-0.809468612
0.00370028,-9.48846379e-13,-9.0,-1.19111534,-8.99999413,-0.0951598695,-0.791278028,-0.115431879,-0.809476047
0.00370128,-5.74905584e-13,-9.0,-1.18887342,-8.99999413,-0.0953510994,-0.791275459,-0.115523089,-0.809483493
0.00370228,-7.90921677e-13,-9.0,-1.18662764,-8.99999413,-0.095538565,-0.791272883,-0.115614823,-0.80949095
0.00370328,-9.38612348e-13,-9.0,-1.184378,-8.99999413,-0.0957222588,-0.791270301,-0.115707081,-0.809498417
0.00370428,-5.57562357e-13,-9.0,-1.18212449,-8.99999412,-0.0959021737,-0.791267713,-0.115799866,-0.809505895
0.00370528,-7.24619312e-13,-9.0,-1.17986711,-8.99999412,-0.0960783026,-0.791265119,-0.115893177,-0.809513383
0.00370628,-9.21252743e-13,-9.0,-1.17760586,-8.99999412,-0.0962506385,-0.791262519,-0.115987015,-0.809520883
0.00370728,-5.4201371e-13,-9.0,-1.17534072,-8.99999412,-0.0964191745,-0.791259913,-0.116081382,-0.809528393
0.00370828,-6.55848782e-13,-9.0,-1.17307169,-8.99999412,-0.0965839041,-0.791257301,-0.116176278,-0.809535913
0.00370928,-8.96445932e-13,-9.0,-1.17079877,-8.99999412,-0.0967448207,-0.791254683,-0.116271704,-0.809543445
0.00371028,-5.27878836e-13,-9.0,-1.16852196,-8.99999412,-0.096901918,-0.79125206,-0.116367662,-0.809550987
0.00371128,-5.85493402e-13,-9.0,-1.16624125,-8.99999412,-0.0970551898,-0.791249431,-0.116464151,-0.80955854
0.00371228,-8.64003007e-13,-9.0,-1.16395664,-8.99999412,-0.09720463,-0.791246797,-0.116561173,-0.809566103
0.00371328,-5.14697218e-13,-9.0,-1.16166813,-8.99999411,-0.0973502327,-0.791244157,-0.116658728,-0.809573677
0.00371428,-5.14429492e-13,-9.0,-1.15937573,-8.99999411,-0.0974919922,-0.791241512,-0.116756818,-0.809581262
0.00371528,-8.23874205e-13,-9.0,-1.15707942,-8.99999411,-0.0976299029,-0.791238861,-0.116855444,-0.809588857
0.00371628,-5.01941657e-13,-9.0,-1.15477921,-8.99999411,-0.0977639593,-0.791236206,-0.116954606,-0.809596463
0.00371728,-4.43507363e-13,-9.0,-1.1524751,-8.99999411,-0.0978941562,-0.791233545,-0.117054305,-0.809604079
0.00371828,-7.76152242e-13,-9.0,-1.1501671,-8.99999411,-0.0980204884,-0.791230879,-0.117154542,-0.809611707
0.00371928,-4.89033174e-13,-9.0,-1.14785521,-8.99999411,-0.0981429509,-0.791228208,-0.117255318,-0.809619344
0.00372028,-3.73533162e-13,-9.0,-1.14553942,-8.99999411,-0.0982615389,-0.791225533,-0.117356633,-0.809626992
0.00372128,-7.21072456e-13,-9.0,-1.14321975,-8.9999941,-0.0983762477,-0.791222853,-0.117458489,-0.809634651
0.00372228,-4.75357374e-13,-9.0,-1.1408962,-8.9999941,-0.0984870727,-0.791220168,-0.117560887,-0.80964232
0.00372328,-3.05252032e-13,-9.0,-1.13856878,-8.9999941,-0.0985940097,-0.791217478,-0.117663827,-0.80965
0.00372428,-6.59009754e-13,-9.0,-1.13623749,-8.9999941,-0.0986970543,-0.791214784,-0.11776731,-0.80965769
0.00372528,-4.60281903e-13,-9.0,-1.13390233,-8.9999941,-0.0987962026,-0.791212086,-0.117871337,-0.80966539
0.00372628,-2.39332937e-13,-9.0,-1.13156333,-8.9999941,-0.0988914505,-0.791209383,-0.117975909,-0.8096731
0.00372728,-5.90472425e-13,-9.0,-1.12922049,-8.9999941,-0.0989827944,-0.791206676,-0.118081027,-0.809680821
0.00372828,-4.4317454e-13,-9.0,-1.12687381,-8.9999941,-0.0990702306,-0.791203965,-0.11818669,-0.809688552
0.00372928,-1.76355548e-13,-9.0,-1.12452331,-8.9999941,-0.0991537557,-0.791201249,-0.118292902,-0.809696293
0.00373028,-5.16092942e-13,-9.0,-1.12216901,-8.99999409,-0.0992333664,-0.79119853,-0.118399661,-0.809704045
0.00373128,-4.23421486e-13,-9.0,-1.11981091,-8.99999409,-0.0993090595,-0.791195807,-0.118506969,-0.809711806
0.00373228,-1.1679945e-13,-9.0,-1.11744903,-8.99999409,-0.099380832,-0.79119308,-0.118614827,-0.809719577
0.00373328,-4.36615963e-13,-9.0,-1.11508339,-8.99999409,-0.0994486812,-0.791190349,-0.118723235,-0.809727358
0.00373428,-4.00445386e-13,-9.0,-1.11271399,-8.99999409,-0.0995126043,-0.791187615,-0.118832194,-0.809735149
0.00373528,-6.10359384e-14,-9.0,-1.11034087,-8.99999409,-0.0995725988,-0.791184877,-0.118941706,-0.80974295
0.00373628,-3.52883813e-13,-9.0,-1.10796403,-8.99999409,-0.0996286623,-0.791182136,-0.11905177,-0.809750761
0.00373728,-3.73722645e-13,-9.0,-1.1055835,-8.99999409,-0.0996807927,-0.791179391,-0.119162388,-0.809758581
0.00373828,-9.3225698e-15,-9.0,-1.10319929,-8.99999409,-0.0997289879,-0.791176643,-0.11927356,-0.80976641
0.00373928,-2.65819749e-13,-9.0,-1.10081144,-8.99999408,-0.0997732459,-0.791173892,-0.119385286,-0.809774249
0.00374028,-3.42799581e-13,-9.0,-1.09841996,-8.99999408,-0.0998135651,-0.791171138,-0.119497569,-0.809782098
0.00374128,3.81994176e-14,-9.0,-1.09602487,-8.99999408,-0.0998499438,-0.791168381,-0.119610408,-0.809789955
0.00374228,-1.76409423e-13,-9.0,-1.09362621,-8.99999408,-0.0998823805,-0.79116562,-0.119723804,-0.809797822
0.00374328,-3.07307024e-13,-9.0,-1.09122399,-8.99999408,-0.0999108741,-0.791162857,-0.119837758,-0.809805698
0.00374428,8.15047733e-14,-9.0,-1.08881826,-8.99999408,-0.0999354234,-0.791160092,-0.119952271,-0.809813583
0.00374528,-8.56809386e-14,-9.0,-1.08640903,-8.99999408,-0.0999560274,-0.791157323,-0.120067343,-0.809821476
0.00374628,-2.66972984e-13,-9.0,-1.08399634,-8.99999408,-0.0999726853,-0.791154552,-0.120182974,-0.809829378
0.00374728,1.20681024e-13,-9.0,-1.08158022,-8.99999407,-0.0999853965,-0.791151779,-0.120299166,-0.809837289
0.00374828,5.31601913e-15,-9.0,-1.07916071,-8.99999407,-0.0999941604,-0.791149003,-0.120415919,-0.809845208
0.00374928,-2.21633052e-13,-9.0,-1.07673784,-8.99999407,-0.0999989767,-0.791146225,-0.120533234,-0.809853136
0.00375028,1.55922386e-13,-9.0,-1.07430175,-8.99999407,-0.0999998452,-0.791143442,-0.120651277,-0.809861231
0.00375128,9.55303781e-14,-9.0,-1.07185323,-8.99999407,-0.0999967659,-0.791140657,-0.120769783,-0.809869227
0.00375228,-1.71237041e-13,-9.0,-1.06941495,-8.99999407,-0.0999897389,-0.791137874,-0.120888649,-0.809877032
0.00375328,1.87522903e-13,-9.0,-1.06698813,-8.99999407,-0.0999787645,-0.79113509,-0.121008165,-0.809884937
0.00375428,1.83934317e-13,-9.0,-1.06455928,-8.99999407,-0.0999638431,-0.791132302,-0.121128274,-0.80989288
0.00375528,-1.15859374e-13,-9.0,-1.06212522,-8.99999406,-0.0999449753,-0.791129513,-0.121248961,-0.809900845
0.00375628,2.15859773e-13,-9.0,-1.05968561,-8.99999406,-0.0999221618,-0.791126721,-0.121370219,-0.809908823
0.00375728,2.69542174e-13,-9.0,-1.05724095,-8.99999406,-0.0998954036,-0.791123928,-0.121492046,-0.809916811
0.00375828,-5.56929462e-14,-9.0,-1.05479186,-8.99999406,-0.0998647017,-0.791121133,-0.121614441,-0.809924807
0.00375928,2.41387829e-13,-9.0,-1.05233888,-8.99999406,-0.0998300572,-0.791118337,-0.121737404,-0.80993281
0.00376028,3.514273e-13,-9.0,-1.04988242,-8.99999406,-0.0997914717,-0.791115539,-0.121860934,-0.80994082
0.00376128,8.94574119e-15,-9.0,-1.04742277,-8.99999406,-0.0997489466,-0.791112741,-0.121985032,-0.809948836
0.00376228,2.64620166e-13,-9.0,-1.04496016,-8.99999406,-0.0997024835,-0.791109941,-0.122109698,-0.809956858
0.00376328,4.28744239e-13,-9.0,-1.04249473,-8.99999406,-0.0996520844,-0.79110714,-0.122234933,-0.809964885
0.00376428,7.762183e-14,-9.0,-1.04002662,-8.99999405,-0.0995977512,-0.791104339,-0.122360738,-0.809972919
0.00376528,2.86112955e-13,-9.0,-1.03755592,-8.99999405,-0.099539486,-0.791101536,-0.122487111,-0.809980957
0.00376628,5.00743966e-13,-9.0,-1.03508273,-8.99999405,-0.0994772912,-0.791098733,-0.122614054,-0.809989001
0.00376728,1.49788732e-13,-9.0,-1.03260712,-8.99999405,-0.0994111692,-0.791095929,-0.122741568,-0.809997049
0.00376828,3.06448267e-13,-9.0,-1.03012918,-8.99999405,-0.0993411226,-0.791093124,-0.122869651,-0.810005102
0.00376928,5.66788126e-13,-9.0,-1.02764899,-8.99999405,-0.0992671541,-0.791090319,-0.122998305,-0.810013159
0.00377028,2.24797527e-13,-9.0,-1.02516661,-8.99999405,-0.0991892668,-0.791087514,-0.123127529,-0.81002122
0.00377128,3.26216375e-13,-9.0,-1.02268215,-8.99999405,-0.0991074637,-0.791084709,-0.123257324,-0.810029285
0.00377228,6.26360709e-13,-9.0,-1.02019566,-8.99999404,-0.099021748,-0.791081903,-0.12338769,-0.810037354
0.00377328,3.01908937e-13,-9.0,-1.01770725,-8.99999404,-0.098932123,-0.791079097,-0.123518627,-0.810045425
0.00377428,3.4599797e-13,-9.0,-1.015217,-8.99999404,-0.0988385924,-0.791076292,-0.123650136,-0.8100535
0.00377528,6.79076913e-13,-9.0,-1.01272498,-8.99999404,-0.0987411598,-0.791073486,-0.123782215,-0.810061577
0.00377628,3.80307597e-13,-9.0,-1.01023131,-8.99999404,-0.0986398291,-0.791070681,-0.123914866,-0.810069656
0.00377728,3.66346754e-13,-9.0,-1.00773607,-8.99999404,-0.0985346043,-0.791067876,-0.124048088,-0.810077737
0.00377828,7.2468899e-13,-9.0,-1.00523936,-8.99999404,-0.0984254894,-0.791065071,-0.124181881,-0.81008582
0.00377928,4.59118312e-13,-9.0,-1.00274128,-8.99999404,-0.0983124889,-0.791062267,-0.124316245,-0.810093904
0.00378028,3.87772828e-13,-9.0,-1.00024194,-8.99999403,-0.0981956072,-0.791059463,-0.12445118,-0.810101989
0.00378128,7.63088976e-13,-9.0,-0.997741439,-8.99999403,-0.0980748489,-0.79105666,-0.124586686,-0.810110075
0.00378228,5.37423924e-13,-9.0,-0.995239892,-8.99999403,-0.0979502188,-0.791053858,-0.124722763,-0.81011816
0.00378328,4.10727318e-13,-9.0,-0.992737412,-8.99999403,-0.0978217218,-0.791051057,-0.124859411,-0.810126246
0.00378428,7.94308222e-13,-9.0,-0.990234116,-8.99999403,-0.0976893629,-0.791048257,-0.124996628,-0.81013433
0.00378528,6.1428437e-13,-9.0,-0.987730125,-8.99999403,-0.0975531474,-0.791045458,-0.125134416,-0.810142414
0.00378628,4.35588608e-13,-9.0,-0.985225563,-8.99999403,-0.0974130807,-0.79104266,-0.125272773,-0.810150496
0.00378728,8.18513798e-13,-9.0,-0.982720559,-8.99999403,-0.0972691683,-0.791039864,-0.125411699,-0.810158576
0.00378828,6.88756503e-13,-9.0,-0.980215242,-8.99999402,-0.0971214159,-0.791037068,-0.125551194,-0.810166654
0.00378928,4.62650526e-13,-9.0,-0.97770975,-8.99999402,-0.0969698293,-0.791034275,-0.125691257,-0.810174729
0.00379028,8.36001831e-13,-9.0,-0.975204221,-8.99999402,-0.0968144144,-0.791031483,-0.125831888,-0.810182801
0.00379128,7.59914203e-13,-9.0,-0.972698799,-8.99999402,-0.0966551775,-0.791028692,-0.125973087,-0.810190868
0.00379228,4.92112797e-13,-9.0,-0.970193629,-8.99999402,-0.0964921249,-0.791025903,-0.126114852,-0.810198932
0.00379328,8.47187977e-13,-9.0,-0.967688864,-8.99999402,-0.0963252629,-0.791023117,-0.126257183,-0.810206991
0.00379428,8.2686831e-13,-9.0,-0.96518466,-8.99999402,-0.0961545981,-0.791020332,-0.126400079,-0.810215044
0.00379528,5.2407399e-13,-9.0,-0.962681175,-8.99999402,-0.0959801373,-0.791017549,-0.12654354,-0.810223092
0.00379628,8.52595259e-13,-9.0,-0.960178575,-8.99999402,-0.0958018874,-0.791014769,-0.126687564,-0.810231133
0.00379728,8.88785917e-13,-9.0,-0.957677027,-8.99999401,-0.0956198554,-0.791011991,-0.126832152,-0.810239167
0.00379828,5.58527139e-13,-9.0,-0.955176704,-8.99999401,-0.0954340484,-0.791009215,-0.126977301,-0.810247194
0.00379928,8.52839574e-13,-9.0,-0.952677786,-8.99999401,-0.095244474,-0.791006442,-0.127123011,-0.810255212
0.00380028,9.44908557e-13,-9.0,-0.950180454,-8.99999401,-0.0950511394,-0.791003671,-0.127269282,-0.810263222
0.00380128,5.9535817e-13,-9.0,-0.947684895,-8.99999401,-0.0948540523,-0.791000903,-0.127416111,-0.810271222
0.00380228,8.4861322e-13,-9.0,-0.945191303,-8.99999401,-0.0946532206,-0.790998138,-0.127563497,-0.810279212
0.00380328,9.94568866e-13,-9.0,-0.942699875,-8.99999401,-0.0944486521,-0.790995375,-0.127711441,-0.810287192
0.00380428,6.3434715e-13,-9.0,-0.940210813,-8.99999401,-0.094240355,-0.790992616,-0.127859939,-0.81029516
0.00380528,8.40666857e-13,-9.0,-0.937724326,-8.999994,-0.0940283374,-0.79098986,-0.128008991,-0.810303116
0.00380628,1.03720532e-12,-9.0,-0.935240626,-8.999994,-0.0938126078,-0.790987107,-0.128158596,-0.81031106
0.00380728,6.75172362e-13,-9.0,-0.932759934,-8.999994,-0.0935931746,-0.790984358,-0.128308751,-0.810318989
0.00380828,8.2979033e-13,-9.0,-0.930282473,-8.999994,-0.0933700464,-0.790981612,-0.128459456,-0.810326905
0.00380928,1.07237469e-12,-9.0,-0.927808473,-8.999994,-0.0931432322,-0.790978869,-0.128610708,-0.810334806
0.00381028,7.17417081e-13,-9.0,-0.925338172,-8.999994,-0.0929127409,-0.79097613,-0.128762507,-0.81034269
0.00381128,8.16792817e-13,-9.0,-0.92287181,-8.999994,-0.0926785815,-0.790973395,-0.12891485,-0.810350559
0.00381228,1.09976194e-12,-9.0,-0.920409637,-8.999994,-0.0924407633,-0.790970664,-0.129067735,-0.81035841
0.00381328,7.60578924e-13,-9.0,-0.917951906,-8.99999399,-0.0921992958,-0.790967936,-0.129221161,-0.810366242
0.00381428,8.02482787e-13,-9.0,-0.915498879,-8.99999399,-0.0919541883,-0.790965213,-0.129375125,-0.810374056
0.00381528,1.11918727e-12,-9.0,-0.913050824,-8.99999399,-0.0917054507,-0.790962494,-0.129529625,-0.810381849
0.00381628,8.04081506e-13,-9.0,-0.910608012,-8.99999399,-0.0914530927,-0.790959779,-0.12968466,-0.810389622
0.00381728,7.87648238e-13,-9.0,-0.908170727,-8.99999399,-0.0911971242,-0.790957069,-0.129840226,-0.810397373
0.00381828,1.13061026e-12,-9.0,-0.905739255,-8.99999399,-0.0909375555,-0.790954363,-0.129996322,-0.810405101
0.00381928,8.47288157e-13,-9.0,-0.903313891,-8.99999399,-0.0906743967,-0.790951662,-0.130152945,-0.810412805
0.00382028,7.73037693e-13,-9.0,-0.900894936,-8.99999399,-0.0904076583,-0.790948966,-0.130310092,-0.810420485
0.00382128,1.13413081e-12,-9.0,-0.8984827,-8.99999399,-0.0901373507,-0.790946274,-0.130467761,-0.810428139
0.00382228,8.8951734e-13,-9.0,-0.896077499,-8.99999398,-0.0898634846,-0.790943588,-0.130625949,-0.810435766
0.00382328,7.59342401e-13,-9.0,-0.893679658,-8.99999398,-0.0895860709,-0.790940906,-0.130784654,-0.810443366
0.00382428,1.12998706e-12,-9.0,-0.891289508,-8.99999398,-0.0893051204,-0.79093823,-0.130943871,-0.810450936
0.00382528,9.30059401e-13,-9.0,-0.888907388,-8.99999398,-0.0890206444,-0.790935559,-0.131103599,-0.810458477
0.00382628,7.47180165e-13,-9.0,-0.886533648,-8.99999398,-0.088732654,-0.790932894,-0.131263834,-0.810465986
0.00382728,1.11855015e-12,-9.0,-0.884168643,-8.99999398,-0.0884411605,-0.790930234,-0.131424573,-0.810473463
0.00382828,9.68194238e-13,-9.0,-0.881812737,-8.99999398,-0.0881461756,-0.790927579,-0.131585812,-0.810480907
0.00382928,7.37081178e-13,-9.0,-0.879466303,-8.99999398,-0.0878477108,-0.790924931,-0.131747548,-0.810488316
0.00383028,1.10031613e-12,-9.0,-0.877129722,-8.99999397,-0.0875457779,-0.790922288,-0.131909777,-0.810495689
0.00383128,1.00320945e-12,-9.0,-0.874803386,-8.99999397,-0.0872403889,-0.790919652,-0.132072496,-0.810503025
0.00383228,7.29476186e-13,-9.0,-0.872487693,-8.99999397,-0.0869315557,-0.790917021,-0.132235701,-0.810510322
0.00383328,1.07589494e-12,-9.0,-0.870183051,-8.99999397,-0.0866192907,-0.790914397,-0.132399387,-0.810517579
0.00383428,1.03441855e-12,-9.0,-0.867889879,-8.99999397,-0.086303606,-0.79091178,-0.13256355,-0.810524796
0.00383528,7.24687266e-13,-9.0,-0.865608605,-8.99999397,-0.0859845143,-0.790909168,-0.132728188,-0.810531969
0.00383628,1.04599701e-12,-9.0,-0.863339664,-8.99999397,-0.085662028,-0.790906564,-0.132893294,-0.810539099
0.00383728,1.06117868e-12,-9.0,-0.861083503,-8.99999397,-0.08533616,-0.790903966,-0.133058864,-0.810546183
0.00383828,7.22921419e-13,-9.0,-0.858840581,-8.99999397,-0.085006923,-0.790901375,-0.133224894,-0.810553221
0.00383928,1.01141755e-12,-9.0,-0.856611362,-8.99999397,-0.0846743301,-0.790898791,-0.13339138,-0.81056021
0.00384028,1.08290761e-12,-9.0,-0.854396326,-8.99999396,-0.0843383944,-0.790896214,-0.133558315,-0.810567149
0.00384128,7.24267104e-13,-9.0,-0.852195959,-8.99999396,-0.0839991291,-0.790893645,-0.133725695,-0.810574036
0.00384228,9.73019017e-13,-9.0,-0.850010761,-8.99999396,-0.0836565477,-0.790891082,-0.133893515,-0.810580871
0.00384328,1.09909927e-12,-9.0,-0.847841239,-8.99999396,-0.0833106637,-0.790888528,-0.13406177,-0.81058765
0.00384428,7.28693811e-13,-9.0,-0.845687917,-8.99999396,-0.0829614908,-0.790885981,-0.134230453,-0.810594373
0.00384528,9.31712107e-13,-9.0,-0.843551323,-8.99999396,-0.0826090426,-0.790883441,-0.134399559,-0.810601038
0.00384628,1.10933781e-12,-9.0,-0.841432003,-8.99999396,-0.0822533332,-0.79088091,-0.134569083,-0.810607643
0.00384728,7.36054632e-13,-9.0,-0.839330511,-8.99999396,-0.0818943766,-0.790878387,-0.134739018,-0.810614186
0.00384828,8.88435773e-13,-9.0,-0.837247413,-8.99999396,-0.0815321869,-0.790875872,-0.134909357,-0.810620666
0.00384928,1.11330946e-12,-9.0,-0.835183287,-8.99999395,-0.0811667785,-0.790873365,-0.135080096,-0.81062708
0.00385028,7.46091777e-13,-9.0,-0.833138725,-8.99999395,-0.0807981657,-0.790870867,-0.135251226,-0.810633427
0.00385128,8.44136659e-13,-9.0,-0.83111433,-8.99999395,-0.0804263632,-0.790868377,-0.135422741,-0.810639705
0.00385228,1.11081219e-12,-9.0,-0.829110716,-8.99999395,-0.0800513856,-0.790865896,-0.135594635,-0.810645912
0.00385328,7.58444867e-13,-9.0,-0.827128513,-8.99999395,-0.0796732476,-0.790863424,-0.135766901,-0.810652045
0.00385428,7.99748479e-13,-9.0,-0.82516836,-8.99999395,-0.0792919644,-0.790860961,-0.13593953,-0.810658103
0.00385528,1.10176269e-12,-9.0,-0.823230913,-8.99999395,-0.0789075508,-0.790858507,-0.136112515,-0.810664084
0.00385628,7.72661797e-13,-9.0,-0.821316838,-8.99999395,-0.078520022,-0.790856062,-0.13628585,-0.810669985
0.00385728,7.56171795e-13,-9.0,-0.819426817,-8.99999395,-0.0781293935,-0.790853626,-0.136459525,-0.810675805
0.00385828,1.08620065e-12,-9.0,-0.817561544,-8.99999395,-0.0777356805,-0.790851201,-0.136633533,-0.81068154
0.00385928,7.88211887e-13,-9.0,-0.815721726,-8.99999395,-0.0773388987,-0.790848785,-0.136807865,-0.810687189
0.00386028,7.14254666e-13,-9.0,-0.813908086,-8.99999394,-0.0769390636,-0.790846379,-0.136982513,-0.81069275
0.00386128,1.06429012e-12,-9.0,-0.81212136,-8.99999394,-0.0765361911,-0.790843982,-0.137157469,-0.81069822
0.00386228,8.04500978e-13,-9.0,-0.810362299,-8.99999394,-0.0761302971,-0.790841596,-0.137332722,-0.810703597
0.00386328,6.7477462e-13,-9.0,-0.808631667,-8.99999394,-0.0757213976,-0.790839221,-0.137508265,-0.810708878
0.00386428,1.03631796e-12,-9.0,-0.806930244,-8.99999394,-0.0753095088,-0.790836856,-0.137684087,-0.810714061
0.00386528,8.20888113e-13,-9.0,-0.805258824,-8.99999394,-0.0748946469,-0.790834501,-0.13786018,-0.810719143
0.00386628,6.38422361e-13,-9.0,-0.803618216,-8.99999394,-0.0744768282,-0.790832157,-0.138036532,-0.810724121
0.00386728,1.00268932e-12,-9.0,-0.802009245,-8.99999394,-0.0740560694,-0.790829824,-0.138213134,-0.810728994
0.00386828,8.36703353e-13,-9.0,-0.800432749,-8.99999394,-0.0736323869,-0.790827503,-0.138389976,-0.810733758
0.00386928,6.05787582e-13,-9.0,-0.798889584,-8.99999394,-0.0732057976,-0.790825192,-0.138567046,-0.81073841
0.00387028,9.63920338e-13,-9.0,-0.79738062,-8.99999394,-0.0727763182,-0.790822893,-0.138744335,-0.810742949
0.00387128,8.51266317e-13,-9.0,-0.795906743,-8.99999394,-0.0723439657,-0.790820605,-0.138921831,-0.81074737
0.00387228,5.77347215e-13,-9.0,-0.794468854,-8.99999394,-0.0719087572,-0.79081833,-0.139099522,-0.810751672
0.00387328,9.20628182e-13,-9.0,-0.793067871,-8.99999394,-0.0714707099,-0.790816066,-0.139277397,-0.81075585
0.00387428,8.6390496e-13,-9.0,-0.791704728,-8.99999393,-0.071029841,-0.790813814,-0.139455444,-0.810759903
0.00387528,5.5345638e-13,-9.0,-0.790380374,-8.99999393,-0.070586168,-0.790811574,-0.139633651,-0.810763827
0.00387628,8.73518576e-13,-9.0,-0.789095774,-8.99999393,-0.0701397084,-0.790809347,-0.139812005,-0.81076762
0.00387728,8.73974127e-13,-9.0,-0.787851911,-8.99999393,-0.0696904798,-0.790807133,-0.139990494,-0.810771277
0.00387828,5.34342236e-13,-9.0,-0.786649783,-8.99999393,-0.0692384999,-0.790804931,-0.140169104,-0.810774795
0.00387928,8.23371242e-13,-9.0,-0.785490405,-8.99999393,-0.0687837866,-0.790802742,-0.140347822,-0.810778173
0.00388028,8.8087343e-13,-9.0,-0.784374807,-8.99999393,-0.0683263579,-0.790800566,-0.140526635,-0.810781405
0.00388128,5.20100873e-13,-9.0,-0.783304039,-8.99999393,-0.0678662317,-0.790798403,-0.140705528,-0.81078449
0.00388228,7.71023472e-13,-9.0,-0.782279163,-8.99999393,-0.0674034263,-0.790796254,-0.140884488,-0.810787423
0.00388328,8.84064003e-13,-9.0,-0.78130126,-8.99999393,-0.0669379599,-0.790794119,-0.141063499,-0.810790201
0.00388428,5.10697296e-13,-9.0,-0.780371429,-8.99999393,-0.0664698509,-0.790791997,-0.141242548,-0.81079282
0.00388528,7.17352285e-13,-9.0,-0.779490782,-8.99999393,-0.0659991178,-0.79078989,-0.141421618,-0.810795278
0.00388628,8.83083707e-13,-9.0,-0.778660451,-8.99999393,-0.0655257792,-0.790787796,-0.141600695,-0.810797569
0.00388728,5.05968498e-13,-9.0,-0.777881581,-8.99999393,-0.0650498537,-0.790785717,-0.141779762,-0.810799692
0.00388828,6.63255544e-13,-9.0,-0.777155338,-8.99999393,-0.0645713602,-0.790783653,-0.141958804,-0.810801641
0.00388928,8.77560427e-13,-9.0,-0.7764829,-8.99999393,-0.0640903175,-0.790781603,-0.142137804,-0.810803414
0.00389028,5.05629541e-13,-9.0,-0.775865464,-8.99999393,-0.0636067446,-0.790779568,-0.142316745,-0.810805006
0.00389128,6.09632501e-13,-9.0,-0.775304242,-8.99999393,-0.0631206607,-0.790777548,-0.142495611,-0.810806413
0.00389228,8.6722312e-13,-9.0,-0.774800463,-8.99999393,-0.0626320848,-0.790775544,-0.142674383,-0.810807632
0.00389328,5.09282473e-13,-9.0,-0.774355371,-8.99999393,-0.0621410364,-0.790773555,-0.142853044,-0.810808658
0.00389428,5.57364219e-13,-9.0,-0.773970226,-8.99999393,-0.0616475347,-0.790771582,-0.143031576,-0.810809488
0.00389528,8.51910339e-13,-9.0,-0.773646304,-8.99999393,-0.0611515993,-0.790769625,-0.14320996,-0.810810118
0.00389628,5.16427878e-13,-9.0,-0.773384898,-8.99999393,-0.0606532497,-0.790767684,-0.143388178,-0.810810542
0.00389728,5.07294336e-13,-9.0,-0.773187312,-8.99999393,-0.0601525056,-0.790765759,-0.14356621,-0.810810758
0.00389828,8.31576034e-13,-9.0,-0.773054869,-8.99999393,-0.0596493868,-0.790763851,-0.143744036,-0.810810761
0.00389928,5.2647876e-13,-9.0,-0.772988904,-8.99999393,-0.0591439132,-0.79076196,-0.143921638,-0.810810546
0.00390028,4.60210625e-13,-9.0,-0.772990769,-8.99999393,-0.0586361046,-0.790760085,-0.144098994,-0.810810109
0.00390128,8.06292461e-13,-9.0,-0.773061828,-8.99999393,-0.0581259812,-0.790758228,-0.144276084,-0.810809446
0.00390228,5.3877643e-13,-9.0,-0.773203459,-8.99999393,-0.0576135631,-0.790756388,-0.144452887,-0.810808553
0.00390328,4.16827792e-13,-9.0,-0.773417054,-8.99999393,-0.0570988705,-0.790754565,-0.144629382,-0.810807424
0.00390428,7.76250147e-13,-9.0,-0.773704018,-8.99999393,-0.0565819238,-0.790752761,-0.144805547,-0.810806056
0.00390528,5.52608003e-13,-9.0,-0.774065766,-8.99999393,-0.0560627433,-0.790750974,-0.144981359,-0.810804444
0.00390628,3.77771917e-13,-9.0,-0.774503729,-8.99999393,-0.0555413495,-0.790749206,-0.145156797,-0.810802583
0.00390728,7.41754898e-13,-9.0,-0.775019347,-8.99999393,-0.055017763,-0.790747456,-0.145331837,-0.810800468
0.00390828,5.67225087e-13,-9.0,-0.775614072,-8.99999393,-0.0544920046,-0.790745725,-0.145506457,-0.810798096
0.00390928,3.43566915e-13,-9.0,-0.776289364,-8.99999393,-0.0539640948,-0.790744012,-0.145680632,-0.81079546
0.00391028,7.03221917e-13,-9.0,-0.777046697,-8.99999393,-0.0534340547,-0.790742319,-0.145854339,-0.810792557
0.00391128,5.81863209e-13,-9.0,-0.777887549,-8.99999393,-0.0529019051,-0.790740645,-0.146027553,-0.810789381
0.00391228,3.14623328e-13,-9.0,-0.778813412,-8.99999393,-0.052367667,-0.790738991,-0.146200249,-0.810785928
0.00391328,6.61167174e-13,-9.0,-0.779825781,-8.99999393,-0.0518313616,-0.790737356,-0.146372404,-0.810782193
0.00391428,5.95761509e-13,-9.0,-0.780926162,-8.99999393,-0.0512930099,-0.790735741,-0.14654399,-0.81077817
0.00391528,2.91229736e-13,-9.0,-0.782116062,-8.99999393,-0.0507526332,-0.790734147,-0.146714983,-0.810773856
0.00391628,6.16196244e-13,-9.0,-0.783396999,-8.99999393,-0.050210253,-0.790732573,-0.146885355,-0.810769245
0.00391728,6.08182231e-13,-9.0,-0.784770493,-8.99999394,-0.0496658905,-0.79073102,-0.147055081,-0.810764332
0.00391828,2.73546978e-13,-9.0,-0.786238066,-8.99999394,-0.0491195673,-0.790729487,-0.147224133,-0.810759112
0.00391928,5.68990864e-13,-9.0,-0.787801245,-8.99999394,-0.0485713049,-0.790727976,-0.147392485,-0.81075358
0.00392028,6.18429546e-13,-9.0,-0.789461557,-8.99999394,-0.048021125,-0.790726486,-0.147560108,-0.810747731
0.00392128,2.61605327e-13,-9.0,-0.791220531,-8.99999394,-0.0474690493,-0.790725018,-0.147726974,-0.81074156
0.00392228,5.20293549e-13,-9.0,-0.793079695,-8.99999394,-0.0469150997,-0.790723572,-0.147893055,-0.810735063
0.00392328,6.25867244e-13,-9.0,-0.795040575,-8.99999394,-0.0463592979,-0.790722147,-0.148058323,-0.810728233
0.00392428,2.55304693e-13,-9.0,-0.797104693,-8.99999394,-0.0458016659,-0.790720745,-0.148222747,-0.810721066
0.00392528,4.70890633e-13,-9.0,-0.799273569,-8.99999394,-0.0452422257,-0.790719365,-0.1483863,-0.810713557
0.00392628,6.29934884e-13,-9.0,-0.801548716,-8.99999395,-0.0446809995,-0.790718009,-0.14854895,-0.810705701
0.00392728,2.54417846e-13,-9.0,-0.803931642,-8.99999395,-0.0441180093,-0.790716675,-0.148710668,-0.810697492
0.00392828,4.21594147e-13,-9.0,-0.806423846,-8.99999395,-0.0435532775,-0.790715364,-0.148871424,-0.810688926
0.00392928,6.3016202e-13,-9.0,-0.809026817,-8.99999395,-0.0429868262,-0.790714077,-0.149031186,-0.810679999
0.00393028,2.58596592e-13,-9.0,-0.811742033,-8.99999395,-0.0424186779,-0.790712814,-0.149189924,-0.810670704
0.00393128,3.73222968e-13,-9.0,-0.814570961,-8.99999395,-0.0418488549,-0.790711574,-0.149347606,-0.810661036
0.00393228,6.26180148e-13,-9.0,-0.817515054,-8.99999395,-0.0412773799,-0.790710359,-0.1495042,-0.810650992
0.00393328,2.67380751e-13,-9.0,-0.820575747,-8.99999396,-0.0407042752,-0.790709167,-0.149659675,-0.810640566
0.00393428,3.26583708e-13,-9.0,-0.82375446,-8.99999396,-0.0401295637,-0.790708001,-0.149813999,-0.810629753
0.00393528,6.17732105e-13,-9.0,-0.827052594,-8.99999396,-0.0395532679,-0.790706859,-0.149967138,-0.810618549
0.00393628,2.80209721e-13,-9.0,-0.830471528,-8.99999396,-0.0389754106,-0.790705743,-0.150119061,-0.810606948
0.00393728,2.82451794e-13,-9.0,-0.83401262,-8.99999396,-0.0383960146,-0.790704651,-0.150269733,-0.810594946
0.00393828,6.04678694e-13,-9.0,-0.837677203,-8.99999397,-0.0378151028,-0.790703585,-0.150419123,-0.810582539
0.00393928,2.96436377e-13,-9.0,-0.841466584,-8.99999397,-0.0372326981,-0.790702545,-0.150567196,-0.810569721
0.00394028,2.41553204e-13,-9.0,-0.845382043,-8.99999397,-0.0366488236,-0.790701531,-0.150713919,-0.810556489
0.00394128,5.87002385e-13,-9.0,-0.849424828,-8.99999397,-0.0360635022,-0.790700543,-0.150859257,-0.810542838
0.00394228,3.15342947e-13,-9.0,-0.853596156,-8.99999397,-0.0354767571,-0.790699581,-0.151003178,-0.810528763
0.00394328,2.04547313e-13,-9.0,-0.857897212,-8.99999398,-0.0348886114,-0.790698646,-0.151145646,-0.810514261
0.00394428,5.64808001e-13,-9.0,-0.862329143,-8.99999398,-0.0342990884,-0.790697737,-0.151286628,-0.810499327
0.00394528,3.36158504e-13,-9.0,-0.866893057,-8.99999398,-0.0337082113,-0.790696856,-0.151426088,-0.810483957
0.00394628,1.72011247e-13,-9.0,-0.871590024,-8.99999398,-0.0331160035,-0.790696001,-0.151563993,-0.810468147
0.00394728,5.38320383e-13,-9.0,-0.876421071,-8.99999399,-0.0325224883,-0.790695174,-0.151700307,-0.810451894
0.00394828,3.58077668e-13,-9.0,-0.881387181,-8.99999399,-0.0319276892,-0.790694375,-0.151834996,-0.810435194
0.00394928,1.44426142e-13,-9.0,-0.886489289,-8.99999399,-0.0313316296,-0.790693603,-0.151968025,-0.810418043
0.00395028,5.07879092e-13,-9.0,-0.891728282,-8.99999399,-0.0307343331,-0.79069286,-0.152099359,-0.810400439
0.00395128,3.80280049e-13,-9.0,-0.897104997,-8.999994,-0.0301358233,-0.790692144,-0.152228963,-0.810382376
0.00395228,1.22165644e-13,-9.0,-0.902620217,-8.999994,-0.0295361237,-0.790691457,-0.152356802,-0.810363854
0.00395328,4.73930292e-13,-9.0,-0.908274668,-8.999994,-0.0289352582,-0.790690798,-0.152482841,-0.810344867
0.00395428,4.01949994e-13,-9.0,-0.91406902,-8.99999401,-0.0283332503,-0.790690168,-0.152607045,-0.810325415
0.00395528,1.05486923e-13,-9.0,-0.920003883,-8.99999401,-0.0277301238,-0.790689566,-0.15272938,-0.810305494
0.00395628,4.37016e-13,-9.0,-0.926079805,-8.99999401,-0.0271259027,-0.790688994,-0.15284981,-0.810285102
0.00395728,4.22296156e-13,-9.0,-0.932297268,-8.99999402,-0.0265206106,-0.790688451,-0.152968302,-0.810264236
0.00395828,9.45244263e-14,-9.0,-0.93865669,-8.99999402,-0.0259142715,-0.790687937,-0.153084819,-0.810242894
0.00395928,3.9776097e-13,-9.0,-0.945158416,-8.99999402,-0.0253069094,-0.790687452,-0.153199329,-0.810221076
0.00396028,4.40570418e-13,-9.0,-0.951802725,-8.99999403,-0.0246985483,-0.790686997,-0.153311797,-0.810198778
0.00396128,8.92865374e-14,-9.0,-0.958589819,-8.99999403,-0.024089212,-0.790686572,-0.153422188,-0.810176
0.00396228,3.56857552e-13,-9.0,-0.965519827,-8.99999403,-0.0234789248,-0.790686176,-0.15353047,-0.810152741
0.00396328,4.5608574e-13,-9.0,-0.972592799,-8.99999404,-0.0228677107,-0.79068581,-0.153636607,-0.810128999
0.00396428,8.96552075e-14,-9.0,-0.979808706,-8.99999404,-0.0222555938,-0.790685475,-0.153740568,-0.810104774
0.00396528,3.1504886e-13,-9.0,-0.987167438,-8.99999404,-0.0216425982,-0.790685169,-0.15384232,-0.810080065
0.00396628,4.68232479e-13,-9.0,-0.994668802,-8.99999405,-0.0210287483,-0.790684894,-0.153941828,-0.810054873
0.00396728,9.53885905e-14,-9.0,-1.00231252,-8.99999405,-0.0204140682,-0.790684649,-0.154039063,-0.810029196
0.00396828,2.73110692e-13,-9.0,-1.01009822,-8.99999406,-0.0197985821,-0.790684434,-0.15413399,-0.810003037
0.00396928,4.76492816e-13,-9.0,-1.01802546,-8.99999406,-0.0191823145,-0.79068425,-0.154226579,-0.809976394
0.00397028,1.06126614e-13,-9.0,-1.02609368,-8.99999406,-0.0185652896,-0.790684096,-0.1543168,-0.80994927
0.00397128,2.31832623e-13,-9.0,-1.03430225,-8.99999407,-0.0179475317,-0.790683973,-0.15440462,-0.809921665
0.00397228,4.80452943e-13,-9.0,-1.04265044,-8.99999407,-0.0173290653,-0.79068388,-0.154490011,-0.809893581
0.00397328,1.21399361e-13,-9.0,-1.05113742,-8.99999408,-0.0167099148,-0.790683818,-0.154572942,-0.80986502
0.00397428,1.91998736e-13,-9.0,-1.05976227,-8.99999408,-0.0160901046,-0.790683787,-0.154653384,-0.809835983
0.00397528,4.79812717e-13,-9.0,-1.06852396,-8.99999409,-0.0154696592,-0.790683787,-0.15473131,-0.809806473
0.00397628,1.40638065e-13,-9.0,-1.07742139,-8.99999409,-0.0148486031,-0.790683817,-0.154806691,-0.809776493
0.00397728,1.54368463e-13,-9.0,-1.08645333,-8.9999941,-0.0142269607,-0.790683878,-0.1548795,-0.809746046
0.00397828,4.74392552e-13,-9.0,-1.09561846,-8.9999941,-0.0136047568,-0.79068397,-0.154949711,-0.809715135
0.00397928,1.63188454e-13,-9.0,-1.10491536,-8.99999411,-0.0129820157,-0.790684092,-0.155017297,-0.809683764
0.00398028,1.19657988e-13,-9.0,-1.11434251,-8.99999411,-0.0123587621,-0.790684245,-0.155082234,-0.809651938
0.00398128,4.64137403e-13,-9.0,-1.12389828,-8.99999412,-0.0117350206,-0.790684429,-0.155144497,-0.809619659
0.00398228,1.88326142e-13,-9.0,-1.13358095,-8.99999412,-0.0111108159,-0.790684643,-0.155204062,-0.809586934
0.00398328,8.85226795e-14,-9.0,-1.14338869,-8.99999413,-0.0104861725,-0.790684888,-0.155260908,-0.809553767
0.00398428,4.4911773e-13,-9.0,-1.15331955,-8.99999413,-0.00986111512,-0.790685163,-0.155315011,-0.809520163
0.00398528,2.15273676e-13,-9.0,-1.16337152,-8.99999414,-0.00923566845,-0.790685469,-0.15536635,-0.809486129
0.00398628,6.15409695e-14,-9.0,-1.17354244,-8.99999414,-0.00860985717,-0.790685804,-0.155414906,-0.809451671
0.00398728,4.29527433e-13,-9.0,-1.18383008,-8.99999415,-0.00798370599,-0.790686171,-0.155460659,-0.809416794
0.00398828,2.43218858e-13,-9.0,-1.1942321,-8.99999415,-0.00735723963,-0.790686567,-0.15550359,-0.809381506
0.00398928,3.92000693e-14,-9.0,-1.20474604,-8.99999416,-0.00673048282,-0.790686993,-0.155543682,-0.809345815
0.00399028,4.05678813e-13,-9.0,-1.21536938,-8.99999416,-0.00610346029,-0.790687449,-0.155580919,-0.809309726
0.00399128,2.71333891e-13,-9.0,-1.22609946,-8.99999417,-0.00547619682,-0.790687935,-0.155615284,-0.809273249
0.00399228,2.18838732e-14,-9.0,-1.23693356,-8.99999417,-0.00484871715,-0.79068845,-0.155646764,-0.809236392
0.00399328,3.77994682e-13,-9.0,-1.24786883,-8.99999418,-0.00422104606,-0.790688995,-0.155675344,-0.809199163
0.00399428,2.98794894e-13,-9.0,-1.25890235,-8.99999418,-0.00359320834,-0.790689569,-0.155701013,-0.809161571
0.00399528,9.863341e-15,-9.0,-1.2700311,-8.99999419,-0.00296522876,-0.790690172,-0.155723758,-0.809123625
0.00399628,3.46997801e-13,-9.0,-1.28125197,-8.9999942,-0.00233713212,-0.790690804,-0.15574357,-0.809085335
0.00399728,3.24801321e-13,-9.0,-1.29256175,-8.9999942,-0.00170894321,-0.790691464,-0.155760439,-0.80904671
0.00399828,3.28959454e-15,-9.0,-1.30395717,-8.99999421,-0.00108068684,-0.790692153,-0.155774357,-0.809007762
0.00399928,3.1329793e-13,-9.0,-1.31543485,-8.99999421,-0.000452387799,-0.790692871,-0.155785316,-0.8089685
0.00400028,3.48594818e-13,-9.0,-1.32699135,-8.99999422,0.000175929098,-0.790693616,-0.155793312,-0.808928936
0.00400128,2.18989572e-15,-9.0,-1.33862314,-8.99999422,0.000804239049,-0.79069439,-0.155798339,-0.80888908
0.00400228,2.77576779e-13,-9.0,-1.35032662,-8.99999423,0.00143251725,-0.79069519,-0.155800393,-0.808848945
0.00400328,3.69477069e-13,-9.0,-1.36209812,-8.99999424,0.0020607389,-0.790696019,-0.155799472,-0.808808541
0.00400428,6.46660542e-15,-9.0,-1.37393389,-8.99999424,0.00268887919,-0.790696874,-0.155795574,-0.80876788
0.00400528,2.40571229e-13,-9.0,-1.38583014,-8.99999425,0.00331691333,-0.790697756,-0.1557887,-0.808726976
0.00400628,3.86826201e-13,-9.0,-1.39778298,-8.99999425,0.00394481653,-0.790698665,-0.15577885,-0.808685841
0.00400728,1.58991501e-14,-9.0,-1.40978851,-8.99999426,0.00457256399,-0.7906996,-0.155766027,-0.808644486
0.00400828,2.03055244e-13,-9.0,-1.42184273,-8.99999427,0.00520013093,-0.79070056,-0.155750233,-0.808602927
0.00400928,4.00111362e-13,-9.0,-1.43394163,-8.99999427,0.00582749259,-0.790701547,-0.155731473,-0.808561175
0.00401028,3.01489502e-14,-9.0,-1.44608113,-8.99999428,0.00645462418,-0.790702559,-0.155709753,-0.808519244
0.00401128,1.65820885e-13,-9.0,-1.45825712,-8.99999429,0.00708150095,-0.790703596,-0.155685079,-0.808477148
0.00401228,4.08905111e-13,-9.0,-1.47046543,-8.99999429,0.00770809816,-0.790704658,-0.15565746,-0.8084349
0.00401328,4.87671942e-14,-9.0,-1.48270189,-8.9999943,0.00833439107,-0.790705744,-0.155626904,-0.808392515
0.00401428,1.29658909e-13,-9.0,-1.49496229,-8.9999943,0.00896035495,-0.790706854,-0.155593421,-0.808350007
0.00401528,4.12893334e-13,-9.0,-1.50724238,-8.99999431,0.00958596509,-0.790707989,-0.155557023,-0.808307391
0.00401628,7.12052709e-14,-9.0,-1.51953792,-8.99999432,0.0102111968,-0.790709146,-0.155517723,-0.80826468
0.00401728,9.53393995e-14,-9.0,-1.53184462,-8.99999432,0.0108360254,-0.790710327,-0.155475533,-0.808221889
0.00401828,4.11882449e-13,-9.0,-1.5441582,-8.99999433,0.0114604262,-0.790711531,-0.155430468,-0.808179033
0.00401928,9.68276123e-14,-9.0,-1.55647438,-8.99999433,0.0120843745,-0.790712757,-0.155382544,-0.808136127
0.00402028,6.35929094e-14,-9.0,-1.56878887,-8.99999434,0.0127078458,-0.790714005,-0.155331778,-0.808093186
0.00402128,4.05803713e-13,-9.0,-1.58109739,-8.99999435,0.0133308154,-0.790715274,-0.155278187,-0.808050223
0.00402228,1.24926637e-13,-9.0,-1.59339565,-8.99999435,0.0139532587,-0.790716566,-0.155221789,-0.808007256
0.00402328,3.50925649e-14,-9.0,-1.60567939,-8.99999436,0.0145751512,-0.790717878,-0.155162605,-0.807964297
0.00402428,3.94714552e-13,-9.0,-1.61794437,-8.99999436,0.0151964683,-0.790719211,-0.155100656,-0.807921363
0.00402528,1.54739438e-13,-9.0,-1.63018635,-8.99999437,0.0158171854,-0.790720564,-0.155035963,-0.807878468
0.00402628,1.04375608e-14,-9.0,-1.64240115,-8.99999438,0.0164372781,-0.790721937,-0.154968548,-0.807835627
0.00402728,3.78796864e-13,-9.0,-1.6545846,-8.99999438,0.0170567219,-0.79072333,-0.154898434,-0.807792855
0.00402828,1.85465811e-13,-9.0,-1.66673255,-8.99999439,0.0176754923,-0.790724742,-0.154825647,-0.807750167
0.00402928,-9.86155352e-15,-9.0,-1.67884092,-8.99999439,0.0182935649,-0.790726173,-0.154750212,-0.807707578
0.00403028,3.58352335e-13,-9.0,-1.69090566,-8.9999944,0.0189109154,-0.790727622,-0.154672154,-0.807665102
0.00403128,2.16287193e-13,-9.0,-1.70292277,-8.99999441,0.0195275192,-0.79072909,-0.1545915,-0.807622753
0.00403228,-2.53954451e-14,-9.0,-1.71488829,-8.99999441,0.0201433522,-0.790730575,-0.154508277,-0.807580547
0.00403328,3.337949e-13,-9.0,-1.72679834,-8.99999442,0.0207583899,-0.790732078,-0.154422514,-0.807538497
0.00403428,2.46386054e-13,-9.0,-1.73864907,-8.99999442,0.0213726081,-0.790733598,-0.154334241,-0.807496618
0.00403528,-3.58661214e-14,-9.0,-1.7504367,-8.99999443,0.0219859825,-0.790735135,-0.154243486,-0.807454924
0.00403628,3.05640512e-13,-9.0,-1.76215754,-8.99999444,0.022598489,-0.790736688,-0.154150279,-0.807413428
0.00403728,2.74965282e-13,-9.0,-1.77380795,-8.99999444,0.0232101034,-0.790738257,-0.154054653,-0.807372145
0.00403828,-4.10943647e-14,-9.0,-1.78538436,-8.99999445,0.0238208014,-0.790739842,-0.153956637,-0.807331086
0.00403928,2.74494467e-13,-9.0,-1.79688327,-8.99999445,0.024430559,-0.790741442,-0.153856265,-0.807290267
0.00404028,3.0126708e-13,-9.0,-1.80830128,-8.99999446,0.0250393522,-0.790743057,-0.153753569,-0.807249699
0.00404128,-4.10242982e-14,-9.0,-1.81963506,-8.99999446,0.0256471568,-0.790744687,-0.153648582,-0.807209396
0.00404228,2.41036607e-13,-9.0,-1.83088136,-8.99999447,0.026253949,-0.790746331,-0.153541337,-0.807169369
0.00404328,3.24590939e-13,-9.0,-1.84203702,-8.99999448,0.0268597047,-0.790747989,-0.153431868,-0.807129632
0.00404428,-3.57249734e-14,-9.0,-1.85309896,-8.99999448,0.0274644,-0.790749661,-0.153320211,-0.807090195
0.00404528,2.06004724e-13,-9.0,-1.8640642,-8.99999449,0.028068011,-0.790751346,-0.153206398,-0.807051072
0.00404628,3.44310244e-13,-9.0,-1.87492985,-8.99999449,0.028670514,-0.790753044,-0.153090466,-0.807012272
0.00404728,-2.53889418e-14,-9.0,-1.88569312,-8.9999945,0.0292718851,-0.790754755,-0.152972451,-0.806973808
0.00404828,1.70176607e-13,-9.0,-1.89635129,-8.9999945,0.0298721006,-0.790756479,-0.152852386,-0.806935689
0.00404928,3.59887118e-13,-9.0,-1.90690175,-8.99999451,0.0304711369,-0.790758214,-0.152730309,-0.806897927
0.00405028,-1.03278436e-14,-9.0,-1.91734201,-8.99999451,0.0310689701,-0.790759962,-0.152606256,-0.806860531
0.00405128,1.34351117e-13,-9.0,-1.92766965,-8.99999452,0.0316655768,-0.790761721,-0.152480262,-0.806823512
0.00405228,3.70885141e-13,-9.0,-1.93788235,-8.99999452,0.0322609335,-0.790763491,-0.152352364,-0.806786878
0.00405328,9.03487715e-15,-9.0,-1.9479779,-8.99999453,0.0328550165,-0.790765273,-0.1522226,-0.806750639
0.00405428,9.93287845e-14,-9.0,-1.95795419,-8.99999453,0.0334478024,-0.790767065,-0.152091004,-0.806714804
0.00405528,3.76979641e-13,-9.0,-1.9678092,-8.99999454,0.0340392679,-0.790768868,-0.151957615,-0.806679381
0.00405628,3.21739594e-14,-9.0,-1.97754103,-8.99999454,0.0346293896,-0.790770681,-0.15182247,-0.806644378
0.00405728,6.58923717e-14,-9.0,-1.98714786,-8.99999455,0.0352181441,-0.790772504,-0.151685604,-0.806609803
0.00405828,3.77965319e-13,-9.0,-1.99662798,-8.99999455,0.0358055084,-0.790774336,-0.151547055,-0.806575663
0.00405928,5.84747699e-14,-9.0,-2.00597977,-8.99999456,0.036391459,-0.790776178,-0.151406859,-0.806541965
0.00406028,3.47878718e-14,-9.0,-2.01520174,-8.99999456,0.036975973,-0.79077803,-0.151265054,-0.806508716
0.00406128,3.73761007e-13,-9.0,-2.02429245,-8.99999456,0.0375590273,-0.79077989,-0.151121676,-0.806475923
0.00406228,8.72479094e-14,-9.0,-2.03325061,-8.99999457,0.0381405988,-0.790781759,-0.150976762,-0.806443591
0.00406328,6.70640795e-15,-9.0,-2.04207499,-8.99999457,0.0387206645,-0.790783637,-0.150830347,-0.806411725
0.00406428,3.64411454e-13,-9.0,-2.05076446,-8.99999458,0.0392992017,-0.790785524,-0.15068247,-0.806380332
0.00406528,1.17745626e-13,-9.0,-2.05931802,-8.99999458,0.0398761873,-0.790787418,-0.150533165,-0.806349416
0.00406628,-1.77325406e-14,-9.0,-2.06773472,-8.99999458,0.0404515988,-0.790789321,-0.15038247,-0.806318981
0.00406728,3.50086098e-13,-9.0,-2.07601372,-8.99999459,0.0410254132,-0.790791231,-0.150230419,-0.806289031
0.00406828,1.49179643e-13,-9.0,-2.0841543,-8.99999459,0.0415976081,-0.790793149,-0.150077048,-0.806259572
0.00406928,-3.79961785e-14,-9.0,-2.09215577,-8.9999946,0.0421681607,-0.790795075,-0.149922394,-0.806230605
0.00407028,3.31074847e-13,-9.0,-2.10001759,-8.9999946,0.0427370487,-0.790797007,-0.14976649,-0.806202134
0.00407128,1.80739969e-13,-9.0,-2.10773927,-8.9999946,0.0433042494,-0.790798947,-0.149609373,-0.806174163
0.00407228,-5.36513407e-14,-9.0,-2.11532041,-8.99999461,0.0438697406,-0.790800894,-0.149451076,-0.806146692
0.00407328,3.07780979e-13,-9.0,-2.12276072,-8.99999461,0.0444334998,-0.790802848,-0.149291634,-0.806119726
0.00407428,2.11614246e-13,-9.0,-2.13005995,-8.99999461,0.0449955049,-0.790804808,-0.149131081,-0.806093265
0.00407528,-6.43750337e-14,-9.0,-2.13721796,-8.99999462,0.0455557337,-0.790806775,-0.148969452,-0.806067311
0.00407628,2.8071132e-13,-9.0,-2.14423468,-8.99999462,0.046114164,-0.790808749,-0.148806779,-0.806041866
0.00407728,2.41007154e-13,-9.0,-2.15111013,-8.99999462,0.0466707738,-0.790810728,-0.148643095,-0.806016929
0.00407828,-6.99623191e-14,-9.0,-2.15784437,-8.99999463,0.0472255411,-0.790812714,-0.148478434,-0.805992503
0.00407928,2.50463943e-13,-9.0,-2.16443757,-8.99999463,0.047778444,-0.790814706,-0.148312827,-0.805968587
0.00408028,2.68159421e-13,-9.0,-2.17088994,-8.99999463,0.0483294607,-0.790816703,-0.148146308,-0.805945181
0.00408128,-7.03313502e-14,-9.0,-2.17720179,-8.99999464,0.0488785694,-0.790818707,-0.147978907,-0.805922285
0.00408228,2.17713686e-13,-9.0,-2.18337346,-8.99999464,0.0494257485,-0.790820716,-0.147810657,-0.805899898
0.00408328,2.92365977e-13,-9.0,-2.18940539,-8.99999464,0.0499709764,-0.790822731,-0.147641587,-0.805878021
0.00408428,-6.5525441e-14,-9.0,-2.19529806,-8.99999465,0.0505142315,-0.790824751,-0.147471729,-0.805856651
0.00408528,1.83195823e-13,-9.0,-2.201052,-8.99999465,0.0510554924,-0.790826777,-0.147301113,-0.805835788
0.00408628,3.12992805e-13,-9.0,-2.20666784,-8.99999465,0.0515947377,-0.790828808,-0.147129768,-0.80581543
0.00408728,-5.57121178e-14,-9.0,-2.21214621,-8.99999465,0.0521319461,-0.790830844,-0.146957724,-0.805795575
0.00408828,1.47688302e-13,-9.0,-2.21748785,-8.99999466,0.0526670964,-0.790832885,-0.14678501,-0.805776222
0.00408928,3.294921e-13,-9.0,-2.22269351,-8.99999466,0.0532001675,-0.790834932,-0.146611655,-0.805757368
0.00409028,-4.11791778e-14,-9.0,-2.227764,-8.99999466,0.0537311384,-0.790836983,-0.146437686,-0.805739011
0.00409128,1.11992955e-13,-9.0,-2.23270019,-8.99999466,0.0542599881,-0.79083904,-0.146263132,-0.805721148
0.00409228,3.41415352e-13,-9.0,-2.23750298,-8.99999467,0.0547866957,-0.790841101,-0.14608802,-0.805703776
0.00409328,-2.23278482e-14,-9.0,-2.24217333,-8.99999467,0.0553112404,-0.790843167,-0.145912376,-0.805686893
0.00409428,7.69161423e-14,-9.0,-2.24671222,-8.99999467,0.0558336015,-0.790845238,-0.145736227,-0.805670496
0.00409528,3.48424065e-13,-9.0,-2.25112069,-8.99999467,0.0563537583,-0.790847314,-0.1455596,-0.80565458
0.00409628,3.36787347e-16,-9.0,-2.2553998,-8.99999467,0.0568716905,-0.790849394,-0.14538252,-0.805639143
0.00409728,4.32492994e-14,-9.0,-2.25955066,-8.99999468,0.0573873774,-0.790851479,-0.145205011,-0.805624181
0.00409828,3.50297815e-13,-9.0,-2.26357441,-8.99999468,0.0579007988,-0.790853568,-0.1450271,-0.80560969
0.00409928,2.62178668e-14,-9.0,-2.26747222,-8.99999468,0.0584119343,-0.790855662,-0.14484881,-0.805595666
0.00410028,1.17498432e-14,-9.0,-2.27124528,-8.99999468,0.0589207639,-0.790857761,-0.144670165,-0.805582105
0.00410128,3.46939497e-13,-9.0,-2.27489484,-8.99999468,0.0594272674,-0.790859864,-0.144491189,-0.805569003
0.00410228,5.4641039e-14,-9.0,-2.27842213,-8.99999468,0.0599314247,-0.790861971,-0.144311905,-0.805556356
0.00410328,-1.68770958e-14,-9.0,-2.28182843,-8.99999469,0.0604332161,-0.790864083,-0.144132335,-0.805544159
0.00410428,3.383776e-13,-9.0,-2.28511507,-8.99999469,0.0609326217,-0.790866199,-0.143952503,-0.805532407
0.00410528,8.48706226e-14,-9.0,-2.28828334,-8.99999469,0.0614296218,-0.790868319,-0.143772429,-0.805521096
0.00410628,-4.19956782e-14,-9.0,-2.29133461,-8.99999469,0.0619241967,-0.790870444,-0.143592136,-0.805510222
0.00410728,3.24765469e-13,-9.0,-2.29427022,-8.99999469,0.062416327,-0.790872573,-0.143411644,-0.805499779
0.00410828,1.16127244e-13,-9.0,-2.29709157,-8.99999469,0.0629059932,-0.790874706,-0.143230973,-0.805489762
0.00410928,-6.30546907e-14,-9.0,-2.29980003,-8.99999469,0.0633931759,-0.790876844,-0.143050146,-0.805480166
0.00411028,3.06377578e-13,-9.0,-2.30239703,-8.99999469,0.063877856,-0.790878986,-0.14286918,-0.805470987
0.00411128,1.4760653e-13,-9.0,-2.30488398,-8.9999947,0.0643600143,-0.790881131,-0.142688096,-0.805462219
0.00411228,-7.96008406e-14,-9.0,-2.30726231,-8.9999947,0.0648396318,-0.790883281,-0.142506913,-0.805453857
0.00411328,2.83602883e-13,-9.0,-2.30953346,-8.9999947,0.0653166896,-0.790885436,-0.142325649,-0.805445896
0.00411428,1.7849841e-13,-9.0,-2.31169889,-8.9999947,0.0657911687,-0.790887594,-0.142144323,-0.80543833
0.00411528,-9.12896921e-14,-9.0,-2.31376004,-8.9999947,0.0662630506,-0.790889756,-0.141962952,-0.805431155
0.00411628,2.56935442e-13,-9.0,-2.31571838,-8.9999947,0.0667323164,-0.790891923,-0.141781555,-0.805424364
0.00411728,2.08006552e-13,-9.0,-2.31757537,-8.9999947,0.0671989478,-0.790894094,-0.141600148,-0.805417952
0.00411828,-9.78939813e-14,-9.0,-2.3193325,-8.9999947,0.0676629263,-0.790896268,-0.141418749,-0.805411914
0.00411928,2.26962495e-13,-9.0,-2.32099122,-8.9999947,0.0681242336,-0.790898447,-0.141237373,-0.805406245
0.00412028,2.35367481e-13,-9.0,-2.32255302,-8.9999947,0.0685828514,-0.79090063,-0.141056038,-0.805400939
0.00412128,-9.93091096e-14,-9.0,-2.32401936,-8.9999947,0.0690387618,-0.790902817,-0.140874758,-0.80539599
0.00412228,1.94350328e-13,-9.0,-2.32539173,-8.9999947,0.0694919466,-0.790905008,-0.140693549,-0.805391393
0.00412328,2.59868905e-13,-9.0,-2.3266716,-8.99999471,0.0699423879,-0.790907203,-0.140512426,-0.805387142
0.00412428,-9.55556846e-14,-9.0,-2.32786044,-8.99999471,0.0703900681,-0.790909402,-0.140331404,-0.805383233
0.00412528,1.59828218e-13,-9.0,-2.32895972,-8.99999471,0.0708349693,-0.790911605,-0.140150497,-0.805379659
0.00412628,2.80866818e-13,-9.0,-2.32997089,-8.99999471,0.0712770742,-0.790913812,-0.13996972,-0.805376414
0.00412728,-8.67790476e-14,-9.0,-2.33089543,-8.99999471,0.0717163651,-0.790916024,-0.139789086,-0.805373494
0.00412828,1.24170887e-13,-9.0,-2.33173478,-8.99999471,0.0721528248,-0.790918239,-0.139608609,-0.805370893
0.00412928,2.9780096e-13,-9.0,-2.33249039,-8.99999471,0.072586436,-0.790920458,-0.139428301,-0.805368606
0.00413028,-7.32457982e-14,-9.0,-2.33316371,-8.99999471,0.0730171817,-0.790922681,-0.139248176,-0.805366626
0.00413128,8.81798522e-14,-9.0,-2.33375615,-8.99999471,0.0734450447,-0.790924908,-0.139068246,-0.805364949
0.00413228,3.10208272e-13,-9.0,-2.33426917,-8.99999471,0.0738700083,-0.790927139,-0.138888524,-0.805363569
0.00413328,-5.53374013e-14,-9.0,-2.33470415,-8.99999471,0.0742920556,-0.790929374,-0.138709021,-0.805362481
0.00413428,5.26641436e-14,-9.0,-2.33506252,-8.99999471,0.07471117,-0.790931613,-0.138529748,-0.80536168
0.00413528,3.17734015e-13,-9.0,-2.33534568,-8.99999471,0.0751273349,-0.790933856,-0.138350718,-0.805361159
0.00413628,-3.35410291e-14,-9.0,-2.335555,-8.99999471,0.0755405339,-0.790936102,-0.138171941,-0.805360915
0.00413728,1.84208395e-14,-9.0,-2.33569186,-8.99999471,0.0759507507,-0.790938353,-0.137993429,-0.805360941
0.00413828,3.20140283e-13,-9.0,-2.33575763,-8.99999471,0.0763579691,-0.790940608,-0.137815191,-0.805361232
0.00413928,-8.43785929e-15,-9.0,-2.33575367,-8.99999471,0.076762173,-0.790942866,-0.137637238,-0.805361783
0.00414028,-1.37841066e-14,-9.0,-2.33568131,-8.99999471,0.0771633465,-0.790945129,-0.13745958,-0.80536259
0.00414128,3.1731172e-13,-9.0,-2.33554187,-8.99999471,0.0775614737,-0.790947395,-0.137282227,-0.805363646
0.00414228,1.93108893e-14,-9.0,-2.33533669,-8.99999471,0.0779565389,-0.790949665,-0.137105188,-0.805364948
0.00414328,-4.32525613e-14,-9.0,-2.33506706,-8.99999471,0.0783485265,-0.790951939,-0.136928472,-0.805366489
0.00414428,3.09225091e-13,-9.0,-2.33473426,-8.99999471,0.078737421,-0.790954217,-0.136752089,-0.805368266
0.00414528,4.89540827e-14,-9.0,-2.33433959,-8.99999471,0.0791232071,-0.790956499,-0.136576048,-0.805370273
0.00414628,-6.93190795e-14,-9.0,-2.33388429,-8.99999471,0.0795058696,-0.790958784,-0.136400356,-0.805372505
0.00414728,2.9606094e-13,-9.0,-2.33336961,-8.99999471,0.0798853933,-0.790961073,-0.136225022,-0.805374957
0.00414828,7.9751786e-14,-9.0,-2.33279679,-8.99999471,0.0802617633,-0.790963366,-0.136050055,-0.805377625
0.00414928,-9.14089096e-14,-9.0,-2.33216706,-8.9999947,0.0806349647,-0.790965663,-0.135875462,-0.805380505
0.00415028,2.78068742e-13,-9.0,-2.3314816,-8.9999947,0.0810049828,-0.790967964,-0.135701251,-0.80538359
0.00415128,1.10901689e-13,-9.0,-2.33074161,-8.9999947,0.0813718029,-0.790970268,-0.135527429,-0.805386878
0.00415228,-1.09051785e-13,-9.0,-2.32994827,-8.9999947,0.0817354106,-0.790972576,-0.135354004,-0.805390363
0.00415328,2.55620152e-13,-9.0,-2.32910273,-8.9999947,0.0820957915,-0.790974888,-0.135180982,-0.805394041
0.00415428,1.41593872e-13,-9.0,-2.32820615,-8.9999947,0.0824529314,-0.790977203,-0.135008371,-0.805397908
0.00415528,-1.21884653e-13,-9.0,-2.32725964,-8.9999947,0.0828068163,-0.790979522,-0.134836177,-0.805401958
0.00415628,2.29193654e-13,-9.0,-2.32626432,-8.9999947,0.083157432,-0.790981845,-0.134664407,-0.805406189
0.00415728,1.7102909e-13,-9.0,-2.32522129,-8.9999947,0.0835047648,-0.790984171,-0.134493066,-0.805410595
0.00415828,-1.2966044e-13,-9.0,-2.32413163,-8.9999947,0.0838488011,-0.790986501,-0.134322162,-0.805415173
0.00415928,1.9936302e-13,-9.0,-2.32299641,-8.9999947,0.0841895271,-0.790988834,-0.134151699,-0.805419918
0.00416028,1.98437958e-13,-9.0,-2.32181668,-8.9999947,0.0845269294,-0.790991171,-0.133981684,-0.805424827
0.00416128,-1.32254029e-13,-9.0,-2.32059347,-8.9999947,0.0848609948,-0.790993511,-0.133812123,-0.805429895
0.00416228,1.66783482e-13,-9.0,-2.31932781,-8.9999947,0.08519171,-0.790995855,-0.13364302,-0.805435118
0.00416328,2.23099422e-13,-9.0,-2.3180207,-8.9999947,0.085519062,-0.790998202,-0.133474381,-0.805440494
0.00416428,-1.29665286e-13,-9.0,-2.31667313,-8.9999947,0.0858430378,-0.791000553,-0.13330621,-0.805446017
0.00416528,1.3217596e-13,-9.0,-2.31528607,-8.9999947,0.0861636247,-0.791002907,-0.133138514,-0.805451684
0.00416628,2.44358073e-13,-9.0,-2.31386049,-8.99999469,0.08648081,-0.791005265,-0.132971297,-0.805457491
0.00416728,-1.22019088e-13,-9.0,-2.31239732,-8.99999469,0.0867945812,-0.791007626,-0.132804563,-0.805463435
0.00416828,9.6309716e-14,-9.0,-2.31089749,-8.99999469,0.0871049259,-0.79100999,-0.132638316,-0.805469512
0.00416928,2.61639889e-13,-9.0,-2.30936192,-8.99999469,0.0874118318,-0.791012357,-0.132472562,-0.805475719
0.00417028,-1.09562326e-13,-9.0,-2.3077915,-8.99999469,0.0877152869,-0.791014728,-0.132307304,-0.805482053
0.00417128,5.99838423e-14,-9.0,-2.30618711,-8.99999469,0.0880152791,-0.791017101,-0.132142547,-0.805488509
0.00417228,2.74466031e-13,-9.0,-2.30454963,-8.99999469,0.0883117966,-0.791019478,-0.131978294,-0.805495085
0.00417328,-9.26579803e-14,-9.0,-2.30287991,-8.99999469,0.0886048277,-0.791021859,-0.131814549,-0.805501777
0.00417428,2.40080494e-14,-9.0,-2.30117877,-8.99999469,0.0888943609,-0.791024242,-0.131651315,-0.805508582
0.00417528,2.82464347e-13,-9.0,-2.29944705,-8.99999469,0.0891803847,-0.791026628,-0.131488598,-0.805515496
0.00417628,-7.17763967e-14,-9.0,-2.29768556,-8.99999469,0.0894628877,-0.791029017,-0.131326398,-0.805522518
0.00417728,-1.08168063e-14,-9.0,-2.29589509,-8.99999468,0.089741859,-0.791031409,-0.131164721,-0.805529644
0.00417828,2.85378319e-13,-9.0,-2.29407641,-8.99999468,0.0900172874,-0.791033804,-0.13100357,-0.80553687
0.00417928,-4.74839791e-14,-9.0,-2.2922303,-8.99999468,0.090289162,-0.791036202,-0.130842946,-0.805544194
0.00418028,-4.37179751e-14,-9.0,-2.2903575,-8.99999468,0.0905574722,-0.791038603,-0.130682854,-0.805551614
0.00418128,2.83073233e-13,-9.0,-2.28845875,-8.99999468,0.0908222073,-0.791041007,-0.130523295,-0.805559125
0.00418228,-2.04295684e-14,-9.0,-2.28653479,-8.99999468,0.0910833569,-0.791043413,-0.130364274,-0.805566726
0.00418328,-7.3969389e-14,-9.0,-2.28458631,-8.99999468,0.0913409108,-0.791045822,-0.130205792,-0.805574413
0.00418428,2.7553942e-13,-9.0,-2.28261401,-8.99999468,0.0915948586,-0.791048234,-0.130047852,-0.805582185
0.00418528,8.67116212e-15,-9.0,-2.28061858,-8.99999468,0.0918451904,-0.791050649,-0.129890457,-0.805590038
0.00418628,-1.00909112e-13,-9.0,-2.27860069,-8.99999468,0.0920918963,-0.791053066,-0.129733608,-0.80559797
0.00418728,2.62892498e-13,-9.0,-2.276561,-8.99999467,0.0923349666,-0.791055485,-0.129577309,-0.805605978
0.00418828,3.90529205e-14,-9.0,-2.27450015,-8.99999467,0.0925743917,-0.791057907,-0.12942156,-0.80561406
0.00418928,-1.23955245e-13,-9.0,-2.27241877,-8.99999467,0.0928101621,-0.791060331,-0.129266365,-0.805622214
0.00419028,2.453706e-13,-9.0,-2.27031748,-8.99999467,0.0930422685,-0.791062758,-0.129111725,-0.805630437
0.00419128,6.99192052e-14,-9.0,-2.26819689,-8.99999467,0.0932707018,-0.791065187,-0.128957642,-0.805638727
0.00419228,-1.42619907e-13,-9.0,-2.2660576,-8.99999467,0.0934954529,-0.791067619,-0.128804119,-0.805647081
0.00419328,2.2332866e-13,-9.0,-2.26390018,-8.99999467,0.0937165129,-0.791070052,-0.128651155,-0.805655498
0.00419428,1.00461465e-13,-9.0,-2.26172521,-8.99999467,0.0939338732,-0.791072488,-0.128498754,-0.805663975
0.00419528,-1.56520953e-13,-9.0,-2.25953325,-8.99999467,0.0941475251,-0.791074926,-0.128346917,-0.805672511
0.00419628,1.97229891e-13,-9.0,-2.25732485,-8.99999466,0.0943574603,-0.791077366,-0.128195646,-0.805681102
0.00419728,1.29878554e-13,-9.0,-2.25510053,-8.99999466,0.0945636704,-0.791079808,-0.128044941,-0.805689747
0.00419828,-1.65391147e-13,-9.0,-2.25286083,-8.99999466,0.0947661473,-0.791082252,-0.127894804,-0.805698445
0.00419928,1.67634662e-13,-9.0,-2.25060626,-8.99999466,0.0949648829,-0.791084697,-0.127745236,-0.805707192
0.00420028,1.57396e-13,-9.0,-2.24833733,-8.99999466,0.0951598695,-0.791087145,-0.12759624,-0.805715988
0.00420128,-1.69084574e-13,-9.0,-2.24605452,-8.99999466,0.0953510994,-0.791089594,-0.127447815,-0.80572483
0.00420228,1.35187043e-13,-9.0,-2.24375832,-8.99999466,0.095538565,-0.791092045,-0.127299962,-0.805733717
0.00420328,1.82284649e-13,-9.0,-2.2414492,-8.99999466,0.0957222588,-0.791094498,-0.127152684,-0.805742647
0.00420428,-1.67580133e-13,-9.0,-2.23912762,-8.99999465,0.0959021737,-0.791096952,-0.12700598,-0.805751617
0.00420528,1.0059933e-13,-9.0,-2.23679403,-8.99999465,0.0960783026,-0.791099408,-0.126859852,-0.805760627
0.00420628,2.03878202e-13,-9.0,-2.23444888,-8.99999465,0.0962506385,-0.791101866,-0.126714301,-0.805769675
0.00420728,-1.60982025e-13,-9.0,-2.2320926,-8.99999465,0.0964191745,-0.791104324,-0.126569327,-0.805778758
0.00420828,6.4634945e-14,-9.0,-2.2297256,-8.99999465,0.0965839041,-0.791106784,-0.126424931,-0.805787877
0.00420928,2.21589261e-13,-9.0,-2.2273483,-8.99999465,0.0967448207,-0.791109246,-0.126281113,-0.805797028
0.00421028,-1.49517234e-13,-9.0,-2.22496111,-8.99999465,0.096901918,-0.791111708,-0.126137875,-0.805806211
0.00421128,2.8090092e-14,-9.0,-2.22256442,-8.99999465,0.0970551898,-0.791114172,-0.125995217,-0.805815423
0.00421228,2.34923461e-13,-9.0,-2.22015861,-8.99999464,0.09720463,-0.791116637,-0.125853139,-0.805824665
0.00421328,-1.33530049e-13,-9.0,-2.21774407,-8.99999464,0.0973502327,-0.791119103,-0.125711641,-0.805833933
0.00421428,-8.22536282e-15,-9.0,-2.21532115,-8.99999464,0.0974919922,-0.79112157,-0.125570725,-0.805843227
0.00421528,2.43491377e-13,-9.0,-2.21289022,-8.99999464,0.0976299029,-0.791124037,-0.125430391,-0.805852546
0.00421628,-1.13473769e-13,-9.0,-2.21045164,-8.99999464,0.0977639593,-0.791126506,-0.125290639,-0.805861888
0.00421728,-4.35073449e-14,-9.0,-2.20800573,-8.99999464,0.0978941562,-0.791128975,-0.125151468,-0.805871252
0.00421828,2.47017908e-13,-9.0,-2.20555285,-8.99999464,0.0980204884,-0.791131445,-0.125012881,-0.805880636
0.00421928,-8.98997859e-14,-9.0,-2.20309331,-8.99999464,0.0981429509,-0.791133916,-0.124874875,-0.80589004
0.00422028,-7.69768825e-14,-9.0,-2.20062744,-8.99999463,0.0982615389,-0.791136387,-0.124737453,-0.805899462
0.00422128,2.45348906e-13,-9.0,-2.19815555,-8.99999463,0.0983762477,-0.791138858,-0.124600614,-0.805908901
0.00422228,-6.34443077e-14,-9.0,-2.19567794,-8.99999463,0.0984870727,-0.79114133,-0.124464357,-0.805918356
0.00422328,-1.07898816e-13,-9.0,-2.19319491,-8.99999463,0.0985940097,-0.791143803,-0.124328684,-0.805927826
0.00422428,2.38454907e-13,-9.0,-2.19070675,-8.99999463,0.0986970543,-0.791146276,-0.124193593,-0.80593731
0.00422528,-3.48130419e-14,-9.0,-2.18821374,-8.99999463,0.0987962026,-0.791148748,-0.124059086,-0.805946807
0.00422628,-1.35599449e-13,-9.0,-2.18571617,-8.99999463,0.0988914505,-0.791151221,-0.123925161,-0.805956316
0.00422728,2.26431858e-13,-9.0,-2.18321429,-8.99999463,0.0989827944,-0.791153694,-0.123791819,-0.805965835
0.00422828,-4.7642086e-15,-9.0,-2.18070837,-8.99999462,0.0990702306,-0.791156167,-0.12365906,-0.805975364
0.00422928,-1.5948273e-13,-9.0,-2.17819867,-8.99999462,0.0991537557,-0.79115864,-0.123526884,-0.805984902
0.00423028,2.09498828e-13,-9.0,-2.17568544,-8.99999462,0.0992333664,-0.791161113,-0.12339529,-0.805994448
0.00423128,2.59097099e-14,-9.0,-2.17316892,-8.99999462,0.0993090595,-0.791163586,-0.123264278,-0.806004001
0.00423228,-1.79044558e-13,-9.0,-2.17064935,-8.99999462,0.099380832,-0.791166058,-0.123133848,-0.80601356
0.00423328,1.87992768e-13,-9.0,-2.16812696,-8.99999462,0.0994486812,-0.79116853,-0.123004,-0.806023125
0.00423428,5.64010431e-14,-9.0,-2.16560197,-8.99999462,0.0995126043,-0.791171001,-0.122874732,-0.806032694
0.00423528,-1.93884878e-13,-9.0,-2.16307462,-8.99999462,0.0995725988,-0.791173472,-0.122746046,-0.806042268
0.00423628,1.62360429e-13,-9.0,-2.1605451,-8.99999461,0.0996286623,-0.791175942,-0.122617941,-0.806051844
0.00423728,8.59063722e-14,-9.0,-2.15801363,-8.99999461,0.0996807927,-0.791178412,-0.122490415,-0.806061422
0.00423828,-2.03717285e-13,-9.0,-2.15548042,-8.99999461,0.0997289879,-0.791180881,-0.12236347,-0.806071002
0.00423928,1.3314764e-13,-9.0,-2.15294566,-8.99999461,0.0997732459,-0.791183349,-0.122237104,-0.806080583
0.00424028,1.13645867e-13,-9.0,-2.15040954,-8.99999461,0.0998135651,-0.791185816,-0.122111317,-0.806090164
0.00424128,-2.08375881e-13,-9.0,-2.14787225,-8.99999461,0.0998499438,-0.791188282,-0.121986108,-0.806099744
0.00424228,1.00986212e-13,-9.0,-2.14533398,-8.99999461,0.0998823805,-0.791190747,-0.121861478,-0.806109323
0.00424328,1.38882059e-13,-9.0,-2.14279489,-8.99999461,0.0999108741,-0.791193211,-0.121737425,-0.806118901
0.00424428,-2.07819246e-13,-9.0,-2.14025518,-8.9999946,0.0999354234,-0.791195674,-0.121613949,-0.806128476
0.00424528,6.6578767e-14,-9.0,-2.137715,-8.9999946,0.0999560274,-0.791198135,-0.121491049,-0.806138048
0.00424628,1.60937591e-13,-9.0,-2.13517451,-8.9999946,0.0999726853,-0.791200595,-0.121368725,-0.806147616
0.00424728,-2.02131407e-13,-9.0,-2.13263388,-8.9999946,0.0999853965,-0.791203054,-0.121246976,-0.80615718
0.00424828,3.06818692e-14,-9.0,-2.13009327,-8.9999946,0.0999941604,-0.791205511,-0.121125803,-0.806166739
0.00424928,1.79211524e-13,-9.0,-2.12755282,-8.9999946,0.0999989767,-0.791207966,-0.121005203,-0.806176293
0.00425028,-1.915198e-13,-9.0,-2.12500339,-8.9999946,0.0999998452,-0.791210418,-0.120885354,-0.806186014
0.00425128,-5.91214418e-15,-9.0,-2.1224462,-8.99999459,0.0999967659,-0.791212868,-0.120765962,-0.806195606
0.00425228,1.93193811e-13,-9.0,-2.11990257,-8.99999459,0.0999897389,-0.791215319,-0.120646929,-0.806204981
0.00425328,-1.7631026e-13,-9.0,-2.11737297,-8.99999459,0.0999787645,-0.791217769,-0.120528567,-0.806214455
0.00425428,-4.23941873e-14,-9.0,-2.11484473,-8.99999459,0.0999638431,-0.791220216,-0.120410806,-0.806223954
0.00425528,2.02477579e-13,-9.0,-2.1123153,-8.99999459,0.0999449753,-0.791222661,-0.120293627,-0.806233459
0.00425628,-1.56939163e-13,-9.0,-2.10978467,-8.99999459,0.0999221618,-0.791225103,-0.120177023,-0.80624296
0.00425728,-7.79578569e-14,-9.0,-2.10725347,-8.99999459,0.0998954036,-0.791227543,-0.12006099,-0.806252455
0.00425828,2.06768934e-13,-9.0,-2.10472237,-8.99999459,0.0998647017,-0.79122998,-0.119945525,-0.806261941
0.00425928,-1.33942912e-13,-9.0,-2.10219192,-8.99999458,0.0998300572,-0.791232415,-0.119830628,-0.806271417
0.00426028,-1.11818798e-13,-9.0,-2.09966253,-8.99999458,0.0997914717,-0.791234847,-0.119716297,-0.806280884
0.00426128,2.0589405e-13,-9.0,-2.0971345,-8.99999458,0.0997489466,-0.791237277,-0.119602532,-0.80629034
0.00426228,-1.07945019e-13,-9.0,-2.09460807,-8.99999458,0.0997024835,-0.791239705,-0.119489331,-0.806299785
0.00426328,-1.43233539e-13,-9.0,-2.0920834,-8.99999458,0.0996520844,-0.791242129,-0.119376695,-0.806309219
0.00426428,1.99803367e-13,-9.0,-2.08956064,-8.99999458,0.0995977512,-0.791244551,-0.119264621,-0.806318642
0.00426528,-7.96410962e-14,-9.0,-2.08703992,-8.99999458,0.099539486,-0.79124697,-0.11915311,-0.806328052
0.00426628,-1.71517343e-13,-9.0,-2.08452134,-8.99999458,0.0994772912,-0.791249386,-0.11904216,-0.80633745
0.00426728,1.88572811e-13,-9.0,-2.082005,-8.99999457,0.0994111692,-0.791251798,-0.118931771,-0.806346836
0.00426828,-4.97821025e-14,-9.0,-2.07949099,-8.99999457,0.0993411226,-0.791254208,-0.118821941,-0.806356209
0.00426928,-1.96060648e-13,-9.0,-2.07697939,-8.99999457,0.0992671541,-0.791256615,-0.11871267,-0.806365569
0.00427028,1.72401985e-13,-9.0,-2.07447029,-8.99999457,0.0991892668,-0.791259018,-0.118603958,-0.806374916
0.00427128,-1.91562729e-14,-9.0,-2.07196376,-8.99999457,0.0991074637,-0.791261418,-0.118495802,-0.806384249
0.00427228,-2.16343703e-13,-9.0,-2.06945988,-8.99999457,0.099021748,-0.791263814,-0.118388203,-0.806393569
0.00427328,1.51609394e-13,-9.0,-2.06695872,-8.99999457,0.098932123,-0.791266207,-0.118281159,-0.806402874
0.00427428,1.14298567e-14,-9.0,-2.06446035,-8.99999457,0.0988385924,-0.791268596,-0.11817467,-0.806412166
0.00427528,-2.31949038e-13,-9.0,-2.06196484,-8.99999456,0.0987411598,-0.791270982,-0.118068734,-0.806421442
0.00427628,1.26624809e-13,-9.0,-2.05947224,-8.99999456,0.0986398291,-0.791273363,-0.117963352,-0.806430704
0.00427728,4.11708614e-14,-9.0,-2.05698263,-8.99999456,0.0985346043,-0.791275741,-0.117858521,-0.806439951
0.00427828,-2.42571484e-13,-9.0,-2.05449606,-8.99999456,0.0984254894,-0.791278115,-0.117754241,-0.806449184
0.00427928,9.79789583e-14,-9.0,-2.05201258,-8.99999456,0.0983124889,-0.791280485,-0.117650511,-0.8064584
0.00428028,6.92818128e-14,-9.0,-2.04953226,-8.99999456,0.0981956072,-0.791282851,-0.11754733,-0.806467602
0.00428128,-2.48025483e-13,-9.0,-2.04705515,-8.99999456,0.0980748489,-0.791285213,-0.117444697,-0.806476788
0.00428228,6.62907837e-14,-9.0,-2.04458129,-8.99999456,0.0979502188,-0.79128757,-0.117342612,-0.806485958
0.00428328,9.50171714e-14,-9.0,-2.04211075,-8.99999455,0.0978217218,-0.791289923,-0.117241073,-0.806495112
0.00428428,-2.48249532e-13,-9.0,-2.03964356,-8.99999455,0.0976893629,-0.791292272,-0.117140079,-0.80650425
0.00428528,3.22525851e-14,-9.0,-2.03717977,-8.99999455,0.0975531474,-0.791294616,-0.11703963,-0.806513372
0.00428628,1.17688732e-13,-9.0,-2.03471943,-8.99999455,0.0974130807,-0.791296955,-0.116939725,-0.806522478
0.00428728,-2.43307643e-13,-9.0,-2.03226257,-8.99999455,0.0972691683,-0.79129929,-0.116840362,-0.806531567
0.00428828,-3.38660485e-15,-9.0,-2.02980925,-8.99999455,0.0971214159,-0.79130162,-0.11674154,-0.80654064
0.00428928,1.36682188e-13,-9.0,-2.02735949,-8.99999455,0.0969698293,-0.791303945,-0.11664326,-0.806549696
0.00429028,-2.33387777e-13,-9.0,-2.02491333,-8.99999455,0.0968144144,-0.791306265,-0.116545519,-0.806558735
0.00429128,-3.98390092e-14,-9.0,-2.02247081,-8.99999454,0.0966551775,-0.791308581,-0.116448317,-0.806567757
0.00429228,1.51471925e-13,-9.0,-2.02003196,-8.99999454,0.0964921249,-0.791310891,-0.116351653,-0.806576763
0.00429328,-2.18797311e-13,-9.0,-2.01759682,-8.99999454,0.0963252629,-0.791313196,-0.116255526,-0.806585751
0.00429428,-7.62970263e-14,-9.0,-2.01516541,-8.99999454,0.0961545981,-0.791315496,-0.116159935,-0.806594722
0.00429528,1.61633671e-13,-9.0,-2.01273777,-8.99999454,0.0959801373,-0.79131779,-0.116064879,-0.806603676
0.00429628,-1.99955629e-13,-9.0,-2.01031392,-8.99999454,0.0958018874,-0.791320079,-0.115970358,-0.806612612
0.00429728,-1.11952628e-13,-9.0,-2.00789389,-8.99999454,0.0956198554,-0.791322363,-0.115876369,-0.806621531
0.00429828,1.6685472e-13,-9.0,-2.00547771,-8.99999454,0.0954340484,-0.791324641,-0.115782912,-0.806630433
0.00429928,-1.77384016e-13,-9.0,-2.00306539,-8.99999453,0.095244474,-0.791326913,-0.115689987,-0.806639317
0.00430028,-1.46016766e-13,-9.0,-2.00065696,-8.99999453,0.0950511394,-0.79132918,-0.115597592,-0.806648184
0.00430128,1.66941469e-13,-9.0,-1.99825244,-8.99999453,0.0948540523,-0.791331441,-0.115505727,-0.806657033
0.00430228,-1.51693111e-13,-9.0,-1.99585186,-8.99999453,0.0946532206,-0.791333696,-0.115414389,-0.806665864
0.00430328,-1.77738329e-13,-9.0,-1.99345522,-8.99999453,0.0944486521,-0.791335945,-0.11532358,-0.806674677
0.00430428,1.61824085e-13,-9.0,-1.99106255,-8.99999453,0.094240355,-0.791338188,-0.115233297,-0.806683473
0.00430528,-1.23568208e-13,-9.0,-1.98867387,-8.99999453,0.0940283374,-0.791340424,-0.115143539,-0.806692251
0.00430628,-2.06422177e-13,-9.0,-1.98628918,-8.99999453,0.0938126078,-0.791342655,-0.115054306,-0.806701011
0.00430728,1.51558205e-13,-9.0,-1.98390851,-8.99999452,0.0935931746,-0.791344879,-0.114965596,-0.806709753
0.00430828,-9.37527623e-14,-9.0,-1.98153187,-8.99999452,0.0933700464,-0.791347097,-0.11487741,-0.806718478
0.00430928,-2.31445846e-13,-9.0,-1.97915926,-8.99999452,0.0931432322,-0.791349309,-0.114789745,-0.806727184
0.00431028,1.36323613e-13,-9.0,-1.9767907,-8.99999452,0.0929127409,-0.791351514,-0.1147026,-0.806735873
0.00431128,-6.30305043e-14,-9.0,-1.9744262,-8.99999452,0.0926785815,-0.791353712,-0.114615976,-0.806744544
0.00431228,-2.52274491e-13,-9.0,-1.97206577,-8.99999452,0.0924407633,-0.791355904,-0.114529871,-0.806753196
0.00431328,1.16419931e-13,-9.0,-1.96970942,-8.99999452,0.0921992958,-0.791358089,-0.114444283,-0.806761831
0.00431428,-3.22065791e-14,-9.0,-1.96735715,-8.99999452,0.0919541883,-0.791360267,-0.114359213,-0.806770448
0.00431528,-2.68473735e-13,-9.0,-1.96500897,-8.99999452,0.0917054507,-0.791362438,-0.114274659,-0.806779047
0.00431628,9.22594299e-14,-9.0,-1.96266489,-8.99999451,0.0914530927,-0.791364603,-0.11419062,-0.806787628
0.00431728,-2.08817855e-15,-9.0,-1.9603249,-8.99999451,0.0911971242,-0.79136676,-0.114107095,-0.806796191
0.00431828,-2.79720102e-13,-9.0,-1.95798902,-8.99999451,0.0909375555,-0.79136891,-0.114024084,-0.806804736
0.00431928,6.43571303e-14,-9.0,-1.95565725,-8.99999451,0.0906743967,-0.791371053,-0.113941585,-0.806813263
0.00432028,2.65348777e-14,-9.0,-1.95332959,-8.99999451,0.0904076583,-0.791373188,-0.113859597,-0.806821773
0.00432128,-2.85808776e-13,-9.0,-1.95100604,-8.99999451,0.0901373507,-0.791375316,-0.11377812,-0.806830264
0.00432228,3.33184287e-14,-9.0,-1.94868659,-8.99999451,0.0898634846,-0.791377437,-0.113697153,-0.806838738
0.00432328,5.29091406e-14,-9.0,-1.94637126,-8.99999451,0.0895860709,-0.79137955,-0.113616694,-0.806847194
0.00432428,-2.86658524e-13,-9.0,-1.94406004,-8.9999945,0.0893051204,-0.791381656,-0.113536744,-0.806855632
0.00432528,-1.75447499e-16,-9.0,-1.94175293,-8.9999945,0.0890206444,-0.791383754,-0.1134573,-0.806864052
0.00432628,7.6335654e-14,-9.0,-1.93944993,-8.9999945,0.088732654,-0.791385844,-0.113378362,-0.806872454
0.00432728,-2.82313636e-13,-9.0,-1.93715103,-8.9999945,0.0884411605,-0.791387926,-0.113299929,-0.806880839
0.00432828,-3.53838118e-14,-9.0,-1.93485623,-8.9999945,0.0881461756,-0.79139,-0.113222,-0.806889206
0.00432928,9.6186765e-14,-9.0,-1.93256552,-8.9999945,0.0878477108,-0.791392067,-0.113144575,-0.806897555
0.00433028,-2.72942858e-13,-9.0,-1.93027891,-8.9999945,0.0875457779,-0.791394125,-0.113067652,-0.806905887
0.00433128,-7.15243223e-14,-9.0,-1.92799638,-8.9999945,0.0872403889,-0.791396175,-0.11299123,-0.806914201
0.00433228,1.11921217e-13,-9.0,-1.92571794,-8.9999945,0.0869315557,-0.791398217,-0.11291531,-0.806922498
0.00433328,-2.58835331e-13,-9.0,-1.92344357,-8.99999449,0.0866192907,-0.791400251,-0.112839889,-0.806930777
0.00433428,-1.0779179e-13,-9.0,-1.92117326,-8.99999449,0.086303606,-0.791402276,-0.112764966,-0.806939038
0.00433528,1.23097163e-13,-9.0,-1.91890702,-8.99999449,0.0859845143,-0.791404293,-0.112690542,-0.806947283
0.00433628,-2.40393644e-13,-9.0,-1.91664482,-8.99999449,0.085662028,-0.791406301,-0.112616615,-0.80695551
0.00433728,-1.43377538e-13,-9.0,-1.91438667,-8.99999449,0.08533616,-0.791408301,-0.112543184,-0.806963719
0.00433828,1.29382786e-13,-9.0,-1.91213256,-8.99999449,0.085006923,-0.791410292,-0.112470248,-0.806971911
0.00433928,-2.18124153e-13,-9.0,-1.90988247,-8.99999449,0.0846743301,-0.791412275,-0.112397807,-0.806980087
0.00434028,-1.77488849e-13,-9.0,-1.90763639,-8.99999449,0.0843383944,-0.791414249,-0.11232586,-0.806988245
0.00434128,1.30564269e-13,-9.0,-1.90539432,-8.99999448,0.0839991291,-0.791416213,-0.112254405,-0.806996386
0.00434228,-1.92624821e-13,-9.0,-1.90315624,-8.99999448,0.0836565477,-0.791418169,-0.112183443,-0.80700451
0.00434328,-2.09368038e-13,-9.0,-1.90092214,-8.99999448,0.0833106637,-0.791420116,-0.112112971,-0.807012616
0.00434428,1.26550923e-13,-9.0,-1.89869201,-8.99999448,0.0829614908,-0.791422054,-0.11204299,-0.807020707
0.00434528,-1.64570854e-13,-9.0,-1.89646584,-8.99999448,0.0826090426,-0.791423982,-0.111973498,-0.80702878
0.00434628,-2.38310677e-13,-9.0,-1.89424362,-8.99999448,0.0822533332,-0.791425902,-0.111904495,-0.807036836
0.00434728,1.17377354e-13,-9.0,-1.89202533,-8.99999448,0.0818943766,-0.791427812,-0.111835979,-0.807044876
0.00434828,-1.34698483e-13,-9.0,-1.88981096,-8.99999448,0.0815321869,-0.791429713,-0.111767951,-0.807052899
0.00434928,-2.63682557e-13,-9.0,-1.88760049,-8.99999448,0.0811667785,-0.791431604,-0.111700408,-0.807060905
0.00435028,1.03202602e-13,-9.0,-1.88539392,-8.99999447,0.0807981657,-0.791433486,-0.111633351,-0.807068895
0.00435128,-1.03787292e-13,-9.0,-1.88319123,-8.99999447,0.0804263632,-0.791435358,-0.111566778,-0.807076869
0.00435228,-2.8493496e-13,-9.0,-1.88099239,-8.99999447,0.0800513856,-0.79143722,-0.111500689,-0.807084826
0.00435328,8.43062943e-14,-9.0,-1.87879741,-8.99999447,0.0796732476,-0.791439073,-0.111435083,-0.807092767
0.00435428,-7.26415106e-14,-9.0,-1.87660626,-8.99999447,0.0792919644,-0.791440916,-0.111369959,-0.807100691
0.00435528,-3.01617893e-13,-9.0,-1.87441892,-8.99999447,0.0789075508,-0.791442749,-0.111305317,-0.8071086
0.00435628,6.10818763e-14,-9.0,-1.87223539,-8.99999447,0.078520022,-0.791444573,-0.111241154,-0.807116492
0.00435728,-4.20707157e-14,-9.0,-1.87005564,-8.99999447,0.0781293935,-0.791446386,-0.111177472,-0.807124369
0.00435828,-3.13390946e-13,-9.0,-1.86787966,-8.99999447,0.0777356805,-0.791448189,-0.111114268,-0.807132229
0.00435928,3.40271062e-14,-9.0,-1.86570744,-8.99999446,0.0773388987,-0.791449983,-0.111051543,-0.807140073
0.00436028,-1.28580408e-14,-9.0,-1.86353894,-8.99999446,0.0769390636,-0.791451766,-0.110989295,-0.807147902
0.00436128,-3.19997834e-13,-9.0,-1.86137417,-8.99999446,0.0765361911,-0.791453538,-0.110927524,-0.807155715
0.00436228,3.77153607e-15,-9.0,-1.85921309,-8.99999446,0.0761302971,-0.791455301,-0.110866228,-0.807163513
0.00436328,1.42459985e-14,-9.0,-1.8570557,-8.99999446,0.0757213976,-0.791457053,-0.110805408,-0.807171295
0.00436428,-3.21366815e-13,-9.0,-1.85490197,-8.99999446,0.0753095088,-0.791458794,-0.110745062,-0.807179061
0.00436528,-2.90515942e-14,-9.0,-1.85275189,-8.99999446,0.0748946469,-0.791460525,-0.11068519,-0.807186812
0.00436628,3.8515559e-14,-9.0,-1.85060543,-8.99999446,0.0744768282,-0.791462246,-0.11062579,-0.807194548
0.00436728,-3.17520582e-13,-9.0,-1.84846258,-8.99999446,0.0740560694,-0.791463956,-0.110566863,-0.807202268
0.00436828,-6.37064498e-14,-9.0,-1.84632333,-8.99999446,0.0736323869,-0.791465655,-0.110508407,-0.807209974
0.00436928,5.93099237e-14,-9.0,-1.84418764,-8.99999445,0.0732057976,-0.791467343,-0.110450422,-0.807217664
0.00437028,-3.08608654e-13,-9.0,-1.84205551,-8.99999445,0.0727763182,-0.791469021,-0.110392907,-0.807225339
0.00437128,-9.94167268e-14,-9.0,-1.8399269,-8.99999445,0.0723439657,-0.791470688,-0.110335861,-0.807233
0.00437228,7.60724585e-14,-9.0,-1.83780181,-8.99999445,0.0719087572,-0.791472344,-0.110279284,-0.807240645
0.00437328,-2.94901813e-13,-9.0,-1.83568022,-8.99999445,0.0714707099,-0.791473988,-0.110223174,-0.807248276
0.00437428,-1.35380222e-13,-9.0,-1.83356209,-8.99999445,0.071029841,-0.791475622,-0.110167532,-0.807255893
0.00437528,8.83439843e-14,-9.0,-1.83144742,-8.99999445,0.070586168,-0.791477244,-0.110112356,-0.807263494
0.00437628,-2.767856e-13,-9.0,-1.82933618,-8.99999445,0.0701397084,-0.791478856,-0.110057646,-0.807271082
0.00437728,-1.7078813e-13,-9.0,-1.82722835,-8.99999445,0.0696904798,-0.791480456,-0.110003401,-0.807278655
0.00437828,9.57738037e-14,-9.0,-1.82512391,-8.99999444,0.0692384999,-0.791482045,-0.10994962,-0.807286213
0.00437928,-2.54751066e-13,-9.0,-1.82302285,-8.99999444,0.0687837866,-0.791483622,-0.109896304,-0.807293758
0.00438028,-2.04844505e-13,-9.0,-1.82092513,-8.99999444,0.0683263579,-0.791485188,-0.10984345,-0.807301288
0.00438128,9.81281167e-14,-9.0,-1.81883074,-8.99999444,0.0678662317,-0.791486742,-0.109791058,-0.807308804
0.00438228,-2.29382978e-13,-9.0,-1.81673965,-8.99999444,0.0674034263,-0.791488285,-0.109739129,-0.807316307
0.00438328,-2.36785417e-13,-9.0,-1.81465186,-8.99999444,0.0669379599,-0.791489816,-0.10968766,-0.807323795
0.00438428,9.52956225e-14,-9.0,-1.81256732,-8.99999444,0.0664698509,-0.791491336,-0.109636652,-0.80733127
0.00438528,-2.01345782e-13,-9.0,-1.81048603,-8.99999444,0.0659991178,-0.791492844,-0.109586104,-0.807338731
0.00438628,-2.65897333e-13,-9.0,-1.80840796,-8.99999444,0.0655257792,-0.79149434,-0.109536014,-0.807346179
0.00438728,8.72901738e-14,-9.0,-1.80633309,-8.99999443,0.0650498537,-0.791495824,-0.109486384,-0.807353613
0.00438828,-1.71367653e-13,-9.0,-1.80426139,-8.99999443,0.0645713602,-0.791497297,-0.109437211,-0.807361034
0.00438928,-2.91534301e-13,-9.0,-1.80219285,-8.99999443,0.0640903175,-0.791498757,-0.109388496,-0.807368441
0.00439028,7.42504176e-14,-9.0,-1.80012744,-8.99999443,0.0636067446,-0.791500205,-0.109340237,-0.807375835
0.00439128,-1.40223011e-13,-9.0,-1.79806515,-8.99999443,0.0631206607,-0.791501642,-0.109292434,-0.807383216
0.00439228,-3.13133509e-13,-9.0,-1.79600594,-8.99999443,0.0626320848,-0.791503066,-0.109245087,-0.807390584
0.00439328,5.64364333e-14,-9.0,-1.79394979,-8.99999443,0.0621410364,-0.791504478,-0.109198194,-0.80739794
0.00439428,-1.08713937e-13,-9.0,-1.79189669,-8.99999443,0.0616475347,-0.791505878,-0.109151756,-0.807405282
0.00439528,-3.30228843e-13,-9.0,-1.78984661,-8.99999443,0.0611515993,-0.791507265,-0.109105771,-0.807412611
0.00439628,3.4223446e-14,-9.0,-1.78779953,-8.99999443,0.0606532497,-0.791508641,-0.10906024,-0.807419928
0.00439728,-7.76509205e-14,-9.0,-1.78575542,-8.99999442,0.0601525056,-0.791510003,-0.109015161,-0.807427232
0.00439828,-3.42462135e-13,-9.0,-1.78371426,-8.99999442,0.0596493868,-0.791511354,-0.108970534,-0.807434524
0.00439928,8.09276784e-15,-9.0,-1.78167604,-8.99999442,0.0591439132,-0.791512692,-0.108926358,-0.807441804
0.00440028,-4.7833416e-14,-9.0,-1.77964072,-8.99999442,0.0586361046,-0.791514017,-0.108882633,-0.807449071
0.00440128,-3.49591811e-13,-9.0,-1.77760828,-8.99999442,0.0581259812,-0.79151533,-0.108839359,-0.807456326
0.00440228,-2.1379815e-14,-9.0,-1.7755787,-8.99999442,0.0576135631,-0.79151663,-0.108796534,-0.807463569
0.00440328,-2.0030663e-14,-9.0,-1.77355196,-8.99999442,0.0570988705,-0.791517917,-0.108754158,-0.8074708
0.00440428,-3.51498744e-13,-9.0,-1.77152803,-8.99999442,0.0565819238,-0.791519192,-0.108712231,-0.807478018
0.00440528,-5.35379329e-14,-9.0,-1.76950689,-8.99999442,0.0560627433,-0.791520454,-0.108670751,-0.807485226
0.00440628,5.03675841e-15,-9.0,-1.76748852,-8.99999442,0.0555413495,-0.791521703,-0.10862972,-0.807492421
0.00440728,-3.48189171e-13,-9.0,-1.7654729,-8.99999441,0.055017763,-0.791522939,-0.108589135,-0.807499605
0.00440828,-8.76604645e-14,-9.0,-1.76345999,-8.99999441,0.0544920046,-0.791524163,-0.108548997,-0.807506777
0.00440928,2.67141982e-14,-9.0,-1.76144977,-8.99999441,0.0539640948,-0.791525373,-0.108509305,-0.807513938
0.00441028,-3.39794593e-13,-9.0,-1.75944223,-8.99999441,0.0534340547,-0.79152657,-0.108470058,-0.807521087
0.00441128,-1.22978932e-13,-9.0,-1.75743734,-8.99999441,0.0529019051,-0.791527754,-0.108431257,-0.807528225
0.00441228,4.44286167e-14,-9.0,-1.75543508,-8.99999441,0.052367667,-0.791528925,-0.1083929,-0.807535352
0.00441328,-3.26568682e-13,-9.0,-1.75343541,-8.99999441,0.0518313616,-0.791530083,-0.108354986,-0.807542468
0.00441428,-1.58696038e-13,-9.0,-1.75143833,-8.99999441,0.0512930099,-0.791531228,-0.108317517,-0.807549573
0.00441528,5.77022966e-14,-9.0,-1.74944379,-8.99999441,0.0507526332,-0.79153236,-0.10828049,-0.807556667
0.00441628,-3.08881244e-13,-9.0,-1.74745179,-8.99999441,0.050210253,-0.791533478,-0.108243906,-0.80756375
0.00441728,-1.94004906e-13,-9.0,-1.74546229,-8.9999944,0.0496658905,-0.791534582,-0.108207763,-0.807570823
0.00441828,6.6164257e-14,-9.0,-1.74347528,-8.9999944,0.0491195673,-0.791535674,-0.108172063,-0.807577885
0.00441928,-2.872094e-13,-9.0,-1.74149072,-8.9999944,0.0485713049,-0.791536752,-0.108136804,-0.807584936
0.00442028,-2.28108554e-13,-9.0,-1.7395086,-8.9999944,0.048021125,-0.791537816,-0.108101985,-0.807591977
0.00442128,6.95590948e-14,-9.0,-1.73752889,-8.9999944,0.0474690493,-0.791538867,-0.108067606,-0.807599008
0.00442228,-2.62126202e-13,-9.0,-1.73555156,-8.9999944,0.0469150997,-0.791539905,-0.108033668,-0.807606028
0.00442328,-2.60239136e-13,-9.0,-1.7335766,-8.9999944,0.0463592979,-0.791540929,-0.108000169,-0.807613039
0.00442428,6.77530402e-14,-9.0,-1.73160397,-8.9999944,0.0458016659,-0.791541939,-0.107967108,-0.807620039
0.00442528,-2.34286935e-13,-9.0,-1.72963366,-8.9999944,0.0452422257,-0.791542935,-0.107934486,-0.807627029
0.00442628,-2.89676496e-13,-9.0,-1.72766564,-8.9999944,0.0446809995,-0.791543918,-0.107902303,-0.80763401
0.00442728,6.07370809e-14,-9.0,-1.72569988,-8.99999439,0.0441180093,-0.791544887,-0.107870557,-0.80764098
0.00442828,-2.04413464e-13,-9.0,-1.72373637,-8.99999439,0.0435532775,-0.791545843,-0.107839248,-0.807647941
0.00442928,-3.15765575e-13,-9.0,-1.72177507,-8.99999439,0.0429868262,-0.791546784,-0.107808376,-0.807654893
0.00443028,4.86270784e-14,-9.0,-1.71981596,-8.99999439,0.0424186779,-0.791547712,-0.10777794,-0.807661835
0.00443128,-1.73276977e-13,-9.0,-1.71785903,-8.99999439,0.0418488549,-0.791548625,-0.107747941,-0.807668768
0.00443228,-3.3793227e-13,-9.0,-1.71590424,-8.99999439,0.0412773798,-0.791549525,-0.107718377,-0.807675691
0.00443328,3.16608746e-14,-9.0,-1.71395157,-8.99999439,0.0407042752,-0.791550411,-0.107689248,-0.807682605
0.00443428,-1.41679555e-13,-9.0,-1.71200099,-8.99999439,0.0401295637,-0.791551282,-0.107660555,-0.80768951
0.00443528,-3.55697346e-13,-9.0,-1.71005249,-8.99999439,0.0395532679,-0.79155214,-0.107632296,-0.807696406
0.00443628,1.01924568e-14,-9.0,-1.70810603,-8.99999439,0.0389754106,-0.791552984,-0.107604471,-0.807703293
0.00443728,-1.10435012e-13,-9.0,-1.7061616,-8.99999438,0.0383960146,-0.791553813,-0.10757708,-0.807710171
0.00443828,-3.68688084e-13,-9.0,-1.70421917,-8.99999438,0.0378151028,-0.791554628,-0.107550122,-0.807717041
0.00443928,-1.53166789e-14,-9.0,-1.70227871,-8.99999438,0.0372326981,-0.79155543,-0.107523598,-0.807723901
0.00444028,-8.0349456e-14,-9.0,-1.7003402,-8.99999438,0.0366488236,-0.791556216,-0.107497506,-0.807730754
0.00444128,-3.76647373e-13,-9.0,-1.69840362,-8.99999438,0.0360635022,-0.791556989,-0.107471847,-0.807737597
0.00444228,-4.43087583e-14,-9.0,-1.69646893,-8.99999438,0.0354767571,-0.791557747,-0.10744662,-0.807744433
0.00444328,-5.22020444e-14,-9.0,-1.69453613,-8.99999438,0.0348886114,-0.791558491,-0.107421824,-0.80775126
0.00444428,-3.79440033e-13,-9.0,-1.69260518,-8.99999438,0.0342990884,-0.791559221,-0.10739746,-0.807758079
0.00444528,-7.61432838e-14,-9.0,-1.69067605,-8.99999438,0.0337082113,-0.791559936,-0.107373528,-0.80776489
0.00444628,-2.67264043e-14,-9.0,-1.68874874,-8.99999438,0.0331160035,-0.791560637,-0.107350026,-0.807771693
0.00444728,-3.77056217e-13,-9.0,-1.6868232,-8.99999437,0.0325224883,-0.791561324,-0.107326954,-0.807778488
0.00444828,-1.1011259e-13,-9.0,-1.68489941,-8.99999437,0.0319276892,-0.791561996,-0.107304313,-0.807785275
0.00444928,-4.59315118e-15,-9.0,-1.68297736,-8.99999437,0.0313316296,-0.791562653,-0.107282101,-0.807792054
0.00445028,-3.69611809e-13,-9.0,-1.68105701,-8.99999437,0.0307343331,-0.791563296,-0.10726032,-0.807798826
0.00445128,-1.45459021e-13,-9.0,-1.67913835,-8.99999437,0.0301358233,-0.791563925,-0.107238967,-0.80780559
0.00445228,1.36060635e-14,-9.0,-1.67722134,-8.99999437,0.0295361237,-0.791564539,-0.107218044,-0.807812347
0.00445328,-3.57345816e-13,-9.0,-1.67530597,-8.99999437,0.0289352582,-0.791565138,-0.10719755,-0.807819097
0.00445428,-1.81393328e-13,-9.0,-1.6733922,-8.99999437,0.0283332503,-0.791565722,-0.107177484,-0.807825839
0.00445528,2.73725957e-14,-9.0,-1.67148002,-8.99999437,0.0277301238,-0.791566292,-0.107157846,-0.807832574
0.00445628,-3.40614801e-13,-9.0,-1.6695694,-8.99999437,0.0271259027,-0.791566848,-0.107138636,-0.807839302
0.00445728,-2.17113829e-13,-9.0,-1.66766032,-8.99999437,0.0265206106,-0.791567388,-0.107119854,-0.807846023
0.00445828,3.63126044e-14,-9.0,-1.66575275,-8.99999436,0.0259142715,-0.791567914,-0.1071015,-0.807852737
0.00445928,-3.19884513e-13,-9.0,-1.66384666,-8.99999436,0.0253069094,-0.791568425,-0.107083572,-0.807859444
0.00446028,-2.51825885e-13,-9.0,-1.66194204,-8.99999436,0.0246985483,-0.791568922,-0.107066072,-0.807866145
0.00446128,4.01463157e-14,-9.0,-1.66003886,-8.99999436,0.024089212,-0.791569403,-0.107048999,-0.807872838
0.00446228,-2.95718893e-13,-9.0,-1.65813709,-8.99999436,0.0234789248,-0.79156987,-0.107032352,-0.807879526
0.00446328,-2.84761219e-13,-9.0,-1.65623671,-8.99999436,0.0228677107,-0.791570322,-0.107016132,-0.807886207
0.00446428,3.87145319e-14,-9.0,-1.65433769,-8.99999436,0.0222555938,-0.791570759,-0.107000337,-0.807892881
0.00446528,-2.68766741e-13,-9.0,-1.65244002,-8.99999436,0.0216425982,-0.791571181,-0.106984969,-0.807899549
0.00446628,-3.15196612e-13,-9.0,-1.65054366,-8.99999436,0.0210287483,-0.791571588,-0.106970027,-0.807906212
0.00446728,3.19822296e-14,-9.0,-1.64864859,-8.99999436,0.0204140682,-0.79157198,-0.10695551,-0.807912867
0.00446828,-2.39746347e-13,-9.0,-1.6467548,-8.99999435,0.0197985821,-0.791572357,-0.106941418,-0.807919517
0.00446928,-3.42471526e-13,-9.0,-1.64486224,-8.99999435,0.0191823145,-0.79157272,-0.106927751,-0.807926162
0.00447028,2.00391593e-14,-9.0,-1.64297091,-8.99999435,0.0185652896,-0.791573067,-0.10691451,-0.8079328
0.00447128,-2.09428475e-13,-9.0,-1.64108077,-8.99999435,0.0179475317,-0.791573399,-0.106901693,-0.807939432
0.00447228,-3.6600424e-13,-9.0,-1.6391918,-8.99999435,0.0173290653,-0.791573717,-0.106889301,-0.807946059
0.00447328,3.09743245e-15,-9.0,-1.63730398,-8.99999435,0.0167099148,-0.791574019,-0.106877333,-0.807952681
0.00447428,-1.78618083e-13,-9.0,-1.63541728,-8.99999435,0.0160901046,-0.791574306,-0.10686579,-0.807959297
0.00447528,-3.85306095e-13,-9.0,-1.63353167,-8.99999435,0.0154696592,-0.791574579,-0.106854671,-0.807965907
0.00447628,-1.85138466e-14,-9.0,-1.63164714,-8.99999435,0.0148486031,-0.791574836,-0.106843976,-0.807972512
0.00447728,-1.48135252e-13,-9.0,-1.62976366,-8.99999435,0.0142269607,-0.791575078,-0.106833705,-0.807979112
0.00447828,-3.99993524e-13,-9.0,-1.62788121,-8.99999435,0.0136047568,-0.791575305,-0.106823857,-0.807985707
0.00447928,-4.43567736e-14,-9.0,-1.62599975,-8.99999434,0.0129820157,-0.791575516,-0.106814433,-0.807992297
0.00448028,-1.18795748e-13,-9.0,-1.62411927,-8.99999434,0.0123587621,-0.791575713,-0.106805433,-0.807998882
0.00448128,-4.09797559e-13,-9.0,-1.62223974,-8.99999434,0.0117350206,-0.791575895,-0.106796856,-0.808005462
0.00448228,-7.3895467e-14,-9.0,-1.62036114,-8.99999434,0.0111108159,-0.791576061,-0.106788702,-0.808012038
0.00448328,-9.13917104e-14,-9.0,-1.61848344,-8.99999434,0.0104861725,-0.791576212,-0.106780972,-0.808018608
0.00448428,-4.14570603e-13,-9.0,-1.61660663,-8.99999434,0.00986111512,-0.791576348,-0.106773664,-0.808025174
0.00448528,-1.06509258e-13,-9.0,-1.61473066,-8.99999434,0.00923566845,-0.791576469,-0.106766779,-0.808031736
0.00448628,-6.66729171e-14,-9.0,-1.61285553,-8.99999434,0.00860985717,-0.791576575,-0.106760317,-0.808038293
0.00448728,-4.14290294e-13,-9.0,-1.61098121,-8.99999434,0.00798370599,-0.791576665,-0.106754278,-0.808044846
0.00448828,-1.41507933e-13,-9.0,-1.60910766,-8.99999434,0.00735723963,-0.79157674,-0.106748662,-0.808051395
0.00448928,-4.53290832e-14,-9.0,-1.60723488,-8.99999434,0.00673048282,-0.7915768,-0.106743468,-0.80805794
0.00449028,-4.09060365e-13,-9.0,-1.60536282,-8.99999433,0.00610346029,-0.791576845,-0.106738697,-0.80806448
0.00449128,-1.78148655e-13,-9.0,-1.60349148,-8.99999433,0.00547619682,-0.791576874,-0.106734348,-0.808071017
0.00449228,-2.79736119e-14,-9.0,-1.60162082,-8.99999433,0.00484871715,-0.791576889,-0.106730421,-0.808077549
0.00449328,-3.99108495e-13,-9.0,-1.59975083,-8.99999433,0.00422104606,-0.791576888,-0.106726917,-0.808084078
0.00449428,-2.15654171e-13,-9.0,-1.59788147,-8.99999433,0.00359320834,-0.791576871,-0.106723835,-0.808090603
0.00449528,-1.51291934e-14,-9.0,-1.59601272,-8.99999433,0.00296522876,-0.79157684,-0.106721176,-0.808097125
0.00449628,-3.8478118e-13,-9.0,-1.59414456,-8.99999433,0.00233713212,-0.791576793,-0.106718938,-0.808103643
0.00449728,-2.53231846e-13,-9.0,-1.59227697,-8.99999433,0.00170894321,-0.791576731,-0.106717123,-0.808110158
0.00449828,-7.21559412e-15,-9.0,-1.59040992,-8.99999433,0.00108068684,-0.791576653,-0.10671573,-0.808116669
0.00449928,-3.66535763e-13,-9.0,-1.58854338,-8.99999433,0.000452387799,-0.791576561,-0.106714759,-0.808123177
0.00450028,-2.90093085e-13,-9.0,-1.58667733,-8.99999432,-0.000175929098,-0.791576453,-0.10671421,-0.808129682
0.00450128,-4.53993051e-15,-9.0,-1.58481175,-8.99999432,-0.00080423905,-0.79157633,-0.106714083,-0.808136183
0.00450228,-3.44929807e-13,-9.0,-1.58294662,-8.99999432,-0.00143251725,-0.791576191,-0.106714378,-0.808142682
0.00450328,-3.25472663e-13,-9.0,-1.5810819,-8.99999432,-0.0020607389,-0.791576037,-0.106715095,-0.808149178
0.00450428,-7.28965818e-15,-9.0,-1.57921758,-8.99999432,-0.00268887919,-0.791575868,-0.106716235,-0.808155671
0.00450528,-3.20608065e-13,-9.0,-1.57735363,-8.99999432,-0.00331691333,-0.791575684,-0.106717796,-0.808162161
0.00450628,-3.586475e-13,-9.0,-1.57549003,-8.99999432,-0.00394481653,-0.791575484,-0.10671978,-0.808168648
0.00450728,-1.55284454e-14,-9.0,-1.57362675,-8.99999432,-0.00457256399,-0.791575269,-0.106722185,-0.808175133
0.00450828,-2.94287361e-13,-9.0,-1.57176377,-8.99999432,-0.00520013093,-0.791575039,-0.106725013,-0.808181616
0.00450928,-3.88954427e-13,-9.0,-1.56990107,-8.99999432,-0.00582749259,-0.791574793,-0.106728263,-0.808188096
0.00451028,-2.91950272e-14,-9.0,-1.56803861,-8.99999432,-0.00645462418,-0.791574532,-0.106731935,-0.808194573
0.00451128,-2.66739745e-13,-9.0,-1.56617638,-8.99999431,-0.00708150095,-0.791574256,-0.10673603,-0.808201049
0.00451228,-4.15806523e-13,-9.0,-1.56431436,-8.99999431,-0.00770809816,-0.791573965,-0.106740547,-0.808207522
0.00451328,-4.81050669e-14,-9.0,-1.56245251,-8.99999431,-0.00833439107,-0.791573658,-0.106745486,-0.808213993
0.00451428,-2.38774315e-13,-9.0,-1.56059081,-8.99999431,-0.00896035495,-0.791573336,-0.106750847,-0.808220463
0.00451528,-4.38707609e-13,-9.0,-1.55872925,-8.99999431,-0.00958596509,-0.791572999,-0.106756631,-0.80822693
0.00451628,-7.1955977e-14,-9.0,-1.55686779,-8.99999431,-0.0102111968,-0.791572647,-0.106762838,-0.808233395
0.00451728,-2.11218157e-13,-9.0,-1.55500641,-8.99999431,-0.0108360254,-0.791572279,-0.106769467,-0.808239859
0.00451828,-4.57264568e-13,-9.0,-1.55314509,-8.99999431,-0.0114604262,-0.791571896,-0.106776519,-0.808246321
0.00451928,-1.00334582e-13,-9.0,-1.55128381,-8.99999431,-0.0120843745,-0.791571498,-0.106783993,-0.808252782
0.00452028,-1.84896849e-13,-9.0,-1.54942253,-8.99999431,-0.0127078458,-0.791571084,-0.106791891,-0.808259241
0.00452128,-4.71197184e-13,-9.0,-1.54756124,-8.99999431,-0.0133308154,-0.791570656,-0.106800211,-0.808265699
0.00452228,-1.32727437e-13,-9.0,-1.54569992,-8.9999943,-0.0139532587,-0.791570212,-0.106808955,-0.808272155
0.00452328,-1.6061499e-13,-9.0,-1.54383853,-8.9999943,-0.0145751512,-0.791569753,-0.106818122,-0.80827861
0.00452428,-4.80345256e-13,-9.0,-1.54197705,-8.9999943,-0.0151964683,-0.791569278,-0.106827712,-0.808285064
0.00452528,-1.68533546e-13,-9.0,-1.54011546,-8.9999943,-0.0158171854,-0.791568789,-0.106837725,-0.808291517
0.00452628,-1.39137233e-13,-9.0,-1.53825374,-8.9999943,-0.0164372781,-0.791568284,-0.106848162,-0.808297969
0.00452728,-4.84672823e-13,-9.0,-1.53639186,-8.9999943,-0.0170567219,-0.791567765,-0.106859022,-0.80830442
0.00452828,-2.07079186e-13,-9.0,-1.53452979,-8.9999943,-0.0176754923,-0.79156723,-0.106870307,-0.80831087
0.00452928,-1.21170264e-13,-9.0,-1.53266752,-8.9999943,-0.0182935649,-0.79156668,-0.106882015,-0.80831732
0.00453028,-4.84269386e-13,-9.0,-1.53080502,-8.9999943,-0.0189109154,-0.791566114,-0.106894147,-0.808323769
0.00453128,-2.47634447e-13,-9.0,-1.52894226,-8.9999943,-0.0195275192,-0.791565534,-0.106906704,-0.808330217
0.00453228,-1.0734616e-13,-9.0,-1.52707922,-8.99999429,-0.0201433522,-0.791564939,-0.106919685,-0.808336665
0.00453328,-4.79348096e-13,-9.0,-1.52521589,-8.99999429,-0.0207583899,-0.791564328,-0.10693309,-0.808343112
0.00453428,-2.89431127e-13,-9.0,-1.52335222,-8.99999429,-0.0213726081,-0.791563703,-0.10694692,-0.808349559
0.00453528,-9.82075222e-14,-9.0,-1.5214882,-8.99999429,-0.0219859825,-0.791563062,-0.106961175,-0.808356006
0.00453628,-4.7024096e-13,-9.0,-1.51962381,-8.99999429,-0.022598489,-0.791562406,-0.106975855,-0.808362453
0.00453728,-3.31681513e-13,-9.0,-1.51775902,-8.99999429,-0.0232101034,-0.791561736,-0.10699096,-0.8083689
0.00453828,-9.41947372e-14,-9.0,-1.51589381,-8.99999429,-0.0238208014,-0.79156105,-0.107006491,-0.808375347
0.00453928,-4.57391147e-13,-9.0,-1.51402814,-8.99999429,-0.024430559,-0.791560349,-0.107022447,-0.808381793
0.00454028,-3.73597606e-13,-9.0,-1.51216201,-8.99999429,-0.0250393522,-0.791559634,-0.107038829,-0.808388241
0.00454128,-9.56356702e-14,-9.0,-1.51029538,-8.99999429,-0.0256471568,-0.791558903,-0.107055638,-0.808394688
0.00454228,-4.41342612e-13,-9.0,-1.50842824,-8.99999429,-0.026253949,-0.791558158,-0.107072872,-0.808401135
0.00454328,-4.14410327e-13,-9.0,-1.50656055,-8.99999428,-0.0268597047,-0.791557397,-0.107090533,-0.808407584
0.00454428,-1.02738029e-13,-9.0,-1.50469229,-8.99999428,-0.0274644,-0.791556622,-0.10710862,-0.808414032
0.00454528,-4.22727249e-13,-9.0,-1.50282344,-8.99999428,-0.028068011,-0.791555832,-0.107127134,-0.808420481
0.00454628,-4.53388235e-13,-9.0,-1.50095398,-8.99999428,-0.028670514,-0.791555027,-0.107146075,-0.808426931
0.00454728,-1.15584584e-13,-9.0,-1.49908387,-8.99999428,-0.0292718851,-0.791554207,-0.107165444,-0.808433382
0.00454828,-4.02249898e-13,-9.0,-1.49721311,-8.99999428,-0.0298721006,-0.791553372,-0.10718524,-0.808439833
0.00454928,-4.89855288e-13,-9.0,-1.49534165,-8.99999428,-0.0304711369,-0.791552523,-0.107205464,-0.808446286
0.00455028,-1.34131342e-13,-9.0,-1.49346949,-8.99999428,-0.0310689701,-0.791551658,-0.107226116,-0.808452739
0.00455128,-3.80671555e-13,-9.0,-1.49159659,-8.99999428,-0.0316655768,-0.791550779,-0.107247197,-0.808459194
0.00455228,-5.23207243e-13,-9.0,-1.48972293,-8.99999428,-0.0322609335,-0.791549886,-0.107268706,-0.808465649
0.00455328,-1.58208732e-13,-9.0,-1.48784849,-8.99999428,-0.0328550165,-0.791548977,-0.107290644,-0.808472106
0.00455428,-3.58791177e-13,-9.0,-1.48597324,-8.99999427,-0.0334478024,-0.791548054,-0.107313011,-0.808478564
0.00455528,-5.52926263e-13,-9.0,-1.48409716,-8.99999427,-0.0340392679,-0.791547117,-0.107335807,-0.808485024
0.00455628,-1.87525747e-13,-9.0,-1.48222022,-8.99999427,-0.0346293896,-0.791546164,-0.107359033,-0.808491485
0.00455728,-3.37426527e-13,-9.0,-1.4803424,-8.99999427,-0.0352181441,-0.791545197,-0.10738269,-0.808497948
0.00455828,-5.78593404e-13,-9.0,-1.47846369,-8.99999427,-0.0358055084,-0.791544216,-0.107406776,-0.808504412
0.00455928,-2.21676951e-13,-9.0,-1.47658404,-8.99999427,-0.036391459,-0.79154322,-0.107431293,-0.808510878
0.00456028,-3.17394501e-13,-9.0,-1.47470344,-8.99999427,-0.036975973,-0.791542209,-0.107456241,-0.808517346
0.00456128,-5.99898649e-13,-9.0,-1.47282187,-8.99999427,-0.0375590273,-0.791541184,-0.10748162,-0.808523816
0.00456228,-2.60152174e-13,-9.0,-1.4709393,-8.99999427,-0.0381405988,-0.791540145,-0.107507431,-0.808530288
0.00456328,-2.9949141e-13,-9.0,-1.4690557,-8.99999427,-0.0387206645,-0.791539091,-0.107533673,-0.808536762
0.00456428,-6.16648268e-13,-9.0,-1.46717106,-8.99999427,-0.0392992017,-0.791538023,-0.107560348,-0.808543238
0.00456528,-3.02348651e-13,-9.0,-1.46528535,-8.99999426,-0.0398761873,-0.79153694,-0.107587455,-0.808549716
0.00456628,-2.84473692e-13,-9.0,-1.46339854,-8.99999426,-0.0404515988,-0.791535843,-0.107614995,-0.808556197
0.00456728,-6.28769294e-13,-9.0,-1.46151061,-8.99999426,-0.0410254132,-0.791534732,-0.107642968,-0.80856268
0.00456828,-3.47585317e-13,-9.0,-1.45962154,-8.99999426,-0.0415976081,-0.791533607,-0.107671374,-0.808569165
0.00456928,-2.7303949e-13,-9.0,-1.45773131,-8.99999426,-0.0421681607,-0.791532467,-0.107700215,-0.808575653
0.00457028,-6.36311032e-13,-9.0,-1.45583988,-8.99999426,-0.0427370487,-0.791531313,-0.107729489,-0.808582143
0.00457128,-3.95118899e-13,-9.0,-1.45394723,-8.99999426,-0.0433042494,-0.791530145,-0.107759199,-0.808588637
0.00457228,-2.65811569e-13,-9.0,-1.45205335,-8.99999426,-0.0438697406,-0.791528963,-0.107789343,-0.808595132
0.00457328,-6.39443529e-13,-9.0,-1.45015821,-8.99999426,-0.0444334998,-0.791527766,-0.107819923,-0.808601631
0.00457428,-4.44161415e-13,-9.0,-1.44826177,-8.99999426,-0.0449955049,-0.791526556,-0.107850938,-0.808608133
0.00457528,-2.63321933e-13,-9.0,-1.44636403,-8.99999425,-0.0455557337,-0.791525331,-0.107882389,-0.808614638
0.00457628,-6.38453058e-13,-9.0,-1.44446495,-8.99999425,-0.046114164,-0.791524093,-0.107914277,-0.808621146
0.00457728,-4.93898662e-13,-9.0,-1.44256452,-8.99999425,-0.0466707738,-0.79152284,-0.107946602,-0.808627657
0.00457828,-2.65998552e-13,-9.0,-1.4406627,-8.99999425,-0.0472255411,-0.791521574,-0.107979364,-0.808634171
0.00457928,-6.33734712e-13,-9.0,-1.43875948,-8.99999425,-0.047778444,-0.791520294,-0.108012564,-0.808640689
0.00458028,-5.4350923e-13,-9.0,-1.43685482,-8.99999425,-0.0483294607,-0.791519,-0.108046202,-0.80864721
0.00458128,-2.74154475e-13,-9.0,-1.43494871,-8.99999425,-0.0488785694,-0.791517692,-0.108080279,-0.808653734
0.00458228,-6.25782277e-13,-9.0,-1.43304112,-8.99999425,-0.0494257485,-0.79151637,-0.108114794,-0.808660263
0.00458328,-5.92183592e-13,-9.0,-1.43113203,-8.99999425,-0.0499709764,-0.791515035,-0.108149749,-0.808666794
0.00458428,-2.87979611e-13,-9.0,-1.42922142,-8.99999425,-0.0505142315,-0.791513686,-0.108185144,-0.80867333
0.00458528,-6.15175634e-13,-9.0,-1.42730925,-8.99999425,-0.0510554924,-0.791512323,-0.108220979,-0.808679869
0.00458628,-6.391428e-13,-9.0,-1.42539551,-8.99999424,-0.0515947377,-0.791510946,-0.108257255,-0.808686412
0.00458728,-3.07535363e-13,-9.0,-1.42348017,-8.99999424,-0.0521319461,-0.791509556,-0.108293971,-0.808692959
0.00458828,-6.02565975e-13,-9.0,-1.42156322,-8.99999424,-0.0526670964,-0.791508153,-0.10833113,-0.808699511
0.00458928,-6.83656338e-13,-9.0,-1.41964461,-8.99999424,-0.0532001675,-0.791506736,-0.108368731,-0.808706066
0.00459028,-3.32752233e-13,-9.0,-1.41772434,-8.99999424,-0.0537311384,-0.791505305,-0.108406774,-0.808712625
0.00459128,-5.88659196e-13,-9.0,-1.41580237,-8.99999424,-0.0542599881,-0.791503862,-0.10844526,-0.808719189
0.00459228,-7.25058695e-13,-9.0,-1.41387869,-8.99999424,-0.0547866957,-0.791502404,-0.108484189,-0.808725757
0.00459328,-3.63430473e-13,-9.0,-1.41195327,-8.99999424,-0.0553112404,-0.791500934,-0.108523563,-0.80873233
0.00459428,-5.74197865e-13,-9.0,-1.41002608,-8.99999424,-0.0558336015,-0.79149945,-0.108563381,-0.808738907
0.00459528,-7.62764264e-13,-9.0,-1.4080971,-8.99999424,-0.0563537583,-0.791497953,-0.108603644,-0.808745488
0.00459628,-3.9924374e-13,-9.0,-1.40616631,-8.99999423,-0.0568716905,-0.791496443,-0.108644352,-0.808752075
0.00459728,-5.59942183e-13,-9.0,-1.40423369,-8.99999423,-0.0573873774,-0.791494919,-0.108685507,-0.808758666
0.00459828,-7.96280197e-13,-9.0,-1.40229921,-8.99999423,-0.0579007988,-0.791493383,-0.108727107,-0.808765261
0.00459928,-4.39745685e-13,-9.0,-1.40036284,-8.99999423,-0.0584119343,-0.791491833,-0.108769155,-0.808771862
0.00460028,-5.46650413e-13,-9.0,-1.39842457,-8.99999423,-0.0589207639,-0.791490271,-0.108811651,-0.808778468
0.00460128,-8.2521692e-13,-9.0,-1.39648437,-8.99999423,-0.0594272674,-0.791488695,-0.108854594,-0.808785078
0.00460228,-4.84379305e-13,-9.0,-1.39454221,-8.99999423,-0.0599314247,-0.791487107,-0.108897986,-0.808791694
0.00460328,-5.35059231e-13,-9.0,-1.39259807,-8.99999423,-0.0604332161,-0.791485505,-0.108941827,-0.808798315
0.00460428,-8.49296042e-13,-9.0,-1.39065194,-8.99999423,-0.0609326217,-0.791483891,-0.108986117,-0.808804942
0.00460528,-5.32488845e-13,-9.0,-1.38870378,-8.99999423,-0.0614296218,-0.791482264,-0.109030858,-0.808811573
0.00460628,-5.25864481e-13,-9.0,-1.38675357,-8.99999423,-0.0619241967,-0.791480624,-0.109076049,-0.80881821
0.00460728,-8.68355482e-13,-9.0,-1.38480128,-8.99999422,-0.062416327,-0.791478972,-0.109121692,-0.808824853
0.00460828,-5.83333952e-13,-9.0,-1.38284691,-8.99999422,-0.0629059932,-0.791477307,-0.109167787,-0.808831501
0.00460928,-5.19702808e-13,-9.0,-1.38089041,-8.99999422,-0.0633931759,-0.79147563,-0.109214334,-0.808838154
0.00461028,-8.82351676e-13,-9.0,-1.37893177,-8.99999422,-0.063877856,-0.79147394,-0.109261334,-0.808844814
0.00461128,-6.36105757e-13,-9.0,-1.37697096,-8.99999422,-0.0643600143,-0.791472237,-0.109308787,-0.808851479
0.00461228,-5.17134585e-13,-9.0,-1.37500797,-8.99999422,-0.0648396318,-0.791470522,-0.109356695,-0.80885815
0.00461328,-8.91358838e-13,-9.0,-1.37304276,-8.99999422,-0.0653166896,-0.791468795,-0.109405057,-0.808864827
0.00461428,-6.89944492e-13,-9.0,-1.37107532,-8.99999422,-0.0657911687,-0.791467055,-0.109453875,-0.80887151
0.00461528,-5.18628582e-13,-9.0,-1.36910561,-8.99999422,-0.0662630506,-0.791465303,-0.109503148,-0.808878199
0.00461628,-8.95565275e-13,-9.0,-1.36713363,-8.99999422,-0.0667323164,-0.791463539,-0.109552878,-0.808884895
0.00461728,-7.43958227e-13,-9.0,-1.36515934,-8.99999421,-0.0671989478,-0.791461763,-0.109603065,-0.808891596
0.00461828,-5.24548732e-13,-9.0,-1.36318271,-8.99999421,-0.0676629263,-0.791459975,-0.10965371,-0.808898304
0.00461928,-8.95266859e-13,-9.0,-1.36120374,-8.99999421,-0.0681242336,-0.791458174,-0.109704813,-0.808905018
0.00462028,-7.97242291e-13,-9.0,-1.35922239,-8.99999421,-0.0685828514,-0.791456362,-0.109756375,-0.808911739
0.00462128,-5.35143319e-13,-9.0,-1.35723864,-8.99999421,-0.0690387618,-0.791454538,-0.109808397,-0.808918466
0.00462228,-8.90857834e-13,-9.0,-1.35525247,-8.99999421,-0.0694919466,-0.791452701,-0.109860879,-0.8089252
0.00462328,-8.48898898e-13,-9.0,-1.35326386,-8.99999421,-0.0699423879,-0.791450853,-0.109913821,-0.80893194
0.00462428,-5.50536866e-13,-9.0,-1.35127278,-8.99999421,-0.0703900681,-0.791448993,-0.109967226,-0.808938687
0.00462528,-8.82819157e-13,-9.0,-1.34927921,-8.99999421,-0.0708349693,-0.791447122,-0.110021092,-0.808945441
0.00462628,-8.9805654e-13,-9.0,-1.34728312,-8.99999421,-0.0712770742,-0.791445239,-0.110075421,-0.808952202
0.00462728,-5.70724919e-13,-9.0,-1.3452845,-8.9999942,-0.0717163651,-0.791443344,-0.110130214,-0.80895897
0.00462828,-8.71704694e-13,-9.0,-1.34328332,-8.9999942,-0.0721528248,-0.791441438,-0.110185471,-0.808965745
0.00462928,-9.43888669e-13,-9.0,-1.34127955,-8.9999942,-0.072586436,-0.79143952,-0.110241192,-0.808972527
0.00463028,-5.95571864e-13,-9.0,-1.33927319,-8.9999942,-0.0730171817,-0.791437591,-0.110297379,-0.808979316
0.00463128,-8.58125595e-13,-9.0,-1.33726419,-8.9999942,-0.0734450447,-0.79143565,-0.110354032,-0.808986112
0.00463228,-9.85631244e-13,-9.0,-1.33525255,-8.9999942,-0.0738700083,-0.791433698,-0.110411152,-0.808992916
0.00463328,-6.24811848e-13,-9.0,-1.33323823,-8.9999942,-0.0742920556,-0.791431735,-0.110468739,-0.808999727
0.00463428,-8.42733242e-13,-9.0,-1.33122122,-8.9999942,-0.07471117,-0.79142976,-0.110526795,-0.809006545
0.00463528,-1.02259873e-12,-9.0,-1.3292015,-8.9999942,-0.0751273349,-0.791427775,-0.110585319,-0.809013371
0.00463628,-6.5805278e-13,-9.0,-1.32717903,-8.9999942,-0.0755405339,-0.791425778,-0.110644313,-0.809020205
0.00463728,-8.26201192e-13,-9.0,-1.32515381,-8.99999419,-0.0759507507,-0.791423771,-0.110703777,-0.809027046
0.00463828,-1.05419816e-12,-9.0,-1.3231258,-8.99999419,-0.0763579691,-0.791421752,-0.110763713,-0.809033895
0.00463928,-6.94783352e-13,-9.0,-1.32109498,-8.99999419,-0.076762173,-0.791419723,-0.11082412,-0.809040751
0.00464028,-8.09206565e-13,-9.0,-1.31906134,-8.99999419,-0.0771633465,-0.791417683,-0.110884999,-0.809047616
0.00464128,-1.079941e-12,-9.0,-1.31702485,-8.99999419,-0.0775614737,-0.791415632,-0.110946352,-0.809054488
0.00464228,-7.34382898e-13,-9.0,-1.31498549,-8.99999419,-0.0779565389,-0.79141357,-0.111008178,-0.809061369
0.00464328,-7.92411338e-13,-9.0,-1.31294324,-8.99999419,-0.0783485265,-0.791411498,-0.111070479,-0.809068257
0.00464428,-1.09945243e-12,-9.0,-1.31089807,-8.99999419,-0.078737421,-0.791409415,-0.111133255,-0.809075154
0.00464528,-7.76133902e-13,-9.0,-1.30884997,-8.99999419,-0.0791232071,-0.791407322,-0.111196508,-0.809082058
0.00464628,-7.76444013e-13,-9.0,-1.30679891,-8.99999419,-0.0795058696,-0.791405218,-0.111260237,-0.809088971
0.00464728,-1.11247796e-12,-9.0,-1.30474487,-8.99999418,-0.0798853933,-0.791403104,-0.111324444,-0.809095893
0.00464828,-8.19236836e-13,-9.0,-1.30268783,-8.99999418,-0.0802617633,-0.791400979,-0.111389129,-0.809102822
0.00464928,-7.6188211e-13,-9.0,-1.30062778,-8.99999418,-0.0806349647,-0.791398844,-0.111454293,-0.80910976
0.00465028,-1.1188872e-12,-9.0,-1.29856468,-8.99999418,-0.0810049828,-0.7913967,-0.111519937,-0.809116707
0.00465128,-8.62827025e-13,-9.0,-1.29649852,-8.99999418,-0.0813718029,-0.791394545,-0.111586061,-0.809123662
0.00465228,-7.49235935e-13,-9.0,-1.29442927,-8.99999418,-0.0817354106,-0.79139238,-0.111652667,-0.809130626
0.00465328,-1.1186746e-12,-9.0,-1.29235693,-8.99999418,-0.0820957915,-0.791390204,-0.111719756,-0.809137598
0.00465428,-9.05993116e-13,-9.0,-1.29028145,-8.99999418,-0.0824529314,-0.79138802,-0.111787327,-0.809144579
0.00465528,-7.38934019e-13,-9.0,-1.28820284,-8.99999418,-0.0828068163,-0.791385825,-0.111855382,-0.809151569
0.00465628,-1.11195736e-12,-9.0,-1.28612106,-8.99999418,-0.083157432,-0.79138362,-0.111923921,-0.809158568
0.00465728,-9.47796754e-13,-9.0,-1.28403609,-8.99999417,-0.0835047648,-0.791381406,-0.111992946,-0.809165575
0.00465828,-7.31310606e-13,-9.0,-1.28194792,-8.99999417,-0.0838488011,-0.791379182,-0.112062456,-0.809172592
0.00465928,-1.09897043e-12,-9.0,-1.27985653,-8.99999417,-0.0841895271,-0.791376949,-0.112132454,-0.809179618
0.00466028,-9.87292993e-13,-9.0,-1.27776189,-8.99999417,-0.0845269294,-0.791374706,-0.112202939,-0.809186652
0.00466128,-7.26595504e-13,-9.0,-1.27566399,-8.99999417,-0.0848609948,-0.791372453,-0.112273913,-0.809193696
0.00466228,-1.08005877e-12,-9.0,-1.27356281,-8.99999417,-0.08519171,-0.791370191,-0.112345376,-0.809200749
0.00466328,-1.02355097e-12,-9.0,-1.27145832,-8.99999417,-0.085519062,-0.79136792,-0.11241733,-0.809207812
0.00466428,-7.24906559e-13,-9.0,-1.26935051,-8.99999417,-0.0858430378,-0.79136564,-0.112489774,-0.809214883
0.00466528,-1.0556671e-12,-9.0,-1.26723937,-8.99999417,-0.0861636247,-0.791363351,-0.11256271,-0.809221964
0.00466628,-1.05567439e-12,-9.0,-1.26512486,-8.99999416,-0.08648081,-0.791361052,-0.112636138,-0.809229055
0.00466728,-7.26244957e-13,-9.0,-1.26300698,-8.99999416,-0.0867945812,-0.791358745,-0.11271006,-0.809236155
0.00466828,-1.02632741e-12,-9.0,-1.2608857,-8.99999416,-0.0871049259,-0.791356428,-0.112784476,-0.809243264
0.00466928,-1.08282128e-12,-9.0,-1.25876101,-8.99999416,-0.0874118318,-0.791354103,-0.112859388,-0.809250383
0.00467028,-7.30493485e-13,-9.0,-1.25663289,-8.99999416,-0.0877152869,-0.791351769,-0.112934795,-0.809257511
0.00467128,-9.92644486e-13,-9.0,-1.25450132,-8.99999416,-0.0880152791,-0.791349426,-0.113010699,-0.80926465
0.00467228,-1.10422267e-12,-9.0,-1.25236629,-8.99999416,-0.0883117966,-0.791347075,-0.113087101,-0.809271797
0.00467328,-7.37417798e-13,-9.0,-1.25022777,-8.99999416,-0.0886048277,-0.791344715,-0.113164001,-0.809278955
0.00467428,-9.5527991e-13,-9.0,-1.24808575,-8.99999416,-0.0888943609,-0.791342346,-0.1132414,-0.809286123
0.00467528,-1.11919959e-12,-9.0,-1.24594021,-8.99999416,-0.0891803847,-0.791339969,-0.113319299,-0.8092933
0.00467628,-7.46670698e-13,-9.0,-1.24379114,-8.99999415,-0.0894628877,-0.791337584,-0.1133977,-0.809300487
0.00467728,-9.14934832e-13,-9.0,-1.24163852,-8.99999415,-0.089741859,-0.79133519,-0.113476602,-0.809307684
0.00467828,-1.12717826e-12,-9.0,-1.23948233,-8.99999415,-0.0900172874,-0.791332788,-0.113556007,-0.809314891
0.00467928,-7.57799313e-13,-9.0,-1.23732257,-8.99999415,-0.090289162,-0.791330378,-0.113635916,-0.809322109
0.00468028,-8.72332037e-13,-9.0,-1.2351592,-8.99999415,-0.0905574722,-0.79132796,-0.113716329,-0.809329336
0.00468128,-1.12770276e-12,-9.0,-1.23299222,-8.99999415,-0.0908222073,-0.791325535,-0.113797248,-0.809336573
0.00468228,-7.70255044e-13,-9.0,-1.23082162,-8.99999415,-0.0910833569,-0.791323101,-0.113878672,-0.809343821
0.00468328,-8.2819769e-13,-9.0,-1.22864737,-8.99999415,-0.0913409108,-0.791320659,-0.113960604,-0.809351078
0.00468428,-1.12044527e-12,-9.0,-1.22646947,-8.99999415,-0.0915948586,-0.79131821,-0.114043044,-0.809358346
0.00468528,-7.83406028e-13,-9.0,-1.2242879,-8.99999414,-0.0918451904,-0.791315752,-0.114125992,-0.809365624
0.00468628,-7.83243233e-13,-9.0,-1.22210264,-8.99999414,-0.0920918963,-0.791313288,-0.114209451,-0.809372913
0.00468728,-1.10521336e-12,-9.0,-1.21991368,-8.99999414,-0.0923349666,-0.791310816,-0.114293419,-0.809380212
0.00468828,-7.9655185e-13,-9.0,-1.21772102,-8.99999414,-0.0925743917,-0.791308336,-0.1143779,-0.809387521
0.00468928,-7.38147884e-13,-9.0,-1.21552463,-8.99999414,-0.0928101621,-0.791305849,-0.114462892,-0.80939484
0.00469028,-1.08195428e-12,-9.0,-1.21332451,-8.99999414,-0.0930422685,-0.791303355,-0.114548398,-0.80940217
0.00469128,-8.08940147e-13,-9.0,-1.21112063,-8.99999414,-0.0932707018,-0.791300853,-0.114634418,-0.80940951
0.00469228,-6.93542152e-13,-9.0,-1.208913,-8.99999414,-0.0934954529,-0.791298344,-0.114720953,-0.809416861
0.00469328,-1.05075622e-12,-9.0,-1.2067016,-8.99999414,-0.0937165129,-0.791295829,-0.114808004,-0.809424222
0.00469428,-8.19784717e-13,-9.0,-1.20448642,-8.99999414,-0.0939338732,-0.791293306,-0.114895571,-0.809431594
0.00469528,-6.49992789e-13,-9.0,-1.20226744,-8.99999413,-0.0941475251,-0.791290776,-0.114983656,-0.809438977
0.00469628,-1.0118463e-12,-9.0,-1.20004466,-8.99999413,-0.0943574603,-0.79128824,-0.11507226,-0.809446369
0.00469728,-8.28284705e-13,-9.0,-1.19781807,-8.99999413,-0.0945636704,-0.791285697,-0.115161383,-0.809453773
0.00469828,-6.07989537e-13,-9.0,-1.19558766,-8.99999413,-0.0947661473,-0.791283147,-0.115251027,-0.809461187
0.00469928,-9.65585663e-13,-9.0,-1.19335342,-8.99999413,-0.0949648829,-0.791280591,-0.115341192,-0.809468612
0.00470028,-8.3364441e-13,-9.0,-1.19111534,-8.99999413,-0.0951598695,-0.791278028,-0.115431879,-0.809476047
0.00470128,-5.67933994e-13,-9.0,-1.18887342,-8.99999413,-0.0953510994,-0.791275459,-0.115523089,-0.809483493
0.00470228,-9.12461455e-13,-9.0,-1.18662764,-8.99999413,-0.095538565,-0.791272883,-0.115614823,-0.80949095
0.00470328,-8.35093233e-13,-9.0,-1.184378,-8.99999413,-0.0957222588,-0.791270301,-0.115707081,-0.809498417
0.00470428,-5.30130867e-13,-9.0,-1.18212449,-8.99999412,-0.0959021737,-0.791267713,-0.115799866,-0.809505895
0.00470528,-8.53076144e-13,-9.0,-1.17986711,-8.99999412,-0.0960783026,-0.791265119,-0.115893177,-0.809513383
0.00470628,-8.31905295e-13,-9.0,-1.17760586,-8.99999412,-0.0962506385,-0.791262519,-0.115987015,-0.809520883
0.00470728,-4.94781831e-13,-9.0,-1.17534072,-8.99999412,-0.0964191745,-0.791259913,-0.116081382,-0.809528393
0.00470828,-7.881343e-13,-9.0,-1.17307169,-8.99999412,-0.0965839041,-0.791257301,-0.116176278,-0.809535913
0.00470928,-8.23418249e-13,-9.0,-1.17079877,-8.99999412,-0.0967448207,-0.791254683,-0.116271704,-0.809543445
0.00471028,-4.61982123e-13,-9.0,-1.16852196,-8.99999412,-0.096901918,-0.79125206,-0.116367662,-0.809550987
0.00471128,-7.18427187e-13,-9.0,-1.16624125,-8.99999412,-0.0970551898,-0.791249431,-0.116464151,-0.80955854
0.00471228,-8.09050825e-13,-9.0,-1.16395664,-8.99999412,-0.09720463,-0.791246797,-0.116561173,-0.809566103
0.00471328,-4.31719963e-13,-9.0,-1.16166813,-8.99999411,-0.0973502327,-0.791244157,-0.116658728,-0.809573677
0.00471428,-6.44815541e-13,-9.0,-1.15937573,-8.99999411,-0.0974919922,-0.791241512,-0.116756818,-0.809581262
0.00471528,-7.88318688e-13,-9.0,-1.15707942,-8.99999411,-0.0976299029,-0.791238861,-0.116855444,-0.809588857
0.00471628,-4.03878807e-13,-9.0,-1.15477921,-8.99999411,-0.0977639593,-0.791236206,-0.116954606,-0.809596463
0.00471728,-5.68210924e-13,-9.0,-1.1524751,-8.99999411,-0.0978941562,-0.791233545,-0.117054305,-0.809604079
0.00471828,-7.60848218e-13,-9.0,-1.1501671,-8.99999411,-0.0980204884,-0.791230879,-0.117154542,-0.809611707
0.00471928,-3.78242364e-13,-9.0,-1.14785521,-8.99999411,-0.0981429509,-0.791228208,-0.117255318,-0.809619344
0.00472028,-4.89556105e-13,-9.0,-1.14553942,-8.99999411,-0.0982615389,-0.791225533,-0.117356633,-0.809626992
0.00472128,-7.26387863e-13,-9.0,-1.14321975,-8.9999941,-0.0983762477,-0.791222853,-0.117458489,-0.809634651
0.00472228,-3.54502245e-13,-9.0,-1.1408962,-8.9999941,-0.0984870727,-0.791220168,-0.117560887,-0.80964232
0.00472328,-4.09804923e-13,-9.0,-1.13856878,-8.9999941,-0.0985940097,-0.791217478,-0.117663827,-0.80965
0.00472428,-6.84816799e-13,-9.0,-1.13623749,-8.9999941,-0.0986970543,-0.791214784,-0.11776731,-0.80965769
0.00472528,-3.32268064e-13,-9.0,-1.13390233,-8.9999941,-0.0987962026,-0.791212086,-0.117871337,-0.80966539
0.00472628,-3.29902109e-13,-9.0,-1.13156333,-8.9999941,-0.0988914505,-0.791209383,-0.117975909,-0.8096731
0.00472728,-6.36150652e-13,-9.0,-1.12922049,-8.9999941,-0.0989827944,-0.791206676,-0.118081027,-0.809680821
0.00472828,-3.11079708e-13,-9.0,-1.12687381,-8.9999941,-0.0990702306,-0.791203965,-0.11818669,-0.809688552
0.00472928,-2.50763531e-13,-9.0,-1.12452331,-8.9999941,-0.0991537557,-0.791201249,-0.118292902,-0.809696293
0.00473028,-5.80544151e-13,-9.0,-1.12216901,-8.99999409,-0.0992333664,-0.79119853,-0.118399661,-0.809704045
0.00473128,-2.90421495e-13,-9.0,-1.11981091,-8.99999409,-0.0993090595,-0.791195807,-0.118506969,-0.809711806
0.00473228,-1.73257323e-13,-9.0,-1.11744903,-8.99999409,-0.099380832,-0.79119308,-0.118614827,-0.809719577
0.00473328,-5.18290613e-13,-9.0,-1.11508339,-8.99999409,-0.0994486812,-0.791190349,-0.118723235,-0.809727358
0.00473428,-2.69737833e-13,-9.0,-1.11271399,-8.99999409,-0.0995126043,-0.791187615,-0.118832194,-0.809735149
0.00473528,-9.81863374e-14,-9.0,-1.11034087,-8.99999409,-0.0995725988,-0.791184877,-0.118941706,-0.80974295
0.00473628,-4.49818275e-13,-9.0,-1.10796403,-8.99999409,-0.0996286623,-0.791182136,-0.11905177,-0.809750761
0.00473728,-2.48450009e-13,-9.0,-1.1055835,-8.99999409,-0.0996807927,-0.791179391,-0.119162388,-0.809758581
0.00473828,-2.6272323e-14,-9.0,-1.10319929,-8.99999409,-0.0997289879,-0.791176643,-0.11927356,-0.80976641
0.00473928,-3.75683517e-13,-9.0,-1.10081144,-8.99999408,-0.0997732459,-0.791173892,-0.119385286,-0.809774249
0.00474028,-2.25973676e-13,-9.0,-1.09841996,-8.99999408,-0.0998135651,-0.791171138,-0.119497569,-0.809782098
0.00474128,4.18578166e-14,-9.0,-1.09602487,-8.99999408,-0.0998499438,-0.791168381,-0.119610408,-0.809789955
0.00474228,-2.96561143e-13,-9.0,-1.09362621,-8.99999408,-0.0998823805,-0.79116562,-0.119723804,-0.809797822
0.00474328,-2.01736587e-13,-9.0,-1.09122399,-8.99999408,-0.0999108741,-0.791162857,-0.119837758,-0.809805698
0.00474428,1.05683368e-13,-9.0,-1.08881826,-8.99999408,-0.0999354234,-0.791160092,-0.119952271,-0.809813583
0.00474528,-2.13231915e-13,-9.0,-1.08640903,-8.99999408,-0.0999560274,-0.791157323,-0.120067343,-0.809821476
0.00474628,-1.75196146e-13,-9.0,-1.08399634,-8.99999408,-0.0999726853,-0.791154552,-0.120182974,-0.809829378
0.00474728,1.6479851e-13,-9.0,-1.08158022,-8.99999407,-0.0999853965,-0.791151779,-0.120299166,-0.809837289
0.00474828,-1.26567623e-13,-9.0,-1.07916071,-8.99999407,-0.0999941604,-0.791149003,-0.120415919,-0.809845208
0.00474928,-1.45856319e-13,-9.0,-1.07673784,-8.99999407,-0.0999989767,-0.791146225,-0.120533234,-0.809853136
0.00475028,2.18918087e-13,-9.0,-1.07430175,-8.99999407,-0.0999998452,-0.791143442,-0.120651277,-0.809861231
0.00475128,-3.75151728e-14,-9.0,-1.07185323,-8.99999407,-0.0999967659,-0.791140657,-0.120769783,-0.809869227
0.00475228,-1.13282242e-13,-9.0,-1.06941495,-8.99999407,-0.0999897389,-0.791137874,-0.120888649,-0.809877032
0.00475328,2.67882271e-13,-9.0,-1.06698813,-8.99999407,-0.0999787645,-0.79113509,-0.121008165,-0.809884937
0.00475428,5.29255484e-14,-9.0,-1.06455928,-8.99999407,-0.0999638431,-0.791132302,-0.121128274,-0.80989288
0.00475528,-7.71198605e-14,-9.0,-1.06212522,-8.99999406,-0.0999449753,-0.791129513,-0.121248961,-0.809900845
0.00475628,3.11650801e-13,-9.0,-1.05968561,-8.99999406,-0.0999221618,-0.791126721,-0.121370219,-0.809908823
0.00475728,1.43719909e-13,-9.0,-1.05724095,-8.99999406,-0.0998954036,-0.791123928,-0.121492046,-0.809916811
0.00475828,-3.71000962e-14,-9.0,-1.05479186,-8.99999406,-0.0998647017,-0.791121133,-0.121614441,-0.809924807
0.00475928,3.50307502e-13,-9.0,-1.05233888,-8.99999406,-0.0998300572,-0.791118337,-0.121737404,-0.80993281
0.00476028,2.33816567e-13,-9.0,-1.04988242,-8.99999406,-0.0997914717,-0.791115539,-0.121860934,-0.80994082
0.00476128,6.94491772e-15,-9.0,-1.04742277,-8.99999406,-0.0997489466,-0.791112741,-0.121985032,-0.809948836
0.00476228,3.84049828e-13,-9.0,-1.04496016,-8.99999406,-0.0997024835,-0.791109941,-0.122109698,-0.809956858
0.00476328,3.22172643e-13,-9.0,-1.04249473,-8.99999406,-0.0996520844,-0.79110714,-0.122234933,-0.809964885
0.00476428,5.5075438e-14,-9.0,-1.04002662,-8.99999405,-0.0995977512,-0.791104339,-0.122360738,-0.809972919
0.00476528,4.13181269e-13,-9.0,-1.03755592,-8.99999405,-0.099539486,-0.791101536,-0.122487111,-0.809980957
0.00476628,4.0777371e-13,-9.0,-1.03508273,-8.99999405,-0.0994772912,-0.791098733,-0.122614054,-0.809989001
0.00476728,1.07238834e-13,-9.0,-1.03260712,-8.99999405,-0.0994111692,-0.791095929,-0.122741568,-0.809997049
0.00476828,4.38100247e-13,-9.0,-1.03012918,-8.99999405,-0.0993411226,-0.791093124,-0.122869651,-0.810005102
0.00476928,4.89654406e-13,-9.0,-1.02764899,-8.99999405,-0.0992671541,-0.791090319,-0.122998305,-0.810013159
0.00477028,1.63267112e-13,-9.0,-1.02516661,-8.99999405,-0.0991892668,-0.791087514,-0.123127529,-0.81002122
0.00477128,4.59286835e-13,-9.0,-1.02268215,-8.99999405,-0.0991074637,-0.791084709,-0.123257324,-0.810029285
0.00477228,5.66917979e-13,-9.0,-1.02019566,-8.99999404,-0.099021748,-0.791081903,-0.12338769,-0.810037354
0.00477328,2.22877324e-13,-9.0,-1.01770725,-8.99999404,-0.098932123,-0.791079097,-0.123518627,-0.810045425
0.00477428,4.7728762e-13,-9.0,-1.015217,-8.99999404,-0.0988385924,-0.791076292,-0.123650136,-0.8100535
0.00477528,6.38754298e-13,-9.0,-1.01272498,-8.99999404,-0.0987411598,-0.791073486,-0.123782215,-0.810061577
0.00477628,2.85674871e-13,-9.0,-1.01023131,-8.99999404,-0.0986398291,-0.791070681,-0.123914866,-0.810069656
0.00477728,4.92699118e-13,-9.0,-1.00773607,-8.99999404,-0.0985346043,-0.791067876,-0.124048088,-0.810077737
0.00477828,7.0445593e-13,-9.0,-1.00523936,-8.99999404,-0.0984254894,-0.791065071,-0.124181881,-0.81008582
0.00477928,3.51159641e-13,-9.0,-1.00274128,-8.99999404,-0.0983124889,-0.791062267,-0.124316245,-0.810093904
0.00478028,5.06150134e-13,-9.0,-1.00024194,-8.99999403,-0.0981956072,-0.791059463,-0.12445118,-0.810101989
0.00478128,7.63431914e-13,-9.0,-0.997741439,-8.99999403,-0.0980748489,-0.79105666,-0.124586686,-0.810110075
0.00478228,4.18734858e-13,-9.0,-0.995239892,-8.99999403,-0.0979502188,-0.791053858,-0.124722763,-0.81011816
0.00478328,5.18283531e-13,-9.0,-0.992737412,-8.99999403,-0.0978217218,-0.791051057,-0.124859411,-0.810126246
0.00478428,8.15218913e-13,-9.0,-0.990234116,-8.99999403,-0.0976893629,-0.791048257,-0.124996628,-0.81013433
0.00478528,4.87718441e-13,-9.0,-0.987730125,-8.99999403,-0.0975531474,-0.791045458,-0.125134416,-0.810142414
0.00478628,5.29737853e-13,-9.0,-0.985225563,-8.99999403,-0.0974130807,-0.79104266,-0.125272773,-0.810150496
0.00478728,8.59489504e-13,-9.0,-0.982720559,-8.99999403,-0.0972691683,-0.791039864,-0.125411699,-0.810158576
0.00478828,5.57356618e-13,-9.0,-0.980215242,-8.99999402,-0.0971214159,-0.791037068,-0.125551194,-0.810166654
0.00478928,5.41129261e-13,-9.0,-0.97770975,-8.99999402,-0.0969698293,-0.791034275,-0.125691257,-0.810174729
0.00479028,8.9605741e-13,-9.0,-0.975204221,-8.99999402,-0.0968144144,-0.791031483,-0.125831888,-0.810182801
0.00479128,6.26839488e-13,-9.0,-0.972698799,-8.99999402,-0.0966551775,-0.791028692,-0.125973087,-0.810190868
0.00479228,5.53034232e-13,-9.0,-0.970193629,-8.99999402,-0.0964921249,-0.791025903,-0.126114852,-0.810198932
0.00479328,9.24879568e-13,-9.0,-0.967688864,-8.99999402,-0.0963252629,-0.791023117,-0.126257183,-0.810206991
0.00479428,6.95318157e-13,-9.0,-0.96518466,-8.99999402,-0.0961545981,-0.791020332,-0.126400079,-0.810215044
0.00479528,5.65973446e-13,-9.0,-0.962681175,-8.99999402,-0.0959801373,-0.791017549,-0.12654354,-0.810223092
0.00479628,9.46054995e-13,-9.0,-0.960178575,-8.99999402,-0.0958018874,-0.791014769,-0.126687564,-0.810231133
0.00479728,7.61923065e-13,-9.0,-0.957677027,-8.99999401,-0.0956198554,-0.791011991,-0.126832152,-0.810239167
0.00479828,5.80397269e-13,-9.0,-0.955176704,-8.99999401,-0.0954340484,-0.791009215,-0.126977301,-0.810247194
0.00479928,9.59820488e-13,-9.0,-0.952677786,-8.99999401,-0.095244474,-0.791006442,-0.127123011,-0.810255212
0.00480028,8.25783051e-13,-9.0,-0.950180454,-8.99999401,-0.0950511394,-0.791003671,-0.127269282,-0.810263222
0.00480128,5.9667317e-13,-9.0,-0.947684895,-8.99999401,-0.0948540523,-0.791000903,-0.127416111,-0.810271222
0.00480228,9.66543269e-13,-9.0,-0.945191303,-8.99999401,-0.0946532206,-0.790998138,-0.127563497,-0.810279212
0.00480328,8.86044731e-13,-9.0,-0.942699875,-8.99999401,-0.0944486521,-0.790995375,-0.127711441,-0.810287192
0.00480428,6.15075407e-13,-9.0,-0.940210813,-8.99999401,-0.094240355,-0.790992616,-0.127859939,-0.81029516
0.00480528,9.66710758e-13,-9.0,-0.937724326,-8.999994,-0.0940283374,-0.79098986,-0.128008991,-0.810303116
0.00480628,9.41891699e-13,-9.0,-0.935240626,-8.999994,-0.0938126078,-0.790987107,-0.128158596,-0.81031106
0.00480728,6.35777208e-13,-9.0,-0.932759934,-8.999994,-0.0935931746,-0.790984358,-0.128308751,-0.810318989
0.00480828,9.60917726e-13,-9.0,-0.930282473,-8.999994,-0.0933700464,-0.790981612,-0.128459456,-0.810326905
0.00480928,9.92563121e-13,-9.0,-0.927808473,-8.999994,-0.0931432322,-0.790978869,-0.128610708,-0.810334806
0.00481028,6.58845659e-13,-9.0,-0.925338172,-8.999994,-0.0929127409,-0.79097613,-0.128762507,-0.81034269
0.00481128,9.49851133e-13,-9.0,-0.92287181,-8.999994,-0.0926785815,-0.790973395,-0.12891485,-0.810350559
0.00481228,1.03737125e-12,-9.0,-0.920409637,-8.999994,-0.0924407633,-0.790970664,-0.129067735,-0.81035841
0.00481328,6.84239412e-13,-9.0,-0.917951906,-8.99999399,-0.0921992958,-0.790967936,-0.129221161,-0.810366242
0.00481428,9.34273026e-13,-9.0,-0.915498879,-8.99999399,-0.0919541883,-0.790965213,-0.129375125,-0.810374056
0.00481528,1.07571748e-12,-9.0,-0.913050824,-8.99999399,-0.0917054507,-0.790962494,-0.129529625,-0.810381849
0.00481628,7.11809264e-13,-9.0,-0.910608012,-8.99999399,-0.0914530927,-0.790959779,-0.12968466,-0.810389622
0.00481728,9.15001888e-13,-9.0,-0.908170727,-8.99999399,-0.0911971242,-0.790957069,-0.129840226,-0.810397373
0.00481828,1.10710646e-12,-9.0,-0.905739255,-8.99999399,-0.0909375555,-0.790954363,-0.129996322,-0.810405101
0.00481928,7.41301603e-13,-9.0,-0.903313891,-8.99999399,-0.0906743967,-0.790951662,-0.130152945,-0.810412805
0.00482028,8.92892909e-13,-9.0,-0.900894936,-8.99999399,-0.0904076583,-0.790948966,-0.130310092,-0.810420485
0.00482128,1.13115808e-12,-9.0,-0.8984827,-8.99999399,-0.0901373507,-0.790946274,-0.130467761,-0.810428139
0.00482228,7.72364611e-13,-9.0,-0.896077499,-8.99999398,-0.0898634846,-0.790943588,-0.130625949,-0.810435766
0.00482328,8.68817616e-13,-9.0,-0.893679658,-8.99999398,-0.0895860709,-0.790940906,-0.130784654,-0.810443366
0.00482428,1.14761686e-12,-9.0,-0.891289508,-8.99999398,-0.0893051204,-0.79093823,-0.130943871,-0.810450936
0.00482528,8.04557091e-13,-9.0,-0.888907388,-8.99999398,-0.0890206444,-0.790935559,-0.131103599,-0.810458477
0.00482628,8.43643368e-13,-9.0,-0.886533648,-8.99999398,-0.088732654,-0.790932894,-0.131263834,-0.810465986
0.00482728,1.15635864e-12,-9.0,-0.884168643,-8.99999398,-0.0884411605,-0.790930234,-0.131424573,-0.810473463
0.00482828,8.37359683e-13,-9.0,-0.881812737,-8.99999398,-0.0881461756,-0.790927579,-0.131585812,-0.810480907
0.00482928,8.18213194e-13,-9.0,-0.879466303,-8.99999398,-0.0878477108,-0.790924931,-0.131747548,-0.810488316
0.00483028,1.1573943e-12,-9.0,-0.877129722,-8.99999397,-0.0875457779,-0.790922288,-0.131909777,-0.810495689
0.00483128,8.70188189e-13,-9.0,-0.874803386,-8.99999397,-0.0872403889,-0.790919652,-0.132072496,-0.810503025
0.00483228,7.93326433e-13,-9.0,-0.872487693,-8.99999397,-0.0869315557,-0.790917021,-0.132235701,-0.810510322
0.00483328,1.15087052e-12,-9.0,-0.870183051,-8.99999397,-0.0866192907,-0.790914397,-0.132399387,-0.810517579
0.00483428,9.02408679e-13,-9.0,-0.867889879,-8.99999397,-0.086303606,-0.79091178,-0.13256355,-0.810524796
0.00483528,7.69720654e-13,-9.0,-0.865608605,-8.99999397,-0.0859845143,-0.790909168,-0.132728188,-0.810531969
0.00483628,1.13706743e-12,-9.0,-0.863339664,-8.99999397,-0.085662028,-0.790906564,-0.132893294,-0.810539099
0.00483728,9.33354002e-13,-9.0,-0.861083503,-8.99999397,-0.08533616,-0.790903966,-0.133058864,-0.810546183
0.00483828,7.4805525e-13,-9.0,-0.858840581,-8.99999397,-0.085006923,-0.790901375,-0.133224894,-0.810553221
0.00483928,1.1163933e-12,-9.0,-0.856611362,-8.99999397,-0.0846743301,-0.790898791,-0.13339138,-0.81056021
0.00484028,9.6234128e-13,-9.0,-0.854396326,-8.99999396,-0.0843383944,-0.790896214,-0.133558315,-0.810567149
0.00484128,7.2889711e-13,-9.0,-0.852195959,-8.99999396,-0.0839991291,-0.790893645,-0.133725695,-0.810574036
0.00484228,1.08937624e-12,-9.0,-0.850010761,-8.99999396,-0.0836565477,-0.790891082,-0.133893515,-0.810580871
0.00484328,9.88689965e-13,-9.0,-0.847841239,-8.99999396,-0.0833106637,-0.790888528,-0.13406177,-0.81058765
0.00484428,7.12708678e-13,-9.0,-0.845687917,-8.99999396,-0.0829614908,-0.790885981,-0.134230453,-0.810594373
0.00484528,1.05665335e-12,-9.0,-0.843551323,-8.99999396,-0.0826090426,-0.790883441,-0.134399559,-0.810601038
0.00484628,1.01173999e-12,-9.0,-0.841432003,-8.99999396,-0.0822533332,-0.79088091,-0.134569083,-0.810607643
0.00484728,6.99838677e-13,-9.0,-0.839330511,-8.99999396,-0.0818943766,-0.790878387,-0.134739018,-0.810614186
0.00484828,1.01895718e-12,-9.0,-0.837247413,-8.99999396,-0.0815321869,-0.790875872,-0.134909357,-0.810620666
0.00484928,1.03086959e-12,-9.0,-0.835183287,-8.99999395,-0.0811667785,-0.790873365,-0.135080096,-0.81062708
0.00485028,6.90515706e-13,-9.0,-0.833138725,-8.99999395,-0.0807981657,-0.790870867,-0.135251226,-0.810633427
0.00485128,9.7710023e-13,-9.0,-0.83111433,-8.99999395,-0.0804263632,-0.790868377,-0.135422741,-0.810639705
0.00485228,1.04551229e-12,-9.0,-0.829110716,-8.99999395,-0.0800513856,-0.790865896,-0.135594635,-0.810645912
0.00485328,6.84844844e-13,-9.0,-0.827128513,-8.99999395,-0.0796732476,-0.790863424,-0.135766901,-0.810652045
0.00485428,9.31957493e-13,-9.0,-0.82516836,-8.99999395,-0.0792919644,-0.790860961,-0.13593953,-0.810658103
0.00485528,1.0551727e-12,-9.0,-0.823230913,-8.99999395,-0.0789075508,-0.790858507,-0.136112515,-0.810664084
0.00485628,6.8280732e-13,-9.0,-0.821316838,-8.99999395,-0.078520022,-0.790856062,-0.13628585,-0.810669985
0.00485728,8.84447672e-13,-9.0,-0.819426817,-8.99999395,-0.0781293935,-0.790853626,-0.136459525,-0.810675805
0.00485828,1.0594407e-12,-9.0,-0.817561544,-8.99999395,-0.0777356805,-0.790851201,-0.136633533,-0.81068154
0.00485928,6.84263244e-13,-9.0,-0.815721726,-8.99999395,-0.0773388987,-0.790848785,-0.136807865,-0.810687189
0.00486028,8.35513388e-13,-9.0,-0.813908086,-8.99999394,-0.0769390636,-0.790846379,-0.136982513,-0.81069275
0.00486128,1.05800356e-12,-9.0,-0.81212136,-8.99999394,-0.0765361911,-0.790843982,-0.137157469,-0.81069822
0.00486228,6.88957311e-13,-9.0,-0.810362299,-8.99999394,-0.0761302971,-0.790841596,-0.137332722,-0.810703597
0.00486328,7.86100877e-13,-9.0,-0.808631667,-8.99999394,-0.0757213976,-0.790839221,-0.137508265,-0.810708878
0.00486428,1.05065594e-12,-9.0,-0.806930244,-8.99999394,-0.0753095088,-0.790836856,-0.137684087,-0.810714061
0.00486528,6.9652733e-13,-9.0,-0.805258824,-8.99999394,-0.0748946469,-0.790834501,-0.13786018,-0.810719143
0.00486628,7.37139639e-13,-9.0,-0.803618216,-8.99999394,-0.0744768282,-0.790832157,-0.138036532,-0.810724121
0.00486728,1.03730712e-12,-9.0,-0.802009245,-8.99999394,-0.0740560694,-0.790829824,-0.138213134,-0.810728994
0.00486828,7.06515346e-13,-9.0,-0.800432749,-8.99999394,-0.0736323869,-0.790827503,-0.138389976,-0.810733758
0.00486928,6.89522513e-13,-9.0,-0.798889584,-8.99999394,-0.0732057976,-0.790825192,-0.138567046,-0.81073841
0.00487028,1.01798568e-12,-9.0,-0.79738062,-8.99999394,-0.0727763182,-0.790822893,-0.138744335,-0.810742949
0.00487128,7.18381077e-13,-9.0,-0.795906743,-8.99999394,-0.0723439657,-0.790820605,-0.138921831,-0.81074737
0.00487228,6.44086638e-13,-9.0,-0.794468854,-8.99999394,-0.0719087572,-0.79081833,-0.139099522,-0.810751672
0.00487328,9.92841219e-13,-9.0,-0.793067871,-8.99999394,-0.0714707099,-0.790816066,-0.139277397,-0.81075585
0.00487428,7.31517322e-13,-9.0,-0.791704728,-8.99999393,-0.071029841,-0.790813814,-0.139455444,-0.810759903
0.00487528,6.01595741e-13,-9.0,-0.790380374,-8.99999393,-0.070586168,-0.790811574,-0.139633651,-0.810763827
0.00487628,9.62143159e-13,-9.0,-0.789095774,-8.99999393,-0.0701397084,-0.790809347,-0.139812005,-0.81076762
0.00487728,7.45266964e-13,-9.0,-0.787851911,-8.99999393,-0.0696904798,-0.790807133,-0.139990494,-0.810771277
0.00487828,5.62724166e-13,-9.0,-0.786649783,-8.99999393,-0.0692384999,-0.790804931,-0.140169104,-0.810774795
0.00487928,9.2627665e-13,-9.0,-0.785490405,-8.99999393,-0.0687837866,-0.790802742,-0.140347822,-0.810778173
0.00488028,7.5894113e-13,-9.0,-0.784374807,-8.99999393,-0.0683263579,-0.790800566,-0.140526635,-0.810781405
0.00488128,5.28043011e-13,-9.0,-0.783304039,-8.99999393,-0.0678662317,-0.790798403,-0.140705528,-0.81078449
0.00488228,8.85735647e-13,-9.0,-0.782279163,-8.99999393,-0.0674034263,-0.790796254,-0.140884488,-0.810787423
0.00488328,7.71838071e-13,-9.0,-0.78130126,-8.99999393,-0.0669379599,-0.790794119,-0.141063499,-0.810790201
0.00488428,4.98008696e-13,-9.0,-0.780371429,-8.99999393,-0.0664698509,-0.790791997,-0.141242548,-0.81079282
0.00488528,8.41113307e-13,-9.0,-0.779490782,-8.99999393,-0.0659991178,-0.79078989,-0.141421618,-0.810795278
0.00488628,7.83262287e-13,-9.0,-0.778660451,-8.99999393,-0.0655257792,-0.790787796,-0.141600695,-0.810797569
0.00488728,4.72954222e-13,-9.0,-0.777881581,-8.99999393,-0.0650498537,-0.790785717,-0.141779762,-0.810799692
0.00488828,7.93089942e-13,-9.0,-0.777155338,-8.99999393,-0.0645713602,-0.790783653,-0.141958804,-0.810801641
0.00488928,7.92543432e-13,-9.0,-0.7764829,-8.99999393,-0.0640903175,-0.790781603,-0.142137804,-0.810803414
0.00489028,4.5308332e-13,-9.0,-0.775865464,-8.99999393,-0.0636067446,-0.790779568,-0.142316745,-0.810805006
0.00489128,7.42418787e-13,-9.0,-0.775304242,-8.99999393,-0.0631206607,-0.790777548,-0.142495611,-0.810806413
0.00489228,7.99054535e-13,-9.0,-0.774800463,-8.99999393,-0.0626320848,-0.790775544,-0.142674383,-0.810807632
0.00489328,4.38467628e-13,-9.0,-0.774355371,-8.99999393,-0.0621410364,-0.790773555,-0.142853044,-0.810808658
0.00489428,6.89909935e-13,-9.0,-0.773970226,-8.99999393,-0.0616475347,-0.790771582,-0.143031576,-0.810809488
0.00489528,8.02229079e-13,-9.0,-0.773646304,-8.99999393,-0.0611515993,-0.790769625,-0.14320996,-0.810810118
0.00489628,4.29046945e-13,-9.0,-0.773384898,-8.99999393,-0.0606532497,-0.790767684,-0.143388178,-0.810810542
0.00489728,6.36412808e-13,-9.0,-0.773187312,-8.99999393,-0.0601525056,-0.790765759,-0.14356621,-0.810810758
0.00489828,8.01576538e-13,-9.0,-0.773054869,-8.99999393,-0.0596493868,-0.790763851,-0.143744036,-0.810810761
0.00489928,4.24632558e-13,-9.0,-0.772988904,-8.99999393,-0.0591439132,-0.79076196,-0.143921638,-0.810810546
0.00490028,5.82797577e-13,-9.0,-0.772990769,-8.99999393,-0.0586361046,-0.790760085,-0.144098994,-0.810810109
0.00490128,7.96695979e-13,-9.0,-0.773061828,-8.99999393,-0.0581259812,-0.790758228,-0.144276084,-0.810809446
0.00490228,4.24913553e-13,-9.0,-0.773203459,-8.99999393,-0.0576135631,-0.790756388,-0.144452887,-0.810808553
0.00490328,5.2993598e-13,-9.0,-0.773417054,-8.99999393,-0.0570988705,-0.790754565,-0.144629382,-0.810807424
0.00490428,7.87287398e-13,-9.0,-0.773704018,-8.99999393,-0.0565819238,-0.790752761,-0.144805547,-0.810806056
0.00490528,4.2946595e-13,-9.0,-0.774065766,-8.99999393,-0.0560627433,-0.790750974,-0.144981359,-0.810804444
0.00490628,4.78681987e-13,-9.0,-0.774503729,-8.99999393,-0.0555413495,-0.790749206,-0.145156797,-0.810802583
0.00490728,7.73160524e-13,-9.0,-0.775019347,-8.99999393,-0.055017763,-0.790747456,-0.145331837,-0.810800468
0.00490828,4.37764449e-13,-9.0,-0.775614072,-8.99999393,-0.0544920046,-0.790745725,-0.145506457,-0.810798096
0.00490928,4.29852778e-13,-9.0,-0.776289364,-8.99999393,-0.0539640948,-0.790744012,-0.145680632,-0.81079546
0.00491028,7.54240861e-13,-9.0,-0.777046697,-8.99999393,-0.0534340547,-0.790742319,-0.145854339,-0.810792557
0.00491128,4.49196488e-13,-9.0,-0.777887549,-8.99999393,-0.0529019051,-0.790740645,-0.146027553,-0.810789381
0.00491228,3.84210494e-13,-9.0,-0.778813412,-8.99999393,-0.052367667,-0.790738991,-0.146200249,-0.810785928
0.00491328,7.30572835e-13,-9.0,-0.779825782,-8.99999393,-0.0518313616,-0.790737356,-0.146372404,-0.810782193
0.00491428,4.63078287e-13,-9.0,-0.780926162,-8.99999393,-0.0512930099,-0.790735741,-0.14654399,-0.81077817
0.00491528,3.42445185e-13,-9.0,-0.782116062,-8.99999393,-0.0507526332,-0.790734147,-0.146714983,-0.810773856
0.00491628,7.02319966e-13,-9.0,-0.783396999,-8.99999393,-0.050210253,-0.790732573,-0.146885355,-0.810769245
0.00491728,4.7867249e-13,-9.0,-0.784770493,-8.99999394,-0.0496658905,-0.79073102,-0.147055081,-0.810764332
0.00491828,3.05159385e-13,-9.0,-0.786238066,-8.99999394,-0.0491195673,-0.790729487,-0.147224133,-0.810759112
0.00491928,6.69762053e-13,-9.0,-0.787801245,-8.99999394,-0.0485713049,-0.790727976,-0.147392485,-0.81075358
0.00492028,4.95206968e-13,-9.0,-0.789461557,-8.99999394,-0.048021125,-0.790726486,-0.147560108,-0.810747731
0.00492128,2.72854664e-13,-9.0,-0.791220532,-8.99999394,-0.0474690493,-0.790725018,-0.147726974,-0.81074156
0.00492228,6.33289457e-13,-9.0,-0.793079695,-8.99999394,-0.0469150997,-0.790723572,-0.147893055,-0.810735063
0.00492328,5.11894353e-13,-9.0,-0.795040575,-8.99999394,-0.0463592979,-0.790722147,-0.148058323,-0.810728233
0.00492428,2.45920503e-13,-9.0,-0.797104693,-8.99999394,-0.0458016659,-0.790720745,-0.148222747,-0.810721066
0.00492528,5.93394605e-13,-9.0,-0.799273569,-8.99999394,-0.0452422257,-0.790719365,-0.1483863,-0.810713557
0.00492628,5.27951827e-13,-9.0,-0.801548716,-8.99999395,-0.0446809995,-0.790718009,-0.14854895,-0.810705701
0.00492728,2.24625744e-13,-9.0,-0.803931642,-8.99999395,-0.0441180093,-0.790716675,-0.148710668,-0.810697492
0.00492828,5.50660932e-13,-9.0,-0.806423846,-8.99999395,-0.0435532775,-0.790715364,-0.148871424,-0.810688926
0.00492928,5.42620681e-13,-9.0,-0.809026817,-8.99999395,-0.0429868262,-0.790714077,-0.149031186,-0.810679999
0.00493028,2.09112843e-13,-9.0,-0.811742033,-8.99999395,-0.0424186779,-0.790712814,-0.149189924,-0.810670704
0.00493128,5.05749534e-13,-9.0,-0.814570961,-8.99999395,-0.0418488549,-0.790711574,-0.149347606,-0.810661036
0.00493228,5.55185201e-13,-9.0,-0.817515054,-8.99999395,-0.0412773798,-0.790710359,-0.1495042,-0.810650992
0.00493328,1.99395046e-13,-9.0,-0.820575747,-8.99999396,-0.0407042752,-0.790709167,-0.149659675,-0.810640566
0.00493428,4.59383841e-13,-9.0,-0.82375446,-8.99999396,-0.0401295637,-0.790708001,-0.149813999,-0.810629753
0.00493528,5.64990416e-13,-9.0,-0.827052594,-8.99999396,-0.0395532679,-0.790706859,-0.149967138,-0.810618549
0.00493628,1.95356578e-13,-9.0,-0.830471528,-8.99999396,-0.0389754106,-0.790705743,-0.150119061,-0.810606948
0.00493728,4.12332703e-13,-9.0,-0.83401262,-8.99999396,-0.0383960146,-0.790704651,-0.150269733,-0.810594946
0.00493828,5.71458282e-13,-9.0,-0.837677203,-8.99999397,-0.0378151028,-0.790703585,-0.150419123,-0.810582539
0.00493928,1.96755842e-13,-9.0,-0.841466584,-8.99999397,-0.0372326981,-0.790702545,-0.150567196,-0.810569721
0.00494028,3.65392283e-13,-9.0,-0.845382043,-8.99999397,-0.0366488236,-0.790701531,-0.150713919,-0.810556489
0.00494128,5.74101939e-13,-9.0,-0.849424828,-8.99999397,-0.0360635022,-0.790700543,-0.150859257,-0.810542838
0.00494228,2.03231546e-13,-9.0,-0.853596156,-8.99999397,-0.0354767571,-0.790699581,-0.151003178,-0.810528763
0.00494328,3.19367215e-13,-9.0,-0.857897212,-8.99999398,-0.0348886114,-0.790698646,-0.151145646,-0.810514261
0.00494428,5.72537674e-13,-9.0,-0.862329143,-8.99999398,-0.0342990884,-0.790697737,-0.151286628,-0.810499327
0.00494528,2.14311628e-13,-9.0,-0.866893057,-8.99999398,-0.0337082113,-0.790696856,-0.151426088,-0.810483957
0.00494628,2.75051461e-13,-9.0,-0.871590024,-8.99999398,-0.0331160035,-0.790696001,-0.151563993,-0.810468147
0.00494728,5.66494336e-13,-9.0,-0.876421071,-8.99999399,-0.0325224883,-0.790695174,-0.151700307,-0.810451894
0.00494828,2.29424769e-13,-9.0,-0.881387181,-8.99999399,-0.0319276892,-0.790694375,-0.151834996,-0.810435194
0.00494928,2.3320937e-13,-9.0,-0.886489289,-8.99999399,-0.0313316296,-0.790693603,-0.151968025,-0.810418043
0.00495028,5.55819966e-13,-9.0,-0.891728282,-8.99999399,-0.0307343331,-0.79069286,-0.152099359,-0.810400439
0.00495128,2.47914209e-13,-9.0,-0.897104997,-8.999994,-0.0301358233,-0.790692144,-0.152228963,-0.810382376
0.00495228,1.94557353e-13,-9.0,-0.902620217,-8.999994,-0.0295361237,-0.790691457,-0.152356802,-0.810363854
0.00495328,5.40485489e-13,-9.0,-0.908274668,-8.999994,-0.0289352582,-0.790690798,-0.152482841,-0.810344867
0.00495428,2.69053562e-13,-9.0,-0.91406902,-8.99999401,-0.0283332503,-0.790690168,-0.152607045,-0.810325415
0.00495528,1.59746665e-13,-9.0,-0.920003883,-8.99999401,-0.0277301238,-0.790689566,-0.15272938,-0.810305494
0.00495628,5.20585393e-13,-9.0,-0.926079805,-8.99999401,-0.0271259027,-0.790688994,-0.15284981,-0.810285102
0.00495728,2.92064238e-13,-9.0,-0.932297268,-8.99999402,-0.0265206106,-0.790688451,-0.152968302,-0.810264236
0.00495828,1.29347685e-13,-9.0,-0.93865669,-8.99999402,-0.0259142715,-0.790687937,-0.153084819,-0.810242894
0.00495928,4.9633538e-13,-9.0,-0.945158416,-8.99999402,-0.0253069094,-0.790687452,-0.153199329,-0.810221076
0.00496028,3.1613406e-13,-9.0,-0.951802725,-8.99999403,-0.0246985483,-0.790686997,-0.153311797,-0.810198778
0.00496128,1.0383609e-13,-9.0,-0.958589819,-8.99999403,-0.024089212,-0.790686572,-0.153422188,-0.810176
0.00496228,4.68067045e-13,-9.0,-0.965519827,-8.99999403,-0.0234789248,-0.790686176,-0.15353047,-0.810152741
0.00496328,3.40436649e-13,-9.0,-0.972592799,-8.99999404,-0.0228677107,-0.79068581,-0.153636607,-0.810128999
0.00496428,8.35812527e-14,-9.0,-0.979808706,-8.99999404,-0.0222555938,-0.790685475,-0.153740568,-0.810104774
0.00496528,4.36219728e-13,-9.0,-0.987167438,-8.99999404,-0.0216425982,-0.790685169,-0.15384232,-0.810080065
0.00496628,3.64151099e-13,-9.0,-0.994668802,-8.99999405,-0.0210287483,-0.790684894,-0.153941828,-0.810054873
0.00496728,6.88371587e-14,-9.0,-1.00231252,-8.99999405,-0.0204140682,-0.790684649,-0.154039063,-0.810029196
0.00496828,4.01329737e-13,-9.0,-1.01009822,-8.99999406,-0.0197985821,-0.790684434,-0.15413399,-0.810003037
0.00496928,3.8648148e-13,-9.0,-1.01802546,-8.99999406,-0.0191823145,-0.79068425,-0.154226579,-0.809976394
0.00497028,5.97360569e-14,-9.0,-1.02609368,-8.99999406,-0.0185652896,-0.790684096,-0.1543168,-0.80994927
0.00497128,3.64017192e-13,-9.0,-1.03430225,-8.99999407,-0.0179475317,-0.790683973,-0.15440462,-0.809921665
0.00497228,4.0667571e-13,-9.0,-1.04265044,-8.99999407,-0.0173290653,-0.79068388,-0.154490011,-0.809893581
0.00497328,5.62850038e-14,-9.0,-1.05113742,-8.99999408,-0.0167099148,-0.790683818,-0.154572942,-0.80986502
0.00497428,3.2497084e-13,-9.0,-1.05976227,-8.99999408,-0.0160901046,-0.790683787,-0.154653384,-0.809835983
0.00497528,4.24043343e-13,-9.0,-1.06852396,-8.99999409,-0.0154696592,-0.790683787,-0.15473131,-0.809806473
0.00497628,5.83653912e-14,-9.0,-1.07742139,-8.99999409,-0.0148486031,-0.790683817,-0.154806691,-0.809776493
0.00497728,2.84931176e-13,-9.0,-1.08645333,-8.9999941,-0.0142269607,-0.790683878,-0.1548795,-0.809746046
0.00497828,4.3797185e-13,-9.0,-1.09561846,-8.9999941,-0.0136047568,-0.79068397,-0.154949711,-0.809715135
0.00497928,6.57354707e-14,-9.0,-1.10491536,-8.99999411,-0.0129820157,-0.790684092,-0.155017297,-0.809683764
0.00498028,2.44672311e-13,-9.0,-1.11434251,-8.99999411,-0.0123587621,-0.790684245,-0.155082234,-0.809651938
0.00498128,4.47941002e-13,-9.0,-1.12389828,-8.99999412,-0.0117350206,-0.790684429,-0.155144497,-0.809619659
0.00498228,7.80358202e-14,-9.0,-1.13358095,-8.99999412,-0.0111108159,-0.790684643,-0.155204062,-0.809586934
0.00498328,2.0498301e-13,-9.0,-1.14338869,-8.99999413,-0.0104861725,-0.790684888,-0.155260908,-0.809553767
0.00498428,4.53535025e-13,-9.0,-1.15331955,-8.99999413,-0.00986111512,-0.790685163,-0.155315011,-0.809520163
0.00498528,9.47976236e-14,-9.0,-1.16337152,-8.99999414,-0.00923566845,-0.790685469,-0.15536635,-0.809486129
0.00498628,1.66647359e-13,-9.0,-1.17354244,-8.99999414,-0.00860985717,-0.790685804,-0.155414906,-0.809451671
0.00498728,4.54452222e-13,-9.0,-1.18383008,-8.99999415,-0.00798370599,-0.790686171,-0.155460659,-0.809416794
0.00498828,1.15453569e-13,-9.0,-1.1942321,-8.99999415,-0.00735723963,-0.790686567,-0.15550359,-0.809381506
0.00498928,1.30425542e-13,-9.0,-1.20474604,-8.99999416,-0.00673048282,-0.790686993,-0.155543682,-0.809345815
0.00499028,4.50511854e-13,-9.0,-1.21536938,-8.99999416,-0.00610346029,-0.790687449,-0.155580919,-0.809309726
0.00499128,1.39351109e-13,-9.0,-1.22609946,-8.99999417,-0.00547619682,-0.790687935,-0.155615284,-0.809273249
0.00499228,9.70351803e-14,-9.0,-1.23693356,-8.99999417,-0.00484871715,-0.79068845,-0.155646764,-0.809236392
0.00499328,4.41658093e-13,-9.0,-1.24786883,-8.99999418,-0.00422104606,-0.790688995,-0.155675344,-0.809199163
0.00499428,1.65767758e-13,-9.0,-1.25890235,-8.99999418,-0.00359320834,-0.790689569,-0.155701013,-0.809161571
0.00499528,6.71336891e-14,-9.0,-1.2700311,-8.99999419,-0.00296522876,-0.790690172,-0.155723758,-0.809123625
0.00499628,4.27960984e-13,-9.0,-1.28125197,-8.9999942,-0.00233713212,-0.790690804,-0.15574357,-0.809085335
0.00499728,1.9392808e-13,-9.0,-1.29256175,-8.9999942,-0.00170894321,-0.790691464,-0.155760439,-0.80904671
0.00499828,4.13020858e-14,-9.0,-1.30395717,-8.99999421,-0.00108068684,-0.790692153,-0.155774357,-0.809007762
0.00499914,3.93359107e-13,-9.0,-1.31382382,-8.99999421,-0.000540351307,-0.790692769,-0.155783941,-0.808973996
0.005,2.82521468e-13,-9.0,-1.32375,-8.99999422,-1.2246468e-16,-0.790693405,-0.155791343,-0.808940015
