class_name,component_class_name,diagram_id,display_name,display_terminal_id,edge_id,implicit_reason,instance_id,is_implicit_supply,is_suspicious_match,match_confidence,match_distance_px,match_status,match_warnings,net_id,net_implicit_reason,net_index,net_is_implicit_supply,relation_type,relative_position,semantic_terminal_name,snap_point,source,target,terminal_id,terminal_name
Terminal,,1,,,edge:1:diagram_to_component:26.1,,26.1,,,,,,,,,,,HAS_COMPONENT,,,,diagram:1,component:1:26.1,,
Current_Source,,1,,,edge:1:diagram_to_component:6.1,,6.1,,,,,,,,,,,HAS_COMPONENT,,,,diagram:1,component:1:6.1,,
Polarized_Capacitor,,1,,,edge:1:diagram_to_component:20.1,,20.1,,,,,,,,,,,HAS_COMPONENT,,,,diagram:1,component:1:20.1,,
Resistor,,1,,,edge:1:diagram_to_component:22.1,,22.1,,,,,,,,,,,HAS_COMPONENT,,,,diagram:1,component:1:22.1,,
Polarized_Capacitor,,1,,,edge:1:diagram_to_component:20.2,,20.2,,,,,,,,,,,HAS_COMPONENT,,,,diagram:1,component:1:20.2,,
Terminal,,1,,,edge:1:diagram_to_component:26.2,,26.2,,,,,,,,,,,HAS_COMPONENT,,,,diagram:1,component:1:26.2,,
Terminal,,1,,,edge:1:diagram_to_component:26.3,,26.3,,,,,,,,,,,HAS_COMPONENT,,,,diagram:1,component:1:26.3,,
Switch,,1,,,edge:1:diagram_to_component:25.1,,25.1,,,,,,,,,,,HAS_COMPONENT,,,,diagram:1,component:1:25.1,,
Current_Source,,1,,,edge:1:diagram_to_component:6.2,,6.2,,,,,,,,,,,HAS_COMPONENT,,,,diagram:1,component:1:6.2,,
Resistor,,1,,,edge:1:diagram_to_component:22.2,,22.2,,,,,,,,,,,HAS_COMPONENT,,,,diagram:1,component:1:22.2,,
GND,,1,,,edge:1:diagram_to_component:9.1,,9.1,,,,,,,,,,,HAS_COMPONENT,,,,diagram:1,component:1:9.1,,
Polarized_Capacitor,,1,,,edge:1:diagram_to_component:20.3,,20.3,,,,,,,,,,,HAS_COMPONENT,,,,diagram:1,component:1:20.3,,
Polarized_Capacitor,,1,,,edge:1:diagram_to_component:20.4,,20.4,,,,,,,,,,,HAS_COMPONENT,,,,diagram:1,component:1:20.4,,
Voltage_Source,,1,,,edge:1:diagram_to_component:31.1,,31.1,,,,,,,,,,,HAS_COMPONENT,,,,diagram:1,component:1:31.1,,
Polarized_Capacitor,,1,,,edge:1:diagram_to_component:20.5,,20.5,,,,,,,,,,,HAS_COMPONENT,,,,diagram:1,component:1:20.5,,
Current_Source,,1,,,edge:1:diagram_to_component:6.3,,6.3,,,,,,,,,,,HAS_COMPONENT,,,,diagram:1,component:1:6.3,,
Terminal,,1,,,edge:1:diagram_to_component:26.4,,26.4,,,,,,,,,,,HAS_COMPONENT,,,,diagram:1,component:1:26.4,,
,,1,,,edge:1:diagram_to_net:N1,,,False,,,,,,N1,,1,,HAS_NET,,,,diagram:1,net:1:N1,,
,,1,,,edge:1:diagram_to_net:N2,,,False,,,,,,N2,,2,,HAS_NET,,,,diagram:1,net:1:N2,,
,,1,,,edge:1:diagram_to_net:N3,,,False,,,,,,N3,,3,,HAS_NET,,,,diagram:1,net:1:N3,,
,,1,,,edge:1:diagram_to_net:N4,,,False,,,,,,N4,,4,,HAS_NET,,,,diagram:1,net:1:N4,,
,,1,,,edge:1:diagram_to_net:N5,,,False,,,,,,N5,,5,,HAS_NET,,,,diagram:1,net:1:N5,,
,,1,,,edge:1:diagram_to_net:N6,,,False,,,,,,N6,,6,,HAS_NET,,,,diagram:1,net:1:N6,,
,,1,t1,26.1:t1,edge:1:component:26.1:terminal:26.1:t1,,26.1,,,,,,,,,,,HAS_TERMINAL,right,,,component:1:26.1,terminal:1:26.1:t1,26.1:t1,t1
,,1,current_from,6.1:current_from,edge:1:component:6.1:terminal:6.1:t1,,6.1,,,,,,,,,,,HAS_TERMINAL,top,current_from,,component:1:6.1,terminal:1:6.1:t1,6.1:t1,t1
,,1,current_to,6.1:current_to,edge:1:component:6.1:terminal:6.1:t2,,6.1,,,,,,,,,,,HAS_TERMINAL,bottom,current_to,,component:1:6.1,terminal:1:6.1:t2,6.1:t2,t2
,,1,positive,20.1:positive,edge:1:component:20.1:terminal:20.1:t1,,20.1,,,,,,,,,,,HAS_TERMINAL,top,positive,,component:1:20.1,terminal:1:20.1:t1,20.1:t1,t1
,,1,negative,20.1:negative,edge:1:component:20.1:terminal:20.1:t2,,20.1,,,,,,,,,,,HAS_TERMINAL,bottom,negative,,component:1:20.1,terminal:1:20.1:t2,20.1:t2,t2
,,1,t1,22.1:t1,edge:1:component:22.1:terminal:22.1:t1,,22.1,,,,,,,,,,,HAS_TERMINAL,left,,,component:1:22.1,terminal:1:22.1:t1,22.1:t1,t1
,,1,t2,22.1:t2,edge:1:component:22.1:terminal:22.1:t2,,22.1,,,,,,,,,,,HAS_TERMINAL,right,,,component:1:22.1,terminal:1:22.1:t2,22.1:t2,t2
,,1,positive,20.2:positive,edge:1:component:20.2:terminal:20.2:t1,,20.2,,,,,,,,,,,HAS_TERMINAL,left,positive,,component:1:20.2,terminal:1:20.2:t1,20.2:t1,t1
,,1,negative,20.2:negative,edge:1:component:20.2:terminal:20.2:t2,,20.2,,,,,,,,,,,HAS_TERMINAL,right,negative,,component:1:20.2,terminal:1:20.2:t2,20.2:t2,t2
,,1,t1,26.2:t1,edge:1:component:26.2:terminal:26.2:t1,,26.2,,,,,,,,,,,HAS_TERMINAL,bottom,,,component:1:26.2,terminal:1:26.2:t1,26.2:t1,t1
,,1,t1,26.3:t1,edge:1:component:26.3:terminal:26.3:t1,,26.3,,,,,,,,,,,HAS_TERMINAL,top,,,component:1:26.3,terminal:1:26.3:t1,26.3:t1,t1
,,1,t1,25.1:t1,edge:1:component:25.1:terminal:25.1:t1,,25.1,,,,,,,,,,,HAS_TERMINAL,left,,,component:1:25.1,terminal:1:25.1:t1,25.1:t1,t1
,,1,t2,25.1:t2,edge:1:component:25.1:terminal:25.1:t2,,25.1,,,,,,,,,,,HAS_TERMINAL,right,,,component:1:25.1,terminal:1:25.1:t2,25.1:t2,t2
,,1,current_from,6.2:current_from,edge:1:component:6.2:terminal:6.2:t1,,6.2,,,,,,,,,,,HAS_TERMINAL,left,current_from,,component:1:6.2,terminal:1:6.2:t1,6.2:t1,t1
,,1,current_to,6.2:current_to,edge:1:component:6.2:terminal:6.2:t2,,6.2,,,,,,,,,,,HAS_TERMINAL,right,current_to,,component:1:6.2,terminal:1:6.2:t2,6.2:t2,t2
,,1,t1,22.2:t1,edge:1:component:22.2:terminal:22.2:t1,,22.2,,,,,,,,,,,HAS_TERMINAL,left,,,component:1:22.2,terminal:1:22.2:t1,22.2:t1,t1
,,1,t2,22.2:t2,edge:1:component:22.2:terminal:22.2:t2,,22.2,,,,,,,,,,,HAS_TERMINAL,right,,,component:1:22.2,terminal:1:22.2:t2,22.2:t2,t2
,,1,t1,9.1:t1,edge:1:component:9.1:terminal:9.1:t1,,9.1,,,,,,,,,,,HAS_TERMINAL,top,,,component:1:9.1,terminal:1:9.1:t1,9.1:t1,t1
,,1,positive,20.3:positive,edge:1:component:20.3:terminal:20.3:t1,,20.3,,,,,,,,,,,HAS_TERMINAL,left,positive,,component:1:20.3,terminal:1:20.3:t1,20.3:t1,t1
,,1,negative,20.3:negative,edge:1:component:20.3:terminal:20.3:t2,,20.3,,,,,,,,,,,HAS_TERMINAL,right,negative,,component:1:20.3,terminal:1:20.3:t2,20.3:t2,t2
,,1,positive,20.4:positive,edge:1:component:20.4:terminal:20.4:t1,,20.4,,,,,,,,,,,HAS_TERMINAL,left,positive,,component:1:20.4,terminal:1:20.4:t1,20.4:t1,t1
,,1,negative,20.4:negative,edge:1:component:20.4:terminal:20.4:t2,,20.4,,,,,,,,,,,HAS_TERMINAL,right,negative,,component:1:20.4,terminal:1:20.4:t2,20.4:t2,t2
,,1,positive,31.1:positive,edge:1:component:31.1:terminal:31.1:t1,,31.1,,,,,,,,,,,HAS_TERMINAL,left,positive,,component:1:31.1,terminal:1:31.1:t1,31.1:t1,t1
,,1,negative,31.1:negative,edge:1:component:31.1:terminal:31.1:t2,,31.1,,,,,,,,,,,HAS_TERMINAL,right,negative,,component:1:31.1,terminal:1:31.1:t2,31.1:t2,t2
,,1,positive,20.5:positive,edge:1:component:20.5:terminal:20.5:t1,,20.5,,,,,,,,,,,HAS_TERMINAL,top,positive,,component:1:20.5,terminal:1:20.5:t1,20.5:t1,t1
,,1,negative,20.5:negative,edge:1:component:20.5:terminal:20.5:t2,,20.5,,,,,,,,,,,HAS_TERMINAL,bottom,negative,,component:1:20.5,terminal:1:20.5:t2,20.5:t2,t2
,,1,current_from,6.3:current_from,edge:1:component:6.3:terminal:6.3:t1,,6.3,,,,,,,,,,,HAS_TERMINAL,top,current_from,,component:1:6.3,terminal:1:6.3:t1,6.3:t1,t1
,,1,current_to,6.3:current_to,edge:1:component:6.3:terminal:6.3:t2,,6.3,,,,,,,,,,,HAS_TERMINAL,bottom,current_to,,component:1:6.3,terminal:1:6.3:t2,6.3:t2,t2
,,1,t1,26.4:t1,edge:1:component:26.4:terminal:26.4:t1,,26.4,,,,,,,,,,,HAS_TERMINAL,left,,,component:1:26.4,terminal:1:26.4:t1,26.4:t1,t1
,Terminal,1,,26.1:t1,edge:1:terminal:26.1:t1:net:N1,,,,False,ok,0.0,matched_preferred,[],N1,,1,False,CONNECTED_TO,,,"[51, 386]",terminal:1:26.1:t1,net:1:N1,26.1:t1,
,Current_Source,1,,6.1:current_from,edge:1:terminal:6.1:t1:net:N1,,,,False,ok,1.0,matched_preferred,[],N1,,1,False,CONNECTED_TO,,current_from,"[112, 585]",terminal:1:6.1:t1,net:1:N1,6.1:t1,
,Current_Source,1,,6.1:current_to,edge:1:terminal:6.1:t2:net:N3,,,,False,ok,1.0,matched_preferred,[],N3,,3,False,CONNECTED_TO,,current_to,"[112, 699]",terminal:1:6.1:t2,net:1:N3,6.1:t2,
,Polarized_Capacitor,1,,20.1:positive,edge:1:terminal:20.1:t1:net:N1,,,,False,ok,1.0,matched_preferred,[],N1,,1,False,CONNECTED_TO,,positive,"[218, 725]",terminal:1:20.1:t1,net:1:N1,20.1:t1,
,Polarized_Capacitor,1,,20.1:negative,edge:1:terminal:20.1:t2:net:N3,,,,False,ok,1.0,matched_preferred,[],N3,,3,False,CONNECTED_TO,,negative,"[218, 808]",terminal:1:20.1:t2,net:1:N3,20.1:t2,
,Resistor,1,,22.1:t1,edge:1:terminal:22.1:t1:net:N1,,,,False,ok,2.0,matched_preferred,[],N1,,1,False,CONNECTED_TO,,,"[274, 386]",terminal:1:22.1:t1,net:1:N1,22.1:t1,
,Resistor,1,,22.1:t2,edge:1:terminal:22.1:t2:net:N2,,,,False,ok,2.0,matched_preferred,[],N2,,2,False,CONNECTED_TO,,,"[387, 386]",terminal:1:22.1:t2,net:1:N2,22.1:t2,
,Polarized_Capacitor,1,,20.2:positive,edge:1:terminal:20.2:t1:net:N1,,,,False,ok,0.0,matched_preferred,[],N1,,1,False,CONNECTED_TO,,positive,"[336, 672]",terminal:1:20.2:t1,net:1:N1,20.2:t1,
,Polarized_Capacitor,1,,20.2:negative,edge:1:terminal:20.2:t2:net:N4,,,,False,ok,0.0,matched_preferred,[],N4,,4,False,CONNECTED_TO,,negative,"[397, 672]",terminal:1:20.2:t2,net:1:N4,20.2:t2,
,Terminal,1,,26.2:t1,edge:1:terminal:26.2:t1:net:N3,,,,False,ok,0.0,matched_preferred,[],N3,,3,False,CONNECTED_TO,,,"[503, 878]",terminal:1:26.2:t1,net:1:N3,26.2:t1,
,Terminal,1,,26.3:t1,edge:1:terminal:26.3:t1:net:N4,,,,False,ok,0.0,matched_preferred,[],N4,,4,False,CONNECTED_TO,,,"[503, 711]",terminal:1:26.3:t1,net:1:N4,26.3:t1,
,Switch,1,,25.1:t1,edge:1:terminal:25.1:t1:net:N2,,,,False,ok,17.0,matched_single,"[""no_preferred_net_from_05"", ""matched_without_preferred_label"", ""used_fallback_search""]",N2,,2,False,CONNECTED_TO,,,"[452, 386]",terminal:1:25.1:t1,net:1:N2,25.1:t1,
,Switch,1,,25.1:t2,edge:1:terminal:25.1:t2:net:N5,,,,False,ok,17.0,matched_single,"[""no_preferred_net_from_05"", ""matched_without_preferred_label"", ""used_fallback_search""]",N5,,5,False,CONNECTED_TO,,,"[557, 386]",terminal:1:25.1:t2,net:1:N5,25.1:t2,
,Current_Source,1,,6.2:current_from,edge:1:terminal:6.2:t1:net:N1,,,,False,ok,1.0,matched_preferred,[],N1,,1,False,CONNECTED_TO,,current_from,"[471, 100]",terminal:1:6.2:t1,net:1:N1,6.2:t1,
,Current_Source,1,,6.2:current_to,edge:1:terminal:6.2:t2:net:N6,,,,False,ok,1.0,matched_preferred,[],N6,,6,False,CONNECTED_TO,,current_to,"[554, 100]",terminal:1:6.2:t2,net:1:N6,6.2:t2,
,Resistor,1,,22.2:t1,edge:1:terminal:22.2:t1:net:N1,,,,False,ok,2.0,matched_preferred,[],N1,,1,False,CONNECTED_TO,,,"[460, 232]",terminal:1:22.2:t1,net:1:N1,22.2:t1,
,Resistor,1,,22.2:t2,edge:1:terminal:22.2:t2:net:N6,,,,False,ok,2.0,matched_preferred,[],N6,,6,False,CONNECTED_TO,,,"[574, 232]",terminal:1:22.2:t2,net:1:N6,22.2:t2,
,GND,1,,9.1:t1,edge:1:terminal:9.1:t1:net:N3,,,,False,ok,0.0,matched_preferred,[],N3,,3,False,CONNECTED_TO,,,"[593, 954]",terminal:1:9.1:t1,net:1:N3,9.1:t1,
,Polarized_Capacitor,1,,20.3:positive,edge:1:terminal:20.3:t1:net:N1,,,,False,ok,2.0,matched_preferred,[],N1,,1,False,CONNECTED_TO,,positive,"[609, 551]",terminal:1:20.3:t1,net:1:N1,20.3:t1,
,Polarized_Capacitor,1,,20.3:negative,edge:1:terminal:20.3:t2:net:N6,,,,False,ok,2.0,matched_preferred,[],N6,,6,False,CONNECTED_TO,,negative,"[669, 551]",terminal:1:20.3:t2,net:1:N6,20.3:t2,
,Polarized_Capacitor,1,,20.4:positive,edge:1:terminal:20.4:t1:net:N4,,,,False,ok,0.0,matched_preferred,[],N4,,4,False,CONNECTED_TO,,positive,"[641, 672]",terminal:1:20.4:t1,net:1:N4,20.4:t1,
,Polarized_Capacitor,1,,20.4:negative,edge:1:terminal:20.4:t2:net:N6,,,,False,ok,0.0,matched_preferred,[],N6,,6,False,CONNECTED_TO,,negative,"[700, 672]",terminal:1:20.4:t2,net:1:N6,20.4:t2,
,Voltage_Source,1,,31.1:positive,edge:1:terminal:31.1:t1:net:N5,,,,False,ok,1.0,matched_preferred,[],N5,,5,False,CONNECTED_TO,,positive,"[629, 386]",terminal:1:31.1:t1,net:1:N5,31.1:t1,
,Voltage_Source,1,,31.1:negative,edge:1:terminal:31.1:t2:net:N6,,,,False,ok,1.0,matched_preferred,[],N6,,6,False,CONNECTED_TO,,negative,"[774, 386]",terminal:1:31.1:t2,net:1:N6,31.1:t2,
,Polarized_Capacitor,1,,20.5:positive,edge:1:terminal:20.5:t1:net:N6,,,,False,ok,0.0,matched_preferred,[],N6,,6,False,CONNECTED_TO,,positive,"[820, 726]",terminal:1:20.5:t1,net:1:N6,20.5:t1,
,Polarized_Capacitor,1,,20.5:negative,edge:1:terminal:20.5:t2:net:N3,,,,False,ok,0.0,matched_preferred,[],N3,,3,False,CONNECTED_TO,,negative,"[820, 809]",terminal:1:20.5:t2,net:1:N3,20.5:t2,
,Current_Source,1,,6.3:current_from,edge:1:terminal:6.3:t1:net:N6,,,,False,ok,1.0,matched_preferred,[],N6,,6,False,CONNECTED_TO,,current_from,"[925, 584]",terminal:1:6.3:t1,net:1:N6,6.3:t1,
,Current_Source,1,,6.3:current_to,edge:1:terminal:6.3:t2:net:N3,,,,False,ok,1.0,matched_preferred,[],N3,,3,False,CONNECTED_TO,,current_to,"[925, 699]",terminal:1:6.3:t2,net:1:N3,6.3:t2,
,Terminal,1,,26.4:t1,edge:1:terminal:26.4:t1:net:N6,,,,False,ok,0.0,matched_preferred,[],N6,,6,False,CONNECTED_TO,,,"[988, 386]",terminal:1:26.4:t1,net:1:N6,26.4:t1,
Current_Source,,10,,,edge:10:diagram_to_component:6.1,,6.1,,,,,,,,,,,HAS_COMPONENT,,,,diagram:10,component:10:6.1,,
Resistor,,10,,,edge:10:diagram_to_component:22.1,,22.1,,,,,,,,,,,HAS_COMPONENT,,,,diagram:10,component:10:22.1,,
Polarized_Capacitor,,10,,,edge:10:diagram_to_component:20.1,,20.1,,,,,,,,,,,HAS_COMPONENT,,,,diagram:10,component:10:20.1,,
Polarized_Capacitor,,10,,,edge:10:diagram_to_component:20.2,,20.2,,,,,,,,,,,HAS_COMPONENT,,,,diagram:10,component:10:20.2,,
Current_Source,,10,,,edge:10:diagram_to_component:6.2,,6.2,,,,,,,,,,,HAS_COMPONENT,,,,diagram:10,component:10:6.2,,
Polarized_Capacitor,,10,,,edge:10:diagram_to_component:20.3,,20.3,,,,,,,,,,,HAS_COMPONENT,,,,diagram:10,component:10:20.3,,
Resistor,,10,,,edge:10:diagram_to_component:22.2,,22.2,,,,,,,,,,,HAS_COMPONENT,,,,diagram:10,component:10:22.2,,
Terminal,,10,,,edge:10:diagram_to_component:26.1,,26.1,,,,,,,,,,,HAS_COMPONENT,,,,diagram:10,component:10:26.1,,
Terminal,,10,,,edge:10:diagram_to_component:26.2,,26.2,,,,,,,,,,,HAS_COMPONENT,,,,diagram:10,component:10:26.2,,
,,10,,,edge:10:diagram_to_net:N1,,,False,,,,,,N1,,1,,HAS_NET,,,,diagram:10,net:10:N1,,
,,10,,,edge:10:diagram_to_net:N2,,,False,,,,,,N2,,2,,HAS_NET,,,,diagram:10,net:10:N2,,
,,10,,,edge:10:diagram_to_net:N3,,,False,,,,,,N3,,3,,HAS_NET,,,,diagram:10,net:10:N3,,
,,10,current_to,6.1:current_to,edge:10:component:6.1:terminal:6.1:t1,,6.1,,,,,,,,,,,HAS_TERMINAL,top,current_to,,component:10:6.1,terminal:10:6.1:t1,6.1:t1,t1
,,10,current_from,6.1:current_from,edge:10:component:6.1:terminal:6.1:t2,,6.1,,,,,,,,,,,HAS_TERMINAL,bottom,current_from,,component:10:6.1,terminal:10:6.1:t2,6.1:t2,t2
,,10,t1,22.1:t1,edge:10:component:22.1:terminal:22.1:t1,,22.1,,,,,,,,,,,HAS_TERMINAL,top,,,component:10:22.1,terminal:10:22.1:t1,22.1:t1,t1
,,10,t2,22.1:t2,edge:10:component:22.1:terminal:22.1:t2,,22.1,,,,,,,,,,,HAS_TERMINAL,bottom,,,component:10:22.1,terminal:10:22.1:t2,22.1:t2,t2
,,10,positive,20.1:positive,edge:10:component:20.1:terminal:20.1:t1,,20.1,,,,,,,,,,,HAS_TERMINAL,top,positive,,component:10:20.1,terminal:10:20.1:t1,20.1:t1,t1
,,10,negative,20.1:negative,edge:10:component:20.1:terminal:20.1:t2,,20.1,,,,,,,,,,,HAS_TERMINAL,bottom,negative,,component:10:20.1,terminal:10:20.1:t2,20.1:t2,t2
,,10,positive,20.2:positive,edge:10:component:20.2:terminal:20.2:t1,,20.2,,,,,,,,,,,HAS_TERMINAL,left,positive,,component:10:20.2,terminal:10:20.2:t1,20.2:t1,t1
,,10,negative,20.2:negative,edge:10:component:20.2:terminal:20.2:t2,,20.2,,,,,,,,,,,HAS_TERMINAL,right,negative,,component:10:20.2,terminal:10:20.2:t2,20.2:t2,t2
,,10,current_from,6.2:current_from,edge:10:component:6.2:terminal:6.2:t1,,6.2,,,,,,,,,,,HAS_TERMINAL,top,current_from,,component:10:6.2,terminal:10:6.2:t1,6.2:t1,t1
,,10,current_to,6.2:current_to,edge:10:component:6.2:terminal:6.2:t2,,6.2,,,,,,,,,,,HAS_TERMINAL,bottom,current_to,,component:10:6.2,terminal:10:6.2:t2,6.2:t2,t2
,,10,positive,20.3:positive,edge:10:component:20.3:terminal:20.3:t1,,20.3,,,,,,,,,,,HAS_TERMINAL,top,positive,,component:10:20.3,terminal:10:20.3:t1,20.3:t1,t1
,,10,negative,20.3:negative,edge:10:component:20.3:terminal:20.3:t2,,20.3,,,,,,,,,,,HAS_TERMINAL,bottom,negative,,component:10:20.3,terminal:10:20.3:t2,20.3:t2,t2
,,10,t1,22.2:t1,edge:10:component:22.2:terminal:22.2:t1,,22.2,,,,,,,,,,,HAS_TERMINAL,top,,,component:10:22.2,terminal:10:22.2:t1,22.2:t1,t1
,,10,t2,22.2:t2,edge:10:component:22.2:terminal:22.2:t2,,22.2,,,,,,,,,,,HAS_TERMINAL,bottom,,,component:10:22.2,terminal:10:22.2:t2,22.2:t2,t2
,,10,t1,26.1:t1,edge:10:component:26.1:terminal:26.1:t1,,26.1,,,,,,,,,,,HAS_TERMINAL,left,,,component:10:26.1,terminal:10:26.1:t1,26.1:t1,t1
,,10,t1,26.2:t1,edge:10:component:26.2:terminal:26.2:t1,,26.2,,,,,,,,,,,HAS_TERMINAL,left,,,component:10:26.2,terminal:10:26.2:t1,26.2:t1,t1
,Current_Source,10,,6.1:current_to,edge:10:terminal:6.1:t1:net:N1,,,,False,ok,1.0,matched_preferred,[],N1,,1,False,CONNECTED_TO,,current_to,"[152, 325]",terminal:10:6.1:t1,net:10:N1,6.1:t1,
,Current_Source,10,,6.1:current_from,edge:10:terminal:6.1:t2:net:N2,,,,False,ok,1.0,matched_preferred,[],N2,,2,False,CONNECTED_TO,,current_from,"[152, 558]",terminal:10:6.1:t2,net:10:N2,6.1:t2,
,Resistor,10,,22.1:t1,edge:10:terminal:22.1:t1:net:N1,,,,False,ok,1.0,matched_preferred,[],N1,,1,False,CONNECTED_TO,,,"[276, 325]",terminal:10:22.1:t1,net:10:N1,22.1:t1,
,Resistor,10,,22.1:t2,edge:10:terminal:22.1:t2:net:N2,,,,False,ok,1.0,matched_preferred,[],N2,,2,False,CONNECTED_TO,,,"[276, 560]",terminal:10:22.1:t2,net:10:N2,22.1:t2,
,Polarized_Capacitor,10,,20.1:positive,edge:10:terminal:20.1:t1:net:N1,,,,False,ok,1.0,matched_preferred,[],N1,,1,False,CONNECTED_TO,,positive,"[399, 389]",terminal:10:20.1:t1,net:10:N1,20.1:t1,
,Polarized_Capacitor,10,,20.1:negative,edge:10:terminal:20.1:t2:net:N2,,,,False,ok,1.0,matched_preferred,[],N2,,2,False,CONNECTED_TO,,negative,"[399, 503]",terminal:10:20.1:t2,net:10:N2,20.1:t2,
,Polarized_Capacitor,10,,20.2:positive,edge:10:terminal:20.2:t1:net:N1,,,,False,ok,1.0,matched_preferred,[],N1,,1,False,CONNECTED_TO,,positive,"[496, 251]",terminal:10:20.2:t1,net:10:N1,20.2:t1,
,Polarized_Capacitor,10,,20.2:negative,edge:10:terminal:20.2:t2:net:N3,,,,False,ok,1.0,matched_preferred,[],N3,,3,False,CONNECTED_TO,,negative,"[559, 251]",terminal:10:20.2:t2,net:10:N3,20.2:t2,
,Current_Source,10,,6.2:current_from,edge:10:terminal:6.2:t1:net:N3,,,,False,ok,1.0,matched_preferred,[],N3,,3,False,CONNECTED_TO,,current_from,"[623, 312]",terminal:10:6.2:t1,net:10:N3,6.2:t1,
,Current_Source,10,,6.2:current_to,edge:10:terminal:6.2:t2:net:N2,,,,False,ok,1.0,matched_preferred,[],N2,,2,False,CONNECTED_TO,,current_to,"[623, 586]",terminal:10:6.2:t2,net:10:N2,6.2:t2,
,Polarized_Capacitor,10,,20.3:positive,edge:10:terminal:20.3:t1:net:N3,,,,False,ok,0.0,matched_preferred,[],N3,,3,False,CONNECTED_TO,,positive,"[780, 393]",terminal:10:20.3:t1,net:10:N3,20.3:t1,
,Polarized_Capacitor,10,,20.3:negative,edge:10:terminal:20.3:t2:net:N2,,,,False,ok,0.0,matched_preferred,[],N2,,2,False,CONNECTED_TO,,negative,"[780, 504]",terminal:10:20.3:t2,net:10:N2,20.3:t2,
,Resistor,10,,22.2:t1,edge:10:terminal:22.2:t1:net:N3,,,,False,ok,1.0,matched_preferred,[],N3,,3,False,CONNECTED_TO,,,"[915, 331]",terminal:10:22.2:t1,net:10:N3,22.2:t1,
,Resistor,10,,22.2:t2,edge:10:terminal:22.2:t2:net:N2,,,,False,ok,1.0,matched_preferred,[],N2,,2,False,CONNECTED_TO,,,"[915, 566]",terminal:10:22.2:t2,net:10:N2,22.2:t2,
,Terminal,10,,26.1:t1,edge:10:terminal:26.1:t1:net:N2,,,,False,ok,1.0,matched_preferred,[],N2,,2,False,CONNECTED_TO,,,"[951, 632]",terminal:10:26.1:t1,net:10:N2,26.1:t1,
,Terminal,10,,26.2:t1,edge:10:terminal:26.2:t1:net:N3,,,,False,ok,4.0,matched_preferred,[],N3,,3,False,CONNECTED_TO,,,"[952, 251]",terminal:10:26.2:t1,net:10:N3,26.2:t1,
Terminal,,11,,,edge:11:diagram_to_component:26.1,,26.1,,,,,,,,,,,HAS_COMPONENT,,,,diagram:11,component:11:26.1,,
Battery,,11,,,edge:11:diagram_to_component:2.1,,2.1,,,,,,,,,,,HAS_COMPONENT,,,,diagram:11,component:11:2.1,,
Battery,,11,,,edge:11:diagram_to_component:2.2,,2.2,,,,,,,,,,,HAS_COMPONENT,,,,diagram:11,component:11:2.2,,
Mosfet,,11,,,edge:11:diagram_to_component:16.1,,16.1,,,,,,,,,,,HAS_COMPONENT,,,,diagram:11,component:11:16.1,,
Mosfet,,11,,,edge:11:diagram_to_component:16.2,,16.2,,,,,,,,,,,HAS_COMPONENT,,,,diagram:11,component:11:16.2,,
Polarized_Capacitor,,11,,,edge:11:diagram_to_component:20.1,,20.1,,,,,,,,,,,HAS_COMPONENT,,,,diagram:11,component:11:20.1,,
GND,,11,,,edge:11:diagram_to_component:9.1,,9.1,,,,,,,,,,,HAS_COMPONENT,,,,diagram:11,component:11:9.1,,
Resistor,,11,,,edge:11:diagram_to_component:22.1,,22.1,,,,,,,,,,,HAS_COMPONENT,,,,diagram:11,component:11:22.1,,
GND,,11,,,edge:11:diagram_to_component:9.2,,9.2,,,,,,,,,,,HAS_COMPONENT,,,,diagram:11,component:11:9.2,,
Terminal,,11,,,edge:11:diagram_to_component:26.2,,26.2,,,,,,,,,,,HAS_COMPONENT,,,,diagram:11,component:11:26.2,,
,,11,,,edge:11:diagram_to_net:N1,,,False,,,,,,N1,,1,,HAS_NET,,,,diagram:11,net:11:N1,,
,,11,,,edge:11:diagram_to_net:N2,,,False,,,,,,N2,,2,,HAS_NET,,,,diagram:11,net:11:N2,,
,,11,,,edge:11:diagram_to_net:N3,,,False,,,,,,N3,,3,,HAS_NET,,,,diagram:11,net:11:N3,,
,,11,,,edge:11:diagram_to_net:N4,,,False,,,,,,N4,,4,,HAS_NET,,,,diagram:11,net:11:N4,,
,,11,,,edge:11:diagram_to_net:N5,,,False,,,,,,N5,,5,,HAS_NET,,,,diagram:11,net:11:N5,,
,,11,,,edge:11:diagram_to_net:N6,,,False,,,,,,N6,,6,,HAS_NET,,,,diagram:11,net:11:N6,,
,,11,,,edge:11:diagram_to_net:N7,,,False,,,,,,N7,,7,,HAS_NET,,,,diagram:11,net:11:N7,,
,,11,,,edge:11:diagram_to_net:N8,,,False,,,,,,N8,,8,,HAS_NET,,,,diagram:11,net:11:N8,,
,,11,t1,26.1:t1,edge:11:component:26.1:terminal:26.1:t1,,26.1,,,,,,,,,,,HAS_TERMINAL,right,,,component:11:26.1,terminal:11:26.1:t1,26.1:t1,t1
,,11,positive,2.1:positive,edge:11:component:2.1:terminal:2.1:t1,,2.1,,,,,,,,,,,HAS_TERMINAL,top,positive,,component:11:2.1,terminal:11:2.1:t1,2.1:t1,t1
,,11,negative,2.1:negative,edge:11:component:2.1:terminal:2.1:t2,,2.1,,,,,,,,,,,HAS_TERMINAL,bottom,negative,,component:11:2.1,terminal:11:2.1:t2,2.1:t2,t2
,,11,positive,2.2:positive,edge:11:component:2.2:terminal:2.2:t1,,2.2,,,,,,,,,,,HAS_TERMINAL,top,positive,,component:11:2.2,terminal:11:2.2:t1,2.2:t1,t1
,,11,negative,2.2:negative,edge:11:component:2.2:terminal:2.2:t2,,2.2,,,,,,,,,,,HAS_TERMINAL,bottom,negative,,component:11:2.2,terminal:11:2.2:t2,2.2:t2,t2
,,11,G,16.1:G,edge:11:component:16.1:terminal:16.1:t1,,16.1,,,,,,,,,,,HAS_TERMINAL,left,G,,component:11:16.1,terminal:11:16.1:t1,16.1:t1,t1
,,11,D,16.1:D,edge:11:component:16.1:terminal:16.1:t2,,16.1,,,,,,,,,,,HAS_TERMINAL,top,D,,component:11:16.1,terminal:11:16.1:t2,16.1:t2,t2
,,11,S,16.1:S,edge:11:component:16.1:terminal:16.1:t3,,16.1,,,,,,,,,,,HAS_TERMINAL,bottom,S,,component:11:16.1,terminal:11:16.1:t3,16.1:t3,t3
,,11,G,16.2:G,edge:11:component:16.2:terminal:16.2:t1,,16.2,,,,,,,,,,,HAS_TERMINAL,left,G,,component:11:16.2,terminal:11:16.2:t1,16.2:t1,t1
,,11,S,16.2:S,edge:11:component:16.2:terminal:16.2:t2,,16.2,,,,,,,,,,,HAS_TERMINAL,top,S,,component:11:16.2,terminal:11:16.2:t2,16.2:t2,t2
,,11,D,16.2:D,edge:11:component:16.2:terminal:16.2:t3,,16.2,,,,,,,,,,,HAS_TERMINAL,bottom,D,,component:11:16.2,terminal:11:16.2:t3,16.2:t3,t3
,,11,positive,20.1:positive,edge:11:component:20.1:terminal:20.1:t1,,20.1,,,,,,,,,,,HAS_TERMINAL,top,positive,,component:11:20.1,terminal:11:20.1:t1,20.1:t1,t1
,,11,negative,20.1:negative,edge:11:component:20.1:terminal:20.1:t2,,20.1,,,,,,,,,,,HAS_TERMINAL,bottom,negative,,component:11:20.1,terminal:11:20.1:t2,20.1:t2,t2
,,11,t1,9.1:t1,edge:11:component:9.1:terminal:9.1:t1,,9.1,,,,,,,,,,,HAS_TERMINAL,top,,,component:11:9.1,terminal:11:9.1:t1,9.1:t1,t1
,,11,t1,22.1:t1,edge:11:component:22.1:terminal:22.1:t1,,22.1,,,,,,,,,,,HAS_TERMINAL,top,,,component:11:22.1,terminal:11:22.1:t1,22.1:t1,t1
,,11,t2,22.1:t2,edge:11:component:22.1:terminal:22.1:t2,,22.1,,,,,,,,,,,HAS_TERMINAL,bottom,,,component:11:22.1,terminal:11:22.1:t2,22.1:t2,t2
,,11,t1,9.2:t1,edge:11:component:9.2:terminal:9.2:t1,,9.2,,,,,,,,,,,HAS_TERMINAL,top,,,component:11:9.2,terminal:11:9.2:t1,9.2:t1,t1
,,11,t1,26.2:t1,edge:11:component:26.2:terminal:26.2:t1,,26.2,,,,,,,,,,,HAS_TERMINAL,left,,,component:11:26.2,terminal:11:26.2:t1,26.2:t1,t1
,Terminal,11,,26.1:t1,edge:11:terminal:26.1:t1:net:N1,,,,False,ok,0.0,matched_preferred,[],N1,,1,False,CONNECTED_TO,,,"[162, 529]",terminal:11:26.1:t1,net:11:N1,26.1:t1,
,Battery,11,,2.1:positive,edge:11:terminal:2.1:t1:net:N3,,,,False,ok,1.0,matched_preferred,[],N3,,3,False,CONNECTED_TO,,positive,"[283, 314]",terminal:11:2.1:t1,net:11:N3,2.1:t1,
,Battery,11,,2.1:negative,edge:11:terminal:2.1:t2:net:N1,,,,False,ok,1.0,matched_preferred,[],N1,,1,False,CONNECTED_TO,,negative,"[283, 507]",terminal:11:2.1:t2,net:11:N1,2.1:t2,
,Battery,11,,2.2:positive,edge:11:terminal:2.2:t1:net:N1,,,,False,ok,3.0,matched_preferred,[],N1,,1,False,CONNECTED_TO,,positive,"[283, 538]",terminal:11:2.2:t1,net:11:N1,2.2:t1,
,Battery,11,,2.2:negative,edge:11:terminal:2.2:t2:net:N2,,,,False,ok,3.0,matched_preferred,[],N2,,2,False,CONNECTED_TO,,negative,"[283, 728]",terminal:11:2.2:t2,net:11:N2,2.2:t2,
,Mosfet,11,,16.1:G,edge:11:terminal:16.1:t1:net:N2,,,,False,ok,0.0,matched_preferred,[],N2,,2,False,CONNECTED_TO,,G,"[359, 755]",terminal:11:16.1:t1,net:11:N2,16.1:t1,
,Mosfet,11,,16.1:D,edge:11:terminal:16.1:t2:net:N7,,,,False,ok,0.0,matched_preferred,[],N7,,7,False,CONNECTED_TO,,D,"[449, 679]",terminal:11:16.1:t2,net:11:N7,16.1:t2,
,Mosfet,11,,16.1:S,edge:11:terminal:16.1:t3:net:N5,,,,False,ok,0.0,matched_preferred,[],N5,,5,False,CONNECTED_TO,,S,"[449, 830]",terminal:11:16.1:t3,net:11:N5,16.1:t3,
,Mosfet,11,,16.2:G,edge:11:terminal:16.2:t1:net:N3,,,,False,ok,1.0,matched_preferred,[],N3,,3,False,CONNECTED_TO,,G,"[360, 296]",terminal:11:16.2:t1,net:11:N3,16.2:t1,
,Mosfet,11,,16.2:S,edge:11:terminal:16.2:t2:net:N4,,,,False,ok,0.0,matched_preferred,[],N4,,4,False,CONNECTED_TO,,S,"[449, 214]",terminal:11:16.2:t2,net:11:N4,16.2:t2,
,Mosfet,11,,16.2:D,edge:11:terminal:16.2:t3:net:N7,,,,False,ok,0.0,matched_preferred,[],N7,,7,False,CONNECTED_TO,,D,"[449, 369]",terminal:11:16.2:t3,net:11:N7,16.2:t3,
,Polarized_Capacitor,11,,20.1:positive,edge:11:terminal:20.1:t1:net:N7,,,,False,ok,1.0,matched_preferred,[],N7,,7,False,CONNECTED_TO,,positive,"[641, 716]",terminal:11:20.1:t1,net:11:N7,20.1:t1,
,Polarized_Capacitor,11,,20.1:negative,edge:11:terminal:20.1:t2:net:N6,,,,False,ok,1.0,matched_preferred,[],N6,,6,False,CONNECTED_TO,,negative,"[641, 811]",terminal:11:20.1:t2,net:11:N6,20.1:t2,
,GND,11,,9.1:t1,edge:11:terminal:9.1:t1:net:N6,,,,False,ok,2.0,matched_preferred,[],N6,,6,False,CONNECTED_TO,,,"[641, 930]",terminal:11:9.1:t1,net:11:N6,9.1:t1,
,Resistor,11,,22.1:t1,edge:11:terminal:22.1:t1:net:N7,,,,False,ok,1.0,matched_preferred,[],N7,,7,False,CONNECTED_TO,,,"[806, 667]",terminal:11:22.1:t1,net:11:N7,22.1:t1,
,Resistor,11,,22.1:t2,edge:11:terminal:22.1:t2:net:N8,,,,False,ok,1.0,matched_preferred,[],N8,,8,False,CONNECTED_TO,,,"[806, 856]",terminal:11:22.1:t2,net:11:N8,22.1:t2,
,GND,11,,9.2:t1,edge:11:terminal:9.2:t1:net:N8,,,,False,ok,1.0,matched_preferred,[],N8,,8,False,CONNECTED_TO,,,"[806, 929]",terminal:11:9.2:t1,net:11:N8,9.2:t1,
,Terminal,11,,26.2:t1,edge:11:terminal:26.2:t1:net:N7,,,,False,ok,0.0,matched_preferred,[],N7,,7,False,CONNECTED_TO,,,"[854, 530]",terminal:11:26.2:t1,net:11:N7,26.2:t1,
Terminal,,12,,,edge:12:diagram_to_component:26.1,,26.1,,,,,,,,,,,HAS_COMPONENT,,,,diagram:12,component:12:26.1,,
Terminal,,12,,,edge:12:diagram_to_component:26.2,,26.2,,,,,,,,,,,HAS_COMPONENT,,,,diagram:12,component:12:26.2,,
Diode,,12,,,edge:12:diagram_to_component:7.1,,7.1,,,,,,,,,,,HAS_COMPONENT,,,,diagram:12,component:12:7.1,,
Diode,,12,,,edge:12:diagram_to_component:7.2,,7.2,,,,,,,,,,,HAS_COMPONENT,,,,diagram:12,component:12:7.2,,
Mosfet,,12,,,edge:12:diagram_to_component:16.1,,16.1,,,,,,,,,,,HAS_COMPONENT,,,,diagram:12,component:12:16.1,,
Current_Source,,12,,,edge:12:diagram_to_component:6.1,,6.1,,,,,,,,,,,HAS_COMPONENT,,,,diagram:12,component:12:6.1,,
Current_Source,,12,,,edge:12:diagram_to_component:6.2,,6.2,,,,,,,,,,,HAS_COMPONENT,,,,diagram:12,component:12:6.2,,
Current_Source,,12,,,edge:12:diagram_to_component:6.3,,6.3,,,,,,,,,,,HAS_COMPONENT,,,,diagram:12,component:12:6.3,,
Mosfet,,12,,,edge:12:diagram_to_component:16.2,,16.2,,,,,,,,,,,HAS_COMPONENT,,,,diagram:12,component:12:16.2,,
Diode,,12,,,edge:12:diagram_to_component:7.3,,7.3,,,,,,,,,,,HAS_COMPONENT,,,,diagram:12,component:12:7.3,,
Diode,,12,,,edge:12:diagram_to_component:7.4,,7.4,,,,,,,,,,,HAS_COMPONENT,,,,diagram:12,component:12:7.4,,
Terminal,,12,,,edge:12:diagram_to_component:26.3,,26.3,,,,,,,,,,,HAS_COMPONENT,,,,diagram:12,component:12:26.3,,
Polarized_Capacitor,,12,,,edge:12:diagram_to_component:20.1,,20.1,,,,,,,,,,,HAS_COMPONENT,,,,diagram:12,component:12:20.1,,
GND,,12,,,edge:12:diagram_to_component:9.1,,9.1,,,,,,,,,,,HAS_COMPONENT,,,,diagram:12,component:12:9.1,,
Diode,,12,,,edge:12:diagram_to_component:7.5,,7.5,,,,,,,,,,,HAS_COMPONENT,,,,diagram:12,component:12:7.5,,
Diode,,12,,,edge:12:diagram_to_component:7.6,,7.6,,,,,,,,,,,HAS_COMPONENT,,,,diagram:12,component:12:7.6,,
Operational_Amplifier,,12,,,edge:12:diagram_to_component:19.1,,19.1,,,,,,,,,,,HAS_COMPONENT,,,,diagram:12,component:12:19.1,,
Terminal,,12,,,edge:12:diagram_to_component:26.4,,26.4,,,,,,,,,,,HAS_COMPONENT,,,,diagram:12,component:12:26.4,,
,,12,,,edge:12:diagram_to_net:N1,,,False,,,,,,N1,,1,,HAS_NET,,,,diagram:12,net:12:N1,,
,,12,,,edge:12:diagram_to_net:N2,,,False,,,,,,N2,,2,,HAS_NET,,,,diagram:12,net:12:N2,,
,,12,,,edge:12:diagram_to_net:N3,,,False,,,,,,N3,,3,,HAS_NET,,,,diagram:12,net:12:N3,,
,,12,,,edge:12:diagram_to_net:N4,,,False,,,,,,N4,,4,,HAS_NET,,,,diagram:12,net:12:N4,,
,,12,,,edge:12:diagram_to_net:N5,,,False,,,,,,N5,,5,,HAS_NET,,,,diagram:12,net:12:N5,,
,,12,,,edge:12:diagram_to_net:N6,,,False,,,,,,N6,,6,,HAS_NET,,,,diagram:12,net:12:N6,,
,,12,,,edge:12:diagram_to_net:N7,,,False,,,,,,N7,,7,,HAS_NET,,,,diagram:12,net:12:N7,,
,,12,,,edge:12:diagram_to_net:N8,,,False,,,,,,N8,,8,,HAS_NET,,,,diagram:12,net:12:N8,,
,,12,,,edge:12:diagram_to_net:N9,,,False,,,,,,N9,,9,,HAS_NET,,,,diagram:12,net:12:N9,,
,,12,,,edge:12:diagram_to_net:N10,,,False,,,,,,N10,,10,,HAS_NET,,,,diagram:12,net:12:N10,,
,,12,,,edge:12:diagram_to_net:N11,,,False,,,,,,N11,,11,,HAS_NET,,,,diagram:12,net:12:N11,,
,,12,t1,26.1:t1,edge:12:component:26.1:terminal:26.1:t1,,26.1,,,,,,,,,,,HAS_TERMINAL,right,,,component:12:26.1,terminal:12:26.1:t1,26.1:t1,t1
,,12,t1,26.2:t1,edge:12:component:26.2:terminal:26.2:t1,,26.2,,,,,,,,,,,HAS_TERMINAL,right,,,component:12:26.2,terminal:12:26.2:t1,26.2:t1,t1
,,12,anode,7.1:anode,edge:12:component:7.1:terminal:7.1:t1,,7.1,,,,,,,,,,,HAS_TERMINAL,top,anode,,component:12:7.1,terminal:12:7.1:t1,7.1:t1,t1
,,12,cathode,7.1:cathode,edge:12:component:7.1:terminal:7.1:t2,,7.1,,,,,,,,,,,HAS_TERMINAL,bottom,cathode,,component:12:7.1,terminal:12:7.1:t2,7.1:t2,t2
,,12,anode,7.2:anode,edge:12:component:7.2:terminal:7.2:t1,,7.2,,,,,,,,,,,HAS_TERMINAL,top,anode,,component:12:7.2,terminal:12:7.2:t1,7.2:t1,t1
,,12,cathode,7.2:cathode,edge:12:component:7.2:terminal:7.2:t2,,7.2,,,,,,,,,,,HAS_TERMINAL,bottom,cathode,,component:12:7.2,terminal:12:7.2:t2,7.2:t2,t2
,,12,G,16.1:G,edge:12:component:16.1:terminal:16.1:t1,,16.1,,,,,,,,,,,HAS_TERMINAL,left,G,,component:12:16.1,terminal:12:16.1:t1,16.1:t1,t1
,,12,D,16.1:D,edge:12:component:16.1:terminal:16.1:t2,,16.1,,,,,,,,,,,HAS_TERMINAL,top,D,,component:12:16.1,terminal:12:16.1:t2,16.1:t2,t2
,,12,S,16.1:S,edge:12:component:16.1:terminal:16.1:t3,,16.1,,,,,,,,,,,HAS_TERMINAL,bottom,S,,component:12:16.1,terminal:12:16.1:t3,16.1:t3,t3
,,12,current_from,6.1:current_from,edge:12:component:6.1:terminal:6.1:t1,,6.1,,,,,,,,,,,HAS_TERMINAL,top,current_from,,component:12:6.1,terminal:12:6.1:t1,6.1:t1,t1
,,12,current_to,6.1:current_to,edge:12:component:6.1:terminal:6.1:t2,,6.1,,,,,,,,,,,HAS_TERMINAL,bottom,current_to,,component:12:6.1,terminal:12:6.1:t2,6.1:t2,t2
,,12,current_from,6.2:current_from,edge:12:component:6.2:terminal:6.2:t1,,6.2,,,,,,,,,,,HAS_TERMINAL,top,current_from,,component:12:6.2,terminal:12:6.2:t1,6.2:t1,t1
,,12,current_to,6.2:current_to,edge:12:component:6.2:terminal:6.2:t2,,6.2,,,,,,,,,,,HAS_TERMINAL,bottom,current_to,,component:12:6.2,terminal:12:6.2:t2,6.2:t2,t2
,,12,current_from,6.3:current_from,edge:12:component:6.3:terminal:6.3:t1,,6.3,,,,,,,,,,,HAS_TERMINAL,top,current_from,,component:12:6.3,terminal:12:6.3:t1,6.3:t1,t1
,,12,current_to,6.3:current_to,edge:12:component:6.3:terminal:6.3:t2,,6.3,,,,,,,,,,,HAS_TERMINAL,bottom,current_to,,component:12:6.3,terminal:12:6.3:t2,6.3:t2,t2
,,12,G,16.2:G,edge:12:component:16.2:terminal:16.2:t1,,16.2,,,,,,,,,,,HAS_TERMINAL,right,G,,component:12:16.2,terminal:12:16.2:t1,16.2:t1,t1
,,12,D,16.2:D,edge:12:component:16.2:terminal:16.2:t2,,16.2,,,,,,,,,,,HAS_TERMINAL,top,D,,component:12:16.2,terminal:12:16.2:t2,16.2:t2,t2
,,12,S,16.2:S,edge:12:component:16.2:terminal:16.2:t3,,16.2,,,,,,,,,,,HAS_TERMINAL,bottom,S,,component:12:16.2,terminal:12:16.2:t3,16.2:t3,t3
,,12,anode,7.3:anode,edge:12:component:7.3:terminal:7.3:t1,,7.3,,,,,,,,,,,HAS_TERMINAL,top,anode,,component:12:7.3,terminal:12:7.3:t1,7.3:t1,t1
,,12,cathode,7.3:cathode,edge:12:component:7.3:terminal:7.3:t2,,7.3,,,,,,,,,,,HAS_TERMINAL,bottom,cathode,,component:12:7.3,terminal:12:7.3:t2,7.3:t2,t2
,,12,anode,7.4:anode,edge:12:component:7.4:terminal:7.4:t1,,7.4,,,,,,,,,,,HAS_TERMINAL,top,anode,,component:12:7.4,terminal:12:7.4:t1,7.4:t1,t1
,,12,cathode,7.4:cathode,edge:12:component:7.4:terminal:7.4:t2,,7.4,,,,,,,,,,,HAS_TERMINAL,bottom,cathode,,component:12:7.4,terminal:12:7.4:t2,7.4:t2,t2
,,12,t1,26.3:t1,edge:12:component:26.3:terminal:26.3:t1,,26.3,,,,,,,,,,,HAS_TERMINAL,left,,,component:12:26.3,terminal:12:26.3:t1,26.3:t1,t1
,,12,positive,20.1:positive,edge:12:component:20.1:terminal:20.1:t1,,20.1,,,,,,,,,,,HAS_TERMINAL,top,positive,,component:12:20.1,terminal:12:20.1:t1,20.1:t1,t1
,,12,negative,20.1:negative,edge:12:component:20.1:terminal:20.1:t2,,20.1,,,,,,,,,,,HAS_TERMINAL,bottom,negative,,component:12:20.1,terminal:12:20.1:t2,20.1:t2,t2
,,12,t1,9.1:t1,edge:12:component:9.1:terminal:9.1:t1,,9.1,,,,,,,,,,,HAS_TERMINAL,top,,,component:12:9.1,terminal:12:9.1:t1,9.1:t1,t1
,,12,anode,7.5:anode,edge:12:component:7.5:terminal:7.5:t1,,7.5,,,,,,,,,,,HAS_TERMINAL,left,anode,,component:12:7.5,terminal:12:7.5:t1,7.5:t1,t1
,,12,cathode,7.5:cathode,edge:12:component:7.5:terminal:7.5:t2,,7.5,,,,,,,,,,,HAS_TERMINAL,right,cathode,,component:12:7.5,terminal:12:7.5:t2,7.5:t2,t2
,,12,cathode,7.6:cathode,edge:12:component:7.6:terminal:7.6:t1,,7.6,,,,,,,,,,,HAS_TERMINAL,left,cathode,,component:12:7.6,terminal:12:7.6:t1,7.6:t1,t1
,,12,anode,7.6:anode,edge:12:component:7.6:terminal:7.6:t2,,7.6,,,,,,,,,,,HAS_TERMINAL,right,anode,,component:12:7.6,terminal:12:7.6:t2,7.6:t2,t2
,,12,in1,19.1:in1,edge:12:component:19.1:terminal:19.1:in1,,19.1,,,,,,,,,,,HAS_TERMINAL,left,,,component:12:19.1,terminal:12:19.1:in1,19.1:in1,in1
,,12,in2,19.1:in2,edge:12:component:19.1:terminal:19.1:in2,,19.1,,,,,,,,,,,HAS_TERMINAL,left,,,component:12:19.1,terminal:12:19.1:in2,19.1:in2,in2
,,12,out,19.1:out,edge:12:component:19.1:terminal:19.1:out,,19.1,,,,,,,,,,,HAS_TERMINAL,right,,,component:12:19.1,terminal:12:19.1:out,19.1:out,out
,,12,t1,26.4:t1,edge:12:component:26.4:terminal:26.4:t1,,26.4,,,,,,,,,,,HAS_TERMINAL,left,,,component:12:26.4,terminal:12:26.4:t1,26.4:t1,t1
,Terminal,12,,26.1:t1,edge:12:terminal:26.1:t1:net:N2,,,,False,ok,1.0,matched_preferred,[],N2,,2,False,CONNECTED_TO,,,"[93, 398]",terminal:12:26.1:t1,net:12:N2,26.1:t1,
,Terminal,12,,26.2:t1,edge:12:terminal:26.2:t1:net:N1,,,,False,ok,2.0,matched_preferred,[],N1,,1,False,CONNECTED_TO,,,"[112, 680]",terminal:12:26.2:t1,net:12:N1,26.2:t1,
,Diode,12,,7.1:anode,edge:12:terminal:7.1:t1:net:N7,,,,False,ok,1.0,matched_preferred,[],N7,,7,False,CONNECTED_TO,,anode,"[178, 307]",terminal:12:7.1:t1,net:12:N7,7.1:t1,
,Diode,12,,7.1:cathode,edge:12:terminal:7.1:t2:net:N2,,,,False,ok,0.0,matched_preferred,[],N2,,2,False,CONNECTED_TO,,cathode,"[179, 372]",terminal:12:7.1:t2,net:12:N2,7.1:t2,
,Diode,12,,7.2:anode,edge:12:terminal:7.2:t1:net:N2,,,,False,ok,1.0,matched_preferred,[],N2,,2,False,CONNECTED_TO,,anode,"[179, 422]",terminal:12:7.2:t1,net:12:N2,7.2:t1,
,Diode,12,,7.2:cathode,edge:12:terminal:7.2:t2:net:N7,,,,False,ok,1.0,matched_preferred,[],N7,,7,False,CONNECTED_TO,,cathode,"[179, 492]",terminal:12:7.2:t2,net:12:N7,7.2:t2,
,Mosfet,12,,16.1:G,edge:12:terminal:16.1:t1:net:N1,,,,False,ok,0.0,matched_preferred,[],N1,,1,False,CONNECTED_TO,,G,"[148, 680]",terminal:12:16.1:t1,net:12:N1,16.1:t1,
,Mosfet,12,,16.1:D,edge:12:terminal:16.1:t2:net:N7,,,,False,ok,0.0,matched_preferred,[],N7,,7,False,CONNECTED_TO,,D,"[225, 618]",terminal:12:16.1:t2,net:12:N7,16.1:t2,
,Mosfet,12,,16.1:S,edge:12:terminal:16.1:t3:net:N4,,,,False,ok,0.0,matched_preferred,[],N4,,4,False,CONNECTED_TO,,S,"[225, 745]",terminal:12:16.1:t3,net:12:N4,16.1:t3,
,Current_Source,12,,6.1:current_from,edge:12:terminal:6.1:t1:net:N3,,,,False,ok,2.0,matched_preferred,[],N3,,3,False,CONNECTED_TO,,current_from,"[225, 86]",terminal:12:6.1:t1,net:12:N3,6.1:t1,
,Current_Source,12,,6.1:current_to,edge:12:terminal:6.1:t2:net:N7,,,,False,ok,2.0,matched_preferred,[],N7,,7,False,CONNECTED_TO,,current_to,"[225, 232]",terminal:12:6.1:t2,net:12:N7,6.1:t2,
,Current_Source,12,,6.2:current_from,edge:12:terminal:6.2:t1:net:N4,,,,False,ok,1.0,matched_preferred,[],N4,,4,False,CONNECTED_TO,,current_from,"[295, 813]",terminal:12:6.2:t1,net:12:N4,6.2:t1,
,Current_Source,12,,6.2:current_to,edge:12:terminal:6.2:t2:net:N5,,,,False,ok,1.0,matched_preferred,[],N5,,5,False,CONNECTED_TO,,current_to,"[295, 964]",terminal:12:6.2:t2,net:12:N5,6.2:t2,
,Current_Source,12,,6.3:current_from,edge:12:terminal:6.3:t1:net:N6,,,,False,ok,0.0,matched_preferred,[],N6,,6,False,CONNECTED_TO,,current_from,"[364, 85]",terminal:12:6.3:t1,net:12:N6,6.3:t1,
,Current_Source,12,,6.3:current_to,edge:12:terminal:6.3:t2:net:N7,,,,False,ok,0.0,matched_preferred,[],N7,,7,False,CONNECTED_TO,,current_to,"[364, 232]",terminal:12:6.3:t2,net:12:N7,6.3:t2,
,Mosfet,12,,16.2:G,edge:12:terminal:16.2:t1:net:N8,,,,False,ok,0.0,matched_preferred,[],N8,,8,False,CONNECTED_TO,,G,"[443, 680]",terminal:12:16.2:t1,net:12:N8,16.2:t1,
,Mosfet,12,,16.2:D,edge:12:terminal:16.2:t2:net:N7,,,,False,ok,0.0,matched_preferred,[],N7,,7,False,CONNECTED_TO,,D,"[363, 619]",terminal:12:16.2:t2,net:12:N7,16.2:t2,
,Mosfet,12,,16.2:S,edge:12:terminal:16.2:t3:net:N4,,,,False,ok,0.0,matched_preferred,[],N4,,4,False,CONNECTED_TO,,S,"[363, 743]",terminal:12:16.2:t3,net:12:N4,16.2:t3,
,Diode,12,,7.3:anode,edge:12:terminal:7.3:t1:net:N9,,,,False,ok,0.0,matched_preferred,[],N9,,9,False,CONNECTED_TO,,anode,"[411, 426]",terminal:12:7.3:t1,net:12:N9,7.3:t1,
,Diode,12,,7.3:cathode,edge:12:terminal:7.3:t2:net:N7,,,,False,ok,0.0,matched_preferred,[],N7,,7,False,CONNECTED_TO,,cathode,"[411, 491]",terminal:12:7.3:t2,net:12:N7,7.3:t2,
,Diode,12,,7.4:anode,edge:12:terminal:7.4:t1:net:N7,,,,False,ok,0.0,matched_preferred,[],N7,,7,False,CONNECTED_TO,,anode,"[411, 307]",terminal:12:7.4:t1,net:12:N7,7.4:t1,
,Diode,12,,7.4:cathode,edge:12:terminal:7.4:t2:net:N9,,,,False,ok,0.0,matched_preferred,[],N9,,9,False,CONNECTED_TO,,cathode,"[411, 374]",terminal:12:7.4:t2,net:12:N9,7.4:t2,
,Terminal,12,,26.3:t1,edge:12:terminal:26.3:t1:net:N8,,,,False,ok,0.0,matched_preferred,[],N8,,8,False,CONNECTED_TO,,,"[474, 679]",terminal:12:26.3:t1,net:12:N8,26.3:t1,
,Polarized_Capacitor,12,,20.1:positive,edge:12:terminal:20.1:t1:net:N9,,,,False,ok,1.0,matched_preferred,[],N9,,9,False,CONNECTED_TO,,positive,"[573, 447]",terminal:12:20.1:t1,net:12:N9,20.1:t1,
,Polarized_Capacitor,12,,20.1:negative,edge:12:terminal:20.1:t2:net:N10,,,,False,ok,0.0,matched_preferred,[],N10,,10,False,CONNECTED_TO,,negative,"[574, 520]",terminal:12:20.1:t2,net:12:N10,20.1:t2,
,GND,12,,9.1:t1,edge:12:terminal:9.1:t1:net:N10,,,,False,ok,0.0,matched_preferred,[],N10,,10,False,CONNECTED_TO,,,"[574, 536]",terminal:12:9.1:t1,net:12:N10,9.1:t1,
,Diode,12,,7.5:anode,edge:12:terminal:7.5:t1:net:N7,,,,False,ok,1.0,matched_preferred,[],N7,,7,False,CONNECTED_TO,,anode,"[598, 606]",terminal:12:7.5:t1,net:12:N7,7.5:t1,
,Diode,12,,7.5:cathode,edge:12:terminal:7.5:t2:net:N11,,,,False,ok,1.0,matched_preferred,[],N11,,11,False,CONNECTED_TO,,cathode,"[653, 606]",terminal:12:7.5:t2,net:12:N11,7.5:t2,
,Diode,12,,7.6:cathode,edge:12:terminal:7.6:t1:net:N7,,,,False,ok,3.0,matched_preferred,[],N7,,7,False,CONNECTED_TO,,cathode,"[614, 279]",terminal:12:7.6:t1,net:12:N7,7.6:t1,
,Diode,12,,7.6:anode,edge:12:terminal:7.6:t2:net:N11,,,,False,ok,3.0,matched_preferred,[],N11,,11,False,CONNECTED_TO,,anode,"[677, 279]",terminal:12:7.6:t2,net:12:N11,7.6:t2,
,Operational_Amplifier,12,,19.1:in1,edge:12:terminal:19.1:in1:net:N9,,,,False,ok,5.0,matched_preferred,[],N9,,9,False,CONNECTED_TO,,,"[689, 398]",terminal:12:19.1:in1,net:12:N9,19.1:in1,
,Operational_Amplifier,12,,19.1:in2,edge:12:terminal:19.1:in2:net:N11,,,,False,ok,3.606,matched_preferred,[],N11,,11,False,CONNECTED_TO,,,"[692, 487]",terminal:12:19.1:in2,net:12:N11,19.1:in2,
,Operational_Amplifier,12,,19.1:out,edge:12:terminal:19.1:out:net:N11,,,,False,ok,1.0,matched_preferred,[],N11,,11,False,CONNECTED_TO,,,"[876, 443]",terminal:12:19.1:out,net:12:N11,19.1:out,
,Terminal,12,,26.4:t1,edge:12:terminal:26.4:t1:net:N11,,,,False,ok,0.0,matched_preferred,[],N11,,11,False,CONNECTED_TO,,,"[916, 443]",terminal:12:26.4:t1,net:12:N11,26.4:t1,
Terminal,,2,,,edge:2:diagram_to_component:26.1,,26.1,,,,,,,,,,,HAS_COMPONENT,,,,diagram:2,component:2:26.1,,
GND,,2,,,edge:2:diagram_to_component:9.1,,9.1,,,,,,,,,,,HAS_COMPONENT,,,,diagram:2,component:2:9.1,,
Polarized_Capacitor,,2,,,edge:2:diagram_to_component:20.1,,20.1,,,,,,,,,,,HAS_COMPONENT,,,,diagram:2,component:2:20.1,,
Polarized_Capacitor,,2,,,edge:2:diagram_to_component:20.2,,20.2,,,,,,,,,,,HAS_COMPONENT,,,,diagram:2,component:2:20.2,,
Resistor,,2,,,edge:2:diagram_to_component:22.1,,22.1,,,,,,,,,,,HAS_COMPONENT,,,,diagram:2,component:2:22.1,,
Resistor,,2,,,edge:2:diagram_to_component:22.2,,22.2,,,,,,,,,,,HAS_COMPONENT,,,,diagram:2,component:2:22.2,,
GND,,2,,,edge:2:diagram_to_component:9.2,,9.2,,,,,,,,,,,HAS_COMPONENT,,,,diagram:2,component:2:9.2,,
NPN_Transistor,,2,,,edge:2:diagram_to_component:18.1,,18.1,,,,,,,,,,,HAS_COMPONENT,,,,diagram:2,component:2:18.1,,
Resistor,,2,,,edge:2:diagram_to_component:22.3,,22.3,,,,,,,,,,,HAS_COMPONENT,,,,diagram:2,component:2:22.3,,
Resistor,,2,,,edge:2:diagram_to_component:22.4,,22.4,,,,,,,,,,,HAS_COMPONENT,,,,diagram:2,component:2:22.4,,
Terminal,,2,,,edge:2:diagram_to_component:26.2,,26.2,,,,,,,,,,,HAS_COMPONENT,,,,diagram:2,component:2:26.2,,
GND,,2,,,edge:2:diagram_to_component:9.3,,9.3,,,,,,,,,,,HAS_COMPONENT,,,,diagram:2,component:2:9.3,,
Polarized_Capacitor,,2,,,edge:2:diagram_to_component:20.3,,20.3,,,,,,,,,,,HAS_COMPONENT,,,,diagram:2,component:2:20.3,,
Terminal,,2,,,edge:2:diagram_to_component:26.3,,26.3,,,,,,,,,,,HAS_COMPONENT,,,,diagram:2,component:2:26.3,,
Resistor,,2,,,edge:2:diagram_to_component:22.5,,22.5,,,,,,,,,,,HAS_COMPONENT,,,,diagram:2,component:2:22.5,,
GND,,2,,,edge:2:diagram_to_component:9.4,,9.4,,,,,,,,,,,HAS_COMPONENT,,,,diagram:2,component:2:9.4,,
,,2,,,edge:2:diagram_to_net:N1,,,False,,,,,,N1,,1,,HAS_NET,,,,diagram:2,net:2:N1,,
,,2,,,edge:2:diagram_to_net:N2,,,False,,,,,,N2,,2,,HAS_NET,,,,diagram:2,net:2:N2,,
,,2,,,edge:2:diagram_to_net:N3,,,False,,,,,,N3,,3,,HAS_NET,,,,diagram:2,net:2:N3,,
,,2,,,edge:2:diagram_to_net:N4,,,False,,,,,,N4,,4,,HAS_NET,,,,diagram:2,net:2:N4,,
,,2,,,edge:2:diagram_to_net:N5,,,False,,,,,,N5,,5,,HAS_NET,,,,diagram:2,net:2:N5,,
,,2,,,edge:2:diagram_to_net:N6,,,False,,,,,,N6,,6,,HAS_NET,,,,diagram:2,net:2:N6,,
,,2,,,edge:2:diagram_to_net:N7,,,False,,,,,,N7,,7,,HAS_NET,,,,diagram:2,net:2:N7,,
,,2,t1,26.1:t1,edge:2:component:26.1:terminal:26.1:t1,,26.1,,,,,,,,,,,HAS_TERMINAL,right,,,component:2:26.1,terminal:2:26.1:t1,26.1:t1,t1
,,2,t1,9.1:t1,edge:2:component:9.1:terminal:9.1:t1,,9.1,,,,,,,,,,,HAS_TERMINAL,top,,,component:2:9.1,terminal:2:9.1:t1,9.1:t1,t1
,,2,negative,20.1:negative,edge:2:component:20.1:terminal:20.1:t1,,20.1,,,,,,,,,,,HAS_TERMINAL,left,negative,,component:2:20.1,terminal:2:20.1:t1,20.1:t1,t1
,,2,positive,20.1:positive,edge:2:component:20.1:terminal:20.1:t2,,20.1,,,,,,,,,,,HAS_TERMINAL,right,positive,,component:2:20.1,terminal:2:20.1:t2,20.1:t2,t2
,,2,negative,20.2:negative,edge:2:component:20.2:terminal:20.2:t1,,20.2,,,,,,,,,,,HAS_TERMINAL,left,negative,,component:2:20.2,terminal:2:20.2:t1,20.2:t1,t1
,,2,positive,20.2:positive,edge:2:component:20.2:terminal:20.2:t2,,20.2,,,,,,,,,,,HAS_TERMINAL,right,positive,,component:2:20.2,terminal:2:20.2:t2,20.2:t2,t2
,,2,t1,22.1:t1,edge:2:component:22.1:terminal:22.1:t1,,22.1,,,,,,,,,,,HAS_TERMINAL,top,,,component:2:22.1,terminal:2:22.1:t1,22.1:t1,t1
,,2,t2,22.1:t2,edge:2:component:22.1:terminal:22.1:t2,,22.1,,,,,,,,,,,HAS_TERMINAL,bottom,,,component:2:22.1,terminal:2:22.1:t2,22.1:t2,t2
,,2,t1,22.2:t1,edge:2:component:22.2:terminal:22.2:t1,,22.2,,,,,,,,,,,HAS_TERMINAL,top,,,component:2:22.2,terminal:2:22.2:t1,22.2:t1,t1
,,2,t2,22.2:t2,edge:2:component:22.2:terminal:22.2:t2,,22.2,,,,,,,,,,,HAS_TERMINAL,bottom,,,component:2:22.2,terminal:2:22.2:t2,22.2:t2,t2
,,2,t1,9.2:t1,edge:2:component:9.2:terminal:9.2:t1,,9.2,,,,,,,,,,,HAS_TERMINAL,top,,,component:2:9.2,terminal:2:9.2:t1,9.2:t1,t1
,,2,B,18.1:B,edge:2:component:18.1:terminal:18.1:t1,,18.1,,,,,,,,,,,HAS_TERMINAL,left,B,,component:2:18.1,terminal:2:18.1:t1,18.1:t1,t1
,,2,C,18.1:C,edge:2:component:18.1:terminal:18.1:t2,,18.1,,,,,,,,,,,HAS_TERMINAL,top,C,,component:2:18.1,terminal:2:18.1:t2,18.1:t2,t2
,,2,E,18.1:E,edge:2:component:18.1:terminal:18.1:t3,,18.1,,,,,,,,,,,HAS_TERMINAL,bottom,E,,component:2:18.1,terminal:2:18.1:t3,18.1:t3,t3
,,2,t1,22.3:t1,edge:2:component:22.3:terminal:22.3:t1,,22.3,,,,,,,,,,,HAS_TERMINAL,top,,,component:2:22.3,terminal:2:22.3:t1,22.3:t1,t1
,,2,t2,22.3:t2,edge:2:component:22.3:terminal:22.3:t2,,22.3,,,,,,,,,,,HAS_TERMINAL,bottom,,,component:2:22.3,terminal:2:22.3:t2,22.3:t2,t2
,,2,t1,22.4:t1,edge:2:component:22.4:terminal:22.4:t1,,22.4,,,,,,,,,,,HAS_TERMINAL,top,,,component:2:22.4,terminal:2:22.4:t1,22.4:t1,t1
,,2,t2,22.4:t2,edge:2:component:22.4:terminal:22.4:t2,,22.4,,,,,,,,,,,HAS_TERMINAL,bottom,,,component:2:22.4,terminal:2:22.4:t2,22.4:t2,t2
,,2,t1,26.2:t1,edge:2:component:26.2:terminal:26.2:t1,,26.2,,,,,,,,,,,HAS_TERMINAL,bottom,,,component:2:26.2,terminal:2:26.2:t1,26.2:t1,t1
,,2,t1,9.3:t1,edge:2:component:9.3:terminal:9.3:t1,,9.3,,,,,,,,,,,HAS_TERMINAL,top,,,component:2:9.3,terminal:2:9.3:t1,9.3:t1,t1
,,2,positive,20.3:positive,edge:2:component:20.3:terminal:20.3:t1,,20.3,,,,,,,,,,,HAS_TERMINAL,left,positive,,component:2:20.3,terminal:2:20.3:t1,20.3:t1,t1
,,2,negative,20.3:negative,edge:2:component:20.3:terminal:20.3:t2,,20.3,,,,,,,,,,,HAS_TERMINAL,right,negative,,component:2:20.3,terminal:2:20.3:t2,20.3:t2,t2
,,2,t1,26.3:t1,edge:2:component:26.3:terminal:26.3:t1,,26.3,,,,,,,,,,,HAS_TERMINAL,left,,,component:2:26.3,terminal:2:26.3:t1,26.3:t1,t1
,,2,t2,26.3:t2,edge:2:component:26.3:terminal:26.3:t2,,26.3,,,,,,,,,,,HAS_TERMINAL,right,,,component:2:26.3,terminal:2:26.3:t2,26.3:t2,t2
,,2,t1,22.5:t1,edge:2:component:22.5:terminal:22.5:t1,,22.5,,,,,,,,,,,HAS_TERMINAL,top,,,component:2:22.5,terminal:2:22.5:t1,22.5:t1,t1
,,2,t2,22.5:t2,edge:2:component:22.5:terminal:22.5:t2,,22.5,,,,,,,,,,,HAS_TERMINAL,bottom,,,component:2:22.5,terminal:2:22.5:t2,22.5:t2,t2
,,2,t1,9.4:t1,edge:2:component:9.4:terminal:9.4:t1,,9.4,,,,,,,,,,,HAS_TERMINAL,top,,,component:2:9.4,terminal:2:9.4:t1,9.4:t1,t1
,Terminal,2,,26.1:t1,edge:2:terminal:26.1:t1:net:N1,,,,False,ok,2.0,matched_preferred,[],N1,,1,False,CONNECTED_TO,,,"[137, 771]",terminal:2:26.1:t1,net:2:N1,26.1:t1,
,GND,2,,9.1:t1,edge:2:terminal:9.1:t1:net:N2,,,,False,ok,2.0,matched_preferred,[],N2,,2,False,CONNECTED_TO,,,"[153, 572]",terminal:2:9.1:t1,net:2:N2,9.1:t1,
,Polarized_Capacitor,2,,20.1:negative,edge:2:terminal:20.1:t1:net:N1,,,,False,ok,0.0,matched_preferred,[],N1,,1,False,CONNECTED_TO,,negative,"[226, 771]",terminal:2:20.1:t1,net:2:N1,20.1:t1,
,Polarized_Capacitor,2,,20.1:positive,edge:2:terminal:20.1:t2:net:N2,,,,False,ok,0.0,matched_preferred,[],N2,,2,False,CONNECTED_TO,,positive,"[278, 771]",terminal:2:20.1:t2,net:2:N2,20.1:t2,
,Polarized_Capacitor,2,,20.2:negative,edge:2:terminal:20.2:t1:net:N2,,,,False,ok,1.0,matched_preferred,[],N2,,2,False,CONNECTED_TO,,negative,"[227, 540]",terminal:2:20.2:t1,net:2:N2,20.2:t1,
,Polarized_Capacitor,2,,20.2:positive,edge:2:terminal:20.2:t2:net:N2,,,,False,ok,1.0,matched_preferred,[],N2,,2,False,CONNECTED_TO,,positive,"[278, 540]",terminal:2:20.2:t2,net:2:N2,20.2:t2,
,Resistor,2,,22.1:t1,edge:2:terminal:22.1:t1:net:N2,,,,False,ok,0.0,matched_preferred,[],N2,,2,False,CONNECTED_TO,,,"[365, 800]",terminal:2:22.1:t1,net:2:N2,22.1:t1,
,Resistor,2,,22.1:t2,edge:2:terminal:22.1:t2:net:N3,,,,False,ok,0.0,matched_preferred,[],N3,,3,False,CONNECTED_TO,,,"[365, 927]",terminal:2:22.1:t2,net:2:N3,22.1:t2,
,Resistor,2,,22.2:t1,edge:2:terminal:22.2:t1:net:N4,,,,False,ok,0.0,matched_preferred,[],N4,,4,False,CONNECTED_TO,,,"[365, 291]",terminal:2:22.2:t1,net:2:N4,22.2:t1,
,Resistor,2,,22.2:t2,edge:2:terminal:22.2:t2:net:N2,,,,False,ok,0.0,matched_preferred,[],N2,,2,False,CONNECTED_TO,,,"[365, 420]",terminal:2:22.2:t2,net:2:N2,22.2:t2,
,GND,2,,9.2:t1,edge:2:terminal:9.2:t1:net:N3,,,,False,ok,1.0,matched_preferred,[],N3,,3,False,CONNECTED_TO,,,"[365, 936]",terminal:2:9.2:t1,net:2:N3,9.2:t1,
,NPN_Transistor,2,,18.1:B,edge:2:terminal:18.1:t1:net:N2,,,,False,ok,0.0,matched_preferred,[],N2,,2,False,CONNECTED_TO,,B,"[451, 540]",terminal:2:18.1:t1,net:2:N2,18.1:t1,
,NPN_Transistor,2,,18.1:C,edge:2:terminal:18.1:t2:net:N6,,,,False,ok,0.0,matched_preferred,[],N6,,6,False,CONNECTED_TO,,C,"[540, 467]",terminal:2:18.1:t2,net:2:N6,18.1:t2,
,NPN_Transistor,2,,18.1:E,edge:2:terminal:18.1:t3:net:N2,,,,False,ok,0.0,matched_preferred,[],N2,,2,False,CONNECTED_TO,,E,"[540, 616]",terminal:2:18.1:t3,net:2:N2,18.1:t3,
,Resistor,2,,22.3:t1,edge:2:terminal:22.3:t1:net:N4,,,,False,ok,1.0,matched_preferred,[],N4,,4,False,CONNECTED_TO,,,"[540, 239]",terminal:2:22.3:t1,net:2:N4,22.3:t1,
,Resistor,2,,22.3:t2,edge:2:terminal:22.3:t2:net:N6,,,,False,ok,1.0,matched_preferred,[],N6,,6,False,CONNECTED_TO,,,"[540, 362]",terminal:2:22.3:t2,net:2:N6,22.3:t2,
,Resistor,2,,22.4:t1,edge:2:terminal:22.4:t1:net:N2,,,,False,ok,1.0,matched_preferred,[],N2,,2,False,CONNECTED_TO,,,"[540, 806]",terminal:2:22.4:t1,net:2:N2,22.4:t1,
,Resistor,2,,22.4:t2,edge:2:terminal:22.4:t2:net:N5,,,,False,ok,1.0,matched_preferred,[],N5,,5,False,CONNECTED_TO,,,"[540, 928]",terminal:2:22.4:t2,net:2:N5,22.4:t2,
,Terminal,2,,26.2:t1,edge:2:terminal:26.2:t1:net:N4,,,,False,ok,1.0,matched_preferred,[],N4,,4,False,CONNECTED_TO,,,"[540, 182]",terminal:2:26.2:t1,net:2:N4,26.2:t1,
,GND,2,,9.3:t1,edge:2:terminal:9.3:t1:net:N5,,,,False,ok,2.0,matched_preferred,[],N5,,5,False,CONNECTED_TO,,,"[540, 937]",terminal:2:9.3:t1,net:2:N5,9.3:t1,
,Polarized_Capacitor,2,,20.3:positive,edge:2:terminal:20.3:t1:net:N6,,,,False,ok,0.0,matched_preferred,[],N6,,6,False,CONNECTED_TO,,positive,"[711, 391]",terminal:2:20.3:t1,net:2:N6,20.3:t1,
,Polarized_Capacitor,2,,20.3:negative,edge:2:terminal:20.3:t2:net:N6,,,,False,ok,0.0,matched_preferred,[],N6,,6,False,CONNECTED_TO,,negative,"[762, 391]",terminal:2:20.3:t2,net:2:N6,20.3:t2,
,Terminal,2,,26.3:t1,edge:2:terminal:26.3:t1:net:N6,,,,False,ok,1.0,matched_preferred,[],N6,,6,False,CONNECTED_TO,,,"[797, 391]",terminal:2:26.3:t1,net:2:N6,26.3:t1,
,Terminal,2,,26.3:t2,edge:2:terminal:26.3:t2:net:N6,,,,False,ok,1.0,matched_preferred,[],N6,,6,False,CONNECTED_TO,,,"[830, 391]",terminal:2:26.3:t2,net:2:N6,26.3:t2,
,Resistor,2,,22.5:t1,edge:2:terminal:22.5:t1:net:N6,,,,False,ok,0.0,matched_preferred,[],N6,,6,False,CONNECTED_TO,,,"[869, 560]",terminal:2:22.5:t1,net:2:N6,22.5:t1,
,Resistor,2,,22.5:t2,edge:2:terminal:22.5:t2:net:N7,,,,False,ok,0.0,matched_preferred,[],N7,,7,False,CONNECTED_TO,,,"[869, 685]",terminal:2:22.5:t2,net:2:N7,22.5:t2,
,GND,2,,9.4:t1,edge:2:terminal:9.4:t1:net:N7,,,,False,ok,1.0,matched_preferred,[],N7,,7,False,CONNECTED_TO,,,"[869, 711]",terminal:2:9.4:t1,net:2:N7,9.4:t1,
Voltage_Source,,3,,,edge:3:diagram_to_component:31.1,,31.1,,,,,,,,,,,HAS_COMPONENT,,,,diagram:3,component:3:31.1,,
Voltage_Source,,3,,,edge:3:diagram_to_component:31.2,,31.2,,,,,,,,,,,HAS_COMPONENT,,,,diagram:3,component:3:31.2,,
Inductor,,3,,,edge:3:diagram_to_component:10.1,,10.1,,,,,,,,,,,HAS_COMPONENT,,,,diagram:3,component:3:10.1,,
Inductor,,3,,,edge:3:diagram_to_component:10.2,,10.2,,,,,,,,,,,HAS_COMPONENT,,,,diagram:3,component:3:10.2,,
Current_Source,,3,,,edge:3:diagram_to_component:6.1,,6.1,,,,,,,,,,,HAS_COMPONENT,,,,diagram:3,component:3:6.1,,
Current_Source,,3,,,edge:3:diagram_to_component:6.2,,6.2,,,,,,,,,,,HAS_COMPONENT,,,,diagram:3,component:3:6.2,,
Capacitor,,3,,,edge:3:diagram_to_component:4.1,,4.1,,,,,,,,,,,HAS_COMPONENT,,,,diagram:3,component:3:4.1,,
Voltage_Source,,3,,,edge:3:diagram_to_component:31.3,,31.3,,,,,,,,,,,HAS_COMPONENT,,,,diagram:3,component:3:31.3,,
Voltage_Source,,3,,,edge:3:diagram_to_component:31.4,,31.4,,,,,,,,,,,HAS_COMPONENT,,,,diagram:3,component:3:31.4,,
,,3,,,edge:3:diagram_to_net:N1,,,False,,,,,,N1,,1,,HAS_NET,,,,diagram:3,net:3:N1,,
,,3,,,edge:3:diagram_to_net:N2,,,False,,,,,,N2,,2,,HAS_NET,,,,diagram:3,net:3:N2,,
,,3,,,edge:3:diagram_to_net:N3,,,False,,,,,,N3,,3,,HAS_NET,,,,diagram:3,net:3:N3,,
,,3,,,edge:3:diagram_to_net:N4,,,False,,,,,,N4,,4,,HAS_NET,,,,diagram:3,net:3:N4,,
,,3,,,edge:3:diagram_to_net:N5,,,False,,,,,,N5,,5,,HAS_NET,,,,diagram:3,net:3:N5,,
,,3,,,edge:3:diagram_to_net:N6,,,False,,,,,,N6,,6,,HAS_NET,,,,diagram:3,net:3:N6,,
,,3,positive,31.1:positive,edge:3:component:31.1:terminal:31.1:t1,,31.1,,,,,,,,,,,HAS_TERMINAL,top,positive,,component:3:31.1,terminal:3:31.1:t1,31.1:t1,t1
,,3,negative,31.1:negative,edge:3:component:31.1:terminal:31.1:t2,,31.1,,,,,,,,,,,HAS_TERMINAL,bottom,negative,,component:3:31.1,terminal:3:31.1:t2,31.1:t2,t2
,,3,positive,31.2:positive,edge:3:component:31.2:terminal:31.2:t1,,31.2,,,,,,,,,,,HAS_TERMINAL,top,positive,,component:3:31.2,terminal:3:31.2:t1,31.2:t1,t1
,,3,negative,31.2:negative,edge:3:component:31.2:terminal:31.2:t2,,31.2,,,,,,,,,,,HAS_TERMINAL,bottom,negative,,component:3:31.2,terminal:3:31.2:t2,31.2:t2,t2
,,3,t1,10.1:t1,edge:3:component:10.1:terminal:10.1:t1,,10.1,,,,,,,,,,,HAS_TERMINAL,left,,,component:3:10.1,terminal:3:10.1:t1,10.1:t1,t1
,,3,t2,10.1:t2,edge:3:component:10.1:terminal:10.1:t2,,10.1,,,,,,,,,,,HAS_TERMINAL,right,,,component:3:10.1,terminal:3:10.1:t2,10.1:t2,t2
,,3,t1,10.2:t1,edge:3:component:10.2:terminal:10.2:t1,,10.2,,,,,,,,,,,HAS_TERMINAL,left,,,component:3:10.2,terminal:3:10.2:t1,10.2:t1,t1
,,3,t2,10.2:t2,edge:3:component:10.2:terminal:10.2:t2,,10.2,,,,,,,,,,,HAS_TERMINAL,right,,,component:3:10.2,terminal:3:10.2:t2,10.2:t2,t2
,,3,current_from,6.1:current_from,edge:3:component:6.1:terminal:6.1:t1,,6.1,,,,,,,,,,,HAS_TERMINAL,left,current_from,,component:3:6.1,terminal:3:6.1:t1,6.1:t1,t1
,,3,current_to,6.1:current_to,edge:3:component:6.1:terminal:6.1:t2,,6.1,,,,,,,,,,,HAS_TERMINAL,right,current_to,,component:3:6.1,terminal:3:6.1:t2,6.1:t2,t2
,,3,current_from,6.2:current_from,edge:3:component:6.2:terminal:6.2:t1,,6.2,,,,,,,,,,,HAS_TERMINAL,left,current_from,,component:3:6.2,terminal:3:6.2:t1,6.2:t1,t1
,,3,current_to,6.2:current_to,edge:3:component:6.2:terminal:6.2:t2,,6.2,,,,,,,,,,,HAS_TERMINAL,right,current_to,,component:3:6.2,terminal:3:6.2:t2,6.2:t2,t2
,,3,t1,4.1:t1,edge:3:component:4.1:terminal:4.1:t1,,4.1,,,,,,,,,,,HAS_TERMINAL,top,,,component:3:4.1,terminal:3:4.1:t1,4.1:t1,t1
,,3,t2,4.1:t2,edge:3:component:4.1:terminal:4.1:t2,,4.1,,,,,,,,,,,HAS_TERMINAL,bottom,,,component:3:4.1,terminal:3:4.1:t2,4.1:t2,t2
,,3,positive,31.3:positive,edge:3:component:31.3:terminal:31.3:t1,,31.3,,,,,,,,,,,HAS_TERMINAL,top,positive,,component:3:31.3,terminal:3:31.3:t1,31.3:t1,t1
,,3,negative,31.3:negative,edge:3:component:31.3:terminal:31.3:t2,,31.3,,,,,,,,,,,HAS_TERMINAL,bottom,negative,,component:3:31.3,terminal:3:31.3:t2,31.3:t2,t2
,,3,positive,31.4:positive,edge:3:component:31.4:terminal:31.4:t1,,31.4,,,,,,,,,,,HAS_TERMINAL,top,positive,,component:3:31.4,terminal:3:31.4:t1,31.4:t1,t1
,,3,negative,31.4:negative,edge:3:component:31.4:terminal:31.4:t2,,31.4,,,,,,,,,,,HAS_TERMINAL,bottom,negative,,component:3:31.4,terminal:3:31.4:t2,31.4:t2,t2
,Voltage_Source,3,,31.1:positive,edge:3:terminal:31.1:t1:net:N1,,,,False,ok,1.0,matched_preferred,[],N1,,1,False,CONNECTED_TO,,positive,"[132, 713]",terminal:3:31.1:t1,net:3:N1,31.1:t1,
,Voltage_Source,3,,31.1:negative,edge:3:terminal:31.1:t2:net:N3,,,,False,ok,1.0,matched_preferred,[],N3,,3,False,CONNECTED_TO,,negative,"[132, 875]",terminal:3:31.1:t2,net:3:N3,31.1:t2,
,Voltage_Source,3,,31.2:positive,edge:3:terminal:31.2:t1:net:N2,,,,False,ok,1.0,matched_preferred,[],N2,,2,False,CONNECTED_TO,,positive,"[332, 705]",terminal:3:31.2:t1,net:3:N2,31.2:t1,
,Voltage_Source,3,,31.2:negative,edge:3:terminal:31.2:t2:net:N3,,,,False,ok,1.0,matched_preferred,[],N3,,3,False,CONNECTED_TO,,negative,"[332, 862]",terminal:3:31.2:t2,net:3:N3,31.2:t2,
,Inductor,3,,10.1:t1,edge:3:terminal:10.1:t1:net:N2,,,,False,ok,0.0,matched_preferred,[],N2,,2,False,CONNECTED_TO,,,"[506, 574]",terminal:3:10.1:t1,net:3:N2,10.1:t1,
,Inductor,3,,10.1:t2,edge:3:terminal:10.1:t2:net:N5,,,,False,ok,0.0,matched_preferred,[],N5,,5,False,CONNECTED_TO,,,"[708, 577]",terminal:3:10.1:t2,net:3:N5,10.1:t2,
,Inductor,3,,10.2:t1,edge:3:terminal:10.2:t1:net:N1,,,,False,ok,1.0,matched_preferred,[],N1,,1,False,CONNECTED_TO,,,"[507, 158]",terminal:3:10.2:t1,net:3:N1,10.2:t1,
,Inductor,3,,10.2:t2,edge:3:terminal:10.2:t2:net:N4,,,,False,ok,0.0,matched_preferred,[],N4,,4,False,CONNECTED_TO,,,"[709, 160]",terminal:3:10.2:t2,net:3:N4,10.2:t2,
,Current_Source,3,,6.1:current_from,edge:3:terminal:6.1:t1:net:N2,,,,False,ok,0.0,matched_preferred,[],N2,,2,False,CONNECTED_TO,,current_from,"[560, 714]",terminal:3:6.1:t1,net:3:N2,6.1:t1,
,Current_Source,3,,6.1:current_to,edge:3:terminal:6.1:t2:net:N5,,,,False,ok,0.0,matched_preferred,[],N5,,5,False,CONNECTED_TO,,current_to,"[658, 714]",terminal:3:6.1:t2,net:3:N5,6.1:t2,
,Current_Source,3,,6.2:current_from,edge:3:terminal:6.2:t1:net:N1,,,,False,ok,1.0,matched_preferred,[],N1,,1,False,CONNECTED_TO,,current_from,"[561, 297]",terminal:3:6.2:t1,net:3:N1,6.2:t1,
,Current_Source,3,,6.2:current_to,edge:3:terminal:6.2:t2:net:N4,,,,False,ok,1.0,matched_preferred,[],N4,,4,False,CONNECTED_TO,,current_to,"[658, 297]",terminal:3:6.2:t2,net:3:N4,6.2:t2,
,Capacitor,3,,4.1:t1,edge:3:terminal:4.1:t1:net:N4,,,,False,ok,0.0,matched_preferred,[],N4,,4,False,CONNECTED_TO,,,"[881, 212]",terminal:3:4.1:t1,net:3:N4,4.1:t1,
,Capacitor,3,,4.1:t2,edge:3:terminal:4.1:t2:net:N6,,,,False,ok,0.0,matched_preferred,[],N6,,6,False,CONNECTED_TO,,,"[881, 308]",terminal:3:4.1:t2,net:3:N6,4.1:t2,
,Voltage_Source,3,,31.3:positive,edge:3:terminal:31.3:t1:net:N5,,,,False,ok,1.0,matched_preferred,[],N5,,5,False,CONNECTED_TO,,positive,"[881, 703]",terminal:3:31.3:t1,net:3:N5,31.3:t1,
,Voltage_Source,3,,31.3:negative,edge:3:terminal:31.3:t2:net:N3,,,,False,ok,1.0,matched_preferred,[],N3,,3,False,CONNECTED_TO,,negative,"[881, 863]",terminal:3:31.3:t2,net:3:N3,31.3:t2,
,Voltage_Source,3,,31.4:positive,edge:3:terminal:31.4:t1:net:N6,,,,False,ok,1.0,matched_preferred,[],N6,,6,False,CONNECTED_TO,,positive,"[881, 351]",terminal:3:31.4:t1,net:3:N6,31.4:t1,
,Voltage_Source,3,,31.4:negative,edge:3:terminal:31.4:t2:net:N5,,,,False,ok,1.0,matched_preferred,[],N5,,5,False,CONNECTED_TO,,negative,"[881, 510]",terminal:3:31.4:t2,net:3:N5,31.4:t2,
Terminal,,4,,,edge:4:diagram_to_component:26.1,,26.1,,,,,,,,,,,HAS_COMPONENT,,,,diagram:4,component:4:26.1,,
Terminal,,4,,,edge:4:diagram_to_component:26.2,,26.2,,,,,,,,,,,HAS_COMPONENT,,,,diagram:4,component:4:26.2,,
GND,,4,,,edge:4:diagram_to_component:9.1,,9.1,,,,,,,,,,,HAS_COMPONENT,,,,diagram:4,component:4:9.1,,
Current_Source,,4,,,edge:4:diagram_to_component:6.1,,6.1,,,,,,,,,,,HAS_COMPONENT,,,,diagram:4,component:4:6.1,,
Diode,,4,,,edge:4:diagram_to_component:7.1,,7.1,,,,,,,,,,,HAS_COMPONENT,,,,diagram:4,component:4:7.1,,
Diode,,4,,,edge:4:diagram_to_component:7.2,,7.2,,,,,,,,,,,HAS_COMPONENT,,,,diagram:4,component:4:7.2,,
NPN_Transistor,,4,,,edge:4:diagram_to_component:18.1,,18.1,,,,,,,,,,,HAS_COMPONENT,,,,diagram:4,component:4:18.1,,
NPN_Transistor,,4,,,edge:4:diagram_to_component:18.2,,18.2,,,,,,,,,,,HAS_COMPONENT,,,,diagram:4,component:4:18.2,,
Resistor,,4,,,edge:4:diagram_to_component:22.1,,22.1,,,,,,,,,,,HAS_COMPONENT,,,,diagram:4,component:4:22.1,,
GND,,4,,,edge:4:diagram_to_component:9.2,,9.2,,,,,,,,,,,HAS_COMPONENT,,,,diagram:4,component:4:9.2,,
,,4,,,edge:4:diagram_to_net:N1,,,False,,,,,,N1,,1,,HAS_NET,,,,diagram:4,net:4:N1,,
,,4,,,edge:4:diagram_to_net:N2,,,False,,,,,,N2,,2,,HAS_NET,,,,diagram:4,net:4:N2,,
,,4,,,edge:4:diagram_to_net:N3,,,False,,,,,,N3,,3,,HAS_NET,,,,diagram:4,net:4:N3,,
,,4,,,edge:4:diagram_to_net:N4,,,False,,,,,,N4,,4,,HAS_NET,,,,diagram:4,net:4:N4,,
,,4,,,edge:4:diagram_to_net:N5,,,False,,,,,,N5,,5,,HAS_NET,,,,diagram:4,net:4:N5,,
,,4,,,edge:4:diagram_to_net:N6,,,False,,,,,,N6,,6,,HAS_NET,,,,diagram:4,net:4:N6,,
,,4,,,edge:4:diagram_to_net:N7,,,False,,,,,,N7,,7,,HAS_NET,,,,diagram:4,net:4:N7,,
,,4,,,edge:4:diagram_to_net:N8,,,False,,,,,,N8,,8,,HAS_NET,,,,diagram:4,net:4:N8,,
,,4,t1,26.1:t1,edge:4:component:26.1:terminal:26.1:t1,,26.1,,,,,,,,,,,HAS_TERMINAL,bottom,,,component:4:26.1,terminal:4:26.1:t1,26.1:t1,t1
,,4,t1,26.2:t1,edge:4:component:26.2:terminal:26.2:t1,,26.2,,,,,,,,,,,HAS_TERMINAL,right,,,component:4:26.2,terminal:4:26.2:t1,26.2:t1,t1
,,4,t1,9.1:t1,edge:4:component:9.1:terminal:9.1:t1,,9.1,,,,,,,,,,,HAS_TERMINAL,top,,,component:4:9.1,terminal:4:9.1:t1,9.1:t1,t1
,,4,current_from,6.1:current_from,edge:4:component:6.1:terminal:6.1:t1,,6.1,,,,,,,,,,,HAS_TERMINAL,top,current_from,,component:4:6.1,terminal:4:6.1:t1,6.1:t1,t1
,,4,current_to,6.1:current_to,edge:4:component:6.1:terminal:6.1:t2,,6.1,,,,,,,,,,,HAS_TERMINAL,bottom,current_to,,component:4:6.1,terminal:4:6.1:t2,6.1:t2,t2
,,4,anode,7.1:anode,edge:4:component:7.1:terminal:7.1:t1,,7.1,,,,,,,,,,,HAS_TERMINAL,top,anode,,component:4:7.1,terminal:4:7.1:t1,7.1:t1,t1
,,4,cathode,7.1:cathode,edge:4:component:7.1:terminal:7.1:t2,,7.1,,,,,,,,,,,HAS_TERMINAL,bottom,cathode,,component:4:7.1,terminal:4:7.1:t2,7.1:t2,t2
,,4,anode,7.2:anode,edge:4:component:7.2:terminal:7.2:t1,,7.2,,,,,,,,,,,HAS_TERMINAL,top,anode,,component:4:7.2,terminal:4:7.2:t1,7.2:t1,t1
,,4,cathode,7.2:cathode,edge:4:component:7.2:terminal:7.2:t2,,7.2,,,,,,,,,,,HAS_TERMINAL,bottom,cathode,,component:4:7.2,terminal:4:7.2:t2,7.2:t2,t2
,,4,B,18.1:B,edge:4:component:18.1:terminal:18.1:t1,,18.1,,,,,,,,,,,HAS_TERMINAL,left,B,,component:4:18.1,terminal:4:18.1:t1,18.1:t1,t1
,,4,E,18.1:E,edge:4:component:18.1:terminal:18.1:t2,,18.1,,,,,,,,,,,HAS_TERMINAL,top,E,,component:4:18.1,terminal:4:18.1:t2,18.1:t2,t2
,,4,C,18.1:C,edge:4:component:18.1:terminal:18.1:t3,,18.1,,,,,,,,,,,HAS_TERMINAL,bottom,C,,component:4:18.1,terminal:4:18.1:t3,18.1:t3,t3
,,4,B,18.2:B,edge:4:component:18.2:terminal:18.2:t1,,18.2,,,,,,,,,,,HAS_TERMINAL,left,B,,component:4:18.2,terminal:4:18.2:t1,18.2:t1,t1
,,4,C,18.2:C,edge:4:component:18.2:terminal:18.2:t2,,18.2,,,,,,,,,,,HAS_TERMINAL,top,C,,component:4:18.2,terminal:4:18.2:t2,18.2:t2,t2
,,4,E,18.2:E,edge:4:component:18.2:terminal:18.2:t3,,18.2,,,,,,,,,,,HAS_TERMINAL,bottom,E,,component:4:18.2,terminal:4:18.2:t3,18.2:t3,t3
,,4,t1,22.1:t1,edge:4:component:22.1:terminal:22.1:t1,,22.1,,,,,,,,,,,HAS_TERMINAL,top,,,component:4:22.1,terminal:4:22.1:t1,22.1:t1,t1
,,4,t2,22.1:t2,edge:4:component:22.1:terminal:22.1:t2,,22.1,,,,,,,,,,,HAS_TERMINAL,bottom,,,component:4:22.1,terminal:4:22.1:t2,22.1:t2,t2
,,4,t1,9.2:t1,edge:4:component:9.2:terminal:9.2:t1,,9.2,,,,,,,,,,,HAS_TERMINAL,top,,,component:4:9.2,terminal:4:9.2:t1,9.2:t1,t1
,Terminal,4,,26.1:t1,edge:4:terminal:26.1:t1:net:N1,,,,False,ok,0.0,matched_preferred,[],N1,,1,False,CONNECTED_TO,,,"[73, 806]",terminal:4:26.1:t1,net:4:N1,26.1:t1,
,Terminal,4,,26.2:t1,edge:4:terminal:26.2:t1:net:N2,,,,False,ok,0.0,matched_preferred,[],N2,,2,False,CONNECTED_TO,,,"[97, 703]",terminal:4:26.2:t1,net:4:N2,26.2:t1,
,GND,4,,9.1:t1,edge:4:terminal:9.1:t1:net:N1,,,,False,ok,3.0,matched_preferred,[],N1,,1,False,CONNECTED_TO,,,"[73, 830]",terminal:4:9.1:t1,net:4:N1,9.1:t1,
,Current_Source,4,,6.1:current_from,edge:4:terminal:6.1:t1:net:N6,,,,False,ok,0.0,matched_preferred,[],N6,,6,False,CONNECTED_TO,,current_from,"[251, 162]",terminal:4:6.1:t1,net:4:N6,6.1:t1,
,Current_Source,4,,6.1:current_to,edge:4:terminal:6.1:t2:net:N4,,,,False,ok,0.0,matched_preferred,[],N4,,4,False,CONNECTED_TO,,current_to,"[251, 263]",terminal:4:6.1:t2,net:4:N4,6.1:t2,
,Diode,4,,7.1:anode,edge:4:terminal:7.1:t1:net:N4,,,,False,ok,1.0,matched_preferred,[],N4,,4,False,CONNECTED_TO,,anode,"[251, 408]",terminal:4:7.1:t1,net:4:N4,7.1:t1,
,Diode,4,,7.1:cathode,edge:4:terminal:7.1:t2:net:N3,,,,False,ok,1.0,matched_preferred,[],N3,,3,False,CONNECTED_TO,,cathode,"[251, 482]",terminal:4:7.1:t2,net:4:N3,7.1:t2,
,Diode,4,,7.2:anode,edge:4:terminal:7.2:t1:net:N3,,,,False,ok,1.0,matched_preferred,[],N3,,3,False,CONNECTED_TO,,anode,"[251, 528]",terminal:4:7.2:t1,net:4:N3,7.2:t1,
,Diode,4,,7.2:cathode,edge:4:terminal:7.2:t2:net:N2,,,,False,ok,1.0,matched_preferred,[],N2,,2,False,CONNECTED_TO,,cathode,"[251, 601]",terminal:4:7.2:t2,net:4:N2,7.2:t2,
,NPN_Transistor,4,,18.1:B,edge:4:terminal:18.1:t1:net:N2,,,,False,ok,0.0,matched_preferred,[],N2,,2,False,CONNECTED_TO,,B,"[400, 703]",terminal:4:18.1:t1,net:4:N2,18.1:t1,
,NPN_Transistor,4,,18.1:E,edge:4:terminal:18.1:t2:net:N7,,,,False,ok,0.0,matched_preferred,[],N7,,7,False,CONNECTED_TO,,E,"[499, 613]",terminal:4:18.1:t2,net:4:N7,18.1:t2,
,NPN_Transistor,4,,18.1:C,edge:4:terminal:18.1:t3:net:N5,,,,False,ok,0.0,matched_preferred,[],N5,,5,False,CONNECTED_TO,,C,"[499, 797]",terminal:4:18.1:t3,net:4:N5,18.1:t3,
,NPN_Transistor,4,,18.2:B,edge:4:terminal:18.2:t1:net:N4,,,,False,ok,1.0,matched_preferred,[],N4,,4,False,CONNECTED_TO,,B,"[402, 329]",terminal:4:18.2:t1,net:4:N4,18.2:t1,
,NPN_Transistor,4,,18.2:C,edge:4:terminal:18.2:t2:net:N6,,,,False,ok,0.0,matched_preferred,[],N6,,6,False,CONNECTED_TO,,C,"[499, 238]",terminal:4:18.2:t2,net:4:N6,18.2:t2,
,NPN_Transistor,4,,18.2:E,edge:4:terminal:18.2:t3:net:N7,,,,False,ok,0.0,matched_preferred,[],N7,,7,False,CONNECTED_TO,,E,"[499, 421]",terminal:4:18.2:t3,net:4:N7,18.2:t3,
,Resistor,4,,22.1:t1,edge:4:terminal:22.1:t1:net:N7,,,,False,ok,2.0,matched_preferred,[],N7,,7,False,CONNECTED_TO,,,"[912, 581]",terminal:4:22.1:t1,net:4:N7,22.1:t1,
,Resistor,4,,22.1:t2,edge:4:terminal:22.1:t2:net:N8,,,,False,ok,2.0,matched_preferred,[],N8,,8,False,CONNECTED_TO,,,"[912, 701]",terminal:4:22.1:t2,net:4:N8,22.1:t2,
,GND,4,,9.2:t1,edge:4:terminal:9.2:t1:net:N8,,,,False,ok,3.0,matched_preferred,[],N8,,8,False,CONNECTED_TO,,,"[912, 765]",terminal:4:9.2:t1,net:4:N8,9.2:t1,
LED,,5,,,edge:5:diagram_to_component:12.1,,12.1,,,,,,,,,,,HAS_COMPONENT,,,,diagram:5,component:5:12.1,,
Resistor,,5,,,edge:5:diagram_to_component:22.1,,22.1,,,,,,,,,,,HAS_COMPONENT,,,,diagram:5,component:5:22.1,,
NPN_Transistor,,5,,,edge:5:diagram_to_component:18.1,,18.1,,,,,,,,,,,HAS_COMPONENT,,,,diagram:5,component:5:18.1,,
Resistor,,5,,,edge:5:diagram_to_component:22.2,,22.2,,,,,,,,,,,HAS_COMPONENT,,,,diagram:5,component:5:22.2,,
Polarized_Capacitor,,5,,,edge:5:diagram_to_component:20.1,,20.1,,,,,,,,,,,HAS_COMPONENT,,,,diagram:5,component:5:20.1,,
GND,,5,,,edge:5:diagram_to_component:9.1,,9.1,,,,,,,,,,,HAS_COMPONENT,,,,diagram:5,component:5:9.1,,
Polarized_Capacitor,,5,,,edge:5:diagram_to_component:20.2,,20.2,,,,,,,,,,,HAS_COMPONENT,,,,diagram:5,component:5:20.2,,
Resistor,,5,,,edge:5:diagram_to_component:22.3,,22.3,,,,,,,,,,,HAS_COMPONENT,,,,diagram:5,component:5:22.3,,
NPN_Transistor,,5,,,edge:5:diagram_to_component:18.2,,18.2,,,,,,,,,,,HAS_COMPONENT,,,,diagram:5,component:5:18.2,,
Resistor,,5,,,edge:5:diagram_to_component:22.4,,22.4,,,,,,,,,,,HAS_COMPONENT,,,,diagram:5,component:5:22.4,,
LED,,5,,,edge:5:diagram_to_component:12.2,,12.2,,,,,,,,,,,HAS_COMPONENT,,,,diagram:5,component:5:12.2,,
,,5,,,edge:5:diagram_to_net:N1,,,False,,,,,,N1,,1,,HAS_NET,,,,diagram:5,net:5:N1,,
,,5,,,edge:5:diagram_to_net:N2,,,False,,,,,,N2,,2,,HAS_NET,,,,diagram:5,net:5:N2,,
,,5,,,edge:5:diagram_to_net:N3,,,False,,,,,,N3,,3,,HAS_NET,,,,diagram:5,net:5:N3,,
,,5,,,edge:5:diagram_to_net:N4,,,False,,,,,,N4,,4,,HAS_NET,,,,diagram:5,net:5:N4,,
,,5,,,edge:5:diagram_to_net:N5,,,False,,,,,,N5,,5,,HAS_NET,,,,diagram:5,net:5:N5,,
,,5,,,edge:5:diagram_to_net:N6,,,False,,,,,,N6,,6,,HAS_NET,,,,diagram:5,net:5:N6,,
,,5,anode,12.1:anode,edge:5:component:12.1:terminal:12.1:t1,,12.1,,,,,,,,,,,HAS_TERMINAL,top,anode,,component:5:12.1,terminal:5:12.1:t1,12.1:t1,t1
,,5,cathode,12.1:cathode,edge:5:component:12.1:terminal:12.1:t2,,12.1,,,,,,,,,,,HAS_TERMINAL,bottom,cathode,,component:5:12.1,terminal:5:12.1:t2,12.1:t2,t2
,,5,t1,22.1:t1,edge:5:component:22.1:terminal:22.1:t1,,22.1,,,,,,,,,,,HAS_TERMINAL,top,,,component:5:22.1,terminal:5:22.1:t1,22.1:t1,t1
,,5,t2,22.1:t2,edge:5:component:22.1:terminal:22.1:t2,,22.1,,,,,,,,,,,HAS_TERMINAL,bottom,,,component:5:22.1,terminal:5:22.1:t2,22.1:t2,t2
,,5,B,18.1:B,edge:5:component:18.1:terminal:18.1:t1,,18.1,,,,,,,,,,,HAS_TERMINAL,right,B,,component:5:18.1,terminal:5:18.1:t1,18.1:t1,t1
,,5,C,18.1:C,edge:5:component:18.1:terminal:18.1:t2,,18.1,,,,,,,,,,,HAS_TERMINAL,top,C,,component:5:18.1,terminal:5:18.1:t2,18.1:t2,t2
,,5,E,18.1:E,edge:5:component:18.1:terminal:18.1:t3,,18.1,,,,,,,,,,,HAS_TERMINAL,bottom,E,,component:5:18.1,terminal:5:18.1:t3,18.1:t3,t3
,,5,t1,22.2:t1,edge:5:component:22.2:terminal:22.2:t1,,22.2,,,,,,,,,,,HAS_TERMINAL,top,,,component:5:22.2,terminal:5:22.2:t1,22.2:t1,t1
,,5,t2,22.2:t2,edge:5:component:22.2:terminal:22.2:t2,,22.2,,,,,,,,,,,HAS_TERMINAL,bottom,,,component:5:22.2,terminal:5:22.2:t2,22.2:t2,t2
,,5,positive,20.1:positive,edge:5:component:20.1:terminal:20.1:t1,,20.1,,,,,,,,,,,HAS_TERMINAL,left,positive,,component:5:20.1,terminal:5:20.1:t1,20.1:t1,t1
,,5,negative,20.1:negative,edge:5:component:20.1:terminal:20.1:t2,,20.1,,,,,,,,,,,HAS_TERMINAL,right,negative,,component:5:20.1,terminal:5:20.1:t2,20.1:t2,t2
,,5,t1,9.1:t1,edge:5:component:9.1:terminal:9.1:t1,,9.1,,,,,,,,,,,HAS_TERMINAL,top,,,component:5:9.1,terminal:5:9.1:t1,9.1:t1,t1
,,5,negative,20.2:negative,edge:5:component:20.2:terminal:20.2:t1,,20.2,,,,,,,,,,,HAS_TERMINAL,left,negative,,component:5:20.2,terminal:5:20.2:t1,20.2:t1,t1
,,5,positive,20.2:positive,edge:5:component:20.2:terminal:20.2:t2,,20.2,,,,,,,,,,,HAS_TERMINAL,right,positive,,component:5:20.2,terminal:5:20.2:t2,20.2:t2,t2
,,5,t1,22.3:t1,edge:5:component:22.3:terminal:22.3:t1,,22.3,,,,,,,,,,,HAS_TERMINAL,top,,,component:5:22.3,terminal:5:22.3:t1,22.3:t1,t1
,,5,t2,22.3:t2,edge:5:component:22.3:terminal:22.3:t2,,22.3,,,,,,,,,,,HAS_TERMINAL,bottom,,,component:5:22.3,terminal:5:22.3:t2,22.3:t2,t2
,,5,B,18.2:B,edge:5:component:18.2:terminal:18.2:t1,,18.2,,,,,,,,,,,HAS_TERMINAL,left,B,,component:5:18.2,terminal:5:18.2:t1,18.2:t1,t1
,,5,C,18.2:C,edge:5:component:18.2:terminal:18.2:t2,,18.2,,,,,,,,,,,HAS_TERMINAL,top,C,,component:5:18.2,terminal:5:18.2:t2,18.2:t2,t2
,,5,E,18.2:E,edge:5:component:18.2:terminal:18.2:t3,,18.2,,,,,,,,,,,HAS_TERMINAL,bottom,E,,component:5:18.2,terminal:5:18.2:t3,18.2:t3,t3
,,5,t1,22.4:t1,edge:5:component:22.4:terminal:22.4:t1,,22.4,,,,,,,,,,,HAS_TERMINAL,top,,,component:5:22.4,terminal:5:22.4:t1,22.4:t1,t1
,,5,t2,22.4:t2,edge:5:component:22.4:terminal:22.4:t2,,22.4,,,,,,,,,,,HAS_TERMINAL,bottom,,,component:5:22.4,terminal:5:22.4:t2,22.4:t2,t2
,,5,anode,12.2:anode,edge:5:component:12.2:terminal:12.2:t1,,12.2,,,,,,,,,,,HAS_TERMINAL,top,anode,,component:5:12.2,terminal:5:12.2:t1,12.2:t1,t1
,,5,cathode,12.2:cathode,edge:5:component:12.2:terminal:12.2:t2,,12.2,,,,,,,,,,,HAS_TERMINAL,bottom,cathode,,component:5:12.2,terminal:5:12.2:t2,12.2:t2,t2
,LED,5,,12.1:anode,edge:5:terminal:12.1:t1:net:N3,,,,False,ok,1.0,matched_preferred,[],N3,,3,False,CONNECTED_TO,,anode,"[114, 167]",terminal:5:12.1:t1,net:5:N3,12.1:t1,
,LED,5,,12.1:cathode,edge:5:terminal:12.1:t2:net:N1,,,,False,ok,1.0,matched_preferred,[],N1,,1,False,CONNECTED_TO,,cathode,"[114, 283]",terminal:5:12.1:t2,net:5:N1,12.1:t2,
,Resistor,5,,22.1:t1,edge:5:terminal:22.1:t1:net:N1,,,,False,ok,0.0,matched_preferred,[],N1,,1,False,CONNECTED_TO,,,"[114, 306]",terminal:5:22.1:t1,net:5:N1,22.1:t1,
,Resistor,5,,22.1:t2,edge:5:terminal:22.1:t2:net:N2,,,,False,ok,0.0,matched_preferred,[],N2,,2,False,CONNECTED_TO,,,"[114, 441]",terminal:5:22.1:t2,net:5:N2,22.1:t2,
,NPN_Transistor,5,,18.1:B,edge:5:terminal:18.1:t1:net:N2,,,,False,ok,1.0,matched_preferred,[],N2,,2,False,CONNECTED_TO,,B,"[213, 790]",terminal:5:18.1:t1,net:5:N2,18.1:t1,
,NPN_Transistor,5,,18.1:C,edge:5:terminal:18.1:t2:net:N2,,,,False,ok,2.0,matched_preferred,[],N2,,2,False,CONNECTED_TO,,C,"[114, 701]",terminal:5:18.1:t2,net:5:N2,18.1:t2,
,NPN_Transistor,5,,18.1:E,edge:5:terminal:18.1:t3:net:N4,,,,False,ok,2.0,matched_preferred,[],N4,,4,False,CONNECTED_TO,,E,"[114, 884]",terminal:5:18.1:t3,net:5:N4,18.1:t3,
,Resistor,5,,22.2:t1,edge:5:terminal:22.2:t1:net:N3,,,,False,ok,1.0,matched_preferred,[],N3,,3,False,CONNECTED_TO,,,"[337, 208]",terminal:5:22.2:t1,net:5:N3,22.2:t1,
,Resistor,5,,22.2:t2,edge:5:terminal:22.2:t2:net:N2,,,,False,ok,1.0,matched_preferred,[],N2,,2,False,CONNECTED_TO,,,"[337, 350]",terminal:5:22.2:t2,net:5:N2,22.2:t2,
,Polarized_Capacitor,5,,20.1:positive,edge:5:terminal:20.1:t1:net:N2,,,,False,ok,1.0,matched_preferred,[],N2,,2,False,CONNECTED_TO,,positive,"[447, 513]",terminal:5:20.1:t1,net:5:N2,20.1:t1,
,Polarized_Capacitor,5,,20.1:negative,edge:5:terminal:20.1:t2:net:N5,,,,False,ok,3.0,matched_preferred,[],N5,,5,False,CONNECTED_TO,,negative,"[512, 510]",terminal:5:20.1:t2,net:5:N5,20.1:t2,
,GND,5,,9.1:t1,edge:5:terminal:9.1:t1:net:N4,,,,False,ok,2.0,matched_preferred,[],N4,,4,False,CONNECTED_TO,,,"[516, 949]",terminal:5:9.1:t1,net:5:N4,9.1:t1,
,Polarized_Capacitor,5,,20.2:negative,edge:5:terminal:20.2:t1:net:N2,,,,False,ok,3.0,matched_preferred,[],N2,,2,False,CONNECTED_TO,,negative,"[527, 650]",terminal:5:20.2:t1,net:5:N2,20.2:t1,
,Polarized_Capacitor,5,,20.2:positive,edge:5:terminal:20.2:t2:net:N5,,,,False,ok,3.0,matched_preferred,[],N5,,5,False,CONNECTED_TO,,positive,"[589, 650]",terminal:5:20.2:t2,net:5:N5,20.2:t2,
,Resistor,5,,22.3:t1,edge:5:terminal:22.3:t1:net:N3,,,,False,ok,3.0,matched_preferred,[],N3,,3,False,CONNECTED_TO,,,"[695, 208]",terminal:5:22.3:t1,net:5:N3,22.3:t1,
,Resistor,5,,22.3:t2,edge:5:terminal:22.3:t2:net:N5,,,,False,ok,3.0,matched_preferred,[],N5,,5,False,CONNECTED_TO,,,"[695, 351]",terminal:5:22.3:t2,net:5:N5,22.3:t2,
,NPN_Transistor,5,,18.2:B,edge:5:terminal:18.2:t1:net:N5,,,,False,ok,0.0,matched_preferred,[],N5,,5,False,CONNECTED_TO,,B,"[826, 790]",terminal:5:18.2:t1,net:5:N5,18.2:t1,
,NPN_Transistor,5,,18.2:C,edge:5:terminal:18.2:t2:net:N5,,,,False,ok,1.0,matched_preferred,[],N5,,5,False,CONNECTED_TO,,C,"[919, 700]",terminal:5:18.2:t2,net:5:N5,18.2:t2,
,NPN_Transistor,5,,18.2:E,edge:5:terminal:18.2:t3:net:N4,,,,False,ok,1.0,matched_preferred,[],N4,,4,False,CONNECTED_TO,,E,"[919, 883]",terminal:5:18.2:t3,net:5:N4,18.2:t3,
,Resistor,5,,22.4:t1,edge:5:terminal:22.4:t1:net:N6,,,,False,ok,2.0,matched_preferred,[],N6,,6,False,CONNECTED_TO,,,"[919, 305]",terminal:5:22.4:t1,net:5:N6,22.4:t1,
,Resistor,5,,22.4:t2,edge:5:terminal:22.4:t2:net:N5,,,,False,ok,2.0,matched_preferred,[],N5,,5,False,CONNECTED_TO,,,"[919, 442]",terminal:5:22.4:t2,net:5:N5,22.4:t2,
,LED,5,,12.2:anode,edge:5:terminal:12.2:t1:net:N3,,,,False,ok,0.0,matched_preferred,[],N3,,3,False,CONNECTED_TO,,anode,"[919, 165]",terminal:5:12.2:t1,net:5:N3,12.2:t1,
,LED,5,,12.2:cathode,edge:5:terminal:12.2:t2:net:N6,,,,False,ok,0.0,matched_preferred,[],N6,,6,False,CONNECTED_TO,,cathode,"[919, 288]",terminal:5:12.2:t2,net:5:N6,12.2:t2,
Voltage_Source,,6,,,edge:6:diagram_to_component:31.1,,31.1,,,,,,,,,,,HAS_COMPONENT,,,,diagram:6,component:6:31.1,,
Mosfet,,6,,,edge:6:diagram_to_component:16.1,,16.1,,,,,,,,,,,HAS_COMPONENT,,,,diagram:6,component:6:16.1,,
Terminal,,6,,,edge:6:diagram_to_component:26.1,,26.1,,,,,,,,,,,HAS_COMPONENT,,,,diagram:6,component:6:26.1,,
Mosfet,,6,,,edge:6:diagram_to_component:16.2,,16.2,,,,,,,,,,,HAS_COMPONENT,,,,diagram:6,component:6:16.2,,
GND,,6,,,edge:6:diagram_to_component:9.1,,9.1,,,,,,,,,,,HAS_COMPONENT,,,,diagram:6,component:6:9.1,,
Terminal,,6,,,edge:6:diagram_to_component:26.2,,26.2,,,,,,,,,,,HAS_COMPONENT,,,,diagram:6,component:6:26.2,,
Terminal,,6,,,edge:6:diagram_to_component:26.3,,26.3,,,,,,,,,,,HAS_COMPONENT,,,,diagram:6,component:6:26.3,,
,,6,,,edge:6:diagram_to_net:N1,,,False,,,,,,N1,,1,,HAS_NET,,,,diagram:6,net:6:N1,,
,,6,,,edge:6:diagram_to_net:N2,,,False,,,,,,N2,,2,,HAS_NET,,,,diagram:6,net:6:N2,,
,,6,,,edge:6:diagram_to_net:N3,,,False,,,,,,N3,,3,,HAS_NET,,,,diagram:6,net:6:N3,,
,,6,,,edge:6:diagram_to_net:N4,,,False,,,,,,N4,,4,,HAS_NET,,,,diagram:6,net:6:N4,,
,,6,positive,31.1:positive,edge:6:component:31.1:terminal:31.1:t1,,31.1,,,,,,,,,,,HAS_TERMINAL,top,positive,,component:6:31.1,terminal:6:31.1:t1,31.1:t1,t1
,,6,negative,31.1:negative,edge:6:component:31.1:terminal:31.1:t2,,31.1,,,,,,,,,,,HAS_TERMINAL,bottom,negative,,component:6:31.1,terminal:6:31.1:t2,31.1:t2,t2
,,6,G,16.1:G,edge:6:component:16.1:terminal:16.1:t1,,16.1,,,,,,,,,,,HAS_TERMINAL,top,G,,component:6:16.1,terminal:6:16.1:t1,16.1:t1,t1
,,6,S,16.1:S,edge:6:component:16.1:terminal:16.1:t2,,16.1,,,,,,,,,,,HAS_TERMINAL,left,S,,component:6:16.1,terminal:6:16.1:t2,16.1:t2,t2
,,6,D,16.1:D,edge:6:component:16.1:terminal:16.1:t3,,16.1,,,,,,,,,,,HAS_TERMINAL,right,D,,component:6:16.1,terminal:6:16.1:t3,16.1:t3,t3
,,6,t1,26.1:t1,edge:6:component:26.1:terminal:26.1:t1,,26.1,,,,,,,,,,,HAS_TERMINAL,bottom,,,component:6:26.1,terminal:6:26.1:t1,26.1:t1,t1
,,6,G,16.2:G,edge:6:component:16.2:terminal:16.2:t1,,16.2,,,,,,,,,,,HAS_TERMINAL,top,G,,component:6:16.2,terminal:6:16.2:t1,16.2:t1,t1
,,6,S,16.2:S,edge:6:component:16.2:terminal:16.2:t2,,16.2,,,,,,,,,,,HAS_TERMINAL,left,S,,component:6:16.2,terminal:6:16.2:t2,16.2:t2,t2
,,6,D,16.2:D,edge:6:component:16.2:terminal:16.2:t3,,16.2,,,,,,,,,,,HAS_TERMINAL,right,D,,component:6:16.2,terminal:6:16.2:t3,16.2:t3,t3
,,6,t1,9.1:t1,edge:6:component:9.1:terminal:9.1:t1,,9.1,,,,,,,,,,,HAS_TERMINAL,top,,,component:6:9.1,terminal:6:9.1:t1,9.1:t1,t1
,,6,t1,26.2:t1,edge:6:component:26.2:terminal:26.2:t1,,26.2,,,,,,,,,,,HAS_TERMINAL,left,,,component:6:26.2,terminal:6:26.2:t1,26.2:t1,t1
,,6,t1,26.3:t1,edge:6:component:26.3:terminal:26.3:t1,,26.3,,,,,,,,,,,HAS_TERMINAL,left,,,component:6:26.3,terminal:6:26.3:t1,26.3:t1,t1
,Voltage_Source,6,,31.1:positive,edge:6:terminal:31.1:t1:net:N1,,,,False,ok,5.0,matched_preferred,[],N1,,1,False,CONNECTED_TO,,positive,"[150, 451]",terminal:6:31.1:t1,net:6:N1,31.1:t1,
,Voltage_Source,6,,31.1:negative,edge:6:terminal:31.1:t2:net:N3,,,,False,ok,5.0,matched_preferred,[],N3,,3,False,CONNECTED_TO,,negative,"[150, 674]",terminal:6:31.1:t2,net:6:N3,31.1:t2,
,Mosfet,6,,16.1:G,edge:6:terminal:16.1:t1:net:N2,,,,False,ok,0.0,matched_preferred,[],N2,,2,False,CONNECTED_TO,,G,"[426, 243]",terminal:6:16.1:t1,net:6:N2,16.1:t1,
,Mosfet,6,,16.1:S,edge:6:terminal:16.1:t2:net:N1,,,,False,ok,0.0,matched_preferred,[],N1,,1,False,CONNECTED_TO,,S,"[343, 369]",terminal:6:16.1:t2,net:6:N1,16.1:t2,
,Mosfet,6,,16.1:D,edge:6:terminal:16.1:t3:net:N4,,,,False,ok,0.0,matched_preferred,[],N4,,4,False,CONNECTED_TO,,D,"[506, 368]",terminal:6:16.1:t3,net:6:N4,16.1:t3,
,Terminal,6,,26.1:t1,edge:6:terminal:26.1:t1:net:N2,,,,False,ok,1.0,matched_preferred,[],N2,,2,False,CONNECTED_TO,,,"[426, 92]",terminal:6:26.1:t1,net:6:N2,26.1:t1,
,Mosfet,6,,16.2:G,edge:6:terminal:16.2:t1:net:N4,,,,False,ok,0.0,matched_preferred,[],N4,,4,False,CONNECTED_TO,,G,"[572, 458]",terminal:6:16.2:t1,net:6:N4,16.2:t1,
,Mosfet,6,,16.2:S,edge:6:terminal:16.2:t2:net:N3,,,,False,ok,1.0,matched_preferred,[],N3,,3,False,CONNECTED_TO,,S,"[494, 580]",terminal:6:16.2:t2,net:6:N3,16.2:t2,
,Mosfet,6,,16.2:D,edge:6:terminal:16.2:t3:net:N3,,,,False,ok,1.0,matched_preferred,[],N3,,3,False,CONNECTED_TO,,D,"[654, 580]",terminal:6:16.2:t3,net:6:N3,16.2:t3,
,GND,6,,9.1:t1,edge:6:terminal:9.1:t1:net:N3,,,,False,ok,1.0,matched_preferred,[],N3,,3,False,CONNECTED_TO,,,"[583, 812]",terminal:6:9.1:t1,net:6:N3,9.1:t1,
,Terminal,6,,26.2:t1,edge:6:terminal:26.2:t1:net:N4,,,,False,ok,2.0,matched_preferred,[],N4,,4,False,CONNECTED_TO,,,"[947, 368]",terminal:6:26.2:t1,net:6:N4,26.2:t1,
,Terminal,6,,26.3:t1,edge:6:terminal:26.3:t1:net:N3,,,,False,ok,1.0,matched_preferred,[],N3,,3,False,CONNECTED_TO,,,"[946, 753]",terminal:6:26.3:t1,net:6:N3,26.3:t1,
Current_Source,,7,,,edge:7:diagram_to_component:6.1,,6.1,,,,,,,,,,,HAS_COMPONENT,,,,diagram:7,component:7:6.1,,
Current_Source,,7,,,edge:7:diagram_to_component:6.2,,6.2,,,,,,,,,,,HAS_COMPONENT,,,,diagram:7,component:7:6.2,,
Current_Source,,7,,,edge:7:diagram_to_component:6.3,,6.3,,,,,,,,,,,HAS_COMPONENT,,,,diagram:7,component:7:6.3,,
Resistor,,7,,,edge:7:diagram_to_component:22.1,,22.1,,,,,,,,,,,HAS_COMPONENT,,,,diagram:7,component:7:22.1,,
Resistor,,7,,,edge:7:diagram_to_component:22.2,,22.2,,,,,,,,,,,HAS_COMPONENT,,,,diagram:7,component:7:22.2,,
Terminal,,7,,,edge:7:diagram_to_component:26.1,,26.1,,,,,,,,,,,HAS_COMPONENT,,,,diagram:7,component:7:26.1,,
Terminal,,7,,,edge:7:diagram_to_component:26.2,,26.2,,,,,,,,,,,HAS_COMPONENT,,,,diagram:7,component:7:26.2,,
,,7,,,edge:7:diagram_to_net:N1,,,False,,,,,,N1,,1,,HAS_NET,,,,diagram:7,net:7:N1,,
,,7,,,edge:7:diagram_to_net:N2,,,False,,,,,,N2,,2,,HAS_NET,,,,diagram:7,net:7:N2,,
,,7,,,edge:7:diagram_to_net:N3,,,False,,,,,,N3,,3,,HAS_NET,,,,diagram:7,net:7:N3,,
,,7,current_from,6.1:current_from,edge:7:component:6.1:terminal:6.1:t1,,6.1,,,,,,,,,,,HAS_TERMINAL,top,current_from,,component:7:6.1,terminal:7:6.1:t1,6.1:t1,t1
,,7,current_to,6.1:current_to,edge:7:component:6.1:terminal:6.1:t2,,6.1,,,,,,,,,,,HAS_TERMINAL,bottom,current_to,,component:7:6.1,terminal:7:6.1:t2,6.1:t2,t2
,,7,current_from,6.2:current_from,edge:7:component:6.2:terminal:6.2:t1,,6.2,,,,,,,,,,,HAS_TERMINAL,top,current_from,,component:7:6.2,terminal:7:6.2:t1,6.2:t1,t1
,,7,current_to,6.2:current_to,edge:7:component:6.2:terminal:6.2:t2,,6.2,,,,,,,,,,,HAS_TERMINAL,bottom,current_to,,component:7:6.2,terminal:7:6.2:t2,6.2:t2,t2
,,7,current_from,6.3:current_from,edge:7:component:6.3:terminal:6.3:t1,,6.3,,,,,,,,,,,HAS_TERMINAL,top,current_from,,component:7:6.3,terminal:7:6.3:t1,6.3:t1,t1
,,7,current_to,6.3:current_to,edge:7:component:6.3:terminal:6.3:t2,,6.3,,,,,,,,,,,HAS_TERMINAL,bottom,current_to,,component:7:6.3,terminal:7:6.3:t2,6.3:t2,t2
,,7,t1,22.1:t1,edge:7:component:22.1:terminal:22.1:t1,,22.1,,,,,,,,,,,HAS_TERMINAL,top,,,component:7:22.1,terminal:7:22.1:t1,22.1:t1,t1
,,7,t2,22.1:t2,edge:7:component:22.1:terminal:22.1:t2,,22.1,,,,,,,,,,,HAS_TERMINAL,bottom,,,component:7:22.1,terminal:7:22.1:t2,22.1:t2,t2
,,7,t1,22.2:t1,edge:7:component:22.2:terminal:22.2:t1,,22.2,,,,,,,,,,,HAS_TERMINAL,top,,,component:7:22.2,terminal:7:22.2:t1,22.2:t1,t1
,,7,t2,22.2:t2,edge:7:component:22.2:terminal:22.2:t2,,22.2,,,,,,,,,,,HAS_TERMINAL,bottom,,,component:7:22.2,terminal:7:22.2:t2,22.2:t2,t2
,,7,t1,26.1:t1,edge:7:component:26.1:terminal:26.1:t1,,26.1,,,,,,,,,,,HAS_TERMINAL,left,,,component:7:26.1,terminal:7:26.1:t1,26.1:t1,t1
,,7,t1,26.2:t1,edge:7:component:26.2:terminal:26.2:t1,,26.2,,,,,,,,,,,HAS_TERMINAL,left,,,component:7:26.2,terminal:7:26.2:t1,26.2:t1,t1
,Current_Source,7,,6.1:current_from,edge:7:terminal:6.1:t1:net:N2,,,,False,ok,1.0,matched_preferred,[],N2,,2,False,CONNECTED_TO,,current_from,"[85, 239]",terminal:7:6.1:t1,net:7:N2,6.1:t1,
,Current_Source,7,,6.1:current_to,edge:7:terminal:6.1:t2:net:N1,,,,False,ok,1.0,matched_preferred,[],N1,,1,False,CONNECTED_TO,,current_to,"[85, 433]",terminal:7:6.1:t2,net:7:N1,6.1:t2,
,Current_Source,7,,6.2:current_from,edge:7:terminal:6.2:t1:net:N1,,,,False,ok,1.0,matched_preferred,[],N1,,1,False,CONNECTED_TO,,current_from,"[275, 705]",terminal:7:6.2:t1,net:7:N1,6.2:t1,
,Current_Source,7,,6.2:current_to,edge:7:terminal:6.2:t2:net:N3,,,,False,ok,1.0,matched_preferred,[],N3,,3,False,CONNECTED_TO,,current_to,"[275, 896]",terminal:7:6.2:t2,net:7:N3,6.2:t2,
,Current_Source,7,,6.3:current_from,edge:7:terminal:6.3:t1:net:N2,,,,False,ok,2.0,matched_preferred,[],N2,,2,False,CONNECTED_TO,,current_from,"[475, 239]",terminal:7:6.3:t1,net:7:N2,6.3:t1,
,Current_Source,7,,6.3:current_to,edge:7:terminal:6.3:t2:net:N1,,,,False,ok,2.0,matched_preferred,[],N1,,1,False,CONNECTED_TO,,current_to,"[475, 434]",terminal:7:6.3:t2,net:7:N1,6.3:t2,
,Resistor,7,,22.1:t1,edge:7:terminal:22.1:t1:net:N1,,,,False,ok,1.0,matched_preferred,[],N1,,1,False,CONNECTED_TO,,,"[539, 694]",terminal:7:22.1:t1,net:7:N1,22.1:t1,
,Resistor,7,,22.1:t2,edge:7:terminal:22.1:t2:net:N3,,,,False,ok,1.0,matched_preferred,[],N3,,3,False,CONNECTED_TO,,,"[539, 904]",terminal:7:22.1:t2,net:7:N3,22.1:t2,
,Resistor,7,,22.2:t1,edge:7:terminal:22.2:t1:net:N2,,,,False,ok,3.0,matched_preferred,[],N2,,2,False,CONNECTED_TO,,,"[754, 227]",terminal:7:22.2:t1,net:7:N2,22.2:t1,
,Resistor,7,,22.2:t2,edge:7:terminal:22.2:t2:net:N1,,,,False,ok,3.0,matched_preferred,[],N1,,1,False,CONNECTED_TO,,,"[754, 442]",terminal:7:22.2:t2,net:7:N1,22.2:t2,
,Terminal,7,,26.1:t1,edge:7:terminal:26.1:t1:net:N3,,,,False,ok,2.0,matched_preferred,[],N3,,3,False,CONNECTED_TO,,,"[941, 977]",terminal:7:26.1:t1,net:7:N3,26.1:t1,
,Terminal,7,,26.2:t1,edge:7:terminal:26.2:t1:net:N2,,,,False,ok,1.0,matched_preferred,[],N2,,2,False,CONNECTED_TO,,,"[948, 160]",terminal:7:26.2:t1,net:7:N2,26.2:t1,
Battery,,8,,,edge:8:diagram_to_component:2.1,,2.1,,,,,,,,,,,HAS_COMPONENT,,,,diagram:8,component:8:2.1,,
GND,,8,,,edge:8:diagram_to_component:9.1,,9.1,,,,,,,,,,,HAS_COMPONENT,,,,diagram:8,component:8:9.1,,
Diode,,8,,,edge:8:diagram_to_component:7.1,,7.1,,,,,,,,,,,HAS_COMPONENT,,,,diagram:8,component:8:7.1,,
Mosfet,,8,,,edge:8:diagram_to_component:16.1,,16.1,,,,,,,,,,,HAS_COMPONENT,,,,diagram:8,component:8:16.1,,
Mosfet,,8,,,edge:8:diagram_to_component:16.2,,16.2,,,,,,,,,,,HAS_COMPONENT,,,,diagram:8,component:8:16.2,,
Mosfet,,8,,,edge:8:diagram_to_component:16.3,,16.3,,,,,,,,,,,HAS_COMPONENT,,,,diagram:8,component:8:16.3,,
Mosfet,,8,,,edge:8:diagram_to_component:16.4,,16.4,,,,,,,,,,,HAS_COMPONENT,,,,diagram:8,component:8:16.4,,
Mosfet,,8,,,edge:8:diagram_to_component:16.5,,16.5,,,,,,,,,,,HAS_COMPONENT,,,,diagram:8,component:8:16.5,,
Mosfet,,8,,,edge:8:diagram_to_component:16.6,,16.6,,,,,,,,,,,HAS_COMPONENT,,,,diagram:8,component:8:16.6,,
GND,,8,,,edge:8:diagram_to_component:9.2,,9.2,,,,,,,,,,,HAS_COMPONENT,,,,diagram:8,component:8:9.2,,
Resistor,,8,,,edge:8:diagram_to_component:22.1,,22.1,,,,,,,,,,,HAS_COMPONENT,,,,diagram:8,component:8:22.1,,
Diode,,8,,,edge:8:diagram_to_component:7.2,,7.2,,,,,,,,,,,HAS_COMPONENT,,,,diagram:8,component:8:7.2,,
Mosfet,,8,,,edge:8:diagram_to_component:16.7,,16.7,,,,,,,,,,,HAS_COMPONENT,,,,diagram:8,component:8:16.7,,
Mosfet,,8,,,edge:8:diagram_to_component:16.8,,16.8,,,,,,,,,,,HAS_COMPONENT,,,,diagram:8,component:8:16.8,,
GND,,8,,,edge:8:diagram_to_component:9.3,,9.3,,,,,,,,,,,HAS_COMPONENT,,,,diagram:8,component:8:9.3,,
Resistor,,8,,,edge:8:diagram_to_component:22.2,,22.2,,,,,,,,,,,HAS_COMPONENT,,,,diagram:8,component:8:22.2,,
Diode,,8,,,edge:8:diagram_to_component:7.3,,7.3,,,,,,,,,,,HAS_COMPONENT,,,,diagram:8,component:8:7.3,,
Terminal,,8,,,edge:8:diagram_to_component:26.1,,26.1,,,,,,,,,,,HAS_COMPONENT,,,,diagram:8,component:8:26.1,,
Terminal,,8,,,edge:8:diagram_to_component:26.2,,26.2,,,,,,,,,,,HAS_COMPONENT,,,,diagram:8,component:8:26.2,,
GND,,8,,,edge:8:diagram_to_component:9.4,,9.4,,,,,,,,,,,HAS_COMPONENT,,,,diagram:8,component:8:9.4,,
,,8,,,edge:8:diagram_to_net:N1,,,False,,,,,,N1,,1,,HAS_NET,,,,diagram:8,net:8:N1,,
,,8,,,edge:8:diagram_to_net:N2,,,False,,,,,,N2,,2,,HAS_NET,,,,diagram:8,net:8:N2,,
,,8,,,edge:8:diagram_to_net:N3,,,False,,,,,,N3,,3,,HAS_NET,,,,diagram:8,net:8:N3,,
,,8,,,edge:8:diagram_to_net:N4,,,False,,,,,,N4,,4,,HAS_NET,,,,diagram:8,net:8:N4,,
,,8,,,edge:8:diagram_to_net:N5,,,False,,,,,,N5,,5,,HAS_NET,,,,diagram:8,net:8:N5,,
,,8,,,edge:8:diagram_to_net:N6,,,False,,,,,,N6,,6,,HAS_NET,,,,diagram:8,net:8:N6,,
,,8,,,edge:8:diagram_to_net:N7,,,False,,,,,,N7,,7,,HAS_NET,,,,diagram:8,net:8:N7,,
,,8,,,edge:8:diagram_to_net:N8,,,False,,,,,,N8,,8,,HAS_NET,,,,diagram:8,net:8:N8,,
,,8,,,edge:8:diagram_to_net:N9,,,False,,,,,,N9,,9,,HAS_NET,,,,diagram:8,net:8:N9,,
,,8,,,edge:8:diagram_to_net:N10,,,False,,,,,,N10,,10,,HAS_NET,,,,diagram:8,net:8:N10,,
,,8,,,edge:8:diagram_to_net:N11,,,False,,,,,,N11,,11,,HAS_NET,,,,diagram:8,net:8:N11,,
,,8,,,edge:8:diagram_to_net:N12,,,False,,,,,,N12,,12,,HAS_NET,,,,diagram:8,net:8:N12,,
,,8,,,edge:8:diagram_to_net:N13,,,False,,,,,,N13,,13,,HAS_NET,,,,diagram:8,net:8:N13,,
,,8,,,edge:8:diagram_to_net:N14,,,False,,,,,,N14,,14,,HAS_NET,,,,diagram:8,net:8:N14,,
,,8,,,edge:8:diagram_to_net:N15,,,False,,,,,,N15,,15,,HAS_NET,,,,diagram:8,net:8:N15,,
,,8,,,edge:8:diagram_to_net:N16,,,False,,,,,,N16,,16,,HAS_NET,,,,diagram:8,net:8:N16,,
,,8,,,edge:8:diagram_to_net:N17,,,False,,,,,,N17,,17,,HAS_NET,,,,diagram:8,net:8:N17,,
,,8,,,edge:8:diagram_to_net:N18,,,False,,,,,,N18,,18,,HAS_NET,,,,diagram:8,net:8:N18,,
,,8,positive,2.1:positive,edge:8:component:2.1:terminal:2.1:t1,,2.1,,,,,,,,,,,HAS_TERMINAL,top,positive,,component:8:2.1,terminal:8:2.1:t1,2.1:t1,t1
,,8,negative,2.1:negative,edge:8:component:2.1:terminal:2.1:t2,,2.1,,,,,,,,,,,HAS_TERMINAL,bottom,negative,,component:8:2.1,terminal:8:2.1:t2,2.1:t2,t2
,,8,t1,9.1:t1,edge:8:component:9.1:terminal:9.1:t1,,9.1,,,,,,,,,,,HAS_TERMINAL,top,,,component:8:9.1,terminal:8:9.1:t1,9.1:t1,t1
,,8,anode,7.1:anode,edge:8:component:7.1:terminal:7.1:t1,,7.1,,,,,,,,,,,HAS_TERMINAL,top,anode,,component:8:7.1,terminal:8:7.1:t1,7.1:t1,t1
,,8,cathode,7.1:cathode,edge:8:component:7.1:terminal:7.1:t2,,7.1,,,,,,,,,,,HAS_TERMINAL,bottom,cathode,,component:8:7.1,terminal:8:7.1:t2,7.1:t2,t2
,,8,G,16.1:G,edge:8:component:16.1:terminal:16.1:t1,,16.1,,,,,,,,,,,HAS_TERMINAL,right,G,,component:8:16.1,terminal:8:16.1:t1,16.1:t1,t1
,,8,S,16.1:S,edge:8:component:16.1:terminal:16.1:t2,,16.1,,,,,,,,,,,HAS_TERMINAL,top,S,,component:8:16.1,terminal:8:16.1:t2,16.1:t2,t2
,,8,D,16.1:D,edge:8:component:16.1:terminal:16.1:t3,,16.1,,,,,,,,,,,HAS_TERMINAL,bottom,D,,component:8:16.1,terminal:8:16.1:t3,16.1:t3,t3
,,8,G,16.2:G,edge:8:component:16.2:terminal:16.2:t1,,16.2,,,,,,,,,,,HAS_TERMINAL,right,G,,component:8:16.2,terminal:8:16.2:t1,16.2:t1,t1
,,8,S,16.2:S,edge:8:component:16.2:terminal:16.2:t2,,16.2,,,,,,,,,,,HAS_TERMINAL,top,S,,component:8:16.2,terminal:8:16.2:t2,16.2:t2,t2
,,8,D,16.2:D,edge:8:component:16.2:terminal:16.2:t3,,16.2,,,,,,,,,,,HAS_TERMINAL,bottom,D,,component:8:16.2,terminal:8:16.2:t3,16.2:t3,t3
,,8,G,16.3:G,edge:8:component:16.3:terminal:16.3:t1,,16.3,,,,,,,,,,,HAS_TERMINAL,right,G,,component:8:16.3,terminal:8:16.3:t1,16.3:t1,t1
,,8,D,16.3:D,edge:8:component:16.3:terminal:16.3:t2,,16.3,,,,,,,,,,,HAS_TERMINAL,top,D,,component:8:16.3,terminal:8:16.3:t2,16.3:t2,t2
,,8,S,16.3:S,edge:8:component:16.3:terminal:16.3:t3,,16.3,,,,,,,,,,,HAS_TERMINAL,bottom,S,,component:8:16.3,terminal:8:16.3:t3,16.3:t3,t3
,,8,G,16.4:G,edge:8:component:16.4:terminal:16.4:t1,,16.4,,,,,,,,,,,HAS_TERMINAL,left,G,,component:8:16.4,terminal:8:16.4:t1,16.4:t1,t1
,,8,D,16.4:D,edge:8:component:16.4:terminal:16.4:t2,,16.4,,,,,,,,,,,HAS_TERMINAL,top,D,,component:8:16.4,terminal:8:16.4:t2,16.4:t2,t2
,,8,S,16.4:S,edge:8:component:16.4:terminal:16.4:t3,,16.4,,,,,,,,,,,HAS_TERMINAL,bottom,S,,component:8:16.4,terminal:8:16.4:t3,16.4:t3,t3
,,8,G,16.5:G,edge:8:component:16.5:terminal:16.5:t1,,16.5,,,,,,,,,,,HAS_TERMINAL,left,G,,component:8:16.5,terminal:8:16.5:t1,16.5:t1,t1
,,8,S,16.5:S,edge:8:component:16.5:terminal:16.5:t2,,16.5,,,,,,,,,,,HAS_TERMINAL,top,S,,component:8:16.5,terminal:8:16.5:t2,16.5:t2,t2
,,8,D,16.5:D,edge:8:component:16.5:terminal:16.5:t3,,16.5,,,,,,,,,,,HAS_TERMINAL,bottom,D,,component:8:16.5,terminal:8:16.5:t3,16.5:t3,t3
,,8,G,16.6:G,edge:8:component:16.6:terminal:16.6:t1,,16.6,,,,,,,,,,,HAS_TERMINAL,left,G,,component:8:16.6,terminal:8:16.6:t1,16.6:t1,t1
,,8,S,16.6:S,edge:8:component:16.6:terminal:16.6:t2,,16.6,,,,,,,,,,,HAS_TERMINAL,top,S,,component:8:16.6,terminal:8:16.6:t2,16.6:t2,t2
,,8,D,16.6:D,edge:8:component:16.6:terminal:16.6:t3,,16.6,,,,,,,,,,,HAS_TERMINAL,bottom,D,,component:8:16.6,terminal:8:16.6:t3,16.6:t3,t3
,,8,t1,9.2:t1,edge:8:component:9.2:terminal:9.2:t1,,9.2,,,,,,,,,,,HAS_TERMINAL,top,,,component:8:9.2,terminal:8:9.2:t1,9.2:t1,t1
,,8,t1,22.1:t1,edge:8:component:22.1:terminal:22.1:t1,,22.1,,,,,,,,,,,HAS_TERMINAL,top,,,component:8:22.1,terminal:8:22.1:t1,22.1:t1,t1
,,8,t2,22.1:t2,edge:8:component:22.1:terminal:22.1:t2,,22.1,,,,,,,,,,,HAS_TERMINAL,bottom,,,component:8:22.1,terminal:8:22.1:t2,22.1:t2,t2
,,8,anode,7.2:anode,edge:8:component:7.2:terminal:7.2:t1,,7.2,,,,,,,,,,,HAS_TERMINAL,top,anode,,component:8:7.2,terminal:8:7.2:t1,7.2:t1,t1
,,8,cathode,7.2:cathode,edge:8:component:7.2:terminal:7.2:t2,,7.2,,,,,,,,,,,HAS_TERMINAL,bottom,cathode,,component:8:7.2,terminal:8:7.2:t2,7.2:t2,t2
,,8,G,16.7:G,edge:8:component:16.7:terminal:16.7:t1,,16.7,,,,,,,,,,,HAS_TERMINAL,left,G,,component:8:16.7,terminal:8:16.7:t1,16.7:t1,t1
,,8,S,16.7:S,edge:8:component:16.7:terminal:16.7:t2,,16.7,,,,,,,,,,,HAS_TERMINAL,top,S,,component:8:16.7,terminal:8:16.7:t2,16.7:t2,t2
,,8,D,16.7:D,edge:8:component:16.7:terminal:16.7:t3,,16.7,,,,,,,,,,,HAS_TERMINAL,bottom,D,,component:8:16.7,terminal:8:16.7:t3,16.7:t3,t3
,,8,G,16.8:G,edge:8:component:16.8:terminal:16.8:t1,,16.8,,,,,,,,,,,HAS_TERMINAL,left,G,,component:8:16.8,terminal:8:16.8:t1,16.8:t1,t1
,,8,S,16.8:S,edge:8:component:16.8:terminal:16.8:t2,,16.8,,,,,,,,,,,HAS_TERMINAL,top,S,,component:8:16.8,terminal:8:16.8:t2,16.8:t2,t2
,,8,D,16.8:D,edge:8:component:16.8:terminal:16.8:t3,,16.8,,,,,,,,,,,HAS_TERMINAL,bottom,D,,component:8:16.8,terminal:8:16.8:t3,16.8:t3,t3
,,8,t1,9.3:t1,edge:8:component:9.3:terminal:9.3:t1,,9.3,,,,,,,,,,,HAS_TERMINAL,top,,,component:8:9.3,terminal:8:9.3:t1,9.3:t1,t1
,,8,t1,22.2:t1,edge:8:component:22.2:terminal:22.2:t1,,22.2,,,,,,,,,,,HAS_TERMINAL,top,,,component:8:22.2,terminal:8:22.2:t1,22.2:t1,t1
,,8,t2,22.2:t2,edge:8:component:22.2:terminal:22.2:t2,,22.2,,,,,,,,,,,HAS_TERMINAL,bottom,,,component:8:22.2,terminal:8:22.2:t2,22.2:t2,t2
,,8,anode,7.3:anode,edge:8:component:7.3:terminal:7.3:t1,,7.3,,,,,,,,,,,HAS_TERMINAL,top,anode,,component:8:7.3,terminal:8:7.3:t1,7.3:t1,t1
,,8,cathode,7.3:cathode,edge:8:component:7.3:terminal:7.3:t2,,7.3,,,,,,,,,,,HAS_TERMINAL,bottom,cathode,,component:8:7.3,terminal:8:7.3:t2,7.3:t2,t2
,,8,t1,26.1:t1,edge:8:component:26.1:terminal:26.1:t1,,26.1,,,,,,,,,,,HAS_TERMINAL,left,,,component:8:26.1,terminal:8:26.1:t1,26.1:t1,t1
,,8,t1,26.2:t1,edge:8:component:26.2:terminal:26.2:t1,,26.2,,,,,,,,,,,HAS_TERMINAL,bottom,,,component:8:26.2,terminal:8:26.2:t1,26.2:t1,t1
,,8,t1,9.4:t1,edge:8:component:9.4:terminal:9.4:t1,,9.4,,,,,,,,,,,HAS_TERMINAL,top,,,component:8:9.4,terminal:8:9.4:t1,9.4:t1,t1
,Battery,8,,2.1:positive,edge:8:terminal:2.1:t1:net:N6,,,,False,ok,2.0,matched_preferred,[],N6,,6,False,CONNECTED_TO,,positive,"[269, 154]",terminal:8:2.1:t1,net:8:N6,2.1:t1,
,Battery,8,,2.1:negative,edge:8:terminal:2.1:t2:net:N1,,,,False,ok,2.0,matched_preferred,[],N1,,1,False,CONNECTED_TO,,negative,"[269, 290]",terminal:8:2.1:t2,net:8:N1,2.1:t2,
,GND,8,,9.1:t1,edge:8:terminal:9.1:t1:net:N4,,,,False,ok,2.0,matched_preferred,[],N4,,4,False,CONNECTED_TO,,,"[360, 966]",terminal:8:9.1:t1,net:8:N4,9.1:t1,
,Diode,8,,7.1:anode,edge:8:terminal:7.1:t1:net:N3,,,,False,ok,3.0,matched_preferred,[],N3,,3,False,CONNECTED_TO,,anode,"[360, 798]",terminal:8:7.1:t1,net:8:N3,7.1:t1,
,Diode,8,,7.1:cathode,edge:8:terminal:7.1:t2:net:N4,,,,False,ok,2.0,matched_preferred,[],N4,,4,False,CONNECTED_TO,,cathode,"[363, 861]",terminal:8:7.1:t2,net:8:N4,7.1:t2,
,Mosfet,8,,16.1:G,edge:8:terminal:16.1:t1:net:N7,,,,False,ok,1.0,matched_preferred,[],N7,,7,False,CONNECTED_TO,,G,"[436, 344]",terminal:8:16.1:t1,net:8:N7,16.1:t1,
,Mosfet,8,,16.1:S,edge:8:terminal:16.1:t2:net:N2,,,,False,ok,1.0,matched_preferred,[],N2,,2,False,CONNECTED_TO,,S,"[360, 297]",terminal:8:16.1:t2,net:8:N2,16.1:t2,
,Mosfet,8,,16.1:D,edge:8:terminal:16.1:t3:net:N5,,,,False,ok,1.0,matched_preferred,[],N5,,5,False,CONNECTED_TO,,D,"[360, 394]",terminal:8:16.1:t3,net:8:N5,16.1:t3,
,Mosfet,8,,16.2:G,edge:8:terminal:16.2:t1:net:N7,,,,False,ok,0.0,matched_preferred,[],N7,,7,False,CONNECTED_TO,,G,"[438, 192]",terminal:8:16.2:t1,net:8:N7,16.2:t1,
,Mosfet,8,,16.2:S,edge:8:terminal:16.2:t2:net:N6,,,,False,ok,1.0,matched_preferred,[],N6,,6,False,CONNECTED_TO,,S,"[360, 142]",terminal:8:16.2:t2,net:8:N6,16.2:t2,
,Mosfet,8,,16.2:D,edge:8:terminal:16.2:t3:net:N2,,,,False,ok,1.0,matched_preferred,[],N2,,2,False,CONNECTED_TO,,D,"[360, 244]",terminal:8:16.2:t3,net:8:N2,16.2:t3,
,Mosfet,8,,16.3:G,edge:8:terminal:16.3:t1:net:N5,,,,False,ok,1.0,matched_preferred,[],N5,,5,False,CONNECTED_TO,,G,"[439, 680]",terminal:8:16.3:t1,net:8:N5,16.3:t1,
,Mosfet,8,,16.3:D,edge:8:terminal:16.3:t2:net:N5,,,,False,ok,4.0,matched_preferred,[],N5,,5,False,CONNECTED_TO,,D,"[360, 632]",terminal:8:16.3:t2,net:8:N5,16.3:t2,
,Mosfet,8,,16.3:S,edge:8:terminal:16.3:t3:net:N3,,,,False,ok,1.0,matched_preferred,[],N3,,3,False,CONNECTED_TO,,S,"[360, 733]",terminal:8:16.3:t3,net:8:N3,16.3:t3,
,Mosfet,8,,16.4:G,edge:8:terminal:16.4:t1:net:N5,,,,False,ok,0.0,matched_preferred,[],N5,,5,False,CONNECTED_TO,,G,"[561, 680]",terminal:8:16.4:t1,net:8:N5,16.4:t1,
,Mosfet,8,,16.4:D,edge:8:terminal:16.4:t2:net:N7,,,,False,ok,1.0,matched_preferred,[],N7,,7,False,CONNECTED_TO,,D,"[637, 634]",terminal:8:16.4:t2,net:8:N7,16.4:t2,
,Mosfet,8,,16.4:S,edge:8:terminal:16.4:t3:net:N9,,,,False,ok,1.0,matched_preferred,[],N9,,9,False,CONNECTED_TO,,S,"[637, 731]",terminal:8:16.4:t3,net:8:N9,16.4:t3,
,Mosfet,8,,16.5:G,edge:8:terminal:16.5:t1:net:N7,,,,False,ok,0.0,matched_preferred,[],N7,,7,False,CONNECTED_TO,,G,"[563, 344]",terminal:8:16.5:t1,net:8:N7,16.5:t1,
,Mosfet,8,,16.5:S,edge:8:terminal:16.5:t2:net:N8,,,,False,ok,0.0,matched_preferred,[],N8,,8,False,CONNECTED_TO,,S,"[637, 295]",terminal:8:16.5:t2,net:8:N8,16.5:t2,
,Mosfet,8,,16.5:D,edge:8:terminal:16.5:t3:net:N7,,,,False,ok,1.0,matched_preferred,[],N7,,7,False,CONNECTED_TO,,D,"[637, 392]",terminal:8:16.5:t3,net:8:N7,16.5:t3,
,Mosfet,8,,16.6:G,edge:8:terminal:16.6:t1:net:N7,,,,False,ok,0.0,matched_preferred,[],N7,,7,False,CONNECTED_TO,,G,"[561, 192]",terminal:8:16.6:t1,net:8:N7,16.6:t1,
,Mosfet,8,,16.6:S,edge:8:terminal:16.6:t2:net:N6,,,,False,ok,0.0,matched_preferred,[],N6,,6,False,CONNECTED_TO,,S,"[637, 140]",terminal:8:16.6:t2,net:8:N6,16.6:t2,
,Mosfet,8,,16.6:D,edge:8:terminal:16.6:t3:net:N8,,,,False,ok,1.0,matched_preferred,[],N8,,8,False,CONNECTED_TO,,D,"[637, 244]",terminal:8:16.6:t3,net:8:N8,16.6:t3,
,GND,8,,9.2:t1,edge:8:terminal:9.2:t1:net:N11,,,,False,ok,0.0,matched_preferred,[],N11,,11,False,CONNECTED_TO,,,"[637, 968]",terminal:8:9.2:t1,net:8:N11,9.2:t1,
,Resistor,8,,22.1:t1,edge:8:terminal:22.1:t1:net:N9,,,,False,ok,1.0,matched_preferred,[],N9,,9,False,CONNECTED_TO,,,"[637, 741]",terminal:8:22.1:t1,net:8:N9,22.1:t1,
,Resistor,8,,22.1:t2,edge:8:terminal:22.1:t2:net:N10,,,,False,ok,1.0,matched_preferred,[],N10,,10,False,CONNECTED_TO,,,"[637, 867]",terminal:8:22.1:t2,net:8:N10,22.1:t2,
,Diode,8,,7.2:anode,edge:8:terminal:7.2:t1:net:N10,,,,False,ok,1.0,matched_preferred,[],N10,,10,False,CONNECTED_TO,,anode,"[637, 886]",terminal:8:7.2:t1,net:8:N10,7.2:t1,
,Diode,8,,7.2:cathode,edge:8:terminal:7.2:t2:net:N11,,,,False,ok,1.0,matched_preferred,[],N11,,11,False,CONNECTED_TO,,cathode,"[637, 944]",terminal:8:7.2:t2,net:8:N11,7.2:t2,
,Mosfet,8,,16.7:G,edge:8:terminal:16.7:t1:net:N12,,,,False,ok,1.0,matched_preferred,[],N12,,12,False,CONNECTED_TO,,G,"[746, 344]",terminal:8:16.7:t1,net:8:N12,16.7:t1,
,Mosfet,8,,16.7:S,edge:8:terminal:16.7:t2:net:N14,,,,False,ok,0.0,matched_preferred,[],N14,,14,False,CONNECTED_TO,,S,"[820, 295]",terminal:8:16.7:t2,net:8:N14,16.7:t2,
,Mosfet,8,,16.7:D,edge:8:terminal:16.7:t3:net:N17,,,,False,ok,0.0,matched_preferred,[],N17,,17,False,CONNECTED_TO,,D,"[820, 392]",terminal:8:16.7:t3,net:8:N17,16.7:t3,
,Mosfet,8,,16.8:G,edge:8:terminal:16.8:t1:net:N13,,,,False,ok,0.0,matched_preferred,[],N13,,13,False,CONNECTED_TO,,G,"[744, 192]",terminal:8:16.8:t1,net:8:N13,16.8:t1,
,Mosfet,8,,16.8:S,edge:8:terminal:16.8:t2:net:N6,,,,False,ok,1.0,matched_preferred,[],N6,,6,False,CONNECTED_TO,,S,"[820, 141]",terminal:8:16.8:t2,net:8:N6,16.8:t2,
,Mosfet,8,,16.8:D,edge:8:terminal:16.8:t3:net:N14,,,,False,ok,1.0,matched_preferred,[],N14,,14,False,CONNECTED_TO,,D,"[820, 242]",terminal:8:16.8:t3,net:8:N14,16.8:t3,
,GND,8,,9.3:t1,edge:8:terminal:9.3:t1:net:N15,,,,False,ok,2.0,matched_preferred,[],N15,,15,False,CONNECTED_TO,,,"[820, 966]",terminal:8:9.3:t1,net:8:N15,9.3:t1,
,Resistor,8,,22.2:t1,edge:8:terminal:22.2:t1:net:N17,,,,False,ok,2.0,matched_preferred,[],N17,,17,False,CONNECTED_TO,,,"[820, 656]",terminal:8:22.2:t1,net:8:N17,22.2:t1,
,Resistor,8,,22.2:t2,edge:8:terminal:22.2:t2:net:N16,,,,False,ok,2.0,matched_preferred,[],N16,,16,False,CONNECTED_TO,,,"[820, 785]",terminal:8:22.2:t2,net:8:N16,22.2:t2,
,Diode,8,,7.3:anode,edge:8:terminal:7.3:t1:net:N16,,,,False,ok,2.0,matched_preferred,[],N16,,16,False,CONNECTED_TO,,anode,"[820, 836]",terminal:8:7.3:t1,net:8:N16,7.3:t1,
,Diode,8,,7.3:cathode,edge:8:terminal:7.3:t2:net:N15,,,,False,ok,2.0,matched_preferred,[],N15,,15,False,CONNECTED_TO,,cathode,"[820, 893]",terminal:8:7.3:t2,net:8:N15,7.3:t2,
,Terminal,8,,26.1:t1,edge:8:terminal:26.1:t1:net:N17,,,,False,ok,2.0,matched_preferred,[],N17,,17,False,CONNECTED_TO,,,"[947, 545]",terminal:8:26.1:t1,net:8:N17,26.1:t1,
,Terminal,8,,26.2:t1,edge:8:terminal:26.2:t1:net:N18,,,,False,ok,0.0,matched_preferred,[],N18,,18,False,CONNECTED_TO,,,"[975, 959]",terminal:8:26.2:t1,net:8:N18,26.2:t1,
,GND,8,,9.4:t1,edge:8:terminal:9.4:t1:net:N18,,,,False,ok,0.0,matched_preferred,[],N18,,18,False,CONNECTED_TO,,,"[975, 968]",terminal:8:9.4:t1,net:8:N18,9.4:t1,
GND,,9,,,edge:9:diagram_to_component:9.1,,9.1,,,,,,,,,,,HAS_COMPONENT,,,,diagram:9,component:9:9.1,,
Battery,,9,,,edge:9:diagram_to_component:2.1,,2.1,,,,,,,,,,,HAS_COMPONENT,,,,diagram:9,component:9:2.1,,
Current_Source,,9,,,edge:9:diagram_to_component:6.1,,6.1,,,,,,,,,,,HAS_COMPONENT,,,,diagram:9,component:9:6.1,,
GND,,9,,,edge:9:diagram_to_component:9.2,,9.2,,,,,,,,,,,HAS_COMPONENT,,,,diagram:9,component:9:9.2,,
Mosfet,,9,,,edge:9:diagram_to_component:16.1,,16.1,,,,,,,,,,,HAS_COMPONENT,,,,diagram:9,component:9:16.1,,
Mosfet,,9,,,edge:9:diagram_to_component:16.2,,16.2,,,,,,,,,,,HAS_COMPONENT,,,,diagram:9,component:9:16.2,,
Mosfet,,9,,,edge:9:diagram_to_component:16.3,,16.3,,,,,,,,,,,HAS_COMPONENT,,,,diagram:9,component:9:16.3,,
Mosfet,,9,,,edge:9:diagram_to_component:16.4,,16.4,,,,,,,,,,,HAS_COMPONENT,,,,diagram:9,component:9:16.4,,
GND,,9,,,edge:9:diagram_to_component:9.3,,9.3,,,,,,,,,,,HAS_COMPONENT,,,,diagram:9,component:9:9.3,,
,,9,,,edge:9:diagram_to_net:N1,,,False,,,,,,N1,,1,,HAS_NET,,,,diagram:9,net:9:N1,,
,,9,,,edge:9:diagram_to_net:N2,,,False,,,,,,N2,,2,,HAS_NET,,,,diagram:9,net:9:N2,,
,,9,,,edge:9:diagram_to_net:N3,,,False,,,,,,N3,,3,,HAS_NET,,,,diagram:9,net:9:N3,,
,,9,,,edge:9:diagram_to_net:N4,,,False,,,,,,N4,,4,,HAS_NET,,,,diagram:9,net:9:N4,,
,,9,,,edge:9:diagram_to_net:N5,,,False,,,,,,N5,,5,,HAS_NET,,,,diagram:9,net:9:N5,,
,,9,,,edge:9:diagram_to_net:N6,,,False,,,,,,N6,,6,,HAS_NET,,,,diagram:9,net:9:N6,,
,,9,,,edge:9:diagram_to_net:N7,,,False,,,,,,N7,,7,,HAS_NET,,,,diagram:9,net:9:N7,,
,,9,,,edge:9:diagram_to_net:N8,,,False,,,,,,N8,,8,,HAS_NET,,,,diagram:9,net:9:N8,,
,,9,,,edge:9:diagram_to_net:N9,,,False,,,,,,N9,,9,,HAS_NET,,,,diagram:9,net:9:N9,,
,,9,t1,9.1:t1,edge:9:component:9.1:terminal:9.1:t1,,9.1,,,,,,,,,,,HAS_TERMINAL,top,,,component:9:9.1,terminal:9:9.1:t1,9.1:t1,t1
,,9,positive,2.1:positive,edge:9:component:2.1:terminal:2.1:t1,,2.1,,,,,,,,,,,HAS_TERMINAL,top,positive,,component:9:2.1,terminal:9:2.1:t1,2.1:t1,t1
,,9,negative,2.1:negative,edge:9:component:2.1:terminal:2.1:t2,,2.1,,,,,,,,,,,HAS_TERMINAL,bottom,negative,,component:9:2.1,terminal:9:2.1:t2,2.1:t2,t2
,,9,current_from,6.1:current_from,edge:9:component:6.1:terminal:6.1:t1,,6.1,,,,,,,,,,,HAS_TERMINAL,top,current_from,,component:9:6.1,terminal:9:6.1:t1,6.1:t1,t1
,,9,current_to,6.1:current_to,edge:9:component:6.1:terminal:6.1:t2,,6.1,,,,,,,,,,,HAS_TERMINAL,bottom,current_to,,component:9:6.1,terminal:9:6.1:t2,6.1:t2,t2
,,9,t1,9.2:t1,edge:9:component:9.2:terminal:9.2:t1,,9.2,,,,,,,,,,,HAS_TERMINAL,top,,,component:9:9.2,terminal:9:9.2:t1,9.2:t1,t1
,,9,G,16.1:G,edge:9:component:16.1:terminal:16.1:t1,,16.1,,,,,,,,,,,HAS_TERMINAL,right,G,,component:9:16.1,terminal:9:16.1:t1,16.1:t1,t1
,,9,D,16.1:D,edge:9:component:16.1:terminal:16.1:t2,,16.1,,,,,,,,,,,HAS_TERMINAL,top,D,,component:9:16.1,terminal:9:16.1:t2,16.1:t2,t2
,,9,S,16.1:S,edge:9:component:16.1:terminal:16.1:t3,,16.1,,,,,,,,,,,HAS_TERMINAL,bottom,S,,component:9:16.1,terminal:9:16.1:t3,16.1:t3,t3
,,9,G,16.2:G,edge:9:component:16.2:terminal:16.2:t1,,16.2,,,,,,,,,,,HAS_TERMINAL,right,G,,component:9:16.2,terminal:9:16.2:t1,16.2:t1,t1
,,9,D,16.2:D,edge:9:component:16.2:terminal:16.2:t2,,16.2,,,,,,,,,,,HAS_TERMINAL,top,D,,component:9:16.2,terminal:9:16.2:t2,16.2:t2,t2
,,9,S,16.2:S,edge:9:component:16.2:terminal:16.2:t3,,16.2,,,,,,,,,,,HAS_TERMINAL,bottom,S,,component:9:16.2,terminal:9:16.2:t3,16.2:t3,t3
,,9,G,16.3:G,edge:9:component:16.3:terminal:16.3:t1,,16.3,,,,,,,,,,,HAS_TERMINAL,left,G,,component:9:16.3,terminal:9:16.3:t1,16.3:t1,t1
,,9,D,16.3:D,edge:9:component:16.3:terminal:16.3:t2,,16.3,,,,,,,,,,,HAS_TERMINAL,top,D,,component:9:16.3,terminal:9:16.3:t2,16.3:t2,t2
,,9,S,16.3:S,edge:9:component:16.3:terminal:16.3:t3,,16.3,,,,,,,,,,,HAS_TERMINAL,bottom,S,,component:9:16.3,terminal:9:16.3:t3,16.3:t3,t3
,,9,G,16.4:G,edge:9:component:16.4:terminal:16.4:t1,,16.4,,,,,,,,,,,HAS_TERMINAL,left,G,,component:9:16.4,terminal:9:16.4:t1,16.4:t1,t1
,,9,D,16.4:D,edge:9:component:16.4:terminal:16.4:t2,,16.4,,,,,,,,,,,HAS_TERMINAL,top,D,,component:9:16.4,terminal:9:16.4:t2,16.4:t2,t2
,,9,S,16.4:S,edge:9:component:16.4:terminal:16.4:t3,,16.4,,,,,,,,,,,HAS_TERMINAL,bottom,S,,component:9:16.4,terminal:9:16.4:t3,16.4:t3,t3
,,9,t1,9.3:t1,edge:9:component:9.3:terminal:9.3:t1,,9.3,,,,,,,,,,,HAS_TERMINAL,top,,,component:9:9.3,terminal:9:9.3:t1,9.3:t1,t1
,GND,9,,9.1:t1,edge:9:terminal:9.1:t1:net:N1,,,,False,ok,1.0,matched_preferred,[],N1,,1,False,CONNECTED_TO,,,"[218, 934]",terminal:9:9.1:t1,net:9:N1,9.1:t1,
,Battery,9,,2.1:positive,edge:9:terminal:2.1:t1:net:N2,,,,False,ok,1.0,matched_preferred,[],N2,,2,False,CONNECTED_TO,,positive,"[218, 649]",terminal:9:2.1:t1,net:9:N2,2.1:t1,
,Battery,9,,2.1:negative,edge:9:terminal:2.1:t2:net:N1,,,,False,ok,1.0,matched_preferred,[],N1,,1,False,CONNECTED_TO,,negative,"[218, 862]",terminal:9:2.1:t2,net:9:N1,2.1:t2,
,Current_Source,9,,6.1:current_from,edge:9:terminal:6.1:t1:net:N5,,,,False,ok,0.0,matched_preferred,[],N5,,5,False,CONNECTED_TO,,current_from,"[364, 171]",terminal:9:6.1:t1,net:9:N5,6.1:t1,
,Current_Source,9,,6.1:current_to,edge:9:terminal:6.1:t2:net:N6,,,,False,ok,0.0,matched_preferred,[],N6,,6,False,CONNECTED_TO,,current_to,"[364, 366]",terminal:9:6.1:t2,net:9:N6,6.1:t2,
,GND,9,,9.2:t1,edge:9:terminal:9.2:t1:net:N4,,,,False,ok,2.0,matched_preferred,[],N4,,4,False,CONNECTED_TO,,,"[364, 933]",terminal:9:9.2:t1,net:9:N4,9.2:t1,
,Mosfet,9,,16.1:G,edge:9:terminal:16.1:t1:net:N6,,,,False,ok,0.0,matched_preferred,[],N6,,6,False,CONNECTED_TO,,G,"[486, 796]",terminal:9:16.1:t1,net:9:N6,16.1:t1,
,Mosfet,9,,16.1:D,edge:9:terminal:16.1:t2:net:N3,,,,False,ok,0.0,matched_preferred,[],N3,,3,False,CONNECTED_TO,,D,"[364, 721]",terminal:9:16.1:t2,net:9:N3,16.1:t2,
,Mosfet,9,,16.1:S,edge:9:terminal:16.1:t3:net:N4,,,,False,ok,0.0,matched_preferred,[],N4,,4,False,CONNECTED_TO,,S,"[364, 879]",terminal:9:16.1:t3,net:9:N4,16.1:t3,
,Mosfet,9,,16.2:G,edge:9:terminal:16.2:t1:net:N6,,,,False,ok,1.0,matched_preferred,[],N6,,6,False,CONNECTED_TO,,G,"[485, 587]",terminal:9:16.2:t1,net:9:N6,16.2:t1,
,Mosfet,9,,16.2:D,edge:9:terminal:16.2:t2:net:N6,,,,False,ok,0.0,matched_preferred,[],N6,,6,False,CONNECTED_TO,,D,"[364, 511]",terminal:9:16.2:t2,net:9:N6,16.2:t2,
,Mosfet,9,,16.2:S,edge:9:terminal:16.2:t3:net:N3,,,,False,ok,0.0,matched_preferred,[],N3,,3,False,CONNECTED_TO,,S,"[364, 675]",terminal:9:16.2:t3,net:9:N3,16.2:t3,
,Mosfet,9,,16.3:G,edge:9:terminal:16.3:t1:net:N6,,,,False,ok,1.0,matched_preferred,[],N6,,6,False,CONNECTED_TO,,G,"[688, 587]",terminal:9:16.3:t1,net:9:N6,16.3:t1,
,Mosfet,9,,16.3:D,edge:9:terminal:16.3:t2:net:N7,,,,False,ok,0.0,matched_preferred,[],N7,,7,False,CONNECTED_TO,,D,"[802, 508]",terminal:9:16.3:t2,net:9:N7,16.3:t2,
,Mosfet,9,,16.3:S,edge:9:terminal:16.3:t3:net:N8,,,,False,ok,0.0,matched_preferred,[],N8,,8,False,CONNECTED_TO,,S,"[802, 669]",terminal:9:16.3:t3,net:9:N8,16.3:t3,
,Mosfet,9,,16.4:G,edge:9:terminal:16.4:t1:net:N6,,,,False,ok,0.0,matched_preferred,[],N6,,6,False,CONNECTED_TO,,G,"[685, 796]",terminal:9:16.4:t1,net:9:N6,16.4:t1,
,Mosfet,9,,16.4:D,edge:9:terminal:16.4:t2:net:N8,,,,False,ok,0.0,matched_preferred,[],N8,,8,False,CONNECTED_TO,,D,"[802, 718]",terminal:9:16.4:t2,net:9:N8,16.4:t2,
,Mosfet,9,,16.4:S,edge:9:terminal:16.4:t3:net:N9,,,,False,ok,0.0,matched_preferred,[],N9,,9,False,CONNECTED_TO,,S,"[802, 879]",terminal:9:16.4:t3,net:9:N9,16.4:t3,
,GND,9,,9.3:t1,edge:9:terminal:9.3:t1:net:N9,,,,False,ok,0.0,matched_preferred,[],N9,,9,False,CONNECTED_TO,,,"[802, 933]",terminal:9:9.3:t1,net:9:N9,9.3:t1,
