bbox_x1,bbox_x2,bbox_y1,bbox_y2,class_id,class_name,component_class_id,component_class_name,component_node_id,confidence,connected_semantic_terminal_names,connected_terminal_display_ids,connected_terminal_ids,diagram_id,display_name,display_terminal_id,estimated_connection_side,estimated_orientation,image_height,image_name,image_path,image_width,implicit_anchor_terminal_id,implicit_reason,instance_id,is_implicit_supply,is_suspicious_match,label,match_confidence,match_distance_px,match_status,match_warnings,matched_net_id,matched_net_implicit_reason,matched_net_index,matched_net_is_implicit_supply,merged_source_labels,n_components,n_connected_terminals,n_connections,n_nets,n_terminals,n_terminals_estimated,net_id,net_index,node_id,node_type,pixel_count,preferred_from_05_implicit_reason,preferred_from_05_is_implicit_supply,preferred_net_id_from_05,preferred_net_index_from_05,relative_position,search_kind,search_stage,search_window,semantic_confidence,semantic_direction,semantic_evidence_type,semantic_polarity,semantic_resolution_mode,semantic_role_family,semantic_slot,semantic_terminal_id,semantic_terminal_name,snap_x,snap_y,source_json_stage,source_label,symbol_type,terminal_id,terminal_name,terminal_point_debug,terminal_point_mode,use_for_masking,use_for_terminals,x,y
,,,,,,,,,,,,,1,,,,,1024,1.jpg,C:\Users\m.profilo\Desktop\tesi_diagrams_yolo\data\batch_v8_polarita_componenti\1.jpg,1024,,,,,,1,,,,,,,,,,17,,29,6,,29,,,diagram:1,Diagram,,,,,,,,,,,,,,,,,,,,,06_match_terminals_to_nets,,,,,,,,,,
14.35,47.05,364.53,407.39,26,Terminal,,,,0.7004,,,,1,,,,right,,,,,,,26.1,,,26.1,,,,,,,,,,,,,,1,,,,component:1:26.1,Component,,,,,,,,,,,,,,,,,,,,,,,variable_terminal,,,,,True,True,,
74.47,152.3,589.1,694.98,6,Current_Source,,,,0.9235,,,,1,,,,vertical,,,,,,,6.1,,,6.1,,,,,,,,,,,,,,2,,,,component:1:6.1,Component,,,,,,,,,,,,,,,,,,,,,,,two_terminal,,,,,True,True,,
184.54,253.19,728.66,804.38,20,Polarized_Capacitor,,,,0.764,,,,1,,,,vertical,,,,,,,20.1,,,20.1,,,,,,,,,,,,,,2,,,,component:1:20.1,Component,,,,,,,,,,,,,,,,,,,,,,,two_terminal,,,,,True,True,,
277.99,382.66,354.74,421.15,22,Resistor,,,,0.8687,,,,1,,,,horizontal,,,,,,,22.1,,,22.1,,,,,,,,,,,,,,2,,,,component:1:22.1,Component,,,,,,,,,,,,,,,,,,,,,,,two_terminal,,,,,True,True,,
339.64,392.87,623.72,720.93,20,Polarized_Capacitor,,,,0.8488,,,,1,,,,horizontal,,,,,,,20.2,,,20.2,,,,,,,,,,,,,,2,,,,component:1:20.2,Component,,,,,,,,,,,,,,,,,,,,,,,two_terminal,,,,,True,True,,
485.53,520.57,828.34,873.93,26,Terminal,,,,0.7437,,,,1,,,,bottom,,,,,,,26.2,,,26.2,,,,,,,,,,,,,,1,,,,component:1:26.2,Component,,,,,,,,,,,,,,,,,,,,,,,variable_terminal,,,,,True,True,,
485.06,521.49,715.47,761.53,26,Terminal,,,,0.6474,,,,1,,,,top,,,,,,,26.3,,,26.3,,,,,,,,,,,,,,1,,,,component:1:26.3,Component,,,,,,,,,,,,,,,,,,,,,,,variable_terminal,,,,,True,True,,
455.89,552.89,336.05,402.26,25,Switch,,,,0.8254,,,,1,,,,horizontal,,,,,,,25.1,,,25.1,,,,,,,,,,,,,,2,,,,component:1:25.1,Component,,,,,,,,,,,,,,,,,,,,,,,two_terminal,,,,,True,True,,
475.36,549.65,52.22,150.51,6,Current_Source,,,,0.9187,,,,1,,,,horizontal,,,,,,,6.2,,,6.2,,,,,,,,,,,,,,2,,,,component:1:6.2,Component,,,,,,,,,,,,,,,,,,,,,,,two_terminal,,,,,True,True,,
463.56,570.41,201.14,267.03,22,Resistor,,,,0.8528,,,,1,,,,horizontal,,,,,,,22.2,,,22.2,,,,,,,,,,,,,,2,,,,component:1:22.2,Component,,,,,,,,,,,,,,,,,,,,,,,two_terminal,,,,,True,True,,
560.21,626.38,958.14,1018.33,9,GND,,,,0.8283,,,,1,,,top,up,,,,,,,9.1,,,9.1,,,,,,,,,,,,,,1,,,,component:1:9.1,Component,,,,,,,,,,,,,,,,,,,,,,,one_terminal,,,,,True,True,,
613.38,665.45,507.58,597.79,20,Polarized_Capacitor,,,,0.8609,,,,1,,,,horizontal,,,,,,,20.3,,,20.3,,,,,,,,,,,,,,2,,,,component:1:20.3,Component,,,,,,,,,,,,,,,,,,,,,,,two_terminal,,,,,True,True,,
645.38,696.31,623.27,720.18,20,Polarized_Capacitor,,,,0.8622,,,,1,,,,horizontal,,,,,,,20.4,,,20.4,,,,,,,,,,,,,,2,,,,component:1:20.4,Component,,,,,,,,,,,,,,,,,,,,,,,two_terminal,,,,,True,True,,
632.82,769.82,331.27,438.72,31,Voltage_Source,,,,0.8678,,,,1,,,,horizontal,,,,,,,31.1,,,31.1,,,,,,,,,,,,,,2,,,,component:1:31.1,Component,,,,,,,,,,,,,,,,,,,,,,,two_terminal,,,,,True,True,,
785.23,855.43,729.61,805.24,20,Polarized_Capacitor,,,,0.804,,,,1,,,,vertical,,,,,,,20.5,,,20.5,,,,,,,,,,,,,,2,,,,component:1:20.5,Component,,,,,,,,,,,,,,,,,,,,,,,two_terminal,,,,,True,True,,
886.34,964.75,588.42,694.96,6,Current_Source,,,,0.9169,,,,1,,,,vertical,,,,,,,6.3,,,6.3,,,,,,,,,,,,,,2,,,,component:1:6.3,Component,,,,,,,,,,,,,,,,,,,,,,,two_terminal,,,,,True,True,,
991.81,1023.63,364.59,406.67,26,Terminal,,,,0.6791,,,,1,,,,left,,,,,,,26.4,,,26.4,,,,,,,,,,,,,,1,,,,component:1:26.4,Component,,,,,,,,,,,,,,,,,,,,,,,variable_terminal,,,,,True,True,,
,,,,,,26,Terminal,component:1:26.1,,,,,1,t1,26.1:t1,,right,,,,,,,26.1,,False,26.1:t1,ok,0.0,matched_preferred,[],N1,,1,False,,,,,,,,,,terminal:1:26.1:t1,Terminal,,,False,N1,1,right,directional,directional_primary,"[46, 380, 70, 393]",,,,,,,,,,51,386,,,,26.1:t1,t1,"{""point_mode"": ""bbox_side_center"", ""anchor_offset_ratio"": 0.5}",bbox_side_center,,,51.05,385.96
,,,,,,6,Current_Source,component:1:6.1,,,,,1,current_from,6.1:current_from,,vertical,,,,,,,6.1,,False,6.1:current_from,ok,1.0,matched_preferred,[],N1,,1,False,,,,,,,,,,terminal:1:6.1:t1,Terminal,,,False,N1,1,top,directional,directional_primary,"[105, 563, 122, 592]",0.4586,current_from,symbol_heuristic,,current_source_direction_from_arrow,current_direction,other_side,6.1:current_from,current_from,112,585,,,,6.1:t1,t1,"{""point_mode"": ""bbox_side_center"", ""anchor_offset_ratio"": 0.5001}",bbox_side_center,,,113.39,585.1
,,,,,,6,Current_Source,component:1:6.1,,,,,1,current_to,6.1:current_to,,vertical,,,,,,,6.1,,False,6.1:current_to,ok,1.0,matched_preferred,[],N3,,3,False,,,,,,,,,,terminal:1:6.1:t2,Terminal,,,False,N3,3,bottom,directional,directional_primary,"[105, 693, 122, 722]",0.4586,current_to,symbol_heuristic,,current_source_direction_from_arrow,current_direction,marker_side,6.1:current_to,current_to,112,699,,,,6.1:t2,t2,"{""point_mode"": ""bbox_side_center"", ""anchor_offset_ratio"": 0.5001}",bbox_side_center,,,113.39,698.98
,,,,,,20,Polarized_Capacitor,component:1:20.1,,,,,1,positive,20.1:positive,,vertical,,,,,,,20.1,,False,20.1:positive,ok,1.0,matched_preferred,[],N1,,1,False,,,,,,,,,,terminal:1:20.1:t1,Terminal,,,False,N1,1,top,directional,directional_primary,"[213, 707, 226, 731]",0.2,,orientation_fallback,positive,polarized_capacitor_positive_from_marker,polarity,marker_side,20.1:positive,positive,218,725,,,,20.1:t1,t1,"{""point_mode"": ""bbox_side_center"", ""anchor_offset_ratio"": 0.5001}",bbox_side_center,,,218.87,724.66
,,,,,,20,Polarized_Capacitor,component:1:20.1,,,,,1,negative,20.1:negative,,vertical,,,,,,,20.1,,False,20.1:negative,ok,1.0,matched_preferred,[],N3,,3,False,,,,,,,,,,terminal:1:20.1:t2,Terminal,,,False,N3,3,bottom,directional,directional_primary,"[213, 803, 226, 827]",0.2,,orientation_fallback,negative,polarized_capacitor_positive_from_marker,polarity,other_side,20.1:negative,negative,218,808,,,,20.1:t2,t2,"{""point_mode"": ""bbox_side_center"", ""anchor_offset_ratio"": 0.5001}",bbox_side_center,,,218.87,808.38
,,,,,,22,Resistor,component:1:22.1,,,,,1,t1,22.1:t1,,horizontal,,,,,,,22.1,,False,22.1:t1,ok,2.0,matched_preferred,[],N1,,1,False,,,,,,,,,,terminal:1:22.1:t1,Terminal,,,False,N1,1,left,directional,directional_primary,"[256, 382, 280, 395]",,,,,,,,,,274,386,,,,22.1:t1,t1,"{""point_mode"": ""bbox_side_center"", ""anchor_offset_ratio"": 0.4999}",bbox_side_center,,,273.99,387.94
,,,,,,22,Resistor,component:1:22.1,,,,,1,t2,22.1:t2,,horizontal,,,,,,,22.1,,False,22.1:t2,ok,2.0,matched_preferred,[],N2,,2,False,,,,,,,,,,terminal:1:22.1:t2,Terminal,,,False,N2,2,right,directional,directional_primary,"[382, 382, 406, 395]",,,,,,,,,,387,386,,,,22.1:t2,t2,"{""point_mode"": ""bbox_side_center"", ""anchor_offset_ratio"": 0.4999}",bbox_side_center,,,386.66,387.94
,,,,,,20,Polarized_Capacitor,component:1:20.2,,,,,1,positive,20.2:positive,,horizontal,,,,,,,20.2,,False,20.2:positive,ok,0.0,matched_preferred,[],N1,,1,False,,,,,,,,,,terminal:1:20.2:t1,Terminal,,,False,N1,1,left,directional,directional_primary,"[318, 666, 342, 679]",0.2,,orientation_fallback,positive,polarized_capacitor_positive_from_marker,polarity,marker_side,20.2:positive,positive,336,672,,,,20.2:t1,t1,"{""point_mode"": ""bbox_side_center"", ""anchor_offset_ratio"": 0.5001}",bbox_side_center,,,335.64,672.33
,,,,,,20,Polarized_Capacitor,component:1:20.2,,,,,1,negative,20.2:negative,,horizontal,,,,,,,20.2,,False,20.2:negative,ok,0.0,matched_preferred,[],N4,,4,False,,,,,,,,,,terminal:1:20.2:t2,Terminal,,,False,N4,4,right,directional,directional_primary,"[392, 666, 416, 679]",0.2,,orientation_fallback,negative,polarized_capacitor_positive_from_marker,polarity,other_side,20.2:negative,negative,397,672,,,,20.2:t2,t2,"{""point_mode"": ""bbox_side_center"", ""anchor_offset_ratio"": 0.5001}",bbox_side_center,,,396.87,672.33
,,,,,,26,Terminal,component:1:26.2,,,,,1,t1,26.2:t1,,bottom,,,,,,,26.2,,False,26.2:t1,ok,0.0,matched_preferred,[],N3,,3,False,,,,,,,,,,terminal:1:26.2:t1,Terminal,,,False,N3,3,bottom,directional,directional_primary,"[497, 873, 510, 897]",,,,,,,,,,503,878,,,,26.2:t1,t1,"{""point_mode"": ""bbox_side_center"", ""anchor_offset_ratio"": 0.5}",bbox_side_center,,,503.05,877.93
,,,,,,26,Terminal,component:1:26.3,,,,,1,t1,26.3:t1,,top,,,,,,,26.3,,False,26.3:t1,ok,0.0,matched_preferred,[],N4,,4,False,,,,,,,,,,terminal:1:26.3:t1,Terminal,,,False,N4,4,top,directional,directional_primary,"[497, 693, 510, 717]",,,,,,,,,,503,711,,,,26.3:t1,t1,"{""point_mode"": ""bbox_side_center"", ""anchor_offset_ratio"": 0.4999}",bbox_side_center,,,503.27,711.47
,,,,,,25,Switch,component:1:25.1,,,,,1,t1,25.1:t1,,horizontal,,,,,,,25.1,,False,25.1:t1,ok,17.0,matched_single,"[""no_preferred_net_from_05"", ""matched_without_preferred_label"", ""used_fallback_search""]",N2,,2,False,,,,,,,,,,terminal:1:25.1:t1,Terminal,,,False,,,left,circle,circle_fallback,"[422, 339, 483, 400]",,,,,,,,,,452,386,,,,25.1:t1,t1,"{""point_mode"": ""bbox_side_center"", ""anchor_offset_ratio"": 0.4999}",bbox_side_center,,,451.89,369.15
,,,,,,25,Switch,component:1:25.1,,,,,1,t2,25.1:t2,,horizontal,,,,,,,25.1,,False,25.1:t2,ok,17.0,matched_single,"[""no_preferred_net_from_05"", ""matched_without_preferred_label"", ""used_fallback_search""]",N5,,5,False,,,,,,,,,,terminal:1:25.1:t2,Terminal,,,False,,,right,circle,circle_fallback,"[527, 339, 588, 400]",,,,,,,,,,557,386,,,,25.1:t2,t2,"{""point_mode"": ""bbox_side_center"", ""anchor_offset_ratio"": 0.4999}",bbox_side_center,,,556.89,369.15
,,,,,,6,Current_Source,component:1:6.2,,,,,1,current_from,6.2:current_from,,horizontal,,,,,,,6.2,,False,6.2:current_from,ok,1.0,matched_preferred,[],N1,,1,False,,,,,,,,,,terminal:1:6.2:t1,Terminal,,,False,N1,1,left,directional,directional_primary,"[449, 93, 478, 110]",0.4389,current_from,symbol_heuristic,,current_source_direction_from_arrow,current_direction,other_side,6.2:current_from,current_from,471,100,,,,6.2:t1,t1,"{""point_mode"": ""bbox_side_center"", ""anchor_offset_ratio"": 0.4999}",bbox_side_center,,,471.36,101.36
,,,,,,6,Current_Source,component:1:6.2,,,,,1,current_to,6.2:current_to,,horizontal,,,,,,,6.2,,False,6.2:current_to,ok,1.0,matched_preferred,[],N6,,6,False,,,,,,,,,,terminal:1:6.2:t2,Terminal,,,False,N6,6,right,directional,directional_primary,"[548, 93, 577, 110]",0.4389,current_to,symbol_heuristic,,current_source_direction_from_arrow,current_direction,marker_side,6.2:current_to,current_to,554,100,,,,6.2:t2,t2,"{""point_mode"": ""bbox_side_center"", ""anchor_offset_ratio"": 0.4999}",bbox_side_center,,,553.65,101.36
,,,,,,22,Resistor,component:1:22.2,,,,,1,t1,22.2:t1,,horizontal,,,,,,,22.2,,False,22.2:t1,ok,2.0,matched_preferred,[],N1,,1,False,,,,,,,,,,terminal:1:22.2:t1,Terminal,,,False,N1,1,left,directional,directional_primary,"[442, 228, 466, 241]",,,,,,,,,,460,232,,,,22.2:t1,t1,"{""point_mode"": ""bbox_side_center"", ""anchor_offset_ratio"": 0.4999}",bbox_side_center,,,459.56,234.08
,,,,,,22,Resistor,component:1:22.2,,,,,1,t2,22.2:t2,,horizontal,,,,,,,22.2,,False,22.2:t2,ok,2.0,matched_preferred,[],N6,,6,False,,,,,,,,,,terminal:1:22.2:t2,Terminal,,,False,N6,6,right,directional,directional_primary,"[569, 228, 593, 241]",,,,,,,,,,574,232,,,,22.2:t2,t2,"{""point_mode"": ""bbox_side_center"", ""anchor_offset_ratio"": 0.4999}",bbox_side_center,,,574.41,234.08
,,,,,,9,GND,component:1:9.1,,,,,1,t1,9.1:t1,top,up,,,,,,,9.1,,False,9.1:t1,ok,0.0,matched_preferred,[],N3,,3,False,,,,,,,,,,terminal:1:9.1:t1,Terminal,,,False,N3,3,top,directional,directional_primary,"[587, 936, 600, 960]",,,,,,,,,,593,954,,,,9.1:t1,t1,"{""point_mode"": ""one_terminal_axis_center"", ""anchor_offset_ratio"": 0.5}",two_terminal_side_peak,,,593.3,954.14
,,,,,,20,Polarized_Capacitor,component:1:20.3,,,,,1,positive,20.3:positive,,horizontal,,,,,,,20.3,,False,20.3:positive,ok,2.0,matched_preferred,[],N1,,1,False,,,,,,,,,,terminal:1:20.3:t1,Terminal,,,False,N1,1,left,directional,directional_primary,"[591, 547, 615, 560]",0.2,,orientation_fallback,positive,polarized_capacitor_positive_from_marker,polarity,marker_side,20.3:positive,positive,609,551,,,,20.3:t1,t1,"{""point_mode"": ""bbox_side_center"", ""anchor_offset_ratio"": 0.4999}",bbox_side_center,,,609.38,552.68
,,,,,,20,Polarized_Capacitor,component:1:20.3,,,,,1,negative,20.3:negative,,horizontal,,,,,,,20.3,,False,20.3:negative,ok,2.0,matched_preferred,[],N6,,6,False,,,,,,,,,,terminal:1:20.3:t2,Terminal,,,False,N6,6,right,directional,directional_primary,"[664, 547, 688, 560]",0.2,,orientation_fallback,negative,polarized_capacitor_positive_from_marker,polarity,other_side,20.3:negative,negative,669,551,,,,20.3:t2,t2,"{""point_mode"": ""bbox_side_center"", ""anchor_offset_ratio"": 0.4999}",bbox_side_center,,,669.45,552.68
,,,,,,20,Polarized_Capacitor,component:1:20.4,,,,,1,positive,20.4:positive,,horizontal,,,,,,,20.4,,False,20.4:positive,ok,0.0,matched_preferred,[],N4,,4,False,,,,,,,,,,terminal:1:20.4:t1,Terminal,,,False,N4,4,left,directional,directional_primary,"[623, 666, 647, 679]",0.2,,orientation_fallback,positive,polarized_capacitor_positive_from_marker,polarity,marker_side,20.4:positive,positive,641,672,,,,20.4:t1,t1,"{""point_mode"": ""bbox_side_center"", ""anchor_offset_ratio"": 0.4999}",bbox_side_center,,,641.38,671.72
,,,,,,20,Polarized_Capacitor,component:1:20.4,,,,,1,negative,20.4:negative,,horizontal,,,,,,,20.4,,False,20.4:negative,ok,0.0,matched_preferred,[],N6,,6,False,,,,,,,,,,terminal:1:20.4:t2,Terminal,,,False,N6,6,right,directional,directional_primary,"[695, 666, 719, 679]",0.2,,orientation_fallback,negative,polarized_capacitor_positive_from_marker,polarity,other_side,20.4:negative,negative,700,672,,,,20.4:t2,t2,"{""point_mode"": ""bbox_side_center"", ""anchor_offset_ratio"": 0.4999}",bbox_side_center,,,700.31,671.72
,,,,,,31,Voltage_Source,component:1:31.1,,,,,1,positive,31.1:positive,,horizontal,,,,,,,31.1,,False,31.1:positive,ok,1.0,matched_preferred,[],N5,,5,False,,,,,,,,,,terminal:1:31.1:t1,Terminal,,,False,N5,5,left,directional,directional_primary,"[607, 377, 636, 394]",0.6243,,symbol_heuristic,positive,voltage_source_positive_from_plus_marker,polarity,marker_side,31.1:positive,positive,629,386,,,,31.1:t1,t1,"{""point_mode"": ""bbox_side_center"", ""anchor_offset_ratio"": 0.5}",bbox_side_center,,,628.82,385.0
,,,,,,31,Voltage_Source,component:1:31.1,,,,,1,negative,31.1:negative,,horizontal,,,,,,,31.1,,False,31.1:negative,ok,1.0,matched_preferred,[],N6,,6,False,,,,,,,,,,terminal:1:31.1:t2,Terminal,,,False,N6,6,right,directional,directional_primary,"[768, 377, 797, 394]",0.6243,,symbol_heuristic,negative,voltage_source_positive_from_plus_marker,polarity,other_side,31.1:negative,negative,774,386,,,,31.1:t2,t2,"{""point_mode"": ""bbox_side_center"", ""anchor_offset_ratio"": 0.5}",bbox_side_center,,,773.82,385.0
,,,,,,20,Polarized_Capacitor,component:1:20.5,,,,,1,positive,20.5:positive,,vertical,,,,,,,20.5,,False,20.5:positive,ok,0.0,matched_preferred,[],N6,,6,False,,,,,,,,,,terminal:1:20.5:t1,Terminal,,,False,N6,6,top,directional,directional_primary,"[814, 708, 827, 732]",0.0315,,symbol_heuristic,positive,polarized_capacitor_positive_from_marker,polarity,marker_side,20.5:positive,positive,820,726,,,,20.5:t1,t1,"{""point_mode"": ""bbox_side_center"", ""anchor_offset_ratio"": 0.5}",bbox_side_center,,,820.33,725.61
,,,,,,20,Polarized_Capacitor,component:1:20.5,,,,,1,negative,20.5:negative,,vertical,,,,,,,20.5,,False,20.5:negative,ok,0.0,matched_preferred,[],N3,,3,False,,,,,,,,,,terminal:1:20.5:t2,Terminal,,,False,N3,3,bottom,directional,directional_primary,"[814, 804, 827, 828]",0.0315,,symbol_heuristic,negative,polarized_capacitor_positive_from_marker,polarity,other_side,20.5:negative,negative,820,809,,,,20.5:t2,t2,"{""point_mode"": ""bbox_side_center"", ""anchor_offset_ratio"": 0.5}",bbox_side_center,,,820.33,809.24
,,,,,,6,Current_Source,component:1:6.3,,,,,1,current_from,6.3:current_from,,vertical,,,,,,,6.3,,False,6.3:current_from,ok,1.0,matched_preferred,[],N6,,6,False,,,,,,,,,,terminal:1:6.3:t1,Terminal,,,False,N6,6,top,directional,directional_primary,"[918, 562, 935, 591]",0.4432,current_from,symbol_heuristic,,current_source_direction_from_arrow,current_direction,other_side,6.3:current_from,current_from,925,584,,,,6.3:t1,t1,"{""point_mode"": ""bbox_side_center"", ""anchor_offset_ratio"": 0.5001}",bbox_side_center,,,925.55,584.42
,,,,,,6,Current_Source,component:1:6.3,,,,,1,current_to,6.3:current_to,,vertical,,,,,,,6.3,,False,6.3:current_to,ok,1.0,matched_preferred,[],N3,,3,False,,,,,,,,,,terminal:1:6.3:t2,Terminal,,,False,N3,3,bottom,directional,directional_primary,"[918, 693, 935, 722]",0.4432,current_to,symbol_heuristic,,current_source_direction_from_arrow,current_direction,marker_side,6.3:current_to,current_to,925,699,,,,6.3:t2,t2,"{""point_mode"": ""bbox_side_center"", ""anchor_offset_ratio"": 0.5001}",bbox_side_center,,,925.55,698.96
,,,,,,26,Terminal,component:1:26.4,,,,,1,t1,26.4:t1,,left,,,,,,,26.4,,False,26.4:t1,ok,0.0,matched_preferred,[],N6,,6,False,,,,,,,,,,terminal:1:26.4:t1,Terminal,,,False,N6,6,left,directional,directional_primary,"[970, 380, 994, 393]",,,,,,,,,,988,386,,,,26.4:t1,t1,"{""point_mode"": ""bbox_side_center"", ""anchor_offset_ratio"": 0.5}",bbox_side_center,,,987.81,385.63
38,625,90,741,,,,,,,"[""positive"", ""positive"", ""positive"", ""current_from"", ""current_from""]","[""20.1:positive"", ""20.2:positive"", ""20.3:positive"", ""22.1:t1"", ""22.2:t1"", ""26.1:t1"", ""6.1:current_from"", ""6.2:current_from""]","[""20.1:t1"", ""20.2:t1"", ""20.3:t1"", ""22.1:t1"", ""22.2:t1"", ""26.1:t1"", ""6.1:t1"", ""6.2:t1""]",1,,,,,,,,,,,,False,,N1,,,,,,,,,[3],,8,,,,,N1,1,net:1:N1,Net,2345,,,,,,,,,,,,,,,,,,,,,3,,,,,,,,,
371,458,386,388,,,,,,,[],"[""22.1:t2""]","[""22.1:t2""]",1,,,,,,,,,,,,False,,N2,,,,,,,,,[10],,1,,,,,N2,2,net:1:N2,Net,88,,,,,,,,,,,,,,,,,,,,,10,,,,,,,,,
109,926,684,970,,,,,,,"[""negative"", ""negative"", ""current_to"", ""current_to""]","[""20.1:negative"", ""20.5:negative"", ""26.2:t1"", ""6.1:current_to"", ""6.3:current_to"", ""9.1:t1""]","[""20.1:t2"", ""20.5:t2"", ""26.2:t1"", ""6.1:t2"", ""6.3:t2"", ""9.1:t1""]",1,,,,,,,,,,,,False,,N3,,,,,,,,,[22],,6,,,,,N3,3,net:1:N3,Net,1647,,,,,,,,,,,,,,,,,,,,,22,,,,,,,,,
382,655,633,727,,,,,,,"[""negative"", ""positive""]","[""20.2:negative"", ""20.4:positive"", ""26.3:t1""]","[""20.2:t2"", ""20.4:t1"", ""26.3:t1""]",1,,,,,,,,,,,,False,,N4,,,,,,,,,[21],,3,,,,,N4,4,net:1:N4,Net,388,,,,,,,,,,,,,,,,,,,,,21,,,,,,,,,
549,644,385,387,,,,,,,"[""positive""]","[""31.1:positive""]","[""31.1:t1""]",1,,,,,,,,,,,,False,,N5,,,,,,,,,[9],,1,,,,,N5,5,net:1:N5,Net,96,,,,,,,,,,,,,,,,,,,,,9,,,,,,,,,
538,1001,91,741,,,,,,,"[""negative"", ""negative"", ""positive"", ""negative"", ""current_to"", ""current_from""]","[""20.3:negative"", ""20.4:negative"", ""20.5:positive"", ""22.2:t2"", ""26.4:t1"", ""31.1:negative"", ""6.2:current_to"", ""6.3:current_from""]","[""20.3:t2"", ""20.4:t2"", ""20.5:t1"", ""22.2:t2"", ""26.4:t1"", ""31.1:t2"", ""6.2:t2"", ""6.3:t1""]",1,,,,,,,,,,,,False,,N6,,,,,,,,,[4],,8,,,,,N6,6,net:1:N6,Net,2141,,,,,,,,,,,,,,,,,,,,,4,,,,,,,,,
,,,,,,,,,,,,,10,,,,,1024,10.jpg,C:\Users\m.profilo\Desktop\tesi_diagrams_yolo\data\batch_v8_polarita_componenti\10.jpg,1024,,,,,,10,,,,,,,,,,9,,16,3,,16,,,diagram:10,Diagram,,,,,,,,,,,,,,,,,,,,,06_match_terminals_to_nets,,,,,,,,,,
102.41,204.33,328.9,554.17,6,Current_Source,,,,0.9165,,,,10,,,,vertical,,,,,,,6.1,,,6.1,,,,,,,,,,,,,,2,,,,component:10:6.1,Component,,,,,,,,,,,,,,,,,,,,,,,two_terminal,,,,,True,True,,
248.44,306.19,329.2,555.65,22,Resistor,,,,0.8017,,,,10,,,,vertical,,,,,,,22.1,,,22.1,,,,,,,,,,,,,,2,,,,component:10:22.1,Component,,,,,,,,,,,,,,,,,,,,,,,two_terminal,,,,,True,True,,
361.37,438.39,392.9,499.24,20,Polarized_Capacitor,,,,0.8595,,,,10,,,,vertical,,,,,,,20.1,,,20.1,,,,,,,,,,,,,,2,,,,component:10:20.1,Component,,,,,,,,,,,,,,,,,,,,,,,two_terminal,,,,,True,True,,
499.94,555.03,172.78,331.64,20,Polarized_Capacitor,,,,0.8318,,,,10,,,,horizontal,,,,,,,20.2,,,20.2,,,,,,,,,,,,,,2,,,,component:10:20.2,Component,,,,,,,,,,,,,,,,,,,,,,,two_terminal,,,,,True,True,,
570.98,672.56,316.18,581.73,6,Current_Source,,,,0.7633,,,,10,,,,vertical,,,,,,,6.2,,,6.2,,,,,,,,,,,,,,2,,,,component:10:6.2,Component,,,,,,,,,,,,,,,,,,,,,,,two_terminal,,,,,True,True,,
741.14,819.85,397.36,500.07,20,Polarized_Capacitor,,,,0.8848,,,,10,,,,vertical,,,,,,,20.3,,,20.3,,,,,,,,,,,,,,2,,,,component:10:20.3,Component,,,,,,,,,,,,,,,,,,,,,,,two_terminal,,,,,True,True,,
886.19,945.26,334.58,561.66,22,Resistor,,,,0.8071,,,,10,,,,vertical,,,,,,,22.2,,,22.2,,,,,,,,,,,,,,2,,,,component:10:22.2,Component,,,,,,,,,,,,,,,,,,,,,,,two_terminal,,,,,True,True,,
955.18,988.85,597.03,669.6,26,Terminal,,,,0.7678,,,,10,,,,left,,,,,,,26.1,,,26.1,,,,,,,,,,,,,,1,,,,component:10:26.1,Component,,,,,,,,,,,,,,,,,,,,,,,variable_terminal,,,,,True,True,,
955.87,990.85,205.35,287.88,26,Terminal,,,,0.7623,,,,10,,,,left,,,,,,,26.2,,,26.2,,,,,,,,,,,,,,1,,,,component:10:26.2,Component,,,,,,,,,,,,,,,,,,,,,,,variable_terminal,,,,,True,True,,
,,,,,,6,Current_Source,component:10:6.1,,,,,10,current_to,6.1:current_to,,vertical,,,,,,,6.1,,False,6.1:current_to,ok,1.0,matched_preferred,[],N1,,1,False,,,,,,,,,,terminal:10:6.1:t1,Terminal,,,False,N1,1,top,directional,directional_primary,"[145, 303, 162, 332]",0.6072,current_to,symbol_heuristic,,current_source_direction_from_arrow,current_direction,marker_side,6.1:current_to,current_to,152,325,,,,6.1:t1,t1,"{""point_mode"": ""bbox_side_center"", ""anchor_offset_ratio"": 0.5}",bbox_side_center,,,153.37,324.9
,,,,,,6,Current_Source,component:10:6.1,,,,,10,current_from,6.1:current_from,,vertical,,,,,,,6.1,,False,6.1:current_from,ok,1.0,matched_preferred,[],N2,,2,False,,,,,,,,,,terminal:10:6.1:t2,Terminal,,,False,N2,2,bottom,directional,directional_primary,"[145, 552, 162, 581]",0.6072,current_from,symbol_heuristic,,current_source_direction_from_arrow,current_direction,other_side,6.1:current_from,current_from,152,558,,,,6.1:t2,t2,"{""point_mode"": ""bbox_side_center"", ""anchor_offset_ratio"": 0.5}",bbox_side_center,,,153.37,558.17
,,,,,,22,Resistor,component:10:22.1,,,,,10,t1,22.1:t1,,vertical,,,,,,,22.1,,False,22.1:t1,ok,1.0,matched_preferred,[],N1,,1,False,,,,,,,,,,terminal:10:22.1:t1,Terminal,,,False,N1,1,top,directional,directional_primary,"[271, 307, 284, 331]",,,,,,,,,,276,325,,,,22.1:t1,t1,"{""point_mode"": ""bbox_side_center"", ""anchor_offset_ratio"": 0.4999}",bbox_side_center,,,277.31,325.2
,,,,,,22,Resistor,component:10:22.1,,,,,10,t2,22.1:t2,,vertical,,,,,,,22.1,,False,22.1:t2,ok,1.0,matched_preferred,[],N2,,2,False,,,,,,,,,,terminal:10:22.1:t2,Terminal,,,False,N2,2,bottom,directional,directional_primary,"[271, 555, 284, 579]",,,,,,,,,,276,560,,,,22.1:t2,t2,"{""point_mode"": ""bbox_side_center"", ""anchor_offset_ratio"": 0.4999}",bbox_side_center,,,277.31,559.65
,,,,,,20,Polarized_Capacitor,component:10:20.1,,,,,10,positive,20.1:positive,,vertical,,,,,,,20.1,,False,20.1:positive,ok,1.0,matched_preferred,[],N1,,1,False,,,,,,,,,,terminal:10:20.1:t1,Terminal,,,False,N1,1,top,directional,directional_primary,"[394, 371, 407, 395]",0.0425,,symbol_heuristic,positive,polarized_capacitor_positive_from_marker,polarity,marker_side,20.1:positive,positive,399,389,,,,20.1:t1,t1,"{""point_mode"": ""bbox_side_center"", ""anchor_offset_ratio"": 0.5}",bbox_side_center,,,399.88,388.9
,,,,,,20,Polarized_Capacitor,component:10:20.1,,,,,10,negative,20.1:negative,,vertical,,,,,,,20.1,,False,20.1:negative,ok,1.0,matched_preferred,[],N2,,2,False,,,,,,,,,,terminal:10:20.1:t2,Terminal,,,False,N2,2,bottom,directional,directional_primary,"[394, 498, 407, 522]",0.0425,,symbol_heuristic,negative,polarized_capacitor_positive_from_marker,polarity,other_side,20.1:negative,negative,399,503,,,,20.1:t2,t2,"{""point_mode"": ""bbox_side_center"", ""anchor_offset_ratio"": 0.5}",bbox_side_center,,,399.88,503.24
,,,,,,20,Polarized_Capacitor,component:10:20.2,,,,,10,positive,20.2:positive,,horizontal,,,,,,,20.2,,False,20.2:positive,ok,1.0,matched_preferred,[],N1,,1,False,,,,,,,,,,terminal:10:20.2:t1,Terminal,,,False,N1,1,left,directional,directional_primary,"[478, 246, 502, 259]",0.2,,orientation_fallback,positive,polarized_capacitor_positive_from_marker,polarity,marker_side,20.2:positive,positive,496,251,,,,20.2:t1,t1,"{""point_mode"": ""bbox_side_center"", ""anchor_offset_ratio"": 0.5}",bbox_side_center,,,495.94,252.21
,,,,,,20,Polarized_Capacitor,component:10:20.2,,,,,10,negative,20.2:negative,,horizontal,,,,,,,20.2,,False,20.2:negative,ok,1.0,matched_preferred,[],N3,,3,False,,,,,,,,,,terminal:10:20.2:t2,Terminal,,,False,N3,3,right,directional,directional_primary,"[554, 246, 578, 259]",0.2,,orientation_fallback,negative,polarized_capacitor_positive_from_marker,polarity,other_side,20.2:negative,negative,559,251,,,,20.2:t2,t2,"{""point_mode"": ""bbox_side_center"", ""anchor_offset_ratio"": 0.5}",bbox_side_center,,,559.03,252.21
,,,,,,6,Current_Source,component:10:6.2,,,,,10,current_from,6.2:current_from,,vertical,,,,,,,6.2,,False,6.2:current_from,ok,1.0,matched_preferred,[],N3,,3,False,,,,,,,,,,terminal:10:6.2:t1,Terminal,,,False,N3,3,top,directional,directional_primary,"[614, 290, 631, 319]",0.1959,current_from,symbol_heuristic,,current_source_direction_from_arrow,current_direction,other_side,6.2:current_from,current_from,623,312,,,,6.2:t1,t1,"{""point_mode"": ""bbox_side_center"", ""anchor_offset_ratio"": 0.5}",bbox_side_center,,,621.77,312.18
,,,,,,6,Current_Source,component:10:6.2,,,,,10,current_to,6.2:current_to,,vertical,,,,,,,6.2,,False,6.2:current_to,ok,1.0,matched_preferred,[],N2,,2,False,,,,,,,,,,terminal:10:6.2:t2,Terminal,,,False,N2,2,bottom,directional,directional_primary,"[614, 580, 631, 609]",0.1959,current_to,symbol_heuristic,,current_source_direction_from_arrow,current_direction,marker_side,6.2:current_to,current_to,623,586,,,,6.2:t2,t2,"{""point_mode"": ""bbox_side_center"", ""anchor_offset_ratio"": 0.5}",bbox_side_center,,,621.77,585.73
,,,,,,20,Polarized_Capacitor,component:10:20.3,,,,,10,positive,20.3:positive,,vertical,,,,,,,20.3,,False,20.3:positive,ok,0.0,matched_preferred,[],N3,,3,False,,,,,,,,,,terminal:10:20.3:t1,Terminal,,,False,N3,3,top,directional,directional_primary,"[774, 375, 787, 399]",0.0371,,symbol_heuristic,positive,polarized_capacitor_positive_from_marker,polarity,marker_side,20.3:positive,positive,780,393,,,,20.3:t1,t1,"{""point_mode"": ""bbox_side_center"", ""anchor_offset_ratio"": 0.5001}",bbox_side_center,,,780.5,393.36
,,,,,,20,Polarized_Capacitor,component:10:20.3,,,,,10,negative,20.3:negative,,vertical,,,,,,,20.3,,False,20.3:negative,ok,0.0,matched_preferred,[],N2,,2,False,,,,,,,,,,terminal:10:20.3:t2,Terminal,,,False,N2,2,bottom,directional,directional_primary,"[774, 499, 787, 523]",0.0371,,symbol_heuristic,negative,polarized_capacitor_positive_from_marker,polarity,other_side,20.3:negative,negative,780,504,,,,20.3:t2,t2,"{""point_mode"": ""bbox_side_center"", ""anchor_offset_ratio"": 0.5001}",bbox_side_center,,,780.5,504.07
,,,,,,22,Resistor,component:10:22.2,,,,,10,t1,22.2:t1,,vertical,,,,,,,22.2,,False,22.2:t1,ok,1.0,matched_preferred,[],N3,,3,False,,,,,,,,,,terminal:10:22.2:t1,Terminal,,,False,N3,3,top,directional,directional_primary,"[910, 313, 923, 337]",,,,,,,,,,915,331,,,,22.2:t1,t1,"{""point_mode"": ""bbox_side_center"", ""anchor_offset_ratio"": 0.5001}",bbox_side_center,,,915.73,330.58
,,,,,,22,Resistor,component:10:22.2,,,,,10,t2,22.2:t2,,vertical,,,,,,,22.2,,False,22.2:t2,ok,1.0,matched_preferred,[],N2,,2,False,,,,,,,,,,terminal:10:22.2:t2,Terminal,,,False,N2,2,bottom,directional,directional_primary,"[910, 561, 923, 585]",,,,,,,,,,915,566,,,,22.2:t2,t2,"{""point_mode"": ""bbox_side_center"", ""anchor_offset_ratio"": 0.5001}",bbox_side_center,,,915.73,565.66
,,,,,,26,Terminal,component:10:26.1,,,,,10,t1,26.1:t1,,left,,,,,,,26.1,,False,26.1:t1,ok,1.0,matched_preferred,[],N2,,2,False,,,,,,,,,,terminal:10:26.1:t1,Terminal,,,False,N2,2,left,directional,directional_primary,"[933, 627, 957, 640]",,,,,,,,,,951,632,,,,26.1:t1,t1,"{""point_mode"": ""bbox_side_center"", ""anchor_offset_ratio"": 0.5001}",bbox_side_center,,,951.18,633.32
,,,,,,26,Terminal,component:10:26.2,,,,,10,t1,26.2:t1,,left,,,,,,,26.2,,False,26.2:t1,ok,4.0,matched_preferred,[],N3,,3,False,,,,,,,,,,terminal:10:26.2:t1,Terminal,,,False,N3,3,left,directional,directional_primary,"[934, 241, 958, 254]",,,,,,,,,,952,251,,,,26.2:t1,t1,"{""point_mode"": ""bbox_side_center"", ""anchor_offset_ratio"": 0.5001}",bbox_side_center,,,951.87,246.62
152,510,251,405,,,,,,,"[""positive"", ""positive"", ""current_to""]","[""20.1:positive"", ""20.2:positive"", ""22.1:t1"", ""6.1:current_to""]","[""20.1:t1"", ""20.2:t1"", ""22.1:t1"", ""6.1:t1""]",10,,,,,,,,,,,,False,,N1,,,,,,,,,[4],,4,,,,,N1,1,net:10:N1,Net,690,,,,,,,,,,,,,,,,,,,,,4,,,,,,,,,
136,962,488,633,,,,,,,"[""negative"", ""negative"", ""current_from"", ""current_to""]","[""20.1:negative"", ""20.3:negative"", ""22.1:t2"", ""22.2:t2"", ""26.1:t1"", ""6.1:current_from"", ""6.2:current_to""]","[""20.1:t2"", ""20.3:t2"", ""22.1:t2"", ""22.2:t2"", ""26.1:t1"", ""6.1:t2"", ""6.2:t2""]",10,,,,,,,,,,,,False,,N2,,,,,,,,,[18],,7,,,,,N2,2,net:10:N2,Net,1453,,,,,,,,,,,,,,,,,,,,,18,,,,,,,,,
545,964,245,408,,,,,,,"[""negative"", ""positive"", ""current_from""]","[""20.2:negative"", ""20.3:positive"", ""22.2:t1"", ""26.2:t1"", ""6.2:current_from""]","[""20.2:t2"", ""20.3:t1"", ""22.2:t1"", ""26.2:t1"", ""6.2:t1""]",10,,,,,,,,,,,,False,,N3,,,,,,,,,[3],,5,,,,,N3,3,net:10:N3,Net,769,,,,,,,,,,,,,,,,,,,,,3,,,,,,,,,
,,,,,,,,,,,,,11,,,,,1024,11.jpg,C:\Users\m.profilo\Desktop\tesi_diagrams_yolo\data\batch_v8_polarita_componenti\11.jpg,1024,,,,,,11,,,,,,,,,,10,,18,8,,18,,,diagram:11,Diagram,,,,,,,,,,,,,,,,,,,,,06_match_terminals_to_nets,,,,,,,,,,
121.26,157.9,502.92,555.13,26,Terminal,,,,0.8758,,,,11,,,,right,,,,,,,26.1,,,26.1,,,,,,,,,,,,,,1,,,,component:11:26.1,Component,,,,,,,,,,,,,,,,,,,,,,,variable_terminal,,,,,True,True,,
226.81,336.64,317.86,502.6,2,Battery,,,,0.8853,,,,11,,,,vertical,,,,,,,2.1,,,2.1,,,,,,,,,,,,,,2,,,,component:11:2.1,Component,,,,,,,,,,,,,,,,,,,,,,,two_terminal,,,,,True,True,,
232.9,338.55,542.23,723.5,2,Battery,,,,0.8707,,,,11,,,,vertical,,,,,,,2.2,,,2.2,,,,,,,,,,,,,,2,,,,component:11:2.2,Component,,,,,,,,,,,,,,,,,,,,,,,two_terminal,,,,,True,True,,
362.74,457.76,682.88,826.34,16,Mosfet,,,,0.8763,,,,11,,,,left,,,,,,,16.1,,,16.1,,,,,,,,,,,,,,3,,,,component:11:16.1,Component,,,,,,,,,,,,,,,,,,,,,,,three_terminal,,,,,True,True,,
364.3,461.77,217.76,364.91,16,Mosfet,,,,0.8527,,,,11,,,,left,,,,,,,16.2,,,16.2,,,,,,,,,,,,,,3,,,,component:11:16.2,Component,,,,,,,,,,,,,,,,,,,,,,,three_terminal,,,,,True,True,,
594.24,688.98,719.95,807.25,20,Polarized_Capacitor,,,,0.5757,,,,11,,,,vertical,,,,,,,20.1,,,20.1,,,,,,,,,,,,,,2,,,,component:11:20.1,Component,,,,,,,,,,,,,,,,,,,,,,,two_terminal,,,,,True,True,,
603.44,681.59,933.87,1007.98,9,GND,,,,0.8452,,,,11,,,top,up,,,,,,,9.1,,,9.1,,,,,,,,,,,,,,1,,,,component:11:9.1,Component,,,,,,,,,,,,,,,,,,,,,,,one_terminal,,,,,True,True,,
770.18,843.96,671.08,852.0,22,Resistor,,,,0.8375,,,,11,,,,vertical,,,,,,,22.1,,,22.1,,,,,,,,,,,,,,2,,,,component:11:22.1,Component,,,,,,,,,,,,,,,,,,,,,,,two_terminal,,,,,True,True,,
769.7,845.15,933.08,1008.3,9,GND,,,,0.8371,,,,11,,,top,up,,,,,,,9.2,,,9.2,,,,,,,,,,,,,,1,,,,component:11:9.2,Component,,,,,,,,,,,,,,,,,,,,,,,one_terminal,,,,,True,True,,
857.6,893.41,501.11,559.27,26,Terminal,,,,0.828,,,,11,,,,left,,,,,,,26.2,,,26.2,,,,,,,,,,,,,,1,,,,component:11:26.2,Component,,,,,,,,,,,,,,,,,,,,,,,variable_terminal,,,,,True,True,,
,,,,,,26,Terminal,component:11:26.1,,,,,11,t1,26.1:t1,,right,,,,,,,26.1,,False,26.1:t1,ok,0.0,matched_preferred,[],N1,,1,False,,,,,,,,,,terminal:11:26.1:t1,Terminal,,,False,N1,1,right,directional,directional_primary,"[157, 523, 181, 536]",,,,,,,,,,162,529,,,,26.1:t1,t1,"{""point_mode"": ""bbox_side_center"", ""anchor_offset_ratio"": 0.4999}",bbox_side_center,,,161.9,529.02
,,,,,,2,Battery,component:11:2.1,,,,,11,positive,2.1:positive,,vertical,,,,,,,2.1,,False,2.1:positive,ok,1.0,matched_preferred,[],N3,,3,False,,,,,,,,,,terminal:11:2.1:t1,Terminal,,,False,N3,3,top,directional,directional_primary,"[276, 296, 289, 320]",0.2,,orientation_fallback,positive,battery_positive_from_long_plate,polarity,marker_side,2.1:positive,positive,283,314,,,,2.1:t1,t1,"{""point_mode"": ""bbox_side_center"", ""anchor_offset_ratio"": 0.5}",bbox_side_center,,,281.73,313.86
,,,,,,2,Battery,component:11:2.1,,,,,11,negative,2.1:negative,,vertical,,,,,,,2.1,,False,2.1:negative,ok,1.0,matched_preferred,[],N1,,1,False,,,,,,,,,,terminal:11:2.1:t2,Terminal,,,False,N1,1,bottom,directional,directional_primary,"[276, 502, 289, 526]",0.2,,orientation_fallback,negative,battery_positive_from_long_plate,polarity,other_side,2.1:negative,negative,283,507,,,,2.1:t2,t2,"{""point_mode"": ""bbox_side_center"", ""anchor_offset_ratio"": 0.5}",bbox_side_center,,,281.73,506.6
,,,,,,2,Battery,component:11:2.2,,,,,11,positive,2.2:positive,,vertical,,,,,,,2.2,,False,2.2:positive,ok,3.0,matched_preferred,[],N1,,1,False,,,,,,,,,,terminal:11:2.2:t1,Terminal,,,False,N1,1,top,directional,directional_primary,"[280, 520, 293, 544]",0.2,,orientation_fallback,positive,battery_positive_from_long_plate,polarity,marker_side,2.2:positive,positive,283,538,,,,2.2:t1,t1,"{""point_mode"": ""bbox_side_center"", ""anchor_offset_ratio"": 0.5}",bbox_side_center,,,285.73,538.23
,,,,,,2,Battery,component:11:2.2,,,,,11,negative,2.2:negative,,vertical,,,,,,,2.2,,False,2.2:negative,ok,3.0,matched_preferred,[],N2,,2,False,,,,,,,,,,terminal:11:2.2:t2,Terminal,,,False,N2,2,bottom,directional,directional_primary,"[280, 723, 293, 747]",0.2,,orientation_fallback,negative,battery_positive_from_long_plate,polarity,other_side,2.2:negative,negative,283,728,,,,2.2:t2,t2,"{""point_mode"": ""bbox_side_center"", ""anchor_offset_ratio"": 0.5}",bbox_side_center,,,285.73,727.5
,,,,,,16,Mosfet,component:11:16.1,,,,,11,G,16.1:G,,left,,,,,,,16.1,,False,16.1:G,ok,0.0,matched_preferred,[],N2,,2,False,,,,,,,,,,terminal:11:16.1:t1,Terminal,,,False,N2,2,left,directional,directional_primary,"[341, 749, 365, 762]",1.0,,,,mosfet_gate_with_optional_source_drain,,single_side,16.1:G,G,359,755,,,,16.1:t1,t1,"{""point_mode"": ""three_terminal_structured"", ""scan_axis"": ""y"", ""relative_position"": ""left"", ""scan_start"": 719, ""scan_end"": 790, ""scan_margin"": 11, ""probe_halfspan"": 6, ""probe_out_len"": 12, ""probe_inset"": 1, ""peak_coord"": 755, ""anchor_offset_ratio"": 0.5035, ""max_score"": 98, ""keep_threshold"": 83, ""selected_run_start"": 32, ""selected_run_end"": 40, ""selected_run_length"": 9, ""selected_run_score"": 98, ""three_terminal_role"": ""single_side_terminal"", ""three_terminal_orientation"": ""left""}",three_terminal_structured,,,359.0,755.0
,,,,,,16,Mosfet,component:11:16.1,,,,,11,D,16.1:D,,left,,,,,,,16.1,,False,16.1:D,ok,0.0,matched_preferred,[],N7,,7,False,,,,,,,,,,terminal:11:16.1:t2,Terminal,,,False,N7,7,top,directional,directional_primary,"[443, 661, 456, 685]",0.1676,,,,mosfet_gate_with_optional_source_drain,,other_branch,16.1:D,D,449,679,,,,16.1:t2,t2,"{""point_mode"": ""three_terminal_structured"", ""scan_axis"": ""x"", ""relative_position"": ""top"", ""scan_start"": 412, ""scan_end"": 454, ""scan_margin"": 8, ""probe_halfspan"": 6, ""probe_out_len"": 12, ""probe_inset"": 1, ""peak_coord"": 449, ""anchor_offset_ratio"": 0.9053, ""max_score"": 70, ""keep_threshold"": 60, ""selected_run_start"": 33, ""selected_run_end"": 41, ""selected_run_length"": 9, ""selected_run_score"": 70, ""three_terminal_role"": ""orthogonal_pair_terminal"", ""three_terminal_orientation"": ""left"", ""three_terminal_pair_bias"": ""opposite_side"", ""three_terminal_pair_bias_debug"": {""top"": {""local_score"": 87.5, ""point_mode"": ""side_peak_outside"", ""scan_axis"": ""x"", ""relative_position"": ""top"", ""scan_start"": 412, ""scan_end"": 454, ""scan_margin"": 8, ""probe_halfspan"": 6, ""probe_out_len"": 12, ""probe_inset"": 1, ""peak_coord"": 449, ""anchor_offset_ratio"": 0.9053, ""max_score"": 70, ""keep_threshold"": 60, ""selected_run_start"": 33, ""selected_run_end"": 41, ""selected_run_length"": 9, ""selected_run_score"": 70}, ""bottom"": {""local_score"": 87.5, ""point_mode"": ""side_peak_outside"", ""scan_axis"": ""x"", ""relative_position"": ""bottom"", ""scan_start"": 412, ""scan_end"": 454, ""scan_margin"": 8, ""probe_halfspan"": 6, ""probe_out_len"": 12, ""probe_inset"": 1, ""peak_coord"": 449, ""anchor_offset_ratio"": 0.9053, ""max_score"": 70, ""keep_threshold"": 60, ""selected_run_start"": 33, ""selected_run_end"": 41, ""selected_run_length"": 9, ""selected_run_score"": 70}}}",three_terminal_structured,,,449.0,679.0
,,,,,,16,Mosfet,component:11:16.1,,,,,11,S,16.1:S,,left,,,,,,,16.1,,False,16.1:S,ok,0.0,matched_preferred,[],N5,,5,False,,,,,,,,,,terminal:11:16.1:t3,Terminal,,,False,N5,5,bottom,directional,directional_primary,"[443, 825, 456, 849]",0.1676,,,,mosfet_gate_with_optional_source_drain,,arrow_branch,16.1:S,S,449,830,,,,16.1:t3,t3,"{""point_mode"": ""three_terminal_structured"", ""scan_axis"": ""x"", ""relative_position"": ""bottom"", ""scan_start"": 412, ""scan_end"": 454, ""scan_margin"": 8, ""probe_halfspan"": 6, ""probe_out_len"": 12, ""probe_inset"": 1, ""peak_coord"": 449, ""anchor_offset_ratio"": 0.9053, ""max_score"": 70, ""keep_threshold"": 60, ""selected_run_start"": 33, ""selected_run_end"": 41, ""selected_run_length"": 9, ""selected_run_score"": 70, ""three_terminal_role"": ""orthogonal_pair_terminal"", ""three_terminal_orientation"": ""left"", ""three_terminal_pair_bias"": ""opposite_side"", ""three_terminal_pair_bias_debug"": {""top"": {""local_score"": 87.5, ""point_mode"": ""side_peak_outside"", ""scan_axis"": ""x"", ""relative_position"": ""top"", ""scan_start"": 412, ""scan_end"": 454, ""scan_margin"": 8, ""probe_halfspan"": 6, ""probe_out_len"": 12, ""probe_inset"": 1, ""peak_coord"": 449, ""anchor_offset_ratio"": 0.9053, ""max_score"": 70, ""keep_threshold"": 60, ""selected_run_start"": 33, ""selected_run_end"": 41, ""selected_run_length"": 9, ""selected_run_score"": 70}, ""bottom"": {""local_score"": 87.5, ""point_mode"": ""side_peak_outside"", ""scan_axis"": ""x"", ""relative_position"": ""bottom"", ""scan_start"": 412, ""scan_end"": 454, ""scan_margin"": 8, ""probe_halfspan"": 6, ""probe_out_len"": 12, ""probe_inset"": 1, ""peak_coord"": 449, ""anchor_offset_ratio"": 0.9053, ""max_score"": 70, ""keep_threshold"": 60, ""selected_run_start"": 33, ""selected_run_end"": 41, ""selected_run_length"": 9, ""selected_run_score"": 70}}}",three_terminal_structured,,,449.0,830.0
,,,,,,16,Mosfet,component:11:16.2,,,,,11,G,16.2:G,,left,,,,,,,16.2,,False,16.2:G,ok,1.0,matched_preferred,[],N3,,3,False,,,,,,,,,,terminal:11:16.2:t1,Terminal,,,False,N3,3,left,directional,directional_primary,"[342, 291, 366, 304]",1.0,,,,mosfet_gate_with_optional_source_drain,,single_side,16.2:G,G,360,296,,,,16.2:t1,t1,"{""point_mode"": ""three_terminal_structured"", ""scan_axis"": ""y"", ""relative_position"": ""left"", ""scan_start"": 255, ""scan_end"": 328, ""scan_margin"": 12, ""probe_halfspan"": 6, ""probe_out_len"": 12, ""probe_inset"": 1, ""peak_coord"": 297, ""anchor_offset_ratio"": 0.5374, ""max_score"": 140, ""keep_threshold"": 119, ""selected_run_start"": 39, ""selected_run_end"": 44, ""selected_run_length"": 6, ""selected_run_score"": 140, ""three_terminal_role"": ""single_side_terminal"", ""three_terminal_orientation"": ""left""}",three_terminal_structured,,,360.0,297.0
,,,,,,16,Mosfet,component:11:16.2,,,,,11,S,16.2:S,,left,,,,,,,16.2,,False,16.2:S,ok,0.0,matched_preferred,[],N4,,4,False,,,,,,,,,,terminal:11:16.2:t2,Terminal,,,False,N4,4,top,directional,directional_primary,"[443, 196, 456, 220]",0.4351,,,,mosfet_gate_with_optional_source_drain,,arrow_branch,16.2:S,S,449,214,,,,16.2:t2,t2,"{""point_mode"": ""three_terminal_structured"", ""scan_axis"": ""x"", ""relative_position"": ""top"", ""scan_start"": 415, ""scan_end"": 458, ""scan_margin"": 8, ""probe_halfspan"": 6, ""probe_out_len"": 12, ""probe_inset"": 1, ""peak_coord"": 449, ""anchor_offset_ratio"": 0.8673, ""max_score"": 70, ""keep_threshold"": 60, ""selected_run_start"": 30, ""selected_run_end"": 38, ""selected_run_length"": 9, ""selected_run_score"": 70, ""three_terminal_role"": ""orthogonal_pair_terminal"", ""three_terminal_orientation"": ""left"", ""three_terminal_pair_bias"": ""opposite_side"", ""three_terminal_pair_bias_debug"": {""top"": {""local_score"": 87.5, ""point_mode"": ""side_peak_outside"", ""scan_axis"": ""x"", ""relative_position"": ""top"", ""scan_start"": 415, ""scan_end"": 458, ""scan_margin"": 8, ""probe_halfspan"": 6, ""probe_out_len"": 12, ""probe_inset"": 1, ""peak_coord"": 449, ""anchor_offset_ratio"": 0.8673, ""max_score"": 70, ""keep_threshold"": 60, ""selected_run_start"": 30, ""selected_run_end"": 38, ""selected_run_length"": 9, ""selected_run_score"": 70}, ""bottom"": {""local_score"": 87.5, ""point_mode"": ""side_peak_outside"", ""scan_axis"": ""x"", ""relative_position"": ""bottom"", ""scan_start"": 415, ""scan_end"": 458, ""scan_margin"": 8, ""probe_halfspan"": 6, ""probe_out_len"": 12, ""probe_inset"": 1, ""peak_coord"": 449, ""anchor_offset_ratio"": 0.8673, ""max_score"": 70, ""keep_threshold"": 60, ""selected_run_start"": 30, ""selected_run_end"": 38, ""selected_run_length"": 9, ""selected_run_score"": 70}}}",three_terminal_structured,,,449.0,214.0
,,,,,,16,Mosfet,component:11:16.2,,,,,11,D,16.2:D,,left,,,,,,,16.2,,False,16.2:D,ok,0.0,matched_preferred,[],N7,,7,False,,,,,,,,,,terminal:11:16.2:t3,Terminal,,,False,N7,7,bottom,directional,directional_primary,"[443, 364, 456, 388]",0.4351,,,,mosfet_gate_with_optional_source_drain,,other_branch,16.2:D,D,449,369,,,,16.2:t3,t3,"{""point_mode"": ""three_terminal_structured"", ""scan_axis"": ""x"", ""relative_position"": ""bottom"", ""scan_start"": 415, ""scan_end"": 458, ""scan_margin"": 8, ""probe_halfspan"": 6, ""probe_out_len"": 12, ""probe_inset"": 1, ""peak_coord"": 449, ""anchor_offset_ratio"": 0.8673, ""max_score"": 70, ""keep_threshold"": 60, ""selected_run_start"": 30, ""selected_run_end"": 38, ""selected_run_length"": 9, ""selected_run_score"": 70, ""three_terminal_role"": ""orthogonal_pair_terminal"", ""three_terminal_orientation"": ""left"", ""three_terminal_pair_bias"": ""opposite_side"", ""three_terminal_pair_bias_debug"": {""top"": {""local_score"": 87.5, ""point_mode"": ""side_peak_outside"", ""scan_axis"": ""x"", ""relative_position"": ""top"", ""scan_start"": 415, ""scan_end"": 458, ""scan_margin"": 8, ""probe_halfspan"": 6, ""probe_out_len"": 12, ""probe_inset"": 1, ""peak_coord"": 449, ""anchor_offset_ratio"": 0.8673, ""max_score"": 70, ""keep_threshold"": 60, ""selected_run_start"": 30, ""selected_run_end"": 38, ""selected_run_length"": 9, ""selected_run_score"": 70}, ""bottom"": {""local_score"": 87.5, ""point_mode"": ""side_peak_outside"", ""scan_axis"": ""x"", ""relative_position"": ""bottom"", ""scan_start"": 415, ""scan_end"": 458, ""scan_margin"": 8, ""probe_halfspan"": 6, ""probe_out_len"": 12, ""probe_inset"": 1, ""peak_coord"": 449, ""anchor_offset_ratio"": 0.8673, ""max_score"": 70, ""keep_threshold"": 60, ""selected_run_start"": 30, ""selected_run_end"": 38, ""selected_run_length"": 9, ""selected_run_score"": 70}}}",three_terminal_structured,,,449.0,369.0
,,,,,,20,Polarized_Capacitor,component:11:20.1,,,,,11,positive,20.1:positive,,vertical,,,,,,,20.1,,False,20.1:positive,ok,1.0,matched_preferred,[],N7,,7,False,,,,,,,,,,terminal:11:20.1:t1,Terminal,,,False,N7,7,top,directional,directional_primary,"[636, 698, 649, 722]",0.0313,,symbol_heuristic,positive,polarized_capacitor_positive_from_marker,polarity,marker_side,20.1:positive,positive,641,716,,,,20.1:t1,t1,"{""point_mode"": ""bbox_side_center"", ""anchor_offset_ratio"": 0.5}",bbox_side_center,,,641.61,715.95
,,,,,,20,Polarized_Capacitor,component:11:20.1,,,,,11,negative,20.1:negative,,vertical,,,,,,,20.1,,False,20.1:negative,ok,1.0,matched_preferred,[],N6,,6,False,,,,,,,,,,terminal:11:20.1:t2,Terminal,,,False,N6,6,bottom,directional,directional_primary,"[636, 806, 649, 830]",0.0313,,symbol_heuristic,negative,polarized_capacitor_positive_from_marker,polarity,other_side,20.1:negative,negative,641,811,,,,20.1:t2,t2,"{""point_mode"": ""bbox_side_center"", ""anchor_offset_ratio"": 0.5}",bbox_side_center,,,641.61,811.25
,,,,,,9,GND,component:11:9.1,,,,,11,t1,9.1:t1,top,up,,,,,,,9.1,,False,9.1:t1,ok,2.0,matched_preferred,[],N6,,6,False,,,,,,,,,,terminal:11:9.1:t1,Terminal,,,False,N6,6,top,directional,directional_primary,"[637, 912, 650, 936]",,,,,,,,,,641,930,,,,9.1:t1,t1,"{""point_mode"": ""one_terminal_axis_center"", ""anchor_offset_ratio"": 0.5}",two_terminal_side_peak,,,642.52,929.87
,,,,,,22,Resistor,component:11:22.1,,,,,11,t1,22.1:t1,,vertical,,,,,,,22.1,,False,22.1:t1,ok,1.0,matched_preferred,[],N7,,7,False,,,,,,,,,,terminal:11:22.1:t1,Terminal,,,False,N7,7,top,directional,directional_primary,"[801, 649, 814, 673]",,,,,,,,,,806,667,,,,22.1:t1,t1,"{""point_mode"": ""bbox_side_center"", ""anchor_offset_ratio"": 0.5}",bbox_side_center,,,807.07,667.08
,,,,,,22,Resistor,component:11:22.1,,,,,11,t2,22.1:t2,,vertical,,,,,,,22.1,,False,22.1:t2,ok,1.0,matched_preferred,[],N8,,8,False,,,,,,,,,,terminal:11:22.1:t2,Terminal,,,False,N8,8,bottom,directional,directional_primary,"[801, 851, 814, 875]",,,,,,,,,,806,856,,,,22.1:t2,t2,"{""point_mode"": ""bbox_side_center"", ""anchor_offset_ratio"": 0.5}",bbox_side_center,,,807.07,856.0
,,,,,,9,GND,component:11:9.2,,,,,11,t1,9.2:t1,top,up,,,,,,,9.2,,False,9.2:t1,ok,1.0,matched_preferred,[],N8,,8,False,,,,,,,,,,terminal:11:9.2:t1,Terminal,,,False,N8,8,top,directional,directional_primary,"[801, 911, 814, 935]",,,,,,,,,,806,929,,,,9.2:t1,t1,"{""point_mode"": ""one_terminal_axis_center"", ""anchor_offset_ratio"": 0.5}",two_terminal_side_peak,,,807.42,929.08
,,,,,,26,Terminal,component:11:26.2,,,,,11,t1,26.2:t1,,left,,,,,,,26.2,,False,26.2:t1,ok,0.0,matched_preferred,[],N7,,7,False,,,,,,,,,,terminal:11:26.2:t1,Terminal,,,False,N7,7,left,directional,directional_primary,"[836, 524, 860, 537]",,,,,,,,,,854,530,,,,26.2:t1,t1,"{""point_mode"": ""bbox_side_center"", ""anchor_offset_ratio"": 0.5}",bbox_side_center,,,853.6,530.19
148,286,491,555,,,,,,,"[""negative"", ""positive""]","[""2.1:negative"", ""2.2:positive"", ""26.1:t1""]","[""2.1:t2"", ""2.2:t1"", ""26.1:t1""]",11,,,,,,,,,,,,False,,N1,,,,,,,,,[8],,3,,,,,N1,1,net:11:N1,Net,220,,,,,,,,,,,,,,,,,,,,,8,,,,,,,,,
283,373,711,755,,,,,,,"[""G"", ""negative""]","[""16.1:G"", ""2.2:negative""]","[""16.1:t1"", ""2.2:t2""]",11,,,,,,,,,,,,False,,N2,,,,,,,,,[14],,2,,,,,N2,2,net:11:N2,Net,130,,,,,,,,,,,,,,,,,,,,,14,,,,,,,,,
283,374,296,328,,,,,,,"[""G"", ""positive""]","[""16.2:G"", ""2.1:positive""]","[""16.2:t1"", ""2.1:t1""]",11,,,,,,,,,,,,False,,N3,,,,,,,,,[3],,2,,,,,N3,3,net:11:N3,Net,120,,,,,,,,,,,,,,,,,,,,,3,,,,,,,,,
440,541,61,230,,,,,,,"[""S""]","[""16.2:S""]","[""16.2:t2""]",11,,,,,,,,,,,,False,,N4,,,,,,,,,[1],,1,,,,,N4,4,net:11:N4,Net,340,,,,,,,,,,,,,,,,,,,,,1,,,,,,,,,
440,545,814,1000,,,,,,,"[""S""]","[""16.1:S""]","[""16.1:t3""]",11,,,,,,,,,,,,False,,N5,,,,,,,,,[16],,1,,,,,N5,5,net:11:N5,Net,453,,,,,,,,,,,,,,,,,,,,,16,,,,,,,,,
641,643,795,947,,,,,,,"[""negative""]","[""20.1:negative"", ""9.1:t1""]","[""20.1:t2"", ""9.1:t1""]",11,,,,,,,,,,,,False,,N6,,,,,,,,,[15],,2,,,,,N6,6,net:11:N6,Net,153,,,,,,,,,,,,,,,,,,,,,15,,,,,,,,,
448,864,353,732,,,,,,,"[""D"", ""D"", ""positive""]","[""16.1:D"", ""16.2:D"", ""20.1:positive"", ""22.1:t1"", ""26.2:t1""]","[""16.1:t2"", ""16.2:t3"", ""20.1:t1"", ""22.1:t1"", ""26.2:t1""]",11,,,,,,,,,,,,False,,N7,,,,,,,,,[4],,5,,,,,N7,7,net:11:N7,Net,1125,,,,,,,,,,,,,,,,,,,,,4,,,,,,,,,
806,807,841,945,,,,,,,[],"[""22.1:t2"", ""9.2:t1""]","[""22.1:t2"", ""9.2:t1""]",11,,,,,,,,,,,,False,,N8,,,,,,,,,[18],,2,,,,,N8,8,net:11:N8,Net,105,,,,,,,,,,,,,,,,,,,,,18,,,,,,,,,
,,,,,,,,,,,,,12,,,,,1024,12.jpg,C:\Users\m.profilo\Desktop\tesi_diagrams_yolo\data\batch_v8_polarita_componenti\12.jpg,1024,,,,,,12,,,,,,,,,,18,,34,11,,34,,,diagram:12,Diagram,,,,,,,,,,,,,,,,,,,,,06_match_terminals_to_nets,,,,,,,,,,
57.9,88.94,380.93,417.91,26,Terminal,,,,0.7967,,,,12,,,,right,,,,,,,26.1,,,26.1,,,,,,,,,,,,,,1,,,,component:12:26.1,Component,,,,,,,,,,,,,,,,,,,,,,,variable_terminal,,,,,True,True,,
74.91,108.19,662.85,701.11,26,Terminal,,,,0.7885,,,,12,,,,right,,,,,,,26.2,,,26.2,,,,,,,,,,,,,,1,,,,component:12:26.2,Component,,,,,,,,,,,,,,,,,,,,,,,variable_terminal,,,,,True,True,,
146.57,211.06,310.61,367.94,7,Diode,,,,0.7475,,,,12,,,,vertical,,,,,,,7.1,,,7.1,,,,,,,,,,,,,,2,,,,component:12:7.1,Component,,,,,,,,,,,,,,,,,,,,,,,two_terminal,,,,,True,True,,
149.35,211.43,425.75,488.07,7,Diode,,,,0.7945,,,,12,,,,vertical,,,,,,,7.2,,,7.2,,,,,,,,,,,,,,2,,,,component:12:7.2,Component,,,,,,,,,,,,,,,,,,,,,,,two_terminal,,,,,True,True,,
151.5,239.83,622.29,740.8,16,Mosfet,,,,0.6386,,,,12,,,,left,,,,,,,16.1,,,16.1,,,,,,,,,,,,,,3,,,,component:12:16.1,Component,,,,,,,,,,,,,,,,,,,,,,,three_terminal,,,,,True,True,,
174.18,280.31,89.65,228.19,6,Current_Source,,,,0.9154,,,,12,,,,vertical,,,,,,,6.1,,,6.1,,,,,,,,,,,,,,2,,,,component:12:6.1,Component,,,,,,,,,,,,,,,,,,,,,,,two_terminal,,,,,True,True,,
240.19,351.78,817.24,959.97,6,Current_Source,,,,0.9174,,,,12,,,,vertical,,,,,,,6.2,,,6.2,,,,,,,,,,,,,,2,,,,component:12:6.2,Component,,,,,,,,,,,,,,,,,,,,,,,two_terminal,,,,,True,True,,
310.1,418.32,89.38,227.71,6,Current_Source,,,,0.9219,,,,12,,,,vertical,,,,,,,6.3,,,6.3,,,,,,,,,,,,,,2,,,,component:12:6.3,Component,,,,,,,,,,,,,,,,,,,,,,,two_terminal,,,,,True,True,,
305.52,439.29,622.81,738.53,16,Mosfet,,,,0.875,,,,12,,,,right,,,,,,,16.2,,,16.2,,,,,,,,,,,,,,3,,,,component:12:16.2,Component,,,,,,,,,,,,,,,,,,,,,,,three_terminal,,,,,True,True,,
376.87,444.68,430.06,487.47,7,Diode,,,,0.793,,,,12,,,,vertical,,,,,,,7.3,,,7.3,,,,,,,,,,,,,,2,,,,component:12:7.3,Component,,,,,,,,,,,,,,,,,,,,,,,two_terminal,,,,,True,True,,
378.76,442.91,310.69,369.87,7,Diode,,,,0.8385,,,,12,,,,vertical,,,,,,,7.4,,,7.4,,,,,,,,,,,,,,2,,,,component:12:7.4,Component,,,,,,,,,,,,,,,,,,,,,,,two_terminal,,,,,True,True,,
478.31,512.08,658.61,700.33,26,Terminal,,,,0.7826,,,,12,,,,left,,,,,,,26.3,,,26.3,,,,,,,,,,,,,,1,,,,component:12:26.3,Component,,,,,,,,,,,,,,,,,,,,,,,variable_terminal,,,,,True,True,,
534.18,613.92,450.99,516.24,20,Polarized_Capacitor,,,,0.8422,,,,12,,,,vertical,,,,,,,20.1,,,20.1,,,,,,,,,,,,,,2,,,,component:12:20.1,Component,,,,,,,,,,,,,,,,,,,,,,,two_terminal,,,,,True,True,,
542.37,606.14,540.36,592.98,9,GND,,,,0.8146,,,,12,,,top,up,,,,,,,9.1,,,9.1,,,,,,,,,,,,,,1,,,,component:12:9.1,Component,,,,,,,,,,,,,,,,,,,,,,,one_terminal,,,,,True,True,,
601.54,649.45,564.06,645.18,7,Diode,,,,0.8812,,,,12,,,,horizontal,,,,,,,7.5,,,7.5,,,,,,,,,,,,,,2,,,,component:12:7.5,Component,,,,,,,,,,,,,,,,,,,,,,,two_terminal,,,,,True,True,,
617.83,673.49,244.4,319.98,7,Diode,,,,0.8894,,,,12,,,,horizontal,,,,,,,7.6,,,7.6,,,,,,,,,,,,,,2,,,,component:12:7.6,Component,,,,,,,,,,,,,,,,,,,,,,,two_terminal,,,,,True,True,,
697.16,868.04,341.65,545.55,19,Operational_Amplifier,,,,0.8453,,,,12,,,,right,,,,,,,19.1,,,19.1,,,,,,,,,,,,,,3,,,,component:12:19.1,Component,,,,,,,,,,,,,,,,,,,,,,,multi_terminal,,,,,True,True,,
919.88,951.88,422.35,463.41,26,Terminal,,,,0.7689,,,,12,,,,left,,,,,,,26.4,,,26.4,,,,,,,,,,,,,,1,,,,component:12:26.4,Component,,,,,,,,,,,,,,,,,,,,,,,variable_terminal,,,,,True,True,,
,,,,,,26,Terminal,component:12:26.1,,,,,12,t1,26.1:t1,,right,,,,,,,26.1,,False,26.1:t1,ok,1.0,matched_preferred,[],N2,,2,False,,,,,,,,,,terminal:12:26.1:t1,Terminal,,,False,N2,2,right,directional,directional_primary,"[88, 393, 112, 406]",,,,,,,,,,93,398,,,,26.1:t1,t1,"{""point_mode"": ""bbox_side_center"", ""anchor_offset_ratio"": 0.5}",bbox_side_center,,,92.94,399.42
,,,,,,26,Terminal,component:12:26.2,,,,,12,t1,26.2:t1,,right,,,,,,,26.2,,False,26.2:t1,ok,2.0,matched_preferred,[],N1,,1,False,,,,,,,,,,terminal:12:26.2:t1,Terminal,,,False,N1,1,right,directional,directional_primary,"[107, 676, 131, 689]",,,,,,,,,,112,680,,,,26.2:t1,t1,"{""point_mode"": ""bbox_side_center"", ""anchor_offset_ratio"": 0.5}",bbox_side_center,,,112.19,681.98
,,,,,,7,Diode,component:12:7.1,,,,,12,anode,7.1:anode,,vertical,,,,,,,7.1,,False,7.1:anode,ok,1.0,matched_preferred,[],N7,,7,False,,,,,,,,,,terminal:12:7.1:t1,Terminal,,,False,N7,7,top,directional,directional_primary,"[161, 289, 198, 313]",0.2575,,symbol_heuristic,anode,diode_cathode_from_bar,polarity,other_side,7.1:anode,anode,178,307,,,,7.1:t1,t1,"{""point_mode"": ""two_terminal_axis_center"", ""anchor_offset_ratio"": 0.5}",two_terminal_side_peak,,,178.81,306.61
,,,,,,7,Diode,component:12:7.1,,,,,12,cathode,7.1:cathode,,vertical,,,,,,,7.1,,False,7.1:cathode,ok,0.0,matched_preferred,[],N2,,2,False,,,,,,,,,,terminal:12:7.1:t2,Terminal,,,False,N2,2,bottom,directional,directional_primary,"[161, 367, 198, 391]",0.2575,,symbol_heuristic,cathode,diode_cathode_from_bar,polarity,marker_side,7.1:cathode,cathode,179,372,,,,7.1:t2,t2,"{""point_mode"": ""two_terminal_axis_center"", ""anchor_offset_ratio"": 0.5}",two_terminal_side_peak,,,178.81,371.94
,,,,,,7,Diode,component:12:7.2,,,,,12,anode,7.2:anode,,vertical,,,,,,,7.2,,False,7.2:anode,ok,1.0,matched_preferred,[],N2,,2,False,,,,,,,,,,terminal:12:7.2:t1,Terminal,,,False,N2,2,top,directional,directional_primary,"[162, 404, 199, 428]",0.376,,symbol_heuristic,anode,diode_cathode_from_bar,polarity,other_side,7.2:anode,anode,179,422,,,,7.2:t1,t1,"{""point_mode"": ""two_terminal_axis_center"", ""anchor_offset_ratio"": 0.5}",two_terminal_side_peak,,,180.39,421.75
,,,,,,7,Diode,component:12:7.2,,,,,12,cathode,7.2:cathode,,vertical,,,,,,,7.2,,False,7.2:cathode,ok,1.0,matched_preferred,[],N7,,7,False,,,,,,,,,,terminal:12:7.2:t2,Terminal,,,False,N7,7,bottom,directional,directional_primary,"[162, 487, 199, 511]",0.376,,symbol_heuristic,cathode,diode_cathode_from_bar,polarity,marker_side,7.2:cathode,cathode,179,492,,,,7.2:t2,t2,"{""point_mode"": ""two_terminal_axis_center"", ""anchor_offset_ratio"": 0.5}",two_terminal_side_peak,,,180.39,492.07
,,,,,,16,Mosfet,component:12:16.1,,,,,12,G,16.1:G,,left,,,,,,,16.1,,False,16.1:G,ok,0.0,matched_preferred,[],N1,,1,False,,,,,,,,,,terminal:12:16.1:t1,Terminal,,,False,N1,1,left,directional,directional_primary,"[130, 674, 154, 687]",1.0,,,,mosfet_gate_with_optional_source_drain,,single_side,16.1:G,G,148,680,,,,16.1:t1,t1,"{""point_mode"": ""three_terminal_structured"", ""scan_axis"": ""y"", ""relative_position"": ""left"", ""scan_start"": 652, ""scan_end"": 711, ""scan_margin"": 10, ""probe_halfspan"": 6, ""probe_out_len"": 12, ""probe_inset"": 1, ""peak_coord"": 680, ""anchor_offset_ratio"": 0.4874, ""max_score"": 84, ""keep_threshold"": 71, ""selected_run_start"": 25, ""selected_run_end"": 32, ""selected_run_length"": 8, ""selected_run_score"": 84, ""three_terminal_role"": ""single_side_terminal"", ""three_terminal_orientation"": ""left""}",three_terminal_structured,,,148.0,680.0
,,,,,,16,Mosfet,component:12:16.1,,,,,12,D,16.1:D,,left,,,,,,,16.1,,False,16.1:D,ok,0.0,matched_preferred,[],N7,,7,False,,,,,,,,,,terminal:12:16.1:t2,Terminal,,,False,N7,7,top,directional,directional_primary,"[219, 600, 232, 624]",0.4154,,,,mosfet_gate_with_optional_source_drain,,other_branch,16.1:D,D,225,618,,,,16.1:t2,t2,"{""point_mode"": ""three_terminal_structured"", ""scan_axis"": ""x"", ""relative_position"": ""top"", ""scan_start"": 198, ""scan_end"": 236, ""scan_margin"": 7, ""probe_halfspan"": 6, ""probe_out_len"": 12, ""probe_inset"": 1, ""peak_coord"": 225, ""anchor_offset_ratio"": 0.8295, ""max_score"": 70, ""keep_threshold"": 60, ""selected_run_start"": 23, ""selected_run_end"": 31, ""selected_run_length"": 9, ""selected_run_score"": 70, ""three_terminal_role"": ""orthogonal_pair_terminal"", ""three_terminal_orientation"": ""left"", ""three_terminal_pair_bias"": ""opposite_side"", ""three_terminal_pair_bias_debug"": {""top"": {""local_score"": 87.5, ""point_mode"": ""side_peak_outside"", ""scan_axis"": ""x"", ""relative_position"": ""top"", ""scan_start"": 198, ""scan_end"": 236, ""scan_margin"": 7, ""probe_halfspan"": 6, ""probe_out_len"": 12, ""probe_inset"": 1, ""peak_coord"": 225, ""anchor_offset_ratio"": 0.8295, ""max_score"": 70, ""keep_threshold"": 60, ""selected_run_start"": 23, ""selected_run_end"": 31, ""selected_run_length"": 9, ""selected_run_score"": 70}, ""bottom"": {""local_score"": 87.5, ""point_mode"": ""side_peak_outside"", ""scan_axis"": ""x"", ""relative_position"": ""bottom"", ""scan_start"": 198, ""scan_end"": 236, ""scan_margin"": 7, ""probe_halfspan"": 6, ""probe_out_len"": 12, ""probe_inset"": 1, ""peak_coord"": 225, ""anchor_offset_ratio"": 0.8295, ""max_score"": 70, ""keep_threshold"": 60, ""selected_run_start"": 23, ""selected_run_end"": 31, ""selected_run_length"": 9, ""selected_run_score"": 70}}}",three_terminal_structured,,,225.0,618.0
,,,,,,16,Mosfet,component:12:16.1,,,,,12,S,16.1:S,,left,,,,,,,16.1,,False,16.1:S,ok,0.0,matched_preferred,[],N4,,4,False,,,,,,,,,,terminal:12:16.1:t3,Terminal,,,False,N4,4,bottom,directional,directional_primary,"[219, 740, 232, 764]",0.4154,,,,mosfet_gate_with_optional_source_drain,,arrow_branch,16.1:S,S,225,745,,,,16.1:t3,t3,"{""point_mode"": ""three_terminal_structured"", ""scan_axis"": ""x"", ""relative_position"": ""bottom"", ""scan_start"": 198, ""scan_end"": 236, ""scan_margin"": 7, ""probe_halfspan"": 6, ""probe_out_len"": 12, ""probe_inset"": 1, ""peak_coord"": 225, ""anchor_offset_ratio"": 0.8295, ""max_score"": 70, ""keep_threshold"": 60, ""selected_run_start"": 23, ""selected_run_end"": 31, ""selected_run_length"": 9, ""selected_run_score"": 70, ""three_terminal_role"": ""orthogonal_pair_terminal"", ""three_terminal_orientation"": ""left"", ""three_terminal_pair_bias"": ""opposite_side"", ""three_terminal_pair_bias_debug"": {""top"": {""local_score"": 87.5, ""point_mode"": ""side_peak_outside"", ""scan_axis"": ""x"", ""relative_position"": ""top"", ""scan_start"": 198, ""scan_end"": 236, ""scan_margin"": 7, ""probe_halfspan"": 6, ""probe_out_len"": 12, ""probe_inset"": 1, ""peak_coord"": 225, ""anchor_offset_ratio"": 0.8295, ""max_score"": 70, ""keep_threshold"": 60, ""selected_run_start"": 23, ""selected_run_end"": 31, ""selected_run_length"": 9, ""selected_run_score"": 70}, ""bottom"": {""local_score"": 87.5, ""point_mode"": ""side_peak_outside"", ""scan_axis"": ""x"", ""relative_position"": ""bottom"", ""scan_start"": 198, ""scan_end"": 236, ""scan_margin"": 7, ""probe_halfspan"": 6, ""probe_out_len"": 12, ""probe_inset"": 1, ""peak_coord"": 225, ""anchor_offset_ratio"": 0.8295, ""max_score"": 70, ""keep_threshold"": 60, ""selected_run_start"": 23, ""selected_run_end"": 31, ""selected_run_length"": 9, ""selected_run_score"": 70}}}",three_terminal_structured,,,225.0,745.0
,,,,,,6,Current_Source,component:12:6.1,,,,,12,current_from,6.1:current_from,,vertical,,,,,,,6.1,,False,6.1:current_from,ok,2.0,matched_preferred,[],N3,,3,False,,,,,,,,,,terminal:12:6.1:t1,Terminal,,,False,N3,3,top,directional,directional_primary,"[219, 64, 236, 93]",0.5874,current_from,symbol_heuristic,,current_source_direction_from_arrow,current_direction,other_side,6.1:current_from,current_from,225,86,,,,6.1:t1,t1,"{""point_mode"": ""bbox_side_center"", ""anchor_offset_ratio"": 0.5}",bbox_side_center,,,227.25,85.65
,,,,,,6,Current_Source,component:12:6.1,,,,,12,current_to,6.1:current_to,,vertical,,,,,,,6.1,,False,6.1:current_to,ok,2.0,matched_preferred,[],N7,,7,False,,,,,,,,,,terminal:12:6.1:t2,Terminal,,,False,N7,7,bottom,directional,directional_primary,"[219, 226, 236, 255]",0.5874,current_to,symbol_heuristic,,current_source_direction_from_arrow,current_direction,marker_side,6.1:current_to,current_to,225,232,,,,6.1:t2,t2,"{""point_mode"": ""bbox_side_center"", ""anchor_offset_ratio"": 0.5}",bbox_side_center,,,227.25,232.19
,,,,,,6,Current_Source,component:12:6.2,,,,,12,current_from,6.2:current_from,,vertical,,,,,,,6.2,,False,6.2:current_from,ok,1.0,matched_preferred,[],N4,,4,False,,,,,,,,,,terminal:12:6.2:t1,Terminal,,,False,N4,4,top,directional,directional_primary,"[288, 791, 305, 820]",0.5619,current_from,symbol_heuristic,,current_source_direction_from_arrow,current_direction,other_side,6.2:current_from,current_from,295,813,,,,6.2:t1,t1,"{""point_mode"": ""bbox_side_center"", ""anchor_offset_ratio"": 0.5}",bbox_side_center,,,295.99,813.24
,,,,,,6,Current_Source,component:12:6.2,,,,,12,current_to,6.2:current_to,,vertical,,,,,,,6.2,,False,6.2:current_to,ok,1.0,matched_preferred,[],N5,,5,False,,,,,,,,,,terminal:12:6.2:t2,Terminal,,,False,N5,5,bottom,directional,directional_primary,"[288, 958, 305, 987]",0.5619,current_to,symbol_heuristic,,current_source_direction_from_arrow,current_direction,marker_side,6.2:current_to,current_to,295,964,,,,6.2:t2,t2,"{""point_mode"": ""bbox_side_center"", ""anchor_offset_ratio"": 0.5}",bbox_side_center,,,295.99,963.97
,,,,,,6,Current_Source,component:12:6.3,,,,,12,current_from,6.3:current_from,,vertical,,,,,,,6.3,,False,6.3:current_from,ok,0.0,matched_preferred,[],N6,,6,False,,,,,,,,,,terminal:12:6.3:t1,Terminal,,,False,N6,6,top,directional,directional_primary,"[356, 63, 373, 92]",0.513,current_from,symbol_heuristic,,current_source_direction_from_arrow,current_direction,other_side,6.3:current_from,current_from,364,85,,,,6.3:t1,t1,"{""point_mode"": ""bbox_side_center"", ""anchor_offset_ratio"": 0.5}",bbox_side_center,,,364.21,85.38
,,,,,,6,Current_Source,component:12:6.3,,,,,12,current_to,6.3:current_to,,vertical,,,,,,,6.3,,False,6.3:current_to,ok,0.0,matched_preferred,[],N7,,7,False,,,,,,,,,,terminal:12:6.3:t2,Terminal,,,False,N7,7,bottom,directional,directional_primary,"[356, 226, 373, 255]",0.513,current_to,symbol_heuristic,,current_source_direction_from_arrow,current_direction,marker_side,6.3:current_to,current_to,364,232,,,,6.3:t2,t2,"{""point_mode"": ""bbox_side_center"", ""anchor_offset_ratio"": 0.5}",bbox_side_center,,,364.21,231.71
,,,,,,16,Mosfet,component:12:16.2,,,,,12,G,16.2:G,,right,,,,,,,16.2,,False,16.2:G,ok,0.0,matched_preferred,[],N8,,8,False,,,,,,,,,,terminal:12:16.2:t1,Terminal,,,False,N8,8,right,directional,directional_primary,"[438, 674, 462, 687]",1.0,,,,mosfet_gate_with_optional_source_drain,,single_side,16.2:G,G,443,680,,,,16.2:t1,t1,"{""point_mode"": ""three_terminal_structured"", ""scan_axis"": ""y"", ""relative_position"": ""right"", ""scan_start"": 652, ""scan_end"": 710, ""scan_margin"": 9, ""probe_halfspan"": 6, ""probe_out_len"": 12, ""probe_inset"": 1, ""peak_coord"": 680, ""anchor_offset_ratio"": 0.4914, ""max_score"": 98, ""keep_threshold"": 83, ""selected_run_start"": 24, ""selected_run_end"": 32, ""selected_run_length"": 9, ""selected_run_score"": 98, ""three_terminal_role"": ""single_side_terminal"", ""three_terminal_orientation"": ""right""}",three_terminal_structured,,,443.0,680.0
,,,,,,16,Mosfet,component:12:16.2,,,,,12,D,16.2:D,,right,,,,,,,16.2,,False,16.2:D,ok,0.0,matched_preferred,[],N7,,7,False,,,,,,,,,,terminal:12:16.2:t2,Terminal,,,False,N7,7,top,directional,directional_primary,"[357, 601, 370, 625]",0.2538,,,,mosfet_gate_with_optional_source_drain,,other_branch,16.2:D,D,363,619,,,,16.2:t2,t2,"{""point_mode"": ""three_terminal_structured"", ""scan_axis"": ""x"", ""relative_position"": ""top"", ""scan_start"": 311, ""scan_end"": 370, ""scan_margin"": 11, ""probe_halfspan"": 6, ""probe_out_len"": 12, ""probe_inset"": 1, ""peak_coord"": 363, ""anchor_offset_ratio"": 0.4286, ""max_score"": 56, ""keep_threshold"": 48, ""selected_run_start"": 48, ""selected_run_end"": 57, ""selected_run_length"": 10, ""selected_run_score"": 56, ""three_terminal_role"": ""orthogonal_pair_terminal"", ""three_terminal_orientation"": ""right"", ""three_terminal_pair_bias"": ""opposite_side"", ""three_terminal_pair_bias_debug"": {""top"": {""local_score"": 70.0, ""point_mode"": ""side_peak_outside"", ""scan_axis"": ""x"", ""relative_position"": ""top"", ""scan_start"": 311, ""scan_end"": 370, ""scan_margin"": 11, ""probe_halfspan"": 6, ""probe_out_len"": 12, ""probe_inset"": 1, ""peak_coord"": 363, ""anchor_offset_ratio"": 0.4286, ""max_score"": 56, ""keep_threshold"": 48, ""selected_run_start"": 48, ""selected_run_end"": 57, ""selected_run_length"": 10, ""selected_run_score"": 56}, ""bottom"": {""local_score"": 70.0, ""point_mode"": ""side_peak_outside"", ""scan_axis"": ""x"", ""relative_position"": ""bottom"", ""scan_start"": 311, ""scan_end"": 370, ""scan_margin"": 11, ""probe_halfspan"": 6, ""probe_out_len"": 12, ""probe_inset"": 1, ""peak_coord"": 363, ""anchor_offset_ratio"": 0.4286, ""max_score"": 56, ""keep_threshold"": 48, ""selected_run_start"": 48, ""selected_run_end"": 57, ""selected_run_length"": 10, ""selected_run_score"": 56}}}",three_terminal_structured,,,363.0,619.0
,,,,,,16,Mosfet,component:12:16.2,,,,,12,S,16.2:S,,right,,,,,,,16.2,,False,16.2:S,ok,0.0,matched_preferred,[],N4,,4,False,,,,,,,,,,terminal:12:16.2:t3,Terminal,,,False,N4,4,bottom,directional,directional_primary,"[357, 738, 370, 762]",0.2538,,,,mosfet_gate_with_optional_source_drain,,arrow_branch,16.2:S,S,363,743,,,,16.2:t3,t3,"{""point_mode"": ""three_terminal_structured"", ""scan_axis"": ""x"", ""relative_position"": ""bottom"", ""scan_start"": 311, ""scan_end"": 370, ""scan_margin"": 11, ""probe_halfspan"": 6, ""probe_out_len"": 12, ""probe_inset"": 1, ""peak_coord"": 363, ""anchor_offset_ratio"": 0.4286, ""max_score"": 56, ""keep_threshold"": 48, ""selected_run_start"": 48, ""selected_run_end"": 57, ""selected_run_length"": 10, ""selected_run_score"": 56, ""three_terminal_role"": ""orthogonal_pair_terminal"", ""three_terminal_orientation"": ""right"", ""three_terminal_pair_bias"": ""opposite_side"", ""three_terminal_pair_bias_debug"": {""top"": {""local_score"": 70.0, ""point_mode"": ""side_peak_outside"", ""scan_axis"": ""x"", ""relative_position"": ""top"", ""scan_start"": 311, ""scan_end"": 370, ""scan_margin"": 11, ""probe_halfspan"": 6, ""probe_out_len"": 12, ""probe_inset"": 1, ""peak_coord"": 363, ""anchor_offset_ratio"": 0.4286, ""max_score"": 56, ""keep_threshold"": 48, ""selected_run_start"": 48, ""selected_run_end"": 57, ""selected_run_length"": 10, ""selected_run_score"": 56}, ""bottom"": {""local_score"": 70.0, ""point_mode"": ""side_peak_outside"", ""scan_axis"": ""x"", ""relative_position"": ""bottom"", ""scan_start"": 311, ""scan_end"": 370, ""scan_margin"": 11, ""probe_halfspan"": 6, ""probe_out_len"": 12, ""probe_inset"": 1, ""peak_coord"": 363, ""anchor_offset_ratio"": 0.4286, ""max_score"": 56, ""keep_threshold"": 48, ""selected_run_start"": 48, ""selected_run_end"": 57, ""selected_run_length"": 10, ""selected_run_score"": 56}}}",three_terminal_structured,,,363.0,743.0
,,,,,,7,Diode,component:12:7.3,,,,,12,anode,7.3:anode,,vertical,,,,,,,7.3,,False,7.3:anode,ok,0.0,matched_preferred,[],N9,,9,False,,,,,,,,,,terminal:12:7.3:t1,Terminal,,,False,N9,9,top,directional,directional_primary,"[393, 408, 430, 432]",0.2868,,symbol_heuristic,anode,diode_cathode_from_bar,polarity,other_side,7.3:anode,anode,411,426,,,,7.3:t1,t1,"{""point_mode"": ""two_terminal_axis_center"", ""anchor_offset_ratio"": 0.5}",two_terminal_side_peak,,,410.77,426.06
,,,,,,7,Diode,component:12:7.3,,,,,12,cathode,7.3:cathode,,vertical,,,,,,,7.3,,False,7.3:cathode,ok,0.0,matched_preferred,[],N7,,7,False,,,,,,,,,,terminal:12:7.3:t2,Terminal,,,False,N7,7,bottom,directional,directional_primary,"[393, 486, 430, 510]",0.2868,,symbol_heuristic,cathode,diode_cathode_from_bar,polarity,marker_side,7.3:cathode,cathode,411,491,,,,7.3:t2,t2,"{""point_mode"": ""two_terminal_axis_center"", ""anchor_offset_ratio"": 0.5}",two_terminal_side_peak,,,410.77,491.47
,,,,,,7,Diode,component:12:7.4,,,,,12,anode,7.4:anode,,vertical,,,,,,,7.4,,False,7.4:anode,ok,0.0,matched_preferred,[],N7,,7,False,,,,,,,,,,terminal:12:7.4:t1,Terminal,,,False,N7,7,top,directional,directional_primary,"[393, 289, 430, 313]",0.2335,,symbol_heuristic,anode,diode_cathode_from_bar,polarity,other_side,7.4:anode,anode,411,307,,,,7.4:t1,t1,"{""point_mode"": ""two_terminal_axis_center"", ""anchor_offset_ratio"": 0.5}",two_terminal_side_peak,,,410.84,306.69
,,,,,,7,Diode,component:12:7.4,,,,,12,cathode,7.4:cathode,,vertical,,,,,,,7.4,,False,7.4:cathode,ok,0.0,matched_preferred,[],N9,,9,False,,,,,,,,,,terminal:12:7.4:t2,Terminal,,,False,N9,9,bottom,directional,directional_primary,"[393, 369, 430, 393]",0.2335,,symbol_heuristic,cathode,diode_cathode_from_bar,polarity,marker_side,7.4:cathode,cathode,411,374,,,,7.4:t2,t2,"{""point_mode"": ""two_terminal_axis_center"", ""anchor_offset_ratio"": 0.5}",two_terminal_side_peak,,,410.84,373.87
,,,,,,26,Terminal,component:12:26.3,,,,,12,t1,26.3:t1,,left,,,,,,,26.3,,False,26.3:t1,ok,0.0,matched_preferred,[],N8,,8,False,,,,,,,,,,terminal:12:26.3:t1,Terminal,,,False,N8,8,left,directional,directional_primary,"[456, 673, 480, 686]",,,,,,,,,,474,679,,,,26.3:t1,t1,"{""point_mode"": ""bbox_side_center"", ""anchor_offset_ratio"": 0.5}",bbox_side_center,,,474.31,679.47
,,,,,,20,Polarized_Capacitor,component:12:20.1,,,,,12,positive,20.1:positive,,vertical,,,,,,,20.1,,False,20.1:positive,ok,1.0,matched_preferred,[],N9,,9,False,,,,,,,,,,terminal:12:20.1:t1,Terminal,,,False,N9,9,top,directional,directional_primary,"[568, 429, 581, 453]",0.0312,,symbol_heuristic,positive,polarized_capacitor_positive_from_marker,polarity,marker_side,20.1:positive,positive,573,447,,,,20.1:t1,t1,"{""point_mode"": ""bbox_side_center"", ""anchor_offset_ratio"": 0.5}",bbox_side_center,,,574.05,446.99
,,,,,,20,Polarized_Capacitor,component:12:20.1,,,,,12,negative,20.1:negative,,vertical,,,,,,,20.1,,False,20.1:negative,ok,0.0,matched_preferred,[],N10,,10,False,,,,,,,,,,terminal:12:20.1:t2,Terminal,,,False,N10,10,bottom,directional,directional_primary,"[568, 515, 581, 539]",0.0312,,symbol_heuristic,negative,polarized_capacitor_positive_from_marker,polarity,other_side,20.1:negative,negative,574,520,,,,20.1:t2,t2,"{""point_mode"": ""bbox_side_center"", ""anchor_offset_ratio"": 0.5}",bbox_side_center,,,574.05,520.24
,,,,,,9,GND,component:12:9.1,,,,,12,t1,9.1:t1,top,up,,,,,,,9.1,,False,9.1:t1,ok,0.0,matched_preferred,[],N10,,10,False,,,,,,,,,,terminal:12:9.1:t1,Terminal,,,False,N10,10,top,directional,directional_primary,"[568, 518, 581, 542]",,,,,,,,,,574,536,,,,9.1:t1,t1,"{""point_mode"": ""one_terminal_axis_center"", ""anchor_offset_ratio"": 0.5}",two_terminal_side_peak,,,574.25,536.36
,,,,,,7,Diode,component:12:7.5,,,,,12,anode,7.5:anode,,horizontal,,,,,,,7.5,,False,7.5:anode,ok,1.0,matched_preferred,[],N7,,7,False,,,,,,,,,,terminal:12:7.5:t1,Terminal,,,False,N7,7,left,directional,directional_primary,"[580, 587, 604, 624]",0.1858,,symbol_heuristic,anode,diode_cathode_from_bar,polarity,other_side,7.5:anode,anode,598,606,,,,7.5:t1,t1,"{""point_mode"": ""two_terminal_axis_center"", ""anchor_offset_ratio"": 0.5}",two_terminal_side_peak,,,597.54,604.62
,,,,,,7,Diode,component:12:7.5,,,,,12,cathode,7.5:cathode,,horizontal,,,,,,,7.5,,False,7.5:cathode,ok,1.0,matched_preferred,[],N11,,11,False,,,,,,,,,,terminal:12:7.5:t2,Terminal,,,False,N11,11,right,directional,directional_primary,"[648, 587, 672, 624]",0.1858,,symbol_heuristic,cathode,diode_cathode_from_bar,polarity,marker_side,7.5:cathode,cathode,653,606,,,,7.5:t2,t2,"{""point_mode"": ""two_terminal_axis_center"", ""anchor_offset_ratio"": 0.5}",two_terminal_side_peak,,,653.45,604.62
,,,,,,7,Diode,component:12:7.6,,,,,12,cathode,7.6:cathode,,horizontal,,,,,,,7.6,,False,7.6:cathode,ok,3.0,matched_preferred,[],N7,,7,False,,,,,,,,,,terminal:12:7.6:t1,Terminal,,,False,N7,7,left,directional,directional_primary,"[596, 264, 620, 301]",0.1503,,symbol_heuristic,cathode,diode_cathode_from_bar,polarity,marker_side,7.6:cathode,cathode,614,279,,,,7.6:t1,t1,"{""point_mode"": ""two_terminal_axis_center"", ""anchor_offset_ratio"": 0.5}",two_terminal_side_peak,,,613.83,282.19
,,,,,,7,Diode,component:12:7.6,,,,,12,anode,7.6:anode,,horizontal,,,,,,,7.6,,False,7.6:anode,ok,3.0,matched_preferred,[],N11,,11,False,,,,,,,,,,terminal:12:7.6:t2,Terminal,,,False,N11,11,right,directional,directional_primary,"[672, 264, 696, 301]",0.1503,,symbol_heuristic,anode,diode_cathode_from_bar,polarity,other_side,7.6:anode,anode,677,279,,,,7.6:t2,t2,"{""point_mode"": ""two_terminal_axis_center"", ""anchor_offset_ratio"": 0.5}",two_terminal_side_peak,,,677.49,282.19
,,,,,,19,Operational_Amplifier,component:12:19.1,,,,,12,in1,19.1:in1,,right,,,,,,,19.1,,False,19.1:in1,ok,5.0,matched_preferred,[],N9,,9,False,,,,,,,,,,terminal:12:19.1:in1,Terminal,,,False,N9,9,left,directional,directional_primary,"[671, 397, 695, 410]",,,,,,,,,,689,398,,,,19.1:in1,in1,"{""point_mode"": ""opamp_mandatory_wire_probe"", ""relative_position"": ""left"", ""scan_axis"": ""y"", ""scan_start"": 379, ""scan_end"": 428, ""probe_halfspan"": 2, ""probe_outward_len"": 14, ""probe_inward_len"": 1, ""probe_far_gap"": 2, ""probe_far_len"": 8, ""peak_coord"": 403, ""raw_scores_max"": 21.05, ""max_score"": 21.05, ""keep_threshold"": 19.366, ""selected_coord"": 403, ""selected_distance_to_center"": 0, ""kept_candidates"": 10, ""opamp_orientation"": ""right"", ""opamp_terminal_name"": ""in1"", ""opamp_terminal_role"": ""input"", ""opamp_slot"": ""upper""}",opamp_structured,,,689.0,403.0
,,,,,,19,Operational_Amplifier,component:12:19.1,,,,,12,in2,19.1:in2,,right,,,,,,,19.1,,False,19.1:in2,ok,3.606,matched_preferred,[],N11,,11,False,,,,,,,,,,terminal:12:19.1:in2,Terminal,,,False,N11,11,left,directional,directional_primary,"[671, 479, 695, 492]",,,,,,,,,,692,487,,,,19.1:in2,in2,"{""point_mode"": ""opamp_mandatory_wire_probe"", ""relative_position"": ""left"", ""scan_axis"": ""y"", ""scan_start"": 460, ""scan_end"": 509, ""probe_halfspan"": 2, ""probe_outward_len"": 14, ""probe_inward_len"": 1, ""probe_far_gap"": 2, ""probe_far_len"": 8, ""peak_coord"": 485, ""raw_scores_max"": 10.05, ""max_score"": 10.05, ""keep_threshold"": 9.246, ""selected_coord"": 485, ""selected_distance_to_center"": 0, ""kept_candidates"": 10, ""opamp_orientation"": ""right"", ""opamp_terminal_name"": ""in2"", ""opamp_terminal_role"": ""input"", ""opamp_slot"": ""lower""}",opamp_structured,,,689.0,485.0
,,,,,,19,Operational_Amplifier,component:12:19.1,,,,,12,out,19.1:out,,right,,,,,,,19.1,,False,19.1:out,ok,1.0,matched_preferred,[],N11,,11,False,,,,,,,,,,terminal:12:19.1:out,Terminal,,,False,N11,11,right,directional,directional_primary,"[871, 438, 895, 451]",,,,,,,,,,876,443,,,,19.1:out,out,"{""point_mode"": ""opamp_mandatory_wire_probe"", ""relative_position"": ""right"", ""scan_axis"": ""y"", ""scan_start"": 407, ""scan_end"": 481, ""probe_halfspan"": 2, ""probe_outward_len"": 14, ""probe_inward_len"": 1, ""probe_far_gap"": 2, ""probe_far_len"": 8, ""peak_coord"": 444, ""raw_scores_max"": 21.8, ""max_score"": 21.8, ""keep_threshold"": 20.056, ""selected_coord"": 444, ""selected_distance_to_center"": 0, ""kept_candidates"": 8, ""opamp_orientation"": ""right"", ""opamp_terminal_name"": ""out"", ""opamp_terminal_role"": ""output"", ""opamp_slot"": ""center""}",opamp_structured,,,876.0,444.0
,,,,,,26,Terminal,component:12:26.4,,,,,12,t1,26.4:t1,,left,,,,,,,26.4,,False,26.4:t1,ok,0.0,matched_preferred,[],N11,,11,False,,,,,,,,,,terminal:12:26.4:t1,Terminal,,,False,N11,11,left,directional,directional_primary,"[898, 437, 922, 450]",,,,,,,,,,916,443,,,,26.4:t1,t1,"{""point_mode"": ""bbox_side_center"", ""anchor_offset_ratio"": 0.5}",bbox_side_center,,,915.88,442.88
99,163,680,685,,,,,,,"[""G""]","[""16.1:G"", ""26.2:t1""]","[""16.1:t1"", ""26.2:t1""]",12,,,,,,,,,,,,False,,N1,,,,,,,,,[23],,2,,,,,N1,1,net:12:N1,Net,68,,,,,,,,,,,,,,,,,,,,,23,,,,,,,,,
83,182,356,438,,,,,,,"[""cathode"", ""anode""]","[""26.1:t1"", ""7.1:cathode"", ""7.2:anode""]","[""26.1:t1"", ""7.1:t2"", ""7.2:t1""]",12,,,,,,,,,,,,False,,N2,,,,,,,,,[13],,3,,,,,N2,2,net:12:N2,Net,185,,,,,,,,,,,,,,,,,,,,,13,,,,,,,,,
214,237,34,100,,,,,,,"[""current_from""]","[""6.1:current_from""]","[""6.1:t1""]",12,,,,,,,,,,,,False,,N3,,,,,,,,,[3],,1,,,,,N3,3,net:12:N3,Net,109,,,,,,,,,,,,,,,,,,,,,3,,,,,,,,,
225,364,726,826,,,,,,,"[""S"", ""S"", ""current_from""]","[""16.1:S"", ""16.2:S"", ""6.2:current_from""]","[""16.1:t3"", ""16.2:t3"", ""6.2:t1""]",12,,,,,,,,,,,,False,,N4,,,,,,,,,[26],,3,,,,,N4,4,net:12:N4,Net,284,,,,,,,,,,,,,,,,,,,,,26,,,,,,,,,
286,303,950,1006,,,,,,,"[""current_to""]","[""6.2:current_to""]","[""6.2:t2""]",12,,,,,,,,,,,,False,,N5,,,,,,,,,[28],,1,,,,,N5,5,net:12:N5,Net,89,,,,,,,,,,,,,,,,,,,,,28,,,,,,,,,
353,376,33,96,,,,,,,"[""current_from""]","[""6.3:current_from""]","[""6.3:t1""]",12,,,,,,,,,,,,False,,N6,,,,,,,,,[2],,1,,,,,N6,6,net:12:N6,Net,106,,,,,,,,,,,,,,,,,,,,,2,,,,,,,,,
178,631,217,634,,,,,,,"[""D"", ""D"", ""current_to"", ""current_to"", ""anode"", ""cathode"", ""cathode"", ""anode"", ""anode"", ""cathode""]","[""16.1:D"", ""16.2:D"", ""6.1:current_to"", ""6.3:current_to"", ""7.1:anode"", ""7.2:cathode"", ""7.3:cathode"", ""7.4:anode"", ""7.5:anode"", ""7.6:cathode""]","[""16.1:t2"", ""16.2:t2"", ""6.1:t2"", ""6.3:t2"", ""7.1:t1"", ""7.2:t2"", ""7.3:t2"", ""7.4:t1"", ""7.5:t1"", ""7.6:t1""]",12,,,,,,,,,,,,False,,N7,,,,,,,,,[9],,10,,,,,N7,7,net:12:N7,Net,1994,,,,,,,,,,,,,,,,,,,,,9,,,,,,,,,
428,488,676,682,,,,,,,"[""G""]","[""16.2:G"", ""26.3:t1""]","[""16.2:t1"", ""26.3:t1""]",12,,,,,,,,,,,,False,,N8,,,,,,,,,[22],,2,,,,,N8,8,net:12:N8,Net,65,,,,,,,,,,,,,,,,,,,,,22,,,,,,,,,
409,703,358,462,,,,,,,"[""positive"", ""anode"", ""cathode""]","[""19.1:in1"", ""20.1:positive"", ""7.3:anode"", ""7.4:cathode""]","[""19.1:in1"", ""20.1:t1"", ""7.3:t1"", ""7.4:t2""]",12,,,,,,,,,,,,False,,N9,,,,,,,,,[14],,4,,,,,N9,9,net:12:N9,Net,442,,,,,,,,,,,,,,,,,,,,,14,,,,,,,,,
573,575,504,550,,,,,,,"[""negative""]","[""20.1:negative"", ""9.1:t1""]","[""20.1:t2"", ""9.1:t1""]",12,,,,,,,,,,,,False,,N10,,,,,,,,,[19],,2,,,,,N10,10,net:12:N10,Net,47,,,,,,,,,,,,,,,,,,,,,19,,,,,,,,,
638,926,279,606,,,,,,,"[""cathode"", ""anode""]","[""19.1:in2"", ""19.1:out"", ""26.4:t1"", ""7.5:cathode"", ""7.6:anode""]","[""19.1:in2"", ""19.1:out"", ""26.4:t1"", ""7.5:t2"", ""7.6:t2""]",12,,,,,,,,,,,,False,,N11,,,,,,,,,[10],,5,,,,,N11,11,net:12:N11,Net,1018,,,,,,,,,,,,,,,,,,,,,10,,,,,,,,,
,,,,,,,,,,,,,2,,,,,1024,2.jpg,C:\Users\m.profilo\Desktop\tesi_diagrams_yolo\data\batch_v8_polarita_componenti\2.jpg,1024,,,,,,2,,,,,,,,,,16,,27,7,,27,,,diagram:2,Diagram,,,,,,,,,,,,,,,,,,,,,06_match_terminals_to_nets,,,,,,,,,,
106.46,133.33,755.85,790.24,26,Terminal,,,,0.7894,,,,2,,,,right,,,,,,,26.1,,,26.1,,,,,,,,,,,,,,1,,,,component:2:26.1,Component,,,,,,,,,,,,,,,,,,,,,,,variable_terminal,,,,,True,True,,
120.16,189.25,576.28,633.09,9,GND,,,,0.7735,,,,2,,,top,up,,,,,,,9.1,,,9.1,,,,,,,,,,,,,,1,,,,component:2:9.1,Component,,,,,,,,,,,,,,,,,,,,,,,one_terminal,,,,,True,True,,
229.86,273.61,716.45,825.78,20,Polarized_Capacitor,,,,0.8439,,,,2,,,,horizontal,,,,,,,20.1,,,20.1,,,,,,,,,,,,,,2,,,,component:2:20.1,Component,,,,,,,,,,,,,,,,,,,,,,,two_terminal,,,,,True,True,,
230.53,274.34,486.4,595.67,20,Polarized_Capacitor,,,,0.8533,,,,2,,,,horizontal,,,,,,,20.2,,,20.2,,,,,,,,,,,,,,2,,,,component:2:20.2,Component,,,,,,,,,,,,,,,,,,,,,,,two_terminal,,,,,True,True,,
337.96,391.6,803.69,923.2,22,Resistor,,,,0.8407,,,,2,,,,vertical,,,,,,,22.1,,,22.1,,,,,,,,,,,,,,2,,,,component:2:22.1,Component,,,,,,,,,,,,,,,,,,,,,,,two_terminal,,,,,True,True,,
337.64,391.94,294.7,416.34,22,Resistor,,,,0.8403,,,,2,,,,vertical,,,,,,,22.2,,,22.2,,,,,,,,,,,,,,2,,,,component:2:22.2,Component,,,,,,,,,,,,,,,,,,,,,,,two_terminal,,,,,True,True,,
329.72,401.47,939.85,997.7,9,GND,,,,0.7946,,,,2,,,top,up,,,,,,,9.2,,,9.2,,,,,,,,,,,,,,1,,,,component:2:9.2,Component,,,,,,,,,,,,,,,,,,,,,,,one_terminal,,,,,True,True,,
454.87,573.23,471.15,612.47,18,NPN_Transistor,,,,0.9269,,,,2,,,,left,,,,,,,18.1,,,18.1,,,,,,,,,,,,,,3,,,,component:2:18.1,Component,,,,,,,,,,,,,,,,,,,,,,,three_terminal,,,,,True,True,,
513.37,567.81,242.6,358.05,22,Resistor,,,,0.8571,,,,2,,,,vertical,,,,,,,22.3,,,22.3,,,,,,,,,,,,,,2,,,,component:2:22.3,Component,,,,,,,,,,,,,,,,,,,,,,,two_terminal,,,,,True,True,,
513.91,567.47,809.95,924.14,22,Resistor,,,,0.858,,,,2,,,,vertical,,,,,,,22.4,,,22.4,,,,,,,,,,,,,,2,,,,component:2:22.4,Component,,,,,,,,,,,,,,,,,,,,,,,two_terminal,,,,,True,True,,
524.6,556.92,135.07,178.37,26,Terminal,,,,0.6923,,,,2,,,,bottom,,,,,,,26.2,,,26.2,,,,,,,,,,,,,,1,,,,component:2:26.2,Component,,,,,,,,,,,,,,,,,,,,,,,variable_terminal,,,,,True,True,,
505.79,577.8,941.34,997.75,9,GND,,,,0.8105,,,,2,,,top,up,,,,,,,9.3,,,9.3,,,,,,,,,,,,,,1,,,,component:2:9.3,Component,,,,,,,,,,,,,,,,,,,,,,,one_terminal,,,,,True,True,,
715.13,757.77,337.26,445.68,20,Polarized_Capacitor,,,,0.84,,,,2,,,,horizontal,,,,,,,20.3,,,20.3,,,,,,,,,,,,,,2,,,,component:2:20.3,Component,,,,,,,,,,,,,,,,,,,,,,,two_terminal,,,,,True,True,,
800.94,825.66,376.44,407.47,26,Terminal,,,,0.8099,,,,2,,,,horizontal,,,,,,,26.3,,,26.3,,,,,,,,,,,,,,2,,,,component:2:26.3,Component,,,,,,,,,,,,,,,,,,,,,,,variable_terminal,,,,,True,True,,
841.23,896.94,563.57,681.13,22,Resistor,,,,0.837,,,,2,,,,vertical,,,,,,,22.5,,,22.5,,,,,,,,,,,,,,2,,,,component:2:22.5,Component,,,,,,,,,,,,,,,,,,,,,,,two_terminal,,,,,True,True,,
832.47,907.19,714.97,773.88,9,GND,,,,0.8012,,,,2,,,top,up,,,,,,,9.4,,,9.4,,,,,,,,,,,,,,1,,,,component:2:9.4,Component,,,,,,,,,,,,,,,,,,,,,,,one_terminal,,,,,True,True,,
,,,,,,26,Terminal,component:2:26.1,,,,,2,t1,26.1:t1,,right,,,,,,,26.1,,False,26.1:t1,ok,2.0,matched_preferred,[],N1,,1,False,,,,,,,,,,terminal:2:26.1:t1,Terminal,,,False,N1,1,right,directional,directional_primary,"[132, 767, 156, 780]",,,,,,,,,,137,771,,,,26.1:t1,t1,"{""point_mode"": ""bbox_side_center"", ""anchor_offset_ratio"": 0.5001}",bbox_side_center,,,137.33,773.05
,,,,,,9,GND,component:2:9.1,,,,,2,t1,9.1:t1,top,up,,,,,,,9.1,,False,9.1:t1,ok,2.0,matched_preferred,[],N2,,2,False,,,,,,,,,,terminal:2:9.1:t1,Terminal,,,False,N2,2,top,directional,directional_primary,"[149, 554, 162, 578]",,,,,,,,,,153,572,,,,9.1:t1,t1,"{""point_mode"": ""one_terminal_axis_center"", ""anchor_offset_ratio"": 0.5}",two_terminal_side_peak,,,154.7,572.28
,,,,,,20,Polarized_Capacitor,component:2:20.1,,,,,2,negative,20.1:negative,,horizontal,,,,,,,20.1,,False,20.1:negative,ok,0.0,matched_preferred,[],N1,,1,False,,,,,,,,,,terminal:2:20.1:t1,Terminal,,,False,N1,1,left,directional,directional_primary,"[208, 765, 232, 778]",0.2,,orientation_fallback,negative,polarized_capacitor_positive_from_marker,polarity,other_side,20.1:negative,negative,226,771,,,,20.1:t1,t1,"{""point_mode"": ""bbox_side_center"", ""anchor_offset_ratio"": 0.5}",bbox_side_center,,,225.86,771.12
,,,,,,20,Polarized_Capacitor,component:2:20.1,,,,,2,positive,20.1:positive,,horizontal,,,,,,,20.1,,False,20.1:positive,ok,0.0,matched_preferred,[],N2,,2,False,,,,,,,,,,terminal:2:20.1:t2,Terminal,,,False,N2,2,right,directional,directional_primary,"[273, 765, 297, 778]",0.2,,orientation_fallback,positive,polarized_capacitor_positive_from_marker,polarity,marker_side,20.1:positive,positive,278,771,,,,20.1:t2,t2,"{""point_mode"": ""bbox_side_center"", ""anchor_offset_ratio"": 0.5}",bbox_side_center,,,277.61,771.12
,,,,,,20,Polarized_Capacitor,component:2:20.2,,,,,2,negative,20.2:negative,,horizontal,,,,,,,20.2,,False,20.2:negative,ok,1.0,matched_preferred,[],N2,,2,False,,,,,,,,,,terminal:2:20.2:t1,Terminal,,,False,N2,2,left,directional,directional_primary,"[209, 535, 233, 548]",0.2,,orientation_fallback,negative,polarized_capacitor_positive_from_marker,polarity,other_side,20.2:negative,negative,227,540,,,,20.2:t1,t1,"{""point_mode"": ""bbox_side_center"", ""anchor_offset_ratio"": 0.5}",bbox_side_center,,,226.53,541.03
,,,,,,20,Polarized_Capacitor,component:2:20.2,,,,,2,positive,20.2:positive,,horizontal,,,,,,,20.2,,False,20.2:positive,ok,1.0,matched_preferred,[],N2,,2,False,,,,,,,,,,terminal:2:20.2:t2,Terminal,,,False,N2,2,right,directional,directional_primary,"[273, 535, 297, 548]",0.2,,orientation_fallback,positive,polarized_capacitor_positive_from_marker,polarity,marker_side,20.2:positive,positive,278,540,,,,20.2:t2,t2,"{""point_mode"": ""bbox_side_center"", ""anchor_offset_ratio"": 0.5}",bbox_side_center,,,278.34,541.03
,,,,,,22,Resistor,component:2:22.1,,,,,2,t1,22.1:t1,,vertical,,,,,,,22.1,,False,22.1:t1,ok,0.0,matched_preferred,[],N2,,2,False,,,,,,,,,,terminal:2:22.1:t1,Terminal,,,False,N2,2,top,directional,directional_primary,"[359, 782, 372, 806]",,,,,,,,,,365,800,,,,22.1:t1,t1,"{""point_mode"": ""bbox_side_center"", ""anchor_offset_ratio"": 0.5}",bbox_side_center,,,364.78,799.69
,,,,,,22,Resistor,component:2:22.1,,,,,2,t2,22.1:t2,,vertical,,,,,,,22.1,,False,22.1:t2,ok,0.0,matched_preferred,[],N3,,3,False,,,,,,,,,,terminal:2:22.1:t2,Terminal,,,False,N3,3,bottom,directional,directional_primary,"[359, 922, 372, 946]",,,,,,,,,,365,927,,,,22.1:t2,t2,"{""point_mode"": ""bbox_side_center"", ""anchor_offset_ratio"": 0.5}",bbox_side_center,,,364.78,927.2
,,,,,,22,Resistor,component:2:22.2,,,,,2,t1,22.2:t1,,vertical,,,,,,,22.2,,False,22.2:t1,ok,0.0,matched_preferred,[],N4,,4,False,,,,,,,,,,terminal:2:22.2:t1,Terminal,,,False,N4,4,top,directional,directional_primary,"[359, 273, 372, 297]",,,,,,,,,,365,291,,,,22.2:t1,t1,"{""point_mode"": ""bbox_side_center"", ""anchor_offset_ratio"": 0.5}",bbox_side_center,,,364.79,290.7
,,,,,,22,Resistor,component:2:22.2,,,,,2,t2,22.2:t2,,vertical,,,,,,,22.2,,False,22.2:t2,ok,0.0,matched_preferred,[],N2,,2,False,,,,,,,,,,terminal:2:22.2:t2,Terminal,,,False,N2,2,bottom,directional,directional_primary,"[359, 415, 372, 439]",,,,,,,,,,365,420,,,,22.2:t2,t2,"{""point_mode"": ""bbox_side_center"", ""anchor_offset_ratio"": 0.5}",bbox_side_center,,,364.79,420.34
,,,,,,9,GND,component:2:9.2,,,,,2,t1,9.2:t1,top,up,,,,,,,9.2,,False,9.2:t1,ok,1.0,matched_preferred,[],N3,,3,False,,,,,,,,,,terminal:2:9.2:t1,Terminal,,,False,N3,3,top,directional,directional_primary,"[360, 918, 373, 942]",,,,,,,,,,365,936,,,,9.2:t1,t1,"{""point_mode"": ""one_terminal_axis_center"", ""anchor_offset_ratio"": 0.5}",two_terminal_side_peak,,,365.6,935.85
,,,,,,18,NPN_Transistor,component:2:18.1,,,,,2,B,18.1:B,,left,,,,,,,18.1,,False,18.1:B,ok,0.0,matched_preferred,[],N2,,2,False,,,,,,,,,,terminal:2:18.1:t1,Terminal,,,False,N2,2,left,directional,directional_primary,"[433, 534, 457, 547]",1.0,,,,npn_emitter_from_arrow_branch,,single_side,18.1:B,B,451,540,,,,18.1:t1,t1,"{""point_mode"": ""three_terminal_structured"", ""scan_axis"": ""y"", ""relative_position"": ""left"", ""scan_start"": 506, ""scan_end"": 577, ""scan_margin"": 11, ""probe_halfspan"": 6, ""probe_out_len"": 12, ""probe_inset"": 1, ""peak_coord"": 540, ""anchor_offset_ratio"": 0.4894, ""max_score"": 70, ""keep_threshold"": 60, ""selected_run_start"": 30, ""selected_run_end"": 38, ""selected_run_length"": 9, ""selected_run_score"": 70, ""three_terminal_role"": ""single_side_terminal"", ""three_terminal_orientation"": ""left""}",three_terminal_structured,,,451.0,540.0
,,,,,,18,NPN_Transistor,component:2:18.1,,,,,2,C,18.1:C,,left,,,,,,,18.1,,False,18.1:C,ok,0.0,matched_preferred,[],N6,,6,False,,,,,,,,,,terminal:2:18.1:t2,Terminal,,,False,N6,6,top,directional,directional_primary,"[534, 449, 547, 473]",0.2312,,,,npn_emitter_from_arrow_branch,,other_branch,18.1:C,C,540,467,,,,18.1:t2,t2,"{""point_mode"": ""three_terminal_structured"", ""scan_axis"": ""x"", ""relative_position"": ""top"", ""scan_start"": 516, ""scan_end"": 568, ""scan_margin"": 9, ""probe_halfspan"": 6, ""probe_out_len"": 12, ""probe_inset"": 1, ""peak_coord"": 540, ""anchor_offset_ratio"": 0.7203, ""max_score"": 84, ""keep_threshold"": 71, ""selected_run_start"": 21, ""selected_run_end"": 28, ""selected_run_length"": 8, ""selected_run_score"": 84, ""three_terminal_role"": ""orthogonal_pair_terminal"", ""three_terminal_orientation"": ""left"", ""three_terminal_pair_bias"": ""opposite_side"", ""three_terminal_pair_bias_debug"": {""top"": {""local_score"": 105.0, ""point_mode"": ""side_peak_outside"", ""scan_axis"": ""x"", ""relative_position"": ""top"", ""scan_start"": 516, ""scan_end"": 568, ""scan_margin"": 9, ""probe_halfspan"": 6, ""probe_out_len"": 12, ""probe_inset"": 1, ""peak_coord"": 540, ""anchor_offset_ratio"": 0.7203, ""max_score"": 84, ""keep_threshold"": 71, ""selected_run_start"": 21, ""selected_run_end"": 28, ""selected_run_length"": 8, ""selected_run_score"": 84}, ""bottom"": {""local_score"": 105.0, ""point_mode"": ""side_peak_outside"", ""scan_axis"": ""x"", ""relative_position"": ""bottom"", ""scan_start"": 516, ""scan_end"": 568, ""scan_margin"": 9, ""probe_halfspan"": 6, ""probe_out_len"": 12, ""probe_inset"": 1, ""peak_coord"": 540, ""anchor_offset_ratio"": 0.7203, ""max_score"": 84, ""keep_threshold"": 71, ""selected_run_start"": 21, ""selected_run_end"": 28, ""selected_run_length"": 8, ""selected_run_score"": 84}}}",three_terminal_structured,,,540.0,467.0
,,,,,,18,NPN_Transistor,component:2:18.1,,,,,2,E,18.1:E,,left,,,,,,,18.1,,False,18.1:E,ok,0.0,matched_preferred,[],N2,,2,False,,,,,,,,,,terminal:2:18.1:t3,Terminal,,,False,N2,2,bottom,directional,directional_primary,"[534, 611, 547, 635]",0.2312,,,,npn_emitter_from_arrow_branch,,arrow_branch,18.1:E,E,540,616,,,,18.1:t3,t3,"{""point_mode"": ""three_terminal_structured"", ""scan_axis"": ""x"", ""relative_position"": ""bottom"", ""scan_start"": 516, ""scan_end"": 568, ""scan_margin"": 9, ""probe_halfspan"": 6, ""probe_out_len"": 12, ""probe_inset"": 1, ""peak_coord"": 540, ""anchor_offset_ratio"": 0.7203, ""max_score"": 84, ""keep_threshold"": 71, ""selected_run_start"": 21, ""selected_run_end"": 28, ""selected_run_length"": 8, ""selected_run_score"": 84, ""three_terminal_role"": ""orthogonal_pair_terminal"", ""three_terminal_orientation"": ""left"", ""three_terminal_pair_bias"": ""opposite_side"", ""three_terminal_pair_bias_debug"": {""top"": {""local_score"": 105.0, ""point_mode"": ""side_peak_outside"", ""scan_axis"": ""x"", ""relative_position"": ""top"", ""scan_start"": 516, ""scan_end"": 568, ""scan_margin"": 9, ""probe_halfspan"": 6, ""probe_out_len"": 12, ""probe_inset"": 1, ""peak_coord"": 540, ""anchor_offset_ratio"": 0.7203, ""max_score"": 84, ""keep_threshold"": 71, ""selected_run_start"": 21, ""selected_run_end"": 28, ""selected_run_length"": 8, ""selected_run_score"": 84}, ""bottom"": {""local_score"": 105.0, ""point_mode"": ""side_peak_outside"", ""scan_axis"": ""x"", ""relative_position"": ""bottom"", ""scan_start"": 516, ""scan_end"": 568, ""scan_margin"": 9, ""probe_halfspan"": 6, ""probe_out_len"": 12, ""probe_inset"": 1, ""peak_coord"": 540, ""anchor_offset_ratio"": 0.7203, ""max_score"": 84, ""keep_threshold"": 71, ""selected_run_start"": 21, ""selected_run_end"": 28, ""selected_run_length"": 8, ""selected_run_score"": 84}}}",three_terminal_structured,,,540.0,616.0
,,,,,,22,Resistor,component:2:22.3,,,,,2,t1,22.3:t1,,vertical,,,,,,,22.3,,False,22.3:t1,ok,1.0,matched_preferred,[],N4,,4,False,,,,,,,,,,terminal:2:22.3:t1,Terminal,,,False,N4,4,top,directional,directional_primary,"[535, 221, 548, 245]",,,,,,,,,,540,239,,,,22.3:t1,t1,"{""point_mode"": ""bbox_side_center"", ""anchor_offset_ratio"": 0.5}",bbox_side_center,,,540.59,238.6
,,,,,,22,Resistor,component:2:22.3,,,,,2,t2,22.3:t2,,vertical,,,,,,,22.3,,False,22.3:t2,ok,1.0,matched_preferred,[],N6,,6,False,,,,,,,,,,terminal:2:22.3:t2,Terminal,,,False,N6,6,bottom,directional,directional_primary,"[535, 357, 548, 381]",,,,,,,,,,540,362,,,,22.3:t2,t2,"{""point_mode"": ""bbox_side_center"", ""anchor_offset_ratio"": 0.5}",bbox_side_center,,,540.59,362.05
,,,,,,22,Resistor,component:2:22.4,,,,,2,t1,22.4:t1,,vertical,,,,,,,22.4,,False,22.4:t1,ok,1.0,matched_preferred,[],N2,,2,False,,,,,,,,,,terminal:2:22.4:t1,Terminal,,,False,N2,2,top,directional,directional_primary,"[535, 788, 548, 812]",,,,,,,,,,540,806,,,,22.4:t1,t1,"{""point_mode"": ""bbox_side_center"", ""anchor_offset_ratio"": 0.5}",bbox_side_center,,,540.69,805.95
,,,,,,22,Resistor,component:2:22.4,,,,,2,t2,22.4:t2,,vertical,,,,,,,22.4,,False,22.4:t2,ok,1.0,matched_preferred,[],N5,,5,False,,,,,,,,,,terminal:2:22.4:t2,Terminal,,,False,N5,5,bottom,directional,directional_primary,"[535, 923, 548, 947]",,,,,,,,,,540,928,,,,22.4:t2,t2,"{""point_mode"": ""bbox_side_center"", ""anchor_offset_ratio"": 0.5}",bbox_side_center,,,540.69,928.14
,,,,,,26,Terminal,component:2:26.2,,,,,2,t1,26.2:t1,,bottom,,,,,,,26.2,,False,26.2:t1,ok,1.0,matched_preferred,[],N4,,4,False,,,,,,,,,,terminal:2:26.2:t1,Terminal,,,False,N4,4,bottom,directional,directional_primary,"[535, 177, 548, 201]",,,,,,,,,,540,182,,,,26.2:t1,t1,"{""point_mode"": ""bbox_side_center"", ""anchor_offset_ratio"": 0.5}",bbox_side_center,,,540.76,182.37
,,,,,,9,GND,component:2:9.3,,,,,2,t1,9.3:t1,top,up,,,,,,,9.3,,False,9.3:t1,ok,2.0,matched_preferred,[],N5,,5,False,,,,,,,,,,terminal:2:9.3:t1,Terminal,,,False,N5,5,top,directional,directional_primary,"[536, 919, 549, 943]",,,,,,,,,,540,937,,,,9.3:t1,t1,"{""point_mode"": ""one_terminal_axis_center"", ""anchor_offset_ratio"": 0.5}",two_terminal_side_peak,,,541.79,937.34
,,,,,,20,Polarized_Capacitor,component:2:20.3,,,,,2,positive,20.3:positive,,horizontal,,,,,,,20.3,,False,20.3:positive,ok,0.0,matched_preferred,[],N6,,6,False,,,,,,,,,,terminal:2:20.3:t1,Terminal,,,False,N6,6,left,directional,directional_primary,"[693, 385, 717, 398]",0.2,,orientation_fallback,positive,polarized_capacitor_positive_from_marker,polarity,marker_side,20.3:positive,positive,711,391,,,,20.3:t1,t1,"{""point_mode"": ""bbox_side_center"", ""anchor_offset_ratio"": 0.5}",bbox_side_center,,,711.13,391.47
,,,,,,20,Polarized_Capacitor,component:2:20.3,,,,,2,negative,20.3:negative,,horizontal,,,,,,,20.3,,False,20.3:negative,ok,0.0,matched_preferred,[],N6,,6,False,,,,,,,,,,terminal:2:20.3:t2,Terminal,,,False,N6,6,right,directional,directional_primary,"[757, 385, 781, 398]",0.2,,orientation_fallback,negative,polarized_capacitor_positive_from_marker,polarity,other_side,20.3:negative,negative,762,391,,,,20.3:t2,t2,"{""point_mode"": ""bbox_side_center"", ""anchor_offset_ratio"": 0.5}",bbox_side_center,,,761.77,391.47
,,,,,,26,Terminal,component:2:26.3,,,,,2,t1,26.3:t1,,horizontal,,,,,,,26.3,,False,26.3:t1,ok,1.0,matched_preferred,[],N6,,6,False,,,,,,,,,,terminal:2:26.3:t1,Terminal,,,False,N6,6,left,directional,directional_primary,"[779, 386, 803, 399]",,,,,,,,,,797,391,,,,26.3:t1,t1,"{""point_mode"": ""bbox_side_center"", ""anchor_offset_ratio"": 0.5002}",bbox_side_center,,,796.94,391.96
,,,,,,26,Terminal,component:2:26.3,,,,,2,t2,26.3:t2,,horizontal,,,,,,,26.3,,False,26.3:t2,ok,1.0,matched_preferred,[],N6,,6,False,,,,,,,,,,terminal:2:26.3:t2,Terminal,,,False,N6,6,right,directional,directional_primary,"[825, 386, 849, 399]",,,,,,,,,,830,391,,,,26.3:t2,t2,"{""point_mode"": ""bbox_side_center"", ""anchor_offset_ratio"": 0.5002}",bbox_side_center,,,829.66,391.96
,,,,,,22,Resistor,component:2:22.5,,,,,2,t1,22.5:t1,,vertical,,,,,,,22.5,,False,22.5:t1,ok,0.0,matched_preferred,[],N6,,6,False,,,,,,,,,,terminal:2:22.5:t1,Terminal,,,False,N6,6,top,directional,directional_primary,"[863, 542, 876, 566]",,,,,,,,,,869,560,,,,22.5:t1,t1,"{""point_mode"": ""bbox_side_center"", ""anchor_offset_ratio"": 0.5001}",bbox_side_center,,,869.09,559.57
,,,,,,22,Resistor,component:2:22.5,,,,,2,t2,22.5:t2,,vertical,,,,,,,22.5,,False,22.5:t2,ok,0.0,matched_preferred,[],N7,,7,False,,,,,,,,,,terminal:2:22.5:t2,Terminal,,,False,N7,7,bottom,directional,directional_primary,"[863, 680, 876, 704]",,,,,,,,,,869,685,,,,22.5:t2,t2,"{""point_mode"": ""bbox_side_center"", ""anchor_offset_ratio"": 0.5001}",bbox_side_center,,,869.09,685.13
,,,,,,9,GND,component:2:9.4,,,,,2,t1,9.4:t1,top,up,,,,,,,9.4,,False,9.4:t1,ok,1.0,matched_preferred,[],N7,,7,False,,,,,,,,,,terminal:2:9.4:t1,Terminal,,,False,N7,7,top,directional,directional_primary,"[864, 693, 877, 717]",,,,,,,,,,869,711,,,,9.4:t1,t1,"{""point_mode"": ""one_terminal_axis_center"", ""anchor_offset_ratio"": 0.5}",two_terminal_side_peak,,,869.83,710.97
128,242,767,779,,,,,,,"[""negative""]","[""20.1:negative"", ""26.1:t1""]","[""20.1:t1"", ""26.1:t1""]",2,,,,,,,,,,,,False,,N1,,,,,,,,,[24],,2,,,,,N1,1,net:2:N1,Net,126,,,,,,,,,,,,,,,,,,,,,24,,,,,,,,,
153,546,404,821,,,,,,,"[""B"", ""E"", ""positive"", ""negative"", ""positive""]","[""18.1:B"", ""18.1:E"", ""20.1:positive"", ""20.2:negative"", ""20.2:positive"", ""22.1:t1"", ""22.2:t2"", ""22.4:t1"", ""9.1:t1""]","[""18.1:t1"", ""18.1:t3"", ""20.1:t2"", ""20.2:t1"", ""20.2:t2"", ""22.1:t1"", ""22.2:t2"", ""22.4:t1"", ""9.1:t1""]",2,,,,,,,,,,,,False,,N2,,,,,,,,,[11],,9,,,,,N2,2,net:2:N2,Net,1385,,,,,,,,,,,,,,,,,,,,,11,,,,,,,,,
365,369,911,952,,,,,,,[],"[""22.1:t2"", ""9.2:t1""]","[""22.1:t2"", ""9.2:t1""]",2,,,,,,,,,,,,False,,N3,,,,,,,,,[30],,2,,,,,N3,3,net:2:N3,Net,45,,,,,,,,,,,,,,,,,,,,,30,,,,,,,,,
365,544,166,306,,,,,,,[],"[""22.2:t1"", ""22.3:t1"", ""26.2:t1""]","[""22.2:t1"", ""22.3:t1"", ""26.2:t1""]",2,,,,,,,,,,,,False,,N4,,,,,,,,,[2],,3,,,,,N4,4,net:2:N4,Net,373,,,,,,,,,,,,,,,,,,,,,2,,,,,,,,,
540,544,912,953,,,,,,,[],"[""22.4:t2"", ""9.3:t1""]","[""22.4:t2"", ""9.3:t1""]",2,,,,,,,,,,,,False,,N5,,,,,,,,,[31],,2,,,,,N5,5,net:2:N5,Net,44,,,,,,,,,,,,,,,,,,,,,31,,,,,,,,,
494,870,346,575,,,,,,,"[""C"", ""positive"", ""negative""]","[""18.1:C"", ""20.3:positive"", ""20.3:negative"", ""22.3:t2"", ""22.5:t1"", ""26.3:t1"", ""26.3:t2""]","[""18.1:t2"", ""20.3:t1"", ""20.3:t2"", ""22.3:t2"", ""22.5:t1"", ""26.3:t1"", ""26.3:t2""]",2,,,,,,,,,,,,False,,N6,,,,,,,,,[8],,7,,,,,N6,6,net:2:N6,Net,722,,,,,,,,,,,,,,,,,,,,,8,,,,,,,,,
869,870,669,727,,,,,,,[],"[""22.5:t2"", ""9.4:t1""]","[""22.5:t2"", ""9.4:t1""]",2,,,,,,,,,,,,False,,N7,,,,,,,,,[21],,2,,,,,N7,7,net:2:N7,Net,59,,,,,,,,,,,,,,,,,,,,,21,,,,,,,,,
,,,,,,,,,,,,,3,,,,,1024,3.jpg,C:\Users\m.profilo\Desktop\tesi_diagrams_yolo\data\batch_v8_polarita_componenti\3.jpg,1024,,,,,,3,,,,,,,,,,9,,18,6,,18,,,diagram:3,Diagram,,,,,,,,,,,,,,,,,,,,,06_match_terminals_to_nets,,,,,,,,,,
87.94,178.24,716.7,870.82,31,Voltage_Source,,,,0.9281,,,,3,,,,vertical,,,,,,,31.1,,,31.1,,,,,,,,,,,,,,2,,,,component:3:31.1,Component,,,,,,,,,,,,,,,,,,,,,,,two_terminal,,,,,True,True,,
288.38,377.54,708.82,858.15,31,Voltage_Source,,,,0.9405,,,,3,,,,vertical,,,,,,,31.2,,,31.2,,,,,,,,,,,,,,2,,,,component:3:31.2,Component,,,,,,,,,,,,,,,,,,,,,,,two_terminal,,,,,True,True,,
509.52,704.16,520.38,596.9,10,Inductor,,,,0.8417,,,,3,,,,horizontal,,,,,,,10.1,,,10.1,,,,,,,,,,,,,,2,,,,component:3:10.1,Component,,,,,,,,,,,,,,,,,,,,,,,two_terminal,,,,,True,True,,
511.19,705.24,103.23,180.78,10,Inductor,,,,0.8696,,,,3,,,,horizontal,,,,,,,10.2,,,10.2,,,,,,,,,,,,,,2,,,,component:3:10.2,Component,,,,,,,,,,,,,,,,,,,,,,,two_terminal,,,,,True,True,,
563.98,653.74,639.7,788.12,6,Current_Source,,,,0.919,,,,3,,,,horizontal,,,,,,,6.1,,,6.1,,,,,,,,,,,,,,2,,,,component:3:6.1,Component,,,,,,,,,,,,,,,,,,,,,,,two_terminal,,,,,True,True,,
564.74,653.83,221.84,370.58,6,Current_Source,,,,0.9118,,,,3,,,,horizontal,,,,,,,6.2,,,6.2,,,,,,,,,,,,,,2,,,,component:3:6.2,Component,,,,,,,,,,,,,,,,,,,,,,,two_terminal,,,,,True,True,,
831.86,930.51,216.41,304.25,4,Capacitor,,,,0.8742,,,,3,,,,vertical,,,,,,,4.1,,,4.1,,,,,,,,,,,,,,2,,,,component:3:4.1,Component,,,,,,,,,,,,,,,,,,,,,,,two_terminal,,,,,True,True,,
836.65,926.79,707.11,859.04,31,Voltage_Source,,,,0.9319,,,,3,,,,vertical,,,,,,,31.3,,,31.3,,,,,,,,,,,,,,2,,,,component:3:31.3,Component,,,,,,,,,,,,,,,,,,,,,,,two_terminal,,,,,True,True,,
836.76,926.84,355.1,506.19,31,Voltage_Source,,,,0.9329,,,,3,,,,vertical,,,,,,,31.4,,,31.4,,,,,,,,,,,,,,2,,,,component:3:31.4,Component,,,,,,,,,,,,,,,,,,,,,,,two_terminal,,,,,True,True,,
,,,,,,31,Voltage_Source,component:3:31.1,,,,,3,positive,31.1:positive,,vertical,,,,,,,31.1,,False,31.1:positive,ok,1.0,matched_preferred,[],N1,,1,False,,,,,,,,,,terminal:3:31.1:t1,Terminal,,,False,N1,1,top,directional,directional_primary,"[125, 691, 142, 720]",0.5769,,symbol_heuristic,positive,voltage_source_positive_from_plus_marker,polarity,marker_side,31.1:positive,positive,132,713,,,,31.1:t1,t1,"{""point_mode"": ""bbox_side_center"", ""anchor_offset_ratio"": 0.5}",bbox_side_center,,,133.09,712.7
,,,,,,31,Voltage_Source,component:3:31.1,,,,,3,negative,31.1:negative,,vertical,,,,,,,31.1,,False,31.1:negative,ok,1.0,matched_preferred,[],N3,,3,False,,,,,,,,,,terminal:3:31.1:t2,Terminal,,,False,N3,3,bottom,directional,directional_primary,"[125, 869, 142, 898]",0.5769,,symbol_heuristic,negative,voltage_source_positive_from_plus_marker,polarity,other_side,31.1:negative,negative,132,875,,,,31.1:t2,t2,"{""point_mode"": ""bbox_side_center"", ""anchor_offset_ratio"": 0.5}",bbox_side_center,,,133.09,874.82
,,,,,,31,Voltage_Source,component:3:31.2,,,,,3,positive,31.2:positive,,vertical,,,,,,,31.2,,False,31.2:positive,ok,1.0,matched_preferred,[],N2,,2,False,,,,,,,,,,terminal:3:31.2:t1,Terminal,,,False,N2,2,top,directional,directional_primary,"[325, 683, 342, 712]",0.541,,symbol_heuristic,positive,voltage_source_positive_from_plus_marker,polarity,marker_side,31.2:positive,positive,332,705,,,,31.2:t1,t1,"{""point_mode"": ""bbox_side_center"", ""anchor_offset_ratio"": 0.5}",bbox_side_center,,,332.96,704.82
,,,,,,31,Voltage_Source,component:3:31.2,,,,,3,negative,31.2:negative,,vertical,,,,,,,31.2,,False,31.2:negative,ok,1.0,matched_preferred,[],N3,,3,False,,,,,,,,,,terminal:3:31.2:t2,Terminal,,,False,N3,3,bottom,directional,directional_primary,"[325, 856, 342, 885]",0.541,,symbol_heuristic,negative,voltage_source_positive_from_plus_marker,polarity,other_side,31.2:negative,negative,332,862,,,,31.2:t2,t2,"{""point_mode"": ""bbox_side_center"", ""anchor_offset_ratio"": 0.5}",bbox_side_center,,,332.96,862.15
,,,,,,10,Inductor,component:3:10.1,,,,,3,t1,10.1:t1,,horizontal,,,,,,,10.1,,False,10.1:t1,ok,0.0,matched_preferred,[],N2,,2,False,,,,,,,,,,terminal:3:10.1:t1,Terminal,,,False,N2,2,left,directional,directional_primary,"[476, 564, 515, 585]",,,,,,,,,,506,574,,,,10.1:t1,t1,"{""point_mode"": ""side_peak_outside"", ""scan_axis"": ""y"", ""relative_position"": ""left"", ""scan_start"": 526, ""scan_end"": 591, ""scan_margin"": 6, ""probe_halfspan"": 6, ""probe_out_len"": 12, ""probe_inset"": 1, ""peak_coord"": 574, ""anchor_offset_ratio"": 0.7013, ""max_score"": 126, ""keep_threshold"": 107, ""selected_run_start"": 45, ""selected_run_end"": 51, ""selected_run_length"": 7, ""selected_run_score"": 126}",two_terminal_side_peak,,,506.0,574.0
,,,,,,10,Inductor,component:3:10.1,,,,,3,t2,10.1:t2,,horizontal,,,,,,,10.1,,False,10.1:t2,ok,0.0,matched_preferred,[],N5,,5,False,,,,,,,,,,terminal:3:10.1:t2,Terminal,,,False,N5,5,right,directional,directional_primary,"[700, 567, 739, 588]",,,,,,,,,,708,577,,,,10.1:t2,t2,"{""point_mode"": ""side_peak_outside"", ""scan_axis"": ""y"", ""relative_position"": ""right"", ""scan_start"": 526, ""scan_end"": 591, ""scan_margin"": 6, ""probe_halfspan"": 6, ""probe_out_len"": 12, ""probe_inset"": 1, ""peak_coord"": 577, ""anchor_offset_ratio"": 0.7403, ""max_score"": 126, ""keep_threshold"": 107, ""selected_run_start"": 48, ""selected_run_end"": 54, ""selected_run_length"": 7, ""selected_run_score"": 126}",two_terminal_side_peak,,,708.0,577.0
,,,,,,10,Inductor,component:3:10.2,,,,,3,t1,10.2:t1,,horizontal,,,,,,,10.2,,False,10.2:t1,ok,1.0,matched_preferred,[],N1,,1,False,,,,,,,,,,terminal:3:10.2:t1,Terminal,,,False,N1,1,left,directional,directional_primary,"[477, 149, 516, 170]",,,,,,,,,,507,158,,,,10.2:t1,t1,"{""point_mode"": ""side_peak_outside"", ""scan_axis"": ""y"", ""relative_position"": ""left"", ""scan_start"": 109, ""scan_end"": 175, ""scan_margin"": 6, ""probe_halfspan"": 6, ""probe_out_len"": 12, ""probe_inset"": 1, ""peak_coord"": 159, ""anchor_offset_ratio"": 0.7179, ""max_score"": 144, ""keep_threshold"": 122, ""selected_run_start"": 47, ""selected_run_end"": 52, ""selected_run_length"": 6, ""selected_run_score"": 144}",two_terminal_side_peak,,,507.0,159.0
,,,,,,10,Inductor,component:3:10.2,,,,,3,t2,10.2:t2,,horizontal,,,,,,,10.2,,False,10.2:t2,ok,0.0,matched_preferred,[],N4,,4,False,,,,,,,,,,terminal:3:10.2:t2,Terminal,,,False,N4,4,right,directional,directional_primary,"[701, 150, 740, 171]",,,,,,,,,,709,160,,,,10.2:t2,t2,"{""point_mode"": ""side_peak_outside"", ""scan_axis"": ""y"", ""relative_position"": ""right"", ""scan_start"": 109, ""scan_end"": 175, ""scan_margin"": 6, ""probe_halfspan"": 6, ""probe_out_len"": 12, ""probe_inset"": 1, ""peak_coord"": 160, ""anchor_offset_ratio"": 0.7308, ""max_score"": 126, ""keep_threshold"": 107, ""selected_run_start"": 48, ""selected_run_end"": 54, ""selected_run_length"": 7, ""selected_run_score"": 126}",two_terminal_side_peak,,,709.0,160.0
,,,,,,6,Current_Source,component:3:6.1,,,,,3,current_from,6.1:current_from,,horizontal,,,,,,,6.1,,False,6.1:current_from,ok,0.0,matched_preferred,[],N2,,2,False,,,,,,,,,,terminal:3:6.1:t1,Terminal,,,False,N2,2,left,directional,directional_primary,"[538, 706, 567, 723]",0.4813,current_from,symbol_heuristic,,current_source_direction_from_arrow,current_direction,other_side,6.1:current_from,current_from,560,714,,,,6.1:t1,t1,"{""point_mode"": ""bbox_side_center"", ""anchor_offset_ratio"": 0.5}",bbox_side_center,,,559.98,713.91
,,,,,,6,Current_Source,component:3:6.1,,,,,3,current_to,6.1:current_to,,horizontal,,,,,,,6.1,,False,6.1:current_to,ok,0.0,matched_preferred,[],N5,,5,False,,,,,,,,,,terminal:3:6.1:t2,Terminal,,,False,N5,5,right,directional,directional_primary,"[652, 706, 681, 723]",0.4813,current_to,symbol_heuristic,,current_source_direction_from_arrow,current_direction,marker_side,6.1:current_to,current_to,658,714,,,,6.1:t2,t2,"{""point_mode"": ""bbox_side_center"", ""anchor_offset_ratio"": 0.5}",bbox_side_center,,,657.74,713.91
,,,,,,6,Current_Source,component:3:6.2,,,,,3,current_from,6.2:current_from,,horizontal,,,,,,,6.2,,False,6.2:current_from,ok,1.0,matched_preferred,[],N1,,1,False,,,,,,,,,,terminal:3:6.2:t1,Terminal,,,False,N1,1,left,directional,directional_primary,"[539, 288, 568, 305]",0.4604,current_from,symbol_heuristic,,current_source_direction_from_arrow,current_direction,other_side,6.2:current_from,current_from,561,297,,,,6.2:t1,t1,"{""point_mode"": ""bbox_side_center"", ""anchor_offset_ratio"": 0.5}",bbox_side_center,,,560.74,296.21
,,,,,,6,Current_Source,component:3:6.2,,,,,3,current_to,6.2:current_to,,horizontal,,,,,,,6.2,,False,6.2:current_to,ok,1.0,matched_preferred,[],N4,,4,False,,,,,,,,,,terminal:3:6.2:t2,Terminal,,,False,N4,4,right,directional,directional_primary,"[652, 288, 681, 305]",0.4604,current_to,symbol_heuristic,,current_source_direction_from_arrow,current_direction,marker_side,6.2:current_to,current_to,658,297,,,,6.2:t2,t2,"{""point_mode"": ""bbox_side_center"", ""anchor_offset_ratio"": 0.5}",bbox_side_center,,,657.83,296.21
,,,,,,4,Capacitor,component:3:4.1,,,,,3,t1,4.1:t1,,vertical,,,,,,,4.1,,False,4.1:t1,ok,0.0,matched_preferred,[],N4,,4,False,,,,,,,,,,terminal:3:4.1:t1,Terminal,,,False,N4,4,top,directional,directional_primary,"[875, 194, 888, 218]",,,,,,,,,,881,212,,,,4.1:t1,t1,"{""point_mode"": ""bbox_side_center"", ""anchor_offset_ratio"": 0.4999}",bbox_side_center,,,881.18,212.41
,,,,,,4,Capacitor,component:3:4.1,,,,,3,t2,4.1:t2,,vertical,,,,,,,4.1,,False,4.1:t2,ok,0.0,matched_preferred,[],N6,,6,False,,,,,,,,,,terminal:3:4.1:t2,Terminal,,,False,N6,6,bottom,directional,directional_primary,"[875, 303, 888, 327]",,,,,,,,,,881,308,,,,4.1:t2,t2,"{""point_mode"": ""bbox_side_center"", ""anchor_offset_ratio"": 0.4999}",bbox_side_center,,,881.18,308.25
,,,,,,31,Voltage_Source,component:3:31.3,,,,,3,positive,31.3:positive,,vertical,,,,,,,31.3,,False,31.3:positive,ok,1.0,matched_preferred,[],N5,,5,False,,,,,,,,,,terminal:3:31.3:t1,Terminal,,,False,N5,5,top,directional,directional_primary,"[874, 681, 891, 710]",0.614,,symbol_heuristic,positive,voltage_source_positive_from_plus_marker,polarity,marker_side,31.3:positive,positive,881,703,,,,31.3:t1,t1,"{""point_mode"": ""bbox_side_center"", ""anchor_offset_ratio"": 0.5}",bbox_side_center,,,881.72,703.11
,,,,,,31,Voltage_Source,component:3:31.3,,,,,3,negative,31.3:negative,,vertical,,,,,,,31.3,,False,31.3:negative,ok,1.0,matched_preferred,[],N3,,3,False,,,,,,,,,,terminal:3:31.3:t2,Terminal,,,False,N3,3,bottom,directional,directional_primary,"[874, 857, 891, 886]",0.614,,symbol_heuristic,negative,voltage_source_positive_from_plus_marker,polarity,other_side,31.3:negative,negative,881,863,,,,31.3:t2,t2,"{""point_mode"": ""bbox_side_center"", ""anchor_offset_ratio"": 0.5}",bbox_side_center,,,881.72,863.04
,,,,,,31,Voltage_Source,component:3:31.4,,,,,3,positive,31.4:positive,,vertical,,,,,,,31.4,,False,31.4:positive,ok,1.0,matched_preferred,[],N6,,6,False,,,,,,,,,,terminal:3:31.4:t1,Terminal,,,False,N6,6,top,directional,directional_primary,"[874, 329, 891, 358]",1.0,,symbol_heuristic,positive,voltage_source_positive_from_plus_marker,polarity,marker_side,31.4:positive,positive,881,351,,,,31.4:t1,t1,"{""point_mode"": ""bbox_side_center"", ""anchor_offset_ratio"": 0.5}",bbox_side_center,,,881.8,351.1
,,,,,,31,Voltage_Source,component:3:31.4,,,,,3,negative,31.4:negative,,vertical,,,,,,,31.4,,False,31.4:negative,ok,1.0,matched_preferred,[],N5,,5,False,,,,,,,,,,terminal:3:31.4:t2,Terminal,,,False,N5,5,bottom,directional,directional_primary,"[874, 504, 891, 533]",1.0,,symbol_heuristic,negative,voltage_source_positive_from_plus_marker,polarity,other_side,31.4:negative,negative,881,510,,,,31.4:t2,t2,"{""point_mode"": ""bbox_side_center"", ""anchor_offset_ratio"": 0.5}",bbox_side_center,,,881.8,510.19
118,569,136,724,,,,,,,"[""positive"", ""current_from""]","[""10.2:t1"", ""31.1:positive"", ""6.2:current_from""]","[""10.2:t1"", ""31.1:t1"", ""6.2:t1""]",3,,,,,,,,,,,,False,,N1,,,,,,,,,[3],,3,,,,,N1,1,net:3:N1,Net,1318,,,,,,,,,,,,,,,,,,,,,3,,,,,,,,,
314,568,553,740,,,,,,,"[""positive"", ""current_from""]","[""10.1:t1"", ""31.2:positive"", ""6.1:current_from""]","[""10.1:t1"", ""31.2:t1"", ""6.1:t1""]",3,,,,,,,,,,,,False,,N2,,,,,,,,,[16],,3,,,,,N2,2,net:3:N2,Net,694,,,,,,,,,,,,,,,,,,,,,16,,,,,,,,,
119,897,848,1000,,,,,,,"[""negative"", ""negative"", ""negative""]","[""31.1:negative"", ""31.2:negative"", ""31.3:negative""]","[""31.1:t2"", ""31.2:t2"", ""31.3:t2""]",3,,,,,,,,,,,,False,,N3,,,,,,,,,[28],,3,,,,,N3,3,net:3:N3,Net,1247,,,,,,,,,,,,,,,,,,,,,28,,,,,,,,,
649,881,147,322,,,,,,,"[""current_to""]","[""10.2:t2"", ""4.1:t1"", ""6.2:current_to""]","[""10.2:t2"", ""4.1:t1"", ""6.2:t2""]",3,,,,,,,,,,,,False,,N4,,,,,,,,,[4],,3,,,,,N4,4,net:3:N4,Net,540,,,,,,,,,,,,,,,,,,,,,4,,,,,,,,,
648,929,494,739,,,,,,,"[""positive"", ""negative"", ""current_to""]","[""10.1:t2"", ""31.3:positive"", ""31.4:negative"", ""6.1:current_to""]","[""10.1:t2"", ""31.3:t1"", ""31.4:t2"", ""6.1:t2""]",3,,,,,,,,,,,,False,,N5,,,,,,,,,[15],,4,,,,,N5,5,net:3:N5,Net,876,,,,,,,,,,,,,,,,,,,,,15,,,,,,,,,
862,900,292,363,,,,,,,"[""positive""]","[""31.4:positive"", ""4.1:t2""]","[""31.4:t1"", ""4.1:t2""]",3,,,,,,,,,,,,False,,N6,,,,,,,,,[7],,2,,,,,N6,6,net:3:N6,Net,107,,,,,,,,,,,,,,,,,,,,,7,,,,,,,,,
,,,,,,,,,,,,,4,,,,,1024,4.jpg,C:\Users\m.profilo\Desktop\tesi_diagrams_yolo\data\batch_v8_polarita_componenti\4.jpg,1024,,,,,,4,,,,,,,,,,10,,18,8,,18,,,diagram:4,Diagram,,,,,,,,,,,,,,,,,,,,,06_match_terminals_to_nets,,,,,,,,,,
55.78,89.85,772.88,802.17,26,Terminal,,,,0.7458,,,,4,,,,bottom,,,,,,,26.1,,,26.1,,,,,,,,,,,,,,1,,,,component:4:26.1,Component,,,,,,,,,,,,,,,,,,,,,,,variable_terminal,,,,,True,True,,
56.52,92.99,683.92,721.29,26,Terminal,,,,0.743,,,,4,,,,right,,,,,,,26.2,,,26.2,,,,,,,,,,,,,,1,,,,component:4:26.2,Component,,,,,,,,,,,,,,,,,,,,,,,variable_terminal,,,,,True,True,,
29.65,122.35,834.1,883.14,9,GND,,,,0.7889,,,,4,,,top,up,,,,,,,9.1,,,9.1,,,,,,,,,,,,,,1,,,,component:4:9.1,Component,,,,,,,,,,,,,,,,,,,,,,,one_terminal,,,,,True,True,,
200.61,302.13,166.34,259.16,6,Current_Source,,,,0.9208,,,,4,,,,vertical,,,,,,,6.1,,,6.1,,,,,,,,,,,,,,2,,,,component:4:6.1,Component,,,,,,,,,,,,,,,,,,,,,,,two_terminal,,,,,True,True,,
213.35,290.03,411.87,478.21,7,Diode,,,,0.8697,,,,4,,,,vertical,,,,,,,7.1,,,7.1,,,,,,,,,,,,,,2,,,,component:4:7.1,Component,,,,,,,,,,,,,,,,,,,,,,,two_terminal,,,,,True,True,,
213.99,289.67,531.62,597.07,7,Diode,,,,0.8778,,,,4,,,,vertical,,,,,,,7.2,,,7.2,,,,,,,,,,,,,,2,,,,component:4:7.2,Component,,,,,,,,,,,,,,,,,,,,,,,two_terminal,,,,,True,True,,
404.37,513.24,616.96,793.13,18,NPN_Transistor,,,,0.8263,,,,4,,,,left,,,,,,,18.1,,,18.1,,,,,,,,,,,,,,3,,,,component:4:18.1,Component,,,,,,,,,,,,,,,,,,,,,,,three_terminal,,,,,True,True,,
406.27,511.48,241.94,416.63,18,NPN_Transistor,,,,0.8749,,,,4,,,,left,,,,,,,18.2,,,18.2,,,,,,,,,,,,,,3,,,,component:4:18.2,Component,,,,,,,,,,,,,,,,,,,,,,,three_terminal,,,,,True,True,,
876.38,951.3,585.4,697.46,22,Resistor,,,,0.8771,,,,4,,,,vertical,,,,,,,22.1,,,22.1,,,,,,,,,,,,,,2,,,,component:4:22.1,Component,,,,,,,,,,,,,,,,,,,,,,,two_terminal,,,,,True,True,,
870.83,958.34,768.7,818.64,9,GND,,,,0.7957,,,,4,,,top,up,,,,,,,9.2,,,9.2,,,,,,,,,,,,,,1,,,,component:4:9.2,Component,,,,,,,,,,,,,,,,,,,,,,,one_terminal,,,,,True,True,,
,,,,,,26,Terminal,component:4:26.1,,,,,4,t1,26.1:t1,,bottom,,,,,,,26.1,,False,26.1:t1,ok,0.0,matched_preferred,[],N1,,1,False,,,,,,,,,,terminal:4:26.1:t1,Terminal,,,False,N1,1,bottom,directional,directional_primary,"[67, 801, 80, 825]",,,,,,,,,,73,806,,,,26.1:t1,t1,"{""point_mode"": ""bbox_side_center"", ""anchor_offset_ratio"": 0.4999}",bbox_side_center,,,72.81,806.17
,,,,,,26,Terminal,component:4:26.2,,,,,4,t1,26.2:t1,,right,,,,,,,26.2,,False,26.2:t1,ok,0.0,matched_preferred,[],N2,,2,False,,,,,,,,,,terminal:4:26.2:t1,Terminal,,,False,N2,2,right,directional,directional_primary,"[92, 697, 116, 710]",,,,,,,,,,97,703,,,,26.2:t1,t1,"{""point_mode"": ""bbox_side_center"", ""anchor_offset_ratio"": 0.5001}",bbox_side_center,,,96.99,702.61
,,,,,,9,GND,component:4:9.1,,,,,4,t1,9.1:t1,top,up,,,,,,,9.1,,False,9.1:t1,ok,3.0,matched_preferred,[],N1,,1,False,,,,,,,,,,terminal:4:9.1:t1,Terminal,,,False,N1,1,top,directional,directional_primary,"[70, 812, 83, 836]",,,,,,,,,,73,830,,,,9.1:t1,t1,"{""point_mode"": ""one_terminal_axis_center"", ""anchor_offset_ratio"": 0.5}",two_terminal_side_peak,,,76.0,830.1
,,,,,,6,Current_Source,component:4:6.1,,,,,4,current_from,6.1:current_from,,vertical,,,,,,,6.1,,False,6.1:current_from,ok,0.0,matched_preferred,[],N6,,6,False,,,,,,,,,,terminal:4:6.1:t1,Terminal,,,False,N6,6,top,directional,directional_primary,"[243, 140, 260, 169]",0.6718,current_from,symbol_heuristic,,current_source_direction_from_arrow,current_direction,other_side,6.1:current_from,current_from,251,162,,,,6.1:t1,t1,"{""point_mode"": ""bbox_side_center"", ""anchor_offset_ratio"": 0.5}",bbox_side_center,,,251.37,162.34
,,,,,,6,Current_Source,component:4:6.1,,,,,4,current_to,6.1:current_to,,vertical,,,,,,,6.1,,False,6.1:current_to,ok,0.0,matched_preferred,[],N4,,4,False,,,,,,,,,,terminal:4:6.1:t2,Terminal,,,False,N4,4,bottom,directional,directional_primary,"[243, 257, 260, 286]",0.6718,current_to,symbol_heuristic,,current_source_direction_from_arrow,current_direction,marker_side,6.1:current_to,current_to,251,263,,,,6.1:t2,t2,"{""point_mode"": ""bbox_side_center"", ""anchor_offset_ratio"": 0.5}",bbox_side_center,,,251.37,263.16
,,,,,,7,Diode,component:4:7.1,,,,,4,anode,7.1:anode,,vertical,,,,,,,7.1,,False,7.1:anode,ok,1.0,matched_preferred,[],N4,,4,False,,,,,,,,,,terminal:4:7.1:t1,Terminal,,,False,N4,4,top,directional,directional_primary,"[234, 390, 271, 414]",0.4278,,symbol_heuristic,anode,diode_cathode_from_bar,polarity,other_side,7.1:anode,anode,251,408,,,,7.1:t1,t1,"{""point_mode"": ""two_terminal_axis_center"", ""anchor_offset_ratio"": 0.5}",two_terminal_side_peak,,,251.69,407.87
,,,,,,7,Diode,component:4:7.1,,,,,4,cathode,7.1:cathode,,vertical,,,,,,,7.1,,False,7.1:cathode,ok,1.0,matched_preferred,[],N3,,3,False,,,,,,,,,,terminal:4:7.1:t2,Terminal,,,False,N3,3,bottom,directional,directional_primary,"[234, 477, 271, 501]",0.4278,,symbol_heuristic,cathode,diode_cathode_from_bar,polarity,marker_side,7.1:cathode,cathode,251,482,,,,7.1:t2,t2,"{""point_mode"": ""two_terminal_axis_center"", ""anchor_offset_ratio"": 0.5}",two_terminal_side_peak,,,251.69,482.21
,,,,,,7,Diode,component:4:7.2,,,,,4,anode,7.2:anode,,vertical,,,,,,,7.2,,False,7.2:anode,ok,1.0,matched_preferred,[],N3,,3,False,,,,,,,,,,terminal:4:7.2:t1,Terminal,,,False,N3,3,top,directional,directional_primary,"[234, 510, 271, 534]",0.4526,,symbol_heuristic,anode,diode_cathode_from_bar,polarity,other_side,7.2:anode,anode,251,528,,,,7.2:t1,t1,"{""point_mode"": ""two_terminal_axis_center"", ""anchor_offset_ratio"": 0.5}",two_terminal_side_peak,,,251.83,527.62
,,,,,,7,Diode,component:4:7.2,,,,,4,cathode,7.2:cathode,,vertical,,,,,,,7.2,,False,7.2:cathode,ok,1.0,matched_preferred,[],N2,,2,False,,,,,,,,,,terminal:4:7.2:t2,Terminal,,,False,N2,2,bottom,directional,directional_primary,"[234, 596, 271, 620]",0.4526,,symbol_heuristic,cathode,diode_cathode_from_bar,polarity,marker_side,7.2:cathode,cathode,251,601,,,,7.2:t2,t2,"{""point_mode"": ""two_terminal_axis_center"", ""anchor_offset_ratio"": 0.5}",two_terminal_side_peak,,,251.83,601.07
,,,,,,18,NPN_Transistor,component:4:18.1,,,,,4,B,18.1:B,,left,,,,,,,18.1,,False,18.1:B,ok,0.0,matched_preferred,[],N2,,2,False,,,,,,,,,,terminal:4:18.1:t1,Terminal,,,False,N2,2,left,directional,directional_primary,"[382, 697, 406, 710]",1.0,,,,npn_emitter_from_arrow_branch,,single_side,18.1:B,B,400,703,,,,18.1:t1,t1,"{""point_mode"": ""three_terminal_structured"", ""scan_axis"": ""y"", ""relative_position"": ""left"", ""scan_start"": 661, ""scan_end"": 749, ""scan_margin"": 14, ""probe_halfspan"": 6, ""probe_out_len"": 12, ""probe_inset"": 1, ""peak_coord"": 703, ""anchor_offset_ratio"": 0.4886, ""max_score"": 84, ""keep_threshold"": 71, ""selected_run_start"": 39, ""selected_run_end"": 46, ""selected_run_length"": 8, ""selected_run_score"": 84, ""three_terminal_role"": ""single_side_terminal"", ""three_terminal_orientation"": ""left""}",three_terminal_structured,,,400.0,703.0
,,,,,,18,NPN_Transistor,component:4:18.1,,,,,4,E,18.1:E,,left,,,,,,,18.1,,False,18.1:E,ok,0.0,matched_preferred,[],N7,,7,False,,,,,,,,,,terminal:4:18.1:t2,Terminal,,,False,N7,7,top,directional,directional_primary,"[493, 595, 506, 619]",0.176,,,,npn_emitter_from_arrow_branch,,arrow_branch,18.1:E,E,499,613,,,,18.1:t2,t2,"{""point_mode"": ""three_terminal_structured"", ""scan_axis"": ""x"", ""relative_position"": ""top"", ""scan_start"": 461, ""scan_end"": 509, ""scan_margin"": 9, ""probe_halfspan"": 6, ""probe_out_len"": 12, ""probe_inset"": 1, ""peak_coord"": 499, ""anchor_offset_ratio"": 0.8716, ""max_score"": 98, ""keep_threshold"": 83, ""selected_run_start"": 34, ""selected_run_end"": 42, ""selected_run_length"": 9, ""selected_run_score"": 98, ""three_terminal_role"": ""orthogonal_pair_terminal"", ""three_terminal_orientation"": ""left"", ""three_terminal_pair_bias"": ""opposite_side"", ""three_terminal_pair_bias_debug"": {""top"": {""local_score"": 122.5, ""point_mode"": ""side_peak_outside"", ""scan_axis"": ""x"", ""relative_position"": ""top"", ""scan_start"": 461, ""scan_end"": 509, ""scan_margin"": 9, ""probe_halfspan"": 6, ""probe_out_len"": 12, ""probe_inset"": 1, ""peak_coord"": 499, ""anchor_offset_ratio"": 0.8716, ""max_score"": 98, ""keep_threshold"": 83, ""selected_run_start"": 34, ""selected_run_end"": 42, ""selected_run_length"": 9, ""selected_run_score"": 98}, ""bottom"": {""local_score"": 122.5, ""point_mode"": ""side_peak_outside"", ""scan_axis"": ""x"", ""relative_position"": ""bottom"", ""scan_start"": 461, ""scan_end"": 509, ""scan_margin"": 9, ""probe_halfspan"": 6, ""probe_out_len"": 12, ""probe_inset"": 1, ""peak_coord"": 499, ""anchor_offset_ratio"": 0.8716, ""max_score"": 98, ""keep_threshold"": 83, ""selected_run_start"": 34, ""selected_run_end"": 42, ""selected_run_length"": 9, ""selected_run_score"": 98}}}",three_terminal_structured,,,499.0,613.0
,,,,,,18,NPN_Transistor,component:4:18.1,,,,,4,C,18.1:C,,left,,,,,,,18.1,,False,18.1:C,ok,0.0,matched_preferred,[],N5,,5,False,,,,,,,,,,terminal:4:18.1:t3,Terminal,,,False,N5,5,bottom,directional,directional_primary,"[493, 792, 506, 816]",0.176,,,,npn_emitter_from_arrow_branch,,other_branch,18.1:C,C,499,797,,,,18.1:t3,t3,"{""point_mode"": ""three_terminal_structured"", ""scan_axis"": ""x"", ""relative_position"": ""bottom"", ""scan_start"": 461, ""scan_end"": 509, ""scan_margin"": 9, ""probe_halfspan"": 6, ""probe_out_len"": 12, ""probe_inset"": 1, ""peak_coord"": 499, ""anchor_offset_ratio"": 0.8716, ""max_score"": 98, ""keep_threshold"": 83, ""selected_run_start"": 34, ""selected_run_end"": 42, ""selected_run_length"": 9, ""selected_run_score"": 98, ""three_terminal_role"": ""orthogonal_pair_terminal"", ""three_terminal_orientation"": ""left"", ""three_terminal_pair_bias"": ""opposite_side"", ""three_terminal_pair_bias_debug"": {""top"": {""local_score"": 122.5, ""point_mode"": ""side_peak_outside"", ""scan_axis"": ""x"", ""relative_position"": ""top"", ""scan_start"": 461, ""scan_end"": 509, ""scan_margin"": 9, ""probe_halfspan"": 6, ""probe_out_len"": 12, ""probe_inset"": 1, ""peak_coord"": 499, ""anchor_offset_ratio"": 0.8716, ""max_score"": 98, ""keep_threshold"": 83, ""selected_run_start"": 34, ""selected_run_end"": 42, ""selected_run_length"": 9, ""selected_run_score"": 98}, ""bottom"": {""local_score"": 122.5, ""point_mode"": ""side_peak_outside"", ""scan_axis"": ""x"", ""relative_position"": ""bottom"", ""scan_start"": 461, ""scan_end"": 509, ""scan_margin"": 9, ""probe_halfspan"": 6, ""probe_out_len"": 12, ""probe_inset"": 1, ""peak_coord"": 499, ""anchor_offset_ratio"": 0.8716, ""max_score"": 98, ""keep_threshold"": 83, ""selected_run_start"": 34, ""selected_run_end"": 42, ""selected_run_length"": 9, ""selected_run_score"": 98}}}",three_terminal_structured,,,499.0,797.0
,,,,,,18,NPN_Transistor,component:4:18.2,,,,,4,B,18.2:B,,left,,,,,,,18.2,,False,18.2:B,ok,1.0,matched_preferred,[],N4,,4,False,,,,,,,,,,terminal:4:18.2:t1,Terminal,,,False,N4,4,left,directional,directional_primary,"[384, 324, 408, 337]",1.0,,,,npn_emitter_from_arrow_branch,,single_side,18.2:B,B,402,329,,,,18.2:t1,t1,"{""point_mode"": ""three_terminal_structured"", ""scan_axis"": ""y"", ""relative_position"": ""left"", ""scan_start"": 286, ""scan_end"": 373, ""scan_margin"": 14, ""probe_halfspan"": 6, ""probe_out_len"": 12, ""probe_inset"": 1, ""peak_coord"": 330, ""anchor_offset_ratio"": 0.5029, ""max_score"": 84, ""keep_threshold"": 71, ""selected_run_start"": 40, ""selected_run_end"": 47, ""selected_run_length"": 8, ""selected_run_score"": 84, ""three_terminal_role"": ""single_side_terminal"", ""three_terminal_orientation"": ""left""}",three_terminal_structured,,,402.0,330.0
,,,,,,18,NPN_Transistor,component:4:18.2,,,,,4,C,18.2:C,,left,,,,,,,18.2,,False,18.2:C,ok,0.0,matched_preferred,[],N6,,6,False,,,,,,,,,,terminal:4:18.2:t2,Terminal,,,False,N6,6,top,directional,directional_primary,"[493, 220, 506, 244]",0.2594,,,,npn_emitter_from_arrow_branch,,other_branch,18.2:C,C,499,238,,,,18.2:t2,t2,"{""point_mode"": ""three_terminal_structured"", ""scan_axis"": ""x"", ""relative_position"": ""top"", ""scan_start"": 461, ""scan_end"": 507, ""scan_margin"": 8, ""probe_halfspan"": 6, ""probe_out_len"": 12, ""probe_inset"": 1, ""peak_coord"": 499, ""anchor_offset_ratio"": 0.8857, ""max_score"": 98, ""keep_threshold"": 83, ""selected_run_start"": 34, ""selected_run_end"": 42, ""selected_run_length"": 9, ""selected_run_score"": 98, ""three_terminal_role"": ""orthogonal_pair_terminal"", ""three_terminal_orientation"": ""left"", ""three_terminal_pair_bias"": ""opposite_side"", ""three_terminal_pair_bias_debug"": {""top"": {""local_score"": 122.5, ""point_mode"": ""side_peak_outside"", ""scan_axis"": ""x"", ""relative_position"": ""top"", ""scan_start"": 461, ""scan_end"": 507, ""scan_margin"": 8, ""probe_halfspan"": 6, ""probe_out_len"": 12, ""probe_inset"": 1, ""peak_coord"": 499, ""anchor_offset_ratio"": 0.8857, ""max_score"": 98, ""keep_threshold"": 83, ""selected_run_start"": 34, ""selected_run_end"": 42, ""selected_run_length"": 9, ""selected_run_score"": 98}, ""bottom"": {""local_score"": 122.5, ""point_mode"": ""side_peak_outside"", ""scan_axis"": ""x"", ""relative_position"": ""bottom"", ""scan_start"": 461, ""scan_end"": 507, ""scan_margin"": 8, ""probe_halfspan"": 6, ""probe_out_len"": 12, ""probe_inset"": 1, ""peak_coord"": 499, ""anchor_offset_ratio"": 0.8857, ""max_score"": 98, ""keep_threshold"": 83, ""selected_run_start"": 34, ""selected_run_end"": 42, ""selected_run_length"": 9, ""selected_run_score"": 98}}}",three_terminal_structured,,,499.0,238.0
,,,,,,18,NPN_Transistor,component:4:18.2,,,,,4,E,18.2:E,,left,,,,,,,18.2,,False,18.2:E,ok,0.0,matched_preferred,[],N7,,7,False,,,,,,,,,,terminal:4:18.2:t3,Terminal,,,False,N7,7,bottom,directional,directional_primary,"[493, 416, 506, 440]",0.2594,,,,npn_emitter_from_arrow_branch,,arrow_branch,18.2:E,E,499,421,,,,18.2:t3,t3,"{""point_mode"": ""three_terminal_structured"", ""scan_axis"": ""x"", ""relative_position"": ""bottom"", ""scan_start"": 461, ""scan_end"": 507, ""scan_margin"": 8, ""probe_halfspan"": 6, ""probe_out_len"": 12, ""probe_inset"": 1, ""peak_coord"": 499, ""anchor_offset_ratio"": 0.8857, ""max_score"": 98, ""keep_threshold"": 83, ""selected_run_start"": 34, ""selected_run_end"": 42, ""selected_run_length"": 9, ""selected_run_score"": 98, ""three_terminal_role"": ""orthogonal_pair_terminal"", ""three_terminal_orientation"": ""left"", ""three_terminal_pair_bias"": ""opposite_side"", ""three_terminal_pair_bias_debug"": {""top"": {""local_score"": 122.5, ""point_mode"": ""side_peak_outside"", ""scan_axis"": ""x"", ""relative_position"": ""top"", ""scan_start"": 461, ""scan_end"": 507, ""scan_margin"": 8, ""probe_halfspan"": 6, ""probe_out_len"": 12, ""probe_inset"": 1, ""peak_coord"": 499, ""anchor_offset_ratio"": 0.8857, ""max_score"": 98, ""keep_threshold"": 83, ""selected_run_start"": 34, ""selected_run_end"": 42, ""selected_run_length"": 9, ""selected_run_score"": 98}, ""bottom"": {""local_score"": 122.5, ""point_mode"": ""side_peak_outside"", ""scan_axis"": ""x"", ""relative_position"": ""bottom"", ""scan_start"": 461, ""scan_end"": 507, ""scan_margin"": 8, ""probe_halfspan"": 6, ""probe_out_len"": 12, ""probe_inset"": 1, ""peak_coord"": 499, ""anchor_offset_ratio"": 0.8857, ""max_score"": 98, ""keep_threshold"": 83, ""selected_run_start"": 34, ""selected_run_end"": 42, ""selected_run_length"": 9, ""selected_run_score"": 98}}}",three_terminal_structured,,,499.0,421.0
,,,,,,22,Resistor,component:4:22.1,,,,,4,t1,22.1:t1,,vertical,,,,,,,22.1,,False,22.1:t1,ok,2.0,matched_preferred,[],N7,,7,False,,,,,,,,,,terminal:4:22.1:t1,Terminal,,,False,N7,7,top,directional,directional_primary,"[908, 563, 921, 587]",,,,,,,,,,912,581,,,,22.1:t1,t1,"{""point_mode"": ""bbox_side_center"", ""anchor_offset_ratio"": 0.5}",bbox_side_center,,,913.84,581.4
,,,,,,22,Resistor,component:4:22.1,,,,,4,t2,22.1:t2,,vertical,,,,,,,22.1,,False,22.1:t2,ok,2.0,matched_preferred,[],N8,,8,False,,,,,,,,,,terminal:4:22.1:t2,Terminal,,,False,N8,8,bottom,directional,directional_primary,"[908, 696, 921, 720]",,,,,,,,,,912,701,,,,22.1:t2,t2,"{""point_mode"": ""bbox_side_center"", ""anchor_offset_ratio"": 0.5}",bbox_side_center,,,913.84,701.46
,,,,,,9,GND,component:4:9.2,,,,,4,t1,9.2:t1,top,up,,,,,,,9.2,,False,9.2:t1,ok,3.0,matched_preferred,[],N8,,8,False,,,,,,,,,,terminal:4:9.2:t1,Terminal,,,False,N8,8,top,directional,directional_primary,"[909, 747, 922, 771]",,,,,,,,,,912,765,,,,9.2:t1,t1,"{""point_mode"": ""one_terminal_axis_center"", ""anchor_offset_ratio"": 0.5}",two_terminal_side_peak,,,914.59,764.7
71,79,795,846,,,,,,,[],"[""26.1:t1"", ""9.1:t1""]","[""26.1:t1"", ""9.1:t1""]",4,,,,,,,,,,,,False,,N1,,,,,,,,,[24],,2,,,,,N1,1,net:4:N1,Net,58,,,,,,,,,,,,,,,,,,,,,24,,,,,,,,,
83,415,588,703,,,,,,,"[""B"", ""cathode""]","[""18.1:B"", ""26.2:t1"", ""7.2:cathode""]","[""18.1:t1"", ""26.2:t1"", ""7.2:t2""]",4,,,,,,,,,,,,False,,N2,,,,,,,,,[12],,3,,,,,N2,2,net:4:N2,Net,447,,,,,,,,,,,,,,,,,,,,,12,,,,,,,,,
251,252,469,542,,,,,,,"[""cathode"", ""anode""]","[""7.1:cathode"", ""7.2:anode""]","[""7.1:t2"", ""7.2:t1""]",4,,,,,,,,,,,,False,,N3,,,,,,,,,[9],,2,,,,,N3,3,net:4:N3,Net,74,,,,,,,,,,,,,,,,,,,,,9,,,,,,,,,
243,417,251,422,,,,,,,"[""B"", ""current_to"", ""anode""]","[""18.2:B"", ""6.1:current_to"", ""7.1:anode""]","[""18.2:t1"", ""6.1:t2"", ""7.1:t1""]",4,,,,,,,,,,,,False,,N4,,,,,,,,,[5],,3,,,,,N4,4,net:4:N4,Net,346,,,,,,,,,,,,,,,,,,,,,5,,,,,,,,,
415,582,784,935,,,,,,,"[""C""]","[""18.1:C""]","[""18.1:t3""]",4,,,,,,,,,,,,False,,N5,,,,,,,,,[22],,1,,,,,N5,5,net:4:N5,Net,319,,,,,,,,,,,,,,,,,,,,,22,,,,,,,,,
77,942,91,252,,,,,,,"[""C"", ""current_from""]","[""18.2:C"", ""6.1:current_from""]","[""18.2:t2"", ""6.1:t1""]",4,,,,,,,,,,,,False,,N6,,,,,,,,,[3],,2,,,,,N6,6,net:4:N6,Net,1112,,,,,,,,,,,,,,,,,,,,,3,,,,,,,,,
497,914,407,627,,,,,,,"[""E"", ""E""]","[""18.1:E"", ""18.2:E"", ""22.1:t1""]","[""18.1:t2"", ""18.2:t3"", ""22.1:t1""]",4,,,,,,,,,,,,False,,N7,,,,,,,,,[7],,3,,,,,N7,7,net:4:N7,Net,714,,,,,,,,,,,,,,,,,,,,,7,,,,,,,,,
912,915,685,782,,,,,,,[],"[""22.1:t2"", ""9.2:t1""]","[""22.1:t2"", ""9.2:t1""]",4,,,,,,,,,,,,False,,N8,,,,,,,,,[16],,2,,,,,N8,8,net:4:N8,Net,98,,,,,,,,,,,,,,,,,,,,,16,,,,,,,,,
,,,,,,,,,,,,,5,,,,,1024,5.jpg,C:\Users\m.profilo\Desktop\tesi_diagrams_yolo\data\batch_v8_polarita_componenti\5.jpg,1024,,,,,,5,,,,,,,,,,11,,23,6,,23,,,diagram:5,Diagram,,,,,,,,,,,,,,,,,,,,,06_match_terminals_to_nets,,,,,,,,,,
18.82,147.69,171.36,278.54,12,LED,,,,0.9239,,,,5,,,,vertical,,,,,,,12.1,,,12.1,,,,,,,,,,,,,,2,,,,component:5:12.1,Component,,,,,,,,,,,,,,,,,,,,,,,two_terminal,,,,,True,True,,
86.1,141.6,310.34,436.65,22,Resistor,,,,0.8479,,,,5,,,,vertical,,,,,,,22.1,,,22.1,,,,,,,,,,,,,,2,,,,component:5:22.1,Component,,,,,,,,,,,,,,,,,,,,,,,two_terminal,,,,,True,True,,
108.69,208.77,705.12,880.22,18,NPN_Transistor,,,,0.8445,,,,5,,,,right,,,,,,,18.1,,,18.1,,,,,,,,,,,,,,3,,,,component:5:18.1,Component,,,,,,,,,,,,,,,,,,,,,,,three_terminal,,,,,True,True,,
308.14,367.08,212.11,346.47,22,Resistor,,,,0.8327,,,,5,,,,vertical,,,,,,,22.2,,,22.2,,,,,,,,,,,,,,2,,,,component:5:22.2,Component,,,,,,,,,,,,,,,,,,,,,,,two_terminal,,,,,True,True,,
451.57,508.1,459.53,566.4,20,Polarized_Capacitor,,,,0.8266,,,,5,,,,horizontal,,,,,,,20.1,,,20.1,,,,,,,,,,,,,,2,,,,component:5:20.1,Component,,,,,,,,,,,,,,,,,,,,,,,two_terminal,,,,,True,True,,
474.48,560.63,953.41,1011.76,9,GND,,,,0.7949,,,,5,,,top,up,,,,,,,9.1,,,9.1,,,,,,,,,,,,,,1,,,,component:5:9.1,Component,,,,,,,,,,,,,,,,,,,,,,,one_terminal,,,,,True,True,,
531.06,584.52,598.03,707.83,20,Polarized_Capacitor,,,,0.8468,,,,5,,,,horizontal,,,,,,,20.2,,,20.2,,,,,,,,,,,,,,2,,,,component:5:20.2,Component,,,,,,,,,,,,,,,,,,,,,,,two_terminal,,,,,True,True,,
668.42,727.26,211.95,346.6,22,Resistor,,,,0.8714,,,,5,,,,vertical,,,,,,,22.3,,,22.3,,,,,,,,,,,,,,2,,,,component:5:22.3,Component,,,,,,,,,,,,,,,,,,,,,,,two_terminal,,,,,True,True,,
830.3,926.5,704.15,878.77,18,NPN_Transistor,,,,0.8529,,,,5,,,,left,,,,,,,18.2,,,18.2,,,,,,,,,,,,,,3,,,,component:5:18.2,Component,,,,,,,,,,,,,,,,,,,,,,,three_terminal,,,,,True,True,,
892.3,949.7,308.67,437.51,22,Resistor,,,,0.858,,,,5,,,,vertical,,,,,,,22.4,,,22.4,,,,,,,,,,,,,,2,,,,component:5:22.4,Component,,,,,,,,,,,,,,,,,,,,,,,two_terminal,,,,,True,True,,
887.45,1014.82,169.04,284.13,12,LED,,,,0.8499,,,,5,,,,vertical,,,,,,,12.2,,,12.2,,,,,,,,,,,,,,2,,,,component:5:12.2,Component,,,,,,,,,,,,,,,,,,,,,,,two_terminal,,,,,True,True,,
,,,,,,12,LED,component:5:12.1,,,,,5,anode,12.1:anode,,vertical,,,,,,,12.1,,False,12.1:anode,ok,1.0,matched_preferred,[],N3,,3,False,,,,,,,,,,terminal:5:12.1:t1,Terminal,,,False,N3,3,top,directional,directional_primary,"[109, 149, 122, 173]",0.0496,,symbol_heuristic,anode,diode_cathode_from_bar,polarity,other_side,12.1:anode,anode,114,167,,,,12.1:t1,t1,"{""point_mode"": ""side_peak_outside"", ""scan_axis"": ""x"", ""relative_position"": ""top"", ""scan_start"": 29, ""scan_end"": 138, ""scan_margin"": 10, ""probe_halfspan"": 6, ""probe_out_len"": 12, ""probe_inset"": 1, ""peak_coord"": 115, ""anchor_offset_ratio"": 0.7442, ""max_score"": 56, ""keep_threshold"": 48, ""selected_run_start"": 81, ""selected_run_end"": 90, ""selected_run_length"": 10, ""selected_run_score"": 56}",two_terminal_side_peak,,,115.0,167.0
,,,,,,12,LED,component:5:12.1,,,,,5,cathode,12.1:cathode,,vertical,,,,,,,12.1,,False,12.1:cathode,ok,1.0,matched_preferred,[],N1,,1,False,,,,,,,,,,terminal:5:12.1:t2,Terminal,,,False,N1,1,bottom,directional,directional_primary,"[109, 278, 122, 302]",0.0496,,symbol_heuristic,cathode,diode_cathode_from_bar,polarity,marker_side,12.1:cathode,cathode,114,283,,,,12.1:t2,t2,"{""point_mode"": ""side_peak_outside"", ""scan_axis"": ""x"", ""relative_position"": ""bottom"", ""scan_start"": 29, ""scan_end"": 138, ""scan_margin"": 10, ""probe_halfspan"": 6, ""probe_out_len"": 12, ""probe_inset"": 1, ""peak_coord"": 115, ""anchor_offset_ratio"": 0.7442, ""max_score"": 56, ""keep_threshold"": 48, ""selected_run_start"": 81, ""selected_run_end"": 90, ""selected_run_length"": 10, ""selected_run_score"": 56}",two_terminal_side_peak,,,115.0,283.0
,,,,,,22,Resistor,component:5:22.1,,,,,5,t1,22.1:t1,,vertical,,,,,,,22.1,,False,22.1:t1,ok,0.0,matched_preferred,[],N1,,1,False,,,,,,,,,,terminal:5:22.1:t1,Terminal,,,False,N1,1,top,directional,directional_primary,"[108, 288, 121, 312]",,,,,,,,,,114,306,,,,22.1:t1,t1,"{""point_mode"": ""bbox_side_center"", ""anchor_offset_ratio"": 0.5}",bbox_side_center,,,113.85,306.34
,,,,,,22,Resistor,component:5:22.1,,,,,5,t2,22.1:t2,,vertical,,,,,,,22.1,,False,22.1:t2,ok,0.0,matched_preferred,[],N2,,2,False,,,,,,,,,,terminal:5:22.1:t2,Terminal,,,False,N2,2,bottom,directional,directional_primary,"[108, 436, 121, 460]",,,,,,,,,,114,441,,,,22.1:t2,t2,"{""point_mode"": ""bbox_side_center"", ""anchor_offset_ratio"": 0.5}",bbox_side_center,,,113.85,440.65
,,,,,,18,NPN_Transistor,component:5:18.1,,,,,5,B,18.1:B,,right,,,,,,,18.1,,False,18.1:B,ok,1.0,matched_preferred,[],N2,,2,False,,,,,,,,,,terminal:5:18.1:t1,Terminal,,,False,N2,2,right,directional,directional_primary,"[208, 785, 232, 798]",1.0,,,,npn_emitter_from_arrow_branch,,single_side,18.1:B,B,213,790,,,,18.1:t1,t1,"{""point_mode"": ""three_terminal_structured"", ""scan_axis"": ""y"", ""relative_position"": ""right"", ""scan_start"": 749, ""scan_end"": 836, ""scan_margin"": 14, ""probe_halfspan"": 6, ""probe_out_len"": 12, ""probe_inset"": 1, ""peak_coord"": 791, ""anchor_offset_ratio"": 0.4914, ""max_score"": 56, ""keep_threshold"": 48, ""selected_run_start"": 37, ""selected_run_end"": 46, ""selected_run_length"": 10, ""selected_run_score"": 56, ""three_terminal_role"": ""single_side_terminal"", ""three_terminal_orientation"": ""right""}",three_terminal_structured,,,213.0,791.0
,,,,,,18,NPN_Transistor,component:5:18.1,,,,,5,C,18.1:C,,right,,,,,,,18.1,,False,18.1:C,ok,2.0,matched_preferred,[],N2,,2,False,,,,,,,,,,terminal:5:18.1:t2,Terminal,,,False,N2,2,top,directional,directional_primary,"[110, 683, 123, 707]",0.4715,,,,npn_emitter_from_arrow_branch,,other_branch,18.1:C,C,114,701,,,,18.1:t2,t2,"{""point_mode"": ""three_terminal_structured"", ""scan_axis"": ""x"", ""relative_position"": ""top"", ""scan_start"": 113, ""scan_end"": 157, ""scan_margin"": 8, ""probe_halfspan"": 6, ""probe_out_len"": 12, ""probe_inset"": 1, ""peak_coord"": 116, ""anchor_offset_ratio"": 0.07, ""max_score"": 56, ""keep_threshold"": 48, ""selected_run_start"": 0, ""selected_run_end"": 6, ""selected_run_length"": 7, ""selected_run_score"": 56, ""three_terminal_role"": ""orthogonal_pair_terminal"", ""three_terminal_orientation"": ""right"", ""three_terminal_pair_bias"": ""opposite_side"", ""three_terminal_pair_bias_debug"": {""top"": {""local_score"": 70.0, ""point_mode"": ""side_peak_outside"", ""scan_axis"": ""x"", ""relative_position"": ""top"", ""scan_start"": 113, ""scan_end"": 157, ""scan_margin"": 8, ""probe_halfspan"": 6, ""probe_out_len"": 12, ""probe_inset"": 1, ""peak_coord"": 116, ""anchor_offset_ratio"": 0.07, ""max_score"": 56, ""keep_threshold"": 48, ""selected_run_start"": 0, ""selected_run_end"": 6, ""selected_run_length"": 7, ""selected_run_score"": 56}, ""bottom"": {""local_score"": 70.0, ""point_mode"": ""side_peak_outside"", ""scan_axis"": ""x"", ""relative_position"": ""bottom"", ""scan_start"": 113, ""scan_end"": 157, ""scan_margin"": 8, ""probe_halfspan"": 6, ""probe_out_len"": 12, ""probe_inset"": 1, ""peak_coord"": 116, ""anchor_offset_ratio"": 0.07, ""max_score"": 56, ""keep_threshold"": 48, ""selected_run_start"": 0, ""selected_run_end"": 6, ""selected_run_length"": 7, ""selected_run_score"": 56}}}",three_terminal_structured,,,116.0,701.0
,,,,,,18,NPN_Transistor,component:5:18.1,,,,,5,E,18.1:E,,right,,,,,,,18.1,,False,18.1:E,ok,2.0,matched_preferred,[],N4,,4,False,,,,,,,,,,terminal:5:18.1:t3,Terminal,,,False,N4,4,bottom,directional,directional_primary,"[110, 879, 123, 903]",0.4715,,,,npn_emitter_from_arrow_branch,,arrow_branch,18.1:E,E,114,884,,,,18.1:t3,t3,"{""point_mode"": ""three_terminal_structured"", ""scan_axis"": ""x"", ""relative_position"": ""bottom"", ""scan_start"": 113, ""scan_end"": 157, ""scan_margin"": 8, ""probe_halfspan"": 6, ""probe_out_len"": 12, ""probe_inset"": 1, ""peak_coord"": 116, ""anchor_offset_ratio"": 0.07, ""max_score"": 56, ""keep_threshold"": 48, ""selected_run_start"": 0, ""selected_run_end"": 6, ""selected_run_length"": 7, ""selected_run_score"": 56, ""three_terminal_role"": ""orthogonal_pair_terminal"", ""three_terminal_orientation"": ""right"", ""three_terminal_pair_bias"": ""opposite_side"", ""three_terminal_pair_bias_debug"": {""top"": {""local_score"": 70.0, ""point_mode"": ""side_peak_outside"", ""scan_axis"": ""x"", ""relative_position"": ""top"", ""scan_start"": 113, ""scan_end"": 157, ""scan_margin"": 8, ""probe_halfspan"": 6, ""probe_out_len"": 12, ""probe_inset"": 1, ""peak_coord"": 116, ""anchor_offset_ratio"": 0.07, ""max_score"": 56, ""keep_threshold"": 48, ""selected_run_start"": 0, ""selected_run_end"": 6, ""selected_run_length"": 7, ""selected_run_score"": 56}, ""bottom"": {""local_score"": 70.0, ""point_mode"": ""side_peak_outside"", ""scan_axis"": ""x"", ""relative_position"": ""bottom"", ""scan_start"": 113, ""scan_end"": 157, ""scan_margin"": 8, ""probe_halfspan"": 6, ""probe_out_len"": 12, ""probe_inset"": 1, ""peak_coord"": 116, ""anchor_offset_ratio"": 0.07, ""max_score"": 56, ""keep_threshold"": 48, ""selected_run_start"": 0, ""selected_run_end"": 6, ""selected_run_length"": 7, ""selected_run_score"": 56}}}",three_terminal_structured,,,116.0,884.0
,,,,,,22,Resistor,component:5:22.2,,,,,5,t1,22.2:t1,,vertical,,,,,,,22.2,,False,22.2:t1,ok,1.0,matched_preferred,[],N3,,3,False,,,,,,,,,,terminal:5:22.2:t1,Terminal,,,False,N3,3,top,directional,directional_primary,"[332, 190, 345, 214]",,,,,,,,,,337,208,,,,22.2:t1,t1,"{""point_mode"": ""bbox_side_center"", ""anchor_offset_ratio"": 0.5}",bbox_side_center,,,337.61,208.11
,,,,,,22,Resistor,component:5:22.2,,,,,5,t2,22.2:t2,,vertical,,,,,,,22.2,,False,22.2:t2,ok,1.0,matched_preferred,[],N2,,2,False,,,,,,,,,,terminal:5:22.2:t2,Terminal,,,False,N2,2,bottom,directional,directional_primary,"[332, 345, 345, 369]",,,,,,,,,,337,350,,,,22.2:t2,t2,"{""point_mode"": ""bbox_side_center"", ""anchor_offset_ratio"": 0.5}",bbox_side_center,,,337.61,350.47
,,,,,,20,Polarized_Capacitor,component:5:20.1,,,,,5,positive,20.1:positive,,horizontal,,,,,,,20.1,,False,20.1:positive,ok,1.0,matched_preferred,[],N2,,2,False,,,,,,,,,,terminal:5:20.1:t1,Terminal,,,False,N2,2,left,directional,directional_primary,"[430, 507, 454, 520]",0.0463,,symbol_heuristic,positive,polarized_capacitor_positive_from_marker,polarity,marker_side,20.1:positive,positive,447,513,,,,20.1:t1,t1,"{""point_mode"": ""bbox_side_center"", ""anchor_offset_ratio"": 0.5}",bbox_side_center,,,447.57,512.96
,,,,,,20,Polarized_Capacitor,component:5:20.1,,,,,5,negative,20.1:negative,,horizontal,,,,,,,20.1,,False,20.1:negative,ok,3.0,matched_preferred,[],N5,,5,False,,,,,,,,,,terminal:5:20.1:t2,Terminal,,,False,N5,5,right,directional,directional_primary,"[507, 507, 531, 520]",0.0463,,symbol_heuristic,negative,polarized_capacitor_positive_from_marker,polarity,other_side,20.1:negative,negative,512,510,,,,20.1:t2,t2,"{""point_mode"": ""bbox_side_center"", ""anchor_offset_ratio"": 0.5}",bbox_side_center,,,512.1,512.96
,,,,,,9,GND,component:5:9.1,,,,,5,t1,9.1:t1,top,up,,,,,,,9.1,,False,9.1:t1,ok,2.0,matched_preferred,[],N4,,4,False,,,,,,,,,,terminal:5:9.1:t1,Terminal,,,False,N4,4,top,directional,directional_primary,"[512, 931, 525, 955]",,,,,,,,,,516,949,,,,9.1:t1,t1,"{""point_mode"": ""one_terminal_axis_center"", ""anchor_offset_ratio"": 0.5}",two_terminal_side_peak,,,517.56,949.41
,,,,,,20,Polarized_Capacitor,component:5:20.2,,,,,5,negative,20.2:negative,,horizontal,,,,,,,20.2,,False,20.2:negative,ok,3.0,matched_preferred,[],N2,,2,False,,,,,,,,,,terminal:5:20.2:t1,Terminal,,,False,N2,2,left,directional,directional_primary,"[509, 647, 533, 660]",0.0477,,symbol_heuristic,negative,polarized_capacitor_positive_from_marker,polarity,other_side,20.2:negative,negative,527,650,,,,20.2:t1,t1,"{""point_mode"": ""bbox_side_center"", ""anchor_offset_ratio"": 0.5}",bbox_side_center,,,527.06,652.93
,,,,,,20,Polarized_Capacitor,component:5:20.2,,,,,5,positive,20.2:positive,,horizontal,,,,,,,20.2,,False,20.2:positive,ok,3.0,matched_preferred,[],N5,,5,False,,,,,,,,,,terminal:5:20.2:t2,Terminal,,,False,N5,5,right,directional,directional_primary,"[584, 647, 608, 660]",0.0477,,symbol_heuristic,positive,polarized_capacitor_positive_from_marker,polarity,marker_side,20.2:positive,positive,589,650,,,,20.2:t2,t2,"{""point_mode"": ""bbox_side_center"", ""anchor_offset_ratio"": 0.5}",bbox_side_center,,,588.52,652.93
,,,,,,22,Resistor,component:5:22.3,,,,,5,t1,22.3:t1,,vertical,,,,,,,22.3,,False,22.3:t1,ok,3.0,matched_preferred,[],N3,,3,False,,,,,,,,,,terminal:5:22.3:t1,Terminal,,,False,N3,3,top,directional,directional_primary,"[692, 190, 705, 214]",,,,,,,,,,695,208,,,,22.3:t1,t1,"{""point_mode"": ""bbox_side_center"", ""anchor_offset_ratio"": 0.5}",bbox_side_center,,,697.84,207.95
,,,,,,22,Resistor,component:5:22.3,,,,,5,t2,22.3:t2,,vertical,,,,,,,22.3,,False,22.3:t2,ok,3.0,matched_preferred,[],N5,,5,False,,,,,,,,,,terminal:5:22.3:t2,Terminal,,,False,N5,5,bottom,directional,directional_primary,"[692, 346, 705, 370]",,,,,,,,,,695,351,,,,22.3:t2,t2,"{""point_mode"": ""bbox_side_center"", ""anchor_offset_ratio"": 0.5}",bbox_side_center,,,697.84,350.6
,,,,,,18,NPN_Transistor,component:5:18.2,,,,,5,B,18.2:B,,left,,,,,,,18.2,,False,18.2:B,ok,0.0,matched_preferred,[],N5,,5,False,,,,,,,,,,terminal:5:18.2:t1,Terminal,,,False,N5,5,left,directional,directional_primary,"[808, 784, 832, 797]",1.0,,,,npn_emitter_from_arrow_branch,,single_side,18.2:B,B,826,790,,,,18.2:t1,t1,"{""point_mode"": ""three_terminal_structured"", ""scan_axis"": ""y"", ""relative_position"": ""left"", ""scan_start"": 748, ""scan_end"": 835, ""scan_margin"": 14, ""probe_halfspan"": 6, ""probe_out_len"": 12, ""probe_inset"": 1, ""peak_coord"": 790, ""anchor_offset_ratio"": 0.4914, ""max_score"": 56, ""keep_threshold"": 48, ""selected_run_start"": 38, ""selected_run_end"": 47, ""selected_run_length"": 10, ""selected_run_score"": 56, ""three_terminal_role"": ""single_side_terminal"", ""three_terminal_orientation"": ""left""}",three_terminal_structured,,,826.0,790.0
,,,,,,18,NPN_Transistor,component:5:18.2,,,,,5,C,18.2:C,,left,,,,,,,18.2,,False,18.2:C,ok,1.0,matched_preferred,[],N5,,5,False,,,,,,,,,,terminal:5:18.2:t2,Terminal,,,False,N5,5,top,directional,directional_primary,"[912, 682, 925, 706]",0.464,,,,npn_emitter_from_arrow_branch,,other_branch,18.2:C,C,919,700,,,,18.2:t2,t2,"{""point_mode"": ""three_terminal_structured"", ""scan_axis"": ""x"", ""relative_position"": ""top"", ""scan_start"": 880, ""scan_end"": 922, ""scan_margin"": 8, ""probe_halfspan"": 6, ""probe_out_len"": 12, ""probe_inset"": 1, ""peak_coord"": 918, ""anchor_offset_ratio"": 0.9167, ""max_score"": 56, ""keep_threshold"": 48, ""selected_run_start"": 35, ""selected_run_end"": 42, ""selected_run_length"": 8, ""selected_run_score"": 56, ""three_terminal_role"": ""orthogonal_pair_terminal"", ""three_terminal_orientation"": ""left"", ""three_terminal_pair_bias"": ""opposite_side"", ""three_terminal_pair_bias_debug"": {""top"": {""local_score"": 70.0, ""point_mode"": ""side_peak_outside"", ""scan_axis"": ""x"", ""relative_position"": ""top"", ""scan_start"": 880, ""scan_end"": 922, ""scan_margin"": 8, ""probe_halfspan"": 6, ""probe_out_len"": 12, ""probe_inset"": 1, ""peak_coord"": 918, ""anchor_offset_ratio"": 0.9167, ""max_score"": 56, ""keep_threshold"": 48, ""selected_run_start"": 35, ""selected_run_end"": 42, ""selected_run_length"": 8, ""selected_run_score"": 56}, ""bottom"": {""local_score"": 70.0, ""point_mode"": ""side_peak_outside"", ""scan_axis"": ""x"", ""relative_position"": ""bottom"", ""scan_start"": 880, ""scan_end"": 922, ""scan_margin"": 8, ""probe_halfspan"": 6, ""probe_out_len"": 12, ""probe_inset"": 1, ""peak_coord"": 918, ""anchor_offset_ratio"": 0.9167, ""max_score"": 56, ""keep_threshold"": 48, ""selected_run_start"": 35, ""selected_run_end"": 42, ""selected_run_length"": 8, ""selected_run_score"": 56}}}",three_terminal_structured,,,918.0,700.0
,,,,,,18,NPN_Transistor,component:5:18.2,,,,,5,E,18.2:E,,left,,,,,,,18.2,,False,18.2:E,ok,1.0,matched_preferred,[],N4,,4,False,,,,,,,,,,terminal:5:18.2:t3,Terminal,,,False,N4,4,bottom,directional,directional_primary,"[912, 878, 925, 902]",0.464,,,,npn_emitter_from_arrow_branch,,arrow_branch,18.2:E,E,919,883,,,,18.2:t3,t3,"{""point_mode"": ""three_terminal_structured"", ""scan_axis"": ""x"", ""relative_position"": ""bottom"", ""scan_start"": 880, ""scan_end"": 922, ""scan_margin"": 8, ""probe_halfspan"": 6, ""probe_out_len"": 12, ""probe_inset"": 1, ""peak_coord"": 918, ""anchor_offset_ratio"": 0.9167, ""max_score"": 56, ""keep_threshold"": 48, ""selected_run_start"": 35, ""selected_run_end"": 42, ""selected_run_length"": 8, ""selected_run_score"": 56, ""three_terminal_role"": ""orthogonal_pair_terminal"", ""three_terminal_orientation"": ""left"", ""three_terminal_pair_bias"": ""opposite_side"", ""three_terminal_pair_bias_debug"": {""top"": {""local_score"": 70.0, ""point_mode"": ""side_peak_outside"", ""scan_axis"": ""x"", ""relative_position"": ""top"", ""scan_start"": 880, ""scan_end"": 922, ""scan_margin"": 8, ""probe_halfspan"": 6, ""probe_out_len"": 12, ""probe_inset"": 1, ""peak_coord"": 918, ""anchor_offset_ratio"": 0.9167, ""max_score"": 56, ""keep_threshold"": 48, ""selected_run_start"": 35, ""selected_run_end"": 42, ""selected_run_length"": 8, ""selected_run_score"": 56}, ""bottom"": {""local_score"": 70.0, ""point_mode"": ""side_peak_outside"", ""scan_axis"": ""x"", ""relative_position"": ""bottom"", ""scan_start"": 880, ""scan_end"": 922, ""scan_margin"": 8, ""probe_halfspan"": 6, ""probe_out_len"": 12, ""probe_inset"": 1, ""peak_coord"": 918, ""anchor_offset_ratio"": 0.9167, ""max_score"": 56, ""keep_threshold"": 48, ""selected_run_start"": 35, ""selected_run_end"": 42, ""selected_run_length"": 8, ""selected_run_score"": 56}}}",three_terminal_structured,,,918.0,883.0
,,,,,,22,Resistor,component:5:22.4,,,,,5,t1,22.4:t1,,vertical,,,,,,,22.4,,False,22.4:t1,ok,2.0,matched_preferred,[],N6,,6,False,,,,,,,,,,terminal:5:22.4:t1,Terminal,,,False,N6,6,top,directional,directional_primary,"[915, 287, 928, 311]",,,,,,,,,,919,305,,,,22.4:t1,t1,"{""point_mode"": ""bbox_side_center"", ""anchor_offset_ratio"": 0.5}",bbox_side_center,,,921.0,304.67
,,,,,,22,Resistor,component:5:22.4,,,,,5,t2,22.4:t2,,vertical,,,,,,,22.4,,False,22.4:t2,ok,2.0,matched_preferred,[],N5,,5,False,,,,,,,,,,terminal:5:22.4:t2,Terminal,,,False,N5,5,bottom,directional,directional_primary,"[915, 437, 928, 461]",,,,,,,,,,919,442,,,,22.4:t2,t2,"{""point_mode"": ""bbox_side_center"", ""anchor_offset_ratio"": 0.5}",bbox_side_center,,,921.0,441.51
,,,,,,12,LED,component:5:12.2,,,,,5,anode,12.2:anode,,vertical,,,,,,,12.2,,False,12.2:anode,ok,0.0,matched_preferred,[],N3,,3,False,,,,,,,,,,terminal:5:12.2:t1,Terminal,,,False,N3,3,top,directional,directional_primary,"[913, 147, 926, 171]",0.0413,,symbol_heuristic,anode,diode_cathode_from_bar,polarity,other_side,12.2:anode,anode,919,165,,,,12.2:t1,t1,"{""point_mode"": ""side_peak_outside"", ""scan_axis"": ""x"", ""relative_position"": ""top"", ""scan_start"": 897, ""scan_end"": 1005, ""scan_margin"": 10, ""probe_halfspan"": 6, ""probe_out_len"": 12, ""probe_inset"": 1, ""peak_coord"": 919, ""anchor_offset_ratio"": 0.25, ""max_score"": 56, ""keep_threshold"": 48, ""selected_run_start"": 18, ""selected_run_end"": 27, ""selected_run_length"": 10, ""selected_run_score"": 56}",two_terminal_side_peak,,,919.0,165.0
,,,,,,12,LED,component:5:12.2,,,,,5,cathode,12.2:cathode,,vertical,,,,,,,12.2,,False,12.2:cathode,ok,0.0,matched_preferred,[],N6,,6,False,,,,,,,,,,terminal:5:12.2:t2,Terminal,,,False,N6,6,bottom,directional,directional_primary,"[913, 283, 926, 307]",0.0413,,symbol_heuristic,cathode,diode_cathode_from_bar,polarity,marker_side,12.2:cathode,cathode,919,288,,,,12.2:t2,t2,"{""point_mode"": ""side_peak_outside"", ""scan_axis"": ""x"", ""relative_position"": ""bottom"", ""scan_start"": 897, ""scan_end"": 1005, ""scan_margin"": 10, ""probe_halfspan"": 6, ""probe_out_len"": 12, ""probe_inset"": 1, ""peak_coord"": 919, ""anchor_offset_ratio"": 0.25, ""max_score"": 56, ""keep_threshold"": 48, ""selected_run_start"": 18, ""selected_run_end"": 27, ""selected_run_length"": 10, ""selected_run_score"": 56}",two_terminal_side_peak,,,919.0,288.0
111,114,268,321,,,,,,,"[""cathode""]","[""12.1:cathode"", ""22.1:t1""]","[""12.1:t2"", ""22.1:t1""]",5,,,,,,,,,,,,False,,N1,,,,,,,,,[6],,2,,,,,N1,1,net:5:N1,Net,55,,,,,,,,,,,,,,,,,,,,,6,,,,,,,,,
48,543,335,791,,,,,,,"[""B"", ""C"", ""positive"", ""negative""]","[""18.1:B"", ""18.1:C"", ""20.1:positive"", ""20.2:negative"", ""22.1:t2"", ""22.2:t2""]","[""18.1:t1"", ""18.1:t2"", ""20.1:t1"", ""20.2:t1"", ""22.1:t2"", ""22.2:t2""]",5,,,,,,,,,,,,False,,N2,,,,,,,,,[8],,6,,,,,N2,2,net:5:N2,Net,1805,,,,,,,,,,,,,,,,,,,,,8,,,,,,,,,
114,919,12,225,,,,,,,"[""anode"", ""anode""]","[""12.1:anode"", ""12.2:anode"", ""22.2:t1"", ""22.3:t1""]","[""12.1:t1"", ""12.2:t1"", ""22.2:t1"", ""22.3:t1""]",5,,,,,,,,,,,,False,,N3,,,,,,,,,[1],,4,,,,,N3,3,net:5:N3,Net,1516,,,,,,,,,,,,,,,,,,,,,1,,,,,,,,,
113,921,859,965,,,,,,,"[""E"", ""E""]","[""18.1:E"", ""18.2:E"", ""9.1:t1""]","[""18.1:t3"", ""18.2:t3"", ""9.1:t1""]",5,,,,,,,,,,,,False,,N4,,,,,,,,,[16],,3,,,,,N4,4,net:5:N4,Net,982,,,,,,,,,,,,,,,,,,,,,16,,,,,,,,,
496,985,334,791,,,,,,,"[""B"", ""C"", ""negative"", ""positive""]","[""18.2:B"", ""18.2:C"", ""20.1:negative"", ""20.2:positive"", ""22.3:t2"", ""22.4:t2""]","[""18.2:t1"", ""18.2:t2"", ""20.1:t2"", ""20.2:t2"", ""22.3:t2"", ""22.4:t2""]",5,,,,,,,,,,,,False,,N5,,,,,,,,,[9],,6,,,,,N5,5,net:5:N5,Net,1796,,,,,,,,,,,,,,,,,,,,,9,,,,,,,,,
919,922,271,320,,,,,,,"[""cathode""]","[""12.2:cathode"", ""22.4:t1""]","[""12.2:t2"", ""22.4:t1""]",5,,,,,,,,,,,,False,,N6,,,,,,,,,[7],,2,,,,,N6,6,net:5:N6,Net,50,,,,,,,,,,,,,,,,,,,,,7,,,,,,,,,
,,,,,,,,,,,,,6,,,,,1024,6.jpg,C:\Users\m.profilo\Desktop\tesi_diagrams_yolo\data\batch_v8_polarita_componenti\6.jpg,1024,,,,,,6,,,,,,,,,,7,,12,4,,12,,,diagram:6,Diagram,,,,,,,,,,,,,,,,,,,,,06_match_terminals_to_nets,,,,,,,,,,
73.62,216.55,454.7,669.89,31,Voltage_Source,,,,0.8826,,,,6,,,,vertical,,,,,,,31.1,,,31.1,,,,,,,,,,,,,,2,,,,component:6:31.1,Component,,,,,,,,,,,,,,,,,,,,,,,two_terminal,,,,,True,True,,
347.28,502.11,247.03,383.89,16,Mosfet,,,,0.8516,,,,6,,,,top,,,,,,,16.1,,,16.1,,,,,,,,,,,,,,3,,,,component:6:16.1,Component,,,,,,,,,,,,,,,,,,,,,,,three_terminal,,,,,True,True,,
400.47,452.87,23.93,88.29,26,Terminal,,,,0.7425,,,,6,,,,bottom,,,,,,,26.1,,,26.1,,,,,,,,,,,,,,1,,,,component:6:26.1,Component,,,,,,,,,,,,,,,,,,,,,,,variable_terminal,,,,,True,True,,
498.35,649.84,462.15,593.7,16,Mosfet,,,,0.8318,,,,6,,,,top,,,,,,,16.2,,,16.2,,,,,,,,,,,,,,3,,,,component:6:16.2,Component,,,,,,,,,,,,,,,,,,,,,,,three_terminal,,,,,True,True,,
527.17,640.4,815.75,895.17,9,GND,,,,0.8066,,,,6,,,top,up,,,,,,,9.1,,,9.1,,,,,,,,,,,,,,1,,,,component:6:9.1,Component,,,,,,,,,,,,,,,,,,,,,,,one_terminal,,,,,True,True,,
950.64,1008.04,329.16,402.27,26,Terminal,,,,0.7802,,,,6,,,,left,,,,,,,26.2,,,26.2,,,,,,,,,,,,,,1,,,,component:6:26.2,Component,,,,,,,,,,,,,,,,,,,,,,,variable_terminal,,,,,True,True,,
949.86,1008.9,715.96,788.81,26,Terminal,,,,0.8015,,,,6,,,,left,,,,,,,26.3,,,26.3,,,,,,,,,,,,,,1,,,,component:6:26.3,Component,,,,,,,,,,,,,,,,,,,,,,,variable_terminal,,,,,True,True,,
,,,,,,31,Voltage_Source,component:6:31.1,,,,,6,positive,31.1:positive,,vertical,,,,,,,31.1,,False,31.1:positive,ok,5.0,matched_preferred,[],N1,,1,False,,,,,,,,,,terminal:6:31.1:t1,Terminal,,,False,N1,1,top,directional,directional_primary,"[137, 429, 154, 458]",0.1329,,symbol_heuristic,positive,voltage_source_positive_from_plus_marker,polarity,marker_side,31.1:positive,positive,150,451,,,,31.1:t1,t1,"{""point_mode"": ""bbox_side_center"", ""anchor_offset_ratio"": 0.5}",bbox_side_center,,,145.09,450.7
,,,,,,31,Voltage_Source,component:6:31.1,,,,,6,negative,31.1:negative,,vertical,,,,,,,31.1,,False,31.1:negative,ok,5.0,matched_preferred,[],N3,,3,False,,,,,,,,,,terminal:6:31.1:t2,Terminal,,,False,N3,3,bottom,directional,directional_primary,"[137, 668, 154, 697]",0.1329,,symbol_heuristic,negative,voltage_source_positive_from_plus_marker,polarity,other_side,31.1:negative,negative,150,674,,,,31.1:t2,t2,"{""point_mode"": ""bbox_side_center"", ""anchor_offset_ratio"": 0.5}",bbox_side_center,,,145.09,673.89
,,,,,,16,Mosfet,component:6:16.1,,,,,6,G,16.1:G,,top,,,,,,,16.1,,False,16.1:G,ok,0.0,matched_preferred,[],N2,,2,False,,,,,,,,,,terminal:6:16.1:t1,Terminal,,,False,N2,2,top,directional,directional_primary,"[420, 225, 433, 249]",1.0,,,,mosfet_gate_with_optional_source_drain,,single_side,16.1:G,G,426,243,,,,16.1:t1,t1,"{""point_mode"": ""three_terminal_structured"", ""scan_axis"": ""x"", ""relative_position"": ""top"", ""scan_start"": 386, ""scan_end"": 463, ""scan_margin"": 12, ""probe_halfspan"": 6, ""probe_out_len"": 12, ""probe_inset"": 1, ""peak_coord"": 426, ""anchor_offset_ratio"": 0.5097, ""max_score"": 84, ""keep_threshold"": 71, ""selected_run_start"": 37, ""selected_run_end"": 44, ""selected_run_length"": 8, ""selected_run_score"": 84, ""three_terminal_role"": ""single_side_terminal"", ""three_terminal_orientation"": ""top""}",three_terminal_structured,,,426.0,243.0
,,,,,,16,Mosfet,component:6:16.1,,,,,6,S,16.1:S,,top,,,,,,,16.1,,False,16.1:S,ok,0.0,matched_preferred,[],N1,,1,False,,,,,,,,,,terminal:6:16.1:t2,Terminal,,,False,N1,1,left,directional,directional_primary,"[325, 363, 349, 376]",0.5463,,,,mosfet_gate_with_optional_source_drain,,arrow_branch,16.1:S,S,343,369,,,,16.1:t2,t2,"{""point_mode"": ""three_terminal_structured"", ""scan_axis"": ""y"", ""relative_position"": ""left"", ""scan_start"": 318, ""scan_end"": 379, ""scan_margin"": 11, ""probe_halfspan"": 6, ""probe_out_len"": 12, ""probe_inset"": 1, ""peak_coord"": 369, ""anchor_offset_ratio"": 0.8905, ""max_score"": 98, ""keep_threshold"": 83, ""selected_run_start"": 47, ""selected_run_end"": 55, ""selected_run_length"": 9, ""selected_run_score"": 98, ""three_terminal_role"": ""orthogonal_pair_terminal"", ""three_terminal_orientation"": ""top"", ""three_terminal_pair_bias"": ""opposite_side"", ""three_terminal_pair_bias_debug"": {""left"": {""local_score"": 122.5, ""point_mode"": ""side_peak_outside"", ""scan_axis"": ""y"", ""relative_position"": ""left"", ""scan_start"": 318, ""scan_end"": 379, ""scan_margin"": 11, ""probe_halfspan"": 6, ""probe_out_len"": 12, ""probe_inset"": 1, ""peak_coord"": 369, ""anchor_offset_ratio"": 0.8905, ""max_score"": 98, ""keep_threshold"": 83, ""selected_run_start"": 47, ""selected_run_end"": 55, ""selected_run_length"": 9, ""selected_run_score"": 98}, ""right"": {""local_score"": 105.0, ""point_mode"": ""side_peak_outside"", ""scan_axis"": ""y"", ""relative_position"": ""right"", ""scan_start"": 318, ""scan_end"": 379, ""scan_margin"": 11, ""probe_halfspan"": 6, ""probe_out_len"": 12, ""probe_inset"": 1, ""peak_coord"": 368, ""anchor_offset_ratio"": 0.8832, ""max_score"": 84, ""keep_threshold"": 71, ""selected_run_start"": 47, ""selected_run_end"": 54, ""selected_run_length"": 8, ""selected_run_score"": 84}}}",three_terminal_structured,,,343.0,369.0
,,,,,,16,Mosfet,component:6:16.1,,,,,6,D,16.1:D,,top,,,,,,,16.1,,False,16.1:D,ok,0.0,matched_preferred,[],N4,,4,False,,,,,,,,,,terminal:6:16.1:t3,Terminal,,,False,N4,4,right,directional,directional_primary,"[501, 362, 525, 375]",0.5463,,,,mosfet_gate_with_optional_source_drain,,other_branch,16.1:D,D,506,368,,,,16.1:t3,t3,"{""point_mode"": ""three_terminal_structured"", ""scan_axis"": ""y"", ""relative_position"": ""right"", ""scan_start"": 318, ""scan_end"": 379, ""scan_margin"": 11, ""probe_halfspan"": 6, ""probe_out_len"": 12, ""probe_inset"": 1, ""peak_coord"": 368, ""anchor_offset_ratio"": 0.8832, ""max_score"": 84, ""keep_threshold"": 71, ""selected_run_start"": 47, ""selected_run_end"": 54, ""selected_run_length"": 8, ""selected_run_score"": 84, ""three_terminal_role"": ""orthogonal_pair_terminal"", ""three_terminal_orientation"": ""top"", ""three_terminal_pair_bias"": ""opposite_side"", ""three_terminal_pair_bias_debug"": {""left"": {""local_score"": 122.5, ""point_mode"": ""side_peak_outside"", ""scan_axis"": ""y"", ""relative_position"": ""left"", ""scan_start"": 318, ""scan_end"": 379, ""scan_margin"": 11, ""probe_halfspan"": 6, ""probe_out_len"": 12, ""probe_inset"": 1, ""peak_coord"": 369, ""anchor_offset_ratio"": 0.8905, ""max_score"": 98, ""keep_threshold"": 83, ""selected_run_start"": 47, ""selected_run_end"": 55, ""selected_run_length"": 9, ""selected_run_score"": 98}, ""right"": {""local_score"": 105.0, ""point_mode"": ""side_peak_outside"", ""scan_axis"": ""y"", ""relative_position"": ""right"", ""scan_start"": 318, ""scan_end"": 379, ""scan_margin"": 11, ""probe_halfspan"": 6, ""probe_out_len"": 12, ""probe_inset"": 1, ""peak_coord"": 368, ""anchor_offset_ratio"": 0.8832, ""max_score"": 84, ""keep_threshold"": 71, ""selected_run_start"": 47, ""selected_run_end"": 54, ""selected_run_length"": 8, ""selected_run_score"": 84}}}",three_terminal_structured,,,506.0,368.0
,,,,,,26,Terminal,component:6:26.1,,,,,6,t1,26.1:t1,,bottom,,,,,,,26.1,,False,26.1:t1,ok,1.0,matched_preferred,[],N2,,2,False,,,,,,,,,,terminal:6:26.1:t1,Terminal,,,False,N2,2,bottom,directional,directional_primary,"[421, 87, 434, 111]",,,,,,,,,,426,92,,,,26.1:t1,t1,"{""point_mode"": ""bbox_side_center"", ""anchor_offset_ratio"": 0.5}",bbox_side_center,,,426.67,92.29
,,,,,,16,Mosfet,component:6:16.2,,,,,6,G,16.2:G,,top,,,,,,,16.2,,False,16.2:G,ok,0.0,matched_preferred,[],N4,,4,False,,,,,,,,,,terminal:6:16.2:t1,Terminal,,,False,N4,4,top,directional,directional_primary,"[566, 440, 579, 464]",1.0,,,,mosfet_gate_with_optional_source_drain,,single_side,16.2:G,G,572,458,,,,16.2:t1,t1,"{""point_mode"": ""three_terminal_structured"", ""scan_axis"": ""x"", ""relative_position"": ""top"", ""scan_start"": 536, ""scan_end"": 612, ""scan_margin"": 12, ""probe_halfspan"": 6, ""probe_out_len"": 12, ""probe_inset"": 1, ""peak_coord"": 572, ""anchor_offset_ratio"": 0.4868, ""max_score"": 84, ""keep_threshold"": 71, ""selected_run_start"": 33, ""selected_run_end"": 40, ""selected_run_length"": 8, ""selected_run_score"": 84, ""three_terminal_role"": ""single_side_terminal"", ""three_terminal_orientation"": ""top""}",three_terminal_structured,,,572.0,458.0
,,,,,,16,Mosfet,component:6:16.2,,,,,6,S,16.2:S,,top,,,,,,,16.2,,False,16.2:S,ok,1.0,matched_preferred,[],N3,,3,False,,,,,,,,,,terminal:6:16.2:t2,Terminal,,,False,N3,3,left,directional,directional_primary,"[476, 575, 500, 588]",0.5592,,,,mosfet_gate_with_optional_source_drain,,arrow_branch,16.2:S,S,494,580,,,,16.2:t2,t2,"{""point_mode"": ""three_terminal_structured"", ""scan_axis"": ""y"", ""relative_position"": ""left"", ""scan_start"": 531, ""scan_end"": 589, ""scan_margin"": 11, ""probe_halfspan"": 6, ""probe_out_len"": 12, ""probe_inset"": 1, ""peak_coord"": 581, ""anchor_offset_ratio"": 0.9015, ""max_score"": 84, ""keep_threshold"": 71, ""selected_run_start"": 46, ""selected_run_end"": 53, ""selected_run_length"": 8, ""selected_run_score"": 84, ""three_terminal_role"": ""orthogonal_pair_terminal"", ""three_terminal_orientation"": ""top"", ""three_terminal_pair_bias"": ""opposite_side"", ""three_terminal_pair_bias_debug"": {""left"": {""local_score"": 105.0, ""point_mode"": ""side_peak_outside"", ""scan_axis"": ""y"", ""relative_position"": ""left"", ""scan_start"": 531, ""scan_end"": 589, ""scan_margin"": 11, ""probe_halfspan"": 6, ""probe_out_len"": 12, ""probe_inset"": 1, ""peak_coord"": 581, ""anchor_offset_ratio"": 0.9015, ""max_score"": 84, ""keep_threshold"": 71, ""selected_run_start"": 46, ""selected_run_end"": 53, ""selected_run_length"": 8, ""selected_run_score"": 84}, ""right"": {""local_score"": 105.0, ""point_mode"": ""side_peak_outside"", ""scan_axis"": ""y"", ""relative_position"": ""right"", ""scan_start"": 531, ""scan_end"": 589, ""scan_margin"": 11, ""probe_halfspan"": 6, ""probe_out_len"": 12, ""probe_inset"": 1, ""peak_coord"": 581, ""anchor_offset_ratio"": 0.9015, ""max_score"": 84, ""keep_threshold"": 71, ""selected_run_start"": 46, ""selected_run_end"": 53, ""selected_run_length"": 8, ""selected_run_score"": 84}}}",three_terminal_structured,,,494.0,581.0
,,,,,,16,Mosfet,component:6:16.2,,,,,6,D,16.2:D,,top,,,,,,,16.2,,False,16.2:D,ok,1.0,matched_preferred,[],N3,,3,False,,,,,,,,,,terminal:6:16.2:t3,Terminal,,,False,N3,3,right,directional,directional_primary,"[649, 575, 673, 588]",0.5592,,,,mosfet_gate_with_optional_source_drain,,other_branch,16.2:D,D,654,580,,,,16.2:t3,t3,"{""point_mode"": ""three_terminal_structured"", ""scan_axis"": ""y"", ""relative_position"": ""right"", ""scan_start"": 531, ""scan_end"": 589, ""scan_margin"": 11, ""probe_halfspan"": 6, ""probe_out_len"": 12, ""probe_inset"": 1, ""peak_coord"": 581, ""anchor_offset_ratio"": 0.9015, ""max_score"": 84, ""keep_threshold"": 71, ""selected_run_start"": 46, ""selected_run_end"": 53, ""selected_run_length"": 8, ""selected_run_score"": 84, ""three_terminal_role"": ""orthogonal_pair_terminal"", ""three_terminal_orientation"": ""top"", ""three_terminal_pair_bias"": ""opposite_side"", ""three_terminal_pair_bias_debug"": {""left"": {""local_score"": 105.0, ""point_mode"": ""side_peak_outside"", ""scan_axis"": ""y"", ""relative_position"": ""left"", ""scan_start"": 531, ""scan_end"": 589, ""scan_margin"": 11, ""probe_halfspan"": 6, ""probe_out_len"": 12, ""probe_inset"": 1, ""peak_coord"": 581, ""anchor_offset_ratio"": 0.9015, ""max_score"": 84, ""keep_threshold"": 71, ""selected_run_start"": 46, ""selected_run_end"": 53, ""selected_run_length"": 8, ""selected_run_score"": 84}, ""right"": {""local_score"": 105.0, ""point_mode"": ""side_peak_outside"", ""scan_axis"": ""y"", ""relative_position"": ""right"", ""scan_start"": 531, ""scan_end"": 589, ""scan_margin"": 11, ""probe_halfspan"": 6, ""probe_out_len"": 12, ""probe_inset"": 1, ""peak_coord"": 581, ""anchor_offset_ratio"": 0.9015, ""max_score"": 84, ""keep_threshold"": 71, ""selected_run_start"": 46, ""selected_run_end"": 53, ""selected_run_length"": 8, ""selected_run_score"": 84}}}",three_terminal_structured,,,654.0,581.0
,,,,,,9,GND,component:6:9.1,,,,,6,t1,9.1:t1,top,up,,,,,,,9.1,,False,9.1:t1,ok,1.0,matched_preferred,[],N3,,3,False,,,,,,,,,,terminal:6:9.1:t1,Terminal,,,False,N3,3,top,directional,directional_primary,"[578, 794, 591, 818]",,,,,,,,,,583,812,,,,9.1:t1,t1,"{""point_mode"": ""one_terminal_axis_center"", ""anchor_offset_ratio"": 0.5}",two_terminal_side_peak,,,583.78,811.75
,,,,,,26,Terminal,component:6:26.2,,,,,6,t1,26.2:t1,,left,,,,,,,26.2,,False,26.2:t1,ok,2.0,matched_preferred,[],N4,,4,False,,,,,,,,,,terminal:6:26.2:t1,Terminal,,,False,N4,4,left,directional,directional_primary,"[929, 360, 953, 373]",,,,,,,,,,947,368,,,,26.2:t1,t1,"{""point_mode"": ""bbox_side_center"", ""anchor_offset_ratio"": 0.5001}",bbox_side_center,,,946.64,365.72
,,,,,,26,Terminal,component:6:26.3,,,,,6,t1,26.3:t1,,left,,,,,,,26.3,,False,26.3:t1,ok,1.0,matched_preferred,[],N3,,3,False,,,,,,,,,,terminal:6:26.3:t1,Terminal,,,False,N3,3,left,directional,directional_primary,"[928, 746, 952, 759]",,,,,,,,,,946,753,,,,26.3:t1,t1,"{""point_mode"": ""bbox_side_center"", ""anchor_offset_ratio"": 0.4999}",bbox_side_center,,,945.86,752.38
149,357,369,464,,,,,,,"[""S"", ""positive""]","[""16.1:S"", ""31.1:positive""]","[""16.1:t2"", ""31.1:t1""]",6,,,,,,,,,,,,False,,N1,,,,,,,,,[7],,2,,,,,N1,1,net:6:N1,Net,302,,,,,,,,,,,,,,,,,,,,,7,,,,,,,,,
425,427,77,258,,,,,,,"[""G""]","[""16.1:G"", ""26.1:t1""]","[""16.1:t1"", ""26.1:t1""]",6,,,,,,,,,,,,False,,N2,,,,,,,,,[2],,2,,,,,N2,2,net:6:N2,Net,182,,,,,,,,,,,,,,,,,,,,,2,,,,,,,,,
150,963,580,826,,,,,,,"[""S"", ""D"", ""negative""]","[""16.2:S"", ""16.2:D"", ""26.3:t1"", ""31.1:negative"", ""9.1:t1""]","[""16.2:t2"", ""16.2:t3"", ""26.3:t1"", ""31.1:t2"", ""9.1:t1""]",6,,,,,,,,,,,,False,,N3,,,,,,,,,[15],,5,,,,,N3,3,net:6:N3,Net,1485,,,,,,,,,,,,,,,,,,,,,15,,,,,,,,,
491,963,364,473,,,,,,,"[""D"", ""G""]","[""16.1:D"", ""16.2:G"", ""26.2:t1""]","[""16.1:t3"", ""16.2:t1"", ""26.2:t1""]",6,,,,,,,,,,,,False,,N4,,,,,,,,,[6],,3,,,,,N4,4,net:6:N4,Net,580,,,,,,,,,,,,,,,,,,,,,6,,,,,,,,,
,,,,,,,,,,,,,7,,,,,1024,7.jpg,C:\Users\m.profilo\Desktop\tesi_diagrams_yolo\data\batch_v8_polarita_componenti\7.jpg,1024,,,,,,7,,,,,,,,,,7,,12,3,,12,,,diagram:7,Diagram,,,,,,,,,,,,,,,,,,,,,06_match_terminals_to_nets,,,,,,,,,,
26.54,145.26,243.17,429.48,6,Current_Source,,,,0.9195,,,,7,,,,vertical,,,,,,,6.1,,,6.1,,,,,,,,,,,,,,2,,,,component:7:6.1,Component,,,,,,,,,,,,,,,,,,,,,,,two_terminal,,,,,True,True,,
215.95,336.39,708.7,891.95,6,Current_Source,,,,0.9375,,,,7,,,,vertical,,,,,,,6.2,,,6.2,,,,,,,,,,,,,,2,,,,component:7:6.2,Component,,,,,,,,,,,,,,,,,,,,,,,two_terminal,,,,,True,True,,
419.26,534.41,242.57,430.32,6,Current_Source,,,,0.913,,,,7,,,,vertical,,,,,,,6.3,,,6.3,,,,,,,,,,,,,,2,,,,component:7:6.3,Component,,,,,,,,,,,,,,,,,,,,,,,two_terminal,,,,,True,True,,
498.28,582.11,698.08,899.78,22,Resistor,,,,0.8407,,,,7,,,,vertical,,,,,,,22.1,,,22.1,,,,,,,,,,,,,,2,,,,component:7:22.1,Component,,,,,,,,,,,,,,,,,,,,,,,two_terminal,,,,,True,True,,
715.78,797.86,230.85,437.79,22,Resistor,,,,0.8318,,,,7,,,,vertical,,,,,,,22.2,,,22.2,,,,,,,,,,,,,,2,,,,component:7:22.2,Component,,,,,,,,,,,,,,,,,,,,,,,two_terminal,,,,,True,True,,
945.28,1000.89,937.19,1013.06,26,Terminal,,,,0.7974,,,,7,,,,left,,,,,,,26.1,,,26.1,,,,,,,,,,,,,,1,,,,component:7:26.1,Component,,,,,,,,,,,,,,,,,,,,,,,variable_terminal,,,,,True,True,,
952.21,1001.18,124.89,193.31,26,Terminal,,,,0.8027,,,,7,,,,left,,,,,,,26.2,,,26.2,,,,,,,,,,,,,,1,,,,component:7:26.2,Component,,,,,,,,,,,,,,,,,,,,,,,variable_terminal,,,,,True,True,,
,,,,,,6,Current_Source,component:7:6.1,,,,,7,current_from,6.1:current_from,,vertical,,,,,,,6.1,,False,6.1:current_from,ok,1.0,matched_preferred,[],N2,,2,False,,,,,,,,,,terminal:7:6.1:t1,Terminal,,,False,N2,2,top,directional,directional_primary,"[78, 217, 95, 246]",0.1605,current_from,symbol_heuristic,,current_source_direction_from_arrow,current_direction,other_side,6.1:current_from,current_from,85,239,,,,6.1:t1,t1,"{""point_mode"": ""bbox_side_center"", ""anchor_offset_ratio"": 0.5}",bbox_side_center,,,85.9,239.17
,,,,,,6,Current_Source,component:7:6.1,,,,,7,current_to,6.1:current_to,,vertical,,,,,,,6.1,,False,6.1:current_to,ok,1.0,matched_preferred,[],N1,,1,False,,,,,,,,,,terminal:7:6.1:t2,Terminal,,,False,N1,1,bottom,directional,directional_primary,"[78, 427, 95, 456]",0.1605,current_to,symbol_heuristic,,current_source_direction_from_arrow,current_direction,marker_side,6.1:current_to,current_to,85,433,,,,6.1:t2,t2,"{""point_mode"": ""bbox_side_center"", ""anchor_offset_ratio"": 0.5}",bbox_side_center,,,85.9,433.48
,,,,,,6,Current_Source,component:7:6.2,,,,,7,current_from,6.2:current_from,,vertical,,,,,,,6.2,,False,6.2:current_from,ok,1.0,matched_preferred,[],N1,,1,False,,,,,,,,,,terminal:7:6.2:t1,Terminal,,,False,N1,1,top,directional,directional_primary,"[268, 683, 285, 712]",0.1303,current_from,symbol_heuristic,,current_source_direction_from_arrow,current_direction,other_side,6.2:current_from,current_from,275,705,,,,6.2:t1,t1,"{""point_mode"": ""bbox_side_center"", ""anchor_offset_ratio"": 0.5}",bbox_side_center,,,276.17,704.7
,,,,,,6,Current_Source,component:7:6.2,,,,,7,current_to,6.2:current_to,,vertical,,,,,,,6.2,,False,6.2:current_to,ok,1.0,matched_preferred,[],N3,,3,False,,,,,,,,,,terminal:7:6.2:t2,Terminal,,,False,N3,3,bottom,directional,directional_primary,"[268, 890, 285, 919]",0.1303,current_to,symbol_heuristic,,current_source_direction_from_arrow,current_direction,marker_side,6.2:current_to,current_to,275,896,,,,6.2:t2,t2,"{""point_mode"": ""bbox_side_center"", ""anchor_offset_ratio"": 0.5}",bbox_side_center,,,276.17,895.95
,,,,,,6,Current_Source,component:7:6.3,,,,,7,current_from,6.3:current_from,,vertical,,,,,,,6.3,,False,6.3:current_from,ok,2.0,matched_preferred,[],N2,,2,False,,,,,,,,,,terminal:7:6.3:t1,Terminal,,,False,N2,2,top,directional,directional_primary,"[469, 217, 486, 246]",0.144,current_from,symbol_heuristic,,current_source_direction_from_arrow,current_direction,other_side,6.3:current_from,current_from,475,239,,,,6.3:t1,t1,"{""point_mode"": ""bbox_side_center"", ""anchor_offset_ratio"": 0.5}",bbox_side_center,,,476.83,238.57
,,,,,,6,Current_Source,component:7:6.3,,,,,7,current_to,6.3:current_to,,vertical,,,,,,,6.3,,False,6.3:current_to,ok,2.0,matched_preferred,[],N1,,1,False,,,,,,,,,,terminal:7:6.3:t2,Terminal,,,False,N1,1,bottom,directional,directional_primary,"[469, 428, 486, 457]",0.144,current_to,symbol_heuristic,,current_source_direction_from_arrow,current_direction,marker_side,6.3:current_to,current_to,475,434,,,,6.3:t2,t2,"{""point_mode"": ""bbox_side_center"", ""anchor_offset_ratio"": 0.5}",bbox_side_center,,,476.83,434.32
,,,,,,22,Resistor,component:7:22.1,,,,,7,t1,22.1:t1,,vertical,,,,,,,22.1,,False,22.1:t1,ok,1.0,matched_preferred,[],N1,,1,False,,,,,,,,,,terminal:7:22.1:t1,Terminal,,,False,N1,1,top,directional,directional_primary,"[534, 676, 547, 700]",,,,,,,,,,539,694,,,,22.1:t1,t1,"{""point_mode"": ""bbox_side_center"", ""anchor_offset_ratio"": 0.4999}",bbox_side_center,,,540.19,694.08
,,,,,,22,Resistor,component:7:22.1,,,,,7,t2,22.1:t2,,vertical,,,,,,,22.1,,False,22.1:t2,ok,1.0,matched_preferred,[],N3,,3,False,,,,,,,,,,terminal:7:22.1:t2,Terminal,,,False,N3,3,bottom,directional,directional_primary,"[534, 899, 547, 923]",,,,,,,,,,539,904,,,,22.1:t2,t2,"{""point_mode"": ""bbox_side_center"", ""anchor_offset_ratio"": 0.4999}",bbox_side_center,,,540.19,903.78
,,,,,,22,Resistor,component:7:22.2,,,,,7,t1,22.2:t1,,vertical,,,,,,,22.2,,False,22.2:t1,ok,3.0,matched_preferred,[],N2,,2,False,,,,,,,,,,terminal:7:22.2:t1,Terminal,,,False,N2,2,top,directional,directional_primary,"[751, 209, 764, 233]",,,,,,,,,,754,227,,,,22.2:t1,t1,"{""point_mode"": ""bbox_side_center"", ""anchor_offset_ratio"": 0.5}",bbox_side_center,,,756.82,226.85
,,,,,,22,Resistor,component:7:22.2,,,,,7,t2,22.2:t2,,vertical,,,,,,,22.2,,False,22.2:t2,ok,3.0,matched_preferred,[],N1,,1,False,,,,,,,,,,terminal:7:22.2:t2,Terminal,,,False,N1,1,bottom,directional,directional_primary,"[751, 437, 764, 461]",,,,,,,,,,754,442,,,,22.2:t2,t2,"{""point_mode"": ""bbox_side_center"", ""anchor_offset_ratio"": 0.5}",bbox_side_center,,,756.82,441.79
,,,,,,26,Terminal,component:7:26.1,,,,,7,t1,26.1:t1,,left,,,,,,,26.1,,False,26.1:t1,ok,2.0,matched_preferred,[],N3,,3,False,,,,,,,,,,terminal:7:26.1:t1,Terminal,,,False,N3,3,left,directional,directional_primary,"[923, 969, 947, 982]",,,,,,,,,,941,977,,,,26.1:t1,t1,"{""point_mode"": ""bbox_side_center"", ""anchor_offset_ratio"": 0.4999}",bbox_side_center,,,941.28,975.12
,,,,,,26,Terminal,component:7:26.2,,,,,7,t1,26.2:t1,,left,,,,,,,26.2,,False,26.2:t1,ok,1.0,matched_preferred,[],N2,,2,False,,,,,,,,,,terminal:7:26.2:t1,Terminal,,,False,N2,2,left,directional,directional_primary,"[930, 153, 954, 166]",,,,,,,,,,948,160,,,,26.2:t1,t1,"{""point_mode"": ""bbox_side_center"", ""anchor_offset_ratio"": 0.5}",bbox_side_center,,,948.21,159.1
79,757,416,717,,,,,,,"[""current_to"", ""current_from"", ""current_to""]","[""22.1:t1"", ""22.2:t2"", ""6.1:current_to"", ""6.2:current_from"", ""6.3:current_to""]","[""22.1:t1"", ""22.2:t2"", ""6.1:t2"", ""6.2:t1"", ""6.3:t2""]",7,,,,,,,,,,,,False,,N1,,,,,,,,,[14],,5,,,,,N1,1,net:7:N1,Net,1606,,,,,,,,,,,,,,,,,,,,,14,,,,,,,,,
75,962,159,252,,,,,,,"[""current_from"", ""current_from""]","[""22.2:t1"", ""26.2:t1"", ""6.1:current_from"", ""6.3:current_from""]","[""22.2:t1"", ""26.2:t1"", ""6.1:t1"", ""6.3:t1""]",7,,,,,,,,,,,,False,,N2,,,,,,,,,[5],,4,,,,,N2,2,net:7:N2,Net,1180,,,,,,,,,,,,,,,,,,,,,5,,,,,,,,,
270,956,881,977,,,,,,,"[""current_to""]","[""22.1:t2"", ""26.1:t1"", ""6.2:current_to""]","[""22.1:t2"", ""26.1:t1"", ""6.2:t2""]",7,,,,,,,,,,,,False,,N3,,,,,,,,,[25],,3,,,,,N3,3,net:7:N3,Net,874,,,,,,,,,,,,,,,,,,,,,25,,,,,,,,,
,,,,,,,,,,,,,8,,,,,1024,8.jpg,C:\Users\m.profilo\Desktop\tesi_diagrams_yolo\data\batch_v8_polarita_componenti\8.jpg,1024,,,,,,8,,,,,,,,,,20,,42,18,,42,,,diagram:8,Diagram,,,,,,,,,,,,,,,,,,,,,06_match_terminals_to_nets,,,,,,,,,,
224.51,310.11,157.58,285.9,2,Battery,,,,0.8641,,,,8,,,,vertical,,,,,,,2.1,,,2.1,,,,,,,,,,,,,,2,,,,component:8:2.1,Component,,,,,,,,,,,,,,,,,,,,,,,two_terminal,,,,,True,True,,
327.76,397.02,970.29,1018.65,9,GND,,,,0.8013,,,,8,,,top,up,,,,,,,9.1,,,9.1,,,,,,,,,,,,,,1,,,,component:8:9.1,Component,,,,,,,,,,,,,,,,,,,,,,,one_terminal,,,,,True,True,,
330.89,394.22,802.32,855.14,7,Diode,,,,0.8329,,,,8,,,,vertical,,,,,,,7.1,,,7.1,,,,,,,,,,,,,,2,,,,component:8:7.1,Component,,,,,,,,,,,,,,,,,,,,,,,two_terminal,,,,,True,True,,
350.4,431.79,301.14,389.79,16,Mosfet,,,,0.8792,,,,8,,,,right,,,,,,,16.1,,,16.1,,,,,,,,,,,,,,3,,,,component:8:16.1,Component,,,,,,,,,,,,,,,,,,,,,,,three_terminal,,,,,True,True,,
348.47,434.19,146.05,240.08,16,Mosfet,,,,0.9122,,,,8,,,,right,,,,,,,16.2,,,16.2,,,,,,,,,,,,,,3,,,,component:8:16.2,Component,,,,,,,,,,,,,,,,,,,,,,,three_terminal,,,,,True,True,,
347.61,435.17,636.46,729.14,16,Mosfet,,,,0.8643,,,,8,,,,right,,,,,,,16.3,,,16.3,,,,,,,,,,,,,,3,,,,component:8:16.3,Component,,,,,,,,,,,,,,,,,,,,,,,three_terminal,,,,,True,True,,
565.46,650.74,637.75,727.4,16,Mosfet,,,,0.863,,,,8,,,,left,,,,,,,16.4,,,16.4,,,,,,,,,,,,,,3,,,,component:8:16.4,Component,,,,,,,,,,,,,,,,,,,,,,,three_terminal,,,,,True,True,,
567.16,651.76,299.07,389.13,16,Mosfet,,,,0.8383,,,,8,,,,left,,,,,,,16.5,,,16.5,,,,,,,,,,,,,,3,,,,component:8:16.5,Component,,,,,,,,,,,,,,,,,,,,,,,three_terminal,,,,,True,True,,
565.26,654.5,144.4,240.72,16,Mosfet,,,,0.8306,,,,8,,,,left,,,,,,,16.6,,,16.6,,,,,,,,,,,,,,3,,,,component:8:16.6,Component,,,,,,,,,,,,,,,,,,,,,,,three_terminal,,,,,True,True,,
605.48,669.14,972.27,1017.65,9,GND,,,,0.8451,,,,8,,,top,up,,,,,,,9.2,,,9.2,,,,,,,,,,,,,,1,,,,component:8:9.2,Component,,,,,,,,,,,,,,,,,,,,,,,one_terminal,,,,,True,True,,
608.19,667.02,744.78,862.69,22,Resistor,,,,0.8571,,,,8,,,,vertical,,,,,,,22.1,,,22.1,,,,,,,,,,,,,,2,,,,component:8:22.1,Component,,,,,,,,,,,,,,,,,,,,,,,two_terminal,,,,,True,True,,
606.48,669.93,890.33,940.14,7,Diode,,,,0.8488,,,,8,,,,vertical,,,,,,,7.2,,,7.2,,,,,,,,,,,,,,2,,,,component:8:7.2,Component,,,,,,,,,,,,,,,,,,,,,,,two_terminal,,,,,True,True,,
750.18,831.36,299.18,387.6,16,Mosfet,,,,0.876,,,,8,,,,left,,,,,,,16.7,,,16.7,,,,,,,,,,,,,,3,,,,component:8:16.7,Component,,,,,,,,,,,,,,,,,,,,,,,three_terminal,,,,,True,True,,
748.48,834.27,145.46,238.4,16,Mosfet,,,,0.8592,,,,8,,,,left,,,,,,,16.8,,,16.8,,,,,,,,,,,,,,3,,,,component:8:16.8,Component,,,,,,,,,,,,,,,,,,,,,,,three_terminal,,,,,True,True,,
788.11,855.24,970.07,1017.71,9,GND,,,,0.8134,,,,8,,,top,up,,,,,,,9.3,,,9.3,,,,,,,,,,,,,,1,,,,component:8:9.3,Component,,,,,,,,,,,,,,,,,,,,,,,one_terminal,,,,,True,True,,
794.03,850.63,659.75,780.92,22,Resistor,,,,0.8465,,,,8,,,,vertical,,,,,,,22.2,,,22.2,,,,,,,,,,,,,,2,,,,component:8:22.2,Component,,,,,,,,,,,,,,,,,,,,,,,two_terminal,,,,,True,True,,
792.08,852.82,839.93,889.27,7,Diode,,,,0.8487,,,,8,,,,vertical,,,,,,,7.3,,,7.3,,,,,,,,,,,,,,2,,,,component:8:7.3,Component,,,,,,,,,,,,,,,,,,,,,,,two_terminal,,,,,True,True,,
951.35,987.44,520.61,565.74,26,Terminal,,,,0.7729,,,,8,,,,left,,,,,,,26.1,,,26.1,,,,,,,,,,,,,,1,,,,component:8:26.1,Component,,,,,,,,,,,,,,,,,,,,,,,variable_terminal,,,,,True,True,,
956.27,994.31,919.98,955.02,26,Terminal,,,,0.717,,,,8,,,,bottom,,,,,,,26.2,,,26.2,,,,,,,,,,,,,,1,,,,component:8:26.2,Component,,,,,,,,,,,,,,,,,,,,,,,variable_terminal,,,,,True,True,,
940.37,1010.4,971.95,1019.36,9,GND,,,,0.8001,,,,8,,,top,up,,,,,,,9.4,,,9.4,,,,,,,,,,,,,,1,,,,component:8:9.4,Component,,,,,,,,,,,,,,,,,,,,,,,one_terminal,,,,,True,True,,
,,,,,,2,Battery,component:8:2.1,,,,,8,positive,2.1:positive,,vertical,,,,,,,2.1,,False,2.1:positive,ok,2.0,matched_preferred,[],N6,,6,False,,,,,,,,,,terminal:8:2.1:t1,Terminal,,,False,N6,6,top,directional,directional_primary,"[261, 136, 274, 160]",0.2,,orientation_fallback,positive,battery_positive_from_long_plate,polarity,marker_side,2.1:positive,positive,269,154,,,,2.1:t1,t1,"{""point_mode"": ""bbox_side_center"", ""anchor_offset_ratio"": 0.5}",bbox_side_center,,,267.31,153.58
,,,,,,2,Battery,component:8:2.1,,,,,8,negative,2.1:negative,,vertical,,,,,,,2.1,,False,2.1:negative,ok,2.0,matched_preferred,[],N1,,1,False,,,,,,,,,,terminal:8:2.1:t2,Terminal,,,False,N1,1,bottom,directional,directional_primary,"[261, 285, 274, 309]",0.2,,orientation_fallback,negative,battery_positive_from_long_plate,polarity,other_side,2.1:negative,negative,269,290,,,,2.1:t2,t2,"{""point_mode"": ""bbox_side_center"", ""anchor_offset_ratio"": 0.5}",bbox_side_center,,,267.31,289.9
,,,,,,9,GND,component:8:9.1,,,,,8,t1,9.1:t1,top,up,,,,,,,9.1,,False,9.1:t1,ok,2.0,matched_preferred,[],N4,,4,False,,,,,,,,,,terminal:8:9.1:t1,Terminal,,,False,N4,4,top,directional,directional_primary,"[356, 948, 369, 972]",,,,,,,,,,360,966,,,,9.1:t1,t1,"{""point_mode"": ""one_terminal_axis_center"", ""anchor_offset_ratio"": 0.5}",two_terminal_side_peak,,,362.39,966.29
,,,,,,7,Diode,component:8:7.1,,,,,8,anode,7.1:anode,,vertical,,,,,,,7.1,,False,7.1:anode,ok,3.0,matched_preferred,[],N3,,3,False,,,,,,,,,,terminal:8:7.1:t1,Terminal,,,False,N3,3,top,directional,directional_primary,"[345, 780, 382, 804]",0.2936,,symbol_heuristic,anode,diode_cathode_from_bar,polarity,other_side,7.1:anode,anode,360,798,,,,7.1:t1,t1,"{""point_mode"": ""two_terminal_axis_center"", ""anchor_offset_ratio"": 0.5}",two_terminal_side_peak,,,362.56,798.32
,,,,,,7,Diode,component:8:7.1,,,,,8,cathode,7.1:cathode,,vertical,,,,,,,7.1,,False,7.1:cathode,ok,2.0,matched_preferred,[],N4,,4,False,,,,,,,,,,terminal:8:7.1:t2,Terminal,,,False,N4,4,bottom,directional,directional_primary,"[345, 854, 382, 878]",0.2936,,symbol_heuristic,cathode,diode_cathode_from_bar,polarity,marker_side,7.1:cathode,cathode,363,861,,,,7.1:t2,t2,"{""point_mode"": ""two_terminal_axis_center"", ""anchor_offset_ratio"": 0.5}",two_terminal_side_peak,,,362.56,859.14
,,,,,,16,Mosfet,component:8:16.1,,,,,8,G,16.1:G,,right,,,,,,,16.1,,False,16.1:G,ok,1.0,matched_preferred,[],N7,,7,False,,,,,,,,,,terminal:8:16.1:t1,Terminal,,,False,N7,7,right,directional,directional_primary,"[431, 339, 455, 352]",1.0,,,,mosfet_gate_with_optional_source_drain,,single_side,16.1:G,G,436,344,,,,16.1:t1,t1,"{""point_mode"": ""three_terminal_structured"", ""scan_axis"": ""y"", ""relative_position"": ""right"", ""scan_start"": 323, ""scan_end"": 368, ""scan_margin"": 7, ""probe_halfspan"": 6, ""probe_out_len"": 12, ""probe_inset"": 1, ""peak_coord"": 345, ""anchor_offset_ratio"": 0.4944, ""max_score"": 56, ""keep_threshold"": 48, ""selected_run_start"": 17, ""selected_run_end"": 26, ""selected_run_length"": 10, ""selected_run_score"": 56, ""three_terminal_role"": ""single_side_terminal"", ""three_terminal_orientation"": ""right""}",three_terminal_structured,,,436.0,345.0
,,,,,,16,Mosfet,component:8:16.1,,,,,8,S,16.1:S,,right,,,,,,,16.1,,False,16.1:S,ok,1.0,matched_preferred,[],N2,,2,False,,,,,,,,,,terminal:8:16.1:t2,Terminal,,,False,N2,2,top,directional,directional_primary,"[355, 279, 368, 303]",0.2884,,,,mosfet_gate_with_optional_source_drain,,arrow_branch,16.1:S,S,360,297,,,,16.1:t2,t2,"{""point_mode"": ""three_terminal_structured"", ""scan_axis"": ""x"", ""relative_position"": ""top"", ""scan_start"": 353, ""scan_end"": 389, ""scan_margin"": 7, ""probe_halfspan"": 6, ""probe_out_len"": 12, ""probe_inset"": 1, ""peak_coord"": 361, ""anchor_offset_ratio"": 0.1341, ""max_score"": 56, ""keep_threshold"": 48, ""selected_run_start"": 3, ""selected_run_end"": 12, ""selected_run_length"": 10, ""selected_run_score"": 56, ""three_terminal_role"": ""orthogonal_pair_terminal"", ""three_terminal_orientation"": ""right"", ""three_terminal_pair_bias"": ""opposite_side"", ""three_terminal_pair_bias_debug"": {""top"": {""local_score"": 70.0, ""point_mode"": ""side_peak_outside"", ""scan_axis"": ""x"", ""relative_position"": ""top"", ""scan_start"": 353, ""scan_end"": 389, ""scan_margin"": 7, ""probe_halfspan"": 6, ""probe_out_len"": 12, ""probe_inset"": 1, ""peak_coord"": 361, ""anchor_offset_ratio"": 0.1341, ""max_score"": 56, ""keep_threshold"": 48, ""selected_run_start"": 3, ""selected_run_end"": 12, ""selected_run_length"": 10, ""selected_run_score"": 56}, ""bottom"": {""local_score"": 70.0, ""point_mode"": ""side_peak_outside"", ""scan_axis"": ""x"", ""relative_position"": ""bottom"", ""scan_start"": 353, ""scan_end"": 389, ""scan_margin"": 7, ""probe_halfspan"": 6, ""probe_out_len"": 12, ""probe_inset"": 1, ""peak_coord"": 361, ""anchor_offset_ratio"": 0.1341, ""max_score"": 56, ""keep_threshold"": 48, ""selected_run_start"": 3, ""selected_run_end"": 12, ""selected_run_length"": 10, ""selected_run_score"": 56}}}",three_terminal_structured,,,361.0,297.0
,,,,,,16,Mosfet,component:8:16.1,,,,,8,D,16.1:D,,right,,,,,,,16.1,,False,16.1:D,ok,1.0,matched_preferred,[],N5,,5,False,,,,,,,,,,terminal:8:16.1:t3,Terminal,,,False,N5,5,bottom,directional,directional_primary,"[355, 389, 368, 413]",0.2884,,,,mosfet_gate_with_optional_source_drain,,other_branch,16.1:D,D,360,394,,,,16.1:t3,t3,"{""point_mode"": ""three_terminal_structured"", ""scan_axis"": ""x"", ""relative_position"": ""bottom"", ""scan_start"": 353, ""scan_end"": 389, ""scan_margin"": 7, ""probe_halfspan"": 6, ""probe_out_len"": 12, ""probe_inset"": 1, ""peak_coord"": 361, ""anchor_offset_ratio"": 0.1341, ""max_score"": 56, ""keep_threshold"": 48, ""selected_run_start"": 3, ""selected_run_end"": 12, ""selected_run_length"": 10, ""selected_run_score"": 56, ""three_terminal_role"": ""orthogonal_pair_terminal"", ""three_terminal_orientation"": ""right"", ""three_terminal_pair_bias"": ""opposite_side"", ""three_terminal_pair_bias_debug"": {""top"": {""local_score"": 70.0, ""point_mode"": ""side_peak_outside"", ""scan_axis"": ""x"", ""relative_position"": ""top"", ""scan_start"": 353, ""scan_end"": 389, ""scan_margin"": 7, ""probe_halfspan"": 6, ""probe_out_len"": 12, ""probe_inset"": 1, ""peak_coord"": 361, ""anchor_offset_ratio"": 0.1341, ""max_score"": 56, ""keep_threshold"": 48, ""selected_run_start"": 3, ""selected_run_end"": 12, ""selected_run_length"": 10, ""selected_run_score"": 56}, ""bottom"": {""local_score"": 70.0, ""point_mode"": ""side_peak_outside"", ""scan_axis"": ""x"", ""relative_position"": ""bottom"", ""scan_start"": 353, ""scan_end"": 389, ""scan_margin"": 7, ""probe_halfspan"": 6, ""probe_out_len"": 12, ""probe_inset"": 1, ""peak_coord"": 361, ""anchor_offset_ratio"": 0.1341, ""max_score"": 56, ""keep_threshold"": 48, ""selected_run_start"": 3, ""selected_run_end"": 12, ""selected_run_length"": 10, ""selected_run_score"": 56}}}",three_terminal_structured,,,361.0,394.0
,,,,,,16,Mosfet,component:8:16.2,,,,,8,G,16.2:G,,right,,,,,,,16.2,,False,16.2:G,ok,0.0,matched_preferred,[],N7,,7,False,,,,,,,,,,terminal:8:16.2:t1,Terminal,,,False,N7,7,right,directional,directional_primary,"[433, 186, 457, 199]",1.0,,,,mosfet_gate_with_optional_source_drain,,single_side,16.2:G,G,438,192,,,,16.2:t1,t1,"{""point_mode"": ""three_terminal_structured"", ""scan_axis"": ""y"", ""relative_position"": ""right"", ""scan_start"": 170, ""scan_end"": 216, ""scan_margin"": 8, ""probe_halfspan"": 6, ""probe_out_len"": 12, ""probe_inset"": 1, ""peak_coord"": 192, ""anchor_offset_ratio"": 0.4894, ""max_score"": 70, ""keep_threshold"": 60, ""selected_run_start"": 18, ""selected_run_end"": 26, ""selected_run_length"": 9, ""selected_run_score"": 70, ""three_terminal_role"": ""single_side_terminal"", ""three_terminal_orientation"": ""right""}",three_terminal_structured,,,438.0,192.0
,,,,,,16,Mosfet,component:8:16.2,,,,,8,S,16.2:S,,right,,,,,,,16.2,,False,16.2:S,ok,1.0,matched_preferred,[],N6,,6,False,,,,,,,,,,terminal:8:16.2:t2,Terminal,,,False,N6,6,top,directional,directional_primary,"[355, 124, 368, 148]",0.1732,,,,mosfet_gate_with_optional_source_drain,,arrow_branch,16.2:S,S,360,142,,,,16.2:t2,t2,"{""point_mode"": ""three_terminal_structured"", ""scan_axis"": ""x"", ""relative_position"": ""top"", ""scan_start"": 351, ""scan_end"": 389, ""scan_margin"": 7, ""probe_halfspan"": 6, ""probe_out_len"": 12, ""probe_inset"": 1, ""peak_coord"": 361, ""anchor_offset_ratio"": 0.1512, ""max_score"": 56, ""keep_threshold"": 48, ""selected_run_start"": 5, ""selected_run_end"": 14, ""selected_run_length"": 10, ""selected_run_score"": 56, ""three_terminal_role"": ""orthogonal_pair_terminal"", ""three_terminal_orientation"": ""right"", ""three_terminal_pair_bias"": ""opposite_side"", ""three_terminal_pair_bias_debug"": {""top"": {""local_score"": 70.0, ""point_mode"": ""side_peak_outside"", ""scan_axis"": ""x"", ""relative_position"": ""top"", ""scan_start"": 351, ""scan_end"": 389, ""scan_margin"": 7, ""probe_halfspan"": 6, ""probe_out_len"": 12, ""probe_inset"": 1, ""peak_coord"": 361, ""anchor_offset_ratio"": 0.1512, ""max_score"": 56, ""keep_threshold"": 48, ""selected_run_start"": 5, ""selected_run_end"": 14, ""selected_run_length"": 10, ""selected_run_score"": 56}, ""bottom"": {""local_score"": 70.0, ""point_mode"": ""side_peak_outside"", ""scan_axis"": ""x"", ""relative_position"": ""bottom"", ""scan_start"": 351, ""scan_end"": 389, ""scan_margin"": 7, ""probe_halfspan"": 6, ""probe_out_len"": 12, ""probe_inset"": 1, ""peak_coord"": 361, ""anchor_offset_ratio"": 0.1512, ""max_score"": 56, ""keep_threshold"": 48, ""selected_run_start"": 5, ""selected_run_end"": 14, ""selected_run_length"": 10, ""selected_run_score"": 56}}}",three_terminal_structured,,,361.0,142.0
,,,,,,16,Mosfet,component:8:16.2,,,,,8,D,16.2:D,,right,,,,,,,16.2,,False,16.2:D,ok,1.0,matched_preferred,[],N2,,2,False,,,,,,,,,,terminal:8:16.2:t3,Terminal,,,False,N2,2,bottom,directional,directional_primary,"[355, 239, 368, 263]",0.1732,,,,mosfet_gate_with_optional_source_drain,,other_branch,16.2:D,D,360,244,,,,16.2:t3,t3,"{""point_mode"": ""three_terminal_structured"", ""scan_axis"": ""x"", ""relative_position"": ""bottom"", ""scan_start"": 351, ""scan_end"": 389, ""scan_margin"": 7, ""probe_halfspan"": 6, ""probe_out_len"": 12, ""probe_inset"": 1, ""peak_coord"": 361, ""anchor_offset_ratio"": 0.1512, ""max_score"": 56, ""keep_threshold"": 48, ""selected_run_start"": 5, ""selected_run_end"": 14, ""selected_run_length"": 10, ""selected_run_score"": 56, ""three_terminal_role"": ""orthogonal_pair_terminal"", ""three_terminal_orientation"": ""right"", ""three_terminal_pair_bias"": ""opposite_side"", ""three_terminal_pair_bias_debug"": {""top"": {""local_score"": 70.0, ""point_mode"": ""side_peak_outside"", ""scan_axis"": ""x"", ""relative_position"": ""top"", ""scan_start"": 351, ""scan_end"": 389, ""scan_margin"": 7, ""probe_halfspan"": 6, ""probe_out_len"": 12, ""probe_inset"": 1, ""peak_coord"": 361, ""anchor_offset_ratio"": 0.1512, ""max_score"": 56, ""keep_threshold"": 48, ""selected_run_start"": 5, ""selected_run_end"": 14, ""selected_run_length"": 10, ""selected_run_score"": 56}, ""bottom"": {""local_score"": 70.0, ""point_mode"": ""side_peak_outside"", ""scan_axis"": ""x"", ""relative_position"": ""bottom"", ""scan_start"": 351, ""scan_end"": 389, ""scan_margin"": 7, ""probe_halfspan"": 6, ""probe_out_len"": 12, ""probe_inset"": 1, ""peak_coord"": 361, ""anchor_offset_ratio"": 0.1512, ""max_score"": 56, ""keep_threshold"": 48, ""selected_run_start"": 5, ""selected_run_end"": 14, ""selected_run_length"": 10, ""selected_run_score"": 56}}}",three_terminal_structured,,,361.0,244.0
,,,,,,16,Mosfet,component:8:16.3,,,,,8,G,16.3:G,,right,,,,,,,16.3,,False,16.3:G,ok,1.0,matched_preferred,[],N5,,5,False,,,,,,,,,,terminal:8:16.3:t1,Terminal,,,False,N5,5,right,directional,directional_primary,"[434, 675, 458, 688]",1.0,,,,mosfet_gate_with_optional_source_drain,,single_side,16.3:G,G,439,680,,,,16.3:t1,t1,"{""point_mode"": ""three_terminal_structured"", ""scan_axis"": ""y"", ""relative_position"": ""right"", ""scan_start"": 659, ""scan_end"": 706, ""scan_margin"": 7, ""probe_halfspan"": 6, ""probe_out_len"": 12, ""probe_inset"": 1, ""peak_coord"": 681, ""anchor_offset_ratio"": 0.4839, ""max_score"": 56, ""keep_threshold"": 48, ""selected_run_start"": 17, ""selected_run_end"": 26, ""selected_run_length"": 10, ""selected_run_score"": 56, ""three_terminal_role"": ""single_side_terminal"", ""three_terminal_orientation"": ""right""}",three_terminal_structured,,,439.0,681.0
,,,,,,16,Mosfet,component:8:16.3,,,,,8,D,16.3:D,,right,,,,,,,16.3,,False,16.3:D,ok,4.0,matched_preferred,[],N5,,5,False,,,,,,,,,,terminal:8:16.3:t2,Terminal,,,False,N5,5,top,directional,directional_primary,"[358, 614, 371, 638]",0.331,,,,mosfet_gate_with_optional_source_drain,,other_branch,16.3:D,D,360,632,,,,16.3:t2,t2,"{""point_mode"": ""three_terminal_structured"", ""scan_axis"": ""x"", ""relative_position"": ""top"", ""scan_start"": 351, ""scan_end"": 390, ""scan_margin"": 7, ""probe_halfspan"": 6, ""probe_out_len"": 12, ""probe_inset"": 1, ""peak_coord"": 364, ""anchor_offset_ratio"": 0.1839, ""max_score"": 83, ""keep_threshold"": 71, ""selected_run_start"": 11, ""selected_run_end"": 15, ""selected_run_length"": 5, ""selected_run_score"": 81, ""three_terminal_role"": ""orthogonal_pair_terminal"", ""three_terminal_orientation"": ""right"", ""three_terminal_pair_bias"": ""opposite_side"", ""three_terminal_pair_bias_debug"": {""top"": {""local_score"": 101.75, ""point_mode"": ""side_peak_outside"", ""scan_axis"": ""x"", ""relative_position"": ""top"", ""scan_start"": 351, ""scan_end"": 390, ""scan_margin"": 7, ""probe_halfspan"": 6, ""probe_out_len"": 12, ""probe_inset"": 1, ""peak_coord"": 364, ""anchor_offset_ratio"": 0.1839, ""max_score"": 83, ""keep_threshold"": 71, ""selected_run_start"": 11, ""selected_run_end"": 15, ""selected_run_length"": 5, ""selected_run_score"": 81}, ""bottom"": {""local_score"": 70.0, ""point_mode"": ""side_peak_outside"", ""scan_axis"": ""x"", ""relative_position"": ""bottom"", ""scan_start"": 351, ""scan_end"": 390, ""scan_margin"": 7, ""probe_halfspan"": 6, ""probe_out_len"": 12, ""probe_inset"": 1, ""peak_coord"": 361, ""anchor_offset_ratio"": 0.1494, ""max_score"": 56, ""keep_threshold"": 48, ""selected_run_start"": 5, ""selected_run_end"": 14, ""selected_run_length"": 10, ""selected_run_score"": 56}}}",three_terminal_structured,,,364.0,632.0
,,,,,,16,Mosfet,component:8:16.3,,,,,8,S,16.3:S,,right,,,,,,,16.3,,False,16.3:S,ok,1.0,matched_preferred,[],N3,,3,False,,,,,,,,,,terminal:8:16.3:t3,Terminal,,,False,N3,3,bottom,directional,directional_primary,"[355, 728, 368, 752]",0.331,,,,mosfet_gate_with_optional_source_drain,,arrow_branch,16.3:S,S,360,733,,,,16.3:t3,t3,"{""point_mode"": ""three_terminal_structured"", ""scan_axis"": ""x"", ""relative_position"": ""bottom"", ""scan_start"": 351, ""scan_end"": 390, ""scan_margin"": 7, ""probe_halfspan"": 6, ""probe_out_len"": 12, ""probe_inset"": 1, ""peak_coord"": 361, ""anchor_offset_ratio"": 0.1494, ""max_score"": 56, ""keep_threshold"": 48, ""selected_run_start"": 5, ""selected_run_end"": 14, ""selected_run_length"": 10, ""selected_run_score"": 56, ""three_terminal_role"": ""orthogonal_pair_terminal"", ""three_terminal_orientation"": ""right"", ""three_terminal_pair_bias"": ""opposite_side"", ""three_terminal_pair_bias_debug"": {""top"": {""local_score"": 101.75, ""point_mode"": ""side_peak_outside"", ""scan_axis"": ""x"", ""relative_position"": ""top"", ""scan_start"": 351, ""scan_end"": 390, ""scan_margin"": 7, ""probe_halfspan"": 6, ""probe_out_len"": 12, ""probe_inset"": 1, ""peak_coord"": 364, ""anchor_offset_ratio"": 0.1839, ""max_score"": 83, ""keep_threshold"": 71, ""selected_run_start"": 11, ""selected_run_end"": 15, ""selected_run_length"": 5, ""selected_run_score"": 81}, ""bottom"": {""local_score"": 70.0, ""point_mode"": ""side_peak_outside"", ""scan_axis"": ""x"", ""relative_position"": ""bottom"", ""scan_start"": 351, ""scan_end"": 390, ""scan_margin"": 7, ""probe_halfspan"": 6, ""probe_out_len"": 12, ""probe_inset"": 1, ""peak_coord"": 361, ""anchor_offset_ratio"": 0.1494, ""max_score"": 56, ""keep_threshold"": 48, ""selected_run_start"": 5, ""selected_run_end"": 14, ""selected_run_length"": 10, ""selected_run_score"": 56}}}",three_terminal_structured,,,361.0,733.0
,,,,,,16,Mosfet,component:8:16.4,,,,,8,G,16.4:G,,left,,,,,,,16.4,,False,16.4:G,ok,0.0,matched_preferred,[],N5,,5,False,,,,,,,,,,terminal:8:16.4:t1,Terminal,,,False,N5,5,left,directional,directional_primary,"[543, 674, 567, 687]",1.0,,,,mosfet_gate_with_optional_source_drain,,single_side,16.4:G,G,561,680,,,,16.4:t1,t1,"{""point_mode"": ""three_terminal_structured"", ""scan_axis"": ""y"", ""relative_position"": ""left"", ""scan_start"": 660, ""scan_end"": 705, ""scan_margin"": 7, ""probe_halfspan"": 6, ""probe_out_len"": 12, ""probe_inset"": 1, ""peak_coord"": 680, ""anchor_offset_ratio"": 0.4719, ""max_score"": 56, ""keep_threshold"": 48, ""selected_run_start"": 16, ""selected_run_end"": 25, ""selected_run_length"": 10, ""selected_run_score"": 56, ""three_terminal_role"": ""single_side_terminal"", ""three_terminal_orientation"": ""left""}",three_terminal_structured,,,561.0,680.0
,,,,,,16,Mosfet,component:8:16.4,,,,,8,D,16.4:D,,left,,,,,,,16.4,,False,16.4:D,ok,1.0,matched_preferred,[],N7,,7,False,,,,,,,,,,terminal:8:16.4:t2,Terminal,,,False,N7,7,top,directional,directional_primary,"[632, 616, 645, 640]",0.3224,,,,mosfet_gate_with_optional_source_drain,,other_branch,16.4:D,D,637,634,,,,16.4:t2,t2,"{""point_mode"": ""three_terminal_structured"", ""scan_axis"": ""x"", ""relative_position"": ""top"", ""scan_start"": 610, ""scan_end"": 648, ""scan_margin"": 7, ""probe_halfspan"": 6, ""probe_out_len"": 12, ""probe_inset"": 1, ""peak_coord"": 638, ""anchor_offset_ratio"": 0.8488, ""max_score"": 56, ""keep_threshold"": 48, ""selected_run_start"": 23, ""selected_run_end"": 32, ""selected_run_length"": 10, ""selected_run_score"": 56, ""three_terminal_role"": ""orthogonal_pair_terminal"", ""three_terminal_orientation"": ""left"", ""three_terminal_pair_bias"": ""opposite_side"", ""three_terminal_pair_bias_debug"": {""top"": {""local_score"": 70.0, ""point_mode"": ""side_peak_outside"", ""scan_axis"": ""x"", ""relative_position"": ""top"", ""scan_start"": 610, ""scan_end"": 648, ""scan_margin"": 7, ""probe_halfspan"": 6, ""probe_out_len"": 12, ""probe_inset"": 1, ""peak_coord"": 638, ""anchor_offset_ratio"": 0.8488, ""max_score"": 56, ""keep_threshold"": 48, ""selected_run_start"": 23, ""selected_run_end"": 32, ""selected_run_length"": 10, ""selected_run_score"": 56}, ""bottom"": {""local_score"": 70.0, ""point_mode"": ""side_peak_outside"", ""scan_axis"": ""x"", ""relative_position"": ""bottom"", ""scan_start"": 610, ""scan_end"": 648, ""scan_margin"": 7, ""probe_halfspan"": 6, ""probe_out_len"": 12, ""probe_inset"": 1, ""peak_coord"": 638, ""anchor_offset_ratio"": 0.8488, ""max_score"": 56, ""keep_threshold"": 48, ""selected_run_start"": 23, ""selected_run_end"": 32, ""selected_run_length"": 10, ""selected_run_score"": 56}}}",three_terminal_structured,,,638.0,634.0
,,,,,,16,Mosfet,component:8:16.4,,,,,8,S,16.4:S,,left,,,,,,,16.4,,False,16.4:S,ok,1.0,matched_preferred,[],N9,,9,False,,,,,,,,,,terminal:8:16.4:t3,Terminal,,,False,N9,9,bottom,directional,directional_primary,"[632, 726, 645, 750]",0.3224,,,,mosfet_gate_with_optional_source_drain,,arrow_branch,16.4:S,S,637,731,,,,16.4:t3,t3,"{""point_mode"": ""three_terminal_structured"", ""scan_axis"": ""x"", ""relative_position"": ""bottom"", ""scan_start"": 610, ""scan_end"": 648, ""scan_margin"": 7, ""probe_halfspan"": 6, ""probe_out_len"": 12, ""probe_inset"": 1, ""peak_coord"": 638, ""anchor_offset_ratio"": 0.8488, ""max_score"": 56, ""keep_threshold"": 48, ""selected_run_start"": 23, ""selected_run_end"": 32, ""selected_run_length"": 10, ""selected_run_score"": 56, ""three_terminal_role"": ""orthogonal_pair_terminal"", ""three_terminal_orientation"": ""left"", ""three_terminal_pair_bias"": ""opposite_side"", ""three_terminal_pair_bias_debug"": {""top"": {""local_score"": 70.0, ""point_mode"": ""side_peak_outside"", ""scan_axis"": ""x"", ""relative_position"": ""top"", ""scan_start"": 610, ""scan_end"": 648, ""scan_margin"": 7, ""probe_halfspan"": 6, ""probe_out_len"": 12, ""probe_inset"": 1, ""peak_coord"": 638, ""anchor_offset_ratio"": 0.8488, ""max_score"": 56, ""keep_threshold"": 48, ""selected_run_start"": 23, ""selected_run_end"": 32, ""selected_run_length"": 10, ""selected_run_score"": 56}, ""bottom"": {""local_score"": 70.0, ""point_mode"": ""side_peak_outside"", ""scan_axis"": ""x"", ""relative_position"": ""bottom"", ""scan_start"": 610, ""scan_end"": 648, ""scan_margin"": 7, ""probe_halfspan"": 6, ""probe_out_len"": 12, ""probe_inset"": 1, ""peak_coord"": 638, ""anchor_offset_ratio"": 0.8488, ""max_score"": 56, ""keep_threshold"": 48, ""selected_run_start"": 23, ""selected_run_end"": 32, ""selected_run_length"": 10, ""selected_run_score"": 56}}}",three_terminal_structured,,,638.0,731.0
,,,,,,16,Mosfet,component:8:16.5,,,,,8,G,16.5:G,,left,,,,,,,16.5,,False,16.5:G,ok,0.0,matched_preferred,[],N7,,7,False,,,,,,,,,,terminal:8:16.5:t1,Terminal,,,False,N7,7,left,directional,directional_primary,"[545, 338, 569, 351]",1.0,,,,mosfet_gate_with_optional_source_drain,,single_side,16.5:G,G,563,344,,,,16.5:t1,t1,"{""point_mode"": ""three_terminal_structured"", ""scan_axis"": ""y"", ""relative_position"": ""left"", ""scan_start"": 322, ""scan_end"": 366, ""scan_margin"": 7, ""probe_halfspan"": 6, ""probe_out_len"": 12, ""probe_inset"": 1, ""peak_coord"": 344, ""anchor_offset_ratio"": 0.5, ""max_score"": 56, ""keep_threshold"": 48, ""selected_run_start"": 18, ""selected_run_end"": 27, ""selected_run_length"": 10, ""selected_run_score"": 56, ""three_terminal_role"": ""single_side_terminal"", ""three_terminal_orientation"": ""left""}",three_terminal_structured,,,563.0,344.0
,,,,,,16,Mosfet,component:8:16.5,,,,,8,S,16.5:S,,left,,,,,,,16.5,,False,16.5:S,ok,0.0,matched_preferred,[],N8,,8,False,,,,,,,,,,terminal:8:16.5:t2,Terminal,,,False,N8,8,top,directional,directional_primary,"[631, 277, 644, 301]",0.2711,,,,mosfet_gate_with_optional_source_drain,,arrow_branch,16.5:S,S,637,295,,,,16.5:t2,t2,"{""point_mode"": ""three_terminal_structured"", ""scan_axis"": ""x"", ""relative_position"": ""top"", ""scan_start"": 611, ""scan_end"": 649, ""scan_margin"": 7, ""probe_halfspan"": 6, ""probe_out_len"": 12, ""probe_inset"": 1, ""peak_coord"": 637, ""anchor_offset_ratio"": 0.8235, ""max_score"": 56, ""keep_threshold"": 48, ""selected_run_start"": 22, ""selected_run_end"": 31, ""selected_run_length"": 10, ""selected_run_score"": 56, ""three_terminal_role"": ""orthogonal_pair_terminal"", ""three_terminal_orientation"": ""left"", ""three_terminal_pair_bias"": ""opposite_side"", ""three_terminal_pair_bias_debug"": {""top"": {""local_score"": 70.0, ""point_mode"": ""side_peak_outside"", ""scan_axis"": ""x"", ""relative_position"": ""top"", ""scan_start"": 611, ""scan_end"": 649, ""scan_margin"": 7, ""probe_halfspan"": 6, ""probe_out_len"": 12, ""probe_inset"": 1, ""peak_coord"": 637, ""anchor_offset_ratio"": 0.8235, ""max_score"": 56, ""keep_threshold"": 48, ""selected_run_start"": 22, ""selected_run_end"": 31, ""selected_run_length"": 10, ""selected_run_score"": 56}, ""bottom"": {""local_score"": 70.0, ""point_mode"": ""side_peak_outside"", ""scan_axis"": ""x"", ""relative_position"": ""bottom"", ""scan_start"": 611, ""scan_end"": 649, ""scan_margin"": 7, ""probe_halfspan"": 6, ""probe_out_len"": 12, ""probe_inset"": 1, ""peak_coord"": 637, ""anchor_offset_ratio"": 0.8235, ""max_score"": 56, ""keep_threshold"": 48, ""selected_run_start"": 22, ""selected_run_end"": 31, ""selected_run_length"": 10, ""selected_run_score"": 56}}}",three_terminal_structured,,,637.0,295.0
,,,,,,16,Mosfet,component:8:16.5,,,,,8,D,16.5:D,,left,,,,,,,16.5,,False,16.5:D,ok,1.0,matched_preferred,[],N7,,7,False,,,,,,,,,,terminal:8:16.5:t3,Terminal,,,False,N7,7,bottom,directional,directional_primary,"[631, 388, 644, 412]",0.2711,,,,mosfet_gate_with_optional_source_drain,,other_branch,16.5:D,D,637,392,,,,16.5:t3,t3,"{""point_mode"": ""three_terminal_structured"", ""scan_axis"": ""x"", ""relative_position"": ""bottom"", ""scan_start"": 611, ""scan_end"": 649, ""scan_margin"": 7, ""probe_halfspan"": 6, ""probe_out_len"": 12, ""probe_inset"": 1, ""peak_coord"": 637, ""anchor_offset_ratio"": 0.8235, ""max_score"": 56, ""keep_threshold"": 48, ""selected_run_start"": 22, ""selected_run_end"": 31, ""selected_run_length"": 10, ""selected_run_score"": 56, ""three_terminal_role"": ""orthogonal_pair_terminal"", ""three_terminal_orientation"": ""left"", ""three_terminal_pair_bias"": ""opposite_side"", ""three_terminal_pair_bias_debug"": {""top"": {""local_score"": 70.0, ""point_mode"": ""side_peak_outside"", ""scan_axis"": ""x"", ""relative_position"": ""top"", ""scan_start"": 611, ""scan_end"": 649, ""scan_margin"": 7, ""probe_halfspan"": 6, ""probe_out_len"": 12, ""probe_inset"": 1, ""peak_coord"": 637, ""anchor_offset_ratio"": 0.8235, ""max_score"": 56, ""keep_threshold"": 48, ""selected_run_start"": 22, ""selected_run_end"": 31, ""selected_run_length"": 10, ""selected_run_score"": 56}, ""bottom"": {""local_score"": 70.0, ""point_mode"": ""side_peak_outside"", ""scan_axis"": ""x"", ""relative_position"": ""bottom"", ""scan_start"": 611, ""scan_end"": 649, ""scan_margin"": 7, ""probe_halfspan"": 6, ""probe_out_len"": 12, ""probe_inset"": 1, ""peak_coord"": 637, ""anchor_offset_ratio"": 0.8235, ""max_score"": 56, ""keep_threshold"": 48, ""selected_run_start"": 22, ""selected_run_end"": 31, ""selected_run_length"": 10, ""selected_run_score"": 56}}}",three_terminal_structured,,,637.0,393.0
,,,,,,16,Mosfet,component:8:16.6,,,,,8,G,16.6:G,,left,,,,,,,16.6,,False,16.6:G,ok,0.0,matched_preferred,[],N7,,7,False,,,,,,,,,,terminal:8:16.6:t1,Terminal,,,False,N7,7,left,directional,directional_primary,"[543, 186, 567, 199]",1.0,,,,mosfet_gate_with_optional_source_drain,,single_side,16.6:G,G,561,192,,,,16.6:t1,t1,"{""point_mode"": ""three_terminal_structured"", ""scan_axis"": ""y"", ""relative_position"": ""left"", ""scan_start"": 168, ""scan_end"": 217, ""scan_margin"": 8, ""probe_halfspan"": 6, ""probe_out_len"": 12, ""probe_inset"": 1, ""peak_coord"": 192, ""anchor_offset_ratio"": 0.4948, ""max_score"": 70, ""keep_threshold"": 60, ""selected_run_start"": 20, ""selected_run_end"": 28, ""selected_run_length"": 9, ""selected_run_score"": 70, ""three_terminal_role"": ""single_side_terminal"", ""three_terminal_orientation"": ""left""}",three_terminal_structured,,,561.0,192.0
,,,,,,16,Mosfet,component:8:16.6,,,,,8,S,16.6:S,,left,,,,,,,16.6,,False,16.6:S,ok,0.0,matched_preferred,[],N6,,6,False,,,,,,,,,,terminal:8:16.6:t2,Terminal,,,False,N6,6,top,directional,directional_primary,"[631, 122, 644, 146]",0.1434,,,,mosfet_gate_with_optional_source_drain,,arrow_branch,16.6:S,S,637,140,,,,16.6:t2,t2,"{""point_mode"": ""three_terminal_structured"", ""scan_axis"": ""x"", ""relative_position"": ""top"", ""scan_start"": 611, ""scan_end"": 650, ""scan_margin"": 7, ""probe_halfspan"": 6, ""probe_out_len"": 12, ""probe_inset"": 1, ""peak_coord"": 637, ""anchor_offset_ratio"": 0.809, ""max_score"": 56, ""keep_threshold"": 48, ""selected_run_start"": 22, ""selected_run_end"": 31, ""selected_run_length"": 10, ""selected_run_score"": 56, ""three_terminal_role"": ""orthogonal_pair_terminal"", ""three_terminal_orientation"": ""left"", ""three_terminal_pair_bias"": ""opposite_side"", ""three_terminal_pair_bias_debug"": {""top"": {""local_score"": 70.0, ""point_mode"": ""side_peak_outside"", ""scan_axis"": ""x"", ""relative_position"": ""top"", ""scan_start"": 611, ""scan_end"": 650, ""scan_margin"": 7, ""probe_halfspan"": 6, ""probe_out_len"": 12, ""probe_inset"": 1, ""peak_coord"": 637, ""anchor_offset_ratio"": 0.809, ""max_score"": 56, ""keep_threshold"": 48, ""selected_run_start"": 22, ""selected_run_end"": 31, ""selected_run_length"": 10, ""selected_run_score"": 56}, ""bottom"": {""local_score"": 70.0, ""point_mode"": ""side_peak_outside"", ""scan_axis"": ""x"", ""relative_position"": ""bottom"", ""scan_start"": 611, ""scan_end"": 650, ""scan_margin"": 7, ""probe_halfspan"": 6, ""probe_out_len"": 12, ""probe_inset"": 1, ""peak_coord"": 637, ""anchor_offset_ratio"": 0.809, ""max_score"": 56, ""keep_threshold"": 48, ""selected_run_start"": 22, ""selected_run_end"": 31, ""selected_run_length"": 10, ""selected_run_score"": 56}}}",three_terminal_structured,,,637.0,140.0
,,,,,,16,Mosfet,component:8:16.6,,,,,8,D,16.6:D,,left,,,,,,,16.6,,False,16.6:D,ok,1.0,matched_preferred,[],N8,,8,False,,,,,,,,,,terminal:8:16.6:t3,Terminal,,,False,N8,8,bottom,directional,directional_primary,"[631, 240, 644, 264]",0.1434,,,,mosfet_gate_with_optional_source_drain,,other_branch,16.6:D,D,637,244,,,,16.6:t3,t3,"{""point_mode"": ""three_terminal_structured"", ""scan_axis"": ""x"", ""relative_position"": ""bottom"", ""scan_start"": 611, ""scan_end"": 650, ""scan_margin"": 7, ""probe_halfspan"": 6, ""probe_out_len"": 12, ""probe_inset"": 1, ""peak_coord"": 637, ""anchor_offset_ratio"": 0.809, ""max_score"": 56, ""keep_threshold"": 48, ""selected_run_start"": 22, ""selected_run_end"": 31, ""selected_run_length"": 10, ""selected_run_score"": 56, ""three_terminal_role"": ""orthogonal_pair_terminal"", ""three_terminal_orientation"": ""left"", ""three_terminal_pair_bias"": ""opposite_side"", ""three_terminal_pair_bias_debug"": {""top"": {""local_score"": 70.0, ""point_mode"": ""side_peak_outside"", ""scan_axis"": ""x"", ""relative_position"": ""top"", ""scan_start"": 611, ""scan_end"": 650, ""scan_margin"": 7, ""probe_halfspan"": 6, ""probe_out_len"": 12, ""probe_inset"": 1, ""peak_coord"": 637, ""anchor_offset_ratio"": 0.809, ""max_score"": 56, ""keep_threshold"": 48, ""selected_run_start"": 22, ""selected_run_end"": 31, ""selected_run_length"": 10, ""selected_run_score"": 56}, ""bottom"": {""local_score"": 70.0, ""point_mode"": ""side_peak_outside"", ""scan_axis"": ""x"", ""relative_position"": ""bottom"", ""scan_start"": 611, ""scan_end"": 650, ""scan_margin"": 7, ""probe_halfspan"": 6, ""probe_out_len"": 12, ""probe_inset"": 1, ""peak_coord"": 637, ""anchor_offset_ratio"": 0.809, ""max_score"": 56, ""keep_threshold"": 48, ""selected_run_start"": 22, ""selected_run_end"": 31, ""selected_run_length"": 10, ""selected_run_score"": 56}}}",three_terminal_structured,,,637.0,245.0
,,,,,,9,GND,component:8:9.2,,,,,8,t1,9.2:t1,top,up,,,,,,,9.2,,False,9.2:t1,ok,0.0,matched_preferred,[],N11,,11,False,,,,,,,,,,terminal:8:9.2:t1,Terminal,,,False,N11,11,top,directional,directional_primary,"[631, 950, 644, 974]",,,,,,,,,,637,968,,,,9.2:t1,t1,"{""point_mode"": ""one_terminal_axis_center"", ""anchor_offset_ratio"": 0.5}",two_terminal_side_peak,,,637.31,968.27
,,,,,,22,Resistor,component:8:22.1,,,,,8,t1,22.1:t1,,vertical,,,,,,,22.1,,False,22.1:t1,ok,1.0,matched_preferred,[],N9,,9,False,,,,,,,,,,terminal:8:22.1:t1,Terminal,,,False,N9,9,top,directional,directional_primary,"[632, 723, 645, 747]",,,,,,,,,,637,741,,,,22.1:t1,t1,"{""point_mode"": ""bbox_side_center"", ""anchor_offset_ratio"": 0.5001}",bbox_side_center,,,637.61,740.78
,,,,,,22,Resistor,component:8:22.1,,,,,8,t2,22.1:t2,,vertical,,,,,,,22.1,,False,22.1:t2,ok,1.0,matched_preferred,[],N10,,10,False,,,,,,,,,,terminal:8:22.1:t2,Terminal,,,False,N10,10,bottom,directional,directional_primary,"[632, 862, 645, 886]",,,,,,,,,,637,867,,,,22.1:t2,t2,"{""point_mode"": ""bbox_side_center"", ""anchor_offset_ratio"": 0.5001}",bbox_side_center,,,637.61,866.69
,,,,,,7,Diode,component:8:7.2,,,,,8,anode,7.2:anode,,vertical,,,,,,,7.2,,False,7.2:anode,ok,1.0,matched_preferred,[],N10,,10,False,,,,,,,,,,terminal:8:7.2:t1,Terminal,,,False,N10,10,top,directional,directional_primary,"[620, 868, 657, 892]",0.1285,,symbol_heuristic,anode,diode_cathode_from_bar,polarity,other_side,7.2:anode,anode,637,886,,,,7.2:t1,t1,"{""point_mode"": ""two_terminal_axis_center"", ""anchor_offset_ratio"": 0.5}",two_terminal_side_peak,,,638.2,886.33
,,,,,,7,Diode,component:8:7.2,,,,,8,cathode,7.2:cathode,,vertical,,,,,,,7.2,,False,7.2:cathode,ok,1.0,matched_preferred,[],N11,,11,False,,,,,,,,,,terminal:8:7.2:t2,Terminal,,,False,N11,11,bottom,directional,directional_primary,"[620, 939, 657, 963]",0.1285,,symbol_heuristic,cathode,diode_cathode_from_bar,polarity,marker_side,7.2:cathode,cathode,637,944,,,,7.2:t2,t2,"{""point_mode"": ""two_terminal_axis_center"", ""anchor_offset_ratio"": 0.5}",two_terminal_side_peak,,,638.2,944.14
,,,,,,16,Mosfet,component:8:16.7,,,,,8,G,16.7:G,,left,,,,,,,16.7,,False,16.7:G,ok,1.0,matched_preferred,[],N12,,12,False,,,,,,,,,,terminal:8:16.7:t1,Terminal,,,False,N12,12,left,directional,directional_primary,"[728, 339, 752, 352]",1.0,,,,mosfet_gate_with_optional_source_drain,,single_side,16.7:G,G,746,344,,,,16.7:t1,t1,"{""point_mode"": ""three_terminal_structured"", ""scan_axis"": ""y"", ""relative_position"": ""left"", ""scan_start"": 321, ""scan_end"": 366, ""scan_margin"": 7, ""probe_halfspan"": 6, ""probe_out_len"": 12, ""probe_inset"": 1, ""peak_coord"": 345, ""anchor_offset_ratio"": 0.5169, ""max_score"": 56, ""keep_threshold"": 48, ""selected_run_start"": 19, ""selected_run_end"": 28, ""selected_run_length"": 10, ""selected_run_score"": 56, ""three_terminal_role"": ""single_side_terminal"", ""three_terminal_orientation"": ""left""}",three_terminal_structured,,,746.0,345.0
,,,,,,16,Mosfet,component:8:16.7,,,,,8,S,16.7:S,,left,,,,,,,16.7,,False,16.7:S,ok,0.0,matched_preferred,[],N14,,14,False,,,,,,,,,,terminal:8:16.7:t2,Terminal,,,False,N14,14,top,directional,directional_primary,"[814, 277, 827, 301]",0.3258,,,,mosfet_gate_with_optional_source_drain,,arrow_branch,16.7:S,S,820,295,,,,16.7:t2,t2,"{""point_mode"": ""three_terminal_structured"", ""scan_axis"": ""x"", ""relative_position"": ""top"", ""scan_start"": 792, ""scan_end"": 828, ""scan_margin"": 6, ""probe_halfspan"": 6, ""probe_out_len"": 12, ""probe_inset"": 1, ""peak_coord"": 820, ""anchor_offset_ratio"": 0.8642, ""max_score"": 56, ""keep_threshold"": 48, ""selected_run_start"": 24, ""selected_run_end"": 33, ""selected_run_length"": 10, ""selected_run_score"": 56, ""three_terminal_role"": ""orthogonal_pair_terminal"", ""three_terminal_orientation"": ""left"", ""three_terminal_pair_bias"": ""opposite_side"", ""three_terminal_pair_bias_debug"": {""top"": {""local_score"": 70.0, ""point_mode"": ""side_peak_outside"", ""scan_axis"": ""x"", ""relative_position"": ""top"", ""scan_start"": 792, ""scan_end"": 828, ""scan_margin"": 6, ""probe_halfspan"": 6, ""probe_out_len"": 12, ""probe_inset"": 1, ""peak_coord"": 820, ""anchor_offset_ratio"": 0.8642, ""max_score"": 56, ""keep_threshold"": 48, ""selected_run_start"": 24, ""selected_run_end"": 33, ""selected_run_length"": 10, ""selected_run_score"": 56}, ""bottom"": {""local_score"": 70.0, ""point_mode"": ""side_peak_outside"", ""scan_axis"": ""x"", ""relative_position"": ""bottom"", ""scan_start"": 792, ""scan_end"": 828, ""scan_margin"": 6, ""probe_halfspan"": 6, ""probe_out_len"": 12, ""probe_inset"": 1, ""peak_coord"": 820, ""anchor_offset_ratio"": 0.8642, ""max_score"": 56, ""keep_threshold"": 48, ""selected_run_start"": 24, ""selected_run_end"": 33, ""selected_run_length"": 10, ""selected_run_score"": 56}}}",three_terminal_structured,,,820.0,295.0
,,,,,,16,Mosfet,component:8:16.7,,,,,8,D,16.7:D,,left,,,,,,,16.7,,False,16.7:D,ok,0.0,matched_preferred,[],N17,,17,False,,,,,,,,,,terminal:8:16.7:t3,Terminal,,,False,N17,17,bottom,directional,directional_primary,"[814, 387, 827, 411]",0.3258,,,,mosfet_gate_with_optional_source_drain,,other_branch,16.7:D,D,820,392,,,,16.7:t3,t3,"{""point_mode"": ""three_terminal_structured"", ""scan_axis"": ""x"", ""relative_position"": ""bottom"", ""scan_start"": 792, ""scan_end"": 828, ""scan_margin"": 6, ""probe_halfspan"": 6, ""probe_out_len"": 12, ""probe_inset"": 1, ""peak_coord"": 820, ""anchor_offset_ratio"": 0.8642, ""max_score"": 56, ""keep_threshold"": 48, ""selected_run_start"": 24, ""selected_run_end"": 33, ""selected_run_length"": 10, ""selected_run_score"": 56, ""three_terminal_role"": ""orthogonal_pair_terminal"", ""three_terminal_orientation"": ""left"", ""three_terminal_pair_bias"": ""opposite_side"", ""three_terminal_pair_bias_debug"": {""top"": {""local_score"": 70.0, ""point_mode"": ""side_peak_outside"", ""scan_axis"": ""x"", ""relative_position"": ""top"", ""scan_start"": 792, ""scan_end"": 828, ""scan_margin"": 6, ""probe_halfspan"": 6, ""probe_out_len"": 12, ""probe_inset"": 1, ""peak_coord"": 820, ""anchor_offset_ratio"": 0.8642, ""max_score"": 56, ""keep_threshold"": 48, ""selected_run_start"": 24, ""selected_run_end"": 33, ""selected_run_length"": 10, ""selected_run_score"": 56}, ""bottom"": {""local_score"": 70.0, ""point_mode"": ""side_peak_outside"", ""scan_axis"": ""x"", ""relative_position"": ""bottom"", ""scan_start"": 792, ""scan_end"": 828, ""scan_margin"": 6, ""probe_halfspan"": 6, ""probe_out_len"": 12, ""probe_inset"": 1, ""peak_coord"": 820, ""anchor_offset_ratio"": 0.8642, ""max_score"": 56, ""keep_threshold"": 48, ""selected_run_start"": 24, ""selected_run_end"": 33, ""selected_run_length"": 10, ""selected_run_score"": 56}}}",three_terminal_structured,,,820.0,392.0
,,,,,,16,Mosfet,component:8:16.8,,,,,8,G,16.8:G,,left,,,,,,,16.8,,False,16.8:G,ok,0.0,matched_preferred,[],N13,,13,False,,,,,,,,,,terminal:8:16.8:t1,Terminal,,,False,N13,13,left,directional,directional_primary,"[726, 186, 750, 199]",1.0,,,,mosfet_gate_with_optional_source_drain,,single_side,16.8:G,G,744,192,,,,16.8:t1,t1,"{""point_mode"": ""three_terminal_structured"", ""scan_axis"": ""y"", ""relative_position"": ""left"", ""scan_start"": 168, ""scan_end"": 215, ""scan_margin"": 7, ""probe_halfspan"": 6, ""probe_out_len"": 12, ""probe_inset"": 1, ""peak_coord"": 192, ""anchor_offset_ratio"": 0.5054, ""max_score"": 70, ""keep_threshold"": 60, ""selected_run_start"": 20, ""selected_run_end"": 28, ""selected_run_length"": 9, ""selected_run_score"": 70, ""three_terminal_role"": ""single_side_terminal"", ""three_terminal_orientation"": ""left""}",three_terminal_structured,,,744.0,192.0
,,,,,,16,Mosfet,component:8:16.8,,,,,8,S,16.8:S,,left,,,,,,,16.8,,False,16.8:S,ok,1.0,matched_preferred,[],N6,,6,False,,,,,,,,,,terminal:8:16.8:t2,Terminal,,,False,N6,6,top,directional,directional_primary,"[815, 123, 828, 147]",0.2003,,,,mosfet_gate_with_optional_source_drain,,arrow_branch,16.8:S,S,820,141,,,,16.8:t2,t2,"{""point_mode"": ""three_terminal_structured"", ""scan_axis"": ""x"", ""relative_position"": ""top"", ""scan_start"": 793, ""scan_end"": 831, ""scan_margin"": 7, ""probe_halfspan"": 6, ""probe_out_len"": 12, ""probe_inset"": 1, ""peak_coord"": 821, ""anchor_offset_ratio"": 0.8488, ""max_score"": 56, ""keep_threshold"": 48, ""selected_run_start"": 23, ""selected_run_end"": 32, ""selected_run_length"": 10, ""selected_run_score"": 56, ""three_terminal_role"": ""orthogonal_pair_terminal"", ""three_terminal_orientation"": ""left"", ""three_terminal_pair_bias"": ""opposite_side"", ""three_terminal_pair_bias_debug"": {""top"": {""local_score"": 70.0, ""point_mode"": ""side_peak_outside"", ""scan_axis"": ""x"", ""relative_position"": ""top"", ""scan_start"": 793, ""scan_end"": 831, ""scan_margin"": 7, ""probe_halfspan"": 6, ""probe_out_len"": 12, ""probe_inset"": 1, ""peak_coord"": 821, ""anchor_offset_ratio"": 0.8488, ""max_score"": 56, ""keep_threshold"": 48, ""selected_run_start"": 23, ""selected_run_end"": 32, ""selected_run_length"": 10, ""selected_run_score"": 56}, ""bottom"": {""local_score"": 70.0, ""point_mode"": ""side_peak_outside"", ""scan_axis"": ""x"", ""relative_position"": ""bottom"", ""scan_start"": 793, ""scan_end"": 831, ""scan_margin"": 7, ""probe_halfspan"": 6, ""probe_out_len"": 12, ""probe_inset"": 1, ""peak_coord"": 821, ""anchor_offset_ratio"": 0.8488, ""max_score"": 56, ""keep_threshold"": 48, ""selected_run_start"": 23, ""selected_run_end"": 32, ""selected_run_length"": 10, ""selected_run_score"": 56}}}",three_terminal_structured,,,821.0,141.0
,,,,,,16,Mosfet,component:8:16.8,,,,,8,D,16.8:D,,left,,,,,,,16.8,,False,16.8:D,ok,1.0,matched_preferred,[],N14,,14,False,,,,,,,,,,terminal:8:16.8:t3,Terminal,,,False,N14,14,bottom,directional,directional_primary,"[815, 237, 828, 261]",0.2003,,,,mosfet_gate_with_optional_source_drain,,other_branch,16.8:D,D,820,242,,,,16.8:t3,t3,"{""point_mode"": ""three_terminal_structured"", ""scan_axis"": ""x"", ""relative_position"": ""bottom"", ""scan_start"": 793, ""scan_end"": 831, ""scan_margin"": 7, ""probe_halfspan"": 6, ""probe_out_len"": 12, ""probe_inset"": 1, ""peak_coord"": 821, ""anchor_offset_ratio"": 0.8488, ""max_score"": 56, ""keep_threshold"": 48, ""selected_run_start"": 23, ""selected_run_end"": 32, ""selected_run_length"": 10, ""selected_run_score"": 56, ""three_terminal_role"": ""orthogonal_pair_terminal"", ""three_terminal_orientation"": ""left"", ""three_terminal_pair_bias"": ""opposite_side"", ""three_terminal_pair_bias_debug"": {""top"": {""local_score"": 70.0, ""point_mode"": ""side_peak_outside"", ""scan_axis"": ""x"", ""relative_position"": ""top"", ""scan_start"": 793, ""scan_end"": 831, ""scan_margin"": 7, ""probe_halfspan"": 6, ""probe_out_len"": 12, ""probe_inset"": 1, ""peak_coord"": 821, ""anchor_offset_ratio"": 0.8488, ""max_score"": 56, ""keep_threshold"": 48, ""selected_run_start"": 23, ""selected_run_end"": 32, ""selected_run_length"": 10, ""selected_run_score"": 56}, ""bottom"": {""local_score"": 70.0, ""point_mode"": ""side_peak_outside"", ""scan_axis"": ""x"", ""relative_position"": ""bottom"", ""scan_start"": 793, ""scan_end"": 831, ""scan_margin"": 7, ""probe_halfspan"": 6, ""probe_out_len"": 12, ""probe_inset"": 1, ""peak_coord"": 821, ""anchor_offset_ratio"": 0.8488, ""max_score"": 56, ""keep_threshold"": 48, ""selected_run_start"": 23, ""selected_run_end"": 32, ""selected_run_length"": 10, ""selected_run_score"": 56}}}",three_terminal_structured,,,821.0,242.0
,,,,,,9,GND,component:8:9.3,,,,,8,t1,9.3:t1,top,up,,,,,,,9.3,,False,9.3:t1,ok,2.0,matched_preferred,[],N15,,15,False,,,,,,,,,,terminal:8:9.3:t1,Terminal,,,False,N15,15,top,directional,directional_primary,"[816, 948, 829, 972]",,,,,,,,,,820,966,,,,9.3:t1,t1,"{""point_mode"": ""one_terminal_axis_center"", ""anchor_offset_ratio"": 0.5}",two_terminal_side_peak,,,821.67,966.07
,,,,,,22,Resistor,component:8:22.2,,,,,8,t1,22.2:t1,,vertical,,,,,,,22.2,,False,22.2:t1,ok,2.0,matched_preferred,[],N17,,17,False,,,,,,,,,,terminal:8:22.2:t1,Terminal,,,False,N17,17,top,directional,directional_primary,"[816, 638, 829, 662]",,,,,,,,,,820,656,,,,22.2:t1,t1,"{""point_mode"": ""bbox_side_center"", ""anchor_offset_ratio"": 0.5}",bbox_side_center,,,822.33,655.75
,,,,,,22,Resistor,component:8:22.2,,,,,8,t2,22.2:t2,,vertical,,,,,,,22.2,,False,22.2:t2,ok,2.0,matched_preferred,[],N16,,16,False,,,,,,,,,,terminal:8:22.2:t2,Terminal,,,False,N16,16,bottom,directional,directional_primary,"[816, 780, 829, 804]",,,,,,,,,,820,785,,,,22.2:t2,t2,"{""point_mode"": ""bbox_side_center"", ""anchor_offset_ratio"": 0.5}",bbox_side_center,,,822.33,784.92
,,,,,,7,Diode,component:8:7.3,,,,,8,anode,7.3:anode,,vertical,,,,,,,7.3,,False,7.3:anode,ok,2.0,matched_preferred,[],N16,,16,False,,,,,,,,,,terminal:8:7.3:t1,Terminal,,,False,N16,16,top,directional,directional_primary,"[804, 818, 841, 842]",0.2884,,symbol_heuristic,anode,diode_cathode_from_bar,polarity,other_side,7.3:anode,anode,820,836,,,,7.3:t1,t1,"{""point_mode"": ""two_terminal_axis_center"", ""anchor_offset_ratio"": 0.5}",two_terminal_side_peak,,,822.45,835.93
,,,,,,7,Diode,component:8:7.3,,,,,8,cathode,7.3:cathode,,vertical,,,,,,,7.3,,False,7.3:cathode,ok,2.0,matched_preferred,[],N15,,15,False,,,,,,,,,,terminal:8:7.3:t2,Terminal,,,False,N15,15,bottom,directional,directional_primary,"[804, 888, 841, 912]",0.2884,,symbol_heuristic,cathode,diode_cathode_from_bar,polarity,marker_side,7.3:cathode,cathode,820,893,,,,7.3:t2,t2,"{""point_mode"": ""two_terminal_axis_center"", ""anchor_offset_ratio"": 0.5}",two_terminal_side_peak,,,822.45,893.27
,,,,,,26,Terminal,component:8:26.1,,,,,8,t1,26.1:t1,,left,,,,,,,26.1,,False,26.1:t1,ok,2.0,matched_preferred,[],N17,,17,False,,,,,,,,,,terminal:8:26.1:t1,Terminal,,,False,N17,17,left,directional,directional_primary,"[929, 537, 953, 550]",,,,,,,,,,947,545,,,,26.1:t1,t1,"{""point_mode"": ""bbox_side_center"", ""anchor_offset_ratio"": 0.4999}",bbox_side_center,,,947.35,543.17
,,,,,,26,Terminal,component:8:26.2,,,,,8,t1,26.2:t1,,bottom,,,,,,,26.2,,False,26.2:t1,ok,0.0,matched_preferred,[],N18,,18,False,,,,,,,,,,terminal:8:26.2:t1,Terminal,,,False,N18,18,bottom,directional,directional_primary,"[969, 954, 982, 978]",,,,,,,,,,975,959,,,,26.2:t1,t1,"{""point_mode"": ""bbox_side_center"", ""anchor_offset_ratio"": 0.5}",bbox_side_center,,,975.29,959.02
,,,,,,9,GND,component:8:9.4,,,,,8,t1,9.4:t1,top,up,,,,,,,9.4,,False,9.4:t1,ok,0.0,matched_preferred,[],N18,,18,False,,,,,,,,,,terminal:8:9.4:t1,Terminal,,,False,N18,18,top,directional,directional_primary,"[969, 950, 982, 974]",,,,,,,,,,975,968,,,,9.4:t1,t1,"{""point_mode"": ""one_terminal_axis_center"", ""anchor_offset_ratio"": 0.5}",two_terminal_side_peak,,,975.38,967.95
268,352,273,344,,,,,,,"[""negative""]","[""2.1:negative""]","[""2.1:t2""]",8,,,,,,,,,,,,False,,N1,,,,,,,,,[13],,1,,,,,N1,1,net:8:N1,Net,153,,,,,,,,,,,,,,,,,,,,,13,,,,,,,,,
360,364,229,313,,,,,,,"[""S"", ""D""]","[""16.1:S"", ""16.2:D""]","[""16.1:t2"", ""16.2:t3""]",8,,,,,,,,,,,,False,,N2,,,,,,,,,[8],,2,,,,,N2,2,net:8:N2,Net,88,,,,,,,,,,,,,,,,,,,,,8,,,,,,,,,
360,367,718,813,,,,,,,"[""S"", ""anode""]","[""16.3:S"", ""7.1:anode""]","[""16.3:t3"", ""7.1:t1""]",8,,,,,,,,,,,,False,,N3,,,,,,,,,[25],,2,,,,,N3,3,net:8:N3,Net,101,,,,,,,,,,,,,,,,,,,,,25,,,,,,,,,
360,417,841,982,,,,,,,"[""cathode""]","[""7.1:cathode"", ""9.1:t1""]","[""7.1:t2"", ""9.1:t1""]",8,,,,,,,,,,,,False,,N4,,,,,,,,,[31],,2,,,,,N4,4,net:8:N4,Net,288,,,,,,,,,,,,,,,,,,,,,31,,,,,,,,,
333,578,379,681,,,,,,,"[""D"", ""G"", ""D"", ""G""]","[""16.1:D"", ""16.3:G"", ""16.3:D"", ""16.4:G""]","[""16.1:t3"", ""16.3:t1"", ""16.3:t2"", ""16.4:t1""]",8,,,,,,,,,,,,False,,N5,,,,,,,,,[17],,4,,,,,N5,5,net:8:N5,Net,943,,,,,,,,,,,,,,,,,,,,,17,,,,,,,,,
269,821,51,169,,,,,,,"[""S"", ""S"", ""S"", ""positive""]","[""16.2:S"", ""16.6:S"", ""16.8:S"", ""2.1:positive""]","[""16.2:t2"", ""16.6:t2"", ""16.8:t2"", ""2.1:t1""]",8,,,,,,,,,,,,False,,N6,,,,,,,,,[2],,4,,,,,N6,6,net:8:N6,Net,900,,,,,,,,,,,,,,,,,,,,,2,,,,,,,,,
420,714,191,650,,,,,,,"[""G"", ""G"", ""D"", ""G"", ""D"", ""G""]","[""16.1:G"", ""16.2:G"", ""16.4:D"", ""16.5:G"", ""16.5:D"", ""16.6:G""]","[""16.1:t1"", ""16.2:t1"", ""16.4:t2"", ""16.5:t1"", ""16.5:t3"", ""16.6:t1""]",8,,,,,,,,,,,,False,,N7,,,,,,,,,[5],,6,,,,,N7,7,net:8:N7,Net,1317,,,,,,,,,,,,,,,,,,,,,5,,,,,,,,,
555,638,228,310,,,,,,,"[""S"", ""D""]","[""16.5:S"", ""16.6:D""]","[""16.5:t2"", ""16.6:t3""]",8,,,,,,,,,,,,False,,N8,,,,,,,,,[9],,2,,,,,N8,8,net:8:N8,Net,265,,,,,,,,,,,,,,,,,,,,,9,,,,,,,,,
636,637,716,755,,,,,,,"[""S""]","[""16.4:S"", ""22.1:t1""]","[""16.4:t3"", ""22.1:t1""]",8,,,,,,,,,,,,False,,N9,,,,,,,,,[24],,2,,,,,N9,9,net:8:N9,Net,40,,,,,,,,,,,,,,,,,,,,,24,,,,,,,,,
637,641,851,901,,,,,,,"[""anode""]","[""22.1:t2"", ""7.2:anode""]","[""22.1:t2"", ""7.2:t1""]",8,,,,,,,,,,,,False,,N10,,,,,,,,,[32],,2,,,,,N10,10,net:8:N10,Net,55,,,,,,,,,,,,,,,,,,,,,32,,,,,,,,,
634,688,928,983,,,,,,,"[""cathode""]","[""7.2:cathode"", ""9.2:t1""]","[""7.2:t2"", ""9.2:t1""]",8,,,,,,,,,,,,False,,N11,,,,,,,,,[37],,2,,,,,N11,11,net:8:N11,Net,145,,,,,,,,,,,,,,,,,,,,,37,,,,,,,,,
648,762,344,346,,,,,,,"[""G""]","[""16.7:G""]","[""16.7:t1""]",8,,,,,,,,,,,,False,,N12,,,,,,,,,[15],,1,,,,,N12,12,net:8:N12,Net,116,,,,,,,,,,,,,,,,,,,,,15,,,,,,,,,
652,760,191,192,,,,,,,"[""G""]","[""16.8:G""]","[""16.8:t1""]",8,,,,,,,,,,,,False,,N13,,,,,,,,,[6],,1,,,,,N13,13,net:8:N13,Net,109,,,,,,,,,,,,,,,,,,,,,6,,,,,,,,,
738,820,227,310,,,,,,,"[""S"", ""D""]","[""16.7:S"", ""16.8:D""]","[""16.7:t2"", ""16.8:t3""]",8,,,,,,,,,,,,False,,N14,,,,,,,,,[7],,2,,,,,N14,14,net:8:N14,Net,224,,,,,,,,,,,,,,,,,,,,,7,,,,,,,,,
820,825,876,982,,,,,,,"[""cathode""]","[""7.3:cathode"", ""9.3:t1""]","[""7.3:t2"", ""9.3:t1""]",8,,,,,,,,,,,,False,,N15,,,,,,,,,[33],,2,,,,,N15,15,net:8:N15,Net,113,,,,,,,,,,,,,,,,,,,,,33,,,,,,,,,
820,826,770,850,,,,,,,"[""anode""]","[""22.2:t2"", ""7.3:anode""]","[""22.2:t2"", ""7.3:t1""]",8,,,,,,,,,,,,False,,N16,,,,,,,,,[27],,2,,,,,N16,16,net:8:N16,Net,89,,,,,,,,,,,,,,,,,,,,,27,,,,,,,,,
744,961,375,671,,,,,,,"[""D""]","[""16.7:D"", ""22.2:t1"", ""26.1:t1""]","[""16.7:t3"", ""22.2:t1"", ""26.1:t1""]",8,,,,,,,,,,,,False,,N17,,,,,,,,,[16],,3,,,,,N17,17,net:8:N17,Net,817,,,,,,,,,,,,,,,,,,,,,16,,,,,,,,,
972,979,947,983,,,,,,,[],"[""26.2:t1"", ""9.4:t1""]","[""26.2:t1"", ""9.4:t1""]",8,,,,,,,,,,,,False,,N18,,,,,,,,,[38],,2,,,,,N18,18,net:8:N18,Net,48,,,,,,,,,,,,,,,,,,,,,38,,,,,,,,,
,,,,,,,,,,,,,9,,,,,1024,9.jpg,C:\Users\m.profilo\Desktop\tesi_diagrams_yolo\data\batch_v8_polarita_componenti\9.jpg,1024,,,,,,9,,,,,,,,,,9,,19,9,,19,,,diagram:9,Diagram,,,,,,,,,,,,,,,,,,,,,06_match_terminals_to_nets,,,,,,,,,,
167.74,269.31,938.26,1014.34,9,GND,,,,0.846,,,,9,,,top,up,,,,,,,9.1,,,9.1,,,,,,,,,,,,,,1,,,,component:9:9.1,Component,,,,,,,,,,,,,,,,,,,,,,,one_terminal,,,,,True,True,,
150.35,287.92,653.13,857.83,2,Battery,,,,0.8837,,,,9,,,,vertical,,,,,,,2.1,,,2.1,,,,,,,,,,,,,,2,,,,component:9:2.1,Component,,,,,,,,,,,,,,,,,,,,,,,two_terminal,,,,,True,True,,
281.43,446.88,174.57,362.42,6,Current_Source,,,,0.8227,,,,9,,,,vertical,,,,,,,6.1,,,6.1,,,,,,,,,,,,,,2,,,,component:9:6.1,Component,,,,,,,,,,,,,,,,,,,,,,,two_terminal,,,,,True,True,,
315.59,416.75,937.34,1013.48,9,GND,,,,0.8268,,,,9,,,top,up,,,,,,,9.2,,,9.2,,,,,,,,,,,,,,1,,,,component:9:9.2,Component,,,,,,,,,,,,,,,,,,,,,,,one_terminal,,,,,True,True,,
343.48,481.67,724.98,874.64,16,Mosfet,,,,0.8586,,,,9,,,,right,,,,,,,16.1,,,16.1,,,,,,,,,,,,,,3,,,,component:9:16.1,Component,,,,,,,,,,,,,,,,,,,,,,,three_terminal,,,,,True,True,,
349.82,480.7,515.02,670.69,16,Mosfet,,,,0.8888,,,,9,,,,right,,,,,,,16.2,,,16.2,,,,,,,,,,,,,,3,,,,component:9:16.2,Component,,,,,,,,,,,,,,,,,,,,,,,three_terminal,,,,,True,True,,
691.87,818.71,512.19,664.84,16,Mosfet,,,,0.8657,,,,9,,,,left,,,,,,,16.3,,,16.3,,,,,,,,,,,,,,3,,,,component:9:16.3,Component,,,,,,,,,,,,,,,,,,,,,,,three_terminal,,,,,True,True,,
688.58,824.67,721.98,875.11,16,Mosfet,,,,0.8556,,,,9,,,,left,,,,,,,16.4,,,16.4,,,,,,,,,,,,,,3,,,,component:9:16.4,Component,,,,,,,,,,,,,,,,,,,,,,,three_terminal,,,,,True,True,,
750.36,854.18,936.94,1014.14,9,GND,,,,0.8171,,,,9,,,top,up,,,,,,,9.3,,,9.3,,,,,,,,,,,,,,1,,,,component:9:9.3,Component,,,,,,,,,,,,,,,,,,,,,,,one_terminal,,,,,True,True,,
,,,,,,9,GND,component:9:9.1,,,,,9,t1,9.1:t1,top,up,,,,,,,9.1,,False,9.1:t1,ok,1.0,matched_preferred,[],N1,,1,False,,,,,,,,,,terminal:9:9.1:t1,Terminal,,,False,N1,1,top,directional,directional_primary,"[213, 916, 226, 940]",,,,,,,,,,218,934,,,,9.1:t1,t1,"{""point_mode"": ""one_terminal_axis_center"", ""anchor_offset_ratio"": 0.5}",two_terminal_side_peak,,,218.53,934.26
,,,,,,2,Battery,component:9:2.1,,,,,9,positive,2.1:positive,,vertical,,,,,,,2.1,,False,2.1:positive,ok,1.0,matched_preferred,[],N2,,2,False,,,,,,,,,,terminal:9:2.1:t1,Terminal,,,False,N2,2,top,directional,directional_primary,"[213, 631, 226, 655]",0.2,,orientation_fallback,positive,battery_positive_from_long_plate,polarity,marker_side,2.1:positive,positive,218,649,,,,2.1:t1,t1,"{""point_mode"": ""bbox_side_center"", ""anchor_offset_ratio"": 0.5}",bbox_side_center,,,219.13,649.13
,,,,,,2,Battery,component:9:2.1,,,,,9,negative,2.1:negative,,vertical,,,,,,,2.1,,False,2.1:negative,ok,1.0,matched_preferred,[],N1,,1,False,,,,,,,,,,terminal:9:2.1:t2,Terminal,,,False,N1,1,bottom,directional,directional_primary,"[213, 857, 226, 881]",0.2,,orientation_fallback,negative,battery_positive_from_long_plate,polarity,other_side,2.1:negative,negative,218,862,,,,2.1:t2,t2,"{""point_mode"": ""bbox_side_center"", ""anchor_offset_ratio"": 0.5}",bbox_side_center,,,219.13,861.83
,,,,,,6,Current_Source,component:9:6.1,,,,,9,current_from,6.1:current_from,,vertical,,,,,,,6.1,,False,6.1:current_from,ok,0.0,matched_preferred,[],N5,,5,False,,,,,,,,,,terminal:9:6.1:t1,Terminal,,,False,N5,5,top,directional,directional_primary,"[356, 149, 373, 178]",0.5716,current_from,symbol_heuristic,,current_source_direction_from_arrow,current_direction,other_side,6.1:current_from,current_from,364,171,,,,6.1:t1,t1,"{""point_mode"": ""bbox_side_center"", ""anchor_offset_ratio"": 0.5}",bbox_side_center,,,364.15,170.57
,,,,,,6,Current_Source,component:9:6.1,,,,,9,current_to,6.1:current_to,,vertical,,,,,,,6.1,,False,6.1:current_to,ok,0.0,matched_preferred,[],N6,,6,False,,,,,,,,,,terminal:9:6.1:t2,Terminal,,,False,N6,6,bottom,directional,directional_primary,"[356, 360, 373, 389]",0.5716,current_to,symbol_heuristic,,current_source_direction_from_arrow,current_direction,marker_side,6.1:current_to,current_to,364,366,,,,6.1:t2,t2,"{""point_mode"": ""bbox_side_center"", ""anchor_offset_ratio"": 0.5}",bbox_side_center,,,364.15,366.42
,,,,,,9,GND,component:9:9.2,,,,,9,t1,9.2:t1,top,up,,,,,,,9.2,,False,9.2:t1,ok,2.0,matched_preferred,[],N4,,4,False,,,,,,,,,,terminal:9:9.2:t1,Terminal,,,False,N4,4,top,directional,directional_primary,"[360, 915, 373, 939]",,,,,,,,,,364,933,,,,9.2:t1,t1,"{""point_mode"": ""one_terminal_axis_center"", ""anchor_offset_ratio"": 0.5}",two_terminal_side_peak,,,366.17,933.34
,,,,,,16,Mosfet,component:9:16.1,,,,,9,G,16.1:G,,right,,,,,,,16.1,,False,16.1:G,ok,0.0,matched_preferred,[],N6,,6,False,,,,,,,,,,terminal:9:16.1:t1,Terminal,,,False,N6,6,right,directional,directional_primary,"[481, 790, 505, 803]",1.0,,,,mosfet_gate_with_optional_source_drain,,single_side,16.1:G,G,486,796,,,,16.1:t1,t1,"{""point_mode"": ""three_terminal_structured"", ""scan_axis"": ""y"", ""relative_position"": ""right"", ""scan_start"": 762, ""scan_end"": 838, ""scan_margin"": 12, ""probe_halfspan"": 6, ""probe_out_len"": 12, ""probe_inset"": 1, ""peak_coord"": 796, ""anchor_offset_ratio"": 0.4733, ""max_score"": 56, ""keep_threshold"": 48, ""selected_run_start"": 30, ""selected_run_end"": 39, ""selected_run_length"": 10, ""selected_run_score"": 56, ""three_terminal_role"": ""single_side_terminal"", ""three_terminal_orientation"": ""right""}",three_terminal_structured,,,486.0,796.0
,,,,,,16,Mosfet,component:9:16.1,,,,,9,D,16.1:D,,right,,,,,,,16.1,,False,16.1:D,ok,0.0,matched_preferred,[],N3,,3,False,,,,,,,,,,terminal:9:16.1:t2,Terminal,,,False,N3,3,top,directional,directional_primary,"[358, 703, 371, 727]",0.329,,,,mosfet_gate_with_optional_source_drain,,other_branch,16.1:D,D,364,721,,,,16.1:t2,t2,"{""point_mode"": ""three_terminal_structured"", ""scan_axis"": ""x"", ""relative_position"": ""top"", ""scan_start"": 349, ""scan_end"": 410, ""scan_margin"": 11, ""probe_halfspan"": 6, ""probe_out_len"": 12, ""probe_inset"": 1, ""peak_coord"": 364, ""anchor_offset_ratio"": 0.1511, ""max_score"": 98, ""keep_threshold"": 83, ""selected_run_start"": 11, ""selected_run_end"": 19, ""selected_run_length"": 9, ""selected_run_score"": 98, ""three_terminal_role"": ""orthogonal_pair_terminal"", ""three_terminal_orientation"": ""right"", ""three_terminal_pair_bias"": ""opposite_side"", ""three_terminal_pair_bias_debug"": {""top"": {""local_score"": 122.5, ""point_mode"": ""side_peak_outside"", ""scan_axis"": ""x"", ""relative_position"": ""top"", ""scan_start"": 349, ""scan_end"": 410, ""scan_margin"": 11, ""probe_halfspan"": 6, ""probe_out_len"": 12, ""probe_inset"": 1, ""peak_coord"": 364, ""anchor_offset_ratio"": 0.1511, ""max_score"": 98, ""keep_threshold"": 83, ""selected_run_start"": 11, ""selected_run_end"": 19, ""selected_run_length"": 9, ""selected_run_score"": 98}, ""bottom"": {""local_score"": 122.5, ""point_mode"": ""side_peak_outside"", ""scan_axis"": ""x"", ""relative_position"": ""bottom"", ""scan_start"": 349, ""scan_end"": 410, ""scan_margin"": 11, ""probe_halfspan"": 6, ""probe_out_len"": 12, ""probe_inset"": 1, ""peak_coord"": 364, ""anchor_offset_ratio"": 0.1511, ""max_score"": 98, ""keep_threshold"": 83, ""selected_run_start"": 11, ""selected_run_end"": 19, ""selected_run_length"": 9, ""selected_run_score"": 98}}}",three_terminal_structured,,,364.0,721.0
,,,,,,16,Mosfet,component:9:16.1,,,,,9,S,16.1:S,,right,,,,,,,16.1,,False,16.1:S,ok,0.0,matched_preferred,[],N4,,4,False,,,,,,,,,,terminal:9:16.1:t3,Terminal,,,False,N4,4,bottom,directional,directional_primary,"[358, 874, 371, 898]",0.329,,,,mosfet_gate_with_optional_source_drain,,arrow_branch,16.1:S,S,364,879,,,,16.1:t3,t3,"{""point_mode"": ""three_terminal_structured"", ""scan_axis"": ""x"", ""relative_position"": ""bottom"", ""scan_start"": 349, ""scan_end"": 410, ""scan_margin"": 11, ""probe_halfspan"": 6, ""probe_out_len"": 12, ""probe_inset"": 1, ""peak_coord"": 364, ""anchor_offset_ratio"": 0.1511, ""max_score"": 98, ""keep_threshold"": 83, ""selected_run_start"": 11, ""selected_run_end"": 19, ""selected_run_length"": 9, ""selected_run_score"": 98, ""three_terminal_role"": ""orthogonal_pair_terminal"", ""three_terminal_orientation"": ""right"", ""three_terminal_pair_bias"": ""opposite_side"", ""three_terminal_pair_bias_debug"": {""top"": {""local_score"": 122.5, ""point_mode"": ""side_peak_outside"", ""scan_axis"": ""x"", ""relative_position"": ""top"", ""scan_start"": 349, ""scan_end"": 410, ""scan_margin"": 11, ""probe_halfspan"": 6, ""probe_out_len"": 12, ""probe_inset"": 1, ""peak_coord"": 364, ""anchor_offset_ratio"": 0.1511, ""max_score"": 98, ""keep_threshold"": 83, ""selected_run_start"": 11, ""selected_run_end"": 19, ""selected_run_length"": 9, ""selected_run_score"": 98}, ""bottom"": {""local_score"": 122.5, ""point_mode"": ""side_peak_outside"", ""scan_axis"": ""x"", ""relative_position"": ""bottom"", ""scan_start"": 349, ""scan_end"": 410, ""scan_margin"": 11, ""probe_halfspan"": 6, ""probe_out_len"": 12, ""probe_inset"": 1, ""peak_coord"": 364, ""anchor_offset_ratio"": 0.1511, ""max_score"": 98, ""keep_threshold"": 83, ""selected_run_start"": 11, ""selected_run_end"": 19, ""selected_run_length"": 9, ""selected_run_score"": 98}}}",three_terminal_structured,,,364.0,879.0
,,,,,,16,Mosfet,component:9:16.2,,,,,9,G,16.2:G,,right,,,,,,,16.2,,False,16.2:G,ok,1.0,matched_preferred,[],N6,,6,False,,,,,,,,,,terminal:9:16.2:t1,Terminal,,,False,N6,6,right,directional,directional_primary,"[480, 582, 504, 595]",1.0,,,,mosfet_gate_with_optional_source_drain,,single_side,16.2:G,G,485,587,,,,16.2:t1,t1,"{""point_mode"": ""three_terminal_structured"", ""scan_axis"": ""y"", ""relative_position"": ""right"", ""scan_start"": 554, ""scan_end"": 632, ""scan_margin"": 12, ""probe_halfspan"": 6, ""probe_out_len"": 12, ""probe_inset"": 1, ""peak_coord"": 588, ""anchor_offset_ratio"": 0.4679, ""max_score"": 112, ""keep_threshold"": 95, ""selected_run_start"": 30, ""selected_run_end"": 37, ""selected_run_length"": 8, ""selected_run_score"": 112, ""three_terminal_role"": ""single_side_terminal"", ""three_terminal_orientation"": ""right""}",three_terminal_structured,,,485.0,588.0
,,,,,,16,Mosfet,component:9:16.2,,,,,9,D,16.2:D,,right,,,,,,,16.2,,False,16.2:D,ok,0.0,matched_preferred,[],N6,,6,False,,,,,,,,,,terminal:9:16.2:t2,Terminal,,,False,N6,6,top,directional,directional_primary,"[358, 493, 371, 517]",0.2698,,,,mosfet_gate_with_optional_source_drain,,other_branch,16.2:D,D,364,511,,,,16.2:t2,t2,"{""point_mode"": ""three_terminal_structured"", ""scan_axis"": ""x"", ""relative_position"": ""top"", ""scan_start"": 355, ""scan_end"": 413, ""scan_margin"": 10, ""probe_halfspan"": 6, ""probe_out_len"": 12, ""probe_inset"": 1, ""peak_coord"": 364, ""anchor_offset_ratio"": 0.1069, ""max_score"": 98, ""keep_threshold"": 83, ""selected_run_start"": 5, ""selected_run_end"": 13, ""selected_run_length"": 9, ""selected_run_score"": 98, ""three_terminal_role"": ""orthogonal_pair_terminal"", ""three_terminal_orientation"": ""right"", ""three_terminal_pair_bias"": ""opposite_side"", ""three_terminal_pair_bias_debug"": {""top"": {""local_score"": 122.5, ""point_mode"": ""side_peak_outside"", ""scan_axis"": ""x"", ""relative_position"": ""top"", ""scan_start"": 355, ""scan_end"": 413, ""scan_margin"": 10, ""probe_halfspan"": 6, ""probe_out_len"": 12, ""probe_inset"": 1, ""peak_coord"": 364, ""anchor_offset_ratio"": 0.1069, ""max_score"": 98, ""keep_threshold"": 83, ""selected_run_start"": 5, ""selected_run_end"": 13, ""selected_run_length"": 9, ""selected_run_score"": 98}, ""bottom"": {""local_score"": 122.5, ""point_mode"": ""side_peak_outside"", ""scan_axis"": ""x"", ""relative_position"": ""bottom"", ""scan_start"": 355, ""scan_end"": 413, ""scan_margin"": 10, ""probe_halfspan"": 6, ""probe_out_len"": 12, ""probe_inset"": 1, ""peak_coord"": 364, ""anchor_offset_ratio"": 0.1069, ""max_score"": 98, ""keep_threshold"": 83, ""selected_run_start"": 5, ""selected_run_end"": 13, ""selected_run_length"": 9, ""selected_run_score"": 98}}}",three_terminal_structured,,,364.0,511.0
,,,,,,16,Mosfet,component:9:16.2,,,,,9,S,16.2:S,,right,,,,,,,16.2,,False,16.2:S,ok,0.0,matched_preferred,[],N3,,3,False,,,,,,,,,,terminal:9:16.2:t3,Terminal,,,False,N3,3,bottom,directional,directional_primary,"[358, 670, 371, 694]",0.2698,,,,mosfet_gate_with_optional_source_drain,,arrow_branch,16.2:S,S,364,675,,,,16.2:t3,t3,"{""point_mode"": ""three_terminal_structured"", ""scan_axis"": ""x"", ""relative_position"": ""bottom"", ""scan_start"": 355, ""scan_end"": 413, ""scan_margin"": 10, ""probe_halfspan"": 6, ""probe_out_len"": 12, ""probe_inset"": 1, ""peak_coord"": 364, ""anchor_offset_ratio"": 0.1069, ""max_score"": 98, ""keep_threshold"": 83, ""selected_run_start"": 5, ""selected_run_end"": 13, ""selected_run_length"": 9, ""selected_run_score"": 98, ""three_terminal_role"": ""orthogonal_pair_terminal"", ""three_terminal_orientation"": ""right"", ""three_terminal_pair_bias"": ""opposite_side"", ""three_terminal_pair_bias_debug"": {""top"": {""local_score"": 122.5, ""point_mode"": ""side_peak_outside"", ""scan_axis"": ""x"", ""relative_position"": ""top"", ""scan_start"": 355, ""scan_end"": 413, ""scan_margin"": 10, ""probe_halfspan"": 6, ""probe_out_len"": 12, ""probe_inset"": 1, ""peak_coord"": 364, ""anchor_offset_ratio"": 0.1069, ""max_score"": 98, ""keep_threshold"": 83, ""selected_run_start"": 5, ""selected_run_end"": 13, ""selected_run_length"": 9, ""selected_run_score"": 98}, ""bottom"": {""local_score"": 122.5, ""point_mode"": ""side_peak_outside"", ""scan_axis"": ""x"", ""relative_position"": ""bottom"", ""scan_start"": 355, ""scan_end"": 413, ""scan_margin"": 10, ""probe_halfspan"": 6, ""probe_out_len"": 12, ""probe_inset"": 1, ""peak_coord"": 364, ""anchor_offset_ratio"": 0.1069, ""max_score"": 98, ""keep_threshold"": 83, ""selected_run_start"": 5, ""selected_run_end"": 13, ""selected_run_length"": 9, ""selected_run_score"": 98}}}",three_terminal_structured,,,364.0,675.0
,,,,,,16,Mosfet,component:9:16.3,,,,,9,G,16.3:G,,left,,,,,,,16.3,,False,16.3:G,ok,1.0,matched_preferred,[],N6,,6,False,,,,,,,,,,terminal:9:16.3:t1,Terminal,,,False,N6,6,left,directional,directional_primary,"[670, 582, 694, 595]",1.0,,,,mosfet_gate_with_optional_source_drain,,single_side,16.3:G,G,688,587,,,,16.3:t1,t1,"{""point_mode"": ""three_terminal_structured"", ""scan_axis"": ""y"", ""relative_position"": ""left"", ""scan_start"": 550, ""scan_end"": 627, ""scan_margin"": 12, ""probe_halfspan"": 6, ""probe_out_len"": 12, ""probe_inset"": 1, ""peak_coord"": 588, ""anchor_offset_ratio"": 0.4967, ""max_score"": 112, ""keep_threshold"": 95, ""selected_run_start"": 34, ""selected_run_end"": 41, ""selected_run_length"": 8, ""selected_run_score"": 112, ""three_terminal_role"": ""single_side_terminal"", ""three_terminal_orientation"": ""left""}",three_terminal_structured,,,688.0,588.0
,,,,,,16,Mosfet,component:9:16.3,,,,,9,D,16.3:D,,left,,,,,,,16.3,,False,16.3:D,ok,0.0,matched_preferred,[],N7,,7,False,,,,,,,,,,terminal:9:16.3:t2,Terminal,,,False,N7,7,top,directional,directional_primary,"[796, 490, 809, 514]",0.298,,,,mosfet_gate_with_optional_source_drain,,other_branch,16.3:D,D,802,508,,,,16.3:t2,t2,"{""point_mode"": ""three_terminal_structured"", ""scan_axis"": ""x"", ""relative_position"": ""top"", ""scan_start"": 758, ""scan_end"": 814, ""scan_margin"": 10, ""probe_halfspan"": 6, ""probe_out_len"": 12, ""probe_inset"": 1, ""peak_coord"": 802, ""anchor_offset_ratio"": 0.8661, ""max_score"": 56, ""keep_threshold"": 48, ""selected_run_start"": 40, ""selected_run_end"": 49, ""selected_run_length"": 10, ""selected_run_score"": 56, ""three_terminal_role"": ""orthogonal_pair_terminal"", ""three_terminal_orientation"": ""left"", ""three_terminal_pair_bias"": ""opposite_side"", ""three_terminal_pair_bias_debug"": {""top"": {""local_score"": 70.0, ""point_mode"": ""side_peak_outside"", ""scan_axis"": ""x"", ""relative_position"": ""top"", ""scan_start"": 758, ""scan_end"": 814, ""scan_margin"": 10, ""probe_halfspan"": 6, ""probe_out_len"": 12, ""probe_inset"": 1, ""peak_coord"": 802, ""anchor_offset_ratio"": 0.8661, ""max_score"": 56, ""keep_threshold"": 48, ""selected_run_start"": 40, ""selected_run_end"": 49, ""selected_run_length"": 10, ""selected_run_score"": 56}, ""bottom"": {""local_score"": 70.0, ""point_mode"": ""side_peak_outside"", ""scan_axis"": ""x"", ""relative_position"": ""bottom"", ""scan_start"": 758, ""scan_end"": 814, ""scan_margin"": 10, ""probe_halfspan"": 6, ""probe_out_len"": 12, ""probe_inset"": 1, ""peak_coord"": 802, ""anchor_offset_ratio"": 0.8661, ""max_score"": 56, ""keep_threshold"": 48, ""selected_run_start"": 40, ""selected_run_end"": 49, ""selected_run_length"": 10, ""selected_run_score"": 56}}}",three_terminal_structured,,,802.0,508.0
,,,,,,16,Mosfet,component:9:16.3,,,,,9,S,16.3:S,,left,,,,,,,16.3,,False,16.3:S,ok,0.0,matched_preferred,[],N8,,8,False,,,,,,,,,,terminal:9:16.3:t3,Terminal,,,False,N8,8,bottom,directional,directional_primary,"[796, 664, 809, 688]",0.298,,,,mosfet_gate_with_optional_source_drain,,arrow_branch,16.3:S,S,802,669,,,,16.3:t3,t3,"{""point_mode"": ""three_terminal_structured"", ""scan_axis"": ""x"", ""relative_position"": ""bottom"", ""scan_start"": 758, ""scan_end"": 814, ""scan_margin"": 10, ""probe_halfspan"": 6, ""probe_out_len"": 12, ""probe_inset"": 1, ""peak_coord"": 802, ""anchor_offset_ratio"": 0.8661, ""max_score"": 56, ""keep_threshold"": 48, ""selected_run_start"": 40, ""selected_run_end"": 49, ""selected_run_length"": 10, ""selected_run_score"": 56, ""three_terminal_role"": ""orthogonal_pair_terminal"", ""three_terminal_orientation"": ""left"", ""three_terminal_pair_bias"": ""opposite_side"", ""three_terminal_pair_bias_debug"": {""top"": {""local_score"": 70.0, ""point_mode"": ""side_peak_outside"", ""scan_axis"": ""x"", ""relative_position"": ""top"", ""scan_start"": 758, ""scan_end"": 814, ""scan_margin"": 10, ""probe_halfspan"": 6, ""probe_out_len"": 12, ""probe_inset"": 1, ""peak_coord"": 802, ""anchor_offset_ratio"": 0.8661, ""max_score"": 56, ""keep_threshold"": 48, ""selected_run_start"": 40, ""selected_run_end"": 49, ""selected_run_length"": 10, ""selected_run_score"": 56}, ""bottom"": {""local_score"": 70.0, ""point_mode"": ""side_peak_outside"", ""scan_axis"": ""x"", ""relative_position"": ""bottom"", ""scan_start"": 758, ""scan_end"": 814, ""scan_margin"": 10, ""probe_halfspan"": 6, ""probe_out_len"": 12, ""probe_inset"": 1, ""peak_coord"": 802, ""anchor_offset_ratio"": 0.8661, ""max_score"": 56, ""keep_threshold"": 48, ""selected_run_start"": 40, ""selected_run_end"": 49, ""selected_run_length"": 10, ""selected_run_score"": 56}}}",three_terminal_structured,,,802.0,669.0
,,,,,,16,Mosfet,component:9:16.4,,,,,9,G,16.4:G,,left,,,,,,,16.4,,False,16.4:G,ok,0.0,matched_preferred,[],N6,,6,False,,,,,,,,,,terminal:9:16.4:t1,Terminal,,,False,N6,6,left,directional,directional_primary,"[667, 790, 691, 803]",1.0,,,,mosfet_gate_with_optional_source_drain,,single_side,16.4:G,G,685,796,,,,16.4:t1,t1,"{""point_mode"": ""three_terminal_structured"", ""scan_axis"": ""y"", ""relative_position"": ""left"", ""scan_start"": 760, ""scan_end"": 837, ""scan_margin"": 12, ""probe_halfspan"": 6, ""probe_out_len"": 12, ""probe_inset"": 1, ""peak_coord"": 796, ""anchor_offset_ratio"": 0.4837, ""max_score"": 56, ""keep_threshold"": 48, ""selected_run_start"": 32, ""selected_run_end"": 41, ""selected_run_length"": 10, ""selected_run_score"": 56, ""three_terminal_role"": ""single_side_terminal"", ""three_terminal_orientation"": ""left""}",three_terminal_structured,,,685.0,796.0
,,,,,,16,Mosfet,component:9:16.4,,,,,9,D,16.4:D,,left,,,,,,,16.4,,False,16.4:D,ok,0.0,matched_preferred,[],N8,,8,False,,,,,,,,,,terminal:9:16.4:t2,Terminal,,,False,N8,8,top,directional,directional_primary,"[796, 700, 809, 724]",0.3539,,,,mosfet_gate_with_optional_source_drain,,other_branch,16.4:D,D,802,718,,,,16.4:t2,t2,"{""point_mode"": ""three_terminal_structured"", ""scan_axis"": ""x"", ""relative_position"": ""top"", ""scan_start"": 760, ""scan_end"": 820, ""scan_margin"": 11, ""probe_halfspan"": 6, ""probe_out_len"": 12, ""probe_inset"": 1, ""peak_coord"": 802, ""anchor_offset_ratio"": 0.8309, ""max_score"": 56, ""keep_threshold"": 48, ""selected_run_start"": 38, ""selected_run_end"": 47, ""selected_run_length"": 10, ""selected_run_score"": 56, ""three_terminal_role"": ""orthogonal_pair_terminal"", ""three_terminal_orientation"": ""left"", ""three_terminal_pair_bias"": ""opposite_side"", ""three_terminal_pair_bias_debug"": {""top"": {""local_score"": 70.0, ""point_mode"": ""side_peak_outside"", ""scan_axis"": ""x"", ""relative_position"": ""top"", ""scan_start"": 760, ""scan_end"": 820, ""scan_margin"": 11, ""probe_halfspan"": 6, ""probe_out_len"": 12, ""probe_inset"": 1, ""peak_coord"": 802, ""anchor_offset_ratio"": 0.8309, ""max_score"": 56, ""keep_threshold"": 48, ""selected_run_start"": 38, ""selected_run_end"": 47, ""selected_run_length"": 10, ""selected_run_score"": 56}, ""bottom"": {""local_score"": 70.0, ""point_mode"": ""side_peak_outside"", ""scan_axis"": ""x"", ""relative_position"": ""bottom"", ""scan_start"": 760, ""scan_end"": 820, ""scan_margin"": 11, ""probe_halfspan"": 6, ""probe_out_len"": 12, ""probe_inset"": 1, ""peak_coord"": 802, ""anchor_offset_ratio"": 0.8309, ""max_score"": 56, ""keep_threshold"": 48, ""selected_run_start"": 38, ""selected_run_end"": 47, ""selected_run_length"": 10, ""selected_run_score"": 56}}}",three_terminal_structured,,,802.0,718.0
,,,,,,16,Mosfet,component:9:16.4,,,,,9,S,16.4:S,,left,,,,,,,16.4,,False,16.4:S,ok,0.0,matched_preferred,[],N9,,9,False,,,,,,,,,,terminal:9:16.4:t3,Terminal,,,False,N9,9,bottom,directional,directional_primary,"[796, 874, 809, 898]",0.3539,,,,mosfet_gate_with_optional_source_drain,,arrow_branch,16.4:S,S,802,879,,,,16.4:t3,t3,"{""point_mode"": ""three_terminal_structured"", ""scan_axis"": ""x"", ""relative_position"": ""bottom"", ""scan_start"": 760, ""scan_end"": 820, ""scan_margin"": 11, ""probe_halfspan"": 6, ""probe_out_len"": 12, ""probe_inset"": 1, ""peak_coord"": 802, ""anchor_offset_ratio"": 0.8309, ""max_score"": 56, ""keep_threshold"": 48, ""selected_run_start"": 38, ""selected_run_end"": 47, ""selected_run_length"": 10, ""selected_run_score"": 56, ""three_terminal_role"": ""orthogonal_pair_terminal"", ""three_terminal_orientation"": ""left"", ""three_terminal_pair_bias"": ""opposite_side"", ""three_terminal_pair_bias_debug"": {""top"": {""local_score"": 70.0, ""point_mode"": ""side_peak_outside"", ""scan_axis"": ""x"", ""relative_position"": ""top"", ""scan_start"": 760, ""scan_end"": 820, ""scan_margin"": 11, ""probe_halfspan"": 6, ""probe_out_len"": 12, ""probe_inset"": 1, ""peak_coord"": 802, ""anchor_offset_ratio"": 0.8309, ""max_score"": 56, ""keep_threshold"": 48, ""selected_run_start"": 38, ""selected_run_end"": 47, ""selected_run_length"": 10, ""selected_run_score"": 56}, ""bottom"": {""local_score"": 70.0, ""point_mode"": ""side_peak_outside"", ""scan_axis"": ""x"", ""relative_position"": ""bottom"", ""scan_start"": 760, ""scan_end"": 820, ""scan_margin"": 11, ""probe_halfspan"": 6, ""probe_out_len"": 12, ""probe_inset"": 1, ""peak_coord"": 802, ""anchor_offset_ratio"": 0.8309, ""max_score"": 56, ""keep_threshold"": 48, ""selected_run_start"": 38, ""selected_run_end"": 47, ""selected_run_length"": 10, ""selected_run_score"": 56}}}",three_terminal_structured,,,802.0,879.0
,,,,,,9,GND,component:9:9.3,,,,,9,t1,9.3:t1,top,up,,,,,,,9.3,,False,9.3:t1,ok,0.0,matched_preferred,[],N9,,9,False,,,,,,,,,,terminal:9:9.3:t1,Terminal,,,False,N9,9,top,directional,directional_primary,"[796, 915, 809, 939]",,,,,,,,,,802,933,,,,9.3:t1,t1,"{""point_mode"": ""one_terminal_axis_center"", ""anchor_offset_ratio"": 0.5}",two_terminal_side_peak,,,802.27,932.94
218,219,847,950,,,,,,,"[""negative""]","[""2.1:negative"", ""9.1:t1""]","[""2.1:t2"", ""9.1:t1""]",9,,,,,,,,,,,,False,,N1,,,,,,,,,[20],,2,,,,,N1,1,net:9:N1,Net,104,,,,,,,,,,,,,,,,,,,,,20,,,,,,,,,
218,353,587,665,,,,,,,"[""positive""]","[""2.1:positive""]","[""2.1:t1""]",9,,,,,,,,,,,,False,,N2,,,,,,,,,[13],,1,,,,,N2,2,net:9:N2,Net,210,,,,,,,,,,,,,,,,,,,,,13,,,,,,,,,
364,364,662,735,,,,,,,"[""D"", ""S""]","[""16.1:D"", ""16.2:S""]","[""16.1:t2"", ""16.2:t3""]",9,,,,,,,,,,,,False,,N3,,,,,,,,,[16],,2,,,,,N3,3,net:9:N3,Net,74,,,,,,,,,,,,,,,,,,,,,16,,,,,,,,,
364,366,866,949,,,,,,,"[""S""]","[""16.1:S"", ""9.2:t1""]","[""16.1:t3"", ""9.2:t1""]",9,,,,,,,,,,,,False,,N4,,,,,,,,,[22],,2,,,,,N4,4,net:9:N4,Net,84,,,,,,,,,,,,,,,,,,,,,22,,,,,,,,,
339,479,41,184,,,,,,,"[""current_from""]","[""6.1:current_from""]","[""6.1:t1""]",9,,,,,,,,,,,,False,,N5,,,,,,,,,[1],,1,,,,,N5,5,net:9:N5,Net,466,,,,,,,,,,,,,,,,,,,,,1,,,,,,,,,
352,702,352,796,,,,,,,"[""G"", ""G"", ""D"", ""G"", ""G"", ""current_to""]","[""16.1:G"", ""16.2:G"", ""16.2:D"", ""16.3:G"", ""16.4:G"", ""6.1:current_to""]","[""16.1:t1"", ""16.2:t1"", ""16.2:t2"", ""16.3:t1"", ""16.4:t1"", ""6.1:t2""]",9,,,,,,,,,,,,False,,N6,,,,,,,,,[9],,6,,,,,N6,6,net:9:N6,Net,1248,,,,,,,,,,,,,,,,,,,,,9,,,,,,,,,
802,803,396,523,,,,,,,"[""D""]","[""16.3:D""]","[""16.3:t2""]",9,,,,,,,,,,,,False,,N7,,,,,,,,,[10],,1,,,,,N7,7,net:9:N7,Net,128,,,,,,,,,,,,,,,,,,,,,10,,,,,,,,,
802,803,652,733,,,,,,,"[""S"", ""D""]","[""16.3:S"", ""16.4:D""]","[""16.3:t3"", ""16.4:t2""]",9,,,,,,,,,,,,False,,N8,,,,,,,,,[14],,2,,,,,N8,8,net:9:N8,Net,82,,,,,,,,,,,,,,,,,,,,,14,,,,,,,,,
802,803,862,948,,,,,,,"[""S""]","[""16.4:S"", ""9.3:t1""]","[""16.4:t3"", ""9.3:t1""]",9,,,,,,,,,,,,False,,N9,,,,,,,,,[21],,2,,,,,N9,9,net:9:N9,Net,87,,,,,,,,,,,,,,,,,,,,,21,,,,,,,,,
