time,v(N001),v(N002),v(N003),v(N004),v(N005),v(N006),v(N007),v(N009),v(N010),@ddiode7_1[id]
0.0,0.0,9.0,0.0,-1.22428978e-16,0.660106,1.28188074,8.99999914,0.0,0.0,1.69058345e-28
1e-08,5.95998614e-18,9.0,-0.000173625635,1.57079632e-07,0.660106314,1.28186664,8.99999914,-0.000173626621,-1.41071322e-05,-2.17810218e-19
1.06212158e-08,6.35322807e-18,9.0,-0.000185077216,1.66837668e-07,0.660106334,1.28186571,8.99999914,-0.000185078268,-1.50375764e-05,-2.31340921e-19
1.18636475e-08,7.18570406e-18,9.0,-0.000209267191,1.86353739e-07,0.660106373,1.28186374,8.99999914,-0.000209268382,-1.70030188e-05,-2.58402324e-19
1.43485108e-08,9.12655651e-18,9.0,-0.000264827578,2.25385881e-07,0.660106451,1.28185923,8.99999914,-0.000264829104,-2.1517317e-05,-3.12525112e-19
1.93182375e-08,1.41112259e-17,9.0,-0.000399914267,3.03450164e-07,0.660106607,1.28184825,8.99999914,-0.000399916731,-3.24931574e-05,-4.20770619e-19
2.92576908e-08,2.84853995e-17,9.0,-0.000737881234,4.5957873e-07,0.660106919,1.28182079,8.99999914,-0.000737886911,-5.99531341e-05,-6.37261359e-19
4.91365975e-08,7.4766526e-17,9.0,-0.0015563296,7.71835856e-07,0.660107544,1.28175429,8.99999914,-0.00155634823,-0.000126452712,-1.07024174e-18
8.61100364e-08,2.22064502e-16,9.0,-0.00324267205,1.35261322e-06,0.660108705,1.28161726,8.99999914,-0.00324274109,-0.000263470556,-1.8755524e-18
1.60056914e-07,7.42440258e-16,9.0,-0.00669121524,2.51416771e-06,0.660111028,1.28133702,8.99999914,-0.00669149297,-0.000543675125,-3.48615826e-18
3.0795067e-07,2.50790813e-15,9.0,-0.0135806403,4.83727479e-06,0.660115675,1.28077707,8.99999914,-0.0135817697,-0.00110348349,-6.70730688e-18
6.03738181e-07,6.9385592e-15,9.0,-0.0273627886,9.48347443e-06,0.660124967,1.2796565,8.99999914,-0.0273673586,-0.00222345507,-1.3149342e-17
1.1953132e-06,8.9755767e-15,9.0,-0.0549220726,1.87757594e-05,0.660143552,1.27741425,8.99999914,-0.0549404714,-0.00446333834,-2.60322861e-17
2.1953132e-06,6.4227263e-16,9.0,-0.101507507,3.44828057e-05,0.660174966,1.27361933,8.99999914,-0.101570346,-0.00825062692,-4.7805806e-17
3.1953132e-06,4.86549484e-15,9.0,-0.148108056,5.01884906e-05,0.660206377,1.26981732,8.99999914,-0.148241809,-0.0120404672,-6.95737564e-17
4.1953132e-06,8.85483001e-15,9.0,-0.194710542,6.58921943e-05,0.660237784,1.26600927,8.99999914,-0.194941686,-0.0158317887,-9.13352814e-17
5.1953132e-06,5.27798941e-16,9.0,-0.241308387,8.15932966e-05,0.660269187,1.26219573,8.99999914,-0.241663401,-0.0196240571,-1.13089526e-16
6.1953132e-06,5.08977638e-15,9.0,-0.287904195,9.72911777e-05,0.660300582,1.25837648,8.99999914,-0.288409553,-0.0234174837,-1.34835635e-16
7.1953132e-06,8.72344127e-15,9.0,-0.334491955,0.000112985218,0.66033197,1.254552,8.99999914,-0.33517413,-0.0272115801,-1.56572754e-16
8.1953132e-06,4.21417457e-16,9.0,-0.381073715,0.000128674798,0.66036335,1.25072214,8.99999914,-0.381959175,-0.0310065123,-1.78300032e-16
9.1953132e-06,5.31166372e-15,9.0,-0.427643961,0.000144359298,0.660394719,1.24688734,8.99999913,-0.428759171,-0.0348018324,-2.00016616e-16
1.01953132e-05,8.58130484e-15,9.0,-0.474204254,0.000160038099,0.660426076,1.24304746,8.99999913,-0.475575671,-0.0385976665,-2.21721654e-16
1.11953132e-05,3.23363117e-16,9.0,-0.520749517,0.000175710581,0.660457421,1.23920293,8.99999913,-0.522403591,-0.0423936019,-2.43414296e-16
1.21953132e-05,5.53063633e-15,9.0,-0.567280878,0.000191376127,0.660488752,1.23535365,8.99999913,-0.569244052,-0.04618973,-2.65093692e-16
1.31953132e-05,8.42873566e-15,9.0,-0.613793645,0.000207034118,0.660520068,1.23150001,8.99999913,-0.616092351,-0.049985669,-2.86758994e-16
1.41953132e-05,2.33848428e-16,9.0,-0.660288566,0.000222683936,0.660551368,1.22764194,8.99999913,-0.662949227,-0.053781479,-3.08409354e-16
1.51953132e-05,5.74617707e-15,9.0,-0.706761284,0.000238324962,0.66058265,1.2237798,8.99999913,-0.709810312,-0.0575768057,-3.30043926e-16
1.61953132e-05,8.26606929e-15,9.0,-0.753212213,0.00025395658,0.660613913,1.21991355,8.99999913,-0.756676005,-0.0613716819,-3.51661863e-16
1.71953132e-05,1.53062975e-16,9.0,-0.799637289,0.000269578172,0.660645156,1.21604353,8.99999913,-0.803542232,-0.0651657769,-3.73262322e-16
1.81953132e-05,5.9577734e-15,9.0,-0.846036631,0.000285189121,0.660676378,1.21216974,8.99999913,-0.850409095,-0.0689590995,-3.9484446e-16
1.91953132e-05,8.09366124e-15,9.0,-0.892406434,0.000300788812,0.660707578,1.20829247,8.99999913,-0.897272774,-0.0727513397,-4.16407432e-16
2.01953132e-05,8.11730008e-17,9.0,-0.938746555,0.000316376628,0.660738753,1.20441175,8.99999913,-0.944133109,-0.0765424853,-4.379504e-16
2.11953132e-05,6.16491858e-15,9.0,-0.985053415,0.000331951954,0.660769904,1.20052787,8.99999913,-0.990986503,-0.0803322444,-4.59472522e-16
2.21953132e-05,7.91188613e-15,9.0,-1.03132664,0.000347514175,0.660801028,1.19664085,8.99999913,-1.03783257,-0.0841205859,-4.80972961e-16
2.31953132e-05,1.83210287e-17,9.0,-1.07756285,0.000363062677,0.660832125,1.19275099,8.99999913,-1.08466789,-0.0879072339,-5.02450878e-16
2.41953132e-05,6.36711279e-15,9.0,-1.12376148,0.000378596846,0.660863194,1.18885832,8.99999913,-1.13149189,-0.0916921408,-5.23905437e-16
2.51953132e-05,7.72113681e-15,9.0,-1.1699193,0.000394116068,0.660894232,1.18496312,8.99999913,-1.17830133,-0.0954750447,-5.45335805e-16
2.61953132e-05,-3.53744531e-17,9.0,-1.21603557,0.000409619731,0.660925239,1.18106544,8.99999913,-1.22509543,-0.0992558832,-5.66741147e-16
2.71953132e-05,6.56386436e-15,9.0,-1.26210723,0.000425107224,0.660956214,1.17716554,8.99999913,-1.27187111,-0.103034406,-5.88120631e-16
2.81953132e-05,7.52182351e-15,9.0,-1.30813337,0.000440577934,0.660987156,1.1732635,8.99999913,-1.31862743,-0.106810539,-6.09473426e-16
2.91953132e-05,-7.98192531e-17,9.0,-1.35411106,0.00045603125,0.661018063,1.16935956,8.99999913,-1.36536144,-0.110584043,-6.30798704e-16
3.01953132e-05,6.75469086e-15,9.0,-1.40003926,0.000471466563,0.661048933,1.16545381,8.99999913,-1.41207206,-0.11435483,-6.52095637e-16
3.11953132e-05,7.31437291e-15,9.0,-1.44591514,0.000486883264,0.661079767,1.16154648,8.99999913,-1.45875646,-0.118122671,-6.73363398e-16
3.21953132e-05,-1.14943679e-16,9.0,-1.49173755,0.000502280743,0.661110561,1.15763768,8.99999913,-1.50541342,-0.121887469,-6.94601162e-16
3.31953132e-05,6.93912025e-15,9.0,-1.53750376,0.000517658393,0.661141317,1.15372762,8.99999913,-1.55204021,-0.125649003,-7.15808108e-16
3.41953132e-05,7.09922713e-15,9.0,-1.58321249,0.000533015607,0.661172031,1.14981643,8.99999913,-1.59863552,-0.129407166,-7.36983412e-16
3.51953132e-05,-1.40702686e-16,9.0,-1.62886113,0.000548351778,0.661202704,1.14590431,8.99999912,-1.64519668,-0.133161744,-7.58126255e-16
3.61953132e-05,7.11669194e-15,9.0,-1.6744483,0.000563666301,0.661233333,1.14199138,8.99999912,-1.69172229,-0.136912624,-7.7923582e-16
3.71953132e-05,6.87684276e-15,9.0,-1.71997145,0.000578958572,0.661263917,1.13807787,8.99999912,-1.73820976,-0.140659596,-8.00311288e-16
3.81953132e-05,-1.57075963e-16,9.0,-1.76542913,0.000594227986,0.661294456,1.13416389,8.99999912,-1.78465761,-0.144402541,-8.21351846e-16
3.91953132e-05,7.28695793e-15,9.0,-1.81081884,0.000609473941,0.661324948,1.13024965,8.99999912,-1.8310633,-0.148141254,-8.42356681e-16
4.01953132e-05,6.64768985e-15,9.0,-1.85613906,0.000624695836,0.661355392,1.12633528,8.99999912,-1.87742527,-0.151875609,-8.6332498e-16
4.11953132e-05,-1.64067964e-16,9.0,-1.90138737,0.000639893068,0.661385786,1.12242099,8.99999912,-1.92374106,-0.155605408,-8.84255934e-16
4.21953132e-05,7.44948379e-15,9.0,-1.94656216,0.000655065038,0.66141613,1.11850692,8.99999912,-1.97000902,-0.159330519,-9.05148736e-16
4.31953132e-05,6.41225079e-15,9.0,-1.99166107,0.000670211148,0.661446422,1.11459327,8.99999912,-2.01622674,-0.163050745,-9.2600258e-16
4.41953132e-05,-1.61707883e-16,9.0,-2.03668244,0.000685330799,0.661476662,1.11068017,8.99999912,-2.06239253,-0.166765953,-9.46816662e-16
4.51953132e-05,7.60384972e-15,9.0,-2.08162394,0.000700423394,0.661506847,1.10676783,8.99999912,-2.108504,-0.170475948,-9.67590179e-16
4.61953132e-05,6.17101925e-15,9.0,-2.12648387,0.000715488337,0.661536977,1.10285639,8.99999912,-2.15455941,-0.174180591,-9.88322331e-16
4.71953132e-05,-1.50049566e-16,9.0,-2.17125993,0.000730525035,0.66156705,1.09894605,8.99999912,-2.20055642,-0.177879694,-1.00901232e-15
4.81953132e-05,7.7496515e-15,9.0,-2.21595038,0.000745532892,0.661597066,1.09503696,8.99999912,-2.24649324,-0.181573111,-1.02965935e-15
4.91953132e-05,5.92449908e-15,9.0,-2.26055296,0.000760511317,0.661627023,1.09112932,8.99999912,-2.29236755,-0.185260658,-1.05026263e-15
5.01953132e-05,-1.29171367e-16,9.0,-2.30506588,0.000775459719,0.661656919,1.08722327,8.99999912,-2.33817753,-0.188942185,-1.07082136e-15
5.11953132e-05,7.88650147e-15,9.0,-2.34948692,0.000790377506,0.661686755,1.08331901,8.99999912,-2.38392088,-0.19261751,-1.09133476e-15
5.21953132e-05,5.67320314e-15,9.0,-2.39381425,0.000805264091,0.661716528,1.07941669,8.99999912,-2.42959574,-0.196286482,-1.11180204e-15
5.31953132e-05,-9.91759514e-17,9.0,-2.43804567,0.000820118886,0.661746238,1.07551651,8.99999912,-2.47519985,-0.199948919,-1.1322224e-15
5.41953132e-05,8.01402943e-15,9.0,-2.48217933,0.000834941303,0.661775883,1.07161863,8.99999912,-2.5207313,-0.203604669,-1.15259508e-15
5.51953132e-05,5.41765216e-15,9.0,-2.52621306,0.000849730759,0.661805462,1.06772323,8.99999912,-2.56618786,-0.207253551,-1.17291927e-15
5.61953132e-05,-6.01900359e-17,9.0,-2.57014497,0.000864486668,0.661834973,1.06383049,8.99999912,-2.6115676,-0.21089541,-1.19319422e-15
5.71953132e-05,8.13188349e-15,9.0,-2.6139729,0.000879208449,0.661864417,1.05994057,8.99999912,-2.65686829,-0.214530068,-1.21341914e-15
5.81953132e-05,5.15837357e-15,9.0,-2.65769496,0.000893895521,0.661893791,1.05605366,8.99999912,-2.70208799,-0.218157367,-1.23359325e-15
5.91953132e-05,-1.23640751e-17,9.0,-2.701309,0.000908547303,0.661923095,1.05216994,8.99999912,-2.74722447,-0.22177713,-1.25371578e-15
6.01953132e-05,8.23973094e-15,9.0,-2.74481312,0.000923163217,0.661952326,1.04828957,8.99999911,-2.79227578,-0.225389199,-1.27378597e-15
6.11953132e-05,4.89590031e-15,9.0,-2.78820516,0.000937742686,0.661981485,1.04441274,8.99999911,-2.83723971,-0.228993397,-1.29380304e-15
6.21953132e-05,4.4128108e-17,9.0,-2.83148323,0.000952285135,0.66201057,1.04053962,8.99999911,-2.88211428,-0.232589565,-1.31376624e-15
6.31953132e-05,8.33725901e-15,9.0,-2.87464518,0.000966789989,0.66203958,1.0366704,8.99999911,-2.92689729,-0.236177526,-1.33367478e-15
6.41953132e-05,4.63076959e-15,9.0,-2.91768908,0.000981256676,0.662068513,1.03280525,8.99999911,-2.97158674,-0.239757121,-1.35352793e-15
6.51953132e-05,1.09089745e-16,9.0,-2.96061282,0.000995684624,0.662097369,1.02894434,8.99999911,-3.01618045,-0.243328174,-1.37332491e-15
6.61953132e-05,8.42417562e-15,9.0,-3.00341446,0.00101007326,0.662126147,1.02508786,8.99999911,-3.06067642,-0.246890523,-1.39306498e-15
6.71953132e-05,4.36352176e-15,9.0,-3.0460919,0.00102442203,0.662154844,1.02123599,8.99999911,-3.10507246,-0.250443995,-1.41274737e-15
6.81953132e-05,1.82301602e-16,9.0,-3.08864317,0.00103873035,0.662183461,1.0173889,8.99999911,-3.14936655,-0.253988427,-1.43237135e-15
6.91953132e-05,8.5002101e-15,9.0,-3.13106619,0.00105299767,0.662211995,1.01354677,8.99999911,-3.19355654,-0.257523645,-1.45193615e-15
7.01953132e-05,4.09469901e-15,9.0,-3.17335899,0.00106722341,0.662240447,1.00970979,8.99999911,-3.23764037,-0.261049487,-1.47144105e-15
7.11953132e-05,2.63522507e-16,9.0,-3.2155195,0.00108140702,0.662268814,1.00587813,8.99999911,-3.2816159,-0.264565779,-1.49088528e-15
7.21953132e-05,8.5651138e-15,9.0,-3.25754574,0.00109554794,0.662297096,1.00205196,8.99999911,-3.32548108,-0.268072359,-1.51026812e-15
7.31953132e-05,3.82484422e-15,9.0,-3.29943565,0.00110964561,0.662325291,0.998231485,8.99999911,-3.36923377,-0.271569053,-1.52958882e-15
7.41953132e-05,3.52489934e-16,9.0,-3.34118725,0.00112369948,0.662353399,0.994416865,8.99999911,-3.41287191,-0.275055697,-1.54884665e-15
7.51953132e-05,8.61866071e-15,9.0,-3.38279848,0.00113770898,0.662381418,0.990608289,8.99999911,-3.45639337,-0.278532121,-1.56804088e-15
7.61953132e-05,3.55449969e-15,9.0,-3.42426736,0.00115167356,0.662409347,0.986805933,8.99999911,-3.49979607,-0.281998159,-1.58717078e-15
7.71953132e-05,4.48920635e-16,9.0,-3.46559185,0.00116559268,0.662437185,0.98300998,8.99999911,-3.54307791,-0.285453641,-1.60623562e-15
7.81953132e-05,8.66064801e-15,9.0,-3.50676996,0.00117946579,0.662464932,0.979220608,8.99999911,-3.5862368,-0.288898401,-1.62523468e-15
7.91953132e-05,3.28420596e-15,9.0,-3.54779964,0.00119329233,0.662492585,0.975438001,8.99999911,-3.62927062,-0.29233227,-1.64416724e-15
8.01953132e-05,5.5251132e-16,9.0,-3.58867893,0.00120707176,0.662520144,0.971662336,8.99999911,-3.67217732,-0.295755083,-1.66303257e-15
8.11953132e-05,8.69089658e-15,9.0,-3.62940579,0.00122080354,0.662547607,0.967893796,8.99999911,-3.71495477,-0.299166669,-1.68182997e-15
8.21953132e-05,3.01450057e-15,9.0,-3.66997823,0.00123448713,0.662574974,0.964132561,8.99999911,-3.7576009,-0.302566864,-1.70055872e-15
8.31953132e-05,6.62939383e-16,9.0,-3.71039423,0.00124812197,0.662602244,0.960378812,8.99999911,-3.8001136,-0.3059555,-1.71921812e-15
8.41953132e-05,8.7092514e-15,9.0,-3.75065182,0.00126170755,0.662629415,0.95663273,8.99999911,-3.8424908,-0.309332409,-1.73780744e-15
8.51953132e-05,2.74591688e-15,9.0,-3.79074898,0.00127524331,0.662656487,0.952894496,8.99999911,-3.8847304,-0.312697426,-1.756326e-15
8.61953132e-05,7.79863677e-16,9.0,-3.83068373,0.00128872873,0.662683457,0.949164289,8.9999991,-3.92683034,-0.316050383,-1.77477309e-15
8.71953132e-05,8.71558198e-15,9.0,-3.87045407,0.00130216328,0.662710327,0.945442293,8.9999991,-3.9687885,-0.319391115,-1.79314801e-15
8.81953132e-05,2.47898285e-15,9.0,-3.91005803,0.00131554641,0.662737093,0.941728686,8.9999991,-4.01060283,-0.322719455,-1.81145007e-15
8.91953132e-05,9.02925331e-16,9.0,-3.94949361,0.00132887761,0.662763755,0.938023652,8.9999991,-4.05227123,-0.326035237,-1.82967858e-15
9.01953132e-05,8.70978266e-15,9.0,-3.98875884,0.00134215635,0.662790313,0.934327368,8.9999991,-4.09379165,-0.329338296,-1.84783284e-15
9.11953132e-05,2.21421989e-15,9.0,-4.02785173,0.00135538211,0.662816764,0.930640018,8.9999991,-4.13516199,-0.332628466,-1.86591217e-15
9.21953132e-05,1.0317486e-15,9.0,-4.06677033,0.00136855435,0.662843109,0.926961781,8.9999991,-4.1763802,-0.335905583,-1.8839159e-15
9.31953132e-05,8.69177293e-15,9.0,-4.10551266,0.00138167257,0.662869345,0.923292838,8.9999991,-4.2174442,-0.339169481,-1.90184333e-15
9.41953132e-05,1.95214167e-15,9.0,-4.14407676,0.00139473624,0.662895472,0.919633369,8.9999991,-4.25835194,-0.342419996,-1.9196938e-15
9.51953132e-05,1.16594179e-15,9.0,-4.18246067,0.00140774485,0.66292149,0.915983556,8.9999991,-4.29910134,-0.345656963,-1.93746662e-15
9.61953132e-05,8.6614976e-15,9.0,-4.22066244,0.00142069788,0.662947396,0.912343578,8.9999991,-4.33969036,-0.348880219,-1.95516114e-15
9.71953132e-05,1.69325298e-15,9.0,-4.25868011,0.00143359483,0.66297319,0.908713615,8.9999991,-4.38011693,-0.3520896,-1.97277669e-15
9.81953132e-05,1.30509814e-15,9.0,-4.29651174,0.00144643518,0.66299887,0.905093848,8.9999991,-4.42037901,-0.355284942,-1.99031259e-15
9.91953132e-05,8.61892699e-15,9.0,-4.33415538,0.00145921842,0.663024437,0.901484456,8.9999991,-4.46047455,-0.358466083,-2.00776819e-15
0.000100195313,1.43804863e-15,9.0,-4.37160912,0.00147194407,0.663049888,0.897885619,8.9999991,-4.50040152,-0.361632861,-2.02514284e-15
0.000101195313,1.44879686e-15,9.0,-4.40887101,0.0014846116,0.663075223,0.894297517,8.9999991,-4.54015786,-0.364785112,-2.04243588e-15
0.000102195313,8.56405704e-15,9.0,-4.44593913,0.00149722052,0.663100441,0.890720329,8.9999991,-4.57974155,-0.367922676,-2.05964665e-15
0.000103195313,1.18701232e-15,9.0,-4.48281156,0.00150977033,0.663125541,0.887154234,8.9999991,-4.61915056,-0.371045389,-2.07677452e-15
0.000104195313,1.59660407e-15,9.0,-4.5194864,0.00152226054,0.663150521,0.883599411,8.9999991,-4.65838287,-0.374153093,-2.09381884e-15
0.000105195313,8.49690932e-15,9.0,-4.55596172,0.00153469065,0.663175381,0.88005604,8.9999991,-4.69743644,-0.377245626,-2.11077897e-15
0.000106195313,9.40615553e-16,9.0,-4.59223564,0.00154706018,0.66320012,0.876524297,8.9999991,-4.73630928,-0.380322828,-2.12765427e-15
0.000107195313,1.74807388e-15,9.0,-4.62830625,0.00155936863,0.663224737,0.873004361,8.9999991,-4.77499936,-0.383384539,-2.14444411e-15
0.000108195313,8.41753108e-15,9.0,-4.66417167,0.00157161552,0.663249231,0.869496411,8.9999991,-4.81350469,-0.386430599,-2.16114786e-15
0.000109195313,6.99316648e-16,9.0,-4.69983002,0.00158380037,0.663273601,0.866000625,8.9999991,-4.85182327,-0.389460852,-2.17776489e-15
0.000110195313,1.90274944e-15,9.0,-4.73527942,0.00159592269,0.663297845,0.862517178,8.9999991,-4.8899531,-0.392475137,-2.19429458e-15
0.000111195313,8.32599511e-15,9.0,-4.770518,0.001607982,0.663321964,0.859046249,8.9999991,-4.92789219,-0.395473297,-2.21073631e-15
0.000112195313,4.63559671e-16,9.0,-4.8055439,0.00161997784,0.663345956,0.855588013,8.9999991,-4.96563856,-0.398455175,-2.22708946e-15
0.000113195313,2.06016403e-15,9.0,-4.84035527,0.00163190972,0.663369819,0.852142648,8.9999991,-5.00319024,-0.401420614,-2.24335343e-15
0.000114195313,8.22239967e-15,9.0,-4.87495026,0.00164377717,0.663393554,0.84871033,8.99999909,-5.04054526,-0.404369459,-2.25952759e-15
0.000115195313,2.33773478e-16,9.0,-4.90932703,0.00165557974,0.663417159,0.845291234,8.99999909,-5.07770166,-0.407301552,-2.27561136e-15
0.000116195313,2.21984216e-15,9.0,-4.94348375,0.00166731694,0.663440634,0.841885535,8.99999909,-5.11465747,-0.41021674,-2.29160412e-15
0.000117195313,8.10686826e-15,9.0,-4.97741859,0.00167898832,0.663463977,0.838493408,8.99999909,-5.15141075,-0.413114868,-2.30750527e-15
0.000118195313,1.03707638e-17,9.0,-5.01112974,0.00169059342,0.663487187,0.835115028,8.99999909,-5.18795955,-0.415995782,-2.32331423e-15
0.000119195313,2.38130072e-15,9.0,-5.04461539,0.00170213177,0.663510264,0.831750569,8.99999909,-5.22430195,-0.418859328,-2.33903041e-15
0.000120195313,7.97954944e-15,9.0,-5.07787374,0.00171360293,0.663533206,0.828400204,8.99999909,-5.260436,-0.421705354,-2.3546532e-15
0.000121195313,-2.06252841e-16,9.0,-5.11090299,0.00172500644,0.663556013,0.825064106,8.99999909,-5.2963598,-0.424533708,-2.37018204e-15
0.000122195313,2.54405013e-15,9.0,-5.14370137,0.00173634185,0.663578684,0.821742449,8.99999909,-5.33207142,-0.427344239,-2.38561634e-15
0.000123195313,7.84061643e-15,9.0,-5.17626711,0.00174760871,0.663601217,0.818435404,8.99999909,-5.36756896,-0.430136795,-2.40095553e-15
0.000124195313,-4.15719638e-16,9.0,-5.20859842,0.00175880657,0.663623613,0.815143143,8.99999909,-5.40285053,-0.432911227,-2.41619902e-15
0.000125195313,2.70759549e-15,9.0,-5.24069357,0.001769935,0.66364587,0.811865838,8.99999909,-5.43791422,-0.435667385,-2.43134627e-15
0.000126195313,7.69026687e-15,9.0,-5.2725508,0.00178099356,0.663667987,0.808603659,8.99999909,-5.47275817,-0.438405121,-2.44639669e-15
0.000127195313,-6.1767069e-16,9.0,-5.30416837,0.00179198181,0.663689964,0.805356776,8.99999909,-5.50738049,-0.441124286,-2.46134973e-15
0.000128195313,2.87143779e-15,9.0,-5.33554456,0.00180289931,0.663711799,0.802125359,8.99999909,-5.54177932,-0.443824733,-2.47620484e-15
0.000129195313,7.52872231e-15,9.0,-5.36667764,0.00181374564,0.663733491,0.798909578,8.99999909,-5.57595281,-0.446506316,-2.49096145e-15
0.000130195313,-8.11766596e-16,9.0,-5.3975659,0.00182452037,0.663755041,0.795709599,8.99999909,-5.6098991,-0.449168889,-2.50561902e-15
0.000131195313,3.03507507e-15,9.0,-5.42820766,0.00183522306,0.663776446,0.792525593,8.99999909,-5.64361636,-0.451812307,-2.52017701e-15
0.000132195313,7.35622782e-15,9.0,-5.45860121,0.00184585331,0.663797707,0.789357725,8.99999909,-5.67710275,-0.454436425,-2.53463486e-15
0.000133195313,-9.97688231e-16,9.0,-5.48874488,0.00185641068,0.663818821,0.786206164,8.99999909,-5.71035646,-0.457041101,-2.54899205e-15
0.000134195313,3.19800364e-15,9.0,-5.51863701,0.00186689476,0.66383979,0.783071073,8.99999909,-5.74337568,-0.459626191,-2.56324804e-15
0.000135195313,7.17305142e-15,9.0,-5.54827592,0.00187730515,0.66386061,0.77995262,8.99999909,-5.77615861,-0.462191553,-2.5774023e-15
0.000136195313,-1.17513743e-15,9.0,-5.57765998,0.00188764142,0.663881283,0.77685097,8.99999909,-5.80870345,-0.464737047,-2.5914543e-15
0.000137195313,3.35971929e-15,9.0,-5.60678755,0.00189790317,0.663901806,0.773766285,8.99999909,-5.84100841,-0.467262532,-2.60540353e-15
0.000138195313,6.97948355e-15,9.0,-5.635657,0.00190808999,0.66392218,0.77069873,8.99999909,-5.87307174,-0.469767868,-2.61924945e-15
0.000139195313,-1.34383764e-15,9.0,-5.66426672,0.00191820149,0.663942403,0.767648467,8.99999909,-5.90489167,-0.472252918,-2.63299157e-15
0.000140195313,3.51971844e-15,9.0,-5.69261511,0.00192823725,0.663962475,0.764615659,8.99999909,-5.93646644,-0.474717544,-2.64662937e-15
0.000141195313,6.77583639e-15,9.0,-5.72070057,0.0019381969,0.663982394,0.761600467,8.99999909,-5.96779432,-0.477161609,-2.66016233e-15
0.000142195313,-1.50353449e-15,9.0,-5.74852152,0.00194808003,0.66400216,0.758603052,8.99999909,-5.99887358,-0.479584976,-2.67358997e-15
0.000143195313,3.67749944e-15,9.0,-5.7760764,0.00195788625,0.664021772,0.755623572,8.99999909,-6.02970249,-0.481987512,-2.68691179e-15
0.000144195313,6.56244328e-15,9.0,-5.80336365,0.00196761518,0.66404123,0.752662189,8.99999909,-6.06027935,-0.484369082,-2.70012728e-15
0.000145195313,-1.65399634e-15,9.0,-5.83038173,0.00197726642,0.664060533,0.749719059,8.99999909,-6.09060247,-0.486729552,-2.71323595e-15
0.000146195313,3.83256366e-15,9.0,-5.85712909,0.00198683961,0.664079679,0.746794341,8.99999908,-6.12067015,-0.489068792,-2.72623734e-15
0.000147195313,6.33965791e-15,9.0,-5.88360423,0.00199633437,0.664098669,0.74388819,8.99999908,-6.15048073,-0.491386669,-2.73913094e-15
0.000148195313,-1.79501476e-15,9.0,-5.90980564,0.00200575031,0.664117501,0.741000764,8.99999908,-6.18003253,-0.493683053,-2.75191629e-15
0.000149195313,3.98441677e-15,9.0,-5.93573181,0.00201508707,0.664136174,0.738132218,8.99999908,-6.20932392,-0.495957815,-2.76459291e-15
0.000150195313,6.1078536e-15,9.0,-5.96138128,0.00202434427,0.664154689,0.735282704,8.99999908,-6.23835325,-0.498210827,-2.77716032e-15
0.000151195313,-1.92640497e-15,9.0,-5.98675256,0.00203352156,0.664173043,0.732452378,8.99999908,-6.26711889,-0.500441962,-2.78961808e-15
0.000152195313,4.1325699e-15,9.0,-6.01184421,0.00204261857,0.664191237,0.729641391,8.99999908,-6.29561923,-0.502651093,-2.80196571e-15
0.000153195313,5.86742251e-15,9.0,-6.03665478,0.00205163493,0.66420927,0.726849895,8.99999908,-6.32385266,-0.504838095,-2.81420276e-15
0.000154195313,-2.04800621e-15,9.0,-6.06118284,0.00206057031,0.664227141,0.724078042,8.99999908,-6.35181761,-0.507002844,-2.82632877e-15
0.000155195313,4.27654077e-15,9.0,-6.08542697,0.00206942433,0.664244849,0.72132598,8.99999908,-6.37951248,-0.509145217,-2.8383433e-15
0.000156195313,5.61877474e-15,9.0,-6.10938578,0.00207819666,0.664262393,0.718593859,8.99999908,-6.40693573,-0.511265092,-2.85024591e-15
0.000157195313,-2.15968206e-15,9.0,-6.13305787,0.00208688695,0.664279774,0.715881827,8.99999908,-6.43408578,-0.513362348,-2.86203615e-15
0.000158195313,4.41585491e-15,9.0,-6.15644187,0.00209549484,0.66429699,0.713190031,8.99999908,-6.46096112,-0.515436864,-2.87371358e-15
0.000159195313,5.36233746e-15,9.0,-6.17953641,0.00210402002,0.66431404,0.710518617,8.99999908,-6.4875602,-0.517488523,-2.88527779e-15
0.000160195313,-2.2613207e-15,9.0,-6.20234016,0.00211246212,0.664330924,0.70786773,8.99999908,-6.51388153,-0.519517206,-2.89672833e-15
0.000161195313,4.55004677e-15,9.0,-6.22485178,0.00212082084,0.664347642,0.705237514,8.99999908,-6.5399236,-0.521522798,-2.90806479e-15
0.000162195313,5.098554e-15,9.0,-6.24706994,0.00212909582,0.664364192,0.702628114,8.99999908,-6.56568492,-0.523505182,-2.91928675e-15
0.000163195313,-2.35283512e-15,9.0,-6.26899336,0.00213728675,0.664380574,0.70003967,8.99999908,-6.59116403,-0.525464244,-2.93039379e-15
0.000164195313,4.67866084e-15,9.0,-6.29062073,0.00214539331,0.664396787,0.697472324,8.99999908,-6.61635948,-0.527399872,-2.94138551e-15
0.000165195313,4.82788284e-15,9.0,-6.31195078,0.00215341517,0.66441283,0.694926216,8.99999908,-6.64126981,-0.529311952,-2.9522615e-15
0.000166195313,-2.43416327e-15,9.0,-6.33298226,0.00216135202,0.664428704,0.692401485,8.99999908,-6.6658936,-0.531200376,-2.96302136e-15
0.000167195313,4.80125276e-15,9.0,-6.35371392,0.00216920354,0.664444407,0.68989827,8.99999908,-6.69022944,-0.533065032,-2.97366469e-15
0.000168195313,4.55079664e-15,9.0,-6.37414454,0.00217696942,0.664459939,0.687416706,8.99999908,-6.71427592,-0.534905813,-2.9841911e-15
0.000169195313,-2.50526814e-15,9.0,-6.39427289,0.00218464936,0.664475299,0.684956931,8.99999908,-6.73803166,-0.536722611,-2.9946002e-15
0.000170195313,4.91739037e-15,9.0,-6.41409778,0.00219224306,0.664490486,0.682519079,8.99999908,-6.76149529,-0.53851532,-3.00489161e-15
0.000171195313,4.2677812e-15,9.0,-6.43361803,0.0021997502,0.6645055,0.680103283,8.99999908,-6.78466546,-0.540283837,-3.01506495e-15
0.000172195313,-2.56613783e-15,9.0,-6.45283247,0.00220717051,0.664520341,0.677709676,8.99999908,-6.80754083,-0.542028056,-3.02511984e-15
0.000173195313,5.02665479e-15,9.0,-6.47173996,0.00221450368,0.664535007,0.67533839,8.99999908,-6.83012007,-0.543747877,-3.03505592e-15
0.000174195313,3.97933439e-15,9.0,-6.49033934,0.00222174943,0.664549499,0.672989555,8.99999908,-6.85240186,-0.545443198,-3.04487282e-15
0.000175195313,-2.61678546e-15,9.0,-6.50862952,0.00222890746,0.664563815,0.6706633,8.99999908,-6.87438492,-0.547113919,-3.05457017e-15
0.000176195313,5.1286414e-15,9.0,-6.52660937,0.0022359775,0.664577955,0.668359752,8.99999908,-6.89606797,-0.548759942,-3.06414763e-15
0.000177195313,3.68596506e-15,9.0,-6.54427783,0.00224295927,0.664591919,0.66607904,8.99999908,-6.91744975,-0.550381169,-3.07360484e-15
0.000178195313,-2.65724915e-15,9.0,-6.5616338,0.00224985249,0.664605705,0.663821288,8.99999908,-6.938529,-0.551977506,-3.08294144e-15
0.000179195313,5.22296086e-15,9.0,-6.57867626,0.00225665689,0.664619314,0.661586621,8.99999908,-6.95930449,-0.553548857,-3.09215711e-15
0.000180195313,3.38819191e-15,9.0,-6.59540414,0.00226337221,0.664632744,0.659375162,8.99999908,-6.97977501,-0.55509513,-3.10125149e-15
0.000181195313,-2.68759184e-15,9.0,-6.61181645,0.00226999816,0.664645996,0.657187033,8.99999908,-6.99993937,-0.556616232,-3.11022426e-15
0.000182195313,5.30924001e-15,9.0,-6.62791216,0.0022765345,0.664659069,0.655022355,8.99999908,-7.01979637,-0.558112073,-3.11907508e-15
0.000183195313,3.0865424e-15,9.0,-6.6436903,0.00228298097,0.664671962,0.652881247,8.99999908,-7.03934485,-0.559582564,-3.12780363e-15
0.000184195313,-2.70790111e-15,9.0,-6.65914989,0.00228933731,0.664684675,0.650763828,8.99999908,-7.05858366,-0.561027617,-3.13640959e-15
0.000185195313,5.38712283e-15,9.0,-6.67428999,0.00229560327,0.664697207,0.648670215,8.99999907,-7.07751167,-0.562447146,-3.14489265e-15
0.000186195313,2.78155152e-15,9.0,-6.68910966,0.00230177861,0.664709557,0.646600523,8.99999907,-7.09612775,-0.563841064,-3.15325248e-15
0.000187195313,-2.71828892e-15,9.0,-6.70360797,0.00230786307,0.664721726,0.644554867,8.99999907,-7.11443082,-0.56520929,-3.16148879e-15
0.000188195313,5.45627129e-15,9.0,-6.71778404,0.00231385643,0.664733713,0.64253336,8.99999907,-7.13241978,-0.56655174,-3.16960128e-15
0.000189195313,2.47376068e-15,9.0,-6.73163697,0.00231975843,0.664745517,0.640536115,8.99999907,-7.15009357,-0.567868334,-3.17758963e-15
0.000190195313,-2.71889128e-15,9.0,-6.74516591,0.00232556886,0.664757138,0.63856324,8.99999907,-7.16745114,-0.569158992,-3.18545357e-15
0.000191195313,5.51636618e-15,9.0,-6.75837,0.00233128748,0.664768575,0.636614847,8.99999907,-7.18449146,-0.570423636,-3.19319281e-15
0.000192195313,2.16371649e-15,9.0,-6.77124841,0.00233691406,0.664779828,0.634691042,8.99999907,-7.20121352,-0.571662189,-3.20080705e-15
0.000193195313,-2.70986793e-15,9.0,-6.78380034,0.00234244838,0.664790897,0.632791933,8.99999907,-7.21761631,-0.572874576,-3.20829602e-15
0.000194195313,5.5671079e-15,9.0,-6.79602499,0.00234789023,0.66480178,0.630917624,8.99999907,-7.23369887,-0.574060724,-3.21565944e-15
0.000195195313,1.85196955e-15,9.0,-6.80792158,0.00235323939,0.664812479,0.629068219,8.99999907,-7.24946022,-0.57522056,-3.22289705e-15
0.000196195313,-2.69140185e-15,9.0,-6.81948936,0.00235849564,0.664822991,0.627243821,8.99999907,-7.26489942,-0.576354014,-3.23000859e-15
0.000197195313,5.60821721e-15,9.0,-6.83072759,0.00236365879,0.664833318,0.62544453,8.99999907,-7.28001555,-0.577461015,-3.23699378e-15
0.000198195313,1.53907328e-15,9.0,-6.84163555,0.00236872862,0.664843457,0.623670448,8.99999907,-7.2948077,-0.578541496,-3.24385237e-15
0.000199195313,-2.66369884e-15,9.0,-6.85221253,0.00237370494,0.66485341,0.621921671,8.99999907,-7.30927498,-0.579595391,-3.25058412e-15
0.000200195313,5.63943593e-15,9.0,-6.86245785,0.00237858755,0.664863175,0.620198297,8.99999907,-7.32341652,-0.580622634,-3.25718877e-15
0.000201195313,1.22558266e-15,9.0,-6.87237085,0.00238337626,0.664872753,0.618500421,8.99999907,-7.33723146,-0.581623162,-3.26366608e-15
0.000202195313,-2.62698697e-15,9.0,-6.88195088,0.00238807088,0.664882142,0.616828138,8.99999907,-7.35071897,-0.582596914,-3.27001582e-15
0.000203195313,5.66052757e-15,9.0,-6.89119732,0.00239267122,0.664891342,0.615181539,8.99999907,-7.36387823,-0.583543828,-3.27623775e-15
0.000204195313,9.12053037e-16,9.0,-6.90010955,0.0023971771,0.664900354,0.613560716,8.99999907,-7.37670845,-0.584463846,-3.28233165e-15
0.000205195313,-2.58151599e-15,9.0,-6.90868699,0.00240158834,0.664909177,0.61196576,8.99999907,-7.38920884,-0.58535691,-3.2882973e-15
0.000206195313,5.67127796e-15,9.0,-6.91692905,0.00240590477,0.66491781,0.610396757,8.99999907,-7.40137864,-0.586222965,-3.29413446e-15
0.000207195313,5.99038891e-16,9.0,-6.92483521,0.00241012623,0.664926252,0.608853795,8.99999907,-7.41321711,-0.587061956,-3.29984294e-15
0.000208195313,-2.52755673e-15,9.0,-6.93240491,0.00241425253,0.664934505,0.60733696,8.99999907,-7.42472353,-0.58787383,-3.30542252e-15
0.000209195313,5.67149578e-15,9.0,-6.93963765,0.00241828353,0.664942567,0.605846334,8.99999907,-7.43589719,-0.588658536,-3.310873e-15
0.000210195313,2.87092633e-16,9.0,-6.94653293,0.00242221905,0.664950438,0.604382001,8.99999907,-7.4467374,-0.589416024,-3.31619417e-15
0.000211195313,-2.46540037e-15,9.0,-6.95309028,0.00242605895,0.664958118,0.602944041,8.99999907,-7.45724351,-0.590146247,-3.32138585e-15
0.000212195313,5.66101304e-15,9.0,-6.95930924,0.00242980307,0.664965606,0.601532534,8.99999907,-7.46741486,-0.590849156,-3.32644784e-15
0.000213195313,-2.32366193e-17,9.0,-6.96518938,0.00243345127,0.664972903,0.600147558,8.99999907,-7.47725082,-0.591524709,-3.33137996e-15
0.000214195313,-2.39535776e-15,9.0,-6.97073027,0.0024370034,0.664980007,0.598789188,8.99999907,-7.48675078,-0.59217286,-3.33618202e-15
0.000215195313,5.63968558e-15,9.0,-6.97593153,0.00244045932,0.664986919,0.597457499,8.99999907,-7.49591416,-0.592793568,-3.34085386e-15
0.000216195313,-3.31404239e-16,9.0,-6.98079278,0.0024438189,0.664993638,0.596152566,8.99999907,-7.50474038,-0.593386794,-3.3453953e-15
0.000217195313,-2.31775864e-15,9.0,-6.98531365,0.002447082,0.665000164,0.59487446,8.99999907,-7.5132289,-0.593952497,-3.34980618e-15
0.000218195313,5.60739339e-15,9.0,-6.98949381,0.00245024849,0.665006497,0.59362325,8.99999907,-7.52137918,-0.594490641,-3.35408633e-15
0.000219195313,-6.36871289e-16,9.0,-6.99333295,0.00245331825,0.665012637,0.592399005,8.99999907,-7.52919071,-0.59500119,-3.3582356e-15
0.000220195313,-2.2329508e-15,9.0,-6.99683075,0.00245629116,0.665018582,0.591201793,8.99999907,-7.53666299,-0.59548411,-3.36225383e-15
0.000221195313,5.56404099e-15,9.0,-6.99998695,0.00245916709,0.665024334,0.59003168,8.99999907,-7.54379556,-0.59593937,-3.36614088e-15
0.000222195313,-9.39105699e-16,9.0,-7.00280129,0.00246194595,0.665029892,0.588888728,8.99999907,-7.55058796,-0.596366938,-3.36989661e-15
0.000223195313,-2.14129924e-15,9.0,-7.00527352,0.00246462761,0.665035255,0.587773001,8.99999907,-7.55703976,-0.596766785,-3.37352088e-15
0.000224195313,5.5095577e-15,9.0,-7.00740342,0.00246721197,0.665040424,0.586684559,8.99999907,-7.56315054,-0.597138884,-3.37701356e-15
0.000225195313,-1.23758343e-15,9.0,-7.00919081,0.00246969893,0.665045398,0.585623461,8.99999907,-7.56891991,-0.597483208,-3.38037452e-15
0.000226195313,-2.04318527e-15,9.0,-7.01063549,0.00247208839,0.665050177,0.584589765,8.99999907,-7.5743475,-0.597799734,-3.38360363e-15
0.000227195313,5.44389783e-15,9.0,-7.01173732,0.00247438025,0.665054761,0.583583528,8.99999907,-7.57943295,-0.598088439,-3.38670078e-15
0.000228195313,-1.53178963e-15,9.0,-7.01249615,0.00247657443,0.665059149,0.582604803,8.99999907,-7.58417594,-0.598349301,-3.38966586e-15
0.000229195313,-1.9390056e-15,9.0,-7.01291185,0.00247867084,0.665063342,0.581653643,8.99999907,-7.58857613,-0.598582302,-3.39249876e-15
0.000230195313,5.3670409e-15,9.0,-7.01298434,0.0024806694,0.665067339,0.5807301,8.99999907,-7.59263325,-0.598787423,-3.39519937e-15
0.000231195313,-1.82121973e-15,9.0,-7.01271354,0.00248257003,0.66507114,0.579834223,8.99999907,-7.59634702,-0.598964649,-3.39776759e-15
0.000232195313,-1.82917132e-15,9.0,-7.01209938,0.00248437264,0.665074745,0.57896606,8.99999907,-7.59971719,-0.599113965,-3.40020334e-15
0.000233195313,5.27899169e-15,9.0,-7.01114183,0.00248607718,0.665078154,0.578125657,8.99999907,-7.60274351,-0.599235358,-3.40250652e-15
0.000234195313,-2.10538059e-15,9.0,-7.00984087,0.00248768357,0.665081367,0.57731306,8.99999907,-7.60542579,-0.599328817,-3.40467705e-15
0.000235195313,-1.71410692e-15,9.0,-7.00819651,0.00248919176,0.665084384,0.576528311,8.99999907,-7.60776382,-0.599394332,-3.40671484e-15
0.000236195313,5.17978031e-15,9.0,-7.00620875,0.00249060167,0.665087203,0.575771452,8.99999907,-7.60975743,-0.599431895,-3.40861984e-15
0.000237195313,-2.38379153e-15,9.0,-7.00387766,0.00249191326,0.665089827,0.575042522,8.99999907,-7.61140647,-0.5994415,-3.41039195e-15
0.000238195313,-1.5942493e-15,9.0,-7.00120328,0.00249312647,0.665092253,0.574341561,8.99999907,-7.61271081,-0.599423143,-3.41203113e-15
0.000239195313,5.06946222e-15,9.0,-6.99818571,0.00249424126,0.665094483,0.573668604,8.99999907,-7.61367034,-0.599376821,-3.41353731e-15
0.000240195313,-2.65598541e-15,9.0,-6.99482505,0.00249525758,0.665096515,0.573023686,8.99999907,-7.61428496,-0.599302531,-3.41491043e-15
0.000241195313,-1.47004661e-15,9.0,-6.99112141,0.00249617539,0.665098351,0.57240684,8.99999907,-7.61455461,-0.599200275,-3.41615045e-15
0.000242195313,4.94811808e-15,9.0,-6.98707495,0.00249699466,0.665099989,0.571818099,8.99999907,-7.61447923,-0.599070054,-3.41725732e-15
0.000243195313,-2.92150961e-15,9.0,-6.98268583,0.00249771535,0.665101431,0.571257492,8.99999907,-7.61405879,-0.598911871,-3.418231e-15
0.000244195313,-1.34195727e-15,9.0,-6.97795423,0.00249833743,0.665102675,0.570725047,8.99999907,-7.61329328,-0.598725734,-3.41907146e-15
0.000245195313,4.81585373e-15,9.0,-6.97288036,0.00249886088,0.665103722,0.570220792,8.99999907,-7.61218271,-0.598511647,-3.41977865e-15
0.000246195313,-3.17992705e-15,9.0,-6.96746444,0.00249928569,0.665104571,0.56974475,8.99999907,-7.61072712,-0.598269619,-3.42035257e-15
0.000247195313,-1.21044876e-15,9.0,-6.96170671,0.00249961182,0.665105224,0.569296946,8.99999907,-7.60892654,-0.597999662,-3.42079318e-15
0.000248195313,4.67279992e-15,9.0,-6.95560745,0.00249983928,0.665105679,0.568877401,8.99999907,-7.60678107,-0.597701786,-3.42110048e-15
0.000249195313,-3.4308171e-15,9.0,-6.94916694,0.00249996804,0.665105936,0.568486135,8.99999907,-7.60429078,-0.597376006,-3.42127444e-15
0.000250195313,-1.07599657e-15,9.0,-6.94238548,0.00249999811,0.665105996,0.568123166,8.99999907,-7.60145578,-0.597022335,-3.42131507e-15
0.000251195313,4.5191121e-15,9.0,-6.93526341,0.00249992949,0.665105859,0.567788511,8.99999907,-7.59827622,-0.596640792,-3.42122235e-15
0.000252195313,-3.67377652e-15,9.0,-6.92780105,0.00249976217,0.665105524,0.567482186,8.99999907,-7.59475224,-0.596231395,-3.42099631e-15
0.000253195313,-9.39082979e-16,9.0,-6.91999879,0.00249949617,0.665104992,0.567204202,8.99999907,-7.59088401,-0.595794163,-3.42063693e-15
0.000254195313,4.35497014e-15,9.0,-6.91185701,0.00249913149,0.665104263,0.566954573,8.99999907,-7.58667173,-0.595329118,-3.42014425e-15
0.000255195313,-3.90842029e-15,9.0,-6.90337612,0.00249866815,0.665103336,0.566733307,8.99999907,-7.58211562,-0.594836285,-3.41951827e-15
0.000256195313,-8.00195939e-16,9.0,-6.89455653,0.00249810617,0.665102212,0.566540414,8.99999907,-7.5772159,-0.594315687,-3.41875901e-15
0.000257195313,4.18057793e-15,9.0,-6.8853987,0.00249744556,0.665100891,0.5663759,8.99999907,-7.57197283,-0.593767351,-3.41786651e-15
0.000258195313,-4.13438248e-15,9.0,-6.8759031,0.00249668636,0.665099373,0.566239769,8.99999907,-7.56638669,-0.593191306,-3.4168408e-15
0.000259195313,-6.59827866e-16,9.0,-6.86607021,0.0024958286,0.665097657,0.566132026,8.99999907,-7.56045777,-0.592587582,-3.41568191e-15
0.000260195313,3.99616303e-15,9.0,-6.85590053,0.0024948723,0.665095745,0.566052672,8.99999907,-7.55418638,-0.591956211,-3.41438989e-15
0.000261195313,-4.35131697e-15,9.0,-6.8453946,0.00249381751,0.665093635,0.566001706,8.99999907,-7.54757286,-0.591297224,-3.41296479e-15
0.000262195313,-5.18474459e-16,9.0,-6.83455295,0.00249266427,0.665091329,0.565979127,8.99999907,-7.54061756,-0.590610658,-3.41140665e-15
0.000263195313,3.80197616e-15,9.0,-6.82337617,0.00249141262,0.665088825,0.565984932,8.99999907,-7.53332087,-0.589896549,-3.40971553e-15
0.000264195313,-4.55889828e-15,9.0,-6.81186482,0.00249006262,0.665086125,0.566019116,8.99999907,-7.52568317,-0.589154934,-3.40789151e-15
0.000265195313,-3.766335e-16,9.0,-6.80001951,0.00248861431,0.665083229,0.566081672,8.99999907,-7.51770488,-0.588385854,-3.40593463e-15
0.000266195313,3.59829068e-15,9.0,-6.78784088,0.00248706776,0.665080136,0.566172591,8.99999907,-7.50938643,-0.587589349,-3.40384497e-15
0.000267195313,-4.75682216e-15,9.0,-6.77532956,0.00248542302,0.665076846,0.566291864,8.99999907,-7.50072829,-0.586765463,-3.40162262e-15
0.000268195313,-2.3480365e-16,9.0,-6.76248623,0.00248368016,0.66507336,0.566439479,8.99999907,-7.49173092,-0.585914241,-3.39926764e-15
0.000269195313,3.38540206e-15,9.0,-6.74931155,0.00248183925,0.665069679,0.566615423,8.99999907,-7.48239482,-0.585035727,-3.39678014e-15
0.000270195313,-4.94480628e-15,9.0,-6.73580624,0.00247990036,0.665065801,0.56681968,8.99999907,-7.47272052,-0.584129971,-3.39416019e-15
0.000271195313,-9.34832476e-17,9.0,-6.72197102,0.00247786357,0.665061727,0.567052233,8.99999907,-7.46270853,-0.583197021,-3.39140789e-15
0.000272195313,3.16362724e-15,9.0,-6.70780663,0.00247572896,0.665057458,0.567313066,8.99999907,-7.45235942,-0.582236928,-3.38852335e-15
0.000273195313,-5.12259083e-15,9.0,-6.69331383,0.00247349661,0.665052993,0.567602157,8.99999907,-7.44167375,-0.581249745,-3.38550667e-15
0.000274195313,4.68308982e-17,9.0,-6.67849341,0.00247116661,0.665048333,0.567919485,8.99999907,-7.43065214,-0.580235526,-3.38235795e-15
0.000275195313,2.93330394e-15,9.0,-6.66334615,0.00246873905,0.665043478,0.568265027,8.99999907,-7.41929518,-0.579194326,-3.37907732e-15
0.000276195313,-5.28993904e-15,9.0,-6.64787289,0.00246621403,0.665038428,0.568638757,8.99999907,-7.40760351,-0.578126203,-3.3756649e-15
0.000277195313,1.85644708e-16,9.0,-6.63207445,0.00246359165,0.665033183,0.56904065,8.99999907,-7.39557778,-0.577031216,-3.3721208e-15
0.000278195313,2.69478997e-15,9.0,-6.61595169,0.00246087201,0.665027744,0.569470678,8.99999907,-7.38321867,-0.575909424,-3.36844516e-15
0.000279195313,-5.44663764e-15,9.0,-6.5995055,0.00245805522,0.66502211,0.569928809,8.99999907,-7.37052686,-0.57476089,-3.36463812e-15
0.000280195313,3.22468024e-16,9.0,-6.58273675,0.00245514139,0.665016283,0.570415014,8.99999907,-7.35750308,-0.573585677,-3.36069981e-15
0.000281195313,2.44846247e-15,9.0,-6.56564638,0.00245213064,0.665010261,0.570929259,8.99999907,-7.34414804,-0.572383851,-3.35663037e-15
0.000282195313,-5.59249736e-15,9.0,-6.5482353,0.00244902308,0.665004046,0.571471509,8.99999907,-7.33046249,-0.571155478,-3.35242996e-15
0.000283195313,4.56815797e-16,9.0,-6.53050446,0.00244581883,0.664997638,0.572041728,8.99999907,-7.31644721,-0.569900625,-3.34809872e-15
0.000284195313,2.19471706e-15,9.0,-6.51245485,0.00244251803,0.664991036,0.572639878,8.99999907,-7.30210298,-0.568619363,-3.34363683e-15
0.000285195313,-5.72735322e-15,9.0,-6.49408743,0.00243912081,0.664984242,0.573265919,8.99999907,-7.2874306,-0.567311763,-3.33904443e-15
0.000286195313,5.8820926e-16,9.0,-6.47540323,0.00243562729,0.664977255,0.573919812,8.99999907,-7.27243091,-0.565977896,-3.3343217e-15
0.000287195313,1.93396705e-15,9.0,-6.45640325,0.00243203761,0.664970075,0.574601512,8.99999907,-7.25710475,-0.564617839,-3.32946881e-15
0.000288195313,-5.85106495e-15,9.0,-6.43708855,0.00242835193,0.664962704,0.575310975,8.99999907,-7.24145297,-0.563231665,-3.32448594e-15
0.000289195313,7.16177084e-16,9.0,-6.41746018,0.00242457037,0.664955141,0.576048157,8.99999907,-7.22547646,-0.561819453,-3.31937326e-15
0.000290195313,1.66664249e-15,9.0,-6.39751922,0.0024206931,0.664947386,0.576813009,8.99999907,-7.20917611,-0.560381281,-3.31413098e-15
0.000291195313,-5.96351715e-15,9.0,-6.37726676,0.00241672027,0.664939441,0.577605482,8.99999907,-7.19255286,-0.558917229,-3.30875927e-15
0.000292195313,8.4025652e-16,9.0,-6.35670392,0.00241265202,0.664931304,0.578425525,8.99999907,-7.17560762,-0.557427379,-3.30325834e-15
0.000293195313,1.39318928e-15,9.0,-6.33583183,0.00240848853,0.664922977,0.579273087,8.99999907,-7.15834137,-0.555911813,-3.29762839e-15
0.000294195313,-6.06461958e-15,9.0,-6.31465163,0.00240422996,0.66491446,0.580148114,8.99999907,-7.14075506,-0.554370617,-3.29186961e-15
0.000295195313,9.59994521e-16,9.0,-6.2931645,0.00239987647,0.664905753,0.581050551,8.99999907,-7.12284969,-0.552803875,-3.28598224e-15
0.000296195313,1.11406819e-15,9.0,-6.27137162,0.00239542823,0.664896856,0.58198034,8.99999907,-7.10462628,-0.551211677,-3.27996647e-15
0.000297195313,-6.15430727e-15,9.0,-6.24927418,0.00239088543,0.664887771,0.582937424,8.99999907,-7.08608584,-0.54959411,-3.27382253e-15
0.000298195313,1.07494884e-15,9.0,-6.2268734,0.00238624825,0.664878496,0.583921741,8.99999907,-7.06722942,-0.547951265,-3.26755064e-15
0.000299195313,8.29753852e-16,9.0,-6.20417052,0.00238151685,0.664869034,0.584933232,8.99999907,-7.04805809,-0.546283233,-3.26115104e-15
0.000300195313,-6.23254061e-15,9.0,-6.18116679,0.00237669144,0.664859383,0.585971833,8.99999907,-7.02857292,-0.544590108,-3.25462396e-15
0.000301195313,1.18468911e-15,9.0,-6.15786347,0.0023717722,0.664849544,0.58703748,8.99999907,-7.00877501,-0.542871984,-3.24796963e-15
0.000302195313,5.40733732e-16,9.0,-6.13426186,0.00236675933,0.664839519,0.588130107,8.99999907,-6.98866548,-0.541128957,-3.2411883e-15
0.000303195313,-6.29930541e-15,9.0,-6.11036325,0.00236165302,0.664829306,0.589249645,8.99999907,-6.96824546,-0.539361125,-3.23428023e-15
0.000304195313,1.28879787e-15,9.0,-6.08616897,0.00235645348,0.664818907,0.590396027,8.99999907,-6.94751609,-0.537568585,-3.22724565e-15
0.000305195313,2.47507068e-16,9.0,-6.06168033,0.00235116091,0.664808322,0.591569182,8.99999907,-6.92647856,-0.535751438,-3.22008484e-15
0.000306195313,-6.35461284e-15,9.0,-6.03689871,0.00234577552,0.664797551,0.592769037,8.99999907,-6.90513403,-0.533909786,-3.21279805e-15
0.000307195313,1.3868716e-15,9.0,-6.01182546,0.00234029752,0.664786595,0.59399552,8.99999907,-6.88348371,-0.532043731,-3.20538555e-15
0.000308195313,-4.94162195e-17,9.0,-5.98646196,0.00233472713,0.664775454,0.595248556,8.99999907,-6.86152882,-0.530153377,-3.19784761e-15
0.000309195313,-6.39849939e-15,9.0,-5.96080962,0.00232906457,0.664764129,0.596528068,8.99999907,-6.83927058,-0.52823883,-3.19018451e-15
0.000310195313,1.47852172e-15,9.0,-5.93486984,0.00232331006,0.66475262,0.597833978,8.99999907,-6.81671026,-0.526300196,-3.18239654e-15
0.000311195313,-3.49516648e-16,9.0,-5.90864406,0.00231746384,0.664740928,0.599166208,8.99999907,-6.79384912,-0.524337583,-3.17448396e-15
0.000312195313,-6.43102669e-15,9.0,-5.88213373,0.00231152612,0.664729052,0.600524677,8.99999907,-6.77068844,-0.522351101,-3.16644708e-15
0.000313195313,1.56337548e-15,9.0,-5.8553403,0.00230549715,0.664716994,0.601909303,8.99999907,-6.74722952,-0.52034086,-3.15828619e-15
0.000314195313,-6.52266308e-16,9.0,-5.82826525,0.00229937716,0.664704754,0.603320001,8.99999907,-6.72347368,-0.518306973,-3.15000159e-15
0.000315195313,-6.45228133e-15,9.0,-5.80091007,0.00229316639,0.664692333,0.604756688,8.99999907,-6.69942224,-0.516249552,-3.14159359e-15
0.000316195313,1.64107695e-15,9.0,-5.77327627,0.0022868651,0.66467973,0.606219278,8.99999907,-6.67507656,-0.514168712,-3.13306248e-15
0.000317195313,-9.5713002e-16,9.0,-5.74536537,0.00228047352,0.664666947,0.607707682,8.99999907,-6.650438,-0.512064568,-3.1244086e-15
0.000318195313,-6.46237462e-15,9.0,-5.7171789,0.00227399192,0.664653984,0.609221811,8.99999907,-6.62550793,-0.509937237,-3.11563225e-15
0.000319195313,1.71128782e-15,9.0,-5.68871841,0.00226742054,0.664640841,0.610761575,8.99999907,-6.60028776,-0.507786838,-3.10673375e-15
0.000320195313,-1.26356651e-15,9.0,-5.65998547,0.00226075965,0.664627519,0.612326883,8.99999907,-6.57477889,-0.50561349,-3.09771344e-15
0.000321195313,-6.46144226e-15,9.0,-5.63098166,0.0022540095,0.664614019,0.613917641,8.99999907,-6.54898274,-0.503417314,-3.08857164e-15
0.000322195313,1.7736883e-15,9.0,-5.60170857,0.00224717037,0.664600341,0.615533755,8.99999907,-6.52290075,-0.501198431,-3.07930869e-15
0.000323195313,-1.57102959e-15,9.0,-5.57216781,0.00224024253,0.664586485,0.617175129,8.99999907,-6.49653439,-0.498956963,-3.06992493e-15
0.000324195313,-6.44964395e-15,9.0,-5.542361,0.00223322625,0.664572453,0.618841666,8.99999907,-6.46988511,-0.496693037,-3.06042071e-15
0.000325195313,1.82797785e-15,9.0,-5.51228977,0.0022261218,0.664558244,0.620533267,8.99999907,-6.4429544,-0.494406775,-3.05079638e-15
0.000326195313,-1.87896939e-15,9.0,-5.48195577,0.00221892947,0.664543859,0.622249833,8.99999907,-6.41574377,-0.492098306,-3.04105228e-15
0.000327195313,-6.42716304e-15,9.0,-5.45136066,0.00221164954,0.664529299,0.623991263,8.99999907,-6.38825472,-0.489767756,-3.03118879e-15
0.000328195313,1.87387597e-15,9.0,-5.42050612,0.00220428229,0.664514565,0.625757455,8.99999907,-6.36048878,-0.487415255,-3.02120625e-15
0.000329195313,-2.18683351e-15,9.0,-5.38939384,0.00219682803,0.664499656,0.627548305,8.99999907,-6.33244749,-0.485040932,-3.01110505e-15
0.000330195313,-6.39420597e-15,9.0,-5.35802551,0.00218928704,0.664484574,0.629363707,8.99999907,-6.30413241,-0.482644918,-3.00088554e-15
0.000331195313,1.91112287e-15,9.0,-5.32640286,0.00218165962,0.664469319,0.631203557,8.99999907,-6.2755451,-0.480227344,-2.99054811e-15
0.000332195313,-2.4940683e-15,9.0,-5.2945276,0.00217394607,0.664453892,0.633067747,8.99999907,-6.24668716,-0.477788345,-2.98009314e-15
0.000333195313,-6.35100182e-15,9.0,-5.26240148,0.0021661467,0.664438293,0.634956168,8.99999907,-6.21756017,-0.475328055,-2.96952101e-15
0.000334195313,1.93948013e-15,9.0,-5.23002626,0.00215826181,0.664422524,0.63686871,8.99999907,-6.18816574,-0.472846607,-2.95883212e-15
0.000335195313,-2.80012004e-15,9.0,-5.19740368,0.00215029172,0.664406583,0.638805263,8.99999907,-6.1585055,-0.47034414,-2.94802685e-15
0.000336195313,-6.29780165e-15,9.0,-5.16453553,0.00214223674,0.664390473,0.640765714,8.99999907,-6.12858109,-0.46782079,-2.93710561e-15
0.000337195313,1.95873132e-15,9.0,-5.1314236,0.00213409718,0.664374194,0.642749951,8.99999907,-6.09839414,-0.465276695,-2.92606879e-15
0.000338195313,-3.10443614e-15,9.0,-5.09806969,0.00212587338,0.664357747,0.644757858,8.99999907,-6.06794634,-0.462711995,-2.91491681e-15
0.000339195313,-6.23487796e-15,9.0,-5.0644756,0.00211756565,0.664341131,0.646789319,8.99999907,-6.03723934,-0.46012683,-2.90365007e-15
0.000340195313,1.9686825e-15,9.0,-5.03064317,0.00210917432,0.664324349,0.648844219,8.99999907,-6.00627484,-0.457521341,-2.892269e-15
0.000341195313,-3.40646644e-15,9.0,-4.99657422,0.00210069972,0.664307399,0.650922439,8.99999908,-5.97505453,-0.454895671,-2.880774e-15
0.000342195313,-6.16252393e-15,9.0,-4.9622706,0.0020921422,0.664290284,0.65302386,8.99999908,-5.94358013,-0.452249963,-2.86916552e-15
0.000343195313,1.96916277e-15,9.0,-4.92773417,0.00208350208,0.664273004,0.655148361,8.99999908,-5.91185336,-0.449584361,-2.85744397e-15
0.000344195313,-3.70566432e-15,9.0,-4.8929668,0.0020747797,0.664255559,0.657295822,8.99999908,-5.87987596,-0.44689901,-2.84560978e-15
0.000345195313,-6.08105273e-15,9.0,-4.85797036,0.00206597542,0.664237951,0.659466119,8.99999908,-5.84764967,-0.444194057,-2.8336634e-15
0.000346195313,1.9600247e-15,9.0,-4.82274673,0.00205708957,0.664220179,0.66165913,8.99999908,-5.81517625,-0.441469648,-2.82160527e-15
0.000347195313,-4.00148797e-15,9.0,-4.78729783,0.00204812252,0.664202245,0.66387473,8.99999908,-5.78245747,-0.438725931,-2.80943583e-15
0.000348195313,-5.99079678e-15,9.0,-4.75162556,0.00203907461,0.664184149,0.666112793,8.99999908,-5.74949512,-0.435963055,-2.79715553e-15
0.000349195313,1.94114469e-15,9.0,-4.71573183,0.0020299462,0.664165892,0.668373192,8.99999908,-5.71629098,-0.433181169,-2.78476483e-15
0.000350195313,-4.29340157e-15,9.0,-4.67961858,0.00202073765,0.664147475,0.6706558,8.99999908,-5.68284687,-0.430380424,-2.77226418e-15
0.000351195313,-5.89210687e-15,9.0,-4.64328775,0.00201144933,0.664128899,0.672960487,8.99999908,-5.64916459,-0.427560972,-2.75965405e-15
0.000352195313,1.91242335e-15,9.0,-4.60674128,0.00200208159,0.664110163,0.675287125,8.99999908,-5.61524597,-0.424722963,-2.7469349e-15
0.000353195313,-4.58087647e-15,9.0,-4.56998113,0.00199263482,0.66409127,0.677635582,8.99999908,-5.58109284,-0.421866552,-2.73410721e-15
0.000354195313,-5.78535135e-15,9.0,-4.53300927,0.00198310938,0.664072219,0.680005727,8.99999908,-5.54670706,-0.418991893,-2.72117145e-15
0.000355195313,1.87378575e-15,9.0,-4.49582767,0.00197350566,0.664053011,0.682397427,8.99999908,-5.51209047,-0.416099138,-2.7081281e-15
0.000356195313,-4.86339235e-15,9.0,-4.45843833,0.00196382402,0.664033648,0.684810547,8.99999908,-5.47724495,-0.413188445,-2.69497764e-15
0.000357195313,-5.67091523e-15,9.0,-4.42084322,0.00195406485,0.66401413,0.687244954,8.99999908,-5.44217237,-0.410259969,-2.68172056e-15
0.000358195313,1.82518165e-15,9.0,-4.38304436,0.00194422854,0.663994457,0.689700512,8.99999908,-5.40687461,-0.407313867,-2.66835735e-15
0.000359195313,-5.14043835e-15,9.0,-4.34504376,0.00193431548,0.663974631,0.692177084,8.99999908,-5.37135358,-0.404350296,-2.6548885e-15
0.000360195313,-5.54919921e-15,9.0,-4.30684343,0.00192432605,0.663954652,0.694674533,8.99999908,-5.33561117,-0.401369416,-2.64131453e-15
0.000361195313,1.76658565e-15,9.0,-4.2684454,0.00191426066,0.663934521,0.697192721,8.99999908,-5.2996493,-0.398371384,-2.62763592e-15
0.000362195313,-5.41151425e-15,9.0,-4.2298517,0.00190411969,0.663914239,0.699731507,8.99999908,-5.2634699,-0.39535636,-2.61385319e-15
0.000363195313,-5.42061878e-15,9.0,-4.19106438,0.00189390355,0.663893807,0.702290753,8.99999908,-5.22707488,-0.392324506,-2.59996685e-15
0.000364195313,1.69799733e-15,9.0,-4.15208549,0.00188361264,0.663873225,0.704870317,8.99999908,-5.19046621,-0.389275982,-2.58597742e-15
0.000365195313,-5.67613151e-15,9.0,-4.11291709,0.00187324737,0.663852495,0.707470057,8.99999908,-5.15364582,-0.38621095,-2.57188541e-15
0.000366195313,-5.28560313e-15,9.0,-4.07356124,0.00186280815,0.663831616,0.710089831,8.99999908,-5.11661567,-0.383129572,-2.55769135e-15
0.000367195313,1.61944125e-15,9.0,-4.03402,0.00185229539,0.663810591,0.712729494,8.99999908,-5.07937772,-0.380032011,-2.54339576e-15
0.000368195313,-5.93381439e-15,9.0,-3.99429547,0.0018417095,0.663789419,0.715388904,8.99999908,-5.04193396,-0.376918431,-2.52899919e-15
0.000369195313,-5.14459419e-15,9.0,-3.95438972,0.0018310509,0.663768102,0.718067914,8.99999908,-5.00428636,-0.373788997,-2.51450215e-15
0.000370195313,1.530967e-15,9.0,-3.91430485,0.00182032002,0.66374664,0.720766379,8.99999908,-4.96643692,-0.370643872,-2.4999052e-15
0.000371195313,-6.18410095e-15,9.0,-3.87404295,0.00180951727,0.663725035,0.723484152,8.99999908,-4.92838762,-0.367483223,-2.48520888e-15
0.000372195313,-4.99804554e-15,9.0,-3.83360614,0.00179864309,0.663703286,0.726221085,8.99999908,-4.89014048,-0.364307216,-2.47041373e-15
0.000373195313,1.43264908e-15,9.0,-3.79299651,0.0017876979,0.663681396,0.728977031,8.99999908,-4.8516975,-0.361116016,-2.4555203e-15
0.000374195313,-6.42654412e-15,9.0,-3.7522162,0.00177668214,0.663659364,0.73175184,8.99999908,-4.81306071,-0.357909791,-2.44052915e-15
0.000375195313,-4.8464213e-15,9.0,-3.71126731,0.00176559623,0.663637192,0.734545362,8.99999908,-4.77423213,-0.35468871,-2.42544084e-15
0.000376195313,1.3245868e-15,9.0,-3.67015197,0.00175444063,0.663614881,0.737357449,8.99999908,-4.73521379,-0.351452938,-2.41025593e-15
0.000377195313,-6.66071265e-15,9.0,-3.62887233,0.00174321576,0.663592432,0.740187947,8.99999908,-4.69600773,-0.348202647,-2.39497499e-15
0.000378195313,-4.69019508e-15,9.0,-3.58743051,0.00173192207,0.663569844,0.743036706,8.99999908,-4.656616,-0.344938003,-2.37959858e-15
0.000379195313,1.20690409e-15,9.0,-3.54582867,0.00172056,0.66354712,0.745903573,8.99999908,-4.61704065,-0.341659178,-2.36412728e-15
0.000380195313,-6.88619205e-15,9.0,-3.50406894,0.00170913002,0.66352426,0.748788395,8.99999908,-4.57728373,-0.338366341,-2.34856167e-15
0.000381195313,-4.52984875e-15,9.0,-3.46215349,0.00169763256,0.663501265,0.751691018,8.99999909,-4.53734732,-0.335059663,-2.33290233e-15
0.000382195313,1.07974928e-15,9.0,-3.42008446,0.00168606807,0.663478136,0.754611287,8.99999909,-4.49723348,-0.331739313,-2.31714984e-15
0.000383195313,-7.10258552e-15,9.0,-3.37786403,0.00167443703,0.663454874,0.757549049,8.99999909,-4.45694428,-0.328405465,-2.3013048e-15
0.000384195313,-4.3658714e-15,9.0,-3.33549435,0.00166273988,0.66343148,0.760504147,8.99999909,-4.41648181,-0.325058289,-2.28536779e-15
0.000385195313,9.43294748e-16,9.0,-3.29297761,0.00165097709,0.663407954,0.763476424,8.99999909,-4.37584815,-0.321697958,-2.26933941e-15
0.000386195313,-7.30951481e-15,9.0,-3.25031596,0.00163914913,0.663384298,0.766465725,8.99999909,-4.33504539,-0.318324643,-2.25322026e-15
0.000387195313,-4.19875809e-15,9.0,-3.20751159,0.00162725645,0.663360513,0.769471892,8.99999909,-4.29407563,-0.314938519,-2.23701094e-15
0.000388195313,7.97736636e-16,9.0,-3.16456668,0.00161529953,0.663336599,0.772494766,8.99999909,-4.25294097,-0.311539757,-2.22071206e-15
0.000389195313,-7.50662103e-15,9.0,-3.12148341,0.00160327884,0.663312558,0.77553419,8.99999909,-4.21164352,-0.308128533,-2.20432424e-15
0.000390195313,-4.0290087e-15,9.0,-3.07826398,0.00159119486,0.66328839,0.778590004,8.99999909,-4.17018538,-0.304705018,-2.18784807e-15
0.000391195313,6.43294392e-16,9.0,-3.03491057,0.00157904806,0.663264096,0.781662049,8.99999909,-4.12856866,-0.301269389,-2.17128419e-15
0.000392195313,-7.69356547e-15,9.0,-2.99142538,0.00156683892,0.663239678,0.784750165,8.99999909,-4.0867955,-0.297821818,-2.15463321e-15
0.000393195313,-3.85712675e-15,9.0,-2.9478106,0.00155456792,0.663215136,0.787854191,8.99999909,-4.044868,-0.294362481,-2.13789576e-15
0.000394195313,4.8021033e-16,9.0,-2.90406843,0.00154223555,0.663190471,0.790973966,8.99999909,-4.0027883,-0.290891553,-2.12107246e-15
0.000395195313,-7.8700303e-15,9.0,-2.86020108,0.0015298423,0.663165685,0.79410933,8.99999909,-3.96055852,-0.28740921,-2.10416395e-15
0.000396195313,-3.68361817e-15,9.0,-2.81621074,0.00151738865,0.663140777,0.797260119,8.99999909,-3.9181808,-0.283915626,-2.08717086e-15
0.000397195313,3.08749102e-16,9.0,-2.77209962,0.0015048751,0.66311575,0.800426172,8.99999909,-3.87565727,-0.280410977,-2.07009383e-15
0.000398195313,-8.03571928e-15,9.0,-2.72786994,0.00149230214,0.663090604,0.803607325,8.99999909,-3.83299008,-0.276895439,-2.0529335e-15
0.000399195313,-3.50899013e-15,9.0,-2.68352389,0.00147967027,0.663065341,0.806803416,8.99999909,-3.79018136,-0.27336919,-2.03569051e-15
0.000400195313,1.2919714e-16,9.0,-2.6390637,0.00146697998,0.66303996,0.810014281,8.99999909,-3.74723326,-0.269832404,-2.01836551e-15
0.000401195313,-8.19035838e-15,9.0,-2.59449156,0.00145423177,0.663014464,0.813239756,8.99999909,-3.70414793,-0.266285258,-2.00095917e-15
0.000402195313,-3.33374983e-15,9.0,-2.54980971,0.00144142616,0.662988852,0.816479677,8.99999909,-3.66092753,-0.26272793,-1.98347212e-15
0.000403195313,-5.81379727e-17,9.0,-2.50502034,0.00142856364,0.662963127,0.819733878,8.99999909,-3.61757419,-0.259160595,-1.96590503e-15
0.000404195313,-8.33369643e-15,9.0,-2.46012568,0.00141564473,0.662937289,0.823002195,8.99999909,-3.57409009,-0.255583432,-1.94825855e-15
0.000405195313,-3.15840328e-15,9.0,-2.41512794,0.00140266992,0.66291134,0.826284462,8.99999909,-3.53047736,-0.251996616,-1.93053337e-15
0.000406195313,-2.52928163e-16,9.0,-2.37002935,0.00138963974,0.662885279,0.829580514,8.99999909,-3.48673819,-0.248400326,-1.91273013e-15
0.000407195313,-8.46550557e-15,9.0,-2.32483211,0.0013765547,0.662859109,0.832890185,8.99999909,-3.44287472,-0.244794739,-1.89484952e-15
0.000408195313,-2.98345411e-15,9.0,-2.27953845,0.00136341532,0.662832831,0.836213307,8.99999909,-3.39888911,-0.241180032,-1.8768922e-15
0.000409195313,-4.54825587e-16,9.0,-2.23415058,0.00135022211,0.662806444,0.839549714,8.99999909,-3.35478354,-0.237556383,-1.85885886e-15
0.000410195313,-8.58558181e-15,9.0,-2.18867072,0.0013369756,0.662779951,0.84289924,8.99999909,-3.31056017,-0.233923968,-1.84075018e-15
0.000411195313,-2.80940237e-15,9.0,-2.14310109,0.0013236763,0.662753353,0.846261718,8.99999909,-3.26622116,-0.230282967,-1.82256683e-15
0.000412195313,-6.63463397e-16,9.0,-2.09744391,0.00131032475,0.66272665,0.849636979,8.99999909,-3.22176868,-0.226633556,-1.80430951e-15
0.000413195313,-8.69374542e-15,9.0,-2.0517014,0.00129692147,0.662699843,0.853024855,8.9999991,-3.1772049,-0.222975914,-1.78597891e-15
0.000414195313,-2.63674335e-15,9.0,-2.00587576,0.00128346699,0.662672934,0.85642518,8.9999991,-3.13253199,-0.219310217,-1.76757572e-15
0.000415195313,-8.78456542e-16,9.0,-1.95996923,0.00126996184,0.662645924,0.859837785,8.9999991,-3.08775211,-0.215636644,-1.74910063e-15
0.000416195313,-8.78984135e-15,9.0,-1.91398401,0.00125640656,0.662618813,0.863262502,8.9999991,-3.04286744,-0.211955372,-1.73055434e-15
0.000417195313,-2.46596641e-15,9.0,-1.86792231,0.00124280167,0.662591603,0.866699161,8.9999991,-2.99788015,-0.20826658,-1.71193756e-15
0.000418195313,-1.09940262e-15,9.0,-1.82178635,0.00122914772,0.662564295,0.870147595,8.9999991,-2.95279241,-0.204570444,-1.69325099e-15
0.000419195313,-8.87373949e-15,9.0,-1.77557835,0.00121544525,0.662536891,0.873607634,8.9999991,-2.90760638,-0.200867142,-1.67449534e-15
0.000420195313,-2.29755382e-15,9.0,-1.7293005,0.00120169479,0.66250939,0.877079109,8.9999991,-2.86232424,-0.197156853,-1.65567132e-15
0.000421195313,-1.32588278e-15,9.0,-1.68295503,0.00118789689,0.662481794,0.880561851,8.9999991,-2.81694816,-0.193439752,-1.63677964e-15
0.000422195313,-8.94533499e-15,9.0,-1.63654413,0.00117405209,0.662454104,0.884055691,8.9999991,-2.7714803,-0.189716019,-1.61782102e-15
0.000423195313,-2.1319796e-15,9.0,-1.59007001,0.00116016095,0.662426322,0.88756046,8.9999991,-2.72592283,-0.18598583,-1.59879617e-15
0.000424195313,-1.55746262e-15,9.0,-1.54353488,0.001146224,0.662398448,0.891075987,8.9999991,-2.68027793,-0.182249362,-1.57970583e-15
0.000425195313,-9.00454846e-15,9.0,-1.49694093,0.00113224181,0.662370484,0.894602103,8.9999991,-2.63454775,-0.178506792,-1.56055072e-15
0.000426195313,-1.96970843e-15,9.0,-1.45029037,0.00111821491,0.66234243,0.898138638,8.9999991,-2.58873447,-0.174758298,-1.54133156e-15
0.000427195313,-1.7936932e-15,9.0,-1.40358538,0.00110414387,0.662314288,0.901685422,8.9999991,-2.54284024,-0.171004055,-1.52204908e-15
0.000428195313,-9.0513261e-15,9.0,-1.35682817,0.00109002924,0.662286058,0.905242287,8.9999991,-2.49686724,-0.167244242,-1.50270402e-15
0.000429195313,-1.81119454e-15,9.0,-1.31002092,0.00107587158,0.662257743,0.90880906,8.9999991,-2.45081762,-0.163479035,-1.48329711e-15
0.000430195313,-2.03411201e-15,9.0,-1.26316582,0.00106167144,0.662229343,0.912385574,8.9999991,-2.40469354,-0.159708609,-1.46382909e-15
0.000431195313,-9.08563978e-15,9.0,-1.21626505,0.00104742939,0.662200859,0.915971657,8.9999991,-2.35849715,-0.155933141,-1.44430071e-15
0.000432195313,-1.65688061e-15,9.0,-1.16932081,0.00103314599,0.662172292,0.919567139,8.9999991,-2.31223063,-0.152152807,-1.4247127e-15
0.000433195313,-2.27824399e-15,9.0,-1.12233525,0.0010188218,0.662143644,0.923171851,8.9999991,-2.26589611,-0.148367782,-1.40506582e-15
0.000434195313,-9.10748713e-15,9.0,-1.07531057,0.00100445739,0.662114915,0.926785622,8.9999991,-2.21949576,-0.144578243,-1.3853608e-15
0.000435195313,-1.50719675e-15,9.0,-1.02824893,0.000990053328,0.662086107,0.930408283,8.9999991,-2.17303172,-0.140784365,-1.36559841e-15
0.000436195313,-2.52560264e-15,9.0,-0.981152493,0.00097561018,0.66205722,0.934039663,8.9999991,-2.12650614,-0.136986322,-1.3457794e-15
0.000437195313,-9.11689148e-15,9.0,-0.934023432,0.000961128516,0.662028257,0.937679593,8.9999991,-2.07992116,-0.13318429,-1.32590452e-15
0.000438195313,-1.36255949e-15,9.0,-0.886863904,0.000946608908,0.661999218,0.941327902,8.9999991,-2.03327893,-0.129378444,-1.30597454e-15
0.000439195313,-2.77569107e-15,9.0,-0.839676065,0.000932051929,0.661970104,0.944984421,8.9999991,-1.98658159,-0.125568956,-1.28599021e-15
0.000440195313,-9.11390177e-15,9.0,-0.792462066,0.000917458155,0.661940916,0.948648979,8.9999991,-1.93983127,-0.121756003,-1.2659523e-15
0.000441195313,-1.22337076e-15,9.0,-0.745224055,0.000902828162,0.661911656,0.952321408,8.99999911,-1.8930301,-0.117939757,-1.24586157e-15
0.000442195313,-3.02800312e-15,9.0,-0.697964176,0.000888162526,0.661882325,0.956001538,8.99999911,-1.84618022,-0.114120391,-1.2257188e-15
0.000443195313,-9.09859243e-15,9.0,-0.650684566,0.000873461827,0.661852924,0.959689198,8.99999911,-1.79928374,-0.11029808,-1.20552475e-15
0.000444195313,-1.09001699e-15,9.0,-0.60338736,0.000858726645,0.661823453,0.96338422,8.99999911,-1.75234281,-0.106472995,-1.1852802e-15
0.000445195313,-3.28202453e-15,9.0,-0.556074687,0.000843957562,0.661793915,0.967086434,8.99999911,-1.70535953,-0.10264531,-1.16498592e-15
0.000446195313,-9.07106317e-15,9.0,-0.508748672,0.000829155161,0.66176431,0.970795671,8.99999911,-1.65833602,-0.098815197,-1.14464269e-15
0.000447195313,-9.62868147e-16,9.0,-0.461411432,0.000814320027,0.66173464,0.974511762,8.99999911,-1.61127439,-0.0949828269,-1.12425129e-15
0.000448195313,-3.53723405e-15,9.0,-0.414065084,0.000799452744,0.661704905,0.978234538,8.99999911,-1.56417676,-0.0911483719,-1.10381251e-15
0.000449195313,-9.03143875e-15,9.0,-0.366711735,0.000784553901,0.661675108,0.981963831,8.99999911,-1.51704522,-0.0873120029,-1.08332713e-15
0.000450195313,-8.42276884e-16,9.0,-0.31935349,0.000769624084,0.661645248,0.985699472,8.99999911,-1.46988188,-0.0834738907,-1.06279592e-15
0.000451195313,-3.79310463e-15,9.0,-0.271992445,0.000754663884,0.661615328,0.989441292,8.99999911,-1.42268883,-0.0796342056,-1.0422197e-15
0.000452195313,-8.97986864e-15,9.0,-0.224630696,0.000739673892,0.661585348,0.993189123,8.99999911,-1.37546817,-0.0757931178,-1.02159923e-15
0.000453195313,-7.28577711e-16,9.0,-0.177270327,0.000724654698,0.661555309,0.996942798,8.99999911,-1.32822198,-0.0719507966,-1.00093533e-15
0.000454195313,-4.04910462e-15,9.0,-0.12991342,0.000709606896,0.661525214,1.00070215,8.99999911,-1.28095234,-0.0681074113,-9.80228772e-16
0.000455195313,-8.91652666e-15,9.0,-0.0825620506,0.000694531081,0.661495062,1.00446701,8.99999911,-1.23366133,-0.0642631307,-9.59480366e-16
0.000456195313,-6.22086193e-16,9.0,-0.0352182882,0.000679427846,0.661464856,1.00823721,8.99999911,-1.18635103,-0.060418123,-9.38690908e-16
0.000457195313,-4.3052541e-15,9.0,0.0120935507,0.000664297788,0.661434596,1.01201077,8.99999911,-1.13904576,-0.0565743646,-9.17861199e-16
0.000458195313,-8.84104015e-15,9.0,0.0594366877,0.000649141506,0.661404283,1.01579283,8.99999911,-1.0916823,-0.0527267186,-8.96992041e-16
0.000459195313,-5.22574093e-16,9.0,0.106748181,0.000633959596,0.661373919,1.01957829,8.99999911,-1.0443236,-0.0488802993,-8.7608424e-16
0.000460195313,-4.5604594e-15,9.0,0.154038241,0.000618752658,0.661343505,1.02336796,8.99999911,-0.99695945,-0.0450342775,-8.55138601e-16
0.000461195313,-8.75472619e-15,9.0,0.201315671,0.000603521294,0.661313043,1.02716257,8.99999911,-0.949581068,-0.0411879387,-8.34155934e-16
0.000462195313,-4.31412637e-16,9.0,0.248568335,0.000588266103,0.661282532,1.03096112,8.99999911,-0.902200596,-0.0373422694,-8.13137048e-16
0.000463195313,-4.8136259e-15,9.0,0.295803628,0.000572987689,0.661251975,1.03476422,8.99999911,-0.854810652,-0.0334966692,-7.92082757e-16
0.000464195313,-8.65730492e-15,9.0,0.34301075,0.000557686654,0.661221373,1.03857098,8.99999911,-0.807422048,-0.0296520165,-7.70993872e-16
0.000465195313,-3.48285748e-16,9.0,0.390195881,0.000542363602,0.661190727,1.04238191,8.99999911,-0.76002862,-0.0258078097,-7.49871211e-16
0.000466195313,-5.06477072e-15,9.0,0.437349378,0.000527019139,0.661160038,1.04619622,8.99999911,-0.712640025,-0.0219648332,-7.2871559e-16
0.000467195313,-8.54904293e-15,9.0,0.484476369,0.00051165387,0.661129308,1.05001433,8.99999911,-0.665251152,-0.0181226711,-7.07527828e-16
0.000468195313,-2.7342612e-16,9.0,0.531568218,0.000496268402,0.661098537,1.05383554,8.99999912,-0.617870654,-0.0142820259,-6.86308746e-16
0.000469195313,-5.31335731e-15,9.0,0.578629142,0.000480863342,0.661067727,1.05766017,8.99999912,-0.570494332,-0.0104425559,-6.65059166e-16
0.000470195313,-8.43022856e-15,9.0,0.625651384,0.000465439299,0.661036879,1.06148761,8.99999912,-0.523129966,-0.00660489255,-6.43779911e-16
0.000471195313,-2.0704425e-16,9.0,0.672638371,0.00044999688,0.661005994,1.06531812,8.99999912,-0.475774147,-0.00276875824,-6.22471808e-16
0.000472195313,-5.55943661e-15,9.0,0.719560125,0.000434536697,0.660975073,1.06914926,8.99999912,-0.428456882,0.0010634098,-6.01135682e-16
0.000473195313,-8.30057029e-15,9.0,0.766486837,0.000419059359,0.660944119,1.07298674,8.99999912,-0.381107997,0.00489731383,-5.79772363e-16
0.000474195313,-1.48775826e-16,9.0,0.813349184,0.000403565477,0.660913131,1.07682492,8.99999912,-0.333796833,0.00872732037,-5.58382679e-16
0.000475195313,-5.8018925e-15,9.0,0.860162156,0.000388055663,0.660882111,1.08066502,8.99999912,-0.286508432,0.0125546458,-5.36967463e-16
0.000476195313,-8.16155217e-15,9.0,0.906931015,0.000372530529,0.660851061,1.08450745,8.99999912,-0.239237557,0.0163797164,-5.15527546e-16
0.000477195313,-9.99397762e-17,9.0,0.95364713,0.000356990688,0.660819981,1.08835151,8.99999912,-0.191992869,0.0202018293,-4.94063763e-16
0.000478195313,-6.03961397e-15,9.0,1.00031485,0.000341436754,0.660788874,1.09219755,8.99999912,-0.144770045,0.0240213368,-4.72576948e-16
0.000479195313,-8.01297142e-15,9.0,1.04692642,0.000325869341,0.660757739,1.09604494,8.99999912,-0.0975768694,0.0278376073,-4.5106794e-16
0.000480195313,-6.00762168e-17,9.0,1.09348541,0.000310289063,0.660726578,1.09989395,8.99999912,-0.0504098083,0.0316509288,-4.29537575e-16
0.000481195313,-6.27326527e-15,9.0,1.13996161,0.000294696535,0.660695393,1.10374213,8.99999912,-0.00329910867,0.0354588449,-4.07986693e-16
0.000482195313,-7.85458157e-15,9.0,1.18642605,0.000279092373,0.660664185,1.10759525,8.99999912,0.0438262397,0.0392671262,-3.86416134e-16
0.000483195313,-2.87376303e-17,9.0,1.23280872,0.000263477193,0.660632954,1.11144761,8.99999912,0.090896185,0.0430700817,-3.64826739e-16
0.000484195313,-6.50173583e-15,9.0,1.27912496,0.000247851611,0.660601703,1.11530045,8.99999912,0.137926045,0.0468689573,-3.43219352e-16
0.000485195313,-7.68794913e-15,9.0,1.32538007,0.000232216245,0.660570433,1.11915419,8.99999912,0.184921069,0.0506641805,-3.21594816e-16
0.000486195313,-7.19747264e-18,9.0,1.37156552,0.000216571711,0.660539143,1.12300814,8.99999912,0.231872704,0.0544550578,-2.99953977e-16
0.000487195313,-6.72392373e-15,9.0,1.41768572,0.000200918627,0.660507837,1.12686264,8.99999912,0.278785303,0.058241944,-2.78297679e-16
0.000488195313,-7.51351832e-15,9.0,1.46370971,0.000185257611,0.660476515,1.13071518,8.99999912,0.325627873,0.0620223222,-2.5662677e-16
0.000489195313,5.10606949e-18,9.0,1.50968621,0.000169589282,0.660445179,1.1345697,8.99999912,0.372449088,0.0658001486,-2.34942099e-16
0.000490195313,-6.93873875e-15,9.0,1.55561277,0.000153914257,0.660413829,1.138426,8.99999912,0.419246463,0.069575222,-2.13244514e-16
0.000491195313,-7.330528e-15,9.0,1.60144153,0.000138233156,0.660382466,1.14228018,8.99999912,0.465972116,0.0733436535,-1.91534864e-16
0.000492195313,7.5412364e-18,9.0,1.64719045,0.000122546599,0.660351093,1.1461337,8.99999912,0.512643945,0.0771068988,-1.69814002e-16
0.000493195313,-7.14809288e-15,9.0,1.6928626,0.000106855203,0.66031971,1.14998679,8.99999912,0.559264977,0.0808652053,-1.48082778e-16
0.000494195313,-7.14000274e-15,9.0,1.73845168,9.11595883e-05,0.660288319,1.15383893,8.99999913,0.605828853,0.0846180575,-1.26342045e-16
0.000495195313,1.26888035e-18,9.0,1.78396014,7.54603751e-05,0.660256921,1.15769032,8.99999913,0.652338002,0.0883656544,-1.04592657e-16
0.000496195313,-7.35032083e-15,9.0,1.82938227,5.97581829e-05,0.660225516,1.16154047,8.99999913,0.69878665,0.0921075284,-8.28354669e-17
0.000497195313,-6.94237293e-15,9.0,1.87472003,4.40536315e-05,0.660194107,1.16538955,8.99999913,0.74517671,0.0958438364,-6.10713301e-17
0.000498195313,-1.43124939e-17,9.0,1.91996821,2.8347341e-05,0.660162695,1.16923712,8.99999913,0.791502925,0.0995741526,-3.93011022e-17
0.000499195313,-7.54496587e-15,9.0,1.96512832,1.26399313e-05,0.66013128,1.17308329,8.99999913,0.837766756,0.103298598,-1.75256394e-17
0.000500195313,-6.73809961e-15,9.0,2.0101956,-3.06797734e-06,0.660099864,1.17692766,8.99999913,0.883963397,0.107016782,4.25420162e-18
0.000501195313,-3.91728701e-17,9.0,2.0551712,-1.87757649e-05,0.660068448,1.18077032,8.99999913,0.930093923,0.110728796,2.60375633e-17
0.000502195313,-7.73158538e-15,9.0,2.10005074,-3.44828112e-05,0.660037034,1.18461091,8.99999913,0.976153923,0.114434282,4.78235875e-17
0.000503195313,-6.52765581e-15,9.0,2.14483501,-5.01884961e-05,0.660005623,1.18844947,8.99999913,1.02214413,0.118133301,6.96114159e-17
0.000504195313,-7.32575975e-17,9.0,2.18952002,-6.58921997e-05,0.659974216,1.19228567,8.99999913,1.06806049,0.121825525,9.14001892e-17
0.000505195313,-7.90975189e-15,9.0,2.23410626,-8.1593302e-05,0.659942813,1.19611954,8.99999913,1.11390344,0.125510993,1.13189048e-16
0.000506195313,-6.31152539e-15,9.0,2.27859003,-9.72911832e-05,0.659911418,1.19995076,8.99999913,1.15966923,0.1291894,1.34977132e-16
0.000507195313,-1.16487513e-16,9.0,2.32297158,-0.000112985223,0.65988003,1.20377936,8.99999913,1.20535805,0.132860764,1.56763581e-16
0.000508195313,-8.07905401e-15,9.0,2.36724749,-0.000128674803,0.65984865,1.20760503,8.99999913,1.25096641,0.136524804,1.78547534e-16
0.000509195313,-6.090202e-15,9.0,2.41141779,-0.000144359303,0.659817281,1.21142777,8.99999913,1.29649428,0.14018152,2.00328131e-16
0.000510195313,-1.68759122e-16,9.0,2.45547929,-0.000160038104,0.659785924,1.2152473,8.99999913,1.34193842,0.143830649,2.22104509e-16
0.000511195313,-8.23909742e-15,9.0,2.49943184,-0.000175710587,0.659754579,1.21906361,8.99999913,1.38729861,0.147472175,2.43875807e-16
0.000512195313,-5.86418787e-15,9.0,2.54327246,-0.000191376133,0.659723248,1.22287644,8.99999913,1.43257182,0.151105855,2.65641163e-16
0.000513195313,-2.29944834e-16,9.0,2.58700084,-0.000207034124,0.659691932,1.22668575,8.99999913,1.47775766,0.154731659,2.87399715e-16
0.000514195313,-8.38950578e-15,9.0,2.63061419,-0.000222683941,0.659660632,1.23049129,8.99999913,1.52285329,0.158349358,3.09150601e-16
0.000515195313,-5.63399271e-15,9.0,2.67411207,-0.000238324968,0.65962935,1.23429303,8.99999913,1.56785819,0.161958912,3.30892957e-16
0.000516195313,-2.99893256e-16,9.0,2.71749184,-0.000253956585,0.659598087,1.23809074,8.99999913,1.61276967,0.165560104,3.52625922e-16
0.000517195313,-8.52992154e-15,9.0,2.76075295,-0.000269578177,0.659566844,1.24188434,8.99999913,1.6575871,0.169152885,3.74348634e-16
0.000518195313,-5.40013253e-15,9.0,2.80389292,-0.000285189127,0.659535622,1.24567364,8.99999913,1.70230794,0.172737051,3.96060228e-16
0.000519195313,-3.78429546e-16,9.0,2.84691108,-0.000300788817,0.659504422,1.24945857,8.99999913,1.74693144,0.176312543,4.17759843e-16
0.000520195313,-8.66000682e-15,9.0,2.8898051,-0.000316376633,0.659473247,1.25323891,8.99999914,1.79145521,0.17987917,4.39446616e-16
0.000521195313,-5.16312844e-15,9.0,2.93257421,-0.000331951959,0.659442096,1.25701459,8.99999914,1.8358784,0.183436864,4.61119684e-16
0.000522195313,-4.65355811e-16,9.0,2.97521621,-0.000347514181,0.659410972,1.26078543,8.99999914,1.88019875,0.186985444,4.82778185e-16
0.000523195313,-8.77944416e-15,9.0,3.01773026,-0.000363062682,0.659379875,1.26455133,8.99999914,1.92441534,0.190524837,5.04421257e-16
0.000524195313,-4.92350546e-15,9.0,3.06011424,-0.000378596851,0.659348806,1.2683121,8.99999914,1.96852599,0.194054869,5.26048037e-16
0.000525195313,-5.60451571e-16,9.0,3.10236728,-0.000394116074,0.659317768,1.27206768,8.99999914,2.01252973,0.197575464,5.47657664e-16
0.000526195313,-8.88793727e-15,9.0,3.14448736,-0.000409619737,0.659286761,1.27581786,8.99999914,2.05642448,0.201086454,5.69249276e-16
0.000527195313,-4.68179133e-15,9.0,3.18647353,-0.000425107229,0.659255786,1.27956257,8.99999914,2.10020922,0.204587759,5.90822011e-16
0.000528195313,-6.63474269e-16,9.0,3.22832387,-0.000440577939,0.659224844,1.28330163,8.99999914,2.14388195,0.208079218,6.12375009e-16
0.000529195313,-8.98521171e-15,9.0,3.2700374,-0.000456031256,0.659193937,1.28703495,8.99999914,2.1874416,0.211560749,6.33907408e-16
0.000530195313,-4.43851531e-15,9.0,3.31161227,-0.000471466569,0.659163067,1.29076235,8.99999914,2.23088625,0.215032196,6.55418348e-16
0.000531195313,-7.74159834e-16,9.0,3.35304745,-0.000486883269,0.659132233,1.29448374,8.99999914,2.27421481,0.218493473,6.7690697e-16
0.000532195313,-9.07101551e-15,9.0,3.39434118,-0.000502280748,0.659101439,1.29819897,8.99999914,2.31742541,0.221944432,6.98372413e-16
0.000533195313,-4.19420692e-15,9.0,3.43549241,-0.000517658398,0.659070683,1.30190792,8.99999914,2.36051693,0.225384985,7.19813819e-16
0.000534195313,-8.922233e-16,9.0,3.47649943,-0.000533015612,0.659039969,1.30561044,8.99999914,2.40348759,0.228814987,7.41230329e-16
0.000535195313,-9.1451198e-15,9.0,3.51736117,-0.000548351783,0.659009296,1.30930643,8.99999914,2.44633622,0.232234348,7.62621086e-16
0.000536195313,-3.94939481e-15,9.0,3.55807598,-0.000563666307,0.658978667,1.31299574,8.99999914,2.4890611,0.23564293,7.83985232e-16
0.000537195313,-1.01735946e-15,9.0,3.59864279,-0.000578958577,0.658948083,1.31667826,8.99999914,2.53166106,0.23904064,8.0532191e-16
0.000538195313,-9.2073193e-15,9.0,3.63905998,-0.000594227992,0.658917544,1.32035384,8.99999914,2.57413442,0.242427346,8.26630264e-16
0.000539195313,-3.7046055e-15,9.0,3.67932647,-0.000609473947,0.658887052,1.32402239,8.99999914,2.61648,0.245802952,8.47909439e-16
0.000540195313,-1.14924359e-15,9.0,3.71944072,-0.000624695841,0.658856608,1.32768375,8.99999914,2.65869617,0.249167331,8.69158581e-16
0.000541195313,-9.25743282e-15,9.0,3.75940162,-0.000639893073,0.658826214,1.33133782,8.99999914,2.70078174,0.252520388,8.90376835e-16
0.000542195313,-3.46036218e-15,9.0,3.79920767,-0.000655065044,0.65879587,1.33498446,8.99999914,2.74273513,0.255861996,9.11563348e-16
0.000543195313,-1.2875322e-15,9.0,3.83885777,-0.000670211153,0.658765578,1.33862355,8.99999914,2.78455513,0.259192062,9.32717269e-16
0.000544195313,-9.2953037e-15,9.0,3.87835047,-0.000685330804,0.658735338,1.34225498,8.99999914,2.82624022,0.262510463,9.53837746e-16
0.000545195313,-3.21718355e-15,9.0,3.91768465,-0.000700423399,0.658705153,1.34587862,8.99999914,2.86778918,0.265817104,9.74923929e-16
0.000546195313,-1.43186382e-15,9.0,3.9568589,-0.000715488343,0.658675023,1.34949433,8.99999914,2.90920052,0.269111867,9.95974968e-16
0.000547195313,-9.32080017e-15,9.0,3.99587212,-0.00073052504,0.65864495,1.35310203,8.99999915,2.95047304,0.272394656,1.01699001e-15
0.000548195313,-2.97558262e-15,9.0,4.03472293,-0.000745532898,0.658614934,1.35670156,8.99999915,2.99160527,0.275665355,1.03796822e-15
0.000549195313,-1.58185989e-15,9.0,4.07341024,-0.000760511323,0.658584977,1.36029283,8.99999915,3.03259602,0.278923871,1.05890874e-15
0.000550195313,-9.33381567e-15,9.0,4.11193269,-0.000775459724,0.658555081,1.36387571,8.99999915,3.07344385,0.282170089,1.07981073e-15
0.000551195313,-2.73606556e-15,9.0,4.1502892,-0.000790377512,0.658525245,1.36745008,8.99999915,3.11414759,0.285403917,1.10067335e-15
0.000552195313,-1.73712559e-15,9.0,4.18847846,-0.000805264097,0.658495472,1.37101582,8.99999915,3.15470582,0.288625243,1.12149574e-15
0.000553195313,-9.33426909e-15,9.0,4.22649939,-0.000820118891,0.658465762,1.37457283,8.99999915,3.19511736,0.291833974,1.14227708e-15
0.000554195313,-2.49913054e-15,9.0,4.26435071,-0.000834941309,0.658436117,1.37812098,8.99999915,3.23538085,0.295030002,1.16301652e-15
0.000555195313,-1.8972508e-15,9.0,4.30203133,-0.000849730764,0.658406538,1.38166015,8.99999915,3.27549511,0.298213235,1.18371321e-15
0.000556195313,-9.32210503e-15,9.0,4.33954003,-0.000864486674,0.658377027,1.38519024,8.99999915,3.3154588,0.301383566,1.20436633e-15
0.000557195313,-2.26526659e-15,9.0,4.37687574,-0.000879208455,0.658347583,1.38871114,8.99999915,3.35527076,0.304540905,1.22497503e-15
0.000558195313,-2.06181104e-15,9.0,4.41403723,-0.000893895526,0.658318209,1.39222272,8.99999915,3.39492967,0.307685147,1.24553849e-15
0.000559195313,-9.29729388e-15,9.0,4.45102346,-0.000908547308,0.658288905,1.39572487,8.99999915,3.43443438,0.310816202,1.26605586e-15
0.000560195313,-2.03495255e-15,9.0,4.48783324,-0.000923163222,0.658259674,1.39921749,8.99999915,3.47378361,0.313933969,1.28652632e-15
0.000561195313,-2.23036849e-15,9.0,4.52446553,-0.000937742691,0.658230515,1.40270046,8.99999915,3.51297621,0.317038358,1.30694902e-15
0.000562195313,-9.25983192e-15,9.0,4.56091917,-0.00095228514,0.65820143,1.40617367,8.99999915,3.55201093,0.32012927,1.32732316e-15
0.000563195313,-1.80865589e-15,9.0,4.59719313,-0.000966789994,0.65817242,1.40963702,8.99999915,3.59088662,0.323206616,1.34764789e-15
0.000564195313,-2.40247297e-15,9.0,4.63328628,-0.000981256681,0.658143487,1.41309039,8.99999915,3.62960208,0.3262703,1.36792239e-15
0.000565195313,-9.20974141e-15,9.0,4.66919762,-0.00099568463,0.658114631,1.41653368,8.99999915,3.66815616,0.329320233,1.38814584e-15
0.000566195313,-1.58683178e-15,9.0,4.70492602,-0.00101007327,0.658085853,1.41996677,8.99999915,3.70654767,0.332356321,1.40831741e-15
0.000567195313,-2.57766306e-15,9.0,4.7404705,-0.00102442203,0.658057156,1.42338957,8.99999915,3.74477549,0.335378478,1.42843628e-15
0.000568195313,-9.14707046e-15,9.0,4.77582997,-0.00103873036,0.658028539,1.42680196,8.99999915,3.78283846,0.33838661,1.44850163e-15
0.000569195313,-1.36992195e-15,9.0,4.81100345,-0.00105299767,0.658000005,1.43020384,8.99999915,3.82073547,0.341380631,1.46851265e-15
0.000570195313,-2.7554671e-15,9.0,4.84598988,-0.00106722342,0.657971553,1.43359511,8.99999915,3.85846537,0.344360452,1.48846852e-15
0.000571195313,-9.07189304e-15,9.0,4.8807883,-0.00108140703,0.657943186,1.43697566,8.99999915,3.89602707,0.347325988,1.50836843e-15
0.000572195313,-1.15835379e-15,9.0,4.91539767,-0.00109554795,0.657914904,1.44034538,8.99999915,3.93341945,0.35027715,1.52821156e-15
0.000573195313,-2.93540438e-15,9.0,4.94981704,-0.00110964562,0.657886709,1.44370418,8.99999915,3.97064144,0.353213854,1.5479971e-15
0.000574195313,-8.98430875e-15,9.0,4.9840454,-0.00112369948,0.657858601,1.44705195,8.99999915,4.00769192,0.356136015,1.56772425e-15
0.000575195313,-9.52539302e-16,9.0,5.01808182,-0.00113770898,0.657830582,1.45038859,8.99999916,4.04456985,0.359043549,1.58739219e-15
0.000576195313,-3.11698622e-15,9.0,5.05192531,-0.00115167357,0.657802653,1.453714,8.99999916,4.08127414,0.361936373,1.60700013e-15
0.000577195313,-8.88444269e-15,9.0,5.08557495,-0.00116559269,0.657774815,1.45702809,8.99999916,4.11780375,0.364814405,1.62654727e-15
0.000578195313,-7.52874275e-16,9.0,5.11902978,-0.00117946579,0.657747068,1.46033074,8.99999916,4.15415762,0.367677561,1.64603279e-15
0.000579195313,-3.29971714e-15,9.0,5.15228889,-0.00119329234,0.657719415,1.46362186,8.99999916,4.19033472,0.370525764,1.66545592e-15
0.000580195313,-8.77244512e-15,9.0,5.18535135,-0.00120707177,0.657691856,1.46690136,8.99999916,4.22633401,0.37335893,1.68481584e-15
0.000581195313,-5.59737327e-16,9.0,5.21821627,-0.00122080355,0.657664393,1.47016913,8.99999916,4.26215448,0.376176983,1.70411177e-15
0.000582195313,-3.48309599e-15,9.0,5.25088273,-0.00123448713,0.657637026,1.47342509,8.99999916,4.29779512,0.378979841,1.72334291e-15
0.000583195313,-8.64849123e-15,9.0,5.28334985,-0.00124812198,0.657609756,1.47666912,8.99999916,4.33325493,0.381767429,1.74250848e-15
0.000584195313,-3.73489095e-16,9.0,5.31561676,-0.00126170755,0.657582585,1.47990115,8.99999916,4.3685329,0.384539669,1.76160769e-15
0.000585195313,-3.66661717e-15,9.0,5.34768258,-0.00127524332,0.657555513,1.48312106,8.99999916,4.40362807,0.387296484,1.78063976e-15
0.000586195313,-8.51278068e-15,9.0,5.37954645,-0.00128872874,0.657528543,1.48632878,8.99999916,4.43853945,0.390037799,1.7996039e-15
0.000587195313,-1.94471431e-16,9.0,5.41120754,-0.00130216328,0.657501673,1.4895242,8.99999916,4.47326609,0.39276354,1.81849933e-15
0.000588195313,-3.84977182e-15,9.0,5.44266497,-0.00131554642,0.657474907,1.49270723,8.99999916,4.50780701,0.395473631,1.83732528e-15
0.000589195313,-8.36553725e-15,9.0,5.47391795,-0.00132887762,0.657448245,1.49587779,8.99999916,4.54216129,0.398168,1.85608098e-15
0.000590195313,-2.30066421e-17,9.0,5.50496563,-0.00134215636,0.657421687,1.49903577,8.99999916,4.57632797,0.400846575,1.87476565e-15
0.000591195313,-4.03204899e-15,9.0,5.53580721,-0.00135538211,0.657395236,1.50218109,8.99999916,4.61030614,0.403509282,1.89337851e-15
0.000592195313,-8.20700827e-15,9.0,5.56644188,-0.00136855436,0.657368891,1.50531366,8.99999916,4.64409486,0.406156052,1.91191882e-15
0.000593195313,1.40603218e-16,9.0,5.59686886,-0.00138167257,0.657342655,1.50843339,8.99999916,4.67769323,0.408786813,1.9303858e-15
0.000594195313,-4.21293686e-15,9.0,5.62708735,-0.00139473624,0.657316528,1.51154018,8.99999916,4.71110034,0.411401497,1.94877868e-15
0.000595195313,-8.03746417e-15,9.0,5.65709658,-0.00140774485,0.65729051,1.51463396,8.99999916,4.74431531,0.414000034,1.96709672e-15
0.000596195313,2.96077011e-16,9.0,5.68689579,-0.00142069788,0.657264604,1.51771463,8.99999916,4.77733724,0.416582355,1.98533915e-15
0.000597195313,-4.39192396e-15,9.0,5.71648421,-0.00143359483,0.65723881,1.52078211,8.99999916,4.81016526,0.419148395,2.00350523e-15
0.000598195313,-7.85719784e-15,9.0,5.7458611,-0.00144643518,0.65721313,1.52383631,8.99999916,4.8427985,0.421698085,2.0215942e-15
0.000599195313,4.43155123e-16,9.0,5.77502573,-0.00145921843,0.657187563,1.52687714,8.99999916,4.87523611,0.424231359,2.03960531e-15
0.000600195313,-4.56850035e-15,9.0,5.80397736,-0.00147194407,0.657162112,1.52990452,8.99999916,4.90747722,0.426748154,2.05753782e-15
0.000601195313,-7.66652398e-15,9.0,5.83271527,-0.0014846116,0.657136777,1.53291837,8.99999916,4.93952101,0.429248403,2.07539099e-15
0.000602195313,5.81600036e-16,9.0,5.86123875,-0.00149722052,0.657111559,1.5359186,8.99999916,4.97136664,0.431732043,2.09316409e-15
0.000603195313,-4.74215887e-15,9.0,5.8895471,-0.00150977034,0.657086459,1.53890513,8.99999916,5.00301328,0.434199011,2.11085636e-15
0.000604195313,-7.46577846e-15,9.0,5.91763962,-0.00152226054,0.657061479,1.54187787,8.99999916,5.03446012,0.436649244,2.12846709e-15
0.000605195313,7.1119683e-16,9.0,5.94551564,-0.00153469066,0.657036619,1.54483674,8.99999916,5.06570635,0.439082681,2.14599554e-15
0.000606195313,-4.91239629e-15,9.0,5.97317447,-0.00154706019,0.65701188,1.54778167,8.99999916,5.09675117,0.44149926,2.16344098e-15
0.000607195313,-7.25531754e-15,9.0,6.00061544,-0.00155936864,0.656987263,1.55071257,8.99999917,5.12759379,0.443898922,2.1808027e-15
0.000608195313,8.31753644e-16,9.0,6.02783791,-0.00157161553,0.656962769,1.55362936,8.99999917,5.15823343,0.446281606,2.19807997e-15
0.000609195313,-5.07871454e-15,9.0,6.05484121,-0.00158380037,0.656938399,1.55653197,8.99999917,5.18866931,0.448647254,2.21527207e-15
0.000610195313,-7.03551713e-15,9.0,6.08162472,-0.00159592269,0.656914155,1.55942031,8.99999917,5.21890068,0.450995806,2.2323783e-15
0.000611195313,9.43102081e-16,9.0,6.10818779,-0.00160798201,0.656890036,1.5622943,8.99999917,5.24892676,0.453327207,2.24939794e-15
0.000612195313,-5.24062189e-15,9.0,6.1345298,-0.00161997784,0.656866044,1.56515387,8.99999917,5.27874682,0.455641398,2.26633028e-15
0.000613195313,-6.8067719e-15,9.0,6.16065015,-0.00163190972,0.656842181,1.56799895,8.99999917,5.30836012,0.457938323,2.28317461e-15
0.000614195313,1.04509755e-15,9.0,6.18654822,-0.00164377718,0.656818446,1.57082945,8.99999917,5.33776591,0.460217927,2.29993025e-15
0.000615195313,-5.39763409e-15,9.0,6.21222341,-0.00165557974,0.656794841,1.57364529,8.99999917,5.36696348,0.462480156,2.31659649e-15
0.000616195313,-6.56949449e-15,9.0,6.23767514,-0.00166731695,0.656771366,1.57644641,8.99999917,5.39595211,0.464724954,2.33317264e-15
0.000617195313,1.13761958e-15,9.0,6.26290282,-0.00167898833,0.656748023,1.57923273,8.99999917,5.42473109,0.466952268,2.34965801e-15
0.000618195313,-5.54927556e-15,9.0,6.28790588,-0.00169059342,0.656724813,1.58200418,8.99999917,5.45329973,0.469162045,2.36605191e-15
0.000619195313,-6.32411455e-15,9.0,6.31268376,-0.00170213178,0.656701736,1.58476068,8.99999917,5.48165732,0.471354234,2.38235365e-15
0.000620195313,1.22057202e-15,9.0,6.33723591,-0.00171360294,0.656678794,1.58750216,8.99999917,5.5098032,0.473528782,2.39856257e-15
0.000621195313,-5.69508049e-15,9.0,6.36156177,-0.00172500644,0.656655987,1.59022854,8.99999917,5.53773667,0.475685639,2.41467797e-15
0.000622195313,-6.07107778e-15,9.0,6.3856608,-0.00173634185,0.656633316,1.59293976,8.99999917,5.56545707,0.477824754,2.4306992e-15
0.000623195313,1.29388325e-15,9.0,6.40953248,-0.00174760871,0.656610783,1.59563575,8.99999917,5.59296375,0.479946077,2.44662558e-15
0.000624195313,-5.83459397e-15,9.0,6.43317628,-0.00175880658,0.656588387,1.59831643,8.99999917,5.62025604,0.482049561,2.46245644e-15
0.000625195313,-5.81084503e-15,9.0,6.45659168,-0.00176993501,0.65656613,1.60098174,8.99999917,5.64733332,0.484135156,2.47819113e-15
0.000626195313,1.3575063e-15,9.0,6.47977819,-0.00178099357,0.656544013,1.6036316,8.99999917,5.67419492,0.486202815,2.49382899e-15
0.000627195313,-5.9673731e-15,9.0,6.50273529,-0.00179198182,0.656522036,1.60626595,8.99999917,5.70084024,0.48825249,2.50936936e-15
0.000628195313,-5.54389117e-15,9.0,6.52546251,-0.00180289932,0.656500201,1.60888471,8.99999917,5.72726865,0.490284136,2.5248116e-15
0.000629195313,1.41141888e-15,9.0,6.54795935,-0.00181374565,0.656478509,1.61148783,8.99999917,5.75347953,0.492297706,2.54015505e-15
0.000630195313,-6.09298799e-15,9.0,6.57022534,-0.00182452037,0.656456959,1.61407524,8.99999917,5.77947228,0.494293156,2.55539908e-15
0.000631195313,-5.27070415e-15,9.0,6.59226001,-0.00183522307,0.656435554,1.61664686,8.99999917,5.80524629,0.49627044,2.57054305e-15
0.000632195313,1.45562345e-15,9.0,6.61406291,-0.00184585331,0.656414293,1.61920264,8.99999917,5.83080099,0.498229515,2.58558631e-15
0.000633195313,-6.21102285e-15,9.0,6.63563358,-0.00185641068,0.656393179,1.6217425,8.99999917,5.85613578,0.500170338,2.60052826e-15
0.000634195313,-4.99178384e-15,9.0,6.65697158,-0.00186689477,0.65637221,1.62426638,8.99999917,5.88125008,0.502092866,2.61536824e-15
0.000635195313,1.4901471e-15,9.0,6.67807647,-0.00187730515,0.65635139,1.62677423,8.99999917,5.90614334,0.503997057,2.63010566e-15
0.000636195313,-6.32107698e-15,9.0,6.69894783,-0.00188764142,0.656330717,1.62926597,8.99999917,5.93081499,0.505882869,2.64473987e-15
0.000637195313,-4.70764098e-15,9.0,6.71958523,-0.00189790317,0.656310194,1.63174154,8.99999917,5.95526447,0.507750262,2.65927028e-15
0.000638195313,1.51504151e-15,9.0,6.73998825,-0.00190809,0.65628982,1.63420088,8.99999917,5.97949124,0.509599195,2.67369628e-15
0.000639195313,-6.42276569e-15,9.0,6.7601565,-0.00191820149,0.656269597,1.63664394,8.99999917,6.00349476,0.511429629,2.68801724e-15
0.000640195313,-4.41879603e-15,9.0,6.78008958,-0.00192823726,0.656249525,1.63907063,8.99999917,6.0272745,0.513241524,2.70223259e-15
0.000641195313,1.53038272e-15,9.0,6.79978709,-0.0019381969,0.656229606,1.64148092,8.99999917,6.05082992,0.515034843,2.71634171e-15
0.000642195313,-6.51572132e-15,9.0,6.81924865,-0.00194808003,0.65620984,1.64387473,8.99999917,6.07416053,0.516809547,2.73034401e-15
0.000643195313,-4.12577803e-15,9.0,6.83847388,-0.00195788625,0.656190228,1.64625201,8.99999917,6.09726579,0.518565598,2.74423891e-15
0.000644195313,1.53627095e-15,9.0,6.85746241,-0.00196761518,0.65617077,1.64861269,8.99999917,6.12014522,0.520302961,2.75802582e-15
0.000645195313,-6.59959404e-15,9.0,6.87621389,-0.00197726643,0.656151467,1.65095672,8.99999918,6.14279831,0.5220216,2.77170416e-15
0.000646195313,-3.82912343e-15,9.0,6.89472796,-0.00198683962,0.656132321,1.65328405,8.99999918,6.16522458,0.523721478,2.78527335e-15
0.000647195313,1.5328303e-15,9.0,6.91300427,-0.00199633437,0.656113331,1.6555946,8.99999918,6.18742354,0.52540256,2.79873283e-15
0.000648195313,-6.67405276e-15,9.0,6.93104247,-0.00200575031,0.656094499,1.65788834,8.99999918,6.20939471,0.527064813,2.81208203e-15
0.000649195313,-3.52937489e-15,9.0,6.94884225,-0.00201508707,0.656075826,1.66016519,8.99999918,6.23113764,0.528708202,2.82532037e-15
0.000650195313,1.52020843e-15,9.0,6.96640326,-0.00202434428,0.656057311,1.66242511,8.99999918,6.25265185,0.530332694,2.83844732e-15
0.000651195313,-6.73878593e-15,9.0,6.9837252,-0.00203352156,0.656038957,1.66466803,8.99999918,6.27393689,0.531938257,2.8514623e-15
0.000652195313,-3.22708011e-15,9.0,7.00080775,-0.00204261857,0.656020763,1.66689391,8.99999918,6.29499231,0.533524858,2.86436478e-15
0.000653195313,1.49857617e-15,9.0,7.0176506,-0.00205163494,0.65600273,1.66910269,8.99999918,6.31581768,0.535092466,2.87715421e-15
0.000654195313,-6.7935023e-15,9.0,7.03425346,-0.00206057031,0.655984859,1.67129431,8.99999918,6.33641256,0.536641049,2.88983005e-15
0.000655195313,-2.92279062e-15,9.0,7.05061604,-0.00206942434,0.655967151,1.67346873,8.99999918,6.35677652,0.538170577,2.90239176e-15
0.000656195313,1.46812705e-15,9.0,7.06673804,-0.00207819667,0.655949607,1.67562588,8.99999918,6.37690914,0.539681021,2.91483881e-15
0.000657195313,-6.83793163e-15,9.0,7.0826192,-0.00208688695,0.655932226,1.67776572,8.99999918,6.39681,0.54117235,2.92717068e-15
0.000658195313,-2.61706054e-15,9.0,7.09825924,-0.00209549485,0.65591501,1.6798882,8.99999918,6.4164787,0.542644536,2.93938685e-15
0.000659195313,1.42907685e-15,9.0,7.1136579,-0.00210402002,0.65589796,1.68199326,8.99999918,6.43591483,0.544097551,2.95148679e-15
0.000660195313,-6.8718254e-15,9.0,7.12881491,-0.00211246213,0.655881076,1.68408085,8.99999918,6.455118,0.545531366,2.96347001e-15
0.000661195313,-2.31044538e-15,9.0,7.14373004,-0.00212082084,0.655864358,1.68615093,8.99999918,6.47408783,0.546945955,2.97533599e-15
0.000662195313,1.38166299e-15,9.0,7.15840303,-0.00212909583,0.655847808,1.68820344,8.99999918,6.49282393,0.548341291,2.98708422e-15
0.000663195313,-6.89495739e-15,9.0,7.17283364,-0.00213728676,0.655831426,1.69023833,8.99999918,6.51132592,0.549717347,2.99871422e-15
0.000664195313,-2.00350081e-15,9.0,7.18702166,-0.00214539332,0.655815213,1.69225555,8.99999918,6.52959343,0.551074098,3.01022549e-15
0.000665195313,1.32614399e-15,9.0,7.20096684,-0.00215341518,0.65579917,1.69425506,8.99999918,6.54762611,0.552411519,3.02161754e-15
0.000666195313,-6.90712428e-15,9.0,7.21466897,-0.00216135202,0.655783296,1.69623682,8.99999918,6.56542359,0.553729585,3.03288989e-15
0.000667195313,-1.69678144e-15,9.0,7.22812784,-0.00216920354,0.655767593,1.69820076,8.99999918,6.58298553,0.555028272,3.04404206e-15
0.000668195313,1.2627988e-15,9.0,7.24134324,-0.00217696943,0.655752061,1.70014684,8.99999918,6.60031158,0.556307555,3.05507358e-15
0.000669195313,-6.90814617e-15,9.0,7.25431498,-0.00218464937,0.655736701,1.70207502,8.99999918,6.6174014,0.557567413,3.06598398e-15
0.000670195313,-1.39083959e-15,9.0,7.26704286,-0.00219224306,0.655721514,1.70398526,8.99999918,6.63425467,0.558807823,3.0767728e-15
0.000671195313,1.19192609e-15,9.0,7.2795267,-0.00219975021,0.6557065,1.7058775,8.99999918,6.65087105,0.560028762,3.08743958e-15
0.000672195313,-6.89786703e-15,9.0,7.2917663,-0.00220717052,0.655691659,1.7077517,8.99999918,6.66725023,0.561230208,3.09798387e-15
0.000673195313,-1.08622409e-15,9.0,7.30376151,-0.00221450369,0.655676993,1.70960782,8.99999918,6.68339189,0.562412142,3.10840522e-15
0.000674195313,1.11384352e-15,9.0,7.31551214,-0.00222174943,0.655662501,1.71144581,8.99999918,6.69929573,0.563574541,3.11870319e-15
0.000675195313,-6.87615514e-15,9.0,7.32701805,-0.00222890747,0.655648185,1.71326563,8.99999918,6.71496144,0.564717386,3.12887734e-15
0.000676195313,-7.83479079e-16,9.0,7.33827906,-0.00223597751,0.655634045,1.71506724,8.99999918,6.73038873,0.565840657,3.13892724e-15
0.000677195313,1.02888694e-15,9.0,7.34929504,-0.00224295928,0.655620081,1.71685059,8.99999918,6.74557732,0.566944336,3.14885246e-15
0.000678195313,-6.84290344e-15,9.0,7.36006583,-0.0022498525,0.655606295,1.71861564,8.99999918,6.76052691,0.568028402,3.15865258e-15
0.000679195313,-4.83142779e-16,9.0,7.3705913,-0.0022566569,0.655592686,1.72036235,8.99999918,6.77523722,0.569092839,3.16832719e-15
0.000680195313,9.37409615e-16,9.0,7.38087132,-0.00226337221,0.655579256,1.72209068,8.99999918,6.789708,0.570137629,3.17787586e-15
0.000681195313,-6.79802982e-15,9.0,7.39090576,-0.00226999817,0.655566004,1.72380058,8.99999918,6.80393897,0.571162753,3.18729821e-15
0.000682195313,-1.85746351e-16,9.0,7.4006945,-0.00227653451,0.655552931,1.72549202,8.99999918,6.81792986,0.572168196,3.19659382e-15
0.000683195313,8.39781273e-16,9.0,7.41023742,-0.00228298098,0.655540038,1.72716496,8.99999918,6.83168044,0.573153941,3.2057623e-15
0.000684195313,-6.74147739e-15,9.0,7.41953442,-0.00228933732,0.655527325,1.72881936,8.99999918,6.84519044,0.574119973,3.21480325e-15
0.000685195313,1.08187284e-16,9.0,7.4285854,-0.00229560328,0.655514793,1.73045517,8.99999918,6.85845963,0.575066275,3.22371631e-15
0.000686195313,7.3638726e-16,9.0,7.43739024,-0.00230177861,0.655502443,1.73207236,8.99999918,6.87148777,0.575992833,3.23250108e-15
0.000687195313,-6.67321463e-15,9.0,7.44594888,-0.00230786308,0.655490274,1.7336709,8.99999918,6.88427462,0.576899633,3.24115719e-15
0.000688195313,3.98144586e-16,9.0,7.4542612,-0.00231385643,0.655478287,1.73525074,8.99999918,6.89681996,0.577786661,3.24968427e-15
0.000689195313,6.27627571e-16,9.0,7.46232715,-0.00231975844,0.655466483,1.73681184,8.99999918,6.90912357,0.578653902,3.25808196e-15
0.000690195313,-6.59323557e-15,9.0,7.47014664,-0.00232556886,0.655454862,1.73835418,8.99999918,6.92118524,0.579501345,3.2663499e-15
0.000691195313,6.83622517e-16,9.0,7.4777196,-0.00233128748,0.655443425,1.73987771,8.99999918,6.93300476,0.580328975,3.27448775e-15
0.000692195313,5.13915876e-16,9.0,7.48504597,-0.00233691406,0.655432172,1.7413824,8.99999918,6.94458191,0.581136782,3.28249514e-15
0.000693195313,-6.50155984e-15,9.0,7.49212569,-0.00234244839,0.655421103,1.7428682,8.99999918,6.95591651,0.581924753,3.29037174e-15
0.000694195313,9.64129637e-16,9.0,7.49895871,-0.00234789024,0.65541022,1.7443351,8.99999918,6.96700836,0.582692878,3.29811722e-15
0.000695195313,3.9567851e-16,9.0,7.50554498,-0.00235323939,0.655399521,1.74578305,8.99999918,6.97785728,0.583441144,3.30573125e-15
0.000696195313,-6.39823268e-15,9.0,7.51188446,-0.00235849565,0.655389009,1.74721201,8.99999918,6.98846307,0.584169543,3.31321349e-15
0.000697195313,1.23918718e-15,9.0,7.51797711,-0.0023636588,0.655378682,1.74862196,8.99999918,6.99882557,0.584878063,3.32056363e-15
0.000698195313,2.73353432e-16,9.0,7.52382291,-0.00236872863,0.655368543,1.75001286,8.99999918,7.0089446,0.585566696,3.32778136e-15
0.000699195313,-6.28332489e-15,9.0,7.52942182,-0.00237370495,0.65535859,1.75138468,8.99999919,7.01882,0.586235432,3.33486637e-15
0.000700195313,1.50833007e-15,9.0,7.53477382,-0.00237858756,0.655348825,1.75273738,8.99999919,7.02845161,0.586884263,3.34181835e-15
0.000701195313,1.47389159e-16,9.0,7.53987891,-0.00238337627,0.655339247,1.75407093,8.99999919,7.03783927,0.587513179,3.34863701e-15
0.000702195313,-6.15693276e-15,9.0,7.54473707,-0.00238807088,0.655329858,1.75538531,8.99999919,7.04698283,0.588122175,3.35532206e-15
0.000703195313,1.77110796e-15,9.0,7.54934829,-0.00239267122,0.655320658,1.75668048,8.99999919,7.05588214,0.588711241,3.36187321e-15
0.000704195313,1.82436723e-17,9.0,7.55371258,-0.0023971771,0.655311646,1.7579564,8.99999919,7.06453708,0.589280372,3.36829018e-15
0.000705195313,-6.01917786e-15,9.0,7.55782994,-0.00240158835,0.655302823,1.75921306,8.99999919,7.07294749,0.58982956,3.3745727e-15
0.000706195313,2.0270862e-15,9.0,7.56170039,-0.00240590478,0.65529419,1.76045041,8.99999919,7.08111326,0.5903588,3.3807205e-15
0.000707195313,-1.13616693e-16,9.0,7.56532394,-0.00241012623,0.655285748,1.76166843,8.99999919,7.08903426,0.590868086,3.38673331e-15
0.000708195313,-5.87020689e-15,9.0,7.5687006,-0.00241425254,0.655277495,1.76286709,8.99999919,7.09671036,0.591357412,3.39261089e-15
0.000709195313,2.27584674e-15,9.0,7.57183042,-0.00241828353,0.655269433,1.76404637,8.99999919,7.10414146,0.591826774,3.39835297e-15
0.000710195313,-2.47718386e-16,9.0,7.57471341,-0.00242221906,0.655261562,1.76520622,8.99999919,7.11132745,0.592276167,3.40395931e-15
0.000711195313,-5.71019134e-15,9.0,7.57734962,-0.00242605896,0.655253882,1.76634663,8.99999919,7.11826822,0.592705587,3.40942968e-15
0.000712195313,2.51698909e-15,9.0,7.57973908,-0.00242980308,0.655246394,1.76746756,8.99999919,7.12496368,0.59311503,3.41476384e-15
0.000713195313,-3.83581787e-16,9.0,7.58188185,-0.00243345128,0.655239097,1.768569,8.99999919,7.13141372,0.593504494,3.41996155e-15
0.000714195313,-5.53932719e-15,9.0,7.58377797,-0.00243700341,0.655231993,1.76965091,8.99999919,7.13761827,0.593873975,3.42502261e-15
0.000715195313,2.7501311e-15,9.0,7.5854275,-0.00244045933,0.655225081,1.77071326,8.99999919,7.14357724,0.594223471,3.42994678e-15
0.000716195313,-5.20722373e-16,9.0,7.58683051,-0.0024438189,0.655218362,1.77175604,8.99999919,7.14929054,0.594552981,3.43473387e-15
0.000717195313,-5.35783452e-15,9.0,7.58798705,-0.002447082,0.655211836,1.77277921,8.99999919,7.15475812,0.594862501,3.43938366e-15
0.000718195313,2.97490984e-15,9.0,7.58889721,-0.00245024849,0.655205503,1.77378275,8.99999919,7.15997988,0.595152032,3.44389596e-15
0.000719195313,-6.58651897e-16,9.0,7.58956105,-0.00245331825,0.655199363,1.77476663,8.99999919,7.16495579,0.595421572,3.44827057e-15
0.000720195313,-5.16595706e-15,9.0,7.58997865,-0.00245629116,0.655193418,1.77573084,8.99999919,7.16968576,0.595671121,3.4525073e-15
0.000721195313,3.19098236e-15,9.0,7.59015011,-0.0024591671,0.655187666,1.77667534,8.99999919,7.17416976,0.595900679,3.45660598e-15
0.000722195313,-7.96879571e-16,9.0,7.59007552,-0.00246194595,0.655182108,1.77760011,8.99999919,7.17840772,0.596110246,3.46056644e-15
0.000723195313,-4.9639617e-15,9.0,7.58975496,-0.00246462761,0.655176745,1.77850513,8.99999919,7.18239962,0.596299823,3.46438848e-15
0.000724195313,3.39802638e-15,9.0,7.58918854,-0.00246721197,0.655171576,1.77939038,8.99999919,7.1861454,0.596469412,3.46807197e-15
0.000725195313,-9.34913257e-16,9.0,7.58837636,-0.00246969893,0.655166602,1.78025584,8.99999919,7.18964503,0.596619013,3.47161673e-15
0.000726195313,-4.75213795e-15,9.0,7.58731854,-0.00247208839,0.655161823,1.78110147,8.99999919,7.19289848,0.596748629,3.47502262e-15
0.000727195313,3.59574099e-15,9.0,7.58601518,-0.00247438026,0.655157239,1.78192727,8.99999919,7.19590574,0.596858261,3.47828949e-15
0.000728195313,-1.07226066e-15,9.0,7.58446642,-0.00247657444,0.655152851,1.78273321,8.99999919,7.19866677,0.596947914,3.4814172e-15
0.000729195313,-4.53079731e-15,9.0,7.58267236,-0.00247867085,0.655148658,1.78351926,8.99999919,7.20118156,0.597017589,3.48440561e-15
0.000730195313,3.7838473e-15,9.0,7.58063315,-0.00248066941,0.655144661,1.78428542,8.99999919,7.2034501,0.597067291,3.48725461e-15
0.000731195313,-1.20843054e-15,9.0,7.57834891,-0.00248257003,0.65514086,1.78503165,8.99999919,7.20547239,0.597097023,3.48996406e-15
0.000732195313,-4.30027264e-15,9.0,7.57581977,-0.00248437265,0.655137255,1.78575793,8.99999919,7.20724842,0.597106789,3.49253384e-15
0.000733195313,3.96208897e-15,9.0,7.5730459,-0.00248607719,0.655133846,1.78646426,8.99999919,7.2087782,0.597096594,3.49496386e-15
0.000734195313,-1.34293386e-15,9.0,7.57002742,-0.00248768358,0.655130633,1.78715061,8.99999919,7.21006173,0.597066444,3.497254e-15
0.000735195313,-4.06091747e-15,9.0,7.5667645,-0.00248919176,0.655127616,1.78781696,8.99999919,7.21109903,0.597016342,3.49940417e-15
0.000736195313,4.13023277e-15,9.0,7.56325729,-0.00249060168,0.655124797,1.78846329,8.99999919,7.21189012,0.596946297,3.50141428e-15
0.000737195313,-1.47528505e-15,9.0,7.55950595,-0.00249191326,0.655122173,1.78908959,8.99999919,7.21243502,0.596856312,3.50328423e-15
0.000738195313,-3.81310522e-15,9.0,7.55551065,-0.00249312648,0.655119747,1.78969583,8.99999919,7.21273376,0.596746396,3.50501395e-15
0.000739195313,4.28806902e-15,9.0,7.55127155,-0.00249424127,0.655117517,1.79028201,8.99999919,7.21278637,0.596616554,3.50660336e-15
0.000740195313,-1.6050031e-15,9.0,7.54678884,-0.00249525758,0.655115485,1.7908481,8.99999919,7.21259287,0.596466795,3.5080524e-15
0.000741195313,-3.55722843e-15,9.0,7.54206269,-0.0024961754,0.655113649,1.79139409,8.99999919,7.21215333,0.596297126,3.50936101e-15
0.000742195313,4.43541206e-15,9.0,7.53709329,-0.00249699466,0.655112011,1.79191996,8.99999919,7.21146778,0.596107554,3.51052912e-15
0.000743195313,-1.73161281e-15,9.0,7.53188082,-0.00249771535,0.655110569,1.7924257,8.99999919,7.21053627,0.595898089,3.51155669e-15
0.000744195313,-3.29369791e-15,9.0,7.52642548,-0.00249833744,0.655109325,1.79291129,8.99999919,7.20935886,0.595668739,3.51244368e-15
0.000745195313,4.57210054e-15,9.0,7.52072747,-0.00249886089,0.655108278,1.79337671,8.99999919,7.2079356,0.595419513,3.51319004e-15
0.000746195313,-1.85464588e-15,9.0,7.51478698,-0.00249928569,0.655107429,1.79382196,8.99999919,7.20626657,0.595150422,3.51379574e-15
0.000747195313,-3.02294189e-15,9.0,7.50860423,-0.00249961183,0.655106776,1.79424702,8.99999919,7.20435183,0.594861474,3.51426076e-15
0.000748195313,4.6979978e-15,9.0,7.50217943,-0.00249983928,0.655106321,1.79465188,8.99999919,7.20219145,0.59455268,3.51458508e-15
0.000749195313,-1.9736421e-15,9.0,7.49551279,-0.00249996805,0.655106064,1.79503652,8.99999919,7.19978552,0.594224051,3.51476868e-15
0.000750195313,-2.74540504e-15,9.0,7.48860453,-0.00249999812,0.655106004,1.79540092,8.99999919,7.19713411,0.593875597,3.51481156e-15
0.000751195313,4.81299206e-15,9.0,7.48145488,-0.0024999295,0.655106141,1.79574509,8.99999919,7.19423732,0.593507331,3.51471371e-15
0.000752195313,-2.08815045e-15,9.0,7.47406407,-0.00249976218,0.655106476,1.79606899,8.99999919,7.19109524,0.593119264,3.51447514e-15
0.000753195313,-2.4615476e-15,9.0,7.46643233,-0.00249949617,0.655107008,1.79637264,8.99999919,7.18770796,0.592711409,3.51409585e-15
0.000754195313,4.91699665e-15,9.0,7.45855991,-0.0024991315,0.655107737,1.796656,8.99999919,7.18407559,0.592283776,3.51357588e-15
0.000755195313,-2.19773021e-15,9.0,7.45044703,-0.00249866815,0.655108664,1.79691908,8.99999919,7.18019823,0.591836381,3.51291523e-15
0.000756195313,-2.17184429e-15,9.0,7.44209396,-0.00249810617,0.655109788,1.79716186,8.99999919,7.17607599,0.591369236,3.51211393e-15
0.000757195313,5.0099501e-15,9.0,7.43350094,-0.00249744557,0.655111109,1.79738433,8.99999919,7.17170899,0.590882354,3.51117203e-15
0.000758195313,-2.30195202e-15,9.0,7.42466823,-0.00249668637,0.655112627,1.79758648,8.99999919,7.16709735,0.590375749,3.51008955e-15
0.000759195313,-1.87678336e-15,9.0,7.41559608,-0.0024958286,0.655114343,1.7977683,8.99999919,7.16224119,0.589849437,3.50886655e-15
0.000760195313,5.09181627e-15,9.0,7.40628478,-0.00249487231,0.655116255,1.79792979,8.99999919,7.15714065,0.589303432,3.50750308e-15
0.000761195313,-2.40039896e-15,9.0,7.39673458,-0.00249381752,0.655118365,1.79807093,8.99999919,7.15179585,0.588737748,3.5059992e-15
0.000762195313,-1.57686552e-15,9.0,7.38694576,-0.00249266428,0.655120671,1.79819171,8.99999919,7.14620694,0.588152402,3.50435497e-15
0.000763195313,5.16258435e-15,9.0,7.3769186,-0.00249141263,0.655123175,1.79829214,8.99999919,7.14037406,0.587547409,3.50257046e-15
0.000764195313,-2.49266755e-15,9.0,7.36665338,-0.00249006263,0.655125875,1.7983722,8.99999919,7.13429736,0.586922786,3.50064575e-15
0.000765195313,-1.27260281e-15,9.0,7.3561504,-0.00248861432,0.655128771,1.79843188,8.99999919,7.12797699,0.586278549,3.49858092e-15
0.000766195313,5.22226879e-15,9.0,7.34540993,-0.00248706776,0.655131864,1.79847119,8.99999919,7.1214131,0.585614716,3.49637607e-15
0.000767195313,-2.57836875e-15,9.0,7.33443229,-0.00248542303,0.655135154,1.7984901,8.99999919,7.11460587,0.584931302,3.49403127e-15
0.000768195313,-9.64517534e-16,9.0,7.32321777,-0.00248368017,0.65513864,1.79848862,8.99999919,7.10755545,0.584228328,3.49154664e-15
0.000769195313,5.27090924e-15,9.0,7.31176667,-0.00248183926,0.655142321,1.79846674,8.99999919,7.10026202,0.58350581,3.48892229e-15
0.000770195313,-2.65712893e-15,9.0,7.30007932,-0.00247990037,0.655146199,1.79842446,8.99999919,7.09272576,0.582763767,3.48615832e-15
0.000771195313,-6.53141111e-16,9.0,7.28815601,-0.00247786358,0.655150273,1.79836177,8.99999919,7.08494684,0.582002218,3.48325485e-15
0.000772195313,5.30857036e-15,9.0,7.27599708,-0.00247572897,0.655154542,1.79827867,8.99999919,7.07692546,0.581221182,3.480212e-15
0.000773195313,-2.72859078e-15,9.0,7.26360285,-0.00247349661,0.655159007,1.79817515,8.99999919,7.06866179,0.580420679,3.47702992e-15
0.000774195313,-3.39012914e-16,9.0,7.25097364,-0.00247116662,0.655163667,1.79805122,8.99999919,7.06015604,0.579600728,3.47370873e-15
0.000775195313,5.33534165e-15,9.0,7.23810979,-0.00246873906,0.655168522,1.79790686,8.99999919,7.05140841,0.578761352,3.47024857e-15
0.000776195313,-2.79241419e-15,9.0,7.22501164,-0.00246621404,0.655173572,1.79774207,8.99999919,7.0424191,0.577902569,3.4666496e-15
0.000777195313,-2.26790985e-17,9.0,7.21167953,-0.00246359166,0.655178817,1.79755686,8.99999919,7.03318832,0.577024401,3.46291197e-15
0.000778195313,5.35133715e-15,9.0,7.1981138,-0.00246087202,0.655184256,1.79735122,8.99999919,7.02371628,0.57612687,3.45903584e-15
0.000779195313,-2.84827711e-15,9.0,7.18431481,-0.00245805523,0.65518989,1.79712515,8.99999919,7.0140032,0.575209998,3.45502137e-15
0.000780195313,2.95308587e-16,9.0,7.17028291,-0.0024551414,0.655195717,1.79687865,8.99999919,7.00404932,0.574273807,3.45086874e-15
0.000781195313,5.3566951e-15,9.0,7.15601846,-0.00245213064,0.655201739,1.79661172,8.99999919,6.99385484,0.573318319,3.44657813e-15
0.000782195313,-2.89587635e-15,9.0,7.14152183,-0.00244902308,0.655207954,1.79632435,8.99999919,6.98342002,0.572343558,3.44214971e-15
0.000783195313,6.14394008e-16,9.0,7.1267934,-0.00244581884,0.655214362,1.79601656,8.99999919,6.97274508,0.571349548,3.43758368e-15
0.000784195313,5.35157759e-15,9.0,7.11183352,-0.00244251804,0.655220964,1.79568833,8.99999919,6.96183027,0.570336311,3.43288023e-15
0.000785195313,-2.93492835e-15,9.0,7.09664259,-0.00243912081,0.655227758,1.79533968,8.99999919,6.95067583,0.569303873,3.42803957e-15
0.000786195313,9.34017856e-16,9.0,7.08122098,-0.00243562729,0.655234745,1.7949706,8.99999919,6.93928203,0.568252257,3.4230619e-15
0.000787195313,5.33617012e-15,9.0,7.06556909,-0.00243203762,0.655241925,1.79458109,8.99999919,6.92764911,0.567181489,3.41794744e-15
0.000788195313,-2.96516986e-15,9.0,7.0496873,-0.00242835193,0.655249296,1.79417116,8.99999919,6.91577734,0.566091595,3.4126964e-15
0.000789195313,1.25361887e-15,9.0,7.03357602,-0.00242457038,0.655256859,1.79374081,8.99999919,6.90366699,0.5649826,3.40730901e-15
0.000790195313,5.31068108e-15,9.0,7.01723565,-0.00242069311,0.655264614,1.79329004,8.99999919,6.89131832,0.56385453,3.4017855e-15
0.000791195313,-2.98635865e-15,9.0,7.00066659,-0.00241672027,0.655272559,1.79281886,8.99999919,6.87873162,0.562707412,3.3961261e-15
0.000792195313,1.57263506e-15,9.0,6.98386926,-0.00241265203,0.655280696,1.79232727,8.99999919,6.86590717,0.561541273,3.39033106e-15
0.000793195313,5.27534125e-15,9.0,6.96684407,-0.00240848854,0.655289023,1.79181528,8.99999919,6.85284525,0.560356139,3.38440063e-15
0.000794195313,-2.99827412e-15,9.0,6.94959144,-0.00240422996,0.65529754,1.79128288,8.99999919,6.83954615,0.55915204,3.37833505e-15
0.000795195313,1.89050495e-15,9.0,6.93211181,-0.00239987647,0.655306247,1.79073009,8.99999919,6.82601019,0.557929003,3.3721346e-15
0.000796195313,5.23040317e-15,9.0,6.91440559,-0.00239542824,0.655315144,1.79015692,8.99999919,6.81223764,0.556687057,3.36579952e-15
0.000797195313,-3.00071786e-15,9.0,6.89647323,-0.00239088544,0.655324229,1.78956336,8.99999919,6.79822883,0.55542623,3.35933011e-15
0.000798195313,2.20666878e-15,9.0,6.87831517,-0.00238624825,0.655333504,1.78894942,8.99999919,6.78398406,0.554146552,3.35272662e-15
0.000799195313,5.17614052e-15,9.0,6.85993186,-0.00238151686,0.655342966,1.78831512,8.99999919,6.76950366,0.552848053,3.34598934e-15
0.000800195313,-2.99351416e-15,9.0,6.84132373,-0.00237669145,0.655352617,1.78766046,8.99999919,6.75478793,0.551530763,3.33911857e-15
0.000801195313,2.52056975e-15,9.0,6.82249126,-0.00237177221,0.655362456,1.78698544,8.99999919,6.73983722,0.550194713,3.33211459e-15
0.000802195313,5.11284742e-15,9.0,6.80343489,-0.00236675934,0.655372481,1.78629008,8.99999919,6.72465186,0.548839933,3.3249777e-15
0.000803195313,-2.9765105e-15,9.0,6.78415509,-0.00236165303,0.655382694,1.78557439,8.99999919,6.70923217,0.547466455,3.31770821e-15
0.000804195313,2.83165523e-15,9.0,6.76465234,-0.00235645349,0.655393093,1.78483837,8.99999919,6.69357851,0.546074311,3.31030643e-15
0.000805195313,5.04083768e-15,9.0,6.7449271,-0.00235116091,0.655403678,1.78408204,8.99999919,6.67769122,0.544663533,3.30277267e-15
0.000806195313,-2.94957795e-15,9.0,6.72497986,-0.00234577552,0.655414449,1.78330539,8.99999919,6.66157066,0.543234153,3.29510726e-15
0.000807195313,3.13937799e-15,9.0,6.7048111,-0.00234029753,0.655425405,1.78250846,8.99999919,6.64521718,0.541786206,3.28731052e-15
0.000808195313,4.96044405e-15,9.0,6.68442131,-0.00233472714,0.655436546,1.78169124,8.99999919,6.62863114,0.540319723,3.27938279e-15
0.000809195313,-2.91261152e-15,9.0,6.66381098,-0.00232906458,0.655447871,1.78085375,8.99999919,6.61181293,0.53883474,3.27132439e-15
0.000810195313,3.44319733e-15,9.0,6.64298062,-0.00232331007,0.65545938,1.779996,8.99999919,6.59476291,0.53733129,3.26313569e-15
0.000811195313,4.87201737e-15,9.0,6.62193073,-0.00231746384,0.655471072,1.779118,8.99999919,6.57748146,0.535809408,3.25481702e-15
0.000812195313,-2.86553047e-15,9.0,6.60066181,-0.00231152613,0.655482948,1.77821977,8.99999919,6.55996896,0.53426913,3.24636874e-15
0.000813195313,3.74258036e-15,9.0,6.57917439,-0.00230549715,0.655495006,1.77730132,8.99999919,6.54222581,0.53271049,3.23779122e-15
0.000814195313,4.77592571e-15,9.0,6.55746898,-0.00229937716,0.655507246,1.77636266,8.99999919,6.5242524,0.531133526,3.2290848e-15
0.000815195313,-2.80827857e-15,9.0,6.53554611,-0.0022931664,0.655519667,1.77540381,8.99999919,6.50604914,0.529538273,3.22024988e-15
0.000816195313,4.03700308e-15,9.0,6.51340631,-0.0022868651,0.65553227,1.77442478,8.99999919,6.48761643,0.527924769,3.21128682e-15
0.000817195313,4.67255344e-15,9.0,6.49105011,-0.00228047353,0.655545053,1.7734256,8.99999919,6.46895468,0.52629305,3.202196e-15
0.000818195313,-2.74082427e-15,9.0,6.46847806,-0.00227399192,0.655558016,1.77240626,8.99999919,6.45006431,0.524643155,3.19297781e-15
0.000819195313,4.32595156e-15,9.0,6.4456907,-0.00226742054,0.655571159,1.7713668,8.99999919,6.43094574,0.522975121,3.18363265e-15
0.000820195313,4.56230033e-15,9.0,6.42268857,-0.00226075965,0.655584481,1.77030723,8.99999919,6.41159941,0.521288988,3.17416091e-15
0.000821195313,-2.66316082e-15,9.0,6.39947225,-0.00225400951,0.655597981,1.76922756,8.99999919,6.39202574,0.519584795,3.16456299e-15
0.000822195313,4.60892307e-15,9.0,6.37604228,-0.00224717038,0.655611659,1.76812781,8.99999919,6.37222518,0.51786258,3.15483931e-15
0.000823195313,4.44558056e-15,9.0,6.35239924,-0.00224024254,0.655625515,1.76700801,8.99999919,6.35219817,0.516122385,3.14499027e-15
0.000824195313,-2.57530639e-15,9.0,6.32854369,-0.00223322625,0.655639547,1.76586816,8.99999919,6.33194517,0.514364249,3.13501629e-15
0.000825195313,4.88542715e-15,9.0,6.30447622,-0.0022261218,0.655653756,1.7647083,8.99999919,6.31146663,0.512588213,3.12491781e-15
0.000826195313,4.32282168e-15,9.0,6.28019741,-0.00221892947,0.655668141,1.76352843,8.99999919,6.29076301,0.510794319,3.11469524e-15
0.000827195313,-2.47730403e-15,9.0,6.25570785,-0.00221164954,0.655682701,1.76232859,8.99999919,6.26983478,0.508982609,3.10434902e-15
0.000828195313,5.15498672e-15,9.0,6.23100812,-0.0022042823,0.655697435,1.76110879,8.99999919,6.24868241,0.507153124,3.09387959e-15
0.000829195313,4.19446359e-15,9.0,6.20609883,-0.00219682804,0.655712344,1.75986905,8.99999919,6.2273064,0.505305908,3.0832874e-15
0.000830195313,-2.36922168e-15,9.0,6.18098059,-0.00218928705,0.655727426,1.75860939,8.99999919,6.20570721,0.503441004,3.0725729e-15
0.000831195313,5.41713906e-15,9.0,6.155654,-0.00218165962,0.655742681,1.75732984,8.99999919,6.18388535,0.501558455,3.06173653e-15
0.000832195313,4.06095749e-15,9.0,6.13011969,-0.00217394608,0.655758108,1.75603042,8.99999919,6.16184131,0.499658306,3.05077876e-15
0.000833195313,-2.25115204e-15,9.0,6.10437826,-0.0021661467,0.655773707,1.75471115,8.99999919,6.13957559,0.4977406,3.03970005e-15
0.000834195313,5.67143688e-15,9.0,6.07843035,-0.00215826182,0.655789476,1.75337207,8.99999919,6.11708871,0.495805384,3.02850088e-15
0.000835195313,3.92276476e-15,9.0,6.05227659,-0.00215029172,0.655805417,1.75201318,8.99999919,6.09438117,0.493852702,3.01718172e-15
0.000836195313,-2.12321243e-15,9.0,6.02591763,-0.00214223674,0.655821527,1.75063452,8.99999919,6.07145351,0.491882601,3.00574304e-15
0.000837195313,5.91744922e-15,9.0,5.99935409,-0.00213409719,0.655837806,1.74923611,8.99999918,6.04830625,0.489895128,2.99418534e-15
0.000838195313,3.78035584e-15,9.0,5.97258664,-0.00212587338,0.655854253,1.74781798,8.99999918,6.02493991,0.487890328,2.98250909e-15
0.000839195313,-1.98554454e-15,9.0,5.94561592,-0.00211756565,0.655870869,1.74638016,8.99999918,6.00135505,0.48586825,2.9707148e-15
0.000840195313,6.15476248e-15,9.0,5.91844261,-0.00210917432,0.655887651,1.74492267,8.99999918,5.9775522,0.483828942,2.95880297e-15
0.000841195313,3.63420913e-15,9.0,5.89106735,-0.00210069973,0.655904601,1.74344554,8.99999918,5.95353193,0.481772451,2.9467741e-15
0.000842195313,-1.83831422e-15,9.0,5.86349084,-0.0020921422,0.655921716,1.7419488,8.99999918,5.92929478,0.479698828,2.93462869e-15
0.000843195313,6.3829812e-15,9.0,5.83571374,-0.00208350208,0.655938996,1.74043248,8.99999918,5.90484132,0.47760812,2.92236726e-15
0.000844195313,3.48480979e-15,9.0,5.80773675,-0.00207477971,0.655956441,1.7388966,8.99999918,5.88017212,0.475500379,2.90999034e-15
0.000845195313,-1.68171111e-15,9.0,5.77956054,-0.00206597542,0.655974049,1.7373412,8.99999918,5.85528776,0.473375655,2.89749843e-15
0.000846195313,6.60172903e-15,9.0,5.75118582,-0.00205708958,0.655991821,1.73576631,8.99999918,5.83018882,0.471233998,2.88489208e-15
0.000847195313,3.3326486e-15,9.0,5.7226133,-0.00204812253,0.656009755,1.73417196,8.99999918,5.8048759,0.46907546,2.87217181e-15
0.000848195313,-1.51594826e-15,9.0,5.69384366,-0.00203907461,0.656027851,1.73255818,8.99999918,5.77934958,0.466900093,2.85933815e-15
0.000849195313,6.81064946e-15,9.0,5.66487764,-0.0020299462,0.656046108,1.730925,8.99999918,5.75361047,0.46470795,2.84639166e-15
0.000850195313,3.17822077e-15,9.0,5.63571595,-0.00202073766,0.656064525,1.72927246,8.99999918,5.72765917,0.462499082,2.83333288e-15
0.000851195313,-1.34126172e-15,9.0,5.60635932,-0.00201144933,0.656083101,1.72760058,8.99999918,5.70149631,0.460273544,2.82016235e-15
0.000852195313,7.0094066e-15,9.0,5.57680848,-0.0020020816,0.656101837,1.72590941,8.99999918,5.67512251,0.45803139,2.80688063e-15
0.000853195313,3.02202475e-15,9.0,5.54706416,-0.00199263483,0.65612073,1.72419898,8.99999918,5.64853838,0.455772674,2.79348829e-15
0.000854195313,-1.15791002e-15,9.0,5.51712712,-0.00198310939,0.656139781,1.72246932,8.99999918,5.62174458,0.453497451,2.77998589e-15
0.000855195313,7.19768595e-15,9.0,5.4869981,-0.00197350566,0.656158989,1.72072046,8.99999918,5.59474173,0.451205777,2.76637399e-15
0.000856195313,2.86456104e-15,9.0,5.45667786,-0.00196382403,0.656178352,1.71895246,8.99999918,5.56753049,0.448897708,2.75265317e-15
0.000857195313,-9.66173642e-16,9.0,5.42616717,-0.00195406486,0.65619787,1.71716533,8.99999918,5.54011151,0.446573299,2.73882401e-15
0.000858195313,7.37519499e-15,9.0,5.39546678,-0.00194422855,0.656217543,1.71535912,8.99999918,5.51248545,0.44423261,2.72488709e-15
0.000859195313,2.70633097e-15,9.0,5.36457749,-0.00193431549,0.656237369,1.71353388,8.99999918,5.48465299,0.441875696,2.71084299e-15
0.000860195313,-7.66354426e-16,9.0,5.33350006,-0.00192432606,0.656257348,1.71168962,8.99999918,5.45661479,0.439502616,2.6966923e-15
0.000861195313,7.54166388e-15,9.0,5.30223529,-0.00191426066,0.656277479,1.70982641,8.99999918,5.42837153,0.437113429,2.68243563e-15
0.000862195313,2.54783552e-15,9.0,5.27078397,-0.00190411969,0.656297761,1.70794426,8.99999918,5.39992391,0.434708195,2.66807356e-15
0.000863195313,-5.58774925e-16,9.0,5.23914691,-0.00189390355,0.656318193,1.70604324,8.99999918,5.37127263,0.432286972,2.65360671e-15
0.000864195313,7.69684598e-15,9.0,5.20732491,-0.00188361265,0.656338775,1.70412337,8.99999918,5.34241837,0.429849822,2.63903568e-15
0.000865195313,2.38957411e-15,9.0,5.17531878,-0.00187324738,0.656359505,1.7021847,8.99999918,5.31336186,0.427396805,2.62436108e-15
0.000866195313,-3.43777712e-16,9.0,5.14312935,-0.00186280815,0.656380384,1.70022727,8.99999918,5.28410381,0.424927983,2.60958352e-15
0.000867195313,7.84051839e-15,9.0,5.11075745,-0.00185229539,0.656401409,1.69825113,8.99999918,5.25464494,0.422443417,2.59470363e-15
0.000868195313,2.23204338e-15,9.0,5.07820389,-0.0018417095,0.656422581,1.69625632,8.99999918,5.22498598,0.419943171,2.57972204e-15
0.000869195313,-1.21724643e-16,9.0,5.04546954,-0.00183105091,0.656443898,1.69424288,8.99999918,5.19512767,0.417427306,2.56463936e-15
0.000870195313,7.97248241e-15,9.0,5.01255523,-0.00182032003,0.65646536,1.69221085,8.99999918,5.16507075,0.414895888,2.54945623e-15
0.000871195313,2.07573607e-15,9.0,4.97946181,-0.00180951728,0.656486965,1.69016029,8.99999918,5.13481597,0.41234898,2.53417329e-15
0.000872195313,1.0700393e-16,9.0,4.94619015,-0.0017986431,0.656508714,1.68809124,8.99999918,5.1043641,0.409786647,2.51879117e-15
0.000873195313,8.09256394e-15,9.0,4.91274111,-0.00178769791,0.656530604,1.68600374,8.99999918,5.0737159,0.407208955,2.50331052e-15
0.000874195313,1.92113974e-15,9.0,4.87911557,-0.00177668214,0.656552636,1.68389785,8.99999918,5.04287213,0.404615968,2.48773199e-15
0.000875195313,3.42009984e-16,9.0,4.84531441,-0.00176559624,0.656574808,1.68177361,8.99999918,5.01183359,0.402007755,2.47205623e-15
0.000876195313,8.20061385e-15,9.0,4.81133851,-0.00175444063,0.656597119,1.67963107,8.99999918,4.98060106,0.399384381,2.45628389e-15
0.000877195313,1.76873569e-15,9.0,4.77718877,-0.00174321576,0.656619568,1.67747029,8.99999918,4.94917533,0.396745915,2.44041564e-15
0.000878195313,5.82878696e-16,9.0,4.74286608,-0.00173192207,0.656642156,1.6752913,8.99999918,4.91755721,0.394092425,2.42445213e-15
0.000879195313,8.29650826e-15,9.0,4.70837136,-0.00172056001,0.65666488,1.67309416,8.99999918,4.8857475,0.39142398,2.40839404e-15
0.000880195313,1.61899778e-15,9.0,4.67370552,-0.00170913002,0.65668774,1.67087893,8.99999918,4.85374702,0.388740648,2.39224202e-15
0.000881195313,8.29179351e-16,9.0,4.63886948,-0.00169763256,0.656710735,1.66864565,8.99999918,4.8215566,0.386042501,2.37599676e-15
0.000882195313,8.38014879e-15,9.0,4.60386417,-0.00168606808,0.656733864,1.66639438,8.99999918,4.78917706,0.383329609,2.35965894e-15
0.000883195313,1.47239128e-15,9.0,4.56869053,-0.00167443704,0.656757126,1.66412518,8.99999918,4.75660926,0.380602042,2.34322923e-15
0.000884195313,1.08046628e-15,9.0,4.53334948,-0.00166273989,0.65678052,1.66183808,8.99999918,4.72385402,0.377859873,2.32670832e-15
0.000885195313,8.45146276e-15,9.0,4.497842,-0.0016509771,0.656804046,1.65953316,8.99999918,4.69091222,0.375103173,2.3100969e-15
0.000886195313,1.32937178e-15,9.0,4.46216903,-0.00163914913,0.656827702,1.65721047,8.99999918,4.6577847,0.372332017,2.29339565e-15
0.000887195313,1.33627987e-15,9.0,4.42633153,-0.00162725645,0.656851487,1.65487006,8.99999918,4.62447235,0.369546478,2.27660528e-15
0.000888195313,8.51040327e-15,9.0,4.39033048,-0.00161529953,0.656875401,1.65251198,8.99999918,4.59097603,0.366746629,2.25972649e-15
0.000889195313,1.19038408e-15,9.0,4.35416685,-0.00160327885,0.656899442,1.65013631,8.99999918,4.55729663,0.363932545,2.24275996e-15
0.000890195313,1.59614753e-15,9.0,4.31784162,-0.00159119486,0.65692361,1.64774309,8.99999917,4.52343504,0.361104303,2.22570642e-15
0.000891195313,8.55694931e-15,9.0,4.2813558,-0.00157904806,0.656947904,1.64533238,8.99999917,4.48939217,0.358261977,2.20856656e-15
0.000892195313,1.05586115e-15,9.0,4.24471037,-0.00156683892,0.656972322,1.64290425,8.99999917,4.45516893,0.355405645,2.1913411e-15
0.000893195313,1.85958478e-15,9.0,4.20790635,-0.00155456793,0.656996864,1.64045875,8.99999917,4.42076622,0.352535384,2.17403076e-15
0.000894195313,8.59110574e-15,9.0,4.17094475,-0.00154223556,0.657021529,1.63799595,8.99999917,4.38618497,0.349651272,2.15663625e-15
0.000895195313,9.26223095e-16,9.0,4.13382658,-0.00152984231,0.657046315,1.63551591,8.99999917,4.35142611,0.346753387,2.1391583e-15
0.000896195313,2.12609631e-15,9.0,4.09655289,-0.00151738866,0.657071223,1.63301869,8.99999917,4.31649059,0.343841807,2.12159762e-15
0.000897195313,8.61290326e-15,9.0,4.05912469,-0.00150487511,0.65709625,1.63050435,8.99999917,4.28137935,0.340916614,2.10395495e-15
0.000898195313,8.01876114e-16,9.0,4.02154304,-0.00149230215,0.657121396,1.62797296,8.99999917,4.24609335,0.337977887,2.08623102e-15
0.000899195313,2.39517706e-15,9.0,3.98380899,-0.00147967027,0.657146659,1.62542458,8.99999917,4.21063354,0.335025708,2.06842656e-15
0.000900195313,8.62239829e-15,9.0,3.94592358,-0.00146697998,0.65717204,1.62285928,8.99999917,4.1750009,0.332060157,2.0505423e-15
0.000901195313,6.8321157e-16,9.0,3.9078879,-0.00145423178,0.657197536,1.62027713,8.99999917,4.13919641,0.329081317,2.032579e-15
0.000902195313,2.66631338e-15,9.0,3.869703,-0.00144142617,0.657223148,1.61767818,8.99999917,4.10322106,0.326089272,2.01453739e-15
0.000903195313,8.61967279e-15,9.0,3.83136997,-0.00142856365,0.657248873,1.61506252,8.99999917,4.06707583,0.323084103,1.99641821e-15
0.000904195313,5.70605033e-16,9.0,3.7928899,-0.00141564473,0.657274711,1.6124302,8.99999917,4.03076175,0.320065897,1.97822222e-15
0.000905195313,2.93898414e-15,9.0,3.75426388,-0.00140266993,0.65730066,1.6097813,8.99999917,3.9942798,0.317034737,1.95995016e-15
0.000906195313,8.60483406e-15,9.0,3.71549302,-0.00138963975,0.657326721,1.60711589,8.99999917,3.95763103,0.313990708,1.94160279e-15
0.000907195313,4.64415384e-16,9.0,3.67657841,-0.00137655471,0.657352891,1.60443404,8.99999917,3.92081645,0.310933898,1.92318088e-15
0.000908195313,3.21266191e-15,9.0,3.63752119,-0.00136341533,0.657379169,1.60173581,8.99999917,3.88383709,0.307864392,1.90468517e-15
0.000909195313,8.57801445e-15,9.0,3.59832248,-0.00135022212,0.657405556,1.59902128,8.99999917,3.84669402,0.304782278,1.88611642e-15
0.000910195313,3.64983959e-16,9.0,3.5589834,-0.0013369756,0.657432049,1.59629053,8.99999917,3.80938826,0.301687644,1.86747542e-15
0.000911195313,3.48681414e-15,9.0,3.5195051,-0.00132367631,0.657458647,1.59354363,8.99999917,3.7719209,0.298580579,1.84876291e-15
0.000912195313,8.539371e-15,9.0,3.47988872,-0.00131032476,0.65748535,1.59078064,8.99999917,3.73429299,0.295461172,1.82997968e-15
0.000913195313,2.72633726e-16,9.0,3.44013543,-0.00129692148,0.657512157,1.58800166,8.99999917,3.69650561,0.292329513,1.8111265e-15
0.000914195313,3.76090433e-15,9.0,3.40024638,-0.001283467,0.657539066,1.58520675,8.99999917,3.65855985,0.289185692,1.79220413e-15
0.000915195313,8.48908509e-15,9.0,3.36022275,-0.00126996185,0.657566076,1.58239599,8.99999917,3.6204568,0.286029801,1.77321337e-15
0.000916195313,1.87668511e-16,9.0,3.32006571,-0.00125640656,0.657593187,1.57956945,8.99999917,3.58219757,0.282861932,1.75415498e-15
0.000917195313,4.03439326e-15,9.0,3.27977645,-0.00124280168,0.657620397,1.57672722,8.99999917,3.54378327,0.279682177,1.73502975e-15
0.000918195313,8.42736195e-15,9.0,3.23935616,-0.00122914773,0.657647705,1.57386938,8.99999917,3.505215,0.27649063,1.71583847e-15
0.000919195313,1.10372271e-16,9.0,3.19880604,-0.00121544525,0.657675109,1.570996,8.99999917,3.46649391,0.273287385,1.69658193e-15
0.000920195313,4.30674016e-15,9.0,3.15812731,-0.00120169479,0.65770261,1.56810717,8.99999917,3.42762113,0.270072535,1.67726091e-15
0.000921195313,8.35443016e-15,9.0,3.11732118,-0.0011878969,0.657730206,1.56520296,8.99999917,3.3885978,0.266846177,1.6578762e-15
0.000922195313,4.1008406e-17,9.0,3.07638888,-0.0011740521,0.657757896,1.56228346,8.99999917,3.34942507,0.263608406,1.63842861e-15
0.000923195313,4.57740396e-15,9.0,3.03533164,-0.00116016096,0.657785678,1.55934876,8.99999917,3.31010411,0.260359319,1.61891892e-15
0.000924195313,8.27054114e-15,9.0,2.99415069,-0.00114622401,0.657813552,1.55639893,8.99999917,3.27063609,0.257099013,1.59934794e-15
0.000925195313,-2.01808709e-17,9.0,2.95284729,-0.00113224181,0.657841516,1.55343406,8.99999917,3.23102217,0.253827586,1.57971646e-15
0.000926195313,4.84584448e-15,9.0,2.91142269,-0.00111821492,0.65786957,1.55045423,8.99999917,3.19126356,0.250545137,1.5600253e-15
0.000927195313,8.17596849e-15,9.0,2.86987816,-0.00110414387,0.657897712,1.54745954,8.99999916,3.15136145,0.247251765,1.54027524e-15
0.000928195313,-7.29751222e-17,9.0,2.82821497,-0.00109002924,0.657925942,1.54445006,8.99999916,3.11131703,0.243947569,1.52046711e-15
0.000929195313,5.11152366e-15,9.0,2.78643439,-0.00107587158,0.657954257,1.54142589,8.99999916,3.07113153,0.240632651,1.50060171e-15
0.000930195313,8.07100734e-15,9.0,2.74453772,-0.00106167144,0.657982657,1.53838711,8.99999916,3.03080616,0.237307112,1.48067984e-15
0.000931195313,-1.17176218e-16,9.0,2.70252625,-0.00104742939,0.658011141,1.53533382,8.99999916,2.99034215,0.233971053,1.46070233e-15
0.000932195313,5.37390675e-15,9.0,2.66040129,-0.00103314599,0.658039708,1.5322661,8.99999916,2.94974074,0.230624577,1.44066999e-15
0.000933195313,7.95597369e-15,9.0,2.61816413,-0.00101882181,0.658068356,1.52918405,8.99999916,2.90900318,0.227267788,1.42058363e-15
0.000934195313,-1.5260882e-16,9.0,2.57581611,-0.0010044574,0.658097085,1.52608775,8.99999916,2.86813072,0.22390079,1.40044408e-15
0.000935195313,5.63246353e-15,9.0,2.53335855,-0.000990053334,0.658125893,1.5229773,8.99999916,2.82712463,0.220523686,1.38025215e-15
0.000936195313,7.83120361e-15,9.0,2.49079279,-0.000975610185,0.65815478,1.5198528,8.99999916,2.78598618,0.217136584,1.36000866e-15
0.000937195313,-1.79120803e-16,9.0,2.44812016,-0.000961128521,0.658183743,1.51671433,8.99999916,2.74471665,0.213739587,1.33971444e-15
0.000938195313,5.88666949e-15,9.0,2.40534201,-0.000946608913,0.658212782,1.51356199,8.99999916,2.70331733,0.210332805,1.31937031e-15
0.000939195313,7.69705246e-15,9.0,2.36245971,-0.000932051935,0.658241896,1.51039587,8.99999916,2.66178952,0.206916342,1.2989771e-15
0.000940195313,-1.96583638e-16,9.0,2.31947463,-0.000917458161,0.658271084,1.50721609,8.99999916,2.62013453,0.203490308,1.27853564e-15
0.000941195313,6.13600703e-15,9.0,2.27638812,-0.000902828167,0.658300344,1.50402272,8.99999916,2.57835367,0.200054812,1.25804676e-15
0.000942195313,7.55389407e-15,9.0,2.23320158,-0.000888162531,0.658329675,1.50081587,8.99999916,2.53644826,0.196609963,1.23751129e-15
0.000943195313,-2.04892701e-16,9.0,2.1899164,-0.000873461832,0.658359076,1.49759563,8.99999916,2.49441965,0.19315587,1.21693006e-15
0.000944195313,6.37996662e-15,9.0,2.14653397,-0.00085872665,0.658388547,1.49436212,8.99999916,2.45226917,0.189692645,1.19630391e-15
0.000945195313,7.40211981e-15,9.0,2.1030557,-0.000843957567,0.658418085,1.49111542,8.99999916,2.40999817,0.186220399,1.17563367e-15
0.000946195313,-2.03967542e-16,9.0,2.05948301,-0.000829155166,0.65844769,1.48785564,8.99999916,2.36760801,0.182739244,1.15492018e-15
0.000947195313,6.61804792e-15,9.0,2.0158173,-0.000814320032,0.65847736,1.48458288,8.99999916,2.32510006,0.179249294,1.13416427e-15
0.000948195313,7.24213774e-15,9.0,1.97206002,-0.000799452749,0.658507095,1.48129725,8.99999916,2.2824757,0.175750661,1.1133668e-15
0.000949195313,-1.93752084e-16,9.0,1.9282126,-0.000784553906,0.658536892,1.47799884,8.99999916,2.23973631,0.172243459,1.09252859e-15
0.000950195313,6.84976098e-15,9.0,1.88427648,-0.00076962409,0.658566752,1.47468777,8.99999916,2.19688328,0.168727804,1.0716505e-15
0.000951195313,7.07437157e-15,9.0,1.84025311,-0.00075466389,0.658596672,1.47136414,8.99999916,2.15391802,0.165203811,1.05073335e-15
0.000952195313,-1.74214777e-16,9.0,1.79614397,-0.000739673897,0.658626652,1.46802805,8.99999916,2.11084194,0.161671596,1.02977801e-15
0.000953195313,7.07462726e-15,9.0,1.75195051,-0.000724654704,0.658656691,1.46467961,8.99999916,2.06765646,0.158131276,1.00878531e-15
0.000954195313,6.89925975e-15,9.0,1.7076742,-0.000709606902,0.658686786,1.46131893,8.99999916,2.02436301,0.154582969,9.87756105e-16
0.000955195313,-1.45348682e-16,9.0,1.66331655,-0.000694531086,0.658716938,1.45794612,8.99999916,1.98096302,0.151026793,9.66691237e-16
0.000956195313,7.29218079e-15,9.0,1.61887902,-0.000679427851,0.658747144,1.45456129,8.99999916,1.93745794,0.147462866,9.45591557e-16
0.000957195313,6.71725438e-15,9.0,1.57436314,-0.000664297794,0.658777404,1.45116454,8.99999916,1.89384922,0.143891309,9.24457915e-16
0.000958195313,-1.07171512e-16,9.0,1.52977039,-0.000649141511,0.658807717,1.447756,8.99999915,1.85013833,0.140312241,9.03291161e-16
0.000959195313,7.50196916e-15,9.0,1.4851023,-0.000633959601,0.658838081,1.44433576,8.99999915,1.80632674,0.136725784,8.82092148e-16
0.000960195313,6.52882019e-15,9.0,1.44036039,-0.000618752664,0.658868495,1.44090395,8.99999915,1.76241593,0.133132059,8.60861727e-16
0.000961195313,-5.97255974e-17,9.0,1.39554619,-0.000603521299,0.658898957,1.43746068,8.99999915,1.71840738,0.129531188,8.39600751e-16
0.000962195313,7.70355461e-15,9.0,1.35066124,-0.000588266109,0.658929468,1.43400606,8.99999915,1.6743026,0.125923294,8.18310076e-16
0.000963195313,6.33443347e-15,9.0,1.30570708,-0.000572987694,0.658960025,1.4305402,8.99999915,1.63010309,0.122308501,7.96990556e-16
0.000964195313,-3.07781019e-18,9.0,1.26068526,-0.000557686659,0.658990627,1.42706323,8.99999915,1.58581036,0.118686932,7.75643047e-16
0.000965195313,7.89651495e-15,9.0,1.21559735,-0.000542363608,0.659021273,1.42357526,8.99999915,1.54142594,0.115058714,7.54268404e-16
0.000966195313,6.1345809e-15,9.0,1.17044491,-0.000527019145,0.659051962,1.42007641,8.99999915,1.49695136,0.111423972,7.32867485e-16
0.000967195313,6.20809611e-17,9.0,1.12520764,-0.000511653876,0.659082692,1.41656501,8.99999915,1.45236626,0.107781052,7.11441148e-16
0.000968195313,8.08045988e-15,9.0,1.07992951,-0.000496268408,0.659113463,1.41304464,8.99999915,1.40771459,0.104133527,6.8999025e-16
0.000969195313,5.93094201e-15,9.0,1.03461621,-0.000480863348,0.659144273,1.40951574,8.99999915,1.36300201,0.100481857,6.6851565e-16
0.000970195313,1.36803519e-16,9.0,0.989221671,-0.000465439304,0.659175121,1.40597456,8.99999915,1.31818243,0.0968222986,6.47018208e-16
0.000971195313,8.25441981e-15,9.0,0.943770239,-0.000449996886,0.659206006,1.40242308,8.99999915,1.27328014,0.093156827,6.25498783e-16
0.000972195313,5.7216513e-15,9.0,0.898264155,-0.000434536702,0.659236927,1.39886146,8.99999915,1.22829736,0.0894856229,6.03958235e-16
0.000973195313,2.20365468e-16,9.0,0.852704448,-0.000419059364,0.659267881,1.39528978,8.99999915,1.18323509,0.0858087685,5.82397425e-16
0.000974195313,8.41919323e-15,9.0,0.807093301,-0.000403565482,0.659298869,1.39170821,8.99999915,1.13809548,0.0821264394,5.60817214e-16
0.000975195313,5.50840332e-15,9.0,0.761431828,-0.000388055668,0.659329889,1.38811684,8.99999915,1.09287961,0.078438725,5.39218462e-16
0.000976195313,3.12621639e-16,9.0,0.715722162,-0.000372530534,0.659360939,1.38451582,8.99999915,1.04758959,0.0747457969,5.17602032e-16
0.000977195313,8.57382862e-15,9.0,0.669965494,-0.000356990694,0.659392019,1.38090525,8.99999915,1.00222658,0.0710477506,4.95968785e-16
0.000978195313,5.29171502e-15,9.0,0.624163911,-0.000341436759,0.659423126,1.37728529,8.99999915,0.956792647,0.0673447546,4.74319584e-16
0.000979195313,4.13385816e-16,9.0,0.578318674,-0.000325869346,0.659454261,1.37365603,8.99999915,0.911289024,0.0636369098,4.5265529e-16
0.000980195313,8.71799532e-15,9.0,0.532431834,-0.000310289068,0.659485422,1.37001764,8.99999915,0.865717739,0.0599243818,4.30976765e-16
0.000981195313,5.07210795e-15,9.0,0.486504715,-0.00029469654,0.659516607,1.36637021,8.99999915,0.82008009,0.0562072768,4.09284873e-16
0.000982195313,5.22448934e-16,9.0,0.440539335,-0.000279092378,0.659547815,1.36271391,8.99999915,0.774378075,0.052485758,3.87580476e-16
0.000983195313,8.85138342e-15,9.0,0.394537075,-0.000263477198,0.659579046,1.35904884,8.99999915,0.728613052,0.0487599362,3.65864437e-16
0.000984195313,4.85010706e-15,9.0,0.348499928,-0.000247851616,0.659610297,1.35537515,8.99999915,0.682786996,0.0450299726,3.44137618e-16
0.000985195313,6.39579548e-16,9.0,0.302429326,-0.00023221625,0.659641567,1.35169295,8.99999915,0.636901317,0.0412959823,3.22400881e-16
0.000986195313,8.97370448e-15,9.0,0.256327243,-0.000216571716,0.659672857,1.34800241,8.99999914,0.590957971,0.0375581249,3.0065509e-16
0.000987195313,4.6262395e-15,9.0,0.210195154,-0.000200918632,0.659704163,1.34430363,8.99999914,0.544958417,0.0338165194,2.78901107e-16
0.000988195313,7.64524364e-16,9.0,0.164035017,-0.000185257616,0.659735485,1.34059676,8.99999914,0.498904596,0.0300713241,2.57139795e-16
0.000989195313,9.08469216e-15,9.0,0.117848352,-0.000169589287,0.659766821,1.33688194,8.99999914,0.452798011,0.0263226615,2.35372015e-16
0.000990195313,4.4010334e-15,9.0,0.0716371006,-0.000153914263,0.659798171,1.3331593,8.99999914,0.406640591,0.0225706889,2.1359863e-16
0.000991195313,8.9700882e-16,9.0,0.0254028225,-0.000138233162,0.659829534,1.32942898,8.99999914,0.360433881,0.0188155322,1.91820502e-16
0.000992195313,9.18348725e-15,9.0,-0.0208757516,-0.000122546604,0.659860907,1.32568923,8.99999914,0.314156593,0.0150554624,1.70038491e-16
0.000993195313,4.17564923e-15,9.0,-0.0671288379,-0.000106855208,0.65989229,1.32194573,8.99999914,0.267878505,0.0112961491,1.48253461e-16
0.000994195313,1.03731895e-15,9.0,-0.113418501,-9.11595936e-05,0.659923681,1.31819342,8.99999914,0.22153755,0.00753254933,1.2646627e-16
0.000995195313,9.27048648e-15,9.0,-0.159729514,-7.54603805e-05,0.659955079,1.31443355,8.99999914,0.175148938,0.00376589958,1.04677781e-16
0.000996195313,3.94878277e-15,9.0,-0.206072799,-5.97581882e-05,0.659986484,1.31066522,8.99999914,0.128701732,-4.68836162e-06,8.28888536e-17
0.000997195313,1.18455673e-15,9.0,-0.252388017,-4.40536369e-05,0.660017893,1.30689333,8.99999914,0.0822562696,-0.00377431206,6.11003472e-17
0.000998195313,9.34669137e-15,9.0,-0.29872831,-2.83473463e-05,0.660049305,1.30311356,8.99999914,0.0357594095,-0.00754728922,3.93131213e-17
0.000999195313,3.72154104e-15,9.0,-0.345110369,-1.26399367e-05,0.66008072,1.29932455,8.99999914,-0.0108055586,-0.011324977,1.7528035e-17
0.00100019531,1.33843728e-15,9.0,-0.391444956,3.06797195e-06,0.660112136,1.29553355,8.99999914,-0.057349394,-0.0151001246,-4.25405347e-18
0.00100119531,9.41067969e-15,9.0,-0.437812261,1.87757595e-05,0.660143552,1.29173404,8.99999914,-0.103952284,-0.0188792473,-2.60322863e-17
0.00100219531,3.49567668e-15,9.0,-0.484180348,3.44828058e-05,0.660174966,1.28792861,8.99999914,-0.1505823,-0.0226597508,-4.78058062e-17
0.00100319531,1.49797538e-15,9.0,-0.530552232,5.01884907e-05,0.660206377,1.28411702,8.99999914,-0.19724246,-0.0264418802,-6.95737566e-17
0.00100419531,9.46172299e-15,9.0,-0.576921548,6.58921944e-05,0.660237784,1.28029978,8.99999914,-0.2439264,-0.0302251184,-9.13352815e-17
0.00100519531,3.27170509e-15,9.0,-0.623290712,8.15932967e-05,0.660269187,1.2764767,8.99999914,-0.290636533,-0.0340096614,-1.13089526e-16
0.00100619531,1.66338069e-15,9.0,-0.669653897,9.72911778e-05,0.660300582,1.27264824,8.99999914,-0.337367031,-0.0377950358,-1.34835635e-16
0.00100719531,9.50033044e-15,9.0,-0.716012989,0.000112985218,0.66033197,1.26881426,8.99999914,-0.384119779,-0.0415813949,-1.56572755e-16
0.00100819531,3.04952012e-15,9.0,-0.762362637,0.000128674798,0.66036335,1.26497518,8.99999914,-0.43088942,-0.0453683034,-1.78300032e-16
0.00100919531,1.83426579e-15,9.0,-0.808704259,0.000144359298,0.660394719,1.26113089,8.99999914,-0.477677368,-0.0491558765,-2.00016616e-16
0.00101019531,9.52640491e-15,9.0,-0.855032921,0.000160038099,0.660426076,1.25728179,8.99999914,-0.524478682,-0.0529437129,-2.21721654e-16
0.00101119531,2.82962281e-15,9.0,-0.901349628,0.000175710581,0.660457421,1.25342781,8.99999914,-0.571294362,-0.056731894,-2.43414296e-16
0.00101219531,2.01022734e-15,9.0,-0.947649811,0.000191376128,0.660488752,1.2495693,8.99999913,-0.618119829,-0.0605200481,-2.65093692e-16
0.00101319531,9.53987473e-15,9.0,-0.993934114,0.000207034118,0.660520068,1.24570623,8.99999913,-0.664955718,-0.064308227,-2.86758994e-16
0.00101419531,2.61250567e-15,9.0,-1.04019829,0.000222683936,0.660551368,1.24183893,8.99999913,-0.711797768,-0.0680960849,-3.08409354e-16
0.00101519531,2.19084705e-15,9.0,-1.08644265,0.000238324962,0.66058265,1.23796738,8.99999913,-0.758646292,-0.0718836474,-3.30043926e-16
0.00101619531,9.54069393e-15,9.0,-1.13266324,0.00025395658,0.660613913,1.2340919,8.99999913,-0.805497306,-0.0756705914,-3.51661863e-16
0.00101719531,2.39865153e-15,9.0,-1.17886009,0.000269578172,0.660645156,1.23021249,8.99999913,-0.852350838,-0.0794569196,-3.73262323e-16
0.00101819531,2.37569265e-15,9.0,-1.22502947,0.000285189121,0.660676378,1.22632947,8.99999913,-0.899203149,-0.0832423285,-3.9484446e-16
0.00101919531,9.52884232e-15,9.0,-1.27117119,0.000300788812,0.660707578,1.22244283,8.99999913,-0.946054015,-0.0870268004,-4.16407433e-16
0.00102019531,2.18853242e-15,9.0,-1.31728173,0.000316376628,0.660738753,1.21855288,8.99999913,-0.992899908,-0.0908100494,-4.379504e-16
0.00102119531,2.56431884e-15,9.0,-1.36336066,0.000331951954,0.660769904,1.21465965,8.99999913,-1.03974038,-0.0945920397,-4.59472522e-16
0.00102219531,9.50432554e-15,9.0,-1.40940466,0.000347514175,0.660801028,1.21076341,8.99999913,-1.0865721,-0.0983725005,-4.80972961e-16
0.00102319531,1.98260852e-15,9.0,-1.4554131,0.000363062677,0.660832125,1.20686422,8.99999913,-1.13339441,-0.10215138,-5.02450878e-16
0.00102419531,2.75626838e-15,9.0,-1.50138284,0.000378596846,0.660863194,1.20296233,8.99999913,-1.18020415,-0.105928421,-5.23905438e-16
0.00102519531,9.46717507e-15,9.0,-1.54731307,0.000394116068,0.660894232,1.19905781,8.99999913,-1.22700049,-0.109703558,-5.45335805e-16
0.00102619531,1.78132711e-15,9.0,-1.59320078,0.000409619732,0.660925239,1.19515092,8.99999913,-1.27378039,-0.113476544,-5.66741147e-16
0.00102719531,2.95107313e-15,9.0,-1.63904504,0.000425107224,0.660956214,1.19124172,8.99999913,-1.3205429,-0.117247302,-5.88120631e-16
0.00102819531,9.41744816e-15,9.0,-1.68484294,0.000440577934,0.660987156,1.18733047,8.99999913,-1.36728508,-0.121015596,-6.09473426e-16
0.00102919531,1.58512153e-15,9.0,-1.73059341,0.00045603125,0.661018063,1.18341725,8.99999913,-1.41400585,-0.124781336,-6.30798704e-16
0.00103019531,3.14825514e-15,9.0,-1.77629367,0.000471466563,0.661048933,1.1795023,8.99999913,-1.46070239,-0.128544297,-6.52095637e-16
0.00103119531,9.35522772e-15,9.0,-1.82194253,0.000486883264,0.661079767,1.17558571,8.99999913,-1.50737347,-0.132304378,-6.73363398e-16
0.00103219531,1.39441023e-15,9.0,-1.8675373,0.000502280743,0.661110561,1.17166771,8.99999913,-1.55401639,-0.13606136,-6.94601162e-16
0.00103319531,3.34732775e-15,9.0,-1.91307669,0.000517658393,0.661141317,1.1677484,8.99999913,-1.60062981,-0.139815137,-7.15808108e-16
0.00103419531,9.28062215e-15,9.0,-1.95855808,0.000533015607,0.661172031,1.16382802,8.99999913,-1.64721111,-0.143565495,-7.36983412e-16
0.00103519531,1.20959579e-15,9.0,-2.0039801,0.000548351778,0.661202704,1.15990667,8.99999913,-1.69375885,-0.147312321,-7.58126256e-16
0.00103619531,3.54779675e-15,9.0,-2.04934022,0.000563666301,0.661233333,1.15598456,8.99999913,-1.74027047,-0.151055405,-7.7923582e-16
0.00103719531,9.19376507e-15,9.0,-2.09463695,0.000578958572,0.661263917,1.15206183,8.99999913,-1.78674448,-0.154794629,-8.00311288e-16
0.00103819531,1.03106406e-15,9.0,-2.13986785,0.000594227986,0.661294456,1.14813867,8.99999912,-1.83317835,-0.158529788,-8.21351846e-16
0.00103919531,3.7491615e-15,9.0,-2.18503135,0.000609473941,0.661324948,1.14421523,8.99999912,-1.87957053,-0.162260756,-8.42356681e-16
0.00104019531,9.09481507e-15,9.0,-2.23012507,0.000624695836,0.661355392,1.1402917,8.99999912,-1.92591855,-0.165987336,-8.6332498e-16
0.00104119531,8.59183204e-16,9.0,-2.27514738,0.000639893068,0.661385786,1.13636823,8.99999912,-1.97222077,-0.169709394,-8.84255934e-16
0.00104219531,3.95091611e-15,9.0,-2.32009593,0.000655065038,0.66141613,1.132445,8.99999912,-2.01847479,-0.173426737,-9.05148736e-16
0.00104319531,8.98395532e-15,9.0,-2.36496906,0.000670211148,0.661446422,1.12852217,8.99999912,-2.0646789,-0.177139228,-9.2600258e-16
0.00104419531,6.94302965e-16,9.0,-2.40976445,0.000685330799,0.661476662,1.12459993,8.99999912,-2.11083075,-0.180846676,-9.46816662e-16
0.00104519531,4.15255063e-15,9.0,-2.45448039,0.000700423394,0.661506847,1.12067843,8.99999912,-2.15692857,-0.184548941,-9.67590179e-16
0.00104619531,8.86139324e-15,9.0,-2.49911459,0.000715488337,0.661536977,1.11675786,8.99999912,-2.20297004,-0.188245833,-9.88322331e-16
0.00104719531,5.36753819e-16,9.0,-2.5436653,0.000730525035,0.66156705,1.11283837,8.99999912,-2.24895337,-0.191937209,-1.00901232e-15
0.00104819531,4.35355221e-15,9.0,-2.58813028,0.000745532892,0.661597066,1.10892016,8.99999912,-2.29487624,-0.195622883,-1.02965935e-15
0.00104919531,8.72735994e-15,9.0,-2.63250773,0.000760511317,0.661627023,1.10500338,8.99999912,-2.34073682,-0.199302708,-1.05026263e-15
0.00105019531,3.86846254e-16,9.0,-2.67679542,0.000775459719,0.661656919,1.10108822,8.99999912,-2.38653284,-0.202976499,-1.07082136e-15
0.00105119531,4.55340635e-15,9.0,-2.72099155,0.000790377506,0.661686755,1.09717484,8.99999912,-2.43226243,-0.206644107,-1.09133476e-15
0.00105219531,8.58210979e-15,9.0,-2.76509389,0.000805264091,0.661716528,1.09326343,8.99999912,-2.47792332,-0.21030535,-1.11180204e-15
0.00105319531,2.44870079e-16,9.0,-2.80910062,0.000820118886,0.661746238,1.08935415,8.99999912,-2.52351362,-0.213960075,-1.1322224e-15
0.00105419531,4.75159804e-15,9.0,-2.85300954,0.000834941303,0.661775883,1.08544718,8.99999912,-2.56903109,-0.217608103,-1.15259508e-15
0.00105519531,8.42591982e-15,9.0,-2.89681878,0.000849730759,0.661805462,1.08154269,8.99999912,-2.61447381,-0.221249277,-1.17291927e-15
0.00105619531,1.11093774e-16,9.0,-2.94052618,0.000864486668,0.661834973,1.07764087,8.99999912,-2.65983955,-0.224883421,-1.19319422e-15
0.00105719531,4.94761303e-15,9.0,-2.98412985,0.000879208449,0.661864417,1.07374188,8.99999912,-2.70512636,-0.228510376,-1.21341914e-15
0.00105819531,8.25908914e-15,9.0,-3.02762764,0.000893895521,0.661893791,1.0698459,8.99999912,-2.75033203,-0.232129965,-1.23359325e-15
0.00105919531,-1.42361017e-17,9.0,-3.07101763,0.000908547303,0.661923095,1.06595311,8.99999912,-2.7954546,-0.235742031,-1.25371578e-15
0.00106019531,5.14093898e-15,9.0,-3.1142977,0.000923163217,0.661952326,1.06206369,8.99999912,-2.84049186,-0.239346396,-1.27378597e-15
0.00106119531,8.08193822e-15,9.0,-3.15746592,0.000937742686,0.661981485,1.05817782,8.99999912,-2.88544183,-0.242942901,-1.29380304e-15
0.00106219531,-1.30895453e-16,9.0,-3.20052017,0.000952285135,0.66201057,1.05429566,8.99999912,-2.93030232,-0.246531371,-1.31376624e-15
0.00106319531,5.33106669e-15,9.0,-3.2434585,0.000966789989,0.66203958,1.0504174,8.99999912,-2.97507133,-0.250111645,-1.33367478e-15
0.00106419531,7.89480821e-15,9.0,-3.28627881,0.000981256676,0.662068513,1.04654322,8.99999911,-3.01974668,-0.253683547,-1.35352793e-15
0.00106519531,-2.38683139e-16,9.0,-3.32897915,0.000995684624,0.662097369,1.04267329,8.99999911,-3.06432636,-0.257246916,-1.37332491e-15
0.00106619531,5.51749128e-15,9.0,-3.37155742,0.00101007326,0.662126147,1.0388078,8.99999911,-3.10880819,-0.260801579,-1.39306498e-15
0.00106719531,7.6980602e-15,9.0,-3.41401167,0.00102442203,0.662154844,1.03494692,8.99999911,-3.15319015,-0.264347372,-1.41274737e-15
0.00106819531,-3.3742141e-16,9.0,-3.45633979,0.00103873035,0.662183461,1.03109083,8.99999911,-3.19747008,-0.267884122,-1.43237135e-15
0.00106919531,5.69971341e-15,9.0,-3.49853983,0.00105299767,0.662211995,1.02723971,8.99999911,-3.24164594,-0.271411666,-1.45193615e-15
0.00107019531,7.49207439e-15,9.0,-3.5406097,0.00106722341,0.662240447,1.02339374,8.99999911,-3.28571557,-0.274929832,-1.47144105e-15
0.00107119531,-4.26956289e-16,9.0,-3.58254744,0.00108140702,0.662268814,1.0195531,8.99999911,-3.32967693,-0.278438454,-1.49088528e-15
0.00107219531,5.8772404e-15,9.0,-3.62435097,0.00109554794,0.662297096,1.01571796,8.99999911,-3.37352788,-0.281937362,-1.51026812e-15
0.00107319531,7.27724923e-15,9.0,-3.66601832,0.00110964561,0.662325291,1.01188852,8.99999911,-3.41726635,-0.28542639,-1.52958882e-15
0.00107419531,-5.071579e-16,9.0,-3.70754742,0.00112369948,0.662353399,1.00806494,8.99999911,-3.46089022,-0.288905368,-1.54884665e-15
0.00107519531,6.04958744e-15,9.0,-3.7489363,0.00113770898,0.662381418,1.00424741,8.99999911,-3.50439741,-0.29237413,-1.56804088e-15
0.00107619531,7.05400059e-15,9.0,-3.7901829,0.00115167356,0.662409347,1.00043611,8.99999911,-3.54778581,-0.295832506,-1.58717078e-15
0.00107719531,-5.77920733e-16,9.0,-3.83128523,0.00116559268,0.662437185,0.996631218,8.99999911,-3.59105333,-0.29928033,-1.60623562e-15
0.00107819531,6.2162787e-15,9.0,-3.87224126,0.00117946579,0.662464932,0.992832917,8.99999911,-3.63419786,-0.302717433,-1.62523468e-15
0.00107919531,6.82276075e-15,9.0,-3.91304901,0.00119329233,0.662492585,0.989041385,8.99999911,-3.67721734,-0.306143648,-1.64416724e-15
0.00108019531,-6.39163863e-16,9.0,-3.95370643,0.00120707176,0.662520144,0.985256804,8.99999911,-3.72010963,-0.309558807,-1.66303257e-15
0.00108119531,6.37684847e-15,9.0,-3.99421154,0.00122080354,0.662547607,0.981479354,8.99999911,-3.76287268,-0.312962744,-1.68182997e-15
0.00108219531,6.58397753e-15,9.0,-4.03456232,0.00123448713,0.662574974,0.977709217,8.99999911,-3.80550436,-0.31635529,-1.70055872e-15
0.00108319531,-6.908311e-16,9.0,-4.07475678,0.00124812197,0.662602244,0.973946573,8.99999911,-3.8480026,-0.31973628,-1.71921812e-15
0.00108419531,6.53084226e-15,9.0,-4.11479291,0.00126170755,0.662629415,0.970191604,8.99999911,-3.89036531,-0.323105544,-1.73780744e-15
0.00108519531,6.33811322e-15,9.0,-4.15466873,0.00127524331,0.662656487,0.966444488,8.99999911,-3.93259041,-0.326462918,-1.756326e-15
0.00108619531,-7.32891091e-16,9.0,-4.19438223,0.00128872873,0.662683457,0.962705409,8.99999911,-3.9746758,-0.329808234,-1.77477309e-15
0.00108719531,6.67781788e-15,9.0,-4.23393143,0.00130216328,0.662710327,0.958974547,8.99999911,-4.0166194,-0.333141327,-1.79314801e-15
0.00108819531,6.08564357e-15,9.0,-4.27331433,0.00131554641,0.662737093,0.955252082,8.99999911,-4.05841914,-0.33646203,-1.81145007e-15
0.00108919531,-7.65337354e-16,9.0,-4.31252897,0.00132887761,0.662763755,0.951538196,8.99999911,-4.10007293,-0.339770177,-1.82967858e-15
0.00109019531,6.81734646e-15,9.0,-4.35157334,0.00134215635,0.662790313,0.94783307,8.9999991,-4.1415787,-0.343065602,-1.84783284e-15
0.00109119531,5.82705674e-15,9.0,-4.39044549,0.00135538211,0.662816764,0.944136883,8.9999991,-4.18293438,-0.34634814,-1.86591217e-15
0.00109219531,-7.88188268e-16,9.0,-4.42914343,0.00136855435,0.662843109,0.940449817,8.9999991,-4.22413788,-0.349617626,-1.8839159e-15
0.00109319531,6.94901351e-15,9.0,-4.46766521,0.00138167257,0.662869345,0.936772053,8.9999991,-4.26518716,-0.352873896,-1.90184333e-15
0.00109419531,5.56285222e-15,9.0,-4.50600885,0.00139473624,0.662895472,0.933103771,8.9999991,-4.30608014,-0.356116783,-1.9196938e-15
0.00109519531,-8.01486987e-16,9.0,-4.54417239,0.00140774485,0.66292149,0.929445151,8.9999991,-4.34681476,-0.359346125,-1.93746662e-15
0.00109619531,7.07241989e-15,9.0,-4.58215389,0.00142069788,0.662947396,0.925796375,8.9999991,-4.38738896,-0.362561757,-1.95516114e-15
0.00109719531,5.29353969e-15,9.0,-4.61995139,0.00143359483,0.66297319,0.922157621,8.9999991,-4.4278007,-0.365763516,-1.97277669e-15
0.00109819531,-8.05301313e-16,9.0,-4.65756294,0.00144643518,0.66299887,0.918529071,8.9999991,-4.46804791,-0.368951237,-1.99031259e-15
0.00109919531,7.18718275e-15,9.0,-4.69498661,0.00145921842,0.663024437,0.914910903,8.9999991,-4.50812855,-0.372124759,-2.00776819e-15
0.00110019531,5.0196379e-15,9.0,-4.73222046,0.00147194407,0.663049888,0.911303299,8.9999991,-4.54804058,-0.375283918,-2.02514284e-15
0.00110119531,-7.99723501e-16,9.0,-4.76926256,0.0014846116,0.663075223,0.907706436,8.9999991,-4.58778197,-0.378428553,-2.04243588e-15
0.00110219531,7.29293647e-15,9.0,-4.80611098,0.00149722052,0.663100441,0.904120496,8.9999991,-4.62735066,-0.381558501,-2.05964665e-15
0.00110319531,4.74167352e-15,9.0,-4.84276381,0.00150977033,0.663125541,0.900545657,8.9999991,-4.66674465,-0.384673602,-2.07677452e-15
0.00110419531,-7.8487001e-16,9.0,-4.87921913,0.00152226054,0.663150521,0.896982097,8.9999991,-4.7059619,-0.387773693,-2.09381884e-15
0.00110519531,7.3893335e-15,9.0,-4.91547504,0.00153469065,0.663175381,0.893429996,8.9999991,-4.74500039,-0.390858614,-2.11077897e-15
0.00110619531,4.46017995e-15,9.0,-4.95152962,0.00154706018,0.66320012,0.889889532,8.9999991,-4.7838581,-0.393928206,-2.12765427e-15
0.00110719531,-7.60881199e-16,9.0,-4.987381,0.00155936863,0.663224737,0.886360884,8.9999991,-4.82253304,-0.396982308,-2.14444411e-15
0.00110819531,7.47604526e-15,9.0,-5.02302728,0.00157161552,0.663249231,0.882844228,8.9999991,-4.86102318,-0.400020762,-2.16114786e-15
0.00110919531,4.17569615e-15,9.0,-5.05846658,0.00158380037,0.663273601,0.879339744,8.9999991,-4.89932654,-0.403043408,-2.17776489e-15
0.00111019531,-7.27920965e-16,9.0,-5.09369702,0.00159592269,0.663297845,0.875847608,8.9999991,-4.93744111,-0.406050087,-2.19429458e-15
0.00111119531,7.55276286e-15,9.0,-5.12871673,0.001607982,0.663321964,0.872367997,8.9999991,-4.97536492,-0.409040644,-2.21073631e-15
0.00111219531,3.88876542e-15,9.0,-5.16352385,0.00161997784,0.663345956,0.868901089,8.9999991,-5.01309597,-0.412014919,-2.22708946e-15
0.00111319531,-6.86176325e-16,9.0,-5.19811653,0.00163190972,0.663369819,0.865447058,8.9999991,-5.0506323,-0.414972757,-2.24335343e-15
0.00111419531,7.61919791e-15,9.0,-5.23249292,0.00164377717,0.663393554,0.862006083,8.9999991,-5.08797193,-0.417914,-2.25952759e-15
0.00111519531,3.59993423e-15,9.0,-5.26665118,0.00165557974,0.663417159,0.858578337,8.9999991,-5.1251129,-0.420838494,-2.27561136e-15
0.00111619531,-6.35856952e-16,9.0,-5.30058947,0.00166731694,0.663440634,0.855163997,8.9999991,-5.16205325,-0.423746084,-2.29160412e-15
0.00111719531,7.67508317e-15,9.0,-5.33430598,0.00167898832,0.663463977,0.851763237,8.9999991,-5.19879104,-0.426636614,-2.30750527e-15
0.00111819531,3.30975096e-15,9.0,-5.36779888,0.00169059342,0.663487187,0.848376233,8.99999909,-5.23532431,-0.429509931,-2.32331423e-15
0.00111919531,-5.77194645e-16,9.0,-5.40106637,0.00170213177,0.663510264,0.845003157,8.99999909,-5.27165114,-0.432365881,-2.33903041e-15
0.00112019531,7.72017327e-15,9.0,-5.43410665,0.00171360293,0.663533206,0.841644183,8.99999909,-5.30776959,-0.435204312,-2.3546532e-15
0.00112119531,3.01876469e-15,9.0,-5.46691792,0.00172500644,0.663556013,0.838299486,8.99999909,-5.34367775,-0.438025072,-2.37018204e-15
0.00112219531,-5.1044276e-16,9.0,-5.49949841,0.00173634185,0.663578684,0.834969236,8.99999909,-5.37937369,-0.44082801,-2.38561634e-15
0.00112319531,7.75424524e-15,9.0,-5.53184633,0.00174760871,0.663601217,0.831653608,8.99999909,-5.41485552,-0.443612974,-2.40095553e-15
0.00112419531,2.72752403e-15,9.0,-5.56395992,0.00175880657,0.663623613,0.828352772,8.99999909,-5.45012133,-0.446379814,-2.41619903e-15
0.00112519531,-4.35875582e-16,9.0,-5.59583743,0.001769935,0.66364587,0.8250669,8.99999909,-5.48516923,-0.449128381,-2.43134627e-15
0.00112619531,7.77709914e-15,9.0,-5.6274771,0.00178099356,0.663667987,0.821796162,8.99999909,-5.51999735,-0.451858527,-2.44639669e-15
0.00112719531,2.43657581e-15,9.0,-5.65887721,0.00179198181,0.663689964,0.818540729,8.99999909,-5.5546038,-0.454570103,-2.46134973e-15
0.00112819531,-3.53787654e-16,9.0,-5.69003601,0.00180289931,0.663711799,0.815300771,8.99999909,-5.58898672,-0.457262961,-2.47620484e-15
0.00112919531,7.7885585e-15,9.0,-5.72095179,0.00181374564,0.663733491,0.812076455,8.99999909,-5.62314426,-0.459936956,-2.49096145e-15
0.00113019531,2.14646398e-15,9.0,-5.75162284,0.00182452037,0.663755041,0.808867953,8.99999909,-5.65707457,-0.462591942,-2.50561902e-15
0.00113119531,-2.64493054e-16,9.0,-5.78204746,0.00183522306,0.663776446,0.80567543,8.99999909,-5.6907758,-0.465227773,-2.52017701e-15
0.00113219531,7.78847082e-15,9.0,-5.81222396,0.00184585331,0.663797707,0.802499054,8.99999909,-5.72424613,-0.467844305,-2.53463486e-15
0.00113319531,1.85772829e-15,9.0,-5.84215067,0.00185641068,0.663818821,0.799338993,8.99999909,-5.75748374,-0.470441395,-2.54899205e-15
0.00113419531,-1.68324629e-16,9.0,-5.87182591,0.00186689476,0.66383979,0.796195412,8.99999909,-5.79048681,-0.4730189,-2.56324804e-15
0.00113519531,7.77670792e-15,9.0,-5.90124802,0.00187730515,0.66386061,0.793068476,8.99999909,-5.82325355,-0.475576678,-2.5774023e-15
0.00113619531,1.57090318e-15,9.0,-5.93041536,0.00188764142,0.663881283,0.789958352,8.99999909,-5.85578216,-0.478114588,-2.5914543e-15
0.00113719531,-6.56331882e-17,9.0,-5.9593263,0.00189790317,0.663901806,0.786865202,8.99999909,-5.88807086,-0.48063249,-2.60540353e-15
0.00113819531,7.75316631e-15,9.0,-5.98797919,0.00190808999,0.66392218,0.78378919,8.99999909,-5.92011788,-0.483130244,-2.61924945e-15
0.00113919531,1.28651656e-15,9.0,-6.01637244,0.00191820149,0.663942403,0.78073048,8.99999909,-5.95192145,-0.485607711,-2.63299157e-15
0.00114019531,4.32133556e-17,9.0,-6.04450443,0.00192823725,0.663962475,0.777689233,8.99999909,-5.98347983,-0.488064755,-2.64662937e-15
0.00114119531,7.71776747e-15,9.0,-6.07237358,0.0019381969,0.663982394,0.77466561,8.99999909,-6.01479127,-0.490501238,-2.66016233e-15
0.00114219531,1.00508864e-15,9.0,-6.0999783,0.00194808003,0.66400216,0.771659773,8.99999909,-6.04585405,-0.492917024,-2.67358997e-15
0.00114319531,1.57830873e-16,9.0,-6.12731703,0.00195788625,0.664021772,0.76867188,8.99999909,-6.07666644,-0.495311979,-2.68691179e-15
0.00114419531,7.67045809e-15,9.0,-6.15438821,0.00196761518,0.66404123,0.765702092,8.99999909,-6.10722674,-0.497685968,-2.70012728e-15
0.00114519531,7.27130825e-16,9.0,-6.18119029,0.00197726642,0.664060533,0.762750567,8.99999909,-6.13753325,-0.500038859,-2.71323595e-15
0.00114619531,2.77819949e-16,9.0,-6.20772175,0.00198683961,0.664079679,0.759817462,8.99999909,-6.16758428,-0.502370518,-2.72623734e-15
0.00114719531,7.61121018e-15,9.0,-6.23398105,0.00199633437,0.664098669,0.756902934,8.99999909,-6.19737816,-0.504680816,-2.73913094e-15
0.00114819531,4.53144513e-16,9.0,-6.2599667,0.00200575031,0.664117501,0.754007139,8.99999909,-6.22691322,-0.506969621,-2.75191629e-15
0.00114919531,4.02766851e-16,9.0,-6.2856772,0.00201508707,0.664136174,0.751130232,8.99999909,-6.25618783,-0.509236804,-2.76459291e-15
0.00115019531,7.54002126e-15,9.0,-6.31111107,0.00202434427,0.664154689,0.748272367,8.99999908,-6.28520033,-0.511482237,-2.77716032e-15
0.00115119531,1.83620057e-16,9.0,-6.33626683,0.00203352156,0.664173043,0.745433698,8.99999908,-6.3139491,-0.513705793,-2.78961808e-15
0.00115219531,5.32244525e-16,9.0,-6.36114304,0.00204261857,0.664191237,0.742614378,8.99999908,-6.34243252,-0.515907346,-2.80196571e-15
0.00115319531,7.45691438e-15,9.0,-6.38573824,0.00205163493,0.66420927,0.739814557,8.99999908,-6.37064899,-0.51808677,-2.81420276e-15
0.00115419531,-8.09643449e-17,9.0,-6.41005101,0.00206057031,0.664227141,0.737034388,8.99999908,-6.39859693,-0.520243941,-2.82632877e-15
0.00115519531,6.65813628e-16,9.0,-6.43407993,0.00206942433,0.664244849,0.734274019,8.99999908,-6.42627476,-0.522378736,-2.8383433e-15
0.00115619531,7.36193811e-15,9.0,-6.4578236,0.00207819666,0.664262393,0.7315336,8.99999908,-6.4536809,-0.524491033,-2.85024591e-15
0.00115719531,-3.4014369e-16,9.0,-6.48128063,0.00208688695,0.664279774,0.728813279,8.99999908,-6.48081381,-0.52658071,-2.86203615e-15
0.00115819531,8.03023589e-16,9.0,-6.50444965,0.00209549484,0.66429699,0.726113203,8.99999908,-6.50767196,-0.528647649,-2.87371358e-15
0.00115919531,7.25516648e-15,9.0,-6.52732929,0.00210402002,0.66431404,0.723433519,8.99999908,-6.53425381,-0.530691731,-2.88527779e-15
0.00116019531,-5.93467191e-16,9.0,-6.54991821,0.00211246212,0.664330924,0.72077437,8.99999908,-6.56055785,-0.532712836,-2.89672833e-15
0.00116119531,9.4341369e-16,9.0,-6.57221507,0.00212082084,0.664347642,0.718135902,8.99999908,-6.58658259,-0.53471085,-2.90806479e-15
0.00116219531,7.13669887e-15,9.0,-6.59421855,0.00212909582,0.664364192,0.715518258,8.99999908,-6.61232654,-0.536685657,-2.91928675e-15
0.00116319531,-8.40499261e-16,9.0,-6.61592736,0.00213728675,0.664380574,0.712921579,8.99999908,-6.63778823,-0.538637142,-2.93039379e-15
0.00116419531,1.08651418e-15,9.0,-6.6373402,0.00214539331,0.664396787,0.710346008,8.99999908,-6.6629662,-0.540565192,-2.94138551e-15
0.00116519531,7.00665984e-15,9.0,-6.6584558,0.00215341517,0.66441283,0.707791684,8.99999908,-6.68785902,-0.542469695,-2.9522615e-15
0.00116619531,-1.08082046e-15,9.0,-6.6792729,0.00216135202,0.664428704,0.705258746,8.99999908,-6.71246525,-0.54435054,-2.96302136e-15
0.00116719531,1.2318474e-15,9.0,-6.69979026,0.00216920354,0.664444407,0.702747332,8.99999908,-6.73678347,-0.546207619,-2.97366469e-15
0.00116819531,6.86519885e-15,9.0,-6.72000664,0.00217696942,0.664459939,0.70025758,8.99999908,-6.76081229,-0.548040822,-2.9841911e-15
0.00116919531,-1.31402843e-15,9.0,-6.73992083,0.00218464936,0.664475299,0.697789625,8.99999908,-6.78455033,-0.549850042,-2.9946002e-15
0.00117019531,1.37892894e-15,9.0,-6.75953164,0.00219224306,0.664490486,0.695343603,8.99999908,-6.80799621,-0.551635174,-3.00489161e-15
0.00117119531,6.71249004e-15,9.0,-6.77883788,0.0021997502,0.6645055,0.692919646,8.99999908,-6.83114857,-0.553396112,-3.01506495e-15
0.00117219531,-1.53973871e-15,9.0,-6.79783838,0.00220717051,0.664520341,0.690517887,8.99999908,-6.85400609,-0.555132754,-3.02511984e-15
0.00117319531,1.52726881e-15,9.0,-6.81653199,0.00221450368,0.664535007,0.688138458,8.99999908,-6.87656742,-0.556844996,-3.03505592e-15
0.00117419531,6.54873183e-15,9.0,-6.83491759,0.00222174943,0.664549499,0.685781489,8.99999908,-6.89883127,-0.558532738,-3.04487282e-15
0.00117519531,-1.75758565e-15,9.0,-6.85299404,0.00222890746,0.664563815,0.68344711,8.99999908,-6.92079633,-0.56019588,-3.05457017e-15
0.00117619531,1.67637259e-15,9.0,-6.87076025,0.0022359775,0.664577955,0.681135447,8.99999908,-6.94246134,-0.561834325,-3.06414763e-15
0.00117719531,6.37414652e-15,9.0,-6.88821513,0.00224295927,0.664591919,0.678846629,8.99999908,-6.96382501,-0.563447973,-3.07360484e-15
0.00117819531,-1.96722311e-15,9.0,-6.9053576,0.00224985249,0.664605705,0.676580781,8.99999908,-6.98488612,-0.565036731,-3.08294144e-15
0.00117919531,1.82574265e-15,9.0,-6.92218662,0.00225665689,0.664619314,0.674338027,8.99999908,-7.00564342,-0.566600503,-3.09215711e-15
0.00118019531,6.18897986e-15,9.0,-6.93870115,0.00226337221,0.664632744,0.67211849,8.99999908,-7.0260957,-0.568139196,-3.10125149e-15
0.00118119531,-2.16832528e-15,9.0,-6.95490017,0.00226999816,0.664645996,0.669922292,8.99999908,-7.04624176,-0.569652718,-3.11022426e-15
0.00118219531,1.97487935e-15,9.0,-6.97078266,0.0022765345,0.664659069,0.667749555,8.99999908,-7.06608042,-0.571140979,-3.11907508e-15
0.00118319531,5.99350051e-15,9.0,-6.98634766,0.00228298097,0.664671962,0.665600398,8.99999908,-7.0856105,-0.572603889,-3.12780363e-15
0.00118419531,-2.36058733e-15,9.0,-7.00159418,0.00228933731,0.664684675,0.663474939,8.99999908,-7.10483087,-0.574041362,-3.13640959e-15
0.00118519531,2.1232822e-15,9.0,-7.01652127,0.00229560327,0.664697207,0.661373294,8.99999908,-7.12374038,-0.575453309,-3.14489265e-15
0.00118619531,5.7879995e-15,9.0,-7.03112801,0.00230177861,0.664709557,0.659295581,8.99999908,-7.14233793,-0.576839647,-3.15325248e-15
0.00118719531,-2.54372605e-15,9.0,-7.04541346,0.00230786307,0.664721726,0.657241913,8.99999908,-7.1606224,-0.578200291,-3.16148879e-15
0.00118819531,2.27045111e-15,9.0,-7.05937674,0.00231385643,0.664733713,0.655212404,8.99999908,-7.17859272,-0.579535159,-3.16960128e-15
0.00118919531,5.5727896e-15,9.0,-7.07301695,0.00231975843,0.664745517,0.653207164,8.99999908,-7.19624781,-0.58084417,-3.17758963e-15
0.00119019531,-2.71748048e-15,9.0,-7.08633323,0.00232556886,0.664757138,0.651226306,8.99999908,-7.21358664,-0.582127246,-3.18545357e-15
0.00119119531,2.41588759e-15,9.0,-7.09932474,0.00233128748,0.664768575,0.649269938,8.99999907,-7.23060817,-0.583384307,-3.19319281e-15
0.00119219531,5.34820466e-15,9.0,-7.11199065,0.00233691406,0.664779828,0.647338169,8.99999907,-7.24731138,-0.584615277,-3.20080705e-15
0.00119319531,-2.88161243e-15,9.0,-7.12433014,0.00234244838,0.664790897,0.645431104,8.99999907,-7.26369528,-0.585820081,-3.20829602e-15
0.00119419531,2.55909591e-15,9.0,-7.13634241,0.00234789023,0.66480178,0.643548848,8.99999907,-7.27975888,-0.586998645,-3.21565944e-15
0.00119519531,5.11459891e-15,9.0,-7.14802671,0.00235323939,0.664812479,0.641691507,8.99999907,-7.29550123,-0.588150896,-3.22289705e-15
0.00119619531,-3.03590698e-15,9.0,-7.15938226,0.00235849564,0.664822991,0.639859182,8.99999907,-7.31092139,-0.589276765,-3.23000859e-15
0.00119719531,2.69958434e-15,9.0,-7.17040832,0.00236365879,0.664833318,0.638051974,8.99999907,-7.32601842,-0.590376181,-3.23699378e-15
0.00119819531,4.87234618e-15,9.0,-7.18110419,0.00236872862,0.664843457,0.636269983,8.99999907,-7.34079142,-0.591449077,-3.24385237e-15
0.00119919531,-3.18017291e-15,9.0,-7.19146915,0.00237370494,0.66485341,0.634513307,8.99999907,-7.35523949,-0.592495386,-3.25058412e-15
0.00120019531,2.83686633e-15,9.0,-7.20150252,0.00237858755,0.664863175,0.632782044,8.99999907,-7.36936178,-0.593515043,-3.25718877e-15
0.00120119531,4.62183911e-15,9.0,-7.21120364,0.00238337626,0.664872753,0.631076288,8.99999907,-7.38315741,-0.594507984,-3.26366608e-15
0.00120219531,-3.31424311e-15,9.0,-7.22057185,0.00238807088,0.664882142,0.629396135,8.99999907,-7.39662557,-0.595474149,-3.27001582e-15
0.00120319531,2.97046166e-15,9.0,-7.22960654,0.00239267122,0.664891342,0.627741675,8.99999907,-7.40976542,-0.596413476,-3.27623776e-15
0.00120419531,4.36348832e-15,9.0,-7.2383071,0.0023971771,0.664900354,0.626113002,8.99999907,-7.42257618,-0.597325906,-3.28233165e-15
0.00120519531,-3.43797486e-15,9.0,-7.24667293,0.00240158834,0.664909177,0.624510203,8.99999907,-7.43505706,-0.598211382,-3.2882973e-15
0.00120619531,3.0998976e-15,9.0,-7.25470346,0.00240590477,0.66491781,0.622933368,8.99999907,-7.4472073,-0.599069848,-3.29413446e-15
0.00120719531,4.09772148e-15,9.0,-7.26239814,0.00241012623,0.664926252,0.621382584,8.99999907,-7.45902616,-0.59990125,-3.29984294e-15
0.00120819531,-3.55125015e-15,9.0,-7.26975644,0.00241425253,0.664934505,0.619857935,8.99999907,-7.47051291,-0.600705534,-3.30542252e-15
0.00120919531,3.2247101e-15,9.0,-7.27677784,0.00241828353,0.664942567,0.618359506,8.99999907,-7.48166685,-0.60148265,-3.310873e-15
0.00121019531,3.82498242e-15,9.0,-7.28346186,0.00242221905,0.664950438,0.616887379,8.99999907,-7.4924873,-0.602232548,-3.31619417e-15
0.00121119531,-3.65397585e-15,9.0,-7.28980801,0.00242605895,0.664958118,0.615441635,8.99999907,-7.50297359,-0.60295518,-3.32138585e-15
0.00121219531,3.34444485e-15,9.0,-7.29581585,0.00242980307,0.664965606,0.614022353,8.99999907,-7.51312507,-0.603650499,-3.32644784e-15
0.00121319531,3.54573016e-15,9.0,-7.30148493,0.00243345127,0.664972903,0.612629611,8.99999907,-7.52294111,-0.604318459,-3.33137996e-15
0.00121419531,-3.74608392e-15,9.0,-7.30681483,0.0024370034,0.664980007,0.611263485,8.99999907,-7.5324211,-0.604959018,-3.33618202e-15
0.00121519531,3.45865843e-15,9.0,-7.31180517,0.00244045932,0.664986919,0.609924051,8.99999907,-7.54156445,-0.605572134,-3.34085386e-15
0.00121619531,3.26043792e-15,9.0,-7.31645556,0.0024438189,0.664993638,0.608611381,8.99999907,-7.5503706,-0.606157766,-3.3453953e-15
0.00121719531,-3.82753145e-15,9.0,-7.32076565,0.002447082,0.665000164,0.607325547,8.99999907,-7.55883899,-0.606715876,-3.34980618e-15
0.00121819531,3.56691936e-15,9.0,-7.32473509,0.00245024849,0.665006497,0.606066619,8.99999907,-7.56696909,-0.607246426,-3.35408633e-15
0.00121919531,2.96959206e-15,9.0,-7.32836358,0.00245331825,0.665012637,0.604834667,8.99999907,-7.57476038,-0.607749381,-3.3582356e-15
0.00122019531,-3.89830075e-15,9.0,-7.3316508,0.00245629116,0.665018582,0.603629757,8.99999907,-7.58221238,-0.608224707,-3.36225383e-15
0.00122119531,3.66880917e-15,9.0,-7.33459649,0.00245916709,0.665024334,0.602451954,8.99999907,-7.58932462,-0.608672371,-3.36614088e-15
0.00122219531,2.67369106e-15,9.0,-7.33720038,0.00246194595,0.665029892,0.601301323,8.99999907,-7.59609663,-0.609092344,-3.36989661e-15
0.00122319531,-3.95839929e-15,9.0,-7.33946224,0.00246462761,0.665035255,0.600177925,8.99999907,-7.602528,-0.609484595,-3.37352088e-15
0.00122419531,3.7639234e-15,9.0,-7.34138184,0.00246721197,0.665040424,0.599081823,8.99999907,-7.60861829,-0.609849097,-3.37701356e-15
0.00122519531,2.37324439e-15,9.0,-7.34295898,0.00246969893,0.665045398,0.598013075,8.99999907,-7.61436712,-0.610185824,-3.38037452e-15
0.00122619531,-4.00785967e-15,9.0,-7.3441935,0.00247208839,0.665050177,0.596971738,8.99999907,-7.61977412,-0.610494753,-3.38360363e-15
0.00122719531,3.85187259e-15,9.0,-7.34508522,0.00247438025,0.665054761,0.595957868,8.99999907,-7.62483894,-0.61077586,-3.38670078e-15
0.00122819531,2.06877144e-15,9.0,-7.34563401,0.00247657443,0.665059149,0.594971521,8.99999907,-7.62956123,-0.611029124,-3.38966586e-15
0.00122919531,-4.04673944e-15,9.0,-7.34583975,0.00247867085,0.665063342,0.594012749,8.99999907,-7.63394068,-0.611254526,-3.39249876e-15
0.00123019531,3.93228325e-15,9.0,-7.34570234,0.0024806694,0.665067339,0.593081603,8.99999907,-7.63797701,-0.611452049,-3.39519937e-15
0.00123119531,1.76080036e-15,9.0,-7.34522171,0.00248257003,0.66507114,0.592178132,8.99999907,-7.64166993,-0.611621675,-3.39776759e-15
0.00123219531,-4.07512095e-15,9.0,-7.34439779,0.00248437264,0.665074745,0.591302385,8.99999907,-7.6450192,-0.611763391,-3.40020334e-15
0.00123319531,4.00479875e-15,9.0,-7.34323055,0.00248607718,0.665078154,0.590454408,8.99999907,-7.64802458,-0.611877184,-3.40250652e-15
0.00123419531,1.4498669e-15,9.0,-7.34171996,0.00248768357,0.665081367,0.589634246,8.99999907,-7.65068586,-0.611963042,-3.40467705e-15
0.00123519531,-4.09311107e-15,9.0,-7.33986604,0.00248919176,0.665084384,0.588841941,8.99999907,-7.65300284,-0.612020956,-3.40671484e-15
0.00123619531,4.06908023e-15,9.0,-7.3376688,0.00249060167,0.665087203,0.588077536,8.99999907,-7.65497535,-0.612050918,-3.40861984e-15
0.00123719531,1.13651328e-15,9.0,-7.33512828,0.00249191326,0.665089827,0.58734107,8.99999907,-7.65660325,-0.612052921,-3.41039195e-15
0.00123819531,-4.10084092e-15,9.0,-7.33224456,0.00249312647,0.665092253,0.586632582,8.99999907,-7.65788639,-0.612026962,-3.41203113e-15
0.00123919531,4.12480742e-15,9.0,-7.3290177,0.00249424126,0.665094483,0.585952107,8.99999907,-7.65882466,-0.611973036,-3.41353731e-15
0.00124019531,8.21286926e-16,9.0,-7.32544783,0.00249525758,0.665096515,0.585299681,8.99999907,-7.65941799,-0.611891144,-3.41491043e-15
0.00124119531,-4.09846548e-15,9.0,-7.32153505,0.00249617539,0.665098351,0.584675337,8.99999907,-7.65966628,-0.611781284,-3.41615045e-15
0.00124219531,4.17167942e-15,9.0,-7.31727951,0.00249699466,0.665099989,0.584079107,8.99999907,-7.6595695,-0.61164346,-3.41725732e-15
0.00124319531,5.04739346e-16,9.0,-7.31268138,0.00249771535,0.665101431,0.583511021,8.99999907,-7.65912761,-0.611477674,-3.418231e-15
0.00124419531,-4.08616316e-15,9.0,-7.30774084,0.00249833743,0.665102675,0.582971106,8.99999907,-7.6583406,-0.611283931,-3.41907146e-15
0.00124519531,4.20941549e-15,9.0,-7.3024581,0.00249886088,0.665103722,0.58245939,8.99999907,-7.65720848,-0.61106224,-3.41977865e-15
0.00124619531,1.87424882e-16,9.0,-7.29683338,0.00249928569,0.665104571,0.581975897,8.99999907,-7.65573129,-0.610812608,-3.42035257e-15
0.00124719531,-4.0641354e-15,9.0,-7.29086693,0.00249961182,0.665105224,0.581520651,8.99999907,-7.65390907,-0.610535045,-3.42079318e-15
0.00124819531,4.23775572e-15,9.0,-7.28455901,0.00249983928,0.665105679,0.581093673,8.99999907,-7.65174189,-0.610229564,-3.42110048e-15
0.00124919531,-1.30100496e-16,9.0,-7.27790991,0.00249996804,0.665105936,0.580694984,8.99999907,-7.64922986,-0.609896177,-3.42127444e-15
0.00125019531,-4.03260607e-15,9.0,-7.27091993,0.00249999811,0.665105996,0.580324602,8.99999907,-7.64637307,-0.609534901,-3.42131507e-15
0.00125119531,4.25646169e-15,9.0,-7.26358939,0.00249992949,0.665105859,0.579982543,8.99999907,-7.64317166,-0.609145751,-3.42122235e-15
0.00125219531,-4.47280407e-16,9.0,-7.25591866,0.00249976217,0.665105524,0.579668823,8.99999907,-7.63962578,-0.608728747,-3.42099631e-15
0.00125319531,-3.99182094e-15,9.0,-7.24790809,0.00249949617,0.665104992,0.579383454,8.99999907,-7.63573562,-0.608283908,-3.42063693e-15
0.00125419531,4.26531709e-15,9.0,-7.23955806,0.00249913149,0.665104263,0.579126449,8.99999907,-7.63150135,-0.607811257,-3.42014425e-15
0.00125519531,-7.63559281e-16,9.0,-7.23086899,0.00249866815,0.665103336,0.578897816,8.99999907,-7.62692319,-0.607310816,-3.41951827e-15
0.00125619531,-3.94204706e-15,9.0,-7.2218413,0.00249810617,0.665102212,0.578697566,8.99999907,-7.62200139,-0.60678261,-3.41875901e-15
0.00125719531,4.26412828e-15,9.0,-7.21247544,0.00249744556,0.665100891,0.578525704,8.99999907,-7.61673619,-0.606226667,-3.41786651e-15
0.00125819531,-1.07838357e-15,9.0,-7.20277188,0.00249668636,0.665099373,0.578382235,8.99999907,-7.61112786,-0.605643014,-3.4168408e-15
0.00125919531,-3.88357206e-15,9.0,-7.19273109,0.0024958286,0.665097657,0.578267162,8.99999907,-7.60517671,-0.605031682,-3.41568191e-15
0.00126019531,4.25272477e-15,9.0,-7.18235359,0.0024948723,0.665095745,0.578180487,8.99999907,-7.59888304,-0.604392702,-3.41438989e-15
0.00126119531,-1.39120298e-15,9.0,-7.17163991,0.00249381751,0.665093635,0.578122211,8.99999907,-7.59224719,-0.603726107,-3.41296479e-15
0.00126219531,-3.81670343e-15,9.0,-7.16059058,0.00249266427,0.665091329,0.578092331,8.99999907,-7.58526953,-0.603031932,-3.41140665e-15
0.00126319531,4.23095969e-15,9.0,-7.14920618,0.00249141262,0.665088825,0.578090844,8.99999907,-7.57795041,-0.602310214,-3.40971553e-15
0.00126419531,-1.70147165e-15,9.0,-7.1374873,0.00249006262,0.665086125,0.578117745,8.99999907,-7.57029024,-0.60156099,-3.40789151e-15
0.00126519531,-3.74176781e-15,9.0,-7.12543453,0.00248861431,0.665083229,0.578173027,8.99999907,-7.56228944,-0.600784301,-3.40593463e-15
0.00126619531,4.19871019e-15,9.0,-7.1130485,0.00248706776,0.665080136,0.578256682,8.99999907,-7.55394843,-0.599980187,-3.40384497e-15
0.00126719531,-2.00864936e-15,9.0,-7.10032986,0.00248542302,0.665076846,0.5783687,8.99999907,-7.54526768,-0.599148692,-3.40162262e-15
0.00126819531,-3.65911008e-15,9.0,-7.08727927,0.00248368016,0.66507336,0.578509068,8.99999907,-7.53624766,-0.59828986,-3.39926764e-15
0.00126919531,4.15587777e-15,9.0,-7.07389741,0.00248183925,0.665069679,0.578677775,8.99999907,-7.52688887,-0.597403738,-3.39678014e-15
0.00127019531,-2.31220272e-15,9.0,-7.06018499,0.00247990036,0.665065801,0.578874804,8.99999907,-7.51719182,-0.596490372,-3.39416019e-15
0.00127119531,-3.56909262e-15,9.0,-7.04614274,0.00247786357,0.665061727,0.57910014,8.99999907,-7.50715704,-0.595549813,-3.39140789e-15
0.00127219531,4.10238856e-15,9.0,-7.03177138,0.00247572896,0.665057458,0.579353763,8.99999907,-7.49678509,-0.59458211,-3.38852335e-15
0.00127319531,-2.61160633e-15,9.0,-7.01707169,0.00247349661,0.665052993,0.579635653,8.99999907,-7.48607655,-0.593587318,-3.38550667e-15
0.00127419531,-3.47209434e-15,9.0,-7.00204445,0.00247116661,0.665048333,0.57994579,8.99999907,-7.47503201,-0.592565489,-3.38235795e-15
0.00127519531,4.03819356e-15,9.0,-6.98669044,0.00246873905,0.665043478,0.58028415,8.99999907,-7.46365208,-0.59151668,-3.37907732e-15
0.00127619531,-2.90634392e-15,9.0,-6.97101051,0.00246621403,0.665038428,0.580650708,8.99999907,-7.4519374,-0.590440948,-3.3756649e-15
0.00127719531,-3.36850977e-15,9.0,-6.95500547,0.00246359165,0.665033183,0.581045437,8.99999907,-7.43988861,-0.589338351,-3.3721208e-15
0.00127819531,3.96326882e-15,9.0,-6.93867618,0.00246087201,0.665027744,0.581468309,8.99999907,-7.4275064,-0.588208951,-3.36844516e-15
0.00127919531,-3.19590951e-15,9.0,-6.92202354,0.00245805522,0.66502211,0.581919295,8.99999907,-7.41479145,-0.587052808,-3.36463812e-15
0.00128019531,-3.25874812e-15,9.0,-6.90504841,0.00245514139,0.665016283,0.582398362,8.99999907,-7.40174447,-0.585869987,-3.36069981e-15
0.00128119531,3.87761553e-15,9.0,-6.88775173,0.00245213064,0.665010261,0.582905479,8.99999907,-7.3883662,-0.584660551,-3.35663037e-15
0.00128219531,-3.47980846e-15,9.0,-6.87013442,0.00244902308,0.665004046,0.58344061,8.99999907,-7.37465738,-0.583424569,-3.35242996e-15
0.00128319531,-3.14323224e-15,9.0,-6.85219743,0.00244581883,0.664997638,0.584003719,8.99999907,-7.36061878,-0.582162109,-3.34809872e-15
0.00128419531,3.78126009e-15,9.0,-6.83394173,0.00244251803,0.664991036,0.584594768,8.99999907,-7.34625119,-0.580873238,-3.34363683e-15
0.00128519531,-3.75755861e-15,9.0,-6.81536831,0.00243912081,0.664984242,0.585213718,8.99999907,-7.33155541,-0.57955803,-3.33904443e-15
0.00128619531,-3.02239762e-15,9.0,-6.79647817,0.00243562729,0.664977255,0.585860527,8.99999907,-7.31653227,-0.578216556,-3.3343217e-15
0.00128719531,3.6742541e-15,9.0,-6.77727233,0.00243203761,0.664970075,0.586535153,8.99999907,-7.30118261,-0.576848891,-3.32946881e-15
0.00128819531,-4.02869127e-15,9.0,-6.75775185,0.00242835193,0.664962704,0.587237551,8.99999907,-7.28550731,-0.57545511,-3.32448594e-15
0.00128919531,-2.89669134e-15,9.0,-6.73791777,0.00242457037,0.664955141,0.587967676,8.99999907,-7.26950722,-0.574035291,-3.31937326e-15
0.00129019531,3.55667433e-15,9.0,-6.71777117,0.0024206931,0.664947386,0.588725479,8.99999907,-7.25318327,-0.572589513,-3.31413098e-15
0.00129119531,-4.29275229e-15,9.0,-6.69731316,0.00241672027,0.664939441,0.589510913,8.99999907,-7.23653636,-0.571117854,-3.30875927e-15
0.00129219531,-2.76657094e-15,9.0,-6.67654484,0.00241265202,0.664931304,0.590323927,8.99999907,-7.21956743,-0.569620398,-3.30325834e-15
0.00129319531,3.42862254e-15,9.0,-6.65546735,0.00240848853,0.664922977,0.591164467,8.99999907,-7.20227744,-0.568097227,-3.29762839e-15
0.00129419531,-4.54930302e-15,9.0,-6.63408183,0.00240422996,0.66491446,0.592032482,8.99999907,-7.18466736,-0.566548425,-3.29186961e-15
0.00129519531,-2.63250335e-15,9.0,-6.61238944,0.00239987647,0.664905753,0.592927914,8.99999907,-7.16673818,-0.564974079,-3.28598224e-15
0.00129619531,3.29022537e-15,9.0,-6.59039138,0.00239542823,0.664896856,0.593850708,8.99999907,-7.14849091,-0.563374276,-3.27996647e-15
0.00129719531,-4.79792126e-15,9.0,-6.56808885,0.00239088543,0.664887771,0.594800805,8.99999907,-7.12992658,-0.561749105,-3.27382253e-15
0.00129819531,-2.49496374e-15,9.0,-6.54548305,0.00238624825,0.664878496,0.595778145,8.99999907,-7.11104623,-0.560098657,-3.26755064e-15
0.00129919531,3.14163406e-15,9.0,-6.52257523,0.00238151685,0.664869034,0.596782666,8.99999907,-7.09185093,-0.558423022,-3.26115104e-15
0.00130019531,-5.03820218e-15,9.0,-6.49936664,0.00237669144,0.664859383,0.597814307,8.99999907,-7.07234175,-0.556722295,-3.25462396e-15
0.00130119531,-2.3544344e-15,9.0,-6.47585854,0.0023717722,0.664849544,0.598873001,8.99999907,-7.05251979,-0.554996569,-3.24796963e-15
0.00130219531,2.98302418e-15,9.0,-6.45205222,0.00236675933,0.664839519,0.599958684,8.99999907,-7.03238618,-0.553245941,-3.2411883e-15
0.00130319531,-5.26975919e-15,9.0,-6.42794898,0.00236165302,0.664829306,0.601071287,8.99999907,-7.01194203,-0.551470507,-3.23428023e-15
0.00130419531,-2.21140353e-15,9.0,-6.40355015,0.00235645348,0.664818907,0.602210743,8.99999907,-6.99118851,-0.549670367,-3.22724565e-15
0.00130519531,2.81459528e-15,9.0,-6.37885705,0.00235116091,0.664808322,0.603376979,8.99999907,-6.97012677,-0.547845621,-3.22008484e-15
0.00130619531,-5.49222477e-15,9.0,-6.35387103,0.00234577552,0.664797551,0.604569925,8.99999907,-6.94875801,-0.54599637,-3.21279805e-15
0.00130719531,-2.06636408e-15,9.0,-6.32859347,0.00234029752,0.664786595,0.605789507,8.99999907,-6.92708342,-0.544122717,-3.20538555e-15
0.00130819531,2.6365705e-15,9.0,-6.30302574,0.00233472713,0.664775454,0.60703565,8.99999907,-6.90510422,-0.542224765,-3.19784761e-15
0.00130919531,-5.70525126e-15,9.0,-6.27716925,0.00232906457,0.664764129,0.608308278,8.99999907,-6.88282164,-0.540302621,-3.19018452e-15
0.00131019531,-1.9198126e-15,9.0,-6.2510254,0.00232331007,0.66475262,0.609607313,8.99999907,-6.86023694,-0.538356391,-3.18239654e-15
0.00131119531,2.44919607e-15,9.0,-6.22459563,0.00231746384,0.664740928,0.610932675,8.99999907,-6.83735139,-0.536386183,-3.17448396e-15
0.00131219531,-5.90851162e-15,9.0,-6.19788139,0.00231152612,0.664729052,0.612284285,8.99999907,-6.81416626,-0.534392106,-3.16644708e-15
0.00131319531,-1.77224797e-15,9.0,-6.17088413,0.00230549715,0.664716994,0.61366206,8.99999907,-6.79068285,-0.532374272,-3.15828619e-15
0.00131419531,2.25274087e-15,9.0,-6.14360534,0.00229937716,0.664704754,0.615065916,8.99999907,-6.76690249,-0.530332791,-3.15000159e-15
0.00131519531,-6.10170008e-15,9.0,-6.11604649,0.00229316639,0.664692333,0.616495769,8.99999907,-6.7428265,-0.528267778,-3.14159359e-15
0.00131619531,-1.62417025e-15,9.0,-6.08820911,0.0022868651,0.66467973,0.617951532,8.99999907,-6.71845624,-0.526179346,-3.13306249e-15
0.00131719531,2.0474958e-15,9.0,-6.0600947,0.00228047352,0.664666947,0.619433118,8.99999907,-6.69379305,-0.524067612,-3.1244086e-15
0.00131819531,-6.28453283e-15,9.0,-6.03170482,0.00227399192,0.664653984,0.620940438,8.99999907,-6.66883834,-0.521932692,-3.11563225e-15
0.00131919531,-1.47607946e-15,9.0,-6.00304099,0.00226742054,0.664640841,0.622473401,8.99999907,-6.64359348,-0.519774705,-3.10673375e-15
0.00132019531,1.83377321e-15,9.0,-5.9741048,0.00226075965,0.664627519,0.624031915,8.99999907,-6.61805988,-0.517593769,-3.09771344e-15
0.00132119531,-6.45674861e-15,9.0,-5.94489782,0.0022540095,0.664614019,0.625615888,8.99999907,-6.59223898,-0.515390006,-3.08857164e-15
0.00132219531,-1.32847437e-15,9.0,-5.91542165,0.00224717037,0.664600341,0.627225225,8.99999907,-6.56613222,-0.513163537,-3.07930869e-15
0.00132319531,1.61190622e-15,9.0,-5.88567788,0.00224024253,0.664586485,0.62885983,8.99999907,-6.53974104,-0.510914486,-3.06992493e-15
0.00132419531,-6.61810924e-15,9.0,-5.85566815,0.00223322625,0.664572453,0.630519605,8.99999907,-6.51306691,-0.508642975,-3.06042071e-15
0.00132519531,-1.18185133e-15,9.0,-5.82539408,0.0022261218,0.664558244,0.632204454,8.99999907,-6.48611133,-0.506349132,-3.05079638e-15
0.00132619531,1.38224802e-15,9.0,-5.79485733,0.00221892947,0.664543859,0.633914275,8.99999907,-6.45887579,-0.504033081,-3.04105228e-15
0.00132719531,-6.76840012e-15,9.0,-5.76405956,0.00221164954,0.664529299,0.635648968,8.99999907,-6.4313618,-0.501694951,-3.03118879e-15
0.00132819531,-1.03670302e-15,9.0,-5.73300244,0.00220428229,0.664514565,0.63740843,8.99999907,-6.40357089,-0.499334871,-3.02120625e-15
0.00132919531,1.14517109e-15,9.0,-5.70168767,0.00219682803,0.664499656,0.639192559,8.99999907,-6.37550461,-0.49695297,-3.01110505e-15
0.00133019531,-6.90743068e-15,9.0,-5.67011693,0.00218928704,0.664484574,0.641001248,8.99999907,-6.3471645,-0.494549379,-3.00088554e-15
0.00133119531,-8.93517317e-16,9.0,-5.63829196,0.00218165962,0.664469319,0.642834392,8.99999907,-6.31855214,-0.492124231,-2.99054811e-15
0.00133219531,9.0106642e-16,9.0,-5.60621447,0.00217394607,0.664453892,0.644691884,8.99999907,-6.28966911,-0.489677658,-2.98009314e-15
0.00133319531,-7.03503473e-15,9.0,-5.5738862,0.0021661467,0.664438293,0.646573616,8.99999907,-6.26051701,-0.487209794,-2.96952101e-15
0.00133419531,-7.52776078e-16,9.0,-5.54130891,0.00215826181,0.664422524,0.648479476,8.99999907,-6.23109744,-0.484720775,-2.95883212e-15
0.00133519531,6.50342664e-16,9.0,-5.50848435,0.00215029172,0.664406583,0.650409354,8.99999908,-6.20141204,-0.482210738,-2.94802685e-15
0.00133619531,-7.15107084e-15,9.0,-5.47541432,0.00214223674,0.664390473,0.652363139,8.99999908,-6.17146243,-0.479679819,-2.93710561e-15
0.00133719531,-6.14954016e-16,9.0,-5.44210059,0.00213409718,0.664374194,0.654340717,8.99999908,-6.14125026,-0.477128157,-2.92606879e-15
0.00133819531,3.9342524e-16,9.0,-5.40854496,0.00212587338,0.664357747,0.656341972,8.99999908,-6.11077721,-0.47455589,-2.91491681e-15
0.00133919531,-7.25542258e-15,9.0,-5.37474925,0.00211756565,0.664341131,0.658366791,8.99999908,-6.08004493,-0.471963161,-2.90365007e-15
0.00134019531,-4.80517533e-16,9.0,-5.34071528,0.00210917432,0.664324349,0.660415054,8.99999908,-6.04905513,-0.469350109,-2.892269e-15
0.00134119531,1.30755414e-16,9.0,-5.30644489,0.00210069972,0.664307399,0.662486646,8.99999908,-6.0178095,-0.466716878,-2.880774e-15
0.00134219531,-7.34799873e-15,9.0,-5.27193991,0.0020921422,0.664290284,0.664581445,8.99999908,-5.98630975,-0.46406361,-2.86916552e-15
0.00134319531,-3.49923604e-16,9.0,-5.23720222,0.00208350208,0.664273004,0.666699333,8.99999908,-5.9545576,-0.461390449,-2.85744397e-15
0.00134419531,-1.37210663e-16,9.0,-5.20223366,0.0020747797,0.664255559,0.668840188,8.99999908,-5.92255479,-0.458697542,-2.84560978e-15
0.00134519531,-7.42873345e-15,9.0,-5.16703613,0.00206597542,0.664237951,0.671003887,8.99999908,-5.89030308,-0.455985033,-2.8336634e-15
0.00134619531,-2.23618675e-16,9.0,-5.13161151,0.00205708957,0.664220179,0.673190307,8.99999908,-5.85780421,-0.45325307,-2.82160527e-15
0.00134719531,-4.10002954e-16,9.0,-5.0959617,0.00204812252,0.664202245,0.675399323,8.99999908,-5.82505996,-0.450501801,-2.80943583e-15
0.00134819531,-7.49758639e-15,9.0,-5.06008861,0.00203907461,0.664184149,0.67763081,8.99999908,-5.79207211,-0.447731375,-2.79715553e-15
0.00134919531,-1.02037585e-16,9.0,-5.02399416,0.0020299462,0.664165892,0.67988464,8.99999908,-5.75884246,-0.44494194,-2.78476483e-15
0.00135019531,-6.87138563e-16,9.0,-4.98768028,0.00202073765,0.664147475,0.682160686,8.99999908,-5.7253728,-0.442133649,-2.77226418e-15
0.00135119531,-7.55454272e-15,9.0,-4.9511489,0.00201144933,0.664128899,0.68445882,8.99999908,-5.69166496,-0.439306651,-2.75965405e-15
0.00135219531,1.43974822e-17,9.0,-4.91440198,0.00200208159,0.664110163,0.686778911,8.99999908,-5.65772075,-0.4364611,-2.7469349e-15
0.00135319531,-9.68122795e-16,9.0,-4.87744148,0.00199263482,0.66409127,0.689120828,8.99999908,-5.62354202,-0.433597147,-2.73410721e-15
0.00135419531,-7.59961309e-15,9.0,-4.84026936,0.00198310938,0.664072219,0.69148444,8.99999908,-5.58913061,-0.430714948,-2.72117145e-15
0.00135519531,1.25278022e-16,9.0,-4.80288759,0.00197350566,0.664053011,0.693869614,8.99999908,-5.55448838,-0.427814656,-2.7081281e-15
0.00135619531,-1.25245024e-15,9.0,-4.76529816,0.00196382402,0.664033648,0.696276217,8.99999908,-5.51961719,-0.424896427,-2.69497764e-15
0.00135719531,-7.63283362e-15,9.0,-4.72750308,0.00195406485,0.66401413,0.698704113,8.99999908,-5.48451892,-0.421960417,-2.68172056e-15
0.00135819531,2.30210192e-16,9.0,-4.68950433,0.00194422854,0.663994457,0.701153166,8.99999908,-5.44919545,-0.419006783,-2.66835735e-15
0.00135919531,-1.5396059e-15,9.0,-4.65130393,0.00193431548,0.663974631,0.703623241,8.99999908,-5.41364869,-0.416035682,-2.6548885e-15
0.00136019531,-7.6542657e-15,9.0,-4.61290389,0.00192432605,0.663954652,0.7061142,8.99999908,-5.37788054,-0.413047274,-2.64131453e-15
0.00136119531,3.2881577e-16,9.0,-4.57430626,0.00191426066,0.663934521,0.708625905,8.99999908,-5.34189291,-0.410041716,-2.62763592e-15
0.00136219531,-1.8290663e-15,9.0,-4.53551305,0.00190411969,0.663914239,0.711158215,8.99999908,-5.30568772,-0.407019169,-2.61385319e-15
0.00136319531,-7.66399583e-15,9.0,-4.49652632,0.00189390355,0.663893807,0.713710992,8.99999908,-5.2692669,-0.403979793,-2.59996685e-15
0.00136419531,4.2073307e-16,9.0,-4.45734811,0.00188361264,0.663873225,0.716284094,8.99999908,-5.23263241,-0.400923749,-2.58597742e-15
0.00136519531,-2.12030067e-15,9.0,-4.41798049,0.00187324737,0.663852495,0.718877378,8.99999908,-5.19578618,-0.397851199,-2.57188541e-15
0.00136619531,-7.66213539e-15,9.0,-4.3784255,0.00186280815,0.663831616,0.721490703,8.99999908,-5.15873018,-0.394762306,-2.55769135e-15
0.00136719531,5.0561782e-16,9.0,-4.33868524,0.00185229539,0.663810591,0.724123925,8.99999908,-5.12146637,-0.391657232,-2.54339576e-15
0.00136819531,-2.41277207e-15,9.0,-4.29876178,0.0018417095,0.663789419,0.7267769,8.99999908,-5.08399673,-0.388536142,-2.52899919e-15
0.00136919531,-7.6488203e-15,9.0,-4.25865719,0.0018310509,0.663768102,0.729449482,8.99999908,-5.04632323,-0.385399199,-2.51450216e-15
0.00137019531,5.83144002e-16,9.0,-4.21837359,0.00182032002,0.66374664,0.732141525,8.99999908,-5.00844787,-0.382246568,-2.4999052e-15
0.00137119531,-2.70593865e-15,9.0,-4.17791305,0.00180951728,0.663725035,0.734852883,8.99999908,-4.97037264,-0.379078415,-2.48520888e-15
0.00137219531,-7.62421068e-15,9.0,-4.13727769,0.00179864309,0.663703286,0.737583408,8.99999908,-4.93209956,-0.375894906,-2.47041373e-15
0.00137319531,6.53004647e-16,9.0,-4.09646963,0.0017876979,0.663681396,0.740332953,8.99999908,-4.89363062,-0.372696207,-2.4555203e-15
0.00137419531,-2.99925479e-15,9.0,-4.05549097,0.00177668214,0.663659364,0.743101367,8.99999908,-4.85496786,-0.369482486,-2.44052915e-15
0.00137519531,-7.58849047e-15,9.0,-4.01434383,0.00176559623,0.663637192,0.745888501,8.99999908,-4.81611329,-0.366253909,-2.42544084e-15
0.00137619531,7.14912585e-16,9.0,-3.97303036,0.00175444063,0.663614881,0.748694205,8.99999908,-4.77706895,-0.363010646,-2.41025593e-15
0.00137719531,-3.29217232e-15,9.0,-3.93155267,0.00174321576,0.663592432,0.751518328,8.99999909,-4.73783689,-0.359752865,-2.39497499e-15
0.00137819531,-7.54186688e-15,9.0,-3.88991291,0.00173192207,0.663569844,0.754360718,8.99999909,-4.69841913,-0.356480735,-2.37959858e-15
0.00137919531,7.6860115e-16,9.0,-3.84811322,0.00172056,0.66354712,0.757221223,8.99999909,-4.65881775,-0.353194425,-2.36412728e-15
0.00138019531,-3.58414175e-15,9.0,-3.80615575,0.00170913002,0.66352426,0.760099689,8.99999909,-4.61903479,-0.349894107,-2.34856167e-15
0.00138119531,-7.48456994e-15,9.0,-3.76404266,0.00169763256,0.663501265,0.762995962,8.99999909,-4.57907232,-0.346579949,-2.33290233e-15
0.00138219531,8.1382484e-16,9.0,-3.72177609,0.00168606807,0.663478136,0.765909888,8.99999909,-4.53893241,-0.343252123,-2.31714984e-15
0.00138319531,-3.87461349e-15,9.0,-3.67935822,0.00167443703,0.663454874,0.768841313,8.99999909,-4.49861713,-0.339910801,-2.3013048e-15
0.00138419531,-7.41685192e-15,9.0,-3.63679121,0.00166273988,0.66343148,0.77179008,8.99999909,-4.45812857,-0.336556154,-2.28536779e-15
0.00138519531,8.50359921e-16,9.0,-3.59407723,0.00165097709,0.663407954,0.774756033,8.99999909,-4.41746881,-0.333188354,-2.26933941e-15
0.00138619531,-4.16303905e-15,9.0,-3.55121845,0.00163914913,0.663384298,0.777739015,8.99999909,-4.37663995,-0.329807574,-2.25322026e-15
0.00138719531,-7.33898667e-15,9.0,-3.50821705,0.00162725645,0.663360513,0.78073887,8.99999909,-4.33564407,-0.326413986,-2.23701094e-15
0.00138819531,8.78004986e-16,9.0,-3.46507522,0.00161529953,0.663336599,0.783755438,8.99999909,-4.29448329,-0.323007765,-2.22071206e-15
0.00138919531,-4.44887225e-15,9.0,-3.42179513,0.00160327884,0.663312558,0.786788562,8.99999909,-4.2531597,-0.319589083,-2.20432424e-15
0.00139019531,-7.25126898e-15,9.0,-3.37837898,0.00159119486,0.66328839,0.789838083,8.99999909,-4.21167542,-0.316158114,-2.18784807e-15
0.00139119531,8.9658146e-16,9.0,-3.33482896,0.00157904806,0.663264096,0.79290384,8.99999909,-4.17003256,-0.312715033,-2.17128419e-15
0.00139219531,-4.7315705e-15,9.0,-3.29114726,0.00156683892,0.663239678,0.795985674,8.99999909,-4.12823324,-0.309260014,-2.15463321e-15
0.00139319531,-7.15401385e-15,9.0,-3.24733608,0.00155456792,0.663215136,0.799083425,8.99999909,-4.08627958,-0.305793231,-2.13789576e-15
0.00139419531,9.05934051e-16,9.0,-3.20339761,0.00154223555,0.663190471,0.80219693,8.99999909,-4.04417371,-0.302314861,-2.12107246e-15
0.00139519531,-5.01059591e-15,9.0,-3.15933407,0.0015298423,0.663165685,0.80532603,8.99999909,-4.00191775,-0.298825077,-2.10416395e-15
0.00139619531,-7.04755573e-15,9.0,-3.11514764,0.00151738865,0.663140777,0.808470561,8.99999909,-3.95951385,-0.295324056,-2.08717086e-15
0.00139719531,9.05931147e-16,9.0,-3.07084055,0.0015048751,0.66311575,0.811630362,8.99999909,-3.91696414,-0.291811974,-2.07009383e-15
0.00139819531,-5.28541655e-15,9.0,-3.02641499,0.00149230214,0.663090604,0.814805269,8.99999909,-3.87427076,-0.288289006,-2.0529335e-15
0.00139919531,-6.93224769e-15,9.0,-2.98187317,0.00147967027,0.663065341,0.81799512,8.99999909,-3.83143584,-0.284755329,-2.03569051e-15
0.00140019531,8.96465162e-16,9.0,-2.93721732,0.00146697998,0.66303996,0.82119975,8.99999909,-3.78846155,-0.281211119,-2.01836551e-15
0.00140119531,-5.55550763e-15,9.0,-2.89244963,0.00145423177,0.663014464,0.824418997,8.99999909,-3.74535002,-0.277656552,-2.00095917e-15
0.00140219531,-6.80846062e-15,9.0,-2.84757233,0.00144142616,0.662988852,0.827652694,8.99999909,-3.7021034,-0.274091806,-1.98347212e-15
0.00140319531,8.77452816e-16,9.0,-2.80258763,0.00142856364,0.662963127,0.830900678,8.99999909,-3.65872386,-0.270517056,-1.96590503e-15
0.00140419531,-5.82035262e-15,9.0,-2.75749774,0.00141564473,0.662937289,0.834162783,8.99999909,-3.61521354,-0.266932482,-1.94825855e-15
0.00140519531,-6.67658229e-15,9.0,-2.71230489,0.00140266992,0.66291134,0.837438844,8.99999909,-3.57157461,-0.263338258,-1.93053337e-15
0.00140619531,8.4883537e-16,9.0,-2.66701128,0.00138963974,0.662885279,0.840728695,8.99999909,-3.52780921,-0.259734563,-1.91273013e-15
0.00140719531,-6.07944447e-15,9.0,-2.62161914,0.0013765547,0.662859109,0.84403217,8.99999909,-3.48391953,-0.256121574,-1.89484952e-15
0.00140819531,-6.53701642e-15,9.0,-2.57613068,0.00136341532,0.662832831,0.847349103,8.99999909,-3.4399077,-0.252499469,-1.8768922e-15
0.00140919531,8.10578795e-16,9.0,-2.53054813,0.00135022211,0.662806444,0.850679326,8.9999991,-3.39577591,-0.248868425,-1.85885886e-15
0.00141019531,-6.33228667e-15,9.0,-2.4848737,0.0013369756,0.662779951,0.854022674,8.9999991,-3.35152632,-0.245228619,-1.84075018e-15
0.00141119531,-6.39018177e-15,9.0,-2.43910961,0.00132367631,0.662753353,0.857378978,8.9999991,-3.30716109,-0.24158023,-1.82256683e-15
0.00141219531,7.62673887e-16,9.0,-2.39325808,0.00131032475,0.66272665,0.860748071,8.9999991,-3.26268239,-0.237923435,-1.80430951e-15
0.00141319531,-6.57839441e-15,9.0,-2.34732133,0.00129692147,0.662699843,0.864129785,8.9999991,-3.21809239,-0.234258411,-1.78597891e-15
0.00141419531,-6.23651107e-15,9.0,-2.30130157,0.00128346699,0.662672934,0.867523953,8.9999991,-3.17339326,-0.230585337,-1.76757572e-15
0.00141519531,7.05136327e-16,9.0,-2.25520101,0.00126996184,0.662645924,0.870930406,8.9999991,-3.12858717,-0.22690439,-1.74910063e-15
0.00141619531,-6.81729561e-15,9.0,-2.20902188,0.00125640656,0.662618813,0.874348976,8.9999991,-3.08367629,-0.223215748,-1.73055434e-15
0.00141719531,-6.07645006e-15,9.0,-2.16276639,0.00124280167,0.662591603,0.877779494,8.9999991,-3.03866278,-0.219519589,-1.71193756e-15
0.00141819531,6.38006677e-16,9.0,-2.11643676,0.00122914772,0.662564295,0.881221792,8.9999991,-2.99354883,-0.21581609,-1.69325099e-15
0.00141919531,-7.048532e-15,9.0,-2.07003518,0.00121544525,0.662536891,0.8846757,8.9999991,-2.94833659,-0.212105429,-1.67449534e-15
0.00142019531,-5.91045636e-15,9.0,-2.02356388,0.00120169479,0.66250939,0.888141049,8.9999991,-2.90302825,-0.208387784,-1.65567132e-15
0.00142119531,5.61350318e-16,9.0,-1.97702507,0.00118789689,0.662481794,0.891617671,8.9999991,-2.85762596,-0.204663331,-1.63677964e-15
0.00142219531,-7.27166016e-15,9.0,-1.93042094,0.00117405209,0.662454104,0.895105395,8.9999991,-2.81213191,-0.20093225,-1.61782102e-15
0.00142319531,-5.73899846e-15,9.0,-1.88375371,0.00116016095,0.662426322,0.898604053,8.9999991,-2.76654825,-0.197194716,-1.59879617e-15
0.00142419531,4.7525734e-16,9.0,-1.83702558,0.001146224,0.662398448,0.902113474,8.9999991,-2.72087715,-0.193450907,-1.57970583e-15
0.00142519531,-7.48625245e-15,9.0,-1.79023875,0.00113224181,0.662370484,0.90563349,8.9999991,-2.67512079,-0.189701001,-1.56055072e-15
0.00142619531,-5.56255454e-15,9.0,-1.74339541,0.00111821491,0.66234243,0.909163929,8.9999991,-2.62928133,-0.185945173,-1.54133156e-15
0.00142719531,3.79842358e-16,9.0,-1.69649777,0.00110414387,0.662314288,0.912704623,8.9999991,-2.58336093,-0.182183602,-1.52204908e-15
0.00142819531,-7.691898e-15,9.0,-1.64954802,0.00109002924,0.662286058,0.916255401,8.9999991,-2.53736176,-0.178416464,-1.50270402e-15
0.00142919531,-5.3816114e-15,9.0,-1.60254834,0.00107587158,0.662257743,0.919816094,8.9999991,-2.49128598,-0.174643934,-1.48329711e-15
0.00143019531,2.75244287e-16,9.0,-1.55550093,0.00106167144,0.662229343,0.923386532,8.9999991,-2.44513574,-0.170866191,-1.46382909e-15
0.00143119531,-7.88820362e-15,9.0,-1.50840797,0.00104742939,0.662200859,0.926966543,8.9999991,-2.39891321,-0.16708341,-1.44430071e-15
0.00143219531,-5.19666327e-15,9.0,-1.46127165,0.00103314599,0.662172292,0.930555959,8.9999991,-2.35262055,-0.163295766,-1.4247127e-15
0.00143319531,1.61626051e-16,9.0,-1.41409414,0.0010188218,0.662143644,0.934154609,8.9999991,-2.3062599,-0.159503437,-1.40506582e-15
0.00143419531,-8.07479467e-15,9.0,-1.36687761,0.00100445739,0.662114915,0.937762324,8.9999991,-2.25983342,-0.155706596,-1.3853608e-15
0.00143519531,-5.00821067e-15,9.0,-1.31962424,0.000990053328,0.662086107,0.941378932,8.9999991,-2.21334326,-0.151905421,-1.36559841e-15
0.00143619531,3.9174235e-17,9.0,-1.2723362,0.00097561018,0.66205722,0.945004264,8.9999991,-2.16679158,-0.148100085,-1.3457794e-15
0.00143719531,-8.25131587e-15,9.0,-1.22501565,0.000961128516,0.662028257,0.948638151,8.9999991,-2.1201805,-0.144290764,-1.32590452e-15
0.00143819531,-4.8167592e-15,9.0,-1.17766475,0.000946608908,0.661999218,0.952280421,8.99999911,-2.07351218,-0.140477632,-1.30597454e-15
0.00143919531,-9.19013138e-17,9.0,-1.13028566,0.00093205193,0.661970104,0.955930906,8.99999911,-2.02678875,-0.136660865,-1.28599021e-15
0.00144019531,-8.41743213e-15,9.0,-1.08288052,0.000917458155,0.661940916,0.959589435,8.99999911,-1.98001236,-0.132840634,-1.2659523e-15
0.00144119531,-4.62281839e-15,9.0,-1.0354515,0.000902828162,0.661911656,0.963255839,8.99999911,-1.93318513,-0.129017116,-1.24586157e-15
0.00144219531,-2.3136794e-16,9.0,-0.988000721,0.000888162526,0.661882325,0.966929948,8.99999911,-1.8863092,-0.125190483,-1.2257188e-15
0.00144319531,-8.57282928e-15,9.0,-0.940530334,0.000873461827,0.661852924,0.970611592,8.99999911,-1.83938669,-0.121360908,-1.20552475e-15
0.00144419531,-4.42690047e-15,9.0,-0.89304247,0.000858726645,0.661823453,0.974300602,8.99999911,-1.79241973,-0.117528564,-1.1852802e-15
0.00144519531,-3.7897069e-16,9.0,-0.845539259,0.000843957562,0.661793915,0.977996809,8.99999911,-1.74541043,-0.113693624,-1.16498592e-15
0.00144619531,-8.71721474e-15,9.0,-0.798022825,0.000829155161,0.66176431,0.981700044,8.99999911,-1.69836092,-0.109856259,-1.14464269e-15
0.00144719531,-4.2295192e-15,9.0,-0.750495289,0.000814320027,0.66173464,0.985410136,8.99999911,-1.6512733,-0.106016643,-1.12425129e-15
0.00144819531,-5.34432871e-16,9.0,-0.702958764,0.000799452744,0.661704905,0.989126918,8.99999911,-1.60414969,-0.102174946,-1.10381251e-15
0.00144919531,-8.85031819e-15,9.0,-0.655415359,0.000784553901,0.661675108,0.992850221,8.99999911,-1.55699219,-0.0983313395,-1.08332713e-15
0.00145019531,-4.03118862e-15,9.0,-0.607867179,0.000769624084,0.661645248,0.996579876,8.99999911,-1.5098029,-0.0944859942,-1.06279592e-15
0.00145119531,-6.97456665e-16,9.0,-0.560316322,0.000754663885,0.661615328,1.00031571,8.99999911,-1.46258391,-0.0906390806,-1.0422197e-15
0.00145219531,-8.97189216e-15,9.0,-0.512764881,0.000739673892,0.661585348,1.00405757,8.99999911,-1.41533732,-0.0867907686,-1.02159923e-15
0.00145319531,-3.8324219e-15,9.0,-0.465214942,0.000724654698,0.661555309,1.00780527,8.99999911,-1.36806522,-0.0829412278,-1.00093533e-15
0.00145419531,-8.6772379e-16,9.0,-0.417668588,0.000709606896,0.661525214,1.01155865,8.99999911,-1.32076968,-0.0790906275,-9.80228772e-16
0.00145519531,-9.0817126e-15,9.0,-0.370127894,0.000694531081,0.661495062,1.01531754,8.99999911,-1.27345279,-0.0752391364,-9.59480366e-16
0.00145619531,-3.63373008e-15,9.0,-0.322594929,0.000679427846,0.661464856,1.01908178,8.99999911,-1.22611663,-0.0713869228,-9.38690908e-16
0.00145719531,-1.04489621e-15,9.0,-0.275071757,0.000664297788,0.661434596,1.0228512,8.99999911,-1.17876325,-0.0675341547,-9.17861199e-16
0.00145819531,-9.17957933e-15,9.0,-0.227560435,0.000649141506,0.661404283,1.02662562,8.99999911,-1.13139472,-0.0636809995,-8.96992041e-16
0.00145919531,-3.43562092e-15,9.0,-0.180063014,0.000633959596,0.661373919,1.03040489,8.99999911,-1.0840131,-0.0598276241,-8.7608424e-16
0.00146019531,-1.22861688e-15,9.0,-0.132581538,0.000618752659,0.661343505,1.03418884,8.99999911,-1.03662044,-0.0559741952,-8.55138601e-16
0.00146119531,-9.26531652e-15,9.0,-0.085118046,0.000603521294,0.661313043,1.0379773,8.99999911,-0.989218796,-0.0521208788,-8.34155934e-16
0.00146219531,-3.23859771e-15,9.0,-0.0376745689,0.000588266103,0.661282532,1.04177011,8.99999911,-0.941810204,-0.0482678405,-8.13137049e-16
0.00146319531,-1.41907862e-15,9.0,0.00972425077,0.000572987689,0.661251975,1.04556525,8.99999911,-0.894419324,-0.0444170834,-7.92082757e-16
0.00146419531,-9.33818932e-15,9.0,0.0571427571,0.000557686654,0.661221373,1.04936797,8.99999911,-0.846981822,-0.0405633799,-7.70993872e-16
0.00146519531,-3.04262171e-15,9.0,0.104516992,0.000542363602,0.661190727,1.05317306,8.99999912,-0.799561661,-0.036711927,-7.49871211e-16
0.00146619531,-1.61531948e-15,9.0,0.151857505,0.000527019139,0.661160038,1.05698137,8.99999912,-0.752148314,-0.0328618686,-7.2871559e-16
0.00146719531,-9.39919304e-15,9.0,0.199173217,0.00051165387,0.661129308,1.06079363,8.99999912,-0.704732878,-0.0290124809,-7.07527828e-16
0.00146819531,-2.849305e-15,9.0,0.246451954,0.000496268402,0.661098537,1.06460885,8.99999912,-0.657327543,-0.0251647536,-6.86308746e-16
0.00146919531,-1.81636103e-15,9.0,0.293701234,0.000480863342,0.661067727,1.06842764,8.99999912,-0.60992481,-0.0213180769,-6.65059166e-16
0.00147019531,-9.4476907e-15,9.0,0.340910218,0.000465439299,0.661036879,1.07224911,8.99999912,-0.562535539,-0.0174733326,-6.43779912e-16
0.00147119531,-2.65854659e-15,9.0,0.38808521,0.00044999688,0.661005994,1.07607377,8.99999912,-0.515153446,-0.0136300095,-6.22471808e-16
0.00147219531,-2.02234672e-15,9.0,0.435216528,0.000434536697,0.660975073,1.07990083,8.99999912,-0.467788235,-0.00978889522,-6.01135682e-16
0.00147319531,-9.48360718e-15,9.0,0.482309428,0.000419059359,0.660944119,1.08373072,8.99999912,-0.420434674,-0.0059495641,-5.79772363e-16
0.00147419531,-2.47082009e-15,9.0,0.529355236,0.000403565477,0.660913131,1.08756273,8.99999912,-0.373101462,-0.00211272196,-5.58382679e-16
0.00147519531,-2.23342697e-15,9.0,0.576335194,0.000388055663,0.660882111,1.09139532,8.99999912,-0.325807387,0.00172010546,-5.36967463e-16
0.00147619531,-9.5062872e-15,9.0,0.623309311,0.000372530529,0.660851061,1.09523337,8.99999912,-0.278492462,0.00555379289,-5.15527546e-16
0.00147719531,-2.28603226e-15,9.0,0.670217785,0.000356990688,0.660819981,1.09907202,8.99999912,-0.231216508,0.00938348036,-4.94063763e-16
0.00147819531,-2.44855805e-15,9.0,0.717066552,0.000341436754,0.660788874,1.10291174,8.99999912,-0.183973627,0.0132096484,-4.72576949e-16
0.00147919531,-9.516871e-15,9.0,0.763869486,0.000325869341,0.660757739,1.10675366,8.99999912,-0.136749972,0.0170334229,-4.5106794e-16
0.00148019531,-2.10579905e-15,9.0,0.810609956,0.000310289063,0.660726578,1.11059642,8.99999912,-0.0895622068,0.0208534508,-4.29537575e-16
0.00148119531,-2.66668368e-15,9.0,0.857299834,0.000294696535,0.660695393,1.11444098,8.99999912,-0.0423984906,0.0246706953,-4.07986693e-16
0.00148219531,-9.51540352e-15,9.0,0.903901128,0.000279092373,0.660664185,1.11828425,8.99999912,0.00470314424,0.0284820675,-3.86416134e-16
0.00148319531,-1.9293385e-15,9.0,0.950492244,0.000263477193,0.660632954,1.12213258,8.99999912,0.0518210771,0.0322939365,-3.64826739e-16
0.00148419531,-2.8873508e-15,9.0,0.996996271,0.000247851611,0.660601703,1.12597973,8.99999912,0.0988783672,0.0361000518,-3.43219352e-16
0.00148519531,-9.50191497e-15,9.0,1.04341166,0.000232216245,0.660570433,1.12982557,8.99999912,0.145873421,0.0399002855,-3.21594816e-16
0.00148619531,-1.75824448e-15,9.0,1.08978287,0.000216571711,0.660539143,1.13367369,8.99999912,0.192850652,0.0436982474,-2.99953977e-16
0.00148719531,-3.11006549e-15,9.0,1.13611139,0.000200918627,0.660507837,1.13752421,8.99999912,0.239811524,0.0474940571,-2.78297679e-16
0.00148819531,-9.47468417e-15,9.0,1.18234563,0.000185257611,0.660476515,1.14137295,8.99999912,0.28670442,0.051283522,-2.5662677e-16
0.00148919531,-1.59294799e-15,9.0,1.22850698,0.000169589282,0.660445179,1.14522161,8.99999912,0.333550673,0.0550683769,-2.34942099e-16
0.00149019531,-3.33609719e-15,9.0,1.27459526,0.000153914257,0.660413829,1.14907019,8.99999912,0.380350059,0.0588486049,-2.13244514e-16
0.00149119531,-9.43497764e-15,9.0,1.32060714,0.000138233157,0.660382466,1.1529184,8.99999913,0.427099211,0.0626239336,-1.91534865e-16
0.00149219531,-1.43267159e-15,9.0,1.36654225,0.000122546599,0.660351093,1.15676621,8.99999913,0.473797712,0.0663943308,-1.69814002e-16
0.00149319531,-3.56375153e-15,9.0,1.41239747,0.000106855203,0.66031971,1.16061335,8.99999913,0.520442403,0.070159541,-1.48082778e-16
0.00149419531,-9.38288242e-15,9.0,1.45817227,9.11595884e-05,0.660288319,1.16445978,8.99999913,0.567032706,0.0739195186,-1.26342045e-16
0.00149519531,-1.27839986e-15,9.0,1.50386371,7.54603752e-05,0.660256921,1.16830524,8.99999913,0.613565643,0.0776740232,-1.04592657e-16
0.00149619531,-3.79251663e-15,9.0,1.54947114,5.9758183e-05,0.660225516,1.17214967,8.99999913,0.660040496,0.081422998,-8.2835467e-17
0.00149719531,-9.31852843e-15,9.0,1.59499178,4.40536316e-05,0.660194107,1.17599284,8.99999913,0.70645445,0.0851662157,-6.10713303e-17
0.00149819531,-1.13049642e-15,9.0,1.64042485,2.8347341e-05,0.660162695,1.17983468,8.99999913,0.752806667,0.0889036099,-3.93011024e-17
0.00149919531,-4.02187479e-15,9.0,1.68576772,1.26399314e-05,0.66013128,1.18367496,8.99999913,0.799094477,0.0926349651,-1.75256395e-17
0.00150019531,-9.24207044e-15,9.0,1.7310195,-3.06797724e-06,0.660099864,1.1875136,8.99999913,0.845316939,0.0963602064,4.25420149e-18
0.00150119531,-9.8930695e-16,9.0,1.77617771,-1.87757648e-05,0.660068448,1.19135038,8.99999913,0.89147151,0.100079129,2.60375631e-17
0.00150219531,-4.25130361e-15,9.0,1.82124137,-3.44828111e-05,0.660037034,1.19518523,8.99999913,0.937557162,0.103791651,4.78235874e-17
0.00150319531,-9.15368774e-15,9.0,1.8662081,-5.0188496e-05,0.660005623,1.19901793,8.99999913,0.983571467,0.107497577,6.96114157e-17
0.00150419531,-8.5515839e-16,9.0,1.91107687,-6.58921996e-05,0.659974216,1.20284838,8.99999913,1.02951332,0.111196818,9.1400189e-17
0.00150519531,-4.48027724e-15,9.0,1.95584539,-8.15933019e-05,0.659942813,1.20667641,8.99999913,1.0753804,0.114889189,1.13189048e-16
0.00150619531,-9.05358371e-15,9.0,2.00051257,-9.72911831e-05,0.659911418,1.21050189,8.99999913,1.12117155,0.118574595,1.34977132e-16
0.00150719531,-7.28358181e-16,9.0,2.04507622,-0.000112985223,0.65988003,1.21432465,8.99999913,1.16688452,0.122252858,1.56763581e-16
0.00150819531,-4.70826756e-15,9.0,2.08953519,-0.000128674803,0.65984865,1.21814458,8.99999913,1.2125181,0.12592388,1.78547534e-16
0.00150919531,-8.94198535e-15,9.0,2.1338874,-0.000144359303,0.659817281,1.22196149,8.99999913,1.25807013,0.129587488,2.00328131e-16
0.00151019531,-6.09193564e-16,9.0,2.17813163,-0.000160038104,0.659785924,1.22577528,8.99999913,1.30353937,0.133243582,2.22104509e-16
0.00151119531,-4.93474536e-15,9.0,2.22226588,-0.000175710587,0.659754579,1.22958578,8.99999913,1.34892373,0.136891995,2.43875807e-16
0.00151219531,-8.81914274e-15,9.0,2.26628891,-0.000191376133,0.659723248,1.23339286,8.99999913,1.39422192,0.140532624,2.65641163e-16
0.00151319531,-4.97930915e-16,9.0,2.31019877,-0.000207034124,0.659691932,1.23719637,8.99999913,1.43943192,0.144165308,2.87399715e-16
0.00151419531,-5.15918162e-15,9.0,2.35399422,-0.000222683941,0.659660632,1.24099617,8.99999913,1.48455242,0.14778994,3.09150601e-16
0.00151519531,-8.68532852e-15,9.0,2.39767336,-0.000238324968,0.65962935,1.24479211,8.99999913,1.52958147,0.151406366,3.30892957e-16
0.00151619531,-3.94815136e-16,9.0,2.44123491,-0.000253956585,0.659598087,1.24858408,8.99999913,1.57451771,0.155014477,3.52625922e-16
0.00151719531,-5.38104869e-15,9.0,2.48467706,-0.000269578177,0.659566844,1.2523719,8.99999914,1.61935927,0.158614122,3.74348633e-16
0.00151819531,-8.54083719e-15,9.0,2.5279985,-0.000285189127,0.659535622,1.25615546,8.99999914,1.66410477,0.162205192,3.96060228e-16
0.00151919531,-3.0006909e-16,9.0,2.57119747,-0.000300788817,0.659504422,1.25993461,8.99999914,1.70875237,0.16578754,4.17759843e-16
0.00152019531,-5.59982151e-15,9.0,2.61427266,-0.000316376633,0.659473247,1.26370921,8.99999914,1.75330071,0.169361056,4.39446616e-16
0.00152119531,-8.38598449e-15,9.0,2.65722235,-0.000331951959,0.659442096,1.26747912,8.99999914,1.79774797,0.172925597,4.61119684e-16
0.00152219531,-2.13893096e-16,9.0,2.70004521,-0.00034751418,0.659410972,1.27124422,8.99999914,1.84209279,0.176481053,4.82778185e-16
0.00152319531,-5.81497881e-15,9.0,2.74273959,-0.000363062682,0.659379875,1.27500436,8.99999914,1.88633341,0.180027283,5.04421257e-16
0.00152419531,-8.22110665e-15,9.0,2.78530415,-0.000378596851,0.659348806,1.27875941,8.99999914,1.93046845,0.183564177,5.26048037e-16
0.00152519531,-1.36464467e-16,9.0,2.82773727,-0.000394116073,0.659317768,1.28250922,8.99999914,1.97449618,0.187091599,5.47657664e-16
0.00152619531,-6.02600433e-15,9.0,2.87003764,-0.000409619737,0.659286761,1.28625368,8.99999914,2.01841523,0.190609437,5.69249276e-16
0.00152719531,-8.04655967e-15,9.0,2.91220364,-0.000425107229,0.659255786,1.28999264,8.99999914,2.06222391,0.194117559,5.90822011e-16
0.00152819531,-6.79371155e-17,9.0,2.95423398,-0.000440577939,0.659224844,1.29372598,8.99999914,2.10592085,0.197615854,6.12375009e-16
0.00152919531,-6.232388e-15,9.0,2.99612708,-0.000456031256,0.659193937,1.29745354,8.99999914,2.1495044,0.201104192,6.33907408e-16
0.00153019531,-7.86271841e-15,9.0,3.03788166,-0.000471466569,0.659163067,1.30117523,8.99999914,2.19297318,0.204582461,6.55418348e-16
0.00153119531,-8.44119868e-18,9.0,3.07949617,-0.000486883269,0.659132233,1.30489088,8.99999914,2.23632559,0.208050535,6.7690697e-16
0.00153219531,-6.43362714e-15,9.0,3.12096932,-0.000502280748,0.659101439,1.30860038,8.99999914,2.27956023,0.211508303,6.98372413e-16
0.00153319531,-7.66997586e-15,9.0,3.16229962,-0.000517658398,0.659070683,1.3123036,8.99999914,2.32267555,0.21495564,7.19813819e-16
0.00153419531,4.19171684e-17,9.0,3.20348577,-0.000533015612,0.659039969,1.31600041,8.99999914,2.36567016,0.218392439,7.41230329e-16
0.00153519531,-6.62922757e-15,9.0,3.24452632,-0.000548351783,0.659009296,1.31969067,8.99999914,2.40854254,0.221818574,7.62621086e-16
0.00153619531,-7.46874213e-15,9.0,3.28541998,-0.000563666307,0.658978667,1.32337426,8.99999914,2.4512913,0.225233939,7.83985232e-16
0.00153719531,8.30561497e-17,9.0,3.32616533,-0.000578958577,0.658948083,1.32705106,8.99999914,2.49391494,0.228638414,8.0532191e-16
0.00153819531,-6.81870482e-15,9.0,3.3667611,-0.000594227991,0.658917544,1.33072094,8.99999914,2.5364121,0.232031889,8.26630264e-16
0.00153919531,-7.25944361e-15,9.0,3.40720588,-0.000609473947,0.658887052,1.33438377,8.99999914,2.5787813,0.235414249,8.47909439e-16
0.00154019531,1.14918365e-16,9.0,3.44749841,-0.000624695841,0.658856608,1.33803942,8.99999914,2.6210212,0.238785385,8.69158581e-16
0.00154119531,-7.00158523e-15,9.0,3.48763733,-0.000639893073,0.658826214,1.34168778,8.99999914,2.66313032,0.242145183,8.90376835e-16
0.00154219531,-7.04252193e-15,9.0,3.52762139,-0.000655065044,0.65879587,1.34532872,8.99999914,2.70510735,0.245493536,9.11563348e-16
0.00154319531,1.37471013e-16,9.0,3.56744924,-0.000670211153,0.658765578,1.34896211,8.99999914,2.74695085,0.248830332,9.32717269e-16
0.00154419531,-7.17740701e-15,9.0,3.60711966,-0.000685330804,0.658735338,1.35258783,8.99999915,2.7886595,0.252155465,9.53837746e-16
0.00154519531,-6.818433e-15,9.0,3.64663133,-0.000700423399,0.658705153,1.35620576,8.99999915,2.8302319,0.255468824,9.74923929e-16
0.00154619531,1.5070593e-16,9.0,3.68598303,-0.000715488343,0.658675023,1.35981579,8.99999915,2.87166672,0.258770306,9.95974967e-16
0.00154719531,-7.34572139e-15,9.0,3.72517347,-0.00073052504,0.65864495,1.36341778,8.99999915,2.9129626,0.262059801,1.01699001e-15
0.00154819531,-6.58764597e-15,9.0,3.76420144,-0.000745532898,0.658614934,1.36701163,8.99999915,2.95411825,0.265337207,1.03796822e-15
0.00154919531,1.546396e-16,9.0,3.8030657,-0.000760511323,0.658584977,1.3705972,8.99999915,2.99513229,0.268602418,1.05890874e-15
0.00155019531,-7.50609361e-15,9.0,3.84176504,-0.000775459724,0.658555081,1.37417439,8.99999915,3.03600346,0.27185533,1.07981073e-15
0.00155119531,-6.35064215e-15,9.0,3.88029823,-0.000790377512,0.658525245,1.37774307,8.99999915,3.07673042,0.275095841,1.10067335e-15
0.00155219531,1.49313097e-16,9.0,3.9186641,-0.000805264097,0.658495472,1.38130313,8.99999915,3.1173119,0.278323848,1.12149574e-15
0.00155319531,-7.65810392e-15,9.0,3.95686144,-0.000820118891,0.658465762,1.38485445,8.99999915,3.1577466,0.28153925,1.14227708e-15
0.00155419531,-6.10791394e-15,9.0,3.99488908,-0.000834941308,0.658436117,1.38839692,8.99999915,3.19803327,0.284741947,1.16301652e-15
0.00155519531,1.34791978e-16,9.0,4.03274585,-0.000849730764,0.658406538,1.39193041,8.99999915,3.23817061,0.287931838,1.18371321e-15
0.00155619531,-7.80134864e-15,9.0,4.0704306,-0.000864486673,0.658377027,1.39545482,8.99999915,3.2781574,0.291108826,1.20436633e-15
0.00155719531,-5.85996369e-15,9.0,4.10794217,-0.000879208455,0.658347583,1.39897004,8.99999915,3.31799237,0.294272811,1.22497503e-15
0.00155819531,1.11166114e-16,9.0,4.14527943,-0.000893895526,0.658318209,1.40247594,8.99999915,3.35767431,0.297423698,1.24553849e-15
0.00155919531,-7.93544101e-15,9.0,4.18244126,-0.000908547308,0.658288905,1.40597242,8.99999915,3.39720196,0.300561387,1.26605586e-15
0.00156019531,-5.60730258e-15,9.0,4.21942653,-0.000923163222,0.658259674,1.40945937,8.99999915,3.43657413,0.303685785,1.28652632e-15
0.00156119531,7.8549466e-17,9.0,4.25623414,-0.000937742691,0.658230515,1.41293667,8.99999915,3.47578959,0.306796797,1.30694902e-15
0.00156219531,-8.06001218e-15,9.0,4.292863,-0.00095228514,0.65820143,1.41640421,8.99999915,3.51484717,0.309894327,1.32732316e-15
0.00156319531,-5.35044948e-15,9.0,4.32931201,-0.000966789994,0.65817242,1.41986189,8.99999915,3.55374566,0.312978283,1.34764789e-15
0.00156419531,3.70797998e-17,9.0,4.3655801,-0.000981256681,0.658143487,1.4233096,8.99999915,3.5924839,0.316048573,1.36792239e-15
0.00156519531,-8.17471201e-15,9.0,4.40166621,-0.000995684629,0.658114631,1.42674722,8.99999915,3.6310607,0.319105104,1.38814584e-15
0.00156619531,-5.08992974e-15,9.0,4.43756927,-0.00101007327,0.658085853,1.43017466,8.99999915,3.66947491,0.322147785,1.40831741e-15
0.00156719531,-1.30816471e-17,9.0,4.47328825,-0.00102442203,0.658057156,1.43359179,8.99999915,3.70772538,0.325176527,1.42843628e-15
0.00156819531,-8.27920995e-15,9.0,4.5088221,-0.00103873036,0.658028539,1.43699853,8.99999915,3.74581097,0.328191239,1.44850163e-15
0.00156919531,-4.82627405e-15,9.0,4.54416981,-0.00105299767,0.658000005,1.44039475,8.99999915,3.78373055,0.331191834,1.46851265e-15
0.00157019531,-7.17505601e-17,9.0,4.57933035,-0.00106722342,0.657971553,1.44378036,8.99999915,3.82148299,0.334178223,1.48846852e-15
0.00157119531,-8.37319579e-15,9.0,4.61430271,-0.00108140703,0.657943186,1.44715525,8.99999915,3.85906718,0.337150319,1.50836843e-15
0.00157219531,-4.56001718e-15,9.0,4.64908591,-0.00109554795,0.657914904,1.45051933,8.99999916,3.89648203,0.340108036,1.52821156e-15
0.00157319531,-1.38719994e-16,9.0,4.68367895,-0.00110964562,0.657886709,1.45387247,8.99999916,3.93372642,0.343051288,1.5479971e-15
0.00157419531,-8.45638039e-15,9.0,4.71808087,-0.00112369948,0.657858601,1.4572146,8.99999916,3.97079929,0.345979992,1.56772425e-15
0.00157519531,-4.29169685e-15,9.0,4.75229069,-0.00113770898,0.657830582,1.46054559,8.99999916,4.00769955,0.348894062,1.58739219e-15
0.00157619531,-2.13760873e-16,9.0,4.78630745,-0.00115167357,0.657802653,1.46386536,8.99999916,4.04442615,0.351793415,1.60700013e-15
0.00157719531,-8.52849642e-15,9.0,4.82013021,-0.00116559269,0.657774815,1.46717379,8.99999916,4.08097801,0.35467797,1.62654727e-15
0.00157819531,-4.02185246e-15,9.0,4.85375804,-0.00117946579,0.657747068,1.4704708,8.99999916,4.1173541,0.357547644,1.64603279e-15
0.00157919531,-2.96622542e-16,9.0,4.88719,-0.00119329234,0.657719415,1.47375629,8.99999916,4.15355338,0.360402356,1.66545592e-15
0.00158019531,-8.58929892e-15,9.0,4.92042518,-0.00120707177,0.657691856,1.47703014,8.99999916,4.18957481,0.363242027,1.68481584e-15
0.00158119531,-3.75102393e-15,9.0,4.95346267,-0.00122080355,0.657664393,1.48029228,8.99999916,4.22541738,0.366066577,1.70411177e-15
0.00158219531,-3.8703337e-16,9.0,4.98630157,-0.00123448713,0.657637026,1.48354259,8.99999916,4.26108008,0.368875928,1.72334291e-15
0.00158319531,-8.63856597e-15,9.0,5.01894099,-0.00124812198,0.657609756,1.486781,8.99999916,4.2965619,0.371670001,1.74250848e-15
0.00158419531,-3.47975041e-15,9.0,5.05138006,-0.00126170755,0.657582585,1.49000739,8.99999916,4.33186186,0.37444872,1.76160769e-15
0.00158519531,-4.84701404e-16,9.0,5.0836179,-0.00127524332,0.657555513,1.49322167,8.99999916,4.36697896,0.377212008,1.78063976e-15
0.00158619531,-8.67609918e-15,9.0,5.11565366,-0.00128872874,0.657528543,1.49642375,8.99999916,4.40191224,0.379959789,1.7996039e-15
0.00158719531,-3.20856916e-15,9.0,5.14748649,-0.00130216328,0.657501673,1.49961355,8.99999916,4.43666073,0.382691989,1.81849933e-15
0.00158819531,-5.89315064e-16,9.0,5.17911554,-0.00131554642,0.657474907,1.50279095,8.99999916,4.47122347,0.385408534,1.83732528e-15
0.00158919531,-8.70172418e-15,9.0,5.21053998,-0.00132887762,0.657448245,1.50595588,8.99999916,4.50559952,0.38810935,1.85608098e-15
0.00159019531,-2.93801427e-15,9.0,5.24175899,-0.00134215636,0.657421687,1.50910823,8.99999916,4.53978794,0.390794365,1.87476565e-15
0.00159119531,-7.00543893e-16,9.0,5.27277176,-0.00135538211,0.657395236,1.51224793,8.99999916,4.57378779,0.393463507,1.89337851e-15
0.00159219531,-8.71529108e-15,9.0,5.30357749,-0.00136855436,0.657368891,1.51537488,8.99999916,4.60759817,0.396116705,1.91191882e-15
0.00159319531,-2.66861552e-15,9.0,5.33417538,-0.00138167257,0.657342655,1.51848898,8.99999916,4.64121814,0.398753888,1.93038579e-15
0.00159419531,-8.18039347e-16,9.0,5.36456465,-0.00139473624,0.657316528,1.52159016,8.99999916,4.67464683,0.401374987,1.94877868e-15
0.00159519531,-8.7166748e-15,9.0,5.39474452,-0.00140774485,0.65729051,1.52467832,8.99999916,4.70788332,0.403979932,1.96709672e-15
0.00159619531,-2.40089715e-15,9.0,5.42471423,-0.00142069788,0.657264604,1.52775337,8.99999916,4.74092674,0.406568656,1.98533915e-15
0.00159719531,-9.41435628e-16,9.0,5.45447301,-0.00143359483,0.65723881,1.53081523,8.99999916,4.7737762,0.409141092,2.00350523e-15
0.00159819531,-8.70577542e-15,9.0,5.48402013,-0.00144643518,0.65721313,1.53386381,8.99999916,4.80643084,0.411697171,2.0215942e-15
0.00159919531,-2.1353767e-15,9.0,5.51335484,-0.00145921843,0.657187563,1.53689903,8.99999916,4.83888981,0.414236829,2.03960531e-15
0.00160019531,-1.07035056e-15,9.0,5.54247642,-0.00147194407,0.657162112,1.5399208,8.99999916,4.87115225,0.41676,2.05753782e-15
0.00160119531,-8.68251847e-15,9.0,5.57138414,-0.0014846116,0.657136777,1.54292904,8.99999916,4.90321731,0.41926662,2.07539099e-15
0.00160219531,-1.8725639e-15,9.0,5.60007729,-0.00149722052,0.657111559,1.54592366,8.99999916,4.93508418,0.421756624,2.09316409e-15
0.00160319531,-1.20438648e-15,9.0,5.62855517,-0.00150977033,0.657086459,1.54890457,8.99999916,4.96675201,0.42422995,2.11085636e-15
0.00160419531,-8.64685505e-15,9.0,5.65681709,-0.00152226054,0.657061479,1.55187171,8.99999917,4.99822,0.426686534,2.12846709e-15
0.00160519531,-1.61295946e-15,9.0,5.68486236,-0.00153469066,0.657036619,1.55482498,8.99999917,5.02948734,0.429126316,2.14599554e-15
0.00160619531,-1.34313125e-15,9.0,5.71269031,-0.00154706019,0.65701188,1.5577643,8.99999917,5.06055323,0.431549234,2.16344098e-15
0.00160719531,-8.59876209e-15,9.0,5.74030027,-0.00155936864,0.656987263,1.5606896,8.99999917,5.09141687,0.433955227,2.1808027e-15
0.00160819531,-1.357054e-15,9.0,5.76769157,-0.00157161553,0.656962769,1.56360078,8.99999917,5.1220775,0.436344237,2.19807997e-15
0.00160919531,-1.48615915e-15,9.0,5.79486358,-0.00158380037,0.656938399,1.56649779,8.99999917,5.15253432,0.438716203,2.21527207e-15
0.00161019531,-8.53824234e-15,9.0,5.82181565,-0.00159592269,0.656914155,1.56938053,8.99999917,5.18278659,0.441071069,2.2323783e-15
0.00161119531,-1.10532695e-15,9.0,5.84854715,-0.00160798201,0.656890036,1.57224892,8.99999917,5.21283353,0.443408775,2.24939794e-15
0.00161219531,-1.63303198e-15,9.0,5.87505746,-0.00161997784,0.656866044,1.57510289,8.99999917,5.24267441,0.445729266,2.26633028e-15
0.00161319531,-8.46532445e-15,9.0,5.90134595,-0.00163190972,0.656842181,1.57794237,8.99999917,5.27230847,0.448032485,2.28317461e-15
0.00161419531,-8.58245503e-16,9.0,5.92741204,-0.00164377718,0.656818446,1.58076727,8.99999917,5.301735,0.450318376,2.29993025e-15
0.00161519531,-1.78330003e-15,9.0,5.9532551,-0.00165557974,0.656794841,1.58357752,8.99999917,5.33095325,0.452586885,2.31659649e-15
0.00161619531,-8.38006297e-15,9.0,5.97887457,-0.00166731695,0.656771366,1.58637305,8.99999917,5.35996253,0.454837957,2.33317264e-15
0.00161719531,-6.16263548e-16,9.0,6.00426985,-0.00167898833,0.656748023,1.58915378,8.99999917,5.38876211,0.457071539,2.34965801e-15
0.00161819531,-1.93650322e-15,9.0,6.02944038,-0.00169059342,0.656724813,1.59191963,8.99999917,5.41735131,0.459287577,2.36605191e-15
0.00161919531,-8.2825382e-15,9.0,6.05438559,-0.00170213178,0.656701736,1.59467054,8.99999917,5.44572942,0.461486021,2.38235365e-15
0.00162019531,-3.79820693e-16,9.0,6.07910492,-0.00171360294,0.656678794,1.59740643,8.99999917,5.47389577,0.463666817,2.39856257e-15
0.00162119531,-2.09217216e-15,9.0,6.10359783,-0.00172500644,0.656655987,1.60012722,8.99999917,5.50184967,0.465829916,2.41467797e-15
0.00162219531,-8.17285608e-15,9.0,6.12786378,-0.00173634185,0.656633316,1.60283286,8.99999917,5.52959047,0.467975266,2.4306992e-15
0.00162319531,-1.49341285e-16,9.0,6.15190223,-0.00174760871,0.656610783,1.60552326,8.99999917,5.55711749,0.470102819,2.44662558e-15
0.00162419531,-2.24982928e-15,9.0,6.17571267,-0.00175880658,0.656588387,1.60819835,8.99999917,5.58443009,0.472212525,2.46245644e-15
0.00162519531,-8.051148e-15,9.0,6.19929457,-0.00176993501,0.65656613,1.61085807,8.99999917,5.61152762,0.474304337,2.47819113e-15
0.00162619531,7.47665185e-17,9.0,6.22264744,-0.00178099357,0.656544013,1.61350235,8.99999917,5.63840945,0.476378205,2.49382899e-15
0.00162719531,-2.40898996e-15,9.0,6.24577077,-0.00179198182,0.656522036,1.61613112,8.99999917,5.66507495,0.478434084,2.50936936e-15
0.00162819531,-7.91757052e-15,9.0,6.26866407,-0.00180289932,0.656500201,1.6187443,8.99999917,5.69152349,0.480471927,2.5248116e-15
0.00162919531,2.92111646e-16,9.0,6.29132686,-0.00181374565,0.656478509,1.62134184,8.99999917,5.71775446,0.482491687,2.54015505e-15
0.00163019531,-2.5691637e-15,9.0,6.31375867,-0.00182452037,0.656456959,1.62392367,8.99999917,5.74376725,0.484493321,2.55539908e-15
0.00163119531,-7.77230507e-15,9.0,6.33595902,-0.00183522307,0.656435554,1.62648971,8.99999917,5.76956127,0.486476783,2.57054305e-15
0.00163219531,5.02320966e-16,9.0,6.35792746,-0.00184585331,0.656414293,1.62903991,8.99999917,5.79513593,0.488442029,2.58558631e-15
0.00163319531,-2.72985529e-15,9.0,6.37966353,-0.00185641068,0.656393179,1.6315742,8.99999917,5.82049064,0.490389017,2.60052826e-15
0.00163419531,-7.61555756e-15,9.0,6.4011668,-0.00186689477,0.65637221,1.63409251,8.99999917,5.84562482,0.492317703,2.61536824e-15
0.00163519531,7.050401e-16,9.0,6.42243682,-0.00187730515,0.65635139,1.63659478,8.99999917,5.87053791,0.494228046,2.63010566e-15
0.00163619531,-2.890566e-15,9.0,6.44347317,-0.00188764142,0.656330717,1.63908094,8.99999917,5.89522935,0.496120004,2.64473987e-15
0.00163719531,-7.44755797e-15,9.0,6.46427542,-0.00189790317,0.656310194,1.64155094,8.99999917,5.91969858,0.497993536,2.65927028e-15
0.00163819531,8.99934189e-16,9.0,6.48484317,-0.00190809,0.65628982,1.64400471,8.99999917,5.94394505,0.499848602,2.67369628e-15
0.00163919531,-3.05079474e-15,9.0,6.505176,-0.00191820149,0.656269597,1.64644219,8.99999917,5.96796823,0.501685162,2.68801724e-15
0.00164019531,-7.26855987e-15,9.0,6.52527352,-0.00192823726,0.656249525,1.64886332,8.99999917,5.99176758,0.503503177,2.70223259e-15
0.00164119531,1.08668862e-15,9.0,6.54513534,-0.0019381969,0.656229606,1.65126804,8.99999918,6.01534259,0.505302609,2.71634171e-15
0.00164219531,-3.2100393e-15,9.0,6.56476107,-0.00194808003,0.65620984,1.65365628,8.99999918,6.03869272,0.50708342,2.73034401e-15
0.00164319531,-7.07883984e-15,9.0,6.58415034,-0.00195788625,0.656190228,1.65602799,8.99999918,6.06181747,0.508845572,2.74423891e-15
0.00164419531,1.26500969e-15,9.0,6.60330278,-0.00196761518,0.65617077,1.65838311,8.99999918,6.08471635,0.510589029,2.75802582e-15
0.00164519531,-3.36779753e-15,9.0,6.62221802,-0.00197726643,0.656151467,1.66072158,8.99999918,6.10738884,0.512313755,2.77170416e-15
0.00164619531,-6.87869697e-15,9.0,6.64089572,-0.00198683962,0.656132321,1.66304334,8.99999918,6.12983447,0.514019714,2.78527335e-15
0.00164719531,1.43462526e-15,9.0,6.65933552,-0.00199633437,0.656113331,1.66534833,8.99999918,6.15205274,0.515706872,2.79873283e-15
0.00164819531,-3.52356856e-15,9.0,6.67753708,-0.00200575031,0.656094499,1.6676365,8.99999918,6.17404319,0.517375193,2.81208202e-15
0.00164919531,-6.66845212e-15,9.0,6.69550008,-0.00201508707,0.656075826,1.66990779,8.99999918,6.19580534,0.519024645,2.82532037e-15
0.00165019531,1.59528528e-15,9.0,6.71322418,-0.00202434428,0.656057311,1.67216215,8.99999918,6.21733874,0.520655193,2.83844732e-15
0.00165119531,-3.67685397e-15,9.0,6.73070907,-0.00203352156,0.656038957,1.67439951,8.99999918,6.23864293,0.522266805,2.8514623e-15
0.00165219531,-6.44844733e-15,9.0,6.74795443,-0.00204261857,0.656020763,1.67661983,8.99999918,6.25971745,0.523859449,2.86436478e-15
0.00165319531,1.74676238e-15,9.0,6.76495996,-0.00205163494,0.65600273,1.67882305,8.99999918,6.28056188,0.525433093,2.87715421e-15
0.00165419531,-3.82715901e-15,9.0,6.78172536,-0.00206057031,0.655984859,1.68100912,8.99999918,6.30117577,0.526987706,2.88983005e-15
0.00165519531,-6.21904499e-15,9.0,6.79825034,-0.00206942434,0.655967151,1.68317798,8.99999918,6.3215587,0.528523258,2.90239176e-15
0.00165619531,1.88885229e-15,9.0,6.81453462,-0.00207819667,0.655949607,1.68532957,8.99999918,6.34171025,0.530039719,2.91483881e-15
0.00165719531,-3.97399378e-15,9.0,6.83057791,-0.00208688695,0.655932226,1.68746386,8.99999918,6.36163,0.53153706,2.92717068e-15
0.00165819531,-5.98062715e-15,9.0,6.84637995,-0.00209549485,0.65591501,1.68958078,8.99999918,6.38131754,0.53301525,2.93938685e-15
0.00165919531,2.02137426e-15,9.0,6.86194048,-0.00210402002,0.65589796,1.69168029,8.99999918,6.40077247,0.534474263,2.95148679e-15
0.00166019531,-4.11687442e-15,9.0,6.87725923,-0.00211246213,0.655881076,1.69376233,8.99999918,6.4199944,0.535914071,2.96347001e-15
0.00166119531,-5.73359463e-15,9.0,6.89233595,-0.00212082084,0.655864358,1.69582685,8.99999918,6.43898294,0.537334645,2.97533599e-15
0.00166219531,2.14417146e-15,9.0,6.9071704,-0.00212909583,0.655847808,1.69787381,8.99999918,6.4577377,0.53873596,2.98708422e-15
0.00166319531,-4.25532427e-15,9.0,6.92176235,-0.00213728676,0.655831426,1.69990315,8.99999918,6.47625832,0.540117989,2.99871422e-15
0.00166419531,-5.47836618e-15,9.0,6.93611155,-0.00214539332,0.655815213,1.70191483,8.99999918,6.49454442,0.541480707,3.01022549e-15
0.00166519531,2.25711125e-15,9.0,6.95021779,-0.00215341518,0.65579917,1.70390879,8.99999918,6.51259564,0.542824088,3.02161754e-15
0.00166619531,-4.38887498e-15,9.0,6.96408084,-0.00216135202,0.655783296,1.705885,8.99999918,6.53041162,0.544148107,3.03288989e-15
0.00166719531,-5.21537755e-15,9.0,6.9777005,-0.00216920354,0.655767593,1.70784339,8.99999918,6.54799202,0.545452742,3.04404206e-15
0.00166819531,2.36008544e-15,9.0,6.99107656,-0.00217696943,0.655752061,1.70978393,8.99999918,6.56533648,0.546737967,3.05507358e-15
0.00166919531,-4.51706773e-15,9.0,7.00420882,-0.00218464937,0.655736701,1.71170657,8.99999918,6.58244467,0.548003759,3.06598398e-15
0.00167019531,-4.94508058e-15,9.0,7.01709709,-0.00219224306,0.655721514,1.71361126,8.99999918,6.59931626,0.549250097,3.0767728e-15
0.00167119531,2.45301051e-15,9.0,7.02974118,-0.00219975021,0.6557065,1.71549796,8.99999918,6.61595093,0.550476958,3.08743958e-15
0.00167219531,-4.63945423e-15,9.0,7.0421409,-0.00220717052,0.655691659,1.71736662,8.99999918,6.63234835,0.551684321,3.09798387e-15
0.00167319531,-4.66794219e-15,9.0,7.05429609,-0.00221450369,0.655676993,1.71921719,8.99999918,6.64850821,0.552872163,3.10840522e-15
0.00167419531,2.53582769e-15,9.0,7.06620658,-0.00222174943,0.655662501,1.72104964,8.99999918,6.6644302,0.554040466,3.11870319e-15
0.00167519531,-4.75559791e-15,9.0,7.0778722,-0.00222890747,0.655648185,1.72286392,8.99999918,6.68011403,0.555189208,3.12887734e-15
0.00167619531,-4.38444335e-15,9.0,7.0892928,-0.00223597751,0.655634045,1.72465999,8.99999918,6.69555939,0.55631837,3.13892724e-15
0.00167719531,2.6085031e-15,9.0,7.10046823,-0.00224295928,0.655620081,1.7264378,8.99999918,6.710766,0.557427932,3.14885246e-15
0.00167819531,-4.86507488e-15,9.0,7.11139834,-0.0022498525,0.655606295,1.72819731,8.99999918,6.72573358,0.558517877,3.15865258e-15
0.00167919531,-4.09507808e-15,9.0,7.122083,-0.0022566569,0.655592686,1.72993848,8.99999918,6.74046184,0.559588186,3.16832719e-15
0.00168019531,2.67102774e-15,9.0,7.13252207,-0.00226337221,0.655579256,1.73166127,8.99999918,6.75495051,0.56063884,3.17787586e-15
0.00168119531,-4.96747507e-15,9.0,7.14271543,-0.00226999817,0.655566004,1.73336564,8.99999918,6.76919933,0.561669824,3.18729821e-15
0.00168219531,-3.80035232e-15,9.0,7.15266295,-0.00227653451,0.655552931,1.73505155,8.99999918,6.78320805,0.56268112,3.19659382e-15
0.00168319531,2.72341745e-15,9.0,7.16236453,-0.00228298098,0.655540038,1.73671895,8.99999918,6.79697639,0.563672711,3.2057623e-15
0.00168419531,-5.06240311e-15,9.0,7.17182005,-0.00228933732,0.655527325,1.73836781,8.99999918,6.81050412,0.564644583,3.21480325e-15
0.00168519531,-3.50078285e-15,9.0,7.18102941,-0.00229560328,0.655514793,1.7399981,8.99999918,6.823791,0.565596719,3.22371631e-15
0.00168619531,2.76571282e-15,9.0,7.18999252,-0.00230177861,0.655502443,1.74160976,8.99999918,6.83683678,0.566529105,3.23250108e-15
0.00168719531,-5.14947942e-15,9.0,7.19870927,-0.00230786308,0.655490274,1.74320276,8.99999918,6.84964123,0.567441727,3.24115719e-15
0.00168819531,-3.19689617e-15,9.0,7.20717959,-0.00231385643,0.655478287,1.74477707,8.99999918,6.86220414,0.568334569,3.24968427e-15
0.00168919531,2.79797905e-15,9.0,7.2154034,-0.00231975844,0.655466483,1.74633265,8.99999918,6.87452527,0.56920762,3.25808196e-15
0.00169019531,-5.22834102e-15,9.0,7.22338061,-0.00232556886,0.655454862,1.74786945,8.99999918,6.88660441,0.570060865,3.2663499e-15
0.00169119531,-2.88922733e-15,9.0,7.23111117,-0.00233128748,0.655443425,1.74938745,8.99999918,6.89844136,0.570894292,3.27448775e-15
0.00169219531,2.82030572e-15,9.0,7.238595,-0.00233691406,0.655432172,1.75088661,8.99999919,6.9100359,0.571707889,3.28249514e-15
0.00169319531,-5.29864253e-15,9.0,7.24583206,-0.00234244839,0.655421103,1.75236689,8.99999919,6.92138785,0.572501644,3.29037174e-15
0.00169419531,-2.57831875e-15,9.0,7.25282228,-0.00234789024,0.65541022,1.75382826,8.99999919,6.93249701,0.573275546,3.29811722e-15
0.00169519531,2.83280655e-15,9.0,7.25956562,-0.00235323939,0.655399521,1.75527068,8.99999919,6.94336318,0.574029585,3.30573125e-15
0.00169619531,-5.36005695e-15,9.0,7.26606204,-0.00235849565,0.655389009,1.75669412,8.99999919,6.9539862,0.574763749,3.31321349e-15
0.00169719531,-2.26471907e-15,9.0,7.2723115,-0.0023636588,0.655378682,1.75809855,8.99999919,6.96436588,0.575478028,3.32056363e-15
0.00169819531,2.83561906e-15,9.0,7.27831396,-0.00236872863,0.655368543,1.75948392,8.99999919,6.97450205,0.576172414,3.32778136e-15
0.00169919531,-5.41227652e-15,9.0,7.28406942,-0.00237370495,0.65535859,1.76085022,8.99999919,6.98439455,0.576846897,3.33486637e-15
0.00170019531,-1.94898194e-15,9.0,7.28957784,-0.00237858756,0.655348825,1.7621974,8.99999919,6.99404321,0.577501468,3.34181835e-15
0.00170119531,2.82890419e-15,9.0,7.29483921,-0.00238337627,0.655339247,1.76352543,8.99999919,7.00344788,0.578136119,3.34863701e-15
0.00170219531,-5.45501344e-15,9.0,7.29985352,-0.00238807088,0.655329858,1.76483429,8.99999919,7.01260841,0.578750843,3.35532206e-15
0.00170319531,-1.63166477e-15,9.0,7.30462077,-0.00239267122,0.655320658,1.76612393,8.99999919,7.02152465,0.579345631,3.36187321e-15
0.00170419531,2.81284589e-15,9.0,7.30914095,-0.0023971771,0.655311646,1.76739434,8.99999919,7.03019647,0.579920478,3.36829018e-15
0.00170519531,-5.48800063e-15,9.0,7.31341407,-0.00240158835,0.655302823,1.76864547,8.99999919,7.03862373,0.580475376,3.3745727e-15
0.00170619531,-1.31332756e-15,9.0,7.31744015,-0.00240590478,0.65529419,1.76987731,8.99999919,7.0468063,0.58101032,3.3807205e-15
0.00170719531,2.78765061e-15,9.0,7.3212192,-0.00241012623,0.655285748,1.77108981,8.99999919,7.05474406,0.581525303,3.38673331e-15
0.00170819531,-5.51099242e-15,9.0,7.32475124,-0.00241425254,0.655277495,1.77228296,8.99999919,7.06243688,0.58202032,3.39261089e-15
0.00170919531,-9.94531644e-16,9.0,7.32803629,-0.00241828353,0.655269433,1.77345671,8.99999919,7.06988466,0.582495367,3.39835297e-15
0.00171019531,2.75354678e-15,9.0,7.3310744,-0.00242221906,0.655261562,1.77461105,8.99999919,7.07708729,0.582950439,3.40395931e-15
0.00171119531,-5.52376511e-15,9.0,7.33386559,-0.00242605896,0.655253882,1.77574595,8.99999919,7.08404465,0.583385532,3.40942968e-15
0.00171219531,-6.75838482e-16,9.0,7.33640991,-0.00242980308,0.655246394,1.77686137,8.99999919,7.09075666,0.583800643,3.41476384e-15
0.00171319531,2.71078422e-15,9.0,7.3387074,-0.00243345128,0.655239097,1.77795729,8.99999919,7.09722322,0.584195767,3.41996155e-15
0.00171419531,-5.52611761e-15,9.0,7.34075811,-0.00243700341,0.655231993,1.77903369,8.99999919,7.10344424,0.584570903,3.42502261e-15
0.00171519531,-3.57808415e-16,9.0,7.34256211,-0.00244045933,0.655225081,1.78009053,8.99999919,7.10941964,0.584926048,3.42994678e-15
0.00171619531,2.6596335e-15,9.0,7.34411946,-0.0024438189,0.655218362,1.7811278,8.99999919,7.11514933,0.5852612,3.43473387e-15
0.00171719531,-5.51787195e-15,9.0,7.34543021,-0.002447082,0.655211836,1.78214546,8.99999919,7.12063325,0.585576357,3.43938366e-15
0.00171819531,-4.09994524e-17,9.0,7.34649444,-0.00245024849,0.655205503,1.78314349,8.99999919,7.12587133,0.585871518,3.44389595e-15
0.00171919531,2.60038528e-15,9.0,7.34731223,-0.00245331825,0.655199363,1.78412186,8.99999919,7.1308635,0.586146682,3.44827057e-15
0.00172019531,-5.49887373e-15,9.0,7.34788366,-0.00245629116,0.655193418,1.78508056,8.99999919,7.1356097,0.586401849,3.4525073e-15
0.00172119531,2.74033954e-16,9.0,7.34820882,-0.0024591671,0.655187666,1.78601955,8.99999919,7.14010988,0.58663702,3.45660598e-15
0.00172219531,2.53334951e-15,9.0,7.34828779,-0.00246194595,0.655182108,1.78693882,8.99999919,7.14436399,0.586852193,3.46056643e-15
0.00172319531,-5.46899256e-15,9.0,7.34812067,-0.00246462761,0.655176745,1.78783833,8.99999919,7.14837199,0.58704737,3.46438848e-15
0.00172419531,5.86742116e-16,9.0,7.34770756,-0.00246721197,0.655171576,1.78871808,8.99999919,7.15213383,0.587222552,3.46807197e-15
0.00172519531,2.45885474e-15,9.0,7.34704856,-0.00246969893,0.655166602,1.78957803,8.99999919,7.15564948,0.587377742,3.47161673e-15
0.00172619531,-5.42812241e-15,9.0,7.3461438,-0.00247208839,0.655161823,1.79041816,8.99999919,7.15891892,0.587512939,3.47502262e-15
0.00172719531,8.96581312e-16,9.0,7.34499337,-0.00247438026,0.655157239,1.79123845,8.99999919,7.16194211,0.587628148,3.47828949e-15
0.00172819531,2.37724725e-15,9.0,7.3435974,-0.00247657444,0.655152851,1.79203889,8.99999919,7.16471904,0.587723371,3.4814172e-15
0.00172919531,-5.37618193e-15,9.0,7.34195602,-0.00247867085,0.655148658,1.79281944,8.99999919,7.16724969,0.58779861,3.48440561e-15
0.00173019531,1.20301497e-15,9.0,7.34006935,-0.00248066941,0.655144661,1.79358009,8.99999919,7.16953405,0.58785387,3.48725461e-15
0.00173119531,2.28889019e-15,9.0,7.33793753,-0.00248257003,0.65514086,1.79432082,8.99999919,7.17157211,0.587889154,3.48996406e-15
0.00173219531,-5.31311471e-15,9.0,7.33556069,-0.00248437265,0.655137255,1.79504161,8.99999919,7.17336388,0.587904466,3.49253384e-15
0.00173319531,1.50551484e-15,9.0,7.33293898,-0.00248607719,0.655133846,1.79574244,8.99999919,7.17490936,0.587899811,3.49496386e-15
0.00173419531,2.1941627e-15,9.0,7.33007255,-0.00248768358,0.655130633,1.79642329,8.99999919,7.17620855,0.587875195,3.497254e-15
0.00173519531,-5.23888943e-15,9.0,7.32696154,-0.00248919176,0.655127616,1.79708414,8.99999919,7.17726148,0.587830622,3.49940417e-15
0.00173619531,1.80356213e-15,9.0,7.32360611,-0.00249060168,0.655124797,1.79772497,8.99999919,7.17806815,0.587766098,3.50141428e-15
0.00173719531,2.09345898e-15,9.0,7.32000644,-0.00249191326,0.655122173,1.79834577,8.99999919,7.17862858,0.58768163,3.50328423e-15
0.00173819531,-5.15350005e-15,9.0,7.31616267,-0.00249312648,0.655119747,1.79894652,8.99999919,7.17894282,0.587577224,3.50501395e-15
0.00173919531,2.09664865e-15,9.0,7.31207498,-0.00249424126,0.655117517,1.7995272,8.99999919,7.17901088,0.587452887,3.50660336e-15
0.00174019531,1.98718728e-15,9.0,7.30774355,-0.00249525758,0.655115485,1.8000878,8.99999919,7.17883281,0.587308627,3.5080524e-15
0.00174119531,-5.05696584e-15,9.0,7.30316856,-0.0024961754,0.655113649,1.80062829,8.99999919,7.17840865,0.58714445,3.50936101e-15
0.00174219531,2.38427792e-15,9.0,7.29835019,-0.00249699466,0.655112011,1.80114867,8.99999919,7.17773843,0.586960365,3.51052912e-15
0.00174319531,1.87576894e-15,9.0,7.29328863,-0.00249771535,0.655110569,1.80164892,8.99999919,7.17682222,0.586756381,3.51155669e-15
0.00174419531,-4.94933147e-15,9.0,7.28798407,-0.00249833744,0.655109325,1.80212902,8.99999919,7.17566007,0.586532506,3.51244368e-15
0.00174519531,2.66596623e-15,9.0,7.28243671,-0.00249886089,0.655108278,1.80258895,8.99999919,7.17425204,0.586288749,3.51319004e-15
0.00174619531,1.75963733e-15,9.0,7.27664676,-0.00249928569,0.655107429,1.80302871,8.99999919,7.17259819,0.586025121,3.51379574e-15
0.00174719531,-4.83066687e-15,9.0,7.27061442,-0.00249961183,0.655106776,1.80344828,8.99999919,7.17069859,0.58574163,3.51426076e-15
0.00174819531,2.94124368e-15,9.0,7.2643399,-0.00249983928,0.655106321,1.80384765,8.99999919,7.16855332,0.585438288,3.51458508e-15
0.00174919531,1.63923682e-15,9.0,7.25782341,-0.00249996805,0.655106064,1.80422679,8.99999919,7.16616245,0.585115104,3.51476868e-15
0.00175019531,-4.70106723e-15,9.0,7.25106519,-0.00249999812,0.655106004,1.80458571,8.99999919,7.16352607,0.584772091,3.51481156e-15
0.00175119531,3.20965521e-15,9.0,7.24406545,-0.0024999295,0.655106141,1.80492439,8.99999919,7.16064427,0.584409259,3.51471371e-15
0.00175219531,1.51502166e-15,9.0,7.23682443,-0.00249976218,0.655106476,1.80524281,8.99999919,7.15751713,0.58402662,3.51447514e-15
0.00175319531,-4.56065281e-15,9.0,7.22934235,-0.00249949617,0.655107008,1.80554097,8.99999919,7.15414476,0.583624187,3.51409585e-15
0.00175419531,3.47076159e-15,9.0,7.22161946,-0.0024991315,0.655107737,1.80581885,8.99999919,7.15052726,0.583201971,3.51357588e-15
0.00175519531,1.38745486e-15,9.0,7.213656,-0.00249866815,0.655108664,1.80607644,8.99999919,7.14666473,0.582759987,3.51291523e-15
0.00175619531,-4.4095687e-15,9.0,7.20545222,-0.00249810617,0.655109788,1.80631374,8.99999919,7.14255729,0.582298246,3.51211393e-15
0.00175719531,3.72414034e-15,9.0,7.19700837,-0.00249744557,0.655111109,1.80653072,8.99999919,7.13820504,0.581816763,3.51117203e-15
0.00175819531,1.25700712e-15,9.0,7.1883247,-0.00249668637,0.655112627,1.80672739,8.99999919,7.13360812,0.581315553,3.51008955e-15
0.00175919531,-4.2479846e-15,9.0,7.17940148,-0.0024958286,0.655114343,1.80690373,8.99999919,7.12876664,0.580794628,3.50886655e-15
0.00176019531,3.96938666e-15,9.0,7.17023897,-0.00249487231,0.655116255,1.80705974,8.99999919,7.12368073,0.580254005,3.50750308e-15
0.00176119531,1.12415563e-15,9.0,7.16083745,-0.00249381752,0.655118365,1.8071954,8.99999919,7.11835054,0.579693697,3.5059992e-15
0.00176219531,-4.07609448e-15,9.0,7.15119718,-0.00249266428,0.655120671,1.80731071,8.99999919,7.11277619,0.579113722,3.50435497e-15
0.00176319531,4.20611426e-15,9.0,7.14131846,-0.00249141263,0.655123175,1.80740566,8.99999919,7.10695784,0.578514094,3.50257046e-15
0.00176419531,9.8938293e-16,9.0,7.13120155,-0.00249006262,0.655125875,1.80748024,8.99999919,7.10089562,0.577894829,3.50064575e-15
0.00176519531,-3.89411616e-15,9.0,7.12084675,-0.00248861432,0.655128771,1.80753445,8.99999919,7.0945897,0.577255946,3.49858092e-15
0.00176619531,4.43395623e-15,9.0,7.11025435,-0.00248706776,0.655131864,1.80756827,8.99999919,7.08804023,0.57659746,3.49637607e-15
0.00176719531,8.53175735e-16,9.0,7.09942465,-0.00248542303,0.655135154,1.80758171,8.99999919,7.08124737,0.575919389,3.49403127e-15
0.00176819531,-3.70229094e-15,9.0,7.08835795,-0.00248368017,0.65513864,1.80757476,8.99999919,7.07421129,0.57522175,3.49154664e-15
0.00176919531,4.65256577e-15,9.0,7.07705455,-0.00248183926,0.655142321,1.80754741,8.99999919,7.06693216,0.574504563,3.48892229e-15
0.00177019531,7.16023745e-16,9.0,7.06551478,-0.00247990037,0.655146199,1.80749965,8.99999919,7.05941016,0.573767845,3.48615832e-15
0.00177119531,-3.50088308e-15,9.0,7.05373893,-0.00247786358,0.655150273,1.80743149,8.99999919,7.05164546,0.573011615,3.48325485e-15
0.00177219531,4.86161697e-15,9.0,7.04172734,-0.00247572897,0.655154542,1.80734292,8.99999919,7.04363826,0.572235892,3.480212e-15
0.00177319531,5.78418459e-16,9.0,7.02948032,-0.00247349661,0.655159007,1.80723393,8.99999919,7.03538875,0.571440697,3.47702992e-15
0.00177419531,-3.29017922e-15,9.0,7.01699821,-0.00247116662,0.655163667,1.80710452,8.99999919,7.02689711,0.570626049,3.47370873e-15
0.00177519531,5.06080545e-15,9.0,7.00428133,-0.00246873906,0.655168522,1.80695469,8.99999919,7.01816355,0.569791969,3.47024857e-15
0.00177619531,4.40851982e-16,9.0,6.99133003,-0.00246621404,0.655173572,1.80678444,8.99999919,7.00918828,0.568938477,3.4666496e-15
0.00177719531,-3.07048785e-15,9.0,6.97814465,-0.00246359166,0.655178817,1.80659376,8.99999919,6.9999715,0.568065595,3.46291197e-15
0.00177819531,5.24984903e-15,9.0,6.96472554,-0.00246087202,0.655184256,1.80638265,8.99999919,6.99051343,0.567173344,3.45903584e-15
0.00177919531,3.03815827e-16,9.0,6.95107304,-0.00245805523,0.65518989,1.80615111,8.99999919,6.98081428,0.566261746,3.45502137e-15
0.00178019531,-2.84213863e-15,9.0,6.93718751,-0.0024551414,0.655195717,1.80589914,8.99999919,6.97087428,0.565330824,3.45086874e-15
0.00178119531,5.42848829e-15,9.0,6.92306932,-0.00245213064,0.655201739,1.80562675,8.99999919,6.96069366,0.564380599,3.44657813e-15
0.00178219531,1.67799724e-16,9.0,6.90871883,-0.00244902308,0.655207954,1.80533392,8.99999919,6.95027266,0.563411096,3.44214971e-15
0.00178319531,-2.60548171e-15,9.0,6.8941364,-0.00244581884,0.655214362,1.80502066,8.99999919,6.9396115,0.562422338,3.43758368e-15
0.00178419531,5.5964871e-15,9.0,6.87932242,-0.00244251804,0.655220964,1.80468697,8.99999919,6.92871043,0.561414347,3.43288023e-15
0.00178519531,3.32904276e-17,9.0,6.86427727,-0.00243912081,0.655227758,1.80433286,8.99999919,6.91756971,0.56038715,3.42803957e-15
0.00178619531,-2.36088696e-15,9.0,6.84900132,-0.00243562729,0.655234745,1.80395831,8.99999919,6.90618958,0.55934077,3.4230619e-15
0.00178719531,5.75363314e-15,9.0,6.83349496,-0.00243203762,0.655241925,1.80356334,8.99999919,6.8945703,0.558275232,3.41794744e-15
0.00178819531,-9.92294619e-17,9.0,6.8177586,-0.00242835193,0.655249296,1.80314795,8.99999919,6.88271213,0.557190563,3.4126964e-15
0.00178919531,-2.10874324e-15,9.0,6.80179262,-0.00242457038,0.655256859,1.80271214,8.99999919,6.87061534,0.556086786,3.40730901e-15
0.00179019531,5.89973827e-15,9.0,6.78559743,-0.00242069311,0.655264614,1.80225592,8.99999919,6.8582802,0.55496393,3.4017855e-15
0.00179119531,-2.29282674e-16,9.0,6.76917344,-0.00241672027,0.655272559,1.80177928,8.99999919,6.845707,0.55382202,3.3961261e-15
0.00179219531,-1.8494575e-15,9.0,6.75252105,-0.00241265203,0.655280696,1.80128223,8.99999919,6.832896,0.552661083,3.39033106e-15
0.00179319531,6.03463893e-15,9.0,6.73564069,-0.00240848854,0.655289023,1.80076478,8.99999919,6.81984751,0.551481147,3.38440063e-15
0.00179419531,-3.56398428e-16,9.0,6.71853278,-0.00240422996,0.65529754,1.80022693,8.99999919,6.8065618,0.550282239,3.37833505e-15
0.00179519531,-1.58345397e-15,9.0,6.70119774,-0.00239987647,0.655306247,1.79966869,8.99999919,6.79303919,0.549064389,3.3721346e-15
0.00179619531,6.15819644e-15,9.0,6.683636,-0.00239542824,0.655315144,1.79909006,8.99999919,6.77927996,0.547827623,3.36579952e-15
0.00179719531,-4.80113574e-16,9.0,6.66584801,-0.00239088544,0.655324229,1.79849105,8.99999919,6.76528443,0.546571972,3.35933011e-15
0.00179819531,-1.31117322e-15,9.0,6.64783419,-0.00238624825,0.655333504,1.79787166,8.99999919,6.75105291,0.545297464,3.35272662e-15
0.00179919531,6.27029728e-15,9.0,6.629595,-0.00238151686,0.655342966,1.79723191,8.99999919,6.73658572,0.544004129,3.34598934e-15
0.00180019531,-5.99973725e-16,9.0,6.61113088,-0.00237669145,0.655352617,1.79657179,8.99999919,6.72188317,0.542691999,3.33911857e-15
0.00180119531,-1.03307119e-15,9.0,6.5924423,-0.00237177221,0.655362456,1.79589133,8.99999919,6.7069456,0.541361102,3.33211459e-15
0.00180219531,6.37085325e-15,9.0,6.57352971,-0.00236675934,0.655372481,1.79519052,8.99999919,6.69177334,0.540011471,3.3249777e-15
0.00180319531,-7.1553436e-16,9.0,6.55439357,-0.00236165303,0.655382694,1.79446938,8.99999919,6.67636673,0.538643136,3.31770821e-15
0.00180419531,-7.49618241e-16,9.0,6.53503436,-0.00235645349,0.655393093,1.79372791,8.99999919,6.66072611,0.537256129,3.31030643e-15
0.00180519531,6.45980164e-15,9.0,6.51545256,-0.00235116091,0.655403678,1.79296613,8.99999919,6.64485183,0.535850484,3.30277267e-15
0.00180619531,-8.26361909e-16,9.0,6.49564863,-0.00234577552,0.655414449,1.79218405,8.99999919,6.62874423,0.534426231,3.29510726e-15
0.00180719531,-4.6129813e-16,9.0,6.47562306,-0.00234029753,0.655425405,1.79138166,8.99999919,6.61240369,0.532983405,3.28731052e-15
0.00180819531,6.53710532e-15,9.0,6.45537636,-0.00233472714,0.655436546,1.790559,8.99999919,6.59583056,0.531522039,3.27938279e-15
0.00180919531,-9.32034808e-16,9.0,6.434909,-0.00232906458,0.655447871,1.78971607,8.99999919,6.57902522,0.530042167,3.27132439e-15
0.00181019531,-1.68606937e-16,9.0,6.41422149,-0.00232331007,0.65545938,1.78885288,8.99999919,6.56198803,0.528543823,3.26313569e-15
0.00181119531,6.60275271e-15,9.0,6.39331433,-0.00231746384,0.655471072,1.78796944,8.99999919,6.54471938,0.527027042,3.25481702e-15
0.00181219531,-1.03214453e-15,9.0,6.37218804,-0.00231152613,0.655482948,1.78706577,8.99999919,6.52721965,0.525491859,3.24636874e-15
0.00181319531,1.27947998e-16,9.0,6.35084313,-0.00230549715,0.655495006,1.78614187,8.99999919,6.50948923,0.52393831,3.23779122e-15
0.00181419531,6.65675782e-15,9.0,6.32928012,-0.00229937716,0.655507246,1.78519778,8.99999919,6.49152853,0.52236643,3.2290848e-15
0.00181519531,-1.12629659e-15,9.0,6.30749953,-0.0022931664,0.655519667,1.78423349,8.99999919,6.47333793,0.520776257,3.22024988e-15
0.00181619531,4.27849183e-16,9.0,6.28550189,-0.0022868651,0.65553227,1.78324903,8.99999919,6.45491785,0.519167827,3.21128682e-15
0.00181719531,6.69916011e-15,9.0,6.26328774,-0.00228047353,0.655545053,1.7822444,8.99999919,6.43626871,0.517541177,3.202196e-15
0.00181819531,-1.2141115e-15,9.0,6.24085763,-0.00227399192,0.655558016,1.78121963,8.99999919,6.4173909,0.515896346,3.19297781e-15
0.00181919531,7.30570102e-16,9.0,6.21821209,-0.00226742054,0.655571159,1.78017474,8.99999919,6.39828487,0.514233372,3.18363265e-15
0.00182019531,6.73002434e-15,9.0,6.19535168,-0.00226075965,0.655584481,1.77910973,8.99999919,6.37895104,0.512552292,3.17416091e-15
0.00182119531,-1.29522571e-15,9.0,6.17227695,-0.00225400951,0.655597981,1.77802463,8.99999919,6.35938985,0.510853147,3.16456299e-15
0.00182219531,1.03557637e-15,9.0,6.14898847,-0.00224717038,0.655611659,1.77691945,8.99999919,6.33960172,0.509135976,3.15483931e-15
0.00182319531,6.74944039e-15,9.0,6.1254868,-0.00224024254,0.655625515,1.77579421,8.99999919,6.31958712,0.507400818,3.14499027e-15
0.00182419531,-1.3692925e-15,9.0,6.10177251,-0.00223322625,0.655639547,1.77464894,8.99999919,6.29934649,0.505647716,3.13501629e-15
0.00182519531,1.3423269e-15,9.0,6.07784619,-0.0022261218,0.655653756,1.77348365,8.99999919,6.27888029,0.503876708,3.12491781e-15
0.00182619531,6.75752298e-15,9.0,6.05370842,-0.00221892947,0.655668141,1.77229835,8.99999919,6.25818897,0.502087837,3.11469524e-15
0.00182719531,-1.43598283e-15,9.0,6.02935977,-0.00221164954,0.655682701,1.77109308,8.99999919,6.23727302,0.500281144,3.10434902e-15
0.00182819531,1.65027508e-15,9.0,6.00480086,-0.0022042823,0.655697435,1.76986785,8.99999919,6.2161329,0.498456672,3.09387959e-15
0.00182919531,6.75441133e-15,9.0,5.98003227,-0.00219682804,0.655712344,1.76862269,8.99999919,6.1947691,0.496614463,3.0832874e-15
0.00183019531,-1.49498617e-15,9.0,5.95505462,-0.00218928705,0.655727426,1.76735761,8.99999919,6.17318209,0.494754561,3.0725729e-15
0.00183119531,1.95887e-15,9.0,5.92986851,-0.00218165962,0.655742681,1.76607264,8.99999919,6.15137238,0.49287701,3.06173653e-15
0.00183219531,6.74026881e-15,9.0,5.90447455,-0.00217394608,0.655758108,1.76476779,8.99999919,6.12934046,0.490981853,3.05077876e-15
0.00183319531,-1.54601124e-15,9.0,5.87887338,-0.0021661467,0.655773707,1.76344311,8.99999919,6.10708683,0.489069135,3.03970005e-15
0.00183419531,2.26755762e-15,9.0,5.85306562,-0.00215826182,0.655789476,1.7620986,8.99999919,6.084612,0.4871389,3.02850088e-15
0.00183519531,6.7152825e-15,9.0,5.82705189,-0.00215029172,0.655805417,1.76073429,8.99999919,6.06191649,0.485191196,3.01718172e-15
0.00183619531,-1.58878677e-15,9.0,5.80083285,-0.00214223674,0.655821527,1.75935021,8.99999919,6.03900082,0.483226067,3.00574304e-15
0.00183719531,2.57578202e-15,9.0,5.77440912,-0.00213409719,0.655837806,1.75794639,8.99999919,6.01586552,0.481243561,2.99418534e-15
0.00183819531,6.6796627e-15,9.0,5.74778137,-0.00212587338,0.655854253,1.75652284,8.99999919,5.99251111,0.479243724,2.98250909e-15
0.00183919531,-1.62306216e-15,9.0,5.72095025,-0.00211756565,0.655870869,1.7550796,8.99999919,5.96893815,0.477226603,2.9707148e-15
0.00184019531,2.88298659e-15,9.0,5.69391641,-0.00210917432,0.655887651,1.7536167,8.99999919,5.94514718,0.475192247,2.95880297e-15
0.00184119531,6.63364238e-15,9.0,5.66668053,-0.00210069973,0.655904601,1.75213416,8.99999919,5.92113874,0.473140704,2.9467741e-15
0.00184219531,-1.64860811e-15,9.0,5.63924328,-0.0020921422,0.655921716,1.750632,8.99999919,5.8969134,0.471072022,2.93462869e-15
0.00184319531,3.18861531e-15,9.0,5.61160534,-0.00208350208,0.655938996,1.74911027,8.99999918,5.87247172,0.468986253,2.92236726e-15
0.00184419531,6.57747663e-15,9.0,5.58376738,-0.00207477971,0.655956441,1.74756898,8.99999918,5.84781427,0.466883444,2.90999034e-15
0.00184519531,-1.66521723e-15,9.0,5.55573011,-0.00206597542,0.655974049,1.74600817,8.99999918,5.82294163,0.464763648,2.89749843e-15
0.00184619531,3.4921139e-15,9.0,5.52749422,-0.00205708958,0.655991821,1.74442787,8.99999918,5.79785438,0.462626914,2.88489208e-15
0.00184719531,6.51144196e-15,9.0,5.49906041,-0.00204812253,0.656009755,1.74282811,8.99999918,5.77255312,0.460473294,2.87217181e-15
0.00184819531,-1.67270451e-15,9.0,5.47042939,-0.00203907461,0.656027851,1.74120892,8.99999918,5.74703843,0.45830284,2.85933815e-15
0.00184919531,3.79293109e-15,9.0,5.44160187,-0.0020299462,0.656046108,1.73957034,8.99999918,5.72131092,0.456115604,2.84639166e-15
0.00185019531,6.43583566e-15,9.0,5.41257857,-0.00202073766,0.656064525,1.73791239,8.99999918,5.69537119,0.45391164,2.83333288e-15
0.00185119531,-1.67090786e-15,9.0,5.38336023,-0.00201144933,0.656083101,1.73623511,8.99999918,5.66921987,0.451691001,2.82016235e-15
0.00185219531,4.09051983e-15,9.0,5.35394756,-0.0020020816,0.656101837,1.73453854,8.99999918,5.64285758,0.44945374,2.80688063e-15
0.00185319531,6.35097506e-15,9.0,5.32434132,-0.00199263483,0.65612073,1.73282271,8.99999918,5.61628494,0.447199913,2.79348829e-15
0.00185419531,-1.65968852e-15,9.0,5.29454224,-0.00198310939,0.656139781,1.73108765,8.99999918,5.58950259,0.444929575,2.77998589e-15
0.00185519531,4.38433848e-15,9.0,5.26455108,-0.00197350566,0.656158989,1.72933339,8.99999918,5.56251117,0.44264278,2.76637399e-15
0.00185619531,6.25719672e-15,9.0,5.23436858,-0.00196382403,0.656178352,1.72755999,8.99999918,5.53531133,0.440339585,2.75265317e-15
0.00185719531,-1.63893139e-15,9.0,5.20399553,-0.00195406486,0.65619787,1.72576747,8.99999918,5.50790372,0.438020046,2.73882401e-15
0.00185819531,4.67385201e-15,9.0,5.17343268,-0.00194422855,0.656217543,1.72395586,8.99999918,5.480289,0.435684221,2.72488709e-15
0.00185919531,6.15485561e-15,9.0,5.14268081,-0.00193431549,0.656237369,1.72212522,8.99999918,5.45246785,0.433332168,2.71084299e-15
0.00186019531,-1.6085454e-15,9.0,5.11174071,-0.00192432606,0.656257348,1.72027557,8.99999918,5.42444093,0.430963944,2.6966923e-15
0.00186119531,4.95853317e-15,9.0,5.08061316,-0.00191426066,0.656277479,1.71840696,8.99999918,5.39620894,0.428579608,2.68243563e-15
0.00186219531,6.04432428e-15,9.0,5.04929895,-0.00190411969,0.656297761,1.71651943,8.99999918,5.36777255,0.42617922,2.66807356e-15
0.00186319531,-1.56846374e-15,9.0,5.0177989,-0.00189390355,0.656318193,1.71461301,8.99999918,5.33913246,0.423762839,2.65360671e-15
0.00186419531,5.23786368e-15,9.0,4.9861138,-0.00188361265,0.656338775,1.71268776,8.99999918,5.31028938,0.421330525,2.63903568e-15
0.00186519531,5.92599193e-15,9.0,4.95424447,-0.00187324738,0.656359505,1.7107437,8.99999918,5.28124402,0.41888234,2.62436108e-15
0.00186619531,-1.51864406e-15,9.0,4.92219173,-0.00186280815,0.656380384,1.70878089,8.99999918,5.25199708,0.416418346,2.60958352e-15
0.00186719531,5.51133532e-15,9.0,4.8899564,-0.00185229539,0.656401409,1.70679936,8.99999918,5.2225493,0.413938603,2.59470363e-15
0.00186819531,5.80026345e-15,9.0,4.85753933,-0.0018417095,0.656422581,1.70479916,8.99999918,5.19290141,0.411443174,2.57972204e-15
0.00186919531,-1.45906864e-15,9.0,4.82494135,-0.00183105091,0.656443898,1.70278033,8.99999918,5.16305413,0.408932124,2.56463936e-15
0.00187019531,5.77845113e-15,9.0,4.79216331,-0.00182032003,0.65646536,1.70074293,8.99999918,5.13300822,0.406405515,2.54945623e-15
0.00187119531,5.66755847e-15,9.0,4.75920607,-0.00180951728,0.656486965,1.69868698,8.99999918,5.10276443,0.403863411,2.53417329e-15
0.00187219531,-1.38974445e-15,9.0,4.72607047,-0.0017986431,0.656508714,1.69661255,8.99999918,5.07232352,0.401305878,2.51879117e-15
0.00187319531,6.03872641e-15,9.0,4.69275739,-0.00178769791,0.656530604,1.69451968,8.99999918,5.04168624,0.398732981,2.50331052e-15
0.00187419531,5.52831034e-15,9.0,4.65926771,-0.00177668214,0.656552636,1.69240841,8.99999918,5.01085339,0.396144785,2.48773199e-15
0.00187519531,-1.3107032e-15,9.0,4.6256023,-0.00176559624,0.656574808,1.69027879,8.99999918,4.97982572,0.393541358,2.47205623e-15
0.00187619531,6.29168986e-15,9.0,4.59176205,-0.00175444063,0.656597119,1.68813088,8.99999918,4.94860404,0.390922766,2.45628389e-15
0.00187719531,5.38296508e-15,9.0,4.55774786,-0.00174321576,0.656619568,1.68596472,8.99999918,4.91718914,0.388289078,2.44041564e-15
0.00187819531,-1.22200129e-15,9.0,4.52356062,-0.00173192207,0.656642156,1.68378036,8.99999918,4.88558182,0.38564036,2.42445213e-15
0.00187919531,6.53688459e-15,9.0,4.48920124,-0.00172056001,0.65666488,1.68157785,8.99999918,4.85378288,0.382976683,2.40839404e-15
0.00188019531,5.23198032e-15,9.0,4.45467064,-0.00170913002,0.65668774,1.67935725,8.99999918,4.82179316,0.380298115,2.39224202e-15
0.00188119531,-1.12371976e-15,9.0,4.41996974,-0.00169763256,0.656710735,1.6771186,8.99999918,4.78961346,0.377604727,2.37599676e-15
0.00188219531,6.77386912e-15,9.0,4.38509946,-0.00168606808,0.656733864,1.67486197,8.99999918,4.75724463,0.37489659,2.35965894e-15
0.00188319531,5.0758242e-15,9.0,4.35006075,-0.00167443704,0.656757126,1.67258739,8.99999918,4.72468749,0.372173773,2.34322923e-15
0.00188419531,-1.01596411e-15,9.0,4.31485454,-0.00166273989,0.65678052,1.67029493,8.99999918,4.69194291,0.36943635,2.32670832e-15
0.00188519531,7.00221838e-15,9.0,4.27948179,-0.0016509771,0.656804046,1.66798465,8.99999918,4.65901173,0.366684393,2.3100969e-15
0.00188619531,4.91497426e-15,9.0,4.24394345,-0.00163914913,0.656827702,1.66565659,8.99999918,4.62589482,0.363917974,2.29339565e-15
0.00188719531,-8.98864133e-16,9.0,4.20824048,-0.00162725645,0.656851487,1.66331082,8.99999918,4.59259304,0.361137167,2.27660528e-15
0.00188819531,7.2215246e-15,9.0,4.17237386,-0.00161529953,0.656875401,1.66094739,8.99999918,4.55910727,0.358342046,2.25972649e-15
0.00188919531,4.74991627e-15,9.0,4.13634456,-0.00160327885,0.656899442,1.65856635,8.99999918,4.5254384,0.355532687,2.24275996e-15
0.00189019531,-7.72573638e-16,9.0,4.10015356,-0.00159119486,0.65692361,1.65616777,8.99999918,4.49158732,0.352709165,2.22570642e-15
0.00189119531,7.43139824e-15,9.0,4.06380187,-0.00157904806,0.656947904,1.65375171,8.99999918,4.45755493,0.349871555,2.20856656e-15
0.00189219531,4.58114312e-15,9.0,4.02729047,-0.00156683892,0.656972322,1.65131823,8.99999918,4.42334214,0.347019934,2.1913411e-15
0.00189319531,-6.37270143e-16,9.0,3.99062038,-0.00155456793,0.656996864,1.64886738,8.99999917,4.38894986,0.34415438,2.17403076e-15
0.00189419531,7.63146883e-15,9.0,3.9537926,-0.00154223556,0.657021529,1.64639922,8.99999917,4.35437902,0.34127497,2.15663625e-15
0.00189519531,4.40915361e-15,9.0,3.91680817,-0.00152984231,0.657046315,1.64391383,8.99999917,4.31963055,0.338381783,2.1391583e-15
0.00189619531,-4.93154508e-16,9.0,3.8796681,-0.00151738866,0.657071223,1.64141126,8.99999917,4.28470539,0.335474898,2.12159762e-15
0.00189719531,7.82138579e-15,9.0,3.84237344,-0.00150487511,0.65709625,1.63889157,8.99999917,4.24960449,0.332554394,2.10395495e-15
0.00189819531,4.23445127e-15,9.0,3.80492522,-0.00149230215,0.657121396,1.63635484,8.99999917,4.2143288,0.329620353,2.08623102e-15
0.00189919531,-3.40450511e-16,9.0,3.7673245,-0.00147967027,0.657146659,1.63380112,8.99999917,4.17887929,0.326672855,2.06842656e-15
0.00190019531,8.00081919e-15,9.0,3.72957233,-0.00146697998,0.65717204,1.63123047,8.99999917,4.14325692,0.323711981,2.0505423e-15
0.00190119531,4.05754318e-15,9.0,3.69166978,-0.00145423178,0.657197536,1.62864298,8.99999917,4.10746268,0.320737815,2.032579e-15
0.00190219531,-1.79404371e-16,9.0,3.65361793,-0.00144142617,0.657223148,1.62603869,8.99999917,4.07149756,0.317750438,2.01453739e-15
0.00190319531,8.16946047e-15,9.0,3.61541784,-0.00142856365,0.657248873,1.62341769,8.99999917,4.03536254,0.314749935,1.99641821e-15
0.00190419531,3.87893876e-15,9.0,3.57707062,-0.00141564473,0.657274711,1.62078004,8.99999917,3.99905863,0.311736389,1.97822222e-15
0.00190519531,-1.02842241e-17,9.0,3.53857735,-0.00140266993,0.65730066,1.6181258,8.99999917,3.96258685,0.308709885,1.95995016e-15
0.00190619531,8.32702313e-15,9.0,3.49993913,-0.00138963975,0.657326721,1.61545505,8.99999917,3.92594822,0.305670509,1.94160279e-15
0.00190719531,3.69914855e-15,9.0,3.46115709,-0.00137655471,0.657352891,1.61276786,8.99999917,3.88914376,0.302618347,1.92318088e-15
0.00190819531,1.66620465e-16,9.0,3.42223232,-0.00136341533,0.657379169,1.6100643,8.99999917,3.8521745,0.299553485,1.90468517e-15
0.00190919531,8.47324333e-15,9.0,3.38316597,-0.00135022212,0.657405556,1.60734445,8.99999917,3.8150415,0.296476011,1.88611642e-15
0.00191019531,3.51868303e-15,9.0,3.34395916,-0.0013369756,0.657432049,1.60460837,8.99999917,3.7777458,0.293386014,1.86747542e-15
0.00191119531,3.50999528e-16,9.0,3.30461303,-0.00132367631,0.657458647,1.60185614,8.99999917,3.74028847,0.29028358,1.84876291e-15
0.00191219531,8.60788046e-15,9.0,3.26512873,-0.00131032476,0.65748535,1.59908783,8.99999917,3.70267057,0.287168801,1.82997968e-15
0.00191319531,3.33805139e-15,9.0,3.22550741,-0.00129692148,0.657512157,1.59630352,8.99999917,3.66489319,0.284041766,1.8111265e-15
0.00191419531,5.42522773e-16,9.0,3.18575024,-0.001283467,0.657539066,1.59350329,8.99999917,3.6269574,0.280902565,1.79220413e-15
0.00191519531,8.73071769e-15,9.0,3.1458584,-0.00126996185,0.657566076,1.5906872,8.99999917,3.58886431,0.27775129,1.77321336e-15
0.00191619531,3.15776032e-15,9.0,3.10583305,-0.00125640656,0.657593187,1.58785535,8.99999917,3.55061501,0.274588033,1.75415498e-15
0.00191719531,7.40840712e-16,9.0,3.06567539,-0.00124280168,0.657620397,1.5850078,8.99999917,3.51221062,0.271412887,1.73502975e-15
0.00191819531,8.84156241e-15,9.0,3.0253866,-0.00122914773,0.657647705,1.58214464,8.99999917,3.47365225,0.268225944,1.71583847e-15
0.00191919531,2.97831284e-15,9.0,2.9849679,-0.00121544525,0.657675109,1.57926595,8.99999917,3.43494103,0.265027298,1.69658193e-15
0.00192019531,9.45585332e-16,9.0,2.94442049,-0.00120169479,0.65770261,1.5763718,8.99999917,3.3960781,0.261817045,1.67726091e-15
0.00192119531,8.94024663e-15,9.0,2.90374558,-0.0011878969,0.657730206,1.57346229,8.99999917,3.35706461,0.25859528,1.6578762e-15
0.00192219531,2.8002071e-15,9.0,2.8629444,-0.0011740521,0.657757896,1.57053748,8.99999917,3.3179017,0.255362097,1.63842861e-15
0.00192319531,1.15637091e-15,9.0,2.82201819,-0.00116016095,0.657785678,1.56759746,8.99999917,3.27859053,0.252117595,1.61891892e-15
0.00192419531,9.02662739e-15,9.0,2.78096819,-0.00114622401,0.657813552,1.56464233,8.99999917,3.23913229,0.24886187,1.59934794e-15
0.00192519531,2.62393521e-15,9.0,2.73979564,-0.00113224181,0.657841516,1.56167215,8.99999917,3.19952813,0.24559502,1.57971646e-15
0.00192619531,1.37279487e-15,9.0,2.6985018,-0.00111821492,0.65786957,1.55868702,8.99999917,3.15977926,0.242317144,1.5600253e-15
0.00192719531,9.100587e-15,9.0,2.65708793,-0.00110414387,0.657897712,1.55568703,8.99999917,3.11988687,0.239028341,1.54027524e-15
0.00192819531,2.44998207e-15,9.0,2.61555531,-0.00109002924,0.657925942,1.55267225,8.99999917,3.07985216,0.235728712,1.52046711e-15
0.00192919531,1.59443869e-15,9.0,2.57390522,-0.00107587158,0.657954257,1.54964278,8.99999916,3.03967634,0.232418355,1.50060171e-15
0.00193019531,9.16203331e-15,9.0,2.53213894,-0.00106167144,0.657982657,1.54659871,8.99999916,2.99936064,0.229097374,1.48067984e-15
0.00193119531,2.27882424e-15,9.0,2.49025776,-0.00104742939,0.658011141,1.54354012,8.99999916,2.95890629,0.225765869,1.46070233e-15
0.00193219531,1.8208688e-15,9.0,2.448263,-0.00103314599,0.658039708,1.54046711,8.99999916,2.91831452,0.222423945,1.44066999e-15
0.00193319531,9.2108999e-15,9.0,2.40615596,-0.00101882181,0.658068356,1.53737977,8.99999916,2.87758657,0.219071703,1.42058363e-15
0.00193419531,2.1109288e-15,9.0,2.36393797,-0.0010044574,0.658097085,1.53427818,8.99999916,2.83672372,0.215709247,1.40044408e-15
0.00193519531,2.05163762e-15,9.0,2.32161034,-0.000990053334,0.658125893,1.53116245,8.99999916,2.79572721,0.212336684,1.38025215e-15
0.00193619531,9.24714619e-15,9.0,2.27917441,-0.000975610185,0.65815478,1.52803265,8.99999916,2.75459833,0.208954117,1.36000866e-15
0.00193719531,1.94675229e-15,9.0,2.23663154,-0.000961128521,0.658183743,1.5248889,8.99999916,2.71333835,0.205561653,1.33971444e-15
0.00193819531,2.2862845e-15,9.0,2.19398305,-0.000946608913,0.658212782,1.52173128,8.99999916,2.67194856,0.202159399,1.31937031e-15
0.00193919531,9.27075753e-15,9.0,2.15123033,-0.000932051935,0.658241896,1.51855988,8.99999916,2.63043027,0.198747461,1.2989771e-15
0.00194019531,1.78673959e-15,9.0,2.10837472,-0.000917458161,0.658271084,1.51537482,8.99999916,2.58878478,0.195325949,1.27853564e-15
0.00194119531,2.52433678e-15,9.0,2.06541761,-0.000902828167,0.658300344,1.51217617,8.99999916,2.54701341,0.191894971,1.25804676e-15
0.00194219531,9.28174518e-15,9.0,2.02236038,-0.000888162531,0.658329675,1.50896404,8.99999916,2.50511748,0.188454636,1.23751129e-15
0.00194319531,1.63132291e-15,9.0,1.97920441,-0.000873461832,0.658359076,1.50573854,8.99999916,2.46309832,0.185005054,1.21693006e-15
0.00194419531,2.76531085e-15,9.0,1.93595111,-0.00085872665,0.658388547,1.50249975,8.99999916,2.42095728,0.181546336,1.19630391e-15
0.00194519531,9.28014631e-15,9.0,1.89260188,-0.000843957567,0.658418085,1.49924778,8.99999916,2.3786957,0.178078594,1.17563367e-15
0.00194619531,1.48092076e-15,9.0,1.84915813,-0.000829155166,0.65844769,1.49598274,8.99999916,2.33631496,0.174601939,1.15492018e-15
0.00194719531,3.00871325e-15,9.0,1.80562129,-0.000814320032,0.65847736,1.49270472,8.99999916,2.2938164,0.171116485,1.13416427e-15
0.00194819531,9.26602384e-15,9.0,1.76199278,-0.000799452749,0.658507095,1.48941382,8.99999916,2.25120142,0.167622346,1.1133668e-15
0.00194919531,1.33593698e-15,9.0,1.71827405,-0.000784553906,0.658536892,1.48611015,8.99999916,2.2084714,0.164119634,1.09252859e-15
0.00195019531,3.2540418e-15,9.0,1.67446653,-0.00076962409,0.658566752,1.48279382,8.99999916,2.16562773,0.160608465,1.0716505e-15
0.00195119531,9.23946632e-15,9.0,1.63057168,-0.00075466389,0.658596672,1.47946493,8.99999916,2.12267181,0.157088955,1.05073335e-15
0.00195219531,1.19675976e-15,9.0,1.58659096,-0.000739673897,0.658626652,1.47612358,8.99999916,2.07960505,0.15356122,1.02977801e-15
0.00195319531,3.50078666e-15,9.0,1.54252583,-0.000724654703,0.658656691,1.47276989,8.99999916,2.03642888,0.150025377,1.00878531e-15
0.00195419531,9.20058767e-15,9.0,1.49837779,-0.000709606902,0.658686786,1.46940396,8.99999916,1.99314473,0.146481542,9.87756105e-16
0.00195519531,1.06376078e-15,9.0,1.4541483,-0.000694531086,0.658716938,1.4660259,8.99999916,1.94975402,0.142929835,9.66691237e-16
0.00195619531,3.74843159e-15,9.0,1.40983885,-0.000679427851,0.658747144,1.46263582,8.99999916,1.90625822,0.139370375,9.45591557e-16
0.00195719531,9.14952693e-15,9.0,1.36545096,-0.000664297794,0.658777404,1.45923383,8.99999916,1.86265876,0.135803281,9.24457915e-16
0.00195819531,9.37294297e-16,9.0,1.32098613,-0.000649141511,0.658807717,1.45582004,8.99999916,1.81895712,0.132228672,9.03291161e-16
0.00195919531,3.99645503e-15,9.0,1.27644587,-0.000633959601,0.658838081,1.45239457,8.99999916,1.77515476,0.128646671,8.82092147e-16
0.00196019531,9.08644793e-15,9.0,1.2318317,-0.000618752664,0.658868495,1.44895752,8.99999915,1.73125317,0.125057399,8.60861726e-16
0.00196119531,8.17696338e-16,9.0,1.18714515,-0.000603521299,0.658898957,1.44550901,8.99999915,1.68725384,0.121460978,8.39600751e-16
0.00196219531,4.24433134e-15,9.0,1.14238777,-0.000588266108,0.658929468,1.44204915,8.99999915,1.64315825,0.11785753,8.18310076e-16
0.00196319531,9.01153886e-15,9.0,1.09756109,-0.000572987694,0.658960025,1.43857806,8.99999915,1.59896793,0.114247181,7.96990556e-16
0.00196419531,7.05283904e-16,9.0,1.05266668,-0.000557686659,0.658990627,1.43509586,8.99999915,1.55468437,0.110630053,7.75643047e-16
0.00196519531,4.49153198e-15,9.0,1.00770609,-0.000542363608,0.659021273,1.43160266,8.99999915,1.51030912,0.107006271,7.54268404e-16
0.00196619531,8.92501186e-15,9.0,0.962680892,-0.000527019144,0.659051962,1.42809858,8.99999915,1.46584369,0.103375962,7.32867485e-16
0.00196719531,6.00354232e-16,9.0,0.91759266,-0.000511653876,0.659082692,1.42458374,8.99999915,1.42128962,0.0997392518,7.11441148e-16
0.00196819531,4.73752668e-15,9.0,0.872442979,-0.000496268407,0.659113463,1.42105826,8.99999915,1.37664848,0.0960962669,6.8999025e-16
0.00196919531,8.82650049e-15,9.0,0.827211408,-0.000480863348,0.659144273,1.41752046,8.99999915,1.33189976,0.0924453445,6.6851565e-16
0.00197019531,5.03199559e-16,9.0,0.781942226,-0.000465439304,0.659175121,1.41397394,8.99999915,1.28708772,0.0887900808,6.47018208e-16
0.00197119531,4.98297283e-15,9.0,0.736641149,-0.000449996886,0.659206006,1.41041915,8.99999915,1.24221806,0.085130939,6.25498783e-16
0.00197219531,8.71743607e-15,9.0,0.691261824,-0.000434536702,0.659236927,1.40685232,8.99999915,1.19724439,0.0814641516,6.03958235e-16
0.00197319531,4.13491676e-16,9.0,0.645828756,-0.000419059364,0.659267881,1.40327543,8.99999915,1.15219118,0.0777917076,5.82397425e-16
0.00197419531,5.22496149e-15,9.0,0.600344204,-0.000403565482,0.659298869,1.39968865,8.99999915,1.10706065,0.0741137891,5.60817214e-16
0.00197519531,8.59751221e-15,9.0,0.554809211,-0.000388055668,0.659329889,1.39609207,8.99999915,1.06185383,0.0704304793,5.39218462e-16
0.00197619531,3.32637342e-16,9.0,0.509225976,-0.000372530534,0.659360939,1.39248585,8.99999915,1.01657288,0.0667419556,5.17602032e-16
0.00197719531,5.46415259e-15,9.0,0.463595627,-0.000356990693,0.659392019,1.38887008,8.99999915,0.971218898,0.0630483083,4.95968785e-16
0.00197819531,8.46704914e-15,9.0,0.417920312,-0.000341436759,0.659423126,1.38524492,8.99999915,0.925794014,0.0593497105,4.74319584e-16
0.00197919531,2.60245019e-16,9.0,0.372201235,-0.000325869346,0.659454261,1.38161046,8.99999915,0.880299404,0.0556462588,4.5265529e-16
0.00198019531,5.70002114e-15,9.0,0.326440502,-0.000310289068,0.659485422,1.37796688,8.99999915,0.834737148,0.0519381231,4.30976765e-16
0.00198119531,8.32637026e-15,9.0,0.280639384,-0.00029469654,0.659516607,1.37431426,8.99999915,0.789108496,0.0482254055,4.09284873e-16
0.00198219531,1.96503559e-16,9.0,0.234799949,-0.000279092378,0.659547815,1.37065277,8.99999915,0.743415493,0.044508273,3.87580476e-16
0.00198319531,5.93204652e-15,9.0,0.188923533,-0.000263477198,0.659579046,1.3669825,8.99999915,0.697659452,0.040786833,3.65864437e-16
0.00198419531,8.17581915e-15,9.0,0.143012172,-0.000247851616,0.659610297,1.36330363,8.99999915,0.651842391,0.0370612499,3.44137617e-16
0.00198519531,1.4157863e-16,9.0,0.0970672576,-0.00023221625,0.659641567,1.35961625,8.99999915,0.605965682,0.0333316359,3.22400881e-16
0.00198619531,6.15971359e-15,9.0,0.0510908005,-0.000216571716,0.659672857,1.35592053,8.99999915,0.560031315,0.0295981533,3.0065509e-16
0.00198719531,8.01514389e-15,9.0,0.00506121553,-0.000200918632,0.659704163,1.35221469,8.99999915,0.514017682,0.0258590471,2.78901107e-16
0.00198819531,9.62441363e-17,9.0,-0.0409518182,-0.000185257616,0.659735485,1.34850441,8.99999914,0.467994452,0.0221199783,2.57139795e-16
0.00198919531,6.38309447e-15,9.0,-0.0870103587,-0.000169589287,0.659766821,1.34478464,8.99999914,0.421899559,0.0183759042,2.35372015e-16
0.00199019531,7.84534226e-15,9.0,-0.133098878,-0.000153914263,0.659798171,1.34105662,8.99999914,0.375748509,0.0146280855,2.1359863e-16
0.00199119531,5.94044946e-17,9.0,-0.179205512,-0.000138233162,0.659829534,1.33732132,8.99999914,0.329553151,0.0108774853,1.91820501e-16
0.00199219531,6.60047495e-15,9.0,-0.225337999,-0.000122546604,0.659860907,1.33357811,8.99999914,0.283305738,0.00712347442,1.70038491e-16
0.00199319531,7.66742968e-15,9.0,-0.271485672,-0.000106855208,0.65989229,1.32982785,8.99999914,0.237016921,0.00336691878,1.4825346e-16
0.00199419531,3.11185365e-17,9.0,-0.317678379,-9.11595936e-05,0.659923681,1.32606811,8.99999914,0.190656838,-0.000394607461,1.2646627e-16
0.00199519531,6.81262798e-15,9.0,-0.363838142,-7.54603804e-05,0.659955079,1.32230522,8.99999914,0.144303463,-0.00415476881,1.04677781e-16
0.00199619531,7.48178839e-15,9.0,-0.410034684,-5.97581882e-05,0.659986484,1.31853351,8.99999914,0.0978870708,-0.00791923032,8.28888535e-17
0.00199719531,1.20727895e-17,9.0,-0.456245693,-4.40536368e-05,0.660017893,1.3147548,8.99999914,0.0514299589,-0.01168618,6.1100347e-17
0.00199819531,7.01724216e-15,9.0,-0.502488695,-2.83473462e-05,0.660049305,1.31096765,8.99999914,0.00491458899,-0.0154570423,3.93131212e-17
0.00199919531,7.28826683e-15,9.0,-0.548697042,-1.26399366e-05,0.66008072,1.30717748,8.99999914,-0.0415923899,-0.019226402,1.75280349e-17
0.00200019531,3.50981682e-18,9.0,-0.594929765,3.06797204e-06,0.660112136,1.30337949,8.99999914,-0.088150007,-0.0229990555,-4.2540536e-18
0.00200119531,7.21504492e-15,9.0,-0.641174732,1.87757596e-05,0.660143552,1.29957467,8.99999914,-0.13474614,-0.0267740174,-2.60322864e-17
0.00200219531,7.08673021e-15,9.0,-0.687416424,3.44828059e-05,0.660174966,1.29576426,8.99999914,-0.181365273,-0.0305500269,-4.78058063e-17
0.00200319531,3.6205336e-18,9.0,-0.733665864,5.01884908e-05,0.660206377,1.29194738,8.99999914,-0.228018429,-0.0343279797,-6.95737567e-17
0.00200419531,7.40619484e-15,9.0,-0.779909177,6.58921944e-05,0.660237784,1.28812515,8.99999914,-0.274691735,-0.0381067485,-9.13352816e-17
0.00200519531,6.87821934e-15,9.0,-0.826155816,8.15932967e-05,0.660269187,1.2842968,8.99999914,-0.321394643,-0.0418871014,-1.13089526e-16
0.00200619531,1.30325503e-17,9.0,-0.872393359,9.72911779e-05,0.660300582,1.28046334,8.99999914,-0.368114728,-0.0456680288,-1.34835635e-16
0.00200719531,7.5896326e-15,9.0,-0.918629873,0.000112985218,0.66033197,1.27662411,8.99999914,-0.414860056,-0.0494501863,-1.56572755e-16
0.00200819531,6.66320718e-15,9.0,-0.964854213,0.000128674798,0.66036335,1.27278002,8.99999914,-0.461619476,-0.053232668,-1.78300032e-16
0.00200919531,3.17169139e-17,9.0,-1.01107323,0.000144359298,0.660394719,1.26893051,8.99999914,-0.508399834,-0.0570160301,-2.00016616e-16
0.00201019531,7.76492822e-15,9.0,-1.05727689,0.000160038099,0.660426076,1.26507639,8.99999914,-0.555191098,-0.0607994578,-2.21721654e-16
0.00201119531,6.4421783e-15,9.0,-1.10347098,0.000175710582,0.660457421,1.2612172,8.99999914,-0.601999037,-0.06458342,-2.43414296e-16
0.00201219531,5.9620059e-17,9.0,-1.14964646,0.000191376128,0.660488752,1.25735367,8.99999914,-0.648814603,-0.068367182,-2.65093692e-16
0.00201319531,7.93166714e-15,9.0,-1.19580815,0.000207034119,0.660520068,1.25348541,8.99999914,-0.695642618,-0.0721511356,-2.86758994e-16
0.00201419531,6.2156278e-15,9.0,-1.24194789,0.000222683936,0.660551368,1.24961307,8.99999914,-0.742474898,-0.0759346164,-3.08409354e-16
0.00201519531,9.66639368e-17,9.0,-1.28806966,0.000238324962,0.66058265,1.24573635,8.99999913,-0.78931543,-0.0797179485,-3.30043926e-16
0.00201619531,8.08945115e-15,9.0,-1.33416607,0.00025395658,0.660613913,1.24185584,8.99999913,-0.836156789,-0.0835005291,-3.51661864e-16
0.00201719531,5.98406019e-15,9.0,-1.38024037,0.000269578172,0.660645156,1.23797127,8.99999913,-0.883002226,-0.0872826228,-3.73262323e-16
0.00201819531,1.42746202e-16,9.0,-1.42628582,0.000285189121,0.660676378,1.23408321,8.99999913,-0.929844982,-0.0910636808,-3.9484446e-16
0.00201919531,8.23789937e-15,9.0,-1.47230503,0.000300788812,0.660707578,1.23019143,8.99999913,-0.97668766,-0.0948439152,-4.16407433e-16
0.00202019531,5.74798821e-15,9.0,-1.51829186,0.000316376628,0.660738753,1.22629644,8.99999913,-1.02352409,-0.0986228248,-4.379504e-16
0.00202119531,1.97740457e-16,9.0,-1.56424834,0.000331951954,0.660769904,1.22239808,8.99999913,-1.07035629,-0.102400575,-4.59472523e-16
0.00202219531,8.37664904e-15,9.0,-1.61016884,0.000347514175,0.660801028,1.2184968,8.99999913,-1.11717862,-0.106176707,-4.80972961e-16
0.00202319531,5.50793168e-15,9.0,-1.65605491,0.000363062677,0.660832125,1.21459248,8.99999913,-1.16399259,-0.109951346,-5.02450878e-16
0.00202419531,2.6149655e-16,9.0,-1.70190136,0.000378596846,0.660863194,1.21068556,8.99999913,-1.210793,-0.113724068,-5.23905438e-16
0.00202519531,8.50535647e-15,9.0,-1.74770929,0.000394116068,0.660894232,1.20677593,8.99999913,-1.25758094,-0.117494962,-5.45335805e-16
0.00202619531,5.26441631e-15,9.0,-1.79347391,0.000409619732,0.660925239,1.202864,8.99999913,-1.30435157,-0.121263638,-5.66741147e-16
0.00202719531,3.33840934e-16,9.0,-1.83919594,0.000425107224,0.660956214,1.19894971,8.99999913,-1.35110561,-0.125030154,-5.88120631e-16
0.00202819531,8.62369776e-15,9.0,-1.88487093,0.000440577934,0.660987156,1.19503342,8.99999913,-1.39783858,-0.128794146,-6.09473426e-16
0.00202919531,5.0179725e-15,9.0,-1.93049927,0.00045603125,0.661018063,1.19111511,8.99999913,-1.44455083,-0.132555644,-6.30798704e-16
0.00203019531,4.14577073e-16,9.0,-1.97607681,0.000471466563,0.661048933,1.18719512,8.99999913,-1.49123819,-0.13631431,-6.52095637e-16
0.00203119531,8.73136959e-15,9.0,-2.02160363,0.000486883264,0.661079767,1.18327345,8.99999913,-1.53790072,-0.140070149,-6.73363398e-16
0.00203219531,4.76913416e-15,9.0,-2.06707585,0.000502280743,0.661110561,1.17935042,8.99999913,-1.58453449,-0.143822845,-6.94601163e-16
0.00203319531,5.03485911e-16,9.0,-2.11249329,0.000517658393,0.661141317,1.17542605,8.99999913,-1.63113931,-0.147572381,-7.15808108e-16
0.00203419531,8.82808993e-15,9.0,-2.15785231,0.000533015607,0.661172031,1.17150064,8.99999913,-1.67771149,-0.151318459,-7.36983412e-16
0.00203519531,4.51843744e-15,9.0,-2.20315248,0.000548351778,0.661202704,1.16757422,8.99999913,-1.72425059,-0.155061045,-7.58126256e-16
0.00203619531,6.0032639e-16,9.0,-2.24839038,0.000563666301,0.661233333,1.1636471,8.99999913,-1.77075313,-0.158799856,-7.7923582e-16
0.00203719531,8.9135987e-15,9.0,-2.29356537,0.000578958572,0.661263917,1.15971931,8.99999913,-1.81721845,-0.162534841,-8.00311289e-16
0.00203819531,4.26641957e-15,9.0,-2.3386742,0.000594227986,0.661294456,1.15579114,8.99999913,-1.86364326,-0.166265732,-8.21351847e-16
0.00203919531,7.04836013e-16,9.0,-2.38371608,0.000609473941,0.661324948,1.15186265,8.99999913,-1.91002673,-0.169992464,-8.42356681e-16
0.00204019531,8.98765837e-15,9.0,-2.42868789,0.000624695836,0.661355392,1.14793411,8.99999912,-1.95636569,-0.173714781,-8.6332498e-16
0.00204119531,4.01361763e-15,9.0,-2.47358867,0.000639893068,0.661385786,1.1440056,8.99999912,-2.00265917,-0.177432605,-8.84255934e-16
0.00204219531,8.1673147e-16,9.0,-2.51841547,0.000655065038,0.66141613,1.14007736,8.99999912,-2.04890415,-0.181145691,-9.05148737e-16
0.00204319531,9.05005456e-15,9.0,-2.56316718,0.000670211148,0.661446422,1.13614951,8.99999912,-2.0950995,-0.184853949,-9.2600258e-16
0.00204419531,3.76056729e-15,9.0,-2.60784096,0.000685330799,0.661476662,1.13222226,8.99999912,-2.14124231,-0.188557145,-9.46816662e-16
0.00204519531,9.35709306e-16,9.0,-2.65243559,0.000700423394,0.661506847,1.12829574,8.99999912,-2.18733134,-0.192255179,-9.67590179e-16
0.00204619531,9.1005965e-15,9.0,-2.69694833,0.000715488338,0.661536977,1.12437018,8.99999912,-2.23336378,-0.195947824,-9.88322332e-16
0.00204719531,3.50780165e-15,9.0,-2.74137785,0.000730525035,0.66156705,1.12044568,8.99999912,-2.27933829,-0.199634972,-1.00901232e-15
0.00204819531,1.06144663e-15,9.0,-2.7857215,0.000745532892,0.661597066,1.11652248,8.99999912,-2.32525213,-0.203316403,-1.02965935e-15
0.00204919531,9.13911753e-15,9.0,-2.82997787,0.000760511317,0.661627023,1.11260069,8.99999912,-2.37110387,-0.206992002,-1.05026263e-15
0.00205019531,3.25585001e-15,9.0,-2.87414437,0.000775459719,0.661656919,1.10868055,8.99999912,-2.41689087,-0.210661555,-1.07082136e-15
0.00205119531,1.19360189e-15,9.0,-2.91821953,0.000790377506,0.661686755,1.10476217,8.99999912,-2.46261158,-0.214324939,-1.09133476e-15
0.00205219531,9.16547548e-15,9.0,-2.96220082,0.000805264091,0.661716528,1.10084578,8.99999912,-2.50826345,-0.217981948,-1.11180204e-15
0.00205319531,3.00523669e-15,9.0,-3.00608669,0.000820118886,0.661746238,1.09693151,8.99999912,-2.55384486,-0.221632452,-1.1322224e-15
0.00205419531,1.33181567e-15,9.0,-3.04987469,0.000834941303,0.661775883,1.09301956,8.99999912,-2.5993533,-0.225276249,-1.15259508e-15
0.00205519531,9.17955302e-15,9.0,-3.0935632,0.000849730759,0.661805462,1.08911009,8.99999912,-2.6447871,-0.228913205,-1.17291927e-15
0.00205619531,2.75647981e-15,9.0,-3.13714981,0.000864486668,0.661834973,1.0852033,8.99999912,-2.6901438,-0.232543121,-1.19319422e-15
0.00205719531,1.47571153e-15,9.0,-3.18063286,0.000879208449,0.661864417,1.08129934,8.99999912,-2.73542167,-0.23616586,-1.21341914e-15
0.00205819531,9.18125796e-15,9.0,-3.22400998,0.000893895521,0.661893791,1.0773984,8.99999912,-2.7806183,-0.239781227,-1.23359325e-15
0.00205919531,2.51009017e-15,9.0,-3.26727947,0.000908547303,0.661923095,1.07350065,8.99999912,-2.8257319,-0.243389078,-1.25371578e-15
0.00206019531,1.6248969e-15,9.0,-3.310439,0.000923163217,0.661952326,1.06960628,8.99999912,-2.87076011,-0.246989224,-1.27378597e-15
0.00206119531,9.17052348e-15,9.0,-3.35348683,0.000937742686,0.661981485,1.06571544,8.99999912,-2.91570109,-0.250581518,-1.29380304e-15
0.00206219531,2.26657006e-15,9.0,-3.39642067,0.000952285135,0.66201057,1.06182834,8.99999912,-2.96055252,-0.254165772,-1.31376624e-15
0.00206319531,1.77896403e-15,9.0,-3.43923872,0.000966789989,0.66203958,1.05794513,8.99999912,-3.00531252,-0.257741836,-1.33367478e-15
0.00206419531,9.14730831e-15,9.0,-3.48193875,0.000981256676,0.662068513,1.05406601,8.99999912,-3.04997879,-0.261309525,-1.35352793e-15
0.00206519531,2.02641215e-15,9.0,-3.52451892,0.000995684624,0.662097369,1.05019114,8.99999912,-3.09454944,-0.264868688,-1.37332491e-15
0.00206619531,1.93749092e-15,9.0,-3.56697703,0.00101007326,0.662126147,1.04632072,8.99999911,-3.13902217,-0.268419141,-1.39306498e-15
0.00206719531,9.11159684e-15,9.0,-3.60931122,0.00102442203,0.662154844,1.0424549,8.99999911,-3.18339508,-0.27196073,-1.41274737e-15
0.00206819531,1.79009837e-15,9.0,-3.6515193,0.00103873035,0.662183461,1.03859388,8.99999911,-3.2276659,-0.275493273,-1.43237135e-15
0.00206919531,2.1000423e-15,9.0,-3.6935994,0.00105299767,0.662211995,1.03473783,8.99999911,-3.27183268,-0.279016615,-1.45193615e-15
0.00207019531,9.06339921e-15,9.0,-3.73554935,0.00106722341,0.662240447,1.03088695,8.99999911,-3.31589318,-0.282530576,-1.47144105e-15
0.00207119531,1.55809887e-15,9.0,-3.77736726,0.00108140702,0.662268814,1.02704138,8.99999911,-3.35984544,-0.286034999,-1.49088528e-15
0.00207219531,2.26617074e-15,9.0,-3.81905099,0.00109554794,0.662297096,1.02320134,8.99999911,-3.40368724,-0.289529705,-1.51026812e-15
0.00207319531,9.00275127e-15,9.0,-3.86059862,0.00110964561,0.662325291,1.01936698,8.99999911,-3.44741659,-0.293014537,-1.52958882e-15
0.00207419531,1.33087091e-15,9.0,-3.90200803,0.00112369948,0.662353399,1.0155385,8.99999911,-3.49103129,-0.296489316,-1.54884665e-15
0.00207519531,2.43541758e-15,9.0,-3.9432773,0.00113770898,0.662381418,1.01171607,8.99999911,-3.53452934,-0.299953883,-1.56804088e-15
0.00207619531,8.92971458e-15,9.0,-3.98440433,0.00115167356,0.662409347,1.00789987,8.99999911,-3.57790854,-0.303408062,-1.58717078e-15
0.00207719531,1.10885787e-15,9.0,-4.02538717,0.00116559268,0.662437185,1.00409008,8.99999911,-3.6211669,-0.306851694,-1.60623562e-15
0.00207819531,2.60731415e-15,9.0,-4.06622374,0.00117946579,0.662464932,1.00028689,8.99999911,-3.66430222,-0.310284603,-1.62523468e-15
0.00207919531,8.84437623e-15,9.0,-4.1069121,0.00119329233,0.662492585,0.996490471,8.99999911,-3.70731249,-0.313706628,-1.64416724e-15
0.00208019531,8.92488255e-16,9.0,-4.14745017,0.00120707176,0.662520144,0.992701009,8.99999911,-3.75019555,-0.317117596,-1.66303257e-15
0.00208119531,2.78138277e-15,9.0,-4.18783601,0.00122080354,0.662547607,0.98891868,8.99999911,-3.79294937,-0.320517344,-1.68182997e-15
0.00208219531,8.74684875e-15,9.0,-4.22806755,0.00123448713,0.662574974,0.985143669,8.99999911,-3.8355718,-0.323905701,-1.70055872e-15
0.00208319531,6.82174737e-16,9.0,-4.26814285,0.00124812197,0.662602244,0.981376153,8.99999911,-3.87806079,-0.327282504,-1.71921812e-15
0.00208419531,2.95713792e-15,9.0,-4.30805986,0.00126170755,0.662629415,0.977616317,8.99999911,-3.92041422,-0.330647581,-1.73780744e-15
0.00208519531,8.63726982e-15,9.0,-4.34781662,0.00127524331,0.662656487,0.973864339,8.99999911,-3.96263004,-0.334000771,-1.756326e-15
0.00208619531,4.78313247e-16,9.0,-4.3874111,0.00128872873,0.662683457,0.970120401,8.99999911,-4.00470612,-0.337341903,-1.77477309e-15
0.00208719531,3.1340874e-15,9.0,-4.42684135,0.00130216328,0.662710327,0.966384683,8.99999911,-4.04664042,-0.340670813,-1.79314801e-15
0.00208819531,8.515802e-15,9.0,-4.46610535,0.00131554641,0.662737093,0.962657369,8.99999911,-4.08843082,-0.343987333,-1.81145007e-15
0.00208919531,2.81282092e-16,9.0,-4.50520114,0.00132887761,0.662763755,0.958938635,8.99999911,-4.13007527,-0.347291299,-1.82967858e-15
0.00209019531,3.31173347e-15,9.0,-4.54412671,0.00134215635,0.662790313,0.955228666,8.99999911,-4.17157168,-0.350582544,-1.84783284e-15
0.00209119531,8.38263242e-15,9.0,-4.58288012,0.00135538211,0.662816764,0.951527641,8.99999911,-4.21291799,-0.353860903,-1.86591217e-15
0.00209219531,9.14411173e-17,9.0,-4.62145937,0.00136855435,0.662843109,0.947835741,8.9999991,-4.25411211,-0.357126211,-1.8839159e-15
0.00209319531,3.48957404e-15,9.0,-4.65986251,0.00138167257,0.662869345,0.944153146,8.9999991,-4.29515199,-0.360378303,-1.90184333e-15
0.00209419531,8.23797233e-15,9.0,-4.69808756,0.00139473624,0.662895472,0.940480038,8.9999991,-4.33603555,-0.363617014,-1.9196938e-15
0.00209519531,-9.08690841e-17,9.0,-4.73613258,0.00140774485,0.66292149,0.936816596,8.9999991,-4.37676074,-0.36684218,-1.93746662e-15
0.00209619531,3.66710386e-15,9.0,-4.77399559,0.00142069788,0.662947396,0.933163002,8.9999991,-4.4173255,-0.370053637,-1.95516114e-15
0.00209719531,8.0820567e-15,9.0,-4.81167467,0.00143359483,0.66297319,0.929519434,8.9999991,-4.45772777,-0.373251222,-1.97277669e-15
0.00209819531,-2.65327918e-16,9.0,-4.84916784,0.00144643518,0.66299887,0.925886074,8.9999991,-4.4979655,-0.37643477,-1.99031259e-15
0.00209919531,3.8438157e-15,9.0,-4.88647319,0.00145921842,0.663024437,0.922263101,8.9999991,-4.53803665,-0.37960412,-2.00776819e-15
0.00210019531,7.9151437e-15,9.0,-4.92358876,0.00147194407,0.663049888,0.918650696,8.9999991,-4.57793917,-0.382759107,-2.02514284e-15
0.00210119531,-4.31635493e-16,9.0,-4.96051263,0.0014846116,0.663075223,0.915049036,8.9999991,-4.61767103,-0.385899572,-2.04243588e-15
0.00210219531,4.01920158e-15,9.0,-4.99724288,0.00149722052,0.663100441,0.911458304,8.9999991,-4.65723019,-0.389025349,-2.05964665e-15
0.00210319531,7.73751413e-15,9.0,-5.03377759,0.00150977033,0.663125541,0.907878675,8.9999991,-4.69661462,-0.392136281,-2.07677452e-15
0.00210419531,-5.89513268e-16,9.0,-5.07011483,0.00152226054,0.663150521,0.904310332,8.9999991,-4.73582229,-0.395232203,-2.09381884e-15
0.00210519531,4.19275394e-15,9.0,-5.10625272,0.00153469065,0.663175381,0.900753451,8.9999991,-4.77485119,-0.398312957,-2.11077897e-15
0.00210619531,7.54947081e-15,9.0,-5.14218934,0.00154706018,0.66320012,0.897208212,8.9999991,-4.81369929,-0.401378381,-2.12765427e-15
0.00210719531,-7.3870466e-16,9.0,-5.17792279,0.00155936863,0.663224737,0.893674792,8.9999991,-4.8523646,-0.404428317,-2.14444411e-15
0.00210819531,4.36396688e-15,9.0,-5.2134512,0.00157161552,0.663249231,0.89015337,8.9999991,-4.8908451,-0.407462605,-2.16114786e-15
0.00210919531,7.35133796e-15,9.0,-5.24877267,0.00158380037,0.663273601,0.886644122,8.9999991,-4.9291388,-0.410481086,-2.17776489e-15
0.00211019531,-8.7897559e-16,9.0,-5.28388533,0.00159592269,0.663297845,0.883147228,8.9999991,-4.96724369,-0.413483601,-2.19429458e-15
0.00211119531,4.53233734e-15,9.0,-5.31878732,0.001607982,0.663321964,0.879662864,8.9999991,-5.0051578,-0.416469994,-2.21073631e-15
0.00211219531,7.14346044e-15,9.0,-5.35347676,0.00161997784,0.663345956,0.876191206,8.9999991,-5.04287913,-0.419440106,-2.22708946e-15
0.00211319531,-1.01011498e-15,9.0,-5.38795181,0.00163190972,0.663369819,0.87273243,8.9999991,-5.08040573,-0.422393781,-2.24335343e-15
0.00211419531,4.69736629e-15,9.0,-5.42221062,0.00164377717,0.663393554,0.869286714,8.9999991,-5.1177356,-0.425330862,-2.25952759e-15
0.00211519531,6.92620304e-15,9.0,-5.45625134,0.00165557974,0.663417159,0.865854232,8.9999991,-5.1548668,-0.428251195,-2.27561136e-15
0.00211619531,-1.13193522e-15,9.0,-5.49007215,0.00166731694,0.663440634,0.86243516,8.9999991,-5.19179736,-0.431154623,-2.29160412e-15
0.00211719531,4.85855994e-15,9.0,-5.52367122,0.00167898832,0.663463977,0.859029673,8.9999991,-5.22852534,-0.434040993,-2.30750527e-15
0.00211819531,6.69994967e-15,9.0,-5.55704674,0.00169059342,0.663487187,0.855637946,8.9999991,-5.26504878,-0.43691015,-2.32331423e-15
0.00211919531,-1.24427252e-15,9.0,-5.59019689,0.00170213177,0.663510264,0.852260151,8.9999991,-5.30136576,-0.439761941,-2.33903041e-15
0.00212019531,5.0154309e-15,9.0,-5.62311987,0.00171360293,0.663533206,0.848896464,8.99999909,-5.33747434,-0.442596213,-2.3546532e-15
0.00212119531,6.46510251e-15,9.0,-5.65581389,0.00172500644,0.663556013,0.845547057,8.99999909,-5.37337261,-0.445412815,-2.37018204e-15
0.00212219531,-1.34698727e-15,9.0,-5.68827717,0.00173634185,0.663578684,0.842212103,8.99999909,-5.40905864,-0.448211594,-2.38561634e-15
0.00212319531,5.16749934e-15,9.0,-5.72050794,0.00174760871,0.663601217,0.838891774,8.99999909,-5.44453054,-0.4509924,-2.40095553e-15
0.00212419531,6.22208113e-15,9.0,-5.75250442,0.00175880657,0.663623613,0.835586243,8.99999909,-5.4797864,-0.453755083,-2.41619903e-15
0.00212519531,-1.43996432e-15,9.0,-5.78426487,0.001769935,0.66364587,0.832295679,8.99999909,-5.51482434,-0.456499494,-2.43134627e-15
0.00212619531,5.31429413e-15,9.0,-5.81578752,0.00178099356,0.663667987,0.829020255,8.99999909,-5.54964247,-0.459225483,-2.44639669e-15
0.00212719531,5.97132159e-15,9.0,-5.84707066,0.00179198181,0.663689964,0.82576014,8.99999909,-5.58423891,-0.461932903,-2.46134973e-15
0.00212819531,-1.52311318e-15,9.0,-5.87811253,0.00180289931,0.663711799,0.822515504,8.99999909,-5.6186118,-0.464621607,-2.47620484e-15
0.00212919531,5.45535401e-15,9.0,-5.90891143,0.00181374564,0.663733491,0.819286516,8.99999909,-5.65275929,-0.467291447,-2.49096145e-15
0.00213019531,5.71327544e-15,9.0,-5.93946565,0.00182452037,0.663755041,0.816073345,8.99999909,-5.68667952,-0.469942278,-2.50561902e-15
0.00213119531,-1.59636821e-15,9.0,-5.96977348,0.00183522306,0.663776446,0.812876159,8.99999909,-5.72037066,-0.472573954,-2.52017701e-15
0.00213219531,5.59022863e-15,9.0,-5.99983324,0.00184585331,0.663797707,0.809695124,8.99999909,-5.75383088,-0.475186333,-2.53463486e-15
0.00213319531,5.44840877e-15,9.0,-6.02964325,0.00185641068,0.663818821,0.806530409,8.99999909,-5.78705835,-0.477779269,-2.54899205e-15
0.00213419531,-1.65968872e-15,9.0,-6.05920183,0.00186689476,0.66383979,0.803382178,8.99999909,-5.82005126,-0.48035262,-2.56324804e-15
0.00213519531,5.71847967e-15,9.0,-6.08850733,0.00187730515,0.66386061,0.800250598,8.99999909,-5.85280782,-0.482906245,-2.5774023e-15
0.00213619531,5.17720117e-15,9.0,-6.11755811,0.00188764142,0.663881283,0.797135833,8.99999909,-5.88532623,-0.485440002,-2.5914543e-15
0.00213719531,-1.71305901e-15,9.0,-6.14635252,0.00189790317,0.663901806,0.794038048,8.99999909,-5.9176047,-0.487953751,-2.60540353e-15
0.00213819531,5.8396819e-15,9.0,-6.17488893,0.00190808999,0.66392218,0.790957406,8.99999909,-5.94964147,-0.490447353,-2.61924945e-15
0.00213919531,4.90014464e-15,9.0,-6.20316575,0.00191820149,0.663942403,0.787894069,8.99999909,-5.98143478,-0.492920668,-2.63299157e-15
0.00214019531,-1.75648835e-15,9.0,-6.23118135,0.00192823725,0.663962475,0.784848201,8.99999909,-6.01298286,-0.49537356,-2.64662937e-15
0.00214119531,5.95342415e-15,9.0,-6.25893415,0.0019381969,0.663982394,0.781819962,8.99999909,-6.04428399,-0.497805892,-2.66016233e-15
0.00214219531,4.61774258e-15,9.0,-6.28642256,0.00194808003,0.66400216,0.778809513,8.99999909,-6.07533643,-0.500217527,-2.67358997e-15
0.00214319531,-1.79001093e-15,9.0,-6.31364503,0.00195788625,0.664021772,0.775817013,8.99999909,-6.10613846,-0.50260833,-2.68691179e-15
0.00214419531,6.05931038e-15,9.0,-6.34059999,0.00196761518,0.66404123,0.772842623,8.99999909,-6.13668838,-0.504978168,-2.70012728e-15
0.00214519531,4.33050859e-15,9.0,-6.3672859,0.00197726642,0.664060533,0.769886501,8.99999909,-6.16698448,-0.507326908,-2.71323596e-15
0.00214619531,-1.81368573e-15,9.0,-6.39370122,0.00198683961,0.664079679,0.766948803,8.99999909,-6.19702508,-0.509654417,-2.72623734e-15
0.00214719531,6.15696056e-15,9.0,-6.41984443,0.00199633437,0.664098669,0.764029687,8.99999909,-6.22680851,-0.511960564,-2.73913094e-15
0.00214819531,4.03896542e-15,9.0,-6.44571403,0.00200575031,0.664117501,0.761129309,8.99999909,-6.2563331,-0.514245218,-2.75191629e-15
0.00214919531,-1.82759636e-15,9.0,-6.47130853,0.00201508707,0.664136174,0.758247824,8.99999909,-6.2855972,-0.516508251,-2.76459291e-15
0.00215019531,6.24601166e-15,9.0,-6.49662643,0.00202434427,0.664154689,0.755385386,8.99999909,-6.31459917,-0.518749535,-2.77716033e-15
0.00215119531,3.74364375e-15,9.0,-6.52166627,0.00203352156,0.664173043,0.752542149,8.99999909,-6.34333739,-0.520968941,-2.78961808e-15
0.00215219531,-1.83185075e-15,9.0,-6.5464266,0.00204261857,0.664191237,0.749718265,8.99999909,-6.37181024,-0.523166343,-2.80196571e-15
0.00215319531,6.32611848e-15,9.0,-6.57090596,0.00205163493,0.66420927,0.746913886,8.99999908,-6.40001612,-0.525341617,-2.81420276e-15
0.00215419531,3.44508107e-15,9.0,-6.59510293,0.00206057031,0.664227141,0.744129163,8.99999908,-6.42795344,-0.527494639,-2.82632877e-15
0.00215519531,-1.82658094e-15,9.0,-6.6190161,0.00206942433,0.664244849,0.741364246,8.99999908,-6.45562062,-0.529625284,-2.8383433e-15
0.00215619531,6.39695451e-15,9.0,-6.64264406,0.00207819666,0.664262393,0.738619283,8.99999908,-6.48301609,-0.531733431,-2.85024591e-15
0.00215719531,3.14382046e-15,9.0,-6.66598542,0.00208688695,0.664279774,0.735894423,8.99999908,-6.51013831,-0.53381896,-2.86203615e-15
0.00215819531,-1.81194265e-15,9.0,-6.6890388,0.00209549484,0.66429699,0.733189813,8.99999908,-6.53698574,-0.535881749,-2.87371358e-15
0.00215919531,6.45821275e-15,9.0,-6.71180285,0.00210402002,0.66431404,0.7305056,8.99999908,-6.56355684,-0.537921681,-2.88527779e-15
0.00216019531,2.84040942e-15,9.0,-6.73427622,0.00211246212,0.664330924,0.727841927,8.99999908,-6.58985012,-0.539938638,-2.89672833e-15
0.00216119531,-1.78811493e-15,9.0,-6.75645757,0.00212082084,0.664347642,0.72519894,8.99999908,-6.61586406,-0.541932502,-2.90806479e-15
0.00216219531,6.50960644e-15,9.0,-6.77834558,0.00212909582,0.664364192,0.722576781,8.99999908,-6.64159719,-0.543903159,-2.91928675e-15
0.00216319531,2.53539863e-15,9.0,-6.79993896,0.00213728675,0.664380574,0.719975594,8.99999908,-6.66704804,-0.545850495,-2.93039379e-15
0.00216419531,-1.75529967e-15,9.0,-6.82123641,0.00214539331,0.664396787,0.717395518,8.99999908,-6.69221514,-0.547774395,-2.94138551e-15
0.00216519531,6.55086979e-15,9.0,-6.84223667,0.00215341517,0.66441283,0.714836695,8.99999908,-6.71709706,-0.549674749,-2.9522615e-15
0.00216619531,2.22934077e-15,9.0,-6.86293846,0.00216135202,0.664428704,0.712299263,8.99999908,-6.74169237,-0.551551445,-2.96302136e-15
0.00216719531,-1.71372108e-15,9.0,-6.88334054,0.00216920354,0.664444407,0.70978336,8.99999908,-6.76599965,-0.553404374,-2.97366469e-15
0.00216819531,6.58175861e-15,9.0,-6.90344169,0.00217696942,0.664459939,0.707289124,8.99999908,-6.7900175,-0.555233428,-2.9841911e-15
0.00216919531,1.92278927e-15,9.0,-6.9232407,0.00218464936,0.664475299,0.70481669,8.99999908,-6.81374454,-0.557038499,-2.9946002e-15
0.00217019531,-1.66362514e-15,9.0,-6.94273636,0.00219224306,0.664490486,0.702366193,8.99999908,-6.83717939,-0.558819481,-3.00489161e-15
0.00217119531,6.60205096e-15,9.0,-6.96192748,0.0021997502,0.6645055,0.699937767,8.99999908,-6.86032071,-0.560576269,-3.01506495e-15
0.00217219531,1.61629713e-15,9.0,-6.98081292,0.00220717051,0.664520341,0.697531545,8.99999908,-6.88316715,-0.562308761,-3.02511984e-15
0.00217319531,-1.60527898e-15,9.0,-6.9993915,0.00221450368,0.664535007,0.695147657,8.99999908,-6.90571738,-0.564016854,-3.03505592e-15
0.00217419531,6.6115477e-15,9.0,-7.0176621,0.00222174943,0.664549499,0.692786234,8.99999908,-6.9279701,-0.565700446,-3.04487282e-15
0.00217519531,1.31041565e-15,9.0,-7.0356236,0.00222890746,0.664563815,0.690447406,8.99999908,-6.94992401,-0.567359438,-3.05457017e-15
0.00217619531,-1.53897019e-15,9.0,-7.0532749,0.0022359775,0.664577955,0.6881313,8.99999908,-6.97157783,-0.568993732,-3.06414763e-15
0.00217719531,6.61007299e-15,9.0,-7.0706149,0.00224295927,0.664591919,0.685838043,8.99999908,-6.9929303,-0.570603231,-3.07360484e-15
0.00217819531,1.00569326e-15,9.0,-7.08764254,0.00224985249,0.664605705,0.683567761,8.99999908,-7.01398018,-0.572187838,-3.08294144e-15
0.00217919531,-1.46500614e-15,9.0,-7.10435676,0.00225665689,0.664619314,0.681320579,8.99999908,-7.03472622,-0.573747459,-3.09215711e-15
0.00218019531,6.59747476e-15,9.0,-7.12075653,0.00226337221,0.664632744,0.679096618,8.99999908,-7.05516721,-0.575282002,-3.10125149e-15
0.00218119531,7.02674285e-16,9.0,-7.13684082,0.00226999816,0.664645996,0.676896003,8.99999908,-7.07530196,-0.576791373,-3.11022426e-15
0.00218219531,-1.3837132e-15,9.0,-7.15260863,0.0022765345,0.664659069,0.674718853,8.99999908,-7.09512927,-0.578275484,-3.11907508e-15
0.00218319531,6.5736251e-15,9.0,-7.16805898,0.00228298097,0.664671962,0.672565287,8.99999908,-7.114648,-0.579734243,-3.12780363e-15
0.00218419531,4.01897777e-16,9.0,-7.1831909,0.00228933731,0.664684675,0.670435425,8.99999908,-7.13385697,-0.581167564,-3.13640959e-15
0.00218519531,-1.29543593e-15,9.0,-7.19800343,0.00229560327,0.664697207,0.668329383,8.99999908,-7.15275506,-0.58257536,-3.14489265e-15
0.00218619531,6.53842064e-15,9.0,-7.21249563,0.00230177861,0.664709557,0.666247277,8.99999908,-7.17134116,-0.583957546,-3.15325248e-15
0.00218719531,1.038963e-16,9.0,-7.22666659,0.00230786307,0.664721726,0.664189222,8.99999908,-7.18961416,-0.585314039,-3.16148879e-15
0.00218819531,-1.20053626e-15,9.0,-7.24051541,0.00231385643,0.664733713,0.66215533,8.99999908,-7.20757297,-0.586644755,-3.16960128e-15
0.00218919531,6.49178279e-15,9.0,-7.25404121,0.00231975843,0.664745517,0.660145714,8.99999908,-7.22521654,-0.587949615,-3.17758963e-15
0.00219019531,-1.90805221e-16,9.0,-7.26724312,0.00232556886,0.664757138,0.658160484,8.99999908,-7.24254381,-0.589228538,-3.18545357e-15
0.00219119531,-1.09939256e-15,9.0,-7.28012029,0.00233128748,0.664768575,0.656199749,8.99999908,-7.25955375,-0.590481447,-3.19319281e-15
0.00219219531,6.43365802e-15,9.0,-7.29267189,0.00233691406,0.664779828,0.654263618,8.99999908,-7.27624535,-0.591708264,-3.20080705e-15
0.00219319531,-4.81690656e-16,9.0,-7.30489711,0.00234244838,0.664790897,0.652352196,8.99999908,-7.29261761,-0.592908915,-3.20829602e-15
0.00219419531,-9.92398774e-16,9.0,-7.31679516,0.00234789023,0.66480178,0.65046559,8.99999908,-7.30866956,-0.594083327,-3.21565944e-15
0.00219519531,6.36401803e-15,9.0,-7.32836526,0.00235323939,0.664812479,0.648603902,8.99999907,-7.32440021,-0.595231425,-3.22289705e-15
0.00219619531,-7.682538e-16,9.0,-7.33960666,0.00235849564,0.664822991,0.646767236,8.99999907,-7.33980865,-0.596353141,-3.23000859e-15
0.00219719531,-8.79963405e-16,9.0,-7.35051861,0.00236365879,0.664833318,0.644955693,8.99999907,-7.35489393,-0.597448403,-3.23699378e-15
0.00219819531,6.28285984e-15,9.0,-7.3611004,0.00236872862,0.664843457,0.643169371,8.99999907,-7.36965516,-0.598517145,-3.24385237e-15
0.00219919531,-1.04999948e-15,9.0,-7.37135132,0.00237370494,0.66485341,0.641408371,8.99999907,-7.38409143,-0.5995593,-3.25058412e-15
0.00220019531,-7.6250855e-16,9.0,-7.38127069,0.00237858755,0.664863175,0.639672787,8.99999907,-7.39820188,-0.600574803,-3.25718877e-15
0.00220119531,6.19020591e-15,9.0,-7.39085784,0.00238337626,0.664872753,0.637962717,8.99999907,-7.41198566,-0.601563591,-3.26366608e-15
0.00220219531,-1.32644464e-15,9.0,-7.40011213,0.00238807088,0.664882142,0.636278253,8.99999907,-7.42544193,-0.602525601,-3.27001582e-15
0.00220319531,-6.40468863e-16,9.0,-7.40903292,0.00239267122,0.664891342,0.63461949,8.99999907,-7.43856987,-0.603460773,-3.27623776e-15
0.00220419531,6.08610408e-15,9.0,-7.41761962,0.0023971771,0.664900354,0.632986517,8.99999907,-7.45136869,-0.604369048,-3.28233165e-15
0.00220519531,-1.59711939e-15,9.0,-7.42587163,0.00240158834,0.664909177,0.631379424,8.99999907,-7.4638376,-0.605250368,-3.2882973e-15
0.00220619531,-5.14290503e-16,9.0,-7.43378838,0.00240590478,0.66491781,0.6297983,8.99999907,-7.47597584,-0.606104679,-3.29413446e-15
0.00220719531,5.97062756e-15,9.0,-7.44136932,0.00241012623,0.664926252,0.628243232,8.99999907,-7.48778268,-0.606931925,-3.29984294e-15
0.00220819531,-1.86156803e-15,9.0,-7.44861391,0.00241425253,0.664934505,0.626714305,8.99999907,-7.49925738,-0.607732054,-3.30542252e-15
0.00220919531,-3.84430053e-16,9.0,-7.45552165,0.00241828353,0.664942567,0.625211603,8.99999907,-7.51039924,-0.608505014,-3.310873e-15
0.00221019531,5.84387482e-15,9.0,-7.46209203,0.00242221905,0.664950438,0.623735208,8.99999907,-7.52120759,-0.609250755,-3.31619417e-15
0.00221119531,-2.11935003e-15,9.0,-7.46832459,0.00242605895,0.664958118,0.622285201,8.99999907,-7.53168174,-0.60996923,-3.32138585e-15
0.00221219531,-2.51353408e-16,9.0,-7.47421886,0.00242980307,0.664965606,0.620861662,8.99999907,-7.54182105,-0.610660392,-3.32644784e-15
0.00221319531,5.7059694e-15,9.0,-7.47977442,0.00243345127,0.664972903,0.619464667,8.99999907,-7.5516249,-0.611324196,-3.33137996e-15
0.00221419531,-2.37004103e-15,9.0,-7.48499084,0.0024370034,0.664980007,0.618094295,8.99999907,-7.56109268,-0.611960597,-3.33618202e-15
0.00221519531,-1.15534655e-16,9.0,-7.48986773,0.00244045932,0.664986919,0.616750618,8.99999907,-7.57022378,-0.612569556,-3.34085386e-15
0.00221619531,5.55705968e-15,9.0,-7.4944047,0.0024438189,0.664993638,0.615433712,8.99999907,-7.57901766,-0.61315103,-3.3453953e-15
0.00221719531,-2.61323369e-15,9.0,-7.49860141,0.002447082,0.665000164,0.614143646,8.99999907,-7.58747375,-0.613704982,-3.34980618e-15
0.00221819531,2.25450811e-17,9.0,-7.50245752,0.00245024849,0.665006497,0.612880493,8.99999907,-7.59559152,-0.614231373,-3.35408633e-15
0.00221919531,5.39731862e-15,9.0,-7.5059727,0.00245331825,0.665012637,0.61164432,8.99999907,-7.60337046,-0.61473017,-3.3582356e-15
0.00222019531,-2.84853862e-15,9.0,-7.50914666,0.00245629116,0.665018582,0.610435194,8.99999907,-7.61081007,-0.615201337,-3.36225383e-15
0.00222119531,1.62398798e-16,9.0,-7.51197912,0.00245916709,0.665024334,0.60925318,8.99999907,-7.6179099,-0.615644842,-3.36614088e-15
0.00222219531,5.2269434e-15,9.0,-7.51446981,0.00246194595,0.665029892,0.608098344,8.99999907,-7.62466947,-0.616060655,-3.36989661e-15
0.00222319531,-3.07558518e-15,9.0,-7.51661851,0.00246462761,0.665035255,0.606970747,8.99999907,-7.63108837,-0.616448747,-3.37352088e-15
0.00222419531,3.03534792e-16,9.0,-7.51842499,0.00246721197,0.665040424,0.60587045,8.99999907,-7.63716616,-0.616809089,-3.37701356e-15
0.00222519531,5.04615505e-15,9.0,-7.51988906,0.00246969893,0.665045398,0.604797512,8.99999907,-7.64290248,-0.617141657,-3.38037452e-15
0.00222619531,-3.29402232e-15,9.0,-7.52101052,0.00247208839,0.665050177,0.603751991,8.99999907,-7.64829693,-0.617446425,-3.38360363e-15
0.00222719531,4.4545785e-16,9.0,-7.52178924,0.00247438025,0.665054761,0.602733942,8.99999907,-7.65334916,-0.617723372,-3.38670078e-15
0.00222819531,4.85519798e-15,9.0,-7.52222505,0.00247657443,0.665059149,0.601743421,8.99999907,-7.65805885,-0.617972475,-3.38966586e-15
0.00222919531,-3.50351927e-15,9.0,-7.52231786,0.00247867085,0.665063342,0.60078048,8.99999907,-7.66242567,-0.618193716,-3.39249876e-15
0.00223019531,5.87670442e-16,9.0,-7.52206755,0.0024806694,0.665067339,0.59984517,8.99999907,-7.66644933,-0.618387078,-3.39519937e-15
0.00223119531,4.65433946e-15,9.0,-7.52147405,0.00248257003,0.66507114,0.598937542,8.99999907,-7.67012957,-0.618552543,-3.39776759e-15
0.00223219531,-3.70376631e-15,9.0,-7.52053731,0.00248437264,0.665074745,0.598057642,8.99999907,-7.67346612,-0.618690097,-3.40020334e-15
0.00223319531,7.29673925e-16,9.0,-7.51925728,0.00248607718,0.665078154,0.597205517,8.99999907,-7.67645876,-0.618799728,-3.40250652e-15
0.00223419531,4.44386911e-15,9.0,-7.51763394,0.00248768357,0.665081367,0.596381212,8.99999907,-7.67910727,-0.618881424,-3.40467705e-15
0.00223519531,-3.89447534e-15,9.0,-7.5156673,0.00248919176,0.665084384,0.595584771,8.99999907,-7.68141145,-0.618935176,-3.40671484e-15
0.00223619531,8.70969746e-16,9.0,-7.51335738,0.00249060167,0.665087203,0.594816233,8.99999907,-7.68337114,-0.618960975,-3.40861984e-15
0.00223719531,4.22409825e-15,9.0,-7.51070422,0.00249191326,0.665089827,0.594075641,8.99999907,-7.68498618,-0.618958816,-3.41039195e-15
0.00223819531,-4.07538058e-15,9.0,-7.50770789,0.00249312647,0.665092253,0.59336303,8.99999907,-7.68625645,-0.618928694,-3.41203113e-15
0.00223919531,1.01106065e-15,9.0,-7.50436847,0.00249424126,0.665094483,0.592678439,8.99999907,-7.68718182,-0.618870606,-3.41353731e-15
0.00224019531,3.99535928e-15,9.0,-7.50068606,0.00249525758,0.665096515,0.592021902,8.99999907,-7.68776221,-0.61878455,-3.41491043e-15
0.00224119531,-4.24623902e-15,9.0,-7.49666078,0.00249617539,0.665098351,0.591393452,8.99999907,-7.68799754,-0.618670527,-3.41615045e-15
0.00224219531,1.14945188e-15,9.0,-7.49229279,0.00249699466,0.665099989,0.590793121,8.99999907,-7.68788777,-0.618528538,-3.41725732e-15
0.00224319531,3.75800495e-15,9.0,-7.48758224,0.00249771535,0.665101431,0.590220938,8.99999907,-7.68743287,-0.618358588,-3.418231e-15
0.00224419531,-4.406831e-15,9.0,-7.48252932,0.00249833743,0.665102675,0.589676933,8.99999907,-7.68663282,-0.618160682,-3.41907146e-15
0.00224519531,1.28565236e-15,9.0,-7.47713423,0.00249886088,0.665103722,0.589161131,8.99999907,-7.68548764,-0.617934827,-3.41977865e-15
0.00224619531,3.51240761e-15,9.0,-7.4713972,0.00249928569,0.665104571,0.588673558,8.99999907,-7.68399735,-0.61768103,-3.42035257e-15
0.00224719531,-4.55696063e-15,9.0,-7.46531847,0.00249961182,0.665105224,0.588214237,8.99999907,-7.68216201,-0.617399303,-3.42079318e-15
0.00224819531,1.41917592e-15,9.0,-7.45889832,0.00249983928,0.665105679,0.58778319,8.99999907,-7.67998169,-0.617089657,-3.42110048e-15
0.00224919531,3.25895842e-15,9.0,-7.45213702,0.00249996804,0.665105936,0.587380436,8.99999907,-7.67745648,-0.616752106,-3.42127444e-15
0.00225019531,-4.69645616e-15,9.0,-7.44503488,0.00249999811,0.665105996,0.587005994,8.99999907,-7.67458649,-0.616386664,-3.42131507e-15
0.00225119531,1.54954241e-15,9.0,-7.43759222,0.00249992949,0.665105859,0.586659881,8.99999907,-7.67137185,-0.61599335,-3.42122235e-15
0.00225219531,2.99806651e-15,9.0,-7.4298094,0.00249976217,0.665105524,0.586342111,8.99999907,-7.66781272,-0.61557218,-3.42099631e-15
0.00225319531,-4.82517035e-15,9.0,-7.42168678,0.00249949617,0.665104992,0.586052698,8.99999907,-7.66390928,-0.615123176,-3.42063693e-15
0.00225419531,1.67627895e-15,9.0,-7.41322474,0.00249913149,0.665104263,0.585791654,8.99999907,-7.65966171,-0.614646359,-3.42014425e-15
0.00225519531,2.73015811e-15,9.0,-7.4044237,0.00249866815,0.665103336,0.585558988,8.99999907,-7.65507022,-0.614141752,-3.41951827e-15
0.00225619531,-4.94298071e-15,9.0,-7.39528408,0.00249810617,0.665102212,0.585354708,8.99999907,-7.65013506,-0.61360938,-3.41875901e-15
0.00225719531,1.79892097e-15,9.0,-7.38580632,0.00249744556,0.665100891,0.585178822,8.99999907,-7.64485648,-0.613049271,-3.41786651e-15
0.00225819531,2.45567559e-15,9.0,-7.37599089,0.00249668636,0.665099373,0.585031335,8.99999907,-7.63923474,-0.612461452,-3.4168408e-15
0.00225919531,-5.04978976e-15,9.0,-7.36583828,0.0024958286,0.665097657,0.584912248,8.99999907,-7.63327015,-0.611845954,-3.41568191e-15
0.00226019531,1.91701344e-15,9.0,-7.355349,0.0024948723,0.665095745,0.584821566,8.99999907,-7.62696303,-0.611202808,-3.41438989e-15
0.00226119531,2.17507656e-15,9.0,-7.34452357,0.00249381751,0.665093635,0.584759286,8.99999907,-7.6203137,-0.610532046,-3.41296479e-15
0.00226219531,-5.14552519e-15,9.0,-7.33336254,0.00249266427,0.665091329,0.584725408,8.99999907,-7.61332252,-0.609833705,-3.41140665e-15
0.00226319531,2.03011189e-15,9.0,-7.32186647,0.00249141262,0.665088825,0.584719927,8.99999907,-7.60598987,-0.609107821,-3.40971553e-15
0.00226419531,1.88883283e-15,9.0,-7.31003595,0.00249006262,0.665086125,0.58474284,8.99999907,-7.59831614,-0.60835443,-3.40789151e-15
0.00226519531,-5.23013992e-15,9.0,-7.29787159,0.00248861431,0.665083229,0.584794139,8.99999907,-7.59030175,-0.607573575,-3.40593463e-15
0.00226619531,2.13778355e-15,9.0,-7.285374,0.00248706776,0.665080136,0.584873816,8.99999907,-7.58194713,-0.606765294,-3.40384497e-15
0.00226719531,1.5974294e-15,9.0,-7.27254385,0.00248542302,0.665076846,0.584981861,8.99999907,-7.57325275,-0.605929633,-3.40162262e-15
0.00226819531,-5.30361223e-15,9.0,-7.25938178,0.00248368016,0.66507336,0.585118262,8.99999907,-7.56421907,-0.605066634,-3.39926764e-15
0.00226919531,2.23960837e-15,9.0,-7.24588848,0.00248183925,0.665069679,0.585283006,8.99999907,-7.55484659,-0.604176344,-3.39678014e-15
0.00227019531,1.30136341e-15,9.0,-7.23206467,0.00247990036,0.665065801,0.585476077,8.99999907,-7.54513582,-0.603258812,-3.39416019e-15
0.00227119531,-5.36594567e-15,9.0,-7.21791105,0.00247786357,0.665061727,0.585697459,8.99999907,-7.53508731,-0.602314086,-3.39140789e-15
0.00227219531,2.33518006e-15,9.0,-7.20342837,0.00247572896,0.665057458,0.585947135,8.99999907,-7.52470161,-0.601342217,-3.38852335e-15
0.00227319531,1.00114307e-15,9.0,-7.1886174,0.00247349661,0.665052993,0.586225082,8.99999907,-7.51397928,-0.600343258,-3.38550667e-15
0.00227419531,-5.41716905e-15,9.0,-7.17347891,0.00247116661,0.665048333,0.586531281,8.99999907,-7.50292093,-0.599317262,-3.38235795e-15
0.00227519531,2.42410707e-15,9.0,-7.1580137,0.00246873905,0.665043478,0.586865708,8.99999907,-7.49152717,-0.598264287,-3.37907732e-15
0.00227619531,6.97286511e-16,9.0,-7.14222259,0.00246621403,0.665038428,0.587228338,8.99999907,-7.47979863,-0.597184388,-3.3756649e-15
0.00227719531,-5.45733629e-15,9.0,-7.12610643,0.00246359165,0.665033183,0.587619144,8.99999907,-7.46773597,-0.596077624,-3.3721208e-15
0.00227819531,2.50601357e-15,9.0,-7.10966606,0.00246087201,0.665027744,0.588038099,8.99999907,-7.45533985,-0.594944057,-3.36844516e-15
0.00227919531,3.90320682e-16,9.0,-7.09290236,0.00245805522,0.66502211,0.588485171,8.99999907,-7.44261098,-0.593783748,-3.36463812e-15
0.00228019531,-5.48652625e-15,9.0,-7.07581623,0.00245514139,0.665016283,0.588960331,8.99999907,-7.42955005,-0.59259676,-3.36069981e-15
0.00228119531,2.58054034e-15,9.0,-7.05840858,0.00245213064,0.665010261,0.589463544,8.99999907,-7.4161578,-0.591383158,-3.35663037e-15
0.00228219531,8.07801954e-17,9.0,-7.04068034,0.00244902308,0.665004046,0.589994777,8.99999907,-7.40243499,-0.59014301,-3.35242996e-15
0.00228319531,-5.50484246e-15,9.0,-7.02263246,0.00244581883,0.664997638,0.590553993,8.99999907,-7.38838237,-0.588876383,-3.34809872e-15
0.00228419531,2.6473457e-15,9.0,-7.00426591,0.00244251803,0.664991036,0.591141153,8.99999907,-7.37400073,-0.587583346,-3.34363683e-15
0.00228519531,-2.30793849e-16,9.0,-6.98558168,0.00243912081,0.664984242,0.591756219,8.99999907,-7.35929089,-0.586263972,-3.33904443e-15
0.00228619531,-5.51241287e-15,9.0,-6.96658077,0.00243562729,0.664977255,0.592399149,8.99999907,-7.34425366,-0.584918332,-3.3343217e-15
0.00228719531,2.70610629e-15,9.0,-6.94726421,0.00243203761,0.664970075,0.593069901,8.99999907,-7.3288899,-0.583546501,-3.32946881e-15
0.00228819531,-5.43855047e-16,9.0,-6.92763304,0.00242835193,0.664962704,0.59376843,8.99999907,-7.31320046,-0.582148555,-3.32448594e-15
0.00228919531,-5.50938946e-15,9.0,-6.90768831,0.00242457037,0.664955141,0.594494691,8.99999907,-7.29718622,-0.580724571,-3.31937326e-15
0.00229019531,2.75651792e-15,9.0,-6.88743111,0.0024206931,0.664947386,0.595248636,8.99999907,-7.28084809,-0.579274627,-3.31413098e-15
0.00229119531,-8.57852888e-16,9.0,-6.86686253,0.00241672027,0.664939441,0.596030215,8.99999907,-7.26418698,-0.577798803,-3.30875927e-15
0.00229219531,-5.49594786e-15,9.0,-6.84598369,0.00241265202,0.664931304,0.596839379,8.99999907,-7.24720383,-0.576297182,-3.30325834e-15
0.00229319531,2.79829633e-15,9.0,-6.82479571,0.00240848853,0.664922977,0.597676074,8.99999907,-7.2298996,-0.574769846,-3.29762839e-15
0.00229419531,-1.17223396e-15,9.0,-6.80329975,0.00240422996,0.66491446,0.598540248,8.99999907,-7.21227526,-0.57321688,-3.29186961e-15
0.00229519531,-5.47228685e-15,9.0,-6.78149697,0.00239987647,0.664905753,0.599431845,8.99999907,-7.19433179,-0.57163837,-3.28598224e-15
0.00229619531,2.83117787e-15,9.0,-6.75938855,0.00239542823,0.664896856,0.600350809,8.99999907,-7.17607021,-0.570034403,-3.27996647e-15
0.00229719531,-1.48644318e-15,9.0,-6.73697569,0.00239088543,0.664887771,0.60129708,8.99999907,-7.15749156,-0.568405068,-3.27382253e-15
0.00229819531,-5.43862791e-15,9.0,-6.71425962,0.00238624825,0.664878496,0.602270598,8.99999907,-7.13859686,-0.566750456,-3.26755064e-15
0.00229919531,2.85492018e-15,9.0,-6.69124157,0.00238151685,0.664869034,0.603271304,8.99999907,-7.11938718,-0.565070658,-3.26115104e-15
0.00230019531,-1.79992497e-15,9.0,-6.66792278,0.00237669144,0.664859383,0.604299132,8.99999907,-7.09986361,-0.563365768,-3.25462396e-15
0.00230119531,-5.39521457e-15,9.0,-6.64430453,0.0023717722,0.664849544,0.60535402,8.99999907,-7.08002725,-0.561635879,-3.24796963e-15
0.00230219531,2.8693028e-15,9.0,-6.62038811,0.00236675933,0.664839519,0.6064359,8.99999907,-7.0598792,-0.559881088,-3.2411883e-15
0.00230319531,-2.11212454e-15,9.0,-6.59617481,0.00236165302,0.664829306,0.607544706,8.99999907,-7.03942061,-0.558101493,-3.23428023e-15
0.00230419531,-5.34231188e-15,9.0,-6.57166595,0.00235645348,0.664818907,0.608680369,8.99999907,-7.01865261,-0.556297191,-3.22724565e-15
0.00230519531,2.87412774e-15,9.0,-6.54686287,0.00235116091,0.664808322,0.609842817,8.99999907,-6.99757638,-0.554468284,-3.22008484e-15
0.00230619531,-2.42248904e-15,9.0,-6.52176691,0.00234577552,0.664797551,0.611031979,8.99999907,-6.97619311,-0.552614872,-3.21279805e-15
0.00230719531,-5.28020568e-15,9.0,-6.49637946,0.00234029752,0.664786595,0.612247782,8.99999907,-6.95450399,-0.550737057,-3.20538555e-15
0.00230819531,2.86921998e-15,9.0,-6.47070188,0.00233472713,0.664775454,0.613490151,8.99999907,-6.93251024,-0.548834946,-3.19784761e-15
0.00230919531,-2.73046881e-15,9.0,-6.44473557,0.00232906457,0.664764129,0.614759009,8.99999907,-6.9102131,-0.546908641,-3.19018452e-15
0.00231019531,-5.2092019e-15,9.0,-6.41848196,0.00232331007,0.66475262,0.616054279,8.99999907,-6.88761381,-0.544958252,-3.18239654e-15
0.00231119531,2.85442794e-15,9.0,-6.39194247,0.00231746384,0.664740928,0.61737588,8.99999907,-6.86471364,-0.542983885,-3.17448396e-15
0.00231219531,-3.03551862e-15,9.0,-6.36511855,0.00231152612,0.664729052,0.618723734,8.99999907,-6.84151389,-0.540985649,-3.16644708e-15
0.00231319531,-5.12962584e-15,9.0,-6.33801166,0.00230549715,0.664716994,0.620097757,8.99999907,-6.81801584,-0.538963656,-3.15828619e-15
0.00231419531,2.82962389e-15,9.0,-6.31062327,0.00229937716,0.664704754,0.621497867,8.99999907,-6.79422082,-0.536918018,-3.15000159e-15
0.00231519531,-3.33709876e-15,9.0,-6.28295488,0.00229316639,0.664692333,0.622923977,8.99999907,-6.77013015,-0.534848848,-3.14159359e-15
0.00231619531,-5.04182131e-15,9.0,-6.255008,0.0022868651,0.66467973,0.624376002,8.99999907,-6.74574518,-0.532756259,-3.13306249e-15
0.00231719531,2.79470427e-15,9.0,-6.22678414,0.00228047352,0.664666947,0.625853855,8.99999907,-6.72106728,-0.530640368,-3.1244086e-15
0.00231819531,-3.63467637e-15,9.0,-6.19828483,0.00227399192,0.664653984,0.627357446,8.99999907,-6.69609783,-0.528501293,-3.11563225e-15
0.00231919531,-4.94614982e-15,9.0,-6.16951164,0.00226742054,0.664640841,0.628886684,8.99999907,-6.67083822,-0.52633915,-3.10673375e-15
0.00232019531,2.74959002e-15,9.0,-6.14046613,0.00226075965,0.664627519,0.630441479,8.99999907,-6.64528986,-0.524154059,-3.09771344e-15
0.00232119531,-3.92772646e-15,9.0,-6.11114987,0.0022540095,0.664614019,0.632021736,8.99999907,-6.61945417,-0.521946142,-3.08857164e-15
0.00232219531,-4.84298969e-15,9.0,-6.08156446,0.00224717037,0.664600341,0.633627362,8.99999907,-6.5933326,-0.519715519,-3.07930869e-15
0.00232319531,2.69422679e-15,9.0,-6.0517115,0.00224024253,0.664586485,0.63525826,8.99999907,-6.5669266,-0.517462314,-3.06992493e-15
0.00232419531,-4.2157332e-15,9.0,-6.02159263,0.00223322625,0.664572453,0.636914334,8.99999907,-6.54023764,-0.515186651,-3.06042071e-15
0.00232519531,-4.73273511e-15,9.0,-5.99120946,0.0022261218,0.664558244,0.638595484,8.99999907,-6.5132672,-0.512888656,-3.05079638e-15
0.00232619531,2.62858513e-15,9.0,-5.96056366,0.00221892947,0.664543859,0.640301612,8.99999907,-6.48601679,-0.510568454,-3.04105228e-15
0.00232719531,-4.49819093e-15,9.0,-5.92965688,0.00221164954,0.664529299,0.642032616,8.99999907,-6.45848791,-0.508226173,-3.03118879e-15
0.00232819531,-4.6157952e-15,9.0,-5.8984908,0.00220428229,0.664514565,0.643788393,8.99999907,-6.4306821,-0.505861943,-3.02120625e-15
0.00232919531,2.55266061e-15,9.0,-5.86706711,0.00219682803,0.664499656,0.645568841,8.99999907,-6.4026009,-0.503475892,-3.01110505e-15
0.00233019531,-4.77460536e-15,9.0,-5.83538751,0.00218928704,0.664484574,0.647373854,8.99999907,-6.37424586,-0.501068153,-3.00088554e-15
0.00233119531,-4.49259301e-15,9.0,-5.80345371,0.00218165962,0.664469319,0.649203327,8.99999907,-6.34561855,-0.498638856,-2.99054811e-15
0.00233219531,2.46647389e-15,9.0,-5.77126744,0.00217394607,0.664453892,0.651057151,8.99999908,-6.31672055,-0.496188135,-2.98009314e-15
0.00233319531,-5.0444946e-15,9.0,-5.73883045,0.0021661467,0.664438293,0.652935219,8.99999908,-6.28755347,-0.493716125,-2.96952101e-15
0.00233419531,-4.36356447e-15,9.0,-5.70614447,0.00215826181,0.664422524,0.65483742,8.99999908,-6.25811891,-0.49122296,-2.95883212e-15
0.00233519531,2.37007072e-15,9.0,-5.67321128,0.00215029172,0.664406583,0.656763644,8.99999908,-6.22841849,-0.488708777,-2.94802685e-15
0.00233619531,-5.30739023e-15,9.0,-5.64003266,0.00214223674,0.664390473,0.658713778,8.99999908,-6.19845386,-0.486173714,-2.93710561e-15
0.00233719531,-4.22915739e-15,9.0,-5.60661039,0.00213409718,0.664374194,0.660687709,8.99999908,-6.16822666,-0.483617908,-2.92606879e-15
0.00233819531,2.26352188e-15,9.0,-5.57294627,0.00212587338,0.664357747,0.662685323,8.99999908,-6.13773855,-0.481041498,-2.91491681e-15
0.00233919531,-5.56283834e-15,9.0,-5.53904212,0.00211756565,0.664341131,0.664706503,8.99999908,-6.10699121,-0.478444627,-2.90365007e-15
0.00234019531,-4.08983031e-15,9.0,-5.50489975,0.00210917432,0.664324349,0.666751133,8.99999908,-6.07598633,-0.475827434,-2.892269e-15
0.00234119531,2.14692308e-15,9.0,-5.470521,0.00210069972,0.664307399,0.668819095,8.99999908,-6.0447256,-0.473190061,-2.880774e-15
0.00234219531,-5.81040048e-15,9.0,-5.43590773,0.0020921422,0.664290284,0.670910269,8.99999908,-6.01321074,-0.470532654,-2.86916552e-15
0.00234319531,-3.94605144e-15,9.0,-5.40106178,0.00208350208,0.664273004,0.673024535,8.99999908,-5.98144347,-0.467855354,-2.85744397e-15
0.00234419531,2.02039481e-15,9.0,-5.36598502,0.0020747797,0.664255559,0.675161773,8.99999908,-5.94942554,-0.465158309,-2.84560978e-15
0.00234519531,-6.04965465e-15,9.0,-5.33067933,0.00206597542,0.664237951,0.677321859,8.99999908,-5.91715867,-0.462441663,-2.8336634e-15
0.00234619531,-3.79829755e-15,9.0,-5.2951466,0.00205708957,0.664220179,0.679504669,8.99999908,-5.88464465,-0.459705564,-2.82160527e-15
0.00234719531,1.88408206e-15,9.0,-5.25938874,0.00204812252,0.664202245,0.68171008,8.99999908,-5.85188523,-0.456950159,-2.80943583e-15
0.00234819531,-6.28019621e-15,9.0,-5.22340764,0.00203907461,0.664184149,0.683937966,8.99999908,-5.81888219,-0.454175598,-2.79715553e-15
0.00234919531,-3.64705274e-15,9.0,-5.18720523,0.0020299462,0.664165892,0.686188199,8.99999908,-5.78563734,-0.451382031,-2.78476483e-15
0.00235019531,1.73815411e-15,9.0,-5.15078343,0.00202073765,0.664147475,0.688460652,8.99999908,-5.75215248,-0.448569606,-2.77226418e-15
0.00235119531,-6.50163877e-15,9.0,-5.1141442,0.00201144933,0.664128899,0.690755197,8.99999908,-5.71842942,-0.445738477,-2.75965405e-15
0.00235219531,-3.49280738e-15,9.0,-5.07728947,0.00200208159,0.664110163,0.693071702,8.99999908,-5.68446998,-0.442888795,-2.7469349e-15
0.00235319531,1.58280411e-15,9.0,-5.0402212,0.00199263482,0.66409127,0.695410039,8.99999908,-5.65027601,-0.440020713,-2.73410721e-15
0.00235419531,-6.71361499e-15,9.0,-5.00294137,0.00198310938,0.664072219,0.697770074,8.99999908,-5.61584934,-0.437134385,-2.72117145e-15
0.00235519531,-3.33605687e-15,9.0,-4.96545194,0.00197350566,0.664053011,0.700151675,8.99999908,-5.58119185,-0.434229965,-2.7081281e-15
0.00235619531,1.41824878e-15,9.0,-4.9277549,0.00196382402,0.664033648,0.702554708,8.99999908,-5.54630538,-0.43130761,-2.69497764e-15
0.00235719531,-6.91577741e-15,9.0,-4.88985226,0.00195406485,0.66401413,0.704979038,8.99999908,-5.51119183,-0.428367474,-2.68172056e-15
0.00235819531,-3.17730044e-15,9.0,-4.851746,0.00194422854,0.663994457,0.70742453,8.99999908,-5.47585307,-0.425409716,-2.66835735e-15
0.00235919531,1.24472787e-15,9.0,-4.81343814,0.00193431548,0.663974631,0.709891048,8.99999908,-5.440291,-0.422434492,-2.6548885e-15
0.00236019531,-7.10779921e-15,9.0,-4.7749307,0.00192432605,0.663954652,0.712378453,8.99999908,-5.40450753,-0.419441961,-2.64131453e-15
0.00236119531,-3.01704003e-15,9.0,-4.73622571,0.00191426066,0.663934521,0.714886607,8.99999908,-5.36850457,-0.416432282,-2.62763592e-15
0.00236219531,1.06250371e-15,9.0,-4.6973252,0.00190411969,0.663914239,0.717415371,8.99999908,-5.33228405,-0.413405615,-2.61385319e-15
0.00236319531,-7.28937486e-15,9.0,-4.65823122,0.00189390355,0.663893807,0.719964606,8.99999908,-5.29584789,-0.41036212,-2.59996685e-15
0.00236419531,-2.85577898e-15,9.0,-4.61894581,0.00188361264,0.663873225,0.722534168,8.99999908,-5.25919805,-0.407301959,-2.58597742e-15
0.00236519531,8.71860656e-16,9.0,-4.57947103,0.00187324737,0.663852495,0.725123918,8.99999908,-5.22233646,-0.404225293,-2.57188541e-15
0.00236619531,-7.46022083e-15,9.0,-4.53980896,0.00186280815,0.663831616,0.727733712,8.99999908,-5.18526508,-0.401132284,-2.55769135e-15
0.00236719531,-2.69402095e-15,9.0,-4.49996165,0.00185229539,0.663810591,0.730363407,8.99999908,-5.14798589,-0.398023096,-2.54339576e-15
0.00236819531,6.73104461e-16,9.0,-4.45993119,0.0018417095,0.663789419,0.733012858,8.99999908,-5.11050086,-0.394897893,-2.52899919e-15
0.00236919531,-7.62007616e-15,9.0,-4.41971967,0.0018310509,0.663768102,0.73568192,8.99999908,-5.07281197,-0.391756838,-2.51450216e-15
0.00237019531,-2.53226859e-15,9.0,-4.37932918,0.00182032002,0.66374664,0.738370447,8.99999908,-5.0349212,-0.388600097,-2.4999052e-15
0.00237119531,4.66561632e-16,9.0,-4.33876181,0.00180951728,0.663725035,0.741078292,8.99999908,-4.99683057,-0.385427835,-2.48520888e-15
0.00237219531,-7.76870302e-15,9.0,-4.29801967,0.00179864309,0.663703286,0.743805308,8.99999908,-4.95854206,-0.382240218,-2.47041373e-15
0.00237319531,-2.37102243e-15,9.0,-4.25710488,0.0017876979,0.663681396,0.746551347,8.99999908,-4.9200577,-0.379037413,-2.4555203e-15
0.00237419531,2.52578722e-16,9.0,-4.21601955,0.00177668214,0.663659364,0.749316259,8.99999908,-4.88137951,-0.375819586,-2.44052915e-15
0.00237519531,-7.90588723e-15,9.0,-4.17476579,0.00176559623,0.663637192,0.752099895,8.99999909,-4.8425095,-0.372586906,-2.42544084e-15
0.00237619531,-2.21077966e-15,9.0,-4.13334575,0.00175444063,0.663614881,0.754902105,8.99999909,-4.80344971,-0.36933954,-2.41025593e-15
0.00237719531,3.15215838e-17,9.0,-4.09176155,0.00174321576,0.663592432,0.757722737,8.99999909,-4.76420219,-0.366077658,-2.39497499e-15
0.00237819531,-8.03143867e-15,9.0,-4.05001533,0.00173192207,0.663569844,0.760561639,8.99999909,-4.72476898,-0.362801428,-2.37959858e-15
0.00237919531,-2.0520329e-15,9.0,-4.00810924,0.00172056,0.66354712,0.76341866,8.99999909,-4.68515213,-0.35951102,-2.36412728e-15
0.00238019531,-1.96225431e-16,9.0,-3.96604543,0.00170913002,0.66352426,0.766293645,8.99999909,-4.6453537,-0.356206605,-2.34856167e-15
0.00238119531,-8.14519171e-15,9.0,-3.92382604,0.00169763256,0.663501265,0.769186441,8.99999909,-4.60537575,-0.352888351,-2.33290233e-15
0.00238219531,-1.89526911e-15,9.0,-3.88145324,0.00168606807,0.663478136,0.772096894,8.99999909,-4.56522036,-0.349556432,-2.31714984e-15
0.00238319531,-4.30260309e-16,9.0,-3.83892918,0.00167443703,0.663454874,0.775024849,8.99999909,-4.52488959,-0.346211017,-2.3013048e-15
0.00238419531,-8.24700554e-15,9.0,-3.79625604,0.00166273988,0.66343148,0.777970149,8.99999909,-4.48438554,-0.342852278,-2.28536779e-15
0.00238519531,-1.74096832e-15,9.0,-3.75343599,0.00165097709,0.663407954,0.780932639,8.99999909,-4.44371028,-0.339480389,-2.26933941e-15
0.00238619531,-6.70164255e-16,9.0,-3.71047119,0.00163914913,0.663384298,0.783912162,8.99999909,-4.40286592,-0.336095521,-2.25322026e-15
0.00238719531,-8.33676441e-15,9.0,-3.66736383,0.00162725645,0.663360513,0.78690856,8.99999909,-4.36185454,-0.332697847,-2.23701094e-15
0.00238819531,-1.58960258e-15,9.0,-3.62411609,0.00161529953,0.663336599,0.789921675,8.99999909,-4.32067824,-0.32928754,-2.22071206e-15
0.00238919531,-9.15502612e-16,9.0,-3.58073016,0.00160327884,0.663312558,0.792951349,8.99999909,-4.27933914,-0.325864774,-2.20432424e-15
0.00239019531,-8.41437791e-15,9.0,-3.53720822,0.00159119486,0.66328839,0.795997423,8.99999909,-4.23783934,-0.322429724,-2.18784807e-15
0.00239119531,-1.44163477e-15,9.0,-3.49355246,0.00157904806,0.663264096,0.799059737,8.99999909,-4.19618095,-0.318982562,-2.17128419e-15
0.00239219531,-1.16582582e-15,9.0,-3.44976508,0.00156683892,0.663239678,0.802138132,8.99999909,-4.15436611,-0.315523464,-2.15463321e-15
0.00239319531,-8.4797811e-15,9.0,-3.40584827,0.00155456792,0.663215136,0.805232446,8.99999909,-4.11239692,-0.312052604,-2.13789576e-15
0.00239419531,-1.29751755e-15,9.0,-3.36180424,0.00154223555,0.663190471,0.808342518,8.99999909,-4.07027551,-0.308570158,-2.12107246e-15
0.00239519531,-1.42067041e-15,9.0,-3.31763518,0.0015298423,0.663165685,0.811468188,8.99999909,-4.02800403,-0.305076301,-2.10416395e-15
0.00239619531,-8.53293464e-15,9.0,-3.27334331,0.00151738865,0.663140777,0.814609292,8.99999909,-3.98558459,-0.301571208,-2.08717086e-15
0.00239719531,-1.1576922e-15,9.0,-3.22893082,0.0015048751,0.66311575,0.81776567,8.99999909,-3.94301933,-0.298055055,-2.07009383e-15
0.00239819531,-1.67956001e-15,9.0,-3.18439992,0.00149230214,0.663090604,0.820937157,8.99999909,-3.90031041,-0.294528018,-2.0529335e-15
0.00239919531,-8.57382481e-15,9.0,-3.13975283,0.00147967027,0.663065341,0.82412359,8.99999909,-3.85745995,-0.290990273,-2.03569051e-15
0.00240019531,-1.02258765e-15,9.0,-3.09499176,0.00146697998,0.66303996,0.827324806,8.99999909,-3.81447011,-0.287441998,-2.01836552e-15
0.00240119531,-1.94200643e-15,9.0,-3.05011891,0.00145423177,0.663014464,0.830540642,8.99999909,-3.77134303,-0.283883367,-2.00095917e-15
0.00240219531,-8.60246353e-15,9.0,-3.0051365,0.00144142616,0.662988852,0.833770931,8.99999909,-3.72808087,-0.280314559,-1.98347212e-15
0.00240319531,-8.92619408e-16,9.0,-2.96004675,0.00142856364,0.662963127,0.83701551,8.99999909,-3.68468577,-0.27673575,-1.96590503e-15
0.00240419531,-2.20751074e-15,9.0,-2.91485188,0.00141564473,0.662937289,0.840274214,8.99999909,-3.6411599,-0.273147116,-1.94825855e-15
0.00240519531,-8.61888831e-15,9.0,-2.86955409,0.00140266992,0.66291134,0.843546877,8.99999909,-3.59750541,-0.269548836,-1.93053337e-15
0.00240619531,-7.68188575e-16,9.0,-2.82415561,0.00138963974,0.662885279,0.846833332,8.99999909,-3.55372447,-0.265941086,-1.91273013e-15
0.00240719531,-2.47556435e-15,9.0,-2.77865866,0.0013765547,0.662859109,0.850133415,8.99999909,-3.50981923,-0.262324045,-1.89484952e-15
0.00240819531,-8.62316206e-15,9.0,-2.73306546,0.00136341532,0.662832831,0.853446959,8.9999991,-3.46579185,-0.258697888,-1.8768922e-15
0.00240919531,-6.49680891e-16,9.0,-2.68737821,0.00135022211,0.662806444,0.856773796,8.9999991,-3.42164451,-0.255062794,-1.85885886e-15
0.00241019531,-2.74565016e-15,9.0,-2.64159915,0.0013369756,0.662779951,0.86011376,8.9999991,-3.37737936,-0.251418941,-1.84075018e-15
0.00241119531,-8.61537298e-15,9.0,-2.59573049,0.00132367631,0.662753353,0.863466683,8.9999991,-3.33299857,-0.247766507,-1.82256683e-15
0.00241219531,-5.37465807e-16,9.0,-2.54977445,0.00131032475,0.66272665,0.866832399,8.9999991,-3.28850432,-0.244105668,-1.80430951e-15
0.00241319531,-3.01724372e-15,9.0,-2.50373324,0.00129692147,0.662699843,0.870210739,8.9999991,-3.24389877,-0.240436602,-1.78597891e-15
0.00241419531,-8.59563429e-15,9.0,-2.45760909,0.00128346699,0.662672934,0.873601535,8.9999991,-3.19918409,-0.236759488,-1.76757572e-15
0.00241519531,-4.31895607e-16,9.0,-2.4114042,0.00126996184,0.662645924,0.87700462,8.9999991,-3.15436245,-0.233074504,-1.74910063e-15
0.00241619531,-3.28981441e-15,9.0,-2.3651208,0.00125640656,0.662618813,0.880419824,8.9999991,-3.10943601,-0.229381826,-1.73055434e-15
0.00241719531,-8.56408393e-15,9.0,-2.3187611,0.00124280167,0.662591603,0.883846979,8.9999991,-3.06440696,-0.225681633,-1.71193756e-15
0.00241819531,-3.33304557e-16,9.0,-2.27232731,0.00122914772,0.662564295,0.887285916,8.9999991,-3.01927746,-0.221974102,-1.69325099e-15
0.00241919531,-3.56282658e-15,9.0,-2.22582165,0.00121544525,0.662536891,0.890736467,8.9999991,-2.97404968,-0.218259411,-1.67449534e-15
0.00242019531,-8.52088421e-15,9.0,-2.17924633,0.00120169479,0.66250939,0.894198462,8.9999991,-2.9287258,-0.214537738,-1.65567132e-15
0.00242119531,-2.42008105e-16,9.0,-2.13260354,0.00118789689,0.662481794,0.897671732,8.9999991,-2.88330797,-0.210809259,-1.63677964e-15
0.00242219531,-3.8357408e-15,9.0,-2.08589551,0.00117405209,0.662454104,0.901156107,8.9999991,-2.83779838,-0.207074154,-1.61782102e-15
0.00242319531,-8.46622142e-15,9.0,-2.03912444,0.00116016095,0.662426322,0.904651419,8.9999991,-2.79219919,-0.203332598,-1.59879617e-15
0.00242419531,-1.58302127e-16,9.0,-1.99229253,0.001146224,0.662398448,0.908157497,8.9999991,-2.74651256,-0.19958477,-1.57970583e-15
0.00242519531,-4.10801501e-15,9.0,-1.94540198,0.00113224181,0.662370484,0.911674172,8.9999991,-2.70074067,-0.195830845,-1.56055072e-15
0.00242619531,-8.40030536e-15,9.0,-1.89845498,0.00111821491,0.66234243,0.915201274,8.9999991,-2.65488569,-0.192071003,-1.54133156e-15
0.00242719531,-8.24622087e-17,9.0,-1.85145375,0.00110414387,0.662314288,0.918738632,8.9999991,-2.60894977,-0.188305418,-1.52204908e-15
0.00242819531,-4.3791058e-15,9.0,-1.80440046,0.00109002924,0.662286058,0.922286078,8.9999991,-2.56293508,-0.184534268,-1.50270402e-15
0.00242919531,-8.32336882e-15,9.0,-1.75729732,0.00107587158,0.662257743,0.925843441,8.9999991,-2.51684378,-0.18075773,-1.48329711e-15
0.00243019531,-1.47429864e-17,9.0,-1.7101465,0.00106167144,0.662229343,0.929410551,8.9999991,-2.47067803,-0.17697598,-1.46382909e-15
0.00243119531,-4.64846958e-15,9.0,-1.6629502,0.00104742939,0.662200859,0.932987238,8.9999991,-2.42444,-0.173189194,-1.44430071e-15
0.00243219531,-8.23566702e-15,9.0,-1.6157106,0.00103314599,0.662172292,0.936573332,8.9999991,-2.37813183,-0.169397548,-1.4247127e-15
0.00243319531,4.46224712e-17,9.0,-1.56842987,0.0010188218,0.662143644,0.940168663,8.9999991,-2.33175569,-0.165601218,-1.40506582e-15
0.00243419531,-4.91556381e-15,9.0,-1.52111019,0.00100445739,0.662114915,0.943773061,8.9999991,-2.28531372,-0.161800379,-1.3853608e-15
0.00243519531,-8.137477e-15,9.0,-1.47375373,0.000990053329,0.662086107,0.947386355,8.9999991,-2.23880807,-0.157995208,-1.36559841e-15
0.00243619531,9.54232266e-17,9.0,-1.42636266,0.00097561018,0.66205722,0.951008375,8.99999911,-2.1922409,-0.154185878,-1.3457794e-15
0.00243719531,-5.17984823e-15,9.0,-1.37893915,0.000961128516,0.662028257,0.954638953,8.99999911,-2.14561435,-0.150372566,-1.32590452e-15
0.00243819531,-8.02909695e-15,9.0,-1.33148535,0.000946608908,0.661999218,0.958277917,8.99999911,-2.09893056,-0.146555445,-1.30597454e-15
0.00243919531,1.37470987e-16,9.0,-1.28400343,0.00093205193,0.661970104,0.961925097,8.99999911,-2.05219167,-0.14273469,-1.28599021e-15
0.00244019531,-5.44078606e-15,9.0,-1.23649552,0.000917458156,0.661940916,0.965580325,8.99999911,-2.00539981,-0.138910476,-1.2659523e-15
0.00244119531,-7.91084548e-15,9.0,-1.18896379,0.000902828162,0.661911656,0.96924343,8.99999911,-1.95855713,-0.135082975,-1.24586157e-15
0.00244219531,1.70600563e-16,9.0,-1.14141037,0.000888162526,0.661882325,0.972914242,8.99999911,-1.91166575,-0.131252362,-1.2257188e-15
0.00244319531,-5.69784522e-15,9.0,-1.09383741,0.000873461827,0.661852924,0.976592592,8.99999911,-1.8647278,-0.127418809,-1.20552475e-15
0.00244419531,-7.7830609e-15,9.0,-1.04624703,0.000858726645,0.661823453,0.98027831,8.99999911,-1.81774541,-0.12358249,-1.1852802e-15
0.00244519531,1.94670277e-16,9.0,-0.998641377,0.000843957562,0.661793915,0.983971227,8.99999911,-1.77072068,-0.119743577,-1.16498592e-15
0.00244619531,-5.9504995e-15,9.0,-0.951022562,0.000829155161,0.66176431,0.987671174,8.99999911,-1.72365575,-0.115902243,-1.14464269e-15
0.00244719531,-7.64610037e-15,9.0,-0.903392709,0.000814320027,0.66173464,0.991377982,8.99999911,-1.67655272,-0.112058658,-1.12425129e-15
0.00244819531,2.09562311e-16,9.0,-0.855753934,0.000799452744,0.661704905,0.995091482,8.99999911,-1.6294137,-0.108212996,-1.10381251e-15
0.00244919531,-6.19822979e-15,9.0,-0.808108344,0.000784553901,0.661675108,0.998811504,8.99999911,-1.5822408,-0.104365426,-1.08332713e-15
0.00245019531,-7.50033912e-15,9.0,-0.760458045,0.000769624084,0.661645248,1.00253788,8.99999911,-1.53503612,-0.10051612,-1.06279592e-15
0.00245119531,2.15183002e-16,9.0,-0.712805134,0.000754663885,0.661615328,1.00627044,8.99999911,-1.48780175,-0.0966652478,-1.0422197e-15
0.00245219531,-6.44052521e-15,9.0,-0.665151705,0.000739673892,0.661585348,1.01000903,8.99999911,-1.44053978,-0.09281298,-1.02159923e-15
0.00245319531,-7.34616948e-15,9.0,-0.617499845,0.000724654698,0.661555309,1.01375346,8.99999911,-1.39325231,-0.0889594859,-1.00093533e-15
0.00245419531,2.11463082e-16,9.0,-0.569851636,0.000709606897,0.661525214,1.01750357,8.99999911,-1.34594142,-0.0851049347,-9.80228772e-16
0.00245519531,-6.67688426e-15,9.0,-0.522209153,0.000694531081,0.661495062,1.0212592,8.99999911,-1.29860918,-0.0812494951,-9.59480366e-16
0.00245619531,-7.18400002e-15,9.0,-0.474574466,0.000679427846,0.661464856,1.02502017,8.99999911,-1.25125767,-0.0773933357,-9.38690908e-16
0.00245719531,1.98357859e-16,9.0,-0.426949639,0.000664297789,0.661434596,1.02878632,8.99999911,-1.20388896,-0.0735366242,-9.17861199e-16
0.00245819531,-6.90681599e-15,9.0,-0.379336728,0.000649141506,0.661404283,1.03255749,8.99999911,-1.15650511,-0.0696795281,-8.96992041e-16
0.00245919531,-7.01425458e-15,9.0,-0.331737785,0.000633959596,0.661373919,1.0363335,8.99999911,-1.10910817,-0.0658222145,-8.7608424e-16
0.00246019531,1.75847338e-16,9.0,-0.284154854,0.000618752659,0.661343505,1.04011419,8.99999911,-1.06170021,-0.0619648498,-8.55138601e-16
0.00246119531,-7.12984107e-15,9.0,-0.236589974,0.000603521294,0.661313043,1.0438994,8.99999911,-1.01428327,-0.0581076003,-8.34155934e-16
0.00246219531,-6.83737123e-15,9.0,-0.189045177,0.000588266103,0.661282532,1.04768895,8.99999911,-0.966859393,-0.0542506314,-8.13137049e-16
0.00246319531,1.43936291e-16,9.0,-0.141522486,0.000572987689,0.661251975,1.05148269,8.99999912,-0.919430614,-0.0503941084,-7.92082757e-16
0.00246419531,-7.34549288e-15,9.0,-0.0940239209,0.000557686654,0.661221373,1.05528044,8.99999912,-0.871998965,-0.0465381958,-7.70993872e-16
0.00246519531,-6.65380132e-15,9.0,-0.0465514917,0.000542363602,0.661190727,1.05908205,8.99999912,-0.824566472,-0.0426830577,-7.49871211e-16
0.00246619531,1.02080259e-16,9.0,0.000870020843,0.000527019139,0.661160038,1.06288549,8.99999912,-0.777157937,-0.0388307087,-7.2871559e-16
0.00246719531,-7.55272875e-15,9.0,0.0483054537,0.00051165387,0.661129308,1.06669603,8.99999912,-0.729708534,-0.0349758813,-7.07527828e-16
0.00246819531,-6.46346643e-15,9.0,0.0956904064,0.000496268402,0.661098537,1.07050845,8.99999912,-0.682282674,-0.0311238085,-6.86308746e-16
0.00246919531,5.09088285e-17,9.0,0.143035588,0.000480863342,0.661067727,1.07432359,8.99999912,-0.634869672,-0.0272736215,-6.65059166e-16
0.00247019531,-7.75224375e-15,9.0,0.190349964,0.000465439299,0.661036879,1.0781422,8.99999912,-0.587460584,-0.0234245928,-6.43779912e-16
0.00247119531,-6.26797416e-15,9.0,0.237621358,0.00044999688,0.661005994,1.08196328,8.99999912,-0.540067608,-0.0195777129,-6.22471808e-16
0.00247219531,-8.92379868e-18,9.0,0.284857338,0.000434536697,0.660975073,1.08578744,8.99999912,-0.492683196,-0.015732368,-6.01135682e-16
0.00247319531,-7.94307376e-15,9.0,0.332047056,0.000419059359,0.660944119,1.0896138,8.99999912,-0.445318221,-0.0118894405,-5.79772363e-16
0.00247419531,-6.06721922e-15,9.0,0.379196872,0.000403565477,0.660913131,1.09344286,8.99999912,-0.397966347,-0.00804841513,-5.58382679e-16
0.00247519531,-7.78883059e-17,9.0,0.426297094,0.000388055663,0.660882111,1.09727384,8.99999912,-0.350637292,-0.0042100804,-5.36967463e-16
0.00247619531,-8.12540448e-15,9.0,0.473329891,0.000372530529,0.660851061,1.10110528,8.99999912,-0.303348919,-0.000375886846,-5.15527546e-16
0.00247719531,-5.86108755e-15,9.0,0.520354505,0.000356990688,0.660819981,1.104942,8.99999912,-0.256042009,0.00345897784,-4.94063763e-16
0.00247819531,-1.55299056e-16,9.0,0.567311853,0.000341436754,0.660788874,1.10877918,8.99999912,-0.208775664,0.00728971223,-4.72576949e-16
0.00247919531,-8.29825563e-15,9.0,0.614207145,0.000325869341,0.660757739,1.11261725,8.99999912,-0.161544713,0.0111167376,-4.5106794e-16
0.00248019531,-5.65124714e-15,9.0,0.66105499,0.000310289063,0.660726578,1.11645738,8.99999912,-0.114334578,0.0149412395,-4.29537575e-16
0.00248119531,-2.42171351e-16,9.0,0.707838081,0.000294696535,0.660695393,1.12029818,8.99999912,-0.0671625967,0.0187618102,-4.07986693e-16
0.00248219531,-8.46126481e-15,9.0,0.75454567,0.000279092373,0.660664185,1.12413874,8.99999912,-0.0200395582,0.0225775743,-3.86416134e-16
0.00248319531,-5.43703181e-15,9.0,0.80123074,0.000263477193,0.660632954,1.12798339,8.99999912,0.0270874939,0.0263928353,-3.6482674e-16
0.00248419531,-3.37758439e-16,9.0,0.847816826,0.000247851611,0.660601703,1.13182589,8.99999912,0.0741420595,0.0302013788,-3.43219352e-16
0.00248519531,-8.61405711e-15,9.0,0.894348568,0.000232216245,0.660570433,1.13566986,8.99999912,0.121168735,0.0340068295,-3.21594817e-16
0.00248619531,-5.21895026e-15,9.0,0.940850541,0.000216571711,0.660539143,1.13951731,8.99999912,0.168192071,0.037811183,-2.99953977e-16
0.00248719531,-4.41872666e-16,9.0,0.987249576,0.000200918627,0.660507837,1.14336227,8.99999912,0.215138861,0.0416084923,-2.78297679e-16
0.00248819531,-8.7562857e-15,9.0,1.03358721,0.000185257611,0.660476515,1.14720811,8.99999912,0.262050599,0.0454021304,-2.56626771e-16
0.00248919531,-4.99933168e-15,9.0,1.07984441,0.000169589282,0.660445179,1.15105329,8.99999913,0.308908203,0.049190548,-2.34942099e-16
0.00249019531,-5.54263689e-16,9.0,1.12603545,0.000153914257,0.660413829,1.15489894,8.99999913,0.355725918,0.0529749038,-2.13244514e-16
0.00249119531,-8.88706896e-15,9.0,1.17214349,0.000138233157,0.660382466,1.1587437,8.99999913,0.402486848,0.0567538265,-1.91534865e-16
0.00249219531,-4.77750905e-15,9.0,1.2181808,0.000122546599,0.660351093,1.16258856,8.99999913,0.449203224,0.0605283112,-1.69814002e-16
0.00249319531,-6.74670099e-16,9.0,1.26413243,0.000106855203,0.66031971,1.16643228,8.99999913,0.495860062,0.0642971417,-1.48082778e-16
0.00249419531,-9.00672264e-15,9.0,1.31000892,9.11595885e-05,0.660288319,1.17027573,8.99999913,0.54246784,0.0680611708,-1.26342046e-16
0.00249519531,-4.55400453e-15,9.0,1.35579699,7.54603753e-05,0.660256921,1.1741178,8.99999913,0.589013241,0.071819318,-1.04592657e-16
0.00249619531,-8.02826497e-16,9.0,1.40150564,5.9758183e-05,0.660225516,1.17795923,8.99999913,0.635505216,0.0755723121,-8.28354671e-17
0.00249719531,-9.11498197e-15,9.0,1.44712306,4.40536317e-05,0.660194107,1.18179904,8.99999913,0.681931907,0.0793191911,-6.10713304e-17
0.00249819531,-4.32934085e-15,9.0,1.49265693,2.83473411e-05,0.660162695,1.18563786,8.99999913,0.728300934,0.0830605756,-3.93011025e-17
0.00249919531,-9.38446369e-16,9.0,1.5380967,1.26399315e-05,0.66013128,1.1894748,8.99999913,0.774601714,0.0867956075,-1.75256396e-17
0.00250019531,-9.21160507e-15,9.0,1.58344889,-3.06797715e-06,0.660099864,1.1933104,8.99999913,0.820840709,0.0905248132,4.25420137e-18
0.00250119531,-4.10404007e-15,9.0,1.62870409,-1.87757647e-05,0.660068448,1.19714388,8.99999913,0.86700845,0.0942474252,2.6037563e-17
0.00250219531,-1.08122274e-15,9.0,1.67386779,-3.4482811e-05,0.660037034,1.20097567,8.99999913,0.913110388,0.0979638879,4.78235873e-17
0.00250319531,-9.29637347e-15,9.0,1.71893157,-5.01884959e-05,0.660005623,1.20480507,8.99999913,0.959138033,0.101673513,6.96114156e-17
0.00250419531,-3.87862243e-15,9.0,1.76390006,-6.58921996e-05,0.659974216,1.20863246,8.99999913,1.00509596,0.105376675,9.14001889e-17
0.00250519531,-1.23082889e-15,9.0,1.80876566,-8.15933019e-05,0.659942813,1.21245721,8.99999913,1.05097652,0.109072753,1.13189048e-16
0.00250619531,-9.36909264e-15,9.0,1.85353225,-9.7291183e-05,0.659911418,1.21627962,8.99999913,1.09678353,0.112762059,1.34977132e-16
0.00250719531,-3.65360511e-15,9.0,1.89819299,-0.000112985223,0.65988003,1.22009912,8.99999913,1.14251011,0.116444036,1.56763581e-16
0.00250819531,-1.38691907e-15,9.0,1.94275109,-0.000128674803,0.65984865,1.22391596,8.99999913,1.18815938,0.120118941,1.78547534e-16
0.00250919531,-9.42959242e-15,9.0,1.98720037,-0.000144359303,0.659817281,1.22772963,8.99999913,1.23372513,0.123786268,2.00328131e-16
0.00251019531,-3.42950105e-15,9.0,2.03154345,-0.000160038104,0.659785924,1.23154033,8.99999913,1.2792099,0.127446228,2.22104509e-16
0.00251119531,-1.54912932e-15,9.0,2.07577475,-0.000175710587,0.659754579,1.23534759,8.99999913,1.32460805,0.131098364,2.43875807e-16
0.00251219531,-9.47772743e-15,9.0,2.11989638,-0.000191376133,0.659723248,1.23915158,8.99999913,1.36992163,0.134742844,2.65641163e-16
0.00251319531,-3.20681779e-15,9.0,2.16390326,-0.000207034124,0.659691932,1.24295186,8.99999913,1.4151455,0.138379252,2.87399715e-16
0.00251419531,-1.7170783e-15,9.0,2.20779706,-0.000222683941,0.659660632,1.24674856,8.99999913,1.46028126,0.142007721,3.091506e-16
0.00251519531,-9.51337736e-15,9.0,2.25157316,-0.000238324968,0.65962935,1.25054129,8.99999914,1.50532422,0.145627872,3.30892957e-16
0.00251619531,-2.98605628e-15,9.0,2.29523284,-0.000253956585,0.659598087,1.25433015,8.99999914,1.55027561,0.149239807,3.52625922e-16
0.00251719531,-1.89036817e-15,9.0,2.33877188,-0.000269578177,0.659566844,1.25811477,8.99999914,1.59513113,0.152843177,3.74348633e-16
0.00251819531,-9.53644729e-15,9.0,2.38219123,-0.000285189127,0.659535622,1.26189522,8.99999914,1.63989166,0.156438059,3.96060228e-16
0.00251919531,-2.76770973e-15,9.0,2.42548701,-0.000300788817,0.659504422,1.26567117,8.99999914,1.68455326,0.160024132,4.17759843e-16
0.00252019531,-2.06858551e-15,9.0,2.4686599,-0.000316376633,0.659473247,1.26944266,8.99999914,1.72911653,0.163601448,4.39446615e-16
0.00252119531,-9.54686791e-15,9.0,2.51170631,-0.000331951959,0.659442096,1.27320939,8.99999914,1.77357782,0.167169713,4.61119684e-16
0.00252219531,-2.5522625e-15,9.0,2.55462667,-0.00034751418,0.659410972,1.27697137,8.99999914,1.81793748,0.170728957,4.82778185e-16
0.00252319531,-2.25130224e-15,9.0,2.59741768,-0.000363062682,0.659379875,1.28072833,8.99999914,1.86219214,0.174278909,5.04421257e-16
0.00252419531,-9.54459565e-15,9.0,2.64007954,-0.000378596851,0.659348806,1.28448026,8.99999914,1.90634193,0.177819582,5.26048037e-16
0.00252519531,-2.34018898e-15,9.0,2.6826092,-0.000394116073,0.659317768,1.2882269,8.99999914,1.95038371,0.181350723,5.47657664e-16
0.00252619531,-2.43807665e-15,9.0,2.72500667,-0.000409619737,0.659286761,1.29196825,8.99999914,1.99431743,0.18487233,5.69249276e-16
0.00252719531,-9.52961279e-15,9.0,2.7672691,-0.000425107229,0.659255786,1.29570404,8.99999914,2.03814017,0.188384168,5.90822011e-16
0.00252819531,-2.1319525e-15,9.0,2.80939636,-0.000440577939,0.659224844,1.29943425,8.99999914,2.08185171,0.191886222,6.12375009e-16
0.00252919531,-2.6284544e-15,9.0,2.85138578,-0.000456031255,0.659193937,1.30315866,8.99999914,2.12544931,0.195378271,6.33907408e-16
0.00253019531,-9.50192757e-15,9.0,2.8932371,-0.000471466569,0.659163067,1.30687722,8.99999914,2.16893262,0.19886029,6.55418348e-16
0.00253119531,-1.92800427e-15,9.0,2.93494781,-0.000486883269,0.659132233,1.31058972,8.99999914,2.21229907,0.202332072,6.76906969e-16
0.00253219531,-2.82196959e-15,9.0,2.97651753,-0.000502280748,0.659101439,1.31429611,8.99999914,2.25554818,0.205793582,6.98372413e-16
0.00253319531,-9.46157407e-15,9.0,3.01794391,-0.000517658398,0.659070683,1.31799617,8.99999914,2.29867753,0.209244624,7.19813819e-16
0.00253419531,-1.72878236e-15,9.0,3.05922645,-0.000533015612,0.659039969,1.32168986,8.99999914,2.34168655,0.212685154,7.41230329e-16
0.00253519531,-3.0181458e-15,9.0,3.10036296,-0.000548351783,0.659009296,1.32537698,8.99999914,2.38457294,0.216114989,7.62621086e-16
0.00253619531,-9.40861225e-15,9.0,3.14135285,-0.000563666306,0.658978667,1.32905745,8.99999914,2.42733604,0.219534078,7.83985232e-16
0.00253719531,-1.5347107e-15,9.0,3.18219403,-0.000578958577,0.658948083,1.33273111,8.99999914,2.46997368,0.222942247,8.0532191e-16
0.00253819531,-3.21649723e-15,9.0,3.22288585,-0.000594227991,0.658917544,1.33639787,8.99999914,2.51248512,0.226339439,8.26630264e-16
0.00253919531,-9.34312773e-15,9.0,3.26342633,-0.000609473947,0.658887052,1.34005756,8.99999914,2.55486831,0.229725488,8.47909439e-16
0.00254019531,-1.34619812e-15,9.0,3.30381475,-0.000624695841,0.658856608,1.3437101,8.99999914,2.59712242,0.233100332,8.6915858e-16
0.00254119531,-3.41652982e-15,9.0,3.34404924,-0.000639893073,0.658826214,1.34735532,8.99999914,2.63924551,0.236463814,8.90376835e-16
0.00254219531,-9.26523167e-15,9.0,3.38412902,-0.000655065044,0.65879587,1.35099314,8.99999915,2.68123671,0.239815867,9.11563348e-16
0.00254319531,-1.16363741e-15,9.0,3.42405231,-0.000670211153,0.658765578,1.3546234,8.99999915,2.72309414,0.243156342,9.32717269e-16
0.00254419531,-3.61774239e-15,9.0,3.4638183,-0.000685330804,0.658735338,1.35824601,8.99999915,2.76481691,0.246485167,9.53837746e-16
0.00254519531,-9.1750605e-15,9.0,3.50342526,-0.000700423399,0.658705153,1.36186081,8.99999915,2.8064032,0.2498022,9.74923928e-16
0.00254619531,-9.87404432e-16,9.0,3.54287237,-0.000715488343,0.658675023,1.36546772,8.99999915,2.8478521,0.253107366,9.95974967e-16
0.00254719531,-3.81962779e-15,9.0,3.58215797,-0.00073052504,0.65864495,1.36906659,8.99999915,2.88916185,0.256400529,1.01699001e-15
0.00254819531,-9.0727756e-15,9.0,3.62128119,-0.000745532897,0.658614934,1.37265732,8.99999915,2.93033151,0.259681613,1.03796822e-15
0.00254919531,-8.17857284e-16,9.0,3.66024047,-0.000760511323,0.658584977,1.37623977,8.99999915,2.9713594,0.262950484,1.05890874e-15
0.00255019531,-4.02167411e-15,9.0,3.69903489,-0.000775459724,0.658555081,1.37981385,8.99999915,3.01224453,0.266207067,1.07981073e-15
0.00255119531,-8.958563e-15,9.0,3.73766297,-0.000790377512,0.658525245,1.38337941,8.99999915,3.0529853,0.269451233,1.10067335e-15
0.00255219531,-6.55335475e-16,9.0,3.77612377,-0.000805264096,0.658495472,1.38693636,8.99999915,3.0935807,0.272682903,1.12149574e-15
0.00255319531,-4.22336587e-15,9.0,3.81441584,-0.000820118891,0.658465762,1.39048457,8.99999915,3.13402918,0.275901954,1.14227708e-15
0.00255419531,-8.8326329e-15,9.0,3.85253826,-0.000834941308,0.658436117,1.39402392,8.99999915,3.17432971,0.279108306,1.16301652e-15
0.00255519531,-5.0015917e-16,9.0,3.89048963,-0.000849730764,0.658406538,1.3975543,8.99999915,3.2144808,0.282301841,1.18371321e-15
0.00255619531,-4.42418518e-15,9.0,3.928269,-0.000864486673,0.658377027,1.40107561,8.99999915,3.2544814,0.285482476,1.20436633e-15
0.00255719531,-8.69521926e-15,9.0,3.96587502,-0.000879208454,0.658347583,1.40458771,8.99999915,3.29433008,0.288650098,1.22497503e-15
0.00255819531,-3.52628468e-16,9.0,4.00330675,-0.000893895526,0.658318209,1.40809051,8.99999915,3.33402578,0.291804625,1.24553849e-15
0.00255919531,-4.62361299e-15,9.0,4.04056288,-0.000908547308,0.658288905,1.41158388,8.99999915,3.37356711,0.294945945,1.26605586e-15
0.00256019531,-8.54657923e-15,9.0,4.07764247,-0.000923163222,0.658259674,1.41506773,8.99999915,3.412953,0.298073977,1.28652632e-15
0.00256119531,-2.13022735e-16,9.0,4.11454424,-0.000937742691,0.658230515,1.41854192,8.99999915,3.4521821,0.301188612,1.30694902e-15
0.00256219531,-4.82113031e-15,9.0,4.15126725,-0.00095228514,0.65820143,1.42200636,8.99999915,3.49125335,0.304289769,1.32732316e-15
0.00256319531,-8.38699265e-15,9.0,4.18781028,-0.000966789994,0.65817242,1.42546094,8.99999915,3.53016544,0.307377343,1.34764789e-15
0.00256419531,-8.15999764e-17,9.0,4.22417238,-0.000981256681,0.658143487,1.42890554,8.99999915,3.5689173,0.310451252,1.36792239e-15
0.00256519531,-5.01621936e-15,9.0,4.26035235,-0.000995684629,0.658114631,1.43234006,8.99999915,3.60750765,0.313511394,1.38814584e-15
0.00256619531,-8.21676134e-15,9.0,4.29634927,-0.00101007327,0.658085853,1.4357644,8.99999915,3.64593545,0.316557687,1.40831741e-15
0.00256719531,4.14037317e-17,9.0,4.33216197,-0.00102442203,0.658057156,1.43917843,8.99999915,3.68419943,0.319590033,1.42843628e-15
0.00256819531,-5.20836485e-15,9.0,4.36778952,-0.00103873036,0.658028539,1.44258207,8.99999915,3.72229856,0.322608351,1.44850163e-15
0.00256919531,-8.03620849e-15,9.0,4.4032308,-0.00105299767,0.658000005,1.44597519,8.99999915,3.76023161,0.325612543,1.46851265e-15
0.00257019531,1.55774764e-16,9.0,4.43848489,-0.00106722342,0.657971553,1.44935771,8.99999915,3.79799755,0.32860253,1.48846852e-15
0.00257119531,-5.39705515e-15,9.0,4.47355068,-0.00108140703,0.657943186,1.4527295,8.99999916,3.83559517,0.331578217,1.50836843e-15
0.00257219531,-7.84567793e-15,9.0,4.50842727,-0.00109554795,0.657914904,1.45609048,8.99999916,3.87302346,0.334539525,1.52821156e-15
0.00257319531,2.61322413e-16,9.0,4.5431136,-0.00110964562,0.657886709,1.45944054,8.99999916,3.91028124,0.337486362,1.5479971e-15
0.00257419531,-5.5817835e-15,9.0,4.57760875,-0.00112369948,0.657858601,1.46277957,8.99999916,3.94736751,0.340418649,1.56772425e-15
0.00257519531,-7.64553333e-15,9.0,4.6119117,-0.00113770898,0.657830582,1.46610747,8.99999916,3.98428112,0.343336297,1.58739219e-15
0.00257619531,3.57879305e-16,9.0,4.64602156,-0.00115167357,0.657802653,1.46942414,8.99999916,4.02102107,0.346239227,1.60700013e-15
0.00257719531,-5.76204921e-15,9.0,4.6799373,-0.00116559269,0.657774815,1.47272949,8.99999916,4.05758624,0.349127353,1.62654727e-15
0.00257819531,-7.43615744e-15,9.0,4.71365807,-0.00117946579,0.657747068,1.47602341,8.99999916,4.09397564,0.352000596,1.64603279e-15
0.00257919531,4.45301755e-16,9.0,4.74718286,-0.00119329234,0.657719415,1.4793058,8.99999916,4.13018817,0.354858873,1.66545592e-15
0.00258019531,-5.93735879e-15,9.0,4.78051083,-0.00120707177,0.657691856,1.48257657,8.99999916,4.16622287,0.357702107,1.68481584e-15
0.00258119531,-7.21795119e-15,9.0,4.813641,-0.00122080355,0.657664393,1.48583562,8.99999916,4.20207865,0.360530214,1.70411177e-15
0.00258219531,5.23470075e-16,9.0,4.84657254,-0.00123448713,0.657637026,1.48908285,8.99999916,4.23775457,0.36334312,1.72334291e-15
0.00258319531,-6.10722717e-15,9.0,4.8793045,-0.00124812198,0.657609756,1.49231816,8.99999916,4.27324956,0.366140744,1.74250848e-15
0.00258419531,-6.99133284e-15,9.0,4.91183605,-0.00126170755,0.657582585,1.49554147,8.99999916,4.30856269,0.368923011,1.76160769e-15
0.00258519531,5.92288819e-16,9.0,4.94416628,-0.00127524332,0.657555513,1.49875267,8.99999916,4.34369292,0.371689842,1.78063976e-15
0.00258619531,-6.27117883e-15,9.0,4.97629437,-0.00128872874,0.657528543,1.50195167,8.99999916,4.37863932,0.374441165,1.7996039e-15
0.00258719531,-6.756737e-15,9.0,5.00821944,-0.00130216328,0.657501673,1.50513838,8.99999916,4.4134009,0.377176902,1.81849933e-15
0.00258819531,6.51686973e-16,9.0,5.03994067,-0.00131554642,0.657474907,1.5083127,8.99999916,4.44797672,0.379896982,1.83732528e-15
0.00258919531,-6.42874887e-15,9.0,5.0714572,-0.00132887762,0.657448245,1.51147454,8.99999916,4.4823658,0.382601328,1.85608098e-15
0.00259019531,-6.51461371e-15,9.0,5.10276824,-0.00134215636,0.657421687,1.51462382,8.99999916,4.51656725,0.38528987,1.87476565e-15
0.00259119531,7.01618088e-16,9.0,5.13387295,-0.00135538211,0.657395236,1.51776044,8.99999916,4.5505801,0.387962535,1.89337851e-15
0.00259219531,-6.57948419e-15,9.0,5.16477056,-0.00136855436,0.657368891,1.5208843,8.99999916,4.58440346,0.390619253,1.91191882e-15
0.00259319531,-6.26542739e-15,9.0,5.19546024,-0.00138167257,0.657342655,1.52399533,8.99999916,4.61803639,0.393259952,1.93038579e-15
0.00259419531,7.42060357e-16,9.0,5.22594123,-0.00139473624,0.657316528,1.52709343,8.99999916,4.65147801,0.395884564,1.94877868e-15
0.00259519531,-6.72294449e-15,9.0,5.25621275,-0.00140774485,0.65729051,1.53017851,8.99999916,4.6847274,0.398493018,1.96709672e-15
0.00259619531,-6.00965584e-15,9.0,5.28627403,-0.00142069788,0.657264604,1.53325049,8.99999916,4.71778371,0.401085249,1.98533915e-15
0.00259719531,7.73016633e-16,9.0,5.31612431,-0.00143359483,0.65723881,1.53630927,8.99999916,4.75064603,0.403661186,2.00350523e-15
0.00259819531,-6.85870337e-15,9.0,5.34576285,-0.00144643518,0.65721313,1.53935478,8.99999916,4.78331352,0.406220765,2.0215942e-15
0.00259919531,-5.74778917e-15,9.0,5.3751889,-0.00145921843,0.657187563,1.54238693,8.99999916,4.8157853,0.408763918,2.03960531e-15
0.00260019531,7.94514385e-16,9.0,5.40440175,-0.00147194407,0.657162112,1.54540562,8.99999916,4.84806054,0.411290582,2.05753782e-15
0.00260119531,-6.9863493e-15,9.0,5.43340067,-0.0014846116,0.657136777,1.54841078,8.99999916,4.88013837,0.413800689,2.07539099e-15
0.00260219531,-5.48032867e-15,9.0,5.46218494,-0.00149722052,0.657111559,1.55140233,8.99999917,4.91201798,0.416294179,2.09316409e-15
0.00260319531,8.06605607e-16,9.0,5.49075387,-0.00150977033,0.657086459,1.55438018,8.99999917,4.94369854,0.418770985,2.11085636e-15
0.00260419531,-7.10548664e-15,9.0,5.51910676,-0.00152226054,0.657061479,1.55734424,8.99999917,4.97517923,0.421231048,2.12846709e-15
0.00260519531,-5.20778575e-15,9.0,5.54724292,-0.00153469066,0.657036619,1.56029444,8.99999917,5.00645924,0.423674303,2.14599554e-15
0.00260619531,8.09366657e-16,9.0,5.57516169,-0.00154706019,0.65701188,1.56323069,8.99999917,5.03753779,0.426100692,2.16344098e-15
0.00260719531,-7.21573655e-15,9.0,5.60286239,-0.00155936864,0.656987263,1.56615292,8.99999917,5.06841406,0.428510153,2.1808027e-15
0.00260819531,-4.93068078e-15,9.0,5.63034437,-0.00157161553,0.656962769,1.56906104,8.99999917,5.09908729,0.430902626,2.19807997e-15
0.00260919531,8.02898049e-16,9.0,5.65760697,-0.00158380037,0.656938399,1.57195498,8.99999917,5.1295567,0.433278053,2.21527207e-15
0.00261019531,-7.31673791e-15,9.0,5.68464957,-0.00159592269,0.656914155,1.57483465,8.99999917,5.15982153,0.435636375,2.2323783e-15
0.00261119531,-4.64954189e-15,9.0,5.71147151,-0.00160798201,0.656890036,1.57769997,8.99999917,5.189881,0.437977535,2.24939794e-15
0.00261219531,7.87324182e-16,9.0,5.73807219,-0.00161997784,0.656866044,1.58055088,8.99999917,5.21973439,0.440301476,2.26633028e-15
0.00261319531,-7.40814821e-15,9.0,5.76445098,-0.00163190972,0.656842181,1.58338729,8.99999917,5.24938095,0.44260814,2.28317461e-15
0.00261419531,-4.36490386e-15,9.0,5.79060728,-0.00164377718,0.656818446,1.58620913,8.99999917,5.27881994,0.444897474,2.29993025e-15
0.00261519531,7.62793015e-16,9.0,5.8165405,-0.00165557974,0.656794841,1.58901632,8.99999917,5.30805063,0.447169422,2.31659649e-15
0.00261619531,-7.48964434e-15,9.0,5.84225004,-0.00166731695,0.656771366,1.59180878,8.99999917,5.33707233,0.44942393,2.33317264e-15
0.00261719531,-4.07730689e-15,9.0,5.86773531,-0.00167898833,0.656748023,1.59458645,8.99999917,5.36588431,0.451660944,2.34965801e-15
0.00261819531,7.29475691e-16,9.0,5.89299577,-0.00169059342,0.656724813,1.59734924,8.99999917,5.39448588,0.453880411,2.36605191e-15
0.00261919531,-7.56092339e-15,9.0,5.91803082,-0.00170213178,0.656701736,1.60009709,8.99999917,5.42287633,0.45608228,2.38235365e-15
0.00262019531,-3.78729541e-15,9.0,5.94283992,-0.00171360294,0.656678794,1.60282991,8.99999917,5.45105501,0.458266498,2.39856257e-15
0.00262119531,6.875661e-16,9.0,5.96742253,-0.00172500644,0.656655987,1.60554765,8.99999917,5.47902121,0.460433015,2.41467797e-15
0.00262219531,-7.62170339e-15,9.0,5.9917781,-0.00173634185,0.656633316,1.60825022,8.99999917,5.50677428,0.46258178,2.4306992e-15
0.00262319531,-3.49541688e-15,9.0,6.0159061,-0.00174760871,0.656610783,1.61093756,8.99999917,5.53431355,0.464712743,2.44662558e-15
0.00262419531,6.37280391e-16,9.0,6.03980601,-0.00175880658,0.656588387,1.6136096,8.99999917,5.56163838,0.466825857,2.46245644e-15
0.00262519531,-7.671724e-15,9.0,6.06347732,-0.00176993501,0.65656613,1.61626626,8.99999917,5.58874812,0.468921072,2.47819113e-15
0.00262619531,-3.20222055e-15,9.0,6.08691951,-0.00178099357,0.656544013,1.61890748,8.99999917,5.61564213,0.470998341,2.49382899e-15
0.00262719531,5.78856435e-16,9.0,6.11013209,-0.00179198182,0.656522036,1.62153319,8.99999917,5.64231978,0.473057617,2.50936936e-15
0.00262819531,-7.71074714e-15,9.0,6.13311457,-0.00180289932,0.656500201,1.62414332,8.99999917,5.66878045,0.475098853,2.5248116e-15
0.00262919531,-2.90825626e-15,9.0,6.15586646,-0.00181374565,0.656478509,1.62673781,8.99999917,5.69502353,0.477122003,2.54015505e-15
0.00263019531,5.12553235e-16,9.0,6.17838729,-0.00182452037,0.656456959,1.62931658,8.99999917,5.72104841,0.479127023,2.55539908e-15
0.00263119531,-7.7385576e-15,9.0,6.20067659,-0.00183522307,0.656435554,1.63187957,8.99999917,5.7468545,0.481113868,2.57054304e-15
0.00263219531,-2.61407321e-15,9.0,6.22273391,-0.00184585331,0.656414293,1.63442671,8.99999917,5.77244119,0.483082494,2.58558631e-15
0.00263319531,4.38650282e-16,9.0,6.24455878,-0.00185641068,0.656393179,1.63695794,8.99999917,5.79780791,0.485032858,2.60052826e-15
0.00263419531,-7.75496355e-15,9.0,6.26615078,-0.00186689477,0.65637221,1.6394732,8.99999917,5.82295409,0.486964916,2.61536824e-15
0.00263519531,-2.32021875e-15,9.0,6.28750945,-0.00187730515,0.65635139,1.64197242,8.99999917,5.84787914,0.488878628,2.63010566e-15
0.00263619531,3.57446873e-16,9.0,6.30863438,-0.00188764142,0.656330717,1.64445553,8.99999917,5.87258252,0.490773951,2.64473987e-15
0.00263719531,-7.75979706e-15,9.0,6.32952514,-0.00189790317,0.656310194,1.64692248,8.99999917,5.89706367,0.492650844,2.65927028e-15
0.00263819531,-2.02723718e-15,9.0,6.35018132,-0.00190809,0.65628982,1.6493732,8.99999917,5.92132203,0.494509268,2.67369628e-15
0.00263919531,2.69261373e-16,9.0,6.37060251,-0.00191820149,0.656269597,1.65180763,8.99999918,5.94535708,0.496349183,2.68801724e-15
0.00264019531,-7.75291451e-15,9.0,6.39078832,-0.00192823726,0.656249525,1.65422571,8.99999918,5.96916828,0.498170549,2.70223259e-15
0.00264119531,-1.73566853e-15,9.0,6.41073834,-0.0019381969,0.656229606,1.65662737,8.99999918,5.99275511,0.499973329,2.71634171e-15
0.00264219531,1.74430438e-16,9.0,6.43045221,-0.00194808003,0.65620984,1.65901257,8.99999918,6.01611704,0.501757484,2.73034401e-15
0.00264319531,-7.73419699e-15,9.0,6.44992954,-0.00195788625,0.656190228,1.66138123,8.99999918,6.03925357,0.503522977,2.74423891e-15
0.00264419531,-1.44604734e-15,9.0,6.46916997,-0.00196761518,0.65617077,1.6637333,8.99999918,6.06216419,0.505269771,2.75802582e-15
0.00264519531,7.33081911e-17,9.0,6.48817312,-0.00197726643,0.656151467,1.66606872,8.99999918,6.08484841,0.506997831,2.77170416e-15
0.00264619531,-7.70355057e-15,9.0,6.50693866,-0.00198683962,0.656132321,1.66838743,8.99999918,6.10730574,0.50870712,2.78527335e-15
0.00264719531,-1.15890156e-15,9.0,6.52546622,-0.00199633437,0.656113331,1.67068938,8.99999918,6.12953569,0.510397604,2.79873283e-15
0.00264819531,-3.37346367e-17,9.0,6.54375548,-0.00200575031,0.656094499,1.6729745,8.99999918,6.1515378,0.512069249,2.81208202e-15
0.00264919531,-7.66090664e-15,9.0,6.56180609,-0.00201508707,0.656075826,1.67524275,8.99999918,6.17331158,0.513722019,2.82532037e-15
0.00265019531,-8.74751295e-16,9.0,6.57961774,-0.00202434428,0.656057311,1.67749406,8.99999918,6.19485659,0.515355884,2.83844732e-15
0.00265119531,-1.46311612e-16,9.0,6.59719009,-0.00203352156,0.656038957,1.67972838,8.99999918,6.21617235,0.516970808,2.8514623e-15
0.00265219531,-7.60622206e-15,9.0,6.61452285,-0.00204261857,0.656020763,1.68194565,8.99999918,6.23725844,0.518566761,2.86436478e-15
0.00265319531,-5.94107719e-16,9.0,6.63161571,-0.00205163494,0.65600273,1.68414583,8.99999918,6.2581144,0.520143711,2.87715421e-15
0.00265419531,-2.64021536e-16,9.0,6.64846836,-0.00206057031,0.655984859,1.68632885,8.99999918,6.2787398,0.521701626,2.88983004e-15
0.00265519531,-7.53947934e-15,9.0,6.66508052,-0.00206942434,0.655967151,1.68849467,8.99999918,6.29913422,0.523240477,2.90239176e-15
0.00265619531,-3.17471934e-16,9.0,6.6814519,-0.00207819667,0.655949607,1.69064323,8.99999918,6.31929723,0.524760233,2.91483881e-15
0.00265719531,-3.86449417e-16,9.0,6.69758222,-0.00208688695,0.655932226,1.69277447,8.99999918,6.33922841,0.526260865,2.92717068e-15
0.00265819531,-7.4606867e-15,9.0,6.71347122,-0.00209549485,0.65591501,1.69488835,8.99999918,6.35892737,0.527742344,2.93938685e-15
0.00265919531,-4.53338662e-17,9.0,6.72911862,-0.00210402002,0.65589796,1.69698482,8.99999918,6.37839369,0.529204642,2.95148679e-15
0.00266019531,-5.13167479e-16,9.0,6.74452418,-0.00211246213,0.655881076,1.69906382,8.99999918,6.39762699,0.53064773,2.96347001e-15
0.00266119531,-7.36987814e-15,9.0,6.75968764,-0.00212082084,0.655864358,1.7011253,8.99999918,6.41662687,0.532071582,2.97533599e-15
0.00266219531,2.218288e-16,9.0,6.77460875,-0.00212909583,0.655847808,1.70316922,8.99999918,6.43539296,0.533476171,2.98708422e-15
0.00266319531,-6.43736193e-16,9.0,6.78928729,-0.00213728676,0.655831426,1.70519552,8.99999918,6.45392487,0.534861471,2.99871422e-15
0.00266419531,-7.26711341e-15,9.0,6.80372301,-0.00214539332,0.655815213,1.70720416,8.99999918,6.47222224,0.536227456,3.01022549e-15
0.00266519531,4.83551671e-16,9.0,6.81791569,-0.00215341518,0.65579917,1.70919508,8.99999918,6.49028471,0.537574101,3.02161754e-15
0.00266619531,-7.77705346e-16,9.0,6.83186512,-0.00216135202,0.655783296,1.71116825,8.99999918,6.50811191,0.53890138,3.03288989e-15
0.00266719531,-7.1524779e-15,9.0,6.84557107,-0.00216920354,0.655767593,1.71312361,8.99999918,6.52570351,0.540209271,3.04404206e-15
0.00266819531,7.39384653e-16,9.0,6.85903336,-0.00217696943,0.655752061,1.71506111,8.99999918,6.54305914,0.54149775,3.05507358e-15
0.00266919531,-9.14615128e-16,9.0,6.87225177,-0.00218464937,0.655736701,1.71698071,8.99999918,6.56017849,0.542766792,3.06598398e-15
0.00267019531,-7.02608252e-15,9.0,6.88522612,-0.00219224306,0.655721514,1.71888237,8.99999918,6.57706121,0.544016377,3.0767728e-15
0.00267119531,9.88892936e-16,9.0,6.89795621,-0.00219975021,0.6557065,1.72076603,8.99999918,6.59370698,0.54524648,3.08743958e-15
0.00267219531,-1.05399724e-15,9.0,6.91044187,-0.00220717052,0.655691659,1.72263165,8.99999918,6.61011548,0.546457082,3.09798387e-15
0.00267319531,-6.8880635e-15,9.0,6.92268292,-0.00221450369,0.655676993,1.72447919,8.99999918,6.62628639,0.547648161,3.10840522e-15
0.00267419531,1.23165794e-15,9.0,6.93467919,-0.00222174943,0.655662501,1.72630861,8.99999918,6.64221942,0.548819696,3.11870319e-15
0.00267519531,-1.19537604e-15,9.0,6.94643053,-0.00222890747,0.655648185,1.72811985,8.99999918,6.65791426,0.549971667,3.12887734e-15
0.00267619531,-6.73858211e-15,9.0,6.95793678,-0.00223597751,0.655634045,1.72991289,8.99999918,6.6733706,0.551104054,3.13892724e-15
0.00267719531,1.46727819e-15,9.0,6.96919777,-0.00224295928,0.655620081,1.73168766,8.99999918,6.68858817,0.552216839,3.14885246e-15
0.00267819531,-1.33826966e-15,9.0,6.98021338,-0.0022498525,0.655606295,1.73344414,8.99999918,6.70356669,0.553310003,3.15865258e-15
0.00267919531,-6.57782439e-15,9.0,6.99098347,-0.0022566569,0.655592686,1.73518228,8.99999918,6.71830586,0.554383526,3.16832719e-15
0.00268019531,1.69537026e-15,9.0,7.00150789,-0.00226337221,0.655579256,1.73690204,8.99999918,6.73280542,0.555437393,3.17787586e-15
0.00268119531,-1.48219122e-15,9.0,7.01178653,-0.00226999817,0.655566004,1.73860338,8.99999918,6.74706511,0.556471585,3.18729821e-15
0.00268219531,-6.40600073e-15,9.0,7.02181927,-0.00227653451,0.655552931,1.74028626,8.99999918,6.76108467,0.557486086,3.19659382e-15
0.00268319531,1.91556948e-15,9.0,7.03160598,-0.00228298098,0.655540038,1.74195063,8.99999918,6.77486383,0.558480879,3.2057623e-15
0.00268419531,-1.62664995e-15,9.0,7.04114657,-0.00228933732,0.655527325,1.74359646,8.99999918,6.78840236,0.559455948,3.21480325e-15
0.00268519531,-6.22334549e-15,9.0,7.05044092,-0.00229560328,0.655514793,1.74522371,8.99999918,6.80170001,0.560411279,3.22371631e-15
0.00268619531,2.12753084e-15,9.0,7.05948895,-0.00230177861,0.655502443,1.74683234,8.99999918,6.81475654,0.561346857,3.23250108e-15
0.00268719531,-1.77115243e-15,9.0,7.06829055,-0.00230786308,0.655490274,1.74842232,8.99999918,6.82757171,0.562262666,3.24115719e-15
0.00268819531,-6.03011649e-15,9.0,7.07684565,-0.00231385643,0.655478287,1.7499936,8.99999918,6.84014532,0.563158693,3.24968427e-15
0.00268919531,2.33092961e-15,9.0,7.08515417,-0.00231975844,0.655466483,1.75154615,8.99999919,6.85247713,0.564034924,3.25808196e-15
0.00269019531,-1.91520373e-15,9.0,7.09321602,-0.00232556886,0.655454862,1.75307992,8.99999919,6.86456692,0.564891347,3.2663499e-15
0.00269119531,-5.82659447e-15,9.0,7.10103114,-0.00233128748,0.655443425,1.7545949,8.99999919,6.8764145,0.565727948,3.27448775e-15
0.00269219531,2.52546213e-15,9.0,7.10859946,-0.00233691406,0.655432172,1.75609103,8.99999919,6.88801965,0.566544716,3.28249514e-15
0.00269319531,-2.05830865e-15,9.0,7.11592093,-0.00234244839,0.655421103,1.75756828,8.99999919,6.89938218,0.567341638,3.29037174e-15
0.00269419531,-5.61308254e-15,9.0,7.1229955,-0.00234789024,0.65541022,1.75902663,8.99999919,6.9105019,0.568118704,3.29811722e-15
0.00269519531,2.71084637e-15,9.0,7.12982312,-0.00235323939,0.655399521,1.76046602,8.99999919,6.92137861,0.568875903,3.30573125e-15
0.00269619531,-2.19997289e-15,9.0,7.13640375,-0.00235849565,0.655389009,1.76188644,8.99999919,6.93201214,0.569613224,3.31321349e-15
0.00269719531,-5.38990552e-15,9.0,7.14273734,-0.0023636588,0.655378682,1.76328783,8.99999919,6.94240231,0.570330657,3.32056363e-15
0.00269819531,2.88682255e-15,9.0,7.14882387,-0.00236872863,0.655368543,1.76467019,8.99999919,6.95254895,0.571028193,3.32778136e-15
0.00269919531,-2.33970426e-15,9.0,7.15466332,-0.00237370495,0.65535859,1.76603346,8.99999919,6.96245188,0.571705823,3.33486637e-15
0.00270019531,-5.15740924e-15,9.0,7.16025566,-0.00237858756,0.655348825,1.76737761,8.99999919,6.97211096,0.572363538,3.34181835e-15
0.00270119531,3.05315369e-15,9.0,7.16560088,-0.00238337627,0.655339247,1.76870262,8.99999919,6.98152603,0.573001329,3.34863701e-15
0.00270219531,-2.47701387e-15,9.0,7.17069897,-0.00238807088,0.655329858,1.77000846,8.99999919,6.99069693,0.57361919,3.35532206e-15
0.00270319531,-4.91595984e-15,9.0,7.17554993,-0.00239267122,0.655320658,1.77129508,8.99999919,6.99962353,0.574217111,3.36187321e-15
0.00270419531,3.20962606e-15,9.0,7.18015375,-0.0023971771,0.655311646,1.77256246,8.99999919,7.00830567,0.574795088,3.36829018e-15
0.00270519531,-2.61141731e-15,9.0,7.18451044,-0.00240158835,0.655302823,1.77381058,8.99999919,7.01674323,0.575353113,3.3745727e-15
0.00270619531,-4.66594296e-15,9.0,7.18862001,-0.00240590478,0.65529419,1.77503939,8.99999919,7.02493608,0.57589118,3.3807205e-15
0.00270719531,3.35604963e-15,9.0,7.19248249,-0.00241012623,0.655285748,1.77624887,8.99999919,7.0328841,0.576409283,3.38673331e-15
0.00270819531,-2.74243584e-15,9.0,7.19609788,-0.00241425254,0.655277495,1.777439,8.99999919,7.04058716,0.576907417,3.39261089e-15
0.00270919531,-4.40776295e-15,9.0,7.19946622,-0.00241828353,0.655269433,1.77860973,8.99999919,7.04804515,0.577385577,3.39835297e-15
0.00271019531,3.49225845e-15,9.0,7.20258754,-0.00242221906,0.655261562,1.77976105,8.99999919,7.05525796,0.577843759,3.40395931e-15
0.00271119531,-2.86959751e-15,9.0,7.20546188,-0.00242605896,0.655253882,1.78089293,8.99999919,7.06222549,0.578281958,3.40942968e-15
0.00271219531,-4.14184196e-15,9.0,7.20808927,-0.00242980308,0.655246394,1.78200533,8.99999919,7.06894764,0.578700172,3.41476384e-15
0.00271319531,3.61811096e-15,9.0,7.21046977,-0.00243345128,0.655239097,1.78309823,8.99999919,7.07542432,0.579098396,3.41996155e-15
0.00271419531,-2.99243838e-15,9.0,7.21260342,-0.00243700341,0.655231993,1.78417161,8.99999919,7.08165543,0.579476628,3.42502261e-15
0.00271519531,-3.86861905e-15,9.0,7.21449028,-0.00244045933,0.655225081,1.78522544,8.99999919,7.0876409,0.579834866,3.42994678e-15
0.00271619531,3.73349024e-15,9.0,7.21613042,-0.0024438189,0.655218362,1.78625968,8.99999919,7.09338065,0.580173108,3.43473387e-15
0.00271719531,-3.11050357e-15,9.0,7.21752389,-0.002447082,0.655211836,1.78727433,8.99999919,7.09887459,0.580491351,3.43938366e-15
0.00271819531,-3.58854928e-15,9.0,7.21867078,-0.00245024849,0.655205503,1.78826934,8.99999919,7.10412267,0.580789596,3.44389595e-15
0.00271919531,3.83830425e-15,9.0,7.21957116,-0.00245331825,0.655199363,1.7892447,8.99999919,7.10912482,0.58106784,3.44827057e-15
0.00272019531,-3.22334842e-15,9.0,7.2202251,-0.00245629116,0.655193418,1.79020038,8.99999919,7.11388098,0.581326083,3.4525073e-15
0.00272119531,-3.30210266e-15,9.0,7.2206327,-0.0024591671,0.655187666,1.79113635,8.99999919,7.1183911,0.581564327,3.45660598e-15
0.00272219531,3.93248593e-15,9.0,7.22079404,-0.00246194595,0.655182108,1.79205261,8.99999919,7.12265512,0.58178257,3.46056643e-15
0.00272319531,-3.33053956e-15,9.0,7.22070923,-0.00246462761,0.655176745,1.79294911,8.99999919,7.126673,0.581980814,3.46438848e-15
0.00272419531,-3.00976319e-15,9.0,7.22037836,-0.00246721197,0.655171576,1.79382584,8.99999919,7.13044471,0.582159059,3.46807197e-15
0.00272519531,4.01599334e-15,9.0,7.21980153,-0.00246969893,0.655166602,1.79468277,8.99999919,7.13397021,0.582317308,3.47161673e-15
0.00272619531,-3.43165598e-15,9.0,7.21897886,-0.00247208839,0.655161823,1.79551989,8.99999919,7.13724947,0.582455563,3.47502262e-15
0.00272719531,-2.71202779e-15,9.0,7.21791047,-0.00247438026,0.655157239,1.79633717,8.99999919,7.14028246,0.582573825,3.47828949e-15
0.00272819531,4.08880966e-15,9.0,7.21659646,-0.00247657444,0.655152851,1.79713459,8.99999919,7.14306917,0.582672098,3.4814172e-15
0.00272919531,-3.52629001e-15,9.0,7.21503697,-0.00247867085,0.655148658,1.79791213,8.99999919,7.14560957,0.582750384,3.48440561e-15
0.00273019531,-2.4094052e-15,9.0,7.21323212,-0.00248066941,0.655144661,1.79866977,8.99999919,7.14790366,0.582808687,3.48725461e-15
0.00273119531,4.15094318e-15,9.0,7.21118205,-0.00248257003,0.65514086,1.79940749,8.99999919,7.14995144,0.582847011,3.48996406e-15
0.00273219531,-3.61404842e-15,9.0,7.2088869,-0.00248437265,0.655137255,1.80012526,8.99999919,7.1517529,0.58286536,3.49253384e-15
0.00273319531,-2.10241493e-15,9.0,7.2063468,-0.00248607719,0.655133846,1.80082308,8.99999919,7.15330804,0.582863739,3.49496386e-15
0.00273419531,4.20242721e-15,9.0,7.20356191,-0.00248768358,0.655130633,1.80150092,8.99999919,7.15461687,0.582842153,3.497254e-15
0.00273519531,-3.69455329e-15,9.0,7.20053238,-0.00248919176,0.655127616,1.80215876,8.99999919,7.15567942,0.582800608,3.49940417e-15
0.00273619531,-1.79158608e-15,9.0,7.19725837,-0.00249060168,0.655124797,1.80279658,8.99999919,7.15649568,0.582739108,3.50141428e-15
0.00273719531,4.24331993e-15,9.0,7.19374003,-0.00249191326,0.655122173,1.80341437,8.99999919,7.1570657,0.582657661,3.50328423e-15
0.00273819531,-3.767443e-15,9.0,7.18997754,-0.00249312648,0.655119747,1.80401211,8.99999919,7.15738948,0.582556272,3.50501395e-15
0.00273919531,-1.4774562e-15,9.0,7.18597105,-0.00249424126,0.655117517,1.80458978,8.99999919,7.15746708,0.582434949,3.50660336e-15
0.00274019531,4.27370422e-15,9.0,7.18172076,-0.00249525758,0.655115485,1.80514737,8.99999919,7.15729852,0.5822937,3.5080524e-15
0.00274119531,-3.8323731e-15,9.0,7.17722684,-0.0024961754,0.655113649,1.80568486,8.99999919,7.15688384,0.582132531,3.50936101e-15
0.00274219531,-1.16057016e-15,9.0,7.17248946,-0.00249699466,0.655112011,1.80620223,8.99999919,7.15622309,0.58195145,3.51052912e-15
0.00274319531,4.29368736e-15,9.0,7.16750883,-0.00249771535,0.655110569,1.80669947,8.99999919,7.15531632,0.581750467,3.51155669e-15
0.00274419531,-3.88901718e-15,9.0,7.16228514,-0.00249833744,0.655109325,1.80717656,8.99999919,7.15416359,0.58152959,3.51244368e-15
0.00274519531,-8.41478889e-16,9.0,7.15681858,-0.00249886089,0.655108278,1.80763349,8.99999919,7.15276496,0.581288829,3.51319004e-15
0.00274619531,4.30340078e-15,9.0,7.15110935,-0.00249928569,0.655107429,1.80807024,8.99999919,7.15112049,0.581028192,3.51379574e-15
0.00274719531,-3.93706769e-15,9.0,7.14515767,-0.00249961183,0.655106776,1.8084868,8.99999919,7.14923024,0.580747689,3.51426076e-15
0.00274819531,-5.20738238e-16,9.0,7.13896374,-0.00249983928,0.655106321,1.80888316,8.99999919,7.14709431,0.580447332,3.51458508e-15
0.00274919531,4.30299962e-15,9.0,7.13252779,-0.00249996805,0.655106064,1.80925931,8.99999919,7.14471275,0.580127131,3.51476868e-15
0.00275019531,-3.97623668e-15,9.0,7.12585002,-0.00249999812,0.655106004,1.80961522,8.99999919,7.14208566,0.579787096,3.51481156e-15
0.00275119531,-1.98907737e-16,9.0,7.11893068,-0.0024999295,0.655106141,1.80995089,8.99999919,7.13921313,0.57942724,3.51471371e-15
0.00275219531,4.29266238e-15,9.0,7.11176997,-0.00249976218,0.655106476,1.81026631,8.99999919,7.13609524,0.579047574,3.51447514e-15
0.00275319531,-4.00625657e-15,9.0,7.10436815,-0.00249949617,0.655107008,1.81056146,8.99999919,7.13273209,0.578648109,3.51409585e-15
0.00275419531,1.23450616e-16,9.0,7.09672545,-0.0024991315,0.655107737,1.81083634,8.99999919,7.12912379,0.57822886,3.51357588e-15
0.00275519531,4.27259039e-15,9.0,7.08884211,-0.00249866815,0.655108664,1.81109093,8.99999919,7.12527044,0.577789838,3.51291523e-15
0.00275619531,-4.0268808e-15,9.0,7.08071839,-0.00249810617,0.655109788,1.81132522,8.99999919,7.12117216,0.577331058,3.51211393e-15
0.00275719531,4.45773586e-16,9.0,7.07235452,-0.00249744557,0.655111109,1.81153921,8.99999919,7.11682905,0.576852531,3.51117203e-15
0.00275819531,4.24300731e-15,9.0,7.06375078,-0.00249668637,0.655112627,1.81173287,8.99999919,7.11224125,0.576354274,3.51008955e-15
0.00275919531,-4.03788447e-15,9.0,7.05490741,-0.0024958286,0.655114343,1.81190621,8.99999919,7.10740886,0.5758363,3.50886655e-15
0.00276019531,7.67497927e-16,9.0,7.04582469,-0.00249487231,0.655116255,1.81205922,8.99999919,7.10233204,0.575298623,3.50750308e-15
0.00276119531,4.20415853e-15,9.0,7.03650289,-0.00249381752,0.655118365,1.81219188,8.99999919,7.09701089,0.57474126,3.5059992e-15
0.00276219531,-4.03906492e-15,9.0,7.02694228,-0.00249266428,0.655120671,1.81230419,8.99999919,7.09144558,0.574164225,3.50435497e-15
0.00276319531,1.08806161e-15,9.0,7.01714314,-0.00249141263,0.655123175,1.81239613,8.99999919,7.08563624,0.573567535,3.50257046e-15
0.00276419531,4.15631059e-15,9.0,7.00710575,-0.00249006262,0.655125875,1.81246772,8.99999919,7.07958301,0.572951205,3.50064575e-15
0.00276519531,-4.03024229e-15,9.0,6.99683041,-0.00248861432,0.655128771,1.81251892,8.99999919,7.07328606,0.572315253,3.49858092e-15
0.00276619531,1.40690507e-15,9.0,6.9863174,-0.00248706776,0.655131864,1.81254975,8.99999919,7.06674553,0.571659695,3.49637607e-15
0.00276719531,4.09975043e-15,9.0,6.97556702,-0.00248542303,0.655135154,1.81256019,8.99999919,7.0599616,0.570984549,3.49403127e-15
0.00276819531,-4.01125993e-15,9.0,6.96457958,-0.00248368017,0.65513864,1.81255024,8.99999919,7.05293443,0.570289833,3.49154664e-15
0.00276919531,1.72347237e-15,9.0,6.95335537,-0.00248183926,0.655142321,1.81251989,8.99999919,7.04566418,0.569575564,3.48892229e-15
0.00277019531,4.03478473e-15,9.0,6.94189472,-0.00247990037,0.655146199,1.81246914,8.99999919,7.03815104,0.568841762,3.48615832e-15
0.00277119531,-3.98198489e-15,9.0,6.93019793,-0.00247786358,0.655150273,1.81239798,8.99999919,7.03039519,0.568088445,3.48325485e-15
0.00277219531,2.0372125e-15,9.0,6.91826533,-0.00247572897,0.655154542,1.81230641,8.99999919,7.02239682,0.567315632,3.480212e-15
0.00277319531,3.96173909e-15,9.0,6.90609724,-0.00247349661,0.655159007,1.81219442,8.99999919,7.0141561,0.566523344,3.47702992e-15
0.00277419531,-3.94230827e-15,9.0,6.89369399,-0.00247116661,0.655163667,1.81206202,8.99999919,7.00567325,0.5657116,3.47370873e-15
0.00277519531,2.3475805e-15,9.0,6.88105592,-0.00246873906,0.655168522,1.8119092,8.99999919,6.99694845,0.56488042,3.47024857e-15
0.00277619531,3.88095727e-15,9.0,6.86818335,-0.00246621404,0.655173572,1.81173595,8.99999919,6.98798192,0.564029825,3.4666496e-15
0.00277719531,-3.89214553e-15,9.0,6.85507663,-0.00246359166,0.655178817,1.81154227,8.99999919,6.97877385,0.563159838,3.46291197e-15
0.00277819531,2.65403868e-15,9.0,6.84173612,-0.00246087202,0.655184256,1.81132817,8.99999919,6.96932448,0.562270478,3.45903584e-15
0.00277919531,3.79280028e-15,9.0,6.82816216,-0.00245805523,0.65518989,1.81109364,8.99999919,6.95963401,0.561361768,3.45502137e-15
0.00278019531,-3.83143674e-15,9.0,6.8143551,-0.0024551414,0.655195717,1.81083868,8.99999919,6.94970267,0.560433731,3.45086874e-15
0.00278119531,2.95605781e-15,9.0,6.80031532,-0.00245213064,0.655201739,1.81056329,8.99999919,6.93953069,0.559486388,3.44657813e-15
0.00278219531,3.69764552e-15,9.0,6.78604317,-0.00244902308,0.655207954,1.81026747,8.99999919,6.9291183,0.558519764,3.44214971e-15
0.00278319531,-3.7601468e-15,9.0,6.77153902,-0.00244581884,0.655214362,1.80995122,8.99999919,6.91846574,0.557533881,3.43758368e-15
0.00278419531,3.25311824e-15,9.0,6.75680325,-0.00244251804,0.655220964,1.80961454,8.99999919,6.90757325,0.556528764,3.43288023e-15
0.00278519531,3.59588586e-15,9.0,6.74183624,-0.00243912081,0.655227758,1.80925743,8.99999919,6.89644108,0.555504437,3.42803957e-15
0.00278619531,-3.67826557e-15,9.0,6.72663838,-0.00243562729,0.655234745,1.8088799,8.99999919,6.88506949,0.554460924,3.4230619e-15
0.00278719531,3.54471103e-15,9.0,6.71121004,-0.00243203762,0.655241925,1.80848194,8.99999919,6.87345872,0.55339825,3.41794744e-15
0.00278819531,3.48792862e-15,9.0,6.69555163,-0.00242835193,0.655249296,1.80806356,8.99999919,6.86160905,0.552316441,3.4126964e-15
0.00278919531,-3.58580797e-15,9.0,6.67966354,-0.00242457038,0.655256859,1.80762476,8.99999919,6.84952074,0.551215522,3.40730901e-15
0.00279019531,3.83033911e-15,9.0,6.66354617,-0.00242069311,0.655264614,1.80716555,8.99999919,6.83719406,0.550095521,3.4017855e-15
0.00279119531,3.37419464e-15,9.0,6.64719994,-0.00241672027,0.655272559,1.80668592,8.99999919,6.82462929,0.548956463,3.3961261e-15
0.00279219531,-3.48281402e-15,9.0,6.63062526,-0.00241265203,0.655280696,1.80618589,8.99999919,6.81182671,0.547798375,3.39033106e-15
0.00279319531,4.10951827e-15,9.0,6.61382253,-0.00240848854,0.655289023,1.80566545,8.99999919,6.79878661,0.546621285,3.38440063e-15
0.00279419531,3.25511719e-15,9.0,6.59679219,-0.00240422996,0.65529754,1.80512461,8.99999919,6.78550928,0.54542522,3.37833505e-15
0.00279519531,-3.36934876e-15,9.0,6.57953465,-0.00239987647,0.655306247,1.80456338,8.99999919,6.77199502,0.544210209,3.3721346e-15
0.00279619531,4.38177828e-15,9.0,6.56205036,-0.00239542824,0.655315144,1.80398176,8.99999919,6.75824413,0.54297628,3.36579952e-15
0.00279719531,3.13114095e-15,9.0,6.54433974,-0.00239088544,0.655324229,1.80337977,8.99999919,6.74425692,0.541723463,3.35933011e-15
0.00279819531,-3.24550221e-15,9.0,6.52640324,-0.00238624825,0.655333504,1.80275739,8.99999919,6.7300337,0.540451786,3.35272662e-15
0.00279919531,4.64666389e-15,9.0,6.5082413,-0.00238151686,0.655342966,1.80211466,8.99999919,6.71557479,0.53916128,3.34598934e-15
0.00280019531,3.00272091e-15,9.0,6.48985437,-0.00237669145,0.655352617,1.80145156,8.99999919,6.7008805,0.537851974,3.33911857e-15
0.00280119531,-3.11138923e-15,9.0,6.47124292,-0.00237177221,0.655362456,1.80076811,8.99999919,6.68595117,0.5365239,3.33211459e-15
0.00280219531,4.90373581e-15,9.0,6.45240739,-0.00236675934,0.655372481,1.80006432,8.99999919,6.67078714,0.535177088,3.3249777e-15
0.00280319531,2.87032126e-15,9.0,6.43334825,-0.00236165303,0.655382694,1.79934019,8.99999919,6.65538873,0.533811569,3.31770821e-15
0.00280419531,-2.96714929e-15,9.0,6.41406598,-0.00235645349,0.655393093,1.79859574,8.99999919,6.63975629,0.532427376,3.31030643e-15
0.00280519531,5.15257164e-15,9.0,6.39456104,-0.00235116091,0.655403678,1.79783098,8.99999919,6.62389017,0.531024541,3.30277267e-15
0.00280619531,2.73441426e-15,9.0,6.37483392,-0.00234577552,0.655414449,1.79704591,8.99999919,6.60779072,0.529603096,3.29510726e-15
0.00280719531,-2.81294621e-15,9.0,6.35488511,-0.00234029753,0.655425405,1.79624055,8.99999919,6.5914583,0.528163075,3.28731052e-15
0.00280819531,5.3927668e-15,9.0,6.33471509,-0.00233472714,0.655436546,1.79541491,8.99999919,6.57489328,0.52670451,3.27938279e-15
0.00280919531,2.59547912e-15,9.0,6.31432435,-0.00232906458,0.655447871,1.79456899,8.99999919,6.55809602,0.525227437,3.27132439e-15
0.00281019531,-2.64896787e-15,9.0,6.2937134,-0.00232331007,0.65545938,1.79370282,8.99999919,6.5410669,0.523731889,3.26313569e-15
0.00281119531,5.62393543e-15,9.0,6.27288275,-0.00231746384,0.655471072,1.7928164,8.99999919,6.5238063,0.522217901,3.25481702e-15
0.00281219531,2.4540008e-15,9.0,6.25183289,-0.00231152613,0.655482948,1.79190975,8.99999919,6.5063146,0.520685508,3.24636874e-15
0.00281319531,-2.47542583e-15,9.0,6.23056435,-0.00230549715,0.655495006,1.79098288,8.99999919,6.4885922,0.519134746,3.23779122e-15
0.00281419531,5.84571112e-15,9.0,6.20907765,-0.00229937716,0.655507246,1.7900358,8.99999919,6.47063949,0.517565651,3.2290848e-15
0.00281519531,2.31046884e-15,9.0,6.18737331,-0.0022931664,0.655519667,1.78906854,8.99999919,6.45245686,0.515978259,3.22024988e-15
0.00281619531,-2.29255489e-15,9.0,6.16545186,-0.0022868651,0.65553227,1.7880811,8.99999919,6.43404474,0.514372608,3.21128682e-15
0.00281719531,6.05774781e-15,9.0,6.14331385,-0.00228047353,0.655545053,1.7870735,8.99999919,6.41540353,0.512748734,3.202196e-15
0.00281819531,2.16537623e-15,9.0,6.12095979,-0.00227399192,0.655558016,1.78604575,8.99999919,6.39653365,0.511106676,3.19297781e-15
0.00281919531,-2.10061262e-15,9.0,6.09839026,-0.00226742054,0.655571159,1.78499788,8.99999919,6.37743552,0.509446472,3.18363265e-15
0.00282019531,6.25972043e-15,9.0,6.07560579,-0.00226075965,0.655584481,1.7839299,8.99999919,6.35810957,0.50776816,3.17416091e-15
0.00282119531,2.01921812e-15,9.0,6.05260694,-0.00225400951,0.655597981,1.78284182,8.99999919,6.33855624,0.506071779,3.16456299e-15
0.00282219531,-1.89987884e-15,9.0,6.02939428,-0.00224717038,0.655611659,1.78173367,8.99999919,6.31877596,0.504357369,3.15483931e-15
0.00282319531,6.45132565e-15,9.0,6.00596837,-0.00224024254,0.655625515,1.78060546,8.99999919,6.29876919,0.502624971,3.14499027e-15
0.00282419531,1.87249072e-15,9.0,5.98232978,-0.00223322625,0.655639547,1.77945721,8.99999919,6.27853637,0.500874624,3.13501629e-15
0.00282519531,-1.69065501e-15,9.0,5.95847909,-0.0022261218,0.655653756,1.77828895,8.99999919,6.25807796,0.499106369,3.12491781e-15
0.00282619531,6.63228248e-15,9.0,5.93441689,-0.00221892947,0.655668141,1.77710068,8.99999919,6.23739442,0.497320249,3.11469524e-15
0.00282719531,1.72569004e-15,9.0,5.91014376,-0.00221164954,0.655682701,1.77589244,8.99999919,6.21648622,0.495516304,3.10434902e-15
0.00282819531,-1.47326363e-15,9.0,5.8856603,-0.0022042823,0.655697435,1.77466424,8.99999919,6.19535384,0.493694576,3.09387959e-15
0.00282919531,6.80233288e-15,9.0,5.86096711,-0.00219682804,0.655712344,1.7734161,8.99999919,6.17399776,0.49185511,3.0832874e-15
0.00283019531,1.57931071e-15,9.0,5.83606478,-0.00218928704,0.655727426,1.77214805,8.99999919,6.15241846,0.489997947,3.0725729e-15
0.00283119531,-1.2480475e-15,9.0,5.81095395,-0.00218165962,0.655742681,1.77086011,8.99999919,6.13061643,0.488123132,3.06173653e-15
0.00283219531,6.96124229e-15,9.0,5.7856352,-0.00217394608,0.655758108,1.7695523,8.99999919,6.10859217,0.486230709,3.05077876e-15
0.00283319531,1.4338448e-15,9.0,5.76010918,-0.0021661467,0.655773707,1.76822464,8.99999919,6.08634619,0.484320722,3.03970005e-15
0.00283419531,-1.01536905e-15,9.0,5.73437651,-0.00215826182,0.655789476,1.76687716,8.99999919,6.063879,0.482393216,3.02850088e-15
0.00283519531,7.1088001e-15,9.0,5.70843781,-0.00215029172,0.655805417,1.76550989,8.99999919,6.0411911,0.480448237,3.01718172e-15
0.00283619531,1.28978061e-15,9.0,5.68229374,-0.00214223674,0.655821527,1.76412284,8.99999919,6.01828303,0.478485831,3.00574304e-15
0.00283719531,-7.75609539e-16,9.0,5.65594493,-0.00213409719,0.655837806,1.76271605,8.99999919,5.99515531,0.476506044,2.99418534e-15
0.00283819531,7.24482009e-15,9.0,5.62939203,-0.00212587338,0.655854253,1.76128954,8.99999919,5.97180847,0.474508924,2.98250909e-15
0.00283919531,1.14760151e-15,9.0,5.60263569,-0.00211756565,0.655870869,1.75984334,8.99999919,5.94824305,0.472494518,2.9707148e-15
0.00284019531,-5.29168226e-16,9.0,5.57567659,-0.00210917432,0.655887651,1.75837747,8.99999919,5.92445961,0.470462874,2.95880297e-15
0.00284119531,7.36914083e-15,9.0,5.54851538,-0.00210069973,0.655904601,1.75689196,8.99999919,5.90045868,0.46841404,2.9467741e-15
0.00284219531,1.00778475e-15,9.0,5.52115275,-0.0020921422,0.655921716,1.75538684,8.99999919,5.87624084,0.466348065,2.93462869e-15
0.00284319531,-2.76461515e-16,9.0,5.49358936,-0.00208350208,0.655938996,1.75386214,8.99999919,5.85180664,0.464264999,2.92236726e-15
0.00284419531,7.48162592e-15,9.0,5.4658259,-0.00207477971,0.655956441,1.75231789,8.99999919,5.82715665,0.462164892,2.90999034e-15
0.00284519531,8.70800348e-16,9.0,5.43786307,-0.00206597542,0.655974049,1.75075412,8.99999919,5.80229145,0.460047793,2.89749843e-15
0.00284619531,-1.79220542e-17,9.0,5.40970155,-0.00205708958,0.655991821,1.74917086,8.99999918,5.77721163,0.457913755,2.88489208e-15
0.00284719531,7.58216432e-15,9.0,5.38134206,-0.00204812253,0.656009755,1.74756814,8.99999918,5.75191778,0.455762828,2.87217181e-15
0.00284819531,7.37109913e-16,9.0,5.35278529,-0.00203907461,0.656027851,1.74594599,8.99999918,5.72641048,0.453595065,2.85933815e-15
0.00284919531,2.46002205e-16,9.0,5.32403198,-0.0020299462,0.656046108,1.74430445,8.99999918,5.70069035,0.451410517,2.84639166e-15
0.00285019531,7.67067054e-15,9.0,5.29508282,-0.00202073766,0.656064525,1.74264354,8.99999918,5.67475799,0.449209238,2.83333288e-15
0.00285119531,6.07165561e-16,9.0,5.26593856,-0.00201144933,0.656083101,1.7409633,8.99999918,5.64861402,0.446991281,2.82016235e-15
0.00285219531,5.14848989e-16,9.0,5.23659992,-0.0020020816,0.656101837,1.73926377,8.99999918,5.62225905,0.4447567,2.80688063e-15
0.00285319531,7.74708476e-15,9.0,5.20706764,-0.00199263483,0.65612073,1.73754498,8.99999918,5.59569373,0.44250555,2.79348829e-15
0.00285419531,4.81408812e-16,9.0,5.17734247,-0.00198310939,0.656139781,1.73580696,8.99999918,5.56891867,0.440237886,2.77998589e-15
0.00285519531,7.88142706e-16,9.0,5.14742516,-0.00197350566,0.656158989,1.73404975,8.99999918,5.54193453,0.437953763,2.76637399e-15
0.00285619531,7.81137292e-15,9.0,5.11731646,-0.00196382403,0.656178352,1.73227339,8.99999918,5.51474195,0.435653237,2.75265317e-15
0.00285719531,3.60269526e-16,9.0,5.08701714,-0.00195406486,0.65619787,1.73047791,8.99999918,5.48734159,0.433336365,2.73882401e-15
0.00285819531,1.06539549e-15,9.0,5.05652797,-0.00194422855,0.656217543,1.72866336,8.99999918,5.45973411,0.431003205,2.72488709e-15
0.00285919531,7.86352676e-15,9.0,5.02584972,-0.00193431549,0.656237369,1.72682976,8.99999918,5.43192017,0.428653812,2.71084299e-15
0.00286019531,2.44164862e-16,9.0,4.99498318,-0.00192432606,0.656257348,1.72497716,8.99999918,5.40390046,0.426288247,2.6966923e-15
0.00286119531,1.34610828e-15,9.0,4.96392913,-0.00191426066,0.656277479,1.7231056,8.99999918,5.37567565,0.423906568,2.68243563e-15
0.00286219531,7.90356379e-15,9.0,4.93268837,-0.00190411969,0.656297761,1.72121511,8.99999918,5.34724643,0.421508833,2.66807356e-15
0.00286319531,1.33498273e-16,9.0,4.90126171,-0.00189390355,0.656318193,1.71930574,8.99999918,5.3186135,0.419095103,2.65360671e-15
0.00286419531,1.6297719e-15,9.0,4.86964994,-0.00188361265,0.656338775,1.71737753,8.99999918,5.28977756,0.416665438,2.63903568e-15
0.00286519531,7.9315272e-15,9.0,4.83785388,-0.00187324738,0.656359505,1.71543053,8.99999918,5.26073932,0.4142199,2.62436108e-15
0.00286619531,2.86585264e-17,9.0,4.80587436,-0.00186280815,0.656380384,1.71346476,8.99999918,5.23149949,0.411758548,2.60958352e-15
0.00286719531,1.91586818e-15,9.0,4.7737122,-0.00185229539,0.656401409,1.71148028,8.99999918,5.2020588,0.409281446,2.59470363e-15
0.00286819531,7.94748568e-15,9.0,4.74136823,-0.0018417095,0.656422581,1.70947714,8.99999918,5.17241799,0.406788657,2.57972204e-15
0.00286919531,-6.99812351e-17,9.0,4.7088433,-0.00183105091,0.656443898,1.70745536,8.99999918,5.14257777,0.404280242,2.56463936e-15
0.00287019531,2.20387115e-15,9.0,4.67613826,-0.00182032003,0.65646536,1.70541501,8.99999918,5.11253891,0.401756266,2.54945623e-15
0.00287119531,7.95153327e-15,9.0,4.64325394,-0.00180951728,0.656486965,1.70335612,8.99999918,5.08230216,0.399216793,2.53417329e-15
0.00287219531,-1.620644e-16,9.0,4.61019123,-0.0017986431,0.656508714,1.70127874,8.99999918,5.05186826,0.396661889,2.51879117e-15
0.00287319531,2.4932481e-15,9.0,4.57695097,-0.00178769791,0.656530604,1.69918292,8.99999918,5.02123799,0.394091617,2.50331052e-15
0.00287419531,7.94378904e-15,9.0,4.54353406,-0.00177668214,0.656552636,1.69706871,8.99999918,4.99041212,0.391506045,2.48773199e-15
0.00287519531,-2.47251754e-16,9.0,4.50994136,-0.00176559624,0.656574808,1.69493615,8.99999918,4.95939143,0.388905239,2.47205623e-15
0.00287619531,2.78346087e-15,9.0,4.47617376,-0.00175444063,0.656597119,1.69278529,8.99999918,4.92817671,0.386289266,2.45628389e-15
0.00287719531,7.92439683e-15,9.0,4.44223217,-0.00174321576,0.656619568,1.69061619,8.99999918,4.89676875,0.383658193,2.44041564e-15
0.00287819531,-3.25222303e-16,9.0,4.40811747,-0.00173192207,0.656642156,1.68842889,8.99999918,4.86516836,0.381012089,2.42445213e-15
0.00287919531,3.07396696e-15,9.0,4.37383058,-0.00172056001,0.65666488,1.68622344,8.99999918,4.83337634,0.378351023,2.40839404e-15
0.00288019531,7.89352481e-15,9.0,4.33937241,-0.00170913002,0.65668774,1.6839999,8.99999918,4.80139352,0.375675064,2.39224202e-15
0.00288119531,-3.9567406e-16,9.0,4.30474389,-0.00169763256,0.656710735,1.68175831,8.99999918,4.76922071,0.372984282,2.37599676e-15
0.00288219531,3.36422077e-15,9.0,4.26994594,-0.00168606808,0.656733864,1.67949873,8.99999918,4.73685875,0.370278748,2.35965894e-15
0.00288319531,7.8513651e-15,9.0,4.23497949,-0.00167443704,0.656757126,1.67722122,8.99999918,4.70430847,0.367558533,2.34322923e-15
0.00288419531,-4.58324777e-16,9.0,4.1998455,-0.00166273989,0.65678052,1.67492583,8.99999918,4.67157073,0.364823709,2.32670832e-15
0.00288519531,3.65367479e-15,9.0,4.1645449,-0.0016509771,0.656804046,1.6726126,8.99999918,4.63864639,0.362074347,2.3100969e-15
0.00288619531,7.79813327e-15,9.0,4.12907866,-0.00163914913,0.656827702,1.67028161,8.99999918,4.60553629,0.359310523,2.29339565e-15
0.00288719531,-5.12912642e-16,9.0,4.09344774,-0.00162725645,0.656851487,1.6679329,8.99999918,4.57224131,0.356532308,2.27660528e-15
0.00288819531,3.94178086e-15,9.0,4.05765311,-0.00161529953,0.656875401,1.66556653,8.99999918,4.53876234,0.353739776,2.25972649e-15
0.00288919531,7.73406779e-15,9.0,4.02169575,-0.00160327885,0.656899442,1.66318256,8.99999918,4.50510024,0.350933004,2.24275996e-15
0.00289019531,-5.59196918e-16,9.0,3.98557664,-0.00159119486,0.65692361,1.66078105,8.99999918,4.47125592,0.348112066,2.22570642e-15
0.00289119531,4.22799132e-15,9.0,3.94929677,-0.00157904806,0.656947904,1.65836206,8.99999918,4.43723028,0.345277038,2.20856656e-15
0.00289219531,7.65942946e-15,9.0,3.91285715,-0.00156683892,0.656972322,1.65592564,8.99999918,4.40302423,0.342427997,2.1913411e-15
0.00289319531,-5.96958542e-16,9.0,3.87625878,-0.00155456793,0.656996864,1.65347186,8.99999918,4.36863867,0.339565021,2.17403076e-15
0.00289419531,4.51176028e-15,9.0,3.83950267,-0.00154223556,0.657021529,1.65100078,8.99999918,4.33407455,0.336688186,2.15663625e-15
0.00289519531,7.57450074e-15,9.0,3.80258985,-0.00152984231,0.657046315,1.64851245,8.99999917,4.29933277,0.333797572,2.1391583e-15
0.00289619531,-6.26000662e-16,9.0,3.76552134,-0.00151738866,0.657071223,1.64600695,8.99999917,4.2644143,0.330893257,2.12159762e-15
0.00289719531,4.79254482e-15,9.0,3.72829819,-0.00150487511,0.65709625,1.64348434,8.99999917,4.22932007,0.327975322,2.10395495e-15
0.00289819531,7.47958512e-15,9.0,3.69092142,-0.00149230215,0.657121396,1.64094468,8.99999917,4.19405104,0.325043846,2.08623102e-15
0.00289919531,-6.46149135e-16,9.0,3.6533921,-0.00147967027,0.657146659,1.63838803,8.99999917,4.15860817,0.322098912,2.06842656e-15
0.00290019531,5.06980618e-15,9.0,3.61571128,-0.00146697998,0.65717204,1.63581446,8.99999917,4.12299243,0.319140599,2.0505423e-15
0.00290119531,7.3750063e-15,9.0,3.57788003,-0.00145423178,0.657197536,1.63322404,8.99999917,4.08720481,0.316168992,2.032579e-15
0.00290219531,-6.57252958e-16,9.0,3.53989941,-0.00144142617,0.657223148,1.63061683,8.99999917,4.0512463,0.313184171,2.01453739e-15
0.00290319531,5.34301101e-15,9.0,3.50177052,-0.00142856365,0.657248873,1.6279929,8.99999917,4.01511787,0.310186222,1.99641821e-15
0.00290419531,7.2611075e-15,9.0,3.46349443,-0.00141564473,0.657274711,1.62535232,8.99999917,3.97882055,0.307175228,1.97822222e-15
0.00290519531,-6.59184658e-16,9.0,3.42507224,-0.00140266993,0.65730066,1.62269517,8.99999917,3.94235534,0.304151275,1.95995016e-15
0.00290619531,5.6116325e-15,9.0,3.38650505,-0.00138963975,0.657326721,1.6200215,8.99999917,3.90572327,0.301114446,1.94160279e-15
0.00290719531,7.13825057e-15,9.0,3.34779398,-0.00137655471,0.657352891,1.61733139,8.99999917,3.86892535,0.298064829,1.92318088e-15
0.00290819531,-6.51840619e-16,9.0,3.30894014,-0.00136341533,0.657379169,1.61462491,8.99999917,3.83196263,0.295002511,1.90468517e-15
0.00290919531,5.87515159e-15,9.0,3.26994466,-0.00135022212,0.657405556,1.61190214,8.99999917,3.79483615,0.291927578,1.88611642e-15
0.00291019531,7.00681513e-15,9.0,3.23080867,-0.0013369756,0.657432049,1.60916314,8.99999917,3.75754696,0.288840119,1.86747542e-15
0.00291119531,-6.35141352e-16,9.0,3.19153331,-0.00132367631,0.657458647,1.60640799,8.99999917,3.72009613,0.285740222,1.84876291e-15
0.00291219531,6.13305813e-15,9.0,3.15211972,-0.00131032476,0.65748535,1.60363676,8.99999917,3.68248472,0.282627977,1.82997968e-15
0.00291319531,6.86719771e-15,9.0,3.11256907,-0.00129692148,0.657512157,1.60084954,8.99999917,3.64471381,0.279503474,1.8111265e-15
0.00291419531,-6.09031714e-16,9.0,3.07288252,-0.001283467,0.657539066,1.59804639,8.99999917,3.60678449,0.276366803,1.79220413e-15
0.00291519531,6.384852e-15,9.0,3.03306124,-0.00126996185,0.657566076,1.5952274,8.99999917,3.56869785,0.273218056,1.77321336e-15
0.00291619531,6.71981076e-15,9.0,2.9931064,-0.00125640656,0.657593187,1.59239263,8.99999917,3.53045499,0.270057324,1.75415498e-15
0.00291719531,-5.73481066e-16,9.0,2.9530192,-0.00124280168,0.657620397,1.58954217,8.99999917,3.49205703,0.266884701,1.73502975e-15
0.00291819531,6.63004424e-15,9.0,2.91280082,-0.00122914773,0.657647705,1.5866761,8.99999917,3.45350508,0.263700279,1.71583847e-15
0.00291919531,6.56508168e-15,9.0,2.87245247,-0.00121544525,0.657675109,1.5837945,8.99999917,3.41480027,0.260504153,1.69658193e-15
0.00292019531,-5.28483377e-16,9.0,2.83197537,-0.00120169479,0.65770261,1.58089744,8.99999917,3.37594373,0.257296417,1.67726091e-15
0.00292119531,6.86815815e-15,9.0,2.79137072,-0.0011878969,0.657730206,1.57798501,8.99999917,3.33693662,0.254077166,1.6578762e-15
0.00292219531,6.40345181e-15,9.0,2.75063975,-0.0011740521,0.657757896,1.5750573,8.99999917,3.29778009,0.250846496,1.63842861e-15
0.00292319531,-4.74057264e-16,9.0,2.70978369,-0.00116016095,0.657785678,1.57211438,8.99999917,3.25847529,0.247604505,1.61891892e-15
0.00292419531,7.09873032e-15,9.0,2.66880379,-0.00114622401,0.657813552,1.56915633,8.99999917,3.2190234,0.244351288,1.59934794e-15
0.00292519531,6.23537539e-15,9.0,2.62770129,-0.00113224181,0.657841516,1.56618325,8.99999917,3.17942559,0.241086945,1.57971646e-15
0.00292619531,-4.10245982e-16,9.0,2.58647745,-0.00111821492,0.65786957,1.56319522,8.99999917,3.13968305,0.237811573,1.5600253e-15
0.00292719531,7.32131173e-15,9.0,2.54513354,-0.00110414387,0.657897712,1.56019232,8.99999917,3.09979698,0.234525272,1.54027524e-15
0.00292819531,6.0613185e-15,9.0,2.50367082,-0.00109002924,0.657925942,1.55717465,8.99999917,3.05976859,0.231228143,1.52046711e-15
0.00292919531,-3.37117352e-16,9.0,2.46209058,-0.00107587158,0.657954257,1.55414228,8.99999917,3.01959907,0.227920284,1.50060171e-15
0.00293019531,7.53546867e-15,9.0,2.4203941,-0.00106167144,0.657982657,1.5510953,8.99999917,2.97928966,0.224601799,1.48067984e-15
0.00293119531,5.88175793e-15,9.0,2.37858269,-0.00104742939,0.658011141,1.54803382,8.99999916,2.93884159,0.221272788,1.46070233e-15
0.00293219531,-2.54763632e-16,9.0,2.33665763,-0.00103314599,0.658039708,1.54495791,8.99999916,2.89825609,0.217933355,1.44066999e-15
0.00293319531,7.7407838e-15,9.0,2.29462025,-0.00101882181,0.658068356,1.54186767,8.99999916,2.85753441,0.214583603,1.42058363e-15
0.00293419531,5.69718008e-15,9.0,2.25247186,-0.0010044574,0.658097085,1.53876318,8.99999916,2.81667781,0.211223636,1.40044408e-15
0.00293519531,-1.63301328e-16,9.0,2.21021378,-0.000990053334,0.658125893,1.53564455,8.99999916,2.77568755,0.207853558,1.38025215e-15
0.00293619531,7.93685701e-15,9.0,2.16784737,-0.000975610185,0.65815478,1.53251187,8.99999916,2.7345649,0.204473475,1.36000866e-15
0.00293719531,5.50807982e-15,9.0,2.12537395,-0.000961128521,0.658183743,1.52936522,8.99999916,2.69331114,0.201083493,1.33971444e-15
0.00293819531,-6.28709553e-17,9.0,2.08279488,-0.000946608913,0.658212782,1.5262047,8.99999916,2.65192757,0.197683719,1.31937031e-15
0.00293919531,8.12330636e-15,9.0,2.04011151,-0.000932051935,0.658241896,1.52303042,8.99999916,2.61041549,0.194274259,1.2989771e-15
0.00294019531,5.31495931e-15,9.0,1.99732522,-0.000917458161,0.658271084,1.51984246,8.99999916,2.5687762,0.190855223,1.27853564e-15
0.00294119531,4.63632639e-17,9.0,1.95443738,-0.000902828167,0.658300344,1.51664092,8.99999916,2.52701101,0.187426719,1.25804676e-15
0.00294219531,8.29976891e-15,9.0,1.91144936,-0.000888162531,0.658329675,1.51342591,8.99999916,2.48512126,0.183988855,1.23751129e-15
0.00294319531,5.11832684e-15,9.0,1.86836256,-0.000873461832,0.658359076,1.51019752,8.99999916,2.44310827,0.180541744,1.21693006e-15
0.00294419531,1.64213755e-16,9.0,1.82517838,-0.00085872665,0.658388547,1.50695584,8.99999916,2.40097339,0.177085494,1.19630391e-15
0.00294519531,8.46590155e-15,9.0,1.78189822,-0.000843957567,0.658418085,1.50370099,8.99999916,2.35871797,0.173620218,1.17563367e-15
0.00294619531,4.91869563e-15,9.0,1.7385235,-0.000829155166,0.65844769,1.50043306,8.99999916,2.31634337,0.170146028,1.15492018e-15
0.00294719531,2.9047e-16,9.0,1.69505564,-0.000814320032,0.65847736,1.49715216,8.99999916,2.27385095,0.166663036,1.13416427e-15
0.00294819531,8.62138176e-15,9.0,1.65149606,-0.000799452749,0.658507095,1.49385838,8.99999916,2.2312421,0.163171357,1.1133668e-15
0.00294919531,4.71658265e-15,9.0,1.60784621,-0.000784553906,0.658536892,1.49055183,8.99999916,2.1885182,0.159671104,1.09252859e-15
0.00295019531,4.24899003e-16,9.0,1.56410752,-0.000769624089,0.658566752,1.48723262,8.99999916,2.14568064,0.156162392,1.0716505e-15
0.00295119531,8.76590833e-15,9.0,1.52028146,-0.00075466389,0.658596672,1.48390085,8.99999916,2.10273082,0.152645337,1.05073335e-15
0.00295219531,4.5125074e-15,9.0,1.47636948,-0.000739673897,0.658626652,1.48055662,8.99999916,2.05967017,0.149120055,1.02977801e-15
0.00295319531,5.67245806e-16,9.0,1.43237306,-0.000724654703,0.658656691,1.47720006,8.99999916,2.01650008,0.145586662,1.00878531e-15
0.00295419531,8.89920202e-15,9.0,1.38829366,-0.000709606902,0.658686786,1.47383125,8.99999916,1.97322201,0.142045277,9.87756105e-16
0.00295519531,4.30699066e-15,9.0,1.34413277,-0.000694531086,0.658716938,1.47045032,8.99999916,1.92983738,0.138496018,9.66691237e-16
0.00295619531,7.17234057e-16,9.0,1.29989188,-0.000679427851,0.658747144,1.46705736,8.99999916,1.88634764,0.134939003,9.45591557e-16
0.00295719531,9.02100623e-15,9.0,1.2555725,-0.000664297794,0.658777404,1.4636525,8.99999916,1.84275424,0.131374353,9.24457915e-16
0.00295819531,4.10055336e-15,9.0,1.21117613,-0.000649141511,0.658807717,1.46023584,8.99999916,1.79905865,0.127802186,9.03291161e-16
0.00295919531,8.74566629e-16,9.0,1.16670428,-0.000633959601,0.658838081,1.45680749,8.99999916,1.75526233,0.124222625,8.82092147e-16
0.00296019531,9.13108751e-15,9.0,1.12215848,-0.000618752664,0.658868495,1.45336757,8.99999916,1.71136678,0.120635792,8.60861726e-16
0.00296119531,3.8937153e-15,9.0,1.07754026,-0.000603521299,0.658898957,1.4499162,8.99999916,1.66737348,0.117041807,8.39600751e-16
0.00296219531,1.03892629e-15,9.0,1.03285116,-0.000588266108,0.658929468,1.44645347,8.99999915,1.62328392,0.113440794,8.18310076e-16
0.00296319531,9.22923614e-15,9.0,0.988092717,-0.000572987694,0.658960025,1.44297952,8.99999915,1.57909961,0.109832878,7.96990556e-16
0.00296419531,3.68699396e-15,9.0,0.943266492,-0.000557686659,0.658990627,1.43949445,8.99999915,1.53482206,0.106218181,7.75643046e-16
0.00296519531,1.20997641e-15,9.0,0.898374045,-0.000542363607,0.659021273,1.43599839,8.99999915,1.49045281,0.102596829,7.54268404e-16
0.00296619531,9.31526656e-15,9.0,0.853416944,-0.000527019144,0.659051962,1.43249145,8.99999915,1.44599338,0.0989689483,7.32867485e-16
0.00296719531,3.4809033e-15,9.0,0.808396765,-0.000511653875,0.659082692,1.42897375,8.99999915,1.4014453,0.0953346641,7.11441148e-16
0.00296819531,1.38736173e-15,9.0,0.763315091,-0.000496268407,0.659113463,1.4254454,8.99999915,1.35681014,0.0916941036,6.8999025e-16
0.00296919531,9.38901782e-15,9.0,0.718173515,-0.000480863347,0.659144273,1.42190654,8.99999915,1.31208944,0.0880473944,6.6851565e-16
0.00297019531,3.27534943e-15,9.0,0.672951532,-0.000465439304,0.659175121,1.41835548,8.99999915,1.26726266,0.0843928686,6.47018208e-16
0.00297119531,1.57072472e-15,9.0,0.627693569,-0.000449996886,0.659206006,1.41479582,8.99999915,1.2223742,0.0807341341,6.25498783e-16
0.00297219531,9.45154418e-15,9.0,0.582405355,-0.000434536702,0.659236927,1.41122803,8.99999915,1.17742977,0.0770716556,6.03958235e-16
0.00297319531,3.07201069e-15,9.0,0.537040397,-0.000419059364,0.659267881,1.40764831,8.99999915,1.13238283,0.073401654,5.82397425e-16
0.00297419531,1.75909028e-15,9.0,0.491623281,-0.000403565482,0.659298869,1.40405866,8.99999915,1.08725795,0.069726125,5.60817214e-16
0.00297519531,9.50035163e-15,9.0,0.446156272,-0.000388055668,0.659329889,1.40045924,8.99999915,1.04205736,0.0660452513,5.39218462e-16
0.00297619531,2.87079527e-15,9.0,0.400640421,-0.000372530534,0.659360939,1.39685015,8.99999915,0.996782072,0.0623591167,5.17602032e-16
0.00297719531,1.95322719e-15,9.0,0.355077935,-0.000356990693,0.659392019,1.39323155,8.99999915,0.951434279,0.0586678994,4.95968785e-16
0.00297819531,9.53654511e-15,9.0,0.309469948,-0.000341436759,0.659423126,1.38960353,8.99999915,0.906015084,0.0549716901,4.74319584e-16
0.00297919531,2.67220907e-15,9.0,0.263818618,-0.000325869346,0.659454261,1.38596624,8.99999915,0.86052662,0.0512706628,4.52655289e-16
0.00298019531,2.1521098e-15,9.0,0.218125154,-0.000310289068,0.659485422,1.3823198,8.99999915,0.814970072,0.0475649146,4.30976765e-16
0.00298119531,9.56006503e-15,9.0,0.172391669,-0.00029469654,0.659516607,1.37866435,8.99999915,0.769347529,0.0438546161,4.09284873e-16
0.00298219531,2.47673096e-15,9.0,0.126619443,-0.000279092378,0.659547815,1.375,8.99999915,0.723660249,0.0401398701,3.87580476e-16
0.00298319531,2.35530246e-15,9.0,0.0808105512,-0.000263477198,0.659579046,1.37132691,8.99999915,0.677910286,0.036420844,3.65864437e-16
0.00298419531,9.57087765e-15,9.0,0.034966335,-0.000247851616,0.659610297,1.36764518,8.99999915,0.632098961,0.032697646,3.44137617e-16
0.00298519531,2.28421511e-15,9.0,-0.010934108,-0.00023221625,0.659641567,1.36395311,8.99999915,0.586205346,0.0289685764,3.22400881e-16
0.00298619531,2.56298745e-15,9.0,-0.0568219246,-0.000216571716,0.659672857,1.36025629,8.99999915,0.54029828,0.0252392289,3.0065509e-16
0.00298719531,9.569555e-15,9.0,-0.102758435,-0.000200918632,0.659704163,1.35654973,8.99999915,0.494316434,0.0215046206,2.78901107e-16
0.00298819531,2.09573404e-15,9.0,-0.148728656,-0.000185257616,0.659735485,1.35283464,8.99999915,0.448274768,0.0177659679,2.57139795e-16
0.00298919531,2.77349123e-15,9.0,-0.194720324,-0.000169589287,0.659766821,1.34911201,8.99999914,0.40218553,0.0140242664,2.35372015e-16
0.00299019531,9.55490274e-15,9.0,-0.240741578,-0.000153914262,0.659798171,1.34538118,8.99999914,0.356040565,0.010278854,2.1359863e-16
0.00299119531,1.91234765e-15,9.0,-0.286781398,-0.000138233162,0.659829534,1.34164304,8.99999914,0.30985088,0.00653062534,1.91820501e-16
0.00299219531,2.98692142e-15,9.0,-0.332846729,-0.000122546604,0.659860907,1.33789701,8.99999914,0.263609519,0.00277901569,1.70038491e-16
0.00299319531,9.52698039e-15,9.0,-0.378950883,-0.000106855208,0.65989229,1.33414202,8.99999914,0.21730315,-0.000977057609,1.4825346e-16
0.00299419531,1.734505e-15,9.0,-0.425031455,-9.11595935e-05,0.659923681,1.33038313,8.99999914,0.170994173,-0.00473252429,1.2646627e-16
0.00299519531,3.20337694e-15,9.0,-0.471143582,-7.54603803e-05,0.659955079,1.32661586,8.99999914,0.124627451,-0.00849186438,1.04677781e-16
0.00299619531,9.48647481e-15,9.0,-0.517278585,-5.97581881e-05,0.659986484,1.3228409,8.99999914,0.0782116463,-0.0122543735,8.28888534e-17
0.00299719531,1.56140688e-15,9.0,-0.563417889,-4.40536367e-05,0.660017893,1.31905977,8.99999914,0.0317653262,-0.0160185427,6.11003469e-17
0.00299819531,3.4205364e-15,9.0,-0.609598805,-2.83473462e-05,0.660049305,1.31526942,8.99999914,-0.0147488328,-0.0197874043,3.93131211e-17
0.00299919531,9.4347303e-15,9.0,-0.65573612,-1.26399365e-05,0.66008072,1.31147679,8.99999914,-0.0612456178,-0.0235540346,1.75280348e-17
0.00300019531,1.3946155e-15,9.0,-0.701906277,3.06797213e-06,0.660112136,1.30767565,8.99999914,-0.107801469,-0.0273246446,-4.25405372e-18
0.00300119531,3.63914981e-15,9.0,-0.748080821,1.87757597e-05,0.660143552,1.30386832,8.99999914,-0.154387941,-0.0310969227,-2.60322865e-17
0.00300219531,9.37003809e-15,9.0,-0.794259535,3.4482806e-05,0.660174966,1.30005481,8.99999914,-0.20100482,-0.0348708515,-4.78058064e-17
0.00300319531,1.23330101e-15,9.0,-0.840439095,5.01884909e-05,0.660206377,1.29623539,8.99999914,-0.247648783,-0.0386461609,-6.95737568e-17
0.00300419531,3.85932792e-15,9.0,-0.886619075,6.58921945e-05,0.660237784,1.29241009,8.99999914,-0.294319405,-0.0424228164,-9.13352817e-17
0.00300519531,9.2931245e-15,9.0,-0.932796323,8.15932968e-05,0.660269187,1.28857917,8.99999914,-0.341013532,-0.0462005617,-1.13089526e-16
0.00300619531,1.07846196e-15,9.0,-0.97897023,9.7291178e-05,0.660300582,1.28474268,8.99999914,-0.387730554,-0.0499793474,-1.34835635e-16
0.00300719531,4.0799447e-15,9.0,-1.02513779,0.000112985218,0.66033197,1.28090085,8.99999914,-0.434467464,-0.0537589292,-1.56572755e-16
0.00300819531,9.20416007e-15,9.0,-1.07129824,0.000128674798,0.66036335,1.27705376,8.99999914,-0.48122349,-0.0575392444,-1.78300033e-16
0.00300919531,9.30446864e-16,9.0,-1.11744869,0.000144359298,0.660394719,1.27320163,8.99999914,-0.527995749,-0.0613200591,-2.00016616e-16
0.00301019531,4.30048474e-15,9.0,-1.16358825,0.000160038099,0.660426076,1.26934454,8.99999914,-0.574783324,-0.0651012989,-2.21721654e-16
0.00301119531,9.10333972e-15,9.0,-1.20971413,0.000175710582,0.660457421,1.26548271,8.99999914,-0.621583445,-0.068882739,-2.43414296e-16
0.00301219531,7.89585234e-16,9.0,-1.25582532,0.000191376128,0.660488752,1.26161622,8.99999914,-0.668395065,-0.0726642944,-2.65093692e-16
0.00301319531,4.52042949e-15,9.0,-1.30191913,0.000207034119,0.660520068,1.2577453,8.99999914,-0.715215509,-0.0764457483,-2.86758994e-16
0.00301419531,8.9908823e-15,9.0,-1.34799442,0.000222683936,0.660551368,1.25387004,8.99999914,-0.762043616,-0.0802270064,-3.08409354e-16
0.00301519531,6.56186851e-16,9.0,-1.39404861,0.000238324962,0.66058265,1.24999065,8.99999914,-0.808876795,-0.0840078588,-3.30043926e-16
0.00301619531,4.73925849e-15,9.0,-1.44008044,0.00025395658,0.660613913,1.24610723,8.99999913,-0.855713781,-0.0877882029,-3.51661864e-16
0.00301719531,8.86703013e-15,9.0,-1.48608742,0.000269578172,0.660645156,1.24221998,8.99999913,-0.902552055,-0.0915678347,-3.73262323e-16
0.00301819531,5.30541052e-16,9.0,-1.5320682,0.000285189122,0.660676378,1.23832902,8.99999913,-0.949390262,-0.0953466443,-3.9484446e-16
0.00301919531,4.95645056e-15,9.0,-1.57802033,0.000300788812,0.660707578,1.23443455,8.99999913,-0.996225946,-0.0991244327,-4.16407433e-16
0.00302019531,8.73204842e-15,9.0,-1.62394241,0.000316376628,0.660738753,1.23053668,8.99999913,-1.04305767,-0.102901084,-4.379504e-16
0.00302119531,4.12916075e-16,9.0,-1.66983203,0.000331951954,0.660769904,1.22663562,8.99999913,-1.08988303,-0.106676402,-4.59472523e-16
0.00302219531,5.17148498e-15,9.0,-1.71568772,0.000347514175,0.660801028,1.22273148,8.99999913,-1.13670051,-0.110450267,-4.80972961e-16
0.00302319531,8.58622467e-15,9.0,-1.76150714,0.000363062677,0.660832125,1.21882446,8.99999913,-1.18350777,-0.114222486,-5.02450878e-16
0.00302419531,3.03558455e-16,9.0,-1.80728873,0.000378596846,0.660863194,1.21491468,8.99999913,-1.23030322,-0.117992933,-5.23905438e-16
0.00302519531,5.38384274e-15,9.0,-1.85303019,0.000394116068,0.660894232,1.21100234,8.99999913,-1.27708454,-0.12176142,-5.45335805e-16
0.00302619531,8.42986806e-15,9.0,-1.89872992,0.000409619732,0.660925239,1.20708757,8.99999913,-1.32385011,-0.125527816,-5.66741147e-16
0.00302719531,2.02692466e-16,9.0,-1.94438566,0.000425107224,0.660956214,1.20317056,8.99999913,-1.37059764,-0.129291934,-5.88120631e-16
0.00302819531,5.59300771e-15,9.0,-1.98999574,0.000440577934,0.660987156,1.19925145,8.99999913,-1.41732545,-0.133053639,-6.09473426e-16
0.00302919531,8.26330868e-15,9.0,-2.03555795,0.00045603125,0.661018063,1.19533042,8.99999913,-1.46403128,-0.13681275,-6.30798704e-16
0.00303019531,1.10519618e-16,9.0,-2.08107057,0.000471466564,0.661048933,1.19140761,8.99999913,-1.5107134,-0.140569125,-6.52095637e-16
0.00303119531,5.79846787e-15,9.0,-2.1265314,0.000486883264,0.661079767,1.18748322,8.99999913,-1.55736957,-0.144322585,-6.73363398e-16
0.00303219531,8.08689686e-15,9.0,-2.17193871,0.000502280743,0.661110561,1.18355738,8.99999913,-1.60399803,-0.148072986,-6.94601163e-16
0.00303319531,2.72182051e-17,9.0,-2.2172903,0.000517658393,0.661141317,1.17963028,8.99999913,-1.65059657,-0.15182015,-7.15808108e-16
0.00303419531,5.99971645e-15,9.0,-2.26258441,0.000533015607,0.661172031,1.17570207,8.99999913,-1.69716337,-0.155563931,-7.36983412e-16
0.00303519531,7.90100233e-15,9.0,-2.30781887,0.000548351778,0.661202704,1.17177293,8.99999913,-1.74369624,-0.159304152,-7.58126256e-16
0.00303619531,-4.70570868e-17,9.0,-2.35299187,0.000563666301,0.661233333,1.16784301,8.99999913,-1.79019334,-0.163040663,-7.7923582e-16
0.00303719531,6.19625316e-15,9.0,-2.39810128,0.000578958572,0.661263917,1.16391249,8.99999913,-1.83665248,-0.166773289,-8.00311289e-16
0.00303819531,7.70601338e-15,9.0,-2.44314524,0.000594227986,0.661294456,1.15998154,8.99999913,-1.8830718,-0.170501879,-8.21351847e-16
0.00303919531,-1.12175522e-16,9.0,-2.48812164,0.000609473942,0.661324948,1.15605032,8.99999913,-1.92944913,-0.174226258,-8.42356681e-16
0.00304019531,6.38758535e-15,9.0,-2.53302861,0.000624695836,0.661355392,1.15211901,8.99999913,-1.97578256,-0.177946272,-8.6332498e-16
0.00304119531,7.50233605e-15,9.0,-2.57786403,0.000639893068,0.661385786,1.14818777,8.99999912,-2.02206994,-0.181661748,-8.84255935e-16
0.00304219531,-1.680306e-16,9.0,-2.62262602,0.000655065039,0.66141613,1.14425676,8.99999912,-2.06830934,-0.18537253,-9.05148737e-16
0.00304319531,6.57322911e-15,9.0,-2.66731247,0.000670211148,0.661446422,1.14032618,8.99999912,-2.11449861,-0.189078445,-9.2600258e-16
0.00304419531,7.29039311e-15,9.0,-2.71192148,0.000685330799,0.661476662,1.13639617,8.99999912,-2.16063581,-0.192779337,-9.46816662e-16
0.00304519531,-2.14540279e-16,9.0,-2.75645095,0.000700423394,0.661506847,1.13246692,8.99999912,-2.2067188,-0.196475032,-9.67590179e-16
0.00304619531,6.75271046e-15,9.0,-2.80089895,0.000715488338,0.661536977,1.1285386,8.99999912,-2.25274559,-0.200165372,-9.88322332e-16
0.00304719531,7.0706232e-15,9.0,-2.8452634,0.000730525035,0.66156705,1.12461138,8.99999912,-2.29871407,-0.203850185,-1.00901232e-15
0.00304819531,-2.5164715e-16,9.0,-2.88954237,0.000745532892,0.661597066,1.12068542,8.99999912,-2.34462224,-0.207529311,-1.02965935e-15
0.00304919531,6.92556643e-15,9.0,-2.93373376,0.000760511318,0.661627023,1.11676092,8.99999912,-2.39046797,-0.211202578,-1.05026263e-15
0.00305019531,6.8434798e-15,9.0,-2.97783563,0.000775459719,0.661656919,1.11283802,8.99999912,-2.43624926,-0.214869826,-1.07082136e-15
0.00305119531,-2.79318548e-16,9.0,-3.02184589,0.000790377507,0.661686755,1.10891693,8.99999912,-2.48196398,-0.218530883,-1.09133476e-15
0.00305219531,7.09134614e-15,9.0,-3.06576259,0.000805264091,0.661716528,1.10499779,8.99999912,-2.52761012,-0.222185587,-1.11180204e-15
0.00305319531,6.60943021e-15,9.0,-3.10958366,0.000820118886,0.661746238,1.1010808,8.99999912,-2.57318555,-0.225833767,-1.1322224e-15
0.00305419531,-2.97546604e-16,9.0,-3.15330712,0.000834941303,0.661775883,1.09716612,8.99999912,-2.61868823,-0.229475259,-1.15259508e-15
0.00305519531,7.24961187e-15,9.0,-3.1969309,0.000849730759,0.661805462,1.09325394,8.99999912,-2.66411606,-0.233109894,-1.17291927e-15
0.00305619531,6.36895449e-15,9.0,-3.24045302,0.000864486668,0.661834973,1.08934442,8.99999912,-2.70946699,-0.236737506,-1.19319422e-15
0.00305719531,-3.06348244e-16,9.0,-3.28387142,0.000879208449,0.661864417,1.08543774,8.99999912,-2.75473889,-0.240357926,-1.21341914e-15
0.00305819531,7.39994008e-15,9.0,-3.32718412,0.000893895521,0.661893791,1.08153408,8.99999912,-2.79992972,-0.24397099,-1.23359325e-15
0.00305919531,6.1225444e-15,9.0,-3.37038903,0.000908547303,0.661923095,1.07763362,8.99999912,-2.84503736,-0.247576525,-1.25371578e-15
0.00306019531,-3.05765124e-16,9.0,-3.41348419,0.000923163217,0.661952326,1.07373652,8.99999912,-2.89005975,-0.251174368,-1.27378597e-15
0.00306119531,7.54192239e-15,9.0,-3.45646752,0.000937742686,0.661981485,1.06984298,8.99999912,-2.93499477,-0.254764349,-1.29380304e-15
0.00306219531,5.87070229e-15,9.0,-3.49933703,0.000952285135,0.66201057,1.06595316,8.99999912,-2.97984036,-0.2583463,-1.31376624e-15
0.00306319531,-2.95863517e-16,9.0,-3.54209066,0.000966789989,0.66203958,1.06206725,8.99999912,-3.0245944,-0.261920053,-1.33367478e-15
0.00306419531,7.67516661e-15,9.0,-3.58472642,0.000981256676,0.662068513,1.05818542,8.99999912,-3.06925482,-0.265485442,-1.35352793e-15
0.00306519531,5.61393995e-15,9.0,-3.62724225,0.000995684624,0.662097369,1.05430785,8.99999912,-3.1138195,-0.269042295,-1.37332491e-15
0.00306619531,-2.76734126e-16,9.0,-3.66963614,0.00101007327,0.662126147,1.05043471,8.99999912,-3.15828637,-0.272590448,-1.39306498e-15
0.00306719531,7.79929756e-15,9.0,-3.71190605,0.00102442203,0.662154844,1.0465662,8.99999911,-3.20265331,-0.27612973,-1.41274737e-15
0.00306819531,5.35277747e-15,9.0,-3.75404997,0.00103873035,0.662183461,1.04270248,8.99999911,-3.24691825,-0.279659974,-1.43237135e-15
0.00306919531,-2.48491857e-16,9.0,-3.79606586,0.00105299767,0.662211995,1.03884374,8.99999911,-3.29107905,-0.283181011,-1.45193615e-15
0.00307019531,7.91395806e-15,9.0,-3.83795171,0.00106722341,0.662240447,1.03499015,8.99999911,-3.33513366,-0.286692674,-1.47144105e-15
0.00307119531,5.0877421e-15,9.0,-3.87970548,0.00108140702,0.662268814,1.0311419,8.99999911,-3.37907994,-0.290194794,-1.49088528e-15
0.00307219531,-2.11275527e-16,9.0,-3.92132516,0.00109554794,0.662297096,1.02729916,8.99999911,-3.42291583,-0.293687203,-1.51026812e-15
0.00307319531,8.01880971e-15,9.0,-3.96280872,0.00110964561,0.662325291,1.02346212,8.99999911,-3.46663919,-0.297169732,-1.52958882e-15
0.00307419531,4.81936702e-15,9.0,-4.00415414,0.00112369948,0.662353399,1.01963095,8.99999911,-3.51024796,-0.300642215,-1.54884665e-15
0.00307519531,-1.65247514e-16,9.0,-4.0453594,0.00113770898,0.662381418,1.01580583,8.99999911,-3.55374001,-0.304104482,-1.56804088e-15
0.00307619531,8.11353374e-15,9.0,-4.0864225,0.00115167356,0.662409347,1.01198695,8.99999911,-3.59711327,-0.307556367,-1.58717078e-15
0.00307719531,4.54819016e-15,9.0,-4.12734139,0.00116559268,0.662437185,1.00817449,8.99999911,-3.64036562,-0.3109977,-1.60623562e-15
0.00307819531,-1.10593357e-16,9.0,-4.16811409,0.00117946579,0.662464932,1.00436862,8.99999911,-3.68349499,-0.314428315,-1.62523468e-15
0.00307919531,8.19783174e-15,9.0,-4.20873857,0.00119329233,0.662492585,1.00056952,8.99999911,-3.72649925,-0.317848043,-1.64416724e-15
0.00308019531,4.27475302e-15,9.0,-4.24921282,0.00120707176,0.662520144,0.996777385,8.99999911,-3.76937633,-0.321256717,-1.66303257e-15
0.00308119531,-4.75212988e-17,9.0,-4.28953484,0.00122080354,0.662547607,0.992992386,8.99999911,-3.81212413,-0.32465417,-1.68182997e-15
0.00308219531,8.27142638e-15,9.0,-4.32970262,0.00123448713,0.662574974,0.989214704,8.99999911,-3.85474056,-0.328040235,-1.70055872e-15
0.00308319531,3.9995994e-15,9.0,-4.36971416,0.00124812197,0.662602244,0.985444522,8.99999911,-3.89722353,-0.331414744,-1.71921812e-15
0.00308419531,2.37382212e-17,9.0,-4.40956747,0.00126170755,0.662629415,0.98168202,8.99999911,-3.93957094,-0.33477753,-1.73780744e-15
0.00308519531,8.33406211e-15,9.0,-4.44926053,0.00127524331,0.662656487,0.97792738,8.99999911,-3.98178072,-0.338128427,-1.756326e-15
0.00308619531,3.72327424e-15,9.0,-4.48879136,0.00128872873,0.662683457,0.974180781,8.99999911,-4.02385077,-0.341467269,-1.77477309e-15
0.00308719531,1.02933131e-16,9.0,-4.52815797,0.00130216328,0.662710327,0.970442406,8.99999911,-4.06577902,-0.344793887,-1.79314801e-15
0.00308819531,8.38550573e-15,9.0,-4.56735838,0.00131554641,0.662737093,0.966712434,8.99999911,-4.10756337,-0.348108118,-1.81145007e-15
0.00308919531,3.44632238e-15,9.0,-4.60639059,0.00132887761,0.662763755,0.962991047,8.99999911,-4.14920176,-0.351409794,-1.82967858e-15
0.00309019531,1.89790338e-16,9.0,-4.64525263,0.00134215635,0.662790313,0.959278426,8.99999911,-4.19069211,-0.35469875,-1.84783284e-15
0.00309119531,8.42554701e-15,9.0,-4.68394252,0.00135538211,0.662816764,0.955574751,8.99999911,-4.23203234,-0.357974821,-1.86591217e-15
0.00309219531,3.16928732e-15,9.0,-4.72245829,0.00136855435,0.662843109,0.951880204,8.99999911,-4.27322038,-0.361237841,-1.8839159e-15
0.00309319531,2.84016388e-16,9.0,-4.76079797,0.00138167257,0.662869345,0.948194964,8.9999991,-4.31425417,-0.364487645,-1.90184333e-15
0.00309419531,8.45399917e-15,9.0,-4.79895959,0.00139473624,0.662895472,0.944519213,8.9999991,-4.35513164,-0.367724069,-1.9196938e-15
0.00309519531,2.89271003e-15,9.0,-4.83694121,0.00140774485,0.66292149,0.940853131,8.9999991,-4.39585072,-0.370946949,-1.93746663e-15
0.00309619531,3.85298176e-16,9.0,-4.87474085,0.00142069788,0.662947396,0.937196898,8.9999991,-4.43640936,-0.37415612,-1.95516114e-15
0.00309719531,8.47069935e-15,9.0,-4.91235657,0.00143359483,0.66297319,0.933550694,8.9999991,-4.47680551,-0.377351419,-1.97277669e-15
0.00309819531,2.61712773e-15,9.0,-4.94978643,0.00144643518,0.66299887,0.929914701,8.9999991,-4.51703712,-0.380532682,-1.99031259e-15
0.00309919531,4.933037e-16,9.0,-4.98702849,0.00145921842,0.663024437,0.926289097,8.9999991,-4.55710213,-0.383699747,-2.00776819e-15
0.00310019531,8.47550904e-15,9.0,-5.0240808,0.00147194407,0.663049888,0.922674062,8.9999991,-4.59699851,-0.38685245,-2.02514284e-15
0.00310119531,2.3430727e-15,9.0,-5.06094144,0.0014846116,0.663075223,0.919069776,8.9999991,-4.63672421,-0.38999063,-2.04243588e-15
0.00310219531,6.07682862e-16,9.0,-5.09760848,0.00149722052,0.663100441,0.915476418,8.9999991,-4.6762772,-0.393114125,-2.05964665e-15
0.00310319531,8.46831442e-15,9.0,-5.13408,0.00150977033,0.663125541,0.911894168,8.9999991,-4.71565545,-0.396222773,-2.07677452e-15
0.00310419531,2.07107108e-15,9.0,-5.1703541,0.00152226054,0.663150521,0.908323205,8.9999991,-4.75485695,-0.399316413,-2.09381884e-15
0.00310519531,7.28068307e-16,9.0,-5.20642885,0.00153469065,0.663175381,0.904763706,8.9999991,-4.79387965,-0.402394884,-2.11077897e-15
0.00310619531,8.44902665e-15,9.0,-5.24230237,0.00154706018,0.66320012,0.901215852,8.9999991,-4.83272156,-0.405458027,-2.12765427e-15
0.00310719531,1.80164173e-15,9.0,-5.27797275,0.00155936863,0.663224737,0.897679819,8.9999991,-4.87138066,-0.408505681,-2.14444411e-15
0.00310819531,8.54076307e-16,9.0,-5.31343811,0.00157161552,0.663249231,0.894155787,8.9999991,-4.90985494,-0.411537688,-2.16114786e-15
0.00310919531,8.41758212e-15,9.0,-5.34869656,0.00158380037,0.663273601,0.890643932,8.9999991,-4.9481424,-0.414553888,-2.17776489e-15
0.00311019531,1.53529503e-15,9.0,-5.38374623,0.00159592269,0.663297845,0.887144432,8.9999991,-4.98624106,-0.417554123,-2.19429458e-15
0.00311119531,9.85307683e-16,9.0,-5.41858525,0.001607982,0.663321964,0.883657464,8.9999991,-5.02414892,-0.420538235,-2.21073631e-15
0.00311219531,8.37394267e-15,9.0,-5.45321175,0.00161997784,0.663345956,0.880183206,8.9999991,-5.061864,-0.423506067,-2.22708946e-15
0.00311319531,1.27253178e-15,9.0,-5.48762388,0.00163190972,0.663369819,0.876721832,8.9999991,-5.09938433,-0.426457463,-2.24335343e-15
0.00311419531,1.12134876e-15,9.0,-5.5218198,0.00164377717,0.663393554,0.87327352,8.9999991,-5.13670793,-0.429392265,-2.25952759e-15
0.00311519531,8.31809564e-15,9.0,-5.55579766,0.00165557974,0.663417159,0.869838445,8.9999991,-5.17383284,-0.432310319,-2.27561136e-15
0.00311619531,1.01384208e-15,9.0,-5.58955563,0.00166731694,0.663440634,0.866416782,8.9999991,-5.21075711,-0.435211469,-2.29160412e-15
0.00311719531,1.26177235e-15,9.0,-5.62309189,0.00167898832,0.663463977,0.863008706,8.9999991,-5.24747877,-0.43809556,-2.30750527e-15
0.00311819531,8.25005402e-15,9.0,-5.65640462,0.00169059342,0.663487187,0.859614392,8.9999991,-5.2839959,-0.440962439,-2.32331423e-15
0.00311919531,7.59704244e-16,9.0,-5.689492,0.00170213177,0.663510264,0.856234014,8.9999991,-5.32030655,-0.443811953,-2.33903041e-15
0.00312019531,1.40613881e-15,9.0,-5.72235225,0.00171360293,0.663533206,0.852867745,8.9999991,-5.3564088,-0.446643948,-2.3546532e-15
0.00312119531,8.1698564e-15,9.0,-5.75498356,0.00172500644,0.663556013,0.84951576,8.99999909,-5.39230072,-0.449458272,-2.37018204e-15
0.00312219531,5.10583745e-16,9.0,-5.78738415,0.00173634185,0.663578684,0.846178229,8.99999909,-5.4279804,-0.452254775,-2.38561634e-15
0.00312319531,1.55399703e-15,9.0,-5.81955226,0.00174760871,0.663601217,0.842855327,8.99999909,-5.46344593,-0.455033304,-2.40095553e-15
0.00312419531,8.07756699e-15,9.0,-5.85148611,0.00175880657,0.663623613,0.839547224,8.99999909,-5.49869541,-0.457793711,-2.41619903e-15
0.00312519531,2.66932182e-16,9.0,-5.88318394,0.00176993501,0.66364587,0.836254092,8.99999909,-5.53372695,-0.460535846,-2.43134627e-15
0.00312619531,1.70488557e-15,9.0,-5.91464401,0.00178099356,0.663667987,0.832976101,8.99999909,-5.56853868,-0.463259559,-2.44639669e-15
0.00312719531,7.97327542e-15,9.0,-5.94586457,0.00179198181,0.663689964,0.829713422,8.99999909,-5.60312871,-0.465964703,-2.46134973e-15
0.00312819531,2.91862916e-17,9.0,-5.97684391,0.00180289931,0.663711799,0.826466225,8.99999909,-5.63749518,-0.468651131,-2.47620484e-15
0.00312919531,1.85833375e-15,9.0,-6.0075803,0.00181374564,0.663733491,0.823234678,8.99999909,-5.67163623,-0.471318696,-2.49096145e-15
0.00313019531,7.85709669e-15,9.0,-6.03807202,0.00182452037,0.663755041,0.820018951,8.99999909,-5.70555002,-0.473967252,-2.50561902e-15
0.00313119531,-2.02233014e-16,9.0,-6.06831739,0.00183522306,0.663776446,0.816819211,8.99999909,-5.7392347,-0.476596654,-2.52017701e-15
0.00313219531,2.01386276e-15,9.0,-6.09831471,0.00184585331,0.663797707,0.813635625,8.99999909,-5.77268845,-0.479206757,-2.53463486e-15
0.00313319531,7.72917087e-15,9.0,-6.1280623,0.00185641068,0.663818821,0.810468361,8.99999909,-5.80590944,-0.481797419,-2.54899205e-15
0.00313419531,-4.26921571e-16,9.0,-6.15755849,0.00186689476,0.66383979,0.807317584,8.99999909,-5.83889586,-0.484368496,-2.56324804e-15
0.00313519531,2.17098682e-15,9.0,-6.18680162,0.00187730515,0.66386061,0.804183461,8.99999909,-5.87164592,-0.486919846,-2.5774023e-15
0.00313619531,7.58966282e-15,9.0,-6.21579005,0.00188764142,0.663881283,0.801066155,8.99999909,-5.90415781,-0.489451329,-2.5914543e-15
0.00313719531,-6.44492844e-16,9.0,-6.24452214,0.00189790317,0.663901806,0.797965831,8.99999909,-5.93642976,-0.491962804,-2.60540353e-15
0.00313819531,2.32921432e-15,9.0,-6.27299625,0.00190808999,0.66392218,0.794882653,8.99999909,-5.96845999,-0.494454132,-2.61924945e-15
0.00313919531,7.43876193e-15,9.0,-6.30121079,0.00191820149,0.663942403,0.791816784,8.99999909,-6.00024674,-0.496925174,-2.63299157e-15
0.00314019531,-8.54578773e-16,9.0,-6.32916414,0.00192823725,0.663962475,0.788768385,8.99999909,-6.03178827,-0.499375793,-2.64662937e-15
0.00314119531,2.48804904e-15,9.0,-6.35685471,0.0019381969,0.663982394,0.785737618,8.99999909,-6.06308282,-0.501805851,-2.66016233e-15
0.00314219531,7.27668167e-15,9.0,-6.38428092,0.00194808003,0.66400216,0.782724643,8.99999909,-6.09412867,-0.504215212,-2.67358997e-15
0.00314319531,-1.05683057e-15,9.0,-6.41144121,0.00195788625,0.664021772,0.779729622,8.99999909,-6.1249241,-0.506603743,-2.68691179e-15
0.00314419531,2.6469913e-15,9.0,-6.43833401,0.00196761518,0.66404123,0.776752711,8.99999909,-6.15546741,-0.508971308,-2.70012728e-15
0.00314519531,7.10365914e-15,9.0,-6.46495778,0.00197726642,0.664060533,0.773794071,8.99999909,-6.18575689,-0.511317775,-2.71323596e-15
0.00314619531,-1.25091947e-15,9.0,-6.49131098,0.00198683961,0.664079679,0.770853859,8.99999909,-6.21579085,-0.513643011,-2.72623734e-15
0.00314719531,2.80553914e-15,9.0,-6.51739211,0.00199633437,0.664098669,0.767932231,8.99999909,-6.24556763,-0.515946885,-2.73913094e-15
0.00314819531,6.91995461e-15,9.0,-6.54319964,0.00200575031,0.664117501,0.765029343,8.99999909,-6.27508556,-0.518229267,-2.75191629e-15
0.00314919531,-1.43653744e-15,9.0,-6.56873209,0.00201508707,0.664136174,0.762145351,8.99999909,-6.30434299,-0.520490027,-2.76459291e-15
0.00315019531,2.9631896e-15,9.0,-6.59398797,0.00202434427,0.664154689,0.759280409,8.99999909,-6.33333828,-0.522729038,-2.77716033e-15
0.00315119531,6.72585097e-15,9.0,-6.61896581,0.00203352156,0.664173043,0.75643467,8.99999909,-6.3620698,-0.524946171,-2.78961808e-15
0.00315219531,-1.61339784e-15,9.0,-6.64366415,0.00204261857,0.664191237,0.753608288,8.99999909,-6.39053594,-0.527141302,-2.80196571e-15
0.00315319531,3.11943981e-15,9.0,-6.66808156,0.00205163493,0.66420927,0.750801413,8.99999909,-6.41873509,-0.529314303,-2.81420276e-15
0.00315419531,6.5216531e-15,9.0,-6.6922166,0.00206057031,0.664227141,0.748014196,8.99999908,-6.44666567,-0.531465052,-2.82632877e-15
0.00315519531,-1.78123606e-15,9.0,-6.71606786,0.00206942433,0.664244849,0.745246788,8.99999908,-6.4743261,-0.533593425,-2.8383433e-15
0.00315619531,3.27378832e-15,9.0,-6.73963393,0.00207819666,0.664262393,0.742499337,8.99999908,-6.50171481,-0.5356993,-2.85024591e-15
0.00315719531,6.30768722e-15,9.0,-6.76291342,0.00208688695,0.664279774,0.739771992,8.99999908,-6.52883025,-0.537782557,-2.86203615e-15
0.00315819531,-1.93981e-15,9.0,-6.78590495,0.00209549484,0.66429699,0.737064899,8.99999908,-6.55567088,-0.539843074,-2.87371358e-15
0.00315919531,3.42573618e-15,9.0,-6.80860718,0.00210402002,0.66431404,0.734378205,8.99999908,-6.58223518,-0.541880734,-2.88527779e-15
0.00316019531,6.08430022e-15,9.0,-6.83101874,0.00211246212,0.664330924,0.731712055,8.99999908,-6.60852164,-0.543895418,-2.89672833e-15
0.00316119531,-2.08890067e-15,9.0,-6.85313831,0.00212082084,0.664347642,0.729066594,8.99999908,-6.63452876,-0.54588701,-2.90806479e-15
0.00316219531,3.57478824e-15,9.0,-6.87496457,0.00212909582,0.664364192,0.726441963,8.99999908,-6.66025504,-0.547855395,-2.91928675e-15
0.00316319531,5.8518589e-15,9.0,-6.89649621,0.00213728676,0.664380574,0.723838306,8.99999908,-6.68569903,-0.549800458,-2.93039379e-15
0.00316419531,-2.22831258e-15,9.0,-6.91773195,0.00214539331,0.664396787,0.721255764,8.99999908,-6.71085927,-0.551722087,-2.94138551e-15
0.00316519531,3.72045427e-15,9.0,-6.93867051,0.00215341517,0.66441283,0.718694477,8.99999908,-6.7357343,-0.553620168,-2.9522615e-15
0.00316619531,5.61074915e-15,9.0,-6.95931063,0.00216135202,0.664428704,0.716154584,8.99999908,-6.76032271,-0.555494593,-2.96302136e-15
0.00316719531,-2.35787415e-15,9.0,-6.97965106,0.00216920354,0.664444407,0.713636224,8.99999908,-6.78462308,-0.557345249,-2.97366469e-15
0.00316819531,3.86225017e-15,9.0,-6.99969058,0.00217696942,0.664459939,0.711139532,8.99999908,-6.808634,-0.559172031,-2.9841911e-15
0.00316919531,5.36137517e-15,9.0,-7.01942798,0.00218464936,0.664475299,0.708664645,8.99999908,-6.8323541,-0.560974829,-2.9946002e-15
0.00317019531,-2.4774381e-15,9.0,-7.03886205,0.00219224306,0.664490486,0.706211698,8.99999908,-6.855782,-0.562753539,-3.00489161e-15
0.00317119531,3.99969914e-15,9.0,-7.05799161,0.0021997502,0.6645055,0.703780825,8.99999908,-6.87891635,-0.564508055,-3.01506495e-15
0.00317219531,5.10415854e-15,9.0,-7.0768155,0.00220717051,0.664520341,0.701372158,8.99999908,-6.90175581,-0.566238275,-3.02511984e-15
0.00317319531,-2.58688164e-15,9.0,-7.09533256,0.00221450368,0.664535007,0.698985829,8.99999908,-6.92429905,-0.567944095,-3.03505592e-15
0.00317419531,4.1323328e-15,9.0,-7.11354165,0.00222174943,0.664549499,0.696621967,8.99999908,-6.94654476,-0.569625415,-3.04487282e-15
0.00317519531,4.83953734e-15,9.0,-7.13144167,0.00222890746,0.664563815,0.694280703,8.99999908,-6.96849164,-0.571282134,-3.05457017e-15
0.00317619531,-2.6861068e-15,9.0,-7.1490315,0.0022359775,0.664577955,0.691962163,8.99999908,-6.99013843,-0.572914156,-3.06414763e-15
0.00317719531,4.25969234e-15,9.0,-7.16631006,0.00224295927,0.664591919,0.689666476,8.99999908,-7.01148385,-0.574521382,-3.07360484e-15
0.00317819531,4.56796517e-15,9.0,-7.18327628,0.00224985249,0.664605705,0.687393767,8.99999908,-7.03252665,-0.576103717,-3.08294144e-15
0.00317919531,-2.77504053e-15,9.0,-7.1999291,0.00225665689,0.664619314,0.685144159,8.99999908,-7.05326561,-0.577661065,-3.09215711e-15
0.00318019531,4.38132962e-15,9.0,-7.21626749,0.00226337221,0.664632744,0.682917777,8.99999908,-7.07369951,-0.579193335,-3.10125149e-15
0.00318119531,4.28991019e-15,9.0,-7.23229043,0.00226999816,0.664645996,0.680714742,8.99999908,-7.09382715,-0.580700434,-3.11022426e-15
0.00318219531,-2.85363487e-15,9.0,-7.2479969,0.0022765345,0.664659069,0.678535175,8.99999908,-7.11364735,-0.582182271,-3.11907508e-15
0.00318319531,4.49680825e-15,9.0,-7.26338594,0.00228298097,0.664671962,0.676379196,8.99999908,-7.13315893,-0.583638757,-3.12780363e-15
0.00318419531,4.00585407e-15,9.0,-7.27845655,0.00228933731,0.664684675,0.674246923,8.99999908,-7.15236075,-0.585069805,-3.13640959e-15
0.00318519531,-2.92186694e-15,9.0,-7.2932078,0.00229560327,0.664697207,0.672138473,8.99999908,-7.17125168,-0.586475328,-3.14489265e-15
0.00318619531,4.60570468e-15,9.0,-7.30763875,0.00230177861,0.664709557,0.670053962,8.99999908,-7.1898306,-0.587855241,-3.15325248e-15
0.00318719531,3.71629096e-15,9.0,-7.32174848,0.00230786307,0.664721726,0.667993504,8.99999908,-7.2080964,-0.58920946,-3.16148879e-15
0.00318819531,-2.979739e-15,9.0,-7.33553608,0.00231385643,0.664733713,0.665957212,8.99999908,-7.22604801,-0.590537903,-3.16960128e-15
0.00318919531,4.70760918e-15,9.0,-7.34900069,0.00231975843,0.664745517,0.663945199,8.99999908,-7.24368435,-0.591840489,-3.17758963e-15
0.00319019531,3.42172638e-15,9.0,-7.36214142,0.00232556886,0.664757138,0.661957575,8.99999908,-7.26100438,-0.593117138,-3.18545357e-15
0.00319119531,-3.02727837e-15,9.0,-7.37495743,0.00233128748,0.664768575,0.659994449,8.99999908,-7.27800707,-0.594367773,-3.19319281e-15
0.00319219531,4.80212686e-15,9.0,-7.3874479,0.00233691406,0.664779828,0.658055929,8.99999908,-7.29469141,-0.595592317,-3.20080705e-15
0.00319319531,3.12267616e-15,9.0,-7.39961201,0.00234244838,0.664790897,0.656142122,8.99999908,-7.31105638,-0.596790694,-3.20829602e-15
0.00319419531,-3.0645373e-15,9.0,-7.41144896,0.00234789023,0.66480178,0.654253133,8.99999908,-7.32710103,-0.597962831,-3.21565944e-15
0.00319519531,4.88887863e-15,9.0,-7.42295799,0.00235323939,0.664812479,0.652389066,8.99999908,-7.34282438,-0.599108656,-3.22289706e-15
0.00319619531,2.81966526e-15,9.0,-7.43413833,0.00235849564,0.664822991,0.650550023,8.99999908,-7.35822548,-0.600228097,-3.23000859e-15
0.00319719531,-3.09159279e-15,9.0,-7.44498925,0.00236365879,0.664833318,0.648736105,8.99999907,-7.37330343,-0.601321085,-3.23699378e-15
0.00319819531,4.96750213e-15,9.0,-7.45551002,0.00236872862,0.664843457,0.646947412,8.99999907,-7.38805729,-0.602387553,-3.24385237e-15
0.00319919531,2.51322666e-15,9.0,-7.46569994,0.00237370494,0.66485341,0.645184043,8.99999907,-7.4024862,-0.603427433,-3.25058412e-15
0.00320019531,-3.10854639e-15,9.0,-7.47555834,0.00237858755,0.664863175,0.643446094,8.99999907,-7.41658927,-0.604440661,-3.25718877e-15
0.00320119531,5.03765262e-15,9.0,-7.48508453,0.00238337626,0.664872753,0.641733661,8.99999907,-7.43036564,-0.605427174,-3.26366608e-15
0.00320219531,2.20390014e-15,9.0,-7.49427788,0.00238807088,0.664882142,0.640046837,8.99999907,-7.4438145,-0.606386909,-3.27001582e-15
0.00320319531,-3.11552387e-15,9.0,-7.50313777,0.00239267122,0.664891342,0.638385716,8.99999907,-7.45693501,-0.607319806,-3.27623776e-15
0.00320419531,5.09900383e-15,9.0,-7.51166357,0.0023971771,0.664900354,0.636750389,8.99999907,-7.46972638,-0.608225806,-3.28233165e-15
0.00320519531,1.89223118e-15,9.0,-7.5198547,0.00240158834,0.664909177,0.635140945,8.99999907,-7.48218783,-0.609104851,-3.2882973e-15
0.00320619531,-3.11267491e-15,9.0,-7.5277106,0.00240590478,0.66491781,0.633557473,8.99999907,-7.4943186,-0.609956886,-3.29413446e-15
0.00320719531,5.15124874e-15,9.0,-7.5352307,0.00241012623,0.664926252,0.632000059,8.99999907,-7.50611795,-0.610781857,-3.29984294e-15
0.00320819531,1.57876967e-15,9.0,-7.54241447,0.00241425253,0.664934505,0.63046879,8.99999907,-7.51758514,-0.611579709,-3.30542252e-15
0.00320919531,-3.10017268e-15,9.0,-7.54926141,0.00241828353,0.664942567,0.628963747,8.99999907,-7.52871949,-0.612350394,-3.310873e-15
0.00321019531,5.1941004e-15,9.0,-7.55577102,0.00242221905,0.664950438,0.627485015,8.99999907,-7.5395203,-0.613093859,-3.31619417e-15
0.00321119531,1.26406876e-15,9.0,-7.56194281,0.00242605895,0.664958118,0.626032674,8.99999907,-7.5499869,-0.613810058,-3.32138585e-15
0.00321219531,-3.07821337e-15,9.0,-7.56777635,0.00242980307,0.664965606,0.624606803,8.99999907,-7.56011865,-0.614498944,-3.32644784e-15
0.00321319531,5.22729257e-15,9.0,-7.57327119,0.00243345127,0.664972903,0.62320748,8.99999907,-7.56991492,-0.615160471,-3.33137996e-15
0.00321419531,9.48683639e-16,9.0,-7.57842691,0.0024370034,0.664980007,0.621834782,8.99999907,-7.5793751,-0.615794596,-3.33618202e-15
0.00321519531,-3.04701573e-15,9.0,-7.58324312,0.00244045932,0.664986919,0.620488783,8.99999907,-7.5884986,-0.616401278,-3.34085386e-15
0.00321619531,5.25058047e-15,9.0,-7.58771943,0.0024438189,0.664993638,0.619169556,8.99999907,-7.59728485,-0.616980475,-3.3453953e-15
0.00321719531,6.33170306e-16,9.0,-7.5918555,0.002447082,0.665000164,0.617877174,8.99999907,-7.6057333,-0.61753215,-3.34980618e-15
0.00321819531,-3.00682045e-15,9.0,-7.59565099,0.00245024849,0.665006497,0.616611706,8.99999907,-7.61384342,-0.618056264,-3.35408633e-15
0.00321919531,5.26374132e-15,9.0,-7.59910557,0.00245331825,0.665012637,0.615373222,8.99999907,-7.62161469,-0.618552784,-3.3582356e-15
0.00322019531,3.18084351e-16,9.0,-7.60221895,0.00245629116,0.665018582,0.614161787,8.99999907,-7.62904663,-0.619021673,-3.36225383e-15
0.00322119531,-2.95788959e-15,9.0,-7.60499084,0.00245916709,0.665024334,0.612977468,8.99999907,-7.63613875,-0.619462901,-3.36614088e-15
0.00322219531,5.26657499e-15,9.0,-7.607421,0.00246194595,0.665029892,0.611820329,8.99999907,-7.64289062,-0.619876437,-3.36989661e-15
0.00322319531,3.97974025e-18,9.0,-7.60950917,0.00246462761,0.665035255,0.610690432,8.99999907,-7.64930178,-0.620262251,-3.37352088e-15
0.00322419531,-2.90050592e-15,9.0,-7.61125515,0.00246721197,0.665040424,0.609587838,8.99999907,-7.65537184,-0.620620315,-3.37701356e-15
0.00322519531,5.25890445e-15,9.0,-7.61265873,0.00246969893,0.665045398,0.608512606,8.99999907,-7.6611004,-0.620950605,-3.38037452e-15
0.00322619531,-3.08592398e-16,9.0,-7.61371973,0.00247208839,0.665050177,0.607464794,8.99999907,-7.66648707,-0.621253095,-3.38360363e-15
0.00322719531,-2.83497218e-15,9.0,-7.614438,0.00247438025,0.665054761,0.606444457,8.99999907,-7.67153152,-0.621527764,-3.38670078e-15
0.00322819531,5.24057627e-15,9.0,-7.61481339,0.00247657443,0.665059149,0.60545165,8.99999907,-7.67623341,-0.621774589,-3.38966586e-15
0.00322919531,-6.19084985e-16,9.0,-7.61484579,0.00247867085,0.665063342,0.604486426,8.99999907,-7.68059241,-0.621993552,-3.39249876e-15
0.00323019531,-2.76161035e-15,9.0,-7.61453509,0.0024806694,0.665067339,0.603548837,8.99999907,-7.68460825,-0.622184634,-3.39519937e-15
0.00323119531,5.21146103e-15,9.0,-7.61388123,0.00248257003,0.66507114,0.602638931,8.99999907,-7.68828064,-0.62234782,-3.39776759e-15
0.00323219531,-9.26956188e-16,9.0,-7.61288414,0.00248437264,0.665074745,0.601756757,8.99999907,-7.69160933,-0.622483096,-3.40020334e-15
0.00323319531,-2.68076086e-15,9.0,-7.61154378,0.00248607718,0.665078154,0.600902361,8.99999907,-7.6945941,-0.622590448,-3.40250652e-15
0.00323419531,5.17145368e-15,9.0,-7.60986013,0.00248768357,0.665081367,0.600075788,8.99999907,-7.69723471,-0.622669865,-3.40467705e-15
0.00323519531,-1.2316706e-15,9.0,-7.60783321,0.00248919176,0.665084384,0.599277081,8.99999907,-7.69953099,-0.622721337,-3.40671484e-15
0.00323619531,-2.59278173e-15,9.0,-7.60546302,0.00249060167,0.665087203,0.598506281,8.99999907,-7.70148276,-0.622744858,-3.40861984e-15
0.00323719531,5.12047381e-15,9.0,-7.60274961,0.00249191326,0.665089827,0.597763428,8.99999907,-7.70308987,-0.622740419,-3.41039195e-15
0.00323819531,-1.53270044e-15,9.0,-7.59969305,0.00249312647,0.665092253,0.597048561,8.99999907,-7.70435219,-0.622708017,-3.41203113e-15
0.00323919531,-2.49804769e-15,9.0,-7.59629342,0.00249424126,0.665094483,0.596361715,8.99999907,-7.7052696,-0.622647649,-3.41353731e-15
0.00324019531,5.05846592e-15,9.0,-7.59255082,0.00249525758,0.665096515,0.595702927,8.99999907,-7.70584201,-0.622559314,-3.41491043e-15
0.00324119531,-1.82952666e-15,9.0,-7.58846538,0.00249617539,0.665098351,0.595072228,8.99999907,-7.70606936,-0.622443011,-3.41615045e-15
0.00324219531,-2.39694925e-15,9.0,-7.58403723,0.00249699466,0.665099989,0.594469651,8.99999907,-7.70595158,-0.622298743,-3.41725732e-15
0.00324319531,4.9853996e-15,9.0,-7.57926655,0.00249771535,0.665101431,0.593895226,8.99999907,-7.70548866,-0.622126513,-3.418231e-15
0.00324419531,-2.12164012e-15,9.0,-7.57415352,0.00249833743,0.665102675,0.593348981,8.99999907,-7.70468058,-0.621926326,-3.41907146e-15
0.00324519531,-2.2898918e-15,9.0,-7.56869834,0.00249886088,0.665103722,0.592830942,8.99999907,-7.70352734,-0.62169819,-3.41977865e-15
0.00324619531,4.90126968e-15,9.0,-7.56290124,0.00249928569,0.665104571,0.592341135,8.99999907,-7.70202899,-0.621442113,-3.42035257e-15
0.00324719531,-2.40854268e-15,9.0,-7.55676246,0.00249961182,0.665105224,0.591879582,8.99999907,-7.70018558,-0.621158106,-3.42079318e-15
0.00324819531,-2.17729455e-15,9.0,-7.55028228,0.00249983928,0.665105679,0.591446306,8.99999907,-7.69799716,-0.620846179,-3.42110048e-15
0.00324919531,4.80609625e-15,9.0,-7.54346096,0.00249996804,0.665105936,0.591041327,8.99999907,-7.69546384,-0.620506347,-3.42127444e-15
0.00325019531,-2.68974828e-15,9.0,-7.53629883,0.00249999812,0.665105996,0.590664662,8.99999907,-7.69258574,-0.620138625,-3.42131507e-15
0.00325119531,-2.05958953e-15,9.0,-7.52879621,0.00249992949,0.665105859,0.590316328,8.99999907,-7.68936297,-0.61974303,-3.42122235e-15
0.00325219531,4.69992473e-15,9.0,-7.52095344,0.00249976217,0.665105524,0.589996341,8.99999907,-7.68579569,-0.619319579,-3.42099631e-15
0.00325319531,-2.96478403e-15,9.0,-7.51277088,0.00249949617,0.665104992,0.589704714,8.99999907,-7.68188408,-0.618868294,-3.42063693e-15
0.00325419531,-1.93722055e-15,9.0,-7.50424894,0.00249913149,0.665104263,0.589441457,8.99999907,-7.67762834,-0.618389196,-3.42014425e-15
0.00325519531,4.58282577e-15,9.0,-7.495388,0.00249866815,0.665103336,0.589206582,8.99999907,-7.67302866,-0.617882308,-3.41951827e-15
0.00325619531,-3.23319119e-15,9.0,-7.48618851,0.00249810617,0.665102212,0.589000097,8.99999907,-7.6680853,-0.617347656,-3.41875901e-15
0.00325719531,-1.81064213e-15,9.0,-7.4766509,0.00249744556,0.665100891,0.588822007,8.99999907,-7.66279849,-0.616785265,-3.41786651e-15
0.00325819531,4.4548952e-15,9.0,-7.46677564,0.00249668636,0.665099373,0.588672319,8.99999907,-7.65716853,-0.616195165,-3.4168408e-15
0.00325919531,-3.49452619e-15,9.0,-7.45656322,0.0024958286,0.665097657,0.588551035,8.99999907,-7.6511957,-0.615577386,-3.41568191e-15
0.00326019531,-1.68031835e-15,9.0,-7.44601415,0.0024948723,0.665095745,0.588458158,8.99999907,-7.64488031,-0.614931958,-3.41438989e-15
0.00326119531,4.31625383e-15,9.0,-7.43512895,0.00249381751,0.665093635,0.588393686,8.99999907,-7.63822271,-0.614258915,-3.41296479e-15
0.00326219531,-3.74836163e-15,9.0,-7.42390817,0.00249266427,0.665091329,0.588357618,8.99999907,-7.63122324,-0.613558292,-3.41140665e-15
0.00326319531,-1.54672179e-15,9.0,-7.41235237,0.00249141262,0.665088825,0.588349951,8.99999907,-7.62388229,-0.612830126,-3.40971554e-15
0.00326419531,4.16704726e-15,9.0,-7.40046214,0.00249006262,0.665086125,0.58837068,8.99999907,-7.61620025,-0.612074454,-3.40789151e-15
0.00326519531,-3.9942871e-15,9.0,-7.38823809,0.00248861431,0.665083229,0.588419798,8.99999907,-7.60817753,-0.611291317,-3.40593463e-15
0.00326619531,-1.41033232e-15,9.0,-7.37568084,0.00248706776,0.665080136,0.588497297,8.99999907,-7.59981458,-0.610480755,-3.40384497e-15
0.00326719531,4.00744557e-15,9.0,-7.36279104,0.00248542302,0.665076846,0.588603166,8.99999907,-7.59111184,-0.609642812,-3.40162262e-15
0.00326819531,-4.23191019e-15,9.0,-7.34956934,0.00248368016,0.66507336,0.588737394,8.99999907,-7.58206979,-0.608777532,-3.39926764e-15
0.00326919531,-1.27163599e-15,9.0,-7.33601644,0.00248183925,0.665069679,0.588899968,8.99999907,-7.57268893,-0.60788496,-3.39678014e-15
0.00327019531,3.83764301e-15,9.0,-7.32213304,0.00247990036,0.665065801,0.589090872,8.99999907,-7.56296978,-0.606965146,-3.39416019e-15
0.00327119531,-4.46085722e-15,9.0,-7.30791985,0.00247786357,0.665061727,0.58931009,8.99999907,-7.55291286,-0.606018138,-3.39140789e-15
0.00327219531,-1.13112382e-15,9.0,-7.29337763,0.00247572896,0.665057458,0.589557603,8.99999907,-7.54251873,-0.605043988,-3.38852335e-15
0.00327319531,3.65785764e-15,9.0,-7.27850714,0.00247349661,0.665052993,0.589833392,8.99999907,-7.53178798,-0.604042747,-3.38550667e-15
0.00327419531,-4.68077412e-15,9.0,-7.26330915,0.00247116661,0.665048333,0.590137434,8.99999907,-7.52072118,-0.60301447,-3.38235795e-15
0.00327519531,-9.89290631e-16,9.0,-7.24778446,0.00246873905,0.665043478,0.590469708,8.99999907,-7.50931897,-0.601959213,-3.37907732e-15
0.00327619531,3.46833081e-15,9.0,-7.23193389,0.00246621403,0.665038428,0.590830187,8.99999907,-7.49758196,-0.600877032,-3.3756649e-15
0.00327719531,-4.89132714e-15,9.0,-7.21575829,0.00246359165,0.665033183,0.591218844,8.99999907,-7.48551081,-0.599767987,-3.3721208e-15
0.00327819531,-8.4663384e-16,9.0,-7.1992585,0.00246087201,0.665027744,0.591635653,8.99999907,-7.4731062,-0.598632138,-3.36844516e-15
0.00327919531,3.26932676e-15,9.0,-7.18243541,0.00245805522,0.66502211,0.592080583,8.99999907,-7.46036881,-0.597469547,-3.36463812e-15
0.00328019531,-5.09220358e-15,9.0,-7.1652899,0.00245514139,0.665016283,0.592553603,8.99999907,-7.44729937,-0.596280278,-3.36069981e-15
0.00328119531,-7.03652265e-16,9.0,-7.1478229,0.00245213064,0.665010261,0.593054679,8.99999907,-7.43389859,-0.595064395,-3.35663037e-15
0.00328219531,3.06113198e-15,9.0,-7.13003532,0.00244902308,0.665004046,0.593583777,8.99999907,-7.42016722,-0.593821965,-3.35242996e-15
0.00328319531,-5.28311245e-15,9.0,-7.11192813,0.00244581883,0.664997638,0.59414086,8.99999907,-7.40610604,-0.592553056,-3.34809872e-15
0.00328419531,-5.60844915e-16,9.0,-7.09350229,0.00244251803,0.664991036,0.594725892,8.99999907,-7.39171584,-0.591257739,-3.34363683e-15
0.00328519531,2.84405468e-15,9.0,-7.0747588,0.00243912081,0.664984242,0.595338831,8.99999907,-7.37699741,-0.589936083,-3.33904443e-15
0.00328619531,-5.46378506e-15,9.0,-7.05569864,0.00243562729,0.664977255,0.595979637,8.99999907,-7.36195159,-0.588588162,-3.3343217e-15
0.00328719531,-4.18709789e-16,9.0,-7.03632285,0.00243203761,0.664970075,0.596648268,8.99999907,-7.34657922,-0.58721405,-3.32946881e-15
0.00328819531,2.61842412e-15,9.0,-7.01663248,0.00242835193,0.664962704,0.597344678,8.99999907,-7.33088116,-0.585813823,-3.32448594e-15
0.00328919531,-5.63397559e-15,9.0,-6.99662857,0.00242457037,0.664955141,0.598068823,8.99999907,-7.3148583,-0.584387558,-3.31937326e-15
0.00329019531,-2.77742671e-16,9.0,-6.97631221,0.0024206931,0.664947386,0.598820654,8.99999907,-7.29851152,-0.582935333,-3.31413098e-15
0.00329119531,2.38458987e-15,9.0,-6.95568449,0.00241672027,0.664939441,0.599600123,8.99999907,-7.28184176,-0.581457228,-3.30875927e-15
0.00329219531,-5.79346163e-15,9.0,-6.93474654,0.00241265202,0.664931304,0.600407178,8.99999907,-7.26484995,-0.579953327,-3.30325834e-15
0.00329319531,-1.38435934e-16,9.0,-6.91349946,0.00240848853,0.664922977,0.601241769,8.99999907,-7.24753704,-0.57842371,-3.29762839e-15
0.00329419531,2.14292114e-15,9.0,-6.89194443,0.00240422996,0.66491446,0.60210384,8.99999907,-7.229904,-0.576868464,-3.29186961e-15
0.00329519531,-5.94204457e-15,9.0,-6.8700826,0.00239987647,0.664905753,0.602993337,8.99999907,-7.21195184,-0.575287673,-3.28598224e-15
0.00329619531,-1.27734835e-18,9.0,-6.84791515,0.00239542823,0.664896856,0.603910202,8.99999907,-7.19368155,-0.573681426,-3.27996647e-15
0.00329719531,1.89380592e-15,9.0,-6.82544329,0.00239088543,0.664887771,0.604854378,8.99999907,-7.17509417,-0.572049811,-3.27382253e-15
0.00329819531,-6.07955005e-15,9.0,-6.80266824,0.00238624825,0.664878496,0.605825805,8.99999907,-7.15619074,-0.570392919,-3.26755064e-15
0.00329919531,1.33251093e-16,9.0,-6.77959122,0.00238151685,0.664869034,0.60682442,8.99999907,-7.13697232,-0.568710842,-3.26115104e-15
0.00330019531,1.63765018e-15,9.0,-6.7562135,0.00237669144,0.664859383,0.607850162,8.99999907,-7.11743999,-0.567003671,-3.25462396e-15
0.00330119531,-6.20582828e-15,9.0,-6.73253634,0.0023717722,0.664849544,0.608902964,8.99999907,-7.09759486,-0.565271503,-3.24796963e-15
0.00330219531,2.64674341e-16,9.0,-6.70856102,0.00236675933,0.664839519,0.609982763,8.99999907,-7.07743803,-0.563514433,-3.2411883e-15
0.00330319531,1.37487699e-15,9.0,-6.68428885,0.00236165302,0.664829306,0.611089489,8.99999907,-7.05697065,-0.561732559,-3.23428023e-15
0.00330419531,-6.32075432e-15,9.0,-6.65972114,0.00235645348,0.664818907,0.612223075,8.99999907,-7.03619386,-0.559925978,-3.22724565e-15
0.00330519531,3.92525439e-16,9.0,-6.63485923,0.00235116091,0.664808322,0.613383449,8.99999907,-7.01510882,-0.558094792,-3.22008484e-15
0.00330619531,1.10592561e-15,9.0,-6.60970448,0.00234577552,0.664797551,0.614570539,8.99999907,-6.99371672,-0.556239101,-3.21279805e-15
0.00330719531,-6.42422836e-15,9.0,-6.58425824,0.00234029752,0.664786595,0.615784273,8.99999907,-6.97201877,-0.554359009,-3.20538555e-15
0.00330819531,5.16346655e-16,9.0,-6.55852191,0.00233472713,0.664775454,0.617024574,8.99999907,-6.95001618,-0.552454619,-3.19784761e-15
0.00330919531,8.31250524e-16,9.0,-6.53249687,0.00232906457,0.664764129,0.618291368,8.99999907,-6.92771019,-0.550526037,-3.19018452e-15
0.00331019531,-6.51617582e-15,9.0,-6.50618455,0.00232331007,0.66475262,0.619584576,8.99999907,-6.90510204,-0.548573369,-3.18239654e-15
0.00331119531,6.35690584e-16,9.0,-6.47958638,0.00231746384,0.664740928,0.620904119,8.99999907,-6.882193,-0.546596725,-3.17448396e-15
0.00331219531,5.5132045e-16,9.0,-6.4527038,0.00231152612,0.664729052,0.622249915,8.99999907,-6.85898437,-0.544596212,-3.16644708e-15
0.00331319531,-6.59654752e-15,9.0,-6.42553826,0.00230549715,0.664716994,0.623621884,8.99999907,-6.83547743,-0.542571942,-3.15828619e-15
0.00331419531,7.50121238e-16,9.0,-6.39809126,0.00229937716,0.664704754,0.625019942,8.99999907,-6.8116735,-0.540524027,-3.15000159e-15
0.00331519531,2.66617337e-16,9.0,-6.37036428,0.00229316639,0.664692333,0.626444003,8.99999907,-6.78757392,-0.53845258,-3.14159359e-15
0.00331619531,-6.66531971e-15,9.0,-6.34235883,0.0022868651,0.66467973,0.627893982,8.99999907,-6.76318004,-0.536357715,-3.13306249e-15
0.00331719531,8.59215101e-16,9.0,-6.31407642,0.00228047352,0.664666947,0.62936979,8.99999907,-6.73849321,-0.534239548,-3.1244086e-15
0.00331819531,-2.23647007e-17,9.0,-6.2855186,0.00227399192,0.664653984,0.630871339,8.99999907,-6.71351482,-0.532098197,-3.11563225e-15
0.00331919531,-6.72249407e-15,9.0,-6.25668691,0.00226742054,0.664640841,0.632398538,8.99999907,-6.68824625,-0.529933779,-3.10673375e-15
0.00332019531,9.62562156e-16,9.0,-6.22758292,0.00226075965,0.664627519,0.633951295,8.99999907,-6.66268893,-0.527746413,-3.09771344e-15
0.00332119531,-3.15120462e-16,9.0,-6.19820821,0.0022540095,0.664614019,0.635529518,8.99999907,-6.63684428,-0.525536221,-3.08857164e-15
0.00332219531,-6.76809769e-15,9.0,-6.16856438,0.00224717037,0.664600341,0.637133112,8.99999907,-6.61071373,-0.523303324,-3.07930869e-15
0.00332319531,1.05976689e-15,9.0,-6.13865302,0.00224024253,0.664586485,0.63876198,8.99999907,-6.58429875,-0.521047844,-3.06992493e-15
0.00332419531,-6.11134761e-16,9.0,-6.10847577,0.00223322625,0.664572453,0.640416026,8.99999907,-6.55760079,-0.518769908,-3.06042071e-15
0.00332519531,-6.8021829e-15,9.0,-6.07803426,0.0022261218,0.664558244,0.642095152,8.99999907,-6.53062136,-0.516469638,-3.05079638e-15
0.00332619531,1.15044924e-15,9.0,-6.04733013,0.00221892947,0.664543859,0.643799257,8.99999907,-6.50336193,-0.514147163,-3.04105228e-15
0.00332719531,-9.09883562e-16,9.0,-6.01636505,0.00221164954,0.664529299,0.64552824,8.99999907,-6.47582404,-0.51180261,-3.03118879e-15
0.00332819531,-6.8248271e-15,9.0,-5.98514069,0.0022042823,0.664514565,0.647282,8.99999907,-6.4480092,-0.509436106,-3.02120625e-15
0.00332919531,1.23424554e-15,9.0,-5.95365875,0.00219682803,0.664499656,0.649060433,8.99999907,-6.41991896,-0.507047784,-3.01110505e-15
0.00333019531,-1.21083512e-15,9.0,-5.92192091,0.00218928704,0.664484574,0.650863433,8.99999908,-6.39155487,-0.504637772,-3.00088554e-15
0.00333119531,-6.83613258e-15,9.0,-5.88992891,0.00218165962,0.664469319,0.652690895,8.99999908,-6.36291851,-0.502206204,-2.99054811e-15
0.00333219531,1.31080941e-15,9.0,-5.85768447,0.00217394607,0.664453892,0.654542711,8.99999908,-6.33401145,-0.499753212,-2.98009314e-15
0.00333319531,-1.51345117e-15,9.0,-5.82518932,0.0021661467,0.664438293,0.656418773,8.99999908,-6.3048353,-0.497278931,-2.96952101e-15
0.00333419531,-6.83622618e-15,9.0,-5.79244521,0.00215826181,0.664422524,0.65831897,8.99999908,-6.27539166,-0.494783496,-2.95883212e-15
0.00333519531,1.37981259e-15,9.0,-5.75945392,0.00215029172,0.664406583,0.660243193,8.99999908,-6.24568216,-0.492267043,-2.94802685e-15
0.00333619531,-1.81718809e-15,9.0,-5.72621722,0.00214223674,0.664390473,0.662191328,8.99999908,-6.21570844,-0.48972971,-2.93710561e-15
0.00333719531,-6.82525896e-15,9.0,-5.6927369,0.00213409718,0.664374194,0.664163262,8.99999908,-6.18547214,-0.487171635,-2.92606879e-15
0.00333819531,1.44094575e-15,9.0,-5.65901476,0.00212587338,0.664357747,0.666158881,8.99999908,-6.15497492,-0.484592957,-2.91491681e-15
0.00333919531,-2.12149809e-15,9.0,-5.6250526,0.00211756565,0.664341131,0.668178069,8.99999908,-6.12421847,-0.481993817,-2.90365007e-15
0.00334019531,-6.80340581e-15,9.0,-5.59085226,0.00210917432,0.664324349,0.670220709,8.99999908,-6.09320446,-0.479374356,-2.892269e-15
0.00334119531,1.49391927e-15,9.0,-5.55641556,0.00210069972,0.664307399,0.672286683,8.99999908,-6.0619346,-0.476734717,-2.880774e-15
0.00334219531,-2.42583045e-15,9.0,-5.52174436,0.0020921422,0.664290284,0.674375872,8.99999908,-6.03041061,-0.474075042,-2.86916552e-15
0.00334319531,-6.77086497e-15,9.0,-5.48684052,0.00208350208,0.664273004,0.676488156,8.99999908,-5.9986342,-0.471395476,-2.85744397e-15
0.00334419531,1.53846393e-15,9.0,-5.45170589,0.0020747797,0.664255559,0.678623412,8.99999908,-5.96660711,-0.468696164,-2.84560978e-15
0.00334519531,-2.7296327e-15,9.0,-5.41634235,0.00206597542,0.664237951,0.68078152,8.99999908,-5.93433109,-0.465977253,-2.8336634e-15
0.00334619531,-6.72785758e-15,9.0,-5.38075181,0.00205708957,0.664220179,0.682962354,8.99999908,-5.9018079,-0.463238889,-2.82160527e-15
0.00334719531,1.57433161e-15,9.0,-5.34493615,0.00204812252,0.664202245,0.685165791,8.99999908,-5.86903931,-0.46048122,-2.80943583e-15
0.00334819531,-3.03235189e-15,9.0,-5.30889728,0.00203907461,0.664184149,0.687391705,8.99999908,-5.8360271,-0.457704395,-2.79715553e-15
0.00334919531,-6.67462704e-15,9.0,-5.27263713,0.0020299462,0.664165892,0.689639968,8.99999908,-5.80277307,-0.454908564,-2.78476483e-15
0.00335019531,1.6012959e-15,9.0,-5.23615763,0.00202073765,0.664147475,0.691910454,8.99999908,-5.76927902,-0.452093877,-2.77226418e-15
0.00335119531,-3.33343574e-15,9.0,-5.1994607,0.00201144933,0.664128899,0.694203033,8.99999908,-5.73554676,-0.449260485,-2.75965405e-15
0.00335219531,-6.61143846e-15,9.0,-5.16254831,0.00200208159,0.664110163,0.696517575,8.99999908,-5.70157812,-0.446408541,-2.7469349e-15
0.00335319531,1.61915266e-15,9.0,-5.12542242,0.00199263482,0.66409127,0.698853951,8.99999908,-5.66737494,-0.443538198,-2.73410721e-15
0.00335419531,-3.63233389e-15,9.0,-5.08808497,0.00198310938,0.664072219,0.701212027,8.99999908,-5.63293907,-0.440649609,-2.72117145e-15
0.00335519531,-6.538578e-15,9.0,-5.05053797,0.00197350566,0.664053011,0.703591671,8.99999908,-5.59827235,-0.437742929,-2.7081281e-15
0.00335619531,1.62772055e-15,9.0,-5.01278338,0.00196382402,0.664033648,0.70599275,8.99999908,-5.56337666,-0.434818314,-2.69497764e-15
0.00335719531,-3.92849916e-15,9.0,-4.97482321,0.00195406485,0.66401413,0.708415128,8.99999908,-5.52825388,-0.431875919,-2.68172056e-15
0.00335819531,-6.45635212e-15,9.0,-4.93665945,0.00194422854,0.663994457,0.71085867,8.99999908,-5.49290589,-0.428915902,-2.66835735e-15
0.00335919531,1.62684149e-15,9.0,-4.89829413,0.00193431548,0.663974631,0.713323239,8.99999908,-5.45733458,-0.42593842,-2.6548885e-15
0.00336019531,-4.22138866e-15,9.0,-4.85972925,0.00192432605,0.663954652,0.715808698,8.99999908,-5.42154187,-0.422943632,-2.64131453e-15
0.00336119531,-6.36508685e-15,9.0,-4.82096684,0.00191426066,0.663934521,0.718314908,8.99999908,-5.38552966,-0.419931697,-2.62763592e-15
0.00336219531,1.61638107e-15,9.0,-4.78200895,0.00190411969,0.663914239,0.720841731,8.99999908,-5.34929988,-0.416902774,-2.61385319e-15
0.00336319531,-4.51046511e-15,9.0,-4.7428576,0.00189390355,0.663893807,0.723389025,8.99999908,-5.31285446,-0.413857023,-2.59996685e-15
0.00336419531,-6.26512703e-15,9.0,-4.70351486,0.00188361264,0.663873225,0.72595665,8.99999908,-5.27619535,-0.410794607,-2.58597742e-15
0.00336519531,1.59622892e-15,9.0,-4.66398278,0.00187324737,0.663852495,0.728544464,8.99999908,-5.2393245,-0.407715687,-2.57188541e-15
0.00336619531,-4.7951979e-15,9.0,-4.62426343,0.00186280815,0.663831616,0.731152325,8.99999908,-5.20224385,-0.404620425,-2.55769135e-15
0.00336719531,-6.15683541e-15,9.0,-4.58435888,0.00185229539,0.663810591,0.733780088,8.99999908,-5.16495538,-0.401508984,-2.54339576e-15
0.00336819531,1.566299e-15,9.0,-4.5442712,0.0018417095,0.663789419,0.736427609,8.99999908,-5.12746107,-0.398381528,-2.52899919e-15
0.00336919531,-5.07506438e-15,9.0,-4.50400249,0.0018310509,0.663768102,0.739094743,8.99999908,-5.08976289,-0.395238222,-2.51450216e-15
0.00337019531,-6.04059178e-15,9.0,-4.46355484,0.00182032002,0.66374664,0.741781345,8.99999908,-5.05186283,-0.39207923,-2.4999052e-15
0.00337119531,1.52652985e-15,9.0,-4.42293034,0.00180951728,0.663725035,0.744487267,8.99999908,-5.0137629,-0.388904718,-2.48520888e-15
0.00337219531,-5.34955093e-15,9.0,-4.38213109,0.00179864309,0.663703286,0.747212361,8.99999908,-4.9754651,-0.385714852,-2.47041373e-15
0.00337319531,-5.91679211e-15,9.0,-4.34115923,0.0017876979,0.663681396,0.74995648,8.99999908,-4.93697144,-0.382509798,-2.4555203e-15
0.00337419531,1.47688478e-15,9.0,-4.30001684,0.00177668214,0.663659364,0.752719475,8.99999909,-4.89828394,-0.379289723,-2.44052915e-15
0.00337519531,-5.61815412e-15,9.0,-4.25870607,0.00176559623,0.663637192,0.755501196,8.99999909,-4.85940462,-0.376054796,-2.42544084e-15
0.00337619531,-5.7858475e-15,9.0,-4.21722904,0.00175444063,0.663614881,0.758301492,8.99999909,-4.82033553,-0.372805184,-2.41025593e-15
0.00337719531,1.41735198e-15,9.0,-4.17558788,0.00174321576,0.663592432,0.761120212,8.99999909,-4.78107869,-0.369541056,-2.39497499e-15
0.00337819531,-5.88038184e-15,9.0,-4.13378474,0.00173192207,0.663569844,0.763957205,8.99999909,-4.74163616,-0.366262581,-2.37959858e-15
0.00337919531,-5.64818327e-15,9.0,-4.09182174,0.00172056,0.66354712,0.766812317,8.99999909,-4.70200999,-0.362969929,-2.36412728e-15
0.00338019531,1.34794461e-15,9.0,-4.04970106,0.00170913002,0.66352426,0.769685397,8.99999909,-4.66220223,-0.35966327,-2.34856167e-15
0.00338119531,-6.13575437e-15,9.0,-4.00742483,0.00169763256,0.663501265,0.772576289,8.99999909,-4.62221496,-0.356342774,-2.33290233e-15
0.00338219531,-5.50423792e-15,9.0,-3.96499521,0.00168606808,0.663478136,0.77548484,8.99999909,-4.58205024,-0.353008612,-2.31714984e-15
0.00338319531,1.26870082e-15,9.0,-3.92241437,0.00167443703,0.663454874,0.778410894,8.99999909,-4.54171014,-0.349660956,-2.3013048e-15
0.00338419531,-6.38380545e-15,9.0,-3.87968448,0.00166273988,0.66343148,0.781354296,8.99999909,-4.50119675,-0.346299978,-2.28536779e-15
0.00338519531,-5.35446202e-15,9.0,-3.8368077,0.00165097709,0.663407954,0.78431489,8.99999909,-4.46051216,-0.342925849,-2.26933941e-15
0.00338619531,1.17968368e-15,9.0,-3.79378621,0.00163914913,0.663384298,0.787292518,8.99999909,-4.41965845,-0.339538742,-2.25322026e-15
0.00338719531,-6.62408327e-15,9.0,-3.75062219,0.00162725645,0.663360513,0.790287023,8.99999909,-4.37863773,-0.33613883,-2.23701094e-15
0.00338819531,-5.19931724e-15,9.0,-3.70731782,0.00161529953,0.663336599,0.793298248,8.99999909,-4.33745209,-0.332726286,-2.22071206e-15
0.00338919531,1.08098111e-15,9.0,-3.66387528,0.00160327884,0.663312558,0.796326033,8.99999909,-4.29610364,-0.329301285,-2.20432424e-15
0.00339019531,-6.85615152e-15,9.0,-3.62029677,0.00159119486,0.66328839,0.79937022,8.99999909,-4.25459449,-0.325863999,-2.18784807e-15
0.00339119531,-5.03927513e-15,9.0,-3.57658447,0.00157904806,0.663264096,0.802430648,8.99999909,-4.21292676,-0.322414603,-2.17128419e-15
0.00339219531,9.72705698e-16,9.0,-3.53274057,0.00156683892,0.663239678,0.805507159,8.99999909,-4.17110256,-0.318953271,-2.15463321e-15
0.00339319531,-7.07959033e-15,9.0,-3.48876729,0.00155456792,0.663215136,0.808599591,8.99999909,-4.12912402,-0.315480179,-2.13789576e-15
0.00339419531,-4.87481608e-15,9.0,-3.4446668,0.00154223555,0.663190471,0.811707784,8.99999909,-4.08699327,-0.311995501,-2.12107246e-15
0.00339519531,8.54994481e-16,9.0,-3.40044133,0.0015298423,0.663165685,0.814831575,8.99999909,-4.04471242,-0.308499413,-2.10416395e-15
0.00339619531,-7.29399718e-15,9.0,-3.35609306,0.00151738865,0.663140777,0.817970803,8.99999909,-4.00228363,-0.30499209,-2.08717086e-15
0.00339719531,-4.70642815e-15,9.0,-3.31162422,0.0015048751,0.66311575,0.821125306,8.99999909,-3.95970902,-0.301473708,-2.07009383e-15
0.00339819531,7.28008684e-16,9.0,-3.26703699,0.00149230214,0.663090604,0.82429492,8.99999909,-3.91699073,-0.297944443,-2.0529335e-15
0.00339919531,-7.49898778e-15,9.0,-3.22233361,0.00147967027,0.663065341,0.827479482,8.99999909,-3.87413092,-0.294404471,-2.03569051e-15
0.00340019531,-4.53460589e-15,9.0,-3.17751626,0.00146697998,0.66303996,0.830678829,8.99999909,-3.83113172,-0.290853969,-2.01836552e-15
0.00340119531,5.91933381e-16,9.0,-3.13258718,0.00145423177,0.663014464,0.833892797,8.99999909,-3.78799528,-0.287293113,-2.00095917e-15
0.00340219531,-7.69419695e-15,9.0,-3.08754858,0.00144142616,0.662988852,0.83712122,8.99999909,-3.74472375,-0.283722081,-1.98347212e-15
0.00340319531,-4.35984919e-15,9.0,-3.04240266,0.00142856364,0.662963127,0.840363935,8.99999909,-3.7013193,-0.280141048,-1.96590503e-15
0.00340419531,4.46977108e-16,9.0,-2.99715164,0.00141564473,0.662937289,0.843620776,8.99999909,-3.65778407,-0.276550192,-1.94825855e-15
0.00340519531,-7.8792794e-15,9.0,-2.95179775,0.00140266992,0.66291134,0.846891578,8.99999909,-3.61412022,-0.272949691,-1.93053337e-15
0.00340619531,-4.18266208e-15,9.0,-2.9063432,0.00138963974,0.662885279,0.850176174,8.99999909,-3.57032991,-0.269339721,-1.91273013e-15
0.00340719531,2.93371425e-16,9.0,-2.86079021,0.0013765547,0.662859109,0.853474399,8.9999991,-3.52641531,-0.265720459,-1.89484952e-15
0.00340819531,-8.05391048e-15,9.0,-2.81514099,0.00136341532,0.662832831,0.856786086,8.9999991,-3.48237857,-0.262092085,-1.8768922e-15
0.00340919531,-4.00355152e-15,9.0,-2.76939777,0.00135022211,0.662806444,0.860111069,8.9999991,-3.43822187,-0.258454774,-1.85885886e-15
0.00341019531,1.31370418e-16,9.0,-2.72356276,0.0013369756,0.662779951,0.863449181,8.9999991,-3.39394736,-0.254808704,-1.84075018e-15
0.00341119531,-8.21778689e-15,9.0,-2.67763818,0.00132367631,0.662753353,0.866800253,8.9999991,-3.34955721,-0.251154054,-1.82256683e-15
0.00341219531,-3.82302625e-15,9.0,-2.63162626,0.00131032475,0.66272665,0.870164119,8.9999991,-3.3050536,-0.247491001,-1.80430951e-15
0.00341319531,-3.87498456e-17,9.0,-2.5855292,0.00129692147,0.662699843,0.873540612,8.9999991,-3.26043869,-0.243819722,-1.78597891e-15
0.00341419531,-8.37062736e-15,9.0,-2.53934923,0.00128346699,0.662672934,0.876929562,8.9999991,-3.21571465,-0.240140396,-1.76757572e-15
0.00341519531,-3.64159552e-15,9.0,-2.49308856,0.00126996184,0.662645924,0.880330801,8.9999991,-3.17088365,-0.2364532,-1.74910063e-15
0.00341619531,-2.16691921e-16,9.0,-2.44674941,0.00125640656,0.662618813,0.883744162,8.9999991,-3.12594786,-0.232758312,-1.73055434e-15
0.00341719531,-8.51217322e-15,9.0,-2.40033399,0.00124280167,0.662591603,0.887169476,8.9999991,-3.08090946,-0.22905591,-1.71193756e-15
0.00341819531,-3.45976793e-15,9.0,-2.35384452,0.00122914772,0.662564295,0.890606573,8.9999991,-3.0357706,-0.225346171,-1.69325099e-15
0.00341919531,-4.02137629e-16,9.0,-2.3072832,0.00121544525,0.662536891,0.894055286,8.9999991,-2.99053347,-0.221629274,-1.67449534e-15
0.00342019531,-8.64218902e-15,9.0,-2.26065226,0.00120169479,0.66250939,0.897515444,8.9999991,-2.94520024,-0.217905395,-1.65567132e-15
0.00342119531,-3.27805021e-15,9.0,-2.21395389,0.00118789689,0.662481794,0.900986878,8.9999991,-2.89977306,-0.214174712,-1.63677964e-15
0.00342219531,-5.94748759e-16,9.0,-2.1671903,0.00117405209,0.662454104,0.90446942,8.9999991,-2.85425412,-0.210437403,-1.61782102e-15
0.00342319531,-8.76046299e-15,9.0,-2.12036371,0.00116016095,0.662426322,0.9079629,8.9999991,-2.80864558,-0.206693645,-1.59879617e-15
0.00342419531,-3.09694603e-15,9.0,-2.07347631,0.001146224,0.662398448,0.911467147,8.9999991,-2.76294962,-0.202943615,-1.57970583e-15
0.00342519531,-7.94167811e-16,9.0,-2.02653031,0.00113224181,0.662370484,0.914981992,8.9999991,-2.71716839,-0.199187491,-1.56055072e-15
0.00342619531,-8.86680751e-15,9.0,-1.97952789,0.00111821491,0.66234243,0.918507266,8.9999991,-2.67130406,-0.19542545,-1.54133156e-15
0.00342719531,-2.91695479e-15,9.0,-1.93247127,0.00110414387,0.662314288,0.922042799,8.9999991,-2.6253588,-0.191657667,-1.52204908e-15
0.00342819531,-1.00001878e-15,9.0,-1.88536264,0.00109002924,0.662286058,0.92558842,8.9999991,-2.57933477,-0.187884321,-1.50270402e-15
0.00342919531,-8.9610595e-15,9.0,-1.83820417,0.00107587158,0.662257743,0.929143959,8.9999991,-2.53323414,-0.184105588,-1.48329711e-15
0.00343019531,-2.73857048e-15,9.0,-1.79099807,0.00106167144,0.662229343,0.932709247,8.9999991,-2.48705907,-0.180321643,-1.46382909e-15
0.00343119531,-1.21190801e-15,9.0,-1.74374652,0.00104742939,0.662200859,0.936284114,8.9999991,-2.4408117,-0.176532664,-1.44430071e-15
0.00343219531,-9.04308081e-15,9.0,-1.6964517,0.00103314599,0.662172292,0.939868389,8.9999991,-2.39449421,-0.172738826,-1.4247127e-15
0.00343319531,-2.56228048e-15,9.0,-1.64911579,0.0010188218,0.662143644,0.943461902,8.9999991,-2.34810875,-0.168940306,-1.40506582e-15
0.00343419531,-1.42942504e-15,9.0,-1.60174096,0.00100445739,0.662114915,0.947064483,8.9999991,-2.30165746,-0.165137278,-1.3853608e-15
0.00343519531,-9.11275842e-15,9.0,-1.55432939,0.000990053329,0.662086107,0.950675963,8.99999911,-2.2551425,-0.161329918,-1.36559841e-15
0.00343619531,-2.38856442e-15,9.0,-1.50688324,0.00097561018,0.66205722,0.95429617,8.99999911,-2.20856601,-0.157518402,-1.3457794e-15
0.00343719531,-1.65214354e-15,9.0,-1.45940468,0.000961128516,0.662028257,0.957924935,8.99999911,-2.16193015,-0.153702904,-1.32590453e-15
0.00343819531,-9.17000476e-15,9.0,-1.41189588,0.000946608908,0.661999218,0.961562088,8.99999911,-2.11523705,-0.149883599,-1.30597454e-15
0.00343919531,-2.21789306e-15,9.0,-1.36435897,0.00093205193,0.661970104,0.96520746,8.99999911,-2.06848886,-0.146060661,-1.28599021e-15
0.00344019531,-1.87962224e-15,9.0,-1.31679613,0.000917458156,0.661940916,0.968860879,8.99999911,-2.0216877,-0.142234264,-1.2659523e-15
0.00344119531,-9.21475784e-15,9.0,-1.26920949,0.000902828162,0.661911656,0.972522177,8.99999911,-1.97483573,-0.138404583,-1.24586157e-15
0.00344219531,-2.05072717e-15,9.0,-1.2216012,0.000888162526,0.661882325,0.976191184,8.99999911,-1.92793505,-0.13457179,-1.2257188e-15
0.00344319531,-2.11140595e-15,9.0,-1.1739734,0.000873461827,0.661852924,0.97986773,8.99999911,-1.88098782,-0.13073606,-1.20552475e-15
0.00344419531,-9.24698137e-15,9.0,-1.12632823,0.000858726645,0.661823453,0.983551646,8.99999911,-1.83399613,-0.126897564,-1.1852802e-15
0.00344519531,-1.88751645e-15,9.0,-1.0786678,0.000843957562,0.661793915,0.987242762,8.99999911,-1.78696213,-0.123056475,-1.16498592e-15
0.00344619531,-2.34702657e-15,9.0,-1.03099426,0.000829155161,0.66176431,0.990940909,8.99999911,-1.73988792,-0.119212967,-1.14464269e-15
0.00344719531,-9.26666482e-15,9.0,-0.983309709,0.000814320027,0.66173464,0.994645918,8.99999911,-1.69277562,-0.115367209,-1.12425129e-15
0.00344819531,-1.72869847e-15,9.0,-0.935616273,0.000799452744,0.661704905,0.99835762,8.99999911,-1.64562733,-0.111519375,-1.10381251e-15
0.00344919531,-2.5860041e-15,9.0,-0.887916058,0.000784553901,0.661675108,1.00207585,8.99999911,-1.59844517,-0.107669635,-1.08332713e-15
0.00345019531,-9.27382341e-15,9.0,-0.84021117,0.000769624085,0.661645248,1.00580043,8.99999911,-1.55123122,-0.10381816,-1.06279592e-15
0.00345119531,-1.57469764e-15,9.0,-0.792503706,0.000754663885,0.661615328,1.0095312,8.99999911,-1.5039876,-0.0999651207,-1.0422197e-15
0.00345219531,-2.8278478e-15,9.0,-0.744795759,0.000739673892,0.661585348,1.01326799,8.99999911,-1.45671638,-0.0961106867,-1.02159923e-15
0.00345319531,-9.26849809e-15,9.0,-0.697089417,0.000724654698,0.661555309,1.01701063,8.99999911,-1.40941967,-0.0922550277,-1.00093533e-15
0.00345419531,-1.4259242e-15,9.0,-0.649386761,0.000709606897,0.661525214,1.02075895,8.99999911,-1.36209953,-0.088398313,-9.80228772e-16
0.00345519531,-3.07205719e-15,9.0,-0.601689868,0.000694531081,0.661495062,1.02451279,8.99999911,-1.31475806,-0.0845407114,-9.59480367e-16
0.00345619531,-9.25075536e-15,9.0,-0.554000806,0.000679427846,0.661464856,1.02827197,8.99999911,-1.26739732,-0.0806823912,-9.38690909e-16
0.00345719531,-1.28277329e-15,9.0,-0.50632164,0.000664297789,0.661434596,1.03203634,8.99999911,-1.22001938,-0.0768235203,-9.17861199e-16
0.00345819531,-3.31812329e-15,9.0,-0.458654426,0.000649141506,0.661404283,1.03580572,8.99999911,-1.17262631,-0.0729642663,-8.96992042e-16
0.00345919531,-9.22068717e-15,9.0,-0.411001217,0.000633959596,0.661373919,1.03957995,8.99999911,-1.12522016,-0.0691047961,-8.7608424e-16
0.00346019531,-1.14562398e-15,9.0,-0.363364056,0.000618752659,0.661343505,1.04335886,8.99999911,-1.07780299,-0.0652452763,-8.55138602e-16
0.00346119531,-3.56552968e-15,9.0,-0.315744983,0.000603521294,0.661313043,1.04714229,8.99999911,-1.03037685,-0.061385873,-8.34155934e-16
0.00346219531,-9.17841061e-15,9.0,-0.268146028,0.000588266103,0.661282532,1.05093006,8.99999912,-0.982943769,-0.0575267518,-8.13137049e-16
0.00346319531,-1.01483841e-15,9.0,-0.220569217,0.000572987689,0.661251975,1.05472202,8.99999912,-0.935505798,-0.0536680779,-7.92082757e-16
0.00346419531,-3.81375373e-15,9.0,-0.173016567,0.000557686654,0.661221373,1.05851799,8.99999912,-0.888064962,-0.0498100158,-7.70993873e-16
0.00346519531,-9.12406769e-15,9.0,-0.12549009,0.000542363603,0.661190727,1.06231782,8.99999912,-0.840623288,-0.0459527297,-7.49871211e-16
0.00346619531,-8.90760919e-16,9.0,-0.07799179,0.000527019139,0.661160038,1.06612134,8.99999912,-0.793182795,-0.0420963832,-7.2871559e-16
0.00346719531,-4.06226773e-15,9.0,-0.0305236648,0.000511653871,0.661129308,1.06992838,8.99999912,-0.745745499,-0.0382411395,-7.07527828e-16
0.00346819531,-9.05840272e-15,9.0,0.0168894258,0.000496268402,0.661098537,1.07373692,8.99999912,-0.698336281,-0.0343890195,-6.86308746e-16
0.00346919531,-7.73123557e-16,9.0,0.0643126143,0.000480863343,0.661067727,1.07755225,8.99999912,-0.650890024,-0.030534732,-6.65059166e-16
0.00347019531,-4.30999463e-15,9.0,0.111681238,0.000465439299,0.661036879,1.08136912,8.99999912,-0.603471402,-0.0266835314,-6.43779912e-16
0.00347119531,-8.98102731e-15,9.0,0.159006103,0.000449996881,0.661005994,1.0851884,8.99999912,-0.556069637,-0.0228345412,-6.22471808e-16
0.00347219531,-6.63373227e-16,9.0,0.206296205,0.000434536697,0.660975073,1.08901082,8.99999912,-0.508675756,-0.0189870314,-6.01135683e-16
0.00347319531,-4.55754065e-15,9.0,0.253539366,0.000419059359,0.660944119,1.09283538,8.99999912,-0.46130196,-0.0151419928,-5.79772363e-16
0.00347419531,-8.89157675e-15,9.0,0.300743187,0.000403565477,0.660913131,1.0966627,8.99999912,-0.413940673,-0.0112988091,-5.58382679e-16
0.00347519531,-5.61250828e-16,9.0,0.347896816,0.000388055663,0.660882111,1.10049189,8.99999912,-0.366602771,-0.00745836302,-5.36967463e-16
0.00347619531,-4.80377633e-15,9.0,0.395006648,0.000372530529,0.660851061,1.10432347,8.99999912,-0.319281887,-0.00362013658,-5.15527546e-16
0.00347719531,-8.79145899e-15,9.0,0.442039815,0.000356990688,0.660819981,1.10815476,8.99999912,-0.272010922,0.000213198117,-4.94063763e-16
0.00347819531,-4.66413064e-16,9.0,0.489069682,0.000341436754,0.660788874,1.11199172,8.99999912,-0.224716536,0.00404760077,-4.72576949e-16
0.00347919531,-5.04760618e-15,9.0,0.536023984,0.000325869341,0.660757739,1.11582847,8.99999912,-0.177471014,0.0078771988,-4.5106794e-16
0.00348019531,-8.68034028e-15,9.0,0.582920202,0.000310289063,0.660726578,1.11966643,8.99999912,-0.130256914,0.0117034106,-4.29537575e-16
0.00348119531,-3.80273983e-16,9.0,0.629761527,0.000294696535,0.660695393,1.12350585,8.99999912,-0.0830710768,0.0155264939,-4.07986693e-16
0.00348219531,-5.2896649e-15,9.0,0.676541335,0.000279092373,0.660664185,1.12734619,8.99999912,-0.0359201605,0.0193459087,-3.86416134e-16
0.00348319531,-8.55850944e-15,9.0,0.723238894,0.000263477193,0.660632954,1.13118576,8.99999912,0.0111750637,0.0231599686,-3.6482674e-16
0.00348419531,-3.02481098e-16,9.0,0.769893274,0.000247851611,0.660601703,1.13502771,8.99999912,0.0582536284,0.0269718462,-3.43219353e-16
0.00348519531,-5.52762541e-15,9.0,0.816510951,0.000232216245,0.660570433,1.13887259,8.99999912,0.105321988,0.0307820666,-3.21594817e-16
0.00348619531,-8.42569268e-15,9.0,0.863035665,0.000216571711,0.660539143,1.1427158,8.99999912,0.152323846,0.0345860568,-2.99953977e-16
0.00348719531,-2.33816702e-16,9.0,0.909493136,0.000200918627,0.660507837,1.14655943,8.99999912,0.199284877,0.0383859043,-2.78297679e-16
0.00348819531,-5.76333133e-15,9.0,0.955879089,0.000185257611,0.660476515,1.15040312,8.99999913,0.246200766,0.0421812598,-2.56626771e-16
0.00348919531,-8.28280003e-15,9.0,1.00219399,0.000169589282,0.660445179,1.15424691,8.99999913,0.293071938,0.0459721591,-2.34942099e-16
0.00349019531,-1.73287814e-16,9.0,1.04843389,0.000153914258,0.660413829,1.15809047,8.99999913,0.339894402,0.0497582792,-2.13244514e-16
0.00349119531,-5.99507264e-15,9.0,1.09459898,0.000138233157,0.660382466,1.16193381,8.99999913,0.386668311,0.0535396338,-1.91534865e-16
0.00349219531,-8.13015779e-15,9.0,1.1406856,0.000122546599,0.660351093,1.16577661,8.99999913,0.433389957,0.057315923,-1.69814002e-16
0.00349319531,-1.2164981e-16,9.0,1.18669372,0.000106855203,0.66031971,1.16961887,8.99999913,0.480059257,0.0610871415,-1.48082779e-16
0.00349419531,-6.22233029e-15,9.0,1.23261991,9.11595885e-05,0.660288319,1.1734603,8.99999913,0.526672755,0.0648530099,-1.26342046e-16
0.00349519531,-7.96812916e-15,9.0,1.27846394,7.54603754e-05,0.660256921,1.17730088,8.99999913,0.573230165,0.0686135065,-1.04592657e-16
0.00349619531,-7.90326558e-17,9.0,1.32422263,5.97581831e-05,0.660225516,1.18114033,8.99999913,0.619728251,0.0723683698,-8.28354672e-17
0.00349719531,-6.44459222e-15,9.0,1.36989556,4.40536318e-05,0.660194107,1.18497862,8.99999913,0.666166553,0.0761175639,-6.10713305e-17
0.00349819531,-7.79709558e-15,9.0,1.41547974,2.83473412e-05,0.660162695,1.18881548,8.99999913,0.712542031,0.0798608433,-3.93011026e-17
0.00349919531,-4.55422814e-17,9.0,1.4609746,1.26399316e-05,0.66013128,1.19265088,8.99999913,0.758854073,0.08359816,-1.75256397e-17
0.00350019531,-6.66135458e-15,9.0,1.50637734,-3.06797707e-06,0.660099864,1.19648455,8.99999913,0.805099811,0.0873292826,4.25420125e-18
0.00350119531,-7.61745587e-15,9.0,1.55168727,-1.87757646e-05,0.660068448,1.20031645,8.99999913,0.851278506,0.0910541525,2.60375629e-17
0.00350219531,-2.12603366e-17,9.0,1.59690172,-3.44828109e-05,0.660037034,1.20414635,8.99999913,0.897387442,0.0947725509,4.78235872e-17
0.00350319531,-6.8721228e-15,9.0,1.6420199,-5.01884959e-05,0.660005623,1.20797416,8.99999913,0.943425769,0.0984844104,6.96114155e-17
0.00350419531,-7.42962533e-15,9.0,1.68703929,-6.58921995e-05,0.659974216,1.21179968,8.99999913,0.98939091,0.102189523,9.14001888e-17
0.00350519531,-6.24399678e-18,9.0,1.73195899,-8.15933018e-05,0.659942813,1.21562282,8.99999913,1.03528192,0.105887814,1.13189047e-16
0.00350619531,-7.07641282e-15,9.0,1.77677661,-9.72911829e-05,0.659911418,1.21944337,8.99999913,1.08109634,0.109579086,1.34977132e-16
0.00350719531,-7.23403478e-15,9.0,1.82149118,-0.000112985223,0.65988003,1.22326124,8.99999913,1.12683314,0.113263256,1.56763581e-16
0.00350819531,-5.25829985e-19,9.0,1.86610041,-0.000128674803,0.65984865,1.22707625,8.99999913,1.17248999,0.116940137,1.78547534e-16
0.00350919531,-7.27375211e-15,9.0,1.91060327,-0.000144359303,0.659817281,1.23088828,8.99999913,1.21806577,0.120609641,2.0032813e-16
0.00351019531,-7.03112953e-15,9.0,1.95499757,-0.000160038104,0.659785924,1.23469716,8.99999913,1.26355826,0.124271587,2.22104509e-16
0.00351119531,-4.11371984e-18,9.0,1.99928222,-0.000175710587,0.659754579,1.23850277,8.99999913,1.30896628,0.127925884,2.43875807e-16
0.00351219531,-7.46368082e-15,9.0,2.04345513,-0.000191376133,0.659723248,1.24230494,8.99999913,1.35428769,0.131572357,2.65641163e-16
0.00351319531,-6.82136841e-15,9.0,2.08751515,-0.000207034124,0.659691932,1.24610357,8.99999913,1.39952128,0.135210913,2.87399715e-16
0.00351419531,-1.69908476e-17,9.0,2.13146027,-0.000222683941,0.659660632,1.24989847,8.99999913,1.44466498,0.138841382,3.091506e-16
0.00351519531,-7.64575282e-15,9.0,2.17528932,-0.000238324967,0.65962935,1.25368954,8.99999914,1.48971753,0.142463668,3.30892957e-16
0.00351619531,-6.60522265e-15,9.0,2.21900035,-0.000253956585,0.659598087,1.2574766,8.99999914,1.53467694,0.146077608,3.52625922e-16
0.00351719531,-3.91157308e-17,9.0,2.26259216,-0.000269578177,0.659566844,1.26125955,8.99999914,1.57954193,0.149683101,3.74348633e-16
0.00351819531,-7.81953668e-15,9.0,2.30606287,-0.000285189126,0.659535622,1.26503822,8.99999914,1.62431056,0.153279993,3.96060228e-16
0.00351919531,-6.38317489e-15,9.0,2.34941126,-0.000300788817,0.659504422,1.2688125,8.99999914,1.66898152,0.156868178,4.17759842e-16
0.00352019531,-7.04223213e-17,9.0,2.39263551,-0.000316376633,0.659473247,1.27258221,8.99999914,1.71355295,0.160447507,4.39446615e-16
0.00352119531,-7.98461676e-15,9.0,2.43573437,-0.000331951959,0.659442096,1.27634726,8.99999914,1.75802351,0.164017874,4.61119684e-16
0.00352219531,-6.15571797e-15,9.0,2.47870609,-0.00034751418,0.659410972,1.28010748,8.99999914,1.80239137,0.167579134,4.82778185e-16
0.00352319531,-1.1082016e-16,9.0,2.52154941,-0.000363062682,0.659379875,1.28386275,8.99999914,1.84665521,0.17113118,5.04421257e-16
0.00352419531,-8.14059406e-15,9.0,2.56426261,-0.000378596851,0.659348806,1.28761292,8.99999914,1.89081325,0.174673869,5.26048037e-16
0.00352519531,-5.92335388e-15,9.0,2.60684443,-0.000394116073,0.659317768,1.29135788,8.99999914,1.93486414,0.178207095,5.47657664e-16
0.00352619531,-1.60194589e-16,9.0,2.64929322,-0.000409619737,0.659286761,1.29509747,8.99999914,1.97880614,0.18173072,5.69249276e-16
0.00352719531,-8.28708723e-15,9.0,2.69160769,-0.000425107229,0.659255786,1.29883157,8.99999914,2.02263792,0.185244636,5.90822011e-16
0.00352819531,-5.68659259e-15,9.0,2.73378623,-0.000440577939,0.659224844,1.30256003,8.99999914,2.06635776,0.188748708,6.12375008e-16
0.00352919531,-2.1840702e-16,9.0,2.77582757,-0.000456031255,0.659193937,1.30628275,8.99999914,2.10996433,0.192242828,6.33907407e-16
0.00353019531,-8.42373338e-15,9.0,2.81773013,-0.000471466569,0.659163067,1.30999957,8.99999914,2.15345597,0.195726865,6.55418348e-16
0.00353119531,-5.44595085e-15,9.0,2.85949264,-0.000486883269,0.659132233,1.31371037,8.99999914,2.19683133,0.199200711,6.76906969e-16
0.00353219531,-2.85295263e-16,9.0,2.90111355,-0.000502280748,0.659101439,1.31741502,8.99999914,2.24008878,0.202664238,6.98372413e-16
0.00353319531,-8.550189e-15,9.0,2.94259161,-0.000517658398,0.659070683,1.32111339,8.99999914,2.28322699,0.206117337,7.19813819e-16
0.00353419531,-5.20195106e-15,9.0,2.98392532,-0.000533015612,0.659039969,1.32480534,8.99999914,2.32624436,0.209559884,7.41230329e-16
0.00353519531,-3.60673902e-16,9.0,3.02511339,-0.000548351783,0.659009296,1.32849076,8.99999914,2.36913955,0.212991771,7.62621086e-16
0.00353619531,-8.66613069e-15,9.0,3.06615438,-0.000563666306,0.658978667,1.3321695,8.99999914,2.41191101,0.216412875,7.83985231e-16
0.00353719531,-4.95512005e-15,9.0,3.10704703,-0.000578958577,0.658948083,1.33584146,8.99999914,2.45455741,0.21982309,8.05321909e-16
0.00353819531,-4.44334733e-16,9.0,3.14778989,-0.000594227991,0.658917544,1.33950649,8.99999914,2.49707722,0.223222295,8.26630264e-16
0.00353919531,-8.77125593e-15,9.0,3.18838173,-0.000609473947,0.658887052,1.34316448,8.99999914,2.5394691,0.226610384,8.47909439e-16
0.00354019531,-4.70598789e-15,9.0,3.22882115,-0.000624695841,0.658856608,1.3468153,8.99999914,2.58173159,0.22998724,8.6915858e-16
0.00354119531,-5.36047255e-16,9.0,3.2691069,-0.000639893073,0.658826214,1.35045882,8.99999915,2.62386334,0.233352757,8.90376834e-16
0.00354219531,-8.86528382e-15,9.0,3.30923761,-0.000655065044,0.65879587,1.35409492,8.99999915,2.6658629,0.23670682,9.11563348e-16
0.00354319531,-4.45508668e-15,9.0,3.34921206,-0.000670211153,0.658765578,1.35772347,8.99999915,2.70772895,0.240049325,9.32717269e-16
0.00354419531,-6.35559206e-16,9.0,3.38902891,-0.000685330804,0.658735338,1.36134436,8.99999915,2.74946008,0.243380157,9.53837746e-16
0.00354519531,-8.94795568e-15,9.0,3.42868694,-0.000700423399,0.658705153,1.36495747,8.99999915,2.79105496,0.246699215,9.74923928e-16
0.00354619531,-4.20294933e-15,9.0,3.46818484,-0.000715488343,0.658675023,1.36856266,8.99999915,2.8325122,0.250006386,9.95974967e-16
0.00354719531,-7.42597161e-16,9.0,3.50752141,-0.00073052504,0.65864495,1.37215983,8.99999915,2.87383051,0.25330157,1.01699001e-15
0.00354819531,-9.01903572e-15,9.0,3.54669537,-0.000745532897,0.658614934,1.37574885,8.99999915,2.9150085,0.256584655,1.03796822e-15
0.00354919531,-3.95010836e-15,9.0,3.58570552,-0.000760511322,0.658584977,1.3793296,8.99999915,2.9560449,0.259855543,1.05890874e-15
0.00355019531,-8.56867171e-16,9.0,3.62455061,-0.000775459724,0.658555081,1.38290196,8.99999915,2.99693836,0.263114125,1.07981073e-15
0.00355119531,-9.07831154e-15,9.0,3.66322947,-0.000790377512,0.658525245,1.38646583,8.99999915,3.03768761,0.266360302,1.10067335e-15
0.00355219531,-3.69709471e-15,9.0,3.70174087,-0.000805264096,0.658495472,1.39002107,8.99999915,3.07829133,0.269593968,1.12149574e-15
0.00355319531,-9.78055457e-16,9.0,3.74008364,-0.000820118891,0.658465762,1.39356757,8.99999915,3.11874825,0.272815026,1.14227708e-15
0.00355419531,-9.12559469e-15,9.0,3.77825658,-0.000834941308,0.658436117,1.39710522,8.99999915,3.15905709,0.276023372,1.16301651e-15
0.00355519531,-3.44443648e-15,9.0,3.81625855,-0.000849730764,0.658406538,1.4006339,8.99999915,3.19921659,0.279218909,1.18371321e-15
0.00355619531,-1.10582914e-15,9.0,3.85408836,-0.000864486673,0.658377027,1.4041535,8.99999915,3.23922548,0.282401535,1.20436633e-15
0.00355719531,-9.16072105e-15,9.0,3.89174491,-0.000879208454,0.658347583,1.4076639,8.99999915,3.27908254,0.285571155,1.22497503e-15
0.00355819531,-3.1926578e-15,9.0,3.92922701,-0.000893895526,0.658318209,1.411165,8.99999915,3.31878651,0.28872767,1.24553849e-15
0.00355919531,-1.23983704e-15,9.0,3.96653357,-0.000908547308,0.658288905,1.41465667,8.99999915,3.35833619,0.291870984,1.26605586e-15
0.00356019531,-9.18355129e-15,9.0,4.00366345,-0.000923163222,0.658259674,1.41813881,8.99999915,3.39773033,0.295001,1.28652631e-15
0.00356119531,-2.9422776e-15,9.0,4.04061557,-0.000937742691,0.658230515,1.4216113,8.99999915,3.43696776,0.298117625,1.30694902e-15
0.00356219531,-1.37971048e-15,9.0,4.07738881,-0.00095228514,0.65820143,1.42507405,8.99999915,3.47604724,0.301220762,1.32732316e-15
0.00356319531,-9.19397118e-15,9.0,4.11398209,-0.000966789994,0.65817242,1.42852692,8.99999915,3.51496762,0.304310322,1.34764789e-15
0.00356419531,-2.69380844e-15,9.0,4.15039434,-0.000981256681,0.658143487,1.43196983,8.99999915,3.5537277,0.307386208,1.36792239e-15
0.00356519531,-1.52506416e-15,9.0,4.18662449,-0.000995684629,0.658114631,1.43540265,8.99999915,3.59232632,0.310448331,1.38814584e-15
0.00356619531,-9.19189188e-15,9.0,4.22267147,-0.00101007327,0.658085853,1.43882529,8.99999915,3.63076231,0.313496599,1.40831741e-15
0.00356719531,-2.44775538e-15,9.0,4.25853426,-0.00102442203,0.658057156,1.44223763,8.99999915,3.66903453,0.316530922,1.42843628e-15
0.00356819531,-1.6754971e-15,9.0,4.2942118,-0.00103873036,0.658028539,1.44563956,8.99999915,3.70714184,0.319551211,1.44850163e-15
0.00356919531,-9.17725016e-15,9.0,4.32970309,-0.00105299767,0.658000005,1.44903099,8.99999915,3.74508309,0.322557376,1.46851265e-15
0.00357019531,-2.20461481e-15,9.0,4.36500708,-0.00106722342,0.657971553,1.45241181,8.99999916,3.78285718,0.32554933,1.48846852e-15
0.00357119531,-1.8305935e-15,9.0,4.4001228,-0.00108140703,0.657943186,1.45578191,8.99999916,3.82046299,0.328526987,1.50836843e-15
0.00357219531,-9.15000856e-15,9.0,4.43504922,-0.00109554795,0.657914904,1.4591412,8.99999916,3.85789941,0.331490259,1.52821156e-15
0.00357319531,-1.96487336e-15,9.0,4.46978539,-0.00110964562,0.657886709,1.46248956,8.99999916,3.89516535,0.334439061,1.5479971e-15
0.00357419531,-1.98992382e-15,9.0,4.5043303,-0.00112369948,0.657858601,1.46582689,8.99999916,3.93225973,0.337373308,1.56772425e-15
0.00357519531,-9.11015553e-15,9.0,4.538683,-0.00113770898,0.657830582,1.4691531,8.99999916,3.96918146,0.340292917,1.58739219e-15
0.00357619531,-1.7290068e-15,9.0,4.57284253,-0.00115167357,0.657802653,1.47246808,8.99999916,4.0059295,0.343197804,1.60700013e-15
0.00357719531,-2.15304571e-15,9.0,4.60680794,-0.00116559269,0.657774815,1.47577174,8.99999916,4.04250277,0.346087887,1.62654727e-15
0.00357819531,-9.05770544e-15,9.0,4.6405783,-0.00117946579,0.657747068,1.47906396,8.99999916,4.07890022,0.348963083,1.64603279e-15
0.00357919531,-1.49747893e-15,9.0,4.67415269,-0.00119329234,0.657719415,1.48234466,8.99999916,4.11512084,0.351823313,1.66545592e-15
0.00358019531,-2.31950511e-15,9.0,4.70753017,-0.00120707177,0.657691856,1.48561374,8.99999916,4.15116357,0.354668496,1.68481584e-15
0.00358119531,-8.99269863e-15,9.0,4.74070985,-0.00122080355,0.657664393,1.4888711,8.99999916,4.18702741,0.357498553,1.70411177e-15
0.00358219531,-1.27074061e-15,9.0,4.77369082,-0.00123448713,0.657637026,1.49211664,8.99999916,4.22271133,0.360313405,1.72334291e-15
0.00358319531,-2.48883728e-15,9.0,4.8064722,-0.00124812198,0.657609756,1.49535026,8.99999916,4.25821435,0.363112974,1.74250848e-15
0.00358419531,-8.91520127e-15,9.0,4.83905311,-0.00126170755,0.657582585,1.49857188,8.99999916,4.29353547,0.365897183,1.76160769e-15
0.00358519531,-1.0492287e-15,9.0,4.87143268,-0.00127524332,0.657555513,1.50178139,8.99999916,4.3286737,0.368665956,1.78063976e-15
0.00358619531,-2.6605679e-15,9.0,4.90361004,-0.00128872874,0.657528543,1.5049787,8.99999916,4.36362807,0.371419217,1.7996039e-15
0.00358719531,-8.8253053e-15,9.0,4.93558436,-0.00130216328,0.657501673,1.50816372,8.99999916,4.39839761,0.374156892,1.81849933e-15
0.00358819531,-8.33365118e-16,9.0,4.96735479,-0.00131554642,0.657474907,1.51133636,8.99999916,4.43298137,0.376878906,1.83732528e-15
0.00358919531,-2.83421424e-15,9.0,4.99892049,-0.00132887762,0.657448245,1.51449652,8.99999916,4.4673784,0.379585186,1.85608098e-15
0.00359019531,-8.72312824e-15,9.0,5.03028065,-0.00134215636,0.657421687,1.51764411,8.99999916,4.50158777,0.382275659,1.87476565e-15
0.00359119531,-6.23555868e-16,9.0,5.06143445,-0.00135538211,0.657395236,1.52077904,8.99999916,4.53560853,0.384950253,1.89337851e-15
0.00359219531,-3.00928622e-15,9.0,5.09238109,-0.00136855436,0.657368891,1.52390122,8.99999916,4.56943978,0.387608898,1.91191882e-15
0.00359319531,-8.60881289e-15,9.0,5.12311978,-0.00138167257,0.657342655,1.52701056,8.99999916,4.6030806,0.390251523,1.93038579e-15
0.00359419531,-4.20190165e-16,9.0,5.15364973,-0.00139473624,0.657316528,1.53010697,8.99999916,4.63653009,0.392878059,1.94877868e-15
0.00359519531,-3.18528764e-15,9.0,5.18397017,-0.00140774485,0.65729051,1.53319037,8.99999916,4.66978735,0.395488435,1.96709672e-15
0.00359619531,-8.48252713e-15,9.0,5.21408033,-0.00142069788,0.657264604,1.53626066,8.99999916,4.7028515,0.398082585,1.98533915e-15
0.00359719531,-2.23639561e-16,9.0,5.24397945,-0.00143359483,0.65723881,1.53931776,8.99999916,4.73572166,0.400660441,2.00350523e-15
0.00359819531,-3.3617173e-15,9.0,5.27366679,-0.00144643518,0.65721313,1.54236158,8.99999916,4.76839696,0.403221935,2.0215942e-15
0.00359919531,-8.3444635e-15,9.0,5.3031416,-0.00145921843,0.657187563,1.54539205,8.99999916,4.80087655,0.405767003,2.03960531e-15
0.00360019531,-3.42571279e-17,9.0,5.33240316,-0.00147194407,0.657162112,1.54840906,8.99999916,4.83315958,0.408295578,2.05753782e-15
0.00360119531,-3.53807022e-15,9.0,5.36145076,-0.0014846116,0.657136777,1.55141254,8.99999917,4.8652452,0.410807596,2.07539099e-15
0.00360219531,-8.19483878e-15,9.0,5.39028366,-0.00149722052,0.657111559,1.5544024,8.99999917,4.89713257,0.413302993,2.09316408e-15
0.00360319531,1.47623322e-16,9.0,5.41890119,-0.00150977033,0.657086459,1.55737857,8.99999917,4.92882089,0.415781707,2.11085636e-15
0.00360419531,-3.71383882e-15,9.0,5.44730263,-0.00152226054,0.657061479,1.56034095,8.99999917,4.96030932,0.418243673,2.12846709e-15
0.00360519531,-8.0338936e-15,9.0,5.47548731,-0.00153469066,0.657036619,1.56328947,8.99999917,4.99159707,0.420688832,2.14599554e-15
0.00360619531,3.21687966e-16,9.0,5.50345455,-0.00154706019,0.65701188,1.56622404,8.99999917,5.02268332,0.423117121,2.16344098e-15
0.00360719531,-3.88851412e-15,9.0,5.53120368,-0.00155936864,0.656987263,1.56914459,8.99999917,5.0535673,0.42552848,2.1808027e-15
0.00360819531,-7.86189186e-15,9.0,5.55873405,-0.00157161553,0.656962769,1.57205103,8.99999917,5.08424822,0.42792285,2.19807997e-15
0.00360919531,4.87643654e-16,9.0,5.58604501,-0.00158380037,0.656938399,1.57494328,8.99999917,5.11472531,0.430300172,2.21527207e-15
0.00361019531,-4.06158695e-15,9.0,5.61313591,-0.00159592269,0.656914155,1.57782127,8.99999917,5.1449978,0.432660387,2.2323783e-15
0.00361119531,-7.67912018e-15,9.0,5.64000613,-0.00160798201,0.656890036,1.58068492,8.99999917,5.17506493,0.435003438,2.24939794e-15
0.00361219531,6.45218549e-16,9.0,5.66665503,-0.00161997784,0.656866044,1.58353415,8.99999917,5.20492595,0.437329267,2.26633028e-15
0.00361319531,-4.23254918e-15,9.0,5.69308201,-0.00163190972,0.656842181,1.58636888,8.99999917,5.23458013,0.439637819,2.28317461e-15
0.00361419531,-7.48588727e-15,9.0,5.71928646,-0.00164377718,0.656818446,1.58918904,8.99999917,5.26402673,0.441929039,2.29993025e-15
0.00361519531,7.94162709e-16,9.0,5.74526778,-0.00165557974,0.656794841,1.59199455,8.99999917,5.29326503,0.44420287,2.31659649e-15
0.00361619531,-4.40089488e-15,9.0,5.77102539,-0.00166731695,0.656771366,1.59478534,8.99999917,5.32229431,0.446459259,2.33317264e-15
0.00361719531,-7.28252328e-15,9.0,5.7965587,-0.00167898833,0.656748023,1.59756133,8.99999917,5.35111386,0.448698152,2.34965801e-15
0.00361819531,9.34248622e-16,9.0,5.82186713,-0.00169059342,0.656724813,1.60032244,8.99999917,5.37972298,0.450919497,2.36605191e-15
0.00361919531,-4.56612157e-15,9.0,5.84695013,-0.00170213178,0.656701736,1.60306861,8.99999917,5.40812099,0.453123241,2.38235365e-15
0.00362019531,-7.06937909e-15,9.0,5.87180714,-0.00171360294,0.656678794,1.60579976,8.99999917,5.43630719,0.455309333,2.39856257e-15
0.00362119531,1.06527169e-15,9.0,5.89643761,-0.00172500644,0.656655987,1.60851582,8.99999917,5.46428091,0.457477721,2.41467797e-15
0.00362219531,-4.72773137e-15,9.0,5.920841,-0.00173634185,0.656633316,1.61121672,8.99999917,5.49204149,0.459628356,2.4306992e-15
0.00362319531,-6.84682548e-15,9.0,5.94501679,-0.00174760871,0.656610783,1.61390239,8.99999917,5.51958826,0.461761188,2.44662558e-15
0.00362419531,1.18705066e-15,9.0,5.96896444,-0.00175880658,0.656588387,1.61657275,8.99999917,5.54692056,0.463876167,2.46245644e-15
0.00362519531,-4.88523224e-15,9.0,5.99268345,-0.00176993501,0.65656613,1.61922774,8.99999917,5.57403777,0.465973246,2.47819113e-15
0.00362619531,-6.61525241e-15,9.0,6.0161733,-0.00178099357,0.656544013,1.62186728,8.99999917,5.60093923,0.468052377,2.49382899e-15
0.00362719531,1.29942799e-15,9.0,6.03943351,-0.00179198182,0.656522036,1.62449132,8.99999917,5.62762432,0.470113513,2.50936936e-15
0.00362819531,-5.0381391e-15,9.0,6.06246356,-0.00180289932,0.656500201,1.62709978,8.99999917,5.65409241,0.472156607,2.5248116e-15
0.00362919531,-6.37506811e-15,9.0,6.085263,-0.00181374565,0.656478509,1.62969259,8.99999917,5.68034291,0.474181614,2.54015505e-15
0.00363019531,1.40227018e-15,9.0,6.10783133,-0.00182452037,0.656456959,1.63226968,8.99999917,5.70637518,0.476188488,2.55539908e-15
0.00363119531,-5.18597503e-15,9.0,6.13016809,-0.00183522307,0.656435554,1.634831,8.99999917,5.73218865,0.478177185,2.57054304e-15
0.00363219531,-6.12669818e-15,9.0,6.15227283,-0.00184585331,0.656414293,1.63737647,8.99999917,5.75778272,0.480147662,2.58558631e-15
0.00363319531,1.495468e-15,9.0,6.17414508,-0.00185641068,0.656393179,1.63990603,8.99999917,5.7831568,0.482099874,2.60052826e-15
0.00363419531,-5.32827238e-15,9.0,6.19578442,-0.00186689477,0.65637221,1.64241962,8.99999917,5.80831032,0.484033779,2.61536824e-15
0.00363519531,-5.87058471e-15,9.0,6.21719039,-0.00187730515,0.65635139,1.64491716,8.99999917,5.83324271,0.485949335,2.63010566e-15
0.00363619531,1.57893677e-15,9.0,6.23836258,-0.00188764142,0.656330717,1.64739861,8.99999917,5.8579534,0.487846501,2.64473987e-15
0.00363719531,-5.46457392e-15,9.0,6.25930056,-0.00189790317,0.656310194,1.64986388,8.99999917,5.88244185,0.489725235,2.65927028e-15
0.00363819531,-5.60718525e-15,9.0,6.28000392,-0.00190809,0.65628982,1.65231293,8.99999918,5.90670751,0.491585498,2.67369628e-15
0.00363919531,1.65261642e-15,9.0,6.30047225,-0.00191820149,0.656269597,1.65474569,8.99999918,5.93074984,0.49342725,2.68801724e-15
0.00364019531,-5.59443391e-15,9.0,6.32070515,-0.00192823726,0.656249525,1.6571621,8.99999918,5.95456831,0.495250451,2.70223259e-15
0.00364119531,-5.33697185e-15,9.0,6.34070224,-0.0019381969,0.656229606,1.6595621,8.99999918,5.97816238,0.497055064,2.71634171e-15
0.00364219531,1.71647162e-15,9.0,6.36046312,-0.00194808003,0.65620984,1.66194562,8.99999918,6.00153155,0.49884105,2.73034401e-15
0.00364319531,-5.71741918e-15,9.0,6.37998743,-0.00195788625,0.656190228,1.66431261,8.99999918,6.02467531,0.500608373,2.74423891e-15
0.00364419531,-5.06042999e-15,9.0,6.39927479,-0.00196761518,0.65617077,1.66666301,8.99999918,6.04759314,0.502356994,2.75802582e-15
0.00364519531,1.77049185e-15,9.0,6.41832484,-0.00197726643,0.656151467,1.66899676,8.99999918,6.07028456,0.504086879,2.77170416e-15
0.00364619531,-5.8331102e-15,9.0,6.43713724,-0.00198683962,0.656132321,1.67131381,8.99999918,6.09274907,0.505797992,2.78527335e-15
0.00364719531,-4.77805755e-15,9.0,6.45571162,-0.00199633437,0.656113331,1.67361409,8.99999918,6.1149862,0.507490298,2.79873283e-15
0.00364819531,1.81469131e-15,9.0,6.47404765,-0.00200575031,0.656094499,1.67589754,8.99999918,6.13699546,0.509163762,2.81208202e-15
0.00364919531,-5.94110205e-15,9.0,6.492145,-0.00201508707,0.656075826,1.67816412,8.99999918,6.15877638,0.510818351,2.82532037e-15
0.00365019531,-4.49036367e-15,9.0,6.51000335,-0.00202434428,0.656057311,1.68041376,8.99999918,6.18032852,0.512454031,2.83844732e-15
0.00365119531,1.84910886e-15,9.0,6.52762236,-0.00203352156,0.656038957,1.68264642,8.99999918,6.20165141,0.514070769,2.8514623e-15
0.00365219531,-6.04100542e-15,9.0,6.54500174,-0.00204261857,0.656020763,1.68486203,8.99999918,6.2227446,0.515668534,2.86436478e-15
0.00365319531,-4.19786767e-15,9.0,6.56214117,-0.00205163494,0.65600273,1.68706054,8.99999918,6.24360765,0.517247294,2.87715421e-15
0.00365419531,1.87380792e-15,9.0,6.57904036,-0.00206057031,0.655984859,1.68924189,8.99999918,6.26424013,0.518807018,2.88983004e-15
0.00365519531,-6.13244756e-15,9.0,6.59569902,-0.00206942434,0.655967151,1.69140604,8.99999918,6.28464161,0.520347675,2.90239176e-15
0.00365619531,-3.90109788e-15,9.0,6.61211686,-0.00207819667,0.655949607,1.69355293,8.99999918,6.30481167,0.521869235,2.91483881e-15
0.00365719531,1.88887621e-15,9.0,6.6282936,-0.00208688695,0.655932226,1.69568251,8.99999918,6.32474989,0.523371669,2.92717068e-15
0.00365819531,-6.21507321e-15,9.0,6.64422897,-0.00209549485,0.65591501,1.69779473,8.99999918,6.34445587,0.524854949,2.93938685e-15
0.00365919531,-3.60059051e-15,9.0,6.65992272,-0.00210402002,0.65589796,1.69988953,8.99999918,6.3639292,0.526319045,2.95148679e-15
0.00366019531,1.89442553e-15,9.0,6.67537458,-0.00211246213,0.655881076,1.70196686,8.99999918,6.3831695,0.52776393,2.96347001e-15
0.00366119531,-6.28854541e-15,9.0,6.6905843,-0.00212082084,0.655864358,1.70402668,8.99999918,6.40217636,0.529189577,2.97533599e-15
0.00366219531,-3.29688842e-15,9.0,6.70555163,-0.00212909583,0.655847808,1.70606893,8.99999918,6.42094942,0.530595959,2.98708422e-15
0.00366319531,1.89059146e-15,9.0,6.72027634,-0.00213728676,0.655831426,1.70809357,8.99999918,6.43948829,0.53198305,2.99871422e-15
0.00366419531,-6.35254638e-15,9.0,6.73475821,-0.00214539332,0.655815213,1.71010055,8.99999918,6.4577926,0.533350824,3.01022549e-15
0.00366519531,-2.99053999e-15,9.0,6.74899699,-0.00215341518,0.65579917,1.71208981,8.99999918,6.475862,0.534699256,3.02161754e-15
0.00366619531,1.87753297e-15,9.0,6.76299248,-0.00216135202,0.655783296,1.71406131,8.99999918,6.49369612,0.536028321,3.03288989e-15
0.00366719531,-6.40677827e-15,9.0,6.77674446,-0.00216920354,0.655767593,1.716015,8.99999918,6.51129462,0.537337995,3.04404206e-15
0.00366819531,-2.68209785e-15,9.0,6.79025273,-0.00217696943,0.655752061,1.71795084,8.99999918,6.52865715,0.538628255,3.05507358e-15
0.00366919531,1.85543202e-15,9.0,6.80351708,-0.00218464937,0.655736701,1.71986878,8.99999918,6.54578337,0.539899077,3.06598398e-15
0.00367019531,-6.45096394e-15,9.0,6.81653733,-0.00219224306,0.655721514,1.72176877,8.99999918,6.56267295,0.541150439,3.0767728e-15
0.00367119531,-2.37211772e-15,9.0,6.82931329,-0.00219975021,0.6557065,1.72365077,8.99999918,6.57932557,0.542382319,3.08743958e-15
0.00367219531,1.82449306e-15,9.0,6.84184477,-0.00220717052,0.655691659,1.72551474,8.99999918,6.59574091,0.543594695,3.09798387e-15
0.00367319531,-6.4848476e-15,9.0,6.85413161,-0.00221450369,0.655676993,1.72736062,8.99999918,6.61191865,0.544787545,3.10840522e-15
0.00367419531,-2.06115715e-15,9.0,6.86617364,-0.00222174943,0.655662501,1.72918837,8.99999918,6.62785848,0.54596085,3.11870319e-15
0.00367519531,1.78494255e-15,9.0,6.87797068,-0.00222890747,0.655648185,1.73099795,8.99999918,6.64356012,0.54711459,3.12887734e-15
0.00367619531,-6.50819551e-15,9.0,6.88952259,-0.00223597751,0.655634045,1.73278933,8.99999918,6.65902325,0.548248743,3.13892724e-15
0.00367719531,-1.7497743e-15,9.0,6.90082922,-0.00224295928,0.655620081,1.73456244,8.99999918,6.67424759,0.549363292,3.14885246e-15
0.00367819531,1.73702832e-15,9.0,6.91189042,-0.0022498525,0.655606295,1.73631726,8.99999918,6.68923286,0.550458218,3.15865258e-15
0.00367919531,-6.52079652e-15,9.0,6.92270605,-0.0022566569,0.655592686,1.73805374,8.99999918,6.70397877,0.551533503,3.16832719e-15
0.00368019531,-1.43852674e-15,9.0,6.93327599,-0.00226337221,0.655579256,1.73977184,8.99999918,6.71848507,0.552589128,3.17787586e-15
0.00368119531,1.68101901e-15,9.0,6.9436001,-0.00226999817,0.655566004,1.74147152,8.99999918,6.73275148,0.553625077,3.18729821e-15
0.00368219531,-6.52246265e-15,9.0,6.95367827,-0.00227653451,0.655552931,1.74315273,8.99999918,6.74677773,0.554641333,3.19659382e-15
0.00368319531,-1.12797021e-15,9.0,6.96351038,-0.00228298098,0.655540038,1.74481545,8.99999918,6.76056359,0.555637879,3.2057623e-15
0.00368419531,1.61720334e-15,9.0,6.97309632,-0.00228933732,0.655527325,1.74645962,8.99999918,6.7741088,0.5566147,3.21480325e-15
0.00368519531,-6.51302956e-15,9.0,6.98243599,-0.00229560328,0.655514793,1.74808521,8.99999918,6.78741311,0.55757178,3.22371631e-15
0.00368619531,-8.18657387e-16,9.0,6.9915293,-0.00230177861,0.655502443,1.74969218,8.99999918,6.80047629,0.558509105,3.23250108e-15
0.00368719531,1.54588944e-15,9.0,7.00037614,-0.00230786308,0.655490274,1.7512805,8.99999919,6.8132981,0.559426659,3.24115719e-15
0.00368819531,-6.492357e-15,9.0,7.00897644,-0.00231385643,0.655478287,1.75285012,8.99999919,6.82587833,0.56032443,3.24968427e-15
0.00368919531,-5.11136688e-16,9.0,7.01733011,-0.00231975844,0.655466483,1.75440101,8.99999919,6.83821675,0.561202403,3.25808196e-15
0.00369019531,1.46740403e-15,9.0,7.02543708,-0.00232556886,0.655454862,1.75593313,8.99999919,6.85031314,0.562060566,3.2663499e-15
0.00369119531,-6.46032918e-15,9.0,7.03329729,-0.00233128748,0.655443425,1.75744645,8.99999919,6.86216731,0.562898905,3.27448775e-15
0.00369219531,-2.05951073e-16,9.0,7.04091066,-0.00233691406,0.655432172,1.75894092,8.99999919,6.87377903,0.56371741,3.28249514e-15
0.00369319531,1.38209164e-15,9.0,7.04827714,-0.00234244839,0.655421103,1.76041652,8.99999919,6.88514812,0.564516066,3.29037174e-15
0.00369419531,-6.4168551e-15,9.0,7.05539667,-0.00234789024,0.65541022,1.7618732,8.99999919,6.89627438,0.565294865,3.29811722e-15
0.00369519531,9.63631499e-17,9.0,7.06226922,-0.00235323939,0.655399521,1.76331094,8.99999919,6.90715763,0.566053794,3.30573125e-15
0.00369619531,1.29031377e-15,9.0,7.06889473,-0.00235849565,0.655389009,1.7647297,8.99999919,6.91779768,0.566792844,3.31321349e-15
0.00369719531,-6.36186883e-15,9.0,7.07527318,-0.0023636588,0.655378682,1.76612944,8.99999919,6.92819435,0.567512004,3.32056363e-15
0.00369819531,3.95277498e-16,9.0,7.08140452,-0.00236872863,0.655368543,1.76751014,8.99999919,6.93834748,0.568211265,3.32778136e-15
0.00369919531,1.19244795e-15,9.0,7.08728874,-0.00237370495,0.65535859,1.76887175,8.99999919,6.9482569,0.568890618,3.33486637e-15
0.00370019531,-6.2953297e-15,9.0,7.09292582,-0.00237858756,0.655348825,1.77021425,8.99999919,6.95792245,0.569550054,3.34181835e-15
0.00370119531,6.90272463e-16,9.0,7.09831574,-0.00238337627,0.655339247,1.77153761,8.99999919,6.96734397,0.570189565,3.34863701e-15
0.00370219531,1.08888687e-15,9.0,7.10345849,-0.00238807088,0.655329858,1.77284178,8.99999919,6.97652131,0.570809143,3.35532206e-15
0.00370319531,-6.21722245e-15,9.0,7.10835406,-0.00239267122,0.655320658,1.77412675,8.99999919,6.98545433,0.571408781,3.36187321e-15
0.00370419531,9.80838648e-16,9.0,7.11300247,-0.0023971771,0.655311646,1.77539248,8.99999919,6.99414289,0.571988472,3.36829018e-15
0.00370519531,9.80037391e-16,9.0,7.1174037,-0.00240158835,0.655302823,1.77663894,8.99999919,7.00258686,0.572548209,3.3745727e-15
0.00370619531,-6.12755739e-15,9.0,7.12155778,-0.00240590478,0.65529419,1.7778661,8.99999919,7.0107861,0.573087986,3.3807205e-15
0.00370719531,1.26647787e-15,9.0,7.12546472,-0.00241012623,0.655285748,1.77907393,8.99999919,7.01874049,0.573607797,3.38673331e-15
0.00370819531,8.66319532e-16,9.0,7.12912455,-0.00241425254,0.655277495,1.7802624,8.99999919,7.02644991,0.574107638,3.39261089e-15
0.00370919531,-6.02637034e-15,9.0,7.13253728,-0.00241828353,0.655269433,1.78143148,8.99999919,7.03391425,0.574587503,3.39835297e-15
0.00371019531,1.54670426e-15,9.0,7.13570295,-0.00242221906,0.655261562,1.78258115,8.99999919,7.0411334,0.575047387,3.40395931e-15
0.00371119531,7.48165467e-16,9.0,7.1386216,-0.00242605896,0.655253882,1.78371137,8.99999919,7.04810726,0.575487288,3.40942968e-15
0.00371219531,-5.91372269e-15,9.0,7.14129327,-0.00242980308,0.655246394,1.78482212,8.99999919,7.05483572,0.575907201,3.41476384e-15
0.00371319531,1.82104529e-15,9.0,7.143718,-0.00243345128,0.655239097,1.78591337,8.99999919,7.0613187,0.576307123,3.41996155e-15
0.00371419531,6.26018457e-16,9.0,7.14589586,-0.00243700341,0.655231993,1.78698509,8.99999919,7.0675561,0.57668705,3.42502261e-15
0.00371519531,-5.78970128e-15,9.0,7.14782688,-0.00244045933,0.655225081,1.78803726,8.99999919,7.07354784,0.577046982,3.42994678e-15
0.00371619531,2.08904282e-15,9.0,7.14951114,-0.0024438189,0.655218362,1.78906986,8.99999919,7.07929385,0.577386916,3.43473387e-15
0.00371719531,5.00331776e-16,9.0,7.15094871,-0.002447082,0.655211836,1.79008285,8.99999919,7.08479404,0.577706849,3.43938366e-15
0.00371819531,-5.65441829e-15,9.0,7.15213964,-0.00245024849,0.655205503,1.79107621,8.99999919,7.09004836,0.578006782,3.44389595e-15
0.00371919531,2.35025407e-15,9.0,7.15308403,-0.00245331825,0.655199363,1.79204991,8.99999919,7.09505673,0.578286712,3.44827057e-15
0.00372019531,3.715676e-16,9.0,7.15378195,-0.00245629116,0.655193418,1.79300394,8.99999919,7.0998191,0.578546641,3.4525073e-15
0.00372119531,-5.508011e-15,9.0,7.15423348,-0.0024591671,0.655187666,1.79393827,8.99999919,7.10433541,0.578786567,3.45660598e-15
0.00372219531,2.60425259e-15,9.0,7.15443873,-0.00246194595,0.655182108,1.79485287,8.99999919,7.10860561,0.579006491,3.46056643e-15
0.00372319531,2.40195882e-16,9.0,7.15439777,-0.00246462761,0.655176745,1.79574772,8.99999919,7.11262967,0.579206414,3.46438848e-15
0.00372419531,-5.3506416e-15,9.0,7.15411072,-0.00246721197,0.655171576,1.7966228,8.99999919,7.11640754,0.579386337,3.46807197e-15
0.00372519531,2.85062917e-15,9.0,7.15357768,-0.00246969893,0.655166602,1.79747808,8.99999919,7.11993918,0.579546262,3.47161673e-15
0.00372619531,1.06693213e-16,9.0,7.15279876,-0.00247208839,0.655161823,1.79831355,8.99999919,7.12322457,0.57968619,3.47502262e-15
0.00372719531,-5.18249684e-15,9.0,7.15177408,-0.00247438026,0.655157239,1.79912918,8.99999919,7.12626369,0.579806124,3.47828949e-15
0.00372819531,3.08899271e-15,9.0,7.15050374,-0.00247657444,0.655152851,1.79992495,8.99999919,7.1290565,0.579906067,3.4814172e-15
0.00372919531,-2.84583431e-17,9.0,7.14898789,-0.00247867085,0.655148658,1.80070084,8.99999919,7.131603,0.579986022,3.48440561e-15
0.00373019531,-5.00378767e-15,9.0,7.14722664,-0.00248066941,0.655144661,1.80145683,8.99999919,7.13390318,0.580045991,3.48725461e-15
0.00373119531,3.31897107e-15,9.0,7.14522013,-0.00248257003,0.65514086,1.8021929,8.99999919,7.13595702,0.58008598,3.48996406e-15
0.00373219531,-1.64772416e-16,9.0,7.1429685,-0.00248437265,0.655137255,1.80290902,8.99999919,7.13776454,0.580105993,3.49253384e-15
0.00373319531,-4.81474883e-15,9.0,7.14047189,-0.00248607719,0.655133846,1.80360519,8.99999919,7.13932572,0.580106033,3.49496386e-15
0.00373419531,3.54021184e-15,9.0,7.13773046,-0.00248768358,0.655130633,1.80428138,8.99999919,7.14064059,0.580086106,3.497254e-15
0.00373519531,-3.01759515e-16,9.0,7.13474434,-0.00248919176,0.655127616,1.80493757,8.99999919,7.14170916,0.580046218,3.49940417e-15
0.00373619531,-4.61563836e-15,9.0,7.1315137,-0.00249060168,0.655124797,1.80557375,8.99999919,7.14253143,0.579986375,3.50141427e-15
0.00373719531,3.75238309e-15,9.0,7.1280387,-0.00249191326,0.655122173,1.80618989,8.99999919,7.14310744,0.579906581,3.50328423e-15
0.00373819531,-4.38928218e-16,9.0,7.1243195,-0.00249312648,0.655119747,1.80678598,8.99999919,7.14343721,0.579806845,3.50501395e-15
0.00373919531,-4.40673709e-15,9.0,7.12035629,-0.00249424126,0.655117517,1.80736201,8.99999919,7.14352078,0.579687173,3.50660336e-15
0.00374019531,3.9551741e-15,9.0,7.11614922,-0.00249525758,0.655115485,1.80791795,8.99999919,7.14335817,0.579547572,3.5080524e-15
0.00374119531,-5.75786364e-16,9.0,7.11169849,-0.0024961754,0.655113649,1.80845379,8.99999919,7.14294944,0.57938805,3.50936101e-15
0.00374219531,-4.18834806e-15,9.0,7.10700427,-0.00249699466,0.655112011,1.80896951,8.99999919,7.14229463,0.579208615,3.51052912e-15
0.00374319531,4.14829596e-15,9.0,7.10206675,-0.00249771535,0.655110569,1.8094651,8.99999919,7.14139378,0.579009275,3.51155669e-15
0.00374419531,-7.11842249e-16,9.0,7.09688614,-0.00249833744,0.655109325,1.80994054,8.99999919,7.14024696,0.57879004,3.51244368e-15
0.00374519531,-3.96079585e-15,9.0,7.09146262,-0.00249886089,0.655108278,1.81039583,8.99999919,7.13885422,0.578550918,3.51319004e-15
0.00374619531,4.33148221e-15,9.0,7.0857964,-0.00249928569,0.655107429,1.81083093,8.99999919,7.13721563,0.578291919,3.51379574e-15
0.00374719531,-8.46605824e-16,9.0,7.07988769,-0.00249961183,0.655106776,1.81124585,8.99999919,7.13533126,0.578013054,3.51426076e-15
0.00374819531,-3.72442595e-15,9.0,7.0737367,-0.00249983928,0.655106321,1.81164056,8.99999919,7.13320119,0.577714331,3.51458508e-15
0.00374919531,4.50448935e-15,9.0,7.06734364,-0.00249996805,0.655106064,1.81201506,8.99999919,7.13082548,0.577395763,3.51476868e-15
0.00375019531,-9.7958988e-16,9.0,7.06070873,-0.00249999812,0.655106004,1.81236933,8.99999919,7.12820423,0.577057359,3.51481156e-15
0.00375119531,-3.47960401e-15,9.0,7.05383221,-0.0024999295,0.655106141,1.81270336,8.99999919,7.12533751,0.576699132,3.51471371e-15
0.00375219531,4.66709738e-15,9.0,7.04671429,-0.00249976218,0.655106476,1.81301713,8.99999919,7.12222544,0.576321094,3.51447514e-15
0.00375319531,-1.11031124e-15,9.0,7.03935522,-0.00249949617,0.655107008,1.81331064,8.99999919,7.11886809,0.575923255,3.51409585e-15
0.00375419531,-3.22671506e-15,9.0,7.03175524,-0.0024991315,0.655107737,1.81358387,8.99999919,7.11526558,0.57550563,3.51357588e-15
0.00375519531,4.81911019e-15,9.0,7.02391458,-0.00249866815,0.655108664,1.81383682,8.99999919,7.11141801,0.575068231,3.51291523e-15
0.00375619531,-1.23829193e-15,9.0,7.01583349,-0.00249810617,0.655109788,1.81406946,8.99999919,7.10732549,0.574611071,3.51211393e-15
0.00375719531,-2.96616268e-15,9.0,7.00751223,-0.00249744557,0.655111109,1.8142818,8.99999919,7.10298813,0.574134164,3.51117203e-15
0.00375819531,4.96035598e-15,9.0,6.99895106,-0.00249668637,0.655112627,1.81447383,8.99999919,7.09840606,0.573637524,3.51008955e-15
0.00375919531,-1.36306034e-15,9.0,6.99015022,-0.0024958286,0.655114343,1.81464552,8.99999919,7.09357941,0.573121165,3.50886655e-15
0.00376019531,-2.69836818e-15,9.0,6.98111,-0.0024948723,0.655116255,1.81479688,8.99999919,7.08850829,0.572585102,3.50750308e-15
0.00376119531,5.09068759e-15,9.0,6.97183066,-0.00249381752,0.655118365,1.8149279,8.99999919,7.08319286,0.572029351,3.5059992e-15
0.00376219531,-1.48415239e-15,9.0,6.96231247,-0.00249266428,0.655120671,1.81503857,8.99999919,7.07763323,0.571453927,3.50435497e-15
0.00376319531,-2.42376964e-15,9.0,6.95255572,-0.00249141263,0.655123175,1.81512887,8.99999919,7.07182957,0.570858845,3.50257046e-15
0.00376419531,5.20998276e-15,9.0,6.94256069,-0.00249006262,0.655125875,1.81519881,8.99999919,7.06578201,0.570244122,3.50064575e-15
0.00376519531,-1.60111262e-15,9.0,6.93232766,-0.00248861432,0.655128771,1.81524838,8.99999919,7.05949071,0.569609775,3.49858092e-15
0.00376619531,-2.14282101e-15,9.0,6.92185693,-0.00248706776,0.655131864,1.81527756,8.99999919,7.05295584,0.568955821,3.49637607e-15
0.00376719531,5.31814433e-15,9.0,6.9111488,-0.00248542303,0.655135154,1.81528636,8.99999919,7.04617753,0.568282277,3.49403127e-15
0.00376819531,-1.71349536e-15,9.0,6.90020357,-0.00248368017,0.65513864,1.81527477,8.99999919,7.03915598,0.567589161,3.49154664e-15
0.00376919531,-1.85599113e-15,9.0,6.88902154,-0.00248183926,0.655142321,1.81524278,8.99999919,7.03189135,0.56687649,3.48892229e-15
0.00377019531,5.41510044e-15,9.0,6.87760303,-0.00247990037,0.655146199,1.81519038,8.99999919,7.02438381,0.566144285,3.48615832e-15
0.00377119531,-1.82086578e-15,9.0,6.86594834,-0.00247786358,0.655150273,1.81511758,8.99999919,7.01663354,0.565392563,3.48325485e-15
0.00377219531,-1.56376269e-15,9.0,6.85405781,-0.00247572897,0.655154542,1.81502437,8.99999919,7.00864074,0.564621343,3.480212e-15
0.00377319531,5.5008046e-15,9.0,6.84193175,-0.00247349661,0.655159007,1.81491075,8.99999919,7.00040559,0.563830647,3.47702992e-15
0.00377419531,-1.92280094e-15,9.0,6.8295705,-0.00247116661,0.655163667,1.8147767,8.99999919,6.99192828,0.563020492,3.47370873e-15
0.00377519531,-1.2666312e-15,9.0,6.81697438,-0.00246873906,0.655168522,1.81462224,8.99999919,6.98320902,0.562190901,3.47024857e-15
0.00377619531,5.57523574e-15,9.0,6.80414374,-0.00246621404,0.655173572,1.81444735,8.99999919,6.97424802,0.561341893,3.4666496e-15
0.00377719531,-2.01889088e-15,9.0,6.79107892,-0.00246359166,0.655178817,1.81425204,8.99999919,6.96504547,0.56047349,3.46291197e-15
0.00377819531,-9.65103934e-16,9.0,6.77778026,-0.00246087202,0.655184256,1.8140363,8.99999919,6.9556016,0.559585713,3.45903584e-15
0.00377919531,5.6383982e-15,9.0,6.76424812,-0.00245805523,0.65518989,1.81380013,8.99999919,6.94591663,0.558678585,3.45502137e-15
0.00378019531,-2.10873958e-15,9.0,6.75048285,-0.0024551414,0.655195717,1.81354353,8.99999919,6.93599077,0.557752127,3.45086874e-15
0.00378119531,-6.59698796e-16,9.0,6.73648481,-0.00245213064,0.655201739,1.8132665,8.99999919,6.92582426,0.556806363,3.44657812e-15
0.00378219531,5.69032164e-15,9.0,6.72225437,-0.00244902308,0.655207954,1.81296904,8.99999919,6.91541733,0.555841316,3.44214971e-15
0.00378319531,-2.19196595e-15,9.0,6.70779191,-0.00244581884,0.655214362,1.81265115,8.99999919,6.90477021,0.554857008,3.43758368e-15
0.00378419531,-3.50943218e-16,9.0,6.69309778,-0.00244251804,0.655220964,1.81231283,8.99999919,6.89388316,0.553853464,3.43288023e-15
0.00378519531,5.73106092e-15,9.0,6.67817238,-0.00243912081,0.655227758,1.81195409,8.99999919,6.88275642,0.552830708,3.42803957e-15
0.00378619531,-2.26820477e-15,9.0,6.66301609,-0.00243562729,0.655234745,1.81157492,8.99999919,6.87139024,0.551788765,3.4230619e-15
0.00378719531,-3.93730005e-17,9.0,6.64762929,-0.00243203762,0.655241925,1.81117532,8.99999919,6.85978487,0.550727659,3.41794744e-15
0.00378819531,5.76069593e-15,9.0,6.63201239,-0.00242835193,0.655249296,1.8107553,8.99999919,6.84794059,0.549647417,3.4126964e-15
0.00378919531,-2.3371076e-15,9.0,6.61616577,-0.00242457038,0.655256859,1.81031487,8.99999919,6.83585766,0.548548063,3.40730901e-15
0.00379019531,2.7446885e-16,9.0,6.60008984,-0.00242069311,0.655264614,1.80985402,8.99999919,6.82353635,0.547429625,3.4017855e-15
0.00379119531,5.77933128e-15,9.0,6.58378501,-0.00241672027,0.655272559,1.80937275,8.99999919,6.81097694,0.546292128,3.3961261e-15
0.00379219531,-2.39834363e-15,9.0,6.56725169,-0.00241265203,0.655280696,1.80887108,8.99999919,6.79817971,0.545135601,3.39033106e-15
0.00379319531,5.90033309e-16,9.0,6.55049029,-0.00240848854,0.655289023,1.80834901,8.99999919,6.78514494,0.543960069,3.38440063e-15
0.00379419531,5.78709607e-15,9.0,6.53350125,-0.00240422996,0.65529754,1.80780653,8.99999919,6.77187294,0.542765561,3.37833505e-15
0.00379519531,-2.4516005e-15,9.0,6.51628497,-0.00239987647,0.655306247,1.80724367,8.99999919,6.75836399,0.541552105,3.3721346e-15
0.00379619531,9.0676653e-16,9.0,6.49884191,-0.00239542824,0.655315144,1.80666042,8.99999919,6.74461841,0.54031973,3.36579952e-15
0.00379719531,5.78414349e-15,9.0,6.48117248,-0.00239088544,0.655324229,1.80605678,8.99999919,6.73063649,0.539068464,3.35933011e-15
0.00379819531,-2.49658512e-15,9.0,6.46327714,-0.00238624825,0.655333504,1.80543278,8.99999919,6.71641854,0.537798338,3.35272662e-15
0.00379919531,1.22411106e-15,9.0,6.44515633,-0.00238151686,0.655342966,1.8047884,8.99999919,6.7019649,0.53650938,3.34598934e-15
0.00380019531,5.77065041e-15,9.0,6.42681049,-0.00237669145,0.655352617,1.80412367,8.99999919,6.68727587,0.535201622,3.33911857e-15
0.00380119531,-2.53302433e-15,9.0,6.40824009,-0.00237177221,0.655362456,1.80343859,8.99999919,6.67235179,0.533875092,3.33211459e-15
0.00380219531,1.54150704e-15,9.0,6.38944558,-0.00236675934,0.655372481,1.80273316,8.99999919,6.65719299,0.532529824,3.3249777e-15
0.00380319531,5.74681692e-15,9.0,6.37042744,-0.00236165303,0.655382694,1.8020074,8.99999919,6.64179981,0.531165848,3.31770821e-15
0.00380419531,-2.56066568e-15,9.0,6.35118612,-0.00235645349,0.655393093,1.80126132,8.99999919,6.62617258,0.529783195,3.31030643e-15
0.00380519531,1.85839346e-15,9.0,6.3317221,-0.00235116091,0.655403678,1.80049492,8.99999919,6.61031167,0.528381899,3.30277267e-15
0.00380619531,5.71286578e-15,9.0,6.31203587,-0.00234577552,0.655414449,1.79970822,8.99999919,6.59421741,0.526961992,3.29510726e-15
0.00380719531,-2.57927801e-15,9.0,6.29212791,-0.00234029753,0.655425405,1.79890123,8.99999919,6.57789018,0.525523506,3.28731052e-15
0.00380819531,2.17420937e-15,9.0,6.2719987,-0.00233472714,0.655436546,1.79807395,8.99999919,6.56133033,0.524066476,3.27938279e-15
0.00380919531,5.66904191e-15,9.0,6.25164875,-0.00232906458,0.655447871,1.79722641,8.99999919,6.54453823,0.522590935,3.27132439e-15
0.00381019531,-2.58865206e-15,9.0,6.23107856,-0.00232331007,0.65545938,1.7963586,8.99999919,6.52751426,0.521096918,3.26313569e-15
0.00381119531,2.48839509e-15,9.0,6.21028862,-0.00231746384,0.655471072,1.79547055,8.99999919,6.5102588,0.519584459,3.25481702e-15
0.00381219531,5.61561169e-15,9.0,6.18927944,-0.00231152613,0.655482948,1.79456227,8.99999919,6.49277224,0.518053594,3.24636874e-15
0.00381319531,-2.58860102e-15,9.0,6.16805156,-0.00230549715,0.655495006,1.79363377,8.99999919,6.47505495,0.516504359,3.23779121e-15
0.00381419531,2.80039348e-15,9.0,6.14660547,-0.00229937716,0.655507246,1.79268506,8.99999919,6.45710735,0.514936788,3.2290848e-15
0.00381519531,5.55286235e-15,9.0,6.12494171,-0.0022931664,0.655519667,1.79171617,8.99999919,6.43892983,0.51335092,3.22024988e-15
0.00381619531,-2.57896099e-15,9.0,6.10306082,-0.0022868651,0.65553227,1.7907271,8.99999919,6.42052279,0.51174679,3.21128682e-15
0.00381719531,3.10965111e-15,9.0,6.08096331,-0.00228047353,0.655545053,1.78971787,8.99999919,6.40188666,0.510124437,3.202196e-15
0.00381819531,5.48110119e-15,9.0,6.05864974,-0.00227399192,0.655558016,1.78868849,8.99999919,6.38302185,0.508483897,3.19297781e-15
0.00381919531,-2.55959147e-15,9.0,6.03612066,-0.00226742054,0.655571159,1.78763899,8.99999919,6.36392877,0.506825209,3.18363265e-15
0.00382019531,3.41561951e-15,9.0,6.0133766,-0.00226075965,0.655584481,1.78656938,8.99999919,6.34460787,0.505148413,3.17416091e-15
0.00382119531,5.40065489e-15,9.0,5.99041814,-0.00225400951,0.655597981,1.78547967,8.99999919,6.32505958,0.503453546,3.16456299e-15
0.00382219531,-2.53037568e-15,9.0,5.96724583,-0.00224717038,0.655611659,1.78436989,8.99999919,6.30528433,0.501740648,3.15483931e-15
0.00382319531,3.71775636e-15,9.0,5.94386023,-0.00224024254,0.655625515,1.78324005,8.99999919,6.28528257,0.500009761,3.14499027e-15
0.00382419531,5.31186863e-15,9.0,5.92026193,-0.00223322625,0.655639547,1.78209018,8.99999919,6.26505475,0.498260923,3.13501629e-15
0.00382519531,-2.49122094e-15,9.0,5.89645149,-0.0022261218,0.655653756,1.78092028,8.99999919,6.24460134,0.496494176,3.12491781e-15
0.00382619531,4.01552667e-15,9.0,5.87242951,-0.00221892947,0.655668141,1.77973039,8.99999919,6.22392279,0.494709561,3.11469524e-15
0.00382719531,5.21510527e-15,9.0,5.84819656,-0.00221164954,0.655682701,1.77852052,8.99999919,6.20301957,0.492907121,3.10434902e-15
0.00382819531,-2.44205891e-15,9.0,5.82375325,-0.0022042823,0.655697435,1.77729069,8.99999919,6.18189215,0.491086897,3.09387959e-15
0.00382919531,4.30840394e-15,9.0,5.79910018,-0.00219682804,0.655712344,1.77604093,8.99999919,6.16054103,0.489248932,3.0832874e-15
0.00383019531,5.11074445e-15,9.0,5.77423794,-0.00218928704,0.655727426,1.77477125,8.99999919,6.13896667,0.487393269,3.0725729e-15
0.00383119531,-2.38284581e-15,9.0,5.74916716,-0.00218165962,0.655742681,1.77348168,8.99999919,6.11716958,0.485519953,3.06173653e-15
0.00383219531,4.59587136e-15,9.0,5.72388844,-0.00217394608,0.655758108,1.77217225,8.99999919,6.09515025,0.483629026,3.05077876e-15
0.00383319531,4.99918169e-15,9.0,5.6984024,-0.0021661467,0.655773707,1.77084296,8.99999919,6.07290919,0.481720534,3.03970005e-15
0.00383419531,-2.31356258e-15,9.0,5.67270969,-0.00215826182,0.655789476,1.76949386,8.99999919,6.0504469,0.479794523,3.02850088e-15
0.00383519531,4.8774229e-15,9.0,5.64681092,-0.00215029172,0.655805417,1.76812496,8.99999919,6.0277639,0.477851036,3.01718172e-15
0.00383619531,4.88082737e-15,9.0,5.62070673,-0.00214223674,0.655821527,1.76673629,8.99999919,6.00486071,0.475890121,3.00574304e-15
0.00383719531,-2.23421499e-15,9.0,5.59439778,-0.00213409719,0.655837806,1.76532788,8.99999919,5.98173787,0.473911824,2.99418534e-15
0.00383819531,5.15256441e-15,9.0,5.5678847,-0.00212587338,0.655854253,1.76389974,8.99999919,5.9583959,0.471916192,2.98250909e-15
0.00383919531,4.75610577e-15,9.0,5.54116816,-0.00211756565,0.655870869,1.76245191,8.99999919,5.93483534,0.469903272,2.9707148e-15
0.00384019531,-2.14483367e-15,9.0,5.51424882,-0.00210917432,0.655887651,1.76098442,8.99999919,5.91105674,0.467873113,2.95880297e-15
0.00384119531,5.42081474e-15,9.0,5.48712735,-0.00210069973,0.655904601,1.75949729,8.99999919,5.88706066,0.465825762,2.9467741e-15
0.00384219531,4.62545405e-15,9.0,5.45980441,-0.0020921422,0.655921716,1.75799055,8.99999919,5.86284764,0.46376127,2.93462869e-15
0.00384319531,-2.04547408e-15,9.0,5.43228068,-0.00208350208,0.655938996,1.75646423,8.99999919,5.83841826,0.461679684,2.92236726e-15
0.00384419531,5.68170675e-15,9.0,5.40455686,-0.00207477971,0.655956441,1.75491835,8.99999919,5.81377308,0.459581056,2.90999034e-15
0.00384519531,4.48932114e-15,9.0,5.37663363,-0.00206597542,0.655974049,1.75335296,8.99999919,5.78891269,0.457465435,2.89749843e-15
0.00384619531,-1.9362165e-15,9.0,5.34851168,-0.00205708958,0.655991821,1.75176808,8.99999919,5.76383766,0.455332873,2.88489208e-15
0.00384719531,5.93478835e-15,9.0,5.32019173,-0.00204812252,0.656009755,1.75016374,8.99999919,5.73854859,0.453183421,2.87217181e-15
0.00384819531,4.3481667e-15,9.0,5.29167447,-0.00203907461,0.656027851,1.74853997,8.99999918,5.71304606,0.45101713,2.85933815e-15
0.00384919531,-1.8171658e-15,9.0,5.26296062,-0.0020299462,0.656046108,1.7468968,8.99999918,5.68733069,0.448834054,2.84639166e-15
0.00385019531,6.17962351e-15,9.0,5.23405091,-0.00202073766,0.656064525,1.74523427,8.99999918,5.66140309,0.446634245,2.83333288e-15
0.00385119531,4.20246e-15,9.0,5.20494606,-0.00201144933,0.656083101,1.74355242,8.99999918,5.63526386,0.444417757,2.82016235e-15
0.00385219531,-1.68845134e-15,9.0,5.1756468,-0.0020020816,0.656101837,1.74185126,8.99999918,5.60891363,0.442184644,2.80688063e-15
0.00385319531,6.41579314e-15,9.0,5.14615387,-0.00199263483,0.65612073,1.74013085,8.99999918,5.58235303,0.43993496,2.79348829e-15
0.00385419531,4.05267879e-15,9.0,5.11646802,-0.00198310939,0.656139781,1.73839121,8.99999918,5.5555827,0.43766876,2.77998589e-15
0.00385519531,-1.55022668e-15,9.0,5.08658999,-0.00197350566,0.656158989,1.73663239,8.99999918,5.52860326,0.4353861,2.76637399e-15
0.00385619531,6.64289607e-15,9.0,5.05652054,-0.00196382402,0.656178352,1.73485441,8.99999918,5.50141539,0.433087036,2.75265317e-15
0.00385719531,3.89930813e-15,9.0,5.02626045,-0.00195406486,0.65619787,1.73305731,8.99999918,5.47401972,0.430771625,2.73882401e-15
0.00385819531,-1.40266929e-15,9.0,4.99581047,-0.00194422855,0.656217543,1.73124114,8.99999918,5.44641691,0.428439923,2.72488709e-15
0.00385919531,6.86054988e-15,9.0,4.96517138,-0.00193431549,0.656237369,1.72940592,8.99999918,5.41860765,0.426091988,2.71084299e-15
0.00386019531,3.74283924e-15,9.0,4.93434397,-0.00192432606,0.656257348,1.7275517,8.99999918,5.3905926,0.423727879,2.6966923e-15
0.00386119531,-1.24598019e-15,9.0,4.90332902,-0.00191426066,0.656277479,1.72567852,8.99999918,5.36237244,0.421347654,2.68243563e-15
0.00386219531,7.06839177e-15,9.0,4.87212733,-0.00190411969,0.656297761,1.72378642,8.99999918,5.33394787,0.418951373,2.66807356e-15
0.00386319531,3.58376835e-15,9.0,4.8407397,-0.00189390355,0.656318193,1.72187544,8.99999918,5.30531958,0.416539094,2.65360671e-15
0.00386419531,-1.08038355e-15,9.0,4.80916693,-0.00188361265,0.656338775,1.71994561,8.99999918,5.27648827,0.41411088,2.63903568e-15
0.00386519531,7.26607928e-15,9.0,4.77740985,-0.00187324738,0.656359505,1.71799699,8.99999918,5.24745464,0.41166679,2.62436108e-15
0.00386619531,3.42259545e-15,9.0,4.74546927,-0.00186280815,0.656380384,1.71602961,8.99999918,5.21821943,0.409206886,2.60958352e-15
0.00386719531,-9.06126201e-16,9.0,4.71334603,-0.00185229539,0.656401409,1.71404352,8.99999918,5.18878334,0.406731231,2.59470363e-15
0.00386819531,7.45329109e-15,9.0,4.68104094,-0.0018417095,0.656422581,1.71203876,8.99999918,5.15914712,0.404239886,2.57972204e-15
0.00386919531,3.25982315e-15,9.0,4.64855486,-0.00183105091,0.656443898,1.71001537,8.99999918,5.1293115,0.401732914,2.56463936e-15
0.00387019531,-7.23477127e-16,9.0,4.61588864,-0.00182032003,0.65646536,1.7079734,8.99999918,5.09927721,0.399210381,2.54945623e-15
0.00387119531,7.62972769e-15,9.0,4.58304311,-0.00180951728,0.656486965,1.7059129,8.99999918,5.06904502,0.396672348,2.53417328e-15
0.00387219531,3.09595542e-15,9.0,4.55001916,-0.0017986431,0.656508714,1.70383391,8.99999918,5.03861569,0.394118883,2.51879117e-15
0.00387319531,-5.32726904e-16,9.0,4.51681763,-0.00178769791,0.656530604,1.70173647,8.99999918,5.00798997,0.39155005,2.50331052e-15
0.00387419531,7.79511199e-15,9.0,4.48343942,-0.00177668214,0.656552636,1.69962065,8.99999918,4.97716864,0.388965914,2.48773199e-15
0.00387519531,2.93149646e-15,9.0,4.44988539,-0.00176559624,0.656574808,1.69748648,8.99999918,4.94615249,0.386366543,2.47205623e-15
0.00387619531,-3.34187065e-16,9.0,4.41615643,-0.00175444063,0.656597119,1.69533401,8.99999918,4.9149423,0.383752003,2.45628389e-15
0.00387719531,7.94918997e-15,9.0,4.38225344,-0.00174321576,0.656619568,1.69316329,8.99999918,4.88353886,0.381122363,2.44041564e-15
0.00387819531,2.76694942e-15,9.0,4.34817733,-0.00173192207,0.656642156,1.69097438,8.99999918,4.85194298,0.37847769,2.42445213e-15
0.00387919531,-1.28189434e-16,9.0,4.31392899,-0.00172056001,0.65666488,1.68876732,8.99999918,4.82015546,0.375818054,2.40839404e-15
0.00388019531,8.09173117e-15,9.0,4.27950934,-0.00170913002,0.65668774,1.68654217,8.99999918,4.78817713,0.373143523,2.39224202e-15
0.00388119531,2.60281524e-15,9.0,4.2449193,-0.00169763256,0.656710735,1.68429897,8.99999918,4.75600881,0.370454169,2.37599676e-15
0.00388219531,8.49145906e-17,9.0,4.21015981,-0.00168606808,0.656733864,1.68203779,8.99999918,4.72365133,0.36775006,2.35965894e-15
0.00388319531,8.22252919e-15,9.0,4.17523179,-0.00167443704,0.656757126,1.67975866,8.99999918,4.69110552,0.36503127,2.34322923e-15
0.00388419531,2.43959147e-15,9.0,4.1401362,-0.00166273989,0.65678052,1.67746166,8.99999918,4.65837225,0.362297869,2.32670832e-15
0.00388519531,3.04754804e-16,9.0,4.10487397,-0.0016509771,0.656804046,1.67514683,8.99999918,4.62545235,0.359549929,2.3100969e-15
0.00388619531,8.34140215e-15,9.0,4.06944607,-0.00163914913,0.656827702,1.67281423,8.99999918,4.5923467,0.356787525,2.29339565e-15
0.00388719531,2.27777103e-15,9.0,4.03385346,-0.00162725645,0.656851487,1.67046391,8.99999918,4.55905617,0.354010729,2.27660528e-15
0.00388819531,5.30942999e-16,9.0,3.99809711,-0.00161529953,0.656875401,1.66809594,8.99999918,4.52558162,0.351219616,2.25972649e-15
0.00388919531,8.448193e-15,9.0,3.962178,-0.00160327885,0.656899442,1.66571036,8.99999918,4.49192395,0.34841426,2.24275996e-15
0.00389019531,2.11784108e-15,9.0,3.92609711,-0.00159119486,0.65692361,1.66330724,8.99999918,4.45808405,0.345594737,2.22570642e-15
0.00389119531,7.63073819e-16,9.0,3.88985544,-0.00157904806,0.656947904,1.66088664,8.99999918,4.42406282,0.342761123,2.20856656e-15
0.00389219531,8.5427699e-15,9.0,3.85345398,-0.00156683892,0.656972322,1.65844862,8.99999918,4.38986116,0.339913495,2.1913411e-15
0.00389319531,1.96028185e-15,9.0,3.81689374,-0.00155456793,0.656996864,1.65599323,8.99999918,4.35548,0.33705193,2.17403076e-15
0.00389419531,1.00072565e-15,9.0,3.78017574,-0.00154223556,0.657021529,1.65352055,8.99999918,4.32092026,0.334176505,2.15663625e-15
0.00389519531,8.62502648e-15,9.0,3.743301,-0.00152984231,0.657046315,1.65103062,8.99999918,4.28618287,0.3312873,2.1391583e-15
0.00389619531,1.80556549e-15,9.0,3.70627054,-0.00151738866,0.657071223,1.64852351,8.99999917,4.25126877,0.328384393,2.12159762e-15
0.00389719531,1.24346154e-15,9.0,3.6690854,-0.00150487511,0.65709625,1.6459993,8.99999917,4.2161789,0.325467864,2.10395495e-15
0.00389819531,8.694882e-15,9.0,3.63174663,-0.00149230215,0.657121396,1.64345803,8.99999917,4.18091422,0.322537793,2.08623102e-15
0.00389919531,1.65415496e-15,9.0,3.59425527,-0.00147967027,0.657146659,1.64089978,8.99999917,4.14547571,0.319594262,2.06842656e-15
0.00390019531,1.49083019e-15,9.0,3.55661238,-0.00146697998,0.65717204,1.63832461,8.99999917,4.10986431,0.316637353,2.0505423e-15
0.00390119531,8.75228153e-15,9.0,3.51881903,-0.00145423178,0.657197536,1.63573258,8.99999917,4.07408103,0.313667146,2.032579e-15
0.00390219531,1.50650288e-15,9.0,3.48087629,-0.00144142617,0.657223148,1.63312377,8.99999917,4.03812684,0.310683726,2.01453739e-15
0.00390319531,1.74236693e-15,9.0,3.44278524,-0.00142856365,0.657248873,1.63049825,8.99999917,4.00200274,0.307687176,1.99641821e-15
0.00390419531,8.79719605e-15,9.0,3.40454697,-0.00141564473,0.657274711,1.62785607,8.99999917,3.96570973,0.304677579,1.97822222e-15
0.00390519531,1.36305054e-15,9.0,3.36616257,-0.00140266993,0.65730066,1.62519731,8.99999917,3.92924883,0.301655022,1.95995016e-15
0.00390619531,1.99759474e-15,9.0,3.32763314,-0.00138963975,0.657326721,1.62252204,8.99999917,3.89262105,0.298619588,1.94160279e-15
0.00390719531,8.82962244e-15,9.0,3.2889598,-0.00137655471,0.657352891,1.61983033,8.99999917,3.85582743,0.295571365,1.92318088e-15
0.00390819531,1.22422677e-15,9.0,3.25014367,-0.00136341533,0.657379169,1.61712226,8.99999917,3.81886899,0.292510439,1.90468517e-15
0.00390919531,2.25602534e-15,9.0,3.21118586,-0.00135022212,0.657405556,1.61439788,8.99999917,3.78174679,0.289436898,1.88611642e-15
0.00391019531,8.8495835e-15,9.0,3.17208752,-0.0013369756,0.657432049,1.61165729,8.99999917,3.74446188,0.286350829,1.86747542e-15
0.00391119531,1.09044695e-15,9.0,3.13284978,-0.00132367631,0.657458647,1.60890054,8.99999917,3.70701531,0.283252321,1.84876291e-15
0.00391219531,2.51716028e-15,9.0,3.09347379,-0.00131032476,0.65748535,1.60612772,8.99999917,3.66940816,0.280141464,1.82997968e-15
0.00391319531,8.85712782e-15,9.0,3.0539607,-0.00129692148,0.657512157,1.6033389,8.99999917,3.63164151,0.277018347,1.8111265e-15
0.00391419531,9.62112035e-16,9.0,3.01431168,-0.001283467,0.657539066,1.60053415,8.99999917,3.59371643,0.273883062,1.79220413e-15
0.00391519531,2.78049202e-15,9.0,2.97452791,-0.00126996185,0.657566076,1.59771356,8.99999917,3.55563403,0.270735699,1.77321336e-15
0.00391619531,8.85232968e-15,9.0,2.93461055,-0.00125640656,0.657593187,1.5948772,8.99999917,3.51739541,0.26757635,1.75415498e-15
0.00391719531,8.39607586e-16,9.0,2.8945608,-0.00124280168,0.657620397,1.59202515,8.99999917,3.47900167,0.264405109,1.73502975e-15
0.00391819531,3.04550508e-15,9.0,2.85437985,-0.00122914773,0.657647705,1.58915748,8.99999917,3.44045394,0.261222067,1.71583847e-15
0.00391919531,8.83528879e-15,9.0,2.8140689,-0.00121544525,0.657675109,1.58627429,8.99999917,3.40175335,0.25802732,1.69658193e-15
0.00392019531,7.23302848e-16,9.0,2.77362916,-0.00120169479,0.65770261,1.58337564,8.99999917,3.36290102,0.254820963,1.67726091e-15
0.00392119531,3.31167721e-15,9.0,2.73306186,-0.00118789689,0.657730206,1.58046162,8.99999917,3.32389811,0.251603089,1.6578762e-15
0.00392219531,8.8061301e-15,9.0,2.6923682,-0.0011740521,0.657757896,1.57753231,8.99999917,3.28474578,0.248373795,1.63842861e-15
0.00392319531,6.13549883e-16,9.0,2.65154943,-0.00116016095,0.657785678,1.5745878,8.99999917,3.24544517,0.245133178,1.61891892e-15
0.00392419531,3.57848053e-15,9.0,2.61060679,-0.00114622401,0.657813552,1.57162816,8.99999917,3.20599746,0.241881335,1.59934794e-15
0.00392519531,8.76500342e-15,9.0,2.56954153,-0.00113224181,0.657841516,1.56865349,8.99999917,3.16640383,0.238618364,1.57971646e-15
0.00392619531,5.10682725e-16,9.0,2.5283549,-0.00111821492,0.65786957,1.56566387,8.99999917,3.12666546,0.235344364,1.5600253e-15
0.00392719531,3.84538275e-15,9.0,2.48704817,-0.00110414387,0.657897712,1.56265938,8.99999917,3.08678356,0.232059433,1.54027524e-15
0.00392819531,8.71208308e-15,9.0,2.4456226,-0.00109002924,0.657925942,1.55964011,8.99999917,3.04675932,0.228763672,1.52046711e-15
0.00392919531,4.15016587e-16,9.0,2.40407949,-0.00107587158,0.657954257,1.55660616,8.99999917,3.00659396,0.225457182,1.50060171e-15
0.00393019531,4.11184833e-15,9.0,2.36242011,-0.00106167144,0.657982657,1.5535576,8.99999917,2.9662887,0.222140064,1.48067984e-15
0.00393119531,8.64756751e-15,9.0,2.32064576,-0.00104742939,0.658011141,1.55049452,8.99999917,2.92584477,0.218812419,1.46070233e-15
0.00393219531,3.26847108e-16,9.0,2.27875775,-0.00103314599,0.658039708,1.54741703,8.99999916,2.88526341,0.21547435,1.44066999e-15
0.00393319531,4.37733969e-15,9.0,2.23675739,-0.00101882181,0.658068356,1.5443252,8.99999916,2.84454586,0.212125961,1.42058363e-15
0.00393419531,8.57167873e-15,9.0,2.19464599,-0.0010044574,0.658097085,1.54121913,8.99999916,2.80369339,0.208767356,1.40044408e-15
0.00393519531,2.46449651e-16,9.0,2.15242488,-0.000990053333,0.658125893,1.53809891,8.99999916,2.76270725,0.20539864,1.38025215e-15
0.00393619531,4.64131846e-15,9.0,2.11009541,-0.000975610185,0.65815478,1.53496464,8.99999916,2.72158871,0.202019917,1.36000866e-15
0.00393719531,8.48466182e-15,9.0,2.0676589,-0.000961128521,0.658183743,1.53181641,8.99999916,2.68033907,0.198631294,1.33971444e-15
0.00393819531,1.74078639e-16,9.0,2.02511672,-0.000946608913,0.658212782,1.52865431,8.99999916,2.6389596,0.195232878,1.31937031e-15
0.00393919531,4.90324663e-15,9.0,1.98247021,-0.000932051935,0.658241896,1.52547844,8.99999916,2.59745162,0.191824775,1.2989771e-15
0.00394019531,8.38678437e-15,9.0,1.93972075,-0.00091745816,0.658271084,1.5222889,8.99999916,2.55581642,0.188407095,1.27853564e-15
0.00394119531,1.09966956e-16,9.0,1.89686972,-0.000902828167,0.658300344,1.51908578,8.99999916,2.51405532,0.184979945,1.25804676e-15
0.00394219531,5.16258783e-15,9.0,1.85391848,-0.000888162531,0.658329675,1.51586919,8.99999916,2.47216965,0.181543435,1.23751129e-15
0.00394319531,8.27833579e-15,9.0,1.81086844,-0.000873461832,0.658359076,1.51263921,8.99999916,2.43016075,0.178097676,1.21693006e-15
0.00394419531,5.43253809e-17,9.0,1.76772099,-0.00085872665,0.658388547,1.50939596,8.99999916,2.38802994,0.174642778,1.19630391e-15
0.00394519531,5.41880848e-15,9.0,1.72447754,-0.000843957567,0.658418085,1.50613953,8.99999916,2.34577859,0.171178853,1.17563367e-15
0.00394619531,8.15962666e-15,9.0,1.6811395,-0.000829155166,0.65844769,1.50287002,8.99999916,2.30340805,0.167706012,1.15492018e-15
0.00394719531,7.34208825e-18,9.0,1.63770829,-0.000814320032,0.65847736,1.49958753,8.99999916,2.2609197,0.164224369,1.13416427e-15
0.00394819531,5.67137902e-15,9.0,1.59418534,-0.000799452749,0.658507095,1.49629218,8.99999916,2.2183149,0.160734037,1.1133668e-15
0.00394919531,8.03098798e-15,9.0,1.55057209,-0.000784553906,0.658536892,1.49298405,8.99999916,2.17559504,0.15723513,1.09252859e-15
0.00395019531,-3.08178074e-17,9.0,1.50686998,-0.000769624089,0.658566752,1.48966326,8.99999916,2.13276153,0.153727763,1.0716505e-15
0.00395119531,5.91977514e-15,9.0,1.46308047,-0.00075466389,0.658596672,1.48632991,8.99999916,2.08981575,0.150212052,1.05073335e-15
0.00395219531,7.89277039e-15,9.0,1.41920502,-0.000739673897,0.658626652,1.48298412,8.99999916,2.04675913,0.146688113,1.02977801e-15
0.00395319531,-6.00126485e-17,9.0,1.37524509,-0.000724654703,0.658656691,1.47962597,8.99999916,2.00359308,0.143156063,1.00878531e-15
0.00395419531,6.1634789e-15,9.0,1.33120216,-0.000709606902,0.658686786,1.47625559,8.99999916,1.96031904,0.139616019,9.87756105e-16
0.00395519531,7.74534335e-15,9.0,1.28707773,-0.000694531086,0.658716938,1.47287308,8.99999916,1.91693843,0.1360681,9.66691237e-16
0.00395619531,-8.01245778e-17,9.0,1.24287327,-0.000679427851,0.658747144,1.46947856,8.99999916,1.8734527,0.132512425,9.45591557e-16
0.00395719531,6.40197997e-15,9.0,1.19859028,-0.000664297793,0.658777404,1.46607212,8.99999916,1.82986332,0.128949112,9.24457915e-16
0.00395819531,7.58909429e-15,9.0,1.15423029,-0.000649141511,0.658807717,1.46265389,8.99999916,1.78617174,0.125378283,9.03291161e-16
0.00395919531,-9.10598256e-17,9.0,1.10979479,-0.000633959601,0.658838081,1.45922397,8.99999916,1.74237943,0.121800059,8.82092147e-16
0.00396019531,6.63477674e-15,9.0,1.06528532,-0.000618752664,0.658868495,1.45578248,8.99999916,1.69848788,0.11821456,8.60861726e-16
0.00396119531,7.42442766e-15,9.0,1.0207034,-0.000603521299,0.658898957,1.45232953,8.99999916,1.65449857,0.11462191,8.39600751e-16
0.00396219531,-9.27489401e-17,9.0,0.976050574,-0.000588266108,0.658929468,1.44886524,8.99999915,1.610413,0.111022231,8.18310076e-16
0.00396319531,6.86137747e-15,9.0,0.931328385,-0.000572987694,0.658960025,1.44538972,8.99999915,1.56623268,0.107415646,7.96990556e-16
0.00396419531,7.25176405e-15,9.0,0.886538389,-0.000557686659,0.658990627,1.44190308,8.99999915,1.52195913,0.103802281,7.75643046e-16
0.00396519531,-8.51469612e-17,9.0,0.841682145,-0.000542363607,0.659021273,1.43840545,8.99999915,1.47759385,0.10018226,7.54268404e-16
0.00396619531,7.08130142e-15,9.0,0.796761222,-0.000527019144,0.659051962,1.43489694,8.99999915,1.4331384,0.0965557081,7.32867485e-16
0.00396719531,7.07153914e-15,9.0,0.751777198,-0.000511653875,0.659082692,1.43137767,8.99999915,1.3885943,0.0929227524,7.11441147e-16
0.00396819531,-6.82335366e-17,9.0,0.706731655,-0.000496268407,0.659113463,1.42784777,8.99999915,1.34396311,0.0892835195,6.8999025e-16
0.00396919531,7.29407993e-15,9.0,0.661626185,-0.000480863347,0.659144273,1.42430734,8.99999915,1.29924637,0.085638137,6.6851565e-16
0.00397019531,6.88359961e-15,9.0,0.616440284,-0.000465439304,0.659175121,1.42075471,8.99999915,1.25442356,0.0819849369,6.47018208e-16
0.00397119531,-4.19974399e-17,9.0,0.571218379,-0.000449996885,0.659206006,1.41719349,8.99999915,1.20953906,0.0783275273,6.25498783e-16
0.00397219531,7.5004478e-15,9.0,0.5259662,-0.000434536702,0.659236927,1.41362413,8.99999915,1.16459858,0.0746663728,6.03958235e-16
0.00397319531,6.68958332e-15,9.0,0.480637253,-0.000419059364,0.659267881,1.41004285,8.99999915,1.1195556,0.0709976941,5.82397425e-16
0.00397419531,-7.05267225e-18,9.0,0.435256124,-0.000403565482,0.659298869,1.40645164,8.99999915,1.07443467,0.0673234872,5.60817213e-16
0.00397519531,7.69758044e-15,9.0,0.389825078,-0.000388055668,0.659329889,1.40285066,8.99999915,1.02923802,0.0636439347,5.39218462e-16
0.00397619531,6.48937703e-15,9.0,0.344345167,-0.000372530534,0.659360939,1.39924001,8.99999915,0.983966679,0.0599591204,5.17602032e-16
0.00397719531,3.77221115e-17,9.0,0.298818597,-0.000356990693,0.659392019,1.39561985,8.99999915,0.938622826,0.0562692225,4.95968785e-16
0.00397819531,7.88624195e-15,9.0,0.253246503,-0.000341436759,0.659423126,1.39199027,8.99999915,0.893207569,0.0525743317,4.74319583e-16
0.00397919531,6.28348432e-15,9.0,0.207631041,-0.000325869346,0.659454261,1.38835142,8.99999915,0.847723039,0.048874622,4.52655289e-16
0.00398019531,9.1644496e-17,9.0,0.161973423,-0.000310289068,0.659485422,1.38470342,8.99999915,0.802170422,0.0451701906,4.30976765e-16
0.00398119531,8.06602237e-15,9.0,0.116275761,-0.00029469654,0.659516607,1.38104642,8.99999915,0.756551808,0.0414612079,4.09284873e-16
0.00398219531,6.07240086e-15,9.0,0.0705393347,-0.000279092378,0.659547815,1.37738051,8.99999915,0.710868454,0.0377477769,3.87580476e-16
0.00398319531,1.54611958e-16,9.0,0.024766219,-0.000263477198,0.659579046,1.37370587,8.99999915,0.665122414,0.034030065,3.65864436e-16
0.00398419531,8.23591502e-15,9.0,-0.0210651475,-0.000247851616,0.659610297,1.37002072,8.99999915,0.619292098,0.0303063191,3.44137617e-16
0.00398519531,5.85726163e-15,9.0,-0.0668853905,-0.00023221625,0.659641567,1.36633071,8.99999915,0.57344687,0.026582175,3.22400881e-16
0.00398619531,2.27077411e-16,9.0,-0.112756339,-0.000216571716,0.659672857,1.36263081,8.99999915,0.527524887,0.0228526087,3.0065509e-16
0.00398719531,8.39616029e-15,9.0,-0.158662453,-0.000200918632,0.659704163,1.35892226,8.99999915,0.481541665,0.0191188816,2.78901107e-16
0.00398819531,5.63736664e-15,9.0,-0.204592048,-0.000185257616,0.659735485,1.35520602,8.99999915,0.435508873,0.0153819422,2.57139794e-16
0.00398919531,3.07678837e-16,9.0,-0.250552734,-0.000169589287,0.659766821,1.35148146,8.99999915,0.389418884,0.0116411713,2.35372015e-16
0.00399019531,8.54701742e-15,9.0,-0.296534,-0.000153914262,0.659798171,1.34774944,8.99999914,0.343282195,0.00789742225,2.1359863e-16
0.00399119531,5.41381331e-15,9.0,-0.342542327,-0.000138233162,0.659829534,1.34400941,8.99999914,0.297092313,0.0041501679,1.91820501e-16
0.00399219531,3.96257571e-16,9.0,-0.388591446,-0.000122546604,0.659860907,1.34026027,8.99999914,0.250835485,0.000398291575,1.70038491e-16
0.00399319531,8.68816884e-15,9.0,-0.434618627,-0.000106855208,0.65989229,1.33650709,8.99999914,0.204574438,-0.00335311022,1.4825346e-16
0.00399419531,5.18770588e-15,9.0,-0.48067933,-9.11595934e-05,0.659923681,1.33274538,8.99999914,0.158253707,-0.00710854369,1.2646627e-16
0.00399519531,4.93233827e-16,9.0,-0.526764523,-7.54603802e-05,0.659955079,1.32897586,8.99999914,0.111882309,-0.0108672759,1.04677781e-16
0.00399619531,8.81808341e-15,9.0,-0.572856002,-5.9758188e-05,0.659986484,1.32520001,8.99999914,0.0654784369,-0.0146278282,8.28888532e-17
0.00399719531,4.95774086e-15,9.0,-0.618990725,-4.40536366e-05,0.660017893,1.32141483,8.99999914,0.0190051211,-0.0183932041,6.11003468e-17
0.00399819531,5.99637329e-16,9.0,-0.665083859,-2.83473461e-05,0.660049305,1.31762719,8.99999914,-0.0274528064,-0.0221565109,3.9313121e-17
0.00399919531,8.93762834e-15,9.0,-0.71121151,-1.26399364e-05,0.66008072,1.31383092,8.99999914,-0.0739714508,-0.0259239322,1.75280346e-17
0.00400019531,4.72569711e-15,9.0,-0.757345504,3.06797223e-06,0.660112136,1.3100283,8.99999914,-0.120522648,-0.0296931794,-4.25405384e-18
0.00400119531,7.13396503e-16,9.0,-0.803485394,1.87757598e-05,0.660143552,1.30621937,8.99999914,-0.167105956,-0.0334642164,-2.60322866e-17
0.00400219531,9.04531637e-15,9.0,-0.849628083,3.4482806e-05,0.660174966,1.30240437,8.99999914,-0.213718279,-0.0372367915,-4.78058065e-17
0.00400319531,4.49272234e-15,9.0,-0.895772944,5.0188491e-05,0.660206377,1.29858336,8.99999914,-0.260358993,-0.0410108542,-6.95737569e-17
0.00400419531,8.34828928e-16,9.0,-0.941917024,6.58921946e-05,0.660237784,1.29475657,8.99999914,-0.307025144,-0.0447861642,-9.13352819e-17
0.00400519531,9.14152926e-15,9.0,-0.98805954,8.15932969e-05,0.660269187,1.29092407,8.99999914,-0.353715949,-0.0485626581,-1.13089526e-16
0.00400619531,4.25873274e-15,9.0,-1.03419766,9.72911781e-05,0.660300582,1.28708608,8.99999914,-0.400428575,-0.0523401057,-1.34835635e-16
0.00400719531,9.63650432e-16,9.0,-1.08033047,0.000112985218,0.66033197,1.28324268,8.99999914,-0.447162098,-0.056118432,-1.56572755e-16
0.00400819531,9.22603968e-15,9.0,-1.12645523,0.000128674798,0.66036335,1.27939409,8.99999914,-0.493913793,-0.0598974157,-1.78300033e-16
0.00400919531,4.02425872e-15,9.0,-1.17257092,0.000144359298,0.660394719,1.27554039,8.99999914,-0.540682608,-0.0636769715,-2.00016616e-16
0.00401019531,1.09955655e-15,9.0,-1.21867489,0.000160038099,0.660426076,1.27168179,8.99999914,-0.587465911,-0.0674568858,-2.21721654e-16
0.00401119531,9.29864389e-15,9.0,-1.26476599,0.000175710582,0.660457421,1.2678184,8.99999914,-0.634262538,-0.0712370641,-2.43414296e-16
0.00401219531,3.78982847e-15,9.0,-1.31084168,0.000191376128,0.660488752,1.26395041,8.99999914,-0.681069936,-0.0750172994,-2.65093692e-16
0.00401319531,1.24222324e-15,9.0,-1.35690071,0.000207034119,0.660520068,1.26007793,8.99999914,-0.727886842,-0.0787974892,-2.86758994e-16
0.00401419531,9.35916223e-15,9.0,-1.40294059,0.000222683936,0.660551368,1.25620116,8.99999914,-0.774710773,-0.0825774321,-3.08409355e-16
0.00401519531,3.55596679e-15,9.0,-1.44896,0.000238324963,0.66058265,1.25232022,8.99999914,-0.821540374,-0.0863570186,-3.30043926e-16
0.00401619531,1.39130762e-15,9.0,-1.4949565,0.00025395658,0.660613913,1.24843529,8.99999913,-0.868373223,-0.0901360519,-3.51661864e-16
0.00401719531,9.40743948e-15,9.0,-1.5409287,0.000269578172,0.660645156,1.24454649,8.99999913,-0.915207886,-0.0939144162,-3.73262323e-16
0.00401819531,3.3231939e-15,9.0,-1.58687422,0.000285189122,0.660676378,1.24065403,8.99999913,-0.962041991,-0.097691919,-3.9484446e-16
0.00401919531,1.54644878e-15,9.0,-1.63279159,0.000300788812,0.660707578,1.23675801,8.99999913,-1.00887403,-0.101468439,-4.16407433e-16
0.00402019531,9.44334532e-15,9.0,-1.67867848,0.000316376628,0.660738753,1.23285864,8.99999913,-1.05570168,-0.105243787,-4.379504e-16
0.00402119531,3.09202421e-15,9.0,-1.72453335,0.000331951954,0.660769904,1.22895603,8.99999913,-1.10252337,-0.109017836,-4.59472523e-16
0.00402219531,1.70726861e-15,9.0,-1.77035392,0.000347514175,0.660801028,1.22505038,8.99999913,-1.14933681,-0.112790401,-4.80972961e-16
0.00402319531,9.46677454e-15,9.0,-1.8161386,0.000363062677,0.660832125,1.22114182,8.99999913,-1.19614038,-0.11656135,-5.02450878e-16
0.00402419531,2.86296518e-15,9.0,-1.86188513,0.000378596846,0.660863194,1.21723053,8.99999913,-1.2429318,-0.1203305,-5.23905438e-16
0.00402519531,1.87337267e-15,9.0,-1.90759187,0.000394116068,0.660894232,1.21331666,8.99999913,-1.28970942,-0.124097717,-5.45335805e-16
0.00402619531,9.47764734e-15,9.0,-1.95325661,0.000409619732,0.660925239,1.20940038,8.99999913,-1.33647099,-0.127862818,-5.66741147e-16
0.00402719531,2.63651618e-15,9.0,-1.99887764,0.000425107224,0.660956214,1.20548184,8.99999913,-1.38321479,-0.131625666,-5.88120631e-16
0.00402819531,2.04435114e-15,9.0,-2.04445279,0.000440577934,0.660987156,1.20156122,8.99999913,-1.42993861,-0.13538608,-6.09473427e-16
0.00402919531,9.47590955e-15,9.0,-2.08998032,0.00045603125,0.661018063,1.19763866,8.99999913,-1.47664069,-0.139143919,-6.30798705e-16
0.00403019531,2.4131673e-15,9.0,-2.13545805,0.000471466564,0.661048933,1.19371435,8.99999913,-1.52331884,-0.142899006,-6.52095637e-16
0.00403119531,2.21977974e-15,9.0,-2.18088423,0.000486883264,0.661079767,1.18978843,8.99999913,-1.56997125,-0.146651195,-6.73363398e-16
0.00403219531,9.46153272e-15,9.0,-2.22625671,0.000502280743,0.661110561,1.18586109,8.99999913,-1.61659575,-0.15040031,-6.94601163e-16
0.00403319531,2.19339828e-15,9.0,-2.27157368,0.000517658393,0.661141317,1.18193246,8.99999913,-1.66319051,-0.154146203,-7.15808108e-16
0.00403419531,2.39922072e-15,9.0,-2.31683301,0.000533015607,0.661172031,1.17800275,8.99999913,-1.70975337,-0.1578887,-7.36983412e-16
0.00403519531,9.4345142e-15,9.0,-2.36203287,0.000548351778,0.661202704,1.17407209,8.99999913,-1.75628245,-0.16162765,-7.58126256e-16
0.00403619531,1.97767742e-15,9.0,-2.40717114,0.000563666302,0.661233333,1.17014066,8.99999913,-1.80277561,-0.165362879,-7.7923582e-16
0.00403719531,2.5822239e-15,9.0,-2.45224597,0.000578958572,0.661263917,1.16620863,8.99999913,-1.84923096,-0.169094235,-8.00311289e-16
0.00403819531,9.39487721e-15,9.0,-2.49725526,0.000594227986,0.661294456,1.16227617,8.99999913,-1.89564635,-0.172821544,-8.21351847e-16
0.00403919531,1.76646051e-15,9.0,-2.54219711,0.000609473942,0.661324948,1.15834345,8.99999913,-1.94201987,-0.176544653,-8.42356681e-16
0.00404019531,2.76832773e-15,9.0,-2.58706944,0.000624695836,0.661355392,1.15441063,8.99999913,-1.98834938,-0.180263389,-8.6332498e-16
0.00404119531,9.34267075e-15,9.0,-2.63187035,0.000639893068,0.661385786,1.15047787,8.99999913,-2.03463294,-0.183977596,-8.84255935e-16
0.00404219531,1.56018978e-15,9.0,-2.67659775,0.000655065039,0.66141613,1.14654537,8.99999912,-2.08086843,-0.187687101,-9.05148737e-16
0.00404319531,2.95706033e-15,9.0,-2.72124972,0.000670211148,0.661446422,1.14261328,8.99999912,-2.12705387,-0.191391747,-9.26002581e-16
0.00404419531,9.27796954e-15,9.0,-2.76582417,0.000685330799,0.661476662,1.13868177,8.99999912,-2.17318716,-0.195091363,-9.46816662e-16
0.00404519531,1.35929293e-15,9.0,-2.81031919,0.000700423394,0.661506847,1.13475102,8.99999912,-2.21926631,-0.19878579,-9.67590179e-16
0.00404619531,3.14794061e-15,9.0,-2.85473269,0.000715488338,0.661536977,1.13082119,8.99999912,-2.2652892,-0.202474856,-9.88322332e-16
0.00404719531,9.20087383e-15,9.0,-2.89906272,0.000730525035,0.66156705,1.12689247,8.99999912,-2.31125383,-0.206158402,-1.00901232e-15
0.00404819531,1.16418216e-15,9.0,-2.94330722,0.000745532893,0.661597066,1.12296502,8.99999912,-2.35715809,-0.209836255,-1.02965935e-15
0.00404919531,3.3404794e-15,9.0,-2.98746423,0.000760511318,0.661627023,1.11903901,8.99999912,-2.40299998,-0.213508256,-1.05026263e-15
0.00405019531,9.11150923e-15,9.0,-3.03153167,0.000775459719,0.661656919,1.11511463,8.99999912,-2.44877736,-0.217174233,-1.07082136e-15
0.00405119531,9.75253236e-16,9.0,-3.07550758,0.000790377507,0.661686755,1.11119203,8.99999912,-2.49448823,-0.220834023,-1.09133476e-15
0.00405219531,3.53418059e-15,9.0,-3.1193899,0.000805264092,0.661716528,1.1072714,8.99999912,-2.54013046,-0.224487457,-1.11180204e-15
0.00405319531,9.01002642e-15,9.0,-3.16317664,0.000820118886,0.661746238,1.10335292,8.99999912,-2.58570202,-0.228134371,-1.1322224e-15
0.00405419531,7.92884604e-16,9.0,-3.20686575,0.000834941303,0.661775883,1.09943675,8.99999912,-2.63120081,-0.231774595,-1.15259508e-15
0.00405519531,3.7285423e-15,9.0,-3.25045525,0.000849730759,0.661805462,1.09552307,8.99999912,-2.67662476,-0.235407965,-1.17291928e-15
0.00405619531,8.89660082e-15,9.0,-3.29394306,0.000864486668,0.661834973,1.09161206,8.99999912,-2.72197178,-0.23903431,-1.19319422e-15
0.00405719531,6.17436536e-16,9.0,-3.33732721,0.000879208449,0.661864417,1.08770389,8.99999912,-2.76723981,-0.242653466,-1.21341914e-15
0.00405819531,3.92305804e-15,9.0,-3.38060562,0.000893895521,0.661893791,1.08379874,8.99999912,-2.81242673,-0.246265262,-1.23359325e-15
0.00405919531,8.77143223e-15,9.0,-3.42377632,0.000908547303,0.661923095,1.07989679,8.99999912,-2.85753049,-0.249869535,-1.25371578e-15
0.00406019531,4.49250336e-16,9.0,-3.46683724,0.000923163217,0.661952326,1.07599821,8.99999912,-2.90254897,-0.253466112,-1.27378597e-15
0.00406119531,4.11721789e-15,9.0,-3.50978638,0.000937742686,0.661981485,1.07210318,8.99999912,-2.94748011,-0.25705483,-1.29380304e-15
0.00406219531,8.63474437e-15,9.0,-3.55262169,0.000952285135,0.66201057,1.06821188,8.99999912,-2.99232179,-0.260635517,-1.31376624e-15
0.00406319531,2.88647571e-16,9.0,-3.59534117,0.000966789989,0.66203958,1.06432448,8.99999912,-3.03707194,-0.264208008,-1.33367478e-15
0.00406419531,4.31050974e-15,9.0,-3.63794276,0.000981256676,0.662068513,1.06044117,8.99999912,-3.08172844,-0.267772133,-1.35352793e-15
0.00406519531,8.48678442e-15,9.0,-3.68042447,0.000995684624,0.662097369,1.05656211,8.99999912,-3.12628922,-0.271327726,-1.37332491e-15
0.00406619531,1.35929362e-16,9.0,-3.72278423,0.00101007327,0.662126147,1.0526875,8.99999912,-3.17075217,-0.274874616,-1.39306498e-15
0.00406719531,4.50242043e-15,9.0,-3.76502005,0.00102442203,0.662154844,1.04881751,8.99999911,-3.21511521,-0.278412637,-1.41274737e-15
0.00406819531,8.32782242e-15,9.0,-3.80712988,0.00103873035,0.662183461,1.04495231,8.99999911,-3.25937622,-0.28194162,-1.43237135e-15
0.00406919531,-8.62428568e-18,9.0,-3.84911171,0.00105299767,0.662211995,1.04109209,8.99999911,-3.30353312,-0.285461397,-1.45193616e-15
0.00407019531,4.69243702e-15,9.0,-3.8909635,0.00106722341,0.662240447,1.03723703,8.99999911,-3.34758379,-0.288971799,-1.47144105e-15
0.00407119531,8.15815077e-15,9.0,-3.93268324,0.00108140702,0.662268814,1.03338731,8.99999911,-3.39152616,-0.292472659,-1.49088528e-15
0.00407219531,-1.44755096e-16,9.0,-3.9742689,0.00109554794,0.662297096,1.02954309,8.99999911,-3.43535811,-0.295963809,-1.51026812e-15
0.00407319531,4.88004794e-15,9.0,-4.01571846,0.00110964561,0.662325291,1.02570458,8.99999911,-3.47907756,-0.29944508,-1.52958882e-15
0.00407419531,7.97808349e-15,9.0,-4.0570299,0.00112369948,0.662353399,1.02187194,8.99999911,-3.52268238,-0.302916303,-1.54884665e-15
0.00407519531,-2.72227088e-16,9.0,-4.09820119,0.00113770898,0.662381418,1.01804535,8.99999911,-3.56617051,-0.306377313,-1.56804088e-15
0.00407619531,5.06474422e-15,9.0,-4.13923033,0.00115167356,0.662409347,1.014225,8.99999911,-3.60953982,-0.309827939,-1.58717078e-15
0.00407719531,7.78795558e-15,9.0,-4.18011529,0.00116559268,0.662437185,1.01041107,8.99999911,-3.65278824,-0.313268015,-1.60623562e-15
0.00407819531,-3.90827094e-16,9.0,-4.22085407,0.00117946579,0.662464932,1.00660373,8.99999911,-3.69591365,-0.316697372,-1.62523468e-15
0.00407919531,5.2460207e-15,9.0,-4.26144464,0.00119329233,0.662492585,1.00280317,8.99999911,-3.73891397,-0.320115844,-1.64416724e-15
0.00408019531,7.58812228e-15,9.0,-4.30188501,0.00120707176,0.662520144,0.999009572,8.99999911,-3.7817871,-0.323523262,-1.66303257e-15
0.00408119531,-5.0036521e-16,9.0,-4.34217316,0.00122080354,0.662547607,0.995223109,8.99999911,-3.82453095,-0.326919459,-1.68182997e-15
0.00408219531,5.4233772e-15,9.0,-4.38230708,0.00123448713,0.662574974,0.991443966,8.99999911,-3.86714342,-0.330304267,-1.70055873e-15
0.00408319531,7.37895827e-15,9.0,-4.42228478,0.00124812197,0.662602244,0.987672324,8.99999911,-3.90962243,-0.333677521,-1.71921812e-15
0.00408419531,-6.00675212e-16,9.0,-4.46210426,0.00126170755,0.662629415,0.983908363,8.99999911,-3.95196588,-0.337039052,-1.73780744e-15
0.00408519531,5.5963197e-15,9.0,-4.50176352,0.00127524331,0.662656487,0.980152264,8.99999911,-3.99417168,-0.340388694,-1.756326e-15
0.00408619531,7.16085683e-15,9.0,-4.54126056,0.00128872873,0.662683457,0.976404208,8.99999911,-4.03623777,-0.343726281,-1.77477309e-15
0.00408719531,-6.91614898e-16,9.0,-4.58059339,0.00130216328,0.662710327,0.972664377,8.99999911,-4.07816204,-0.347051645,-1.79314801e-15
0.00408819531,5.76436154e-15,9.0,-4.61976003,0.00131554641,0.662737093,0.968932951,8.99999911,-4.11994241,-0.350364622,-1.81145007e-15
0.00408919531,6.93422899e-15,9.0,-4.6587585,0.00132887761,0.662763755,0.96521011,8.99999911,-4.16157682,-0.353665044,-1.82967858e-15
0.00409019531,-7.73066385e-16,9.0,-4.6975868,0.00134215635,0.662790313,0.961496037,8.99999911,-4.20306318,-0.356952747,-1.84783284e-15
0.00409119531,5.92702452e-15,9.0,-4.73624298,0.00135538211,0.662816764,0.957790912,8.99999911,-4.24439942,-0.360227564,-1.86591217e-15
0.00409219531,6.69950261e-15,9.0,-4.77472505,0.00136855435,0.662843109,0.954094914,8.99999911,-4.28558347,-0.363489331,-1.8839159e-15
0.00409319531,-8.44936349e-16,9.0,-4.81303104,0.00138167257,0.662869345,0.950408226,8.99999911,-4.32661326,-0.366737883,-1.90184333e-15
0.00409419531,6.08384007e-15,9.0,-4.85115899,0.00139473624,0.662895472,0.946731028,8.9999991,-4.36748672,-0.369973055,-1.9196938e-15
0.00409519531,6.45712143e-15,9.0,-4.88910695,0.00140774485,0.66292149,0.9430635,8.9999991,-4.4082018,-0.373194682,-1.93746663e-15
0.00409619531,-9.07156199e-16,9.0,-4.92687295,0.00142069788,0.662947396,0.939405822,8.9999991,-4.44875643,-0.376402601,-1.95516114e-15
0.00409719531,6.23435037e-15,9.0,-4.96445505,0.00143359483,0.66297319,0.935758176,8.9999991,-4.48914856,-0.379596649,-1.97277669e-15
0.00409819531,6.20754409e-15,9.0,-5.0018513,0.00144643518,0.66299887,0.93212074,8.9999991,-4.52937615,-0.382776661,-1.99031259e-15
0.00409919531,-9.59682204e-16,9.0,-5.03905975,0.00145921842,0.663024437,0.928493695,8.9999991,-4.56943714,-0.385942474,-2.00776819e-15
0.00410019531,6.37810938e-15,9.0,-5.07607848,0.00147194407,0.663049888,0.92487722,8.9999991,-4.60932948,-0.389093927,-2.02514284e-15
0.00410119531,5.95124311e-15,9.0,-5.11290555,0.0014846116,0.663075223,0.921271496,8.9999991,-4.64905115,-0.392230856,-2.04243588e-15
0.00410219531,-1.00249555e-15,9.0,-5.14953904,0.00149722052,0.663100441,0.917676701,8.9999991,-4.68860011,-0.3953531,-2.05964665e-15
0.00410319531,6.51468399e-15,9.0,-5.18597703,0.00150977033,0.663125541,0.914093015,8.9999991,-4.72797432,-0.398460498,-2.07677452e-15
0.00410419531,5.68870384e-15,9.0,-5.2222176,0.00152226054,0.663150521,0.910520617,8.9999991,-4.76717176,-0.401552888,-2.09381884e-15
0.00410519531,-1.03560237e-15,9.0,-5.25825885,0.00153469065,0.663175381,0.906959686,8.9999991,-4.80619042,-0.40463011,-2.11077897e-15
0.00410619531,6.64365495e-15,9.0,-5.29409887,0.00154706018,0.66320012,0.903410399,8.9999991,-4.84502827,-0.407692003,-2.12765427e-15
0.00410719531,5.42042337e-15,9.0,-5.32973577,0.00155936863,0.663224737,0.899872936,8.9999991,-4.88368331,-0.410738408,-2.14444411e-15
0.00410819531,-1.05903365e-15,9.0,-5.36516766,0.00157161552,0.663249231,0.896347474,8.9999991,-4.92215352,-0.413769165,-2.16114786e-15
0.00410919531,6.76461798e-15,9.0,-5.40039266,0.00158380037,0.663273601,0.892834191,8.9999991,-4.96043692,-0.416784116,-2.17776489e-15
0.00411019531,5.14690946e-15,9.0,-5.43540889,0.00159592269,0.663297845,0.889333264,8.9999991,-4.9985315,-0.419783103,-2.19429458e-15
0.00411119531,-1.07284516e-15,9.0,-5.47021448,0.001607982,0.663321964,0.885844871,8.9999991,-5.03643528,-0.422765967,-2.21073631e-15
0.00411219531,6.87718465e-15,9.0,-5.50480757,0.00161997784,0.663345956,0.882369188,8.9999991,-5.07414628,-0.42573255,-2.22708946e-15
0.00411319531,4.86867938e-15,9.0,-5.53918631,0.00163190972,0.663369819,0.878906392,8.9999991,-5.11166251,-0.428682698,-2.24335343e-15
0.00411419531,-1.07711725e-15,9.0,-5.57334884,0.00164377718,0.663393554,0.875456658,8.9999991,-5.14898202,-0.431616252,-2.25952759e-15
0.00411519531,6.98098335e-15,9.0,-5.60729333,0.00165557974,0.663417159,0.872020163,8.9999991,-5.18610283,-0.434533058,-2.27561136e-15
0.00411619531,4.58625877e-15,9.0,-5.64101795,0.00166731694,0.663440634,0.868597081,8.9999991,-5.22302298,-0.43743296,-2.29160412e-15
0.00411719531,-1.07195467e-15,9.0,-5.67452086,0.00167898832,0.663463977,0.865187588,8.9999991,-5.25974054,-0.440315804,-2.30750527e-15
0.00411819531,7.07566019e-15,9.0,-5.70780026,0.00169059342,0.663487187,0.861791858,8.9999991,-5.29625355,-0.443181436,-2.32331423e-15
0.00411919531,4.30018047e-15,9.0,-5.74085433,0.00170213177,0.663510264,0.858410065,8.9999991,-5.33256008,-0.446029702,-2.33903041e-15
0.00412019531,-1.05748624e-15,9.0,-5.77368127,0.00171360293,0.663533206,0.855042383,8.9999991,-5.3686582,-0.44886045,-2.3546532e-15
0.00412119531,7.16087984e-15,9.0,-5.8062793,0.00172500644,0.663556013,0.851688985,8.9999991,-5.40454599,-0.451673527,-2.37018204e-15
0.00412219531,4.01098337e-15,9.0,-5.83864662,0.00173634185,0.663578684,0.848350044,8.99999909,-5.44022152,-0.454468783,-2.38561634e-15
0.00412319531,-1.03386454e-15,9.0,-5.87078146,0.00174760871,0.663601217,0.845025732,8.99999909,-5.47568291,-0.457246066,-2.40095553e-15
0.00412419531,7.23632636e-15,9.0,-5.90268206,0.00175880657,0.663623613,0.841716221,8.99999909,-5.51092824,-0.460005226,-2.41619903e-15
0.00412519531,3.71921115e-15,9.0,-5.93434666,0.00176993501,0.66364587,0.838421682,8.99999909,-5.54595563,-0.462746115,-2.43134627e-15
0.00412619531,-1.00126551e-15,9.0,-5.9657735,0.00178099356,0.663667987,0.835142286,8.99999909,-5.58076319,-0.465468582,-2.44639669e-15
0.00412719531,7.30170393e-15,9.0,-5.99696086,0.00179198181,0.663689964,0.831878203,8.99999909,-5.61534906,-0.46817248,-2.46134973e-15
0.00412819531,3.42541114e-15,9.0,-6.027907,0.00180289931,0.663711799,0.828629603,8.99999909,-5.64971135,-0.470857661,-2.47620484e-15
0.00412919531,-9.59888011e-16,9.0,-6.05861021,0.00181374564,0.663733491,0.825396656,8.99999909,-5.68384823,-0.47352398,-2.49096145e-15
0.00413019531,7.35673762e-15,9.0,-6.08906877,0.00182452037,0.663755041,0.822179528,8.99999909,-5.71775783,-0.47617129,-2.50561902e-15
0.00413119531,3.13013307e-15,9.0,-6.11928098,0.00183522306,0.663776446,0.81897839,8.99999909,-5.75143832,-0.478799446,-2.52017701e-15
0.00413219531,-9.09953303e-16,9.0,-6.14924515,0.00184585331,0.663797707,0.815793407,8.99999909,-5.78488787,-0.481408304,-2.53463486e-15
0.00413319531,7.40117406e-15,9.0,-6.1789596,0.00185641068,0.663818821,0.812624747,8.99999909,-5.81810466,-0.48399772,-2.54899205e-15
0.00413419531,2.83392784e-15,9.0,-6.20842268,0.00186689476,0.66383979,0.809472577,8.99999909,-5.85108687,-0.486567552,-2.56324804e-15
0.00413519531,-8.5170451e-16,9.0,-6.2376327,0.00187730515,0.66386061,0.80633706,8.99999909,-5.88383271,-0.489117657,-2.5774023e-15
0.00413619531,7.43478204e-15,9.0,-6.26658804,0.00188764142,0.663881283,0.803218363,8.99999909,-5.91634038,-0.491647895,-2.5914543e-15
0.00413719531,2.53734634e-15,9.0,-6.29528704,0.00189790317,0.663901806,0.80011665,8.99999909,-5.9486081,-0.494158125,-2.60540353e-15
0.00413819531,-7.8540601e-16,9.0,-6.32372809,0.00190808999,0.66392218,0.797032083,8.99999909,-5.9806341,-0.496648208,-2.61924945e-15
0.00413919531,7.45735309e-15,9.0,-6.35190957,0.00191820149,0.663942403,0.793964826,8.99999909,-6.01241661,-0.499118005,-2.63299157e-15
0.00414019531,2.2409382e-15,9.0,-6.37982988,0.00192823725,0.663962475,0.790915042,8.99999909,-6.04395389,-0.501567378,-2.64662937e-15
0.00414119531,-7.11342779e-16,9.0,-6.40748742,0.0019381969,0.663982394,0.787882891,8.99999909,-6.07524419,-0.503996191,-2.66016233e-15
0.00414219531,7.46870204e-15,9.0,-6.43488061,0.00194808003,0.66400216,0.784868533,8.99999909,-6.10628578,-0.506404308,-2.67358997e-15
0.00414319531,1.94525058e-15,9.0,-6.46200789,0.00195788625,0.664021772,0.78187213,8.99999909,-6.13707695,-0.508791594,-2.68691179e-15
0.00414419531,-6.29819695e-16,9.0,-6.4888677,0.00196761518,0.66404123,0.77889384,8.99999909,-6.16761598,-0.511157914,-2.70012728e-15
0.00414519531,7.46866745e-15,9.0,-6.51545848,0.00197726642,0.664060533,0.775933821,8.99999909,-6.19790118,-0.513503136,-2.71323596e-15
0.00414619531,1.65082697e-15,9.0,-6.54177872,0.00198683961,0.664079679,0.772992232,8.99999909,-6.22793086,-0.515827128,-2.72623734e-15
0.00414719531,-5.41160782e-16,9.0,-6.56782689,0.00199633437,0.664098669,0.770069228,8.99999909,-6.25770334,-0.518129757,-2.73913094e-15
0.00414819531,7.45711207e-15,9.0,-6.59360148,0.00200575031,0.664117501,0.767164966,8.99999909,-6.28721697,-0.520410895,-2.75191629e-15
0.00414919531,1.35820596e-15,9.0,-6.61910099,0.00201508707,0.664136174,0.764279601,8.99999909,-6.3164701,-0.522670411,-2.76459291e-15
0.00415019531,-4.45708424e-16,9.0,-6.64432395,0.00202434427,0.664154689,0.761413288,8.99999909,-6.34546107,-0.524908177,-2.77716033e-15
0.00415119531,7.43392317e-15,9.0,-6.66926888,0.00203352156,0.664173043,0.75856618,8.99999909,-6.37418827,-0.527124066,-2.78961808e-15
0.00415219531,1.06792009e-15,9.0,-6.69393433,0.00204261857,0.664191237,0.755738428,8.99999909,-6.40265009,-0.529317952,-2.80196571e-15
0.00415319531,-3.43822525e-16,9.0,-6.71831885,0.00205163493,0.66420927,0.752930186,8.99999909,-6.43084491,-0.531489709,-2.81420276e-15
0.00415419531,7.39901285e-15,9.0,-6.74242101,0.00206057031,0.664227141,0.750141604,8.99999909,-6.45877115,-0.533639214,-2.82632877e-15
0.00415519531,7.80494646e-16,9.0,-6.76623941,0.00206942433,0.664244849,0.747372832,8.99999908,-6.48642723,-0.535766343,-2.8383433e-15
0.00415619531,-2.35879637e-16,9.0,-6.78977262,0.00207819666,0.664262393,0.744624019,8.99999908,-6.51381158,-0.537870974,-2.85024591e-15
0.00415719531,7.35231832e-15,9.0,-6.81301927,0.00208688695,0.664279774,0.741895313,8.99999908,-6.54092266,-0.539952986,-2.86203615e-15
0.00415819531,4.96446521e-16,9.0,-6.83597799,0.00209549485,0.66429699,0.739186861,8.99999908,-6.56775893,-0.542012259,-2.87371358e-15
0.00415919531,-1.22272039e-16,9.0,-6.85864739,0.00210402002,0.66431404,0.736498809,8.99999908,-6.59431886,-0.544048674,-2.88527779e-15
0.00416019531,7.29380207e-15,9.0,-6.88102615,0.00211246212,0.664330924,0.733831302,8.99999908,-6.62060094,-0.546062114,-2.89672833e-15
0.00416119531,2.16283063e-16,9.0,-6.90311293,0.00212082084,0.664347642,0.731184485,8.99999908,-6.64660366,-0.548052462,-2.90806479e-15
0.00416219531,-3.40679214e-18,9.0,-6.92490641,0.00212909582,0.664364192,0.728558501,8.99999908,-6.67232555,-0.550019603,-2.91928675e-15
0.00416319531,7.22345202e-15,9.0,-6.94640528,0.00213728676,0.664380574,0.725953492,8.99999908,-6.69776514,-0.551963422,-2.93039379e-15
0.00416419531,-5.94990334e-17,9.0,-6.96760826,0.00214539331,0.664396787,0.7233696,8.99999908,-6.72292096,-0.553883806,-2.94138551e-15
0.00416519531,1.20295254e-16,9.0,-6.98851407,0.00215341517,0.66441283,0.720806964,8.99999908,-6.74779158,-0.555780644,-2.9522615e-15
0.00416619531,7.14128157e-15,9.0,-7.00912145,0.00216135202,0.664428704,0.718265723,8.99999908,-6.77237556,-0.557653824,-2.96302136e-15
0.00416719531,-3.30414815e-16,9.0,-7.02942916,0.00216920354,0.664444407,0.715746016,8.99999908,-6.7966715,-0.559503236,-2.97366469e-15
0.00416819531,2.48400474e-16,9.0,-7.04943597,0.00217696942,0.664459939,0.71324798,8.99999908,-6.82067798,-0.561328773,-2.9841911e-15
0.00416919531,7.04732966e-15,9.0,-7.06914066,0.00218464936,0.664475299,0.71077175,8.99999908,-6.84439364,-0.563130328,-2.9946002e-15
0.00417019531,-5.95992136e-16,9.0,-7.08854204,0.00219224306,0.664490486,0.708317462,8.99999908,-6.86781708,-0.564907793,-3.00489161e-15
0.00417119531,3.80463519e-16,9.0,-7.10763893,0.0021997502,0.6645055,0.705885249,8.99999908,-6.89094697,-0.566661065,-3.01506495e-15
0.00417219531,6.94166072e-15,9.0,-7.12643014,0.00220717051,0.664520341,0.703475243,8.99999908,-6.91378196,-0.56839004,-3.02511984e-15
0.00417319531,-8.55772691e-16,9.0,-7.14491455,0.00221450368,0.664535007,0.701087576,8.99999908,-6.93632072,-0.570094616,-3.03505592e-15
0.00417419531,5.16028391e-16,9.0,-7.163091,0.00222174943,0.664549499,0.698722379,8.99999908,-6.95856195,-0.571774691,-3.04487282e-15
0.00417519531,6.82436456e-15,9.0,-7.18095838,0.00222890746,0.664563815,0.696379781,8.99999908,-6.98050435,-0.573430167,-3.05457017e-15
0.00417619531,-1.10931301e-15,9.0,-7.19851559,0.0022359775,0.664577955,0.694059909,8.99999908,-7.00214663,-0.575060944,-3.06414763e-15
0.00417719531,6.54629544e-16,9.0,-7.21576154,0.00224295927,0.664591919,0.691762891,8.99999908,-7.02348754,-0.576666925,-3.07360484e-15
0.00417819531,6.69555622e-15,9.0,-7.23269515,0.00224985249,0.664605705,0.689488852,8.99999908,-7.04452584,-0.578248015,-3.08294144e-15
0.00417919531,-1.35618544e-15,9.0,-7.24931539,0.00225665689,0.664619314,0.687237916,8.99999908,-7.06526028,-0.57980412,-3.09215711e-15
0.00418019531,7.95793006e-16,9.0,-7.26562119,0.00226337221,0.664632744,0.685010208,8.99999908,-7.08568965,-0.581335145,-3.10125149e-15
0.00418119531,6.55537579e-15,9.0,-7.28161156,0.00226999816,0.664645996,0.682805848,8.99999908,-7.10581275,-0.582840999,-3.11022426e-15
0.00418219531,-1.59597905e-15,9.0,-7.29728548,0.0022765345,0.664659069,0.680624958,8.99999908,-7.1256284,-0.584321591,-3.11907508e-15
0.00418319531,9.39037526e-16,9.0,-7.31264196,0.00228298097,0.664671962,0.678467657,8.99999908,-7.14513543,-0.585776833,-3.12780363e-15
0.00418419531,6.4039881e-15,9.0,-7.32768004,0.00228933731,0.664684675,0.676334064,8.99999908,-7.1643327,-0.587206636,-3.13640959e-15
0.00418519531,-1.82830054e-15,9.0,-7.34239877,0.00229560327,0.664697207,0.674224295,8.99999908,-7.18321906,-0.588610914,-3.14489265e-15
0.00418619531,1.08387573e-15,9.0,-7.3567972,0.00230177861,0.664709557,0.672138467,8.99999908,-7.2017934,-0.589989582,-3.15325248e-15
0.00418719531,6.24158241e-15,9.0,-7.37087442,0.00230786307,0.664721726,0.670076693,8.99999908,-7.22005462,-0.591342557,-3.16148879e-15
0.00418819531,-2.05277507e-15,9.0,-7.38462954,0.00231385643,0.664733713,0.668039088,8.99999908,-7.23800163,-0.592669755,-3.16960128e-15
0.00418919531,1.22981529e-15,9.0,-7.39806165,0.00231975843,0.664745517,0.666025762,8.99999908,-7.25563338,-0.593971096,-3.17758963e-15
0.00419019531,6.06837204e-15,9.0,-7.41116991,0.00232556886,0.664757138,0.664036827,8.99999908,-7.27294881,-0.5952465,-3.18545357e-15
0.00419119531,-2.26904711e-15,9.0,-7.42395347,0.00233128748,0.664768575,0.662072392,8.99999908,-7.28994688,-0.59649589,-3.19319281e-15
0.00419219531,1.37636013e-15,9.0,-7.43641148,0.00233691406,0.664779828,0.660132564,8.99999908,-7.30662659,-0.597719189,-3.20080705e-15
0.00419319531,5.88459394e-15,9.0,-7.44854315,0.00234244838,0.664790897,0.658217451,8.99999908,-7.32298694,-0.598916321,-3.20829602e-15
0.00419419531,-2.47678115e-15,9.0,-7.46034768,0.00234789023,0.66480178,0.656327157,8.99999908,-7.33902695,-0.600087212,-3.21565944e-15
0.00419519531,1.5230116e-15,9.0,-7.47182429,0.00235323939,0.664812479,0.654461787,8.99999908,-7.35474565,-0.601231792,-3.22289706e-15
0.00419619531,5.69050817e-15,9.0,-7.48297222,0.00235849564,0.664822991,0.652621442,8.99999908,-7.37014211,-0.602349987,-3.23000859e-15
0.00419719531,-2.67566243e-15,9.0,-7.49379074,0.00236365879,0.664833318,0.650806224,8.99999908,-7.38521539,-0.60344173,-3.23699378e-15
0.00419819531,1.6692697e-15,9.0,-7.50427912,0.00236872862,0.664843457,0.649016233,8.99999907,-7.39996459,-0.604506952,-3.24385237e-15
0.00419919531,5.48639738e-15,9.0,-7.51443667,0.00237370494,0.66485341,0.647251566,8.99999907,-7.41438882,-0.605545587,-3.25058412e-15
0.00420019531,-2.86539765e-15,9.0,-7.5242627,0.00237858755,0.664863175,0.645512322,8.99999907,-7.4284872,-0.606557569,-3.25718877e-15
0.00420119531,1.81463424e-15,9.0,-7.53375654,0.00238337626,0.664872753,0.643798595,8.99999907,-7.44225889,-0.607542836,-3.26366608e-15
0.00420219531,5.27256623e-15,9.0,-7.54291755,0.00238807088,0.664882142,0.642110479,8.99999907,-7.45570304,-0.608501325,-3.27001582e-15
0.00420319531,-3.04571552e-15,9.0,-7.55174509,0.00239267122,0.664891342,0.640448068,8.99999907,-7.46881885,-0.609432977,-3.27623776e-15
0.00420419531,1.95860612e-15,9.0,-7.56023857,0.0023971771,0.664900354,0.638811451,8.99999907,-7.4816055,-0.610337731,-3.28233166e-15
0.00420519531,5.04934073e-15,9.0,-7.56839739,0.00240158834,0.664909177,0.63720072,8.99999907,-7.49406223,-0.61121553,-3.2882973e-15
0.00420619531,-3.21636736e-15,9.0,-7.57622098,0.00240590478,0.66491781,0.635615962,8.99999907,-7.50618827,-0.612066319,-3.29413446e-15
0.00420719531,2.10068845e-15,9.0,-7.58370879,0.00241012623,0.664926252,0.634057263,8.99999907,-7.51798288,-0.612890043,-3.29984294e-15
0.00420819531,4.81706752e-15,9.0,-7.59086028,0.00241425253,0.664934505,0.632524711,8.99999907,-7.52944533,-0.61368665,-3.30542252e-15
0.00420919531,-3.37712765e-15,9.0,-7.59767495,0.00241828353,0.664942567,0.631018387,8.99999907,-7.54057492,-0.614456088,-3.310873e-15
0.00421019531,2.24038783e-15,9.0,-7.60415229,0.00242221905,0.664950438,0.629538375,8.99999907,-7.55137096,-0.615198307,-3.31619417e-15
0.00421119531,4.57611318e-15,9.0,-7.61029184,0.00242605895,0.664958118,0.628084756,8.99999907,-7.56183279,-0.61591326,-3.32138585e-15
0.00421219531,-3.5277944e-15,9.0,-7.61609314,0.00242980307,0.664965606,0.626657608,8.99999907,-7.57195977,-0.616600899,-3.32644784e-15
0.00421319531,2.37721547e-15,9.0,-7.62155574,0.00243345127,0.664972903,0.62525701,8.99999907,-7.58175125,-0.61726118,-3.33137996e-15
0.00421419531,4.32686343e-15,9.0,-7.62667924,0.0024370034,0.664980007,0.623883039,8.99999907,-7.59120664,-0.617894058,-3.33618202e-15
0.00421519531,-3.66818967e-15,9.0,-7.63146324,0.00244045932,0.664986919,0.622535768,8.99999907,-7.60032534,-0.618499493,-3.34085386e-15
0.00421619531,2.5106884e-15,9.0,-7.63590736,0.0024438189,0.664993638,0.621215271,8.99999907,-7.60910678,-0.619077444,-3.3453953e-15
0.00421719531,4.06972229e-15,9.0,-7.64001124,0.002447082,0.665000164,0.61992162,8.99999907,-7.61755041,-0.619627872,-3.34980618e-15
0.00421819531,-3.79815982e-15,9.0,-7.64377455,0.00245024849,0.665006497,0.618654885,8.99999907,-7.6256557,-0.62015074,-3.35408633e-15
0.00421919531,2.64033068e-15,9.0,-7.64719696,0.00245331825,0.665012637,0.617415134,8.99999907,-7.63342214,-0.620646012,-3.3582356e-15
0.00422019531,3.80511119e-15,9.0,-7.65027818,0.00245629116,0.665018582,0.616202436,8.99999907,-7.64084923,-0.621113655,-3.36225383e-15
0.00422119531,-3.91757586e-15,9.0,-7.65301793,0.00245916709,0.665024334,0.615016854,8.99999907,-7.6479365,-0.621553636,-3.36614088e-15
0.00422219531,2.76567446e-15,9.0,-7.65541595,0.00246194595,0.665029892,0.613858454,8.99999907,-7.65468351,-0.621965924,-3.36989661e-15
0.00422319531,3.53346813e-15,9.0,-7.657472,0.00246462761,0.665035255,0.612727298,8.99999907,-7.66108981,-0.62235049,-3.37352088e-15
0.00422419531,-4.02633369e-15,9.0,-7.65918586,0.00246721197,0.665040424,0.611623446,8.99999907,-7.66715499,-0.622707308,-3.37701356e-15
0.00422519531,2.88626119e-15,9.0,-7.66055733,0.00246969893,0.665045398,0.610546958,8.99999907,-7.67287867,-0.62303635,-3.38037452e-15
0.00422619531,3.25524664e-15,9.0,-7.66158624,0.00247208839,0.665050177,0.60949789,8.99999907,-7.67826046,-0.623337593,-3.38360363e-15
0.00422719531,-4.12435426e-15,9.0,-7.66227242,0.00247438025,0.665054761,0.6084763,8.99999907,-7.68330001,-0.623611013,-3.38670078e-15
0.00422819531,3.00164271e-15,9.0,-7.66261574,0.00247657443,0.665059149,0.607482242,8.99999907,-7.68799699,-0.623856591,-3.38966586e-15
0.00422919531,2.97091486e-15,9.0,-7.66261607,0.00247867085,0.665063342,0.606515769,8.99999907,-7.69235108,-0.624074306,-3.39249876e-15
0.00423019531,-4.21158369e-15,9.0,-7.66227332,0.0024806694,0.665067339,0.605576931,8.99999907,-7.69636199,-0.624264141,-3.39519937e-15
0.00423119531,3.11138232e-15,9.0,-7.66158742,0.00248257003,0.66507114,0.604665778,8.99999907,-7.70002946,-0.62442608,-3.39776759e-15
0.00423219531,2.68095452e-15,9.0,-7.66055829,0.00248437264,0.665074745,0.603782359,8.99999907,-7.70335321,-0.624560107,-3.40020334e-15
0.00423319531,-4.28799337e-15,9.0,-7.65918591,0.00248607718,0.665078154,0.602926719,8.99999907,-7.70633303,-0.624666211,-3.40250652e-15
0.00423419531,3.21505588e-15,9.0,-7.65747025,0.00248768357,0.665081367,0.602098904,8.99999907,-7.7089687,-0.62474438,-3.40467705e-15
0.00423519531,2.38585985e-15,9.0,-7.65541132,0.00248919176,0.665084384,0.601298956,8.99999907,-7.71126002,-0.624794605,-3.40671484e-15
0.00423619531,-4.35357993e-15,9.0,-7.65300914,0.00249060167,0.665087203,0.600526917,8.99999907,-7.71320682,-0.624816877,-3.40861984e-15
0.00423719531,3.31225279e-15,9.0,-7.65026376,0.00249191326,0.665089827,0.599782827,8.99999907,-7.71480895,-0.62481119,-3.41039195e-15
0.00423819531,2.08613654e-15,9.0,-7.64717522,0.00249312647,0.665092253,0.599066723,8.99999907,-7.71606629,-0.62477754,-3.41203113e-15
0.00423919531,-4.40836519e-15,9.0,-7.64374363,0.00249424126,0.665094483,0.598378644,8.99999907,-7.71697871,-0.624715924,-3.41353731e-15
0.00424019531,3.40257704e-15,9.0,-7.63996908,0.00249525758,0.665096515,0.597718622,8.99999907,-7.71754612,-0.62462634,-3.41491043e-15
0.00424119531,1.78230063e-15,9.0,-7.6358517,0.00249617539,0.665098351,0.597086692,8.99999907,-7.71776846,-0.624508788,-3.41615045e-15
0.00424219531,-4.45239608e-15,9.0,-7.63139163,0.00249699466,0.665099989,0.596482886,8.99999907,-7.71764567,-0.624363272,-3.41725732e-15
0.00424319531,3.48564816e-15,9.0,-7.62658903,0.00249771535,0.665101431,0.595907233,8.99999907,-7.71717772,-0.624189793,-3.418231e-15
0.00424419531,1.47487736e-15,9.0,-7.62144409,0.00249833743,0.665102675,0.595359761,8.99999907,-7.71636461,-0.623988358,-3.41907146e-15
0.00424519531,-4.48574446e-15,9.0,-7.61595701,0.00249886088,0.665103722,0.594840497,8.99999907,-7.71520634,-0.623758974,-3.41977865e-15
0.00424619531,3.56110216e-15,9.0,-7.61012802,0.00249928569,0.665104571,0.594349466,8.99999907,-7.71370295,-0.623501648,-3.42035257e-15
0.00424719531,1.16440006e-15,9.0,-7.60395737,0.00249961182,0.665105224,0.593886692,8.99999907,-7.71185448,-0.623216392,-3.42079318e-15
0.00424819531,-4.50850689e-15,9.0,-7.59744532,0.00249983928,0.665105679,0.593452195,8.99999907,-7.709661,-0.622903216,-3.42110048e-15
0.00424919531,3.62859241e-15,9.0,-7.59059215,0.00249996804,0.665105936,0.593045997,8.99999907,-7.70712262,-0.622562136,-3.42127444e-15
0.00425019531,8.51408966e-16,9.0,-7.58339817,0.00249999812,0.665105996,0.592668115,8.99999907,-7.70423944,-0.622193165,-3.42131507e-15
0.00425119531,-4.52080433e-15,9.0,-7.57586371,0.00249992949,0.665105859,0.592318565,8.99999907,-7.70101159,-0.62179632,-3.42122235e-15
0.00425219531,3.6877905e-15,9.0,-7.56798912,0.00249976217,0.665105524,0.591997364,8.99999907,-7.69743922,-0.621371621,-3.42099631e-15
0.00425319531,5.36450015e-16,9.0,-7.55977475,0.00249949617,0.665104992,0.591704524,8.99999907,-7.69352251,-0.620919087,-3.42063694e-15
0.00425419531,-4.52278186e-15,9.0,-7.551221,0.00249913149,0.665104263,0.591440056,8.99999907,-7.68926166,-0.620438739,-3.42014425e-15
0.00425519531,3.73838709e-15,9.0,-7.54232828,0.00249866815,0.665103336,0.591203972,8.99999907,-7.68465688,-0.619930602,-3.41951827e-15
0.00425619531,2.20073686e-16,9.0,-7.533097,0.00249810617,0.665102212,0.590996278,8.99999907,-7.67970839,-0.619394701,-3.41875901e-15
0.00425719531,-4.51460822e-15,9.0,-7.52352762,0.00249744556,0.665100891,0.590816982,8.99999907,-7.67441646,-0.618831061,-3.41786651e-15
0.00425819531,3.78009262e-15,9.0,-7.5136206,0.00249668636,0.665099373,0.590666089,8.99999907,-7.66878136,-0.618239712,-3.4168408e-15
0.00425919531,-9.71662273e-17,9.0,-7.50337644,0.0024958286,0.665097657,0.590543602,8.99999907,-7.66280339,-0.617620683,-3.41568191e-15
0.00426019531,-4.49647542e-15,9.0,-7.49279563,0.0024948723,0.665095745,0.590449522,8.99999907,-7.65648285,-0.616974006,-3.41438989e-15
0.00426119531,3.81263807e-15,9.0,-7.4818787,0.00249381751,0.665093635,0.59038385,8.99999907,-7.64982009,-0.616299714,-3.41296479e-15
0.00426219531,-4.14713822e-16,9.0,-7.4706262,0.00249266427,0.665091329,0.590346583,8.99999907,-7.64281547,-0.615597842,-3.41140665e-15
0.00426319531,-4.46859819e-15,9.0,-7.4590387,0.00249141262,0.665088825,0.590337719,8.99999907,-7.63546935,-0.614868427,-3.40971554e-15
0.00426419531,3.83577563e-15,9.0,-7.44711677,0.00249006262,0.665086125,0.590357252,8.99999907,-7.62778213,-0.614111505,-3.40789151e-15
0.00426519531,-7.32012309e-16,9.0,-7.43486104,0.00248861431,0.665083229,0.590405175,8.99999907,-7.61975422,-0.613327119,-3.40593463e-15
0.00426619531,-4.43121348e-15,9.0,-7.42227211,0.00248706776,0.665080136,0.590481481,8.99999907,-7.61138608,-0.612515307,-3.40384497e-15
0.00426719531,3.84927936e-15,9.0,-7.40935065,0.00248542302,0.665076846,0.590586159,8.99999907,-7.60267814,-0.611676115,-3.40162262e-15
0.00426819531,-1.04850523e-15,9.0,-7.3960973,0.00248368016,0.66507336,0.590719197,8.99999907,-7.59363089,-0.610809585,-3.39926764e-15
0.00426919531,-4.38457981e-15,9.0,-7.38251276,0.00248183925,0.665069679,0.590880583,8.99999907,-7.58424481,-0.609915764,-3.39678014e-15
0.00427019531,3.8529457e-15,9.0,-7.36859773,0.00247990036,0.665065801,0.5910703,8.99999907,-7.57452044,-0.608994701,-3.39416019e-15
0.00427119531,-1.36363768e-15,9.0,-7.35435293,0.00247786357,0.665061727,0.591288333,8.99999907,-7.56445829,-0.608046444,-3.39140789e-15
0.00427219531,-4.32897664e-15,9.0,-7.3397791,0.00247572896,0.665057458,0.591534662,8.99999907,-7.55405893,-0.607071044,-3.38852335e-15
0.00427319531,3.84659404e-15,9.0,-7.32487701,0.00247349661,0.665052993,0.591809269,8.99999907,-7.54332294,-0.606068553,-3.38550667e-15
0.00427419531,-1.67685753e-15,9.0,-7.30964743,0.00247116661,0.665048333,0.592112131,8.99999907,-7.5322509,-0.605039027,-3.38235795e-15
0.00427519531,-4.26470366e-15,9.0,-7.29409117,0.00246873905,0.665043478,0.592443224,8.99999907,-7.52084342,-0.60398252,-3.37907732e-15
0.00427619531,3.83006721e-15,9.0,-7.27820904,0.00246621403,0.665038428,0.592802526,8.99999907,-7.50910115,-0.60289909,-3.3756649e-15
0.00427719531,-1.98761661e-15,9.0,-7.26200188,0.00246359165,0.665033183,0.593190007,8.99999907,-7.49702474,-0.601788796,-3.3721208e-15
0.00427819531,-4.19208006e-15,9.0,-7.24547055,0.00246087201,0.665027744,0.593605641,8.99999907,-7.48461485,-0.600651697,-3.36844516e-15
0.00427919531,3.80323187e-15,9.0,-7.22861593,0.00245805522,0.66502211,0.594049398,8.99999907,-7.47187218,-0.599487857,-3.36463812e-15
0.00428019531,-2.29537194e-15,9.0,-7.21143891,0.00245514139,0.665016283,0.594521245,8.99999907,-7.45879745,-0.598297338,-3.36069981e-15
0.00428119531,-4.11144372e-15,9.0,-7.1939404,0.00245213064,0.665010261,0.595021151,8.99999907,-7.44539137,-0.597080206,-3.35663037e-15
0.00428219531,3.76597887e-15,9.0,-7.17612133,0.00244902308,0.665004046,0.59554908,8.99999907,-7.43165471,-0.595836527,-3.35242996e-15
0.00428319531,-2.59958693e-15,9.0,-7.15798265,0.00244581884,0.664997638,0.596104996,8.99999907,-7.41758822,-0.594566369,-3.34809872e-15
0.00428419531,-4.02315037e-15,9.0,-7.13952534,0.00244251803,0.664991036,0.596688861,8.99999907,-7.40319271,-0.593269802,-3.34363683e-15
0.00428519531,3.71822359e-15,9.0,-7.12075038,0.00243912081,0.664984242,0.597300636,8.99999907,-7.38846896,-0.591946897,-3.33904443e-15
0.00428619531,-2.89973249e-15,9.0,-7.10165878,0.00243562729,0.664977255,0.597940279,8.99999907,-7.37341781,-0.590597727,-3.3343217e-15
0.00428719531,-3.92757273e-15,9.0,-7.08225155,0.00243203761,0.664970075,0.598607748,8.99999907,-7.35804011,-0.589222366,-3.32946881e-15
0.00428819531,3.65990617e-15,9.0,-7.06252975,0.00242835193,0.664962704,0.599302999,8.99999907,-7.34233671,-0.58782089,-3.32448594e-15
0.00428919531,-3.19528828e-15,9.0,-7.04249443,0.00242457037,0.664955141,0.600025985,8.99999907,-7.3263085,-0.586393376,-3.31937326e-15
0.00429019531,-3.82509961e-15,9.0,-7.02214666,0.0024206931,0.664947386,0.600776659,8.99999907,-7.30995637,-0.584939902,-3.31413098e-15
0.00429119531,3.5909917e-15,9.0,-7.00148756,0.00241672027,0.664939441,0.601554972,8.99999907,-7.29328125,-0.583460549,-3.30875927e-15
0.00429219531,-3.48574375e-15,9.0,-6.98051822,0.00241265202,0.664931304,0.602360873,8.99999907,-7.27628407,-0.581955398,-3.30325834e-15
0.00429319531,-3.71613491e-15,9.0,-6.95923978,0.00240848853,0.664922977,0.60319431,8.99999907,-7.25896579,-0.580424532,-3.29762839e-15
0.00429419531,3.51147039e-15,9.0,-6.93765339,0.00240422996,0.66491446,0.60405523,8.99999907,-7.24132738,-0.578868037,-3.29186962e-15
0.00429519531,-3.77059935e-15,9.0,-6.91576021,0.00239987647,0.664905753,0.604943577,8.99999907,-7.22336983,-0.577285998,-3.28598224e-15
0.00429619531,-3.60109667e-15,9.0,-6.89356143,0.00239542823,0.664896856,0.605859294,8.99999907,-7.20509415,-0.575678502,-3.27996647e-15
0.00429719531,3.42135761e-15,9.0,-6.87105825,0.00239088543,0.664887771,0.606802322,8.99999907,-7.18650138,-0.574045639,-3.27382253e-15
0.00429819531,-4.04936755e-15,9.0,-6.84825189,0.00238624825,0.664878496,0.607772603,8.99999907,-7.16759254,-0.572387499,-3.26755064e-15
0.00429919531,-3.48041606e-15,9.0,-6.82514357,0.00238151685,0.664869034,0.608770074,8.99999907,-7.14836872,-0.570704173,-3.26115104e-15
0.00430019531,3.32069394e-15,9.0,-6.80173456,0.00237669144,0.664859383,0.609794672,8.99999907,-7.12883098,-0.568995754,-3.25462396e-15
0.00430119531,-4.32157394e-15,9.0,-6.77802613,0.0023717722,0.664849544,0.610846334,8.99999907,-7.10898043,-0.567262338,-3.24796963e-15
0.00430219531,-3.35453631e-15,9.0,-6.75401955,0.00236675933,0.664839519,0.611924992,8.99999907,-7.08881818,-0.56550402,-3.2411883e-15
0.00430319531,3.20954513e-15,9.0,-6.72971613,0.00236165302,0.664829306,0.61303058,8.99999907,-7.06834537,-0.563720897,-3.23428023e-15
0.00430419531,-4.58675823e-15,9.0,-6.70511718,0.00235645348,0.664818907,0.614163028,8.99999907,-7.04756314,-0.561913069,-3.22724565e-15
0.00430519531,-3.22391162e-15,9.0,-6.68022405,0.00235116091,0.664808322,0.615322266,8.99999907,-7.02647266,-0.560080635,-3.22008484e-15
0.00430619531,3.08800199e-15,9.0,-6.65503808,0.00234577552,0.664797551,0.616508222,8.99999907,-7.00507512,-0.558223696,-3.21279805e-15
0.00430719531,-4.8444753e-15,9.0,-6.62956065,0.00234029752,0.664786595,0.617720822,8.99999907,-6.98337172,-0.556342356,-3.20538555e-15
0.00430819531,-3.0890061e-15,9.0,-6.60379312,0.00233472713,0.664775454,0.618959992,8.99999907,-6.96136367,-0.554436719,-3.19784761e-15
0.00430919531,2.95618025e-15,9.0,-6.57773691,0.00232906457,0.664764129,0.620225655,8.99999907,-6.93905221,-0.552506889,-3.19018452e-15
0.00431019531,-5.09429612e-15,9.0,-6.55139343,0.00232331007,0.66475262,0.621517734,8.99999907,-6.91643859,-0.550552974,-3.18239654e-15
0.00431119531,-2.95029264e-15,9.0,-6.5247641,0.00231746384,0.664740928,0.622836149,8.99999907,-6.89352409,-0.548575083,-3.17448396e-15
0.00431219531,2.81422036e-15,9.0,-6.49785038,0.00231152612,0.664729052,0.62418082,8.99999907,-6.87030997,-0.546573323,-3.16644708e-15
0.00431319531,-5.33580871e-15,9.0,-6.47065372,0.00230549715,0.664716994,0.625551664,8.99999907,-6.84679755,-0.544547806,-3.15828619e-15
0.00431419531,-2.80825173e-15,9.0,-6.44317561,0.00229937716,0.664704754,0.626948598,8.99999907,-6.82298813,-0.542498644,-3.15000159e-15
0.00431519531,2.6622872e-15,9.0,-6.41541753,0.00229316639,0.664692333,0.628371537,8.99999907,-6.79888306,-0.540425951,-3.14159359e-15
0.00431619531,-5.56861901e-15,9.0,-6.38738098,0.0022868651,0.66467973,0.629820395,8.99999907,-6.77448368,-0.538329839,-3.13306249e-15
0.00431719531,-2.66337034e-15,9.0,-6.3590675,0.00228047352,0.664666947,0.631295083,8.99999907,-6.74979134,-0.536210426,-3.1244086e-15
0.00431819531,2.50056978e-15,9.0,-6.33047861,0.00227399192,0.664653984,0.632795514,8.99999907,-6.72480744,-0.534067829,-3.11563225e-15
0.00431919531,-5.79235176e-15,9.0,-6.30161588,0.00226742054,0.664640841,0.634321596,8.99999907,-6.69953337,-0.531902164,-3.10673375e-15
0.00432019531,-2.51614072e-15,9.0,-6.27248085,0.00226075965,0.664627519,0.635873238,8.99999907,-6.67397053,-0.529713553,-3.09771344e-15
0.00432119531,2.32928084e-15,9.0,-6.24307512,0.0022540095,0.664614019,0.637450347,8.99999907,-6.64812035,-0.527502115,-3.08857164e-15
0.00432219531,-6.00665126e-15,9.0,-6.21340027,0.00224717037,0.664600341,0.639052828,8.99999907,-6.62198428,-0.525267972,-3.07930869e-15
0.00432319531,-2.36705924e-15,9.0,-6.18345792,0.00224024253,0.664586485,0.640680585,8.99999907,-6.59556376,-0.523011248,-3.06992493e-15
0.00432419531,2.14865642e-15,9.0,-6.15324968,0.00223322625,0.664572453,0.642333521,8.99999907,-6.56886027,-0.520732066,-3.06042071e-15
0.00432519531,-6.21118217e-15,9.0,-6.12277719,0.0022261218,0.664558244,0.644011537,8.99999907,-6.54187529,-0.518430552,-3.05079638e-15
0.00432619531,-2.21662516e-15,9.0,-6.0920421,0.00221892947,0.664543859,0.645714535,8.99999907,-6.51461032,-0.516106831,-3.04105228e-15
0.00432719531,1.9589554e-15,9.0,-6.06104607,0.00221164954,0.664529299,0.647442412,8.99999907,-6.48706687,-0.513761033,-3.03118879e-15
0.00432819531,-6.40563022e-15,9.0,-6.02979078,0.0022042823,0.664514565,0.649195067,8.99999907,-6.45924648,-0.511393286,-3.02120625e-15
0.00432919531,-2.06533947e-15,9.0,-5.99827792,0.00219682803,0.664499656,0.650972396,8.99999908,-6.43115068,-0.509003719,-3.01110505e-15
0.00433019531,1.76045893e-15,9.0,-5.96650918,0.00218928704,0.664484574,0.652774294,8.99999908,-6.40278103,-0.506592463,-3.00088554e-15
0.00433119531,-6.58970288e-15,9.0,-5.93448629,0.00218165962,0.664469319,0.654600655,8.99999908,-6.37413909,-0.504159651,-2.99054811e-15
0.00433219531,-1.91370364e-15,9.0,-5.90221096,0.00217394607,0.664453892,0.656451371,8.99999908,-6.34522647,-0.501705416,-2.98009314e-15
0.00433319531,1.55346981e-15,9.0,-5.86968494,0.0021661467,0.664438293,0.658326334,8.99999908,-6.31604474,-0.499229891,-2.96952101e-15
0.00433419531,-6.76312997e-15,9.0,-5.83690999,0.00215826181,0.664422524,0.660225435,8.99999908,-6.28659552,-0.496733213,-2.95883212e-15
0.00433519531,-1.76221846e-15,9.0,-5.80388786,0.00215029172,0.664406583,0.662148561,8.99999908,-6.25688043,-0.494215517,-2.94802685e-15
0.00433619531,1.33831194e-15,9.0,-5.77062033,0.00214223674,0.664390473,0.664095602,8.99999908,-6.22690112,-0.491676941,-2.93710561e-15
0.00433719531,-6.92566421e-15,9.0,-5.73710919,0.00213409718,0.664374194,0.666066443,8.99999908,-6.19665922,-0.489117623,-2.92606879e-15
0.00433819531,-1.61138279e-15,9.0,-5.70335625,0.00212587338,0.664357747,0.66806097,8.99999908,-6.16615641,-0.486537703,-2.91491681e-15
0.00433919531,1.11532952e-15,9.0,-5.66936331,0.00211756565,0.664341131,0.670079067,8.99999908,-6.13539436,-0.483937321,-2.90365007e-15
0.00434019531,-7.07708178e-15,9.0,-5.63513219,0.00210917432,0.664324349,0.672120617,8.99999908,-6.10437475,-0.481316618,-2.892269e-15
0.00434119531,-1.4616924e-15,9.0,-5.60066474,0.00210069972,0.664307399,0.674185503,8.99999908,-6.07309928,-0.478675737,-2.880774e-15
0.00434219531,8.84886397e-16,9.0,-5.5659628,0.0020921422,0.664290284,0.676273605,8.99999908,-6.04156968,-0.476014821,-2.86916552e-15
0.00434319531,-7.21718275e-15,9.0,-5.53102822,0.00208350208,0.664273004,0.678384802,8.99999908,-6.00978765,-0.473334014,-2.85744397e-15
0.00434419531,-1.31363876e-15,9.0,-5.49586287,0.0020747797,0.664255559,0.680518974,8.99999908,-5.97775494,-0.470633462,-2.84560978e-15
0.00434519531,6.47365218e-16,9.0,-5.46046864,0.00206597542,0.664237951,0.682675998,8.99999908,-5.9454733,-0.46791331,-2.8336634e-15
0.00434619531,-7.34579151e-15,9.0,-5.4248474,0.00205708957,0.664220179,0.68485575,8.99999908,-5.91294449,-0.465173706,-2.82160527e-15
0.00434719531,-1.16770785e-15,9.0,-5.38900107,0.00204812252,0.664202245,0.687058106,8.99999908,-5.88017027,-0.462414797,-2.80943583e-15
0.00434819531,4.03166645e-16,9.0,-5.35293154,0.00203907461,0.664184149,0.68928294,8.99999908,-5.84715243,-0.459636732,-2.79715553e-15
0.00434919531,-7.46275709e-15,9.0,-5.31664074,0.0020299462,0.664165892,0.691530125,8.99999908,-5.81389276,-0.456839661,-2.78476483e-15
0.00435019531,-1.02437903e-15,9.0,-5.28013061,0.00202073765,0.664147475,0.693799533,8.99999908,-5.78039307,-0.454023735,-2.77226418e-15
0.00435119531,1.52708465e-16,9.0,-5.24340307,0.00201144933,0.664128899,0.696091036,8.99999908,-5.74665517,-0.451189104,-2.75965405e-15
0.00435219531,-7.56795348e-15,9.0,-5.20646007,0.00200208159,0.664110163,0.698404504,8.99999908,-5.71268089,-0.448335922,-2.7469349e-15
0.00435319531,-8.84123849e-16,9.0,-5.16930359,0.00199263482,0.66409127,0.700739805,8.99999908,-5.67847206,-0.44546434,-2.73410721e-15
0.00435419531,-1.03575316e-16,9.0,-5.13193557,0.00198310938,0.664072219,0.703096809,8.99999908,-5.64403053,-0.442574513,-2.72117145e-15
0.00435519531,-7.66127987e-15,9.0,-5.094358,0.00197350566,0.664053011,0.705475381,8.99999908,-5.60935816,-0.439666596,-2.7081281e-15
0.00435619531,-7.47404915e-16,9.0,-5.05657287,0.00196382402,0.664033648,0.70787539,8.99999908,-5.57445682,-0.436740743,-2.69497764e-15
0.00435719531,-3.65235422e-16,9.0,-5.01858217,0.00195406485,0.66401413,0.710296698,8.99999908,-5.53932838,-0.433797112,-2.68172056e-15
0.00435819531,-7.74266083e-15,9.0,-4.9803879,0.00194422854,0.663994457,0.712739172,8.99999908,-5.50397472,-0.430835858,-2.66835735e-15
0.00435919531,-6.14674805e-16,9.0,-4.94199207,0.00193431548,0.663974631,0.715202675,8.99999908,-5.46839775,-0.42785714,-2.6548885e-15
0.00436019531,-6.31808288e-16,9.0,-4.9033967,0.00192432605,0.663954652,0.717687068,8.99999908,-5.43259937,-0.424861115,-2.64131453e-15
0.00436119531,-7.81204643e-15,9.0,-4.86460382,0.00191426066,0.663934521,0.720192214,8.99999908,-5.39658149,-0.421847944,-2.62763592e-15
0.00436219531,-4.86374964e-16,9.0,-4.82561547,0.00190411969,0.663914239,0.722717973,8.99999908,-5.36034604,-0.418817786,-2.61385319e-15
0.00436319531,-9.02817077e-16,9.0,-4.78643369,0.00189390355,0.663893807,0.725264205,8.99999908,-5.32389495,-0.4157708,-2.59996685e-15
0.00436419531,-7.86941231e-15,9.0,-4.74706052,0.00188361264,0.663873225,0.72783077,8.99999908,-5.28723016,-0.412707149,-2.58597742e-15
0.00436519531,-3.62934639e-16,9.0,-4.70749803,0.00187324737,0.663852495,0.730417524,8.99999908,-5.25035363,-0.409626995,-2.57188541e-15
0.00436619531,-1.17777273e-15,9.0,-4.66774828,0.00186280815,0.663831616,0.733024325,8.99999908,-5.2132673,-0.406530499,-2.55769135e-15
0.00436719531,-7.91475966e-15,9.0,-4.62781334,0.00185229539,0.663810591,0.735651031,8.99999908,-5.17597315,-0.403417824,-2.54339576e-15
0.00436819531,-2.44769852e-16,9.0,-4.5876953,0.0018417095,0.663789419,0.738297495,8.99999908,-5.13847315,-0.400289135,-2.52899919e-15
0.00436919531,-1.45617504e-15,9.0,-4.54739624,0.0018310509,0.663768102,0.740963574,8.99999908,-5.10076928,-0.397144596,-2.51450216e-15
0.00437019531,-7.94811525e-15,9.0,-4.50691824,0.00182032002,0.66374664,0.743649121,8.99999908,-5.06286354,-0.393984372,-2.4999052e-15
0.00437119531,-1.3228239e-16,9.0,-4.46626342,0.00180951728,0.663725035,0.74635399,8.99999908,-5.02475791,-0.390808628,-2.48520888e-15
0.00437219531,-1.73751376e-15,9.0,-4.42543387,0.00179864309,0.663703286,0.749078032,8.99999908,-4.98645442,-0.387617529,-2.47041373e-15
0.00437319531,-7.96953122e-15,9.0,-4.38443171,0.0017876979,0.663681396,0.7518211,8.99999909,-4.94795506,-0.384411244,-2.4555203e-15
0.00437419531,-2.58588435e-17,9.0,-4.34325906,0.00177668214,0.663659364,0.754583045,8.99999909,-4.90926186,-0.381189939,-2.44052915e-15
0.00437519531,-2.02126972e-15,9.0,-4.30191803,0.00176559623,0.663637192,0.757363717,8.99999909,-4.87037685,-0.377953781,-2.42544084e-15
0.00437619531,-7.97908499e-15,9.0,-4.26041075,0.00175444063,0.663614881,0.760162965,8.99999909,-4.83130205,-0.374702939,-2.41025593e-15
0.00437719531,7.41303333e-17,9.0,-4.21873937,0.00174321576,0.663592432,0.762980638,8.99999909,-4.79203951,-0.371437581,-2.39497499e-15
0.00437819531,-2.30691599e-15,9.0,-4.176906,0.00173192207,0.663569844,0.765816585,8.99999909,-4.75259128,-0.368157877,-2.37959858e-15
0.00437919531,-7.976879e-15,9.0,-4.13491282,0.00172056,0.66354712,0.768670653,8.99999909,-4.7129594,-0.364863996,-2.36412728e-15
0.00438019531,1.67331716e-16,9.0,-4.09276195,0.00170913002,0.66352426,0.771542689,8.99999909,-4.67314594,-0.361556108,-2.34856167e-15
0.00438119531,-2.59391903e-15,9.0,-4.05045555,0.00169763256,0.663501265,0.774432538,8.99999909,-4.63315296,-0.358234384,-2.33290233e-15
0.00438219531,-7.96304045e-15,9.0,-4.00799578,0.00168606808,0.663478136,0.777340048,8.99999909,-4.59298253,-0.354898995,-2.31714984e-15
0.00438319531,2.53409767e-16,9.0,-3.96538481,0.00167443703,0.663454874,0.780265061,8.99999909,-4.55263672,-0.351550111,-2.3013048e-15
0.00438419531,-2.88173987e-15,9.0,-3.9226248,0.00166273988,0.66343148,0.783207424,8.99999909,-4.51211762,-0.348187906,-2.28536779e-15
0.00438519531,-7.93772094e-15,9.0,-3.87971792,0.00165097709,0.663407954,0.786166979,8.99999909,-4.47142731,-0.344812551,-2.26933941e-15
0.00438619531,3.3204765e-16,9.0,-3.83666635,0.00163914913,0.663384298,0.78914357,8.99999909,-4.43056789,-0.341424218,-2.25322026e-15
0.00438719531,-3.16983535e-15,9.0,-3.79347226,0.00162725645,0.663360513,0.792137038,8.99999909,-4.38954146,-0.338023081,-2.23701094e-15
0.00438819531,-7.90109611e-15,9.0,-3.75013783,0.00161529953,0.663336599,0.795147228,8.99999909,-4.3483501,-0.334609312,-2.22071206e-15
0.00438919531,4.02948001e-16,9.0,-3.70666526,0.00160327884,0.663312558,0.798173978,8.99999909,-4.30699594,-0.331183086,-2.20432424e-15
0.00439019531,-3.45765924e-15,9.0,-3.66305672,0.00159119486,0.66328839,0.801217132,8.99999909,-4.26548107,-0.327744576,-2.18784807e-15
0.00439119531,-7.85336518e-15,9.0,-3.61931441,0.00157904806,0.663264096,0.804276528,8.99999909,-4.22380762,-0.324293957,-2.17128419e-15
0.00439219531,4.65833651e-16,9.0,-3.57544053,0.00156683892,0.663239678,0.807352007,8.99999909,-4.18197771,-0.320831402,-2.15463321e-15
0.00439319531,-3.74466356e-15,9.0,-3.53143727,0.00155456792,0.663215136,0.810443409,8.99999909,-4.13999345,-0.317357087,-2.13789576e-15
0.00439419531,-7.79475042e-15,9.0,-3.48730684,0.00154223555,0.663190471,0.813550572,8.99999909,-4.09785697,-0.313871187,-2.12107246e-15
0.00439519531,5.20448309e-16,9.0,-3.44305142,0.0015298423,0.663165685,0.816673335,8.99999909,-4.05557041,-0.310373877,-2.10416395e-15
0.00439619531,-4.03029969e-15,9.0,-3.39867323,0.00151738866,0.663140777,0.819811536,8.99999909,-4.01313589,-0.306865333,-2.08717086e-15
0.00439719531,-7.72549666e-15,9.0,-3.35417448,0.0015048751,0.66311575,0.822965012,8.99999909,-3.97055556,-0.303345731,-2.07009383e-15
0.00439819531,5.66557185e-16,9.0,-3.30955737,0.00149230214,0.663090604,0.8261336,8.99999909,-3.92783156,-0.299815246,-2.0529335e-15
0.00439919531,-4.31401967e-15,9.0,-3.26482411,0.00147967027,0.663065341,0.829317138,8.99999909,-3.88496602,-0.296274054,-2.03569051e-15
0.00440019531,-7.64587063e-15,9.0,-3.21997691,0.00146697998,0.66303996,0.832515461,8.99999909,-3.84196109,-0.292722333,-2.01836552e-15
0.00440119531,6.03947577e-16,9.0,-3.17501799,0.00145423177,0.663014464,0.835728406,8.99999909,-3.79881894,-0.289160259,-2.00095917e-15
0.00440219531,-4.59527741e-15,9.0,-3.12994957,0.00144142616,0.662988852,0.838955807,8.99999909,-3.75554169,-0.285588008,-1.98347212e-15
0.00440319531,-7.55616037e-15,9.0,-3.08477384,0.00142856364,0.662963127,0.842197501,8.99999909,-3.71213151,-0.282005758,-1.96590503e-15
0.00440419531,6.32429389e-16,9.0,-3.03949304,0.00141564473,0.662937289,0.845453322,8.99999909,-3.66859056,-0.278413686,-1.94825855e-15
0.00440519531,-4.87352985e-15,9.0,-2.99410938,0.00140266992,0.66291134,0.848723105,8.99999909,-3.62492099,-0.274811968,-1.93053337e-15
0.00440619531,-7.45667444e-15,9.0,-2.94862507,0.00138963974,0.662885279,0.852006683,8.9999991,-3.58112496,-0.271200782,-1.91273013e-15
0.00440719531,6.51835614e-16,9.0,-2.90304234,0.0013765547,0.662859109,0.855303891,8.9999991,-3.53720464,-0.267580305,-1.89484952e-15
0.00440819531,-5.14823825e-15,9.0,-2.85736341,0.00136341532,0.662832831,0.858614562,8.9999991,-3.49316218,-0.263950715,-1.8768922e-15
0.00440919531,-7.34774128e-15,9.0,-2.81159048,0.00135022211,0.662806444,0.861938529,8.9999991,-3.44899975,-0.26031219,-1.85885886e-15
0.00441019531,6.62022751e-16,9.0,-2.76572579,0.0013369756,0.662779951,0.865275626,8.9999991,-3.40471952,-0.256664907,-1.84075018e-15
0.00441119531,-5.41886932e-15,9.0,-2.71977155,0.00132367631,0.662753353,0.868625685,8.9999991,-3.36032366,-0.253009044,-1.82256683e-15
0.00441219531,-7.22970832e-15,9.0,-2.67372997,0.00131032475,0.66272665,0.871988539,8.9999991,-3.31581433,-0.249344778,-1.80430951e-15
0.00441319531,6.62871172e-16,9.0,-2.62760328,0.00129692147,0.662699843,0.875364019,8.9999991,-3.2711937,-0.245672288,-1.78597891e-15
0.00441419531,-5.68489646e-15,9.0,-2.58139369,0.00128346699,0.662672934,0.878751958,8.9999991,-3.22646394,-0.24199175,-1.76757572e-15
0.00441519531,-7.10294123e-15,9.0,-2.53510343,0.00126996184,0.662645924,0.882152188,8.9999991,-3.18162723,-0.238303343,-1.74910063e-15
0.00441619531,6.5428543e-16,9.0,-2.4887347,0.00125640656,0.662618813,0.885564539,8.9999991,-3.13668572,-0.234607245,-1.73055434e-15
0.00441719531,-5.94580091e-15,9.0,-2.44228972,0.00124280167,0.662591603,0.888988845,8.9999991,-3.0916416,-0.230903634,-1.71193756e-15
0.00441819531,-6.96782297e-15,9.0,-2.3957707,0.00122914772,0.662564295,0.892424934,8.9999991,-3.04649703,-0.227192686,-1.69325099e-15
0.00441919531,6.36194515e-16,9.0,-2.34917986,0.00121544525,0.662536891,0.89587264,8.9999991,-3.00125419,-0.22347458,-1.67449534e-15
0.00442019531,-6.20107292e-15,9.0,-2.3025194,0.00120169479,0.66250939,0.899331792,8.9999991,-2.95591524,-0.219749493,-1.65567132e-15
0.00442119531,-6.82475295e-15,9.0,-2.25579154,0.00118789689,0.662481794,0.902802222,8.9999991,-2.91048235,-0.216017603,-1.63677964e-15
0.00442219531,6.08552053e-16,9.0,-2.20899848,0.00117405209,0.662454104,0.90628376,8.9999991,-2.8649577,-0.212279088,-1.61782102e-15
0.00442319531,-6.45021287e-15,9.0,-2.16214243,0.00116016095,0.662426322,0.909776236,8.9999991,-2.81934345,-0.208534124,-1.59879617e-15
0.00442419531,-6.674146e-15,9.0,-2.1152256,0.001146224,0.662398448,0.91327948,8.9999991,-2.77364178,-0.204782889,-1.57970583e-15
0.00442519531,5.71336438e-16,9.0,-2.06825017,0.00113224181,0.662370484,0.916793324,8.9999991,-2.72785484,-0.20102556,-1.56055072e-15
0.00442619531,-6.6927324e-15,9.0,-2.02121836,0.00111821491,0.66234243,0.920317597,8.9999991,-2.68198481,-0.197262314,-1.54133156e-15
0.00442719531,-6.51643146e-15,9.0,-1.97413235,0.00110414387,0.662314288,0.92385213,8.9999991,-2.63603385,-0.193493328,-1.52204908e-15
0.00442819531,5.24550922e-16,9.0,-1.92699435,0.00109002924,0.662286058,0.927396751,8.9999991,-2.59000412,-0.189718779,-1.50270402e-15
0.00442919531,-6.92815553e-15,9.0,-1.87980654,0.00107587158,0.662257743,0.930951292,8.9999991,-2.54389778,-0.185938844,-1.48329711e-15
0.00443019531,-6.35205212e-15,9.0,-1.83257111,0.00106167144,0.662229343,0.934515583,8.9999991,-2.49771701,-0.182153698,-1.46382909e-15
0.00443119531,4.68223632e-16,9.0,-1.78529025,0.00104742939,0.662200859,0.938089453,8.9999991,-2.45146395,-0.178363518,-1.44430071e-15
0.00443219531,-7.15601964e-15,9.0,-1.73796614,0.00103314599,0.662172292,0.941672731,8.9999991,-2.40514076,-0.17456848,-1.4247127e-15
0.00443319531,-6.18146316e-15,9.0,-1.69060095,0.0010188218,0.662143644,0.945265249,8.9999991,-2.3587496,-0.17076876,-1.40506582e-15
0.00443419531,4.02407537e-16,9.0,-1.64319687,0.00100445739,0.662114915,0.948866836,8.9999991,-2.31229262,-0.166964533,-1.3853608e-15
0.00443519531,-7.37587661e-15,9.0,-1.59575606,0.000990053329,0.662086107,0.952477321,8.99999911,-2.26577197,-0.163155975,-1.36559841e-15
0.00443619531,-6.00513114e-15,9.0,-1.54828069,0.00097561018,0.66205722,0.956096536,8.99999911,-2.21918979,-0.159343261,-1.3457794e-15
0.00443719531,3.27180355e-16,9.0,-1.50077294,0.000961128516,0.662028257,0.959724309,8.99999911,-2.17254824,-0.155526566,-1.32590453e-15
0.00443819531,-7.58729372e-15,9.0,-1.45323495,0.000946608908,0.661999218,0.96336047,8.99999911,-2.12584946,-0.151706065,-1.30597454e-15
0.00443919531,-5.82353281e-15,9.0,-1.40566888,0.00093205193,0.661970104,0.967004851,8.99999911,-2.07909558,-0.147881932,-1.28599021e-15
0.00444019531,2.42644405e-16,9.0,-1.35807689,0.000917458156,0.661940916,0.970657281,8.99999911,-2.03228875,-0.14405434,-1.2659523e-15
0.00444119531,-7.7898547e-15,9.0,-1.31046113,0.000902828162,0.661911656,0.974317589,8.99999911,-1.98543109,-0.140223465,-1.24586157e-15
0.00444219531,-5.63715405e-15,9.0,-1.26282373,0.000888162526,0.661882325,0.977985608,8.99999911,-1.93852474,-0.136389479,-1.2257188e-15
0.00444319531,1.48926394e-16,9.0,-1.21516685,0.000873461827,0.661852924,0.981661166,8.99999911,-1.89157183,-0.132552556,-1.20552475e-15
0.00444419531,-7.98316061e-15,9.0,-1.1674926,0.000858726645,0.661823453,0.985344094,8.99999911,-1.84457448,-0.128712868,-1.1852802e-15
0.00444519531,-5.44648872e-15,9.0,-1.11980313,0.000843957562,0.661793915,0.989034224,8.99999911,-1.79753481,-0.124870588,-1.16498592e-15
0.00444619531,4.61771552e-17,9.0,-1.07210055,0.000829155161,0.66176431,0.992731385,8.99999911,-1.75045493,-0.121025889,-1.14464269e-15
0.00444719531,-8.16683074e-15,9.0,-1.02438699,0.000814320027,0.66173464,0.99643541,8.99999911,-1.70333696,-0.117178942,-1.12425129e-15
0.00444819531,-5.25203748e-15,9.0,-0.976664561,0.000799452744,0.661704905,1.00014613,8.99999911,-1.65618301,-0.113329918,-1.10381251e-15
0.00444919531,-6.54286761e-17,9.0,-0.928935373,0.000784553901,0.661675108,1.00386337,8.99999911,-1.60899519,-0.10947899,-1.08332713e-15
0.00445019531,-8.34050348e-15,9.0,-0.88120153,0.000769624085,0.661645248,1.00758697,8.99999911,-1.56177559,-0.105626327,-1.06279592e-15
0.00445119531,-5.05430662e-15,9.0,-0.83346513,0.000754663885,0.661615328,1.01131676,8.99999911,-1.51452631,-0.101772101,-1.0422197e-15
0.00445219531,-1.85693038e-16,9.0,-0.785728267,0.000739673892,0.661585348,1.01505256,8.99999911,-1.46724945,-0.0979164806,-1.02159923e-15
0.00445319531,-8.5038371e-15,9.0,-0.737993028,0.000724654699,0.661555309,1.01879422,8.99999911,-1.41994708,-0.0940596362,-1.00093533e-15
0.00445419531,-4.85380689e-15,9.0,-0.690261494,0.000709606897,0.661525214,1.02254157,8.99999911,-1.3726213,-0.0902017368,-9.80228772e-16
0.00445519531,-3.14394876e-16,9.0,-0.642535742,0.000694531081,0.661495062,1.02629442,8.99999911,-1.32527419,-0.0863429512,-9.59480367e-16
0.00445619531,-8.65651054e-15,9.0,-0.594817841,0.000679427846,0.661464856,1.03005263,8.99999911,-1.27790781,-0.0824834478,-9.38690909e-16
0.00445719531,-4.65105229e-15,9.0,-0.547109855,0.000664297789,0.661434596,1.03381602,8.99999911,-1.23052423,-0.0786233945,-9.17861199e-16
0.00445819531,-4.51290629e-16,9.0,-0.499413841,0.000649141506,0.661404283,1.03758443,8.99999911,-1.18312553,-0.0747629588,-8.96992042e-16
0.00445919531,-8.79822411e-15,9.0,-0.451731851,0.000633959596,0.661373919,1.04135768,8.99999911,-1.13571375,-0.0709023077,-8.7608424e-16
0.00446019531,-4.44655886e-15,9.0,-0.404065929,0.000618752659,0.661343505,1.04513561,8.99999911,-1.08829095,-0.0670416078,-8.55138602e-16
0.00446119531,-5.96114765e-16,9.0,-0.356418114,0.000603521294,0.661313043,1.04891806,8.99999911,-1.04085918,-0.0631810251,-8.34155934e-16
0.00446219531,-8.92870015e-15,9.0,-0.308790437,0.000588266103,0.661282532,1.05270486,8.99999912,-0.993420483,-0.0593207253,-8.13137049e-16
0.00446319531,-4.24084349e-15,9.0,-0.261184923,0.000572987689,0.661251975,1.05649584,8.99999912,-0.945976894,-0.0554608736,-7.92082757e-16
0.00446419531,-7.4858038e-16,9.0,-0.21360359,0.000557686654,0.661221373,1.06029084,8.99999912,-0.898530444,-0.0516016344,-7.70993873e-16
0.00446519531,-9.04768368e-15,9.0,-0.16604845,0.000542363603,0.661190727,1.0640897,8.99999912,-0.85108316,-0.0477431721,-7.49871211e-16
0.00446619531,-4.03442272e-15,9.0,-0.118521507,0.00052701914,0.661160038,1.06789224,8.99999912,-0.803637061,-0.0438856501,-7.2871559e-16
0.00446719531,-9.0837983e-16,9.0,-0.0710247582,0.000511653871,0.661129308,1.07169831,8.99999912,-0.75619416,-0.0400292317,-7.07527828e-16
0.00446819531,-9.15494292e-15,9.0,-0.0235601933,0.000496268403,0.661098537,1.07550774,8.99999912,-0.708756466,-0.0361740793,-6.86308746e-16
0.00446919531,-3.82781151e-15,9.0,0.0238702041,0.000480863343,0.661067727,1.07932037,8.99999912,-0.661325981,-0.0323203551,-6.65059166e-16
0.00447019531,-1.07518542e-15,9.0,0.0712644593,0.000465439299,0.661036879,1.08313603,8.99999912,-0.613904698,-0.0284682206,-6.43779912e-16
0.00447119531,-9.25026987e-15,9.0,0.118620603,0.000449996881,0.661005994,1.08695456,8.99999912,-0.56649461,-0.0246178366,-6.22471808e-16
0.00447219531,-3.62152205e-15,9.0,0.165936677,0.000434536697,0.660975073,1.0907758,8.99999912,-0.519097696,-0.0207693637,-6.01135683e-16
0.00447319531,-1.24865016e-15,9.0,0.213210725,0.000419059359,0.660944119,1.09459959,8.99999912,-0.471715935,-0.0169229616,-5.79772363e-16
0.00447419531,-9.3334807e-15,9.0,0.260440805,0.000403565477,0.660913131,1.09842576,8.99999912,-0.424351296,-0.0130787897,-5.5838268e-16
0.00447519531,-3.41606259e-15,9.0,0.307624976,0.000388055663,0.660882111,1.10225416,8.99999912,-0.377005742,-0.00923700658,-5.36967463e-16
0.00447619531,-1.42840852e-15,9.0,0.354761312,0.000372530529,0.660851061,1.10608461,8.99999912,-0.329681229,-0.00539777044,-5.15527546e-16
0.00447719531,-9.40500882e-15,9.0,0.401824711,0.000356990689,0.660819981,1.10991508,8.99999912,-0.28240289,-0.00156312228,-4.94063763e-16
0.00447819531,-3.21132731e-15,9.0,0.448881293,0.000341436754,0.660788874,1.11375094,8.99999912,-0.23510463,0.0022723089,-4.72576949e-16
0.00447919531,-1.61351777e-15,9.0,0.495865559,0.000325869341,0.660757739,1.11758686,8.99999912,-0.18785197,0.00610320019,-4.5106794e-16
0.00448019531,-9.46412603e-15,9.0,0.542788664,0.000310289063,0.660726578,1.12142373,8.99999912,-0.140633793,0.00993045606,-4.29537576e-16
0.00448119531,-3.00898279e-15,9.0,0.589659711,0.000294696535,0.660695393,1.1252623,8.99999912,-0.0934410274,0.0137548146,-4.07986693e-16
0.00448219531,-1.80474755e-15,9.0,0.636466553,0.000279092373,0.660664185,1.12910157,8.99999912,-0.0462858544,0.0175752871,-3.86416134e-16
0.00448319531,-9.51072993e-15,9.0,0.683193615,0.000263477193,0.660632954,1.13294027,8.99999912,0.000816111132,0.021390606,-3.6482674e-16
0.00448419531,-2.8089436e-15,9.0,0.729875152,0.000247851611,0.660601703,1.13678117,8.99999912,0.0478990881,0.0252035529,-3.43219353e-16
0.00448519531,-1.9998876e-15,9.0,0.776522145,0.000232216245,0.660570433,1.14062517,8.99999912,0.0949740348,0.0290150188,-3.21594817e-16
0.00448619531,-9.54415969e-15,9.0,0.823074117,0.000216571711,0.660539143,1.14446734,8.99999912,0.141980438,0.0328200881,-2.99953977e-16
0.00448719531,-2.61227295e-15,9.0,0.869560728,0.000200918627,0.660507837,1.14831009,8.99999912,0.188947911,0.0366211683,-2.78297679e-16
0.00448819531,-2.20087992e-15,9.0,0.915974023,0.000185257611,0.660476515,1.15215275,8.99999913,0.23586846,0.0404176112,-2.56626771e-16
0.00448919531,-9.56494326e-15,9.0,0.962317907,0.000169589282,0.660445179,1.15599565,8.99999913,0.28274595,0.0442097321,-2.34942099e-16
0.00449019531,-2.41827203e-15,9.0,1.00858522,0.000153914258,0.660413829,1.15983819,8.99999913,0.329573173,0.0479969466,-2.13244514e-16
0.00449119531,-2.40609428e-15,9.0,1.05477915,0.000138233157,0.660382466,1.16368062,8.99999913,0.376353289,0.0517795128,-1.91534865e-16
0.00449219531,-9.57303085e-15,9.0,1.10089323,0.000122546599,0.660351093,1.16752241,8.99999913,0.423079779,0.0555569024,-1.69814003e-16
0.00449319531,-2.22800293e-15,9.0,1.14693005,0.000106855203,0.66031971,1.17136377,8.99999913,0.469755189,0.0593293237,-1.48082779e-16
0.00449419531,-2.61507258e-15,9.0,1.19288375,9.11595886e-05,0.660288319,1.17520419,8.99999913,0.516373605,0.0630962974,-1.26342046e-16
0.00449519531,-9.56841626e-15,9.0,1.23875638,7.54603754e-05,0.660256921,1.17904386,8.99999913,0.562937038,0.0668579887,-1.04592657e-16
0.00449619531,-2.04191421e-15,9.0,1.2845426,5.97581832e-05,0.660225516,1.18288231,8.99999913,0.609440105,0.0706139614,-8.28354673e-17
0.00449719531,-2.82734479e-15,9.0,1.33024401,4.40536318e-05,0.660194107,1.18671968,8.99999913,0.655884353,0.074364343,-6.10713306e-17
0.00449819531,-9.55111919e-15,9.0,1.37585574,2.83473413e-05,0.660162695,1.19055556,8.99999913,0.702264864,0.0781087351,-3.93011027e-17
0.00449919531,-1.8604415e-15,9.0,1.42137899,1.26399317e-05,0.66013128,1.19439003,8.99999913,0.748582784,0.0818472327,-1.75256399e-17
0.00450019531,-3.04242998e-15,9.0,1.4668093,-3.06797698e-06,0.660099864,1.19822272,8.99999913,0.7948336,0.0855794707,4.25420113e-18
0.00450119531,-9.52118519e-15,9.0,1.51214752,-1.87757645e-05,0.660068448,1.2020537,8.99999913,0.841018112,0.0893055155,2.60375628e-17
0.00450219531,-1.68400651e-15,9.0,1.55738954,-3.44828108e-05,0.660037034,1.20588261,8.99999913,0.887132164,0.0930250314,4.7823587e-17
0.00450319531,-3.25983747e-15,9.0,1.60253593,-5.01884958e-05,0.660005623,1.2097095,8.99999913,0.933176254,0.0967380603,6.96114154e-17
0.00450419531,-9.47868553e-15,9.0,1.64758288,-6.58921994e-05,0.659974216,1.21353404,8.99999913,0.979146541,0.100444292,9.14001886e-17
0.00450519531,-1.51301607e-15,9.0,1.69253071,-8.15933017e-05,0.659942813,1.21735625,8.99999913,1.02504326,0.104143748,1.13189047e-16
0.00450619531,-3.47906791e-15,9.0,1.7373759,-9.72911828e-05,0.659911418,1.22117583,8.99999913,1.07086285,0.10783614,1.34977131e-16
0.00450719531,-9.42371703e-15,9.0,1.78211851,-0.000112985223,0.65988003,1.22499278,8.99999913,1.11660533,0.11152147,1.56763581e-16
0.00450819531,-1.34786118e-15,9.0,1.8267553,-0.000128674803,0.65984865,1.22880681,8.99999913,1.16226737,0.115199472,1.78547534e-16
0.00450919531,-3.69961447e-15,9.0,1.87128614,-0.000144359303,0.659817281,1.23261791,8.99999913,1.20784878,0.118870131,2.0032813e-16
0.00451019531,-9.35640186e-15,9.0,1.91570798,-0.000160038104,0.659785924,1.23642582,8.99999913,1.25334648,0.122533198,2.22104508e-16
0.00451119531,-1.18891613e-15,9.0,1.96002054,-0.000175710586,0.659754579,1.2402305,8.99999913,1.2987601,0.126188647,2.43875807e-16
0.00451219531,-3.92096394e-15,9.0,2.00422097,-0.000191376133,0.659723248,1.24403171,8.99999913,1.34408673,0.129836242,2.65641163e-16
0.00451319531,-9.27688725e-15,9.0,2.04830884,-0.000207034123,0.659691932,1.2478294,8.99999913,1.38932588,0.133475945,2.87399715e-16
0.00451419531,-1.03653759e-15,9.0,2.09228146,-0.000222683941,0.659660632,1.25162334,8.99999914,1.43447481,0.137107536,3.091506e-16
0.00451519531,-4.14259799e-15,9.0,2.13613829,-0.000238324967,0.65962935,1.25541348,8.99999914,1.47953289,0.140730966,3.30892957e-16
0.00451619531,-9.18534514e-15,9.0,2.1798768,-0.000253956585,0.659598087,1.25919958,8.99999914,1.52449755,0.144346027,3.52625922e-16
0.00451719531,-8.91063857e-16,9.0,2.22349633,-0.000269578177,0.659566844,1.2629816,8.99999914,1.56936803,0.147952662,3.74348633e-16
0.00451819531,-4.3639943e-15,9.0,2.2669945,-0.000285189126,0.659535622,1.26675931,8.99999914,1.61414191,0.151550674,3.96060227e-16
0.00451919531,-9.0819718e-15,9.0,2.31037055,-0.000300788817,0.659504422,1.27053265,8.99999914,1.65881835,0.155139997,4.17759842e-16
0.00452019531,-7.5281402e-16,9.0,2.35362222,-0.000316376633,0.659473247,1.27430141,8.99999914,1.70339502,0.158720446,4.39446615e-16
0.00452119531,-4.58462778e-15,9.0,2.39674869,-0.000331951959,0.659442096,1.27806552,8.99999914,1.74787103,0.162291948,4.61119684e-16
0.00452219531,-8.96698737e-15,9.0,2.43974781,-0.00034751418,0.659410972,1.28182479,8.99999914,1.79224415,0.165854326,4.82778185e-16
0.00452319531,-6.2208727e-16,9.0,2.48261868,-0.000363062682,0.659379875,1.28557912,8.99999914,1.83651341,0.169407504,5.04421257e-16
0.00452419531,-4.80397178e-15,9.0,2.52535924,-0.000378596851,0.659348806,1.28932835,8.99999914,1.8806767,0.172951312,5.26048037e-16
0.00452519531,-8.84063537e-15,9.0,2.56796857,-0.000394116073,0.659317768,1.29307237,8.99999914,1.92473299,0.176485667,5.47657664e-16
0.00452619531,-4.991622e-16,9.0,2.61044468,-0.000409619737,0.659286761,1.296811,8.99999914,1.96868025,0.180010409,5.69249276e-16
0.00452719531,-5.02149933e-15,9.0,2.6527866,-0.000425107229,0.659255786,1.30054417,8.99999914,2.0125174,0.183525451,5.90822011e-16
0.00452819531,-8.70318214e-15,9.0,2.69499244,-0.000440577939,0.659224844,1.30427169,8.99999914,2.0562425,0.187030639,6.12375008e-16
0.00452919531,-3.84296173e-16,9.0,2.73706117,-0.000456031255,0.659193937,1.30799347,8.99999914,2.09985443,0.190525883,6.33907407e-16
0.00453019531,-5.23668432e-15,9.0,2.778991,-0.000471466568,0.659163067,1.31170934,8.99999914,2.14335131,0.194011034,6.55418348e-16
0.00453119531,-8.55491622e-15,9.0,2.82078085,-0.000486883269,0.659132233,1.31541921,8.99999914,2.18673201,0.197486002,6.76906969e-16
0.00453219531,-2.77724739e-16,9.0,2.86242899,-0.000502280748,0.659101439,1.31912291,8.99999914,2.2299947,0.200950641,6.98372413e-16
0.00453319531,-5.44900273e-15,9.0,2.90393435,-0.000517658398,0.659070683,1.32282034,8.99999914,2.27313823,0.20440486,7.19813819e-16
0.00453419531,-8.39614774e-15,9.0,2.94529524,-0.000533015612,0.659039969,1.32651135,8.99999914,2.31616083,0.207848518,7.41230329e-16
0.00453519531,-1.79661098e-16,9.0,2.98651056,-0.000548351783,0.659009296,1.33019583,8.99999914,2.35906133,0.211281522,7.62621086e-16
0.00453619531,-5.65793384e-15,9.0,3.0275787,-0.000563666306,0.658978667,1.33387364,8.99999914,2.40183802,0.214703735,7.83985231e-16
0.00453719531,-8.22720766e-15,9.0,3.06849855,-0.000578958577,0.658948083,1.33754466,8.99999914,2.4444897,0.218115065,8.05321909e-16
0.00453819531,-9.02956244e-17,9.0,3.10926853,-0.000594227991,0.658917544,1.34120875,8.99999914,2.48701473,0.221515378,8.26630264e-16
0.00453919531,-5.86296146e-15,9.0,3.14988752,-0.000609473946,0.658887052,1.3448658,8.99999914,2.52941189,0.224904579,8.47909439e-16
0.00454019531,-8.04844705e-15,9.0,3.190354,-0.000624695841,0.658856608,1.34851568,8.99999914,2.57167958,0.228282542,8.6915858e-16
0.00454119531,-9.79543643e-18,9.0,3.23066686,-0.000639893073,0.658826214,1.35215826,8.99999915,2.61381659,0.231649169,8.90376834e-16
0.00454219531,-6.06357509e-15,9.0,3.2708246,-0.000655065043,0.65879587,1.35579342,8.99999915,2.65582135,0.235004336,9.11563348e-16
0.00454319531,-7.86023629e-15,9.0,3.31082611,-0.000670211153,0.658765578,1.35942105,8.99999915,2.69769264,0.238347948,9.32717269e-16
0.00454419531,6.16959751e-17,9.0,3.35066995,-0.000685330804,0.658735338,1.363041,8.99999915,2.73942895,0.241679884,9.53837746e-16
0.00454519531,-6.25927113e-15,9.0,3.390355,-0.000700423399,0.658705153,1.36665317,8.99999915,2.78102906,0.245000047,9.74923928e-16
0.00454619531,-7.66296423e-15,9.0,3.42987985,-0.000715488343,0.658675023,1.37025743,8.99999915,2.82249148,0.248308319,9.95974967e-16
0.00454719531,1.24059064e-16,9.0,3.46924339,-0.00073052504,0.65864495,1.37385366,8.99999915,2.863815,0.251604606,1.01699001e-15
0.00454819531,-6.44955404e-15,9.0,3.50844425,-0.000745532897,0.658614934,1.37744174,8.99999915,2.90499816,0.254888791,1.03796822e-15
0.00454919531,-7.45703732e-15,9.0,3.54748133,-0.000760511322,0.658584977,1.38102156,8.99999915,2.94603976,0.258160779,1.05890874e-15
0.00455019531,1.77198488e-16,9.0,3.58635329,-0.000775459724,0.658555081,1.38459299,8.99999915,2.98693838,0.261420459,1.07981073e-15
0.00455119531,-6.6339375e-15,9.0,3.62505902,-0.000790377511,0.658525245,1.38815592,8.99999915,3.02769281,0.264667735,1.10067335e-15
0.00455219531,-7.24287866e-15,9.0,3.66359724,-0.000805264096,0.658495472,1.39171022,8.99999915,3.06830167,0.267902497,1.12149574e-15
0.00455319531,2.21043316e-16,9.0,3.70196684,-0.000820118891,0.658465762,1.39525579,8.99999915,3.10876376,0.271124652,1.14227708e-15
0.00455419531,-6.81194554e-15,9.0,3.74016656,-0.000834941308,0.658436117,1.39879251,8.99999915,3.14907772,0.274334091,1.16301651e-15
0.00455519531,-7.02092708e-15,9.0,3.77819532,-0.000849730764,0.658406538,1.40232026,8.99999915,3.18924238,0.277530723,1.18371321e-15
0.00455619531,2.5554717e-16,9.0,3.81605188,-0.000864486673,0.658377027,1.40583892,8.99999915,3.22925639,0.280714441,1.20436633e-15
0.00455719531,-6.98311365e-15,9.0,3.85373516,-0.000879208454,0.658347583,1.4093484,8.99999915,3.26911859,0.283885153,1.22497503e-15
0.00455819531,-6.79163614e-15,9.0,3.89124396,-0.000893895526,0.658318209,1.41284856,8.99999915,3.30882767,0.287042758,1.24553849e-15
0.00455919531,2.80688317e-16,9.0,3.92857722,-0.000908547308,0.658288905,1.4163393,8.99999915,3.34838247,0.290187162,1.26605586e-15
0.00456019531,-7.14698986e-15,9.0,3.96573376,-0.000923163222,0.658259674,1.41982051,8.99999915,3.38778171,0.293318266,1.28652631e-15
0.00456119531,-6.5554731e-15,9.0,4.00271253,-0.000937742691,0.658230515,1.42329207,8.99999915,3.42702424,0.296435979,1.30694902e-15
0.00456219531,2.964697e-16,9.0,4.03951238,-0.00095228514,0.65820143,1.42675388,8.99999915,3.46610882,0.299540203,1.32732316e-15
0.00456319531,-7.30313582e-15,9.0,4.07613227,-0.000966789994,0.65817242,1.43020583,8.99999915,3.50503429,0.302630848,1.34764789e-15
0.00456419531,-6.31291783e-15,9.0,4.11257109,-0.000981256681,0.658143487,1.4336478,8.99999915,3.54379944,0.305707818,1.36792239e-15
0.00456519531,3.02918909e-16,9.0,4.1488278,-0.000995684629,0.658114631,1.4370797,8.99999915,3.58240314,0.308771026,1.38814584e-15
0.00456619531,-7.4511278e-15,9.0,4.18490131,-0.00101007327,0.658085853,1.4405014,8.99999915,3.62084419,0.311820375,1.40831741e-15
0.00456719531,-6.06446182e-15,9.0,4.22079061,-0.00102442203,0.658057156,1.44391281,8.99999915,3.65912148,0.31485578,1.42843628e-15
0.00456819531,3.00088099e-16,9.0,4.25649464,-0.00103873036,0.658028539,1.44731382,8.99999915,3.69723382,0.317877149,1.44850163e-15
0.00456919531,-7.59055769e-15,9.0,4.2920124,-0.00105299767,0.658000005,1.45070432,8.99999916,3.73518013,0.320884394,1.46851265e-15
0.00457019531,-5.81060698e-15,9.0,4.32734284,-0.00106722342,0.657971553,1.45408421,8.99999916,3.77295925,0.323877426,1.48846852e-15
0.00457119531,2.88053847e-16,9.0,4.36248498,-0.00108140703,0.657943186,1.45745339,8.99999916,3.81057009,0.32685616,1.50836843e-15
0.00457219531,-7.72103398e-15,9.0,4.3974378,-0.00109554795,0.657914904,1.46081174,8.99999916,3.84801153,0.329820508,1.52821156e-15
0.00457319531,-5.55186455e-15,9.0,4.43220035,-0.00110964562,0.657886709,1.46415917,8.99999916,3.8852825,0.332770386,1.5479971e-15
0.00457419531,2.66916952e-16,9.0,4.46677161,-0.00112369948,0.657858601,1.46749558,8.99999916,3.92238188,0.335705707,1.56772425e-15
0.00457519531,-7.84218268e-15,9.0,4.50115066,-0.00113770898,0.657830582,1.47082086,8.99999916,3.95930863,0.338626389,1.58739219e-15
0.00457619531,-5.28875397e-15,9.0,4.5353365,-0.00115167357,0.657802653,1.47413491,8.99999916,3.99606165,0.341532348,1.60700013e-15
0.00457719531,2.36802176e-16,9.0,4.56932821,-0.00116559269,0.657774815,1.47743764,8.99999916,4.03263991,0.344423502,1.62654727e-15
0.00457819531,-7.95364818e-15,9.0,4.60312483,-0.00117946579,0.657747068,1.48072894,8.99999916,4.06904235,0.347299769,1.64603279e-15
0.00457919531,-5.02180165e-15,9.0,4.63672547,-0.00119329234,0.657719415,1.48400872,8.99999916,4.10526794,0.350161068,1.66545592e-15
0.00458019531,1.97857937e-16,9.0,4.67012917,-0.00120707177,0.657691856,1.48727687,8.99999916,4.14131564,0.353007319,1.68481584e-15
0.00458119531,-8.0550941e-15,9.0,4.70333506,-0.00122080355,0.657664393,1.4905333,8.99999916,4.17718444,0.355838443,1.70411177e-15
0.00458219531,-4.75153985e-15,9.0,4.73634221,-0.00123448713,0.657637026,1.49377791,8.99999916,4.21287332,0.35865436,1.72334291e-15
0.00458319531,1.50255937e-16,9.0,4.76914975,-0.00124812198,0.657609756,1.49701061,8.99999916,4.24838129,0.361454994,1.74250848e-15
0.00458419531,-8.14620414e-15,9.0,4.8017568,-0.00126170755,0.657582585,1.5002313,8.99999916,4.28370734,0.364240267,1.76160769e-15
0.00458519531,-4.47850546e-15,9.0,4.83416249,-0.00127524332,0.657555513,1.50343989,8.99999916,4.31885051,0.367010103,1.78063976e-15
0.00458619531,9.41907393e-17,9.0,4.86636595,-0.00128872874,0.657528543,1.50663628,8.99999916,4.3538098,0.369764426,1.7996039e-15
0.00458719531,-8.22668275e-15,9.0,4.89836634,-0.00130216328,0.657501673,1.50982037,8.99999916,4.38858426,0.372503161,1.81849933e-15
0.00458819531,-4.20323879e-15,9.0,4.93016281,-0.00131554642,0.657474907,1.51299209,8.99999916,4.42317293,0.375226235,1.83732528e-15
0.00458919531,2.98792942e-17,9.0,4.96175455,-0.00132887762,0.657448245,1.51615132,8.99999916,4.45757487,0.377933573,1.85608098e-15
0.00459019531,-8.29625591e-15,9.0,4.99314071,-0.00134215636,0.657421687,1.51929799,8.99999916,4.49178913,0.380625104,1.87476565e-15
0.00459119531,-3.92628236e-15,9.0,5.0243205,-0.00135538211,0.657395236,1.52243199,8.99999916,4.52581479,0.383300755,1.89337851e-15
0.00459219531,-4.2439592e-17,9.0,5.0552931,-0.00136855436,0.657368891,1.52555325,8.99999916,4.55965092,0.385960455,1.91191882e-15
0.00459319531,-8.35467177e-15,9.0,5.08605773,-0.00138167257,0.657342655,1.52866167,8.99999916,4.59329661,0.388604135,1.93038579e-15
0.00459419531,-3.64817968e-15,9.0,5.1166136,-0.00139473624,0.657316528,1.53175716,8.99999916,4.62675097,0.391231723,1.94877868e-15
0.00459519531,-1.22505837e-16,9.0,5.14695994,-0.00140774485,0.65729051,1.53483963,8.99999916,4.66001309,0.393843153,1.96709672e-15
0.00459619531,-8.40170124e-15,9.0,5.17709597,-0.00142069788,0.657264604,1.537909,8.99999916,4.69308209,0.396438354,1.98533915e-15
0.00459719531,-3.36947407e-15,9.0,5.20702094,-0.00143359483,0.65723881,1.54096518,8.99999916,4.7259571,0.399017259,2.00350523e-15
0.00459819531,-2.10038712e-16,9.0,5.23673411,-0.00144643518,0.65721313,1.54400808,8.99999916,4.75863724,0.401579803,2.0215942e-15
0.00459919531,-8.43713856e-15,9.0,5.26623474,-0.00145921843,0.657187563,1.54703762,8.99999916,4.79112167,0.404125919,2.03960531e-15
0.00460019531,-3.09070738e-15,9.0,5.29552208,-0.00147194407,0.657162112,1.55005371,8.99999916,4.82340951,0.406655541,2.05753782e-15
0.00460119531,-3.04737521e-16,9.0,5.32459544,-0.0014846116,0.657136777,1.55305627,8.99999917,4.85549995,0.409168605,2.07539099e-15
0.00460219531,-8.46080185e-15,9.0,5.35345409,-0.00149722052,0.657111559,1.55604521,8.99999917,4.88739214,0.411665047,2.09316408e-15
0.00460319531,-2.81241884e-15,9.0,5.38209734,-0.00150977033,0.657086459,1.55902046,8.99999917,4.91908526,0.414144805,2.11085636e-15
0.00460419531,-4.06282328e-16,9.0,5.41052448,-0.00152226054,0.657061479,1.56198192,8.99999917,4.95057848,0.416607814,2.12846709e-15
0.00460519531,-8.47253347e-15,9.0,5.43873484,-0.00153469066,0.657036619,1.56492952,8.99999917,4.98187102,0.419054014,2.14599554e-15
0.00460619531,-2.53514381e-15,9.0,5.46672773,-0.00154706018,0.65701188,1.56786317,8.99999917,5.01296205,0.421483344,2.16344098e-15
0.00460719531,-5.14334724e-16,9.0,5.4945025,-0.00155936864,0.656987263,1.57078279,8.99999917,5.04385081,0.423895743,2.1808027e-15
0.00460819531,-8.47220052e-15,9.0,5.52205848,-0.00157161553,0.656962769,1.57368832,8.99999917,5.07453649,0.426291152,2.19807997e-15
0.00460919531,-2.25941264e-15,9.0,5.54939502,-0.00158380037,0.656938399,1.57657965,8.99999917,5.10501834,0.428669511,2.21527207e-15
0.00461019531,-6.28538648e-16,9.0,5.57651149,-0.00159592269,0.656914155,1.57945672,8.99999917,5.13529557,0.431030763,2.2323783e-15
0.00461119531,-8.45969511e-15,9.0,5.60340725,-0.00160798201,0.656890036,1.58231945,8.99999917,5.16536745,0.433374849,2.24939794e-15
0.00461219531,-1.98574942e-15,9.0,5.63008168,-0.00161997784,0.656866044,1.58516776,8.99999917,5.19523321,0.435701713,2.26633028e-15
0.00461319531,-7.48521237e-16,9.0,5.65653417,-0.00163190972,0.656842181,1.58800158,8.99999917,5.22489212,0.438011299,2.28317461e-15
0.00461419531,-8.43493469e-15,9.0,5.6827641,-0.00164377718,0.656818446,1.59082082,8.99999917,5.25434344,0.44030355,2.29993025e-15
0.00461519531,-1.71467088e-15,9.0,5.70877088,-0.00165557974,0.656794841,1.59362541,8.99999917,5.28358645,0.442578412,2.31659649e-15
0.00461619531,-8.73893724e-16,9.0,5.73455392,-0.00166731695,0.656771366,1.59641528,8.99999917,5.31262044,0.444835832,2.33317264e-15
0.00461719531,-8.39786224e-15,9.0,5.76011264,-0.00167898833,0.656748023,1.59919034,8.99999917,5.34144469,0.447075754,2.34965801e-15
0.00461819531,-1.44668519e-15,9.0,5.78544646,-0.00169059342,0.656724813,1.60195054,8.99999917,5.3700585,0.449298127,2.36605191e-15
0.00461919531,-1.00425238e-15,9.0,5.81055483,-0.00170213178,0.656701736,1.60469579,8.99999917,5.39846119,0.451502898,2.38235365e-15
0.00462019531,-8.34844649e-15,9.0,5.83543719,-0.00171360294,0.656678794,1.60742603,8.99999917,5.42665207,0.453690016,2.39856257e-15
0.00462119531,-1.18229087e-15,9.0,5.86009299,-0.00172500644,0.656655987,1.61014117,8.99999917,5.45463046,0.455859429,2.41467797e-15
0.00462219531,-1.13917945e-15,9.0,5.88452169,-0.00173634185,0.656633316,1.61284115,8.99999917,5.4823957,0.458011088,2.4306992e-15
0.00462319531,-8.28668199e-15,9.0,5.90872276,-0.00174760871,0.656610783,1.6155259,8.99999917,5.50994712,0.460144942,2.44662558e-15
0.00462419531,-9.21975668e-16,9.0,5.93269567,-0.00175880658,0.656588387,1.61819534,8.99999917,5.53728407,0.462260943,2.46245644e-15
0.00462519531,-1.27824422e-15,9.0,5.95643992,-0.00176993501,0.65656613,1.62084942,8.99999917,5.56440592,0.464359043,2.47819113e-15
0.00462619531,-8.21258918e-15,9.0,5.97995499,-0.00178099357,0.656544013,1.62348804,8.99999917,5.59131201,0.466439194,2.49382899e-15
0.00462719531,-6.66215485e-16,9.0,6.00324039,-0.00179198182,0.656522036,1.62611116,8.99999917,5.61800172,0.468501348,2.50936936e-15
0.00462819531,-1.42100397e-15,9.0,6.02629562,-0.00180289932,0.656500201,1.6287187,8.99999917,5.64447444,0.47054546,2.5248116e-15
0.00462919531,-8.1262144e-15,9.0,6.0491202,-0.00181374565,0.656478509,1.6313106,8.99999917,5.67072954,0.472571483,2.54015505e-15
0.00463019531,-4.15473325e-16,9.0,6.07171367,-0.00182452037,0.656456959,1.63388678,8.99999917,5.69676642,0.474579373,2.55539908e-15
0.00463119531,-1.56700511e-15,9.0,6.09407554,-0.00183522307,0.656435554,1.63644718,8.99999917,5.72258448,0.476569085,2.57054304e-15
0.00463219531,-8.02762979e-15,9.0,6.11620536,-0.00184585331,0.656414293,1.63899173,8.99999917,5.74818313,0.478540574,2.58558631e-15
0.00463319531,-1.70198279e-16,9.0,6.13810268,-0.00185641068,0.656393179,1.64152038,8.99999917,5.77356179,0.480493798,2.60052826e-15
0.00463419531,-1.71578419e-15,9.0,6.15976706,-0.00186689477,0.65637221,1.64403305,8.99999917,5.79871988,0.482428715,2.61536824e-15
0.00463519531,-7.91693323e-15,9.0,6.18119806,-0.00187730515,0.65635139,1.64652968,8.99999917,5.82365684,0.484345281,2.63010566e-15
0.00463619531,6.9175466e-17,9.0,6.20239524,-0.00188764142,0.656330717,1.64901021,8.99999917,5.84837209,0.486243456,2.64473987e-15
0.00463719531,-1.8668691e-15,9.0,6.2233582,-0.00189790317,0.656310194,1.65147457,8.99999918,5.87286509,0.488123198,2.65927028e-15
0.00463819531,-7.79424809e-15,9.0,6.24408652,-0.00190809,0.65628982,1.6539227,8.99999918,5.89713529,0.489984468,2.67369628e-15
0.00463919531,3.02229578e-16,9.0,6.26457978,-0.00191820149,0.656269597,1.65635455,8.99999918,5.92118215,0.491827226,2.68801724e-15
0.00464019531,-2.01978011e-15,9.0,6.2848376,-0.00192823726,0.656249525,1.65877004,8.99999918,5.94500514,0.493651432,2.70223259e-15
0.00464119531,-7.65972306e-15,9.0,6.30485957,-0.0019381969,0.656229606,1.66116912,8.99999918,5.96860374,0.495457049,2.71634171e-15
0.00464219531,5.28562492e-16,9.0,6.32464533,-0.00194808003,0.65620984,1.66355173,8.99999918,5.99197742,0.497244038,2.73034401e-15
0.00464319531,-2.1740311e-15,9.0,6.34419448,-0.00195788625,0.656190228,1.66591781,8.99999918,6.01512568,0.499012362,2.74423891e-15
0.00464419531,-7.51353181e-15,9.0,6.36350667,-0.00196761518,0.65617077,1.6682673,8.99999918,6.03804801,0.500761984,2.75802582e-15
0.00464519531,7.47790285e-16,9.0,6.38258153,-0.00197726643,0.656151467,1.67060014,8.99999918,6.06074392,0.502492869,2.77170416e-15
0.00464619531,-2.32913066e-15,9.0,6.40141871,-0.00198683962,0.656132321,1.67291627,8.99999918,6.08321291,0.50420498,2.78527335e-15
0.00464719531,-7.35587265e-15,9.0,6.42001785,-0.00199633437,0.656113331,1.67521563,8.99999918,6.10545451,0.505898283,2.79873283e-15
0.00464819531,9.5954751e-16,9.0,6.43837862,-0.00200575031,0.656094499,1.67749817,8.99999918,6.12746824,0.507572744,2.81208202e-15
0.00464919531,-2.48458334e-15,9.0,6.45650069,-0.00201508707,0.656075826,1.67976384,8.99999918,6.14925362,0.509228328,2.82532037e-15
0.00465019531,-7.18696813e-15,9.0,6.47438373,-0.00202434428,0.656057311,1.68201257,8.99999918,6.17081021,0.510865002,2.83844732e-15
0.00465119531,1.16348799e-15,9.0,6.49202742,-0.00203352156,0.656038957,1.68424431,8.99999918,6.19213754,0.512482734,2.8514623e-15
0.00465219531,-2.63989074e-15,9.0,6.50943145,-0.00204261857,0.656020763,1.68645901,8.99999918,6.21323517,0.514081491,2.86436478e-15
0.00465319531,-7.0070646e-15,9.0,6.52659552,-0.00205163494,0.65600273,1.6886566,8.99999918,6.23410265,0.515661242,2.87715421e-15
0.00465419531,1.35928555e-15,9.0,6.54351932,-0.00206057031,0.655984859,1.69083705,8.99999918,6.25473955,0.517221956,2.88983004e-15
0.00465519531,-2.79455281e-15,9.0,6.56020256,-0.00206942434,0.655967151,1.69300028,8.99999918,6.27514544,0.518763602,2.90239176e-15
0.00465619531,-6.81643164e-15,9.0,6.57664497,-0.00207819667,0.655949607,1.69514626,8.99999918,6.29531991,0.520286151,2.91483881e-15
0.00465719531,1.54663473e-15,9.0,6.59284626,-0.00208688695,0.655932226,1.69727493,8.99999918,6.31526253,0.521789572,2.92717068e-15
0.00465819531,-2.94806898e-15,9.0,6.60880616,-0.00209549485,0.65591501,1.69938623,8.99999918,6.3349729,0.523273838,2.93938685e-15
0.00465919531,-6.61536155e-15,9.0,6.62452441,-0.00210402002,0.65589796,1.70148012,8.99999918,6.35445062,0.524738919,2.95148679e-15
0.00466019531,1.72525143e-15,9.0,6.64000075,-0.00211246213,0.655881076,1.70355654,8.99999918,6.37369529,0.526184788,2.96347001e-15
0.00466119531,-3.09993941e-15,9.0,6.65523493,-0.00212082084,0.655864358,1.70561545,8.99999918,6.39270652,0.527611418,2.97533599e-15
0.00466219531,-6.40416869e-15,9.0,6.6702267,-0.00212909583,0.655847808,1.70765679,8.99999918,6.41148394,0.529018781,2.98708422e-15
0.00466319531,1.89487351e-15,9.0,6.68497583,-0.00213728676,0.655831426,1.70968052,8.99999918,6.43002716,0.530406853,2.99871422e-15
0.00466419531,-3.24966613e-15,9.0,6.69948209,-0.00214539332,0.655815213,1.71168658,8.99999918,6.44833582,0.531775606,3.01022549e-15
0.00466519531,-6.18318884e-15,9.0,6.71374525,-0.00215341518,0.65579917,1.71367493,8.99999918,6.46640956,0.533125017,3.02161754e-15
0.00466619531,2.05526133e-15,9.0,6.72776509,-0.00216135202,0.655783296,1.71564552,8.99999918,6.48424801,0.53445506,3.03288989e-15
0.00466719531,-3.39675432e-15,9.0,6.7415414,-0.00216920354,0.655767593,1.71759831,8.99999918,6.50185083,0.53576571,3.04404206e-15
0.00466819531,-5.95277846e-15,9.0,6.75507398,-0.00217696943,0.655752061,1.71953324,8.99999918,6.51921768,0.537056946,3.05507358e-15
0.00466919531,2.20619825e-15,9.0,6.76836263,-0.00218464937,0.655736701,1.72145026,8.99999918,6.53634821,0.538328742,3.06598398e-15
0.00467019531,-3.54071343e-15,9.0,6.78140715,-0.00219224306,0.655721514,1.72334935,8.99999918,6.55324209,0.539581078,3.0767728e-15
0.00467119531,-5.71331393e-15,9.0,6.79420735,-0.00219975021,0.6557065,1.72523044,8.99999918,6.569899,0.54081393,3.08743958e-15
0.00467219531,2.3474911e-15,9.0,6.80676306,-0.00220717052,0.655691659,1.72709349,8.99999918,6.58631863,0.542027277,3.09798387e-15
0.00467319531,-3.6810584e-15,9.0,6.8190741,-0.00221450369,0.655676993,1.72893846,8.99999918,6.60250065,0.543221098,3.10840522e-15
0.00467419531,-5.46519077e-15,9.0,6.83114031,-0.00222174943,0.655662501,1.7307653,8.99999918,6.61844475,0.544395372,3.11870319e-15
0.00467519531,2.47897052e-15,9.0,6.84296152,-0.00222890747,0.655648185,1.73257398,8.99999918,6.63415065,0.54555008,3.12887734e-15
0.00467619531,-3.81731082e-15,9.0,6.85453757,-0.00223597751,0.655634045,1.73436444,8.99999918,6.64961804,0.546685201,3.13892724e-15
0.00467719531,-5.20882274e-15,9.0,6.86586832,-0.00224295928,0.655620081,1.73613665,8.99999918,6.66484663,0.547800716,3.14885246e-15
0.00467819531,2.60049132e-15,9.0,6.87695361,-0.0022498525,0.655606295,1.73789055,8.99999918,6.67983614,0.548896607,3.15865258e-15
0.00467919531,-3.9490001e-15,9.0,6.88779333,-0.0022566569,0.655592686,1.73962612,8.99999918,6.69458629,0.549972856,3.16832719e-15
0.00468019531,-4.94464098e-15,9.0,6.89838732,-0.00226337221,0.655579256,1.74134331,8.99999918,6.70909681,0.551029444,3.17787586e-15
0.00468119531,2.71193277e-15,9.0,6.90873547,-0.00226999817,0.655566004,1.74304208,8.99999918,6.72336743,0.552066355,3.18729821e-15
0.00468219531,-4.07566459e-15,9.0,6.91883765,-0.00227653451,0.655552931,1.74472239,8.99999918,6.7373979,0.553083572,3.19659382e-15
0.00468319531,-4.67309307e-15,9.0,6.92869375,-0.00228298098,0.655540038,1.74638419,8.99999918,6.75118796,0.554081078,3.2057623e-15
0.00468419531,2.81319879e-15,9.0,6.93830367,-0.00228933732,0.655527325,1.74802746,8.99999918,6.76473737,0.555058858,3.21480325e-15
0.00468519531,-4.19685268e-15,9.0,6.94766729,-0.00229560328,0.655514793,1.74965214,8.99999918,6.77804587,0.556016896,3.22371631e-15
0.00468619531,-4.39464203e-15,9.0,6.95678452,-0.00230177861,0.655502443,1.75125821,8.99999919,6.79111323,0.556955178,3.23250108e-15
0.00468719531,2.90421813e-15,9.0,6.96565527,-0.00230786308,0.655490274,1.75284561,8.99999919,6.80393922,0.557873688,3.24115719e-15
0.00468819531,-4.31212397e-15,9.0,6.97427946,-0.00231385643,0.655478287,1.75441433,8.99999919,6.81652361,0.558772414,3.24968427e-15
0.00468919531,-4.10976538e-15,9.0,6.982657,-0.00231975844,0.655466483,1.75596431,8.99999919,6.82886619,0.559651341,3.25808196e-15
0.00469019531,2.98494447e-15,9.0,6.99078782,-0.00232556886,0.655454862,1.75749552,8.99999919,6.84096674,0.560510456,3.2663499e-15
0.00469119531,-4.42105025e-15,9.0,6.99867185,-0.00233128748,0.655443425,1.75900793,8.99999919,6.85282505,0.561349747,3.27448775e-15
0.00469219531,-3.81895403e-15,9.0,7.00630902,-0.00233691406,0.655432172,1.7605015,8.99999919,6.86444091,0.562169202,3.28249514e-15
0.00469319531,3.05535647e-15,9.0,7.01369928,-0.00234244839,0.655421103,1.76197618,8.99999919,6.87581413,0.562968809,3.29037174e-15
0.00469419531,-4.52321662e-15,9.0,7.02084258,-0.00234789024,0.65541022,1.76343196,8.99999919,6.88694451,0.563748556,3.29811722e-15
0.00469519531,-3.52271125e-15,9.0,7.02773887,-0.00235323939,0.655399521,1.76486879,8.99999919,6.89783187,0.564508433,3.30573125e-15
0.00469619531,3.11545775e-15,9.0,7.0343881,-0.00235849565,0.655389009,1.76628664,8.99999919,6.90847603,0.56524843,3.31321349e-15
0.00469719531,-4.61822244e-15,9.0,7.04079025,-0.0023636588,0.655378682,1.76768548,8.99999919,6.91887681,0.565968536,3.32056363e-15
0.00469819531,-3.22155158e-15,9.0,7.04694527,-0.00236872863,0.655368543,1.76906527,8.99999919,6.92903403,0.566668741,3.32778136e-15
0.00469919531,3.16527684e-15,9.0,7.05285315,-0.00237370495,0.65535859,1.77042598,8.99999919,6.93894753,0.567349038,3.33486637e-15
0.00470019531,-4.70568236e-15,9.0,7.05851387,-0.00237858756,0.655348825,1.77176757,8.99999919,6.94861716,0.568009416,3.34181835e-15
0.00470119531,-2.91599968e-15,9.0,7.0639274,-0.00238337627,0.655339247,1.77309002,8.99999919,6.95804275,0.568649869,3.34863701e-15
0.00470219531,3.20486704e-15,9.0,7.06909375,-0.00238807088,0.655329858,1.77439329,8.99999919,6.96722416,0.569270388,3.35532206e-15
0.00470319531,-4.78522724e-15,9.0,7.0740129,-0.00239267122,0.655320658,1.77567735,8.99999919,6.97616124,0.569870965,3.36187321e-15
0.00470419531,-2.60658922e-15,9.0,7.07868486,-0.0023971771,0.655311646,1.77694217,8.99999919,6.98485385,0.570451594,3.36829018e-15
0.00470519531,3.23430624e-15,9.0,7.08310962,-0.00240158835,0.655302823,1.77818773,8.99999919,6.99330185,0.571012268,3.3745727e-15
0.00470619531,-4.85650508e-15,9.0,7.08728722,-0.00240590478,0.65529419,1.77941398,8.99999919,7.00150513,0.571552982,3.3807205e-15
0.00470719531,-2.29386168e-15,9.0,7.09121765,-0.00241012623,0.655285748,1.7806209,8.99999919,7.00946355,0.572073729,3.38673331e-15
0.00470819531,3.25369666e-15,9.0,7.09490095,-0.00241425254,0.655277495,1.78180847,8.99999919,7.01717699,0.572574504,3.39261089e-15
0.00470919531,-4.91918186e-15,9.0,7.09833713,-0.00241828353,0.655269433,1.78297664,8.99999919,7.02464534,0.573055302,3.39835297e-15
0.00471019531,-1.97836518e-15,9.0,7.10152624,-0.00242221906,0.655261562,1.7841254,8.99999919,7.0318685,0.57351612,3.40395931e-15
0.00471119531,3.26316459e-15,9.0,7.1044683,-0.00242605896,0.655253882,1.78525472,8.99999919,7.03884635,0.573956952,3.40942968e-15
0.00471219531,-4.97294239e-15,9.0,7.10716335,-0.00242980308,0.655246394,1.78636456,8.99999919,7.04557881,0.574377795,3.41476384e-15
0.00471319531,-1.66065329e-15,9.0,7.10961146,-0.00243345128,0.655239097,1.78745491,8.99999919,7.05206577,0.574778646,3.41996155e-15
0.00471419531,3.26286002e-15,9.0,7.11181266,-0.00243700341,0.655231993,1.78852573,8.99999919,7.05830714,0.575159503,3.42502261e-15
0.00471519531,-5.01749112e-15,9.0,7.11376701,-0.00244045933,0.655225081,1.78957699,8.99999919,7.06430286,0.575520362,3.42994678e-15
0.00471619531,-1.34128384e-15,9.0,7.11547458,-0.0024438189,0.655218362,1.79060868,8.99999919,7.07005282,0.575861222,3.43473387e-15
0.00471719531,3.25295621e-15,9.0,7.11693543,-0.002447082,0.655211836,1.79162077,8.99999919,7.07555697,0.576182081,3.43938366e-15
0.00471819531,-5.05255283e-15,9.0,7.11814964,-0.00245024849,0.655205503,1.79261322,8.99999919,7.08081524,0.576482938,3.44389595e-15
0.00471919531,-1.02081764e-15,9.0,7.11911727,-0.00245331825,0.655199363,1.79358603,8.99999919,7.08582755,0.576763792,3.44827057e-15
0.00472019531,3.23364928e-15,9.0,7.11983842,-0.00245629116,0.655193418,1.79453915,8.99999919,7.09059385,0.577024643,3.4525073e-15
0.00472119531,-5.07787335e-15,9.0,7.12031316,-0.0024591671,0.655187666,1.79547257,8.99999919,7.09511409,0.577265491,3.45660598e-15
0.00472219531,-6.99817328e-16,9.0,7.12054159,-0.00246194595,0.655182108,1.79638627,8.99999919,7.09938821,0.577486335,3.46056643e-15
0.00472319531,3.20515763e-15,9.0,7.1205238,-0.00246462761,0.655176745,1.79728021,8.99999919,7.10341618,0.577687178,3.46438848e-15
0.00472419531,-5.09322024e-15,9.0,7.12025989,-0.00246721197,0.655171576,1.79815439,8.99999919,7.10719796,0.577868019,3.46807197e-15
0.00472519531,-3.78846079e-16,9.0,7.11974998,-0.00246969893,0.655166602,1.79900877,8.99999919,7.1107335,0.578028862,3.47161673e-15
0.00472619531,3.16772144e-15,9.0,7.11899416,-0.00247208839,0.655161823,1.79984333,8.99999919,7.11402278,0.578169707,3.47502262e-15
0.00472719531,-5.09838332e-15,9.0,7.11799256,-0.00247438026,0.655157239,1.80065806,8.99999919,7.11706578,0.578290556,3.47828949e-15
0.00472819531,-5.84664146e-17,9.0,7.11674529,-0.00247657444,0.655152851,1.80145293,8.99999919,7.11986247,0.578391414,3.4814172e-15
0.00472919531,3.121602e-15,9.0,7.11525248,-0.00247867085,0.655148658,1.80222791,8.99999919,7.12241284,0.578472282,3.48440561e-15
0.00473019531,-5.0931753e-15,9.0,7.11351425,-0.00248066941,0.655144661,1.802983,8.99999919,7.12471688,0.578533164,3.48725461e-15
0.00473119531,2.60761043e-16,9.0,7.11153075,-0.00248257003,0.65514086,1.80371816,8.99999919,7.12677458,0.578574065,3.48996406e-15
0.00473219531,3.0670811e-15,9.0,7.1093021,-0.00248437265,0.655137255,1.80443339,8.99999919,7.12858594,0.578594988,3.49253384e-15
0.00473319531,-5.07743218e-15,9.0,7.10682846,-0.00248607719,0.655133846,1.80512865,8.99999919,7.13015097,0.578595938,3.49496386e-15
0.00473419531,5.78278789e-16,9.0,7.10410996,-0.00248768358,0.655130633,1.80580394,8.99999919,7.13146967,0.57857692,3.497254e-15
0.00473519531,3.00446024e-15,9.0,7.10114677,-0.00248919176,0.655127616,1.80645923,8.99999919,7.13254206,0.57853794,3.49940417e-15
0.00473619531,-5.05101378e-15,9.0,7.09793903,-0.00249060168,0.655124797,1.8070945,8.99999919,7.13336816,0.578479003,3.50141427e-15
0.00473719531,8.93533658e-16,9.0,7.09448692,-0.00249191326,0.655122173,1.80770974,8.99999919,7.13394798,0.578400115,3.50328423e-15
0.00473819531,2.93405997e-15,9.0,7.09079058,-0.00249312648,0.655119747,1.80830493,8.99999919,7.13428156,0.578301284,3.50501395e-15
0.00473919531,-5.01380407e-15,9.0,7.08685021,-0.00249424126,0.655117517,1.80888005,8.99999919,7.13436892,0.578182515,3.50660336e-15
0.00474019531,1.20597802e-15,9.0,7.08266597,-0.00249525758,0.655115485,1.80943509,8.99999919,7.13421011,0.578043817,3.5080524e-15
0.00474119531,2.856219e-15,9.0,7.07823804,-0.0024961754,0.655113649,1.80997002,8.99999919,7.13380516,0.577885197,3.50936101e-15
0.00474219531,-4.96571153e-15,9.0,7.0735666,-0.00249699466,0.655112011,1.81048485,8.99999919,7.13315413,0.577706663,3.51052912e-15
0.00474319531,1.51507099e-15,9.0,7.06865185,-0.00249771535,0.655110569,1.81097954,8.99999919,7.13225705,0.577508223,3.51155669e-15
0.00474419531,2.77129341e-15,9.0,7.06349398,-0.00249833744,0.655109325,1.81145408,8.99999919,7.131114,0.577289887,3.51244368e-15
0.00474519531,-4.90666941e-15,9.0,7.05809319,-0.00249886089,0.655108278,1.81190846,8.99999919,7.12972502,0.577051663,3.51319003e-15
0.00474619531,1.8202796e-15,9.0,7.05244967,-0.00249928569,0.655107429,1.81234266,8.99999919,7.12809018,0.576793561,3.51379574e-15
0.00474719531,2.67965576e-15,9.0,7.04656365,-0.00249961183,0.655106776,1.81275668,8.99999919,7.12620955,0.576515592,3.51426076e-15
0.00474819531,-4.83663595e-15,9.0,7.04043532,-0.00249983928,0.655106321,1.81315049,8.99999919,7.12408321,0.576217764,3.51458508e-15
0.00474919531,2.12107994e-15,9.0,7.0340649,-0.00249996805,0.655106064,1.81352409,8.99999919,7.12171124,0.57590009,3.51476868e-15
0.00475019531,2.58169415e-15,9.0,7.02745262,-0.00249999812,0.655106004,1.81387746,8.99999919,7.11909371,0.57556258,3.51481156e-15
0.00475119531,-4.75559454e-15,9.0,7.02059871,-0.0024999295,0.655106141,1.81421058,8.99999919,7.11623071,0.575205245,3.51471371e-15
0.00475219531,2.41695832e-15,9.0,7.01350338,-0.00249976218,0.655106476,1.81452346,8.99999919,7.11312234,0.574828098,3.51447514e-15
0.00475319531,2.47781127e-15,9.0,7.00616687,-0.00249949617,0.655107008,1.81481606,8.99999919,7.1097687,0.57443115,3.51409585e-15
0.00475419531,-4.66355384e-15,9.0,6.99858943,-0.0024991315,0.655107737,1.81508839,8.99999919,7.10616989,0.574014414,3.51357588e-15
0.00475519531,2.7074124e-15,9.0,6.9907713,-0.00249866815,0.655108664,1.81534044,8.99999919,7.102326,0.573577903,3.51291523e-15
0.00475619531,2.36842342e-15,9.0,6.98271272,-0.00249810617,0.655109788,1.81557219,8.99999919,7.09823716,0.573121631,3.51211393e-15
0.00475719531,-4.56054781e-15,9.0,6.97441395,-0.00249744557,0.655111109,1.81578363,8.99999919,7.09390349,0.57264561,3.51117203e-15
0.00475819531,2.99195221e-15,9.0,6.96587524,-0.00249668637,0.655112627,1.81597475,8.99999919,7.08932509,0.572149856,3.51008955e-15
0.00475919531,2.25395948e-15,9.0,6.95709686,-0.0024958286,0.655114343,1.81614555,8.99999919,7.08450209,0.571634382,3.50886655e-15
0.00476019531,-4.4466357e-15,9.0,6.94807907,-0.0024948723,0.655116255,1.81629601,8.99999919,7.07943464,0.571099203,3.50750308e-15
0.00476119531,3.27010131e-15,9.0,6.93882214,-0.00249381752,0.655118365,1.81642612,8.99999919,7.07412285,0.570544334,3.5059992e-15
0.00476219531,2.13485986e-15,9.0,6.92932634,-0.00249266428,0.655120671,1.81653589,8.99999919,7.06856687,0.569969791,3.50435497e-15
0.00476319531,-4.32190197e-15,9.0,6.91959196,-0.00249141263,0.655123175,1.8166253,8.99999919,7.06276684,0.569375591,3.50257046e-15
0.00476419531,3.54139773e-15,9.0,6.90961928,-0.00249006262,0.655125875,1.81669434,8.99999919,7.05672291,0.568761748,3.50064575e-15
0.00476519531,2.01157543e-15,9.0,6.89940858,-0.00248861432,0.655128771,1.816743,8.99999919,7.05043523,0.56812828,3.49858092e-15
0.00476619531,-4.18645617e-15,9.0,6.88896017,-0.00248706776,0.655131864,1.81677129,8.99999919,7.04390397,0.567475204,3.49637607e-15
0.00476719531,3.80539503e-15,9.0,6.87827433,-0.00248542303,0.655135154,1.81677919,8.99999919,7.03712928,0.566802537,3.49403127e-15
0.00476819531,1.8845664e-15,9.0,6.86735137,-0.00248368017,0.65513864,1.8167667,8.99999919,7.03011133,0.566110297,3.49154664e-15
0.00476919531,-4.04043277e-15,9.0,6.8561916,-0.00248183926,0.655142321,1.81673381,8.99999919,7.02285029,0.565398502,3.48892229e-15
0.00477019531,4.06166323e-15,9.0,6.84479532,-0.00247990037,0.655146199,1.81668051,8.99999919,7.01534634,0.564667171,3.48615832e-15
0.00477119531,1.75430122e-15,9.0,6.83316286,-0.00247786358,0.655150273,1.81660682,8.99999919,7.00759965,0.563916322,3.48325485e-15
0.00477219531,-3.88399087e-15,9.0,6.82129452,-0.00247572896,0.655154542,1.81651271,8.99999919,6.99961043,0.563145975,3.480212e-15
0.00477319531,4.30978972e-15,9.0,6.80919064,-0.00247349661,0.655159007,1.81639818,8.99999919,6.99137884,0.56235615,3.47702992e-15
0.00477419531,1.62125542e-15,9.0,6.79685155,-0.00247116661,0.655163667,1.81626324,8.99999919,6.9829051,0.561546866,3.47370873e-15
0.00477519531,-3.71731396e-15,9.0,6.78427757,-0.00246873906,0.655168522,1.81610788,8.99999919,6.9741894,0.560718144,3.47024857e-15
0.00477619531,4.54938019e-15,9.0,6.77146905,-0.00246621404,0.655173572,1.81593209,8.99999919,6.96523195,0.559870005,3.4666496e-15
0.00477719531,1.48591047e-15,9.0,6.75842633,-0.00246359166,0.655178817,1.81573588,8.99999919,6.95603294,0.55900247,3.46291197e-15
0.00477819531,-3.54060951e-15,9.0,6.74514975,-0.00246087202,0.655184256,1.81551924,8.99999919,6.94659261,0.55811556,3.45903584e-15
0.00477919531,4.78005944e-15,9.0,6.73163968,-0.00245805523,0.65518989,1.81528217,8.99999919,6.93691117,0.557209298,3.45502137e-15
0.00478019531,1.3487526e-15,9.0,6.71789645,-0.0024551414,0.655195717,1.81502468,8.99999919,6.92698883,0.556283706,3.45086874e-15
0.00478119531,-3.35410859e-15,9.0,6.70392044,-0.00245213064,0.655201739,1.81474675,8.99999919,6.91682584,0.555338806,3.44657812e-15
0.00478219531,5.00147215e-15,9.0,6.68971201,-0.00244902308,0.655207954,1.81444839,8.99999919,6.90642242,0.554374621,3.44214971e-15
0.00478319531,1.21027161e-15,9.0,6.67527153,-0.00244581884,0.655214362,1.81412961,8.99999919,6.89577881,0.553391176,3.43758368e-15
0.00478419531,-3.15806536e-15,9.0,6.66059938,-0.00244251804,0.655220964,1.81379039,8.99999919,6.88489526,0.552388494,3.43288023e-15
0.00478519531,5.21328372e-15,9.0,6.64569593,-0.00243912081,0.655227758,1.81343075,8.99999919,6.87377201,0.551366598,3.42803957e-15
0.00478619531,1.0709597e-15,9.0,6.63056157,-0.00243562729,0.655234745,1.81305068,8.99999919,6.86240931,0.550325515,3.4230619e-15
0.00478719531,-2.95275663e-15,9.0,6.61519669,-0.00243203762,0.655241925,1.81265019,8.99999919,6.85080743,0.549265268,3.41794744e-15
0.00478819531,5.41518087e-15,9.0,6.59960168,-0.00242835193,0.655249296,1.81222928,8.99999919,6.83896662,0.548185883,3.4126964e-15
0.00478919531,9.31310261e-16,9.0,6.58377693,-0.00242457038,0.655256859,1.81178794,8.99999919,6.82688715,0.547087387,3.40730901e-15
0.00479019531,-2.7384812e-15,9.0,6.56772286,-0.00242069311,0.655264614,1.8113262,8.99999919,6.8145693,0.545969804,3.40178549e-15
0.00479119531,5.60687238e-15,9.0,6.55143987,-0.00241672027,0.655272559,1.81084404,8.99999919,6.80201334,0.544833163,3.3961261e-15
0.00479219531,7.91816678e-16,9.0,6.53492837,-0.00241265203,0.655280696,1.81034147,8.99999919,6.78921956,0.543677489,3.39033106e-15
0.00479319531,-2.51555928e-15,9.0,6.51818877,-0.00240848854,0.655289023,1.8098185,8.99999919,6.77618824,0.542502811,3.38440063e-15
0.00479419531,5.78808964e-15,9.0,6.50122151,-0.00240422996,0.65529754,1.80927513,8.99999919,6.76291967,0.541309156,3.37833505e-15
0.00479519531,6.52971141e-16,9.0,6.484027,-0.00239987647,0.655306247,1.80871137,8.99999919,6.74941415,0.540096551,3.3721346e-15
0.00479619531,-2.28433184e-15,9.0,6.46660568,-0.00239542824,0.655315144,1.80812722,8.99999919,6.73567199,0.538865027,3.36579952e-15
0.00479719531,5.95858725e-15,9.0,6.44895798,-0.00239088544,0.655324229,1.80752269,8.99999919,6.72169348,0.537614611,3.35933011e-15
0.00479819531,5.15263445e-16,9.0,6.43108435,-0.00238624825,0.655333504,1.80689779,8.99999919,6.70747895,0.536345334,3.35272662e-15
0.00479919531,-2.04515983e-15,9.0,6.41298522,-0.00238151686,0.655342966,1.80625252,8.99999919,6.69302871,0.535057224,3.34598934e-15
0.00480019531,6.11814348e-15,9.0,6.39466106,-0.00237669145,0.655352617,1.8055869,8.99999919,6.67834309,0.533750312,3.33911857e-15
0.00480119531,3.79179806e-16,9.0,6.37611231,-0.00237177221,0.655362456,1.80490092,8.99999919,6.6634224,0.53242463,3.33211459e-15
0.00480219531,-1.79842346e-15,9.0,6.35733944,-0.00236675934,0.655372481,1.8041946,8.99999919,6.64826698,0.531080207,3.3249777e-15
0.00480319531,6.26656074e-15,9.0,6.3383429,-0.00236165303,0.655382694,1.80346795,8.99999919,6.63287718,0.529717075,3.31770821e-15
0.00480419531,2.45201676e-16,9.0,6.31912318,-0.00235645348,0.655393093,1.80272097,8.99999919,6.61725333,0.528335266,3.31030643e-15
0.00480519531,-1.54452136e-15,9.0,6.29968075,-0.00235116091,0.655403678,1.80195368,8.99999919,6.60139578,0.526934812,3.30277267e-15
0.00480619531,6.40366597e-15,9.0,6.28001608,-0.00234577552,0.655414449,1.80116608,8.99999919,6.58530489,0.525515747,3.29510726e-15
0.00480719531,1.1380458e-16,9.0,6.26012966,-0.00234029753,0.655425405,1.80035819,8.99999919,6.56898101,0.524078102,3.28731052e-15
0.00480819531,-1.28386976e-15,9.0,6.24002198,-0.00233472714,0.655436546,1.79953002,8.99999919,6.55242451,0.522621912,3.27938279e-15
0.00480919531,6.52931098e-15,9.0,6.21969353,-0.00232906458,0.655447871,1.79868158,8.99999919,6.53563575,0.521147211,3.27132439e-15
0.00481019531,-1.45430398e-17,9.0,6.19914482,-0.00232331007,0.65545938,1.79781289,8.99999919,6.51861512,0.519654032,3.26313569e-15
0.00481119531,-1.01690154e-15,9.0,6.17837635,-0.00231746384,0.655471072,1.79692394,8.99999919,6.50136299,0.518142411,3.25481702e-15
0.00481219531,6.64337271e-15,9.0,6.15738863,-0.00231152613,0.655482948,1.79601477,8.99999919,6.48387975,0.516612382,3.24636874e-15
0.00481319531,-1.39380962e-16,9.0,6.13618218,-0.00230549715,0.655495006,1.79508537,8.99999919,6.46616579,0.515063983,3.23779121e-15
0.00481419531,-7.44065353e-16,9.0,6.11475751,-0.00229937716,0.655507246,1.79413577,8.99999919,6.4482215,0.513497247,3.2290848e-15
0.00481519531,6.74575348e-15,9.0,6.09311515,-0.0022931664,0.655519667,1.79316599,8.99999919,6.43004729,0.511912213,3.22024988e-15
0.00481619531,-2.60258301e-16,9.0,6.07125563,-0.0022868651,0.65553227,1.79217602,8.99999919,6.41164356,0.510308916,3.21128682e-15
0.00481719531,-4.65824625e-16,9.0,6.04917949,-0.00228047353,0.655545053,1.7911659,8.99999919,6.39301072,0.508687395,3.202196e-15
0.00481819531,6.83638114e-15,9.0,6.02688726,-0.00227399192,0.655558016,1.79013563,8.99999919,6.37414919,0.507047687,3.19297781e-15
0.00481919531,-3.76734608e-16,9.0,6.0043795,-0.00226742054,0.655571159,1.78908524,8.99999919,6.35505941,0.50538983,3.18363265e-15
0.00482019531,-1.8265655e-16,9.0,5.98165676,-0.00226075965,0.655584481,1.78801473,8.99999919,6.33574178,0.503713863,3.17416091e-15
0.00482119531,6.91520916e-15,9.0,5.95871958,-0.00225400951,0.655597981,1.78692413,8.99999919,6.31619676,0.502019825,3.16456299e-15
0.00482219531,-4.88380937e-16,9.0,5.93556854,-0.00224717038,0.655611659,1.78581346,8.99999919,6.29642478,0.500307756,3.15483931e-15
0.00482319531,1.04948943e-16,9.0,5.9122042,-0.00224024254,0.655625515,1.78468273,8.99999919,6.27642628,0.498577695,3.14499027e-15
0.00482419531,6.98221672e-15,9.0,5.88862713,-0.00223322625,0.655639547,1.78353197,8.99999919,6.25620172,0.496829684,3.13501629e-15
0.00482519531,-5.94780893e-16,9.0,5.86483791,-0.0022261218,0.655653756,1.78236118,8.99999919,6.23575156,0.495063763,3.12491781e-15
0.00482619531,3.96490257e-16,9.0,5.84083713,-0.00221892947,0.655668141,1.7811704,8.99999919,6.21507625,0.493279973,3.11469524e-15
0.00482719531,7.03740865e-15,9.0,5.81662537,-0.00221164954,0.655682701,1.77995963,8.99999919,6.19417627,0.491478356,3.10434902e-15
0.00482819531,-6.95531646e-16,9.0,5.79220322,-0.0022042823,0.655697435,1.77872892,8.99999919,6.17305209,0.489658955,3.09387959e-15
0.00482919531,6.91455223e-16,9.0,5.76757129,-0.00219682804,0.655712344,1.77747826,8.99999919,6.15170419,0.487821812,3.0832874e-15
0.00483019531,7.08081542e-15,9.0,5.74273019,-0.00218928704,0.655727426,1.77620769,8.99999919,6.13013305,0.485966971,3.0725729e-15
0.00483119531,-7.90244913e-16,9.0,5.71768052,-0.00218165962,0.655742681,1.77491723,8.99999919,6.10833918,0.484094475,3.06173653e-15
0.00483219531,9.8932222e-16,9.0,5.69242289,-0.00217394608,0.655758108,1.77360691,8.99999919,6.08632306,0.482204368,3.05077876e-15
0.00483319531,7.11249293e-15,9.0,5.66695793,-0.0021661467,0.655773707,1.77227673,8.99999919,6.0640852,0.480296695,3.03970005e-15
0.00483419531,-8.7854791e-16,9.0,5.64128628,-0.00215826182,0.655789476,1.77092674,8.99999919,6.04162611,0.478371502,3.02850088e-15
0.00483519531,1.28956131e-15,9.0,5.61540855,-0.00215029172,0.655805417,1.76955695,8.99999919,6.01894631,0.476428832,3.01718172e-15
0.00483619531,7.13252242e-15,9.0,5.58932539,-0.00214223674,0.655821527,1.76816739,8.99999919,5.99604631,0.474468734,3.00574304e-15
0.00483719531,-9.60084262e-16,9.0,5.56303744,-0.00213409719,0.655837806,1.76675809,8.99999919,5.97292665,0.472491252,2.99418534e-15
0.00483819531,1.59163542e-15,9.0,5.53654536,-0.00212587338,0.655854253,1.76532906,8.99999919,5.94958785,0.470496435,2.98250909e-15
0.00483919531,7.14101016e-15,9.0,5.50984979,-0.00211756565,0.655870869,1.76388035,8.99999919,5.92603047,0.468484329,2.9707148e-15
0.00484019531,-1.03451488e-15,9.0,5.4829514,-0.00210917432,0.655887651,1.76241196,8.99999919,5.90225504,0.466454983,2.95880297e-15
0.00484119531,1.89500149e-15,9.0,5.45585086,-0.00210069973,0.655904601,1.76092394,8.99999919,5.87826211,0.464408445,2.9467741e-15
0.00484219531,7.13808717e-15,9.0,5.42854884,-0.0020921422,0.655921716,1.75941631,8.99999919,5.85405225,0.462344764,2.93462869e-15
0.00484319531,-1.10151879e-15,9.0,5.40104602,-0.00208350208,0.655938996,1.7578891,8.99999919,5.82962602,0.460263989,2.92236726e-15
0.00484419531,2.1991117e-15,9.0,5.37334309,-0.00207477971,0.655956441,1.75634234,8.99999919,5.80498399,0.458166171,2.90999034e-15
0.00484519531,7.12390887e-15,9.0,5.34544072,-0.00206597542,0.655974049,1.75477606,8.99999919,5.78012673,0.456051359,2.89749843e-15
0.00484619531,-1.16079395e-15,9.0,5.31733963,-0.00205708958,0.655991821,1.75319029,8.99999919,5.75505484,0.453919605,2.88489208e-15
0.00484719531,2.50341464e-15,9.0,5.28904051,-0.00204812252,0.656009755,1.75158506,8.99999919,5.72976889,0.45177096,2.87217181e-15
0.00484819531,7.09865465e-15,9.0,5.26054407,-0.00203907461,0.656027851,1.7499604,8.99999919,5.70426949,0.449605477,2.85933815e-15
0.00484919531,-1.21205794e-15,9.0,5.23185102,-0.0020299462,0.656046108,1.74831635,8.99999918,5.67855724,0.447423207,2.84639166e-15
0.00485019531,2.80735654e-15,9.0,5.20296209,-0.00202073766,0.656064525,1.74665294,8.99999918,5.65263275,0.445224203,2.83333287e-15
0.00485119531,7.06252746e-15,9.0,5.17387801,-0.00201144933,0.656083101,1.74497019,8.99999918,5.62649663,0.443008519,2.82016235e-15
0.00485219531,-1.25504872e-15,9.0,5.1445995,-0.0020020816,0.656101837,1.74326815,8.99999918,5.60014951,0.44077621,2.80688063e-15
0.00485319531,3.11038252e-15,9.0,5.1151273,-0.00199263483,0.65612073,1.74154685,8.99999918,5.573592,0.438527328,2.79348829e-15
0.00485419531,7.01575321e-15,9.0,5.08546216,-0.00198310939,0.656139781,1.73980633,8.99999918,5.54682476,0.43626193,2.77998589e-15
0.00485519531,-1.28952529e-15,9.0,5.05560483,-0.00197350566,0.656158989,1.73804662,8.99999918,5.51984841,0.433980072,2.76637399e-15
0.00485619531,3.41193775e-15,9.0,5.02555607,-0.00196382402,0.656178352,1.73626775,8.99999918,5.49266362,0.431681808,2.75265317e-15
0.00485719531,6.95858025e-15,9.0,4.99531664,-0.00195406486,0.65619787,1.73446977,8.99999918,5.46527102,0.429367196,2.73882401e-15
0.00485819531,-1.31526822e-15,9.0,4.9648873,-0.00194422855,0.656217543,1.7326527,8.99999918,5.43767129,0.427036293,2.72488709e-15
0.00485919531,3.71146874e-15,9.0,4.93426885,-0.00193431549,0.656237369,1.7308166,8.99999918,5.4098651,0.424689156,2.71084299e-15
0.00486019531,6.89127875e-15,9.0,4.90346205,-0.00192432606,0.656257348,1.7289615,8.99999918,5.38185311,0.422325844,2.6966923e-15
0.00486119531,-1.3320803e-15,9.0,4.8724677,-0.00191426066,0.656277479,1.72708744,8.99999918,5.35363601,0.419946416,2.68243563e-15
0.00486219531,4.00842449e-15,9.0,4.84128659,-0.00190411969,0.656297761,1.72519445,8.99999918,5.32521449,0.41755093,2.66807356e-15
0.00486319531,6.81414001e-15,9.0,4.80991952,-0.00189390355,0.656318193,1.72328258,8.99999918,5.29658924,0.415139447,2.65360671e-15
0.00486419531,-1.33978697e-15,9.0,4.7783673,-0.00188361265,0.656338775,1.72135187,8.99999918,5.26776097,0.412712027,2.63903568e-15
0.00486519531,4.30225779e-15,9.0,4.74663075,-0.00187324738,0.656359505,1.71940236,8.99999918,5.23873039,0.41026873,2.62436108e-15
0.00486619531,6.72747575e-15,9.0,4.71471069,-0.00186280815,0.656380384,1.7174341,8.99999918,5.2094982,0.407809619,2.60958352e-15
0.00486719531,-1.33823681e-15,9.0,4.68260794,-0.00185229539,0.656401409,1.71544712,8.99999918,5.18006515,0.405334755,2.59470363e-15
0.00486819531,4.59242637e-15,9.0,4.65032334,-0.0018417095,0.656422581,1.71344147,8.99999918,5.15043195,0.402844202,2.57972204e-15
0.00486919531,6.63161734e-15,9.0,4.61785772,-0.00183105091,0.656443898,1.7114172,8.99999918,5.12059934,0.400338021,2.56463936e-15
0.00487019531,-1.32730193e-15,9.0,4.58521194,-0.00182032003,0.65646536,1.70937435,8.99999918,5.09056807,0.397816277,2.54945623e-15
0.00487119531,4.8783941e-15,9.0,4.55238685,-0.00180951728,0.656486965,1.70731297,8.99999918,5.06033889,0.395279033,2.53417328e-15
0.00487219531,6.52691501e-15,9.0,4.51938331,-0.0017986431,0.656508714,1.70523309,8.99999918,5.02991255,0.392726356,2.51879117e-15
0.00487319531,-1.30687828e-15,9.0,4.48620219,-0.00178769791,0.656530604,1.70313478,8.99999918,4.99928983,0.39015831,2.50331052e-15
0.00487419531,5.15963221e-15,9.0,4.45284435,-0.00177668214,0.656552636,1.70101807,8.99999918,4.9684715,0.387574961,2.48773199e-15
0.00487519531,6.41373696e-15,9.0,4.41931069,-0.00176559624,0.656574808,1.69888301,8.99999918,4.93745834,0.384976376,2.47205623e-15
0.00487619531,-1.27688598e-15,9.0,4.38560209,-0.00175444063,0.656597119,1.69672966,8.99999918,4.90625113,0.382362621,2.45628389e-15
0.00487719531,5.43562042e-15,9.0,4.35171943,-0.00174321576,0.656619568,1.69455806,8.99999918,4.87485067,0.379733766,2.44041564e-15
0.00487819531,6.29246852e-15,9.0,4.31766363,-0.00173192207,0.656642156,1.69236827,8.99999918,4.84325776,0.377089876,2.42445213e-15
0.00487919531,-1.23726954e-15,9.0,4.28343559,-0.00172056001,0.65666488,1.69016033,8.99999918,4.81147321,0.374431023,2.40839404e-15
0.00488019531,5.70584812e-15,9.0,4.24903623,-0.00170913002,0.65668774,1.68793429,8.99999918,4.77949785,0.371757275,2.39224202e-15
0.00488119531,6.16351117e-15,9.0,4.21446646,-0.00169763256,0.656710735,1.68569021,8.99999918,4.74733249,0.369068701,2.37599676e-15
0.00488219531,-1.187998e-15,9.0,4.17972722,-0.00168606808,0.656733864,1.68342815,8.99999918,4.71497796,0.366365374,2.35965894e-15
0.00488319531,5.96981551e-15,9.0,4.14481945,-0.00167443704,0.656757126,1.68114814,8.99999918,4.68243511,0.363647363,2.34322923e-15
0.00488419531,6.0272816e-15,9.0,4.10974407,-0.00166273989,0.65678052,1.67885026,8.99999918,4.64970478,0.360914741,2.32670832e-15
0.00488519531,-1.12906506e-15,9.0,4.07450205,-0.0016509771,0.656804046,1.67653455,8.99999918,4.61678783,0.358167581,2.3100969e-15
0.00488619531,6.22703463e-15,9.0,4.03909434,-0.00163914913,0.656827702,1.67420107,8.99999918,4.58368512,0.355405954,2.29339565e-15
0.00488719531,5.88421073e-15,9.0,4.0035219,-0.00162725645,0.656851487,1.67184987,8.99999918,4.55039752,0.352629935,2.27660528e-15
0.00488819531,-1.06048917e-15,9.0,3.96778571,-0.00161529953,0.656875401,1.66948101,8.99999918,4.5169259,0.349839599,2.25972649e-15
0.00488919531,6.47703056e-15,9.0,3.93188674,-0.00160327885,0.656899442,1.66709456,8.99999918,4.48327116,0.347035019,2.24275996e-15
0.00489019531,5.73474262e-15,9.0,3.89582598,-0.00159119486,0.65692361,1.66469056,8.99999918,4.44943418,0.344216271,2.22570642e-15
0.00489119531,-9.82313489e-16,9.0,3.85960442,-0.00157904806,0.656947904,1.66226908,8.99999918,4.41541586,0.341383431,2.20856656e-15
0.00489219531,6.71934234e-15,9.0,3.82322305,-0.00156683892,0.656972322,1.65983018,8.99999918,4.38121712,0.338536577,2.1913411e-15
0.00489319531,5.57933345e-15,9.0,3.7866829,-0.00155456793,0.656996864,1.65737391,8.99999918,4.34683887,0.335675784,2.17403076e-15
0.00489419531,-8.9460583e-16,9.0,3.74998496,-0.00154223556,0.657021529,1.65490035,8.99999918,4.31228203,0.332801132,2.15663625e-15
0.00489519531,6.9535241e-15,9.0,3.71313026,-0.00152984231,0.657046315,1.65240954,8.99999918,4.27754754,0.329912698,2.1391583e-15
0.00489619531,5.41845043e-15,9.0,3.67611984,-0.00151738866,0.657071223,1.64990156,8.99999918,4.24263633,0.327010561,2.12159762e-15
0.00489719531,-7.97458563e-16,9.0,3.63895471,-0.00150487511,0.65709625,1.64737646,8.99999917,4.20754935,0.324094802,2.10395495e-15
0.00489819531,7.17914597e-15,9.0,3.60163594,-0.00149230215,0.657121396,1.64483432,8.99999917,4.17228757,0.321165501,2.08623102e-15
0.00489919531,5.2525707e-15,9.0,3.56416457,-0.00147967027,0.657146659,1.64227519,8.99999917,4.13685193,0.318222739,2.06842656e-15
0.00490019531,-6.90988429e-16,9.0,3.52654165,-0.00146697998,0.65717204,1.63969914,8.99999917,4.10124342,0.315266597,2.0505423e-15
0.00490119531,7.39579508e-15,9.0,3.48876825,-0.00145423178,0.657197536,1.63710624,8.99999917,4.06546301,0.312297158,2.032579e-15
0.00490219531,5.08218013e-15,9.0,3.45084545,-0.00144142617,0.657223148,1.63449655,8.99999917,4.02951169,0.309314505,2.01453739e-15
0.00490319531,-5.75336313e-16,9.0,3.41277432,-0.00142856365,0.657248873,1.63187015,8.99999917,3.99339045,0.30631872,1.99641821e-15
0.00490419531,7.60307642e-15,9.0,3.37455596,-0.00141564473,0.657274711,1.6292271,8.99999917,3.95710031,0.303309889,1.97822222e-15
0.00490519531,4.90777225e-15,9.0,3.33619145,-0.00140266993,0.65730066,1.62656746,8.99999917,3.92064226,0.300288096,1.95995016e-15
0.00490619531,-4.50666952e-16,9.0,3.29768191,-0.00138963975,0.657326721,1.62389132,8.99999917,3.88401734,0.297253427,1.94160279e-15
0.00490719531,7.80061377e-15,9.0,3.25902843,-0.00137655471,0.657352891,1.62119873,8.99999917,3.84722657,0.294205967,1.92318088e-15
0.00490819531,4.72984705e-15,9.0,3.22023215,-0.00136341533,0.657379169,1.61848978,8.99999917,3.81027098,0.291145803,1.90468516e-15
0.00490919531,-3.17168597e-16,9.0,3.18129417,-0.00135022212,0.657405556,1.61576453,8.99999917,3.77315162,0.288073024,1.88611642e-15
0.00491019531,7.98805049e-15,9.0,3.14221565,-0.0013369756,0.657432049,1.61302306,8.99999917,3.73586955,0.284987716,1.86747542e-15
0.00491119531,4.54890975e-15,9.0,3.10299771,-0.00132367631,0.657458647,1.61026544,8.99999917,3.69842581,0.281889969,1.84876291e-15
0.00491219531,-1.75052612e-16,9.0,3.0636415,-0.00131032476,0.65748535,1.60749175,8.99999917,3.6608215,0.278779872,1.82997968e-15
0.00491319531,8.1650503e-15,9.0,3.02414819,-0.00129692148,0.657512157,1.60470205,8.99999917,3.62305767,0.275657514,1.8111265e-15
0.00491419531,4.36546968e-15,9.0,2.98451893,-0.001283467,0.657539066,1.60189643,8.99999917,3.58513542,0.272522987,1.79220413e-15
0.00491519531,-2.4553023e-17,9.0,2.94475489,-0.00126996185,0.657566076,1.59907497,8.99999917,3.54705584,0.269376382,1.77321336e-15
0.00491619531,8.33129807e-15,9.0,2.90485727,-0.00125640656,0.657593187,1.59623773,8.99999917,3.50882003,0.266217791,1.75415498e-15
0.00491719531,4.18003903e-15,9.0,2.86482723,-0.00124280168,0.657620397,1.59338481,8.99999917,3.4704291,0.263047306,1.73502975e-15
0.00491819531,1.34073989e-16,9.0,2.82466597,-0.00122914773,0.657647705,1.59051627,8.99999917,3.43188418,0.259865021,1.71583847e-15
0.00491919531,8.48650044e-15,9.0,2.78437471,-0.00121544525,0.657675109,1.5876322,8.99999917,3.3931864,0.256671029,1.69658193e-15
0.00492019531,3.99313165e-15,9.0,2.74395464,-0.00120169479,0.65770261,1.58473268,8.99999917,3.35433687,0.253465426,1.67726091e-15
0.00492119531,3.00550646e-16,9.0,2.70340698,-0.00118789689,0.657730206,1.58181778,8.99999917,3.31533676,0.250248306,1.6578762e-15
0.00492219531,8.63038654e-15,9.0,2.66273297,-0.0011740521,0.657757896,1.57888761,8.99999917,3.27618722,0.247019766,1.63842861e-15
0.00492319531,3.80526186e-15,9.0,2.62193382,-0.00116016095,0.657785678,1.57594222,8.99999917,3.2368894,0.243779902,1.61891892e-15
0.00492419531,4.74578179e-16,9.0,2.58101079,-0.00114622401,0.657813552,1.57298172,8.99999917,3.19744448,0.240528811,1.59934794e-15
0.00492519531,8.76270851e-15,9.0,2.53996512,-0.00113224181,0.657841516,1.57000617,8.99999917,3.15785363,0.237266592,1.57971646e-15
0.00492619531,3.61694321e-15,9.0,2.49879807,-0.00111821492,0.65786957,1.56701568,8.99999917,3.11811805,0.233993342,1.5600253e-15
0.00492719531,6.55837489e-16,9.0,2.4575109,-0.00110414387,0.657897712,1.56401032,8.99999917,3.07823892,0.230709162,1.54027524e-15
0.00492819531,8.88324211e-15,9.0,2.41610489,-0.00109002924,0.657925942,1.56099018,8.99999917,3.03821746,0.227414151,1.52046711e-15
0.00492919531,3.42868727e-15,9.0,2.37458131,-0.00107587158,0.657954257,1.55795536,8.99999917,2.99805487,0.22410841,1.50060171e-15
0.00493019531,8.43989849e-16,9.0,2.33294146,-0.00106167144,0.657982657,1.55490593,8.99999917,2.95775238,0.22079204,1.48067984e-15
0.00493119531,8.99178713e-15,9.0,2.29118662,-0.00104742939,0.658011141,1.55184198,8.99999917,2.91731121,0.217465142,1.46070233e-15
0.00493219531,3.24100247e-15,9.0,2.2493181,-0.00103314599,0.658039708,1.54876362,8.99999916,2.87673261,0.214127821,1.44066999e-15
0.00493319531,1.03867766e-15,9.0,2.20733721,-0.00101882181,0.658068356,1.54567092,8.99999916,2.83601782,0.210780179,1.42058363e-15
0.00493419531,9.08816791e-15,9.0,2.16524528,-0.0010044574,0.658097085,1.54256398,8.99999916,2.7951681,0.20742232,1.40044408e-15
0.00493519531,3.05439285e-15,9.0,2.12304363,-0.000990053333,0.658125893,1.5394429,8.99999916,2.75418471,0.204054349,1.38025215e-15
0.00493619531,1.23952524e-15,9.0,2.08073359,-0.000975610185,0.65815478,1.53630776,8.99999916,2.71306893,0.200676371,1.36000866e-15
0.00493719531,9.17223366e-15,9.0,2.0383165,-0.000961128521,0.658183743,1.53315866,8.99999916,2.67182203,0.197288492,1.33971444e-15
0.00493819531,2.86935692e-15,9.0,1.99579373,-0.000946608913,0.658212782,1.52999569,8.99999916,2.6304453,0.193890819,1.31937031e-15
0.00493919531,1.44613968e-15,9.0,1.95316662,-0.000932051934,0.658241896,1.52681896,8.99999916,2.58894006,0.19048346,1.2989771e-15
0.00494019531,9.2438588e-15,9.0,1.91043654,-0.00091745816,0.658271084,1.52362855,8.99999916,2.5473076,0.187066522,1.27853564e-15
0.00494119531,2.68638646e-15,9.0,1.86760487,-0.000902828167,0.658300344,1.52042457,8.99999916,2.50554923,0.183640114,1.25804676e-15
0.00494219531,1.6581117e-15,9.0,1.82467299,-0.000888162531,0.658329675,1.5172071,8.99999916,2.46366629,0.180204345,1.23751129e-15
0.00494319531,9.30294322e-15,9.0,1.78164228,-0.000873461832,0.658359076,1.51397626,8.99999916,2.42166011,0.176759327,1.21693006e-15
0.00494419531,2.50596541e-15,9.0,1.73851416,-0.00085872665,0.658388547,1.51073215,8.99999916,2.37953203,0.173305169,1.19630391e-15
0.00494519531,1.87501659e-15,9.0,1.69529001,-0.000843957567,0.658418085,1.50747485,8.99999916,2.3372834,0.169841983,1.17563367e-15
0.00494619531,9.34941251e-15,9.0,1.65197127,-0.000829155166,0.65844769,1.50420447,8.99999916,2.29491558,0.166369881,1.15492018e-15
0.00494719531,2.32856868e-15,9.0,1.60855934,-0.000814320032,0.65847736,1.50092112,8.99999916,2.25242994,0.162888976,1.13416427e-15
0.00494819531,2.09641514e-15,9.0,1.56505566,-0.000799452749,0.658507095,1.4976249,8.99999916,2.20982785,0.159399382,1.1133668e-15
0.00494919531,9.38321806e-15,9.0,1.52146167,-0.000784553906,0.658536892,1.49431591,8.99999916,2.16711071,0.155901213,1.09252859e-15
0.00495019531,2.15466108e-15,9.0,1.4777788,-0.000769624089,0.658566752,1.49099426,8.99999916,2.1242799,0.152394583,1.0716505e-15
0.00495119531,2.32185467e-15,9.0,1.43400852,-0.000754663889,0.658596672,1.48766005,8.99999916,2.08133683,0.148879608,1.05073335e-15
0.00495219531,9.40433724e-15,9.0,1.39015228,-0.000739673897,0.658626652,1.48431339,8.99999916,2.03828291,0.145356404,1.02977801e-15
0.00495319531,1.98469623e-15,9.0,1.34621155,-0.000724654703,0.658656691,1.48095438,8.99999916,1.99511956,0.141825089,1.00878531e-15
0.00495419531,2.55087e-15,9.0,1.30218782,-0.000709606901,0.658686786,1.47758314,8.99999916,1.95184821,0.13828578,9.87756105e-16
0.00495519531,9.41277333e-15,9.0,1.25808255,-0.000694531086,0.658716938,1.47419977,8.99999916,1.9084703,0.134738595,9.66691237e-16
0.00495619531,1.81911547e-15,9.0,1.21389725,-0.000679427851,0.658747144,1.47080438,8.99999916,1.86498726,0.131183652,9.45591557e-16
0.00495719531,2.78298454e-15,9.0,1.16963342,-0.000664297793,0.658777404,1.46739708,8.99999916,1.82140057,0.127621073,9.24457915e-16
0.00495819531,9.40855558e-15,9.0,1.12529256,-0.000649141511,0.658807717,1.46397799,8.99999916,1.77771167,0.124050976,9.03291161e-16
0.00495919531,1.65834687e-15,9.0,1.08087618,-0.000633959601,0.658838081,1.46054721,8.99999916,1.73392205,0.120473483,8.82092147e-16
0.00496019531,3.01771136e-15,9.0,1.03638581,-0.000618752663,0.658868495,1.45710486,8.99999916,1.69003318,0.116888716,8.60861726e-16
0.00496119531,9.39173907e-15,9.0,0.99182299,-0.000603521299,0.658898957,1.45365105,8.99999916,1.64604655,0.113296796,8.39600751e-16
0.00496219531,1.5028042e-15,9.0,0.947189244,-0.000588266108,0.658929468,1.4501859,8.99999916,1.60196366,0.109697847,8.18310076e-16
0.00496319531,3.2545543e-15,9.0,0.902486123,-0.000572987694,0.658960025,1.44670952,8.99999915,1.55778602,0.106091992,7.96990556e-16
0.00496419531,9.36240462e-15,9.0,0.857715181,-0.000557686659,0.658990627,1.44322203,8.99999915,1.51351513,0.102479356,7.75643046e-16
0.00496519531,1.35288598e-15,9.0,0.812877978,-0.000542363607,0.659021273,1.43972354,8.99999915,1.46915253,0.0988600633,7.54268404e-16
0.00496619531,3.49300908e-15,9.0,0.767976084,-0.000527019144,0.659051962,1.43621417,8.99999915,1.42469974,0.0952342397,7.32867485e-16
0.00496719531,9.32065855e-15,9.0,0.723011075,-0.000511653875,0.659082692,1.43269404,8.99999915,1.38015831,0.0916020115,7.11441147e-16
0.00496819531,1.20897455e-15,9.0,0.677984534,-0.000496268407,0.659113463,1.42916328,8.99999915,1.33552978,0.0879635056,6.89990249e-16
0.00496919531,3.73256444e-15,9.0,0.632898054,-0.000480863347,0.659144273,1.42562199,8.99999915,1.29081571,0.0843188495,6.6851565e-16
0.00497019531,9.26663243e-15,9.0,0.587753233,-0.000465439304,0.659175121,1.4220703,8.99999915,1.24601766,0.0806681716,6.47018208e-16
0.00497119531,1.07083098e-15,9.0,0.542529505,-0.000449996885,0.659206006,1.41850654,8.99999915,1.20111504,0.0770097989,6.25498783e-16
0.00497219531,3.97332421e-15,9.0,0.497293681,-0.000434536702,0.659236927,1.41493611,8.99999915,1.15617462,0.0733491584,6.03958235e-16
0.00497319531,9.20105325e-15,9.0,0.45198611,-0.000419059364,0.659267881,1.41135418,8.99999915,1.11113673,0.0696814023,5.82397425e-16
0.00497419531,9.39408195e-16,9.0,0.406621616,-0.000403565482,0.659298869,1.40776192,8.99999915,1.06601616,0.0660077333,5.60817213e-16
0.00497519531,4.21357398e-15,9.0,0.361211634,-0.000388055668,0.659329889,1.40416027,8.99999915,1.02082431,0.062329079,5.39218462e-16
0.00497619531,9.12290948e-15,9.0,0.315748602,-0.000372530534,0.659360939,1.4005486,8.99999915,0.975553595,0.0586448236,5.17602032e-16
0.00497719531,8.15640427e-16,9.0,0.270242816,-0.000356990693,0.659392019,1.39692774,8.99999915,0.930214284,0.0549558022,4.95968785e-16
0.00497819531,4.45335898e-15,9.0,0.224687816,-0.000341436759,0.659423126,1.39329715,8.99999915,0.884799889,0.0512614887,4.74319583e-16
0.00497919531,9.03302735e-15,9.0,0.179092889,-0.000325869346,0.659454261,1.3896576,8.99999915,0.839319673,0.0475626364,4.52655289e-16
0.00498019531,6.99232576e-16,9.0,0.133452551,-0.000310289068,0.659485422,1.38600861,8.99999915,0.793768126,0.0438587985,4.30976765e-16
0.00498119531,4.69215178e-15,9.0,0.0877752001,-0.00029469654,0.659516607,1.38235087,8.99999915,0.748153624,0.0401506562,4.09284873e-16
0.00498219531,8.9316359e-15,9.0,0.0420562143,-0.000279092378,0.659547815,1.378684,8.99999915,0.702471522,0.0364378328,3.87580476e-16
0.00498319531,5.89860169e-16,9.0,-0.00371964762,-0.000263477198,0.659579046,1.37500675,8.99999915,0.656706551,0.0327190886,3.65864436e-16
0.00498419531,4.9300542e-15,9.0,-0.0494890483,-0.000247851616,0.659610297,1.37132426,8.99999915,0.610922034,0.0289995689,3.44137617e-16
0.00498519531,8.81956643e-15,9.0,-0.0953081682,-0.00023221625,0.659641567,1.36763197,8.99999915,0.565061779,0.0252747087,3.22400881e-16
0.00498619531,4.88406006e-16,9.0,-0.141166686,-0.000216571716,0.659672857,1.3639307,8.99999915,0.51913608,0.0215453451,3.0065509e-16
0.00498719531,5.16532711e-15,9.0,-0.18704808,-0.000200918632,0.659704163,1.36022179,8.99999915,0.473161444,0.0178128197,2.78901107e-16
0.00498819531,8.69588298e-15,9.0,-0.232964514,-0.000185257616,0.659735485,1.35650424,8.99999915,0.427125688,0.0140761434,2.57139794e-16
0.00498919531,3.95731378e-16,9.0,-0.278901215,-0.000169589287,0.659766821,1.35277926,8.99999915,0.38104357,0.0103365155,2.35372015e-16
0.00499019531,5.39802263e-15,9.0,-0.324868677,-0.000153914262,0.659798171,1.34904599,8.99999914,0.334904583,0.00659308298,2.13598629e-16
0.00499119531,8.56151261e-15,9.0,-0.370853671,-0.000138233161,0.659829534,1.34530549,8.99999914,0.288721941,0.00284691983,1.91820501e-16
0.00499219531,3.10831709e-16,9.0,-0.416888421,-0.000122546604,0.659860907,1.34155514,8.99999914,0.2424634,-0.000904593142,1.70038491e-16
0.00499319531,5.62824896e-15,9.0,-0.462892845,-0.000106855208,0.65989229,1.33780145,8.99999914,0.196209039,-0.00465494946,1.4825346e-16
0.00499419531,8.4173546e-15,9.0,-0.508938682,-9.11595933e-05,0.659923681,1.33403858,8.99999914,0.149887113,-0.00840997818,1.2646627e-16
0.00499519531,2.34525876e-16,9.0,-0.55500163,-7.54603801e-05,0.659955079,1.33026851,8.99999914,0.103521909,-0.0121677055,1.04677781e-16
0.00499619531,5.85427024e-15,9.0,-0.601077811,-5.97581879e-05,0.659986484,1.32649154,8.99999914,0.0571172969,-0.0159278167,8.28888531e-17
0.00499719531,8.26191715e-15,9.0,-0.647190743,-4.40536365e-05,0.660017893,1.32270576,8.99999914,0.0106497425,-0.0196922236,6.11003467e-17
0.00499819531,1.6824181e-16,9.0,-0.693268196,-2.8347346e-05,0.660049305,1.31891704,8.99999914,-0.0358085225,-0.0234550573,3.93131208e-17
0.00499909766,5.65417378e-15,9.0,-0.734875696,-1.41739006e-05,0.660077652,1.31549089,8.99999914,-0.0777821234,-0.0268539717,1.96553738e-17
0.005,8.668207e-15,9.0,-0.776489629,4.54755684e-13,0.660106,1.31205946,8.99999914,-0.119783491,-0.0302544755,-6.18556183e-25
