time,v(N001),v(N002),v(N003),v(N004),v(N005),v(N006),v(N007),@dled12_1[id],@dled12_2[id]
1e-05,5.0,4.27434538,4.27383226,0.663567609,0.146373305,0.943301688,0.0631502878,0.0152887855,0.0155951187
1.0277224e-05,5.0,4.27433554,4.27384769,0.666104563,0.144792936,0.941636612,0.0656757026,0.0152946023,0.0155858222
1.08316721e-05,5.0,4.27432673,4.27386199,0.668467964,0.143376387,0.940051131,0.0680160361,0.0152998161,0.0155772072
1.1590503e-05,5.0,4.27433035,4.27385854,0.667934631,0.143958853,0.940402912,0.0674511405,0.0152976722,0.0155792867
1.25080017e-05,5.0,4.27433109,4.27385979,0.668178388,0.144077846,0.940242903,0.0676567326,0.0152972343,0.0155785299
1.34525015e-05,5.0,4.27433303,4.27385926,0.668130129,0.144389092,0.940267029,0.067569186,0.0152960887,0.0155788521
1.5341501e-05,5.0,4.27433608,4.27385955,0.668256859,0.144879849,0.940183672,0.0676173389,0.0152942825,0.0155786749
1.91195002e-05,5.0,4.2743426,4.27385937,0.668383795,0.145927187,0.94008343,0.0675871169,0.015290428,0.0155787861
2.66754984e-05,5.0,4.27435534,4.27385959,0.668734183,0.147972443,0.939836024,0.0676231721,0.0152829015,0.0155786534
4.1787495e-05,5.0,4.27438099,4.27385951,0.669350001,0.152089387,0.93937774,0.067610267,0.0152677542,0.0155787009
7.2011488e-05,5.0,4.27443181,4.27385984,0.670661716,0.160238058,0.938416602,0.0676643996,0.0152377841,0.0155785016
0.000132459474,5.0,4.27453258,4.27386003,0.67320859,0.176360805,0.936485257,0.0676961311,0.0151785295,0.0155783848
0.000253355446,5.0,4.27472816,4.273861,0.678392042,0.207397042,0.932131547,0.0678538029,0.0150641893,0.0155778044
0.000495147391,5.0,4.27509155,4.27386296,0.688734553,0.264504571,0.921806515,0.0681755983,0.0148540265,0.0155766199
0.000747573695,5.0,4.27541423,4.2738668,0.699767489,0.314551614,0.907338376,0.0688027045,0.0146698643,0.0155743115
0.001,5.0,4.27564887,4.27387337,0.711174055,0.350557544,0.887033538,0.0698779654,0.0145373838,0.0155703534
0.00105048526,5.0,4.27567912,4.27387568,0.713605504,0.355173257,0.881829286,0.0702558229,0.0145203921,0.0155689624
0.00115145578,5.0,4.27572238,4.27388131,0.718624134,0.361767705,0.869896227,0.0711767581,0.0144961292,0.0155655724
0.00135339683,5.0,4.27564615,4.27391062,0.731527076,0.350140843,0.830655222,0.0759643796,0.014538912,0.0155479492
0.0013583216,5.0,4.27563611,4.2739128,0.732080233,0.348604945,0.828639715,0.0763212687,0.0145445612,0.0155466354
0.00136817115,5.0,4.2756098,4.27391851,0.733405331,0.344582841,0.823702007,0.0772542033,0.0145593593,0.0155432012
0.00137063354,5.0,4.27560207,4.27392022,0.733782319,0.343400341,0.822307662,0.0775332959,0.0145637113,0.0155421738
0.00137555832,5.0,4.27557764,4.27392551,0.734841368,0.339659198,0.818161069,0.0783967112,0.0145774759,0.0155389956
0.00137588155,5.0,4.27557535,4.27392602,0.734936671,0.339308261,0.817784935,0.0784791872,0.0145787671,0.015538692
0.001376528,5.0,4.2755706,4.27392707,0.735133841,0.338580519,0.817007247,0.0786507047,0.014581445,0.0155380606
0.00137782092,5.0,4.27555976,4.27392947,0.735576809,0.336920155,0.815249915,0.0790423946,0.0145875554,0.0155366189
0.00137814415,5.0,4.27555759,4.27392996,0.735668997,0.336587477,0.814893706,0.0791217683,0.0145887825,0.0155363268
0.00137879061,5.0,4.27555095,4.27393139,0.735928472,0.33556884,0.813828622,0.0793556221,0.0145925268,0.0155354658
0.00138008352,5.0,4.27552568,4.27393701,0.736896036,0.331693113,0.80986579,0.080271993,0.0146067875,0.0155320927
0.0013812961,5.0,4.27391083,4.27515564,0.930969295,0.0759988796,0.554176414,0.274494807,0.0155478224,0.0148172636
0.00138215653,5.0,4.27383697,4.27533859,0.959079898,0.063921519,0.542136106,0.302875465,0.0155922796,0.0147128264
0.00138295289,5.0,4.27387374,4.27516797,0.932367811,0.0699386185,0.548187503,0.27641331,0.0155701301,0.0148102025
0.00138359021,5.0,4.27384925,4.27533758,0.958473742,0.0659306377,0.544206981,0.302719256,0.0155848837,0.0147134012
0.00138429085,5.0,4.27386837,4.275172,0.932656591,0.0690605424,0.547367056,0.277122024,0.0155733666,0.0148078947
0.00138521959,5.0,4.27385063,4.27534029,0.958464756,0.0661590511,0.544505579,0.303221753,0.0155840466,0.0147118629
0.00138659626,5.0,4.27386797,4.27517664,0.932652794,0.0689953415,0.547401159,0.277841948,0.0155736058,0.0148052384
0.00138919903,5.0,4.2738508,4.27534795,0.958402747,0.0661862435,0.544704179,0.304408809,0.0155839462,0.014707506
0.00139406834,5.0,4.27386793,4.27519119,0.932563466,0.0689881595,0.547715815,0.280097396,0.0155736322,0.0147969143
0.00140380697,5.0,4.27385085,4.27537632,0.958216619,0.0661948063,0.545341896,0.308804574,0.0155839147,0.0146913846
0.00142328422,5.0,4.27386797,4.27524794,0.932196822,0.0689948859,0.548980697,0.288886056,0.0155736074,0.0147644845
0.00146223872,5.0,4.27385097,4.27548975,0.957482639,0.0662130694,0.547875868,0.326347347,0.0155838474,0.0146270965
0.00154014772,5.0,4.27386818,4.27547456,0.930732277,0.0690293251,0.554044143,0.323839843,0.0155734807,0.0146356867
0.00169596573,5.0,4.2738514,4.27594208,0.954570468,0.0662837664,0.557994937,0.395734036,0.0155835871,0.0143735174
0.00200760174,5.0,4.27386913,4.27637684,0.924714038,0.0691850572,0.574257226,0.460215111,0.015572904,0.0141339324
0.00263087377,5.0,4.27385326,4.27772594,0.943159887,0.0665879822,0.598257851,0.660613167,0.0155824669,0.0134156105
0.00363087377,5.0,4.27387427,4.27941133,0.899787298,0.0700243222,0.643976915,0.885700301,0.0155698146,0.0125693051
0.00463087377,5.0,4.27386127,4.28137292,0.911153571,0.0678982268,0.683634161,1.13552919,0.0155776409,0.0116513013
0.00475587377,5.0,4.27387562,4.28134227,0.882843485,0.0702452376,0.691143909,1.13176066,0.0155690014,0.0116651172
0.00500587377,5.0,4.27388321,4.28158447,0.86701192,0.0714861845,0.702674918,1.16135968,0.0155644335,0.011556395
0.00524003017,5.0,4.27560482,4.27386432,-0.239546903,0.343824319,0.943576499,0.0683973288,0.0145621656,0.0155758037
0.00540666565,5.0,4.27593064,4.27386386,-0.231184954,0.393393904,0.941840234,0.0683221603,0.0143798758,0.0155760804
0.00556181699,5.0,4.27623057,4.273865,-0.223154217,0.438426734,0.939677591,0.0685095458,0.0142140888,0.015575391
0.00575518031,5.0,4.27660849,4.27386459,-0.213463606,0.494472339,0.937668948,0.0684416482,0.0140079121,0.0155756409
0.00614190695,5.0,4.27734741,4.27386606,-0.193761405,0.603261174,0.932843927,0.0686817997,0.0136133891,0.0155747565
0.00691536022,5.0,4.27882021,4.27386688,-0.154922001,0.812501356,0.9244809,0.0688160556,0.0128598748,0.0155742623
0.00791536022,5.0,4.28073022,4.27386995,-0.104807226,1.06496819,0.913666385,0.0693189792,0.0119444459,0.0155724111
0.00891536022,5.0,4.28267143,4.27387175,-0.0553833476,1.29971392,0.904175738,0.0696123362,0.0110808052,0.0155713312
0.00991536022,5.0,4.28468422,4.27387572,-0.00608063088,1.51687092,0.894746033,0.0702619341,0.0102512041,0.0155689399
0.0109153602,5.0,4.28655506,4.27387757,0.0424029282,1.71893024,0.886583213,0.0705652296,0.00953590273,0.0155678235
0.0119153602,5.0,4.28848379,4.27388173,0.0907948524,1.90578245,0.878387118,0.0712453414,0.00885068525,0.0155653202
0.0129153602,5.0,4.29042112,4.2738841,0.138429342,2.07972851,0.871348401,0.071632364,0.00821196956,0.0155638954
0.0139153602,5.0,4.29235077,4.27388872,0.185971517,2.24053487,0.864207225,0.0723873072,0.00762161359,0.0155611166
0.0149153602,5.0,4.29428507,4.27389126,0.232718579,2.3903441,0.858155273,0.0728030831,0.00707242464,0.0155595859
0.0159153602,5.0,4.29621006,4.27389628,0.279417113,2.52877346,0.851928321,0.0736221965,0.00656517165,0.015556571
0.0169153602,5.0,4.29814053,4.27389892,0.325280894,2.65784535,0.846731835,0.074054151,0.00609300697,0.0155549807
0.0179153602,5.0,4.30006022,4.27390428,0.371144416,2.77704818,0.841296937,0.0749294073,0.00565715965,0.0155517591
0.0189153602,5.0,4.30198639,4.27390695,0.416129022,2.8883018,0.836841867,0.075365067,0.00525117345,0.0155501552
0.0199153602,5.0,4.30390001,4.2739126,0.461166206,2.9909806,0.832091703,0.0762886746,0.00487668846,0.0155467557
0.0209153602,5.0,4.30582095,4.27391522,0.505276869,3.08690443,0.828271001,0.0767170927,0.00452762811,0.0155451783
0.0219153602,5.0,4.30772545,4.27392118,0.549503567,3.1752787,0.824068277,0.0776897115,0.00420622528,0.0155415985
0.0229153602,5.0,4.30968441,4.27392454,0.592875707,3.25684379,0.820222149,0.078238397,0.0038994192,0.0155395783
0.0239153602,5.0,4.31140826,4.27393522,0.636988391,3.32644832,0.813657443,0.0799806283,0.00364800211,0.0155331653
0.0249153602,5.0,4.31217502,4.27397752,0.685658768,3.35598513,0.791940952,0.0868752916,0.00354144409,0.015507786
0.0249309852,5.0,4.31213755,4.27398403,0.68736568,3.35456123,0.790065441,0.0879356092,0.00354657897,0.015503883
0.0249622352,5.0,4.31209072,4.27399206,0.689966124,3.35277926,0.787451092,0.0892437153,0.00355300559,0.015499068
0.0249700477,5.0,4.31207611,4.27399436,0.690663491,3.35222284,0.78671427,0.0896183284,0.0035550128,0.0154976891
0.0249856727,5.0,4.31203688,4.27400055,0.692316704,3.35072638,0.784881757,0.0906263183,0.00356040934,0.0154939787
0.0249860502,5.0,4.31123525,4.27412096,0.711881763,3.31966784,0.753836041,0.110176021,0.00367248411,0.015422019
0.024986062,5.0,4.31117352,4.27412807,0.71303325,3.31723656,0.751405214,0.11132703,0.00368125958,0.0154177821
0.0249860856,5.0,4.3109913,4.27414765,0.716204488,3.31002428,0.74419398,0.114497314,0.00370728685,0.0154061124
0.0249861077,5.0,4.27466698,4.2748117,0.822302484,0.197703689,-2.36812201,0.220595522,0.0150998641,0.0150156155
0.0249861234,5.0,4.2741261,4.27632241,1.05382269,0.111008287,-2.45481624,0.452120563,0.0154189551,0.0141637105
0.0249861378,5.0,4.27421558,4.27483883,0.826571044,0.125476319,-2.44034721,0.224873426,0.0153657019,0.0149998733
0.0249861554,5.0,4.27398698,4.27631273,1.05237184,0.0884163369,-2.47740588,0.450679637,0.0155021145,0.0141690127
0.0249861811,5.0,4.27410058,4.2748588,0.829708681,0.106873211,-2.4589472,0.228024474,0.0154341767,0.0149882943
0.0249862135,5.0,4.27389886,4.27631229,1.05229259,0.0740443767,-2.49177364,0.450618411,0.0155550172,0.0141692534
0.0249862621,5.0,4.27402395,4.27487498,0.832230205,0.094432154,-2.47138239,0.230571136,0.01547997,0.0149789212
0.0249863398,5.0,4.27383562,4.27631906,1.05326119,0.0636996948,-2.50210918,0.451626181,0.0155930963,0.0141655455
0.0249864733,5.0,4.27397015,4.2748883,0.834259699,0.0856748831,-2.48012436,0.23266608,0.0155122048,0.0149712112
0.0249867117,5.0,4.27380055,4.27632689,1.05431179,0.0579526985,-2.50782922,0.452792049,0.0156142513,0.0141612563
0.0249869929,5.0,4.27395409,4.27485397,0.83500919,0.0831327821,-2.4826288,0.233576615,0.015521835,0.014991098
0.0249874375,5.0,4.27379748,4.27628739,1.05430251,0.0575255782,-2.50820373,0.453007659,0.015616107,0.0141828973
0.0249882462,5.0,4.27395369,4.27485922,0.835075579,0.0830699312,-2.4826008,0.234031331,0.015522076,0.0149880537
0.0249898636,5.0,4.2737976,4.27629202,1.05423371,0.057544967,-2.50800847,0.45369056,0.0156160337,0.014180361
0.0249930985,5.0,4.27395366,4.27486878,0.835035925,0.0830638811,-2.48225511,0.235494861,0.0155220977,0.0149825112
0.0249995682,5.0,4.27379764,4.27631082,1.05410517,0.0575513486,-2.50729866,0.456567478,0.01561601,0.0141700562
0.0250125076,5.0,4.27395368,4.27490652,0.834802803,0.0830681959,-2.48084404,0.241269004,0.0155220817,0.0149606665
0.0250383865,5.0,4.27379772,4.27638619,1.05362728,0.0575642356,-2.5044727,0.468089526,0.0156159623,0.0141288232
0.0250901442,5.0,4.27395383,4.2750572,0.833855192,0.0830919998,-2.47519588,0.264263014,0.0155219943,0.0148737678
0.0251936596,5.0,4.27379802,4.27668719,1.05173791,0.0576131289,-2.49318217,0.513851394,0.0156157818,0.0139653535
0.0254006904,5.0,4.27395443,4.27565752,0.830113221,0.0831902936,-2.45264253,0.354903634,0.0155216336,0.0145325253
0.025814752,5.0,4.27379924,4.27788262,1.04439187,0.057813731,-2.44818413,0.691654799,0.0156150411,0.0133345917
0.0266428753,5.0,4.27395698,4.27802196,0.815958293,0.0836065868,-2.36308013,0.697078645,0.015520106,0.0132629462
0.0276428753,5.0,4.27380328,4.28140941,1.02457635,0.0584743133,-2.31722442,1.16940615,0.0156126041,0.0116348762
0.0286428753,5.0,4.27396206,4.2817779,0.795657983,0.0844368098,-2.22096126,1.18511605,0.0155170538,0.0114702931
0.0296428753,5.0,4.27380869,4.2853996,1.00566225,0.059360601,-2.1764176,1.6220703,0.0156093403,0.00997155951
0.0306428753,5.0,4.2739681,4.28551337,0.778075287,0.0854212641,-2.08141196,1.60503525,0.0155134323,0.00992779306
0.0316428753,5.0,4.27381489,4.28939922,0.989282525,0.060376975,-2.03817965,2.01160391,0.0156055983,0.00854291241
0.0326428753,5.0,4.27397487,4.28921764,0.762849219,0.0865251067,-1.94441746,1.96643833,0.0155093711,0.00860309733
0.0336428753,5.0,4.27382176,4.2934081,0.975098403,0.0615029439,-1.90248165,2.34690204,0.0156014531,0.00731633161
0.0346428753,5.0,4.27398226,4.29288556,0.749664069,0.087728385,-1.80994856,2.27756795,0.0155049437,0.00746564245
0.0356428753,5.0,4.27382918,4.29742667,0.962816707,0.0627183554,-1.7692949,2.63560395,0.0155969788,0.00626351422
0.0366428753,5.0,4.27399013,4.29651117,0.738246578,0.0890107173,-1.67797708,2.54550313,0.0155002251,0.00648918525
0.0376428753,5.0,4.27383702,4.30145503,0.952183634,0.064002622,-1.63859167,2.88427045,0.0155922514,0.00536016817
0.0386428753,5.0,4.27399836,4.3000875,0.728360032,0.0903515468,-1.54847554,2.77632349,0.0154952909,0.00565119624
0.0396428753,5.0,4.27384516,4.30549275,0.942979294,0.0653350663,-1.51034488,3.09853613,0.0155873468,0.00458544578
0.0406428753,5.0,4.27400684,4.30360656,0.719799227,0.0917305285,-1.42141676,2.97525021,0.0154902161,0.00493233294
0.0416428753,5.0,4.27385347,4.30953866,0.935013051,0.0666953191,-1.38452764,3.28324001,0.0155823401,0.00392145532
0.0426428753,5.0,4.27401542,4.30705917,0.712386173,0.0931279465,-1.29677348,3.14676724,0.0154850733,0.00431598586
0.0436428753,5.0,4.27386183,4.31359053,0.92811954,0.0680637426,-1.26111286,3.4425378,0.0155773035,0.00335283967
0.0446428753,5.0,4.27402402,4.310435,0.705966427,0.0945251358,-1.1745179,3.29472523,0.0154799311,0.00378788652
0.0456428753,5.0,4.27387013,4.31764477,0.922155266,0.0694218548,-1.14007283,3.57999822,0.0155723052,0.0028664122
0.0466428753,5.0,4.2740325,4.31372256,0.700405948,0.0959048827,-1.05462131,3.42243089,0.0154748529,0.00333576821
0.0476428753,5.0,4.27387827,4.32169598,0.91699567,0.0707527289,-1.02137883,3.69868575,0.0155674073,0.00245084119
0.0486428753,5.0,4.27404079,4.31690944,0.695588407,0.0972517762,-0.937053757,3.53272359,0.0154698956,0.00294907207
0.0496428753,5.0,4.27388615,4.32573663,0.912532613,0.0720413451,-0.905000828,3.80123164,0.0155626652,0.00209637573
0.0506428753,5.0,4.27404879,4.3199826,0.691412869,0.0985524873,-0.82178381,3.62804124,0.0154651082,0.0026186919
0.0516428753,5.0,4.27389369,4.32975666,0.908672197,0.0732748719,-0.790907174,3.88989484,0.0155581261,0.0017946073
0.0526428753,5.0,4.27405645,4.32292893,0.687791802,0.0997959567,-0.708778373,3.7104768,0.0154605314,0.00233675356
0.0536428753,5.0,4.27390084,4.33374328,0.905332886,0.0744428598,-0.67906449,3.96661443,0.0155538284,0.001538263
0.0546428753,5.0,4.2740637,4.32573602,0.684649362,0.100973477,-0.598002648,3.78182683,0.0154561974,0.00209642572
0.0556428753,5.0,4.27390756,4.34121814,0.902577441,0.0754651503,-0.569509426,4.03331715,0.0155497867,0.0011521821
0.0566428753,5.0,4.27407069,4.32691195,0.681847438,0.10210732,-0.489390997,3.8437557,0.0154520248,0.00200324709
0.0576428753,5.0,4.27391366,4.34582776,0.900103768,0.0764607786,-0.462080672,4.091086,0.0155461218,0.000964099005
0.0586428753,5.0,4.27407712,4.32883018,0.679442448,0.103152647,-0.382946748,3.89745834,0.0154481783,0.00186005518
0.0596428753,5.0,4.27391922,4.35054002,0.897973978,0.0773686725,-0.35679768,4.14123329,0.0155427798,0.000803523792
0.0606428753,5.0,4.27408317,4.33488795,0.677521065,0.104049859,-0.2786877,3.94441248,0.0154445678,0.00147167055
0.0616428753,5.0,4.2739242,4.35592525,0.896152891,0.0781814857,-0.253626082,4.18515787,0.0155397878,0.000652493074
0.0626428753,5.0,4.27408859,4.33715098,0.675702007,0.104929232,-0.176442852,3.9852988,0.015441331,0.00134838009
0.0636428753,5.0,4.27392869,4.36103671,0.894572382,0.0789141987,-0.152511257,4.22345345,0.0155370907,0.000535488496
0.0646428753,5.0,4.27409357,4.3391285,0.674104844,0.105736456,-0.0762270689,4.0209437,0.0154383597,0.00124913091
0.0656428753,5.0,4.27393265,4.36621939,0.893214141,0.0795605987,-0.0534200643,4.25689722,0.0155347113,0.00043825651
0.0666428753,5.0,4.27409778,4.34287715,0.672784385,0.106419427,0.0219468001,4.05222685,0.0154358458,0.00108059987
0.0676428753,5.0,4.27393573,4.37395448,0.892147041,0.0800641611,0.0436303728,4.28648771,0.0155328577,0.000324974688
0.0686428753,5.0,4.27410187,4.34486885,0.671552325,0.10708205,0.118221456,4.07978394,0.0154334067,0.00100051246
0.0696428753,5.0,4.27393855,4.38041706,0.891183312,0.0805245074,0.138777117,4.3125342,0.0155311631,0.000253126246
0.0706428753,5.0,4.27410563,4.34638405,0.670448813,0.107691169,0.2126005,4.10402362,0.0154311647,0.000943585076
0.0716428753,5.0,4.27394087,4.38724998,0.890375673,0.0809022631,0.232017546,4.33553724,0.0155297726,0.000194359791
0.0726428753,5.0,4.2741087,4.34956562,0.669542713,0.10818944,0.305063419,4.12556647,0.0154293306,0.000834371833
0.0736428753,5.0,4.27394271,4.3946245,0.889706091,0.0812017797,0.323392708,4.35607342,0.0155286701,0.000146144317
0.0746428753,5.0,4.27411192,4.35114277,0.668634256,0.108711191,0.395779623,4.14461882,0.0154274101,0.000785014878
0.0756428753,5.0,4.2739441,4.40234698,0.889156912,0.0814289496,0.41294197,4.3743431,0.0155278339,0.00010842132
0.0766428753,5.0,4.27412139,4.35143881,0.666505859,0.110245132,0.485755428,4.15912226,0.015421764,0.000776081349
0.0776428753,5.0,4.27394455,4.4094396,0.888766927,0.0815019608,0.500585831,4.38853368,0.0155275663,8.24182609e-05
0.0777678753,5.0,4.2740318,4.37222151,0.777717497,0.0957080379,0.520207311,4.27839865,0.0154752735,0.000347494147
0.0780178753,5.0,4.27403231,4.37259301,0.777624632,0.0957904811,0.531107377,4.28011717,0.0154749697,0.000342538786
0.0782095578,5.0,4.27403258,4.37287613,0.777542262,0.0958352384,0.539428399,4.28139771,0.015474805,0.00033880974
0.0784123764,5.0,4.27403292,4.37316882,0.777455122,0.0958905098,0.548223823,4.28272537,0.0154746015,0.000334997347
0.0788180135,5.0,4.27403366,4.37373402,0.777254659,0.0960100923,0.565771467,4.28526125,0.0154741614,0.000327756359
0.0796292878,5.0,4.27403801,4.37459088,0.776286641,0.0967167319,0.601120317,4.28898152,0.0154715603,0.000317076247
0.0806292878,5.0,4.27406646,4.37356661,0.77116372,0.101338104,0.648003393,4.28449778,0.0154545495,0.000329884653
0.0815062106,5.0,4.27667122,4.27388218,-3.40475127,0.503723595,0.938445973,0.0713189497,0.013973983,0.015565049
0.0819516327,5.0,4.27753711,4.27388301,-3.36848901,0.628815507,0.9332867,0.0714536876,0.0135139134,0.015564553
0.0823847786,5.0,4.27837906,4.27388412,-3.33332459,0.746483878,0.928407601,0.0716358884,0.0130810935,0.0155638825
0.0828549071,5.0,4.27929247,4.27388506,-3.29536778,0.869948765,0.923295879,0.0717898815,0.0126271989,0.0155633155
0.0837951642,5.0,4.28105634,4.27388734,-3.21990549,1.10421404,0.91356164,0.072162216,0.0117947884,0.015561945
0.0847951642,5.0,4.28298504,4.27388989,-3.14037746,1.33586135,0.903917945,0.0725786285,0.0109472647,0.0155604122
0.0857951642,5.0,4.28492376,4.27389294,-3.06153382,1.55071309,0.894918845,0.0730764638,0.0101567047,0.0155585796
0.0867951642,5.0,4.28686195,4.27389591,-2.98346114,1.75004656,0.88656808,0.0735621255,0.0094234296,0.0155567919
0.0877951642,5.0,4.28879828,4.27389935,-2.90606376,1.93494937,0.878773326,0.0741242814,0.0087437191,0.0155547226
0.0887951642,5.0,4.29073306,4.27390264,-2.82943504,2.10652467,0.871544163,0.0746625804,0.00811352483,0.0155527411
0.0897951642,5.0,4.29266567,4.27390642,-2.75346609,2.26569798,0.864792492,0.0752790166,0.00752938285,0.015550472
0.0907951642,5.0,4.29459653,4.27390997,-2.67826414,2.41342536,0.85853489,0.0758594419,0.00698776842,0.0155483354
0.0917951642,5.0,4.29652493,4.27391402,-2.60370592,2.550493,0.852686734,0.0765203324,0.00648573248,0.0155459027
0.0927951642,5.0,4.29845138,4.27391777,-2.52991409,2.67773085,0.84727082,0.07713218,0.00602021974,0.0155436505
0.0937951642,5.0,4.30037502,4.27392203,-2.45674933,2.79580524,0.842205332,0.0778275804,0.0055887252,0.0155410908
0.0947951642,5.0,4.30229647,4.2739259,-2.38435134,2.90543799,0.837518603,0.0784600998,0.00518859633,0.0155387624
0.0957951642,5.0,4.30421473,4.27393031,-2.31256307,3.00719233,0.833131073,0.0791801211,0.00481770994,0.0155361121
0.0967951642,5.0,4.30613054,4.27393425,-2.24154279,3.10169738,0.829076017,0.0798227208,0.00447375894,0.0155337466
0.0977951642,5.0,4.3080427,4.27393876,-2.17111409,3.1894277,0.825275672,0.0805577217,0.00415494839,0.0155310411
0.0987951642,5.0,4.30995212,4.2739427,-2.10145534,3.27093292,0.82176773,0.0812001872,0.00385926748,0.0155286761
0.0997951642,5.0,4.31185738,4.27394724,-2.03236918,3.3466113,0.818475848,0.0819409712,0.00358520347,0.0155259494
0.100795164,5.0,4.31375956,4.27395112,-1.9640555,3.4169444,0.815441672,0.0825736839,0.00333099964,0.0155236203
0.101795164,5.0,4.31565701,4.27395565,-1.89629453,3.48226478,0.812589972,0.0833116884,0.00309538586,0.0155209038
0.102795164,5.0,4.31755099,4.27395941,-1.829309,3.54299565,0.809965934,0.0839258317,0.00287682337,0.0155186431
0.103795164,5.0,4.31943958,4.27396388,-1.7628554,3.59941307,0.807495187,0.0846532985,0.00267425053,0.0155159653
0.104795164,5.0,4.32132429,4.27396748,-1.69718045,3.65189025,0.805226089,0.085241039,0.00248631561,0.0155138018
0.105795164,5.0,4.32320286,4.27397184,-1.63201582,3.70065462,0.803084923,0.0859511561,0.00231213613,0.0155111879
0.106795164,5.0,4.32507708,4.27397525,-1.5676331,3.74603651,0.801122889,0.0865057876,0.00215052087,0.0155091463
0.107795164,5.0,4.32694433,4.27397946,-1.50373831,3.78822149,0.799266757,0.0871927925,0.00200074128,0.0155066175
0.108795164,5.0,4.32880671,4.27398263,-1.44062862,3.82750319,0.797570272,0.0877088363,0.00186174393,0.0155047179
0.109795164,5.0,4.33066118,4.27398668,-1.37798383,3.86403112,0.795960554,0.0883680768,0.00173293247,0.0155022913
0.110795164,5.0,4.33251023,4.27398959,-1.31612707,3.89806746,0.794493629,0.0888413296,0.00161337184,0.0155005492
0.111795164,5.0,4.33435035,4.27399345,-1.2547117,3.92973068,0.793096858,0.0894692785,0.00150257917,0.0154982378
0.112795164,5.0,4.33618443,4.27399607,-1.19408689,3.95925599,0.791828308,0.0898968095,0.00139972119,0.015496664
0.113795164,5.0,4.33800843,4.27399972,-1.13387968,3.98673512,0.790615491,0.0904910353,0.00130441237,0.0154944768
0.114795164,5.0,4.33982576,4.27400206,-1.07446504,4.01238021,0.789518303,0.0908711331,0.00121590702,0.0154930776
0.115795164,5.0,4.34163177,4.27400549,-1.01544411,4.03625994,0.788464335,0.0914302308,0.00113390303,0.0154910196
0.116795164,5.0,4.34343043,4.27400754,-0.957217154,4.05856666,0.787515119,0.0917623074,0.00105773022,0.0154897972
0.117795164,5.0,4.34521642,4.27401075,-0.899360124,4.07934922,0.786598271,0.0922857971,0.000987157874,0.0154878703
0.118795164,5.0,4.34699435,4.2740125,-0.842297826,4.098783,0.785776785,0.092570258,0.000921580977,0.0154868232
0.119795164,5.0,4.34875818,4.2740155,-0.785581971,4.11689975,0.784978257,0.0930584607,0.000860829874,0.0154850262
0.120795164,5.0,4.35051324,4.27401697,-0.729660892,4.13386033,0.78426699,0.093296553,0.000804355893,0.0154841497
0.121795164,5.0,4.35225267,4.27401976,-0.674063264,4.14968175,0.783570524,0.093750453,0.000752041473,0.015482479
0.122795164,5.0,4.35398263,4.27402095,-0.619259742,4.16451241,0.782954334,0.0939441016,0.000703386813,0.0154817661
0.123795164,5.0,4.35569535,4.27402354,-0.564757324,4.17835663,0.782345877,0.0943652057,0.000658318685,0.0154802161
0.124795164,5.0,4.35739793,4.27402447,-0.511047634,4.19135216,0.781811677,0.0945168501,0.000616379797,0.0154796579
0.125795164,5.0,4.35908161,4.27402687,-0.457617473,4.20349235,0.781279089,0.094907051,0.000577534542,0.0154782216
0.126795164,5.0,4.36075452,4.27402756,-0.404977983,4.21490582,0.780815573,0.0950194896,0.00054136273,0.0154778077
0.127795164,5.0,4.36240684,4.27402979,-0.352597315,4.22557649,0.78034837,0.0953809409,0.00050786056,0.0154764773
0.128795164,5.0,4.36404783,4.27403026,-0.30100462,4.23562516,0.779945778,0.0954571912,0.000476640362,0.0154761965
0.129795164,5.0,4.36566653,4.27403232,-0.249650977,4.2450276,0.779534912,0.0957921966,0.000447725091,0.0154749635
0.130795164,5.0,4.36727344,4.27403258,-0.199082017,4.25389793,0.779184821,0.0958353742,0.000420755709,0.0154748045
0.131795164,5.0,4.36885637,4.2740345,-0.148733311,4.26220491,0.778822488,0.096146295,0.000395777551,0.01547366
0.132795164,5.0,4.37042717,4.27403458,-0.0991654618,4.27005694,0.778517635,0.096159514,0.000372456914,0.0154736113
0.133795164,5.0,4.37197236,4.27403636,-0.0498000524,4.27741671,0.77819711,0.0964486942,0.000350857705,0.0154725469
0.134795164,5.0,4.37350521,4.27403627,-0.00121119494,4.28438776,0.777931237,0.0964349889,0.000330668756,0.0154725973
0.135795164,5.0,4.37501087,4.27403793,0.0471920625,4.29092755,0.777646725,0.0967046979,0.000311969245,0.0154716046
0.136795164,5.0,4.37650415,4.2740377,0.0948234933,4.29713546,0.777414444,0.0966669646,0.000294468156,0.0154717435
0.137795164,5.0,4.37796876,4.27403925,0.142285217,4.30296445,0.77716096,0.0969193555,0.000278257068,0.0154708145
0.138795164,5.0,4.37942112,4.27403889,0.188980203,4.30851034,0.776957635,0.096860312,0.000263063083,0.0154710318
0.139795164,5.0,4.38084344,4.27404035,0.235520467,4.31372221,0.776730892,0.0970973946,0.000248987691,0.0154701591
0.140795164,5.0,4.3822538,4.27403987,0.281299393,4.31869287,0.776552535,0.0970195565,0.000235774375,0.0154704456
0.141795164,5.0,4.38363289,4.27404125,0.326937729,4.32336804,0.776348841,0.0972431867,0.000223532415,0.0154696225
0.142795164,5.0,4.38500048,4.27404067,0.371820417,4.32783788,0.776191977,0.0971488951,0.00021202036,0.0154699695
0.143795164,5.0,4.3863355,4.27404197,0.416576028,4.33204475,0.776007874,0.0973609949,0.000201354495,0.0154691888
0.144795164,5.0,4.38765866,4.27404131,0.460582945,4.33607411,0.775867925,0.0972536825,0.000191312928,0.0154695838
0.145795164,5.0,4.38894258,4.2740426,0.504481278,4.33985218,0.775691823,0.0974631017,0.000182048152,0.015468813
0.146795164,5.0,4.39018374,4.27404212,0.54766953,4.34338942,0.775518717,0.097384517,0.000173518591,0.0154691022
0.147795164,5.0,4.39099735,4.27404651,0.591224807,4.34559968,0.774759719,0.0980991043,0.000168145334,0.0154664719
0.148795164,5.0,4.38970458,4.27406387,0.636425257,4.34197853,0.771518966,0.100917338,0.000176763129,0.0154560983
0.14881222,5.0,4.3835704,4.27434001,0.681725501,4.32307067,0.753182768,0.145509923,0.000224073125,0.0152919633
0.148846331,5.0,4.38343052,4.27432643,0.680959419,4.32260359,0.753840007,0.14332824,0.000225288209,0.0152999954
0.148864156,5.0,4.38316871,4.27432443,0.681378236,4.32172213,0.753541007,0.143007282,0.000227580221,0.0153011746
0.148881394,5.0,4.3831749,4.27431556,0.680667045,4.32174295,0.754121268,0.141580601,0.000227525752,0.0153064267
0.148915871,5.0,4.38279296,4.27430858,0.680976156,4.32045386,0.753940127,0.140458605,0.000230910488,0.015310556
0.148984825,5.0,4.38249822,4.27428225,0.67960289,4.31943791,0.75508673,0.136222457,0.000233556851,0.0153261474
0.149122387,5.0,4.38169905,4.27423796,0.678181648,4.31666042,0.756355347,0.129086386,0.000240885964,0.0153524133
0.149125683,5.0,4.38501084,4.27409723,0.655563517,4.32778834,0.767515536,0.106330114,0.000211935416,0.0154361747
0.149132276,5.0,4.38519255,4.27408395,0.653685874,4.32837061,0.768159191,0.104176127,0.000210451741,0.0154441031
0.149136438,5.0,4.38496117,4.274096,0.655814782,4.32762897,0.767456558,0.106130593,0.00021234282,0.015436909
0.149141113,5.0,4.38508022,4.27408732,0.654603995,4.32801154,0.767883977,0.104723895,0.000211367728,0.0154420876
0.149147571,5.0,4.38488416,4.27409604,0.656288542,4.32738064,0.767315845,0.106137849,0.000212976024,0.0154368822
0.149153586,5.0,4.38493152,4.27409101,0.655724245,4.32753329,0.767528723,0.105321542,0.000212586394,0.0154398872
0.149162311,5.0,4.38475908,4.27409742,0.657128788,4.3269781,0.767062791,0.1063606,0.000214008377,0.0154360628
0.149172672,5.0,4.3847206,4.27409527,0.65721499,4.32685235,0.767047204,0.106012856,0.000214327078,0.0154373423
0.149186433,5.0,4.38447676,4.27410287,0.659022183,4.32606034,0.766409088,0.107243901,0.000216357148,0.015432811
0.149205546,5.0,4.38432061,4.27410322,0.659878916,4.32555152,0.766128701,0.107300818,0.000217667269,0.0154326015
0.149229323,5.0,4.38384225,4.27411678,0.66307149,4.32397525,0.764867396,0.109499013,0.000221730412,0.0154245103
0.149261061,5.0,4.38323229,4.27413045,0.666610521,4.32193649,0.763323542,0.111712305,0.000227021501,0.0154163635
0.149261816,5.0,4.38172739,4.27418714,0.67581153,4.31675964,0.758166,0.12088191,0.000240622154,0.015382612
0.14926184,5.0,4.38167777,4.27418897,0.676108514,4.3165926,0.757999569,0.121177913,0.000241084211,0.0153815237
0.149261887,5.0,4.38153093,4.27419362,0.676862539,4.31606866,0.757476875,0.121929976,0.000242456736,0.0153787545
0.149261981,5.0,4.38097357,4.27421098,0.679669145,4.31408464,0.755495534,0.124732662,0.000247738163,0.0153684383
0.14926207,5.0,4.27415486,4.27571701,0.915876158,0.115663611,-3.44291785,0.360949252,0.0154018195,0.0144991398
0.149262133,5.0,4.27397943,4.27602457,0.962439873,0.0871872751,-3.47138906,0.407532142,0.0155066376,0.0143277497
0.14926219,5.0,4.27397168,4.27573504,0.918585873,0.0859252191,-3.47264639,0.363695863,0.0155112832,0.014489034
0.149262261,5.0,4.27390503,4.27603617,0.964147597,0.0750519939,-3.48351383,0.409279167,0.0155513097,0.0143213245
0.149262402,5.0,4.27391644,4.27574672,0.920299073,0.0769159598,-3.48163832,0.365473809,0.0155444463,0.0144824923
0.149262629,5.0,4.27386603,4.27604526,0.965401387,0.0686772622,-3.48985835,0.410645758,0.0155747732,0.0143162945
0.149262906,5.0,4.27390066,4.27575021,0.920927386,0.0743420844,-3.48417078,0.366256722,0.0155539346,0.0144805405
0.149263293,5.0,4.27386282,4.2760456,0.965503802,0.0681568029,-3.49032426,0.410951755,0.0155767056,0.0143161032
0.14926389,5.0,4.27390029,4.27575232,0.920944411,0.0742824207,-3.4841497,0.366575056,0.0155541566,0.0144793581
0.149265083,5.0,4.2738629,4.27604901,0.965470597,0.0681688573,-3.49016535,0.411466586,0.0155766609,0.0143142172
0.149267468,5.0,4.27390028,4.27575931,0.920906222,0.0742805104,-3.4838579,0.367632815,0.0155541636,0.0144754438
0.149272239,5.0,4.27386292,4.27606291,0.965381231,0.0681724547,-3.48957434,0.413568624,0.0155766476,0.0143065277
0.149281782,5.0,4.2739003,4.27578715,0.920733907,0.0742844778,-3.48267917,0.371841345,0.015554149,0.0144598745
0.149300867,5.0,4.27386298,4.27611854,0.965033742,0.0681819354,-3.48721561,0.421974973,0.0155766127,0.0142757876
0.149339036,5.0,4.27390042,4.27589837,0.920041705,0.0743027275,-3.47796352,0.388625463,0.0155540818,0.0143978257
0.149415376,5.0,4.2738632,4.27634079,0.963653343,0.068218935,-3.47778816,0.455422206,0.0155764764,0.0141536446
0.149568054,5.0,4.27390087,4.27634204,0.917300364,0.0743770808,-3.45912565,0.455042573,0.0155538083,0.014152961
0.149873412,5.0,4.27386412,4.27722497,0.958245686,0.0683697484,-3.44017975,0.586369728,0.0155759208,0.0136779872
0.150484126,5.0,4.27390276,4.27809723,0.906778935,0.0746868656,-3.38417753,0.709583908,0.0155526689,0.0132244072
0.151484126,5.0,4.27386763,4.2802924,0.940587086,0.0689430885,-3.30919897,1.01274056,0.015573809,0.0121483524
0.152484126,5.0,4.27390766,4.28191861,0.886080362,0.0754865697,-3.22271395,1.20809117,0.0155497264,0.0114080622
0.153484126,5.0,4.27387297,4.28419496,0.921297296,0.0698160835,-3.14921648,1.47510166,0.0155705951,0.0104469623
0.154484126,5.0,4.27391359,4.28577134,0.868152473,0.0764557934,-3.06417546,1.63700262,0.0155461592,0.00982926889
0.155484126,5.0,4.27387912,4.28809839,0.904592046,0.0708219674,-2.99216739,1.87296549,0.0155668922,0.00898355134
0.156484126,5.0,4.27392027,4.28961344,0.852629218,0.0775461445,-2.90855386,2.00613321,0.0155421461,0.00847244939
0.157484126,5.0,4.27388596,4.29199898,0.890125426,0.0719393581,-2.83801668,2.21542053,0.0155627789,0.0077259838
0.158484126,5.0,4.27392757,4.2934432,0.839188414,0.0787375153,-2.75581316,2.32390498,0.0155377611,0.00730640897
0.159484126,5.0,4.27389335,4.29589639,0.877598042,0.0731481362,-2.68672873,2.51027214,0.0155583292,0.0066452719
0.160484126,5.0,4.27393536,4.2972589,0.827551296,0.0800093941,-2.60591852,2.59755132,0.0155330797,0.00630427365
0.161484126,5.0,4.27390118,4.29979027,0.866750756,0.0744277552,-2.53826907,2.76422413,0.0155536189,0.00571651281
0.162484126,5.0,4.27394353,4.30105857,0.817476475,0.0813410391,-2.45883595,2.83328476,0.0155281782,0.00544296105
0.163484126,5.0,4.27390933,4.30368015,0.857359105,0.0757575742,-2.39260393,2.98303419,0.0155487238,0.00491831838
0.164484126,5.0,4.27395193,4.30483998,0.808754784,0.0827118519,-2.31453199,3.0364411,0.0155231325,0.0047026453
0.165484126,5.0,4.27391765,4.30756549,0.849228541,0.0771172466,-2.24969993,3.17164759,0.0155437188,0.00423231885
0.166484126,5.0,4.27396046,4.30860054,0.801204888,0.0841017844,-2.17297328,3.21160326,0.0155180164,0.00406629692
0.167484126,5.0,4.27392605,4.31144562,0.842190368,0.0784871332,-2.10952362,3.33431179,0.0155386764,0.00364273648
0.168484126,5.0,4.27396899,4.31233735,0.79466952,0.0854917556,-2.03412612,3.36270756,0.0155129,0.00351928766
0.169484126,5.0,4.27393439,4.31531969,0.836098261,0.0798487145,-1.97204108,3.47467508,0.0155336645,0.00313601934
0.170484126,5.0,4.27397741,4.31604711,0.789012262,0.0868640535,-1.89795614,3.49313505,0.0155078487,0.0030490511
0.171484126,5.0,4.27394258,4.31918668,0.830825289,0.0811849793,-1.83721754,3.59587115,0.0155287459,0.00270052681
0.172484126,5.0,4.27398563,4.31972609,0.784114777,0.0882026966,-1.76442785,3.60578994,0.0155029213,0.00264479115
0.173484126,5.0,4.27395053,4.32304535,0.826261343,0.0824807634,-1.70501707,3.70059173,0.0155239764,0.00232625945
0.174484126,5.0,4.27399356,4.32337013,0.779874418,0.0894937357,-1.63350449,3.70316687,0.015498169,0.00229723175
0.175484126,5.0,4.27395815,4.32689414,0.822310921,0.0837230193,-1.57540235,3.79114901,0.0155194039,0.00200462697
0.176484126,5.0,4.27400113,4.32697459,0.776202166,0.0907254744,-1.50514773,3.7874087,0.0154936349,0.00199840186
0.177484126,5.0,4.27396537,4.33073118,0.818891211,0.084901001,-1.44833447,3.8695291,0.015515068,0.00172824896
0.178484126,5.0,4.27400828,4.33053435,0.773020838,0.0918885986,-1.37931762,3.86035615,0.0154893535,0.00174145094
0.179484126,5.0,4.27397216,4.33455419,0.815930425,0.0860063538,-1.32377293,3.93743808,0.0155109996,0.0014907837
0.180484126,5.0,4.27401496,4.33404385,0.770263541,0.0929762077,-1.2559726,3.92359034,0.01548535,0.00152049032
0.181484126,5.0,4.27397846,4.33836043,0.813366356,0.0870331063,-1.20167562,3.9963414,0.0155072204,0.00128678108
0.182484126,5.0,4.27402116,4.33749709,0.767872313,0.0939837494,-1.13506955,3.97846938,0.0154816412,0.00133045713
0.183484126,5.0,4.27398426,4.3421466,0.811145111,0.0879775722,-1.08199899,4.04749775,0.0155037442,0.0011115562
0.184484126,5.0,4.27402685,4.34088768,0.765796961,0.0949088691,-1.01656402,4.02615972,0.0154782357,0.0011669974
0.185484126,5.0,4.27398954,4.34590886,0.809220025,0.0888381723,-0.964698239,4.09198817,0.0155005767,0.000961080712
0.186484126,5.0,4.27403203,4.34420899,0.763994035,0.0957511873,-0.900410439,4.06766315,0.0154751351,0.00102636566
0.187484126,5.0,4.27399431,4.34964269,0.807550697,0.0896151955,-0.849727578,4.13074099,0.0154977169,0.000831889504
0.188484126,5.0,4.27403671,4.34745426,0.762425943,0.0965120263,-0.786562435,4.10383988,0.0154723345,0.000905338938
0.189484126,5.0,4.27399859,4.35334292,0.806102165,0.0903105183,-0.737040521,4.1645533,0.0154951578,0.000721000496
0.190484126,5.0,4.27404091,4.35061677,0.761060185,0.0971941068,-0.67497313,4.1354285,0.0154698237,0.000801142901
0.191484126,5.0,4.27400238,4.35700373,0.80484418,0.0909273055,-0.626590201,4.19410936,0.0154928878,0.000625845834
0.192484126,5.0,4.27404465,4.35369005,0.759868684,0.0978012353,-0.565595467,4.16306301,0.0154675889,0.000711388762
0.193484126,5.0,4.27400571,4.3606187,0.803750576,0.091469709,-0.518329672,4.21999648,0.0154908916,0.000544212935
0.194484126,5.0,4.27404795,4.35666812,0.758827207,0.0983380017,-0.458382516,4.18728757,0.015465613,0.000634019317
0.195484126,5.0,4.27400861,4.36418092,0.802798729,0.0919425823,-0.412212193,4.24271862,0.0154891513,0.000474194102
0.196484126,5.0,4.27405085,4.35954576,0.757914862,0.0988095003,-0.353287748,4.20856915,0.0154638775,0.000567262952
0.197484126,5.0,4.27401113,4.36768313,0.801969082,0.092351221,-0.308191481,4.26270814,0.0154876475,0.000414143593
0.198484126,5.0,4.27405339,4.36231868,0.757113661,0.0992210855,-0.250265266,4.22730841,0.0154623625,0.000509594493
0.199484126,5.0,4.27401328,4.37111796,0.80124474,0.0927011387,-0.206221924,4.28033595,0.0154863599,0.000362641147
0.200484126,5.0,4.27405559,4.36498372,0.756408139,0.0995781679,-0.149269999,4.24384911,0.0154610482,0.000459701889
0.201484126,5.0,4.2740151,4.37447816,0.800611113,0.0929978791,-0.106258752,4.29592019,0.0154852679,0.000318461087
0.202484126,5.0,4.27405748,4.367539,0.755785019,0.0998860536,-0.0502578443,4.25848617,0.015459915,0.000416457792
0.203484126,5.0,4.27401621,4.37976118,0.800132351,0.0931731793,-0.00833150047,4.30988356,0.0154846038,0.000259627021
0.204484126,5.0,4.27405922,4.36949405,0.755205852,0.100168238,0.046833262,4.27156869,0.0154588769,0.000386139308
0.205484126,5.0,4.27401744,4.38324612,0.799652637,0.0933726348,0.0877428083,4.32227612,0.0154838696,0.000226900176
0.206484126,5.0,4.27406064,4.37173881,0.754706315,0.100399404,0.142014448,4.28321984,0.0154580262,0.000354040097
0.207484126,5.0,4.27401842,4.3866683,0.79923218,0.0935334632,0.181937911,4.33333484,0.0154832776,0.000198780342
0.208484126,5.0,4.27406185,4.37386428,0.754259161,0.100596165,0.235338716,4.29362475,0.0154573021,0.000326109981
0.209484126,5.0,4.27401921,4.3900118,0.798862403,0.0936605726,0.27429465,4.34323266,0.0154828098,0.000174675953
0.210484126,5.0,4.27406288,4.3758783,0.753857466,0.100762396,0.326845487,4.30294455,0.0154566905,0.000301680233
0.211484126,5.0,4.27401981,4.39326952,0.798536181,0.0937582648,0.36485249,4.35211829,0.0154824502,0.000154004399
0.212484126,5.0,4.27406373,4.37778767,0.753495094,0.100901768,0.416573207,4.31131741,0.0154561777,0.000280212093
0.213484126,5.0,4.27402026,4.39643429,0.798246366,0.0938312659,0.453650519,4.36011742,0.0154821815,0.000136267983
0.214484126,5.0,4.27406447,4.37959575,0.753161757,0.101021706,0.504563116,4.31885089,0.0154557366,0.000261292902
0.215484126,5.0,4.27402072,4.39947334,0.797958348,0.0939072436,0.540749137,4.36727489,0.0154819018,0.000121161751
0.216484126,5.0,4.27407553,4.3832018,0.750934345,0.102809873,0.592509119,4.32203286,0.0154491331,0.00022728927
0.217484126,5.0,4.27402498,4.40037814,0.796940556,0.0945988721,0.62673143,4.36900867,0.0154793561,0.000116996601
0.217609126,5.0,4.27433091,4.3831003,0.753538246,0.144048055,0.681367954,4.32149091,0.0152973439,0.000228182961
0.217795274,5.0,4.2742709,4.38190889,0.755306726,0.134395173,0.679443276,4.31739526,0.0153328731,0.000238939576
0.217912154,5.0,4.27422827,4.38141864,0.756943309,0.127522769,0.677427449,4.31567069,0.0153581686,0.000243511642
0.218022204,5.0,4.27416615,4.38168361,0.760568739,0.11748974,0.671974233,4.31660593,0.0153950979,0.000241029738
0.218025643,5.0,4.27413353,4.38244683,0.763282444,0.112211282,0.66683933,4.3192614,0.015414527,0.000234021365
0.218032521,5.0,4.27412652,4.38253588,0.76370253,0.111076077,0.665991274,4.31956733,0.0154187054,0.000233217035
0.218032673,5.0,4.274287,4.37731933,0.74443275,0.136986465,0.691907898,4.30029006,0.0153233364,0.0002853322
0.218032675,5.0,4.27429251,4.37708193,0.743475577,0.137872701,0.692794242,4.29933275,0.0153200734,0.000287963123
0.218032681,5.0,4.2743052,4.37649658,0.741110106,0.139915411,0.694837169,4.296967,0.0153125548,0.000294554308
0.218032691,5.0,4.2743485,4.37428204,0.731804013,0.146874367,0.701796554,4.28766023,0.015286942,0.000320884984
0.218032694,5.0,4.27436856,4.37316966,0.726877697,0.150093304,0.705015597,4.28273371,0.0152750941,0.000334986542
0.218032699,5.0,4.27444821,4.36837585,0.703661571,0.162854936,0.717777428,4.25951705,0.0152281234,0.000403199104
0.218032704,5.0,4.2754247,4.27520421,-3.27380543,0.316164054,0.871086245,0.282048775,0.0146639283,0.0147894648
0.218032707,5.0,4.27625936,4.2743693,-3.40564118,0.442724277,0.997645449,0.150212705,0.0141982781,0.0152746547
0.218032711,5.0,4.27548838,4.27445546,-3.39183907,0.32596403,0.880884234,0.164014591,0.0146278681,0.0152238552
0.218032714,5.0,4.2762097,4.27422942,-3.42814398,0.435308102,0.990227253,0.127709362,0.014225563,0.015357483
0.218032719,5.0,4.2755318,4.27431145,-3.41493162,0.332631925,0.887549498,0.140921338,0.0146033338,0.0153088545
0.218032726,5.0,4.27618383,4.27412135,-3.44561344,0.431438902,0.986354423,0.110238939,0.0142397968,0.0154217881
0.218032736,5.0,4.27555581,4.27419591,-3.43355192,0.336313935,0.89122631,0.122299652,0.0145897854,0.0153773949
0.218032753,5.0,4.27617728,4.27401318,-3.46316936,0.430458574,0.985365669,0.0926807724,0.0142434026,0.0154864163
0.218032785,5.0,4.27557169,4.27407688,-3.4528185,0.33874802,0.893645384,0.103029069,0.0145808284,0.0154483252
0.218032848,5.0,4.27618657,4.2738961,-3.48224894,0.43184859,0.986726537,0.0735934138,0.0142382888,0.0155566766
0.218032975,5.0,4.27559003,4.27397138,-3.46995536,0.341556362,0.896395449,0.0858766304,0.0145704956,0.0155114632
0.218033161,5.0,4.27619975,4.27382882,-3.49323106,0.433820326,0.988602534,0.0625856691,0.0142310354,0.0155971969
0.2180334,5.0,4.27559132,4.27394319,-3.47447495,0.342826105,0.897534968,0.081322169,0.0145697655,0.0155283783
0.218033701,5.0,4.27619523,4.27382079,-3.49445584,0.434207941,0.988824775,0.0613165967,0.0142335232,0.0156020415
0.218034174,5.0,4.2755938,4.27394187,-3.47462265,0.34318115,0.897652997,0.081110973,0.0145683693,0.015529174
0.218035121,5.0,4.27619774,4.27382095,-3.49431432,0.43458349,0.988765417,0.0613416106,0.0142321416,0.0156019453
0.218037014,5.0,4.27559946,4.27394184,-3.47439475,0.344035472,0.897637582,0.0811058671,0.0145651851,0.0155291923
0.2180408,5.0,4.27620873,4.27382097,-3.49384372,0.436244438,0.988687202,0.0613462115,0.0142260994,0.0156019282
0.218048372,5.0,4.27562157,4.27394185,-3.47346054,0.347379555,0.897504574,0.0811081157,0.014552738,0.0155291839
0.218063517,5.0,4.27625286,4.27382102,-3.49197201,0.442916003,0.988409529,0.0613541783,0.0142018436,0.0156018988
0.218093807,5.0,4.27570985,4.27394194,-3.4697195,0.360709517,0.896955819,0.0811223611,0.014503153,0.0155291316
0.218154386,5.0,4.27642928,4.2738212,-3.48449171,0.469497167,0.987312085,0.0613836155,0.0141053072,0.0156017901
0.218275544,5.0,4.27606215,4.2739423,-3.45476997,0.413571626,0.894774406,0.081181128,0.0143069481,0.0155289158
0.218517861,5.0,4.27713193,4.27382193,-3.45463483,0.574026384,0.982996218,0.0615027241,0.0137272761,0.0156013507
0.219002495,5.0,4.27745891,4.27394378,-3.39522593,0.617949788,0.886329642,0.081424145,0.0135548298,0.0155280234
0.219971763,5.0,4.27989513,4.27382503,-3.33622102,0.964807171,0.966825585,0.0620090202,0.0123363866,0.0155994825
0.220971763,5.0,4.28120253,4.27394834,-3.23592578,1.11874213,0.865537989,0.0821681722,0.0117283139,0.0155252887
0.221971763,5.0,4.28381604,4.27383043,-3.17583986,1.43714398,0.947173406,0.0628934954,0.0106011364,0.0155962243
0.222971763,5.0,4.28502794,4.27395396,-3.07705653,1.55683416,0.847207716,0.0830845158,0.0101158785,0.0155219163
0.223971763,5.0,4.28774694,4.27383668,-3.01839354,1.84358153,0.930158444,0.0639164741,0.00910645106,0.0155924569
0.224971763,5.0,4.28883835,4.27396034,-2.92110769,1.93384703,0.831331865,0.0841254594,0.0087301845,0.0155180849
0.225971763,5.0,4.291679,4.27384362,-2.86385039,2.19340629,0.915427627,0.0650531538,0.00782215568,0.0155882711
0.226971763,5.0,4.29263103,4.27396737,-2.76804304,2.25838626,0.817581846,0.0852711056,0.00753947422,0.015513868
0.227971763,5.0,4.29561233,4.27385114,-2.71217494,2.49459315,0.902675114,0.0662831931,0.00671865558,0.0155837419
0.228971763,5.0,4.29640333,4.27397492,-2.61782727,2.53784276,0.805673349,0.0865012807,0.00651629729,0.0155093398
0.229971763,5.0,4.29954705,4.2738591,-2.56333284,2.75399144,0.891636222,0.0675858209,0.00577052032,0.0155789457
0.230971763,5.0,4.3001522,4.27398287,-2.47042609,2.77856427,0.795360196,0.0877955064,0.00563707799,0.0155045757
0.231971763,5.0,4.30348321,4.27386738,-2.41729053,2.97748385,0.882081718,0.0689401521,0.00495591179,0.0155739593
0.232971763,5.0,4.30387414,4.27399109,-2.32580578,2.98600264,0.786429064,0.0891333617,0.00488156881,0.0154996509
0.233971763,5.0,4.30742071,4.27387585,-2.2740148,3.1701229,0.873812957,0.0703255749,0.00425607714,0.0155688588
0.234971763,5.0,4.30756512,4.27399945,-2.18393282,3.16484035,0.778694988,0.0904948857,0.00423238019,0.0154946388
0.235971763,5.0,4.3113593,4.2738844,-2.13347241,3.33624814,0.866657726,0.0717221634,0.00365491295,0.0155637174
0.236971763,5.0,4.31122052,4.27400785,-2.04477343,3.31909908,0.771997519,0.0918609966,0.00367457656,0.0154896098
0.237971763,5.0,4.31529849,4.2738929,-1.99562968,3.47958688,0.860466691,0.0731110916,0.00313859083,0.0155586043
0.238971763,5.0,4.31483509,4.27401617,-1.90829323,3.45223306,0.766197433,0.0932138999,0.00319532905,0.0154846293
0.239971763,5.0,4.31923741,4.27390124,-1.86045208,3.60334055,0.855110337,0.0744750243,0.00269523561,0.0155535835
0.240971763,5.0,4.31840286,4.27402431,-1.77445684,3.56720913,0.761173908,0.0945374627,0.00278361721,0.0154797567
0.241971763,5.0,4.32317477,4.27390935,-1.72790394,3.71025897,0.85047635,0.0757984621,0.00231464873,0.015548712
0.242971763,5.0,4.32191716,4.27403218,-1.6432276,3.66657547,0.756822092,0.0958175291,0.00242997236,0.0154750442
0.243971763,5.0,4.32710865,4.27391712,-1.59794818,3.80270401,0.846467334,0.0770680204,0.00198807027,0.0155440389
0.244971763,5.0,4.32537056,4.27403972,-1.51456733,3.75252073,0.753051001,0.0970421578,0.00212625705,0.0154705357
0.245971763,5.0,4.33103641,4.2739245,-1.47054616,3.88270426,0.842998852,0.078272625,0.00170797421,0.0155396051
0.246971763,5.0,4.32875492,4.27404686,-1.38843628,3.82692458,0.749781705,0.0982017667,0.00186547519,0.0154662665
0.247971763,5.0,4.33495444,4.27393143,-1.34565755,3.952002,0.839997718,0.0794036155,0.00146789205,0.0155354424
0.248971763,5.0,4.33206147,4.27405355,-1.26479306,3.89140129,0.746945751,0.099289178,0.00164160871,0.0154622632
0.249971763,5.0,4.33885805,4.27393787,-1.22324045,4.01209342,0.837400506,0.0804547523,0.00126226076,0.0155315738
0.250971763,5.0,4.33528098,4.27405978,-1.14359473,3.94733704,0.744483806,0.100299563,0.00144947694,0.0154585434
0.251971763,5.0,4.34274127,4.2739438,-1.10325141,4.06426324,0.835152263,0.0814221316,0.00108629177,0.0155280137
0.252971763,5.0,4.33840398,4.27406551,-1.02479701,3.99592197,0.742344465,0.101230299,0.00128461585,0.0154551169
0.253971763,5.0,4.34659673,4.27394921,-0.985645689,4.10961441,0.833205386,0.082304019,0.000935858072,0.0155247683
0.254971763,5.0,4.34142115,4.27407075,-0.908354494,4.03817776,0.740483233,0.10208074,0.0011431744,0.015451986
0.255971763,5.0,4.35041563,4.27395409,-0.870377474,4.14909359,0.831518637,0.0831006176,0.00080739718,0.0155218369
0.256971763,5.0,4.34432364,4.2740755,-0.794220964,4.07498129,0.73886163,0.102851948,0.00102182624,0.0154491469
0.257971763,5.0,4.35418784,4.27395846,-0.757400194,4.18351312,0.830056305,0.08381379,0.000697828287,0.0155192128
0.258971763,5.0,4.34710365,4.27407978,-0.682349708,4.10708502,0.737446424,0.103546372,0.000917694987,0.0154465905
0.259971763,5.0,4.3605104,4.27396208,-0.646752352,4.21375907,0.828881322,0.0843608104,0.000546496353,0.0155170417
0.260971763,5.0,4.34892002,4.27408377,-0.572667905,4.13524524,0.736166292,0.104192779,0.000855460463,0.0154442121
0.261971763,5.0,4.364659,4.2739654,-0.538230872,4.24019657,0.82779465,0.0849020357,0.000465509639,0.0155150495
0.262971763,5.0,4.35341412,4.27408705,-0.465245758,4.16005691,0.735132533,0.104678886,0.000719018464,0.0154422525
0.263971763,5.0,4.3689726,4.27396827,-0.431860823,4.26355169,0.826855143,0.0853698564,0.000394003006,0.0155133275
0.264971763,5.0,4.35604725,4.27409006,-0.3598787,4.18188943,0.734177154,0.10516759,0.000649422829,0.0154404536
0.265971763,5.0,4.37322595,4.27397074,-0.32759426,4.28412443,0.826039455,0.0857717676,0.000334258299,0.0155118481
0.266971763,5.0,4.35855629,4.27409271,-0.256587363,4.20113299,0.733334652,0.105597941,0.000589384262,0.0154388695
0.267971763,5.0,4.37748497,4.27397282,-0.225387514,4.30229706,0.825333593,0.0861112312,0.000283510713,0.0155105985
0.268971763,5.0,4.36092916,4.27409504,-0.155326323,4.21814066,0.732588674,0.105975586,0.000537719645,0.0154374795
0.269971763,5.0,4.38173923,4.27397456,-0.125195511,4.3183963,0.824722512,0.0863939832,0.000240512017,0.0155095577
0.270971763,5.0,4.36315708,4.27409708,-0.0560511718,4.2332147,0.731925244,0.106306028,0.00049334098,0.0154362632
0.271971763,5.0,4.38597576,4.27397598,-0.0269740539,4.3327015,0.824193123,0.0866257431,0.000204174648,0.0155087046
0.272971763,5.0,4.36523343,4.27409886,0.0412814034,4.24661362,0.731332408,0.106594526,0.000455285271,0.0154352013
0.273971763,5.0,4.39017922,4.27397713,0.0693200783,4.34545129,0.823734015,0.0868120966,0.00017354896,0.0155080187
0.274971763,5.0,4.36715542,4.27410041,0.136713485,4.25855851,0.730800046,0.106845939,0.000422679898,0.0154342758
0.275971763,5.0,4.39433261,4.27397803,0.163729056,4.35684941,0.823335243,0.0869583991,0.000147802892,0.0155074801
0.276971763,5.0,4.36892568,4.27410176,0.230285847,4.2692385,0.73031968,0.10706463,0.000394718461,0.0154334709
0.277971763,5.0,4.39841838,4.27397871,0.256293939,4.36706989,0.822988149,0.0870696941,0.000126205795,0.0155070705
0.278971763,5.0,4.37055274,4.27410294,0.322038542,4.27881421,0.729883519,0.107255051,0.000370653074,0.01543277
0.279971763,5.0,4.4024197,4.27397921,0.347054614,4.37626044,0.822685277,0.0871506837,0.000108116915,0.0155067724
0.280971763,5.0,4.37204327,4.2741041,0.4120317,4.28737494,0.729459502,0.107443063,0.000349897077,0.0154320779
0.281971763,5.0,4.40631694,4.27397955,0.436049687,4.38450612,0.822421793,0.087206611,9.29941429e-05,0.0155065665
0.282971763,5.0,4.37560951,4.27410907,0.50090918,4.29369618,0.728339005,0.108249915,0.000304831623,0.015429108
0.283971763,5.0,4.41145183,4.27397918,0.523200631,4.39088101,0.822300836,0.0871465539,7.62493815e-05,0.0155067876
0.284971763,5.0,4.27390547,4.27679623,0.835797511,0.0753845808,-3.45512335,0.52201283,0.0155510411,0.0139066052
0.285971763,5.0,4.27386213,4.28016864,1.0205304,0.0680499697,-3.38104513,0.984539718,0.0155771208,0.0122066181
0.286971763,5.0,4.27391186,4.2805749,0.81445489,0.0761673619,-3.29230229,1.03614957,0.0155472021,0.0120163903
0.287971763,5.0,4.27386744,4.284175,1.00069036,0.0689229273,-3.21970142,1.46143791,0.0155739216,0.0104550279
0.288971763,5.0,4.27391725,4.28433105,0.795985242,0.0770557556,-3.13249609,1.47850442,0.0155439603,0.0103921404
0.289971763,5.0,4.27387334,4.28792364,0.983506425,0.0698787492,-3.0613662,1.87177709,0.0155703727,0.00904445262
0.290971763,5.0,4.27392361,4.28806222,0.779972422,0.0780932631,-2.97560349,1.85914399,0.0155401418,0.00899612302
0.291971763,5.0,4.2738802,4.29191681,0.968630524,0.0710012868,-2.90589902,2.2249451,0.0155662401,0.00775056643
0.292971763,5.0,4.27393063,4.29176461,0.766103812,0.0792390582,-2.82160948,2.18679739,0.0155359243,0.00779630932
0.293971763,5.0,4.27388766,4.29591879,0.955751763,0.0722193949,-2.75331518,2.52900184,0.0155617558,0.00663951908
0.294971763,5.0,4.27393817,4.29543064,0.754092553,0.0804699134,-2.67048153,2.46892736,0.0155313936,0.00676601693
0.295971763,5.0,4.27389557,4.29992959,0.944603138,0.0735121671,-2.60358016,2.79086306,0.0155569966,0.00568580363
0.296971763,5.0,4.27394611,4.29905441,0.743690021,0.0817653513,-2.522185,2.71194279,0.0155266251,0.00588148309
0.297971763,5.0,4.27390381,4.30394919,0.934953414,0.0748587403,-2.45666004,3.01646828,0.0155520396,0.00486742463
0.298971763,5.0,4.27395433,4.30262906,0.734680759,0.0831049931,-2.37668583,2.92134781,0.0155216939,0.00512230565
0.299971763,5.0,4.27391226,4.30797708,0.92660221,0.0762384654,-2.31252136,3.21091857,0.0155469605,0.00416550379
0.300971763,5.0,4.2739627,4.30614668,0.726877938,0.0844689531,-2.23395012,3.10186948,0.015516673,0.00447096691
0.301971763,5.0,4.27392079,4.31201198,0.91937579,0.0776313193,-2.17113068,3.37859483,0.0155418332,0.00356383785
0.302971763,5.0,4.2739711,4.3095983,0.720119477,0.0858382602,-2.09394371,3.25756737,0.0155116325,0.00391242267
0.303971763,5.0,4.27392929,4.31605164,0.913123467,0.079018324,-2.03245417,3.52325942,0.0155367276,0.00304851725
0.304971763,5.0,4.27397943,4.31297379,0.714264721,0.0871952671,-1.95663176,3.3919278,0.0155066372,0.00343374759
0.305971763,5.0,4.27393765,4.32009242,0.907714516,0.0803819484,-1.89645721,3.64814335,0.015531708,0.00260759662
0.306971763,5.0,4.27398759,4.31626196,0.709191596,0.0885240219,-1.82197843,3.50794457,0.0155017459,0.00302382854
0.307971763,5.0,4.27394577,4.32412901,0.90303551,0.0817064702,-1.76310408,3.75602115,0.0155268325,0.00223080953
0.308971763,5.0,4.27399549,4.31945072,0.704794166,0.0898105756,-1.68994656,3.60818841,0.0154970099,0.00267309903
0.309971763,5.0,4.27395357,4.32815403,0.898988024,0.0829782754,-1.63235765,3.84927513,0.0155221511,0.00190932083
0.310971763,5.0,4.27400307,4.32252744,0.700980523,0.0910432053,-1.5604975,3.69486653,0.0154924723,0.00237330916
0.311971763,5.0,4.27396098,4.33215771,0.895486645,0.0841860774,-1.5041792,3.92995058,0.0155177053,0.00163551167
0.312971763,5.0,4.27401026,4.32547942,0.697670979,0.0922125368,-1.43359101,3.76987381,0.0154881678,0.00211732682
0.313971763,5.0,4.27396794,4.33612772,0.892457253,0.0853210427,-1.37852834,3.9998031,0.0155135278,0.00140279321
0.314971763,5.0,4.27401701,4.32829467,0.694796497,0.0933115597,-1.30918526,3.83483671,0.0154841222,0.00189896756
0.315971763,5.0,4.27397442,4.34004924,0.889835526,0.0863768151,-1.25536299,4.06033939,0.0155096418,0.00120544664
0.316971763,5.0,4.27402331,4.33096265,0.692297348,0.0943355376,-1.18723698,3.89115116,0.0154803528,0.00171285163
0.317971763,5.0,4.27397994,4.3480997,0.887738924,0.0872703069,-1.13471828,4.11317796,0.015506332,0.000883026422
0.318971763,5.0,4.27402942,4.33150715,0.690028102,0.0953285747,-1.06765436,3.94014349,0.0154766981,0.00167717019
0.319971763,5.0,4.27398524,4.35264342,0.885798948,0.0881335647,-1.01641575,4.1589656,0.0155031544,0.000740765469
0.320971763,5.0,4.27403435,4.33744933,0.688265825,0.0961222256,-0.95055973,3.9830282,0.0154737486,0.00133291585
0.321971763,5.0,4.27398994,4.35789796,0.884142249,0.0888986721,-0.900476517,4.19912502,0.015500338,0.000604578204
0.322971763,5.0,4.27403925,4.33977909,0.686594897,0.0969194168,-0.83570444,4.02041674,0.0154708142,0.00121810322
0.323971763,5.0,4.27399414,4.36291537,0.882703749,0.0895829244,-0.786839063,4.23418108,0.0154978193,0.00049797289
0.324971763,5.0,4.27404372,4.34185293,0.685125983,0.0976457021,-0.723118876,4.05305458,0.0154681408,0.00112424884
0.325971763,5.0,4.27399782,4.36800287,0.881466535,0.0901814753,-0.675464214,4.26483887,0.0154956161,0.000409055428
0.326971763,5.0,4.2740478,4.34355856,0.683825755,0.0983077659,-0.612752762,4.08158493,0.0154657038,0.00105250332
0.327971763,5.0,4.274001,4.37310199,0.880401969,0.0906993455,-0.566303833,4.29169087,0.0154937099,0.00033586402
0.328971763,5.0,4.27405102,4.34766496,0.682786529,0.0988317689,-0.504636908,4.10677448,0.015463775,0.000897994138
0.329971763,5.0,4.27400363,4.37894304,0.879509789,0.091126186,-0.45932525,4.31548923,0.0154921387,0.000267970626
0.330971763,5.0,4.27405423,4.34965433,0.681787329,0.099353164,-0.398593856,4.12896244,0.0154618558,0.000831515113
0.331971763,5.0,4.27400531,4.38775445,0.878868693,0.0913996528,-0.354549559,4.33674897,0.0154911321,0.00019060575
0.332971763,5.0,4.27405733,4.35050469,0.680848317,0.0998558197,-0.294598507,4.14869,0.0154600056,0.000804622055
0.333971763,5.0,4.27400697,4.39447815,0.878244201,0.0916699229,-0.251786395,4.3555706,0.0154901372,0.00014697353
0.334971763,5.0,4.27405958,4.35405008,0.680126145,0.100221263,-0.192729687,4.16637997,0.0154586604,0.000701555067
0.335971763,5.0,4.27400821,4.40171519,0.877728908,0.0918717566,-0.151060847,4.37252717,0.0154893943,0.000111102299
0.336971763,5.0,4.27406196,4.35548413,0.67939455,0.100607621,-0.0927899502,4.18217157,0.0154572383,0.000663716699
0.337971763,5.0,4.27400909,4.40916288,0.877303144,0.092015351,-0.0523245894,4.38775245,0.0154888657,8.33047705e-05
0.338971763,5.0,4.27406385,4.3580737,0.678786031,0.10091391,0.00515791821,4.19644721,0.0154561109,0.00060048414
0.339971763,5.0,4.2740095,4.41777306,0.876991815,0.0920816322,0.0444417134,4.40165626,0.0154886217,5.97169249e-05
0.340971763,5.0,4.27406574,4.35959534,0.678189494,0.10122144,0.101232968,4.20940658,0.0154549789,0.000566176739
0.341971763,5.0,4.2740099,4.42506687,0.876681677,0.0921474438,0.13935152,4.41424283,0.0154883795,4.5043066e-05
0.342971763,5.0,4.27406748,4.36081546,0.677636631,0.101504524,0.195445528,4.22112812,0.0154539369,0.000540088595
0.343971763,5.0,4.27400994,4.43315257,0.876458377,0.0921533956,0.232381521,4.42574553,0.0154883576,3.29504994e-05
0.344971763,5.0,4.27406916,4.36154044,0.677109878,0.101775904,0.287844296,4.23180075,0.015452938,0.00052516056
0.345971763,5.0,4.2740098,4.44115326,0.876276983,0.0921305449,0.323598167,4.43627202,0.0154884418,2.41837393e-05
0.346971763,5.0,4.27407008,4.36499978,0.676740785,0.101924996,0.378354099,4.24178214,0.0154523892,0.000459416564
0.347971763,5.0,4.27400945,4.44962549,0.876146568,0.0920735529,0.413031716,4.44617762,0.0154886516,1.74287928e-05
0.348971763,5.0,4.27407147,4.36653177,0.676287956,0.102150833,0.467207821,4.25097872,0.0154515579,0.000432995416
0.349971763,5.0,4.27400906,4.45764587,0.876027545,0.0920099438,0.500741595,4.45533026,0.0154888857,1.27819807e-05
0.350971763,5.0,4.27407769,4.36776957,0.674986754,0.103161054,0.555133376,4.25785015,0.0154478394,0.000412761846
0.351971763,5.0,4.27400902,4.46389724,0.875837977,0.0920030123,0.586798605,4.46215299,0.0154889113,1.00376542e-05
0.352096763,5.0,4.27404931,4.39682204,0.774106771,0.0985537469,0.598667875,4.36057718,0.0154647991,0.000134240396
0.352346763,5.0,4.27405229,4.39669603,0.773599149,0.0990374362,0.609774273,4.36027417,0.015463018,0.000134896011
0.352589678,5.0,4.27405618,4.39638097,0.772888879,0.0996698569,0.620700243,4.35951425,0.0154606902,0.000136549204
0.352857571,5.0,4.27406453,4.39560096,0.771506628,0.101025701,0.633373595,4.35760462,0.0154556994,0.00014072987
0.35286201,5.0,4.27436722,4.38834854,0.752112381,0.149879494,0.682411496,4.33805361,0.0152758805,0.000186277648
0.352870888,5.0,4.27435193,4.38882007,0.753801161,0.147425291,0.680325725,4.33944201,0.0152849161,0.000182912463
0.352875548,5.0,4.27436358,4.38820665,0.752151719,0.149295382,0.682389202,4.33763503,0.0152780304,0.000187302313
0.35288006,5.0,4.27434803,4.38876414,0.753939589,0.146798294,0.680079375,4.33927088,0.0152872212,0.000183308409
0.352889084,5.0,4.27435998,4.38806476,0.752187488,0.148716588,0.682372187,4.33721495,0.0152801607,0.000188332651
0.352902098,5.0,4.27434124,4.3885675,0.754105458,0.145707208,0.679902903,4.33869653,0.0152912371,0.000184707352
0.352921053,5.0,4.2743508,4.38776237,0.752356698,0.147242492,0.682224904,4.3363146,0.0152855863,0.000190547362
0.352955509,5.0,4.27432488,4.38809714,0.754493426,0.143079714,0.679492336,4.33731098,0.0153009081,0.000188097001
0.353021256,5.0,4.27432153,4.38687425,0.753011355,0.142540799,0.681682803,4.33368689,0.0153028917,0.000197203819
0.35315275,5.0,4.27425948,4.38669319,0.75647471,0.132555039,0.677158531,4.3330755,0.0153396465,0.000198589103
0.353415737,5.0,4.27415887,4.3857878,0.76025362,0.116312979,0.671861709,4.33025865,0.0153994293,0.000205663753
0.353661803,5.0,4.27610393,4.27388116,-3.48619981,0.419464996,0.94258533,0.0711510623,0.0142838545,0.015565667
0.353783037,5.0,4.27633063,4.27388276,-3.47599419,0.453482604,0.939919911,0.0714127976,0.0141592056,0.0155647036
0.353895081,5.0,4.27655757,4.27388163,-3.46699959,0.486967416,0.939798435,0.0712277071,0.0140355191,0.0155653849
0.354028289,5.0,4.27680843,4.27388341,-3.4558074,0.523795997,0.937039389,0.0715192575,0.0139000468,0.0155643124
0.354294704,5.0,4.27732925,4.27388245,-3.4342049,0.599887445,0.935132812,0.0713627427,0.013622954,0.0155648878
0.354827536,5.0,4.2783413,4.27388494,-3.39044925,0.744065792,0.927907304,0.0717687524,0.0131002032,0.0155633933
0.355827536,5.0,4.28024104,4.27388582,-3.30955104,1.00297688,0.918436219,0.0719126075,0.0121725015,0.0155628637
0.356827536,5.0,4.28217058,4.2738898,-3.22892604,1.24077617,0.907273404,0.072564304,0.0112974686,0.015560465
0.357827536,5.0,4.28411989,4.27389121,-3.14949649,1.46369053,0.899225445,0.0727945174,0.0104773278,0.0155596174
0.358827536,5.0,4.28604879,4.27389572,-3.07032774,1.66813621,0.889394457,0.0735308504,0.00972439665,0.0155569072
0.359827536,5.0,4.28799665,4.27389741,-2.99237794,1.86014051,0.882589912,0.0738079903,0.00901895624,0.0155558868
0.360827536,5.0,4.28992055,4.27390238,-2.91464691,2.03593267,0.873912251,0.0746191729,0.00837244587,0.015552901
0.361827536,5.0,4.29186653,4.27390429,-2.83816072,2.20138225,0.868184846,0.0749312519,0.00776564719,0.015551752
0.362827536,5.0,4.29378472,4.27390966,-2.76184746,2.35255717,0.860505872,0.0758092637,0.0072105689,0.0155485203
0.363827536,5.0,4.29572863,4.27391172,-2.68680932,2.49519266,0.855711754,0.0761440408,0.00668851515,0.0155472877
0.364827536,5.0,4.29764033,4.27391745,-2.6118944,2.62521699,0.848897656,0.0770807065,0.00621198772,0.0155438402
0.365827536,5.0,4.29958194,4.27391957,-2.53828931,2.74825107,0.844912266,0.0774257154,0.00576274266,0.0155425699
0.366827536,5.0,4.30148625,4.27392561,-2.46475365,2.86010224,0.83884717,0.0784128205,0.00535370192,0.0155389367
0.367827536,5.0,4.30342533,4.27392771,-2.39256697,2.96629421,0.835562579,0.0787555945,0.00496701351,0.0155376746
0.368827536,5.0,4.30532122,4.27393402,-2.3203917,3.06252951,0.830146079,0.0797850276,0.00461595567,0.0155338856
0.369827536,5.0,4.3072575,4.27393603,-2.24960883,3.15424931,0.827468715,0.0801133527,0.00428301819,0.0155326766
0.370827536,5.0,4.3091438,4.27394256,-2.17877519,3.23706523,0.822613768,0.0811772545,0.00398177942,0.0155287609
0.371827536,5.0,4.31107696,4.27394441,-2.10938134,3.31634841,0.82046247,0.0814794382,0.00369502917,0.0155276481
0.372827536,5.0,4.31295234,4.2739511,-2.03987046,3.3876316,0.816093595,0.0825703464,0.00343659617,0.0155236329
0.373827536,5.0,4.31488202,4.27395273,-1.97185039,3.45622659,0.814397956,0.0828354862,0.00318953598,0.0155226565
0.374827536,5.0,4.31674498,4.27395954,-1.90364321,3.51759758,0.810449685,0.0839464682,0.00296788342,0.0155185675
0.375827536,5.0,4.31867078,4.27396088,-1.83698096,3.57700621,0.809148619,0.0841647039,0.002754932,0.0155177636
0.376827536,5.0,4.32051961,4.27396778,-1.77005814,3.62985703,0.805564174,0.0852894689,0.00256488281,0.0155136239
0.377827536,5.0,4.32244109,4.27396878,-1.70473682,3.68136935,0.804604688,0.085452203,0.00238124538,0.0155130244
0.378827536,5.0,4.32427387,4.27397573,-1.63907863,3.72689578,0.801334827,0.0865851869,0.00221835092,0.0155088544
0.379827536,5.0,4.32619053,4.27397635,-1.5750803,3.77161996,0.800670958,0.0866852597,0.0020599081,0.0155084855
0.380827536,5.0,4.32800512,4.27398333,-1.51066658,3.81084919,0.797672985,0.0878216788,0.00192034518,0.015504303
0.381827536,5.0,4.3299164,4.27398352,-1.44797212,3.84973719,0.797264881,0.0878534851,0.00178355771,0.0155041853
0.382827536,5.0,4.33171043,4.2739905,-1.38478231,3.88355164,0.794501788,0.0889893577,0.00166404025,0.0155000048
0.383827536,5.0,4.33361574,4.27399025,-1.32337136,3.91742123,0.794314904,0.0889488995,0.00154586709,0.0155001531
0.384827536,5.0,4.33538659,4.2739972,-1.26138451,3.94657892,0.791754622,0.0900810356,0.00144357026,0.0154959864
0.385827536,5.0,4.33728525,4.2739965,-1.20123552,3.9761326,0.79175903,0.0899659081,0.00134139835,0.0154964096
0.386827536,5.0,4.33903008,4.27400341,-1.14043033,4.0012847,0.789373778,0.0910918707,0.00125389348,0.0154922655
0.387827536,5.0,4.34092139,4.27400224,-1.08152068,4.02712591,0.789543562,0.0909011848,0.00116547746,0.0154929669
0.388827536,5.0,4.34263709,4.27400911,-1.02187558,4.04883178,0.787309285,0.0920192282,0.00109067613,0.015488852
0.389827536,5.0,4.3445203,4.27400748,-0.964181677,4.07147889,0.787622011,0.0917534785,0.00101408653,0.0154898297
0.390827536,5.0,4.34620356,4.2740143,-0.905674932,4.09021897,0.785517884,0.0928624702,0.000950192659,0.015485748
0.391827536,5.0,4.34807789,4.27401221,-0.849172425,4.11011723,0.785954147,0.0925233609,0.000883771499,0.0154869958
0.392827536,5.0,4.34972519,4.27401897,-0.791782216,4.12630418,0.783962152,0.0936226931,0.000829240178,0.0154829497
0.393827536,5.0,4.35158984,4.27401645,-0.736446194,4.14383597,0.78450517,0.093212936,0.000771562804,0.0154844575
0.394827536,5.0,4.35319752,4.27402315,-0.680150721,4.15782417,0.78260972,0.0943024339,0.000725065025,0.0154804476
0.395827536,5.0,4.35505167,4.27402022,-0.625955931,4.17331788,0.783244993,0.0938255339,0.000674907363,0.0154822026
0.396827536,5.0,4.35661594,4.27402686,-0.570733507,4.18541165,0.781432609,0.0949053656,0.000635299733,0.0154782283
0.397827536,5.0,4.35845879,4.27402354,-0.517654572,4.19914927,0.782147613,0.0943654079,0.00059161017,0.0154802154
0.398827536,5.0,4.35997582,4.27403012,-0.463483704,4.20960986,0.780406647,0.0954360011,0.000557908961,0.015476275
0.399827536,5.0,4.36180659,4.27402644,-0.411495321,4.22183346,0.78119057,0.0948374504,0.000519784195,0.0154784779
0.400827536,5.0,4.36327257,4.27403298,-0.358354782,4.23088516,0.779510958,0.0958994172,0.000491143083,0.0154745692
0.401827536,5.0,4.36509054,4.27402896,-0.307431895,4.24180257,0.780354475,0.0952469395,0.000457807367,0.0154769706
0.402827536,5.0,4.36650174,4.27403545,-0.255300784,4.24963787,0.778727527,0.0963010121,0.000433498344,0.015473091
0.403827536,5.0,4.36830624,4.27403113,-0.205418731,4.25942745,0.779622597,0.0955993217,0.000404285656,0.0154756736
0.404827536,5.0,4.36965913,4.27403757,-0.154276522,4.26621156,0.778040814,0.0966462991,0.00038368266,0.01547182
0.405827536,5.0,4.37144958,4.27403298,-0.105411149,4.27502639,0.778980509,0.0959000354,0.000358021359,0.0154745667
0.406827536,5.0,4.37274087,4.27403938,-0.0552377188,4.28090108,0.777437426,0.0969407403,0.000340586221,0.0154707362
0.407827536,5.0,4.37451679,4.27403454,-0.00736546995,4.2888725,0.778415781,0.0961543723,0.000317985842,0.0154736305
0.408827536,5.0,4.37574354,4.27404092,0.0418588727,4.29395942,0.77690583,0.0971896181,0.000303256209,0.0154698201
0.409827536,5.0,4.37750456,4.27403586,0.0887609004,4.30120016,0.777917709,0.0963673761,0.000283296093,0.0154728465
0.410827536,5.0,4.37866421,4.2740422,0.137055404,4.30560369,0.776436099,0.0973979424,0.000270875043,0.0154690533
0.411827536,5.0,4.38041008,4.27403694,0.183009426,4.31221049,0.777477085,0.0965437724,0.000253194525,0.0154721972
0.412827536,5.0,4.38150056,4.27404326,0.23039289,4.31602024,0.776019699,0.0975703881,0.000242741616,0.0154684185
0.413827536,5.0,4.38323114,4.27403783,0.275420417,4.3220761,0.777085992,0.0966879278,0.000227031573,0.0154716666
0.414827536,5.0,4.38425085,4.27404413,0.321911195,4.32536898,0.775649288,0.0977112654,0.000218255146,0.0154678999
0.415827536,5.0,4.3859661,4.27403854,0.36603307,4.33094511,0.77673758,0.0968038676,0.000204250913,0.0154712399
0.416827536,5.0,4.38691378,4.27404482,0.411649241,4.33378665,0.775318293,0.0978247162,0.000196902617,0.0154674823
0.417827536,5.0,4.38861279,4.27403911,0.454886658,4.33894127,0.776424418,0.0968965217,0.000184384222,0.0154708989
0.418827536,5.0,4.38948232,4.27404542,0.499651235,4.34137222,0.775012815,0.0979212343,0.00017828859,0.0154671271
0.419827536,5.0,4.39113392,4.2740398,0.54205619,4.34606983,0.77609487,0.0970086578,0.000167259881,0.0154704861
0.420827536,5.0,4.39155362,4.27404898,0.586438987,4.34712169,0.774183816,0.0984994508,0.000164567703,0.0154649983
0.421827536,5.0,4.39125142,4.27405548,0.629939152,4.34632796,0.773005671,0.0995556994,0.000166501775,0.015461111
0.421952536,5.0,4.39052826,4.27406501,0.636753138,4.3442986,0.771391964,0.101102625,0.000171222663,0.0154554169
0.422202536,5.0,4.3891008,4.27408315,0.650210287,4.34025106,0.768735936,0.104046186,0.000180937934,0.0154445818
0.422207728,5.0,4.38462305,4.2742616,0.679276912,4.32653617,0.755178732,0.13289716,0.000215136916,0.0153383869
0.422218112,5.0,4.38498688,4.27424598,0.677190692,4.32771129,0.756656009,0.13037942,0.000212131889,0.0153476539
0.422223586,5.0,4.3845248,4.27425654,0.679119542,4.32621678,0.755320177,0.132080788,0.000215955633,0.0153413917
0.422228913,5.0,4.3849788,4.27424074,0.676794121,4.32768533,0.756941859,0.129533983,0.000212198171,0.0153507658
0.422239566,5.0,4.38442634,4.27425149,0.678969406,4.32589594,0.75545761,0.131266491,0.000216779342,0.0153443889
0.422253509,5.0,4.38491742,4.27423012,0.676104027,4.3274879,0.757443167,0.127821553,0.000212702326,0.0153570688
0.422276894,5.0,4.38426933,4.27423782,0.678318643,4.32538256,0.755987978,0.129063953,0.000218099259,0.0153524958
0.4223116,5.0,4.38485816,4.27420271,0.674095895,4.32729769,0.758828541,0.12339777,0.000213190188,0.015373352
0.422373927,5.0,4.38413874,4.27419556,0.67553535,4.32497636,0.758063356,0.122243535,0.000219203174,0.0153776007
0.422389242,5.0,4.38482141,4.27416562,0.671334736,4.32717823,0.760593284,0.1174047,0.000213493315,0.0153954108
0.42239123,5.0,4.38543591,4.27414169,0.667546078,4.32914628,0.762597253,0.113533079,0.000208480939,0.0154096617
0.422395206,5.0,4.38571294,4.27412863,0.665597378,4.33002279,0.763542551,0.111418398,0.000206259866,0.0154174453
0.422401438,5.0,4.38517209,4.27414736,0.668888658,4.3283052,0.761936272,0.114449589,0.000210618237,0.015406288
0.422402232,5.0,4.38508843,4.27415018,0.669377883,4.32803755,0.761684195,0.114905701,0.000211300642,0.0154046093
0.422402431,5.0,4.38506257,4.27415104,0.669526652,4.32795453,0.761605099,0.115046192,0.000211511963,0.0154040921
0.422402828,5.0,4.38500172,4.27415313,0.669881033,4.32775912,0.761417592,0.11538402,0.000212010215,0.0154028486
0.422403622,5.0,4.38473847,4.27416233,0.671401818,4.32691029,0.76058526,0.116871709,0.000214178991,0.0153973727
0.42240382,5.0,4.38458538,4.27416762,0.672265995,4.32641395,0.760093343,0.117727617,0.000215450444,0.0153942223
0.42240387,5.0,4.38454095,4.27416913,0.672512142,4.32626943,0.759949944,0.117971696,0.000215820832,0.0153933238
0.422403969,5.0,4.38444118,4.27417253,0.67306533,4.32594478,0.759627552,0.118520751,0.000216654962,0.015391303
0.422404168,5.0,4.38409682,4.27418383,0.674900358,4.32481604,0.758503588,0.120347517,0.000219558775,0.015384579
0.422404217,5.0,4.38394444,4.27418868,0.675685843,4.32431333,0.758002158,0.121130937,0.000220856123,0.0153816953
0.422404317,5.0,4.38349375,4.27420246,0.677916387,4.32281458,0.75650611,0.123357356,0.00022473817,0.0153735004
0.422404341,5.0,4.38330825,4.27420791,0.678797321,4.32219259,0.755884847,0.124237259,0.000226355722,0.0153702617
0.422404391,5.0,4.38279002,4.27422247,0.681148744,4.32043725,0.754131046,0.126586623,0.000230936738,0.0153616143
0.422404403,5.0,4.38261038,4.27422712,0.681901099,4.31987361,0.753567824,0.127338464,0.000232546264,0.0153588479
0.422404428,5.0,4.38219089,4.2742385,0.683737002,4.31838507,0.752080151,0.129173339,0.000236348584,0.0153520947
0.422404434,5.0,4.38202214,4.2742425,0.684382464,4.31779108,0.751486383,0.129818544,0.000237895653,0.0153497184
0.422404447,5.0,4.38166411,4.27425145,0.685825345,4.31654319,0.750238971,0.131260912,0.000241211505,0.0153444103
0.422404472,5.0,4.38038242,4.27428046,0.69049956,4.3119497,0.745646559,0.135934104,0.000253465437,0.0153272089
0.422404478,5.0,4.37980629,4.27429255,0.692445535,4.30986219,0.743559362,0.137879825,0.000259174671,0.0153200482
0.42240449,5.0,4.37788175,4.27432975,0.69842848,4.30250826,0.736206146,0.143862265,0.000279194743,0.0152980281
0.42240449,5.0,4.3778363,4.27433131,0.698679219,4.30232972,0.73602762,0.144112994,0.000279685755,0.0152971072
0.422404491,5.0,4.37770784,4.27433347,0.699026343,4.30181765,0.735515584,0.144460097,0.000281078242,0.0152958274
0.422404492,5.0,4.37744083,4.27433729,0.699640319,4.30076625,0.734464246,0.145074033,0.000283994961,0.0152935678
0.422404494,5.0,4.37690073,4.27434755,0.701287454,4.29862094,0.732319072,0.146721087,0.000289987521,0.0152875066
0.422404498,5.0,4.37522407,4.27437524,0.705731731,4.29168624,0.725384679,0.151165207,0.00030940829,0.0152711484
0.422404499,5.0,4.37461189,4.2743854,0.707361831,4.28907118,0.722769706,0.152795268,0.000316818802,0.0152651487
0.422404501,5.0,4.37304487,4.27441078,0.711430087,4.28216219,0.715860902,0.156863448,0.000336606591,0.0152501754
0.422404504,5.0,4.36890953,4.27447491,0.721689492,4.26226935,0.695968373,0.167122757,0.000394965054,0.0152124154
0.422404507,5.0,4.29250235,4.27527989,0.84835794,2.25301301,-1.31328714,0.293791351,0.00757707555,0.0147462541
0.422404509,5.0,4.2746019,4.27609083,0.97206197,0.187367967,-3.37893176,0.41749594,0.0151379042,0.0142910922
0.422404511,5.0,4.27449076,4.27564963,0.905236103,0.169655998,-3.39664357,0.350670734,0.0152030917,0.0145369589
0.422404513,5.0,4.2743836,4.27604657,0.965408475,0.152507127,-3.41379228,0.410843665,0.0152662113,0.0143155666
0.422404515,5.0,4.27436962,4.27569379,0.911974937,0.150263691,-3.41603556,0.357410739,0.0152744672,0.0145121595
0.422404518,5.0,4.27427305,4.27602082,0.961530234,0.134740867,-3.43155807,0.406967174,0.0153316029,0.0143298284
0.422404522,5.0,4.27425926,4.27571351,0.914978408,0.132520209,-3.43377843,0.360416502,0.0153397748,0.0145011001
0.422404528,5.0,4.27417874,4.27601056,0.959982321,0.11952468,-3.44677344,0.405422318,0.0153876086,0.014335512
0.422404538,5.0,4.27415471,4.27572524,0.916760169,0.115639263,-3.45065812,0.36220299,0.0154019102,0.0144945269
0.42240455,5.0,4.27407944,4.27601026,0.959930314,0.10344501,-3.46285131,0.405377069,0.015446795,0.0143356785
0.422404571,5.0,4.27405584,4.27573536,0.918291156,0.099613927,-3.46668069,0.363744338,0.0154608971,0.0144888557
0.422404603,5.0,4.27398368,4.27601673,0.9608889,0.0878792887,-3.47841274,0.406351731,0.0155040911,0.0143320926
0.422404653,5.0,4.27396898,4.27574737,0.920094583,0.0854850825,-3.48080286,0.3655727,0.0155129039,0.0144821284
0.422404744,5.0,4.27390585,4.27602844,0.962608401,0.0751863239,-3.49109415,0.408114384,0.0155508135,0.0143256076
0.422404926,5.0,4.27390518,4.2757612,0.922115049,0.0750774098,-3.49118813,0.367676762,0.0155512141,0.0144743868
0.422405141,5.0,4.27387055,4.27603575,0.963807121,0.0694209346,-3.4968269,0.409434822,0.0155720496,0.0143215567
0.422405444,5.0,4.27389463,4.27576378,0.922562911,0.0733552387,-3.49286769,0.368283525,0.0155575601,0.0144729436
0.422405841,5.0,4.27386847,4.27603755,0.963862127,0.0690787691,-3.49711154,0.4097043,0.0155733032,0.0143205607
0.422406586,5.0,4.27389481,4.27576606,0.922559517,0.0733846267,-3.49274447,0.368629951,0.0155574532,0.0144716661
0.422407904,5.0,4.2738685,4.27604151,0.963828439,0.069082656,-3.4969382,0.410302309,0.0155732889,0.0143183703
0.422410538,5.0,4.27389481,4.27577378,0.922516192,0.0733847137,-3.49241971,0.369796828,0.0155574529,0.014467351
0.422415808,5.0,4.27386851,4.27605686,0.963730265,0.0690856992,-3.49628585,0.41262394,0.0155732777,0.0143098741
0.422426346,5.0,4.27389484,4.27580451,0.922325676,0.0733895331,-3.49111634,0.374443525,0.0155574351,0.0144501684
0.422447423,5.0,4.27386858,4.2761183,0.963346735,0.0690959656,-3.49367881,0.421905262,0.0155732399,0.0142759222
0.422489577,5.0,4.27389496,4.27592734,0.921561509,0.0734098054,-3.48590386,0.392970839,0.0155573605,0.0143817104
0.422573885,5.0,4.27386883,4.2763637,0.961823535,0.0691368269,-3.48325885,0.458812671,0.0155730894,0.0141411132
0.422742502,5.0,4.27389547,4.27641714,0.918538652,0.0734920708,-3.46508462,0.46620413,0.0155570579,0.0141119302
0.423079734,5.0,4.27386985,4.27733944,0.955869277,0.0693039912,-3.44170248,0.602984729,0.0155724738,0.0136175873
0.4237542,5.0,4.27389757,4.2783526,0.906986092,0.0738357382,-3.3823003,0.745627358,0.0155557935,0.0130944799
0.4247542,5.0,4.27387358,4.28053281,0.937643095,0.0699137954,-3.30552675,1.04303847,0.0155702281,0.0120359589
0.4257542,5.0,4.27390241,4.28217905,0.886457101,0.0746268443,-3.22089869,1.23930588,0.0155528821,0.0112937704
0.4267542,5.0,4.27387917,4.28443411,0.918561855,0.0708280882,-3.14555597,1.50097456,0.0155668621,0.0103508131
0.4277542,5.0,4.2739082,4.28603285,0.868664788,0.0755729946,-3.06243587,1.66405759,0.0155493995,0.00973039142
0.4287542,5.0,4.27388557,4.28833571,0.902041015,0.0718735369,-2.98851948,1.89504098,0.0155630135,0.00890150176
0.4297542,5.0,4.27391473,4.28987615,0.85325547,0.0766394835,-2.90688986,2.02961083,0.0155454738,0.00838683132
0.4307542,5.0,4.27389263,4.29223423,0.887737511,0.0730285922,-2.83438241,2.23423717,0.0155587614,0.00765603069
0.4317542,5.0,4.27392188,4.29370728,0.839910224,0.0778064421,-2.75422446,2.3443058,0.0155411782,0.00723218932
0.4327542,5.0,4.27390025,4.29612933,0.875354478,0.0742728502,-2.68310943,2.52629216,0.015554181,0.00658569438
0.4337542,5.0,4.27392952,4.29752457,0.82835309,0.07905356,-2.60440458,2.61530559,0.0155365876,0.00623985242
0.4347542,5.0,4.27390829,4.3000206,0.864634955,0.0755855312,-2.53466626,2.77784416,0.0155493488,0.00566583308
0.4357542,5.0,4.27393753,4.30132606,0.818345092,0.0803602849,-2.45739605,2.84876235,0.0155317775,0.00538696242
0.4367542,5.0,4.27391662,4.30390755,0.855356364,0.0769458224,-2.38901934,2.9945946,0.0155443414,0.00487526723
0.4377542,5.0,4.27394578,4.30510956,0.809679135,0.0817061943,-2.31316524,3.04996003,0.0155268232,0.00465388587
0.4387542,5.0,4.27392512,4.3077896,0.847325801,0.0783332725,-2.24613535,3.18144037,0.015539234,0.00419580606
0.4397542,5.0,4.27395416,4.30887254,0.802175652,0.0830714015,-2.1716786,3.22343698,0.0155217978,0.00402375857
0.4407542,5.0,4.27393367,4.31166603,0.840376013,0.0797282061,-2.10598088,3.34258746,0.0155340992,0.0036118253
0.4417542,5.0,4.27396253,4.31261216,0.795678885,0.0844369737,-2.03290228,3.37309126,0.015516771,0.00348209423
0.4427542,5.0,4.27394215,4.31553598,0.834361958,0.081112134,-1.96852197,3.48164857,0.0155290049,0.00310990461
0.4437542,5.0,4.27397081,4.31632516,0.790053694,0.0857853339,-1.89680177,3.50227103,0.0155118076,0.00301644834
0.4447542,5.0,4.27395046,4.31939836,0.829157842,0.0824681352,-1.83372377,3.60172685,0.0155240134,0.00267851615
0.4457542,5.0,4.27397888,4.32000792,0.785182822,0.0871006243,-1.76334146,3.6138522,0.0155069659,0.00261612957
0.4467542,5.0,4.27395852,4.32325189,0.824654576,0.0837811869,-1.7015502,3.70548785,0.0155191801,0.00230775711
0.4477542,5.0,4.27398667,4.32365634,0.780964532,0.0883690078,-1.63248447,3.71030511,0.0155022968,0.00227195188
0.4487542,5.0,4.27396623,4.327095,0.820757575,0.0850384239,-1.57196376,3.79522128,0.0155145523,0.00198911997
0.4497542,5.0,4.2739941,4.32726588,0.777310569,0.0895788892,-1.50419237,3.79375173,0.0154978431,0.00197602165
0.4507542,5.0,4.27397354,4.33092578,0.817384849,0.0862293117,-1.44492533,3.87289401,0.0155101687,0.00171529526
0.4517542,5.0,4.27400112,4.33083156,0.774144393,0.0907210429,-1.37842514,3.86601481,0.0154936387,0.00172155491
0.4527542,5.0,4.2739804,4.33474193,0.814465347,0.0873457239,-1.32039418,3.94019561,0.0155060593,0.00148000208
0.4537542,5.0,4.27400768,4.33434792,0.771399642,0.0917886434,-1.25514114,3.92866003,0.0154897088,0.00150272035
0.4547542,5.0,4.27398676,4.33854072,0.811937526,0.0883819246,-1.19832799,3.99857739,0.0155022452,0.00127784248
0.4557542,5.0,4.27401376,4.33780909,0.769018806,0.0927771986,-1.13429721,3.9830322,0.0154860698,0.00131450454
0.4567542,5.0,4.27399261,4.3423189,0.809748088,0.0893344592,-1.07868298,4.04928591,0.0154987391,0.00110417638
0.4577542,5.0,4.27401934,4.34120885,0.766952062,0.0936843969,-1.01584886,4.0302864,0.0154827303,0.00115259622
0.4587542,5.0,4.27399794,4.34607265,0.807850902,0.0902019689,-0.961414152,4.09339182,0.0154955459,0.000955014069
0.4597542,5.0,4.27402442,4.3445407,0.765156273,0.0945098847,-0.899750522,4.07141457,0.0154796916,0.00101328693
0.4607542,5.0,4.27400275,4.34979754,0.806206042,0.0909849452,-0.846475527,4.13181458,0.015492664,0.000826923801
0.4617542,5.0,4.274029,4.34779803,0.763594105,0.0952549924,-0.785955825,4.10726855,0.0154769487,0.000893385805
0.4627542,5.0,4.27400705,4.35348854,0.804778971,0.0916854461,-0.733820455,4.16534365,0.0154900856,0.000716952486
0.4637542,5.0,4.27403311,4.35097425,0.762233272,0.0959224319,-0.674417921,4.13857966,0.0154744918,0.000790146549
0.4647542,5.0,4.27401087,4.35713998,0.803539817,0.0923067939,-0.623401932,4.1946568,0.0154877986,0.000622557575
0.4657542,5.0,4.27403676,4.35406299,0.761045877,0.0965159862,-0.565089796,4.16597573,0.0154723069,0.000701204868
0.4667542,5.0,4.27401423,4.36074563,0.802462752,0.0928532735,-0.5151729,4.22033575,0.0154857872,0.000541548711
0.4677542,5.0,4.27403998,4.35705837,0.76000783,0.0970402085,-0.457924579,4.18999559,0.0154703772,0.000624525039
0.4687542,5.0,4.27401716,4.3642988,0.801525447,0.0933298479,-0.409086528,4.24287971,0.0154840331,0.000472037833
0.4697542,5.0,4.27404281,4.35995518,0.75909836,0.0975001468,-0.352875807,4.21110167,0.0154686842,0.00055835431
0.4707542,5.0,4.2740197,4.36779246,0.80070861,0.0937419006,-0.305096467,4.262717,0.0154825165,0.000412396619
0.4717542,5.0,4.27404528,4.36274912,0.758299575,0.097901102,-0.249897657,4.22969071,0.0154672082,0.000501184041
0.4727542,5.0,4.27402187,4.3712195,0.799995575,0.0940950137,-0.203157056,4.28021503,0.0154812169,0.000361220299
0.4737542,5.0,4.27404742,4.36543696,0.757596087,0.0982484271,-0.148945136,4.24610311,0.0154659297,0.000451716604
0.4747542,5.0,4.27402371,4.37457289,0.799371955,0.0943947829,-0.103223494,4.29568897,0.0154801136,0.000317296941
0.4757542,5.0,4.27404906,4.3685911,0.756978692,0.0985125179,-0.0500089062,4.26065657,0.0154649502,0.000399857594
0.4767542,5.0,4.27402481,4.37969803,0.798886719,0.0945714434,-0.00532649901,4.30958006,0.0154794569,0.000260261669
0.4777542,5.0,4.27405064,4.37120633,0.75642654,0.0987686369,0.0470249417,4.27372354,0.0154640074,0.000361404342
0.4787542,5.0,4.27402606,4.38318913,0.798411471,0.0947749142,0.0907210384,4.32196182,0.0154787079,0.000227400599
0.4797542,5.0,4.27405233,4.37237103,0.755899095,0.0990459491,0.142221542,4.28529285,0.0154629946,0.000345491174
0.4807542,5.0,4.27402707,4.38655753,0.79799593,0.0949386735,0.1848884,4.33293351,0.0154781052,0.000199633456
0.4817542,5.0,4.27405349,4.37454652,0.755454827,0.0992346591,0.235507407,4.29561523,0.0154623,0.000317620517
0.4827542,5.0,4.27402786,4.38986866,0.797631174,0.0950680687,0.277217392,4.34275778,0.0154776289,0.000175645321
0.4837542,5.0,4.27405447,4.37660629,0.755055541,0.0993936404,0.326977209,4.30486505,0.015461715,0.000293307532
0.4847542,5.0,4.27402848,4.39309437,0.79730924,0.0951681092,0.36774817,4.35158105,0.0154772606,0.000155050842
0.4857542,5.0,4.27405477,4.38069454,0.754762285,0.0994401343,0.416583311,4.31332243,0.0154615357,0.000250425167
0.4867542,5.0,4.27402895,4.39635183,0.797021563,0.0952448978,0.456521895,4.35967806,0.015476978,0.000136703152
0.4877542,5.0,4.27405602,4.38043052,0.754357154,0.0996459414,0.504630855,4.32080058,0.0154607866,0.000252994568
0.4887542,5.0,4.27402949,4.39928622,0.796725499,0.095332784,0.543603893,4.36675597,0.0154766545,0.000122041473
0.4897542,5.0,4.27406531,4.38392084,0.752384213,0.101152071,0.592269938,4.32439971,0.0154552349,0.000221057678
0.4907542,5.0,4.27403533,4.40010933,0.795440392,0.0962811868,0.629818576,4.36839452,0.0154731635,0.000118218843
0.4908792,5.0,4.27406915,4.39012858,0.770771116,0.101775292,0.640574086,4.34317855,0.0154529402,0.000173889049
0.4911292,5.0,4.27409361,4.38833185,0.767400393,0.105743243,0.655042067,4.33800445,0.0154383347,0.000186397835
0.49117442,5.0,4.27410215,4.38779751,0.76635094,0.107128618,0.658320589,4.33642059,0.0154332358,0.000190288667
0.491175586,5.0,4.27423025,4.38431106,0.755486683,0.12784245,0.67908283,4.32552133,0.0153569923,0.00021774767
0.491175622,5.0,4.27424021,4.38394902,0.754298473,0.129448882,0.680690773,4.32433195,0.0153510795,0.000220816968
0.491175632,5.0,4.27424315,4.38383634,0.753922508,0.129922795,0.681165064,4.32395568,0.0153493347,0.000221781033
0.49117565,5.0,4.27424981,4.38358508,0.753089915,0.130997298,0.682240322,4.32312248,0.0153453802,0.000223946043
0.491175686,5.0,4.27427251,4.38265931,0.74996038,0.13465423,0.685898761,4.3199916,0.0153319197,0.000232106784
0.49117572,5.0,4.27562645,4.27433349,-3.42556433,0.347129216,0.898370673,0.144462864,0.0145499898,0.0152958172
0.491175744,5.0,4.27614651,4.27408574,-3.46555909,0.425848627,0.977082709,0.104466126,0.0142603625,0.0154430357
0.491175767,5.0,4.27564083,4.27409489,-3.46407166,0.349326852,0.900554109,0.105951748,0.0145419058,0.0154375691
0.491175794,5.0,4.27615201,4.2739769,-3.48324561,0.426673529,0.977892515,0.0867755654,0.0142573286,0.015508154
0.491175848,5.0,4.27565363,4.27399657,-3.48003825,0.35128264,0.902485062,0.0899785089,0.0145347074,0.0154963632
0.491175933,5.0,4.27616429,4.27388857,-3.49764603,0.428513566,0.979689827,0.0723636898,0.0142505585,0.0155612038
0.491176104,5.0,4.27566774,4.27392862,-3.4910924,0.353436893,0.904560822,0.0789032984,0.0145267811,0.015537131
0.49117632,5.0,4.27617376,4.27385011,-3.50390516,0.429930654,0.98098838,0.0660727412,0.0142453451,0.0155843606
0.491176613,5.0,4.27566738,4.27391619,-3.49306518,0.3541226,0.905090652,0.0768886559,0.0145269879,0.0155445972
0.49117699,5.0,4.27617068,4.27384735,-3.50428755,0.43020783,0.981060682,0.0656353367,0.0142470395,0.0155860255
0.491177675,5.0,4.27566975,4.2739159,-3.49302508,0.354469079,0.905112323,0.0768415264,0.0145256547,0.0155447746
0.491179045,5.0,4.27617458,4.27384742,-3.50410744,0.430795687,0.981019771,0.0656465685,0.0142448929,0.0155859836
0.491181784,5.0,4.27567779,4.27391588,-3.49268983,0.355684413,0.905070282,0.0768390284,0.0145211384,0.0155447836
0.491187263,5.0,4.27619053,4.27384745,-3.50342761,0.433206352,0.980916333,0.0656509242,0.0142361093,0.0155859675
0.491198221,5.0,4.27570976,4.27391591,-3.49133455,0.360512809,0.904873061,0.0768434533,0.0145032041,0.0155447673
0.491220138,5.0,4.27625441,4.27384751,-3.50071529,0.442848421,0.980517511,0.0656619006,0.0142009931,0.015585927
0.491263971,5.0,4.27583746,4.27391604,-3.48591233,0.37975962,0.90407938,0.0768644257,0.0144317731,0.0155446902
0.491351637,5.0,4.27650956,4.27384777,-3.4898759,0.481182608,0.978935262,0.065704531,0.0140615968,0.0155857699
0.491526968,5.0,4.27634663,4.27391656,-3.46425604,0.455800353,0.900940563,0.0769501519,0.014150451,0.0155443751
0.491877632,5.0,4.27752381,4.27384884,-3.44665225,0.630787669,0.972756023,0.0658786996,0.0135208658,0.0155851279
0.492578958,5.0,4.27835751,4.27391876,-3.37816316,0.745395227,0.888966665,0.0773093417,0.0130919946,0.0155430547
0.493578958,5.0,4.28077404,4.2738526,-3.30829042,1.07619113,0.954295875,0.0664932159,0.0119242265,0.0155828634
0.494578958,5.0,4.28217258,4.27392382,-3.21673862,1.23671429,0.86856051,0.0781367624,0.0112965962,0.0155400111
0.495578958,5.0,4.28469339,4.27385796,-3.14837061,1.53187542,0.935263177,0.067369794,0.0102475717,0.0155796362
0.496578958,5.0,4.28600489,4.27392991,-3.05824206,1.65945578,0.850890534,0.0791298335,0.00974091349,0.0155363568
0.497578958,5.0,4.28861527,4.27386411,-2.99138518,1.92400224,0.918779717,0.0683772779,0.00880580674,0.0155759275
0.498578958,5.0,4.28982315,4.27393672,-2.9026634,2.02328661,0.835591678,0.0802419764,0.00840403408,0.0155322641
0.499578958,5.0,4.29253697,4.27387094,-2.8372988,2.26152738,0.904504402,0.0694945587,0.00756694072,0.0155718147
0.500578958,5.0,4.29362514,4.27394414,-2.74996679,2.33650579,0.822346123,0.0814529578,0.00725519397,0.0155278074
0.501578958,5.0,4.29645849,4.27387832,-2.68607584,2.55214238,0.892142084,0.0707015228,0.00650241399,0.0155673718
0.502578958,5.0,4.2974085,4.27395205,-2.60011746,2.606241,0.810878851,0.0827421611,0.0062679162,0.0155230628
0.503578958,5.0,4.30037979,4.27388613,-2.53768177,2.80245325,0.881437287,0.0719776441,0.0055876949,0.0155626745
0.504578958,5.0,4.30117049,4.27396031,-2.45308146,2.83861396,0.800951694,0.0840887912,0.00541946065,0.0155181066
0.505578958,5.0,4.30430074,4.27389424,-2.39208279,3.0181337,0.872168701,0.0733023207,0.00480171607,0.0155577985
0.506578958,5.0,4.30490798,4.2739688,-2.30882531,3.03888247,0.792358261,0.0854722553,0.00469029645,0.0155130147
0.507578958,5.0,4.30822113,4.27390252,-2.24924543,3.20405679,0.864144501,0.0746552663,0.00412638521,0.0155528186
0.508578958,5.0,4.30861739,4.27397739,-2.16731556,3.21156238,0.784919612,0.0868725734,0.00406364851,0.0155078607
0.509578958,5.0,4.31214057,4.27391085,-2.10913613,3.36440798,0.857198336,0.0760169249,0.00354616494,0.0155478066
0.510578958,5.0,4.31229461,4.27398598,-2.02851838,3.3605324,0.778480552,0.0882707958,0.00352510799,0.0155027143
0.511578958,5.0,4.31605847,4.27391913,-1.97172087,3.50278221,0.851185911,0.0773688829,0.00304771179,0.0155428305
0.512578958,5.0,4.31593498,4.27399444,-1.89239917,3.48912402,0.772906462,0.0896494014,0.00306229763,0.0154976401
0.513578958,5.0,4.31997397,4.27392725,-1.83696473,3.62226727,0.845982041,0.0786942565,0.00261956598,0.0155379523
0.514578958,5.0,4.31953324,4.2740027,-1.75892222,3.60019878,0.768080559,0.0909926539,0.00266458418,0.0154926958
0.515578958,5.0,4.3238858,4.27393512,-1.70483164,3.72551536,0.841478126,0.0799780273,0.00225188488,0.0155332273
0.516578958,5.0,4.32308349,4.27401065,-1.62805045,3.69621457,0.763901546,0.0922868931,0.0023228314,0.0154879319
0.517578958,5.0,4.32779226,4.27394265,-1.57528411,3.81480459,0.837579962,0.0812073095,0.00193621389,0.015528703
0.518578958,5.0,4.32657917,4.27401824,-1.49974521,3.77928258,0.760281576,0.0935207448,0.00202918764,0.0154833903
0.519578958,5.0,4.33169102,4.27394979,-1.44828306,3.89209164,0.834205851,0.0823715292,0.0016652894,0.0155244182
0.520578958,5.0,4.33001308,4.2740254,-1.37396624,3.85121611,0.757144481,0.0946852367,0.00177690337,0.0154791039
0.521578958,5.0,4.33557904,4.27395648,-1.32378782,3.95905709,0.831284957,0.0834625105,0.00143286926,0.015520403
0.522578958,5.0,4.33337746,4.27403209,-1.25067161,3.91357254,0.754424248,0.0957738148,0.00156017415,0.0154750969
0.523578958,5.0,4.33945238,4.27396269,-1.20175611,4.01714424,0.82875588,0.0844744639,0.00123358683,0.0155166788
0.524578958,5.0,4.33666403,4.2740383,-1.1298179,3.96768936,0.752063686,0.0967822642,0.00137400578,0.0154713849
0.525578958,5.0,4.34330614,4.27396839,-1.08214423,4.06759251,0.82656541,0.0854038839,0.00106282531,0.0155132584
0.526578958,5.0,4.33986427,4.274044,-1.01136036,4.01471504,0.750013274,0.0977085431,0.00121409824,0.0154679753
0.527578958,5.0,4.34713426,4.27397358,-0.964907205,4.11146603,0.824667445,0.0862493692,0.000916609597,0.015510147
0.528578958,5.0,4.34296955,4.2740492,-0.895253179,4.05563562,0.748230162,0.0985525461,0.00107674632,0.0154648686
0.529578958,5.0,4.35092955,4.27397825,-0.849999108,4.1496783,0.823022052,0.0870113812,0.000791513267,0.0155073429
0.530578958,5.0,4.34597154,4.27405389,-0.781449776,4.09129752,0.746677304,0.0993158186,0.000958754428,0.0154620591
0.531578958,5.0,4.35468365,4.27398243,-0.737373316,4.18301329,0.821594644,0.0876919627,0.000684578894,0.0155048386
0.532578958,5.0,4.34886252,4.27405811,-0.669903147,4.12242716,0.745322703,0.100001243,0.000857364198,0.0154595362
0.533578958,5.0,4.360342,4.27398573,-0.627064058,4.21227033,0.820409882,0.0882128196,0.000550066043,0.0155028626
0.534578958,5.0,4.35113376,4.27406198,-0.560549681,4.14974164,0.744111926,0.100628507,0.00078528867,0.0154572283
0.535578958,5.0,4.36436723,4.27398891,-0.518871548,4.2378932,0.819345205,0.0887310905,0.000470790599,0.0155009549
0.536578958,5.0,4.35361908,4.27406537,-0.453366668,4.17368371,0.743062836,0.10117875,0.000713343241,0.0154552033
0.537578958,5.0,4.36838913,4.27399166,-0.412822463,4.26038894,0.818423098,0.0891785075,0.00040299212,0.015499308
0.538578958,5.0,4.35593038,4.27406837,-0.348298062,4.19471133,0.742137945,0.101666566,0.000652363852,0.0154534081
0.539578958,5.0,4.37238862,4.27399401,-0.308870293,4.28018239,0.817623774,0.0895606266,0.000345256296,0.0154979014
0.540578958,5.0,4.35806414,4.27407102,-0.245298004,4.21321837,0.741319627,0.10209731,0.000600706292,0.0154518231
0.541578958,5.0,4.3763529,4.27399599,-0.206969368,4.29763765,0.816930372,0.0898830545,0.000296195108,0.0154967146
0.542578958,5.0,4.36297189,4.27407288,-0.144417427,4.22975652,0.740698925,0.102379958,0.000496886037,0.0154507145
0.543578958,5.0,4.38051066,4.27399763,-0.10707447,4.31328459,0.816329389,0.0901508918,0.000252211885,0.0154957287
0.544578958,5.0,4.36560836,4.2740748,-0.0454404352,4.2444555,0.740077951,0.102691553,0.000448733167,0.0154495676
0.545578958,5.0,4.3845365,4.273999,-0.00913826453,4.3272118,0.815802044,0.0903738908,0.000215857972,0.0154949078
0.546578958,5.0,4.36765975,4.27407655,0.051614303,4.25751403,0.73950575,0.102975982,0.00041451809,0.0154485206
0.547578958,5.0,4.38849302,4.27400011,0.0868784683,4.33961627,0.815342335,0.0905539283,0.00018523999,0.0154942451
0.548578958,5.0,4.36982565,4.27407802,0.146765057,4.26916933,0.739003614,0.103214449,0.000381220481,0.0154476429
0.549578958,5.0,4.39241576,4.27400098,0.181016696,4.35071665,0.814941978,0.0906951928,0.000159172651,0.0154937251
0.550578958,5.0,4.37187021,4.27407929,0.240060832,4.27960546,0.738552465,0.103419615,0.000352246147,0.0154468877
0.551578958,5.0,4.396279,4.27400164,0.273317534,4.36068291,0.814592066,0.0908028914,0.000137088622,0.0154933287
0.552578958,5.0,4.37379835,4.27408037,0.331541218,4.28898029,0.738145186,0.103595563,0.000326942249,0.01544624
0.553578958,5.0,4.40007129,4.27400212,0.363820485,4.36966047,0.814285431,0.0908814099,0.000118392854,0.0154930397
0.554578958,5.0,4.3756145,4.27408133,0.421249602,4.29741789,0.737769792,0.103751092,0.000304772908,0.0154456676
0.555578958,5.0,4.4037778,4.27400245,0.452563835,4.37776328,0.814015757,0.0909349876,0.000102586445,0.0154928425
0.556578958,5.0,4.3772576,4.27408317,0.509380746,4.30468493,0.737238708,0.104050199,0.000286014009,0.0154445666
0.557578958,5.0,4.40725219,4.27400268,0.539583412,4.38476898,0.813774353,0.0909721533,8.96916493e-05,0.0154927057
0.558578958,5.0,4.37666691,4.27413319,0.603541091,4.2976593,0.729580586,0.112157151,0.000292620964,0.0154147261
0.559578958,5.0,4.40499382,4.2740027,0.62471742,4.37856756,0.813545111,0.0909760829,9.78750564e-05,0.0154926918
0.559703958,5.0,4.38750536,4.27406751,0.640512155,4.33554386,0.771016143,0.101509327,0.000192450241,0.0154539193
0.559953958,5.0,4.38587275,4.27409131,0.654873924,4.33052564,0.767688555,0.105370692,0.000204989349,0.015439706
0.559990219,5.0,4.38549664,4.27409754,0.65740217,4.32933957,0.766897668,0.106380426,0.000207991941,0.0154359897
0.560062742,5.0,4.38437033,4.27412212,0.664418517,4.32571309,0.76422405,0.110363356,0.000217249218,0.0154213288
0.560065008,5.0,4.38284374,4.27418085,0.674016044,4.32062028,0.759185184,0.119866546,0.000230457607,0.0153863493
0.560065079,5.0,4.38277163,4.27418339,0.674428476,4.32037696,0.758943577,0.12027603,0.00023110105,0.0153848426
0.56006522,5.0,4.38255557,4.27419058,0.675597069,4.31963706,0.758207192,0.12143873,0.00023303961,0.015380563
0.560065256,5.0,4.38247651,4.27419315,0.67601405,4.31936984,0.757940895,0.121854238,0.000233753038,0.0153790338
0.560065327,5.0,4.38226845,4.2741998,0.677090153,4.31864744,0.75722037,0.122927396,0.000235640953,0.0153750835
0.560065344,5.0,4.38220391,4.27420182,0.67741779,4.31843068,0.757004101,0.123254297,0.000236229679,0.0153738806
0.56006538,5.0,4.38204376,4.27420674,0.678212722,4.31786685,0.756441265,0.124047758,0.000237696812,0.0153709595
0.560065451,5.0,4.38145398,4.27422408,0.681015076,4.31579598,0.754372539,0.126847172,0.000243179126,0.0153606553
0.560065468,5.0,4.38119486,4.27423136,0.68218985,4.31487766,0.753454812,0.128021212,0.000245627617,0.0153563341
0.560065504,5.0,4.38040425,4.27425216,0.685545236,4.31202701,0.750605443,0.131375133,0.000253251589,0.015343989
0.560065513,5.0,4.38006222,4.2742605,0.686889454,4.31081865,0.749397449,0.132718986,0.000256622779,0.0153390429
0.56006553,5.0,4.3791076,4.2742829,0.690497435,4.30721532,0.745794898,0.136326237,0.000266271181,0.0153257655
0.560065535,5.0,4.37873298,4.27429113,0.69182333,4.30579436,0.744374155,0.13765195,0.000270155766,0.0153208861
0.560065544,5.0,4.37771579,4.27431236,0.695238662,4.30184873,0.740428991,0.14106692,0.000280991946,0.0153083165
0.560065546,5.0,4.37735995,4.27431944,0.696376132,4.30044595,0.739026344,0.1422043,0.000284884425,0.0153041308
0.56006555,5.0,4.37645986,4.27433669,0.699149024,4.2968175,0.735398168,0.144977013,0.000294972815,0.0152939247
0.560065559,5.0,4.37156327,4.27441872,0.712306203,4.27533275,0.713914159,0.158133844,0.000356451063,0.0152454999
0.560065567,5.0,4.27467459,4.2755738,0.893242032,0.198910739,-3.36250626,0.339070373,0.0150954222,0.0145796423
0.560065573,5.0,4.27428895,4.2761413,0.979238472,0.137300879,-3.42411564,0.425068487,0.0153221784,0.0142632326
0.560065578,5.0,4.27433949,4.27560083,0.897378729,0.145427142,-3.415989,0.343210278,0.0152922697,0.0145644117
0.560065583,5.0,4.27416522,4.27612258,0.976428065,0.117339845,-3.44407583,0.422261246,0.0153956496,0.0142735605
0.560065591,5.0,4.27421931,4.27562154,0.900541823,0.126078266,-3.43533677,0.346377514,0.0153634868,0.0145527559
0.560065603,5.0,4.27406161,4.27611539,0.975343776,0.100550927,-3.46086314,0.421183021,0.0154574483,0.0142775275
0.560065624,5.0,4.27410442,4.27563573,0.902702064,0.107494957,-3.45391738,0.348547873,0.0154318869,0.0145447699
0.560065666,5.0,4.27394289,4.27612204,0.976321301,0.0812308509,-3.48017805,0.422179882,0.0155285631,0.0142738598
0.560065749,5.0,4.27398638,4.27565234,0.905200134,0.0883188608,-3.47308322,0.351084286,0.0155024723,0.0145354372
0.560065916,5.0,4.27384915,4.27613814,0.978659938,0.0659146705,-3.4954737,0.424595182,0.0155849432,0.0142649741
0.560066113,5.0,4.27393487,4.27566466,0.90697008,0.0799228594,-3.48144941,0.352965519,0.0155333778,0.0145285155
0.560066383,5.0,4.2738331,4.27613836,0.979202878,0.063320176,-3.49802989,0.425281046,0.0155946127,0.0142648562
0.560066721,5.0,4.27393022,4.27566307,0.90719589,0.0791936613,-3.48212862,0.353377775,0.0155361711,0.0145294058
0.560067308,5.0,4.27383275,4.27614,0.979174773,0.0632597294,-3.49801436,0.42553633,0.0155948253,0.01426395
0.560068482,5.0,4.27393022,4.27566663,0.907194631,0.079193867,-3.48198389,0.353915539,0.0155361711,0.0145274075
0.560070828,5.0,4.27383277,4.27614678,0.97912131,0.0632634916,-3.49772156,0.426560796,0.0155948114,0.0142602136
0.560075522,5.0,4.27393022,4.27568035,0.907114712,0.079194525,-3.48140518,0.355991003,0.0155361687,0.0145197006
0.560084909,5.0,4.27383281,4.27617413,0.978947864,0.0632688057,-3.49656021,0.430696215,0.0155947918,0.0142451399
0.560103684,5.0,4.27393027,4.27573509,0.906774921,0.0792031371,-3.47908476,0.364261347,0.015536137,0.0144890036
0.560141232,5.0,4.27383292,4.27628354,0.978266011,0.0632871145,-3.49191932,0.447204293,0.0155947243,0.0141850094
0.56021633,5.0,4.27393049,4.27595372,0.905417561,0.0792393668,-3.46980759,0.397162882,0.0155360039,0.0143670502
0.560366525,5.0,4.27383337,4.27672003,0.975568864,0.0633603375,-3.47338106,0.512544142,0.0155944542,0.0139476359
0.560666915,5.0,4.2739314,4.27682343,0.900096582,0.0793877219,-3.43279638,0.52601702,0.0155354588,0.0138919869
0.561267696,5.0,4.27383523,4.27844752,0.965210868,0.0636647056,-3.39961904,0.763130744,0.0155933317,0.0130465137
0.562267696,5.0,4.2739349,4.27986356,0.882534285,0.0799596934,-3.30255919,0.950155687,0.0155333571,0.0123514514
0.563267696,5.0,4.27384001,4.28230562,0.944473076,0.0644474176,-3.23808765,1.26228093,0.0155904476,0.0112386369
0.564267696,5.0,4.27394039,4.28370245,0.863241458,0.0808558073,-3.14246963,1.41314476,0.0155300602,0.010647793
0.565267696,5.0,4.27384578,4.28622527,0.926501689,0.0653911199,-3.07949154,1.69173394,0.0155869731,0.00965826967
0.566267696,5.0,4.2739467,4.28753205,0.846535683,0.0818848023,-2.98531506,1.81155017,0.0155262737,0.00918242505
0.567267696,5.0,4.27385229,4.29014475,0.91093881,0.0664564131,-2.92381341,2.06132756,0.0155830512,0.00830018737
0.568267696,5.0,4.27395369,4.29134708,0.832070322,0.0830250865,-2.83106064,2.15447216,0.0155220774,0.00792318203
0.569267696,5.0,4.27385942,4.29406373,0.897462122,0.0676233587,-2.7710171,2.37949529,0.0155787553,0.00713320667
0.570267696,5.0,4.27396124,4.29514543,0.819545332,0.0842564109,-2.67967088,2.44972617,0.0155175459,0.0068410382
0.571267696,5.0,4.27386705,4.29798217,0.885792767,0.0688715667,-2.62106761,2.65348033,0.0155741604,0.00613042779
0.572267696,5.0,4.27396923,4.29892468,0.808700995,0.0855581392,-2.53111134,2.70402458,0.015512755,0.00591105854
0.573267696,5.0,4.27387505,4.30189997,0.875689291,0.07018037,-2.47393086,2.88950366,0.0155693425,0.00526874867
0.574267696,5.0,4.27397752,4.30268202,0.799312329,0.0869095867,-2.38534828,2.92313245,0.0155077811,0.00511182714
0.575267696,5.0,4.2738833,4.30581695,0.866942485,0.071529191,-2.32957333,3.09290831,0.0155643775,0.00452832942
0.576267696,5.0,4.273986,4.30641427,0.791184324,0.0882904142,-2.2423483,3.11200129,0.0155026988,0.00442495013
0.577267696,5.0,4.27389167,4.30973279,0.859370984,0.0728979451,-2.18796169,3.26828338,0.0155593393,0.00389213161
0.578267696,5.0,4.27399454,4.31011778,0.784147872,0.0896810437,-2.10207784,3.27488389,0.0154975803,0.00383462859
0.579267696,5.0,4.27390006,4.31364704,0.852817497,0.0742674563,-2.0490623,3.41957047,0.0155542983,0.00334552253
0.580267696,5.0,4.27400303,4.31378837,0.778056286,0.0910630717,-1.96450286,3.41543306,0.0154924933,0.00332729175
0.581267696,5.0,4.27390833,4.31755898,0.84714559,0.0756198622,-1.91284091,3.5501551,0.0155493205,0.0028759352
0.582267696,5.0,4.27401137,4.31742132,0.772782307,0.0924196544,-1.82958839,3.53678627,0.0154875,0.00289128174
0.583267696,5.0,4.27391641,4.32146761,0.84223691,0.0769389804,-1.77926222,3.66294525,0.0155444654,0.00247257627
0.584267696,5.0,4.27401946,4.32101132,0.768215533,0.0937358429,-1.69729827,3.64163843,0.0154826551,0.0025165829
0.585267696,5.0,4.2739242,4.32537156,0.837988796,0.0782106182,-1.64828968,3.76043871,0.0155397851,0.002126175
0.586267696,5.0,4.27402723,4.32455241,0.764260193,0.0949988464,-1.56759488,3.73230432,0.015478006,0.00219458908
0.587267696,5.0,4.27393163,4.32926895,0.834312216,0.0794228036,-1.51988522,3.84478093,0.0155353237,0.00182876748
0.588267696,5.0,4.27403461,4.32803802,0.760833232,0.096198208,-1.44043903,3.81077216,0.0154735911,0.00191790369
0.589267696,5.0,4.27393863,4.33315729,0.831129974,0.0805659271,-1.39400917,3.9178147,0.0155311167,0.00157351109
0.590267696,5.0,4.27404155,4.33146096,0.757862637,0.0973258841,-1.31578986,3.87874965,0.0154694401,0.00168016783
0.591267696,5.0,4.27394517,4.33703338,0.828375156,0.0816327861,-1.27062022,3.98112276,0.0155271904,0.00135452483
0.592267696,5.0,4.27404802,4.3348135,0.755285995,0.0983762244,-1.19360493,3.93770345,0.0154655737,0.00147591255
0.593267696,5.0,4.27395122,4.34089312,0.825989773,0.0826185354,-1.14967556,4.03606438,0.0155235628,0.00116675195
0.594267696,5.0,4.27405399,4.33808748,0.753049239,0.0993458587,-1.07384035,3.98889309,0.0154620043,0.00130043181
0.595267696,5.0,4.27395675,4.34473145,0.823923587,0.0835205505,-1.03113097,4.0838068,0.0155202435,0.00100584161
0.596267696,5.0,4.27405945,4.34127452,0.751105554,0.100233503,-0.956451011,4.03340009,0.0154587368,0.00114967343
0.597267696,5.0,4.27396176,4.34854223,0.822133083,0.0843382207,-0.914941092,4.12535213,0.0155172346,0.000868047178
0.598267696,5.0,4.27406442,4.34436622,0.749414437,0.101039704,-0.841390837,4.07215294,0.0154557691,0.00102014556
0.599267696,5.0,4.27396627,4.35231819,0.820580576,0.085072688,-0.801059718,4.16156063,0.0155145321,0.00075013871
0.600267696,5.0,4.2740689,4.34735453,0.747940875,0.101766538,-0.728613127,4.10594866,0.0154530937,0.000908836716
0.601267696,5.0,4.27397028,4.35605102,0.819233436,0.0857265556,-0.689440068,4.19317054,0.0155121263,0.000649328131
0.602267696,5.0,4.27407291,4.35023207,0.746654633,0.102417297,-0.61807087,4.13547123,0.0154506983,0.000813147758
0.603267696,5.0,4.27397382,4.35973143,0.818063419,0.0863035825,-0.580035117,4.22081527,0.0155100033,0.000563205437
0.604267696,5.0,4.27407647,4.35299253,0.745529641,0.102996172,-0.509717063,4.16130755,0.0154485676,0.000730834376
0.605267696,5.0,4.27397691,4.36334949,0.817046082,0.0868083843,-0.472797893,4.24503818,0.0155081462,0.000489684766
0.606267696,5.0,4.27407963,4.35563099,0.744543451,0.103507956,-0.403505011,4.18396114,0.0154466839,0.000659958737
0.607267696,5.0,4.27397925,4.36962489,0.816269129,0.0871580761,-0.367769405,4.26651349,0.0155067451,0.000384190848
0.608267696,5.0,4.27408257,4.35726782,0.743631245,0.103986448,-0.299359203,4.20397811,0.015444924,0.00061948823
0.609267696,5.0,4.27398148,4.37355614,0.815511714,0.0875215336,-0.264740445,4.28537287,0.0155054072,0.00033001822
0.610267696,5.0,4.27408507,4.35942017,0.742851382,0.10439141,-0.197280556,4.22161668,0.015443434,0.000570024055
0.611267696,5.0,4.27398336,4.37747283,0.814855193,0.0878265819,-0.163743699,4.3020229,0.0155042844,0.000283643871
0.612267696,5.0,4.27408698,4.36425233,0.742275913,0.104667354,-0.0972848326,4.23741401,0.0154422949,0.000472886697
0.613267696,5.0,4.27398491,4.38156276,0.814285419,0.0880792873,-0.064733526,4.31696625,0.0155033542,0.00024215859
0.614267696,5.0,4.27408877,4.36686479,0.741682479,0.10495865,0.000810807158,4.25145574,0.0154412227,0.000427456067
0.615267696,5.0,4.2739862,4.38552258,0.813785063,0.0882888897,0.0323366792,4.3302821,0.0155025826,0.000207783462
0.616267696,5.0,4.27409041,4.36893485,0.741135863,0.105223423,0.0970016519,4.26394612,0.0154402481,0.000394578602
0.617267696,5.0,4.27398723,4.38941188,0.81334844,0.0884573291,0.127505852,4.34215724,0.0155019626,0.000178774782
0.618267696,5.0,4.27409177,4.37110493,0.740655391,0.105444597,0.191307335,4.27510846,0.015439434,0.00036282399
0.619267696,5.0,4.27398804,4.39326085,0.812967613,0.0885888039,0.220814609,4.35279734,0.0155014787,0.000154056043
0.620267696,5.0,4.27409294,4.37315996,0.740223294,0.105634046,0.28377572,4.28511628,0.0154387366,0.000335112159
0.621267696,5.0,4.27398865,4.39704663,0.812634251,0.0886883165,0.312303512,4.36236275,0.0155011124,0.000133079791
0.622267696,5.0,4.27409395,4.37510407,0.739830509,0.105797684,0.374447818,4.29411416,0.0154381343,0.000310847182
0.623267696,5.0,4.27398909,4.40075779,0.812341726,0.0887601077,0.402011449,4.37098691,0.0155008481,0.000115291822
0.624267696,5.0,4.27409523,4.37691354,0.739393838,0.106006123,0.463427153,4.3020821,0.0154373671,0.000289844002
0.625267696,5.0,4.27398938,4.40434513,0.812087618,0.0888068877,0.489972302,4.3786574,0.0155006759,0.000100360779
0.626267696,5.0,4.27411074,4.3783921,0.736488524,0.108519481,0.552974678,4.30451585,0.0154281158,0.000273739785
0.627267696,5.0,4.273989,4.40641966,0.811970928,0.0887447909,0.576073124,4.38141077,0.0155009045,9.26255461e-05
0.628267696,5.0,4.27670798,4.27299986,-3.45664108,0.509091888,0.866630658,0.0743985863,0.0139541339,0.0161051769
0.629267696,5.0,4.27964479,4.27386778,-3.3806469,0.91644317,0.993019873,0.0689745214,0.0124563668,0.0155737167
0.630267696,5.0,4.28051948,4.27390526,-3.29390088,1.02913586,0.845090604,0.0750892764,0.0120421617,0.0155511704
0.631267696,5.0,4.28359562,4.27386887,-3.21923178,1.39873271,0.972912586,0.0699076216,0.0106918647,0.0155730634
0.632267696,5.0,4.28430394,4.27391019,-3.1341601,1.47655616,0.826440889,0.075901026,0.0104030387,0.015548202
0.633267696,5.0,4.28758756,4.27388035,-3.0607303,1.81372018,0.955503464,0.0710189591,0.0091627388,0.0155661533
0.634267696,5.0,4.28808364,4.27391586,-2.97737151,1.86159337,0.810297155,0.0768240825,0.00898867555,0.015544799
0.635267696,5.0,4.29157166,4.2738879,-2.90514105,2.17088501,0.940425021,0.072253205,0.0078546841,0.01556161
0.636267696,5.0,4.29183947,4.27392204,-2.82350301,2.19303361,0.796320956,0.0778339898,0.00777377464,0.0155410804
0.637267696,5.0,4.29556615,4.27389615,-2.75241663,2.47837372,0.927366423,0.0736015926,0.00673066216,0.0155566466
0.638267696,5.0,4.29556809,4.27392863,-2.67252111,2.47842581,0.784221709,0.0789084577,0.00673015662,0.015537124
0.639267696,5.0,4.29957285,4.27390498,-2.60252165,2.74318306,0.916058079,0.0750440672,0.00576476807,0.0155513368
0.640267696,5.0,4.2992667,4.27393601,-2.5243091,2.72424667,0.773740686,0.0801094773,0.00583340754,0.0155326909
0.641267696,5.0,4.30359387,4.27391426,-2.45542238,2.97132295,0.906266507,0.0765603507,0.00493475334,0.0155457553
0.642267696,5.0,4.30293316,4.27394324,-2.37896069,2.93607631,0.764671241,0.0812890637,0.00506243305,0.0155283488
0.643267696,5.0,4.30763161,4.27392387,-2.31108567,3.1679547,0.897789448,0.0781290304,0.00422151414,0.015539981
0.644267696,5.0,4.30656334,4.27395055,-2.2363879,3.11869316,0.756819974,0.0824812014,0.00439952075,0.0155239606
0.645267696,5.0,4.31168882,4.27393368,-2.16947887,3.33751175,0.890451534,0.0797293615,0.00360864533,0.0155340902
0.646267696,5.0,4.3101528,4.27395783,-2.09655543,3.27620565,0.750023111,0.0836681299,0.00382943969,0.0155195915
0.647267696,5.0,4.3157686,4.27394356,-2.03056972,3.48380227,0.884100693,0.0813408421,0.00308206049,0.0155281584
0.648267696,5.0,4.3136967,4.27396498,-1.95942698,3.4121428,0.744138602,0.0848337175,0.00333910538,0.015515301
0.649267696,5.0,4.31987444,4.27395339,-1.89432584,3.61009744,0.878605034,0.0829437726,0.00262966526,0.0155222581
0.650267696,5.0,4.31718981,4.27397192,-1.824965,3.52953606,0.739043223,0.08596377,0.00291727797,0.0155111414
0.651267696,5.0,4.32401024,4.27396306,-1.76071434,3.71920733,0.873850179,0.0845196432,0.0022410768,0.0155164574
0.652267696,5.0,4.32062651,4.27397856,-1.69313046,3.63098961,0.734630087,0.0870462666,0.00255430396,0.0155071568
0.653267696,5.0,4.3281803,4.27397246,-1.62970147,3.81354608,0.869736953,0.0860515003,0.00190738292,0.0155108188
0.654267696,5.0,4.32400079,4.27398486,-1.56388271,3.71874069,0.730806487,0.0880715109,0.00224189583,0.015503383
0.655267696,5.0,4.33238926,4.2739815,-1.50125231,3.89518773,0.86617939,0.0875242714,0.00162093523,0.0155053976
0.656267696,5.0,4.32730619,4.27399076,-1.43717946,3.79471142,0.727492029,0.0890321938,0.00197294465,0.0154998468
0.657267696,5.0,4.3366421,4.2739901,-1.37533057,3.9659143,0.863103008,0.0889250314,0.00137517139,0.0155002416
0.658267696,5.0,4.33053568,4.27399623,-1.3129768,3.86055322,0.724617007,0.0899233691,0.00174136167,0.0154965666
0.659267696,5.0,4.34094393,4.2739982,-1.25189838,4.02725694,0.860443296,0.090243193,0.00116446219,0.0154953896
0.660267696,5.0,4.33368143,4.27400127,-1.19122938,3.91768497,0.722120987,0.0907423494,0.00154194551,0.0154935521
0.661267696,5.0,4.34529982,4.27400574,-1.13091627,4.08053128,0.858144406,0.0914706113,0.000983979891,0.0154908717
0.662267696,5.0,4.33673442,4.27400585,-1.0718906,3.96732573,0.719951568,0.0914885318,0.00137027162,0.0154908056
0.663267696,5.0,4.34971445,4.27401269,-1.01234312,4.12686768,0.856158003,0.0926015964,0.000829584761,0.0154867087
0.664267696,5.0,4.33968376,4.27401,-0.954912831,4.01052269,0.71806329,0.0921631666,0.00122260115,0.0154883225
0.665267696,5.0,4.35419159,4.27401903,-0.896136336,4.16723717,0.854442259,0.0936328384,0.000697727184,0.0154829129
0.666267696,5.0,4.34251574,4.27401372,-0.840247771,4.04817516,0.716416678,0.0927690841,0.00109580512,0.0154860924
0.667267696,5.0,4.35873335,4.27402476,-0.782251947,4.20247359,0.852960968,0.094563256,0.000585363278,0.0154794882
0.668267696,5.0,4.34521272,4.27401705,-0.727846713,4.08105494,0.71497739,0.0933103939,0.000987299013,0.0154841
0.669267696,5.0,4.36333907,4.27402986,-0.670644877,4.23329239,0.851682758,0.0953937892,0.000489882035,0.0154764312
0.670267696,5.0,4.34775192,4.27402001,-0.617660904,4.10982375,0.713715489,0.093792166,0.000894979843,0.0154823268
0.671267696,5.0,4.36800372,4.27403438,-0.561269181,4.26030666,0.850580394,0.0961271582,0.000409042039,0.0154737318
0.672267696,5.0,4.35010491,4.27402264,-0.509641875,4.13504796,0.712604823,0.0942200991,0.000817155285,0.0154807518
0.673267696,5.0,4.37271589,4.27403832,-0.454078293,4.28404065,0.849630136,0.0967676169,0.000340915361,0.0154713744
0.674267696,5.0,4.35223859,4.27402498,-0.403741799,4.15721128,0.711622565,0.0946001662,0.000752450929,0.0154793529
0.675267696,5.0,4.37745534,4.27404172,-0.349025269,4.30494131,0.848811173,0.0973207147,0.000283835658,0.0154693386
0.676267696,5.0,4.3541192,4.27402706,-0.299913877,4.17672572,0.710748945,0.0949382258,0.000699682551,0.0154781086
0.677267696,5.0,4.38219102,4.27404463,-0.246063009,4.32338827,0.848105109,0.0977930651,0.000236347423,0.0154675999
0.678267696,5.0,4.35572005,4.27402891,-0.198112746,4.19394151,0.709967195,0.0952395982,0.000657690404,0.0154769993
0.679267696,5.0,4.38688066,4.27404708,-0.1451445,4.33970299,0.847495577,0.0981920844,0.000197154922,0.0154661311
0.680267696,5.0,4.35703206,4.27403057,-0.0982948796,4.20915638,0.709263635,0.0955086542,0.000625160792,0.0154760089
0.681267696,5.0,4.394217,4.27404879,-0.0462795459,4.35437341,0.847084328,0.0984689761,0.000148465046,0.0154651104
0.682267696,5.0,4.36206143,4.27403193,-0.000438247427,4.22311995,0.708786526,0.0957284896,0.000514688129,0.0154751979
0.683267696,5.0,4.39982583,4.27405026,0.0506535187,4.36772791,0.846655359,0.0987071669,0.000119521762,0.0154642337
0.684267696,5.0,4.36319133,4.27403323,0.0955353799,4.23556771,0.708201943,0.095940061,0.000492688117,0.0154744191
0.685267696,5.0,4.40543306,4.27405136,0.145671561,4.37969934,0.846291127,0.09888671,9.62269373e-05,0.0154635728
0.686267696,5.0,4.36450951,4.27403432,0.189636729,4.24674661,0.707684466,0.0961174154,0.000468207867,0.0154737663
0.687267696,5.0,4.41107229,4.27405214,0.238816747,4.39049649,0.845983654,0.0990133489,7.73765244e-05,0.0154631067
0.688267696,5.0,4.36552724,4.2740353,0.281918563,4.25681186,0.707204812,0.096277353,0.000450142666,0.0154731776
0.689267696,5.0,4.41668399,4.27405264,0.330132386,4.4002613,0.845723702,0.0990948955,6.22850409e-05,0.0154628065
0.690267696,5.0,4.36950252,4.27403566,0.372332419,4.26615009,0.706893745,0.0963359078,0.000386012886,0.0154729621
0.691267696,5.0,4.42248852,4.27405291,0.419660185,4.40935027,0.845504803,0.099137545,4.97646268e-05,0.0154626495
0.692267696,5.0,4.37111069,4.27403639,0.461072874,4.27464395,0.706496316,0.0964535799,0.000362743075,0.0154725289
0.693267696,5.0,4.42813938,4.27405303,0.507449334,4.4176496,0.845309913,0.0991580029,3.99979581e-05,0.0154625742
0.694267696,5.0,4.37243789,4.274039,0.548413462,4.28151068,0.705650952,0.0968777464,0.000344599235,0.0154709676
0.695267696,5.0,4.4328287,4.27405413,0.593697475,4.42412496,0.844974848,0.0993365897,3.33656864e-05,0.0154619169
0.695392696,5.0,4.3940363,4.27404821,0.59805502,4.35366975,0.774318926,0.0983748112,0.00014950588,0.0154654578
0.695642696,5.0,4.39395937,4.27405096,0.60912583,4.35347261,0.773824154,0.0988212768,0.000149951205,0.0154638136
0.695866197,5.0,4.39372872,4.27405458,0.619188122,4.35287975,0.773179157,0.0994100818,0.000151294351,0.0154616463
0.696107749,5.0,4.39318357,4.27406102,0.630444068,4.35146433,0.772065527,0.100455371,0.000154517041,0.0154577987
0.696590852,5.0,4.38994264,4.27410058,0.657174244,4.34265427,0.766555853,0.106873684,0.000175143611,0.0154341739
0.697067337,5.0,4.27388221,4.2763222,0.940593274,0.0713230778,-3.48249088,0.452104879,0.0155650338,0.0141638228
0.697397449,5.0,4.27388266,4.27696342,0.936727185,0.0713965497,-3.45537975,0.546500725,0.0155647634,0.0138170015
0.69770365,5.0,4.27388356,4.27755926,0.933162862,0.071543225,-3.43023114,0.631926598,0.0155642235,0.0135023433
0.698087214,5.0,4.27388418,4.27830489,0.92887814,0.0716454088,-3.398915,0.736267854,0.0155638474,0.0131186558
0.698854341,5.0,4.27388608,4.27975339,0.920564241,0.0719555188,-3.33652459,0.936079026,0.0155627058,0.0124041723
0.699854341,5.0,4.27388831,4.28166398,0.910460073,0.0723202456,-3.25592558,1.17993101,0.0155613633,0.0115209234
0.700854341,5.0,4.27389133,4.28360219,0.90098972,0.0728131075,-3.17597478,1.40605104,0.0155595491,0.0106891507
0.701854341,5.0,4.27389405,4.28554153,0.892239224,0.0732578204,-3.0968414,1.61586734,0.015557912,0.00991699199
0.702854341,5.0,4.2738975,4.28747886,0.884033243,0.0738215803,-3.01835118,1.81044724,0.0155558369,0.00920132801
0.703854341,5.0,4.27390055,4.28941506,0.876460965,0.0743196176,-2.9406818,1.99103158,0.0155540035,0.00853768107
0.704854341,5.0,4.27390437,4.29134879,0.869350029,0.0749439208,-2.86363431,2.15851547,0.0155517055,0.00792265939
0.705854341,5.0,4.27390768,4.29328127,0.86279833,0.0754844793,-2.78741171,2.31398616,0.0155497157,0.00735229513
0.706854341,5.0,4.27391181,4.29521092,0.856635826,0.0761599224,-2.71178849,2.45819069,0.0155472294,0.00682374012
0.707854341,5.0,4.27391532,4.2971392,0.85096829,0.0767319949,-2.63699599,2.5920848,0.0155451236,0.0063335169
0.708854341,5.0,4.27391971,4.29906424,0.845627308,0.0774490174,-2.56277909,2.71628797,0.0155424843,0.00587924883
0.709854341,5.0,4.27392334,4.30098778,0.840725793,0.0780414789,-2.48940047,2.83164338,0.0155403033,0.00545787889
0.710854341,5.0,4.27392793,4.30290761,0.836096399,0.078790518,-2.41657226,2.93866061,0.0155375462,0.00506743626
0.711854341,5.0,4.27393161,4.30482579,0.831858517,0.0793923318,-2.34459151,3.03808649,0.0155353308,0.00470522417
0.712854341,5.0,4.27393634,4.30673972,0.827845428,0.0801640015,-2.27313452,3.13033593,0.0155324904,0.00436962104
0.713854341,5.0,4.27394003,4.30865185,0.824182405,0.0807644444,-2.20253568,3.21607332,0.0155302801,0.00405823876
0.714854341,5.0,4.27394484,4.31055909,0.820703001,0.0815497215,-2.13243237,3.29563196,0.0155273896,0.00376975625
0.715854341,5.0,4.27394845,4.31246435,0.817537836,0.082138614,-2.06319923,3.36960571,0.0155252218,0.00350204994
0.716854341,5.0,4.2739533,4.31436402,0.814520461,0.0829290204,-1.99443189,3.43825757,0.0155223124,0.00325405721
0.717854341,5.0,4.27395678,4.31626151,0.811786354,0.0834969501,-1.92654782,3.50212106,0.0155202217,0.00302388125
0.718854341,5.0,4.27396162,4.3181526,0.809168856,0.0842847195,-1.85909832,3.56139853,0.0155173221,0.00281068174
0.719854341,5.0,4.27396492,4.32004129,0.806807857,0.0848232427,-1.79254605,3.61657195,0.0155153397,0.00261275633
0.720854341,5.0,4.2739697,4.32192266,0.80453633,0.0856014624,-1.72639577,3.66779138,0.0155124752,0.00242945576
0.721854341,5.0,4.27397278,4.32380141,0.80249817,0.0861032723,-1.66115725,3.71549468,0.0155106279,0.00225924453
0.722854341,5.0,4.27397746,4.3256718,0.800525866,0.0868659911,-1.59628698,3.75978682,0.0155078205,0.00210163752
0.723854341,5.0,4.27398028,4.32753931,0.798766949,0.0873250416,-1.53234326,3.80106795,0.0155061306,0.00195524256
0.724854341,5.0,4.27398483,4.32939729,0.797053341,0.088067338,-1.46873309,3.83940416,0.0155033984,0.00181971538
0.725854341,5.0,4.27398736,4.33125215,0.79553587,0.0884789158,-1.40606428,3.87516337,0.0155018832,0.00169378705
0.726854341,5.0,4.27399177,4.33309617,0.794045834,0.0891969241,-1.34369368,3.90837809,0.0154992404,0.00157723405
0.727854341,5.0,4.27399399,4.3349368,0.792737049,0.0895576663,-1.28227891,3.9393887,0.0154979124,0.0014688936
0.728854341,5.0,4.27399823,4.33676513,0.791440156,0.0902485603,-1.22112668,3.96819876,0.0154953694,0.00136864554
0.729854341,5.0,4.27400012,4.33858983,0.790311677,0.0905564169,-1.16094421,3.9951251,0.015494236,0.00127541871
0.730854341,5.0,4.27400419,4.34040062,0.789181576,0.0912183553,-1.1009886,4.02014626,0.0154917996,0.0011891812
0.731854341,5.0,4.27400575,4.34220753,0.788208824,0.091472504,-1.04201587,4.04355897,0.0154908639,0.00110894116
0.732854341,5.0,4.27400964,4.34399877,0.787222704,0.0921045439,-0.983234655,4.06532017,0.0154885376,0.00103474187
0.733854341,5.0,4.27401087,4.34578591,0.786384404,0.0923052642,-0.925448432,4.08570942,0.0154877986,0.000965660323
0.734854341,5.0,4.27401457,4.34755546,0.78552253,0.092907251,-0.867819046,4.104665,0.0154855828,0.000901803606
0.735854341,5.0,4.27401549,4.34932075,0.784800272,0.0930557695,-0.811195607,4.12245178,0.015485036,0.000842308777
0.736854341,5.0,4.27401901,4.35106638,0.784045574,0.093628212,-0.754695265,4.13899194,0.015482929,0.000787336808
0.737854341,5.0,4.27401961,4.35280763,0.783423437,0.0937265317,-0.699210559,4.15453782,0.015482567,0.0007360774
0.738854341,5.0,4.27402296,4.35452703,0.78276116,0.0942704719,-0.643816398,4.16899766,0.0154805649,0.000688736771
0.739854341,5.0,4.27402327,4.35624201,0.782225381,0.0943211966,-0.589446228,4.18261311,0.015480378,0.000644551041
0.740854341,5.0,4.27402645,4.35793281,0.781642775,0.0948380822,-0.535135433,4.19528036,0.0154784755,0.000603764116
0.741854341,5.0,4.27402649,4.35961926,0.781181462,0.0948442466,-0.481855624,4.20723197,0.0154784527,0.000565653333
0.742854341,5.0,4.27402951,4.3612791,0.780667516,0.0953358112,-0.428605549,4.21835367,0.0154766434,0.000530493664
0.743854341,5.0,4.27402929,4.36293478,0.780270399,0.0953007248,-0.376392103,4.22887026,0.0154767725,0.000497599327
0.744854341,5.0,4.27403217,4.36456134,0.779815609,0.0957688826,-0.324180371,4.23865848,0.0154750493,0.000467270554
0.745854341,5.0,4.27403173,4.3661841,0.779473824,0.0956959928,-0.273009602,4.24793649,0.0154753175,0.000438854837
0.746854341,5.0,4.27403447,4.36777516,0.779069991,0.0961427474,-0.221814189,4.25657323,0.0154736731,0.000412672574
0.747854341,5.0,4.27403381,4.36936295,0.778775893,0.0960355249,-0.171662825,4.26478124,0.0154740677,0.000388101536
0.748854341,5.0,4.27403644,4.37091643,0.778415949,0.0964628958,-0.121462128,4.2724227,0.0154724947,0.00036547781
0.749854341,5.0,4.27403559,4.37246735,0.778162947,0.096324743,-0.072307398,4.27970538,0.0154730032,0.000344206959
0.750854341,5.0,4.27403812,4.37398138,0.777840804,0.0967347078,-0.0230802844,4.28648559,0.0154714942,0.000324636835
0.751854341,5.0,4.2740371,4.37549378,0.777623222,0.0965688891,0.0251000236,4.29296709,0.0154721045,0.00030619872
0.752854341,5.0,4.27403952,4.37696671,0.777333639,0.0969633404,0.073374187,4.29900108,0.0154706526,0.000289248791
0.753854341,5.0,4.27403835,4.37843915,0.777146593,0.0967729334,0.120601685,4.30478791,0.0154713534,0.000273242317
0.754854341,5.0,4.27404069,4.37986962,0.776885061,0.0971536492,0.16794301,4.31017439,0.0154699521,0.000258540792
0.755854341,5.0,4.27403939,4.38130097,0.776724349,0.0969415125,0.214238693,4.31535797,0.0154707329,0.000244622006
0.756854341,5.0,4.27404166,4.38268792,0.776486995,0.0973101381,0.260666763,4.32018166,0.0154693761,0.00023185016
0.757854341,5.0,4.27404023,4.38407732,0.776349004,0.0970788975,0.306051,4.32484048,0.0154702272,0.000219724322
0.758854341,5.0,4.27404244,4.38541999,0.776132478,0.0974369538,0.351584889,4.32917407,0.0154689093,0.000208609231
0.759854341,5.0,4.27404091,4.38676682,0.776013973,0.0971891011,0.396077529,4.33337522,0.0154698216,0.000198024628
0.760854341,5.0,4.27404306,4.38806423,0.775814669,0.0975385587,0.440736347,4.33727953,0.0154685353,0.000188336505
0.761854341,5.0,4.27404147,4.38936508,0.775708859,0.097279689,0.484359812,4.3410717,0.0154694881,0.00017909859
0.762854341,5.0,4.27404369,4.39059954,0.775502204,0.0976401341,0.52817924,4.34455085,0.0154681614,0.000170751485
0.763854341,5.0,4.27404345,4.39166963,0.775135838,0.097601342,0.571176124,4.34743544,0.0154683041,0.00016383126
0.764854341,5.0,4.27405308,4.39170855,0.773583401,0.0991653451,0.615339665,4.34755241,0.0154625474,0.000163584914
0.764979341,5.0,4.27405444,4.39155474,0.77319038,0.0993864833,0.620850195,4.34712339,0.0154617333,0.000164560599
0.765229341,5.0,4.27406168,4.39098349,0.771959241,0.100562322,0.632588494,4.3455604,0.0154574051,0.000168235494
0.765729341,5.0,4.27411656,4.38705956,0.764792548,0.109463735,0.662487482,4.33419471,0.0154246401,0.000195796014
0.765741756,5.0,4.27412279,4.38678903,0.764158561,0.110472066,0.664014564,4.33336841,0.0154209287,0.000197854663
0.765742101,5.0,4.27423914,4.38321057,0.752665544,0.129276801,0.682833587,4.32186331,0.0153517124,0.000227212194
0.765742106,5.0,4.27424182,4.38280748,0.752305808,0.129708983,0.683265974,4.3215034,0.0153501216,0.000230780938
0.765742115,5.0,4.27424761,4.38287887,0.751542775,0.130642319,0.684199716,4.32074001,0.0153466867,0.000230144815
0.765742135,5.0,4.27426319,4.38222158,0.749286861,0.133153308,0.686711518,4.31848333,0.015337444,0.000236068311
0.76574214,5.0,4.27426851,4.38198973,0.748483484,0.134010097,0.687568509,4.31767974,0.0153342906,0.000238193943
0.76574215,5.0,4.2742812,4.38141474,0.746460922,0.136052731,0.689611548,4.31565675,0.0153267721,0.000243548401
0.765742169,5.0,4.27433322,4.37874962,0.736660144,0.144418809,0.69797843,4.3058549,0.0152959793,0.00026998204
0.765742189,5.0,4.27561512,4.27443882,-3.40784019,0.345396842,0.898954698,0.161351881,0.014556364,0.0152336557
0.765742202,5.0,4.27612091,4.27416629,-3.45167796,0.422010946,0.975564816,0.117513026,0.0142744813,0.0153950122
0.765742214,5.0,4.27562938,4.27418325,-3.44893518,0.347576549,0.901126752,0.12025485,0.0145483452,0.0153849212
0.765742228,5.0,4.27611992,4.27404949,-3.47060571,0.421862625,0.975408623,0.0985831709,0.0142750275,0.0154646905
0.765742252,5.0,4.27564133,4.27407473,-3.46650574,0.349403616,0.902942103,0.102681157,0.0145416214,0.0154496074
0.765742287,5.0,4.27612655,4.27394878,-3.48699155,0.422856962,0.976384606,0.0821924202,0.0142713691,0.0155250246
0.765742356,5.0,4.27565531,4.27397993,-3.48190972,0.351538118,0.905044657,0.0872686247,0.0145337675,0.0155063392
0.765742494,5.0,4.27614097,4.27386486,-3.50068042,0.425018386,0.978482754,0.0684865978,0.0142634172,0.0155754756
0.765742694,5.0,4.27566787,4.27392545,-3.49076427,0.35345663,0.90685989,0.078386373,0.0145267085,0.0155390336
0.765742941,5.0,4.27614241,4.27384413,-3.50401653,0.42589052,0.979217994,0.0651137546,0.0142626221,0.0155879672
0.765743269,5.0,4.2756665,4.27391976,-3.49162742,0.353902214,0.907129171,0.0774759059,0.0145274821,0.0155424512
0.765743782,5.0,4.27614405,4.27384346,-3.50405995,0.426144927,0.979214897,0.0650012226,0.014261717,0.0155883723
0.765744768,5.0,4.27566952,4.27391977,-3.49150262,0.354360084,0.907128012,0.0774775103,0.0145257832,0.0155424465
0.765746741,5.0,4.27614974,4.27384348,-3.50381281,0.427004516,0.979168457,0.0650051732,0.0142585816,0.0155883577
0.765750687,5.0,4.27568106,4.27391977,-3.4910162,0.356105278,0.907061485,0.077477556,0.0145193024,0.0155424463
0.765758578,5.0,4.27617273,4.27384351,-3.50283541,0.430480458,0.979022297,0.0650098692,0.0142459114,0.0155883404
0.76577436,5.0,4.27572708,4.27391981,-3.48906386,0.363058605,0.906775979,0.0774846716,0.0144934915,0.0155424202
0.765805925,5.0,4.27626472,4.2738436,-3.49893026,0.444363185,0.978448804,0.0650253188,0.0141953374,0.0155882834
0.765869054,5.0,4.27591092,4.27392,-3.48125702,0.390743443,0.90563393,0.077515085,0.0143908432,0.0155423084
0.765995312,5.0,4.27663185,4.27384398,-3.48332785,0.499404681,0.976176921,0.0650867887,0.0139952687,0.0155880568
0.766247829,5.0,4.27664288,4.27392076,-3.45009843,0.499531505,0.901142321,0.0776393684,0.0139893026,0.0155418516
0.766752862,5.0,4.2780873,4.27384553,-3.42119513,0.711908092,0.967395705,0.0653406835,0.0132294846,0.0155871208
0.767752862,5.0,4.27949935,4.27392398,-3.32738059,0.902543341,0.884463766,0.0781659934,0.0125266053,0.015539916
0.768752862,5.0,4.28193479,4.27385017,-3.25924205,1.21821759,0.946368402,0.0660984061,0.0114009291,0.0155843291
0.769752862,5.0,4.28333884,4.27392949,-3.16684565,1.37218756,0.864921963,0.0790649902,0.0107985397,0.0155366084
0.770752862,5.0,4.28585437,4.27385576,-3.10023519,1.65380982,0.928136204,0.0670145058,0.00979776757,0.0155809567
0.771752862,5.0,4.28716981,4.27393582,-3.00925175,1.7763124,0.84800277,0.0800990863,0.00931193095,0.0155328032
0.772752862,5.0,4.2897738,4.27386212,-2.94415239,2.02867575,0.912345823,0.068054312,0.00842008443,0.0155771291
0.773752862,5.0,4.29098644,4.27394285,-2.8545645,2.12414988,0.833354439,0.0812461028,0.00803443162,0.0155285823
0.774752862,5.0,4.29369271,4.27386911,-2.79095721,2.35137138,0.898670594,0.0691980517,0.00723626703,0.0155729189
0.775752862,5.0,4.29478664,4.27395045,-2.70274836,2.42362873,0.82067265,0.0824857055,0.00693659635,0.0155240204
0.776752862,5.0,4.29761104,4.27387661,-2.64061436,2.62924513,0.886827919,0.0704254831,0.00621902466,0.0155684008
0.777752862,5.0,4.29856803,4.2739585,-2.5537689,2.68155863,0.809693999,0.0837971591,0.00599312852,0.015519194
0.778752862,5.0,4.30152871,4.27388451,-2.49308957,2.86860834,0.876573122,0.0717160381,0.00534491943,0.0155636505
0.779752862,5.0,4.30232787,4.27396685,-2.40759238,2.9037882,0.800190329,0.0851596619,0.00518230169,0.0155141795
0.780752862,5.0,4.30544554,4.27389266,-2.34834916,3.07488165,0.86769421,0.073049183,0.00459382301,0.0155587434
0.781752862,5.0,4.306063,4.2739754,-2.2641854,3.09534071,0.791963896,0.0865527398,0.00448545528,0.0155090523
0.782752862,5.0,4.30936122,4.27390096,-2.20635968,3.2527208,0.860007396,0.0744048182,0.00394844925,0.0155537537
0.783752862,5.0,4.30976984,4.27398402,-2.12351447,3.26053063,0.784843237,0.0879566613,0.0038865613,0.0155038852
0.784752862,5.0,4.3132753,4.27390928,-2.06708749,3.40612459,0.853353284,0.0757636952,0.00339395275,0.0155487521
0.785752862,5.0,4.31344428,4.2739926,-1.98554558,3.40306369,0.77867964,0.0893528517,0.00337185222,0.0154987463
0.786752862,5.0,4.31718709,4.27391751,-1.93049831,3.53852768,0.8475936,0.0771078244,0.00291758393,0.0155438049
0.787752862,5.0,4.31708166,4.27400102,-1.85024386,3.52612288,0.773344106,0.090724281,0.00292950122,0.0154936985
0.788752862,5.0,4.32109564,4.27392555,-1.79655695,3.65288022,0.842608379,0.0784208491,0.00250839265,0.0155389723
0.789752862,5.0,4.32067675,4.27400921,-1.71757322,3.63244221,0.768724737,0.092055802,0.00254934754,0.0154887975
0.790752862,5.0,4.32499958,4.27393332,-1.66522692,3.75171621,0.83829355,0.079688363,0.00215697364,0.0155343073
0.791752862,5.0,4.32422367,4.27401707,-1.58749615,3.72437005,0.764724481,0.093334419,0.00222266042,0.0154840911
0.792752862,5.0,4.32889712,4.27394073,-1.53647028,3.83721222,0.834558841,0.0808981533,0.00185524754,0.0155298548
0.793752862,5.0,4.32771593,4.27402454,-1.45997352,3.8039235,0.761259182,0.0945494691,0.00194193634,0.0154796187
0.794752862,5.0,4.33278582,4.27394774,-1.41024751,3.91123773,0.831325967,0.0820403521,0.00159627274,0.0155256512
0.795752862,5.0,4.33114643,4.27403157,-1.33496456,3.87283509,0.758255885,0.0956927087,0.00170072465,0.0154754106
0.796752862,5.0,4.33666257,4.27395428,-1.28651745,3.97539844,0.828527058,0.0831074938,0.00137408342,0.0155217239
0.797752862,5.0,4.33450749,4.27403813,-1.2124269,3.93259284,0.75565137,0.0967583001,0.00149347771,0.0154714882
0.798752862,5.0,4.34052339,4.27396033,-1.1652374,4.03107331,0.826103289,0.084094475,0.00118355018,0.0155180917
0.799752862,5.0,4.33779104,4.27404418,-1.09231669,3.98447464,0.753390877,0.0977427049,0.00131542206,0.0154678647
0.800752862,5.0,4.34436332,4.27396588,-1.04636327,4.07944651,0.824003686,0.0849984276,0.00102026011,0.0155147652
0.801752862,5.0,4.34098871,4.27404974,-0.974588835,4.02957778,0.751426999,0.0986444953,0.00116244781,0.0154645453
0.802752862,5.0,4.34817635,4.27397091,-0.929849815,4.12153473,0.822184092,0.0858185186,0.000880413524,0.0155117474
0.803752862,5.0,4.34409213,4.27405478,-0.859197259,4.06884437,0.749718724,0.0994641014,0.00103101368,0.0154615284
0.804752862,5.0,4.35195538,4.27397543,-0.815650875,4.15821072,0.820606259,0.0865556944,0.00076073528,0.0155090348
0.805752862,5.0,4.3470932,4.27405934,-0.746095215,4.10308309,0.7482306,0.100203515,0.000918065903,0.0154588068
0.806752862,5.0,4.35726571,4.27397911,-0.703796655,4.19031259,0.819267708,0.0871350804,0.000619538872,0.0155068297
0.807752862,5.0,4.34964305,4.27406348,-0.63522361,4.1330698,0.746913539,0.100877297,0.000831877721,0.0154563276
0.808752862,5.0,4.3612658,4.27398262,-0.59409431,4.21840699,0.818088718,0.0877062075,0.000530766527,0.0155047274
0.809752862,5.0,4.35230036,4.27406715,-0.526552611,4.15931954,0.745768807,0.101473043,0.000750656229,0.015454135
0.810752862,5.0,4.36526212,4.27398567,-0.486567336,4.24303745,0.817067279,0.0882033724,0.000454780419,0.0155028974
0.811752862,5.0,4.35480036,4.27407041,-0.420028651,4.18234367,0.744762716,0.102002257,0.000681496716,0.0154521874
0.812752862,5.0,4.36924259,4.2739883,-0.381169069,4.26467771,0.816181809,0.0886316617,0.000389911659,0.0155013209
0.813752862,5.0,4.35713556,4.2740733,-0.315605263,4.20258102,0.743875521,0.102470279,0.000622664065,0.0154504651
0.814752862,5.0,4.37319722,4.27399054,-0.277853437,4.28373381,0.815413742,0.0889964688,0.000334629772,0.0154999781
0.815752862,5.0,4.36157654,4.27407546,-0.213319616,4.22056237,0.743161217,0.102799305,0.000524428007,0.015449171
0.816752862,5.0,4.37726315,4.27399243,-0.176573535,4.30071936,0.814746194,0.0893041092,0.00028595261,0.0154988456
0.817752862,5.0,4.36409971,4.27407762,-0.112972515,4.2364957,0.742478875,0.10314913,0.000475685196,0.0154478833
0.818752862,5.0,4.38123536,4.27399401,-0.0772841304,4.31578637,0.81416305,0.0895615983,0.00024524331,0.0154978978
0.819752862,5.0,4.36651256,4.27407949,-0.0145930897,4.25064112,0.741873565,0.103452486,0.000433317037,0.0154467667
0.820752862,5.0,4.38517625,4.27399531,0.0200560962,4.32919424,0.813655478,0.0897721748,0.000210584433,0.0154971227
0.821752862,5.0,4.36881059,4.2740811,0.0818614908,4.26323851,0.741334323,0.103714529,0.000396478653,0.0154458021
0.822752862,5.0,4.38907588,4.27399634,0.11548964,4.34116459,0.813212996,0.0899410729,0.000181112338,0.015496501
0.823752862,5.0,4.37099328,4.27408249,0.176432805,4.27449344,0.740851879,0.103939984,0.000364393545,0.0154449723
0.824752862,5.0,4.39292381,4.27399716,0.209057898,4.35188715,0.812826512,0.0900732373,0.000156076626,0.0154960145
0.825752862,5.0,4.37306216,4.27408368,0.269161231,4.28458207,0.74041834,0.104133173,0.000336381704,0.0154442612
0.826752862,5.0,4.39670943,4.27399777,0.300801141,4.36152439,0.812488146,0.0901732735,0.000134826123,0.0154956463
0.827752862,5.0,4.37502088,4.2740847,0.360086484,4.29365415,0.740026341,0.104298557,0.00031184853,0.0154436524
0.828752862,5.0,4.40042204,4.27399821,0.390758465,4.37021428,0.812191077,0.0902454292,0.000116798186,0.0154953807
0.829752862,5.0,4.37686703,4.27408569,0.449265233,4.301797,0.739648137,0.104458792,0.0002903656,0.0154430626
0.830752862,5.0,4.40403753,4.27399851,0.478967349,4.37803739,0.811929549,0.0902940265,0.000101561439,0.0154952018
0.831752862,5.0,4.3783423,4.27409024,0.537304721,4.30786364,0.738622027,0.105197372,0.000274267382,0.015440344
0.832752862,5.0,4.40708515,4.27399838,0.565396282,4.38394339,0.811705177,0.0902732557,9.02727631e-05,0.015495279
0.832877862,5.0,4.3917233,4.27404491,0.578305672,4.34758056,0.774999633,0.097838429,0.000163491642,0.0154674315
0.833127862,5.0,4.39188686,4.27404589,0.589139729,4.34802327,0.774798154,0.0979975236,0.000162461007,0.0154668458
0.833386096,5.0,4.39193725,4.27404791,0.600465933,4.34815816,0.774396796,0.0983260714,0.000162144828,0.0154656365
0.833665205,5.0,4.39182695,4.2740513,0.61286958,4.34786088,0.773762202,0.0988772663,0.000162837785,0.0154636076
0.834223422,5.0,4.39048676,4.27406733,0.639058915,4.34419654,0.771015358,0.101479124,0.000171497649,0.0154540311
0.834348422,5.0,4.38977715,4.27407595,0.645712586,4.34218485,0.769762992,0.102879194,0.000176267867,0.0154488769
0.834598422,5.0,4.38707401,4.27411978,0.663295671,4.33423961,0.764452029,0.109984414,0.000195686644,0.0154227239
0.834832901,5.0,4.27388206,4.2761032,0.941938191,0.0712982523,-3.48710398,0.419355241,0.0155651252,0.0142842577
0.834990965,5.0,4.27388195,4.27641051,0.940086331,0.0712809798,-3.47415726,0.465258053,0.0155651888,0.0141155465
0.83513455,5.0,4.27388267,4.27668968,0.938343874,0.0713986353,-3.46228031,0.506406946,0.0155647557,0.0139640101
0.835297396,5.0,4.27388258,4.27700653,0.936476842,0.0713841739,-3.44897788,0.552628023,0.0155648089,0.0137939945
0.835623088,5.0,4.27388368,4.27763168,0.932687159,0.0715635726,-3.42222779,0.643270329,0.0155641486,0.0134645944
0.836274473,5.0,4.27388467,4.27887486,0.925490628,0.0717247828,-3.36917655,0.818170511,0.0155635551,0.0128327303
0.837274473,5.0,4.27388742,4.28077516,0.914976325,0.0721745463,-3.28817864,1.07050015,0.0155618996,0.0119237093
0.838274473,5.0,4.27388965,4.28271382,0.905263562,0.0725385994,-3.20804561,1.30461609,0.0155605595,0.0110626636
0.839274473,5.0,4.27389301,4.28465323,0.896143758,0.073088496,-3.12849888,1.52170002,0.0155585354,0.0102634961
0.840274473,5.0,4.27389559,4.28659195,0.887739901,0.0735099792,-3.04984556,1.72316155,0.0155569838,0.00952231174
0.841274473,5.0,4.2738994,4.28852826,0.879835554,0.0741325472,-2.97174913,1.90997674,0.0155546922,0.00883547972
0.842274473,5.0,4.27390225,4.29046361,0.872565614,0.0745987263,-2.89455999,2.08338565,0.0155529761,0.00819849137
0.843274473,5.0,4.27390646,4.29239616,0.86571377,0.0752853231,-2.8178944,2.24419644,0.0155504488,0.00760824997
0.844274473,5.0,4.27390951,4.29432768,0.85942617,0.0757847032,-2.74215302,2.39350469,0.0155486105,0.00706078135
0.845274473,5.0,4.27391406,4.29625599,0.853485859,0.0765265643,-2.6668993,2.53197357,0.0155458798,0.00655352305
0.846274473,5.0,4.27391725,4.29818321,0.848049394,0.0770473834,-2.59258985,2.66057534,0.0155439626,0.00608296295
0.847274473,5.0,4.27392208,4.30010672,0.842898576,0.0778356415,-2.51872945,2.77984794,0.0155410611,0.0056469997
0.848274473,5.0,4.27392533,4.30202907,0.838199587,0.0783660618,-2.44583653,2.89065839,0.0155391085,0.00524251617
0.849274473,5.0,4.27393039,4.30394715,0.833732531,0.0791918968,-2.37335118,2.99343646,0.0155360688,0.00486780873
0.850274473,5.0,4.27393362,4.30586401,0.829672496,0.079720235,-2.30185955,3.08895938,0.0155341238,0.0045200978
0.851274473,5.0,4.27393886,4.30777594,0.825797559,0.080575038,-2.2307311,3.17756344,0.0155309775,0.00419802275
0.852274473,5.0,4.27394202,4.30968658,0.822291036,0.0810900121,-2.16062543,3.25994934,0.0155290816,0.00389909256
0.853274473,5.0,4.27394739,4.31159154,0.818928754,0.0819655512,-2.09083567,3.33637257,0.015525859,0.00362224235
0.854274473,5.0,4.2739504,4.31349514,0.815901624,0.0824565321,-2.02210032,3.40746859,0.0155240515,0.00336522773
0.855274473,5.0,4.27395585,4.31539221,0.812983083,0.0833451095,-1.95363085,3.47342301,0.0155207809,0.0031272388
0.856274473,5.0,4.27395866,4.31728784,0.810371038,0.0838023615,-1.88624961,3.53481574,0.0155190975,0.00290624208
0.857274473,5.0,4.27396414,4.31917595,0.807836466,0.0846969534,-1.81908166,3.59177195,0.0155158048,0.00270164735
0.858274473,5.0,4.27396669,4.32106257,0.805583715,0.0851118491,-1.75303757,3.64482426,0.0155142773,0.00251160165
0.859274473,5.0,4.27397218,4.32294055,0.803381279,0.0860062182,-1.68715196,3.69404552,0.0155109854,0.00233570387
0.860274473,5.0,4.27397442,4.32481698,0.801439422,0.0863714148,-1.6224271,3.73992809,0.0155096408,0.00217225569
0.861274473,5.0,4.27397988,4.32668351,0.79952418,0.0872601911,-1.55780414,3.78249956,0.0155063696,0.00202101868
0.862274473,5.0,4.27398178,4.32854844,0.797851241,0.0875697555,-1.49437957,3.82221805,0.0155052298,0.00188042716
0.863274473,5.0,4.27398717,4.33040204,0.796184237,0.0884484809,-1.43099902,3.85907194,0.0155019955,0.00175038246
0.864274473,5.0,4.27398871,4.33225402,0.794743824,0.0886979575,-1.3688547,3.89349024,0.0155010769,0.00162943287
0.865274473,5.0,4.27399402,4.33409308,0.793291303,0.0895630924,-1.30669581,3.92542737,0.0154978927,0.00151759958
0.866274473,5.0,4.27399517,4.33593053,0.792051873,0.0897495097,-1.24581063,3.95528757,0.0154972062,0.00141352909
0.867274473,5.0,4.27400038,4.33775326,0.790784599,0.0905984053,-1.18485215,3.98299589,0.0154940817,0.00131734508
0.868274473,5.0,4.27400113,4.33957445,0.789718824,0.0907202225,-1.12520395,4.00893548,0.015493633,0.00122777899
0.869274473,5.0,4.27400624,4.34137893,0.788611485,0.0915510616,-1.06542424,4.03300592,0.015490575,0.0011450419
0.870274473,5.0,4.27400659,4.34318199,0.7876957,0.0916080628,-1.00699,4.05557251,0.0154903649,0.00106793897
0.871274473,5.0,4.27401158,4.34496616,0.786726389,0.0924197774,-0.948367087,4.07651269,0.0154873773,0.000996755466
0.872274473,5.0,4.27401154,4.3467491,0.78594011,0.0924129235,-0.891123027,4.09617661,0.0154874023,0.000930360945
0.873274473,5.0,4.2740164,4.34851078,0.785089877,0.093205095,-0.833634741,4.11442254,0.0154844866,0.000869103289
0.874274473,5.0,4.27401598,4.35027151,0.784415377,0.0931363455,-0.777556536,4.13158776,0.0154847394,0.000811908637
0.875274473,5.0,4.27402073,4.3520084,0.783667839,0.0939090969,-0.721180613,4.14751391,0.0154818952,0.00075917733
0.876274473,5.0,4.27401995,4.35374475,0.783089789,0.0937812166,-0.666243586,4.16252735,0.0154823657,0.000709885629
0.877274473,5.0,4.27402458,4.3554545,0.782430783,0.0945351027,-0.610957784,4.17645529,0.0154795909,0.000664477394
0.878274473,5.0,4.27402345,4.35716425,0.781935931,0.0943514654,-0.5571371,4.18961484,0.0154802666,0.000621973682
0.879274473,5.0,4.27402798,4.35884447,0.781353227,0.0950873683,-0.502919306,4.20182068,0.0154775581,0.000582853978
0.880274473,5.0,4.27402653,4.36052539,0.780930123,0.0948517688,-0.450190165,4.21338209,0.0154784251,0.000546179778
0.881274473,5.0,4.27403095,4.36217368,0.780413157,0.0955708021,-0.397018485,4.22410288,0.0154757786,0.000512459217
0.882274473,5.0,4.27402921,4.36382359,0.780051914,0.0952872854,-0.345356288,4.23428571,0.015476822,0.000480790682
0.883274473,5.0,4.27403354,4.36543764,0.779591574,0.0959907106,-0.293209129,4.24372493,0.0154742329,0.000451704783
0.884274473,5.0,4.27403152,4.36705441,0.779283657,0.0956634241,-0.24258962,4.25271762,0.0154754375,0.00042433393
0.885274473,5.0,4.27403576,4.368632,0.778872083,0.0963525801,-0.191445753,4.2610499,0.0154729009,0.000399225739
0.886274473,5.0,4.27403351,4.37021365,0.778610132,0.0959856504,-0.141845132,4.26901417,0.0154742514,0.000375544334
0.887274473,5.0,4.27403767,4.37175274,0.778240551,0.0966618968,-0.0916837423,4.27638939,0.0154717623,0.000353849491
0.888274473,5.0,4.27403519,4.37329748,0.778018223,0.0962593338,-0.0430787558,4.28346402,0.015473244,0.000333335192
0.889274473,5.0,4.27403935,4.37483139,0.777685987,0.0969353386,0.00613180239,4.29001325,0.0154707556,0.000314141553
0.890274473,5.0,4.27403661,4.37630459,0.777496614,0.096489488,0.0537522701,4.29631739,0.0154723968,0.0002967489
0.891274473,5.0,4.27404064,4.37775992,0.777194271,0.0971440622,0.102009537,4.30214591,0.0154699875,0.000280512935
0.892274473,5.0,4.27403779,4.37922624,0.777035562,0.0966814752,0.14869056,4.30778148,0.0154716901,0.000265052596
0.893274473,5.0,4.27404176,4.38063978,0.776760109,0.0973267493,0.196024825,4.31298664,0.015469315,0.000250955909
0.894274473,5.0,4.27403876,4.38206529,0.776626818,0.0968392375,0.24177618,4.31804156,0.0154711094,0.000237499125
0.895274473,5.0,4.27404268,4.3834346,0.776374479,0.0974765344,0.28820659,4.32270465,0.0154687637,0.000225252738
0.896274473,5.0,4.27403955,4.38481846,0.776263119,0.096967146,0.333048956,4.3272542,0.0154706386,0.000213517681
0.897274473,5.0,4.27404343,4.38614282,0.776030643,0.0975975313,0.378594014,4.33144489,0.0154683183,0.000202860108
0.898274473,5.0,4.27404018,4.38748432,0.775937851,0.0970693256,0.422547684,4.33555288,0.0154702625,0.000192606841
0.899274473,5.0,4.27404403,4.38876182,0.775720432,0.0976954057,0.467226972,4.33932651,0.015467958,0.000183324857
0.900274473,5.0,4.27404074,4.39005195,0.775632286,0.0971604407,0.510320486,4.34302315,0.0154699271,0.000174405034
0.901274473,5.0,4.27404538,4.39119639,0.775285866,0.0979147801,0.554280312,4.34614521,0.0154671504,0.000166856382
0.902274473,5.0,4.2740454,4.39188083,0.774550052,0.0979184686,0.597061965,4.3480086,0.0154671368,0.000162498915
0.903274473,5.0,4.27407625,4.38959872,0.770030256,0.102926358,0.644374888,4.34167695,0.0154487033,0.000177488057
0.903399473,5.0,4.27408455,4.38873859,0.768562283,0.104273048,0.650966886,4.33919668,0.0154437464,0.00018348958
0.903402057,5.0,4.27426343,4.38422649,0.754688733,0.133190899,0.679992019,4.32524241,0.0153373058,0.000218460829
0.903407224,5.0,4.27423696,4.3850499,0.757509121,0.12892511,0.675941008,4.32791398,0.015353007,0.000211615619
0.903410003,5.0,4.27426304,4.38409972,0.754501138,0.133128785,0.68026015,4.32482551,0.0153375343,0.00021953412
0.90341271,5.0,4.27422949,4.38519984,0.75814736,0.127720358,0.674964265,4.32839479,0.0153574417,0.000210392435
0.903417905,5.0,4.27426408,4.38393256,0.754178191,0.133295864,0.680755677,4.3242765,0.0153369205,0.000220957587
0.90342303,5.0,4.27422016,4.3853183,0.758817809,0.12621459,0.67388742,4.32877193,0.0153629836,0.000209431056
0.903430572,5.0,4.27426155,4.38379416,0.754074433,0.132887659,0.680873999,4.32381556,0.0153384218,0.000222143074
0.903439873,5.0,4.27420771,4.3854245,0.759625152,0.124204633,0.672577735,4.32910989,0.0153703818,0.000208572904
0.903452791,5.0,4.2742556,4.38363113,0.754144255,0.131929886,0.680840099,4.32327349,0.0153419473,0.000223547683
0.903472477,5.0,4.27418123,4.38567953,0.761302529,0.119926981,0.66965621,4.3299174,0.0153861268,0.000206526485
0.903503423,5.0,4.27423846,4.38341504,0.754730249,0.129166161,0.680183021,4.322551,0.0153521197,0.000225423126
0.903510172,5.0,4.27420693,4.38436988,0.758063596,0.124078995,0.675376674,4.32571163,0.0153708442,0.000217253034
0.903521892,5.0,4.27420249,4.38432995,0.758231338,0.123362387,0.675147704,4.32558101,0.0153734819,0.000217588684
0.903533899,5.0,4.27419469,4.3843927,0.75873564,0.12210281,0.674387796,4.32578628,0.0153781188,0.000217061459
0.903546255,5.0,4.27418922,4.38437658,0.758982932,0.121218746,0.67401805,4.32573348,0.0153813725,0.000217196735
0.903570967,5.0,4.27416757,4.38466465,0.7604855,0.117719733,0.671548248,4.32667158,0.0153942515,0.000214791167
0.903575542,5.0,4.27416471,4.38468355,0.760643855,0.117257237,0.671276378,4.32673233,0.0153959536,0.000214634295
0.903576685,5.0,4.27416262,4.38472745,0.76081074,0.116918265,0.670985068,4.32687513,0.0153972013,0.000214270246
0.903578972,5.0,4.27416177,4.38472066,0.760836236,0.116780635,0.670942763,4.3268525,0.0153977079,0.000214326524
0.903579044,5.0,4.27416165,4.3847248,0.760852266,0.116762696,0.670927803,4.32686703,0.0153977743,0.000214292246
0.903579187,5.0,4.27416162,4.38472181,0.760844444,0.11675768,0.670928745,4.32685621,0.0153977924,0.000214317036
0.903579473,5.0,4.27416214,4.38470376,0.760792047,0.116841577,0.671024557,4.32679779,0.0153974836,0.000214466609
0.903580045,5.0,4.27416473,4.38462458,0.760547756,0.117260229,0.671467038,4.32654132,0.0153959427,0.000215124189
0.903580188,5.0,4.27416555,4.38460257,0.760480576,0.117392353,0.671605118,4.32647105,0.0153954568,0.000215307309
0.903580473,5.0,4.27416829,4.38451828,0.760211625,0.117835782,0.672060459,4.32619585,0.0153938242,0.000216010137
0.903580545,5.0,4.27416946,4.38448336,0.760099286,0.11802556,0.672253213,4.32608192,0.0153931256,0.000216301941
0.903580688,5.0,4.27417224,4.38440166,0.759836229,0.118475167,0.672708775,4.32581565,0.0153914707,0.000216986297
0.903580974,5.0,4.27418376,4.38405427,0.758703319,0.12033709,0.6745826,4.32467597,0.0153846173,0.000219920243
0.903581242,5.0,4.27581993,4.27401116,-3.47360284,0.376598835,0.930811461,0.0923523323,0.0144415603,0.0154876266
0.903581431,5.0,4.27595603,4.27389905,-3.49186365,0.397198456,0.951352974,0.0740759564,0.0143657688,0.0155549004
0.903581607,5.0,4.2758406,4.27389677,-3.49222292,0.379734126,0.933834934,0.0737022964,0.014430024,0.0155562758
0.903581822,5.0,4.27596239,4.27387604,-3.49559241,0.398159427,0.952194311,0.0703151231,0.0143622334,0.0155687443
0.903582094,5.0,4.27584331,4.27388925,-3.49341014,0.380187178,0.934138651,0.0724750176,0.0144285085,0.0155607955
0.903582583,5.0,4.27596402,4.2738742,-3.49583106,0.398447166,0.952248842,0.0700139194,0.0143613304,0.0155698555
0.903583358,5.0,4.27584586,4.27388904,-3.49334032,0.380572105,0.934136554,0.0724410284,0.0144270899,0.0155609211
0.903584907,5.0,4.27596851,4.27387425,-3.49563216,0.399126111,0.952216156,0.0700219132,0.0143588375,0.015569826
0.903588006,5.0,4.2758549,4.27388904,-3.49295902,0.381940658,0.934082053,0.072440524,0.0144220433,0.015560923
0.903594202,5.0,4.27598657,4.27387427,-3.49486481,0.40185777,0.952102534,0.0700256993,0.0143488118,0.0155698121
0.903606596,5.0,4.27589105,4.27388908,-3.4914264,0.387402995,0.933857142,0.0724461197,0.0144019056,0.0155609024
0.903631383,5.0,4.27605883,4.27387434,-3.49179911,0.41276863,0.951652133,0.0700378098,0.0143087846,0.0155697675
0.903680957,5.0,4.27603547,4.27388922,-3.48529722,0.40917445,0.932958904,0.0724699624,0.0143217133,0.0155608146
0.903780105,5.0,4.27634733,4.27387464,-3.47954766,0.456108914,0.949863457,0.0700859281,0.014150068,0.0155695903
0.9039784,5.0,4.27661109,4.27388981,-3.46082289,0.495052518,0.929413708,0.0725669826,0.0140065057,0.0155604576
0.904374992,5.0,4.27749317,4.27387585,-3.43071263,0.624707825,0.942898959,0.0702834366,0.0135368879,0.015568863
0.905168174,5.0,4.27888101,4.27389231,-3.36360601,0.820036166,0.915972717,0.0729753515,0.0128296795,0.0155589549
0.906168174,5.0,4.28091794,4.2738799,-3.28512861,1.08970409,0.923621005,0.0709462919,0.0118580709,0.0155664226
0.907168174,5.0,4.28272678,4.2738974,-3.20254023,1.30495419,0.895806236,0.0738070736,0.0110571206,0.0155558937
0.908168174,5.0,4.28480695,4.27388545,-3.1255381,1.53948525,0.90484107,0.0718533018,0.0102026777,0.0155630837
0.909168174,5.0,4.28659393,4.27390343,-3.04440821,1.72219213,0.878338993,0.0747919678,0.00952158343,0.0155522684
0.910168174,5.0,4.28869342,4.27389179,-2.96887768,1.92654288,0.888578152,0.0728888151,0.0087792416,0.0155592718
0.911168174,5.0,4.29045276,4.27391018,-2.88918896,2.08129329,0.863213912,0.0758944293,0.00820192926,0.0155482104
0.912168174,5.0,4.29257451,4.27389878,-2.81511181,2.2597149,0.87449529,0.0740320126,0.00755596663,0.0155550636
0.913168174,5.0,4.294302,4.27391753,-2.7368466,2.39044784,0.850117365,0.0770943423,0.00706779539,0.0155437937
0.914168174,5.0,4.29644957,4.27390632,-2.66420514,2.54659162,0.862300864,0.0752626286,0.00650465756,0.0155505336
0.915168174,5.0,4.29814037,4.27392535,-2.58734635,2.65669,0.838777953,0.0783711715,0.00609304598,0.0155390938
0.916168174,5.0,4.30031784,4.27391426,-2.5161233,2.79369214,0.851742428,0.0765600378,0.00560109352,0.0155457578
0.917168174,5.0,4.30196641,4.27393352,-2.4406543,2.88606129,0.82896064,0.079704203,0.0052552323,0.015534187
0.918168174,5.0,4.30417846,4.27392249,-2.37083262,3.00661557,0.842601286,0.077903603,0.00482447103,0.0155408121
0.919168174,5.0,4.30577846,4.27394191,-2.29673695,3.08375068,0.820461746,0.0810729235,0.00453507222,0.0155291488
0.920168174,5.0,4.30803042,4.27393088,-2.22829968,3.19017094,0.834687872,0.0792730712,0.00415692126,0.0155357711
0.921168174,5.0,4.30957464,4.2739504,-2.15556088,3.25421498,0.813104679,0.08245743,0.00391600286,0.0155240525
0.922168174,5.0,4.3118726,4.27393932,-2.08849093,3.34848882,0.827837799,0.0806489889,0.00358309549,0.0155307063
0.923168174,5.0,4.31335282,4.27395887,-2.01709227,3.40128227,0.806736281,0.0838388447,0.00338379628,0.0155189675
0.924168174,5.0,4.31570365,4.27394768,-1.95137223,3.48511708,0.821908482,0.0820131109,0.003089809,0.015525685
0.925168174,5.0,4.31711056,4.27396722,-1.88129653,3.52824067,0.801223699,0.0851997119,0.00292622957,0.0155139582
0.926168174,5.0,4.31952207,4.27395587,-1.81690856,3.60310324,0.816776232,0.0833487798,0.00266573532,0.0155207685
0.927168174,5.0,4.32084516,4.27397535,-1.74813799,3.63791461,0.796451687,0.0865243515,0.00253280147,0.0155090822
0.928168174,5.0,4.32332612,4.2739638,-1.68506364,3.70506507,0.812333763,0.0846412516,0.00230114363,0.015516011
0.929168174,5.0,4.32455359,4.27398318,-1.61757962,3.73273025,0.792320288,0.0877991477,0.00219448906,0.0155043897
0.930168174,5.0,4.32711382,4.27397139,-1.55579976,3.79325126,0.808488026,0.0858779485,0.00198767335,0.0155114588
0.931168174,5.0,4.32823248,4.27399063,-1.48958284,3.81477175,0.788742821,0.0890127567,0.00190353892,0.0154999224
0.932168174,5.0,4.33088291,4.27397858,-1.42907764,3.8695935,0.805158346,0.0870486225,0.00171814056,0.0155071497
0.933168174,5.0,4.33187811,4.27399766,-1.36410745,3.88582942,0.785644141,0.0901562202,0.00165328782,0.0154957133
0.934168174,5.0,4.33463085,4.27398531,-1.30485633,3.93575119,0.802274799,0.0881454248,0.00148637185,0.0155031125
0.935168174,5.0,4.33548643,4.27400421,-1.24111163,3.94744122,0.782959124,0.0912229821,0.00143800877,0.0154917865
0.936168174,5.0,4.33835479,4.27399156,-1.18309338,3.99314977,0.7997768,0.0891628766,0.00128706161,0.0154993673
0.937168174,5.0,4.33905308,4.27401027,-1.12055207,4.00092828,0.780631356,0.0922088101,0.00125277894,0.0154881576
0.938168174,5.0,4.34205153,4.2739973,-1.06374486,4.04301371,0.797611877,0.0900977512,0.00111564956,0.0154959262
0.939168174,5.0,4.34257337,4.27401582,-1.00238414,4.04742539,0.778611986,0.0931116342,0.0010933662,0.0154848343
0.940168174,5.0,4.34571755,4.27400253,-0.946765706,4.08639477,0.795734605,0.0909488805,0.000968215586,0.0154927934
0.941168174,5.0,4.34604239,4.27402086,-0.886562157,4.08790731,0.776858732,0.0939313175,0.000956131877,0.015481817
0.942168174,5.0,4.34934899,4.27400725,-0.832109881,4.12419632,0.794105672,0.0917169031,0.000841389419,0.0154899664
0.943168174,5.0,4.34945503,4.2740254,-0.773039668,4.12321119,0.775335012,0.094669381,0.000837947205,0.0154791002
0.944168174,5.0,4.35294166,4.27401148,-0.719730749,4.15719417,0.792691074,0.0924039771,0.000732273161,0.0154874374
0.945168174,5.0,4.35280608,4.27402946,-0.661769765,4.15405594,0.774009197,0.0953287014,0.000736121693,0.0154766732
0.946168174,5.0,4.35649105,4.27401522,-0.60958136,4.18605451,0.791461406,0.0930134772,0.000638374727,0.015485194
0.947168174,5.0,4.35609034,4.27403306,-0.5527054,4.18105888,0.772853948,0.0959132049,0.000648341687,0.0154745216
0.948168174,5.0,4.35999243,4.27401852,-0.501614753,4.21134932,0.790391254,0.0935496948,0.000557550751,0.0154832203
0.949168174,5.0,4.35930275,4.27403622,-0.445799679,4.20474998,0.771845658,0.0964275716,0.00057261767,0.0154726282
0.950168174,5.0,4.36344087,4.2740214,-0.395784241,4.2335696,0.789458657,0.094017558,0.000487957603,0.0154814982
0.951168174,5.0,4.36243851,4.27403899,-0.341006126,4.22558418,0.770963949,0.0968769672,0.000507239093,0.015470974
0.952168174,5.0,4.36683134,4.27402389,-0.292043647,4.25313678,0.788644651,0.0944223803,0.000428009382,0.0154800082
0.953168174,5.0,4.36549319,4.27404138,-0.238278908,4.24395193,0.770191248,0.0972668069,0.000450735627,0.015469539
0.954168174,5.0,4.37015878,4.27402602,-0.19034751,4.27041252,0.787932862,0.0947696458,0.000376341895,0.01547873
0.955168174,5.0,4.36846293,4.27404345,-0.137573018,4.26018833,0.769512415,0.0976025599,0.000401843941,0.0154683031
0.956168174,5.0,4.37341829,4.27402784,-0.090651248,4.28570713,0.787309165,0.0950648335,0.000331781797,0.0154776436
0.957168174,5.0,4.37134448,4.27404522,-0.0388444111,4.2745809,0.768914418,0.0978895935,0.000359479163,0.0154672465
0.958168174,5.0,4.37707629,4.27402927,0.00707163839,4.29932235,0.786779692,0.0952961054,0.000288025911,0.0154767895
0.959168174,5.0,4.37410532,4.27404673,0.0579518372,4.28740564,0.768383321,0.0981348423,0.000323084926,0.0154663438
0.960168174,5.0,4.37971641,4.27403064,0.102916039,4.31140762,0.786277796,0.0955210381,0.000260076853,0.0154759645
0.961168174,5.0,4.37684065,4.27404798,0.152852588,4.29881248,0.76791682,0.0983384903,0.000290661982,0.0154655942
0.962168174,5.0,4.3827516,4.27403169,0.196869533,4.32220776,0.785852202,0.0956906501,0.000231280027,0.0154753402
0.963168174,5.0,4.37944502,4.27404903,0.245902628,4.30901632,0.767500304,0.0985089222,0.000262820119,0.0154649668
0.964168174,5.0,4.38569645,4.27403253,0.288991116,4.33188607,0.785474894,0.0958280395,0.000206391418,0.0154748346
0.965168174,5.0,4.38195644,4.27404989,0.337140481,4.31817295,0.767128458,0.0986492331,0.000238500691,0.0154644504
0.966168174,5.0,4.38855466,4.2740332,0.379319719,4.3405869,0.785139389,0.0959370877,0.000184799043,0.0154744333
0.967168174,5.0,4.3843747,4.2740506,0.426604863,4.32641544,0.766794791,0.0987634895,0.000217212544,0.0154640298
0.968168174,5.0,4.39132231,4.27403374,0.467895512,4.34842827,0.784837129,0.0960237824,0.000166046035,0.0154741142
0.969168174,5.0,4.38669084,4.27405122,0.514342761,4.33383055,0.766481803,0.0988652349,0.000198607172,0.0154636553
0.970168174,5.0,4.3939384,4.27403457,0.554821436,4.35534034,0.784482283,0.09615969,0.000150072816,0.0154736139
0.971168174,5.0,4.38819467,4.27405974,0.601656863,4.33760565,0.764702481,0.100246792,0.000187389122,0.0154585669
0.972168174,5.0,4.39396679,4.2740516,0.642635309,4.35349169,0.781243365,0.0989260248,0.000149908218,0.0154634282
0.972293174,5.0,4.27162886,4.27621017,0.941260902,0.0713078246,-3.49066903,0.435378221,0.0169818828,0.0142253035
0.972473627,5.0,4.27388215,4.27656114,0.939180961,0.0713129108,-3.47585899,0.487546884,0.0155650712,0.0140335781
0.972583231,5.0,4.27388281,4.27677393,0.937824085,0.0714208455,-3.46677146,0.518781914,0.0155646739,0.0139185991
0.972686457,5.0,4.2738826,4.27697524,0.936680817,0.0713865067,-3.45835748,0.548089395,0.0155648004,0.0138106884
0.972892909,5.0,4.27388345,4.27737302,0.934226392,0.0715256775,-3.44134705,0.605833228,0.015564288,0.0135999204
0.973305813,5.0,4.2738839,4.27816667,0.929616918,0.071599844,-3.40763165,0.718861387,0.015564015,0.0131889496
0.97413162,5.0,4.27388616,4.2797341,0.920615494,0.0719686638,-3.34038354,0.934517415,0.0155626574,0.0124134273
0.97513162,5.0,4.2738882,4.2816517,0.91053749,0.0723030006,-3.25977763,1.17851177,0.0155614267,0.0115263987
0.97613162,5.0,4.27389144,4.28359016,0.901030626,0.0728315444,-3.17975425,1.40470335,0.0155594812,0.0106941211
0.97713162,5.0,4.27389393,4.28552981,0.892308956,0.0732380656,-3.1006225,1.61464866,0.0155579847,0.00992148507
0.97813162,5.0,4.27389762,4.28746687,0.884066396,0.0738421967,-3.02205571,1.80928486,0.015555761,0.00920559349
0.97913162,5.0,4.27390041,4.2894034,0.876524123,0.0742968041,-2.9443939,1.9899853,0.0155540875,0.00854153288
0.98013162,5.0,4.27390451,4.2913368,0.869376427,0.0749670641,-2.86726494,2.15751225,0.0155516204,0.00792633337
0.98113162,5.0,4.27390752,4.29326966,0.862855837,0.0754583335,-2.79105645,2.31308804,0.0155498119,0.00735559688
0.98213162,5.0,4.27391197,4.29519892,0.856656334,0.0761859738,-2.71534621,2.45732416,0.0155471336,0.00682690614
0.98313162,5.0,4.27391513,4.29712765,0.851020941,0.0767022322,-2.64057501,2.591314,0.0155452331,0.00633634599
0.98413162,5.0,4.27391989,4.29905223,0.845642678,0.0774783664,-2.56626484,2.71553885,0.0155423763,0.00588197854
0.98513162,5.0,4.27392313,4.3009763,0.840774271,0.0780078079,-2.49291538,2.83098201,0.0155404272,0.00546030181
0.98613162,5.0,4.27392813,4.30289559,0.836107283,0.0788235538,-2.41998696,2.93801233,0.0155374246,0.0050697912
0.98713162,5.0,4.27393138,4.3048144,0.831903412,0.0793544616,-2.34804391,3.03751919,0.0155354702,0.00470729806
0.98813162,5.0,4.27393657,4.30672769,0.827852396,0.0802011033,-2.27647908,3.12977427,0.0155323539,0.00437165404
0.98913162,5.0,4.27393977,4.30864054,0.824224222,0.0807220925,-2.20592711,3.21558688,0.0155304359,0.00406001271
0.99013162,5.0,4.27394509,4.31054704,0.820706549,0.0815912474,-2.1357077,3.29514469,0.0155272368,0.00377151271
0.99113162,5.0,4.27394816,4.31245315,0.817577012,0.0820915154,-2.06653123,3.36918879,0.0155253951,0.00350356612
0.99213162,5.0,4.27395358,4.31435195,0.814521022,0.0829752963,-1.99763889,3.43783422,0.0155221421,0.00325557608
0.99313162,5.0,4.27395646,4.31625044,0.811823266,0.0834448671,-1.92982184,3.5017639,0.0155204134,0.00302517593
0.99413162,5.0,4.27396193,4.3181405,0.809166807,0.0843360278,-1.86223794,3.56103009,0.0155171333,0.00281199648
0.99513162,5.0,4.27396457,4.32003036,0.806842827,0.0847659745,-1.7957635,3.61626618,0.0155155504,0.00261386067
0.99613162,5.0,4.27397004,4.32191054,0.804532,0.0856580322,-1.72946897,3.66747012,0.0155122671,0.0024305951
0.99713162,5.0,4.27397239,4.32379064,0.802531476,0.0860406634,-1.66431948,3.7152331,0.0155108583,0.00226018531
0.99813162,5.0,4.27397784,4.32565963,0.800519543,0.0869279893,-1.59929476,3.75950608,0.0155075924,0.00210262613
0.99906581,5.0,4.27397963,4.32741427,0.798913533,0.0872193206,-1.5396501,3.79821784,0.0155065197,0.00196471746
1.0,5.0,4.27398479,4.32914922,0.797259158,0.088060196,-1.47999483,3.83425818,0.0155034247,0.00183725254
