bbox_x1,bbox_x2,bbox_y1,bbox_y2,class_id,class_name,component_class_id,component_class_name,component_node_id,confidence,connected_terminal_ids,diagram_id,estimated_connection_side,estimated_orientation,image_height,image_name,image_path,image_width,implicit_anchor_terminal_id,implicit_reason,instance_id,is_implicit_supply,is_suspicious_match,label,match_confidence,match_distance_px,match_status,match_warnings,matched_net_id,matched_net_implicit_reason,matched_net_index,matched_net_is_implicit_supply,merged_source_labels,n_components,n_connected_terminals,n_connections,n_nets,n_terminals,n_terminals_estimated,net_id,net_index,node_id,node_type,pixel_count,preferred_from_05_implicit_reason,preferred_from_05_is_implicit_supply,preferred_net_id_from_05,preferred_net_index_from_05,relative_position,search_kind,search_stage,search_window,snap_x,snap_y,source_json_stage,source_label,symbol_type,terminal_id,terminal_name,terminal_point_debug,terminal_point_mode,use_for_masking,use_for_terminals,x,y
,,,,,,,,,,,1,,,1024,1.jpg,C:\Users\m.profilo\Desktop\tesi_diagrams_yolo\data\batch_v6_operational_amplifier\1.jpg,1024,,,,,,1,,,,,,,,,,10,,18,9,,18,,,diagram:1,Diagram,,,,,,,,,,,,06_match_terminals_to_nets,,,,,,,,,,
114.17,179.31,661.11,711.8,9,GND,,,,0.7984,,1,top,up,,,,,,,9.1,,,9.1,,,,,,,,,,,,,,1,,,,component:1:9.1,Component,,,,,,,,,,,,,,one_terminal,,,,,True,True,,
109.73,187.17,517.36,593.03,2,Battery,,,,0.8427,,1,,,,,,,,,2.1,,,2.1,,,,,,,,,,,,,,2,,,,component:1:2.1,Component,,,,,,,,,,,,,,two_terminal,,,,,True,True,,
438.01,496.04,959.83,1011.74,9,GND,,,,0.8083,,1,top,up,,,,,,,9.2,,,9.2,,,,,,,,,,,,,,1,,,,component:1:9.2,Component,,,,,,,,,,,,,,one_terminal,,,,,True,True,,
454.26,480.06,833.99,869.94,26,Terminal,,,,0.6792,,1,,bottom,,,,,,,26.1,,,26.1,,,,,,,,,,,,,,1,,,,component:1:26.1,Component,,,,,,,,,,,,,,variable_terminal,,,,,True,True,,
452.23,482.61,696.31,736.99,26,Terminal,,,,0.6707,,1,,right,,,,,,,26.2,,,26.2,,,,,,,,,,,,,,1,,,,component:1:26.2,Component,,,,,,,,,,,,,,variable_terminal,,,,,True,True,,
390.33,574.17,335.1,560.01,19,Operational_Amplifier,,,,0.8438,,1,,right,,,,,,,19.1,,,19.1,,,,,,,,,,,,,,3,,,,component:1:19.1,Component,,,,,,,,,,,,,,multi_terminal,,,,,True,True,,
618.24,711.55,666.25,775.28,16,Mosfet,,,,0.8646,,1,,left,,,,,,,16.1,,,16.1,,,,,,,,,,,,,,3,,,,component:1:16.1,Component,,,,,,,,,,,,,,three_terminal,,,,,True,True,,
618.58,711.97,396.62,504.93,16,Mosfet,,,,0.8637,,1,,left,,,,,,,16.2,,,16.2,,,,,,,,,,,,,,3,,,,component:1:16.2,Component,,,,,,,,,,,,,,three_terminal,,,,,True,True,,
669.56,724.91,151.13,259.43,22,Resistor,,,,0.8344,,1,,vertical,,,,,,,22.1,,,22.1,,,,,,,,,,,,,,2,,,,component:1:22.1,Component,,,,,,,,,,,,,,two_terminal,,,,,True,True,,
670.18,728.63,961.29,1011.0,9,GND,,,,0.8066,,1,top,up,,,,,,,9.3,,,9.3,,,,,,,,,,,,,,1,,,,component:1:9.3,Component,,,,,,,,,,,,,,one_terminal,,,,,True,True,,
,,,,,,9,GND,component:1:9.1,,,1,top,up,,,,,,,9.1,,False,9.1:t1,ok,1.0,matched_preferred,[],N1,,1,False,,,,,,,,,,terminal:1:9.1:t1,Terminal,,,False,N1,1,top,directional,directional_primary,"[141, 639, 154, 663]",146,657,,,,9.1:t1,t1,"{""point_mode"": ""side_peak_outside"", ""scan_axis"": ""x"", ""relative_position"": ""top"", ""scan_start"": 119, ""scan_end"": 174, ""scan_margin"": 5, ""probe_halfspan"": 6, ""probe_out_len"": 12, ""probe_inset"": 1, ""peak_coord"": 147, ""anchor_offset_ratio"": 0.5077, ""max_score"": 56, ""keep_threshold"": 48, ""selected_run_start"": 23, ""selected_run_end"": 32, ""selected_run_length"": 10, ""selected_run_score"": 56}",two_terminal_side_peak,,,147.0,657.0
,,,,,,2,Battery,component:1:2.1,,,1,,,,,,,,,2.1,,False,2.1:t1,ok,2.0,matched_preferred,[],N2,,2,False,,,,,,,,,,terminal:1:2.1:t1,Terminal,,,False,N2,2,top,directional,directional_primary,"[142, 495, 155, 519]",146,513,,,,2.1:t1,t1,"{""point_mode"": ""bbox_side_center"", ""anchor_offset_ratio"": 0.5}",bbox_side_center,,,148.45,513.36
,,,,,,2,Battery,component:1:2.1,,,1,,,,,,,,,2.1,,False,2.1:t2,ok,2.0,matched_preferred,[],N1,,1,False,,,,,,,,,,terminal:1:2.1:t2,Terminal,,,False,N1,1,bottom,directional,directional_primary,"[142, 592, 155, 616]",146,597,,,,2.1:t2,t2,"{""point_mode"": ""bbox_side_center"", ""anchor_offset_ratio"": 0.5}",bbox_side_center,,,148.45,597.03
,,,,,,9,GND,component:1:9.2,,,1,top,up,,,,,,,9.2,,False,9.2:t1,ok,1.0,matched_preferred,[],N3,,3,False,,,,,,,,,,terminal:1:9.2:t1,Terminal,,,False,N3,3,top,directional,directional_primary,"[461, 938, 474, 962]",466,956,,,,9.2:t1,t1,"{""point_mode"": ""side_peak_outside"", ""scan_axis"": ""x"", ""relative_position"": ""top"", ""scan_start"": 443, ""scan_end"": 491, ""scan_margin"": 5, ""probe_halfspan"": 6, ""probe_out_len"": 12, ""probe_inset"": 1, ""peak_coord"": 467, ""anchor_offset_ratio"": 0.5, ""max_score"": 56, ""keep_threshold"": 48, ""selected_run_start"": 19, ""selected_run_end"": 28, ""selected_run_length"": 10, ""selected_run_score"": 56}",two_terminal_side_peak,,,467.0,956.0
,,,,,,26,Terminal,component:1:26.1,,,1,,bottom,,,,,,,26.1,,False,26.1:t1,ok,1.0,matched_preferred,[],N3,,3,False,,,,,,,,,,terminal:1:26.1:t1,Terminal,,,False,N3,3,bottom,directional,directional_primary,"[461, 869, 474, 893]",466,874,,,,26.1:t1,t1,"{""point_mode"": ""bbox_side_center"", ""anchor_offset_ratio"": 0.5}",bbox_side_center,,,467.16,873.94
,,,,,,26,Terminal,component:1:26.2,,,1,,right,,,,,,,26.2,,False,26.2:t1,ok,2.0,matched_preferred,[],N5,,5,False,,,,,,,,,,terminal:1:26.2:t1,Terminal,,,False,N5,5,right,directional,directional_primary,"[482, 711, 506, 724]",487,719,,,,26.2:t1,t1,"{""point_mode"": ""bbox_side_center"", ""anchor_offset_ratio"": 0.5}",bbox_side_center,,,486.61,716.65
,,,,,,19,Operational_Amplifier,component:1:19.1,,,1,,right,,,,,,,19.1,,False,19.1:in1,ok,4.0,matched_preferred,[],N2,,2,False,,,,,,,,,,terminal:1:19.1:in1,Terminal,,,False,N2,2,left,directional,directional_primary,"[364, 393, 388, 406]",382,395,,,,19.1:in1,in1,"{""point_mode"": ""opamp_mandatory_wire_probe"", ""relative_position"": ""left"", ""scan_axis"": ""y"", ""scan_start"": 376, ""scan_end"": 430, ""probe_halfspan"": 2, ""probe_outward_len"": 14, ""probe_inward_len"": 1, ""probe_far_gap"": 2, ""probe_far_len"": 8, ""peak_coord"": 399, ""raw_scores_max"": 21.05, ""max_score"": 21.05, ""keep_threshold"": 19.366, ""selected_coord"": 399, ""selected_distance_to_center"": 3, ""kept_candidates"": 9, ""opamp_orientation"": ""right"", ""opamp_terminal_name"": ""in1"", ""opamp_terminal_role"": ""input"", ""opamp_slot"": ""upper""}",opamp_structured,,,382.0,399.0
,,,,,,19,Operational_Amplifier,component:1:19.1,,,1,,right,,,,,,,19.1,,False,19.1:in2,ok,3.0,matched_preferred,[],N4,,4,False,,,,,,,,,,terminal:1:19.1:in2,Terminal,,,False,N4,4,left,directional,directional_primary,"[364, 494, 388, 507]",382,503,,,,19.1:in2,in2,"{""point_mode"": ""opamp_mandatory_wire_probe"", ""relative_position"": ""left"", ""scan_axis"": ""y"", ""scan_start"": 466, ""scan_end"": 520, ""probe_halfspan"": 2, ""probe_outward_len"": 14, ""probe_inward_len"": 1, ""probe_far_gap"": 2, ""probe_far_len"": 8, ""peak_coord"": 500, ""raw_scores_max"": 20.3, ""max_score"": 20.3, ""keep_threshold"": 18.676, ""selected_coord"": 500, ""selected_distance_to_center"": 8, ""kept_candidates"": 7, ""opamp_orientation"": ""right"", ""opamp_terminal_name"": ""in2"", ""opamp_terminal_role"": ""input"", ""opamp_slot"": ""lower""}",opamp_structured,,,382.0,500.0
,,,,,,19,Operational_Amplifier,component:1:19.1,,,1,,right,,,,,,,19.1,,False,19.1:out,ok,1.0,matched_preferred,[],N6,,6,False,,,,,,,,,,terminal:1:19.1:out,Terminal,,,False,N6,6,right,directional,directional_primary,"[577, 442, 601, 455]",582,449,,,,19.1:out,out,"{""point_mode"": ""opamp_mandatory_wire_probe"", ""relative_position"": ""right"", ""scan_axis"": ""y"", ""scan_start"": 407, ""scan_end"": 488, ""probe_halfspan"": 2, ""probe_outward_len"": 14, ""probe_inward_len"": 1, ""probe_far_gap"": 2, ""probe_far_len"": 8, ""peak_coord"": 448, ""raw_scores_max"": 21.8, ""max_score"": 21.8, ""keep_threshold"": 20.056, ""selected_coord"": 448, ""selected_distance_to_center"": 0, ""kept_candidates"": 9, ""opamp_orientation"": ""right"", ""opamp_terminal_name"": ""out"", ""opamp_terminal_role"": ""output"", ""opamp_slot"": ""center""}",opamp_structured,,,582.0,448.0
,,,,,,16,Mosfet,component:1:16.1,,,1,,left,,,,,,,16.1,,False,16.1:t1,ok,0.0,matched_preferred,[],N5,,5,False,,,,,,,,,,terminal:1:16.1:t1,Terminal,,,False,N5,5,left,directional,directional_primary,"[596, 713, 620, 726]",614,719,,,,16.1:t1,t1,"{""point_mode"": ""three_terminal_structured"", ""scan_axis"": ""y"", ""relative_position"": ""left"", ""scan_start"": 693, ""scan_end"": 748, ""scan_margin"": 9, ""probe_halfspan"": 6, ""probe_out_len"": 12, ""probe_inset"": 1, ""peak_coord"": 719, ""anchor_offset_ratio"": 0.4862, ""max_score"": 70, ""keep_threshold"": 60, ""selected_run_start"": 22, ""selected_run_end"": 30, ""selected_run_length"": 9, ""selected_run_score"": 70, ""three_terminal_role"": ""single_side_terminal"", ""three_terminal_orientation"": ""left""}",three_terminal_structured,,,614.0,719.0
,,,,,,16,Mosfet,component:1:16.1,,,1,,left,,,,,,,16.1,,False,16.1:t2,ok,1.0,matched_preferred,[],N4,,4,False,,,,,,,,,,terminal:1:16.1:t2,Terminal,,,False,N4,4,top,directional,directional_primary,"[693, 644, 706, 668]",698,662,,,,16.1:t2,t2,"{""point_mode"": ""three_terminal_structured"", ""scan_axis"": ""x"", ""relative_position"": ""top"", ""scan_start"": 667, ""scan_end"": 708, ""scan_margin"": 8, ""probe_halfspan"": 6, ""probe_out_len"": 12, ""probe_inset"": 1, ""peak_coord"": 699, ""anchor_offset_ratio"": 0.8617, ""max_score"": 56, ""keep_threshold"": 48, ""selected_run_start"": 27, ""selected_run_end"": 36, ""selected_run_length"": 10, ""selected_run_score"": 56, ""three_terminal_role"": ""orthogonal_pair_terminal"", ""three_terminal_orientation"": ""left"", ""three_terminal_pair_bias"": ""opposite_side"", ""three_terminal_pair_bias_debug"": {""top"": {""local_score"": 70.0, ""point_mode"": ""side_peak_outside"", ""scan_axis"": ""x"", ""relative_position"": ""top"", ""scan_start"": 667, ""scan_end"": 708, ""scan_margin"": 8, ""probe_halfspan"": 6, ""probe_out_len"": 12, ""probe_inset"": 1, ""peak_coord"": 699, ""anchor_offset_ratio"": 0.8617, ""max_score"": 56, ""keep_threshold"": 48, ""selected_run_start"": 27, ""selected_run_end"": 36, ""selected_run_length"": 10, ""selected_run_score"": 56}, ""bottom"": {""local_score"": 70.0, ""point_mode"": ""side_peak_outside"", ""scan_axis"": ""x"", ""relative_position"": ""bottom"", ""scan_start"": 667, ""scan_end"": 708, ""scan_margin"": 8, ""probe_halfspan"": 6, ""probe_out_len"": 12, ""probe_inset"": 1, ""peak_coord"": 699, ""anchor_offset_ratio"": 0.8617, ""max_score"": 56, ""keep_threshold"": 48, ""selected_run_start"": 27, ""selected_run_end"": 36, ""selected_run_length"": 10, ""selected_run_score"": 56}}}",three_terminal_structured,,,699.0,662.0
,,,,,,16,Mosfet,component:1:16.1,,,1,,left,,,,,,,16.1,,False,16.1:t3,ok,1.0,matched_preferred,[],N9,,9,False,,,,,,,,,,terminal:1:16.1:t3,Terminal,,,False,N9,9,bottom,directional,directional_primary,"[693, 774, 706, 798]",698,779,,,,16.1:t3,t3,"{""point_mode"": ""three_terminal_structured"", ""scan_axis"": ""x"", ""relative_position"": ""bottom"", ""scan_start"": 667, ""scan_end"": 708, ""scan_margin"": 8, ""probe_halfspan"": 6, ""probe_out_len"": 12, ""probe_inset"": 1, ""peak_coord"": 699, ""anchor_offset_ratio"": 0.8617, ""max_score"": 56, ""keep_threshold"": 48, ""selected_run_start"": 27, ""selected_run_end"": 36, ""selected_run_length"": 10, ""selected_run_score"": 56, ""three_terminal_role"": ""orthogonal_pair_terminal"", ""three_terminal_orientation"": ""left"", ""three_terminal_pair_bias"": ""opposite_side"", ""three_terminal_pair_bias_debug"": {""top"": {""local_score"": 70.0, ""point_mode"": ""side_peak_outside"", ""scan_axis"": ""x"", ""relative_position"": ""top"", ""scan_start"": 667, ""scan_end"": 708, ""scan_margin"": 8, ""probe_halfspan"": 6, ""probe_out_len"": 12, ""probe_inset"": 1, ""peak_coord"": 699, ""anchor_offset_ratio"": 0.8617, ""max_score"": 56, ""keep_threshold"": 48, ""selected_run_start"": 27, ""selected_run_end"": 36, ""selected_run_length"": 10, ""selected_run_score"": 56}, ""bottom"": {""local_score"": 70.0, ""point_mode"": ""side_peak_outside"", ""scan_axis"": ""x"", ""relative_position"": ""bottom"", ""scan_start"": 667, ""scan_end"": 708, ""scan_margin"": 8, ""probe_halfspan"": 6, ""probe_out_len"": 12, ""probe_inset"": 1, ""peak_coord"": 699, ""anchor_offset_ratio"": 0.8617, ""max_score"": 56, ""keep_threshold"": 48, ""selected_run_start"": 27, ""selected_run_end"": 36, ""selected_run_length"": 10, ""selected_run_score"": 56}}}",three_terminal_structured,,,699.0,779.0
,,,,,,16,Mosfet,component:1:16.2,,,1,,left,,,,,,,16.2,,False,16.2:t1,ok,0.0,matched_preferred,[],N6,,6,False,,,,,,,,,,terminal:1:16.2:t1,Terminal,,,False,N6,6,left,directional,directional_primary,"[597, 443, 621, 456]",615,449,,,,16.2:t1,t1,"{""point_mode"": ""three_terminal_structured"", ""scan_axis"": ""y"", ""relative_position"": ""left"", ""scan_start"": 424, ""scan_end"": 478, ""scan_margin"": 9, ""probe_halfspan"": 6, ""probe_out_len"": 12, ""probe_inset"": 1, ""peak_coord"": 449, ""anchor_offset_ratio"": 0.4815, ""max_score"": 98, ""keep_threshold"": 83, ""selected_run_start"": 21, ""selected_run_end"": 29, ""selected_run_length"": 9, ""selected_run_score"": 98, ""three_terminal_role"": ""single_side_terminal"", ""three_terminal_orientation"": ""left""}",three_terminal_structured,,,615.0,449.0
,,,,,,16,Mosfet,component:1:16.2,,,1,,left,,,,,,,16.2,,False,16.2:t2,ok,1.0,matched_preferred,[],N8,,8,False,,,,,,,,,,terminal:1:16.2:t2,Terminal,,,False,N8,8,top,directional,directional_primary,"[693, 375, 706, 399]",698,393,,,,16.2:t2,t2,"{""point_mode"": ""three_terminal_structured"", ""scan_axis"": ""x"", ""relative_position"": ""top"", ""scan_start"": 667, ""scan_end"": 708, ""scan_margin"": 7, ""probe_halfspan"": 6, ""probe_out_len"": 12, ""probe_inset"": 1, ""peak_coord"": 699, ""anchor_offset_ratio"": 0.8602, ""max_score"": 56, ""keep_threshold"": 48, ""selected_run_start"": 27, ""selected_run_end"": 36, ""selected_run_length"": 10, ""selected_run_score"": 56, ""three_terminal_role"": ""orthogonal_pair_terminal"", ""three_terminal_orientation"": ""left"", ""three_terminal_pair_bias"": ""opposite_side"", ""three_terminal_pair_bias_debug"": {""top"": {""local_score"": 70.0, ""point_mode"": ""side_peak_outside"", ""scan_axis"": ""x"", ""relative_position"": ""top"", ""scan_start"": 667, ""scan_end"": 708, ""scan_margin"": 7, ""probe_halfspan"": 6, ""probe_out_len"": 12, ""probe_inset"": 1, ""peak_coord"": 699, ""anchor_offset_ratio"": 0.8602, ""max_score"": 56, ""keep_threshold"": 48, ""selected_run_start"": 27, ""selected_run_end"": 36, ""selected_run_length"": 10, ""selected_run_score"": 56}, ""bottom"": {""local_score"": 70.0, ""point_mode"": ""side_peak_outside"", ""scan_axis"": ""x"", ""relative_position"": ""bottom"", ""scan_start"": 667, ""scan_end"": 708, ""scan_margin"": 7, ""probe_halfspan"": 6, ""probe_out_len"": 12, ""probe_inset"": 1, ""peak_coord"": 699, ""anchor_offset_ratio"": 0.8602, ""max_score"": 56, ""keep_threshold"": 48, ""selected_run_start"": 27, ""selected_run_end"": 36, ""selected_run_length"": 10, ""selected_run_score"": 56}}}",three_terminal_structured,,,699.0,393.0
,,,,,,16,Mosfet,component:1:16.2,,,1,,left,,,,,,,16.2,,False,16.2:t3,ok,1.0,matched_preferred,[],N4,,4,False,,,,,,,,,,terminal:1:16.2:t3,Terminal,,,False,N4,4,bottom,directional,directional_primary,"[693, 504, 706, 528]",698,509,,,,16.2:t3,t3,"{""point_mode"": ""three_terminal_structured"", ""scan_axis"": ""x"", ""relative_position"": ""bottom"", ""scan_start"": 667, ""scan_end"": 708, ""scan_margin"": 7, ""probe_halfspan"": 6, ""probe_out_len"": 12, ""probe_inset"": 1, ""peak_coord"": 699, ""anchor_offset_ratio"": 0.8602, ""max_score"": 56, ""keep_threshold"": 48, ""selected_run_start"": 27, ""selected_run_end"": 36, ""selected_run_length"": 10, ""selected_run_score"": 56, ""three_terminal_role"": ""orthogonal_pair_terminal"", ""three_terminal_orientation"": ""left"", ""three_terminal_pair_bias"": ""opposite_side"", ""three_terminal_pair_bias_debug"": {""top"": {""local_score"": 70.0, ""point_mode"": ""side_peak_outside"", ""scan_axis"": ""x"", ""relative_position"": ""top"", ""scan_start"": 667, ""scan_end"": 708, ""scan_margin"": 7, ""probe_halfspan"": 6, ""probe_out_len"": 12, ""probe_inset"": 1, ""peak_coord"": 699, ""anchor_offset_ratio"": 0.8602, ""max_score"": 56, ""keep_threshold"": 48, ""selected_run_start"": 27, ""selected_run_end"": 36, ""selected_run_length"": 10, ""selected_run_score"": 56}, ""bottom"": {""local_score"": 70.0, ""point_mode"": ""side_peak_outside"", ""scan_axis"": ""x"", ""relative_position"": ""bottom"", ""scan_start"": 667, ""scan_end"": 708, ""scan_margin"": 7, ""probe_halfspan"": 6, ""probe_out_len"": 12, ""probe_inset"": 1, ""peak_coord"": 699, ""anchor_offset_ratio"": 0.8602, ""max_score"": 56, ""keep_threshold"": 48, ""selected_run_start"": 27, ""selected_run_end"": 36, ""selected_run_length"": 10, ""selected_run_score"": 56}}}",three_terminal_structured,,,699.0,509.0
,,,,,,22,Resistor,component:1:22.1,,,1,,vertical,,,,,,,22.1,,False,22.1:t1,ok,1.0,matched_preferred,[],N7,,7,False,,,,,,,,,,terminal:1:22.1:t1,Terminal,,,False,N7,7,top,directional,directional_primary,"[691, 129, 704, 153]",698,147,,,,22.1:t1,t1,"{""point_mode"": ""bbox_side_center"", ""anchor_offset_ratio"": 0.4999}",bbox_side_center,,,697.23,147.13
,,,,,,22,Resistor,component:1:22.1,,,1,,vertical,,,,,,,22.1,,False,22.1:t2,ok,1.0,matched_preferred,[],N8,,8,False,,,,,,,,,,terminal:1:22.1:t2,Terminal,,,False,N8,8,bottom,directional,directional_primary,"[691, 258, 704, 282]",698,263,,,,22.1:t2,t2,"{""point_mode"": ""bbox_side_center"", ""anchor_offset_ratio"": 0.4999}",bbox_side_center,,,697.23,263.43
,,,,,,9,GND,component:1:9.3,,,1,top,up,,,,,,,9.3,,False,9.3:t1,ok,1.0,matched_preferred,[],N9,,9,False,,,,,,,,,,terminal:1:9.3:t1,Terminal,,,False,N9,9,top,directional,directional_primary,"[693, 939, 706, 963]",698,957,,,,9.3:t1,t1,"{""point_mode"": ""side_peak_outside"", ""scan_axis"": ""x"", ""relative_position"": ""top"", ""scan_start"": 675, ""scan_end"": 724, ""scan_margin"": 5, ""probe_halfspan"": 6, ""probe_out_len"": 12, ""probe_inset"": 1, ""peak_coord"": 699, ""anchor_offset_ratio"": 0.4915, ""max_score"": 56, ""keep_threshold"": 48, ""selected_run_start"": 19, ""selected_run_end"": 28, ""selected_run_length"": 10, ""selected_run_score"": 56}",two_terminal_side_peak,,,699.0,957.0
146,149,580,674,,,,,,,"[""2.1:t2"", ""9.1:t1""]",1,,,,,,,,,,False,,N1,,,,,,,,,[18],,2,,,,,N1,1,net:1:N1,Net,96,,,,,,,,,,,,18,,,,,,,,,
146,398,394,530,,,,,,,"[""19.1:in1"", ""2.1:t1""]",1,,,,,,,,,,False,,N2,,,,,,,,,[8],,2,,,,,N2,2,net:1:N2,Net,386,,,,,,,,,,,,8,,,,,,,,,
466,470,858,972,,,,,,,"[""26.1:t1"", ""9.2:t1""]",1,,,,,,,,,,False,,N3,,,,,,,,,[29],,2,,,,,N3,3,net:1:N3,Net,115,,,,,,,,,,,,29,,,,,,,,,
368,699,494,678,,,,,,,"[""16.1:t2"", ""16.2:t3"", ""19.1:in2""]",1,,,,,,,,,,False,,N4,,,,,,,,,[12],,3,,,,,N4,4,net:1:N4,Net,630,,,,,,,,,,,,12,,,,,,,,,
472,630,715,719,,,,,,,"[""16.1:t1"", ""26.2:t1""]",1,,,,,,,,,,False,,N5,,,,,,,,,[22],,2,,,,,N5,5,net:1:N5,Net,160,,,,,,,,,,,,22,,,,,,,,,
566,629,449,449,,,,,,,"[""16.2:t1"", ""19.1:out""]",1,,,,,,,,,,False,,N6,,,,,,,,,[10],,2,,,,,N6,6,net:1:N6,Net,64,,,,,,,,,,,,10,,,,,,,,,
654,742,92,163,,,,,,,"[""22.1:t1""]",1,,,,,,,,,,False,,N7,,,,,,,,,[4],,1,,,,,N7,7,net:1:N7,Net,160,,,,,,,,,,,,4,,,,,,,,,
697,998,245,409,,,,,,,"[""16.2:t2"", ""22.1:t2""]",1,,,,,,,,,,False,,N8,,,,,,,,,[6],,2,,,,,N8,8,net:1:N8,Net,464,,,,,,,,,,,,6,,,,,,,,,
698,998,764,973,,,,,,,"[""16.1:t3"", ""9.3:t1""]",1,,,,,,,,,,False,,N9,,,,,,,,,[25],,2,,,,,N9,9,net:1:N9,Net,509,,,,,,,,,,,,25,,,,,,,,,
,,,,,,,,,,,2,,,1024,2.jpg,C:\Users\m.profilo\Desktop\tesi_diagrams_yolo\data\batch_v6_operational_amplifier\2.jpg,1024,,,,,,2,,,,,,,,,,10,,22,7,,22,,,diagram:2,Diagram,,,,,,,,,,,,06_match_terminals_to_nets,,,,,,,,,,
78.45,158.17,727.99,910.8,18,NPN_Transistor,,,,0.7847,,2,,left,,,,,,,18.1,,,18.1,,,,,,,,,,,,,,3,,,,component:2:18.1,Component,,,,,,,,,,,,,,three_terminal,,,,,True,True,,
103.25,168.69,90.1,252.4,22,Resistor,,,,0.8276,,2,,vertical,,,,,,,22.1,,,22.1,,,,,,,,,,,,,,2,,,,component:2:22.1,Component,,,,,,,,,,,,,,two_terminal,,,,,True,True,,
279.18,355.49,725.38,906.79,18,NPN_Transistor,,,,0.7719,,2,,left,,,,,,,18.2,,,18.2,,,,,,,,,,,,,,3,,,,component:2:18.2,Component,,,,,,,,,,,,,,three_terminal,,,,,True,True,,
313.96,379.76,92.07,248.53,22,Resistor,,,,0.8485,,2,,vertical,,,,,,,22.2,,,22.2,,,,,,,,,,,,,,2,,,,component:2:22.2,Component,,,,,,,,,,,,,,two_terminal,,,,,True,True,,
307.71,387.17,970.61,1022.26,9,GND,,,,0.7953,,2,top,up,,,,,,,9.1,,,9.1,,,,,,,,,,,,,,1,,,,component:2:9.1,Component,,,,,,,,,,,,,,one_terminal,,,,,True,True,,
315.38,379.85,484.27,640.46,22,Resistor,,,,0.8534,,2,,vertical,,,,,,,22.3,,,22.3,,,,,,,,,,,,,,2,,,,component:2:22.3,Component,,,,,,,,,,,,,,two_terminal,,,,,True,True,,
403.28,576.52,240.43,364.2,31,Voltage_Source,,,,0.8885,,2,,horizontal,,,,,,,31.1,,,31.1,,,,,,,,,,,,,,2,,,,component:2:31.1,Component,,,,,,,,,,,,,,two_terminal,,,,,True,True,,
586.0,825.71,219.37,502.29,19,Operational_Amplifier,,,,0.8555,,2,,right,,,,,,,19.1,,,19.1,,,,,,,,,,,,,,5,,,,component:2:19.1,Component,,,,,,,,,,,,,,multi_terminal,,,,,True,True,,
914.76,957.78,329.11,388.49,26,Terminal,,,,0.7468,,2,,left,,,,,,,26.1,,,26.1,,,,,,,,,,,,,,1,,,,component:2:26.1,Component,,,,,,,,,,,,,,variable_terminal,,,,,True,True,,
913.32,960.58,913.79,973.67,26,Terminal,,,,0.745,,2,,left,,,,,,,26.2,,,26.2,,,,,,,,,,,,,,1,,,,component:2:26.2,Component,,,,,,,,,,,,,,variable_terminal,,,,,True,True,,
,,,,,,18,NPN_Transistor,component:2:18.1,,,2,,left,,,,,,,18.1,,False,18.1:t1,ok,0.0,matched_preferred,[],N4,,4,False,,,,,,,,,,terminal:2:18.1:t1,Terminal,,,False,N4,4,left,directional,directional_primary,"[56, 808, 80, 821]",74,814,,,,18.1:t1,t1,"{""point_mode"": ""three_terminal_structured"", ""scan_axis"": ""y"", ""relative_position"": ""left"", ""scan_start"": 774, ""scan_end"": 865, ""scan_margin"": 15, ""probe_halfspan"": 6, ""probe_out_len"": 12, ""probe_inset"": 1, ""peak_coord"": 814, ""anchor_offset_ratio"": 0.4699, ""max_score"": 56, ""keep_threshold"": 48, ""selected_run_start"": 36, ""selected_run_end"": 45, ""selected_run_length"": 10, ""selected_run_score"": 56, ""three_terminal_role"": ""single_side_terminal"", ""three_terminal_orientation"": ""left""}",three_terminal_structured,,,74.0,814.0
,,,,,,18,NPN_Transistor,component:2:18.1,,,2,,left,,,,,,,18.1,,False,18.1:t2,ok,1.0,matched_preferred,[],N3,,3,False,,,,,,,,,,terminal:2:18.1:t2,Terminal,,,False,N3,3,top,directional,directional_primary,"[132, 706, 145, 730]",137,724,,,,18.1:t2,t2,"{""point_mode"": ""three_terminal_structured"", ""scan_axis"": ""x"", ""relative_position"": ""top"", ""scan_start"": 120, ""scan_end"": 155, ""scan_margin"": 6, ""probe_halfspan"": 6, ""probe_out_len"": 12, ""probe_inset"": 1, ""peak_coord"": 138, ""anchor_offset_ratio"": 0.75, ""max_score"": 56, ""keep_threshold"": 48, ""selected_run_start"": 13, ""selected_run_end"": 22, ""selected_run_length"": 10, ""selected_run_score"": 56, ""three_terminal_role"": ""orthogonal_pair_terminal"", ""three_terminal_orientation"": ""left"", ""three_terminal_pair_bias"": ""opposite_side"", ""three_terminal_pair_bias_debug"": {""top"": {""local_score"": 70.0, ""point_mode"": ""side_peak_outside"", ""scan_axis"": ""x"", ""relative_position"": ""top"", ""scan_start"": 120, ""scan_end"": 155, ""scan_margin"": 6, ""probe_halfspan"": 6, ""probe_out_len"": 12, ""probe_inset"": 1, ""peak_coord"": 138, ""anchor_offset_ratio"": 0.75, ""max_score"": 56, ""keep_threshold"": 48, ""selected_run_start"": 13, ""selected_run_end"": 22, ""selected_run_length"": 10, ""selected_run_score"": 56}, ""bottom"": {""local_score"": 70.0, ""point_mode"": ""side_peak_outside"", ""scan_axis"": ""x"", ""relative_position"": ""bottom"", ""scan_start"": 120, ""scan_end"": 155, ""scan_margin"": 6, ""probe_halfspan"": 6, ""probe_out_len"": 12, ""probe_inset"": 1, ""peak_coord"": 138, ""anchor_offset_ratio"": 0.75, ""max_score"": 56, ""keep_threshold"": 48, ""selected_run_start"": 13, ""selected_run_end"": 22, ""selected_run_length"": 10, ""selected_run_score"": 56}}}",three_terminal_structured,,,138.0,724.0
,,,,,,18,NPN_Transistor,component:2:18.1,,,2,,left,,,,,,,18.1,,False,18.1:t3,ok,1.0,matched_preferred,[],N4,,4,False,,,,,,,,,,terminal:2:18.1:t3,Terminal,,,False,N4,4,bottom,directional,directional_primary,"[132, 910, 145, 934]",137,915,,,,18.1:t3,t3,"{""point_mode"": ""three_terminal_structured"", ""scan_axis"": ""x"", ""relative_position"": ""bottom"", ""scan_start"": 120, ""scan_end"": 155, ""scan_margin"": 6, ""probe_halfspan"": 6, ""probe_out_len"": 12, ""probe_inset"": 1, ""peak_coord"": 138, ""anchor_offset_ratio"": 0.75, ""max_score"": 56, ""keep_threshold"": 48, ""selected_run_start"": 13, ""selected_run_end"": 22, ""selected_run_length"": 10, ""selected_run_score"": 56, ""three_terminal_role"": ""orthogonal_pair_terminal"", ""three_terminal_orientation"": ""left"", ""three_terminal_pair_bias"": ""opposite_side"", ""three_terminal_pair_bias_debug"": {""top"": {""local_score"": 70.0, ""point_mode"": ""side_peak_outside"", ""scan_axis"": ""x"", ""relative_position"": ""top"", ""scan_start"": 120, ""scan_end"": 155, ""scan_margin"": 6, ""probe_halfspan"": 6, ""probe_out_len"": 12, ""probe_inset"": 1, ""peak_coord"": 138, ""anchor_offset_ratio"": 0.75, ""max_score"": 56, ""keep_threshold"": 48, ""selected_run_start"": 13, ""selected_run_end"": 22, ""selected_run_length"": 10, ""selected_run_score"": 56}, ""bottom"": {""local_score"": 70.0, ""point_mode"": ""side_peak_outside"", ""scan_axis"": ""x"", ""relative_position"": ""bottom"", ""scan_start"": 120, ""scan_end"": 155, ""scan_margin"": 6, ""probe_halfspan"": 6, ""probe_out_len"": 12, ""probe_inset"": 1, ""peak_coord"": 138, ""anchor_offset_ratio"": 0.75, ""max_score"": 56, ""keep_threshold"": 48, ""selected_run_start"": 13, ""selected_run_end"": 22, ""selected_run_length"": 10, ""selected_run_score"": 56}}}",three_terminal_structured,,,138.0,915.0
,,,,,,22,Resistor,component:2:22.1,,,2,,vertical,,,,,,,22.1,,False,22.1:t1,ok,1.0,matched_preferred,[],N5,,5,False,,,,,,,,,,terminal:2:22.1:t1,Terminal,,,False,N5,5,top,directional,directional_primary,"[130, 68, 143, 92]",137,86,,,,22.1:t1,t1,"{""point_mode"": ""bbox_side_center"", ""anchor_offset_ratio"": 0.5}",bbox_side_center,,,135.97,86.1
,,,,,,22,Resistor,component:2:22.1,,,2,,vertical,,,,,,,22.1,,False,22.1:t2,ok,1.0,matched_preferred,[],N3,,3,False,,,,,,,,,,terminal:2:22.1:t2,Terminal,,,False,N3,3,bottom,directional,directional_primary,"[130, 251, 143, 275]",137,256,,,,22.1:t2,t2,"{""point_mode"": ""bbox_side_center"", ""anchor_offset_ratio"": 0.5}",bbox_side_center,,,135.97,256.4
,,,,,,18,NPN_Transistor,component:2:18.2,,,2,,left,,,,,,,18.2,,False,18.2:t1,ok,0.0,matched_preferred,[],N1,,1,False,,,,,,,,,,terminal:2:18.2:t1,Terminal,,,False,N1,1,left,directional,directional_primary,"[257, 810, 281, 823]",275,816,,,,18.2:t1,t1,"{""point_mode"": ""three_terminal_structured"", ""scan_axis"": ""y"", ""relative_position"": ""left"", ""scan_start"": 770, ""scan_end"": 862, ""scan_margin"": 15, ""probe_halfspan"": 6, ""probe_out_len"": 12, ""probe_inset"": 1, ""peak_coord"": 816, ""anchor_offset_ratio"": 0.5, ""max_score"": 98, ""keep_threshold"": 83, ""selected_run_start"": 42, ""selected_run_end"": 50, ""selected_run_length"": 9, ""selected_run_score"": 98, ""three_terminal_role"": ""single_side_terminal"", ""three_terminal_orientation"": ""left""}",three_terminal_structured,,,275.0,816.0
,,,,,,18,NPN_Transistor,component:2:18.2,,,2,,left,,,,,,,18.2,,False,18.2:t2,ok,0.0,matched_preferred,[],N2,,2,False,,,,,,,,,,terminal:2:18.2:t2,Terminal,,,False,N2,2,top,directional,directional_primary,"[341, 703, 354, 727]",347,721,,,,18.2:t2,t2,"{""point_mode"": ""three_terminal_structured"", ""scan_axis"": ""x"", ""relative_position"": ""top"", ""scan_start"": 319, ""scan_end"": 352, ""scan_margin"": 6, ""probe_halfspan"": 6, ""probe_out_len"": 12, ""probe_inset"": 1, ""peak_coord"": 347, ""anchor_offset_ratio"": 0.8947, ""max_score"": 70, ""keep_threshold"": 60, ""selected_run_start"": 24, ""selected_run_end"": 32, ""selected_run_length"": 9, ""selected_run_score"": 70, ""three_terminal_role"": ""orthogonal_pair_terminal"", ""three_terminal_orientation"": ""left"", ""three_terminal_pair_bias"": ""opposite_side"", ""three_terminal_pair_bias_debug"": {""top"": {""local_score"": 87.5, ""point_mode"": ""side_peak_outside"", ""scan_axis"": ""x"", ""relative_position"": ""top"", ""scan_start"": 319, ""scan_end"": 352, ""scan_margin"": 6, ""probe_halfspan"": 6, ""probe_out_len"": 12, ""probe_inset"": 1, ""peak_coord"": 347, ""anchor_offset_ratio"": 0.8947, ""max_score"": 70, ""keep_threshold"": 60, ""selected_run_start"": 24, ""selected_run_end"": 32, ""selected_run_length"": 9, ""selected_run_score"": 70}, ""bottom"": {""local_score"": 87.5, ""point_mode"": ""side_peak_outside"", ""scan_axis"": ""x"", ""relative_position"": ""bottom"", ""scan_start"": 319, ""scan_end"": 352, ""scan_margin"": 6, ""probe_halfspan"": 6, ""probe_out_len"": 12, ""probe_inset"": 1, ""peak_coord"": 347, ""anchor_offset_ratio"": 0.8947, ""max_score"": 70, ""keep_threshold"": 60, ""selected_run_start"": 24, ""selected_run_end"": 32, ""selected_run_length"": 9, ""selected_run_score"": 70}}}",three_terminal_structured,,,347.0,721.0
,,,,,,18,NPN_Transistor,component:2:18.2,,,2,,left,,,,,,,18.2,,False,18.2:t3,ok,0.0,matched_preferred,[],N4,,4,False,,,,,,,,,,terminal:2:18.2:t3,Terminal,,,False,N4,4,bottom,directional,directional_primary,"[341, 906, 354, 930]",347,911,,,,18.2:t3,t3,"{""point_mode"": ""three_terminal_structured"", ""scan_axis"": ""x"", ""relative_position"": ""bottom"", ""scan_start"": 319, ""scan_end"": 352, ""scan_margin"": 6, ""probe_halfspan"": 6, ""probe_out_len"": 12, ""probe_inset"": 1, ""peak_coord"": 347, ""anchor_offset_ratio"": 0.8947, ""max_score"": 70, ""keep_threshold"": 60, ""selected_run_start"": 24, ""selected_run_end"": 32, ""selected_run_length"": 9, ""selected_run_score"": 70, ""three_terminal_role"": ""orthogonal_pair_terminal"", ""three_terminal_orientation"": ""left"", ""three_terminal_pair_bias"": ""opposite_side"", ""three_terminal_pair_bias_debug"": {""top"": {""local_score"": 87.5, ""point_mode"": ""side_peak_outside"", ""scan_axis"": ""x"", ""relative_position"": ""top"", ""scan_start"": 319, ""scan_end"": 352, ""scan_margin"": 6, ""probe_halfspan"": 6, ""probe_out_len"": 12, ""probe_inset"": 1, ""peak_coord"": 347, ""anchor_offset_ratio"": 0.8947, ""max_score"": 70, ""keep_threshold"": 60, ""selected_run_start"": 24, ""selected_run_end"": 32, ""selected_run_length"": 9, ""selected_run_score"": 70}, ""bottom"": {""local_score"": 87.5, ""point_mode"": ""side_peak_outside"", ""scan_axis"": ""x"", ""relative_position"": ""bottom"", ""scan_start"": 319, ""scan_end"": 352, ""scan_margin"": 6, ""probe_halfspan"": 6, ""probe_out_len"": 12, ""probe_inset"": 1, ""peak_coord"": 347, ""anchor_offset_ratio"": 0.8947, ""max_score"": 70, ""keep_threshold"": 60, ""selected_run_start"": 24, ""selected_run_end"": 32, ""selected_run_length"": 9, ""selected_run_score"": 70}}}",three_terminal_structured,,,347.0,911.0
,,,,,,22,Resistor,component:2:22.2,,,2,,vertical,,,,,,,22.2,,False,22.2:t1,ok,0.0,matched_preferred,[],N5,,5,False,,,,,,,,,,terminal:2:22.2:t1,Terminal,,,False,N5,5,top,directional,directional_primary,"[341, 70, 354, 94]",347,88,,,,22.2:t1,t1,"{""point_mode"": ""bbox_side_center"", ""anchor_offset_ratio"": 0.5}",bbox_side_center,,,346.86,88.07
,,,,,,22,Resistor,component:2:22.2,,,2,,vertical,,,,,,,22.2,,False,22.2:t2,ok,0.0,matched_preferred,[],N3,,3,False,,,,,,,,,,terminal:2:22.2:t2,Terminal,,,False,N3,3,bottom,directional,directional_primary,"[341, 248, 354, 272]",347,253,,,,22.2:t2,t2,"{""point_mode"": ""bbox_side_center"", ""anchor_offset_ratio"": 0.5}",bbox_side_center,,,346.86,252.53
,,,,,,9,GND,component:2:9.1,,,2,top,up,,,,,,,9.1,,False,9.1:t1,ok,1.0,matched_preferred,[],N4,,4,False,,,,,,,,,,terminal:2:9.1:t1,Terminal,,,False,N4,4,top,directional,directional_primary,"[342, 949, 355, 973]",347,967,,,,9.1:t1,t1,"{""point_mode"": ""side_peak_outside"", ""scan_axis"": ""x"", ""relative_position"": ""top"", ""scan_start"": 314, ""scan_end"": 381, ""scan_margin"": 6, ""probe_halfspan"": 6, ""probe_out_len"": 12, ""probe_inset"": 1, ""peak_coord"": 348, ""anchor_offset_ratio"": 0.5063, ""max_score"": 56, ""keep_threshold"": 48, ""selected_run_start"": 29, ""selected_run_end"": 38, ""selected_run_length"": 10, ""selected_run_score"": 56}",two_terminal_side_peak,,,348.0,967.0
,,,,,,22,Resistor,component:2:22.3,,,2,,vertical,,,,,,,22.3,,False,22.3:t1,ok,1.0,matched_preferred,[],N3,,3,False,,,,,,,,,,terminal:2:22.3:t1,Terminal,,,False,N3,3,top,directional,directional_primary,"[342, 462, 355, 486]",347,480,,,,22.3:t1,t1,"{""point_mode"": ""bbox_side_center"", ""anchor_offset_ratio"": 0.5001}",bbox_side_center,,,347.62,480.27
,,,,,,22,Resistor,component:2:22.3,,,2,,vertical,,,,,,,22.3,,False,22.3:t2,ok,1.0,matched_preferred,[],N2,,2,False,,,,,,,,,,terminal:2:22.3:t2,Terminal,,,False,N2,2,bottom,directional,directional_primary,"[342, 639, 355, 663]",347,644,,,,22.3:t2,t2,"{""point_mode"": ""bbox_side_center"", ""anchor_offset_ratio"": 0.5001}",bbox_side_center,,,347.62,644.46
,,,,,,31,Voltage_Source,component:2:31.1,,,2,,horizontal,,,,,,,31.1,,False,31.1:t1,ok,3.0,matched_preferred,[],N3,,3,False,,,,,,,,,,terminal:2:31.1:t1,Terminal,,,False,N3,3,left,directional,directional_primary,"[377, 294, 406, 311]",399,299,,,,31.1:t1,t1,"{""point_mode"": ""bbox_side_center"", ""anchor_offset_ratio"": 0.5}",bbox_side_center,,,399.28,302.31
,,,,,,31,Voltage_Source,component:2:31.1,,,2,,horizontal,,,,,,,31.1,,False,31.1:t2,ok,3.0,matched_preferred,[],N6,,6,False,,,,,,,,,,terminal:2:31.1:t2,Terminal,,,False,N6,6,right,directional,directional_primary,"[575, 294, 604, 311]",581,299,,,,31.1:t2,t2,"{""point_mode"": ""bbox_side_center"", ""anchor_offset_ratio"": 0.5}",bbox_side_center,,,580.52,302.31
,,,,,,19,Operational_Amplifier,component:2:19.1,,,2,,right,,,,,,,19.1,,False,19.1:in1,ok,3.0,matched_preferred,[],N6,,6,False,,,,,,,,,,terminal:2:19.1:in1,Terminal,,,False,N6,6,left,directional,directional_primary,"[560, 296, 584, 309]",578,299,,,,19.1:in1,in1,"{""point_mode"": ""opamp_mandatory_wire_probe"", ""relative_position"": ""left"", ""scan_axis"": ""y"", ""scan_start"": 270, ""scan_end"": 338, ""probe_halfspan"": 2, ""probe_outward_len"": 14, ""probe_inward_len"": 1, ""probe_far_gap"": 2, ""probe_far_len"": 8, ""peak_coord"": 302, ""raw_scores_max"": 21.05, ""max_score"": 21.05, ""keep_threshold"": 19.366, ""selected_coord"": 302, ""selected_distance_to_center"": 2, ""kept_candidates"": 7, ""opamp_orientation"": ""right"", ""opamp_terminal_name"": ""in1"", ""opamp_terminal_role"": ""input"", ""opamp_slot"": ""upper""}",opamp_structured,,,578.0,302.0
,,,,,,19,Operational_Amplifier,component:2:19.1,,,2,,right,,,,,,,19.1,,False,19.1:in2,ok,4.0,matched_preferred,[],N3,,3,False,,,,,,,,,,terminal:2:19.1:in2,Terminal,,,False,N3,3,left,directional,directional_primary,"[560, 418, 584, 431]",578,428,,,,19.1:in2,in2,"{""point_mode"": ""opamp_mandatory_wire_probe"", ""relative_position"": ""left"", ""scan_axis"": ""y"", ""scan_start"": 383, ""scan_end"": 451, ""probe_halfspan"": 2, ""probe_outward_len"": 14, ""probe_inward_len"": 1, ""probe_far_gap"": 2, ""probe_far_len"": 8, ""peak_coord"": 424, ""raw_scores_max"": 21.05, ""max_score"": 21.05, ""keep_threshold"": 19.366, ""selected_coord"": 424, ""selected_distance_to_center"": 7, ""kept_candidates"": 9, ""opamp_orientation"": ""right"", ""opamp_terminal_name"": ""in2"", ""opamp_terminal_role"": ""input"", ""opamp_slot"": ""lower""}",opamp_structured,,,578.0,424.0
,,,,,,19,Operational_Amplifier,component:2:19.1,,,2,,right,,,,,,,19.1,,False,19.1:out,ok,3.0,matched_preferred,[],N5,,5,False,,,,,,,,,,terminal:2:19.1:out,Terminal,,,False,N5,5,right,directional,directional_primary,"[829, 355, 853, 368]",834,364,,,,19.1:out,out,"{""point_mode"": ""opamp_mandatory_wire_probe"", ""relative_position"": ""right"", ""scan_axis"": ""y"", ""scan_start"": 310, ""scan_end"": 411, ""probe_halfspan"": 2, ""probe_outward_len"": 14, ""probe_inward_len"": 1, ""probe_far_gap"": 2, ""probe_far_len"": 8, ""peak_coord"": 361, ""raw_scores_max"": 21.8, ""max_score"": 21.8, ""keep_threshold"": 20.056, ""selected_coord"": 361, ""selected_distance_to_center"": 1, ""kept_candidates"": 7, ""opamp_orientation"": ""right"", ""opamp_terminal_name"": ""out"", ""opamp_terminal_role"": ""output"", ""opamp_slot"": ""center""}",opamp_structured,,,834.0,361.0
,,,,,,19,Operational_Amplifier,component:2:19.1,,,2,,right,,,,,,,19.1,,False,19.1:aux1,ok,2.828,matched_implicit_supply,[],N7,missing_terminal_symbol,7,True,,,,,,,,,,terminal:2:19.1:aux1,Terminal,,missing_terminal_symbol,True,N7,7,top,directional,preferred_from_05_window,"[649, 66, 770, 327]",711,304,,,,19.1:aux1,aux1,"{""point_mode"": ""opamp_aux_v1"", ""aux_detected"": true, ""orientation_supported"": true, ""relative_position"": ""top"", ""scan_start"": 677, ""scan_end"": 759, ""candidate_x"": 709.0, ""run_start"": 219, ""run_end"": 306, ""run_len"": 88, ""min_run_length"": 10, ""base_x"": 709.0, ""base_y"": 306.0, ""internal_label_masked"": true, ""mask_x1"": 668, ""mask_x2"": 725, ""mask_top_y1"": 298, ""mask_top_y2"": 361, ""mask_bottom_y1"": 361, ""mask_bottom_y2"": 423, ""mask_orientation_supported"": true, ""x_refined"": false, ""refined_x"": 709.0, ""x_refine_mode"": ""disabled_trust_run_axis"", ""refined"": false, ""refined_y"": 306.0, ""refined_diag_support"": 0, ""segment_density"": 0.3826, ""refine_mode"": ""best_global_fallback"", ""opamp_orientation"": ""right"", ""opamp_terminal_name"": ""aux1"", ""opamp_terminal_role"": ""auxiliary"", ""opamp_slot"": ""center""}",opamp_structured,,,709.0,306.0
,,,,,,19,Operational_Amplifier,component:2:19.1,,,2,,right,,,,,,,19.1,,False,19.1:aux2,ok,68.066,matched_preferred,[],N4,,4,False,,,,,,,,,,terminal:2:19.1:aux2,Terminal,,,False,N4,4,bottom,directional,preferred_from_05_window,"[651, 398, 772, 659]",714,486,,,,19.1:aux2,aux2,"{""point_mode"": ""opamp_aux_v1"", ""aux_detected"": true, ""orientation_supported"": true, ""relative_position"": ""bottom"", ""scan_start"": 677, ""scan_end"": 759, ""candidate_x"": 711.0, ""run_start"": 502, ""run_end"": 418, ""run_len"": 85, ""min_run_length"": 10, ""base_x"": 711.0, ""base_y"": 418.0, ""internal_label_masked"": true, ""mask_x1"": 668, ""mask_x2"": 725, ""mask_top_y1"": 298, ""mask_top_y2"": 361, ""mask_bottom_y1"": 361, ""mask_bottom_y2"": 423, ""mask_orientation_supported"": true, ""x_refined"": false, ""refined_x"": 711.0, ""x_refine_mode"": ""disabled_trust_run_axis"", ""refined"": false, ""refined_y"": 418.0, ""refined_diag_support"": 0, ""segment_density"": 0.3373, ""refine_mode"": ""best_global_fallback"", ""opamp_orientation"": ""right"", ""opamp_terminal_name"": ""aux2"", ""opamp_terminal_role"": ""auxiliary"", ""opamp_slot"": ""center""}",opamp_structured,,,711.0,418.0
,,,,,,26,Terminal,component:2:26.1,,,2,,left,,,,,,,26.1,,False,26.1:t1,ok,5.0,matched_preferred,[],N5,,5,False,,,,,,,,,,terminal:2:26.1:t1,Terminal,,,False,N5,5,left,directional,directional_primary,"[893, 353, 917, 366]",911,364,,,,26.1:t1,t1,"{""point_mode"": ""bbox_side_center"", ""anchor_offset_ratio"": 0.5}",bbox_side_center,,,910.76,358.8
,,,,,,26,Terminal,component:2:26.2,,,2,,left,,,,,,,26.2,,False,26.2:t1,ok,0.0,matched_preferred,[],N4,,4,False,,,,,,,,,,terminal:2:26.2:t1,Terminal,,,False,N4,4,left,directional,directional_primary,"[891, 938, 915, 951]",909,944,,,,26.2:t1,t1,"{""point_mode"": ""bbox_side_center"", ""anchor_offset_ratio"": 0.5}",bbox_side_center,,,909.32,943.73
156,289,816,816,,,,,,,"[""18.2:t1""]",2,,,,,,,,,,False,,N1,,,,,,,,,[43],,1,,,,,N1,1,net:2:N1,Net,134,,,,,,,,,,,,43,,,,,,,,,
346,348,628,737,,,,,,,"[""18.2:t2"", ""22.3:t2""]",2,,,,,,,,,,False,,N2,,,,,,,,,[37],,2,,,,,N2,2,net:2:N2,Net,110,,,,,,,,,,,,37,,,,,,,,,
136,597,236,740,,,,,,,"[""18.1:t2"", ""19.1:in2"", ""22.1:t2"", ""22.2:t2"", ""22.3:t1"", ""31.1:t1""]",2,,,,,,,,,,False,,N3,,,,,,,,,[13],,6,,,,,N3,3,net:2:N3,Net,1300,,,,,,,,,,,,13,,,,,,,,,
31,924,486,984,,,,,,,"[""18.1:t1"", ""18.1:t3"", ""18.2:t3"", ""19.1:aux2"", ""26.2:t1"", ""9.1:t1""]",2,,,,,,,,,,False,,N4,,,,,,,,,[27],,6,,,,,N4,4,net:2:N4,Net,1677,,,,,,,,,,,,27,,,,,,,,,
136,927,41,364,,,,,,,"[""19.1:out"", ""22.1:t1"", ""22.2:t1"", ""26.1:t1""]",2,,,,,,,,,,False,,N5,,,,,,,,,[1],,4,,,,,N5,5,net:2:N5,Net,1296,,,,,,,,,,,,1,,,,,,,,,
564,598,298,300,,,,,,,"[""19.1:in1"", ""31.1:t2""]",2,,,,,,,,,,False,,N6,,,,,,,,,[16],,2,,,,,N6,6,net:2:N6,Net,35,,,,,,,,,,,,16,,,,,,,,,
697,724,151,307,,,,,,,"[""19.1:aux1""]",2,,,,,,,19.1:aux1,missing_terminal_symbol,,True,,N7,,,,,,,,,"[15, 12, 7]",,1,,,,,N7,7,net:2:N7,Net,169,,,,,,,,,,,,15,,,,,,,,,
,,,,,,,,,,,3,,,1024,3.jpg,C:\Users\m.profilo\Desktop\tesi_diagrams_yolo\data\batch_v6_operational_amplifier\3.jpg,1024,,,,,,3,,,,,,,,,,12,,22,9,,22,,,diagram:3,Diagram,,,,,,,,,,,,06_match_terminals_to_nets,,,,,,,,,,
13.87,59.82,945.02,1002.06,9,GND,,,,0.8042,,3,top,up,,,,,,,9.1,,,9.1,,,,,,,,,,,,,,1,,,,component:3:9.1,Component,,,,,,,,,,,,,,one_terminal,,,,,True,True,,
91.61,158.02,687.28,893.9,18,NPN_Transistor,,,,0.7856,,3,,left,,,,,,,18.1,,,18.1,,,,,,,,,,,,,,3,,,,component:3:18.1,Component,,,,,,,,,,,,,,three_terminal,,,,,True,True,,
122.89,167.7,106.32,236.23,22,Resistor,,,,0.8177,,3,,vertical,,,,,,,22.1,,,22.1,,,,,,,,,,,,,,2,,,,component:3:22.1,Component,,,,,,,,,,,,,,two_terminal,,,,,True,True,,
123.69,167.47,431.37,567.96,22,Resistor,,,,0.8381,,3,,vertical,,,,,,,22.2,,,22.2,,,,,,,,,,,,,,2,,,,component:3:22.2,Component,,,,,,,,,,,,,,two_terminal,,,,,True,True,,
123.46,170.25,942.52,1002.57,9,GND,,,,0.8111,,3,top,up,,,,,,,9.2,,,9.2,,,,,,,,,,,,,,1,,,,component:3:9.2,Component,,,,,,,,,,,,,,one_terminal,,,,,True,True,,
466.55,510.61,106.94,234.05,22,Resistor,,,,0.8337,,3,,vertical,,,,,,,22.3,,,22.3,,,,,,,,,,,,,,2,,,,component:3:22.3,Component,,,,,,,,,,,,,,two_terminal,,,,,True,True,,
466.75,513.77,941.6,1002.92,9,GND,,,,0.8139,,3,top,up,,,,,,,9.3,,,9.3,,,,,,,,,,,,,,1,,,,component:3:9.3,Component,,,,,,,,,,,,,,one_terminal,,,,,True,True,,
478.84,547.57,683.39,894.26,18,NPN_Transistor,,,,0.8065,,3,,right,,,,,,,18.2,,,18.2,,,,,,,,,,,,,,3,,,,component:3:18.2,Component,,,,,,,,,,,,,,three_terminal,,,,,True,True,,
576.35,623.39,944.17,1002.82,9,GND,,,,0.8054,,3,top,up,,,,,,,9.4,,,9.4,,,,,,,,,,,,,,1,,,,component:3:9.4,Component,,,,,,,,,,,,,,one_terminal,,,,,True,True,,
569.47,696.14,253.26,368.07,31,Voltage_Source,,,,0.8415,,3,,horizontal,,,,,,,31.1,,,31.1,,,,,,,,,,,,,,2,,,,component:3:31.1,Component,,,,,,,,,,,,,,two_terminal,,,,,True,True,,
739.11,919.58,242.41,570.86,19,Operational_Amplifier,,,,0.8604,,3,,right,,,,,,,19.1,,,19.1,,,,,,,,,,,,,,3,,,,component:3:19.1,Component,,,,,,,,,,,,,,multi_terminal,,,,,True,True,,
951.23,997.18,944.86,1002.42,9,GND,,,,0.8277,,3,top,up,,,,,,,9.5,,,9.5,,,,,,,,,,,,,,1,,,,component:3:9.5,Component,,,,,,,,,,,,,,one_terminal,,,,,True,True,,
,,,,,,9,GND,component:3:9.1,,,3,top,up,,,,,,,9.1,,False,9.1:t1,ok,0.0,matched_preferred,[],N1,,1,False,,,,,,,,,,terminal:3:9.1:t1,Terminal,,,False,N1,1,top,directional,directional_primary,"[30, 923, 43, 947]",36,941,,,,9.1:t1,t1,"{""point_mode"": ""side_peak_outside"", ""scan_axis"": ""x"", ""relative_position"": ""top"", ""scan_start"": 18, ""scan_end"": 56, ""scan_margin"": 4, ""probe_halfspan"": 6, ""probe_out_len"": 12, ""probe_inset"": 1, ""peak_coord"": 36, ""anchor_offset_ratio"": 0.4783, ""max_score"": 70, ""keep_threshold"": 60, ""selected_run_start"": 14, ""selected_run_end"": 22, ""selected_run_length"": 9, ""selected_run_score"": 70}",two_terminal_side_peak,,,36.0,941.0
,,,,,,18,NPN_Transistor,component:3:18.1,,,3,,left,,,,,,,18.1,,False,18.1:t1,ok,0.0,matched_preferred,[],N1,,1,False,,,,,,,,,,terminal:3:18.1:t1,Terminal,,,False,N1,1,left,directional,directional_primary,"[70, 779, 94, 792]",88,785,,,,18.1:t1,t1,"{""point_mode"": ""three_terminal_structured"", ""scan_axis"": ""y"", ""relative_position"": ""left"", ""scan_start"": 739, ""scan_end"": 842, ""scan_margin"": 17, ""probe_halfspan"": 6, ""probe_out_len"": 12, ""probe_inset"": 1, ""peak_coord"": 785, ""anchor_offset_ratio"": 0.4734, ""max_score"": 112, ""keep_threshold"": 95, ""selected_run_start"": 43, ""selected_run_end"": 50, ""selected_run_length"": 8, ""selected_run_score"": 112, ""three_terminal_role"": ""single_side_terminal"", ""three_terminal_orientation"": ""left""}",three_terminal_structured,,,88.0,785.0
,,,,,,18,NPN_Transistor,component:3:18.1,,,3,,left,,,,,,,18.1,,False,18.1:t2,ok,0.0,matched_preferred,[],N2,,2,False,,,,,,,,,,terminal:3:18.1:t2,Terminal,,,False,N2,2,top,directional,directional_primary,"[140, 665, 153, 689]",146,683,,,,18.1:t2,t2,"{""point_mode"": ""three_terminal_structured"", ""scan_axis"": ""x"", ""relative_position"": ""top"", ""scan_start"": 126, ""scan_end"": 155, ""scan_margin"": 5, ""probe_halfspan"": 6, ""probe_out_len"": 12, ""probe_inset"": 1, ""peak_coord"": 146, ""anchor_offset_ratio"": 0.8182, ""max_score"": 56, ""keep_threshold"": 48, ""selected_run_start"": 16, ""selected_run_end"": 25, ""selected_run_length"": 10, ""selected_run_score"": 56, ""three_terminal_role"": ""orthogonal_pair_terminal"", ""three_terminal_orientation"": ""left"", ""three_terminal_pair_bias"": ""opposite_side"", ""three_terminal_pair_bias_debug"": {""top"": {""local_score"": 70.0, ""point_mode"": ""side_peak_outside"", ""scan_axis"": ""x"", ""relative_position"": ""top"", ""scan_start"": 126, ""scan_end"": 155, ""scan_margin"": 5, ""probe_halfspan"": 6, ""probe_out_len"": 12, ""probe_inset"": 1, ""peak_coord"": 146, ""anchor_offset_ratio"": 0.8182, ""max_score"": 56, ""keep_threshold"": 48, ""selected_run_start"": 16, ""selected_run_end"": 25, ""selected_run_length"": 10, ""selected_run_score"": 56}, ""bottom"": {""local_score"": 70.0, ""point_mode"": ""side_peak_outside"", ""scan_axis"": ""x"", ""relative_position"": ""bottom"", ""scan_start"": 126, ""scan_end"": 155, ""scan_margin"": 5, ""probe_halfspan"": 6, ""probe_out_len"": 12, ""probe_inset"": 1, ""peak_coord"": 146, ""anchor_offset_ratio"": 0.8182, ""max_score"": 56, ""keep_threshold"": 48, ""selected_run_start"": 16, ""selected_run_end"": 25, ""selected_run_length"": 10, ""selected_run_score"": 56}}}",three_terminal_structured,,,146.0,683.0
,,,,,,18,NPN_Transistor,component:3:18.1,,,3,,left,,,,,,,18.1,,False,18.1:t3,ok,0.0,matched_preferred,[],N3,,3,False,,,,,,,,,,terminal:3:18.1:t3,Terminal,,,False,N3,3,bottom,directional,directional_primary,"[140, 893, 153, 917]",146,898,,,,18.1:t3,t3,"{""point_mode"": ""three_terminal_structured"", ""scan_axis"": ""x"", ""relative_position"": ""bottom"", ""scan_start"": 126, ""scan_end"": 155, ""scan_margin"": 5, ""probe_halfspan"": 6, ""probe_out_len"": 12, ""probe_inset"": 1, ""peak_coord"": 146, ""anchor_offset_ratio"": 0.8182, ""max_score"": 56, ""keep_threshold"": 48, ""selected_run_start"": 16, ""selected_run_end"": 25, ""selected_run_length"": 10, ""selected_run_score"": 56, ""three_terminal_role"": ""orthogonal_pair_terminal"", ""three_terminal_orientation"": ""left"", ""three_terminal_pair_bias"": ""opposite_side"", ""three_terminal_pair_bias_debug"": {""top"": {""local_score"": 70.0, ""point_mode"": ""side_peak_outside"", ""scan_axis"": ""x"", ""relative_position"": ""top"", ""scan_start"": 126, ""scan_end"": 155, ""scan_margin"": 5, ""probe_halfspan"": 6, ""probe_out_len"": 12, ""probe_inset"": 1, ""peak_coord"": 146, ""anchor_offset_ratio"": 0.8182, ""max_score"": 56, ""keep_threshold"": 48, ""selected_run_start"": 16, ""selected_run_end"": 25, ""selected_run_length"": 10, ""selected_run_score"": 56}, ""bottom"": {""local_score"": 70.0, ""point_mode"": ""side_peak_outside"", ""scan_axis"": ""x"", ""relative_position"": ""bottom"", ""scan_start"": 126, ""scan_end"": 155, ""scan_margin"": 5, ""probe_halfspan"": 6, ""probe_out_len"": 12, ""probe_inset"": 1, ""peak_coord"": 146, ""anchor_offset_ratio"": 0.8182, ""max_score"": 56, ""keep_threshold"": 48, ""selected_run_start"": 16, ""selected_run_end"": 25, ""selected_run_length"": 10, ""selected_run_score"": 56}}}",three_terminal_structured,,,146.0,898.0
,,,,,,22,Resistor,component:3:22.1,,,3,,vertical,,,,,,,22.1,,False,22.1:t1,ok,1.0,matched_preferred,[],N6,,6,False,,,,,,,,,,terminal:3:22.1:t1,Terminal,,,False,N6,6,top,directional,directional_primary,"[139, 84, 152, 108]",146,102,,,,22.1:t1,t1,"{""point_mode"": ""bbox_side_center"", ""anchor_offset_ratio"": 0.4999}",bbox_side_center,,,145.29,102.32
,,,,,,22,Resistor,component:3:22.1,,,3,,vertical,,,,,,,22.1,,False,22.1:t2,ok,1.0,matched_preferred,[],N4,,4,False,,,,,,,,,,terminal:3:22.1:t2,Terminal,,,False,N4,4,bottom,directional,directional_primary,"[139, 235, 152, 259]",146,240,,,,22.1:t2,t2,"{""point_mode"": ""bbox_side_center"", ""anchor_offset_ratio"": 0.4999}",bbox_side_center,,,145.29,240.23
,,,,,,22,Resistor,component:3:22.2,,,3,,vertical,,,,,,,22.2,,False,22.2:t1,ok,0.0,matched_preferred,[],N4,,4,False,,,,,,,,,,terminal:3:22.2:t1,Terminal,,,False,N4,4,top,directional,directional_primary,"[140, 409, 153, 433]",146,427,,,,22.2:t1,t1,"{""point_mode"": ""bbox_side_center"", ""anchor_offset_ratio"": 0.5}",bbox_side_center,,,145.58,427.37
,,,,,,22,Resistor,component:3:22.2,,,3,,vertical,,,,,,,22.2,,False,22.2:t2,ok,0.0,matched_preferred,[],N2,,2,False,,,,,,,,,,terminal:3:22.2:t2,Terminal,,,False,N2,2,bottom,directional,directional_primary,"[140, 567, 153, 591]",146,572,,,,22.2:t2,t2,"{""point_mode"": ""bbox_side_center"", ""anchor_offset_ratio"": 0.5}",bbox_side_center,,,145.58,571.96
,,,,,,9,GND,component:3:9.2,,,3,top,up,,,,,,,9.2,,False,9.2:t1,ok,1.0,matched_preferred,[],N3,,3,False,,,,,,,,,,terminal:3:9.2:t1,Terminal,,,False,N3,3,top,directional,directional_primary,"[141, 921, 154, 945]",146,939,,,,9.2:t1,t1,"{""point_mode"": ""side_peak_outside"", ""scan_axis"": ""x"", ""relative_position"": ""top"", ""scan_start"": 127, ""scan_end"": 166, ""scan_margin"": 4, ""probe_halfspan"": 6, ""probe_out_len"": 12, ""probe_inset"": 1, ""peak_coord"": 147, ""anchor_offset_ratio"": 0.5106, ""max_score"": 56, ""keep_threshold"": 48, ""selected_run_start"": 15, ""selected_run_end"": 24, ""selected_run_length"": 10, ""selected_run_score"": 56}",two_terminal_side_peak,,,147.0,939.0
,,,,,,22,Resistor,component:3:22.3,,,3,,vertical,,,,,,,22.3,,False,22.3:t1,ok,0.0,matched_preferred,[],N6,,6,False,,,,,,,,,,terminal:3:22.3:t1,Terminal,,,False,N6,6,top,directional,directional_primary,"[483, 85, 496, 109]",489,103,,,,22.3:t1,t1,"{""point_mode"": ""bbox_side_center"", ""anchor_offset_ratio"": 0.5}",bbox_side_center,,,488.58,102.94
,,,,,,22,Resistor,component:3:22.3,,,3,,vertical,,,,,,,22.3,,False,22.3:t2,ok,0.0,matched_preferred,[],N4,,4,False,,,,,,,,,,terminal:3:22.3:t2,Terminal,,,False,N4,4,bottom,directional,directional_primary,"[483, 233, 496, 257]",489,238,,,,22.3:t2,t2,"{""point_mode"": ""bbox_side_center"", ""anchor_offset_ratio"": 0.5}",bbox_side_center,,,488.58,238.05
,,,,,,9,GND,component:3:9.3,,,3,top,up,,,,,,,9.3,,False,9.3:t1,ok,0.0,matched_preferred,[],N5,,5,False,,,,,,,,,,terminal:3:9.3:t1,Terminal,,,False,N5,5,top,directional,directional_primary,"[483, 920, 496, 944]",489,938,,,,9.3:t1,t1,"{""point_mode"": ""side_peak_outside"", ""scan_axis"": ""x"", ""relative_position"": ""top"", ""scan_start"": 471, ""scan_end"": 510, ""scan_margin"": 4, ""probe_halfspan"": 6, ""probe_out_len"": 12, ""probe_inset"": 1, ""peak_coord"": 489, ""anchor_offset_ratio"": 0.4681, ""max_score"": 56, ""keep_threshold"": 48, ""selected_run_start"": 14, ""selected_run_end"": 23, ""selected_run_length"": 10, ""selected_run_score"": 56}",two_terminal_side_peak,,,489.0,938.0
,,,,,,18,NPN_Transistor,component:3:18.2,,,3,,right,,,,,,,18.2,,False,18.2:t1,ok,1.0,matched_preferred,[],N7,,7,False,,,,,,,,,,terminal:3:18.2:t1,Terminal,,,False,N7,7,right,directional,directional_primary,"[547, 780, 571, 793]",552,785,,,,18.2:t1,t1,"{""point_mode"": ""three_terminal_structured"", ""scan_axis"": ""y"", ""relative_position"": ""right"", ""scan_start"": 736, ""scan_end"": 841, ""scan_margin"": 17, ""probe_halfspan"": 6, ""probe_out_len"": 12, ""probe_inset"": 1, ""peak_coord"": 786, ""anchor_offset_ratio"": 0.4882, ""max_score"": 112, ""keep_threshold"": 95, ""selected_run_start"": 46, ""selected_run_end"": 53, ""selected_run_length"": 8, ""selected_run_score"": 112, ""three_terminal_role"": ""single_side_terminal"", ""three_terminal_orientation"": ""right""}",three_terminal_structured,,,552.0,786.0
,,,,,,18,NPN_Transistor,component:3:18.2,,,3,,right,,,,,,,18.2,,False,18.2:t2,ok,1.0,matched_preferred,[],N4,,4,False,,,,,,,,,,terminal:3:18.2:t2,Terminal,,,False,N4,4,top,directional,directional_primary,"[484, 661, 497, 685]",489,679,,,,18.2:t2,t2,"{""point_mode"": ""three_terminal_structured"", ""scan_axis"": ""x"", ""relative_position"": ""top"", ""scan_start"": 482, ""scan_end"": 512, ""scan_margin"": 6, ""probe_halfspan"": 6, ""probe_out_len"": 12, ""probe_inset"": 1, ""peak_coord"": 490, ""anchor_offset_ratio"": 0.1594, ""max_score"": 56, ""keep_threshold"": 48, ""selected_run_start"": 3, ""selected_run_end"": 12, ""selected_run_length"": 10, ""selected_run_score"": 56, ""three_terminal_role"": ""orthogonal_pair_terminal"", ""three_terminal_orientation"": ""right"", ""three_terminal_pair_bias"": ""opposite_side"", ""three_terminal_pair_bias_debug"": {""top"": {""local_score"": 70.0, ""point_mode"": ""side_peak_outside"", ""scan_axis"": ""x"", ""relative_position"": ""top"", ""scan_start"": 482, ""scan_end"": 512, ""scan_margin"": 6, ""probe_halfspan"": 6, ""probe_out_len"": 12, ""probe_inset"": 1, ""peak_coord"": 490, ""anchor_offset_ratio"": 0.1594, ""max_score"": 56, ""keep_threshold"": 48, ""selected_run_start"": 3, ""selected_run_end"": 12, ""selected_run_length"": 10, ""selected_run_score"": 56}, ""bottom"": {""local_score"": 70.0, ""point_mode"": ""side_peak_outside"", ""scan_axis"": ""x"", ""relative_position"": ""bottom"", ""scan_start"": 482, ""scan_end"": 512, ""scan_margin"": 6, ""probe_halfspan"": 6, ""probe_out_len"": 12, ""probe_inset"": 1, ""peak_coord"": 490, ""anchor_offset_ratio"": 0.1594, ""max_score"": 56, ""keep_threshold"": 48, ""selected_run_start"": 3, ""selected_run_end"": 12, ""selected_run_length"": 10, ""selected_run_score"": 56}}}",three_terminal_structured,,,490.0,679.0
,,,,,,18,NPN_Transistor,component:3:18.2,,,3,,right,,,,,,,18.2,,False,18.2:t3,ok,1.0,matched_preferred,[],N5,,5,False,,,,,,,,,,terminal:3:18.2:t3,Terminal,,,False,N5,5,bottom,directional,directional_primary,"[484, 893, 497, 917]",489,898,,,,18.2:t3,t3,"{""point_mode"": ""three_terminal_structured"", ""scan_axis"": ""x"", ""relative_position"": ""bottom"", ""scan_start"": 482, ""scan_end"": 512, ""scan_margin"": 6, ""probe_halfspan"": 6, ""probe_out_len"": 12, ""probe_inset"": 1, ""peak_coord"": 490, ""anchor_offset_ratio"": 0.1594, ""max_score"": 56, ""keep_threshold"": 48, ""selected_run_start"": 3, ""selected_run_end"": 12, ""selected_run_length"": 10, ""selected_run_score"": 56, ""three_terminal_role"": ""orthogonal_pair_terminal"", ""three_terminal_orientation"": ""right"", ""three_terminal_pair_bias"": ""opposite_side"", ""three_terminal_pair_bias_debug"": {""top"": {""local_score"": 70.0, ""point_mode"": ""side_peak_outside"", ""scan_axis"": ""x"", ""relative_position"": ""top"", ""scan_start"": 482, ""scan_end"": 512, ""scan_margin"": 6, ""probe_halfspan"": 6, ""probe_out_len"": 12, ""probe_inset"": 1, ""peak_coord"": 490, ""anchor_offset_ratio"": 0.1594, ""max_score"": 56, ""keep_threshold"": 48, ""selected_run_start"": 3, ""selected_run_end"": 12, ""selected_run_length"": 10, ""selected_run_score"": 56}, ""bottom"": {""local_score"": 70.0, ""point_mode"": ""side_peak_outside"", ""scan_axis"": ""x"", ""relative_position"": ""bottom"", ""scan_start"": 482, ""scan_end"": 512, ""scan_margin"": 6, ""probe_halfspan"": 6, ""probe_out_len"": 12, ""probe_inset"": 1, ""peak_coord"": 490, ""anchor_offset_ratio"": 0.1594, ""max_score"": 56, ""keep_threshold"": 48, ""selected_run_start"": 3, ""selected_run_end"": 12, ""selected_run_length"": 10, ""selected_run_score"": 56}}}",three_terminal_structured,,,490.0,898.0
,,,,,,9,GND,component:3:9.4,,,3,top,up,,,,,,,9.4,,False,9.4:t1,ok,1.0,matched_preferred,[],N7,,7,False,,,,,,,,,,terminal:3:9.4:t1,Terminal,,,False,N7,7,top,directional,directional_primary,"[594, 922, 607, 946]",599,940,,,,9.4:t1,t1,"{""point_mode"": ""side_peak_outside"", ""scan_axis"": ""x"", ""relative_position"": ""top"", ""scan_start"": 580, ""scan_end"": 619, ""scan_margin"": 4, ""probe_halfspan"": 6, ""probe_out_len"": 12, ""probe_inset"": 1, ""peak_coord"": 600, ""anchor_offset_ratio"": 0.5106, ""max_score"": 56, ""keep_threshold"": 48, ""selected_run_start"": 15, ""selected_run_end"": 24, ""selected_run_length"": 10, ""selected_run_score"": 56}",two_terminal_side_peak,,,600.0,940.0
,,,,,,31,Voltage_Source,component:3:31.1,,,3,,horizontal,,,,,,,31.1,,False,31.1:t1,ok,1.0,matched_preferred,[],N4,,4,False,,,,,,,,,,terminal:3:31.1:t1,Terminal,,,False,N4,4,left,directional,directional_primary,"[543, 303, 572, 320]",565,310,,,,31.1:t1,t1,"{""point_mode"": ""bbox_side_center"", ""anchor_offset_ratio"": 0.5}",bbox_side_center,,,565.47,310.66
,,,,,,31,Voltage_Source,component:3:31.1,,,3,,horizontal,,,,,,,31.1,,False,31.1:t2,ok,1.0,matched_preferred,[],N8,,8,False,,,,,,,,,,terminal:3:31.1:t2,Terminal,,,False,N8,8,right,directional,directional_primary,"[694, 303, 723, 320]",700,310,,,,31.1:t2,t2,"{""point_mode"": ""bbox_side_center"", ""anchor_offset_ratio"": 0.5}",bbox_side_center,,,700.14,310.66
,,,,,,19,Operational_Amplifier,component:3:19.1,,,3,,right,,,,,,,19.1,,False,19.1:in1,ok,5.0,matched_preferred,[],N8,,8,False,,,,,,,,,,terminal:3:19.1:in1,Terminal,,,False,N8,8,left,directional,directional_primary,"[713, 309, 737, 322]",731,310,,,,19.1:in1,in1,"{""point_mode"": ""opamp_mandatory_wire_probe"", ""relative_position"": ""left"", ""scan_axis"": ""y"", ""scan_start"": 301, ""scan_end"": 380, ""probe_halfspan"": 2, ""probe_outward_len"": 14, ""probe_inward_len"": 1, ""probe_far_gap"": 2, ""probe_far_len"": 8, ""peak_coord"": 315, ""raw_scores_max"": 21.05, ""max_score"": 21.05, ""keep_threshold"": 19.366, ""selected_coord"": 315, ""selected_distance_to_center"": 26, ""kept_candidates"": 10, ""opamp_orientation"": ""right"", ""opamp_terminal_name"": ""in1"", ""opamp_terminal_role"": ""input"", ""opamp_slot"": ""upper""}",opamp_structured,,,731.0,315.0
,,,,,,19,Operational_Amplifier,component:3:19.1,,,3,,right,,,,,,,19.1,,False,19.1:in2,ok,3.0,matched_preferred,[],N4,,4,False,,,,,,,,,,terminal:3:19.1:in2,Terminal,,,False,N4,4,left,directional,directional_primary,"[713, 502, 737, 515]",731,511,,,,19.1:in2,in2,"{""point_mode"": ""opamp_mandatory_wire_probe"", ""relative_position"": ""left"", ""scan_axis"": ""y"", ""scan_start"": 433, ""scan_end"": 512, ""probe_halfspan"": 2, ""probe_outward_len"": 14, ""probe_inward_len"": 1, ""probe_far_gap"": 2, ""probe_far_len"": 8, ""peak_coord"": 508, ""raw_scores_max"": 21.05, ""max_score"": 21.05, ""keep_threshold"": 19.366, ""selected_coord"": 508, ""selected_distance_to_center"": 36, ""kept_candidates"": 5, ""opamp_orientation"": ""right"", ""opamp_terminal_name"": ""in2"", ""opamp_terminal_role"": ""input"", ""opamp_slot"": ""lower""}",opamp_structured,,,731.0,508.0
,,,,,,19,Operational_Amplifier,component:3:19.1,,,3,,right,,,,,,,19.1,,False,19.1:out,ok,4.0,matched_preferred,[],N6,,6,False,,,,,,,,,,terminal:3:19.1:out,Terminal,,,False,N6,6,right,directional,directional_primary,"[923, 400, 947, 413]",928,410,,,,19.1:out,out,"{""point_mode"": ""opamp_mandatory_wire_probe"", ""relative_position"": ""right"", ""scan_axis"": ""y"", ""scan_start"": 347, ""scan_end"": 466, ""probe_halfspan"": 2, ""probe_outward_len"": 14, ""probe_inward_len"": 1, ""probe_far_gap"": 2, ""probe_far_len"": 8, ""peak_coord"": 406, ""raw_scores_max"": 21.8, ""max_score"": 21.8, ""keep_threshold"": 20.056, ""selected_coord"": 406, ""selected_distance_to_center"": 0, ""kept_candidates"": 10, ""opamp_orientation"": ""right"", ""opamp_terminal_name"": ""out"", ""opamp_terminal_role"": ""output"", ""opamp_slot"": ""center""}",opamp_structured,,,928.0,406.0
,,,,,,9,GND,component:3:9.5,,,3,top,up,,,,,,,9.5,,False,9.5:t1,ok,0.0,matched_preferred,[],N9,,9,False,,,,,,,,,,terminal:3:9.5:t1,Terminal,,,False,N9,9,top,directional,directional_primary,"[967, 923, 980, 947]",973,941,,,,9.5:t1,t1,"{""point_mode"": ""side_peak_outside"", ""scan_axis"": ""x"", ""relative_position"": ""top"", ""scan_start"": 955, ""scan_end"": 993, ""scan_margin"": 4, ""probe_halfspan"": 6, ""probe_out_len"": 12, ""probe_inset"": 1, ""peak_coord"": 973, ""anchor_offset_ratio"": 0.4783, ""max_score"": 42, ""keep_threshold"": 36, ""selected_run_start"": 13, ""selected_run_end"": 23, ""selected_run_length"": 11, ""selected_run_score"": 42}",two_terminal_side_peak,,,973.0,941.0
35,102,785,957,,,,,,,"[""18.1:t1"", ""9.1:t1""]",3,,,,,,,,,,False,,N1,,,,,,,,,[21],,2,,,,,N1,1,net:3:N1,Net,237,,,,,,,,,,,,21,,,,,,,,,
145,147,555,699,,,,,,,"[""18.1:t2"", ""22.2:t2""]",3,,,,,,,,,,False,,N2,,,,,,,,,[15],,2,,,,,N2,2,net:3:N2,Net,145,,,,,,,,,,,,15,,,,,,,,,
146,147,881,955,,,,,,,"[""18.1:t3"", ""9.2:t1""]",3,,,,,,,,,,False,,N3,,,,,,,,,[26],,2,,,,,N3,3,net:3:N3,Net,75,,,,,,,,,,,,26,,,,,,,,,
144,746,221,696,,,,,,,"[""18.2:t2"", ""19.1:in2"", ""22.1:t2"", ""22.2:t1"", ""22.3:t2"", ""31.1:t1""]",3,,,,,,,,,,False,,N4,,,,,,,,,[9],,6,,,,,N4,4,net:3:N4,Net,1410,,,,,,,,,,,,9,,,,,,,,,
489,489,883,953,,,,,,,"[""18.2:t3"", ""9.3:t1""]",3,,,,,,,,,,False,,N5,,,,,,,,,[27],,2,,,,,N5,5,net:3:N5,Net,71,,,,,,,,,,,,27,,,,,,,,,
145,973,32,411,,,,,,,"[""19.1:out"", ""22.1:t1"", ""22.3:t1""]",3,,,,,,,,,,False,,N6,,,,,,,,,[1],,3,,,,,N6,6,net:3:N6,Net,1427,,,,,,,,,,,,1,,,,,,,,,
538,600,785,956,,,,,,,"[""18.2:t1"", ""9.4:t1""]",3,,,,,,,,,,False,,N7,,,,,,,,,[22],,2,,,,,N7,7,net:3:N7,Net,231,,,,,,,,,,,,22,,,,,,,,,
686,745,310,311,,,,,,,"[""19.1:in1"", ""31.1:t2""]",3,,,,,,,,,,False,,N8,,,,,,,,,[10],,2,,,,,N8,8,net:3:N8,Net,60,,,,,,,,,,,,10,,,,,,,,,
973,975,873,958,,,,,,,"[""9.5:t1""]",3,,,,,,,,,,False,,N9,,,,,,,,,[25],,1,,,,,N9,9,net:3:N9,Net,87,,,,,,,,,,,,25,,,,,,,,,
,,,,,,,,,,,4,,,1024,4.jpg,C:\Users\m.profilo\Desktop\tesi_diagrams_yolo\data\batch_v6_operational_amplifier\4.jpg,1024,,,,,,4,,,,,,,,,,8,,14,5,,14,,,diagram:4,Diagram,,,,,,,,,,,,06_match_terminals_to_nets,,,,,,,,,,
5.94,65.18,905.03,999.0,9,GND,,,,0.8306,,4,top,up,,,,,,,9.1,,,9.1,,,,,,,,,,,,,,1,,,,component:4:9.1,Component,,,,,,,,,,,,,,one_terminal,,,,,True,True,,
123.85,171.15,335.49,504.82,4,Capacitor,,,,0.8137,,4,,horizontal,,,,,,,4.1,,,4.1,,,,,,,,,,,,,,2,,,,component:4:4.1,Component,,,,,,,,,,,,,,two_terminal,,,,,True,True,,
291.97,372.07,517.63,600.78,4,Capacitor,,,,0.8716,,4,,vertical,,,,,,,4.2,,,4.2,,,,,,,,,,,,,,2,,,,component:4:4.2,Component,,,,,,,,,,,,,,two_terminal,,,,,True,True,,
302.16,362.18,908.67,998.3,9,GND,,,,0.8096,,4,top,up,,,,,,,9.2,,,9.2,,,,,,,,,,,,,,1,,,,component:4:9.2,Component,,,,,,,,,,,,,,one_terminal,,,,,True,True,,
403.3,647.27,293.22,817.6,19,Operational_Amplifier,,,,0.8359,,4,,right,,,,,,,19.1,,,19.1,,,,,,,,,,,,,,3,,,,component:4:19.1,Component,,,,,,,,,,,,,,multi_terminal,,,,,True,True,,
511.15,564.04,122.71,295.02,4,Capacitor,,,,0.7978,,4,,horizontal,,,,,,,4.3,,,4.3,,,,,,,,,,,,,,2,,,,component:4:4.3,Component,,,,,,,,,,,,,,two_terminal,,,,,True,True,,
714.49,794.27,700.79,794.47,4,Capacitor,,,,0.8436,,4,,vertical,,,,,,,4.4,,,4.4,,,,,,,,,,,,,,2,,,,component:4:4.4,Component,,,,,,,,,,,,,,two_terminal,,,,,True,True,,
723.57,786.01,914.21,999.01,9,GND,,,,0.83,,4,top,up,,,,,,,9.3,,,9.3,,,,,,,,,,,,,,1,,,,component:4:9.3,Component,,,,,,,,,,,,,,one_terminal,,,,,True,True,,
,,,,,,9,GND,component:4:9.1,,,4,top,up,,,,,,,9.1,,False,9.1:t1,ok,0.0,matched_preferred,[],N1,,1,False,,,,,,,,,,terminal:4:9.1:t1,Terminal,,,False,N1,1,top,directional,directional_primary,"[29, 883, 42, 907]",35,901,,,,9.1:t1,t1,"{""point_mode"": ""side_peak_outside"", ""scan_axis"": ""x"", ""relative_position"": ""top"", ""scan_start"": 11, ""scan_end"": 60, ""scan_margin"": 5, ""probe_halfspan"": 6, ""probe_out_len"": 12, ""probe_inset"": 1, ""peak_coord"": 35, ""anchor_offset_ratio"": 0.4915, ""max_score"": 56, ""keep_threshold"": 48, ""selected_run_start"": 20, ""selected_run_end"": 29, ""selected_run_length"": 10, ""selected_run_score"": 56}",two_terminal_side_peak,,,35.0,901.0
,,,,,,4,Capacitor,component:4:4.1,,,4,,horizontal,,,,,,,4.1,,False,4.1:t1,ok,1.0,matched_preferred,[],N1,,1,False,,,,,,,,,,terminal:4:4.1:t1,Terminal,,,False,N1,1,left,directional,directional_primary,"[102, 414, 126, 427]",120,419,,,,4.1:t1,t1,"{""point_mode"": ""bbox_side_center"", ""anchor_offset_ratio"": 0.5}",bbox_side_center,,,119.85,420.15
,,,,,,4,Capacitor,component:4:4.1,,,4,,horizontal,,,,,,,4.1,,False,4.1:t2,ok,1.0,matched_preferred,[],N2,,2,False,,,,,,,,,,terminal:4:4.1:t2,Terminal,,,False,N2,2,right,directional,directional_primary,"[170, 414, 194, 427]",175,419,,,,4.1:t2,t2,"{""point_mode"": ""bbox_side_center"", ""anchor_offset_ratio"": 0.5}",bbox_side_center,,,175.15,420.15
,,,,,,4,Capacitor,component:4:4.2,,,4,,vertical,,,,,,,4.2,,False,4.2:t1,ok,1.0,matched_preferred,[],N2,,2,False,,,,,,,,,,terminal:4:4.2:t1,Terminal,,,False,N2,2,top,directional,directional_primary,"[326, 496, 339, 520]",331,514,,,,4.2:t1,t1,"{""point_mode"": ""bbox_side_center"", ""anchor_offset_ratio"": 0.5}",bbox_side_center,,,332.02,513.63
,,,,,,4,Capacitor,component:4:4.2,,,4,,vertical,,,,,,,4.2,,False,4.2:t2,ok,1.0,matched_preferred,[],N3,,3,False,,,,,,,,,,terminal:4:4.2:t2,Terminal,,,False,N3,3,bottom,directional,directional_primary,"[326, 600, 339, 624]",331,605,,,,4.2:t2,t2,"{""point_mode"": ""bbox_side_center"", ""anchor_offset_ratio"": 0.5}",bbox_side_center,,,332.02,604.78
,,,,,,9,GND,component:4:9.2,,,4,top,up,,,,,,,9.2,,False,9.2:t1,ok,0.0,matched_preferred,[],N3,,3,False,,,,,,,,,,terminal:4:9.2:t1,Terminal,,,False,N3,3,top,directional,directional_primary,"[325, 887, 338, 911]",331,905,,,,9.2:t1,t1,"{""point_mode"": ""side_peak_outside"", ""scan_axis"": ""x"", ""relative_position"": ""top"", ""scan_start"": 307, ""scan_end"": 357, ""scan_margin"": 5, ""probe_halfspan"": 6, ""probe_out_len"": 12, ""probe_inset"": 1, ""peak_coord"": 331, ""anchor_offset_ratio"": 0.4833, ""max_score"": 56, ""keep_threshold"": 48, ""selected_run_start"": 20, ""selected_run_end"": 29, ""selected_run_length"": 10, ""selected_run_score"": 56}",two_terminal_side_peak,,,331.0,905.0
,,,,,,19,Operational_Amplifier,component:4:19.1,,,4,,right,,,,,,,19.1,,False,19.1:in1,ok,7.0,matched_preferred,"[""used_circle_search""]",N2,,2,False,,,,,,,,,,terminal:4:19.1:in1,Terminal,,,False,N2,2,left,circle,circle_primary,"[385, 416, 406, 437]",395,419,,,,19.1:in1,in1,"{""point_mode"": ""opamp_mandatory_wire_probe"", ""relative_position"": ""left"", ""scan_axis"": ""y"", ""scan_start"": 388, ""scan_end"": 514, ""probe_halfspan"": 2, ""probe_outward_len"": 14, ""probe_inward_len"": 1, ""probe_far_gap"": 2, ""probe_far_len"": 8, ""peak_coord"": 426, ""raw_scores_max"": 21.05, ""max_score"": 21.05, ""keep_threshold"": 19.366, ""selected_coord"": 426, ""selected_distance_to_center"": 24, ""kept_candidates"": 15, ""opamp_orientation"": ""right"", ""opamp_terminal_name"": ""in1"", ""opamp_terminal_role"": ""input"", ""opamp_slot"": ""upper""}",opamp_structured,,,395.0,426.0
,,,,,,19,Operational_Amplifier,component:4:19.1,,,4,,right,,,,,,,19.1,,False,19.1:in2,ok,5.0,matched_preferred,[],N3,,3,False,,,,,,,,,,terminal:4:19.1:in2,Terminal,,,False,N3,3,left,directional,directional_primary,"[377, 686, 401, 699]",395,697,,,,19.1:in2,in2,"{""point_mode"": ""opamp_mandatory_wire_probe"", ""relative_position"": ""left"", ""scan_axis"": ""y"", ""scan_start"": 598, ""scan_end"": 724, ""probe_halfspan"": 2, ""probe_outward_len"": 14, ""probe_inward_len"": 1, ""probe_far_gap"": 2, ""probe_far_len"": 8, ""peak_coord"": 692, ""raw_scores_max"": 21.05, ""max_score"": 21.05, ""keep_threshold"": 19.366, ""selected_coord"": 692, ""selected_distance_to_center"": 32, ""kept_candidates"": 12, ""opamp_orientation"": ""right"", ""opamp_terminal_name"": ""in2"", ""opamp_terminal_role"": ""input"", ""opamp_slot"": ""lower""}",opamp_structured,,,395.0,692.0
,,,,,,19,Operational_Amplifier,component:4:19.1,,,4,,right,,,,,,,19.1,,False,19.1:out,ok,3.0,matched_preferred,[],N4,,4,False,,,,,,,,,,terminal:4:19.1:out,Terminal,,,False,N4,4,right,directional,directional_primary,"[650, 550, 674, 563]",655,559,,,,19.1:out,out,"{""point_mode"": ""opamp_mandatory_wire_probe"", ""relative_position"": ""right"", ""scan_axis"": ""y"", ""scan_start"": 461, ""scan_end"": 650, ""probe_halfspan"": 2, ""probe_outward_len"": 14, ""probe_inward_len"": 1, ""probe_far_gap"": 2, ""probe_far_len"": 8, ""peak_coord"": 556, ""raw_scores_max"": 21.8, ""max_score"": 21.8, ""keep_threshold"": 20.056, ""selected_coord"": 556, ""selected_distance_to_center"": 0, ""kept_candidates"": 15, ""opamp_orientation"": ""right"", ""opamp_terminal_name"": ""out"", ""opamp_terminal_role"": ""output"", ""opamp_slot"": ""center""}",opamp_structured,,,655.0,556.0
,,,,,,4,Capacitor,component:4:4.3,,,4,,horizontal,,,,,,,4.3,,False,4.3:t1,ok,0.0,matched_preferred,[],N2,,2,False,,,,,,,,,,terminal:4:4.3:t1,Terminal,,,False,N2,2,left,directional,directional_primary,"[489, 203, 513, 216]",507,209,,,,4.3:t1,t1,"{""point_mode"": ""bbox_side_center"", ""anchor_offset_ratio"": 0.5}",bbox_side_center,,,507.15,208.86
,,,,,,4,Capacitor,component:4:4.3,,,4,,horizontal,,,,,,,4.3,,False,4.3:t2,ok,0.0,matched_preferred,[],N4,,4,False,,,,,,,,,,terminal:4:4.3:t2,Terminal,,,False,N4,4,right,directional,directional_primary,"[563, 203, 587, 216]",568,209,,,,4.3:t2,t2,"{""point_mode"": ""bbox_side_center"", ""anchor_offset_ratio"": 0.5}",bbox_side_center,,,568.04,208.86
,,,,,,4,Capacitor,component:4:4.4,,,4,,vertical,,,,,,,4.4,,False,4.4:t1,ok,0.0,matched_preferred,[],N4,,4,False,,,,,,,,,,terminal:4:4.4:t1,Terminal,,,False,N4,4,top,directional,directional_primary,"[748, 679, 761, 703]",754,697,,,,4.4:t1,t1,"{""point_mode"": ""bbox_side_center"", ""anchor_offset_ratio"": 0.5}",bbox_side_center,,,754.38,696.79
,,,,,,4,Capacitor,component:4:4.4,,,4,,vertical,,,,,,,4.4,,False,4.4:t2,ok,0.0,matched_preferred,[],N5,,5,False,,,,,,,,,,terminal:4:4.4:t2,Terminal,,,False,N5,5,bottom,directional,directional_primary,"[748, 793, 761, 817]",754,798,,,,4.4:t2,t2,"{""point_mode"": ""bbox_side_center"", ""anchor_offset_ratio"": 0.5}",bbox_side_center,,,754.38,798.47
,,,,,,9,GND,component:4:9.3,,,4,top,up,,,,,,,9.3,,False,9.3:t1,ok,1.0,matched_preferred,[],N5,,5,False,,,,,,,,,,terminal:4:9.3:t1,Terminal,,,False,N5,5,top,directional,directional_primary,"[749, 892, 762, 916]",754,910,,,,9.3:t1,t1,"{""point_mode"": ""side_peak_outside"", ""scan_axis"": ""x"", ""relative_position"": ""top"", ""scan_start"": 729, ""scan_end"": 781, ""scan_margin"": 5, ""probe_halfspan"": 6, ""probe_out_len"": 12, ""probe_inset"": 1, ""peak_coord"": 755, ""anchor_offset_ratio"": 0.5, ""max_score"": 56, ""keep_threshold"": 48, ""selected_run_start"": 21, ""selected_run_end"": 30, ""selected_run_length"": 10, ""selected_run_score"": 56}",two_terminal_side_peak,,,755.0,910.0
33,134,419,917,,,,,,,"[""4.1:t1"", ""9.1:t1""]",4,,,,,,,,,,False,,N1,,,,,,,,,[8],,2,,,,,N1,1,net:4:N1,Net,595,,,,,,,,,,,,8,,,,,,,,,
161,521,203,529,,,,,,,"[""19.1:in1"", ""4.1:t2"", ""4.2:t1"", ""4.3:t1""]",4,,,,,,,,,,False,,N2,,,,,,,,,[3],,4,,,,,N2,2,net:4:N2,Net,770,,,,,,,,,,,,3,,,,,,,,,
329,412,590,920,,,,,,,"[""19.1:in2"", ""4.2:t2"", ""9.2:t1""]",4,,,,,,,,,,False,,N3,,,,,,,,,[13],,3,,,,,N3,3,net:4:N3,Net,418,,,,,,,,,,,,13,,,,,,,,,
554,952,206,712,,,,,,,"[""19.1:out"", ""4.3:t2"", ""4.4:t1""]",4,,,,,,,,,,False,,N4,,,,,,,,,[4],,3,,,,,N4,4,net:4:N4,Net,1022,,,,,,,,,,,,4,,,,,,,,,
754,755,781,926,,,,,,,"[""4.4:t2"", ""9.3:t1""]",4,,,,,,,,,,False,,N5,,,,,,,,,[18],,2,,,,,N5,5,net:4:N5,Net,146,,,,,,,,,,,,18,,,,,,,,,
,,,,,,,,,,,5,,,1024,5.jpg,C:\Users\m.profilo\Desktop\tesi_diagrams_yolo\data\batch_v6_operational_amplifier\5.jpg,1024,,,,,,5,,,,,,,,,,20,,35,13,,35,,,diagram:5,Diagram,,,,,,,,,,,,06_match_terminals_to_nets,,,,,,,,,,
53.71,67.78,460.72,498.25,26,Terminal,,,,0.7008,,5,,right,,,,,,,26.1,,,26.1,,,,,,,,,,,,,,1,,,,component:5:26.1,Component,,,,,,,,,,,,,,variable_terminal,,,,,True,True,,
52.87,69.01,266.12,304.61,26,Terminal,,,,0.735,,5,,right,,,,,,,26.2,,,26.2,,,,,,,,,,,,,,1,,,,component:5:26.2,Component,,,,,,,,,,,,,,variable_terminal,,,,,True,True,,
93.64,127.23,460.21,501.27,22,Resistor,,,,0.7488,,5,,horizontal,,,,,,,22.1,,,22.1,,,,,,,,,,,,,,2,,,,component:5:22.1,Component,,,,,,,,,,,,,,two_terminal,,,,,True,True,,
93.4,128.21,264.79,309.7,22,Resistor,,,,0.6903,,5,,horizontal,,,,,,,22.2,,,22.2,,,,,,,,,,,,,,2,,,,component:5:22.2,Component,,,,,,,,,,,,,,two_terminal,,,,,True,True,,
170.43,198.03,754.55,796.09,9,GND,,,,0.7328,,5,top,up,,,,,,,9.1,,,9.1,,,,,,,,,,,,,,1,,,,component:5:9.1,Component,,,,,,,,,,,,,,one_terminal,,,,,True,True,,
315.81,353.6,97.32,144.74,22,Resistor,,,,0.7336,,5,,horizontal,,,,,,,22.3,,,22.3,,,,,,,,,,,,,,2,,,,component:5:22.3,Component,,,,,,,,,,,,,,two_terminal,,,,,True,True,,
252.11,444.06,227.49,713.18,19,Operational_Amplifier,,,,0.8656,,5,,right,,,,,,,19.1,,,19.1,,,,,,,,,,,,,,5,,,,component:5:19.1,Component,,,,,,,,,,,,,,multi_terminal,,,,,True,True,,
338.84,358.03,715.37,765.18,26,Terminal,,,,0.8533,,5,,top,,,,,,,26.3,,,26.3,,,,,,,,,,,,,,1,,,,component:5:26.3,Component,,,,,,,,,,,,,,variable_terminal,,,,,True,True,,
340.8,359.56,245.85,292.76,26,Terminal,,,,0.7597,,5,,bottom,,,,,,,26.4,,,26.4,,,,,,,,,,,,,,1,,,,component:5:26.4,Component,,,,,,,,,,,,,,variable_terminal,,,,,True,True,,
530.84,546.5,571.19,608.9,26,Terminal,,,,0.7377,,5,,right,,,,,,,26.5,,,26.5,,,,,,,,,,,,,,1,,,,component:5:26.5,Component,,,,,,,,,,,,,,variable_terminal,,,,,True,True,,
531.42,546.14,737.82,775.28,26,Terminal,,,,0.7385,,5,,right,,,,,,,26.6,,,26.6,,,,,,,,,,,,,,1,,,,component:5:26.6,Component,,,,,,,,,,,,,,variable_terminal,,,,,True,True,,
568.98,602.44,570.76,612.02,22,Resistor,,,,0.6914,,5,,horizontal,,,,,,,22.4,,,22.4,,,,,,,,,,,,,,2,,,,component:5:22.4,Component,,,,,,,,,,,,,,two_terminal,,,,,True,True,,
571.76,605.67,459.96,501.03,22,Resistor,,,,0.7056,,5,,horizontal,,,,,,,22.5,,,22.5,,,,,,,,,,,,,,2,,,,component:5:22.5,Component,,,,,,,,,,,,,,two_terminal,,,,,True,True,,
571.29,606.5,735.54,778.9,22,Resistor,,,,0.7823,,5,,horizontal,,,,,,,22.6,,,22.6,,,,,,,,,,,,,,2,,,,component:5:22.6,Component,,,,,,,,,,,,,,two_terminal,,,,,True,True,,
649.08,676.19,946.35,990.18,9,GND,,,,0.746,,5,top,up,,,,,,,9.2,,,9.2,,,,,,,,,,,,,,1,,,,component:5:9.2,Component,,,,,,,,,,,,,,one_terminal,,,,,True,True,,
794.52,831.58,290.94,339.14,22,Resistor,,,,0.775,,5,,horizontal,,,,,,,22.7,,,22.7,,,,,,,,,,,,,,2,,,,component:5:22.7,Component,,,,,,,,,,,,,,two_terminal,,,,,True,True,,
816.96,835.57,910.61,959.3,26,Terminal,,,,0.7988,,5,,top,,,,,,,26.7,,,26.7,,,,,,,,,,,,,,1,,,,component:5:26.7,Component,,,,,,,,,,,,,,variable_terminal,,,,,True,True,,
731.18,923.33,421.84,906.59,19,Operational_Amplifier,,,,0.8523,,5,,right,,,,,,,19.2,,,19.2,,,,,,,,,,,,,,5,,,,component:5:19.2,Component,,,,,,,,,,,,,,multi_terminal,,,,,True,True,,
818.34,837.0,438.76,487.5,26,Terminal,,,,0.7133,,5,,bottom,,,,,,,26.8,,,26.8,,,,,,,,,,,,,,1,,,,component:5:26.8,Component,,,,,,,,,,,,,,variable_terminal,,,,,True,True,,
991.31,1011.06,648.39,699.19,26,Terminal,,,,0.771,,5,,left,,,,,,,26.9,,,26.9,,,,,,,,,,,,,,1,,,,component:5:26.9,Component,,,,,,,,,,,,,,variable_terminal,,,,,True,True,,
,,,,,,26,Terminal,component:5:26.1,,,5,,right,,,,,,,26.1,,False,26.1:t1,ok,0.0,matched_preferred,[],N2,,2,False,,,,,,,,,,terminal:5:26.1:t1,Terminal,,,False,N2,2,right,directional,directional_primary,"[67, 473, 91, 486]",72,479,,,,26.1:t1,t1,"{""point_mode"": ""bbox_side_center"", ""anchor_offset_ratio"": 0.5001}",bbox_side_center,,,71.78,479.49
,,,,,,26,Terminal,component:5:26.2,,,5,,right,,,,,,,26.2,,False,26.2:t1,ok,0.0,matched_preferred,[],N1,,1,False,,,,,,,,,,terminal:5:26.2:t1,Terminal,,,False,N1,1,right,directional,directional_primary,"[68, 279, 92, 292]",73,285,,,,26.2:t1,t1,"{""point_mode"": ""bbox_side_center"", ""anchor_offset_ratio"": 0.5001}",bbox_side_center,,,73.01,285.37
,,,,,,22,Resistor,component:5:22.1,,,5,,horizontal,,,,,,,22.1,,False,22.1:t1,ok,2.0,matched_preferred,[],N2,,2,False,,,,,,,,,,terminal:5:22.1:t1,Terminal,,,False,N2,2,left,directional,directional_primary,"[72, 475, 96, 488]",90,479,,,,22.1:t1,t1,"{""point_mode"": ""bbox_side_center"", ""anchor_offset_ratio"": 0.5}",bbox_side_center,,,89.64,480.74
,,,,,,22,Resistor,component:5:22.1,,,5,,horizontal,,,,,,,22.1,,False,22.1:t2,ok,2.0,matched_preferred,[],N3,,3,False,,,,,,,,,,terminal:5:22.1:t2,Terminal,,,False,N3,3,right,directional,directional_primary,"[126, 475, 150, 488]",131,479,,,,22.1:t2,t2,"{""point_mode"": ""bbox_side_center"", ""anchor_offset_ratio"": 0.5}",bbox_side_center,,,131.23,480.74
,,,,,,22,Resistor,component:5:22.2,,,5,,horizontal,,,,,,,22.2,,False,22.2:t1,ok,2.0,matched_preferred,[],N1,,1,False,,,,,,,,,,terminal:5:22.2:t1,Terminal,,,False,N1,1,left,directional,directional_primary,"[71, 281, 95, 294]",89,285,,,,22.2:t1,t1,"{""point_mode"": ""bbox_side_center"", ""anchor_offset_ratio"": 0.5001}",bbox_side_center,,,89.4,287.25
,,,,,,22,Resistor,component:5:22.2,,,5,,horizontal,,,,,,,22.2,,False,22.2:t2,ok,2.0,matched_preferred,[],N3,,3,False,,,,,,,,,,terminal:5:22.2:t2,Terminal,,,False,N3,3,right,directional,directional_primary,"[127, 281, 151, 294]",132,285,,,,22.2:t2,t2,"{""point_mode"": ""bbox_side_center"", ""anchor_offset_ratio"": 0.5001}",bbox_side_center,,,132.21,287.25
,,,,,,9,GND,component:5:9.1,,,5,top,up,,,,,,,9.1,,False,9.1:t1,ok,0.0,matched_preferred,[],N4,,4,False,,,,,,,,,,terminal:5:9.1:t1,Terminal,,,False,N4,4,top,directional,directional_primary,"[178, 733, 191, 757]",184,751,,,,9.1:t1,t1,"{""point_mode"": ""side_peak_outside"", ""scan_axis"": ""x"", ""relative_position"": ""top"", ""scan_start"": 172, ""scan_end"": 196, ""scan_margin"": 2, ""probe_halfspan"": 3, ""probe_out_len"": 12, ""probe_inset"": 1, ""peak_coord"": 184, ""anchor_offset_ratio"": 0.5, ""max_score"": 28, ""keep_threshold"": 24, ""selected_run_start"": 10, ""selected_run_end"": 15, ""selected_run_length"": 6, ""selected_run_score"": 28}",two_terminal_side_peak,,,184.0,751.0
,,,,,,22,Resistor,component:5:22.3,,,5,,horizontal,,,,,,,22.3,,False,22.3:t1,ok,1.0,matched_preferred,[],N3,,3,False,,,,,,,,,,terminal:5:22.3:t1,Terminal,,,False,N3,3,left,directional,directional_primary,"[294, 115, 318, 128]",312,120,,,,22.3:t1,t1,"{""point_mode"": ""bbox_side_center"", ""anchor_offset_ratio"": 0.5}",bbox_side_center,,,311.81,121.03
,,,,,,22,Resistor,component:5:22.3,,,5,,horizontal,,,,,,,22.3,,False,22.3:t2,ok,1.0,matched_preferred,[],N7,,7,False,,,,,,,,,,terminal:5:22.3:t2,Terminal,,,False,N7,7,right,directional,directional_primary,"[353, 115, 377, 128]",358,120,,,,22.3:t2,t2,"{""point_mode"": ""bbox_side_center"", ""anchor_offset_ratio"": 0.5}",bbox_side_center,,,357.6,121.03
,,,,,,19,Operational_Amplifier,component:5:19.1,,,5,,right,,,,,,,19.1,,False,19.1:in1,ok,2.0,matched_preferred,[],N3,,3,False,,,,,,,,,,terminal:5:19.1:in1,Terminal,,,False,N3,3,left,directional,directional_primary,"[226, 389, 250, 402]",244,397,,,,19.1:in1,in1,"{""point_mode"": ""opamp_mandatory_wire_probe"", ""relative_position"": ""left"", ""scan_axis"": ""y"", ""scan_start"": 314, ""scan_end"": 431, ""probe_halfspan"": 2, ""probe_outward_len"": 14, ""probe_inward_len"": 1, ""probe_far_gap"": 2, ""probe_far_len"": 8, ""peak_coord"": 395, ""raw_scores_max"": 21.05, ""max_score"": 21.05, ""keep_threshold"": 19.366, ""selected_coord"": 395, ""selected_distance_to_center"": 22, ""kept_candidates"": 5, ""opamp_orientation"": ""right"", ""opamp_terminal_name"": ""in1"", ""opamp_terminal_role"": ""input"", ""opamp_slot"": ""upper""}",opamp_structured,,,244.0,395.0
,,,,,,19,Operational_Amplifier,component:5:19.1,,,5,,right,,,,,,,19.1,,False,19.1:in2,ok,1.0,matched_preferred,[],N4,,4,False,,,,,,,,,,terminal:5:19.1:in2,Terminal,,,False,N4,4,left,directional,directional_primary,"[226, 561, 250, 574]",244,566,,,,19.1:in2,in2,"{""point_mode"": ""opamp_mandatory_wire_probe"", ""relative_position"": ""left"", ""scan_axis"": ""y"", ""scan_start"": 509, ""scan_end"": 626, ""probe_halfspan"": 2, ""probe_outward_len"": 14, ""probe_inward_len"": 1, ""probe_far_gap"": 2, ""probe_far_len"": 8, ""peak_coord"": 567, ""raw_scores_max"": 21.05, ""max_score"": 21.05, ""keep_threshold"": 19.366, ""selected_coord"": 567, ""selected_distance_to_center"": 0, ""kept_candidates"": 6, ""opamp_orientation"": ""right"", ""opamp_terminal_name"": ""in2"", ""opamp_terminal_role"": ""input"", ""opamp_slot"": ""lower""}",opamp_structured,,,244.0,567.0
,,,,,,19,Operational_Amplifier,component:5:19.1,,,5,,right,,,,,,,19.1,,False,19.1:out,ok,2.0,matched_preferred,[],N7,,7,False,,,,,,,,,,terminal:5:19.1:out,Terminal,,,False,N7,7,right,directional,directional_primary,"[447, 471, 471, 484]",452,479,,,,19.1:out,out,"{""point_mode"": ""opamp_mandatory_wire_probe"", ""relative_position"": ""right"", ""scan_axis"": ""y"", ""scan_start"": 383, ""scan_end"": 557, ""probe_halfspan"": 2, ""probe_outward_len"": 14, ""probe_inward_len"": 1, ""probe_far_gap"": 2, ""probe_far_len"": 8, ""peak_coord"": 477, ""raw_scores_max"": 21.8, ""max_score"": 21.8, ""keep_threshold"": 20.056, ""selected_coord"": 477, ""selected_distance_to_center"": 7, ""kept_candidates"": 6, ""opamp_orientation"": ""right"", ""opamp_terminal_name"": ""out"", ""opamp_terminal_role"": ""output"", ""opamp_slot"": ""center""}",opamp_structured,,,452.0,477.0
,,,,,,19,Operational_Amplifier,component:5:19.1,,,5,,right,,,,,,,19.1,,False,19.1:aux1,ok,62.0,matched_preferred,[],N6,,6,False,,,,,,,,,,terminal:5:19.1:aux1,Terminal,,,False,N6,6,top,directional,preferred_from_05_window,"[345, 293, 356, 314]",350,312,,,,19.1:aux1,aux1,"{""point_mode"": ""opamp_aux_v1"", ""aux_detected"": true, ""orientation_supported"": true, ""relative_position"": ""top"", ""scan_start"": 325, ""scan_end"": 390, ""candidate_x"": 366.0, ""run_start"": 249, ""run_end"": 288, ""run_len"": 40, ""min_run_length"": 10, ""base_x"": 366.0, ""base_y"": 288.0, ""internal_label_masked"": true, ""mask_x1"": 317, ""mask_x2"": 363, ""mask_top_y1"": 363, ""mask_top_y2"": 470, ""mask_bottom_y1"": 470, ""mask_bottom_y2"": 577, ""mask_orientation_supported"": true, ""x_refined"": false, ""refined_x"": 366.0, ""x_refine_mode"": ""disabled_trust_run_axis"", ""refined"": true, ""refined_y"": 390.0, ""refined_diag_support"": 4, ""segment_density"": 0.1606, ""refine_mode"": ""first_valid_from_edge"", ""opamp_orientation"": ""right"", ""opamp_terminal_name"": ""aux1"", ""opamp_terminal_role"": ""auxiliary"", ""opamp_slot"": ""center"", ""snapped_to_nearby_terminal"": true, ""snap_mode"": ""nearby_variable_terminal_project_to_output_diagonal"", ""neighbor_terminal_id"": ""26.4:t1"", ""neighbor_terminal_instance_id"": ""26.4"", ""neighbor_terminal_point"": [350.18, 296.76], ""pre_snap_point"": [366.0, 390.0], ""snapped_point"": [350.18, 373.996], ""snap_center_band"": [321.21, 374.96], ""snap_top_region_y2"": 446.05, ""snap_refined_diag_support"": null, ""snap_refine_mode"": null, ""projected_output_terminal_id"": ""19.1:out"", ""projected_output_terminal_point"": [452.0, 477.0], ""projected_diagonal_slope"": 1.0116}",opamp_structured,,,350.18,373.9960465116279
,,,,,,19,Operational_Amplifier,component:5:19.1,,,5,,right,,,,,,,19.1,,False,19.1:aux2,ok,104.005,matched_preferred,[],N5,,5,False,,,,,,,,,,terminal:5:19.1:aux2,Terminal,,,False,N5,5,bottom,directional,preferred_from_05_window,"[287, 561, 408, 822]",348,685,,,,19.1:aux2,aux2,"{""point_mode"": ""opamp_aux_v1"", ""aux_detected"": true, ""orientation_supported"": true, ""relative_position"": ""bottom"", ""scan_start"": 325, ""scan_end"": 390, ""candidate_x"": 347.0, ""run_start"": 713, ""run_end"": 581, ""run_len"": 133, ""min_run_length"": 10, ""base_x"": 347.0, ""base_y"": 581.0, ""internal_label_masked"": true, ""mask_x1"": 317, ""mask_x2"": 363, ""mask_top_y1"": 363, ""mask_top_y2"": 470, ""mask_bottom_y1"": 470, ""mask_bottom_y2"": 577, ""mask_orientation_supported"": true, ""x_refined"": false, ""refined_x"": 347.0, ""x_refine_mode"": ""disabled_trust_run_axis"", ""refined"": false, ""refined_y"": 581.0, ""refined_diag_support"": 1, ""segment_density"": 0.3559, ""refine_mode"": ""best_global_fallback"", ""opamp_orientation"": ""right"", ""opamp_terminal_name"": ""aux2"", ""opamp_terminal_role"": ""auxiliary"", ""opamp_slot"": ""center""}",opamp_structured,,,347.0,581.0
,,,,,,26,Terminal,component:5:26.3,,,5,,top,,,,,,,26.3,,False,26.3:t1,ok,0.0,matched_preferred,[],N5,,5,False,,,,,,,,,,terminal:5:26.3:t1,Terminal,,,False,N5,5,top,directional,directional_primary,"[342, 693, 355, 717]",348,711,,,,26.3:t1,t1,"{""point_mode"": ""bbox_side_center"", ""anchor_offset_ratio"": 0.4997}",bbox_side_center,,,348.43,711.37
,,,,,,26,Terminal,component:5:26.4,,,5,,bottom,,,,,,,26.4,,False,26.4:t1,ok,1.0,matched_preferred,[],N6,,6,False,,,,,,,,,,terminal:5:26.4:t1,Terminal,,,False,N6,6,bottom,directional,directional_primary,"[344, 292, 357, 316]",349,297,,,,26.4:t1,t1,"{""point_mode"": ""bbox_side_center"", ""anchor_offset_ratio"": 0.5}",bbox_side_center,,,350.18,296.76
,,,,,,26,Terminal,component:5:26.5,,,5,,right,,,,,,,26.5,,False,26.5:t1,ok,1.0,matched_preferred,[],N9,,9,False,,,,,,,,,,terminal:5:26.5:t1,Terminal,,,False,N9,9,right,directional,directional_primary,"[545, 584, 569, 597]",550,591,,,,26.5:t1,t1,"{""point_mode"": ""bbox_side_center"", ""anchor_offset_ratio"": 0.5001}",bbox_side_center,,,550.5,590.05
,,,,,,26,Terminal,component:5:26.6,,,5,,right,,,,,,,26.6,,False,26.6:t1,ok,1.0,matched_preferred,[],N8,,8,False,,,,,,,,,,terminal:5:26.6:t1,Terminal,,,False,N8,8,right,directional,directional_primary,"[545, 751, 569, 764]",550,756,,,,26.6:t1,t1,"{""point_mode"": ""bbox_side_center"", ""anchor_offset_ratio"": 0.5}",bbox_side_center,,,550.14,756.55
,,,,,,22,Resistor,component:5:22.4,,,5,,horizontal,,,,,,,22.4,,False,22.4:t1,ok,0.0,matched_preferred,[],N9,,9,False,,,,,,,,,,terminal:5:22.4:t1,Terminal,,,False,N9,9,left,directional,directional_primary,"[547, 585, 571, 598]",565,591,,,,22.4:t1,t1,"{""point_mode"": ""bbox_side_center"", ""anchor_offset_ratio"": 0.5}",bbox_side_center,,,564.98,591.39
,,,,,,22,Resistor,component:5:22.4,,,5,,horizontal,,,,,,,22.4,,False,22.4:t2,ok,0.0,matched_preferred,[],N10,,10,False,,,,,,,,,,terminal:5:22.4:t2,Terminal,,,False,N10,10,right,directional,directional_primary,"[601, 585, 625, 598]",606,591,,,,22.4:t2,t2,"{""point_mode"": ""bbox_side_center"", ""anchor_offset_ratio"": 0.5}",bbox_side_center,,,606.44,591.39
,,,,,,22,Resistor,component:5:22.5,,,5,,horizontal,,,,,,,22.5,,False,22.5:t1,ok,1.0,matched_preferred,[],N7,,7,False,,,,,,,,,,terminal:5:22.5:t1,Terminal,,,False,N7,7,left,directional,directional_primary,"[550, 474, 574, 487]",568,479,,,,22.5:t1,t1,"{""point_mode"": ""bbox_side_center"", ""anchor_offset_ratio"": 0.5001}",bbox_side_center,,,567.76,480.5
,,,,,,22,Resistor,component:5:22.5,,,5,,horizontal,,,,,,,22.5,,False,22.5:t2,ok,1.0,matched_preferred,[],N10,,10,False,,,,,,,,,,terminal:5:22.5:t2,Terminal,,,False,N10,10,right,directional,directional_primary,"[605, 474, 629, 487]",610,479,,,,22.5:t2,t2,"{""point_mode"": ""bbox_side_center"", ""anchor_offset_ratio"": 0.5001}",bbox_side_center,,,609.67,480.5
,,,,,,22,Resistor,component:5:22.6,,,5,,horizontal,,,,,,,22.6,,False,22.6:t1,ok,1.0,matched_preferred,[],N8,,8,False,,,,,,,,,,terminal:5:22.6:t1,Terminal,,,False,N8,8,left,directional,directional_primary,"[549, 751, 573, 764]",567,756,,,,22.6:t1,t1,"{""point_mode"": ""bbox_side_center"", ""anchor_offset_ratio"": 0.5}",bbox_side_center,,,567.29,757.22
,,,,,,22,Resistor,component:5:22.6,,,5,,horizontal,,,,,,,22.6,,False,22.6:t2,ok,1.0,matched_preferred,[],N10,,10,False,,,,,,,,,,terminal:5:22.6:t2,Terminal,,,False,N10,10,right,directional,directional_primary,"[605, 751, 629, 764]",610,756,,,,22.6:t2,t2,"{""point_mode"": ""bbox_side_center"", ""anchor_offset_ratio"": 0.5}",bbox_side_center,,,610.5,757.22
,,,,,,9,GND,component:5:9.2,,,5,top,up,,,,,,,9.2,,False,9.2:t1,ok,0.0,matched_preferred,[],N10,,10,False,,,,,,,,,,terminal:5:9.2:t1,Terminal,,,False,N10,10,top,directional,directional_primary,"[656, 924, 669, 948]",662,942,,,,9.2:t1,t1,"{""point_mode"": ""side_peak_outside"", ""scan_axis"": ""x"", ""relative_position"": ""top"", ""scan_start"": 651, ""scan_end"": 674, ""scan_margin"": 2, ""probe_halfspan"": 3, ""probe_out_len"": 12, ""probe_inset"": 1, ""peak_coord"": 662, ""anchor_offset_ratio"": 0.4815, ""max_score"": 14, ""keep_threshold"": 12, ""selected_run_start"": 8, ""selected_run_end"": 14, ""selected_run_length"": 7, ""selected_run_score"": 14}",two_terminal_side_peak,,,662.0,942.0
,,,,,,22,Resistor,component:5:22.7,,,5,,horizontal,,,,,,,22.7,,False,22.7:t1,ok,2.0,matched_preferred,[],N10,,10,False,,,,,,,,,,terminal:5:22.7:t1,Terminal,,,False,N10,10,left,directional,directional_primary,"[773, 309, 797, 322]",791,313,,,,22.7:t1,t1,"{""point_mode"": ""bbox_side_center"", ""anchor_offset_ratio"": 0.5}",bbox_side_center,,,790.52,315.04
,,,,,,22,Resistor,component:5:22.7,,,5,,horizontal,,,,,,,22.7,,False,22.7:t2,ok,2.0,matched_preferred,[],N13,,13,False,,,,,,,,,,terminal:5:22.7:t2,Terminal,,,False,N13,13,right,directional,directional_primary,"[831, 309, 855, 322]",836,313,,,,22.7:t2,t2,"{""point_mode"": ""bbox_side_center"", ""anchor_offset_ratio"": 0.5}",bbox_side_center,,,835.58,315.04
,,,,,,26,Terminal,component:5:26.7,,,5,,top,,,,,,,26.7,,False,26.7:t1,ok,0.0,matched_preferred,[],N11,,11,False,,,,,,,,,,terminal:5:26.7:t1,Terminal,,,False,N11,11,top,directional,directional_primary,"[820, 889, 833, 913]",826,907,,,,26.7:t1,t1,"{""point_mode"": ""bbox_side_center"", ""anchor_offset_ratio"": 0.5003}",bbox_side_center,,,826.27,906.61
,,,,,,19,Operational_Amplifier,component:5:19.2,,,5,,right,,,,,,,19.2,,False,19.2:in1,ok,2.0,matched_preferred,[],N10,,10,False,,,,,,,,,,terminal:5:19.2:in1,Terminal,,,False,N10,10,left,directional,directional_primary,"[705, 583, 729, 596]",723,591,,,,19.2:in1,in1,"{""point_mode"": ""opamp_mandatory_wire_probe"", ""relative_position"": ""left"", ""scan_axis"": ""y"", ""scan_start"": 509, ""scan_end"": 626, ""probe_halfspan"": 2, ""probe_outward_len"": 14, ""probe_inward_len"": 1, ""probe_far_gap"": 2, ""probe_far_len"": 8, ""peak_coord"": 589, ""raw_scores_max"": 21.05, ""max_score"": 21.05, ""keep_threshold"": 19.366, ""selected_coord"": 589, ""selected_distance_to_center"": 21, ""kept_candidates"": 5, ""opamp_orientation"": ""right"", ""opamp_terminal_name"": ""in1"", ""opamp_terminal_role"": ""input"", ""opamp_slot"": ""upper""}",opamp_structured,,,723.0,589.0
,,,,,,19,Operational_Amplifier,component:5:19.2,,,5,,right,,,,,,,19.2,,False,19.2:in2,ok,1.0,matched_preferred,[],N10,,10,False,,,,,,,,,,terminal:5:19.2:in2,Terminal,,,False,N10,10,left,directional,directional_primary,"[705, 756, 729, 769]",723,761,,,,19.2:in2,in2,"{""point_mode"": ""opamp_mandatory_wire_probe"", ""relative_position"": ""left"", ""scan_axis"": ""y"", ""scan_start"": 703, ""scan_end"": 820, ""probe_halfspan"": 2, ""probe_outward_len"": 14, ""probe_inward_len"": 1, ""probe_far_gap"": 2, ""probe_far_len"": 8, ""peak_coord"": 762, ""raw_scores_max"": 21.05, ""max_score"": 21.05, ""keep_threshold"": 19.366, ""selected_coord"": 762, ""selected_distance_to_center"": 0, ""kept_candidates"": 5, ""opamp_orientation"": ""right"", ""opamp_terminal_name"": ""in2"", ""opamp_terminal_role"": ""input"", ""opamp_slot"": ""lower""}",opamp_structured,,,723.0,762.0
,,,,,,19,Operational_Amplifier,component:5:19.2,,,5,,right,,,,,,,19.2,,False,19.2:out,ok,1.0,matched_preferred,[],N13,,13,False,,,,,,,,,,terminal:5:19.2:out,Terminal,,,False,N13,13,right,directional,directional_primary,"[926, 666, 950, 679]",931,673,,,,19.2:out,out,"{""point_mode"": ""opamp_mandatory_wire_probe"", ""relative_position"": ""right"", ""scan_axis"": ""y"", ""scan_start"": 577, ""scan_end"": 752, ""probe_halfspan"": 2, ""probe_outward_len"": 14, ""probe_inward_len"": 1, ""probe_far_gap"": 2, ""probe_far_len"": 8, ""peak_coord"": 672, ""raw_scores_max"": 21.8, ""max_score"": 21.8, ""keep_threshold"": 20.056, ""selected_coord"": 672, ""selected_distance_to_center"": 8, ""kept_candidates"": 4, ""opamp_orientation"": ""right"", ""opamp_terminal_name"": ""out"", ""opamp_terminal_role"": ""output"", ""opamp_slot"": ""center""}",opamp_structured,,,931.0,672.0
,,,,,,19,Operational_Amplifier,component:5:19.2,,,5,,right,,,,,,,19.2,,False,19.2:aux1,ok,60.008,matched_preferred,[],N12,,12,False,,,,,,,,,,terminal:5:19.2:aux1,Terminal,,,False,N12,12,top,directional,preferred_from_05_window,"[823, 488, 834, 509]",827,507,,,,19.2:aux1,aux1,"{""point_mode"": ""opamp_aux_v1"", ""aux_detected"": true, ""orientation_supported"": true, ""relative_position"": ""top"", ""scan_start"": 804, ""scan_end"": 869, ""candidate_x"": 844.0, ""run_start"": 443, ""run_end"": 482, ""run_len"": 40, ""min_run_length"": 10, ""base_x"": 844.0, ""base_y"": 482.0, ""internal_label_masked"": true, ""mask_x1"": 796, ""mask_x2"": 842, ""mask_top_y1"": 558, ""mask_top_y2"": 664, ""mask_bottom_y1"": 664, ""mask_bottom_y2"": 771, ""mask_orientation_supported"": true, ""x_refined"": false, ""refined_x"": 844.0, ""x_refine_mode"": ""disabled_trust_run_axis"", ""refined"": true, ""refined_y"": 584.0, ""refined_diag_support"": 4, ""segment_density"": 0.1738, ""refine_mode"": ""first_valid_from_edge"", ""opamp_orientation"": ""right"", ""opamp_terminal_name"": ""aux1"", ""opamp_terminal_role"": ""auxiliary"", ""opamp_slot"": ""center"", ""snapped_to_nearby_terminal"": true, ""snap_mode"": ""nearby_variable_terminal_project_to_output_diagonal"", ""neighbor_terminal_id"": ""26.8:t1"", ""neighbor_terminal_instance_id"": ""26.8"", ""neighbor_terminal_point"": [827.67, 491.5], ""pre_snap_point"": [844.0, 584.0], ""snapped_point"": [827.67, 567.4823], ""snap_center_band"": [800.35, 854.16], ""snap_top_region_y2"": 639.98, ""snap_refined_diag_support"": null, ""snap_refine_mode"": null, ""projected_output_terminal_id"": ""19.2:out"", ""projected_output_terminal_point"": [931.0, 672.0], ""projected_diagonal_slope"": 1.0115}",opamp_structured,,,827.67,567.4822988505747
,,,,,,19,Operational_Amplifier,component:5:19.2,,,5,,right,,,,,,,19.2,,False,19.2:aux2,ok,103.005,matched_preferred,[],N11,,11,False,,,,,,,,,,terminal:5:19.2:aux2,Terminal,,,False,N11,11,bottom,directional,preferred_from_05_window,"[765, 756, 886, 1017]",826,879,,,,19.2:aux2,aux2,"{""point_mode"": ""opamp_aux_v1"", ""aux_detected"": true, ""orientation_supported"": true, ""relative_position"": ""bottom"", ""scan_start"": 804, ""scan_end"": 869, ""candidate_x"": 825.0, ""run_start"": 907, ""run_end"": 776, ""run_len"": 132, ""min_run_length"": 10, ""base_x"": 825.0, ""base_y"": 776.0, ""internal_label_masked"": true, ""mask_x1"": 796, ""mask_x2"": 842, ""mask_top_y1"": 558, ""mask_top_y2"": 664, ""mask_bottom_y1"": 664, ""mask_bottom_y2"": 771, ""mask_orientation_supported"": true, ""x_refined"": false, ""refined_x"": 825.0, ""x_refine_mode"": ""disabled_trust_run_axis"", ""refined"": false, ""refined_y"": 776.0, ""refined_diag_support"": 1, ""segment_density"": 0.3535, ""refine_mode"": ""best_global_fallback"", ""opamp_orientation"": ""right"", ""opamp_terminal_name"": ""aux2"", ""opamp_terminal_role"": ""auxiliary"", ""opamp_slot"": ""center""}",opamp_structured,,,825.0,776.0
,,,,,,26,Terminal,component:5:26.8,,,5,,bottom,,,,,,,26.8,,False,26.8:t1,ok,1.0,matched_preferred,[],N12,,12,False,,,,,,,,,,terminal:5:26.8:t1,Terminal,,,False,N12,12,bottom,directional,directional_primary,"[822, 487, 835, 511]",827,492,,,,26.8:t1,t1,"{""point_mode"": ""bbox_side_center"", ""anchor_offset_ratio"": 0.5}",bbox_side_center,,,827.67,491.5
,,,,,,26,Terminal,component:5:26.9,,,5,,left,,,,,,,26.9,,False,26.9:t1,ok,1.0,matched_preferred,[],N13,,13,False,,,,,,,,,,terminal:5:26.9:t1,Terminal,,,False,N13,13,left,directional,directional_primary,"[969, 668, 993, 681]",987,673,,,,26.9:t1,t1,"{""point_mode"": ""bbox_side_center"", ""anchor_offset_ratio"": 0.5}",bbox_side_center,,,987.31,673.79
64,106,281,290,,,,,,,"[""22.2:t1"", ""26.2:t1""]",5,,,,,,,,,,False,,N1,,,,,,,,,[8],,2,,,,,N1,1,net:5:N1,Net,57,,,,,,,,,,,,8,,,,,,,,,
64,106,473,485,,,,,,,"[""22.1:t1"", ""26.1:t1""]",5,,,,,,,,,,False,,N2,,,,,,,,,[19],,2,,,,,N2,2,net:5:N2,Net,66,,,,,,,,,,,,19,,,,,,,,,
115,321,117,487,,,,,,,"[""19.1:in1"", ""22.1:t2"", ""22.2:t2"", ""22.3:t1""]",5,,,,,,,,,,False,,N3,,,,,,,,,[2],,4,,,,,N3,3,net:5:N3,Net,805,,,,,,,,,,,,2,,,,,,,,,
182,260,555,767,,,,,,,"[""19.1:in2"", ""9.1:t1""]",5,,,,,,,,,,False,,N4,,,,,,,,,[24],,2,,,,,N4,4,net:5:N4,Net,298,,,,,,,,,,,,24,,,,,,,,,
346,350,685,726,,,,,,,"[""19.1:aux2"", ""26.3:t1""]",5,,,,,,,,,,False,,N5,,,,,,,,,[31],,2,,,,,N5,5,net:5:N5,Net,45,,,,,,,,,,,,31,,,,,,,,,
346,353,283,312,,,,,,,"[""19.1:aux1"", ""26.4:t1""]",5,,,,,,,,,,False,,N6,,,,,,,,,[9],,2,,,,,N6,6,net:5:N6,Net,35,,,,,,,,,,,,9,,,,,,,,,
343,580,119,485,,,,,,,"[""19.1:out"", ""22.3:t2"", ""22.5:t1""]",5,,,,,,,,,,False,,N7,,,,,,,,,[3],,3,,,,,N7,7,net:5:N7,Net,652,,,,,,,,,,,,3,,,,,,,,,
542,580,751,762,,,,,,,"[""22.6:t1"", ""26.6:t1""]",5,,,,,,,,,,False,,N8,,,,,,,,,[38],,2,,,,,N8,8,net:5:N8,Net,55,,,,,,,,,,,,38,,,,,,,,,
542,582,584,596,,,,,,,"[""22.4:t1"", ""26.5:t1""]",5,,,,,,,,,,False,,N9,,,,,,,,,[26],,2,,,,,N9,9,net:5:N9,Net,64,,,,,,,,,,,,26,,,,,,,,,
590,808,309,959,,,,,,,"[""19.2:in1"", ""19.2:in2"", ""22.4:t2"", ""22.5:t2"", ""22.6:t2"", ""22.7:t1"", ""9.2:t1""]",5,,,,,,,,,,False,,N10,,,,,,,,,[11],,7,,,,,N10,10,net:5:N10,Net,1686,,,,,,,,,,,,11,,,,,,,,,
823,829,879,921,,,,,,,"[""19.2:aux2"", ""26.7:t1""]",5,,,,,,,,,,False,,N11,,,,,,,,,[42],,2,,,,,N11,11,net:5:N11,Net,48,,,,,,,,,,,,42,,,,,,,,,
825,831,476,507,,,,,,,"[""19.2:aux1"", ""26.8:t1""]",5,,,,,,,,,,False,,N12,,,,,,,,,[20],,2,,,,,N12,12,net:5:N12,Net,36,,,,,,,,,,,,20,,,,,,,,,
821,995,312,680,,,,,,,"[""19.2:out"", ""22.7:t2"", ""26.9:t1""]",5,,,,,,,,,,False,,N13,,,,,,,,,[12],,3,,,,,N13,13,net:5:N13,Net,593,,,,,,,,,,,,12,,,,,,,,,
,,,,,,,,,,,6,,,1024,6.jpg,C:\Users\m.profilo\Desktop\tesi_diagrams_yolo\data\batch_v6_operational_amplifier\6.jpg,1024,,,,,,6,,,,,,,,,,9,,16,7,,16,,,diagram:6,Diagram,,,,,,,,,,,,06_match_terminals_to_nets,,,,,,,,,,
17.01,113.81,635.42,779.86,31,Voltage_Source,,,,0.9619,,6,,vertical,,,,,,,31.1,,,31.1,,,,,,,,,,,,,,2,,,,component:6:31.1,Component,,,,,,,,,,,,,,two_terminal,,,,,True,True,,
38.04,93.63,904.25,950.66,9,GND,,,,0.7741,,6,top,up,,,,,,,9.1,,,9.1,,,,,,,,,,,,,,1,,,,component:6:9.1,Component,,,,,,,,,,,,,,one_terminal,,,,,True,True,,
159.26,228.19,445.63,509.32,22,Resistor,,,,0.7562,,6,,horizontal,,,,,,,22.1,,,22.1,,,,,,,,,,,,,,2,,,,component:6:22.1,Component,,,,,,,,,,,,,,two_terminal,,,,,True,True,,
263.04,317.04,902.13,951.77,9,GND,,,,0.785,,6,top,up,,,,,,,9.2,,,9.2,,,,,,,,,,,,,,1,,,,component:6:9.2,Component,,,,,,,,,,,,,,one_terminal,,,,,True,True,,
559.06,636.34,118.46,175.03,22,Resistor,,,,0.7682,,6,,horizontal,,,,,,,22.2,,,22.2,,,,,,,,,,,,,,2,,,,component:6:22.2,Component,,,,,,,,,,,,,,two_terminal,,,,,True,True,,
418.43,821.4,289.38,843.4,19,Operational_Amplifier,,,,0.9024,,6,,right,,,,,,,19.1,,,19.1,,,,,,,,,,,,,,5,,,,component:6:19.1,Component,,,,,,,,,,,,,,multi_terminal,,,,,True,True,,
608.11,644.45,860.27,915.0,26,Terminal,,,,0.875,,6,,top,,,,,,,26.1,,,26.1,,,,,,,,,,,,,,1,,,,component:6:26.1,Component,,,,,,,,,,,,,,variable_terminal,,,,,True,True,,
611.96,645.5,298.06,351.73,26,Terminal,,,,0.8654,,6,,bottom,,,,,,,26.2,,,26.2,,,,,,,,,,,,,,1,,,,component:6:26.2,Component,,,,,,,,,,,,,,variable_terminal,,,,,True,True,,
968.13,1003.73,550.68,601.97,26,Terminal,,,,0.8113,,6,,left,,,,,,,26.3,,,26.3,,,,,,,,,,,,,,1,,,,component:6:26.3,Component,,,,,,,,,,,,,,variable_terminal,,,,,True,True,,
,,,,,,31,Voltage_Source,component:6:31.1,,,6,,vertical,,,,,,,31.1,,False,31.1:t1,ok,0.0,matched_preferred,[],N2,,2,False,,,,,,,,,,terminal:6:31.1:t1,Terminal,,,False,N2,2,top,directional,directional_primary,"[57, 609, 74, 638]",65,631,,,,31.1:t1,t1,"{""point_mode"": ""bbox_side_center"", ""anchor_offset_ratio"": 0.5}",bbox_side_center,,,65.41,631.42
,,,,,,31,Voltage_Source,component:6:31.1,,,6,,vertical,,,,,,,31.1,,False,31.1:t2,ok,0.0,matched_preferred,[],N1,,1,False,,,,,,,,,,terminal:6:31.1:t2,Terminal,,,False,N1,1,bottom,directional,directional_primary,"[57, 778, 74, 807]",65,784,,,,31.1:t2,t2,"{""point_mode"": ""bbox_side_center"", ""anchor_offset_ratio"": 0.5}",bbox_side_center,,,65.41,783.86
,,,,,,9,GND,component:6:9.1,,,6,top,up,,,,,,,9.1,,False,9.1:t1,ok,0.0,matched_preferred,[],N1,,1,False,,,,,,,,,,terminal:6:9.1:t1,Terminal,,,False,N1,1,top,directional,directional_primary,"[59, 882, 72, 906]",65,900,,,,9.1:t1,t1,"{""point_mode"": ""side_peak_outside"", ""scan_axis"": ""x"", ""relative_position"": ""top"", ""scan_start"": 42, ""scan_end"": 90, ""scan_margin"": 4, ""probe_halfspan"": 6, ""probe_out_len"": 12, ""probe_inset"": 1, ""peak_coord"": 65, ""anchor_offset_ratio"": 0.4821, ""max_score"": 42, ""keep_threshold"": 36, ""selected_run_start"": 18, ""selected_run_end"": 28, ""selected_run_length"": 11, ""selected_run_score"": 42}",two_terminal_side_peak,,,65.0,900.0
,,,,,,22,Resistor,component:6:22.1,,,6,,horizontal,,,,,,,22.1,,False,22.1:t1,ok,1.0,matched_preferred,[],N2,,2,False,,,,,,,,,,terminal:6:22.1:t1,Terminal,,,False,N2,2,left,directional,directional_primary,"[137, 471, 161, 484]",155,476,,,,22.1:t1,t1,"{""point_mode"": ""bbox_side_center"", ""anchor_offset_ratio"": 0.5001}",bbox_side_center,,,155.26,477.48
,,,,,,22,Resistor,component:6:22.1,,,6,,horizontal,,,,,,,22.1,,False,22.1:t2,ok,1.0,matched_preferred,[],N4,,4,False,,,,,,,,,,terminal:6:22.1:t2,Terminal,,,False,N4,4,right,directional,directional_primary,"[227, 471, 251, 484]",232,476,,,,22.1:t2,t2,"{""point_mode"": ""bbox_side_center"", ""anchor_offset_ratio"": 0.5001}",bbox_side_center,,,232.19,477.48
,,,,,,9,GND,component:6:9.2,,,6,top,up,,,,,,,9.2,,False,9.2:t1,ok,0.0,matched_preferred,[],N3,,3,False,,,,,,,,,,terminal:6:9.2:t1,Terminal,,,False,N3,3,top,directional,directional_primary,"[283, 880, 296, 904]",289,898,,,,9.2:t1,t1,"{""point_mode"": ""side_peak_outside"", ""scan_axis"": ""x"", ""relative_position"": ""top"", ""scan_start"": 267, ""scan_end"": 313, ""scan_margin"": 4, ""probe_halfspan"": 6, ""probe_out_len"": 12, ""probe_inset"": 1, ""peak_coord"": 289, ""anchor_offset_ratio"": 0.4815, ""max_score"": 28, ""keep_threshold"": 24, ""selected_run_start"": 17, ""selected_run_end"": 28, ""selected_run_length"": 12, ""selected_run_score"": 28}",two_terminal_side_peak,,,289.0,898.0
,,,,,,22,Resistor,component:6:22.2,,,6,,horizontal,,,,,,,22.2,,False,22.2:t1,ok,0.0,matched_preferred,[],N4,,4,False,,,,,,,,,,terminal:6:22.2:t1,Terminal,,,False,N4,4,left,directional,directional_primary,"[537, 141, 561, 154]",555,147,,,,22.2:t1,t1,"{""point_mode"": ""bbox_side_center"", ""anchor_offset_ratio"": 0.5001}",bbox_side_center,,,555.06,146.75
,,,,,,22,Resistor,component:6:22.2,,,6,,horizontal,,,,,,,22.2,,False,22.2:t2,ok,0.0,matched_preferred,[],N7,,7,False,,,,,,,,,,terminal:6:22.2:t2,Terminal,,,False,N7,7,right,directional,directional_primary,"[635, 141, 659, 154]",640,147,,,,22.2:t2,t2,"{""point_mode"": ""bbox_side_center"", ""anchor_offset_ratio"": 0.5001}",bbox_side_center,,,640.34,146.75
,,,,,,19,Operational_Amplifier,component:6:19.1,,,6,,right,,,,,,,19.1,,False,19.1:in1,ok,2.0,matched_preferred,[],N4,,4,False,,,,,,,,,,terminal:6:19.1:in1,Terminal,,,False,N4,4,left,directional,directional_primary,"[392, 468, 416, 481]",410,476,,,,19.1:in1,in1,"{""point_mode"": ""opamp_mandatory_wire_probe"", ""relative_position"": ""left"", ""scan_axis"": ""y"", ""scan_start"": 389, ""scan_end"": 522, ""probe_halfspan"": 2, ""probe_outward_len"": 14, ""probe_inward_len"": 1, ""probe_far_gap"": 2, ""probe_far_len"": 8, ""peak_coord"": 474, ""raw_scores_max"": 21.05, ""max_score"": 21.05, ""keep_threshold"": 19.366, ""selected_coord"": 474, ""selected_distance_to_center"": 19, ""kept_candidates"": 5, ""opamp_orientation"": ""right"", ""opamp_terminal_name"": ""in1"", ""opamp_terminal_role"": ""input"", ""opamp_slot"": ""upper""}",opamp_structured,,,410.0,474.0
,,,,,,19,Operational_Amplifier,component:6:19.1,,,6,,right,,,,,,,19.1,,False,19.1:in2,ok,2.0,matched_preferred,[],N3,,3,False,,,,,,,,,,terminal:6:19.1:in2,Terminal,,,False,N3,3,left,directional,directional_primary,"[392, 671, 416, 684]",410,679,,,,19.1:in2,in2,"{""point_mode"": ""opamp_mandatory_wire_probe"", ""relative_position"": ""left"", ""scan_axis"": ""y"", ""scan_start"": 610, ""scan_end"": 743, ""probe_halfspan"": 2, ""probe_outward_len"": 14, ""probe_inward_len"": 1, ""probe_far_gap"": 2, ""probe_far_len"": 8, ""peak_coord"": 677, ""raw_scores_max"": 21.05, ""max_score"": 21.05, ""keep_threshold"": 19.366, ""selected_coord"": 677, ""selected_distance_to_center"": 0, ""kept_candidates"": 14, ""opamp_orientation"": ""right"", ""opamp_terminal_name"": ""in2"", ""opamp_terminal_role"": ""input"", ""opamp_slot"": ""lower""}",opamp_structured,,,410.0,677.0
,,,,,,19,Operational_Amplifier,component:6:19.1,,,6,,right,,,,,,,19.1,,False,19.1:out,ok,2.0,matched_preferred,[],N7,,7,False,,,,,,,,,,terminal:6:19.1:out,Terminal,,,False,N7,7,right,directional,directional_primary,"[824, 566, 848, 579]",829,574,,,,19.1:out,out,"{""point_mode"": ""opamp_mandatory_wire_probe"", ""relative_position"": ""right"", ""scan_axis"": ""y"", ""scan_start"": 466, ""scan_end"": 666, ""probe_halfspan"": 2, ""probe_outward_len"": 14, ""probe_inward_len"": 1, ""probe_far_gap"": 2, ""probe_far_len"": 8, ""peak_coord"": 572, ""raw_scores_max"": 21.8, ""max_score"": 21.8, ""keep_threshold"": 20.056, ""selected_coord"": 572, ""selected_distance_to_center"": 6, ""kept_candidates"": 6, ""opamp_orientation"": ""right"", ""opamp_terminal_name"": ""out"", ""opamp_terminal_role"": ""output"", ""opamp_slot"": ""center""}",opamp_structured,,,829.0,572.0
,,,,,,19,Operational_Amplifier,component:6:19.1,,,6,,right,,,,,,,19.1,,False,19.1:aux1,ok,76.0,matched_preferred,[],N6,,6,False,,,,,,,,,,terminal:6:19.1:aux1,Terminal,,,False,N6,6,top,directional,preferred_from_05_window,"[624, 352, 635, 373]",629,371,,,,19.1:aux1,aux1,"{""point_mode"": ""opamp_aux_v1"", ""aux_detected"": true, ""orientation_supported"": true, ""relative_position"": ""top"", ""scan_start"": 571, ""scan_end"": 708, ""candidate_x"": 663.0, ""run_start"": 301, ""run_end"": 347, ""run_len"": 47, ""min_run_length"": 10, ""base_x"": 663.0, ""base_y"": 347.0, ""internal_label_masked"": true, ""mask_x1"": 555, ""mask_x2"": 652, ""mask_top_y1"": 444, ""mask_top_y2"": 566, ""mask_bottom_y1"": 566, ""mask_bottom_y2"": 688, ""mask_orientation_supported"": true, ""x_refined"": false, ""refined_x"": 663.0, ""x_refine_mode"": ""disabled_trust_run_axis"", ""refined"": true, ""refined_y"": 468.0, ""refined_diag_support"": 3, ""segment_density"": 0.2056, ""refine_mode"": ""first_valid_from_edge"", ""opamp_orientation"": ""right"", ""opamp_terminal_name"": ""aux1"", ""opamp_terminal_role"": ""auxiliary"", ""opamp_slot"": ""center"", ""snapped_to_nearby_terminal"": true, ""snap_mode"": ""nearby_variable_terminal_project_to_output_diagonal"", ""neighbor_terminal_id"": ""26.2:t1"", ""neighbor_terminal_instance_id"": ""26.2"", ""neighbor_terminal_point"": [628.73, 355.73], ""pre_snap_point"": [663.0, 468.0], ""snapped_point"": [628.73, 446.5296], ""snap_center_band"": [563.5, 676.33], ""snap_top_region_y2"": 538.69, ""snap_refined_diag_support"": null, ""snap_refine_mode"": null, ""projected_output_terminal_id"": ""19.1:out"", ""projected_output_terminal_point"": [829.0, 572.0], ""projected_diagonal_slope"": 0.6265}",opamp_structured,,,628.73,446.5296385542169
,,,,,,19,Operational_Amplifier,component:6:19.1,,,6,,right,,,,,,,19.1,,False,19.1:aux2,ok,115.004,matched_preferred,[],N5,,5,False,,,,,,,,,,terminal:6:19.1:aux2,Terminal,,,False,N5,5,bottom,directional,preferred_from_05_window,"[563, 677, 684, 938]",624,812,,,,19.1:aux2,aux2,"{""point_mode"": ""opamp_aux_v1"", ""aux_detected"": true, ""orientation_supported"": true, ""relative_position"": ""bottom"", ""scan_start"": 571, ""scan_end"": 708, ""candidate_x"": 623.0, ""run_start"": 843, ""run_end"": 697, ""run_len"": 147, ""min_run_length"": 10, ""base_x"": 623.0, ""base_y"": 697.0, ""internal_label_masked"": true, ""mask_x1"": 555, ""mask_x2"": 652, ""mask_top_y1"": 444, ""mask_top_y2"": 566, ""mask_bottom_y1"": 566, ""mask_bottom_y2"": 688, ""mask_orientation_supported"": true, ""x_refined"": false, ""refined_x"": 623.0, ""x_refine_mode"": ""disabled_trust_run_axis"", ""refined"": false, ""refined_y"": 697.0, ""refined_diag_support"": 2, ""segment_density"": 0.3492, ""refine_mode"": ""best_global_fallback"", ""opamp_orientation"": ""right"", ""opamp_terminal_name"": ""aux2"", ""opamp_terminal_role"": ""auxiliary"", ""opamp_slot"": ""center""}",opamp_structured,,,623.0,697.0
,,,,,,26,Terminal,component:6:26.1,,,6,,top,,,,,,,26.1,,False,26.1:t1,ok,2.0,matched_preferred,[],N5,,5,False,,,,,,,,,,terminal:6:26.1:t1,Terminal,,,False,N5,5,top,directional,directional_primary,"[620, 838, 633, 862]",624,856,,,,26.1:t1,t1,"{""point_mode"": ""bbox_side_center"", ""anchor_offset_ratio"": 0.5}",bbox_side_center,,,626.28,856.27
,,,,,,26,Terminal,component:6:26.2,,,6,,bottom,,,,,,,26.2,,False,26.2:t1,ok,1.0,matched_preferred,[],N6,,6,False,,,,,,,,,,terminal:6:26.2:t1,Terminal,,,False,N6,6,bottom,directional,directional_primary,"[623, 351, 636, 375]",628,356,,,,26.2:t1,t1,"{""point_mode"": ""bbox_side_center"", ""anchor_offset_ratio"": 0.5}",bbox_side_center,,,628.73,355.73
,,,,,,26,Terminal,component:6:26.3,,,6,,left,,,,,,,26.3,,False,26.3:t1,ok,2.0,matched_preferred,[],N7,,7,False,,,,,,,,,,terminal:6:26.3:t1,Terminal,,,False,N7,7,left,directional,directional_primary,"[946, 570, 970, 583]",964,574,,,,26.3:t1,t1,"{""point_mode"": ""bbox_side_center"", ""anchor_offset_ratio"": 0.5001}",bbox_side_center,,,964.13,576.33
52,77,772,916,,,,,,,"[""31.1:t2"", ""9.1:t1""]",6,,,,,,,,,,False,,N1,,,,,,,,,[33],,2,,,,,N1,1,net:6:N1,Net,174,,,,,,,,,,,,33,,,,,,,,,
55,167,473,643,,,,,,,"[""22.1:t1"", ""31.1:t1""]",6,,,,,,,,,,False,,N2,,,,,,,,,[16],,2,,,,,N2,2,net:6:N2,Net,290,,,,,,,,,,,,16,,,,,,,,,
289,439,671,915,,,,,,,"[""19.1:in2"", ""9.2:t1""]",6,,,,,,,,,,False,,N3,,,,,,,,,[23],,2,,,,,N3,3,net:6:N3,Net,399,,,,,,,,,,,,23,,,,,,,,,
220,571,144,480,,,,,,,"[""19.1:in1"", ""22.1:t2"", ""22.2:t1""]",6,,,,,,,,,,False,,N4,,,,,,,,,[6],,3,,,,,N4,4,net:6:N4,Net,816,,,,,,,,,,,,6,,,,,,,,,
622,629,812,868,,,,,,,"[""19.1:aux2"", ""26.1:t1""]",6,,,,,,,,,,False,,N5,,,,,,,,,[39],,2,,,,,N5,5,net:6:N5,Net,64,,,,,,,,,,,,39,,,,,,,,,
627,633,344,371,,,,,,,"[""19.1:aux1"", ""26.2:t1""]",6,,,,,,,,,,False,,N6,,,,,,,,,[10],,2,,,,,N6,6,net:6:N6,Net,33,,,,,,,,,,,,10,,,,,,,,,
625,972,147,582,,,,,,,"[""19.1:out"", ""22.2:t2"", ""26.3:t1""]",6,,,,,,,,,,False,,N7,,,,,,,,,[7],,3,,,,,N7,7,net:6:N7,Net,872,,,,,,,,,,,,7,,,,,,,,,
