time,v(N001),v(N002),v(N003),v(N004),v(N005),v(N006),v(N007),v(N008)
0.0,0.0,-9.0,-1.55293991,-8.99999431,-4.63477436e-14,-0.791174098,-0.120767576,-0.808234107
1e-08,6.2831853e-05,-9.0,-1.55293991,-8.99999431,-1.84297022e-14,-0.791174098,-0.120767576,-0.808234107
1.084e-08,6.81097287e-05,-9.0,-1.55293991,-8.99999431,-8.35997938e-14,-0.791174098,-0.120767576,-0.808234107
1.252e-08,7.866548e-05,-9.0,-1.55293991,-8.99999431,-1.77080572e-13,-0.791174098,-0.120767576,-0.808234107
1.588e-08,9.97769826e-05,-9.0,-1.55293991,-8.99999431,3.99680289e-15,-0.791174098,-0.120767576,-0.808234107
2.26e-08,0.000141999988,-9.0,-1.55293991,-8.99999431,-8.18234369e-14,-0.791174098,-0.120767576,-0.808234107
3.60400001e-08,0.000226445997,-9.0,-1.55293991,-8.99999431,1.22124533e-14,-0.791174098,-0.120767576,-0.808234107
6.29200001e-08,0.00039533801,-9.0,-1.55293991,-8.99999431,-2.47579734e-14,-0.791174098,-0.120767576,-0.808234107
1.1668e-07,0.000733121998,-9.0,-1.55293991,-8.99999431,1.07691633e-14,-0.791174098,-0.120767576,-0.808234107
2.24200001e-07,0.00140868968,-9.0,-1.55293991,-8.99999431,6.96109836e-14,-0.791174098,-0.120767576,-0.808234107
4.39240001e-07,0.00275982282,-9.0,-1.55293991,-8.99999431,2.03170814e-13,-0.791174098,-0.120767576,-0.808234107
8.69320002e-07,0.00546207151,-9.0,-1.55293991,-8.99999431,5.29132294e-13,-0.791174098,-0.120767576,-0.808234107
1.72948e-06,0.0108664295,-9.0,-1.55293991,-8.99999431,1.41764378e-12,-0.791174098,-0.120767576,-0.808234107
2.72948e-06,0.017148988,-9.0,-1.55293991,-8.99999431,2.90401037e-12,-0.791174098,-0.120767576,-0.808234107
3.72948e-06,0.0234308695,-9.0,-1.5529399,-8.99999431,4.93727281e-12,-0.791174098,-0.120767576,-0.808234107
4.72948e-06,0.029711826,-9.0,-1.5529399,-8.99999431,7.58704211e-12,-0.791174098,-0.120767576,-0.808234107
5.72948e-06,0.0359916095,-9.0,-1.5529399,-8.99999431,1.09480203e-11,-0.791174098,-0.120767576,-0.808234107
6.72948e-06,0.0422699721,-9.0,-1.55293989,-8.99999431,1.51401114e-11,-0.791174098,-0.120767576,-0.808234107
7.72948e-06,0.048546666,-9.0,-1.55293989,-8.99999431,2.0315416e-11,-0.791174098,-0.120767576,-0.808234107
8.72948e-06,0.0548214433,-9.0,-1.55293988,-8.99999431,2.66655587e-11,-0.791174098,-0.120767576,-0.808234107
9.72948e-06,0.0610940564,-9.0,-1.55293988,-8.99999431,3.4438119e-11,-0.791174098,-0.120767576,-0.808234107
1.072948e-05,0.0673642576,-9.0,-1.55293987,-8.99999431,4.3946069e-11,-0.791174098,-0.120767576,-0.808234107
1.172948e-05,0.0736317994,-9.0,-1.55293986,-8.99999431,5.55884228e-11,-0.791174098,-0.120767576,-0.808234107
1.272948e-05,0.0798964343,-9.0,-1.55293985,-8.99999431,6.9871442e-11,-0.791174098,-0.120767576,-0.808234107
1.372948e-05,0.086157915,-9.0,-1.55293984,-8.99999431,8.74431638e-11,-0.791174098,-0.120767576,-0.808234107
1.472948e-05,0.0924159944,-9.0,-1.55293982,-8.99999431,1.09122267e-10,-0.791174098,-0.120767576,-0.808234107
1.572948e-05,0.0986704253,-9.0,-1.5529398,-8.99999431,1.35955913e-10,-0.791174098,-0.120767576,-0.808234107
1.672948e-05,0.104920961,-9.0,-1.55293978,-8.99999431,1.69271597e-10,-0.791174098,-0.120767576,-0.808234107
1.772948e-05,0.111167354,-9.0,-1.55293974,-8.99999431,2.10757078e-10,-0.791174098,-0.120767577,-0.808234108
1.872948e-05,0.117409359,-9.0,-1.5529397,-8.99999431,2.62561861e-10,-0.791174098,-0.120767577,-0.808234108
1.972948e-05,0.123646729,-9.0,-1.55293965,-8.99999431,3.27412319e-10,-0.791174098,-0.120767577,-0.808234108
2.072948e-05,0.129879217,-9.0,-1.55293959,-8.99999431,4.08776568e-10,-0.791174098,-0.120767578,-0.808234108
2.172948e-05,0.136106578,-9.0,-1.5529395,-8.99999431,5.11053311e-10,-0.791174098,-0.120767578,-0.808234109
2.272948e-05,0.142328566,-9.0,-1.5529394,-8.99999431,6.39835407e-10,-0.791174098,-0.120767579,-0.808234109
2.372948e-05,0.148544935,-9.0,-1.55293927,-8.99999431,8.02217626e-10,-0.791174098,-0.12076758,-0.80823411
2.472948e-05,0.154755439,-9.0,-1.5529391,-8.99999431,1.00720332e-09,-0.791174098,-0.120767581,-0.808234111
2.572948e-05,0.160959834,-9.0,-1.55293888,-8.99999431,1.26621613e-09,-0.791174098,-0.120767582,-0.808234112
2.672948e-05,0.167157875,-9.0,-1.55293861,-8.99999431,1.59374147e-09,-0.791174098,-0.120767584,-0.808234113
2.772948e-05,0.173349316,-9.0,-1.55293827,-8.99999431,2.00814321e-09,-0.791174098,-0.120767586,-0.808234115
2.872948e-05,0.179533914,-9.0,-1.55293783,-8.99999431,2.5326965e-09,-0.791174098,-0.120767589,-0.808234117
2.972948e-05,0.185711424,-9.0,-1.55293728,-8.99999431,3.19688598e-09,-0.791174097,-0.120767593,-0.80823412
3.072948e-05,0.191881603,-9.0,-1.55293657,-8.99999431,4.03805689e-09,-0.791174097,-0.120767597,-0.808234124
3.172948e-05,0.198044206,-9.0,-1.55293568,-8.99999431,5.10347831e-09,-0.791174097,-0.120767603,-0.808234128
3.272948e-05,0.204198992,-9.0,-1.55293455,-8.99999431,6.45297749e-09,-0.791174097,-0.120767611,-0.808234134
3.372948e-05,0.210345715,-9.0,-1.55293312,-8.99999431,8.16223045e-09,-0.791174096,-0.12076762,-0.808234141
3.472948e-05,0.216484135,-9.0,-1.55293131,-8.99999431,1.03269313e-08,-0.791174096,-0.120767632,-0.808234151
3.572948e-05,0.222614008,-9.0,-1.55292902,-8.99999431,1.30680321e-08,-0.791174095,-0.120767647,-0.808234162
3.672948e-05,0.228735093,-9.0,-1.55292611,-8.99999431,1.65383497e-08,-0.791174095,-0.120767666,-0.808234177
3.772948e-05,0.234847147,-9.0,-1.55292244,-8.99999431,2.09308804e-08,-0.791174094,-0.12076769,-0.808234196
3.872948e-05,0.240949931,-9.0,-1.55291779,-8.99999431,2.64892468e-08,-0.791174093,-0.12076772,-0.80823422
3.972948e-05,0.247043202,-9.0,-1.55291192,-8.99999431,3.35208573e-08,-0.791174091,-0.120767758,-0.80823425
4.072948e-05,0.25312672,-9.0,-1.55290449,-8.99999431,4.24134119e-08,-0.791174089,-0.120767807,-0.808234287
4.172948e-05,0.259200245,-9.0,-1.55289511,-8.99999431,5.36556566e-08,-0.791174087,-0.120767868,-0.808234335
4.272948e-05,0.265263537,-9.0,-1.55288327,-8.99999431,6.78634241e-08,-0.791174084,-0.120767945,-0.808234395
4.372948e-05,0.271316357,-9.0,-1.55286833,-8.99999431,8.58123005e-08,-0.791174081,-0.120768042,-0.808234471
4.472948e-05,0.277358466,-9.0,-1.55284947,-8.99999431,1.08478583e-07,-0.791174076,-0.120768165,-0.808234567
4.572948e-05,0.283389626,-9.0,-1.5528257,-8.99999431,1.37090605e-07,-0.79117407,-0.12076832,-0.808234688
4.672948e-05,0.289409598,-9.0,-1.55279573,-8.99999431,1.73193004e-07,-0.791174063,-0.120768515,-0.80823484
4.772948e-05,0.295418144,-9.0,-1.55275798,-8.99999431,2.1872715e-07,-0.791174054,-0.120768761,-0.808235031
4.872948e-05,0.301415028,-9.0,-1.55271045,-8.99999431,2.76131746e-07,-0.791174042,-0.12076907,-0.808235272
4.972948e-05,0.307400012,-9.0,-1.55265062,-8.99999431,3.48468566e-07,-0.791174028,-0.120769459,-0.808235575
5.072948e-05,0.313372861,-9.0,-1.55257537,-8.99999431,4.39579529e-07,-0.791174009,-0.120769949,-0.808235955
5.172948e-05,0.319333338,-9.0,-1.55248074,-8.99999431,5.54282748e-07,-0.791173986,-0.120770564,-0.808236434
5.272948e-05,0.325281209,-9.0,-1.55236184,-8.99999431,6.98617127e-07,-0.791173957,-0.120771337,-0.808237034
5.372948e-05,0.331216238,-9.0,-1.55221249,-8.99999431,8.80147266e-07,-0.791173921,-0.120772308,-0.808237788
5.472948e-05,0.337138191,-9.0,-1.55202501,-8.99999431,1.10834331e-06,-0.791173876,-0.120773526,-0.808238734
5.572948e-05,0.343046835,-9.0,-1.55178979,-8.99999431,1.3950538e-06,-0.791173818,-0.120775055,-0.808239919
5.672948e-05,0.348941935,-9.0,-1.55149483,-8.99999431,1.75509395e-06,-0.791173747,-0.12077697,-0.808241404
5.772948e-05,0.35482326,-9.0,-1.55112516,-8.99999431,2.20697688e-06,-0.791173657,-0.12077937,-0.808243264
5.872948e-05,0.360690577,-9.0,-1.55066213,-8.99999431,2.77382198e-06,-0.791173545,-0.120782376,-0.808245592
5.972948e-05,0.366543655,-9.0,-1.55008246,-8.99999431,3.4844824e-06,-0.791173405,-0.120786137,-0.808248504
6.072948e-05,0.372382262,-9.0,-1.54935721,-8.99999431,4.37494347e-06,-0.791173229,-0.120790842,-0.808252143
6.172948e-05,0.378206169,-9.0,-1.5484503,-8.99999431,5.49005574e-06,-0.79117301,-0.120796722,-0.80825669
6.272948e-05,0.384015144,-9.0,-1.54731689,-8.99999431,6.88568104e-06,-0.791172735,-0.120804069,-0.808262368
6.372948e-05,0.389808959,-9.0,-1.54590119,-8.99999431,8.63134777e-06,-0.791172393,-0.120813243,-0.808269452
6.472948e-05,0.395587385,-9.0,-1.54413387,-8.99999431,1.08135334e-05,-0.791171967,-0.120824689,-0.808278286
6.572948e-05,0.401350194,-9.0,-1.5419288,-8.9999943,1.35397186e-05,-0.791171435,-0.120838964,-0.808289297
6.672948e-05,0.407097158,-9.0,-1.53917899,-8.9999943,1.69433907e-05,-0.791170772,-0.120856756,-0.808303011
6.772948e-05,0.412828051,-9.0,-1.53575163,-8.9999943,2.11902109e-05,-0.791169947,-0.120878919,-0.808320084
6.872948e-05,0.418542646,-9.0,-1.53148178,-8.9999943,2.64856111e-05,-0.79116892,-0.120906512,-0.808341324
6.972948e-05,0.424240718,-9.0,-1.5261647,-8.99999429,3.30841393e-05,-0.791167643,-0.120940846,-0.808367735
7.072948e-05,0.429922041,-9.0,-1.51954614,-8.99999429,4.13009456e-05,-0.791166055,-0.120983545,-0.808400558
7.172948e-05,0.435586392,-9.0,-1.51131023,-8.99999428,5.15258807e-05,-0.791164083,-0.121036624,-0.808441328
7.272948e-05,0.441233547,-9.0,-1.50106431,-8.99999428,6.42407817e-05,-0.791161635,-0.121102575,-0.808491949
7.372948e-05,0.446863282,-9.0,-1.48831973,-8.99999427,8.00406352e-05,-0.791158596,-0.12118449,-0.808554773
7.472948e-05,0.452475377,-9.0,-1.4724675,-8.99999426,9.96594542e-05,-0.791154827,-0.1212862,-0.808632715
7.572948e-05,0.458069608,-9.0,-1.45274713,-8.99999424,0.000124001869,-0.791150154,-0.121412462,-0.808729391
7.672948e-05,0.463645755,-9.0,-1.4282065,-8.99999422,0.000154181635,-0.79114436,-0.121569186,-0.808849286
7.772948e-05,0.469203598,-9.0,-1.39641773,-8.9999942,0.000192762756,-0.791136323,-0.121784772,-0.809018317
7.872948e-05,0.474742919,-9.0,-1.35612228,-8.99999417,0.000239969834,-0.791127243,-0.122031528,-0.809206423
7.972948e-05,0.480263497,-9.0,-1.30671184,-8.99999414,0.000298344204,-0.791115984,-0.122338117,-0.809439981
8.072948e-05,0.485765115,-9.0,-1.245432,-8.99999409,0.000370463446,-0.791102019,-0.122719373,-0.809730179
8.172948e-05,0.491247555,-9.0,-1.16887998,-8.99999404,0.000459483219,-0.791084682,-0.123194082,-0.810091158
8.272948e-05,0.496710603,-9.0,-1.07270181,-8.99999397,0.000569263933,-0.791063128,-0.123786214,-0.810540927
8.372948e-05,0.502154041,-9.0,-0.951179129,-8.99999388,0.000704526768,-0.791036275,-0.124526648,-0.811102634
8.472948e-05,0.507577654,-9.0,-0.796623233,-8.99999376,0.000871049228,-0.791002714,-0.12545566,-0.811806402
8.572948e-05,0.51298123,-9.0,-0.59843719,-8.99999361,0.00107591803,-0.790960572,-0.126626623,-0.81269204
8.672948e-05,0.518364554,-9.0,-0.341627599,-8.99999342,0.00132796427,-0.790907192,-0.128111455,-0.81381281
8.772948e-05,0.523727414,-9.0,-0.133423454,-8.99999348,0.0019512699,-0.790524148,-0.129078471,-0.813770085
8.872948e-05,0.529069597,-9.0,-0.113876143,-8.99999368,0.00263739404,-0.790126094,-0.130460117,-0.81293473
8.972948e-05,0.534390894,-9.0,-0.118535839,-8.99999352,0.00294922034,-0.790161741,-0.133975067,-0.81376923
9.072948e-05,0.539691095,-9.0,-0.105658428,-8.99999364,0.00381757814,-0.789710005,-0.136811975,-0.813410379
9.172948e-05,0.544969989,-9.0,-0.102111326,-8.99999353,0.00459604766,-0.789426739,-0.14180016,-0.81419545
9.272948e-05,0.550227369,-9.0,-0.0925665704,-8.99999363,0.00581939054,-0.788786987,-0.147178814,-0.814118603
9.372948e-05,0.555463026,-9.0,-0.0864575525,-8.99999353,0.0072074785,-0.788078335,-0.155452238,-0.815073077
9.472948e-05,0.560676755,-9.0,-0.0782800076,-8.99999362,0.00910345351,-0.786962172,-0.165519747,-0.815337
9.572948e-05,0.56586835,-9.0,-0.0720005354,-8.99999354,0.0114223474,-0.785521752,-0.180013025,-0.816614102
9.672948e-05,0.571037604,-9.0,-0.0653889442,-8.99999362,0.0142940685,-0.783620299,-0.198111499,-0.817239966
9.772948e-05,0.576184316,-9.0,-0.0607747759,-8.99999354,0.0176025806,-0.781362462,-0.221995298,-0.818687469
9.872948e-05,0.58130828,-9.0,-0.0564210695,-8.99999363,0.0212481464,-0.778836919,-0.250361413,-0.819382208
9.972948e-05,0.586409296,-9.0,-0.0537371679,-8.99999356,0.0251089782,-0.776156424,-0.284464873,-0.820668818
0.00010072948,0.591487161,-9.0,-0.0510455081,-8.99999364,0.0291173776,-0.773382174,-0.322625747,-0.821202113
0.00010172948,0.596541675,-9.0,-0.0495282591,-8.99999357,0.0332361935,-0.770546224,-0.365674035,-0.822242161
0.00010272948,0.601572638,-9.0,-0.0477618891,-8.99999366,0.0374450472,-0.767664529,-0.411968954,-0.82259898
0.00010372948,0.606579853,-9.0,-0.0468842816,-8.9999936,0.0417293461,-0.764747587,-0.462229668,-0.823430042
0.00010472948,0.611563121,-9.0,-0.0456531487,-8.99999368,0.0460769052,-0.761803742,-0.514948939,-0.823642675
0.00010572948,0.616522245,-9.0,-0.045153853,-8.99999362,0.0504769685,-0.758840166,-0.570813061,-0.824308905
0.00010672948,0.62145703,-9.0,-0.0442584842,-8.9999937,0.0549199655,-0.755863117,-0.628446218,-0.824408331
0.00010772948,0.626367282,-9.0,-0.0439587681,-8.99999364,0.0593726577,-0.7529034,-0.688614518,-0.824971217
0.00010872948,0.631252805,-9.0,-0.0432898723,-8.99999372,0.0638801359,-0.749913111,-0.749995789,-0.824974821
0.00010972948,0.636113407,-9.0,-0.0432019438,-8.99999367,0.0684075316,-0.746923955,-0.813253564,-0.825414325
0.00011072948,0.640948897,-9.0,-0.0426867014,-8.99999375,0.0729490531,-0.743939463,-0.877212783,-0.825353308
0.00011172948,0.645759083,-9.0,-0.0427053463,-8.9999937,0.0774996096,-0.740962707,-0.942583905,-0.825713956
0.00011272948,0.650543776,-9.0,-0.0423019248,-8.99999378,0.0820547287,-0.737996358,-1.0082859,-0.825603756
0.00011372948,0.655302786,-9.0,-0.042396335,-8.99999373,0.086610484,-0.735042734,-1.07503187,-0.825903032
0.00011472948,0.660035926,-9.0,-0.0420757512,-8.9999938,0.0911634247,-0.732103854,-1.1418176,-0.825755698
0.00011572948,0.664743009,-9.0,-0.0422250653,-8.99999376,0.0957105185,-0.729181478,-1.20935757,-0.826007005
0.00011672948,0.66942385,-9.0,-0.0419672279,-8.99999383,0.100249096,-0.726277145,-1.27671128,-0.825831873
0.00011772948,0.674078262,-9.0,-0.0421568876,-8.99999379,0.104776806,-0.723392203,-1.34459236,-0.826045481
0.00011872948,0.678706063,-9.0,-0.0419475182,-8.99999386,0.109291574,-0.720527838,-1.41211341,-0.825849765
0.00011972948,0.68330707,-9.0,-0.0421671216,-8.99999382,0.113791566,-0.717685094,-1.47998491,-0.826033551
0.00012072948,0.687881101,-9.0,-0.0419958643,-8.99999389,0.118275157,-0.714864899,-1.54736408,-0.825822819
0.00012172948,0.692427976,-9.0,-0.0422378336,-8.99999385,0.122740907,-0.712068072,-1.61495608,-0.825982836
0.00012272948,0.696947514,-9.0,-0.0420970491,-8.99999392,0.127187533,-0.709295348,-1.68195607,-0.825761385
0.00012372948,0.701439539,-9.0,-0.0423557749,-8.99999388,0.131613892,-0.706547383,-1.74906205,-0.825902301
0.00012472948,0.705903872,-9.0,-0.042239747,-8.99999394,0.136018961,-0.703824766,-1.8155019,-0.825673452
0.00012572948,0.710340337,-9.0,-0.0425110207,-8.99999391,0.140401824,-0.70112803,-1.88196492,-0.825798871
0.00012672948,0.714748759,-9.0,-0.0424154197,-8.99999397,0.144761656,-0.698457661,-1.94770758,-0.825565195
0.00012772948,0.719128964,-9.0,-0.0426960487,-8.99999394,0.149097714,-0.695814097,-2.01340931,-0.825677913
0.00012872948,0.723480778,-9.0,-0.04261756,-8.999994,0.153409324,-0.693197745,-2.07835198,-0.825441401
0.00012972948,0.727804032,-9.0,-0.0429050992,-8.99999396,0.157695874,-0.690608974,-2.14320421,-0.825543597
0.00013072948,0.732098552,-9.0,-0.0428411614,-8.99999403,0.161956807,-0.68804813,-2.20727072,-0.825305794
0.00013172948,0.736364171,-9.0,-0.0431337235,-8.99999399,0.166191612,-0.68551553,-2.27120861,-0.825399169
0.00013272948,0.740600719,-9.0,-0.0430823401,-8.99999405,0.170399821,-0.683011475,-2.33434351,-0.825161276
0.00013372948,0.74480803,-9.0,-0.0433784586,-8.99999402,0.174581003,-0.680536243,-2.39732047,-0.825247166
0.00013472948,0.748985937,-9.0,-0.0433380614,-8.99999408,0.178734758,-0.678090096,-2.45948442,-0.825010116
0.00013572948,0.753134275,-9.0,-0.0436365906,-8.99999405,0.182860715,-0.675673285,-2.521468,-0.825089573
0.00013672948,0.757252881,-9.0,-0.0436059382,-8.9999941,0.186958527,-0.673286045,-2.58263423,-0.824854093
0.00013772948,0.761341592,-9.0,-0.043905979,-8.99999407,0.191027872,-0.670928601,-2.64360304,-0.824927953
0.00013872948,0.765400246,-9.0,-0.0438840815,-8.99999413,0.195068446,-0.668601168,-2.70375453,-0.824694607
0.00013972948,0.769428683,-9.0,-0.044184926,-8.9999941,0.199079961,-0.666303954,-2.76369577,-0.824763534
0.00014072948,0.773426745,-9.0,-0.0441709885,-8.99999415,0.203062147,-0.664037155,-2.82282311,-0.824532759
0.00014172948,0.777394273,-9.0,-0.0444720777,-8.99999413,0.207014747,-0.661800965,-2.88173065,-0.824597287
0.00014272948,0.781331112,-9.0,-0.044465457,-8.99999418,0.210937516,-0.659595568,-2.93983037,-0.824369423
0.00014372948,0.785237104,-9.0,-0.044766349,-8.99999415,0.21483022,-0.657421145,-2.99770331,-0.82442998
0.00014472948,0.789112097,-9.0,-0.0447665204,-8.9999942,0.218692635,-0.655277869,-3.05477651,-0.824205288
0.00014572948,0.792955936,-9.0,-0.0450668658,-8.99999418,0.222524547,-0.653165912,-3.11161799,-0.824262224
0.00014672948,0.796768472,-9.0,-0.0450733982,-8.99999423,0.226325748,-0.651085439,-3.16766936,-0.824040903
0.00014772948,0.800549552,-9.0,-0.045372921,-8.9999942,0.230096038,-0.649036613,-3.22348566,-0.824094503
0.00014872948,0.804299028,-9.0,-0.0453854568,-8.99999425,0.233835226,-0.647019591,-3.27852267,-0.823876704
0.00014972948,0.808016752,-9.0,-0.0456839396,-8.99999422,0.237543123,-0.64503453,-3.33332249,-0.823927205
0.00015072948,0.811702576,-9.0,-0.0457021797,-8.99999427,0.241219547,-0.643081582,-3.38735475,-0.823713038
0.00015172948,0.815356356,-9.0,-0.045999452,-8.99999425,0.244864322,-0.641160896,-3.44114868,-0.823760636
0.00015272948,0.818977947,-9.0,-0.0460231438,-8.99999429,0.248477276,-0.639272619,-3.49418741,-0.823550181
0.00015372948,0.822567206,-9.0,-0.0463190729,-8.99999427,0.252058241,-0.637416897,-3.54698745,-0.823595043
0.00015472948,0.826123992,-9.0,-0.0463480006,-8.99999432,0.255607052,-0.63559387,-3.59904516,-0.823388356
0.00015572948,0.829648163,-9.0,-0.0466424846,-8.99999429,0.25912355,-0.63380368,-3.6508644,-0.823430623
0.00015672948,0.833139582,-9.0,-0.046676462,-8.99999434,0.262607576,-0.632046463,-3.7019545,-0.823227738
0.00015772948,0.836598109,-9.0,-0.0469694238,-8.99999432,0.266058977,-0.630322356,-3.75280683,-0.823267532
0.00015872948,0.840023609,-9.0,-0.0470082886,-8.99999436,0.269477603,-0.628631493,-3.80294344,-0.823068468
0.00015972948,0.843415947,-9.0,-0.0472996712,-8.99999434,0.272863304,-0.626974005,-3.85284335,-0.823105896
0.00016072948,0.846774988,-9.0,-0.0473432802,-8.99999438,0.276215935,-0.625350023,-3.90204109,-0.822910657
0.00016172948,0.850100599,-9.0,-0.0476330435,-8.99999436,0.279535353,-0.623759676,-3.95100348,-0.822945813
0.00016272948,0.85339265,-9.0,-0.0476812688,-8.9999944,0.282821417,-0.62220309,-3.99927731,-0.822754395
0.00016372948,0.856651011,-9.0,-0.0479693861,-8.99999438,0.286073989,-0.620680389,-4.04731736,-0.822787363
0.00016472948,0.859875552,-9.0,-0.0480221122,-8.99999442,0.289292932,-0.619191698,-4.09468245,-0.822599751
0.00016572948,0.863066148,-9.0,-0.0483085684,-8.9999944,0.292478112,-0.617737139,-4.1418155,-0.822630608
0.00016672948,0.86622267,-9.0,-0.04836569,-8.99999444,0.295629397,-0.616316831,-4.18828718,-0.82244678
0.00016772948,0.869344996,-9.0,-0.048650479,-8.99999442,0.298746657,-0.614930893,-4.23452866,-0.822475596
0.00016872948,0.872433001,-9.0,-0.0487118989,-8.99999446,0.301829762,-0.613579443,-4.28012226,-0.822295524
0.00016972948,0.875486565,-9.0,-0.0489950226,-8.99999444,0.304878588,-0.612262595,-4.32548763,-0.822322365
0.00017072948,0.878505565,-9.0,-0.0490606503,-8.99999448,0.307893009,-0.610980464,-4.37021848,-0.822146015
0.00017172948,0.881489884,-9.0,-0.049342117,-8.99999446,0.310872902,-0.609733163,-4.41472314,-0.822170941
0.00017272948,0.884439403,-9.0,-0.0494118675,-8.9999945,0.313818147,-0.608520802,-4.45860653,-0.821998278
0.00017372948,0.887354006,-9.0,-0.0496916909,-8.99999448,0.316728623,-0.60734349,-4.50226579,-0.822021347
0.00017472948,0.890233577,-9.0,-0.0497654836,-8.99999451,0.319604212,-0.606201337,-4.54531688,-0.82185233
0.00017572948,0.893078004,-9.0,-0.050043682,-8.9999945,0.322444799,-0.605094448,-4.58814594,-0.821873596
0.00017672948,0.895887174,-9.0,-0.05012144,-8.99999453,0.325250269,-0.604022929,-4.63037976,-0.821708181
0.00017772948,0.898660975,-9.0,-0.0503980356,-8.99999452,0.32802051,-0.602986883,-4.6723937,-0.821727698
0.00017872948,0.901399299,-9.0,-0.0504796852,-8.99999455,0.330755409,-0.601986413,-4.71382512,-0.821565839
0.00017972948,0.904102037,-9.0,-0.0507547031,-8.99999454,0.333454858,-0.601021618,-4.7550388,-0.821583657
0.00018072948,0.906769083,-9.0,-0.0508401732,-8.99999457,0.336118747,-0.600092599,-4.79568254,-0.821425307
0.00018172948,0.909400331,-9.0,-0.0511136416,-8.99999455,0.338746971,-0.599199452,-4.83611066,-0.821441475
0.00018272948,0.911995677,-9.0,-0.0512028631,-8.99999458,0.341339424,-0.598342275,-4.87598121,-0.821286584
0.00018372948,0.91455502,-9.0,-0.0514748122,-8.99999457,0.343896002,-0.597521162,-4.91563829,-0.821301151
0.00018472948,0.917078257,-9.0,-0.0515677182,-8.9999946,0.346416605,-0.596736206,-4.95474995,-0.821149668
0.00018572948,0.91956529,-9.0,-0.0518381803,-8.99999459,0.348901131,-0.595987499,-4.99365028,-0.821162679
0.00018672948,0.92201602,-9.0,-0.0519347051,-8.99999462,0.351349481,-0.595275132,-5.03201714,-0.821014553
0.00018772948,0.92443035,-9.0,-0.0522037144,-8.99999461,0.353761558,-0.594599194,-5.07017479,-0.821026055
0.00018872948,0.926808185,-9.0,-0.0523037941,-8.99999463,0.356137266,-0.593959771,-5.10781072,-0.820881231
0.00018972948,0.929149432,-9.0,-0.0525713858,-8.99999462,0.358476511,-0.593356951,-5.14523956,-0.820891269
0.00019072948,0.931453997,-9.0,-0.0526749576,-8.99999465,0.3607792,-0.592790817,-5.18215821,-0.820749695
0.00019172948,0.93372179,-9.0,-0.0529411686,-8.99999464,0.363045241,-0.592261452,-5.21887187,-0.820758313
0.00019272948,0.935952721,-9.0,-0.053048171,-8.99999466,0.365274544,-0.591768938,-5.25508666,-0.820619933
0.00019372948,0.938146703,-9.0,-0.0533130389,-8.99999465,0.367467022,-0.591313355,-5.29109854,-0.820627174
0.00019472948,0.940303648,-9.0,-0.0534234117,-8.99999468,0.369622588,-0.590894781,-5.32662266,-0.820491934
0.00019572948,0.942423472,-9.0,-0.0536869752,-8.99999467,0.371741155,-0.590513294,-5.36194593,-0.820497841
0.00019672948,0.94450609,-9.0,-0.0538006591,-8.99999469,0.37382264,-0.590168969,-5.39679236,-0.820365685
0.00019772948,0.946551421,-9.0,-0.0540629579,-8.99999468,0.375866962,-0.58986188,-5.43143997,-0.8203703
0.00019872948,0.948559383,-9.0,-0.0541798948,-8.99999471,0.377874038,-0.5895921,-5.46562141,-0.820241173
0.00019972948,0.950529898,-9.0,-0.0544409693,-8.9999947,0.37984379,-0.589359699,-5.49960608,-0.820244537
0.00020072948,0.952462888,-9.0,-0.0545611022,-8.99999472,0.38177614,-0.589164747,-5.53313505,-0.820118382
0.00020172948,0.954358276,-9.0,-0.0548209935,-8.99999471,0.383671012,-0.589007313,-5.56646925,-0.820120536
0.00020272948,0.956215988,-9.0,-0.0549442668,-8.99999474,0.385528331,-0.588887462,-5.59935802,-0.819997298
0.00020372948,0.95803595,-9.0,-0.0552030167,-8.99999473,0.387348023,-0.58880526,-5.63205401,-0.819998282
0.00020472948,0.95981809,-9.0,-0.055329376,-8.99999475,0.389130018,-0.588760769,-5.66431462,-0.819877905
0.00020572948,0.961562338,-9.0,-0.0555870273,-8.99999474,0.390874244,-0.588754053,-5.69638442,-0.819877758
0.00020672948,0.963268626,-9.0,-0.0557164196,-8.99999476,0.392580634,-0.58878517,-5.72802868,-0.819760185
0.00020772948,0.964936885,-9.0,-0.0559730157,-8.99999476,0.394249119,-0.588854181,-5.75948408,-0.819758946
0.00020872948,0.96656705,-9.0,-0.0561053894,-8.99999478,0.395879635,-0.588961142,-5.79052358,-0.819644121
0.00020972948,0.968159057,-9.0,-0.0563609747,-8.99999477,0.397472117,-0.589106108,-5.82137615,-0.819641827
0.00021072948,0.969712843,-9.0,-0.0564962802,-8.99999479,0.399026503,-0.589289135,-5.85182225,-0.819529696
0.00021172948,0.971228346,-9.0,-0.0567509002,-8.99999478,0.400542732,-0.589510275,-5.88208333,-0.819526384
0.00021272948,0.972705506,-9.0,-0.0568890896,-8.9999948,0.402020744,-0.589769578,-5.91194716,-0.819416889
0.00021372948,0.974144266,-9.0,-0.0571427911,-8.9999948,0.403460481,-0.590067094,-5.94162786,-0.819412596
0.00021472948,0.975544568,-9.0,-0.057283819,-8.99999481,0.404861888,-0.590402872,-5.97092032,-0.819305681
0.00021572948,0.976906358,-9.0,-0.0575366501,-8.99999481,0.406224908,-0.590776956,-6.00003153,-0.819300442
0.00021672948,0.978229581,-9.0,-0.0576804733,-8.99999483,0.40754949,-0.591189393,-6.02876332,-0.819196051
0.00021772948,0.979514185,-9.0,-0.0579324842,-8.99999482,0.408835582,-0.591640225,-6.05731569,-0.819189901
0.00021872948,0.980760119,-9.0,-0.0580790629,-8.99999484,0.410083132,-0.592129493,-6.08549725,-0.819087978
0.00021972948,0.981967335,-9.0,-0.0583303057,-8.99999483,0.411292094,-0.592657237,-6.11350123,-0.819080949
0.00022072948,0.983135784,-9.0,-0.0584796033,-8.99999485,0.41246242,-0.593223495,-6.14114279,-0.81898144
0.00022172948,0.984265421,-9.0,-0.0587301331,-8.99999485,0.413594064,-0.593828305,-6.16860856,-0.818973564
0.00022272948,0.985356201,-9.0,-0.0588821174,-8.99999486,0.414686983,-0.594471701,-6.19572012,-0.818876411
0.00022372948,0.98640808,-9.0,-0.0591319927,-8.99999486,0.415741135,-0.595153715,-6.22265767,-0.81886772
0.00022472948,0.987421018,-9.0,-0.0592866363,-8.99999487,0.416756479,-0.595874381,-6.249249,-0.818772867
0.00022572948,0.988394974,-9.0,-0.0595359199,-8.99999487,0.417732977,-0.596633726,-6.27566806,-0.818763389
0.00022672948,0.98932991,-9.0,-0.0596932013,-8.99999489,0.418670591,-0.597431781,-6.30174869,-0.81867078
0.00022772948,0.990225789,-9.0,-0.0599419611,-8.99999488,0.419569285,-0.59826857,-6.32765874,-0.818660544
0.00022872948,0.991082576,-9.0,-0.0601018662,-8.9999949,0.420429027,-0.59914412,-6.35323796,-0.818570121
0.00022972948,0.991900236,-9.0,-0.0603501771,-8.99999489,0.421249782,-0.600058451,-6.37864827,-0.818559152
0.00023072948,0.992678738,-9.0,-0.0605127002,-8.99999491,0.422031522,-0.601011587,-6.40373511,-0.818470859
0.00023172948,0.99341805,-9.0,-0.0607606454,-8.9999949,0.422774217,-0.602003545,-6.42865465,-0.818459179
0.00023272948,0.994118144,-9.0,-0.0609257917,-8.99999492,0.42347784,-0.603034343,-6.4532579,-0.818372956
0.00023372948,0.994778992,-9.0,-0.0611734648,-8.99999491,0.424142365,-0.604103998,-6.4776954,-0.818360589
0.00023472948,0.995400568,-9.0,-0.0613412524,-8.99999493,0.42476777,-0.605212522,-6.50182356,-0.818276376
0.00023572948,0.995982847,-9.0,-0.0615887605,-8.99999493,0.425354031,-0.606359926,-6.52578746,-0.818263339
0.00023672948,0.996525807,-9.0,-0.061759224,-8.99999494,0.42590113,-0.607546222,-6.54944873,-0.818181074
0.00023772948,0.997029425,-9.0,-0.0620066909,-8.99999494,0.426409048,-0.608771415,-6.57294716,-0.818167382
0.00023872948,0.997493682,-9.0,-0.0621798848,-8.99999495,0.426877768,-0.610035513,-6.59614944,-0.818087001
0.00023972948,0.99791856,-9.0,-0.0624274555,-8.99999495,0.427307277,-0.611338517,-6.6191902,-0.818072664
0.00024072948,0.998304042,-9.0,-0.0626034598,-8.99999496,0.427697562,-0.612680429,-6.64194105,-0.8179941
0.00024172948,0.998650112,-9.0,-0.0628513066,-8.99999496,0.428048613,-0.614061248,-6.66453159,-0.817979124
0.00024272948,0.998956758,-9.0,-0.0630302331,-8.99999497,0.428360421,-0.61548097,-6.68683817,-0.817902306
0.00024372948,0.999223966,-9.0,-0.0632785623,-8.99999497,0.428632981,-0.616939589,-6.70898553,-0.817886691
0.00024472948,0.999451727,-9.0,-0.063460563,-8.99999498,0.428866288,-0.618437096,-6.73085459,-0.817811541
0.00024572948,0.999640031,-9.0,-0.0637096255,-8.99999498,0.42906034,-0.619973479,-6.75256535,-0.817795279
0.00024672948,0.999788871,-9.0,-0.0638949036,-8.99999499,0.429215139,-0.621548724,-6.77400315,-0.817721715
0.00024772948,0.999898241,-9.0,-0.0641450064,-8.99999498,0.429330688,-0.623162814,-6.79528339,-0.817704789
0.00024872948,0.999968137,-9.0,-0.0643338305,-8.999995,0.429406991,-0.624815728,-6.81629564,-0.817632717
0.00024972948,0.999998555,-9.0,-0.0645853536,-8.99999499,0.429444059,-0.626507441,-6.83715079,-0.8176151
0.00025072948,0.999989496,-9.0,-0.0647780766,-8.999995,0.429441902,-0.628237927,-6.85774254,-0.817544418
0.00025172948,0.999940959,-9.0,-0.0650314942,-8.999995,0.429400534,-0.630007153,-6.87817737,-0.817526067
0.00025272948,0.999852945,-9.0,-0.0652285773,-8.99999501,0.429319974,-0.631815083,-6.89835289,-0.817456657
0.00025372948,0.999725459,-9.0,-0.0654844862,-8.99999501,0.429200241,-0.633661678,-6.9183713,-0.817437512
0.00025472948,0.999558506,-9.0,-0.0656865318,-8.99999502,0.429041361,-0.635546892,-6.93813394,-0.817369237
0.00025572948,0.999352092,-9.0,-0.0659456887,-8.99999502,0.428843363,-0.637470674,-6.95773879,-0.817349214
0.00025672948,0.999106225,-9.0,-0.0661534834,-8.99999503,0.428606278,-0.639432969,-6.97709077,-0.817281914
0.00025772948,0.998820915,-9.0,-0.0664168546,-8.99999503,0.428330145,-0.641433713,-6.99628371,-0.817260903
0.00025872948,0.998496174,-9.0,-0.0666314269,-8.99999504,0.428015006,-0.643472838,-7.01522588,-0.817194385
0.00025972948,0.998132013,-9.0,-0.0669002561,-8.99999504,0.427660908,-0.645550265,-7.03400699,-0.817172237
0.00026072948,0.997728448,-9.0,-0.0671229545,-8.99999505,0.427267907,-0.64766591,-7.05253848,-0.817106268
0.00026172948,0.997285495,-9.0,-0.0673988529,-8.99999505,0.426836061,-0.649819676,-7.07090597,-0.817082787
0.00026272948,0.99680317,-9.0,-0.0676314516,-8.99999505,0.42636544,-0.65201146,-7.08902379,-0.817017083
0.00026372948,0.996281493,-9.0,-0.0679165223,-8.99999505,0.425856119,-0.654241143,-7.10697347,-0.816992011
0.00026472948,0.995720485,-9.0,-0.0681613662,-8.99999506,0.425308184,-0.656508595,-7.12467196,-0.816926216
0.00026572948,0.995120167,-9.0,-0.0684583748,-8.99999506,0.424721728,-0.658813672,-7.14219664,-0.816899216
0.00026672948,0.994480564,-9.0,-0.0687185804,-8.99999507,0.424096859,-0.661156212,-7.15946678,-0.816832888
0.00026772948,0.9938017,-9.0,-0.0690311927,-8.99999507,0.423433696,-0.663536037,-7.17655548,-0.816803518
0.00026872948,0.993083603,-9.0,-0.0693109299,-8.99999508,0.422732371,-0.665952945,-7.19338394,-0.816736094
0.00026972948,0.9923263,-9.0,-0.0696440469,-8.99999508,0.421993035,-0.668406714,-7.21002083,-0.816703777
0.00027072948,0.991529823,-9.0,-0.0699489388,-8.99999508,0.421215854,-0.670897092,-7.22638882,-0.81663454
0.00027172948,0.990694201,-9.0,-0.0703091778,-8.99999508,0.420401017,-0.6734238,-7.24255185,-0.81659852
0.00027272948,0.989819468,-9.0,-0.0706468792,-8.99999509,0.419548734,-0.675986523,-7.25843353,-0.816526549
0.00027372948,0.988905659,-9.0,-0.0710432745,-8.99999509,0.418659245,-0.678584907,-7.27409268,-0.816485833
0.00027472948,0.98795281,-9.0,-0.0714243256,-8.9999951,0.417732816,-0.681218556,-7.28945316,-0.816409936
0.00027572948,0.986960958,-9.0,-0.0718693761,-8.9999951,0.416769749,-0.68388702,-7.30456811,-0.81636322
0.00027672948,0.985930142,-9.0,-0.0723084943,-8.99999511,0.415770388,-0.686589795,-7.31936079,-0.816281849
0.00027772948,0.984860404,-9.0,-0.0728197729,-8.99999511,0.414735116,-0.68932631,-7.33387792,-0.816227415
0.00027872948,0.983751785,-9.0,-0.073337871,-8.99999511,0.413664371,-0.692095921,-7.34804104,-0.816138543
0.00027972948,0.982604329,-9.0,-0.0739405842,-8.99999511,0.412558647,-0.694897898,-7.36188946,-0.816074125
0.00028072948,0.981418081,-9.0,-0.0745680493,-8.99999512,0.411418507,-0.697731414,-7.37534165,-0.815975089
0.00028172948,0.980193089,-9.0,-0.075299295,-8.99999512,0.410244585,-0.700595532,-7.38842815,-0.815897683
0.00028272948,0.978929401,-9.0,-0.0760815864,-8.99999513,0.409037605,-0.703489191,-7.40106261,-0.815784972
0.00028372948,0.977627066,-9.0,-0.0769978424,-8.99999513,0.407798388,-0.706411183,-7.41326507,-0.815690589
0.00028472948,0.976286136,-9.0,-0.0780056777,-8.99999513,0.406527864,-0.709360144,-7.42494217,-0.815559542
0.00028572948,0.974906664,-9.0,-0.07928357,-8.99999513,0.405231036,-0.712330453,-7.43608194,-0.815435895
0.00028672948,0.973488704,-9.0,-0.0806567596,-8.99999514,0.403901777,-0.715327662,-7.44659417,-0.81528082
0.00028772948,0.972032313,-9.0,-0.0823052479,-8.99999514,0.402544912,-0.718346421,-7.45647066,-0.815132183
0.00028872948,0.970537547,-9.0,-0.084247225,-8.99999514,0.401161993,-0.721384457,-7.46560034,-0.81494367
0.00028972948,0.969004467,-9.0,-0.0866439435,-8.99999515,0.399754776,-0.724439204,-7.47394982,-0.814755253
0.00029072948,0.967433131,-9.0,-0.0896019303,-8.99999515,0.398325243,-0.727507765,-7.48139038,-0.814521164
0.00029172948,0.965823604,-9.0,-0.0934387667,-8.99999515,0.396875625,-0.730586882,-7.48786507,-0.814278005
0.00029272948,0.964175947,-9.0,-0.0985656701,-8.99999516,0.395408424,-0.733672896,-7.49322172,-0.813978745
0.00029372948,0.962490226,-9.0,-0.10600028,-8.99999517,0.393926438,-0.736761721,-7.49737126,-0.813652118
0.00029472948,0.960766507,-9.0,-0.118364667,-8.99999518,0.392432782,-0.7398488,-7.50011539,-0.813231101
0.00029572948,0.959004859,-9.0,-0.149008527,-8.99999523,0.390930894,-0.7429291,-7.5011962,-0.812602785
0.00029672948,0.957205351,-9.0,-0.983846971,-8.99999722,0.389424557,-0.745997073,-7.48549815,-0.796739024
0.00029772948,0.955368055,-9.0,-3.20332721,-8.9999995,0.387917905,-0.749046647,-7.39794221,-0.710326107
0.00029872948,0.953493042,-9.0,-5.48821411,-8.99999954,0.386415408,-0.752071245,-7.18619049,-0.500289636
0.00029972948,0.951580387,-9.0,-6.89293936,-8.99999949,0.384921856,-0.755063792,-6.94652038,-0.26240025
0.00030072948,0.949630165,-9.0,-7.73576334,-8.99999943,0.383442306,-0.758016786,-6.68122029,0.0010673361
0.00030172948,0.947642453,-9.0,-8.2414577,-8.99999936,0.381982046,-0.760922349,-6.38888684,0.291511052
0.00030272948,0.94561733,-9.0,-8.54487428,-8.9999993,0.380546512,-0.763772329,-6.0684089,0.610036362
0.00030372948,0.943554876,-9.0,-8.7269242,-8.99999922,0.379141196,-0.76655843,-5.71906115,0.957362681
0.00030472948,0.941455172,-9.0,-8.83615411,-8.99999914,0.377771535,-0.769272366,-5.34059858,1.33372907
0.00030572948,0.9393183,-9.0,-8.90169202,-8.99999905,0.376442781,-0.771906042,-4.93334257,1.73880816
0.00030672948,0.937144346,-9.0,-8.94101472,-8.99999895,0.375159871,-0.774451741,-4.49825006,2.17163719
0.00030772948,0.934933395,-9.0,-8.9646083,-8.99999885,0.373927289,-0.776902329,-4.03695675,2.6305749
0.00030872948,0.932685535,-9.0,-8.9787644,-8.99999875,0.372748938,-0.77925145,-3.55178662,3.11329215
0.00030972948,0.930400854,-9.0,-8.98725801,-8.99999864,0.371628036,-0.781493697,-3.04572263,3.61680138
0.00031072948,0.928079442,-9.0,-8.99235413,-8.99999852,0.370567026,-0.783624762,-2.52233717,4.13752627
0.00031172948,0.925721391,-9.0,-8.99541175,-8.99999841,0.369567531,-0.785641534,-1.98568512,4.6714088
0.00031272948,0.923326794,-9.0,-8.99724628,-8.99999829,0.368630338,-0.787542158,-1.44016682,5.21404637
0.00031372948,0.920895746,-9.0,-8.99834694,-8.99999817,0.367755422,-0.789326035,-0.89037156,5.76084835
0.00031472948,0.918428343,-9.0,-8.9990073,-8.99999805,0.366888937,-0.791046862,-0.341487556,6.30662621
0.00031572948,0.915924681,-9.0,-8.99940354,-8.99999802,0.367234396,-0.79148607,-0.185522671,6.45941279
0.00031672948,0.913384861,-9.0,-8.99964131,-8.99999801,0.367828837,-0.791591549,-0.165227276,6.47651232
0.00031772948,0.910808981,-9.0,-8.99978397,-8.99999801,0.368378217,-0.791662312,-0.155149916,6.48339134
0.00031872948,0.908197144,-9.0,-8.99986956,-8.99999801,0.368872343,-0.791717941,-0.148603767,6.4867381
0.00031972948,0.905549454,-9.0,-8.99992092,-8.99999801,0.369314329,-0.791763647,-0.143993638,6.48814834
0.00032072948,0.902866013,-9.0,-8.99995174,-8.99999801,0.369708516,-0.791802334,-0.140502738,6.48843918
0.00032172948,0.90014693,-9.0,-8.99997022,-8.99999801,0.370059665,-0.791835551,-0.137762874,6.487979
0.00032272948,0.897392309,-9.0,-8.99998132,-8.99999801,0.370372238,-0.791864342,-0.135555955,6.48698602
0.00032372948,0.894602262,-9.0,-8.99998797,-8.99999801,0.370650306,-0.791889459,-0.133743931,6.4855984
0.00032472948,0.891776897,-9.0,-8.99999197,-8.99999801,0.370897543,-0.791911472,-0.13223432,6.48390868
0.00032572948,0.888916326,-9.0,-8.99999436,-8.99999801,0.371115115,-0.791932106,-0.130851827,6.4820922
0.00032672948,0.886020662,-9.0,-8.9999958,-8.99999801,0.371308802,-0.791948988,-0.129796461,6.47994901
0.00032772948,0.88309002,-9.0,-8.99999666,-8.999998,0.371480673,-0.791963921,-0.128884912,6.47766246
0.00032872948,0.880124515,-9.0,-8.99999718,-8.999998,0.371633097,-0.791977127,-0.128099028,6.47525072
0.00032972948,0.877124264,-9.0,-8.99999749,-8.999998,0.37176817,-0.791988816,-0.127418306,6.47273434
0.00033072948,0.874089385,-9.0,-8.99999768,-8.999998,0.371887772,-0.791999164,-0.126826604,6.47012946
0.00033172948,0.871019999,-9.0,-8.99999779,-8.999998,0.371993584,-0.792008325,-0.126310815,6.46744922
0.00033272948,0.867916227,-9.0,-8.99999785,-8.999998,0.372087114,-0.792016434,-0.125860175,6.46470439
0.00033372948,0.864778191,-9.0,-8.99999789,-8.999998,0.372169711,-0.792023608,-0.125465746,6.46190392
0.00033472948,0.861606015,-9.0,-8.99999792,-8.999998,0.372242584,-0.792029951,-0.125120035,6.45905532
0.00033572948,0.858399824,-9.0,-8.99999793,-8.999998,0.372306815,-0.792035554,-0.124816704,6.45616492
0.00033672948,0.855159745,-9.0,-8.99999794,-8.999998,0.372363371,-0.792040498,-0.12455036,6.45323815
0.00033772948,0.851885906,-9.0,-8.99999795,-8.999998,0.372413121,-0.792044855,-0.124316374,6.45027962
0.00033872948,0.848578435,-9.0,-8.99999795,-8.999998,0.372456837,-0.79204869,-0.12411076,6.44729333
0.00033972948,0.845237465,-9.0,-8.99999795,-8.999998,0.372495212,-0.79205206,-0.12393006,6.44428275
0.00034072948,0.841863126,-9.0,-8.99999795,-8.999998,0.372528863,-0.792055015,-0.12377127,6.44125089
0.00034172948,0.838455551,-9.0,-8.99999795,-8.999998,0.372558342,-0.792057602,-0.123631763,6.43820037
0.00034272948,0.835014876,-9.0,-8.99999795,-8.999998,0.372584138,-0.792059862,-0.12350924,6.4351335
0.00034372948,0.831541236,-9.0,-8.99999795,-8.999998,0.372606689,-0.79206183,-0.123401682,6.43205229
0.00034472948,0.828034768,-9.0,-8.99999795,-8.999998,0.372626383,-0.79206354,-0.123307312,6.42895854
0.00034572948,0.82449561,-9.0,-8.99999795,-8.999998,0.372643565,-0.792065021,-0.123224566,6.42585381
0.00034672948,0.820923903,-9.0,-8.99999795,-8.999998,0.37265854,-0.792066298,-0.123152059,6.42273947
0.00034772948,0.817319787,-9.0,-8.99999796,-8.999998,0.37267158,-0.792067396,-0.123088573,6.41961676
0.00034872948,0.813683405,-9.0,-8.99999796,-8.999998,0.372682926,-0.792068335,-0.123033028,6.41648676
0.00034972948,0.8100149,-9.0,-8.99999796,-8.999998,0.372692787,-0.792069133,-0.122984471,6.41335042
0.00035072948,0.806314417,-9.0,-8.99999796,-8.999998,0.372701353,-0.792069808,-0.122942057,6.41020858
0.00035172948,0.802582102,-9.0,-8.99999796,-8.999998,0.372708787,-0.792070373,-0.12290504,6.40706199
0.00035272948,0.798818102,-9.0,-8.99999796,-8.999998,0.372715235,-0.792070842,-0.122872762,6.40391132
0.00035372948,0.795022567,-9.0,-8.99999796,-8.999998,0.372720825,-0.792071227,-0.122844639,6.40075714
0.00035472948,0.791195645,-9.0,-8.99999796,-8.999998,0.372725668,-0.792071538,-0.122820156,6.39759997
0.00035572948,0.787337489,-9.0,-8.99999796,-8.999998,0.372729864,-0.792071784,-0.122798859,6.39444027
0.00035672948,0.783448249,-9.0,-8.99999796,-8.999998,0.372733497,-0.792071973,-0.122780348,6.39127844
0.00035772948,0.779528081,-9.0,-8.99999796,-8.999998,0.372736643,-0.792072113,-0.12276427,6.38811483
0.00035872948,0.775577138,-9.0,-8.99999796,-8.999998,0.372739368,-0.792072209,-0.122750313,6.38494975
0.00035972948,0.771595576,-9.0,-8.99999796,-8.999998,0.372741729,-0.792072267,-0.122738205,6.38178347
0.00036072948,0.767583553,-9.0,-8.99999796,-8.999998,0.372743777,-0.792072292,-0.122727706,6.37861624
0.00036172948,0.763541228,-9.0,-8.99999796,-8.999998,0.372745553,-0.792072289,-0.122718604,6.37544827
0.00036272948,0.759468759,-9.0,-8.99999796,-8.999998,0.372747097,-0.79207226,-0.122710717,6.37227974
0.00036372948,0.755366307,-9.0,-8.99999796,-8.999998,0.372748441,-0.79207221,-0.122703882,6.36911081
0.00036472948,0.751234035,-9.0,-8.99999796,-8.999998,0.372749612,-0.792072142,-0.122697958,6.36594162
0.00036572948,0.747072106,-9.0,-8.99999796,-8.999998,0.372750637,-0.792072057,-0.122692822,6.3627723
0.00036672948,0.742880683,-9.0,-8.99999796,-8.999998,0.372751535,-0.792071958,-0.122688366,6.35960296
0.00036772948,0.738659933,-9.0,-8.99999796,-8.999998,0.372752324,-0.792071847,-0.122684498,6.35643368
0.00036872948,0.734410022,-9.0,-8.99999796,-8.999998,0.372753022,-0.792071726,-0.122681135,6.35326455
0.00036972948,0.730131117,-9.0,-8.99999796,-8.999998,0.372753641,-0.792071596,-0.122678208,6.35009564
0.00037072948,0.725823388,-9.0,-8.99999796,-8.999998,0.372754192,-0.792071458,-0.122675655,6.34692702
0.00037172948,0.721487005,-9.0,-8.99999796,-8.999998,0.372754687,-0.792071314,-0.122673423,6.34375872
0.00037272948,0.717122139,-9.0,-8.99999796,-8.999998,0.372755133,-0.792071164,-0.122671466,6.34059081
0.00037372948,0.712728962,-9.0,-8.99999796,-8.999998,0.372755537,-0.792071009,-0.122669744,6.33742331
0.00037472948,0.708307648,-9.0,-8.99999796,-8.999998,0.372755907,-0.79207085,-0.122668224,6.33425627
0.00037572948,0.703858371,-9.0,-8.99999796,-8.999998,0.372756246,-0.792070688,-0.122666876,6.33108971
0.00037672948,0.699381307,-9.0,-8.99999796,-8.999998,0.372756561,-0.792070523,-0.122665675,6.32792365
0.00037772948,0.694876632,-9.0,-8.99999796,-8.999998,0.372756854,-0.792070355,-0.122664599,6.32475813
0.00037872948,0.690344525,-9.0,-8.99999796,-8.999998,0.372757129,-0.792070185,-0.122663629,6.32159315
0.00037972948,0.685785164,-9.0,-8.99999796,-8.999998,0.37275739,-0.792070013,-0.12266275,6.31842874
0.00038072948,0.68119873,-9.0,-8.99999796,-8.999998,0.372757637,-0.792069839,-0.122661947,6.3152649
0.00038172948,0.676585403,-9.0,-8.99999796,-8.999998,0.372757874,-0.792069665,-0.12266121,6.31210165
0.00038272948,0.671945366,-9.0,-8.99999796,-8.999998,0.372758101,-0.792069489,-0.122660527,6.30893901
0.00038372948,0.667278801,-9.0,-8.99999796,-8.999998,0.372758321,-0.792069312,-0.122659892,6.30577696
0.00038472948,0.662585894,-9.0,-8.99999796,-8.999998,0.372758535,-0.792069134,-0.122659295,6.30261553
0.00038572948,0.657866828,-9.0,-8.99999796,-8.999998,0.372758743,-0.792068956,-0.122658732,6.29945472
0.00038672948,0.653121792,-9.0,-8.99999796,-8.999998,0.372758947,-0.792068778,-0.122658197,6.29629454
0.00038772948,0.648350971,-9.0,-8.99999796,-8.999998,0.372759147,-0.792068598,-0.122657686,6.29313499
0.00038872948,0.643554554,-9.0,-8.99999796,-8.999998,0.372759344,-0.792068419,-0.122657194,6.28997606
0.00038972948,0.638732731,-9.0,-8.99999796,-8.999998,0.372759538,-0.792068239,-0.122656719,6.28681778
0.00039072948,0.633885691,-9.0,-8.99999796,-8.999998,0.37275973,-0.792068059,-0.122656258,6.28366013
0.00039172948,0.629013628,-9.0,-8.99999796,-8.999998,0.37275992,-0.792067879,-0.122655809,6.28050312
0.00039272948,0.624116731,-9.0,-8.99999796,-8.999998,0.372760109,-0.792067698,-0.12265537,6.27734676
0.00039372948,0.619195196,-9.0,-8.99999796,-8.999998,0.372760296,-0.792067518,-0.122654939,6.27419104
0.00039472948,0.614249216,-9.0,-8.99999796,-8.999998,0.372760482,-0.792067337,-0.122654515,6.27103596
0.00039572948,0.609278986,-9.0,-8.99999796,-8.999998,0.372760668,-0.792067156,-0.122654097,6.26788153
0.00039672948,0.604284703,-9.0,-8.99999796,-8.999998,0.372760852,-0.792066975,-0.122653683,6.26472775
0.00039772948,0.599266564,-9.0,-8.99999796,-8.999998,0.372761036,-0.792066794,-0.122653274,6.26157461
0.00039872948,0.594224767,-9.0,-8.99999796,-8.999998,0.37276122,-0.792066613,-0.122652868,6.25842213
0.00039972948,0.589159511,-9.0,-8.99999796,-8.999998,0.372761403,-0.792066432,-0.122652465,6.25527029
0.00040072948,0.584070996,-9.0,-8.99999796,-8.999998,0.372761586,-0.792066251,-0.122652064,6.2521191
0.00040172948,0.578959423,-9.0,-8.99999796,-8.999998,0.372761768,-0.792066071,-0.122651665,6.24896856
0.00040272948,0.573824993,-9.0,-8.99999796,-8.999998,0.37276195,-0.79206589,-0.122651268,6.24581867
0.00040372948,0.56866791,-9.0,-8.99999796,-8.999998,0.372762132,-0.792065709,-0.122650872,6.24266942
0.00040472948,0.563488377,-9.0,-8.99999796,-8.999998,0.372762314,-0.792065528,-0.122650477,6.23952083
0.00040572948,0.558286598,-9.0,-8.99999796,-8.999998,0.372762495,-0.792065347,-0.122650083,6.23637289
0.00040672948,0.553062779,-9.0,-8.99999796,-8.999998,0.372762677,-0.792065166,-0.12264969,6.23322559
0.00040772948,0.547817126,-9.0,-8.99999796,-8.999998,0.372762858,-0.792064985,-0.122649298,6.23007895
0.00040872948,0.542549846,-9.0,-8.99999796,-8.999998,0.372763039,-0.792064804,-0.122648906,6.22693295
0.00040972948,0.537261147,-9.0,-8.99999796,-8.999998,0.37276322,-0.792064623,-0.122648515,6.22378761
0.00041072948,0.531951239,-9.0,-8.99999796,-8.999998,0.372763401,-0.792064443,-0.122648124,6.22064291
0.00041172948,0.526620329,-9.0,-8.99999796,-8.999998,0.372763582,-0.792064262,-0.122647733,6.21749887
0.00041272948,0.52126863,-9.0,-8.99999796,-8.999998,0.372763763,-0.792064081,-0.122647343,6.21435547
0.00041372948,0.515896351,-9.0,-8.99999796,-8.999998,0.372763944,-0.7920639,-0.122646953,6.21121272
0.00041472948,0.510503706,-9.0,-8.99999796,-8.999998,0.372764125,-0.79206372,-0.122646564,6.20807062
0.00041572948,0.505090908,-9.0,-8.99999796,-8.999998,0.372764305,-0.792063539,-0.122646174,6.20492917
0.00041672948,0.499658169,-9.0,-8.99999796,-8.999998,0.372764486,-0.792063359,-0.122645785,6.20178837
0.00041772948,0.494205704,-9.0,-8.99999796,-8.999998,0.372764667,-0.792063178,-0.122645396,6.19864822
0.00041872948,0.488733729,-9.0,-8.99999796,-8.999998,0.372764847,-0.792062997,-0.122645007,6.19550871
0.00041972948,0.48324246,-9.0,-8.99999796,-8.999998,0.372765028,-0.792062817,-0.122644618,6.19236985
0.00042072948,0.477732113,-9.0,-8.99999796,-8.999998,0.372765208,-0.792062636,-0.122644229,6.18923165
0.00042172948,0.472202906,-9.0,-8.99999796,-8.999998,0.372765389,-0.792062456,-0.12264384,6.18609409
0.00042272948,0.466655057,-9.0,-8.99999796,-8.999998,0.372765569,-0.792062276,-0.122643452,6.18295718
0.00042372948,0.461088786,-9.0,-8.99999796,-8.999998,0.372765749,-0.792062095,-0.122643063,6.17982091
0.00042472948,0.455504311,-9.0,-8.99999796,-8.999998,0.37276593,-0.792061915,-0.122642675,6.1766853
0.00042572948,0.449901854,-9.0,-8.99999796,-8.999998,0.37276611,-0.792061735,-0.122642287,6.17355033
0.00042672948,0.444281636,-9.0,-8.99999796,-8.999998,0.37276629,-0.792061555,-0.122641899,6.17041601
0.00042772948,0.438643878,-9.0,-8.99999796,-8.999998,0.37276647,-0.792061374,-0.122641511,6.16728234
0.00042872948,0.432988803,-9.0,-8.99999796,-8.999998,0.37276665,-0.792061194,-0.122641123,6.16414931
0.00042972948,0.427316635,-9.0,-8.99999796,-8.999998,0.372766831,-0.792061014,-0.122640735,6.16101693
0.00043072948,0.421627597,-9.0,-8.99999796,-8.99999801,0.372767011,-0.792060834,-0.122640347,6.1578852
0.00043172948,0.415921914,-9.0,-8.99999796,-8.99999801,0.372767191,-0.792060654,-0.12263996,6.15475412
0.00043272948,0.41019981,-9.0,-8.99999796,-8.99999801,0.372767371,-0.792060474,-0.122639572,6.15162368
0.00043372948,0.404461513,-9.0,-8.99999796,-8.99999801,0.372767551,-0.792060294,-0.122639184,6.14849389
0.00043472948,0.398707249,-9.0,-8.99999796,-8.99999801,0.372767731,-0.792060114,-0.122638797,6.14536474
0.00043572948,0.392937244,-9.0,-8.99999796,-8.99999801,0.372767911,-0.792059934,-0.12263841,6.14223625
0.00043672948,0.387151727,-9.0,-8.99999796,-8.99999801,0.37276809,-0.792059754,-0.122638022,6.13910839
0.00043772948,0.381350925,-9.0,-8.99999796,-8.99999801,0.37276827,-0.792059574,-0.122637635,6.13598119
0.00043872948,0.375535069,-9.0,-8.99999796,-8.99999801,0.37276845,-0.792059394,-0.122637248,6.13285463
0.00043972948,0.369704387,-9.0,-8.99999796,-8.99999801,0.37276863,-0.792059215,-0.122636861,6.12972871
0.00044072948,0.363859109,-9.0,-8.99999796,-8.99999801,0.372768809,-0.792059035,-0.122636474,6.12660345
0.00044172948,0.357999467,-9.0,-8.99999796,-8.99999801,0.372768989,-0.792058855,-0.122636087,6.12347882
0.00044272948,0.352125692,-9.0,-8.99999796,-8.99999801,0.372769169,-0.792058676,-0.122635701,6.12035485
0.00044372948,0.346238016,-9.0,-8.99999796,-8.99999801,0.372769348,-0.792058496,-0.122635314,6.11723151
0.00044472948,0.340336671,-9.0,-8.99999796,-8.99999801,0.372769528,-0.792058316,-0.122634927,6.11410883
0.00044572948,0.33442189,-9.0,-8.99999796,-8.99999801,0.372769708,-0.792058137,-0.122634541,6.11098678
0.00044672948,0.328493906,-9.0,-8.99999796,-8.99999801,0.372769887,-0.792057957,-0.122634154,6.10786539
0.00044772948,0.322552954,-9.0,-8.99999796,-8.99999801,0.372770067,-0.792057778,-0.122633768,6.10474464
0.00044872948,0.316599268,-9.0,-8.99999796,-8.99999801,0.372770246,-0.792057598,-0.122633382,6.10162453
0.00044972948,0.310633084,-9.0,-8.99999796,-8.99999801,0.372770425,-0.792057419,-0.122632995,6.09850507
0.00045072948,0.304654636,-9.0,-8.99999796,-8.99999801,0.372770605,-0.79205724,-0.122632609,6.09538625
0.00045172948,0.298664161,-9.0,-8.99999796,-8.99999801,0.372770784,-0.79205706,-0.122632223,6.09226807
0.00045272948,0.292661895,-9.0,-8.99999796,-8.99999801,0.372770963,-0.792056881,-0.122631837,6.08915054
0.00045372948,0.286648076,-9.0,-8.99999796,-8.99999801,0.372771143,-0.792056702,-0.122631451,6.08603366
0.00045472948,0.28062294,-9.0,-8.99999796,-8.99999801,0.372771322,-0.792056522,-0.122631066,6.08291741
0.00045572948,0.274586725,-9.0,-8.99999796,-8.99999801,0.372771501,-0.792056343,-0.12263068,6.07980181
0.00045672948,0.26853967,-9.0,-8.99999796,-8.99999801,0.37277168,-0.792056164,-0.122630294,6.07668686
0.00045772948,0.262482014,-9.0,-8.99999796,-8.99999801,0.372771859,-0.792055985,-0.122629909,6.07357255
0.00045872948,0.256413996,-9.0,-8.99999796,-8.99999801,0.372772038,-0.792055806,-0.122629523,6.07045888
0.00045972948,0.250335854,-9.0,-8.99999796,-8.99999801,0.372772217,-0.792055627,-0.122629138,6.06734585
0.00046072948,0.24424783,-9.0,-8.99999796,-8.99999801,0.372772396,-0.792055448,-0.122628752,6.06423347
0.00046172948,0.238150164,-9.0,-8.99999796,-8.99999801,0.372772575,-0.792055269,-0.122628367,6.06112173
0.00046272948,0.232043095,-9.0,-8.99999796,-8.99999801,0.372772754,-0.79205509,-0.122627982,6.05801064
0.00046372948,0.225926866,-9.0,-8.99999796,-8.99999801,0.372772933,-0.792054911,-0.122627597,6.05490018
0.00046472948,0.219801718,-9.0,-8.99999796,-8.99999801,0.372773112,-0.792054732,-0.122627212,6.05179037
0.00046572948,0.213667892,-9.0,-8.99999796,-8.99999801,0.372773291,-0.792054553,-0.122626827,6.0486812
0.00046672948,0.207525631,-9.0,-8.99999796,-8.99999801,0.37277347,-0.792054374,-0.122626442,6.04557267
0.00046772948,0.201375178,-9.0,-8.99999796,-8.99999801,0.372773648,-0.792054196,-0.122626057,6.04246479
0.00046872948,0.195216774,-9.0,-8.99999796,-8.99999801,0.372773827,-0.792054017,-0.122625673,6.03935755
0.00046972948,0.189050664,-9.0,-8.99999796,-8.99999801,0.372774006,-0.792053838,-0.122625288,6.03625095
0.00047072948,0.18287709,-9.0,-8.99999796,-8.99999801,0.372774184,-0.792053659,-0.122624903,6.03314499
0.00047172948,0.176696296,-9.0,-8.99999796,-8.99999801,0.372774363,-0.792053481,-0.122624519,6.03003967
0.00047272948,0.170508527,-9.0,-8.99999796,-8.99999801,0.372774541,-0.792053302,-0.122624135,6.02693499
0.00047372948,0.164314026,-9.0,-8.99999796,-8.99999801,0.37277472,-0.792053124,-0.12262375,6.02383096
0.00047472948,0.158113039,-9.0,-8.99999796,-8.99999801,0.372774899,-0.792052945,-0.122623366,6.02072757
0.00047572948,0.15190581,-9.0,-8.99999796,-8.99999801,0.372775077,-0.792052767,-0.122622982,6.01762481
0.00047672948,0.145692583,-9.0,-8.99999796,-8.99999801,0.372775255,-0.792052588,-0.122622598,6.0145227
0.00047772948,0.139473605,-9.0,-8.99999796,-8.99999801,0.372775434,-0.79205241,-0.122622214,6.01142123
0.00047872948,0.133249121,-9.0,-8.99999796,-8.99999801,0.372775612,-0.792052231,-0.12262183,6.0083204
0.00047972948,0.127019376,-9.0,-8.99999796,-8.99999801,0.37277579,-0.792052053,-0.122621446,6.00522021
0.00048072948,0.120784617,-9.0,-8.99999796,-8.99999801,0.372775969,-0.792051875,-0.122621062,6.00212066
0.00048172948,0.114545089,-9.0,-8.99999796,-8.99999801,0.372776147,-0.792051697,-0.122620679,5.99902175
0.00048272948,0.10830104,-9.0,-8.99999796,-8.99999801,0.372776325,-0.792051518,-0.122620295,5.99592348
0.00048372948,0.102052714,-9.0,-8.99999796,-8.99999801,0.372776503,-0.79205134,-0.122619912,5.99282585
0.00048472948,0.0958003604,-9.0,-8.99999796,-8.99999801,0.372776681,-0.792051162,-0.122619528,5.98972887
0.00048572948,0.0895442243,-9.0,-8.99999796,-8.99999801,0.37277686,-0.792050984,-0.122619145,5.98663252
0.00048672948,0.0832845531,-9.0,-8.99999796,-8.99999801,0.372777038,-0.792050806,-0.122618762,5.98353681
0.00048772948,0.0770215941,-9.0,-8.99999796,-8.99999801,0.372777216,-0.792050628,-0.122618378,5.98044174
0.00048872948,0.0707555943,-9.0,-8.99999796,-8.99999801,0.372777394,-0.79205045,-0.122617995,5.97734731
0.00048972948,0.0644868012,-9.0,-8.99999796,-8.99999801,0.372777572,-0.792050272,-0.122617612,5.97425351
0.00049072948,0.0582154624,-9.0,-8.99999796,-8.99999801,0.37277775,-0.792050094,-0.122617229,5.97116036
0.00049172948,0.0519418252,-9.0,-8.99999796,-8.99999801,0.372777927,-0.792049916,-0.122616847,5.96806785
0.00049272948,0.0456661375,-9.0,-8.99999796,-8.99999801,0.372778105,-0.792049738,-0.122616464,5.96497597
0.00049372948,0.039388647,-9.0,-8.99999796,-8.99999801,0.372778283,-0.79204956,-0.122616081,5.96188474
0.00049472948,0.0331096014,-9.0,-8.99999796,-8.99999801,0.372778461,-0.792049382,-0.122615698,5.95879414
0.00049572948,0.0268292488,-9.0,-8.99999796,-8.99999801,0.372778639,-0.792049204,-0.122615316,5.95570418
0.00049672948,0.020547837,-9.0,-8.99999796,-8.99999801,0.372778816,-0.792049027,-0.122614933,5.95261486
0.00049772948,0.014265614,-9.0,-8.99999796,-8.99999801,0.372778994,-0.792048849,-0.122614551,5.94952618
0.00049872948,0.00798282778,-9.0,-8.99999796,-8.99999801,0.372779172,-0.792048671,-0.122614169,5.94643813
0.00049972948,0.00169972644,-9.0,-8.99999796,-8.99999801,0.372779349,-0.792048494,-0.122613787,5.94335072
0.00050072948,-0.004583442,-9.0,-8.99999796,-8.99999801,0.372779527,-0.792048316,-0.122613404,5.94026395
0.00050172948,-0.0108664295,-9.0,-8.99999796,-8.99999801,0.372779704,-0.792048139,-0.122613022,5.93717782
0.00050272948,-0.017148988,-9.0,-8.99999796,-8.99999801,0.372779882,-0.792047961,-0.12261264,5.93409233
0.00050372948,-0.0234308695,-9.0,-8.99999796,-8.99999801,0.372780059,-0.792047784,-0.122612258,5.93100747
0.00050472948,-0.029711826,-9.0,-8.99999796,-8.99999801,0.372780237,-0.792047606,-0.122611877,5.92792325
0.00050572948,-0.0359916095,-9.0,-8.99999796,-8.99999801,0.372780414,-0.792047429,-0.122611495,5.92483967
0.00050672948,-0.0422699721,-9.0,-8.99999796,-8.99999801,0.372780591,-0.792047251,-0.122611113,5.92175672
0.00050772948,-0.048546666,-9.0,-8.99999796,-8.99999801,0.372780769,-0.792047074,-0.122610732,5.91867442
0.00050872948,-0.0548214433,-9.0,-8.99999796,-8.99999801,0.372780946,-0.792046897,-0.12261035,5.91559274
0.00050972948,-0.0610940564,-9.0,-8.99999796,-8.99999801,0.372781123,-0.792046719,-0.122609969,5.91251171
0.00051072948,-0.0673642576,-9.0,-8.99999796,-8.99999801,0.3727813,-0.792046542,-0.122609587,5.90943131
0.00051172948,-0.0736317994,-9.0,-8.99999796,-8.99999801,0.372781478,-0.792046365,-0.122609206,5.90635155
0.00051272948,-0.0798964343,-9.0,-8.99999796,-8.99999801,0.372781655,-0.792046188,-0.122608825,5.90327242
0.00051372948,-0.086157915,-9.0,-8.99999796,-8.99999801,0.372781832,-0.792046011,-0.122608444,5.90019393
0.00051472948,-0.0924159944,-9.0,-8.99999796,-8.99999801,0.372782009,-0.792045833,-0.122608063,5.89711608
0.00051572948,-0.0986704253,-9.0,-8.99999796,-8.99999801,0.372782186,-0.792045656,-0.122607682,5.89403886
0.00051672948,-0.104920961,-9.0,-8.99999796,-8.99999801,0.372782363,-0.792045479,-0.122607301,5.89096227
0.00051772948,-0.111167354,-9.0,-8.99999796,-8.99999801,0.37278254,-0.792045302,-0.12260692,5.88788633
0.00051872948,-0.117409359,-9.0,-8.99999796,-8.99999801,0.372782717,-0.792045125,-0.122606539,5.88481101
0.00051972948,-0.123646729,-9.0,-8.99999796,-8.99999801,0.372782894,-0.792044948,-0.122606159,5.88173634
0.00052072948,-0.129879217,-9.0,-8.99999796,-8.99999801,0.372783071,-0.792044772,-0.122605778,5.8786623
0.00052172948,-0.136106578,-9.0,-8.99999796,-8.99999801,0.372783247,-0.792044595,-0.122605398,5.87558889
0.00052272948,-0.142328566,-9.0,-8.99999796,-8.99999801,0.372783424,-0.792044418,-0.122605017,5.87251612
0.00052372948,-0.148544935,-9.0,-8.99999796,-8.99999801,0.372783601,-0.792044241,-0.122604637,5.86944398
0.00052472948,-0.154755439,-9.0,-8.99999796,-8.99999801,0.372783778,-0.792044064,-0.122604257,5.86637248
0.00052572948,-0.160959834,-9.0,-8.99999796,-8.99999801,0.372783954,-0.792043888,-0.122603876,5.86330161
0.00052672948,-0.167157875,-9.0,-8.99999796,-8.99999801,0.372784131,-0.792043711,-0.122603496,5.86023137
0.00052772948,-0.173349316,-9.0,-8.99999796,-8.99999801,0.372784307,-0.792043534,-0.122603116,5.85716177
0.00052872948,-0.179533914,-9.0,-8.99999796,-8.99999801,0.372784484,-0.792043358,-0.122602736,5.85409281
0.00052972948,-0.185711424,-9.0,-8.99999796,-8.99999801,0.372784661,-0.792043181,-0.122602357,5.85102448
0.00053072948,-0.191881603,-9.0,-8.99999796,-8.99999801,0.372784837,-0.792043005,-0.122601977,5.84795678
0.00053172948,-0.198044206,-9.0,-8.99999796,-8.99999801,0.372785014,-0.792042828,-0.122601597,5.84488972
0.00053272948,-0.204198992,-9.0,-8.99999796,-8.99999801,0.37278519,-0.792042652,-0.122601217,5.84182328
0.00053372948,-0.210345715,-9.0,-8.99999796,-8.99999801,0.372785366,-0.792042475,-0.122600838,5.83875749
0.00053472948,-0.216484135,-9.0,-8.99999796,-8.99999801,0.372785543,-0.792042299,-0.122600458,5.83569232
0.00053572948,-0.222614008,-9.0,-8.99999796,-8.99999801,0.372785719,-0.792042122,-0.122600079,5.83262779
0.00053672948,-0.228735093,-9.0,-8.99999796,-8.99999801,0.372785895,-0.792041946,-0.1225997,5.82956389
0.00053772948,-0.234847147,-9.0,-8.99999796,-8.99999801,0.372786072,-0.79204177,-0.122599321,5.82650063
0.00053872948,-0.240949931,-9.0,-8.99999796,-8.99999801,0.372786248,-0.792041594,-0.122598941,5.823438
0.00053972948,-0.247043202,-9.0,-8.99999796,-8.99999801,0.372786424,-0.792041417,-0.122598562,5.820376
0.00054072948,-0.25312672,-9.0,-8.99999796,-8.99999801,0.3727866,-0.792041241,-0.122598183,5.81731463
0.00054172948,-0.259200245,-9.0,-8.99999796,-8.99999801,0.372786776,-0.792041065,-0.122597804,5.8142539
0.00054272948,-0.265263537,-9.0,-8.99999796,-8.99999801,0.372786952,-0.792040889,-0.122597426,5.81119379
0.00054372948,-0.271316357,-9.0,-8.99999796,-8.99999801,0.372787128,-0.792040713,-0.122597047,5.80813432
0.00054472948,-0.277358466,-9.0,-8.99999796,-8.99999801,0.372787304,-0.792040537,-0.122596668,5.80507549
0.00054572948,-0.283389626,-9.0,-8.99999796,-8.99999801,0.37278748,-0.792040361,-0.12259629,5.80201728
0.00054672948,-0.289409598,-9.0,-8.99999796,-8.99999801,0.372787656,-0.792040185,-0.122595911,5.7989597
0.00054772948,-0.295418144,-9.0,-8.99999796,-8.99999801,0.372787832,-0.792040009,-0.122595533,5.79590276
0.00054872948,-0.301415028,-9.0,-8.99999796,-8.99999801,0.372788008,-0.792039833,-0.122595154,5.79284645
0.00054972948,-0.307400012,-9.0,-8.99999796,-8.99999801,0.372788184,-0.792039657,-0.122594776,5.78979077
0.00055072948,-0.313372861,-9.0,-8.99999796,-8.99999801,0.372788359,-0.792039481,-0.122594398,5.78673572
0.00055172948,-0.319333338,-9.0,-8.99999796,-8.99999801,0.372788535,-0.792039306,-0.12259402,5.7836813
0.00055272948,-0.325281209,-9.0,-8.99999796,-8.99999801,0.372788711,-0.79203913,-0.122593642,5.78062752
0.00055372948,-0.331216238,-9.0,-8.99999796,-8.99999801,0.372788887,-0.792038954,-0.122593264,5.77757436
0.00055472948,-0.337138191,-9.0,-8.99999796,-8.99999801,0.372789062,-0.792038778,-0.122592886,5.77452183
0.00055572948,-0.343046835,-9.0,-8.99999796,-8.99999801,0.372789238,-0.792038603,-0.122592508,5.77146994
0.00055672948,-0.348941935,-9.0,-8.99999796,-8.99999801,0.372789413,-0.792038427,-0.12259213,5.76841867
0.00055772948,-0.35482326,-9.0,-8.99999796,-8.99999801,0.372789589,-0.792038251,-0.122591753,5.76536804
0.00055872948,-0.360690577,-9.0,-8.99999796,-8.99999801,0.372789764,-0.792038076,-0.122591375,5.76231803
0.00055972948,-0.366543655,-9.0,-8.99999796,-8.99999801,0.37278994,-0.7920379,-0.122590997,5.75926866
0.00056072948,-0.372382262,-9.0,-8.99999796,-8.99999801,0.372790115,-0.792037725,-0.12259062,5.75621992
0.00056172948,-0.378206169,-9.0,-8.99999796,-8.99999801,0.372790291,-0.792037549,-0.122590243,5.7531718
0.00056272948,-0.384015144,-9.0,-8.99999796,-8.99999801,0.372790466,-0.792037374,-0.122589865,5.75012432
0.00056372948,-0.389808959,-9.0,-8.99999796,-8.99999801,0.372790641,-0.792037199,-0.122589488,5.74707746
0.00056472948,-0.395587385,-9.0,-8.99999796,-8.99999801,0.372790817,-0.792037023,-0.122589111,5.74403124
0.00056572948,-0.401350194,-9.0,-8.99999796,-8.99999801,0.372790992,-0.792036848,-0.122588734,5.74098564
0.00056672948,-0.407097158,-9.0,-8.99999796,-8.99999801,0.372791167,-0.792036673,-0.122588357,5.73794067
0.00056772948,-0.412828051,-9.0,-8.99999796,-8.99999801,0.372791342,-0.792036498,-0.12258798,5.73489633
0.00056872948,-0.418542646,-9.0,-8.99999796,-8.99999801,0.372791518,-0.792036322,-0.122587604,5.73185262
0.00056972948,-0.424240718,-9.0,-8.99999796,-8.99999801,0.372791693,-0.792036147,-0.122587227,5.72880954
0.00057072948,-0.429922041,-9.0,-8.99999796,-8.99999801,0.372791868,-0.792035972,-0.12258685,5.72576709
0.00057172948,-0.435586392,-9.0,-8.99999796,-8.99999801,0.372792043,-0.792035797,-0.122586474,5.72272526
0.00057272948,-0.441233547,-9.0,-8.99999796,-8.99999801,0.372792218,-0.792035622,-0.122586097,5.71968407
0.00057372948,-0.446863282,-9.0,-8.99999796,-8.99999801,0.372792393,-0.792035447,-0.122585721,5.7166435
0.00057472948,-0.452475377,-9.0,-8.99999796,-8.99999801,0.372792568,-0.792035272,-0.122585344,5.71360356
0.00057572948,-0.458069608,-9.0,-8.99999796,-8.99999801,0.372792743,-0.792035097,-0.122584968,5.71056425
0.00057672948,-0.463645755,-9.0,-8.99999796,-8.99999801,0.372792917,-0.792034922,-0.122584592,5.70752557
0.00057772948,-0.469203598,-9.0,-8.99999796,-8.99999801,0.372793092,-0.792034747,-0.122584216,5.70448751
0.00057872948,-0.474742919,-9.0,-8.99999796,-8.99999801,0.372793267,-0.792034572,-0.12258384,5.70145008
0.00057972948,-0.480263497,-9.0,-8.99999796,-8.99999801,0.372793442,-0.792034397,-0.122583464,5.69841328
0.00058072948,-0.485765115,-9.0,-8.99999796,-8.99999801,0.372793617,-0.792034223,-0.122583088,5.69537711
0.00058172948,-0.491247555,-9.0,-8.99999796,-8.99999801,0.372793791,-0.792034048,-0.122582712,5.69234156
0.00058272948,-0.496710603,-9.0,-8.99999796,-8.99999801,0.372793966,-0.792033873,-0.122582337,5.68930664
0.00058372948,-0.502154041,-9.0,-8.99999796,-8.99999801,0.372794141,-0.792033699,-0.122581961,5.68627235
0.00058472948,-0.507577654,-9.0,-8.99999796,-8.99999801,0.372794315,-0.792033524,-0.122581586,5.68323868
0.00058572948,-0.51298123,-9.0,-8.99999796,-8.99999801,0.37279449,-0.792033349,-0.12258121,5.68020564
0.00058672948,-0.518364554,-9.0,-8.99999796,-8.99999801,0.372794664,-0.792033175,-0.122580835,5.67717323
0.00058772948,-0.523727414,-9.0,-8.99999796,-8.99999801,0.372794839,-0.792033,-0.122580459,5.67414144
0.00058872948,-0.529069597,-9.0,-8.99999796,-8.99999801,0.372795013,-0.792032826,-0.122580084,5.67111028
0.00058972948,-0.534390894,-9.0,-8.99999796,-8.99999801,0.372795187,-0.792032651,-0.122579709,5.66807975
0.00059072948,-0.539691095,-9.0,-8.99999796,-8.99999801,0.372795362,-0.792032477,-0.122579334,5.66504984
0.00059172948,-0.544969989,-9.0,-8.99999796,-8.99999801,0.372795536,-0.792032302,-0.122578959,5.66202056
0.00059272948,-0.550227369,-9.0,-8.99999796,-8.99999801,0.37279571,-0.792032128,-0.122578584,5.6589919
0.00059372948,-0.555463026,-9.0,-8.99999796,-8.99999801,0.372795885,-0.792031954,-0.122578209,5.65596387
0.00059472948,-0.560676755,-9.0,-8.99999796,-8.99999801,0.372796059,-0.792031779,-0.122577834,5.65293647
0.00059572948,-0.56586835,-9.0,-8.99999796,-8.99999801,0.372796233,-0.792031605,-0.12257746,5.64990969
0.00059672948,-0.571037604,-9.0,-8.99999796,-8.99999801,0.372796407,-0.792031431,-0.122577085,5.64688353
0.00059772948,-0.576184316,-9.0,-8.99999796,-8.99999801,0.372796581,-0.792031257,-0.122576711,5.643858
0.00059872948,-0.58130828,-9.0,-8.99999796,-8.99999801,0.372796756,-0.792031083,-0.122576336,5.6408331
0.00059972948,-0.586409296,-9.0,-8.99999796,-8.99999801,0.37279693,-0.792030908,-0.122575962,5.63780882
0.00060072948,-0.591487161,-9.0,-8.99999796,-8.99999801,0.372797104,-0.792030734,-0.122575587,5.63478516
0.00060172948,-0.596541675,-9.0,-8.99999796,-8.99999801,0.372797278,-0.79203056,-0.122575213,5.63176213
0.00060272948,-0.601572638,-9.0,-8.99999796,-8.99999801,0.372797452,-0.792030386,-0.122574839,5.62873973
0.00060372948,-0.606579853,-9.0,-8.99999796,-8.99999801,0.372797626,-0.792030212,-0.122574465,5.62571795
0.00060472948,-0.611563121,-9.0,-8.99999796,-8.99999801,0.372797799,-0.792030038,-0.122574091,5.62269679
0.00060572948,-0.616522245,-9.0,-8.99999796,-8.99999801,0.372797973,-0.792029864,-0.122573717,5.61967626
0.00060672948,-0.62145703,-9.0,-8.99999796,-8.99999801,0.372798147,-0.792029691,-0.122573343,5.61665635
0.00060772948,-0.626367282,-9.0,-8.99999796,-8.99999801,0.372798321,-0.792029517,-0.12257297,5.61363706
0.00060872948,-0.631252805,-9.0,-8.99999796,-8.99999801,0.372798495,-0.792029343,-0.122572596,5.6106184
0.00060972948,-0.636113407,-9.0,-8.99999796,-8.99999801,0.372798668,-0.792029169,-0.122572222,5.60760036
0.00061072948,-0.640948897,-9.0,-8.99999796,-8.99999801,0.372798842,-0.792028995,-0.122571849,5.60458294
0.00061172948,-0.645759083,-9.0,-8.99999796,-8.99999801,0.372799016,-0.792028822,-0.122571475,5.60156615
0.00061272948,-0.650543776,-9.0,-8.99999796,-8.99999801,0.372799189,-0.792028648,-0.122571102,5.59854998
0.00061372948,-0.655302786,-9.0,-8.99999796,-8.99999801,0.372799363,-0.792028474,-0.122570729,5.59553444
0.00061472948,-0.660035926,-9.0,-8.99999796,-8.99999801,0.372799536,-0.792028301,-0.122570356,5.59251952
0.00061572948,-0.664743009,-9.0,-8.99999796,-8.99999801,0.37279971,-0.792028127,-0.122569982,5.58950522
0.00061672948,-0.66942385,-9.0,-8.99999796,-8.99999801,0.372799883,-0.792027954,-0.122569609,5.58649154
0.00061772948,-0.674078262,-9.0,-8.99999796,-8.99999801,0.372800057,-0.79202778,-0.122569236,5.58347848
0.00061872948,-0.678706063,-9.0,-8.99999796,-8.99999801,0.37280023,-0.792027607,-0.122568863,5.58046605
0.00061972948,-0.68330707,-9.0,-8.99999796,-8.99999801,0.372800403,-0.792027433,-0.122568491,5.57745424
0.00062072948,-0.687881101,-9.0,-8.99999796,-8.99999801,0.372800577,-0.79202726,-0.122568118,5.57444305
0.00062172948,-0.692427976,-9.0,-8.99999796,-8.99999801,0.37280075,-0.792027087,-0.122567745,5.57143249
0.00062272948,-0.696947514,-9.0,-8.99999796,-8.99999801,0.372800923,-0.792026913,-0.122567373,5.56842254
0.00062372948,-0.701439539,-9.0,-8.99999796,-8.99999801,0.372801097,-0.79202674,-0.122567,5.56541322
0.00062472948,-0.705903872,-9.0,-8.99999796,-8.99999801,0.37280127,-0.792026567,-0.122566628,5.56240452
0.00062572948,-0.710340337,-9.0,-8.99999796,-8.99999801,0.372801443,-0.792026394,-0.122566255,5.55939644
0.00062672948,-0.714748759,-9.0,-8.99999796,-8.99999801,0.372801616,-0.79202622,-0.122565883,5.55638898
0.00062772948,-0.719128964,-9.0,-8.99999796,-8.99999801,0.372801789,-0.792026047,-0.122565511,5.55338215
0.00062872948,-0.723480778,-9.0,-8.99999796,-8.99999801,0.372801962,-0.792025874,-0.122565139,5.55037593
0.00062972948,-0.727804032,-9.0,-8.99999796,-8.99999801,0.372802135,-0.792025701,-0.122564767,5.54737034
0.00063072948,-0.732098552,-9.0,-8.99999796,-8.99999801,0.372802308,-0.792025528,-0.122564395,5.54436536
0.00063172948,-0.736364171,-9.0,-8.99999796,-8.99999801,0.372802481,-0.792025355,-0.122564023,5.54136101
0.00063272948,-0.740600719,-9.0,-8.99999796,-8.99999801,0.372802654,-0.792025182,-0.122563651,5.53835728
0.00063372948,-0.74480803,-9.0,-8.99999796,-8.99999801,0.372802827,-0.792025009,-0.122563279,5.53535417
0.00063472948,-0.748985937,-9.0,-8.99999796,-8.99999801,0.372803,-0.792024836,-0.122562908,5.53235168
0.00063572948,-0.753134275,-9.0,-8.99999796,-8.99999801,0.372803172,-0.792024663,-0.122562536,5.5293498
0.00063672948,-0.757252881,-9.0,-8.99999796,-8.99999801,0.372803345,-0.79202449,-0.122562165,5.52634855
0.00063772948,-0.761341592,-9.0,-8.99999796,-8.99999801,0.372803518,-0.792024318,-0.122561793,5.52334792
0.00063872948,-0.765400246,-9.0,-8.99999796,-8.99999801,0.372803691,-0.792024145,-0.122561422,5.52034791
0.00063972948,-0.769428683,-9.0,-8.99999796,-8.99999801,0.372803863,-0.792023972,-0.12256105,5.51734852
0.00064072948,-0.773426745,-9.0,-8.99999796,-8.99999801,0.372804036,-0.792023799,-0.122560679,5.51434975
0.00064172948,-0.777394273,-9.0,-8.99999796,-8.99999801,0.372804209,-0.792023627,-0.122560308,5.51135159
0.00064272948,-0.781331112,-9.0,-8.99999796,-8.99999801,0.372804381,-0.792023454,-0.122559937,5.50835406
0.00064372948,-0.785237104,-9.0,-8.99999796,-8.99999801,0.372804554,-0.792023282,-0.122559566,5.50535715
0.00064472948,-0.789112097,-9.0,-8.99999796,-8.99999801,0.372804726,-0.792023109,-0.122559195,5.50236085
0.00064572948,-0.792955936,-9.0,-8.99999796,-8.99999801,0.372804899,-0.792022936,-0.122558824,5.49936517
0.00064672948,-0.796768472,-9.0,-8.99999796,-8.99999801,0.372805071,-0.792022764,-0.122558454,5.49637012
0.00064772948,-0.800549552,-9.0,-8.99999796,-8.99999801,0.372805243,-0.792022592,-0.122558083,5.49337568
0.00064872948,-0.804299028,-9.0,-8.99999796,-8.99999801,0.372805416,-0.792022419,-0.122557712,5.49038186
0.00064972948,-0.808016752,-9.0,-8.99999796,-8.99999801,0.372805588,-0.792022247,-0.122557342,5.48738866
0.00065072948,-0.811702576,-9.0,-8.99999796,-8.99999801,0.37280576,-0.792022074,-0.122556971,5.48439607
0.00065172948,-0.815356356,-9.0,-8.99999796,-8.99999801,0.372805933,-0.792021902,-0.122556601,5.48140411
0.00065272948,-0.818977947,-9.0,-8.99999796,-8.99999801,0.372806105,-0.79202173,-0.122556231,5.47841276
0.00065372948,-0.822567206,-9.0,-8.99999796,-8.99999801,0.372806277,-0.792021558,-0.122555861,5.47542203
0.00065472948,-0.826123992,-9.0,-8.99999796,-8.99999801,0.372806449,-0.792021385,-0.122555491,5.47243192
0.00065572948,-0.829648163,-9.0,-8.99999796,-8.99999801,0.372806621,-0.792021213,-0.122555121,5.46944242
0.00065672948,-0.833139582,-9.0,-8.99999796,-8.99999801,0.372806793,-0.792021041,-0.122554751,5.46645355
0.00065772948,-0.836598109,-9.0,-8.99999796,-8.99999801,0.372806965,-0.792020869,-0.122554381,5.46346529
0.00065872948,-0.840023609,-9.0,-8.99999796,-8.99999801,0.372807137,-0.792020697,-0.122554011,5.46047765
0.00065972948,-0.843415947,-9.0,-8.99999796,-8.99999801,0.372807309,-0.792020525,-0.122553641,5.45749062
0.00066072948,-0.846774988,-9.0,-8.99999796,-8.99999801,0.372807481,-0.792020353,-0.122553271,5.45450421
0.00066172948,-0.850100599,-9.0,-8.99999796,-8.99999801,0.372807653,-0.792020181,-0.122552902,5.45151842
0.00066272948,-0.85339265,-9.0,-8.99999796,-8.99999801,0.372807825,-0.792020009,-0.122552532,5.44853325
0.00066372948,-0.856651011,-9.0,-8.99999796,-8.99999801,0.372807997,-0.792019837,-0.122552163,5.44554869
0.00066472948,-0.859875552,-9.0,-8.99999796,-8.99999801,0.372808169,-0.792019665,-0.122551794,5.44256475
0.00066572948,-0.863066148,-9.0,-8.99999796,-8.99999801,0.37280834,-0.792019493,-0.122551424,5.43958143
0.00066672948,-0.86622267,-9.0,-8.99999796,-8.99999801,0.372808512,-0.792019321,-0.122551055,5.43659872
0.00066772948,-0.869344996,-9.0,-8.99999796,-8.99999801,0.372808684,-0.79201915,-0.122550686,5.43361663
0.00066872948,-0.872433001,-9.0,-8.99999796,-8.99999801,0.372808855,-0.792018978,-0.122550317,5.43063515
0.00066972948,-0.875486565,-9.0,-8.99999796,-8.99999801,0.372809027,-0.792018806,-0.122549948,5.42765429
0.00067072948,-0.878505565,-9.0,-8.99999796,-8.99999801,0.372809199,-0.792018635,-0.122549579,5.42467405
0.00067172948,-0.881489884,-9.0,-8.99999796,-8.99999801,0.37280937,-0.792018463,-0.12254921,5.42169442
0.00067272948,-0.884439403,-9.0,-8.99999796,-8.99999801,0.372809542,-0.792018291,-0.122548842,5.4187154
0.00067372948,-0.887354006,-9.0,-8.99999796,-8.99999801,0.372809713,-0.79201812,-0.122548473,5.41573701
0.00067472948,-0.890233577,-9.0,-8.99999796,-8.99999801,0.372809885,-0.792017948,-0.122548104,5.41275922
0.00067572948,-0.893078004,-9.0,-8.99999796,-8.99999801,0.372810056,-0.792017777,-0.122547736,5.40978206
0.00067672948,-0.895887174,-9.0,-8.99999796,-8.99999801,0.372810228,-0.792017605,-0.122547367,5.4068055
0.00067772948,-0.898660975,-9.0,-8.99999796,-8.99999801,0.372810399,-0.792017434,-0.122546999,5.40382956
0.00067872948,-0.901399299,-9.0,-8.99999796,-8.99999801,0.37281057,-0.792017262,-0.122546631,5.40085424
0.00067972948,-0.904102037,-9.0,-8.99999796,-8.99999801,0.372810741,-0.792017091,-0.122546262,5.39787953
0.00068072948,-0.906769083,-9.0,-8.99999796,-8.99999801,0.372810913,-0.79201692,-0.122545894,5.39490544
0.00068172948,-0.909400331,-9.0,-8.99999796,-8.99999801,0.372811084,-0.792016748,-0.122545526,5.39193196
0.00068272948,-0.911995677,-9.0,-8.99999796,-8.99999801,0.372811255,-0.792016577,-0.122545158,5.38895909
0.00068372948,-0.91455502,-9.0,-8.99999796,-8.99999801,0.372811426,-0.792016406,-0.12254479,5.38598684
0.00068472948,-0.917078257,-9.0,-8.99999796,-8.99999801,0.372811597,-0.792016235,-0.122544423,5.3830152
0.00068572948,-0.91956529,-9.0,-8.99999796,-8.99999801,0.372811768,-0.792016064,-0.122544055,5.38004418
0.00068672948,-0.92201602,-9.0,-8.99999796,-8.99999801,0.372811939,-0.792015893,-0.122543687,5.37707377
0.00068772948,-0.92443035,-9.0,-8.99999796,-8.99999801,0.37281211,-0.792015721,-0.12254332,5.37410397
0.00068872948,-0.926808185,-9.0,-8.99999796,-8.99999801,0.372812281,-0.79201555,-0.122542952,5.37113479
0.00068972948,-0.929149432,-9.0,-8.99999796,-8.99999801,0.372812452,-0.792015379,-0.122542585,5.36816622
0.00069072948,-0.931453997,-9.0,-8.99999796,-8.99999801,0.372812623,-0.792015208,-0.122542217,5.36519827
0.00069172948,-0.93372179,-9.0,-8.99999796,-8.99999801,0.372812794,-0.792015037,-0.12254185,5.36223092
0.00069272948,-0.935952721,-9.0,-8.99999796,-8.99999801,0.372812965,-0.792014867,-0.122541483,5.35926419
0.00069372948,-0.938146703,-9.0,-8.99999796,-8.99999801,0.372813136,-0.792014696,-0.122541116,5.35629807
0.00069472948,-0.940303648,-9.0,-8.99999796,-8.99999801,0.372813307,-0.792014525,-0.122540749,5.35333257
0.00069572948,-0.942423472,-9.0,-8.99999796,-8.99999801,0.372813477,-0.792014354,-0.122540382,5.35036768
0.00069672948,-0.94450609,-9.0,-8.99999796,-8.99999801,0.372813648,-0.792014183,-0.122540015,5.3474034
0.00069772948,-0.946551421,-9.0,-8.99999796,-8.99999801,0.372813819,-0.792014013,-0.122539648,5.34443973
0.00069872948,-0.948559383,-9.0,-8.99999796,-8.99999801,0.372813989,-0.792013842,-0.122539281,5.34147667
0.00069972948,-0.950529898,-9.0,-8.99999796,-8.99999801,0.37281416,-0.792013671,-0.122538914,5.33851423
0.00070072948,-0.952462888,-9.0,-8.99999796,-8.99999801,0.37281433,-0.792013501,-0.122538548,5.3355524
0.00070172948,-0.954358276,-9.0,-8.99999796,-8.99999801,0.372814501,-0.79201333,-0.122538181,5.33259118
0.00070272948,-0.956215988,-9.0,-8.99999796,-8.99999801,0.372814671,-0.792013159,-0.122537815,5.32963057
0.00070372948,-0.95803595,-9.0,-8.99999796,-8.99999801,0.372814842,-0.792012989,-0.122537448,5.32667058
0.00070472948,-0.95981809,-9.0,-8.99999796,-8.99999801,0.372815012,-0.792012818,-0.122537082,5.32371119
0.00070572948,-0.961562338,-9.0,-8.99999796,-8.99999801,0.372815183,-0.792012648,-0.122536716,5.32075242
0.00070672948,-0.963268626,-9.0,-8.99999796,-8.99999801,0.372815353,-0.792012477,-0.12253635,5.31779426
0.00070772948,-0.964936885,-9.0,-8.99999796,-8.99999801,0.372815523,-0.792012307,-0.122535984,5.3148367
0.00070872948,-0.96656705,-9.0,-8.99999796,-8.99999801,0.372815694,-0.792012137,-0.122535618,5.31187976
0.00070972948,-0.968159057,-9.0,-8.99999796,-8.99999801,0.372815864,-0.792011966,-0.122535252,5.30892343
0.00071072948,-0.969712843,-9.0,-8.99999796,-8.99999801,0.372816034,-0.792011796,-0.122534886,5.30596772
0.00071172948,-0.971228346,-9.0,-8.99999796,-8.99999801,0.372816204,-0.792011626,-0.12253452,5.30301261
0.00071272948,-0.972705506,-9.0,-8.99999796,-8.99999801,0.372816375,-0.792011456,-0.122534155,5.30005811
0.00071372948,-0.974144266,-9.0,-8.99999796,-8.99999801,0.372816545,-0.792011285,-0.122533789,5.29710422
0.00071472948,-0.975544568,-9.0,-8.99999796,-8.99999801,0.372816715,-0.792011115,-0.122533423,5.29415094
0.00071572948,-0.976906358,-9.0,-8.99999796,-8.99999801,0.372816885,-0.792010945,-0.122533058,5.29119828
0.00071672948,-0.978229581,-9.0,-8.99999796,-8.99999801,0.372817055,-0.792010775,-0.122532693,5.28824622
0.00071772948,-0.979514185,-9.0,-8.99999796,-8.99999801,0.372817225,-0.792010605,-0.122532327,5.28529477
0.00071872948,-0.980760119,-9.0,-8.99999796,-8.99999801,0.372817395,-0.792010435,-0.122531962,5.28234393
0.00071972948,-0.981967335,-9.0,-8.99999796,-8.99999801,0.372817565,-0.792010265,-0.122531597,5.2793937
0.00072072948,-0.983135784,-9.0,-8.99999796,-8.99999801,0.372817734,-0.792010095,-0.122531232,5.27644409
0.00072172948,-0.984265421,-9.0,-8.99999796,-8.99999801,0.372817904,-0.792009925,-0.122530867,5.27349508
0.00072272948,-0.985356201,-9.0,-8.99999796,-8.99999801,0.372818074,-0.792009755,-0.122530502,5.27054667
0.00072372948,-0.98640808,-9.0,-8.99999796,-8.99999801,0.372818244,-0.792009585,-0.122530137,5.26759888
0.00072472948,-0.987421018,-9.0,-8.99999796,-8.99999801,0.372818414,-0.792009415,-0.122529772,5.2646517
0.00072572948,-0.988394974,-9.0,-8.99999796,-8.99999801,0.372818583,-0.792009246,-0.122529407,5.26170513
0.00072672948,-0.98932991,-9.0,-8.99999796,-8.99999801,0.372818753,-0.792009076,-0.122529043,5.25875916
0.00072772948,-0.990225789,-9.0,-8.99999796,-8.99999801,0.372818923,-0.792008906,-0.122528678,5.2558138
0.00072872948,-0.991082576,-9.0,-8.99999796,-8.99999801,0.372819092,-0.792008736,-0.122528314,5.25286906
0.00072972948,-0.991900236,-9.0,-8.99999796,-8.99999801,0.372819262,-0.792008567,-0.122527949,5.24992492
0.00073072948,-0.992678738,-9.0,-8.99999796,-8.99999801,0.372819431,-0.792008397,-0.122527585,5.24698138
0.00073172948,-0.99341805,-9.0,-8.99999796,-8.99999801,0.372819601,-0.792008228,-0.122527221,5.24403846
0.00073272948,-0.994118144,-9.0,-8.99999796,-8.99999801,0.37281977,-0.792008058,-0.122526857,5.24109614
0.00073372948,-0.994778992,-9.0,-8.99999796,-8.99999801,0.37281994,-0.792007889,-0.122526493,5.23815444
0.00073472948,-0.995400568,-9.0,-8.99999796,-8.99999801,0.372820109,-0.792007719,-0.122526129,5.23521334
0.00073572948,-0.995982847,-9.0,-8.99999796,-8.99999801,0.372820279,-0.79200755,-0.122525765,5.23227284
0.00073672948,-0.996525807,-9.0,-8.99999796,-8.99999801,0.372820448,-0.79200738,-0.122525401,5.22933296
0.00073772948,-0.997029425,-9.0,-8.99999796,-8.99999801,0.372820617,-0.792007211,-0.122525037,5.22639368
0.00073872948,-0.997493682,-9.0,-8.99999796,-8.99999801,0.372820786,-0.792007041,-0.122524673,5.22345501
0.00073972948,-0.99791856,-9.0,-8.99999796,-8.99999801,0.372820956,-0.792006872,-0.12252431,5.22051694
0.00074072948,-0.998304042,-9.0,-8.99999796,-8.99999801,0.372821125,-0.792006703,-0.122523946,5.21757949
0.00074172948,-0.998650112,-9.0,-8.99999796,-8.99999801,0.372821294,-0.792006534,-0.122523582,5.21464264
0.00074272948,-0.998956758,-9.0,-8.99999796,-8.99999801,0.372821463,-0.792006364,-0.122523219,5.21170639
0.00074372948,-0.999223966,-9.0,-8.99999796,-8.99999801,0.372821632,-0.792006195,-0.122522856,5.20877075
0.00074472948,-0.999451727,-9.0,-8.99999796,-8.99999801,0.372821801,-0.792006026,-0.122522492,5.20583572
0.00074572948,-0.999640031,-9.0,-8.99999796,-8.99999801,0.37282197,-0.792005857,-0.122522129,5.2029013
0.00074672948,-0.999788871,-9.0,-8.99999796,-8.99999801,0.372822139,-0.792005688,-0.122521766,5.19996748
0.00074772948,-0.999898241,-9.0,-8.99999796,-8.99999801,0.372822308,-0.792005519,-0.122521403,5.19703427
0.00074872948,-0.999968137,-9.0,-8.99999796,-8.99999801,0.372822477,-0.79200535,-0.12252104,5.19410166
0.00074972948,-0.999998555,-9.0,-8.99999796,-8.99999801,0.372822646,-0.792005181,-0.122520677,5.19116966
0.00075072948,-0.999989496,-9.0,-8.99999796,-8.99999801,0.372822815,-0.792005012,-0.122520314,5.18823827
0.00075172948,-0.999940959,-9.0,-8.99999796,-8.99999801,0.372822984,-0.792004843,-0.122519952,5.18530748
0.00075272948,-0.999852945,-9.0,-8.99999796,-8.99999801,0.372823153,-0.792004674,-0.122519589,5.18237729
0.00075372948,-0.999725459,-9.0,-8.99999796,-8.99999801,0.372823321,-0.792004505,-0.122519226,5.17944771
0.00075472948,-0.999558506,-9.0,-8.99999796,-8.99999801,0.37282349,-0.792004337,-0.122518864,5.17651874
0.00075572948,-0.999352092,-9.0,-8.99999796,-8.99999801,0.372823659,-0.792004168,-0.122518501,5.17359037
0.00075672948,-0.999106225,-9.0,-8.99999796,-8.99999801,0.372823828,-0.792003999,-0.122518139,5.17066261
0.00075772948,-0.998820915,-9.0,-8.99999796,-8.99999801,0.372823996,-0.79200383,-0.122517777,5.16773545
0.00075872948,-0.998496174,-9.0,-8.99999796,-8.99999801,0.372824165,-0.792003662,-0.122517415,5.16480889
0.00075972948,-0.998132013,-9.0,-8.99999796,-8.99999801,0.372824333,-0.792003493,-0.122517052,5.16188294
0.00076072948,-0.997728448,-9.0,-8.99999796,-8.99999801,0.372824502,-0.792003324,-0.12251669,5.1589576
0.00076172948,-0.997285495,-9.0,-8.99999796,-8.99999801,0.37282467,-0.792003156,-0.122516328,5.15603286
0.00076272948,-0.99680317,-9.0,-8.99999796,-8.99999801,0.372824839,-0.792002987,-0.122515967,5.15310872
0.00076372948,-0.996281493,-9.0,-8.99999796,-8.99999801,0.372825007,-0.792002819,-0.122515605,5.15018519
0.00076472948,-0.995720485,-9.0,-8.99999796,-8.99999801,0.372825176,-0.79200265,-0.122515243,5.14726226
0.00076572948,-0.995120167,-9.0,-8.99999796,-8.99999801,0.372825344,-0.792002482,-0.122514881,5.14433993
0.00076672948,-0.994480564,-9.0,-8.99999796,-8.99999801,0.372825512,-0.792002313,-0.12251452,5.14141821
0.00076772948,-0.9938017,-9.0,-8.99999796,-8.99999801,0.372825681,-0.792002145,-0.122514158,5.13849709
0.00076872948,-0.993083603,-9.0,-8.99999796,-8.99999801,0.372825849,-0.792001977,-0.122513797,5.13557658
0.00076972948,-0.9923263,-9.0,-8.99999796,-8.99999801,0.372826017,-0.792001808,-0.122513435,5.13265666
0.00077072948,-0.991529823,-9.0,-8.99999796,-8.99999801,0.372826185,-0.79200164,-0.122513074,5.12973736
0.00077172948,-0.990694201,-9.0,-8.99999796,-8.99999801,0.372826353,-0.792001472,-0.122512713,5.12681865
0.00077272948,-0.989819468,-9.0,-8.99999796,-8.99999801,0.372826521,-0.792001304,-0.122512352,5.12390055
0.00077372948,-0.988905659,-9.0,-8.99999796,-8.99999801,0.37282669,-0.792001136,-0.12251199,5.12098305
0.00077472948,-0.98795281,-9.0,-8.99999796,-8.99999801,0.372826858,-0.792000968,-0.122511629,5.11806615
0.00077572948,-0.986960958,-9.0,-8.99999796,-8.99999801,0.372827026,-0.792000799,-0.122511269,5.11514986
0.00077672948,-0.985930142,-9.0,-8.99999796,-8.99999801,0.372827194,-0.792000631,-0.122510908,5.11223416
0.00077772948,-0.984860404,-9.0,-8.99999796,-8.99999801,0.372827362,-0.792000463,-0.122510547,5.10931908
0.00077872948,-0.983751785,-9.0,-8.99999796,-8.99999801,0.372827529,-0.792000295,-0.122510186,5.10640459
0.00077972948,-0.982604329,-9.0,-8.99999796,-8.99999801,0.372827697,-0.792000127,-0.122509826,5.1034907
0.00078072948,-0.981418081,-9.0,-8.99999796,-8.99999801,0.372827865,-0.791999959,-0.122509465,5.10057742
0.00078172948,-0.980193089,-9.0,-8.99999796,-8.99999801,0.372828033,-0.791999792,-0.122509104,5.09766474
0.00078272948,-0.978929401,-9.0,-8.99999796,-8.99999801,0.372828201,-0.791999624,-0.122508744,5.09475266
0.00078372948,-0.977627066,-9.0,-8.99999796,-8.99999801,0.372828369,-0.791999456,-0.122508384,5.09184118
0.00078472948,-0.976286136,-9.0,-8.99999796,-8.99999801,0.372828536,-0.791999288,-0.122508023,5.0889303
0.00078572948,-0.974906664,-9.0,-8.99999796,-8.99999801,0.372828704,-0.79199912,-0.122507663,5.08602002
0.00078672948,-0.973488704,-9.0,-8.99999796,-8.99999801,0.372828872,-0.791998953,-0.122507303,5.08311035
0.00078772948,-0.972032313,-9.0,-8.99999796,-8.99999801,0.372829039,-0.791998785,-0.122506943,5.08020127
0.00078872948,-0.970537547,-9.0,-8.99999796,-8.99999801,0.372829207,-0.791998617,-0.122506583,5.0772928
0.00078972948,-0.969004467,-9.0,-8.99999796,-8.99999801,0.372829374,-0.79199845,-0.122506223,5.07438493
0.00079072948,-0.967433131,-9.0,-8.99999796,-8.99999801,0.372829542,-0.791998282,-0.122505863,5.07147766
0.00079172948,-0.965823604,-9.0,-8.99999796,-8.99999801,0.372829709,-0.791998114,-0.122505504,5.06857099
0.00079272948,-0.964175947,-9.0,-8.99999796,-8.99999801,0.372829877,-0.791997947,-0.122505144,5.06566492
0.00079372948,-0.962490226,-9.0,-8.99999796,-8.99999801,0.372830044,-0.791997779,-0.122504784,5.06275945
0.00079472948,-0.960766507,-9.0,-8.99999796,-8.99999801,0.372830212,-0.791997612,-0.122504425,5.05985458
0.00079572948,-0.959004859,-9.0,-8.99999796,-8.99999801,0.372830379,-0.791997445,-0.122504066,5.05695031
0.00079672948,-0.957205351,-9.0,-8.99999796,-8.99999801,0.372830546,-0.791997277,-0.122503706,5.05404664
0.00079772948,-0.955368055,-9.0,-8.99999796,-8.99999801,0.372830714,-0.79199711,-0.122503347,5.05114357
0.00079872948,-0.953493042,-9.0,-8.99999796,-8.99999801,0.372830881,-0.791996942,-0.122502988,5.04824109
0.00079972948,-0.951580387,-9.0,-8.99999796,-8.99999801,0.372831048,-0.791996775,-0.122502628,5.04533922
0.00080072948,-0.949630165,-9.0,-8.99999796,-8.99999801,0.372831215,-0.791996608,-0.122502269,5.04243795
0.00080172948,-0.947642453,-9.0,-8.99999796,-8.99999801,0.372831382,-0.791996441,-0.12250191,5.03953728
0.00080272948,-0.94561733,-9.0,-8.99999796,-8.99999801,0.372831549,-0.791996273,-0.122501552,5.03663721
0.00080372948,-0.943554876,-9.0,-8.99999796,-8.99999801,0.372831717,-0.791996106,-0.122501193,5.03373773
0.00080472948,-0.941455172,-9.0,-8.99999796,-8.99999801,0.372831884,-0.791995939,-0.122500834,5.03083886
0.00080572948,-0.9393183,-9.0,-8.99999796,-8.99999801,0.372832051,-0.791995772,-0.122500475,5.02794058
0.00080672948,-0.937144346,-9.0,-8.99999796,-8.99999801,0.372832218,-0.791995605,-0.122500117,5.0250429
0.00080772948,-0.934933395,-9.0,-8.99999796,-8.99999801,0.372832385,-0.791995438,-0.122499758,5.02214582
0.00080872948,-0.932685535,-9.0,-8.99999796,-8.99999801,0.372832551,-0.791995271,-0.1224994,5.01924934
0.00080972948,-0.930400854,-9.0,-8.99999796,-8.99999801,0.372832718,-0.791995104,-0.122499041,5.01635346
0.00081072948,-0.928079442,-9.0,-8.99999796,-8.99999801,0.372832885,-0.791994937,-0.122498683,5.01345818
0.00081172948,-0.925721391,-9.0,-8.99999796,-8.99999801,0.372833052,-0.79199477,-0.122498325,5.01056349
0.00081272948,-0.923326794,-9.0,-8.99999796,-8.99999801,0.372833219,-0.791994603,-0.122497966,5.0076694
0.00081372948,-0.920895746,-9.0,-8.99999796,-8.99999801,0.372833386,-0.791994437,-0.122497608,5.00477591
0.00081472948,-0.918428343,-9.0,-8.99999796,-8.99999801,0.372833552,-0.79199427,-0.12249725,5.00188302
0.00081572948,-0.915924681,-9.0,-8.99999796,-8.99999801,0.372833719,-0.791994103,-0.122496892,4.99899072
0.00081672948,-0.913384861,-9.0,-8.99999796,-8.99999801,0.372833886,-0.791993936,-0.122496534,4.99609902
0.00081772948,-0.910808981,-9.0,-8.99999796,-8.99999801,0.372834052,-0.79199377,-0.122496177,4.99320792
0.00081872948,-0.908197144,-9.0,-8.99999796,-8.99999801,0.372834219,-0.791993603,-0.122495819,4.99031742
0.00081972948,-0.905549454,-9.0,-8.99999796,-8.99999801,0.372834385,-0.791993436,-0.122495461,4.98742751
0.00082072948,-0.902866013,-9.0,-8.99999796,-8.99999801,0.372834552,-0.79199327,-0.122495104,4.98453821
0.00082172948,-0.90014693,-9.0,-8.99999796,-8.99999801,0.372834718,-0.791993103,-0.122494746,4.98164949
0.00082272948,-0.897392309,-9.0,-8.99999796,-8.99999801,0.372834885,-0.791992937,-0.122494389,4.97876138
0.00082372948,-0.894602262,-9.0,-8.99999796,-8.99999801,0.372835051,-0.79199277,-0.122494031,4.97587386
0.00082472948,-0.891776897,-9.0,-8.99999796,-8.99999801,0.372835218,-0.791992604,-0.122493674,4.97298694
0.00082572948,-0.888916326,-9.0,-8.99999796,-8.99999801,0.372835384,-0.791992437,-0.122493317,4.97010061
0.00082672948,-0.886020662,-9.0,-8.99999796,-8.99999801,0.37283555,-0.791992271,-0.12249296,4.96721488
0.00082772948,-0.88309002,-9.0,-8.99999796,-8.99999801,0.372835716,-0.791992105,-0.122492603,4.96432975
0.00082872948,-0.880124515,-9.0,-8.99999796,-8.99999801,0.372835883,-0.791991938,-0.122492246,4.96144521
0.00082972948,-0.877124264,-9.0,-8.99999796,-8.99999801,0.372836049,-0.791991772,-0.122491889,4.95856127
0.00083072948,-0.874089385,-9.0,-8.99999796,-8.99999801,0.372836215,-0.791991606,-0.122491532,4.95567792
0.00083172948,-0.871019999,-9.0,-8.99999796,-8.99999801,0.372836381,-0.791991439,-0.122491175,4.95279517
0.00083272948,-0.867916227,-9.0,-8.99999796,-8.99999801,0.372836547,-0.791991273,-0.122490819,4.94991301
0.00083372948,-0.864778191,-9.0,-8.99999796,-8.99999801,0.372836713,-0.791991107,-0.122490462,4.94703145
0.00083472948,-0.861606015,-9.0,-8.99999796,-8.99999801,0.37283688,-0.791990941,-0.122490105,4.94415049
0.00083572948,-0.858399824,-9.0,-8.99999796,-8.99999801,0.372837046,-0.791990775,-0.122489749,4.94127012
0.00083672948,-0.855159745,-9.0,-8.99999796,-8.99999801,0.372837212,-0.791990609,-0.122489393,4.93839034
0.00083772948,-0.851885906,-9.0,-8.99999796,-8.99999801,0.372837377,-0.791990443,-0.122489036,4.93551116
0.00083872948,-0.848578435,-9.0,-8.99999796,-8.99999801,0.372837543,-0.791990277,-0.12248868,4.93263258
0.00083972948,-0.845237465,-9.0,-8.99999796,-8.99999801,0.372837709,-0.791990111,-0.122488324,4.92975459
0.00084072948,-0.841863126,-9.0,-8.99999796,-8.99999801,0.372837875,-0.791989945,-0.122487968,4.92687719
0.00084172948,-0.838455551,-9.0,-8.99999796,-8.99999801,0.372838041,-0.791989779,-0.122487612,4.92400039
0.00084272948,-0.835014876,-9.0,-8.99999796,-8.99999801,0.372838207,-0.791989613,-0.122487256,4.92112418
0.00084372948,-0.831541236,-9.0,-8.99999796,-8.99999801,0.372838373,-0.791989447,-0.1224869,4.91824857
0.00084472948,-0.828034768,-9.0,-8.99999796,-8.99999801,0.372838538,-0.791989282,-0.122486544,4.91537355
0.00084572948,-0.82449561,-9.0,-8.99999796,-8.99999801,0.372838704,-0.791989116,-0.122486188,4.91249912
0.00084672948,-0.820923903,-9.0,-8.99999796,-8.99999801,0.37283887,-0.79198895,-0.122485833,4.90962529
0.00084772948,-0.817319787,-9.0,-8.99999796,-8.99999801,0.372839035,-0.791988784,-0.122485477,4.90675206
0.00084872948,-0.813683405,-9.0,-8.99999796,-8.99999801,0.372839201,-0.791988619,-0.122485122,4.90387941
0.00084972948,-0.8100149,-9.0,-8.99999796,-8.99999801,0.372839366,-0.791988453,-0.122484766,4.90100736
0.00085072948,-0.806314417,-9.0,-8.99999796,-8.99999801,0.372839532,-0.791988287,-0.122484411,4.8981359
0.00085172948,-0.802582102,-9.0,-8.99999796,-8.99999801,0.372839697,-0.791988122,-0.122484056,4.89526504
0.00085272948,-0.798818102,-9.0,-8.99999796,-8.99999801,0.372839863,-0.791987956,-0.1224837,4.89239477
0.00085372948,-0.795022567,-9.0,-8.99999796,-8.99999801,0.372840028,-0.791987791,-0.122483345,4.88952509
0.00085472948,-0.791195645,-9.0,-8.99999796,-8.99999801,0.372840194,-0.791987625,-0.12248299,4.886656
0.00085572948,-0.787337489,-9.0,-8.99999796,-8.99999801,0.372840359,-0.79198746,-0.122482635,4.88378751
0.00085672948,-0.783448249,-9.0,-8.99999796,-8.99999801,0.372840524,-0.791987295,-0.12248228,4.88091961
0.00085772948,-0.779528081,-9.0,-8.99999797,-8.99999801,0.37284069,-0.791987129,-0.122481925,4.8780523
0.00085872948,-0.775577138,-9.0,-8.99999797,-8.99999801,0.372840855,-0.791986964,-0.122481571,4.87518558
0.00085972948,-0.771595576,-9.0,-8.99999797,-8.99999801,0.37284102,-0.791986799,-0.122481216,4.87231946
0.00086072948,-0.767583553,-9.0,-8.99999797,-8.99999801,0.372841185,-0.791986633,-0.122480861,4.86945393
0.00086172948,-0.763541228,-9.0,-8.99999797,-8.99999801,0.37284135,-0.791986468,-0.122480507,4.86658899
0.00086272948,-0.759468759,-9.0,-8.99999797,-8.99999801,0.372841516,-0.791986303,-0.122480152,4.86372464
0.00086372948,-0.755366307,-9.0,-8.99999797,-8.99999801,0.372841681,-0.791986138,-0.122479798,4.86086088
0.00086472948,-0.751234035,-9.0,-8.99999797,-8.99999801,0.372841846,-0.791985973,-0.122479444,4.85799772
0.00086572948,-0.747072106,-9.0,-8.99999797,-8.99999801,0.372842011,-0.791985808,-0.122479089,4.85513514
0.00086672948,-0.742880683,-9.0,-8.99999797,-8.99999801,0.372842176,-0.791985642,-0.122478735,4.85227316
0.00086772948,-0.738659933,-9.0,-8.99999797,-8.99999801,0.372842341,-0.791985477,-0.122478381,4.84941177
0.00086872948,-0.734410022,-9.0,-8.99999797,-8.99999801,0.372842506,-0.791985312,-0.122478027,4.84655097
0.00086972948,-0.730131117,-9.0,-8.99999797,-8.99999801,0.372842671,-0.791985147,-0.122477673,4.84369076
0.00087072948,-0.725823388,-9.0,-8.99999797,-8.99999801,0.372842835,-0.791984983,-0.122477319,4.84083114
0.00087172948,-0.721487005,-9.0,-8.99999797,-8.99999801,0.372843,-0.791984818,-0.122476965,4.83797211
0.00087272948,-0.717122139,-9.0,-8.99999797,-8.99999801,0.372843165,-0.791984653,-0.122476612,4.83511368
0.00087372948,-0.712728962,-9.0,-8.99999797,-8.99999801,0.37284333,-0.791984488,-0.122476258,4.83225583
0.00087472948,-0.708307648,-9.0,-8.99999797,-8.99999801,0.372843495,-0.791984323,-0.122475904,4.82939857
0.00087572948,-0.703858371,-9.0,-8.99999797,-8.99999801,0.372843659,-0.791984158,-0.122475551,4.82654191
0.00087672948,-0.699381307,-9.0,-8.99999797,-8.99999801,0.372843824,-0.791983994,-0.122475197,4.82368583
0.00087772948,-0.694876632,-9.0,-8.99999797,-8.99999801,0.372843989,-0.791983829,-0.122474844,4.82083035
0.00087872948,-0.690344525,-9.0,-8.99999797,-8.99999801,0.372844153,-0.791983664,-0.122474491,4.81797545
0.00087972948,-0.685785164,-9.0,-8.99999797,-8.99999801,0.372844318,-0.7919835,-0.122474137,4.81512114
0.00088072948,-0.68119873,-9.0,-8.99999797,-8.99999801,0.372844482,-0.791983335,-0.122473784,4.81226743
0.00088172948,-0.676585403,-9.0,-8.99999797,-8.99999801,0.372844647,-0.79198317,-0.122473431,4.8094143
0.00088272948,-0.671945366,-9.0,-8.99999797,-8.99999801,0.372844811,-0.791983006,-0.122473078,4.80656176
0.00088372948,-0.667278801,-9.0,-8.99999797,-8.99999801,0.372844976,-0.791982841,-0.122472725,4.80370981
0.00088472948,-0.662585894,-9.0,-8.99999797,-8.99999801,0.37284514,-0.791982677,-0.122472372,4.80085845
0.00088572948,-0.657866828,-9.0,-8.99999797,-8.99999801,0.372845304,-0.791982513,-0.12247202,4.79800768
0.00088672948,-0.653121792,-9.0,-8.99999797,-8.99999801,0.372845469,-0.791982348,-0.122471667,4.7951575
0.00088772948,-0.648350971,-9.0,-8.99999797,-8.99999801,0.372845633,-0.791982184,-0.122471314,4.79230791
0.00088872948,-0.643554554,-9.0,-8.99999797,-8.99999801,0.372845797,-0.791982019,-0.122470962,4.7894589
0.00088972948,-0.638732731,-9.0,-8.99999797,-8.99999801,0.372845962,-0.791981855,-0.122470609,4.78661049
0.00089072948,-0.633885691,-9.0,-8.99999797,-8.99999801,0.372846126,-0.791981691,-0.122470257,4.78376266
0.00089172948,-0.629013628,-9.0,-8.99999797,-8.99999801,0.37284629,-0.791981527,-0.122469904,4.78091542
0.00089272948,-0.624116731,-9.0,-8.99999797,-8.99999801,0.372846454,-0.791981362,-0.122469552,4.77806877
0.00089372948,-0.619195196,-9.0,-8.99999797,-8.99999801,0.372846618,-0.791981198,-0.1224692,4.77522271
0.00089472948,-0.614249216,-9.0,-8.99999797,-8.99999801,0.372846782,-0.791981034,-0.122468848,4.77237723
0.00089572948,-0.609278986,-9.0,-8.99999797,-8.99999801,0.372846946,-0.79198087,-0.122468496,4.76953234
0.00089672948,-0.604284703,-9.0,-8.99999797,-8.99999801,0.37284711,-0.791980706,-0.122468144,4.76668804
0.00089772948,-0.599266564,-9.0,-8.99999797,-8.99999801,0.372847274,-0.791980542,-0.122467792,4.76384433
0.00089872948,-0.594224767,-9.0,-8.99999797,-8.99999801,0.372847438,-0.791980378,-0.12246744,4.76100121
0.00089972948,-0.589159511,-9.0,-8.99999797,-8.99999801,0.372847602,-0.791980214,-0.122467088,4.75815867
0.00090072948,-0.584070996,-9.0,-8.99999797,-8.99999801,0.372847766,-0.79198005,-0.122466737,4.75531672
0.00090172948,-0.578959423,-9.0,-8.99999797,-8.99999801,0.37284793,-0.791979886,-0.122466385,4.75247536
0.00090272948,-0.573824993,-9.0,-8.99999797,-8.99999801,0.372848094,-0.791979722,-0.122466033,4.74963458
0.00090372948,-0.56866791,-9.0,-8.99999797,-8.99999801,0.372848258,-0.791979558,-0.122465682,4.74679439
0.00090472948,-0.563488377,-9.0,-8.99999797,-8.99999801,0.372848421,-0.791979394,-0.122465331,4.74395479
0.00090572948,-0.558286598,-9.0,-8.99999797,-8.99999801,0.372848585,-0.791979231,-0.122464979,4.74111577
0.00090672948,-0.553062779,-9.0,-8.99999797,-8.99999801,0.372848749,-0.791979067,-0.122464628,4.73827734
0.00090772948,-0.547817126,-9.0,-8.99999797,-8.99999801,0.372848912,-0.791978903,-0.122464277,4.7354395
0.00090872948,-0.542549846,-9.0,-8.99999797,-8.99999801,0.372849076,-0.79197874,-0.122463926,4.73260224
0.00090972948,-0.537261147,-9.0,-8.99999797,-8.99999801,0.37284924,-0.791978576,-0.122463575,4.72976557
0.00091072948,-0.531951239,-9.0,-8.99999797,-8.99999801,0.372849403,-0.791978412,-0.122463224,4.72692948
0.00091172948,-0.526620329,-9.0,-8.99999797,-8.99999801,0.372849567,-0.791978249,-0.122462873,4.72409398
0.00091272948,-0.52126863,-9.0,-8.99999797,-8.99999801,0.37284973,-0.791978085,-0.122462522,4.72125907
0.00091372948,-0.515896351,-9.0,-8.99999797,-8.99999801,0.372849894,-0.791977922,-0.122462171,4.71842474
0.00091472948,-0.510503706,-9.0,-8.99999797,-8.99999801,0.372850057,-0.791977758,-0.122461821,4.715591
0.00091572948,-0.505090908,-9.0,-8.99999797,-8.99999801,0.37285022,-0.791977595,-0.12246147,4.71275784
0.00091672948,-0.499658169,-9.0,-8.99999797,-8.99999801,0.372850384,-0.791977431,-0.12246112,4.70992527
0.00091772948,-0.494205704,-9.0,-8.99999797,-8.99999801,0.372850547,-0.791977268,-0.122460769,4.70709328
0.00091872948,-0.488733729,-9.0,-8.99999797,-8.99999801,0.37285071,-0.791977105,-0.122460419,4.70426188
0.00091972948,-0.48324246,-9.0,-8.99999797,-8.99999801,0.372850874,-0.791976941,-0.122460068,4.70143106
0.00092072948,-0.477732113,-9.0,-8.99999797,-8.99999801,0.372851037,-0.791976778,-0.122459718,4.69860083
0.00092172948,-0.472202906,-9.0,-8.99999797,-8.99999801,0.3728512,-0.791976615,-0.122459368,4.69577118
0.00092272948,-0.466655057,-9.0,-8.99999797,-8.99999801,0.372851363,-0.791976451,-0.122459018,4.69294212
0.00092372948,-0.461088786,-9.0,-8.99999797,-8.99999801,0.372851526,-0.791976288,-0.122458668,4.69011364
0.00092472948,-0.455504311,-9.0,-8.99999797,-8.99999801,0.37285169,-0.791976125,-0.122458318,4.68728575
0.00092572948,-0.449901854,-9.0,-8.99999797,-8.99999801,0.372851853,-0.791975962,-0.122457968,4.68445844
0.00092672948,-0.444281636,-9.0,-8.99999797,-8.99999801,0.372852016,-0.791975799,-0.122457618,4.68163171
0.00092772948,-0.438643878,-9.0,-8.99999797,-8.99999801,0.372852179,-0.791975636,-0.122457269,4.67880557
0.00092872948,-0.432988803,-9.0,-8.99999797,-8.99999801,0.372852342,-0.791975473,-0.122456919,4.67598001
0.00092972948,-0.427316635,-9.0,-8.99999797,-8.99999801,0.372852505,-0.79197531,-0.122456569,4.67315503
0.00093072948,-0.421627597,-9.0,-8.99999797,-8.99999801,0.372852667,-0.791975147,-0.12245622,4.67033064
0.00093172948,-0.415921914,-9.0,-8.99999797,-8.99999801,0.37285283,-0.791974984,-0.12245587,4.66750683
0.00093272948,-0.41019981,-9.0,-8.99999797,-8.99999801,0.372852993,-0.791974821,-0.122455521,4.66468361
0.00093372948,-0.404461513,-9.0,-8.99999797,-8.99999801,0.372853156,-0.791974658,-0.122455172,4.66186097
0.00093472948,-0.398707249,-9.0,-8.99999797,-8.99999801,0.372853319,-0.791974495,-0.122454823,4.65903891
0.00093572948,-0.392937244,-9.0,-8.99999797,-8.99999801,0.372853482,-0.791974333,-0.122454473,4.65621743
0.00093672948,-0.387151727,-9.0,-8.99999797,-8.99999801,0.372853644,-0.79197417,-0.122454124,4.65339654
0.00093772948,-0.381350925,-9.0,-8.99999797,-8.99999801,0.372853807,-0.791974007,-0.122453775,4.65057623
0.00093872948,-0.375535069,-9.0,-8.99999797,-8.99999801,0.37285397,-0.791973844,-0.122453426,4.6477565
0.00093972948,-0.369704387,-9.0,-8.99999797,-8.99999801,0.372854132,-0.791973682,-0.122453078,4.64493736
0.00094072948,-0.363859109,-9.0,-8.99999797,-8.99999801,0.372854295,-0.791973519,-0.122452729,4.64211879
0.00094172948,-0.357999467,-9.0,-8.99999797,-8.99999801,0.372854457,-0.791973356,-0.12245238,4.63930081
0.00094272948,-0.352125692,-9.0,-8.99999797,-8.99999801,0.37285462,-0.791973194,-0.122452031,4.63648341
0.00094372948,-0.346238016,-9.0,-8.99999797,-8.99999801,0.372854782,-0.791973031,-0.122451683,4.6336666
0.00094472948,-0.340336671,-9.0,-8.99999797,-8.99999801,0.372854945,-0.791972869,-0.122451334,4.63085036
0.00094572948,-0.33442189,-9.0,-8.99999797,-8.99999801,0.372855107,-0.791972706,-0.122450986,4.62803471
0.00094672948,-0.328493906,-9.0,-8.99999797,-8.99999801,0.37285527,-0.791972544,-0.122450638,4.62521964
0.00094772948,-0.322552954,-9.0,-8.99999797,-8.99999801,0.372855432,-0.791972381,-0.122450289,4.62240515
0.00094872948,-0.316599268,-9.0,-8.99999797,-8.99999801,0.372855594,-0.791972219,-0.122449941,4.61959124
0.00094972948,-0.310633084,-9.0,-8.99999797,-8.99999801,0.372855757,-0.791972057,-0.122449593,4.61677791
0.00095072948,-0.304654636,-9.0,-8.99999797,-8.99999801,0.372855919,-0.791971894,-0.122449245,4.61396517
0.00095172948,-0.298664161,-9.0,-8.99999797,-8.99999801,0.372856081,-0.791971732,-0.122448897,4.611153
0.00095272948,-0.292661895,-9.0,-8.99999797,-8.99999801,0.372856243,-0.79197157,-0.122448549,4.60834142
0.00095372948,-0.286648076,-9.0,-8.99999797,-8.99999801,0.372856405,-0.791971408,-0.122448201,4.60553042
0.00095472948,-0.28062294,-9.0,-8.99999797,-8.99999801,0.372856568,-0.791971246,-0.122447853,4.60271999
0.00095572948,-0.274586725,-9.0,-8.99999797,-8.99999801,0.37285673,-0.791971083,-0.122447506,4.59991015
0.00095672948,-0.26853967,-9.0,-8.99999797,-8.99999801,0.372856892,-0.791970921,-0.122447158,4.59710089
0.00095772948,-0.262482014,-9.0,-8.99999797,-8.99999801,0.372857054,-0.791970759,-0.122446811,4.59429221
0.00095872948,-0.256413996,-9.0,-8.99999797,-8.99999801,0.372857216,-0.791970597,-0.122446463,4.59148411
0.00095972948,-0.250335854,-9.0,-8.99999797,-8.99999801,0.372857378,-0.791970435,-0.122446116,4.58867658
0.00096072948,-0.24424783,-9.0,-8.99999797,-8.99999801,0.37285754,-0.791970273,-0.122445768,4.58586964
0.00096172948,-0.238150164,-9.0,-8.99999797,-8.99999801,0.372857702,-0.791970111,-0.122445421,4.58306328
0.00096272948,-0.232043095,-9.0,-8.99999797,-8.99999801,0.372857863,-0.791969949,-0.122445074,4.5802575
0.00096372948,-0.225926866,-9.0,-8.99999797,-8.99999801,0.372858025,-0.791969787,-0.122444727,4.5774523
0.00096472948,-0.219801718,-9.0,-8.99999797,-8.99999801,0.372858187,-0.791969625,-0.12244438,4.57464767
0.00096572948,-0.213667892,-9.0,-8.99999797,-8.99999801,0.372858349,-0.791969464,-0.122444033,4.57184363
0.00096672948,-0.207525631,-9.0,-8.99999797,-8.99999801,0.372858511,-0.791969302,-0.122443686,4.56904017
0.00096772948,-0.201375178,-9.0,-8.99999797,-8.99999801,0.372858672,-0.79196914,-0.122443339,4.56623728
0.00096872948,-0.195216774,-9.0,-8.99999797,-8.99999801,0.372858834,-0.791968978,-0.122442992,4.56343498
0.00096972948,-0.189050664,-9.0,-8.99999797,-8.99999801,0.372858996,-0.791968817,-0.122442646,4.56063325
0.00097072948,-0.18287709,-9.0,-8.99999797,-8.99999801,0.372859157,-0.791968655,-0.122442299,4.5578321
0.00097172948,-0.176696296,-9.0,-8.99999797,-8.99999801,0.372859319,-0.791968493,-0.122441952,4.55503153
0.00097272948,-0.170508527,-9.0,-8.99999797,-8.99999801,0.37285948,-0.791968332,-0.122441606,4.55223154
0.00097372948,-0.164314026,-9.0,-8.99999797,-8.99999801,0.372859642,-0.79196817,-0.122441259,4.54943213
0.00097472948,-0.158113039,-9.0,-8.99999797,-8.99999801,0.372859803,-0.791968009,-0.122440913,4.54663329
0.00097572948,-0.15190581,-9.0,-8.99999797,-8.99999801,0.372859965,-0.791967847,-0.122440567,4.54383503
0.00097672948,-0.145692583,-9.0,-8.99999797,-8.99999801,0.372860126,-0.791967686,-0.122440221,4.54103736
0.00097772948,-0.139473605,-9.0,-8.99999797,-8.99999801,0.372860288,-0.791967524,-0.122439875,4.53824025
0.00097872948,-0.133249121,-9.0,-8.99999797,-8.99999801,0.372860449,-0.791967363,-0.122439529,4.53544373
0.00097972948,-0.127019376,-9.0,-8.99999797,-8.99999801,0.37286061,-0.791967202,-0.122439183,4.53264779
0.00098072948,-0.120784617,-9.0,-8.99999797,-8.99999801,0.372860772,-0.79196704,-0.122438837,4.52985242
0.00098172948,-0.114545089,-9.0,-8.99999797,-8.99999801,0.372860933,-0.791966879,-0.122438491,4.52705763
0.00098272948,-0.10830104,-9.0,-8.99999797,-8.99999801,0.372861094,-0.791966718,-0.122438145,4.52426342
0.00098372948,-0.102052714,-9.0,-8.99999797,-8.99999801,0.372861255,-0.791966556,-0.122437799,4.52146978
0.00098472948,-0.0958003604,-9.0,-8.99999797,-8.99999801,0.372861417,-0.791966395,-0.122437454,4.51867672
0.00098572948,-0.0895442243,-9.0,-8.99999797,-8.99999801,0.372861578,-0.791966234,-0.122437108,4.51588424
0.00098672948,-0.0832845531,-9.0,-8.99999797,-8.99999801,0.372861739,-0.791966073,-0.122436763,4.51309233
0.00098772948,-0.0770215941,-9.0,-8.99999797,-8.99999801,0.3728619,-0.791965912,-0.122436417,4.51030101
0.00098872948,-0.0707555943,-9.0,-8.99999797,-8.99999801,0.372862061,-0.791965751,-0.122436072,4.50751025
0.00098972948,-0.0644868012,-9.0,-8.99999797,-8.99999801,0.372862222,-0.79196559,-0.122435727,4.50472008
0.00099072948,-0.0582154624,-9.0,-8.99999797,-8.99999801,0.372862383,-0.791965429,-0.122435382,4.50193048
0.00099172948,-0.0519418252,-9.0,-8.99999797,-8.99999801,0.372862544,-0.791965268,-0.122435037,4.49914146
0.00099272948,-0.0456661375,-9.0,-8.99999797,-8.99999801,0.372862705,-0.791965107,-0.122434692,4.49635301
0.00099372948,-0.039388647,-9.0,-8.99999797,-8.99999801,0.372862866,-0.791964946,-0.122434347,4.49356514
0.00099472948,-0.0331096014,-9.0,-8.99999797,-8.99999801,0.372863027,-0.791964785,-0.122434002,4.49077785
0.00099572948,-0.0268292488,-9.0,-8.99999797,-8.99999801,0.372863187,-0.791964624,-0.122433657,4.48799113
0.00099672948,-0.020547837,-9.0,-8.99999797,-8.99999801,0.372863348,-0.791964463,-0.122433312,4.48520498
0.00099772948,-0.014265614,-9.0,-8.99999797,-8.99999801,0.372863509,-0.791964302,-0.122432967,4.48241942
0.00099872948,-0.00798282778,-9.0,-8.99999797,-8.99999801,0.37286367,-0.791964142,-0.122432623,4.47963442
0.00099972948,-0.00169972644,-9.0,-8.99999797,-8.99999801,0.37286383,-0.791963981,-0.122432278,4.47685001
0.00100072948,0.004583442,-9.0,-8.99999797,-8.99999801,0.372863991,-0.79196382,-0.122431934,4.47406616
0.00100172948,0.0108664295,-9.0,-8.99999797,-8.99999801,0.372864152,-0.79196366,-0.122431589,4.4712829
0.00100272948,0.017148988,-9.0,-8.99999797,-8.99999801,0.372864312,-0.791963499,-0.122431245,4.46850021
0.00100372948,0.0234308695,-9.0,-8.99999797,-8.99999801,0.372864473,-0.791963338,-0.122430901,4.46571809
0.00100472948,0.029711826,-9.0,-8.99999797,-8.99999801,0.372864633,-0.791963178,-0.122430557,4.46293655
0.00100572948,0.0359916095,-9.0,-8.99999797,-8.99999801,0.372864794,-0.791963017,-0.122430213,4.46015558
0.00100672948,0.0422699721,-9.0,-8.99999797,-8.99999801,0.372864954,-0.791962857,-0.122429868,4.45737518
0.00100772948,0.048546666,-9.0,-8.99999797,-8.99999801,0.372865115,-0.791962696,-0.122429525,4.45459537
0.00100872948,0.0548214433,-9.0,-8.99999797,-8.99999801,0.372865275,-0.791962536,-0.122429181,4.45181612
0.00100972948,0.0610940564,-9.0,-8.99999797,-8.99999801,0.372865435,-0.791962375,-0.122428837,4.44903745
0.00101072948,0.0673642576,-9.0,-8.99999797,-8.99999801,0.372865596,-0.791962215,-0.122428493,4.44625935
0.00101172948,0.0736317994,-9.0,-8.99999797,-8.99999801,0.372865756,-0.791962055,-0.122428149,4.44348183
0.00101272948,0.0798964343,-9.0,-8.99999797,-8.99999801,0.372865916,-0.791961894,-0.122427806,4.44070488
0.00101372948,0.086157915,-9.0,-8.99999797,-8.99999801,0.372866077,-0.791961734,-0.122427462,4.43792851
0.00101472948,0.0924159944,-9.0,-8.99999797,-8.99999801,0.372866237,-0.791961574,-0.122427119,4.4351527
0.00101572948,0.0986704253,-9.0,-8.99999797,-8.99999801,0.372866397,-0.791961414,-0.122426775,4.43237747
0.00101672948,0.104920961,-9.0,-8.99999797,-8.99999801,0.372866557,-0.791961254,-0.122426432,4.42960282
0.00101772948,0.111167354,-9.0,-8.99999797,-8.99999801,0.372866717,-0.791961093,-0.122426089,4.42682874
0.00101872948,0.117409359,-9.0,-8.99999797,-8.99999801,0.372866877,-0.791960933,-0.122425746,4.42405523
0.00101972948,0.123646729,-9.0,-8.99999797,-8.99999801,0.372867037,-0.791960773,-0.122425402,4.42128229
0.00102072948,0.129879217,-9.0,-8.99999797,-8.99999801,0.372867197,-0.791960613,-0.122425059,4.41850993
0.00102172948,0.136106578,-9.0,-8.99999797,-8.99999801,0.372867357,-0.791960453,-0.122424716,4.41573814
0.00102272948,0.142328566,-9.0,-8.99999797,-8.99999801,0.372867517,-0.791960293,-0.122424374,4.41296692
0.00102372948,0.148544935,-9.0,-8.99999797,-8.99999801,0.372867677,-0.791960133,-0.122424031,4.41019627
0.00102472948,0.154755439,-9.0,-8.99999797,-8.99999801,0.372867837,-0.791959973,-0.122423688,4.4074262
0.00102572948,0.160959834,-9.0,-8.99999797,-8.99999801,0.372867997,-0.791959813,-0.122423345,4.4046567
0.00102672948,0.167157875,-9.0,-8.99999797,-8.99999801,0.372868157,-0.791959653,-0.122423003,4.40188777
0.00102772948,0.173349316,-9.0,-8.99999797,-8.99999801,0.372868317,-0.791959494,-0.12242266,4.39911941
0.00102872948,0.179533914,-9.0,-8.99999797,-8.99999801,0.372868477,-0.791959334,-0.122422318,4.39635163
0.00102972948,0.185711424,-9.0,-8.99999797,-8.99999801,0.372868636,-0.791959174,-0.122421975,4.39358441
0.00103072948,0.191881603,-9.0,-8.99999797,-8.99999801,0.372868796,-0.791959014,-0.122421633,4.39081777
0.00103172948,0.198044206,-9.0,-8.99999797,-8.99999801,0.372868956,-0.791958855,-0.122421291,4.3880517
0.00103272948,0.204198992,-9.0,-8.99999797,-8.99999801,0.372869115,-0.791958695,-0.122420949,4.3852862
0.00103372948,0.210345715,-9.0,-8.99999797,-8.99999801,0.372869275,-0.791958535,-0.122420606,4.38252127
0.00103472948,0.216484135,-9.0,-8.99999797,-8.99999801,0.372869434,-0.791958376,-0.122420264,4.37975691
0.00103572948,0.222614008,-9.0,-8.99999797,-8.99999801,0.372869594,-0.791958216,-0.122419922,4.37699313
0.00103672948,0.228735093,-9.0,-8.99999797,-8.99999801,0.372869754,-0.791958057,-0.12241958,4.37422991
0.00103772948,0.234847147,-9.0,-8.99999797,-8.99999801,0.372869913,-0.791957897,-0.122419239,4.37146727
0.00103872948,0.240949931,-9.0,-8.99999797,-8.99999801,0.372870072,-0.791957738,-0.122418897,4.3687052
0.00103972948,0.247043202,-9.0,-8.99999797,-8.99999801,0.372870232,-0.791957578,-0.122418555,4.36594369
0.00104072948,0.25312672,-9.0,-8.99999797,-8.99999801,0.372870391,-0.791957419,-0.122418214,4.36318276
0.00104172948,0.259200245,-9.0,-8.99999797,-8.99999801,0.372870551,-0.791957259,-0.122417872,4.3604224
0.00104272948,0.265263537,-9.0,-8.99999797,-8.99999801,0.37287071,-0.7919571,-0.122417531,4.35766261
0.00104372948,0.271316357,-9.0,-8.99999797,-8.99999801,0.372870869,-0.791956941,-0.122417189,4.35490338
0.00104472948,0.277358466,-9.0,-8.99999797,-8.99999801,0.372871028,-0.791956782,-0.122416848,4.35214473
0.00104572948,0.283389626,-9.0,-8.99999797,-8.99999801,0.372871188,-0.791956622,-0.122416507,4.34938665
0.00104672948,0.289409598,-9.0,-8.99999797,-8.99999801,0.372871347,-0.791956463,-0.122416165,4.34662914
0.00104772948,0.295418144,-9.0,-8.99999797,-8.99999801,0.372871506,-0.791956304,-0.122415824,4.34387219
0.00104872948,0.301415028,-9.0,-8.99999797,-8.99999801,0.372871665,-0.791956145,-0.122415483,4.34111582
0.00104972948,0.307400012,-9.0,-8.99999797,-8.99999801,0.372871824,-0.791955986,-0.122415142,4.33836002
0.00105072948,0.313372861,-9.0,-8.99999797,-8.99999801,0.372871983,-0.791955826,-0.122414801,4.33560478
0.00105172948,0.319333338,-9.0,-8.99999797,-8.99999801,0.372872142,-0.791955667,-0.12241446,4.33285012
0.00105272948,0.325281209,-9.0,-8.99999797,-8.99999801,0.372872301,-0.791955508,-0.12241412,4.33009602
0.00105372948,0.331216238,-9.0,-8.99999797,-8.99999801,0.37287246,-0.791955349,-0.122413779,4.32734249
0.00105472948,0.337138191,-9.0,-8.99999797,-8.99999801,0.372872619,-0.79195519,-0.122413438,4.32458953
0.00105572948,0.343046835,-9.0,-8.99999797,-8.99999801,0.372872778,-0.791955032,-0.122413098,4.32183714
0.00105672948,0.348941935,-9.0,-8.99999797,-8.99999801,0.372872937,-0.791954873,-0.122412757,4.31908532
0.00105772948,0.35482326,-9.0,-8.99999797,-8.99999801,0.372873096,-0.791954714,-0.122412417,4.31633407
0.00105872948,0.360690577,-9.0,-8.99999797,-8.99999801,0.372873255,-0.791954555,-0.122412077,4.31358338
0.00105972948,0.366543655,-9.0,-8.99999797,-8.99999801,0.372873414,-0.791954396,-0.122411736,4.31083327
0.00106072948,0.372382262,-9.0,-8.99999797,-8.99999801,0.372873572,-0.791954237,-0.122411396,4.30808372
0.00106172948,0.378206169,-9.0,-8.99999797,-8.99999801,0.372873731,-0.791954079,-0.122411056,4.30533474
0.00106272948,0.384015144,-9.0,-8.99999797,-8.99999801,0.37287389,-0.79195392,-0.122410716,4.30258632
0.00106372948,0.389808959,-9.0,-8.99999797,-8.99999801,0.372874048,-0.791953761,-0.122410376,4.29983848
0.00106472948,0.395587385,-9.0,-8.99999797,-8.99999801,0.372874207,-0.791953603,-0.122410036,4.2970912
0.00106572948,0.401350194,-9.0,-8.99999797,-8.99999801,0.372874366,-0.791953444,-0.122409696,4.29434449
0.00106672948,0.407097158,-9.0,-8.99999797,-8.99999801,0.372874524,-0.791953285,-0.122409356,4.29159835
0.00106772948,0.412828051,-9.0,-8.99999797,-8.99999801,0.372874683,-0.791953127,-0.122409017,4.28885277
0.00106872948,0.418542646,-9.0,-8.99999797,-8.99999801,0.372874841,-0.791952968,-0.122408677,4.28610776
0.00106972948,0.424240718,-9.0,-8.99999797,-8.99999801,0.372875,-0.79195281,-0.122408337,4.28336332
0.00107072948,0.429922041,-9.0,-8.99999797,-8.99999801,0.372875158,-0.791952651,-0.122407998,4.28061945
0.00107172948,0.435586392,-9.0,-8.99999797,-8.99999801,0.372875317,-0.791952493,-0.122407659,4.27787614
0.00107272948,0.441233547,-9.0,-8.99999797,-8.99999801,0.372875475,-0.791952335,-0.122407319,4.2751334
0.00107372948,0.446863282,-9.0,-8.99999797,-8.99999801,0.372875633,-0.791952176,-0.12240698,4.27239123
0.00107472948,0.452475377,-9.0,-8.99999797,-8.99999801,0.372875792,-0.791952018,-0.122406641,4.26964962
0.00107572948,0.458069608,-9.0,-8.99999797,-8.99999801,0.37287595,-0.79195186,-0.122406302,4.26690858
0.00107672948,0.463645755,-9.0,-8.99999797,-8.99999801,0.372876108,-0.791951701,-0.122405963,4.2641681
0.00107772948,0.469203598,-9.0,-8.99999797,-8.99999801,0.372876266,-0.791951543,-0.122405624,4.26142819
0.00107872948,0.474742919,-9.0,-8.99999797,-8.99999801,0.372876425,-0.791951385,-0.122405285,4.25868885
0.00107972948,0.480263497,-9.0,-8.99999797,-8.99999801,0.372876583,-0.791951227,-0.122404946,4.25595007
0.00108072948,0.485765115,-9.0,-8.99999797,-8.99999801,0.372876741,-0.791951069,-0.122404608,4.25321186
0.00108172948,0.491247555,-9.0,-8.99999797,-8.99999801,0.372876899,-0.79195091,-0.122404269,4.25047421
0.00108272948,0.496710603,-9.0,-8.99999797,-8.99999801,0.372877057,-0.791950752,-0.122403931,4.24773713
0.00108372948,0.502154041,-9.0,-8.99999797,-8.99999801,0.372877215,-0.791950594,-0.122403593,4.24500062
0.00108472948,0.507577654,-9.0,-8.99999797,-8.99999801,0.372877373,-0.791950436,-0.122403255,4.24226466
0.00108572948,0.51298123,-9.0,-8.99999797,-8.99999801,0.372877532,-0.791950278,-0.122402917,4.23952928
0.00108672948,0.518364554,-9.0,-8.99999797,-8.99999801,0.37287769,-0.79195012,-0.122402579,4.23679446
0.00108772948,0.523727414,-9.0,-8.99999797,-8.99999801,0.372877848,-0.791949962,-0.122402242,4.2340602
0.00108872948,0.529069597,-9.0,-8.99999797,-8.99999801,0.372878006,-0.791949804,-0.122401905,4.23132651
0.00108972948,0.534390894,-9.0,-8.99999797,-8.99999801,0.372878164,-0.791949647,-0.122401568,4.22859339
0.00109072948,0.539691095,-9.0,-8.99999797,-8.99999801,0.372878322,-0.791949489,-0.122401231,4.22586082
0.00109172948,0.544969989,-9.0,-8.99999797,-8.99999801,0.37287848,-0.791949331,-0.122400895,4.22312882
0.00109272948,0.550227369,-9.0,-8.99999797,-8.99999801,0.372878638,-0.791949173,-0.12240056,4.22039739
0.00109372948,0.555463026,-9.0,-8.99999797,-8.99999801,0.372878796,-0.791949015,-0.122400225,4.21766652
0.00109472948,0.560676755,-9.0,-8.99999797,-8.99999801,0.372878955,-0.791948858,-0.122399891,4.21493621
0.00109572948,0.56586835,-9.0,-8.99999797,-8.99999801,0.372879113,-0.7919487,-0.122399557,4.21220647
0.00109672948,0.571037604,-9.0,-8.99999797,-8.99999801,0.372879272,-0.791948542,-0.122399225,4.20947729
0.00109772948,0.576184316,-9.0,-8.99999797,-8.99999801,0.372879431,-0.791948384,-0.122398894,4.20674867
0.00109872948,0.58130828,-9.0,-8.99999797,-8.99999801,0.37287959,-0.791948227,-0.122398564,4.20402061
0.00109972948,0.586409296,-9.0,-8.99999797,-8.99999801,0.372879749,-0.791948069,-0.122398237,4.20129312
0.00110072948,0.591487161,-9.0,-8.99999797,-8.99999801,0.372879909,-0.791947911,-0.122397911,4.19856618
0.00110172948,0.596541675,-9.0,-8.99999797,-8.99999801,0.372880069,-0.791947753,-0.122397588,4.19583981
0.00110272948,0.601572638,-9.0,-8.99999797,-8.99999801,0.372880229,-0.791947596,-0.122397267,4.193114
0.00110372948,0.606579853,-9.0,-8.99999797,-8.99999801,0.372880391,-0.791947438,-0.122396951,4.19038875
0.00110472948,0.611563121,-9.0,-8.99999797,-8.99999801,0.372880553,-0.79194728,-0.122396639,4.18766405
0.00110572948,0.616522245,-9.0,-8.99999797,-8.99999801,0.372880716,-0.791947122,-0.122396332,4.18493992
0.00110672948,0.62145703,-9.0,-8.99999797,-8.99999801,0.37288088,-0.791946964,-0.122396031,4.18221634
0.00110772948,0.626367282,-9.0,-8.99999797,-8.99999801,0.372881045,-0.791946806,-0.122395737,4.17949331
0.00110872948,0.631252805,-9.0,-8.99999797,-8.99999801,0.372881212,-0.791946647,-0.122395453,4.17677084
0.00110972948,0.636113407,-9.0,-8.99999797,-8.99999801,0.372881382,-0.791946489,-0.122395179,4.17404892
0.00111072948,0.640948897,-9.0,-8.99999797,-8.99999801,0.372881554,-0.79194633,-0.122394918,4.17132755
0.00111172948,0.645759083,-9.0,-8.99999797,-8.99999801,0.372881728,-0.791946171,-0.122394672,4.16860673
0.00111272948,0.650543776,-9.0,-8.99999797,-8.99999801,0.372881906,-0.791946012,-0.122394443,4.16588645
0.00111372948,0.655302786,-9.0,-8.99999797,-8.99999801,0.372882089,-0.791945852,-0.122394237,4.16316672
0.00111472948,0.660035926,-9.0,-8.99999797,-8.99999801,0.372882276,-0.791945691,-0.122394055,4.16044751
0.00111572948,0.664743009,-9.0,-8.99999797,-8.99999801,0.37288247,-0.791945531,-0.122393904,4.15772884
0.00111672948,0.66942385,-9.0,-8.99999797,-8.99999801,0.372882671,-0.791945369,-0.122393788,4.1550107
0.00111772948,0.674078262,-9.0,-8.99999797,-8.99999801,0.37288288,-0.791945207,-0.122393714,4.15229308
0.00111872948,0.678706063,-9.0,-8.99999797,-8.99999801,0.3728831,-0.791945043,-0.122393691,4.14957597
0.00111972948,0.68330707,-9.0,-8.99999797,-8.99999801,0.372883331,-0.791944878,-0.122393726,4.14685936
0.00112072948,0.687881101,-9.0,-8.99999797,-8.99999801,0.372883577,-0.791944712,-0.122393831,4.14414324
0.00112172948,0.692427976,-9.0,-8.99999797,-8.99999801,0.372883841,-0.791944545,-0.122394018,4.1414276
0.00112272948,0.696947514,-9.0,-8.99999797,-8.99999801,0.372884124,-0.791944375,-0.122394302,4.13871242
0.00112372948,0.701439539,-9.0,-8.99999797,-8.99999801,0.372884432,-0.791944203,-0.122394699,4.13599769
0.00112472948,0.705903872,-9.0,-8.99999797,-8.99999801,0.372884768,-0.791944028,-0.12239523,4.13328339
0.00112572948,0.710340337,-9.0,-8.99999797,-8.99999801,0.372885138,-0.79194385,-0.122395917,4.1305695
0.00112672948,0.714748759,-9.0,-8.99999797,-8.99999801,0.372885547,-0.791943668,-0.122396788,4.12785598
0.00112772948,0.719128964,-9.0,-8.99999797,-8.99999801,0.372886002,-0.791943482,-0.122397873,4.12514281
0.00112872948,0.723480778,-9.0,-8.99999797,-8.99999801,0.372886513,-0.791943291,-0.122399209,4.12242995
0.00112972948,0.727804032,-9.0,-8.99999797,-8.99999801,0.372887088,-0.791943093,-0.122400837,4.11971735
0.00113072948,0.732098552,-9.0,-8.99999797,-8.99999801,0.372887738,-0.791942889,-0.122402806,4.11700498
0.00113172948,0.736364171,-9.0,-8.99999797,-8.99999801,0.372888477,-0.791942676,-0.122405173,4.11429276
0.00113272948,0.740600719,-9.0,-8.99999797,-8.99999801,0.372889319,-0.791942454,-0.122408001,4.11158065
0.00113372948,0.74480803,-9.0,-8.99999797,-8.99999801,0.372890282,-0.79194222,-0.122411365,4.10886856
0.00113472948,0.748985937,-9.0,-8.99999797,-8.99999801,0.372891387,-0.791941974,-0.12241535,4.10615641
0.00113572948,0.753134275,-9.0,-8.99999797,-8.99999801,0.372892657,-0.791941713,-0.122420055,4.1034441
0.00113672948,0.757252881,-9.0,-8.99999797,-8.99999801,0.372894119,-0.791941434,-0.122425593,4.10073152
0.00113772948,0.761341592,-9.0,-8.99999797,-8.99999801,0.372895804,-0.791941136,-0.122432093,4.09801854
0.00113872948,0.765400246,-9.0,-8.99999797,-8.99999801,0.372897749,-0.791940814,-0.122439703,4.09530501
0.00113972948,0.769428683,-9.0,-8.99999797,-8.99999801,0.372899995,-0.791940466,-0.12244859,4.09259076
0.00114072948,0.773426745,-9.0,-8.99999797,-8.99999801,0.37290259,-0.791940088,-0.122458948,4.0898756
0.00114172948,0.777394273,-9.0,-8.99999797,-8.99999801,0.37290559,-0.791939674,-0.122470995,4.08715931
0.00114272948,0.781331112,-9.0,-8.99999797,-8.99999801,0.372909056,-0.791939221,-0.122484981,4.08444165
0.00114372948,0.785237104,-9.0,-8.99999797,-8.99999801,0.372913061,-0.791938721,-0.122501189,4.08172232
0.00114472948,0.789112097,-9.0,-8.99999797,-8.99999801,0.372917688,-0.79193817,-0.122519939,4.07900102
0.00114572948,0.792955936,-9.0,-8.99999797,-8.99999801,0.37292303,-0.791937558,-0.122541595,4.07627737
0.00114672948,0.796768472,-9.0,-8.99999797,-8.99999801,0.372929194,-0.791936878,-0.122566566,4.07355097
0.00114772948,0.800549552,-9.0,-8.99999797,-8.99999801,0.372936302,-0.79193612,-0.122595318,4.07082135
0.00114872948,0.804299028,-9.0,-8.99999797,-8.99999801,0.372944493,-0.791935274,-0.122628372,4.06808799
0.00114972948,0.808016752,-9.0,-8.99999797,-8.99999801,0.372953922,-0.791934327,-0.122666318,4.06535031
0.00115072948,0.811702576,-9.0,-8.99999797,-8.99999801,0.372964766,-0.791933268,-0.122709817,4.06260764
0.00115172948,0.815356356,-9.0,-8.99999797,-8.99999801,0.372977227,-0.79193208,-0.122759613,4.05985924
0.00115272948,0.818977947,-9.0,-8.99999797,-8.99999801,0.37299153,-0.791930748,-0.122816541,4.05710428
0.00115372948,0.822567206,-9.0,-8.99999797,-8.99999801,0.373007929,-0.791929252,-0.122881534,4.05434183
0.00115472948,0.826123992,-9.0,-8.99999797,-8.99999801,0.373026709,-0.791927573,-0.122955639,4.05157083
0.00115572948,0.829648163,-9.0,-8.99999797,-8.99999801,0.37304819,-0.791925689,-0.123040026,4.04879012
0.00115672948,0.833139582,-9.0,-8.99999797,-8.99999801,0.373072731,-0.791923574,-0.123135999,4.04599841
0.00115772948,0.836598109,-9.0,-8.99999797,-8.99999801,0.373100732,-0.791921201,-0.123245015,4.04319422
0.00115872948,0.840023609,-9.0,-8.99999797,-8.99999801,0.373132637,-0.791918541,-0.123368698,4.04037596
0.00115972948,0.843415947,-9.0,-8.99999797,-8.99999801,0.373168943,-0.79191556,-0.123508857,4.0375418
0.00116072948,0.846774988,-9.0,-8.99999797,-8.99999801,0.373210198,-0.791912223,-0.123667505,4.03468974
0.00116172948,0.850100599,-9.0,-8.99999797,-8.99999801,0.37325701,-0.791908492,-0.123846881,4.03181754
0.00116272948,0.85339265,-9.0,-8.99999797,-8.99999801,0.37331005,-0.791904324,-0.124049478,4.02892272
0.00116372948,0.856651011,-9.0,-8.99999797,-8.99999802,0.373370054,-0.791899675,-0.124278067,4.0260025
0.00116472948,0.859875552,-9.0,-8.99999797,-8.99999802,0.373437833,-0.791894496,-0.124535728,4.02305382
0.00116572948,0.863066148,-9.0,-8.99999797,-8.99999802,0.37351427,-0.791888734,-0.124825891,4.02007325
0.00116672948,0.86622267,-9.0,-8.99999797,-8.99999802,0.373600329,-0.791882336,-0.125152373,4.01705698
0.00116772948,0.869344996,-9.0,-8.99999797,-8.99999802,0.373697059,-0.791875243,-0.125519426,4.01400077
0.00116872948,0.872433001,-9.0,-8.99999797,-8.99999802,0.373805592,-0.791867392,-0.125931796,4.01089988
0.00116972948,0.875486565,-9.0,-8.99999797,-8.99999802,0.37392715,-0.791858722,-0.126394789,4.00774901
0.00117072948,0.878505565,-9.0,-8.99999797,-8.99999802,0.374063043,-0.791849163,-0.126914347,4.00454223
0.00117172948,0.881489884,-9.0,-8.99999797,-8.99999802,0.374214672,-0.791838649,-0.127497151,4.00127287
0.00117272948,0.884439403,-9.0,-8.99999797,-8.99999802,0.374383523,-0.791827108,-0.128150736,3.99793342
0.00117372948,0.887354006,-9.0,-8.99999797,-8.99999802,0.374571171,-0.791814468,-0.128883641,3.99451534
0.00117472948,0.890233577,-9.0,-8.99999797,-8.99999802,0.374779269,-0.791800658,-0.129705597,3.99100893
0.00117572948,0.893078004,-9.0,-8.99999797,-8.99999802,0.375009543,-0.791785605,-0.130627766,3.98740304
0.00117672948,0.895887174,-9.0,-8.99999797,-8.99999802,0.375263785,-0.791769236,-0.13166306,3.98368478
0.00117772948,0.898660975,-9.0,-8.99999797,-8.99999802,0.375543841,-0.791751479,-0.132826553,3.97983911
0.00117872948,0.901399299,-9.0,-8.99999797,-8.99999802,0.375851596,-0.791732264,-0.13413605,3.97584823
0.00117972948,0.904102037,-9.0,-8.99999797,-8.99999802,0.376188961,-0.791711517,-0.135612862,3.97169089
0.00118072948,0.906769083,-9.0,-8.99999797,-8.99999802,0.376557856,-0.791689165,-0.137282899,3.9673412
0.00118172948,0.909400331,-9.0,-8.99999797,-8.99999802,0.376962091,-0.791663905,-0.139334858,3.96261053
0.00118272948,0.911995677,-9.0,-8.99999798,-8.99999802,0.377401188,-0.791638007,-0.141526374,3.95774129
0.00118372948,0.91455502,-9.0,-8.99999798,-8.99999802,0.377877449,-0.791610207,-0.144046068,3.95254491
0.00118472948,0.917078257,-9.0,-8.99999798,-8.99999802,0.378392648,-0.791580349,-0.146969362,3.94694605
0.00118572948,0.91956529,-9.0,-8.99999798,-8.99999802,0.378948504,-0.791548205,-0.150402426,3.94083863
0.00118672948,0.92201602,-9.0,-8.99999798,-8.99999802,0.379546711,-0.791513422,-0.154502449,3.93406558
0.00118772948,0.92443035,-9.0,-8.99999798,-8.99999802,0.380189013,-0.791475404,-0.159517556,3.92637893
0.00118872948,0.926808185,-9.0,-8.99999798,-8.99999802,0.380877417,-0.791433069,-0.165874746,3.91735194
0.00118972948,0.929149432,-9.0,-8.99999798,-8.99999803,0.381614776,-0.79138421,-0.17440564,3.90615332
0.00119072948,0.931453997,-9.0,-8.99999799,-8.99999803,0.382406759,-0.791323443,-0.187076559,3.89081743
0.00119172948,0.93372179,-9.0,-8.99999799,-8.99999803,0.38327441,-0.791229313,-0.211566505,3.8636669
0.00119272948,0.935952721,-9.0,-8.99999801,-8.99999806,0.384399373,-0.790916157,-0.313482841,3.75910358
0.00119372948,0.938146703,-9.0,-8.99999806,-8.9999981,0.385901192,-0.790254741,-0.534822736,3.53515064
0.00119472948,0.940303648,-9.0,-8.99999811,-8.99999815,0.38741152,-0.789606706,-0.748972024,3.31843383
0.00119572948,0.942423472,-9.0,-8.99999815,-8.9999982,0.388937114,-0.788964216,-0.953394545,3.11148756
0.00119672948,0.94450609,-9.0,-8.9999982,-8.99999824,0.390466592,-0.788337678,-1.14782914,2.91457093
0.00119772948,0.946551421,-9.0,-8.99999824,-8.99999828,0.391997493,-0.787728567,-1.3323839,2.7275738
0.00119872948,0.948559383,-9.0,-8.99999827,-8.99999832,0.393527486,-0.787138239,-1.50713923,2.55041372
0.00119972948,0.950529898,-9.0,-8.99999831,-8.99999835,0.395054374,-0.786567925,-1.67221616,2.38296763
0.00120072948,0.952462888,-9.0,-8.99999834,-8.99999839,0.396576092,-0.786018737,-1.82776831,2.22507994
0.00120172948,0.954358276,-9.0,-8.99999838,-8.99999842,0.398090706,-0.785491672,-1.97397471,2.07656965
0.00120272948,0.956215988,-9.0,-8.99999841,-8.99999845,0.399596412,-0.784987617,-2.11103345,1.93723676
0.00120372948,0.95803595,-9.0,-8.99999843,-8.99999848,0.401091525,-0.784507358,-2.23915611,1.80686781
0.00120472948,0.95981809,-9.0,-8.99999846,-8.9999985,0.402574484,-0.78405158,-2.35856294,1.68524072
0.00120572948,0.961562338,-9.0,-8.99999849,-8.99999853,0.404043835,-0.783620881,-2.46947872,1.57212893
0.00120672948,0.963268626,-9.0,-8.99999851,-8.99999855,0.405498238,-0.783215769,-2.57212932,1.46730483
0.00120772948,0.964936885,-9.0,-8.99999853,-8.99999857,0.406936453,-0.782836674,-2.66673878,1.3705427
0.00120872948,0.96656705,-9.0,-8.99999855,-8.99999859,0.408357335,-0.782483949,-2.7535269,1.28162109
0.00120972948,0.968159057,-9.0,-8.99999857,-8.9999986,0.409759835,-0.782157878,-2.83270732,1.20032477
0.00121072948,0.969712843,-9.0,-8.99999858,-8.99999862,0.41114299,-0.781858678,-2.90448598,1.12644623
0.00121172948,0.971228346,-9.0,-8.9999986,-8.99999863,0.412505916,-0.781586504,-2.96905992,1.05978695
0.00121272948,0.972705506,-9.0,-8.99999861,-8.99999865,0.41384781,-0.781341451,-3.02661635,1.0001582
0.00121372948,0.974144266,-9.0,-8.99999862,-8.99999866,0.415167941,-0.781123562,-3.07733207,0.947381791
0.00121472948,0.975544568,-9.0,-8.99999863,-8.99999867,0.416465645,-0.780932825,-3.12137296,0.901290418
0.00121572948,0.976906358,-9.0,-8.99999864,-8.99999868,0.417740325,-0.780769182,-3.15889379,0.86172795
0.00121672948,0.978229581,-9.0,-8.99999864,-8.99999868,0.418991443,-0.780632527,-3.19003811,0.828549507
0.00121772948,0.979514185,-9.0,-8.99999865,-8.99999869,0.420218521,-0.78052271,-3.21493829,0.801621415
0.00121872948,0.980760119,-9.0,-8.99999865,-8.99999869,0.421421134,-0.780439538,-3.23371567,0.780821055
0.00121972948,0.981967335,-9.0,-8.99999866,-8.99999869,0.42259891,-0.780382781,-3.24648081,0.766036614
0.00122072948,0.983135784,-9.0,-8.99999866,-8.9999987,0.423751524,-0.780352167,-3.25333381,0.757166754
0.00122172948,0.984265421,-9.0,-8.99999866,-8.9999987,0.4248787,-0.780347389,-3.25436472,0.754120217
0.00122272948,0.985356201,-9.0,-8.99999866,-8.99999869,0.425980205,-0.780368103,-3.24965397,0.756815372
0.00122372948,0.98640808,-9.0,-8.99999866,-8.99999869,0.427055848,-0.78041393,-3.23927291,0.765179701
0.00122472948,0.987421018,-9.0,-8.99999865,-8.99999869,0.428105478,-0.780484461,-3.22328431,0.779149252
0.00122572948,0.988394974,-9.0,-8.99999865,-8.99999868,0.429128983,-0.78057925,-3.20174303,0.798668038
0.00122672948,0.98932991,-9.0,-8.99999864,-8.99999868,0.430126287,-0.780697822,-3.17469655,0.823687408
0.00122772948,0.990225789,-9.0,-8.99999863,-8.99999867,0.431097349,-0.780839672,-3.14218574,0.854165381
0.00122872948,0.991082576,-9.0,-8.99999863,-8.99999866,0.432042164,-0.781004262,-3.1042455,0.890065935
0.00122972948,0.991900236,-9.0,-8.99999862,-8.99999865,0.432960755,-0.78119103,-3.06090548,0.931358283
0.00123072948,0.992678738,-9.0,-8.99999861,-8.99999864,0.433853181,-0.78139938,-3.01219091,0.978016099
0.00123172948,0.99341805,-9.0,-8.99999859,-8.99999863,0.434719526,-0.781628693,-2.95812333,1.03001673
0.00123272948,0.994118144,-9.0,-8.99999858,-8.99999862,0.435559906,-0.781878322,-2.89872146,1.08734036
0.00123372948,0.994778992,-9.0,-8.99999857,-8.9999986,0.436374464,-0.782147594,-2.83400202,1.14996917
0.00123472948,0.995400568,-9.0,-8.99999855,-8.99999859,0.437163368,-0.782435811,-2.76398062,1.21788646
0.00123572948,0.995982847,-9.0,-8.99999853,-8.99999857,0.437926814,-0.782742252,-2.68867267,1.29107571
0.00123672948,0.996525807,-9.0,-8.99999852,-8.99999856,0.43866502,-0.783066173,-2.60809432,1.3695197
0.00123772948,0.997029425,-9.0,-8.9999985,-8.99999854,0.439378229,-0.783406808,-2.52226336,1.45319955
0.00123872948,0.997493682,-9.0,-8.99999848,-8.99999852,0.440066705,-0.783763372,-2.43120025,1.54209373
0.00123972948,0.99791856,-9.0,-8.99999846,-8.9999985,0.440730734,-0.784135059,-2.334929,1.63617713
0.00124072948,0.998304042,-9.0,-8.99999844,-8.99999847,0.441370624,-0.784521048,-2.23347826,1.73542007
0.00124172948,0.998650112,-9.0,-8.99999841,-8.99999845,0.441986698,-0.784920499,-2.1268822,1.83978728
0.00124272948,0.998956758,-9.0,-8.99999839,-8.99999843,0.442579303,-0.78533256,-2.01518152,1.94923703
0.00124372948,0.999223966,-9.0,-8.99999836,-8.9999984,0.443148797,-0.785756366,-1.89842442,2.06372006
0.00124472948,0.999451727,-9.0,-8.99999834,-8.99999837,0.443695559,-0.786191041,-1.77666749,2.18317876
0.00124572948,0.999640031,-9.0,-8.99999831,-8.99999835,0.444219981,-0.786635699,-1.64997662,2.30754621
0.00124672948,0.999788871,-9.0,-8.99999828,-8.99999832,0.444722467,-0.78708945,-1.51842786,2.43674535
0.00124772948,0.999898241,-9.0,-8.99999825,-8.99999829,0.445203437,-0.787551399,-1.38210818,2.57068823
0.00124872948,0.999968137,-9.0,-8.99999822,-8.99999826,0.445663319,-0.788020647,-1.24111624,2.70927522
0.00124972948,0.999998555,-9.0,-8.99999819,-8.99999823,0.446102555,-0.788496297,-1.095563,2.8523944
0.00125072948,0.999989496,-9.0,-8.99999815,-8.99999819,0.446521594,-0.788977454,-0.945572316,2.999921
0.00125172948,0.999940959,-9.0,-8.99999812,-8.99999816,0.446920892,-0.789463229,-0.791281374,3.15171694
0.00125272948,0.999852945,-9.0,-8.99999808,-8.99999813,0.447300915,-0.789952738,-0.632841067,3.30763045
0.00125372948,0.999725459,-9.0,-8.99999805,-8.99999809,0.447662132,-0.790445108,-0.470416303,3.4674958
0.00125472948,0.999558506,-9.0,-8.99999801,-8.99999806,0.448018795,-0.790925566,-0.307445594,3.62787401
0.00125572948,0.999352092,-9.0,-8.99999799,-8.99999804,0.448577609,-0.791183395,-0.222603018,3.71009903
0.00125672948,0.999106225,-9.0,-8.99999799,-8.99999803,0.449279741,-0.79127135,-0.197613597,3.73246008
0.00125772948,0.998820915,-9.0,-8.99999799,-8.99999803,0.449987632,-0.791324458,-0.184827394,3.74261456
0.00125872948,0.998496174,-9.0,-8.99999798,-8.99999803,0.450678784,-0.791365323,-0.176219162,3.74858941
0.00125972948,0.998132013,-9.0,-8.99999798,-8.99999803,0.451348509,-0.791399181,-0.169931176,3.75224301
0.00126072948,0.997728448,-9.0,-8.99999798,-8.99999802,0.451994654,-0.791428847,-0.164965596,3.75457359
0.00126172948,0.997285495,-9.0,-8.99999798,-8.99999802,0.452616707,-0.791455539,-0.160894207,3.75600958
0.00126272948,0.99680317,-9.0,-8.99999798,-8.99999802,0.453214659,-0.791479981,-0.157463166,3.756805
0.00126372948,0.996281493,-9.0,-8.99999798,-8.99999802,0.453788764,-0.791502636,-0.154512278,3.75712015
0.00126472948,0.995720485,-9.0,-8.99999798,-8.99999802,0.454339419,-0.791523815,-0.151934398,3.75706227
0.00126572948,0.995120167,-9.0,-8.99999798,-8.99999802,0.454867104,-0.791543739,-0.149654501,3.75670645
0.00126672948,0.994480564,-9.0,-8.99999798,-8.99999802,0.455371444,-0.791563223,-0.147490041,3.75623527
0.00126772948,0.9938017,-9.0,-8.99999798,-8.99999802,0.455854401,-0.791580991,-0.145685867,3.75540395
0.00126872948,0.993083603,-9.0,-8.99999798,-8.99999802,0.456316013,-0.791597933,-0.144036572,3.75441793
0.00126972948,0.9923263,-9.0,-8.99999798,-8.99999802,0.456756905,-0.791614083,-0.142532264,3.75328714
0.00127072948,0.991529823,-9.0,-8.99999798,-8.99999802,0.457177665,-0.791629504,-0.141153103,3.75203145
0.00127172948,0.990694201,-9.0,-8.99999798,-8.99999802,0.457578884,-0.791644245,-0.139883763,3.75066622
0.00127272948,0.989819468,-9.0,-8.99999798,-8.99999802,0.457961152,-0.791658348,-0.138711563,3.74920413
0.00127372948,0.988905659,-9.0,-8.99999798,-8.99999802,0.458325058,-0.791671848,-0.137625933,3.74765579
0.00127472948,0.98795281,-9.0,-8.99999798,-8.99999802,0.458671186,-0.791684775,-0.136617971,3.7460301
0.00127572948,0.986960958,-9.0,-8.99999798,-8.99999802,0.459000117,-0.791697157,-0.135680111,3.74433466
0.00127672948,0.985930142,-9.0,-8.99999798,-8.99999802,0.459312428,-0.791709017,-0.134805864,3.74257596
0.00127772948,0.984860404,-9.0,-8.99999797,-8.99999802,0.459608689,-0.791720375,-0.133989627,3.74075962
0.00127872948,0.983751785,-9.0,-8.99999797,-8.99999802,0.459889465,-0.791731251,-0.133226521,3.73889053
0.00127972948,0.982604329,-9.0,-8.99999797,-8.99999802,0.460155314,-0.791741662,-0.132512276,3.73697297
0.00128072948,0.981418081,-9.0,-8.99999797,-8.99999802,0.460406788,-0.791751623,-0.131843125,3.73501072
0.00128172948,0.980193089,-9.0,-8.99999797,-8.99999802,0.460644432,-0.791761149,-0.13121573,3.73300712
0.00128272948,0.978929401,-9.0,-8.99999797,-8.99999802,0.460868783,-0.791770254,-0.130627111,3.73096516
0.00128372948,0.977627066,-9.0,-8.99999797,-8.99999802,0.46108037,-0.79177895,-0.130074601,3.72888752
0.00128472948,0.976286136,-9.0,-8.99999797,-8.99999802,0.461279714,-0.79178725,-0.129555796,3.72677661
0.00128572948,0.974906664,-9.0,-8.99999797,-8.99999802,0.461467327,-0.791795166,-0.129068518,3.72463461
0.00128672948,0.973488704,-9.0,-8.99999797,-8.99999802,0.461643712,-0.791802708,-0.128610789,3.72246351
0.00128772948,0.972032313,-9.0,-8.99999797,-8.99999802,0.461809362,-0.791809889,-0.1281808,3.72026511
0.00128872948,0.970537547,-9.0,-8.99999797,-8.99999802,0.46196476,-0.791816719,-0.127776892,3.7180411
0.00128972948,0.969004467,-9.0,-8.99999797,-8.99999802,0.462110379,-0.791823208,-0.12739754,3.71579299
0.00129072948,0.967433131,-9.0,-8.99999797,-8.99999802,0.462246681,-0.791829367,-0.127041329,3.7135222
0.00129172948,0.965823604,-9.0,-8.99999797,-8.99999802,0.462374118,-0.791835207,-0.12670695,3.71123005
0.00129272948,0.964175947,-9.0,-8.99999797,-8.99999802,0.462493129,-0.791840737,-0.126393183,3.70891777
0.00129372948,0.962490226,-9.0,-8.99999797,-8.99999802,0.462604141,-0.791845968,-0.126098887,3.7065865
0.00129472948,0.960766507,-9.0,-8.99999797,-8.99999802,0.462707571,-0.791850909,-0.125822995,3.70423731
0.00129572948,0.959004859,-9.0,-8.99999797,-8.99999802,0.462803821,-0.791855571,-0.125564502,3.7018712
0.00129672948,0.957205351,-9.0,-8.99999797,-8.99999802,0.462893283,-0.791859964,-0.125322463,3.69948913
0.00129772948,0.955368055,-9.0,-8.99999797,-8.99999802,0.462976336,-0.791864098,-0.125095985,3.69709199
0.00129872948,0.953493042,-9.0,-8.99999797,-8.99999802,0.463053343,-0.791867982,-0.124884222,3.69468064
0.00129972948,0.951580387,-9.0,-8.99999797,-8.99999802,0.463124658,-0.791871626,-0.124686373,3.69225587
0.00130072948,0.949630165,-9.0,-8.99999797,-8.99999802,0.46319062,-0.79187504,-0.124501676,3.68981845
0.00130172948,0.947642453,-9.0,-8.99999797,-8.99999802,0.463251554,-0.791878234,-0.124329407,3.68736911
0.00130272948,0.94561733,-9.0,-8.99999797,-8.99999802,0.463307774,-0.791881217,-0.124168875,3.68490854
0.00130372948,0.943554876,-9.0,-8.99999797,-8.99999802,0.463359578,-0.791883998,-0.124019424,3.6824374
0.00130472948,0.941455172,-9.0,-8.99999797,-8.99999802,0.463407254,-0.791886587,-0.123880424,3.67995631
0.00130572948,0.9393183,-9.0,-8.99999797,-8.99999802,0.463451075,-0.791888992,-0.123751277,3.67746589
0.00130672948,0.937144346,-9.0,-8.99999797,-8.99999802,0.4634913,-0.791891224,-0.123631411,3.6749667
0.00130772948,0.934933395,-9.0,-8.99999797,-8.99999802,0.463528179,-0.791893289,-0.123520278,3.6724593
0.00130872948,0.932685535,-9.0,-8.99999797,-8.99999802,0.463561947,-0.791895198,-0.123417357,3.6699442
0.00130972948,0.930400854,-9.0,-8.99999797,-8.99999802,0.463592826,-0.791896959,-0.123322149,3.66742191
0.00131072948,0.928079442,-9.0,-8.99999797,-8.99999802,0.463621028,-0.791898579,-0.123234178,3.66489291
0.00131172948,0.925721391,-9.0,-8.99999797,-8.99999802,0.463646751,-0.791900066,-0.12315299,3.66235765
0.00131272948,0.923326794,-9.0,-8.99999797,-8.99999802,0.463670185,-0.791901429,-0.12307815,3.65981656
0.00131372948,0.920895746,-9.0,-8.99999797,-8.99999802,0.463691505,-0.791902675,-0.123009248,3.65727006
0.00131472948,0.918428343,-9.0,-8.99999797,-8.99999802,0.463710879,-0.791903811,-0.12294589,3.65471854
0.00131572948,0.915924681,-9.0,-8.99999797,-8.99999802,0.463728461,-0.791904843,-0.122887701,3.65216238
0.00131672948,0.913384861,-9.0,-8.99999797,-8.99999802,0.463744397,-0.791905779,-0.122834329,3.64960193
0.00131772948,0.910808981,-9.0,-8.99999797,-8.99999802,0.463758824,-0.791906625,-0.122785436,3.64703754
0.00131872948,0.908197144,-9.0,-8.99999797,-8.99999802,0.463771869,-0.791907388,-0.122740703,3.64446951
0.00131972948,0.905549454,-9.0,-8.99999797,-8.99999802,0.46378365,-0.791908072,-0.122699828,3.64189816
0.00132072948,0.902866013,-9.0,-8.99999797,-8.99999802,0.463794276,-0.791908683,-0.122662527,3.63932376
0.00132172948,0.90014693,-9.0,-8.99999797,-8.99999802,0.46380385,-0.791909227,-0.122628531,3.63674659
0.00132272948,0.897392309,-9.0,-8.99999797,-8.99999802,0.463812466,-0.791909709,-0.122597587,3.6341669
0.00132372948,0.894602262,-9.0,-8.99999797,-8.99999802,0.463820211,-0.791910133,-0.122569457,3.63158493
0.00132472948,0.891776897,-9.0,-8.99999797,-8.99999802,0.463827166,-0.791910505,-0.122543917,3.62900091
0.00132572948,0.888916326,-9.0,-8.99999797,-8.99999802,0.463833405,-0.791910827,-0.122520758,3.62641504
0.00132672948,0.886020662,-9.0,-8.99999797,-8.99999802,0.463838996,-0.791911104,-0.122499784,3.62382751
0.00132772948,0.88309002,-9.0,-8.99999797,-8.99999802,0.463844001,-0.791911341,-0.122480813,3.62123852
0.00132872948,0.880124515,-9.0,-8.99999797,-8.99999802,0.463848478,-0.791911539,-0.122463674,3.61864823
0.00132972948,0.877124264,-9.0,-8.99999797,-8.99999802,0.463852479,-0.791911703,-0.122448208,3.61605681
0.00133072948,0.874089385,-9.0,-8.99999797,-8.99999802,0.463856051,-0.791911835,-0.122434269,3.61346439
0.00133172948,0.871019999,-9.0,-8.99999797,-8.99999802,0.46385924,-0.791911939,-0.122421719,3.61087112
0.00133272948,0.867916227,-9.0,-8.99999797,-8.99999802,0.463862083,-0.791912016,-0.122410433,3.60827712
0.00133372948,0.864778191,-9.0,-8.99999797,-8.99999802,0.463864617,-0.79191207,-0.122400293,3.60568251
0.00133472948,0.861606015,-9.0,-8.99999797,-8.99999802,0.463866876,-0.791912102,-0.122391194,3.6030874
0.00133572948,0.858399824,-9.0,-8.99999797,-8.99999802,0.463868887,-0.791912115,-0.122383034,3.60049188
0.00133672948,0.855159745,-9.0,-8.99999797,-8.99999802,0.463870679,-0.79191211,-0.122375724,3.59789605
0.00133772948,0.851885906,-9.0,-8.99999797,-8.99999802,0.463872275,-0.791912089,-0.12236918,3.59529999
0.00133872948,0.848578435,-9.0,-8.99999797,-8.99999802,0.463873696,-0.791912054,-0.122363326,3.59270378
0.00133972948,0.845237465,-9.0,-8.99999797,-8.99999802,0.463874963,-0.791912006,-0.122358093,3.59010748
0.00134072948,0.841863126,-9.0,-8.99999797,-8.99999802,0.463876093,-0.791911946,-0.122353417,3.58751117
0.00134172948,0.838455551,-9.0,-8.99999797,-8.99999802,0.463877102,-0.791911876,-0.122349239,3.58491489
0.00134272948,0.835014876,-9.0,-8.99999797,-8.99999802,0.463878004,-0.791911797,-0.122345509,3.58231869
0.00134372948,0.831541236,-9.0,-8.99999797,-8.99999802,0.46387881,-0.791911709,-0.122342177,3.57972264
0.00134472948,0.828034768,-9.0,-8.99999797,-8.99999802,0.463879534,-0.791911614,-0.122339202,3.57712677
0.00134572948,0.82449561,-9.0,-8.99999797,-8.99999802,0.463880183,-0.791911513,-0.122336544,3.57453111
0.00134672948,0.820923903,-9.0,-8.99999797,-8.99999802,0.463880768,-0.791911405,-0.122334168,3.57193571
0.00134772948,0.817319787,-9.0,-8.99999797,-8.99999802,0.463881297,-0.791911293,-0.122332043,3.5693406
0.00134872948,0.813683405,-9.0,-8.99999797,-8.99999802,0.463881775,-0.791911176,-0.122330139,3.5667458
0.00134972948,0.8100149,-9.0,-8.99999797,-8.99999802,0.46388221,-0.791911054,-0.122328433,3.56415134
0.00135072948,0.806314417,-9.0,-8.99999797,-8.99999802,0.463882607,-0.79191093,-0.1223269,3.56155724
0.00135172948,0.802582102,-9.0,-8.99999797,-8.99999802,0.463882971,-0.791910802,-0.122325521,3.55896352
0.00135272948,0.798818102,-9.0,-8.99999797,-8.99999802,0.463883305,-0.791910671,-0.122324277,3.55637021
0.00135372948,0.795022567,-9.0,-8.99999797,-8.99999802,0.463883614,-0.791910537,-0.122323152,3.55377731
0.00135472948,0.791195645,-9.0,-8.99999797,-8.99999802,0.463883902,-0.791910402,-0.122322132,3.55118484
0.00135572948,0.787337489,-9.0,-8.99999797,-8.99999802,0.46388417,-0.791910265,-0.122321203,3.54859281
0.00135672948,0.783448249,-9.0,-8.99999797,-8.99999802,0.463884421,-0.791910126,-0.122320356,3.54600124
0.00135772948,0.779528081,-9.0,-8.99999797,-8.99999802,0.463884659,-0.791909986,-0.122319578,3.54341014
0.00135872948,0.775577138,-9.0,-8.99999797,-8.99999802,0.463884883,-0.791909844,-0.122318862,3.54081951
0.00135972948,0.771595576,-9.0,-8.99999797,-8.99999802,0.463885098,-0.791909701,-0.1223182,3.53822936
0.00136072948,0.767583553,-9.0,-8.99999797,-8.99999802,0.463885302,-0.791909558,-0.122317585,3.5356397
0.00136172948,0.763541228,-9.0,-8.99999797,-8.99999802,0.463885499,-0.791909413,-0.12231701,3.53305053
0.00136272948,0.759468759,-9.0,-8.99999797,-8.99999802,0.463885689,-0.791909268,-0.122316471,3.53046186
0.00136372948,0.755366307,-9.0,-8.99999797,-8.99999802,0.463885873,-0.791909122,-0.122315963,3.5278737
0.00136472948,0.751234035,-9.0,-8.99999797,-8.99999802,0.463886052,-0.791908976,-0.122315481,3.52528605
0.00136572948,0.747072106,-9.0,-8.99999797,-8.99999802,0.463886226,-0.791908829,-0.122315022,3.5226989
0.00136672948,0.742880683,-9.0,-8.99999797,-8.99999802,0.463886397,-0.791908682,-0.122314583,3.52011227
0.00136772948,0.738659933,-9.0,-8.99999797,-8.99999802,0.463886564,-0.791908534,-0.122314162,3.51752616
0.00136872948,0.734410022,-9.0,-8.99999797,-8.99999802,0.463886729,-0.791908387,-0.122313755,3.51494057
0.00136972948,0.730131117,-9.0,-8.99999797,-8.99999802,0.463886892,-0.791908239,-0.122313361,3.5123555
0.00137072948,0.725823388,-9.0,-8.99999797,-8.99999802,0.463887052,-0.79190809,-0.122312978,3.50977095
0.00137172948,0.721487005,-9.0,-8.99999797,-8.99999802,0.463887211,-0.791907942,-0.122312605,3.50718693
0.00137272948,0.717122139,-9.0,-8.99999797,-8.99999802,0.463887368,-0.791907794,-0.122312239,3.50460343
0.00137372948,0.712728962,-9.0,-8.99999797,-8.99999802,0.463887524,-0.791907645,-0.122311881,3.50202046
0.00137472948,0.708307648,-9.0,-8.99999797,-8.99999802,0.463887679,-0.791907496,-0.122311528,3.49943801
0.00137572948,0.703858371,-9.0,-8.99999797,-8.99999802,0.463887833,-0.791907347,-0.122311181,3.4968561
0.00137672948,0.699381307,-9.0,-8.99999797,-8.99999802,0.463887986,-0.791907199,-0.122310838,3.49427471
0.00137772948,0.694876632,-9.0,-8.99999797,-8.99999802,0.463888139,-0.79190705,-0.122310499,3.49169386
0.00137872948,0.690344525,-9.0,-8.99999797,-8.99999802,0.463888291,-0.791906901,-0.122310162,3.48911353
0.00137972948,0.685785164,-9.0,-8.99999797,-8.99999802,0.463888442,-0.791906752,-0.122309829,3.48653373
0.00138072948,0.68119873,-9.0,-8.99999797,-8.99999802,0.463888593,-0.791906603,-0.122309498,3.48395447
0.00138172948,0.676585403,-9.0,-8.99999797,-8.99999802,0.463888744,-0.791906454,-0.122309169,3.48137573
0.00138272948,0.671945366,-9.0,-8.99999797,-8.99999802,0.463888894,-0.791906305,-0.122308841,3.47879753
0.00138372948,0.667278801,-9.0,-8.99999797,-8.99999802,0.463889045,-0.791906156,-0.122308515,3.47621986
0.00138472948,0.662585894,-9.0,-8.99999797,-8.99999802,0.463889195,-0.791906007,-0.122308191,3.47364272
0.00138572948,0.657866828,-9.0,-8.99999797,-8.99999802,0.463889345,-0.791905858,-0.122307867,3.47106611
0.00138672948,0.653121792,-9.0,-8.99999797,-8.99999802,0.463889494,-0.791905709,-0.122307544,3.46849003
0.00138772948,0.648350971,-9.0,-8.99999797,-8.99999802,0.463889644,-0.79190556,-0.122307222,3.46591448
0.00138872948,0.643554554,-9.0,-8.99999797,-8.99999802,0.463889793,-0.791905411,-0.1223069,3.46333947
0.00138972948,0.638732731,-9.0,-8.99999797,-8.99999802,0.463889942,-0.791905262,-0.122306579,3.46076498
0.00139072948,0.633885691,-9.0,-8.99999797,-8.99999802,0.463890092,-0.791905113,-0.122306259,3.45819103
0.00139172948,0.629013628,-9.0,-8.99999797,-8.99999802,0.463890241,-0.791904965,-0.122305939,3.45561761
0.00139272948,0.624116731,-9.0,-8.99999797,-8.99999802,0.46389039,-0.791904816,-0.122305619,3.45304472
0.00139372948,0.619195196,-9.0,-8.99999797,-8.99999802,0.463890539,-0.791904667,-0.1223053,3.45047236
0.00139472948,0.614249216,-9.0,-8.99999797,-8.99999802,0.463890688,-0.791904518,-0.122304981,3.44790053
0.00139572948,0.609278986,-9.0,-8.99999797,-8.99999802,0.463890837,-0.791904369,-0.122304662,3.44532924
0.00139672948,0.604284703,-9.0,-8.99999797,-8.99999802,0.463890985,-0.791904221,-0.122304343,3.44275847
0.00139772948,0.599266564,-9.0,-8.99999797,-8.99999802,0.463891134,-0.791904072,-0.122304025,3.44018824
0.00139872948,0.594224767,-9.0,-8.99999797,-8.99999802,0.463891283,-0.791903923,-0.122303706,3.43761853
0.00139972948,0.589159511,-9.0,-8.99999797,-8.99999802,0.463891432,-0.791903775,-0.122303388,3.43504936
0.00140072948,0.584070996,-9.0,-8.99999797,-8.99999802,0.46389158,-0.791903626,-0.12230307,3.43248072
0.00140172948,0.578959423,-9.0,-8.99999797,-8.99999802,0.463891729,-0.791903478,-0.122302752,3.42991261
0.00140272948,0.573824993,-9.0,-8.99999797,-8.99999802,0.463891877,-0.791903329,-0.122302434,3.42734502
0.00140372948,0.56866791,-9.0,-8.99999797,-8.99999802,0.463892026,-0.79190318,-0.122302116,3.42477797
0.00140472948,0.563488377,-9.0,-8.99999797,-8.99999802,0.463892175,-0.791903032,-0.122301799,3.42221145
0.00140572948,0.558286598,-9.0,-8.99999797,-8.99999802,0.463892323,-0.791902884,-0.122301481,3.41964546
0.00140672948,0.553062779,-9.0,-8.99999797,-8.99999802,0.463892471,-0.791902735,-0.122301164,3.41708
0.00140772948,0.547817126,-9.0,-8.99999797,-8.99999802,0.46389262,-0.791902587,-0.122300846,3.41451507
0.00140872948,0.542549846,-9.0,-8.99999797,-8.99999802,0.463892768,-0.791902438,-0.122300529,3.41195067
0.00140972948,0.537261147,-9.0,-8.99999797,-8.99999802,0.463892917,-0.79190229,-0.122300212,3.4093868
0.00141072948,0.531951239,-9.0,-8.99999797,-8.99999802,0.463893065,-0.791902142,-0.122299895,3.40682346
0.00141172948,0.526620329,-9.0,-8.99999797,-8.99999802,0.463893213,-0.791901993,-0.122299578,3.40426065
0.00141272948,0.52126863,-9.0,-8.99999797,-8.99999802,0.463893361,-0.791901845,-0.122299261,3.40169836
0.00141372948,0.515896351,-9.0,-8.99999797,-8.99999802,0.46389351,-0.791901697,-0.122298944,3.39913661
0.00141472948,0.510503706,-9.0,-8.99999797,-8.99999802,0.463893658,-0.791901549,-0.122298627,3.39657539
0.00141572948,0.505090908,-9.0,-8.99999797,-8.99999802,0.463893806,-0.7919014,-0.12229831,3.39401469
0.00141672948,0.499658169,-9.0,-8.99999797,-8.99999802,0.463893954,-0.791901252,-0.122297994,3.39145452
0.00141772948,0.494205704,-9.0,-8.99999797,-8.99999802,0.463894102,-0.791901104,-0.122297677,3.38889489
0.00141872948,0.488733729,-9.0,-8.99999797,-8.99999802,0.46389425,-0.791900956,-0.12229736,3.38633578
0.00141972948,0.48324246,-9.0,-8.99999797,-8.99999802,0.463894398,-0.791900808,-0.122297044,3.3837772
0.00142072948,0.477732113,-9.0,-8.99999797,-8.99999802,0.463894546,-0.79190066,-0.122296727,3.38121915
0.00142172948,0.472202906,-9.0,-8.99999797,-8.99999802,0.463894694,-0.791900512,-0.122296411,3.37866162
0.00142272948,0.466655057,-9.0,-8.99999797,-8.99999802,0.463894842,-0.791900364,-0.122296095,3.37610463
0.00142372948,0.461088786,-9.0,-8.99999797,-8.99999802,0.46389499,-0.791900216,-0.122295778,3.37354816
0.00142472948,0.455504311,-9.0,-8.99999797,-8.99999802,0.463895138,-0.791900068,-0.122295462,3.37099222
0.00142572948,0.449901854,-9.0,-8.99999797,-8.99999802,0.463895286,-0.79189992,-0.122295146,3.36843681
0.00142672948,0.444281636,-9.0,-8.99999797,-8.99999802,0.463895434,-0.791899773,-0.12229483,3.36588193
0.00142772948,0.438643878,-9.0,-8.99999797,-8.99999802,0.463895581,-0.791899625,-0.122294514,3.36332757
0.00142872948,0.432988803,-9.0,-8.99999797,-8.99999802,0.463895729,-0.791899477,-0.122294198,3.36077375
0.00142972948,0.427316635,-9.0,-8.99999797,-8.99999802,0.463895877,-0.791899329,-0.122293882,3.35822045
0.00143072948,0.421627597,-9.0,-8.99999797,-8.99999802,0.463896025,-0.791899182,-0.122293567,3.35566767
0.00143172948,0.415921914,-9.0,-8.99999797,-8.99999802,0.463896172,-0.791899034,-0.122293251,3.35311543
0.00143272948,0.41019981,-9.0,-8.99999797,-8.99999802,0.46389632,-0.791898886,-0.122292935,3.35056371
0.00143372948,0.404461513,-9.0,-8.99999797,-8.99999802,0.463896467,-0.791898739,-0.12229262,3.34801252
0.00143472948,0.398707249,-9.0,-8.99999798,-8.99999802,0.463896615,-0.791898591,-0.122292304,3.34546186
0.00143572948,0.392937244,-9.0,-8.99999798,-8.99999802,0.463896763,-0.791898443,-0.122291989,3.34291172
0.00143672948,0.387151727,-9.0,-8.99999798,-8.99999802,0.46389691,-0.791898296,-0.122291673,3.34036211
0.00143772948,0.381350925,-9.0,-8.99999798,-8.99999802,0.463897058,-0.791898148,-0.122291358,3.33781303
0.00143872948,0.375535069,-9.0,-8.99999798,-8.99999802,0.463897205,-0.791898001,-0.122291043,3.33526447
0.00143972948,0.369704387,-9.0,-8.99999798,-8.99999802,0.463897353,-0.791897853,-0.122290727,3.33271644
0.00144072948,0.363859109,-9.0,-8.99999798,-8.99999802,0.4638975,-0.791897706,-0.122290412,3.33016893
0.00144172948,0.357999467,-9.0,-8.99999798,-8.99999802,0.463897647,-0.791897559,-0.122290097,3.32762196
0.00144272948,0.352125692,-9.0,-8.99999798,-8.99999802,0.463897795,-0.791897411,-0.122289782,3.3250755
0.00144372948,0.346238016,-9.0,-8.99999798,-8.99999802,0.463897942,-0.791897264,-0.122289467,3.32252958
0.00144472948,0.340336671,-9.0,-8.99999798,-8.99999802,0.463898089,-0.791897117,-0.122289152,3.31998418
0.00144572948,0.33442189,-9.0,-8.99999798,-8.99999802,0.463898236,-0.791896969,-0.122288838,3.3174393
0.00144672948,0.328493906,-9.0,-8.99999798,-8.99999802,0.463898384,-0.791896822,-0.122288523,3.31489496
0.00144772948,0.322552954,-9.0,-8.99999798,-8.99999802,0.463898531,-0.791896675,-0.122288208,3.31235113
0.00144872948,0.316599268,-9.0,-8.99999798,-8.99999802,0.463898678,-0.791896528,-0.122287894,3.30980784
0.00144972948,0.310633084,-9.0,-8.99999798,-8.99999802,0.463898825,-0.79189638,-0.122287579,3.30726506
0.00145072948,0.304654636,-9.0,-8.99999798,-8.99999802,0.463898972,-0.791896233,-0.122287265,3.30472282
0.00145172948,0.298664161,-9.0,-8.99999798,-8.99999802,0.463899119,-0.791896086,-0.12228695,3.30218109
0.00145272948,0.292661895,-9.0,-8.99999798,-8.99999802,0.463899266,-0.791895939,-0.122286636,3.2996399
0.00145372948,0.286648076,-9.0,-8.99999798,-8.99999802,0.463899413,-0.791895792,-0.122286322,3.29709923
0.00145472948,0.28062294,-9.0,-8.99999798,-8.99999802,0.46389956,-0.791895645,-0.122286007,3.29455908
0.00145572948,0.274586725,-9.0,-8.99999798,-8.99999802,0.463899707,-0.791895498,-0.122285693,3.29201946
0.00145672948,0.26853967,-9.0,-8.99999798,-8.99999802,0.463899854,-0.791895351,-0.122285379,3.28948036
0.00145772948,0.262482014,-9.0,-8.99999798,-8.99999802,0.463900001,-0.791895204,-0.122285065,3.28694179
0.00145872948,0.256413996,-9.0,-8.99999798,-8.99999802,0.463900148,-0.791895057,-0.122284751,3.28440374
0.00145972948,0.250335854,-9.0,-8.99999798,-8.99999802,0.463900295,-0.79189491,-0.122284437,3.28186621
0.00146072948,0.24424783,-9.0,-8.99999798,-8.99999802,0.463900442,-0.791894764,-0.122284123,3.27932921
0.00146172948,0.238150164,-9.0,-8.99999798,-8.99999802,0.463900588,-0.791894617,-0.12228381,3.27679274
0.00146272948,0.232043095,-9.0,-8.99999798,-8.99999802,0.463900735,-0.79189447,-0.122283496,3.27425678
0.00146372948,0.225926866,-9.0,-8.99999798,-8.99999802,0.463900882,-0.791894323,-0.122283182,3.27172136
0.00146472948,0.219801718,-9.0,-8.99999798,-8.99999802,0.463901029,-0.791894177,-0.122282869,3.26918645
0.00146572948,0.213667892,-9.0,-8.99999798,-8.99999802,0.463901175,-0.79189403,-0.122282555,3.26665207
0.00146672948,0.207525631,-9.0,-8.99999798,-8.99999802,0.463901322,-0.791893883,-0.122282242,3.26411821
0.00146772948,0.201375178,-9.0,-8.99999798,-8.99999802,0.463901468,-0.791893737,-0.122281929,3.26158488
0.00146872948,0.195216774,-9.0,-8.99999798,-8.99999802,0.463901615,-0.79189359,-0.122281615,3.25905207
0.00146972948,0.189050664,-9.0,-8.99999798,-8.99999802,0.463901762,-0.791893443,-0.122281302,3.25651978
0.00147072948,0.18287709,-9.0,-8.99999798,-8.99999802,0.463901908,-0.791893297,-0.122280989,3.25398801
0.00147172948,0.176696296,-9.0,-8.99999798,-8.99999802,0.463902055,-0.79189315,-0.122280676,3.25145677
0.00147272948,0.170508527,-9.0,-8.99999798,-8.99999802,0.463902201,-0.791893004,-0.122280363,3.24892605
0.00147372948,0.164314026,-9.0,-8.99999798,-8.99999802,0.463902347,-0.791892857,-0.12228005,3.24639586
0.00147472948,0.158113039,-9.0,-8.99999798,-8.99999802,0.463902494,-0.791892711,-0.122279737,3.24386618
0.00147572948,0.15190581,-9.0,-8.99999798,-8.99999802,0.46390264,-0.791892565,-0.122279424,3.24133703
0.00147672948,0.145692583,-9.0,-8.99999798,-8.99999802,0.463902786,-0.791892418,-0.122279111,3.23880841
0.00147772948,0.139473605,-9.0,-8.99999798,-8.99999802,0.463902933,-0.791892272,-0.122278798,3.2362803
0.00147872948,0.133249121,-9.0,-8.99999798,-8.99999802,0.463903079,-0.791892126,-0.122278486,3.23375272
0.00147972948,0.127019376,-9.0,-8.99999798,-8.99999802,0.463903225,-0.791891979,-0.122278173,3.23122565
0.00148072948,0.120784617,-9.0,-8.99999798,-8.99999802,0.463903372,-0.791891833,-0.122277861,3.22869911
0.00148172948,0.114545089,-9.0,-8.99999798,-8.99999802,0.463903518,-0.791891687,-0.122277548,3.2261731
0.00148272948,0.10830104,-9.0,-8.99999798,-8.99999802,0.463903664,-0.791891541,-0.122277236,3.2236476
0.00148372948,0.102052714,-9.0,-8.99999798,-8.99999802,0.46390381,-0.791891394,-0.122276923,3.22112263
0.00148472948,0.0958003604,-9.0,-8.99999798,-8.99999802,0.463903956,-0.791891248,-0.122276611,3.21859817
0.00148572948,0.0895442243,-9.0,-8.99999798,-8.99999802,0.463904102,-0.791891102,-0.122276299,3.21607424
0.00148672948,0.0832845531,-9.0,-8.99999798,-8.99999802,0.463904248,-0.791890956,-0.122275987,3.21355083
0.00148772948,0.0770215941,-9.0,-8.99999798,-8.99999802,0.463904394,-0.79189081,-0.122275675,3.21102794
0.00148872948,0.0707555943,-9.0,-8.99999798,-8.99999802,0.46390454,-0.791890664,-0.122275363,3.20850557
0.00148972948,0.0644868012,-9.0,-8.99999798,-8.99999802,0.463904686,-0.791890518,-0.122275051,3.20598373
0.00149072948,0.0582154624,-9.0,-8.99999798,-8.99999802,0.463904832,-0.791890372,-0.122274739,3.2034624
0.00149172948,0.0519418252,-9.0,-8.99999798,-8.99999802,0.463904978,-0.791890226,-0.122274427,3.2009416
0.00149272948,0.0456661375,-9.0,-8.99999798,-8.99999802,0.463905124,-0.79189008,-0.122274115,3.19842131
0.00149372948,0.039388647,-9.0,-8.99999798,-8.99999802,0.46390527,-0.791889935,-0.122273804,3.19590155
0.00149472948,0.0331096014,-9.0,-8.99999798,-8.99999802,0.463905415,-0.791889789,-0.122273492,3.19338231
0.00149572948,0.0268292488,-9.0,-8.99999798,-8.99999802,0.463905561,-0.791889643,-0.12227318,3.19086358
0.00149672948,0.020547837,-9.0,-8.99999798,-8.99999802,0.463905707,-0.791889497,-0.122272869,3.18834538
0.00149772948,0.014265614,-9.0,-8.99999798,-8.99999802,0.463905853,-0.791889351,-0.122272558,3.1858277
0.00149872948,0.00798282778,-9.0,-8.99999798,-8.99999802,0.463905998,-0.791889206,-0.122272246,3.18331054
0.00149972948,0.00169972644,-9.0,-8.99999798,-8.99999802,0.463906144,-0.79188906,-0.122271935,3.18079389
0.00150072948,-0.004583442,-9.0,-8.99999798,-8.99999802,0.463906289,-0.791888914,-0.122271624,3.17827777
0.00150172948,-0.0108664295,-9.0,-8.99999798,-8.99999802,0.463906435,-0.791888769,-0.122271313,3.17576217
0.00150272948,-0.017148988,-9.0,-8.99999798,-8.99999802,0.463906581,-0.791888623,-0.122271001,3.17324709
0.00150372948,-0.0234308695,-9.0,-8.99999798,-8.99999802,0.463906726,-0.791888477,-0.12227069,3.17073252
0.00150472948,-0.029711826,-9.0,-8.99999798,-8.99999802,0.463906872,-0.791888332,-0.122270379,3.16821848
0.00150572948,-0.0359916095,-9.0,-8.99999798,-8.99999802,0.463907017,-0.791888186,-0.122270068,3.16570495
0.00150672948,-0.0422699721,-9.0,-8.99999798,-8.99999802,0.463907163,-0.791888041,-0.122269758,3.16319195
0.00150772948,-0.048546666,-9.0,-8.99999798,-8.99999802,0.463907308,-0.791887895,-0.122269447,3.16067946
0.00150872948,-0.0548214433,-9.0,-8.99999798,-8.99999802,0.463907453,-0.79188775,-0.122269136,3.15816749
0.00150972948,-0.0610940564,-9.0,-8.99999798,-8.99999802,0.463907599,-0.791887605,-0.122268825,3.15565605
0.00151072948,-0.0673642576,-9.0,-8.99999798,-8.99999802,0.463907744,-0.791887459,-0.122268515,3.15314512
0.00151172948,-0.0736317994,-9.0,-8.99999798,-8.99999802,0.463907889,-0.791887314,-0.122268204,3.15063471
0.00151272948,-0.0798964343,-9.0,-8.99999798,-8.99999802,0.463908035,-0.791887169,-0.122267894,3.14812481
0.00151372948,-0.086157915,-9.0,-8.99999798,-8.99999802,0.46390818,-0.791887023,-0.122267584,3.14561544
0.00151472948,-0.0924159944,-9.0,-8.99999798,-8.99999802,0.463908325,-0.791886878,-0.122267273,3.14310658
0.00151572948,-0.0986704253,-9.0,-8.99999798,-8.99999802,0.46390847,-0.791886733,-0.122266963,3.14059825
0.00151672948,-0.104920961,-9.0,-8.99999798,-8.99999802,0.463908615,-0.791886588,-0.122266653,3.13809043
0.00151772948,-0.111167354,-9.0,-8.99999798,-8.99999802,0.46390876,-0.791886443,-0.122266343,3.13558312
0.00151872948,-0.117409359,-9.0,-8.99999798,-8.99999802,0.463908906,-0.791886297,-0.122266033,3.13307634
0.00151972948,-0.123646729,-9.0,-8.99999798,-8.99999802,0.463909051,-0.791886152,-0.122265722,3.13057008
0.00152072948,-0.129879217,-9.0,-8.99999798,-8.99999802,0.463909196,-0.791886007,-0.122265413,3.12806433
0.00152172948,-0.136106578,-9.0,-8.99999798,-8.99999802,0.463909341,-0.791885862,-0.122265103,3.1255591
0.00152272948,-0.142328566,-9.0,-8.99999798,-8.99999802,0.463909486,-0.791885717,-0.122264793,3.12305438
0.00152372948,-0.148544935,-9.0,-8.99999798,-8.99999802,0.463909631,-0.791885572,-0.122264483,3.12055019
0.00152472948,-0.154755439,-9.0,-8.99999798,-8.99999802,0.463909775,-0.791885427,-0.122264173,3.11804651
0.00152572948,-0.160959834,-9.0,-8.99999798,-8.99999802,0.46390992,-0.791885282,-0.122263864,3.11554335
0.00152672948,-0.167157875,-9.0,-8.99999798,-8.99999802,0.463910065,-0.791885137,-0.122263554,3.11304071
0.00152772948,-0.173349316,-9.0,-8.99999798,-8.99999802,0.46391021,-0.791884992,-0.122263245,3.11053858
0.00152872948,-0.179533914,-9.0,-8.99999798,-8.99999802,0.463910355,-0.791884848,-0.122262935,3.10803697
0.00152972948,-0.185711424,-9.0,-8.99999798,-8.99999802,0.4639105,-0.791884703,-0.122262626,3.10553588
0.00153072948,-0.191881603,-9.0,-8.99999798,-8.99999802,0.463910644,-0.791884558,-0.122262317,3.1030353
0.00153172948,-0.198044206,-9.0,-8.99999798,-8.99999802,0.463910789,-0.791884413,-0.122262007,3.10053524
0.00153272948,-0.204198992,-9.0,-8.99999798,-8.99999802,0.463910934,-0.791884269,-0.122261698,3.0980357
0.00153372948,-0.210345715,-9.0,-8.99999798,-8.99999802,0.463911078,-0.791884124,-0.122261389,3.09553667
0.00153472948,-0.216484135,-9.0,-8.99999798,-8.99999802,0.463911223,-0.791883979,-0.12226108,3.09303816
0.00153572948,-0.222614008,-9.0,-8.99999798,-8.99999802,0.463911368,-0.791883835,-0.122260771,3.09054016
0.00153672948,-0.228735093,-9.0,-8.99999798,-8.99999802,0.463911512,-0.79188369,-0.122260462,3.08804268
0.00153772948,-0.234847147,-9.0,-8.99999798,-8.99999802,0.463911657,-0.791883545,-0.122260153,3.08554572
0.00153872948,-0.240949931,-9.0,-8.99999798,-8.99999802,0.463911801,-0.791883401,-0.122259845,3.08304927
0.00153972948,-0.247043202,-9.0,-8.99999798,-8.99999802,0.463911946,-0.791883256,-0.122259536,3.08055334
0.00154072948,-0.25312672,-9.0,-8.99999798,-8.99999802,0.46391209,-0.791883112,-0.122259227,3.07805792
0.00154172948,-0.259200245,-9.0,-8.99999798,-8.99999802,0.463912234,-0.791882967,-0.122258919,3.07556302
0.00154272948,-0.265263537,-9.0,-8.99999798,-8.99999802,0.463912379,-0.791882823,-0.12225861,3.07306864
0.00154372948,-0.271316357,-9.0,-8.99999798,-8.99999802,0.463912523,-0.791882678,-0.122258302,3.07057477
0.00154472948,-0.277358466,-9.0,-8.99999798,-8.99999802,0.463912667,-0.791882534,-0.122257993,3.06808141
0.00154572948,-0.283389626,-9.0,-8.99999798,-8.99999802,0.463912812,-0.79188239,-0.122257685,3.06558857
0.00154672948,-0.289409598,-9.0,-8.99999798,-8.99999802,0.463912956,-0.791882245,-0.122257377,3.06309625
0.00154772948,-0.295418144,-9.0,-8.99999798,-8.99999802,0.4639131,-0.791882101,-0.122257068,3.06060444
0.00154872948,-0.301415028,-9.0,-8.99999798,-8.99999802,0.463913244,-0.791881957,-0.12225676,3.05811314
0.00154972948,-0.307400012,-9.0,-8.99999798,-8.99999802,0.463913389,-0.791881813,-0.122256452,3.05562236
0.00155072948,-0.313372861,-9.0,-8.99999798,-8.99999802,0.463913533,-0.791881668,-0.122256144,3.05313209
0.00155172948,-0.319333338,-9.0,-8.99999798,-8.99999802,0.463913677,-0.791881524,-0.122255836,3.05064234
0.00155272948,-0.325281209,-9.0,-8.99999798,-8.99999802,0.463913821,-0.79188138,-0.122255528,3.04815311
0.00155372948,-0.331216238,-9.0,-8.99999798,-8.99999802,0.463913965,-0.791881236,-0.12225522,3.04566438
0.00155472948,-0.337138191,-9.0,-8.99999798,-8.99999802,0.463914109,-0.791881092,-0.122254913,3.04317617
0.00155572948,-0.343046835,-9.0,-8.99999798,-8.99999802,0.463914253,-0.791880948,-0.122254605,3.04068848
0.00155672948,-0.348941935,-9.0,-8.99999798,-8.99999802,0.463914397,-0.791880804,-0.122254297,3.0382013
0.00155772948,-0.35482326,-9.0,-8.99999798,-8.99999802,0.463914541,-0.79188066,-0.12225399,3.03571463
0.00155872948,-0.360690577,-9.0,-8.99999798,-8.99999802,0.463914685,-0.791880516,-0.122253682,3.03322847
0.00155972948,-0.366543655,-9.0,-8.99999798,-8.99999802,0.463914829,-0.791880372,-0.122253375,3.03074283
0.00156072948,-0.372382262,-9.0,-8.99999798,-8.99999802,0.463914973,-0.791880228,-0.122253067,3.02825771
0.00156172948,-0.378206169,-9.0,-8.99999798,-8.99999802,0.463915117,-0.791880084,-0.12225276,3.02577309
0.00156272948,-0.384015144,-9.0,-8.99999798,-8.99999802,0.46391526,-0.79187994,-0.122252453,3.02328899
0.00156372948,-0.389808959,-9.0,-8.99999798,-8.99999802,0.463915404,-0.791879796,-0.122252146,3.0208054
0.00156472948,-0.395587385,-9.0,-8.99999798,-8.99999802,0.463915548,-0.791879653,-0.122251838,3.01832233
0.00156572948,-0.401350194,-9.0,-8.99999798,-8.99999802,0.463915692,-0.791879509,-0.122251531,3.01583977
0.00156672948,-0.407097158,-9.0,-8.99999798,-8.99999802,0.463915835,-0.791879365,-0.122251224,3.01335772
0.00156772948,-0.412828051,-9.0,-8.99999798,-8.99999802,0.463915979,-0.791879221,-0.122250917,3.01087618
0.00156872948,-0.418542646,-9.0,-8.99999798,-8.99999802,0.463916122,-0.791879078,-0.122250611,3.00839516
0.00156972948,-0.424240718,-9.0,-8.99999798,-8.99999802,0.463916266,-0.791878934,-0.122250304,3.00591465
0.00157072948,-0.429922041,-9.0,-8.99999798,-8.99999802,0.46391641,-0.79187879,-0.122249997,3.00343465
0.00157172948,-0.435586392,-9.0,-8.99999798,-8.99999802,0.463916553,-0.791878647,-0.12224969,3.00095516
0.00157272948,-0.441233547,-9.0,-8.99999798,-8.99999802,0.463916697,-0.791878503,-0.122249384,2.99847619
0.00157372948,-0.446863282,-9.0,-8.99999798,-8.99999802,0.46391684,-0.79187836,-0.122249077,2.99599773
0.00157472948,-0.452475377,-9.0,-8.99999798,-8.99999802,0.463916984,-0.791878216,-0.122248771,2.99351978
0.00157572948,-0.458069608,-9.0,-8.99999798,-8.99999802,0.463917127,-0.791878073,-0.122248464,2.99104234
0.00157672948,-0.463645755,-9.0,-8.99999798,-8.99999802,0.46391727,-0.791877929,-0.122248158,2.98856541
0.00157772948,-0.469203598,-9.0,-8.99999798,-8.99999802,0.463917414,-0.791877786,-0.122247852,2.986089
0.00157872948,-0.474742919,-9.0,-8.99999798,-8.99999802,0.463917557,-0.791877642,-0.122247545,2.9836131
0.00157972948,-0.480263497,-9.0,-8.99999798,-8.99999802,0.4639177,-0.791877499,-0.122247239,2.9811377
0.00158072948,-0.485765115,-9.0,-8.99999798,-8.99999802,0.463917844,-0.791877356,-0.122246933,2.97866282
0.00158172948,-0.491247555,-9.0,-8.99999798,-8.99999802,0.463917987,-0.791877212,-0.122246627,2.97618846
0.00158272948,-0.496710603,-9.0,-8.99999798,-8.99999802,0.46391813,-0.791877069,-0.122246321,2.9737146
0.00158372948,-0.502154041,-9.0,-8.99999798,-8.99999802,0.463918273,-0.791876926,-0.122246015,2.97124125
0.00158472948,-0.507577654,-9.0,-8.99999798,-8.99999802,0.463918416,-0.791876783,-0.122245709,2.96876841
0.00158572948,-0.51298123,-9.0,-8.99999798,-8.99999802,0.46391856,-0.79187664,-0.122245403,2.96629609
0.00158672948,-0.518364554,-9.0,-8.99999798,-8.99999802,0.463918703,-0.791876496,-0.122245098,2.96382427
0.00158772948,-0.523727414,-9.0,-8.99999798,-8.99999802,0.463918846,-0.791876353,-0.122244792,2.96135297
0.00158872948,-0.529069597,-9.0,-8.99999798,-8.99999802,0.463918989,-0.79187621,-0.122244486,2.95888218
0.00158972948,-0.534390894,-9.0,-8.99999798,-8.99999802,0.463919132,-0.791876067,-0.122244181,2.95641189
0.00159072948,-0.539691095,-9.0,-8.99999798,-8.99999802,0.463919275,-0.791875924,-0.122243875,2.95394212
0.00159172948,-0.544969989,-9.0,-8.99999798,-8.99999802,0.463919418,-0.791875781,-0.12224357,2.95147286
0.00159272948,-0.550227369,-9.0,-8.99999798,-8.99999802,0.463919561,-0.791875638,-0.122243265,2.9490041
0.00159372948,-0.555463026,-9.0,-8.99999798,-8.99999802,0.463919704,-0.791875495,-0.122242959,2.94653586
0.00159472948,-0.560676755,-9.0,-8.99999798,-8.99999802,0.463919846,-0.791875352,-0.122242654,2.94406813
0.00159572948,-0.56586835,-9.0,-8.99999798,-8.99999802,0.463919989,-0.791875209,-0.122242349,2.94160091
0.00159672948,-0.571037604,-9.0,-8.99999798,-8.99999802,0.463920132,-0.791875066,-0.122242044,2.93913419
0.00159772948,-0.576184316,-9.0,-8.99999798,-8.99999802,0.463920275,-0.791874923,-0.122241739,2.93666799
0.00159872948,-0.58130828,-9.0,-8.99999798,-8.99999802,0.463920418,-0.791874781,-0.122241434,2.93420229
0.00159972948,-0.586409296,-9.0,-8.99999798,-8.99999802,0.46392056,-0.791874638,-0.122241129,2.93173711
0.00160072948,-0.591487161,-9.0,-8.99999798,-8.99999802,0.463920703,-0.791874495,-0.122240824,2.92927243
0.00160172948,-0.596541675,-9.0,-8.99999798,-8.99999802,0.463920846,-0.791874352,-0.122240519,2.92680827
0.00160272948,-0.601572638,-9.0,-8.99999798,-8.99999802,0.463920988,-0.79187421,-0.122240215,2.92434461
0.00160372948,-0.606579853,-9.0,-8.99999798,-8.99999802,0.463921131,-0.791874067,-0.12223991,2.92188146
0.00160472948,-0.611563121,-9.0,-8.99999798,-8.99999802,0.463921273,-0.791873924,-0.122239605,2.91941882
0.00160572948,-0.616522245,-9.0,-8.99999798,-8.99999802,0.463921416,-0.791873782,-0.122239301,2.91695669
0.00160672948,-0.62145703,-9.0,-8.99999798,-8.99999802,0.463921559,-0.791873639,-0.122238996,2.91449506
0.00160772948,-0.626367282,-9.0,-8.99999798,-8.99999802,0.463921701,-0.791873497,-0.122238692,2.91203395
0.00160872948,-0.631252805,-9.0,-8.99999798,-8.99999802,0.463921844,-0.791873354,-0.122238388,2.90957334
0.00160972948,-0.636113407,-9.0,-8.99999798,-8.99999802,0.463921986,-0.791873212,-0.122238083,2.90711325
0.00161072948,-0.640948897,-9.0,-8.99999798,-8.99999802,0.463922128,-0.791873069,-0.122237779,2.90465366
0.00161172948,-0.645759083,-9.0,-8.99999798,-8.99999802,0.463922271,-0.791872927,-0.122237475,2.90219457
0.00161272948,-0.650543776,-9.0,-8.99999798,-8.99999802,0.463922413,-0.791872784,-0.122237171,2.899736
0.00161372948,-0.655302786,-9.0,-8.99999798,-8.99999802,0.463922555,-0.791872642,-0.122236867,2.89727794
0.00161472948,-0.660035926,-9.0,-8.99999798,-8.99999802,0.463922698,-0.791872499,-0.122236563,2.89482038
0.00161572948,-0.664743009,-9.0,-8.99999798,-8.99999802,0.46392284,-0.791872357,-0.122236259,2.89236333
0.00161672948,-0.66942385,-9.0,-8.99999798,-8.99999802,0.463922982,-0.791872215,-0.122235955,2.88990678
0.00161772948,-0.674078262,-9.0,-8.99999798,-8.99999802,0.463923124,-0.791872073,-0.122235651,2.88745075
0.00161872948,-0.678706063,-9.0,-8.99999798,-8.99999802,0.463923267,-0.79187193,-0.122235348,2.88499522
0.00161972948,-0.68330707,-9.0,-8.99999798,-8.99999802,0.463923409,-0.791871788,-0.122235044,2.8825402
0.00162072948,-0.687881101,-9.0,-8.99999798,-8.99999802,0.463923551,-0.791871646,-0.12223474,2.88008569
0.00162172948,-0.692427976,-9.0,-8.99999798,-8.99999802,0.463923693,-0.791871504,-0.122234437,2.87763168
0.00162272948,-0.696947514,-9.0,-8.99999798,-8.99999802,0.463923835,-0.791871362,-0.122234133,2.87517818
0.00162372948,-0.701439539,-9.0,-8.99999798,-8.99999802,0.463923977,-0.791871219,-0.12223383,2.87272519
0.00162472948,-0.705903872,-9.0,-8.99999798,-8.99999802,0.463924119,-0.791871077,-0.122233527,2.8702727
0.00162572948,-0.710340337,-9.0,-8.99999798,-8.99999802,0.463924261,-0.791870935,-0.122233223,2.86782072
0.00162672948,-0.714748759,-9.0,-8.99999798,-8.99999802,0.463924403,-0.791870793,-0.12223292,2.86536925
0.00162772948,-0.719128964,-9.0,-8.99999798,-8.99999802,0.463924545,-0.791870651,-0.122232617,2.86291828
0.00162872948,-0.723480778,-9.0,-8.99999798,-8.99999802,0.463924687,-0.791870509,-0.122232314,2.86046782
0.00162972948,-0.727804032,-9.0,-8.99999798,-8.99999802,0.463924829,-0.791870367,-0.122232011,2.85801787
0.00163072948,-0.732098552,-9.0,-8.99999798,-8.99999802,0.46392497,-0.791870226,-0.122231708,2.85556842
0.00163172948,-0.736364171,-9.0,-8.99999798,-8.99999802,0.463925112,-0.791870084,-0.122231405,2.85311948
0.00163272948,-0.740600719,-9.0,-8.99999798,-8.99999802,0.463925254,-0.791869942,-0.122231102,2.85067104
0.00163372948,-0.74480803,-9.0,-8.99999798,-8.99999802,0.463925396,-0.7918698,-0.1222308,2.84822311
0.00163472948,-0.748985937,-9.0,-8.99999798,-8.99999802,0.463925537,-0.791869658,-0.122230497,2.84577568
0.00163572948,-0.753134275,-9.0,-8.99999798,-8.99999802,0.463925679,-0.791869516,-0.122230194,2.84332876
0.00163672948,-0.757252881,-9.0,-8.99999798,-8.99999802,0.463925821,-0.791869375,-0.122229892,2.84088235
0.00163772948,-0.761341592,-9.0,-8.99999798,-8.99999802,0.463925962,-0.791869233,-0.122229589,2.83843644
0.00163872948,-0.765400246,-9.0,-8.99999798,-8.99999802,0.463926104,-0.791869091,-0.122229287,2.83599104
0.00163972948,-0.769428683,-9.0,-8.99999798,-8.99999802,0.463926246,-0.79186895,-0.122228984,2.83354614
0.00164072948,-0.773426745,-9.0,-8.99999798,-8.99999802,0.463926387,-0.791868808,-0.122228682,2.83110175
0.00164172948,-0.777394273,-9.0,-8.99999798,-8.99999802,0.463926529,-0.791868666,-0.12222838,2.82865786
0.00164272948,-0.781331112,-9.0,-8.99999798,-8.99999802,0.46392667,-0.791868525,-0.122228077,2.82621448
0.00164372948,-0.785237104,-9.0,-8.99999798,-8.99999802,0.463926812,-0.791868383,-0.122227775,2.8237716
0.00164472948,-0.789112097,-9.0,-8.99999798,-8.99999802,0.463926953,-0.791868242,-0.122227473,2.82132922
0.00164572948,-0.792955936,-9.0,-8.99999798,-8.99999802,0.463927094,-0.7918681,-0.122227171,2.81888735
0.00164672948,-0.796768472,-9.0,-8.99999798,-8.99999802,0.463927236,-0.791867959,-0.122226869,2.81644599
0.00164772948,-0.800549552,-9.0,-8.99999798,-8.99999802,0.463927377,-0.791867818,-0.122226567,2.81400513
0.00164872948,-0.804299028,-9.0,-8.99999798,-8.99999802,0.463927518,-0.791867676,-0.122226266,2.81156477
0.00164972948,-0.808016752,-9.0,-8.99999798,-8.99999802,0.46392766,-0.791867535,-0.122225964,2.80912492
0.00165072948,-0.811702576,-9.0,-8.99999798,-8.99999802,0.463927801,-0.791867393,-0.122225662,2.80668557
0.00165172948,-0.815356356,-9.0,-8.99999798,-8.99999802,0.463927942,-0.791867252,-0.122225361,2.80424672
0.00165272948,-0.818977947,-9.0,-8.99999798,-8.99999802,0.463928083,-0.791867111,-0.122225059,2.80180838
0.00165372948,-0.822567206,-9.0,-8.99999798,-8.99999802,0.463928224,-0.79186697,-0.122224757,2.79937055
0.00165472948,-0.826123992,-9.0,-8.99999798,-8.99999802,0.463928366,-0.791866828,-0.122224456,2.79693321
0.00165572948,-0.829648163,-9.0,-8.99999798,-8.99999802,0.463928507,-0.791866687,-0.122224155,2.79449638
0.00165672948,-0.833139582,-9.0,-8.99999798,-8.99999802,0.463928648,-0.791866546,-0.122223853,2.79206005
0.00165772948,-0.836598109,-9.0,-8.99999798,-8.99999802,0.463928789,-0.791866405,-0.122223552,2.78962423
0.00165872948,-0.840023609,-9.0,-8.99999798,-8.99999802,0.46392893,-0.791866264,-0.122223251,2.78718891
0.00165972948,-0.843415947,-9.0,-8.99999798,-8.99999802,0.463929071,-0.791866123,-0.12222295,2.78475409
0.00166072948,-0.846774988,-9.0,-8.99999798,-8.99999802,0.463929212,-0.791865982,-0.122222649,2.78231978
0.00166172948,-0.850100599,-9.0,-8.99999798,-8.99999802,0.463929353,-0.791865841,-0.122222348,2.77988597
0.00166272948,-0.85339265,-9.0,-8.99999798,-8.99999802,0.463929494,-0.7918657,-0.122222047,2.77745266
0.00166372948,-0.856651011,-9.0,-8.99999798,-8.99999802,0.463929635,-0.791865559,-0.122221746,2.77501985
0.00166472948,-0.859875552,-9.0,-8.99999798,-8.99999802,0.463929775,-0.791865418,-0.122221445,2.77258755
0.00166572948,-0.863066148,-9.0,-8.99999798,-8.99999802,0.463929916,-0.791865277,-0.122221144,2.77015575
0.00166672948,-0.86622267,-9.0,-8.99999798,-8.99999802,0.463930057,-0.791865136,-0.122220843,2.76772445
0.00166772948,-0.869344996,-9.0,-8.99999798,-8.99999802,0.463930198,-0.791864995,-0.122220543,2.76529365
0.00166872948,-0.872433001,-9.0,-8.99999798,-8.99999802,0.463930339,-0.791864854,-0.122220242,2.76286336
0.00166972948,-0.875486565,-9.0,-8.99999798,-8.99999802,0.463930479,-0.791864714,-0.122219942,2.76043356
0.00167072948,-0.878505565,-9.0,-8.99999798,-8.99999802,0.46393062,-0.791864573,-0.122219641,2.75800427
0.00167172948,-0.881489884,-9.0,-8.99999798,-8.99999802,0.463930761,-0.791864432,-0.122219341,2.75557548
0.00167272948,-0.884439403,-9.0,-8.99999798,-8.99999802,0.463930901,-0.791864291,-0.122219041,2.7531472
0.00167372948,-0.887354006,-9.0,-8.99999798,-8.99999802,0.463931042,-0.791864151,-0.12221874,2.75071941
0.00167472948,-0.890233577,-9.0,-8.99999798,-8.99999802,0.463931182,-0.79186401,-0.12221844,2.74829213
0.00167572948,-0.893078004,-9.0,-8.99999798,-8.99999802,0.463931323,-0.791863869,-0.12221814,2.74586534
0.00167672948,-0.895887174,-9.0,-8.99999798,-8.99999802,0.463931463,-0.791863729,-0.12221784,2.74343906
0.00167772948,-0.898660975,-9.0,-8.99999798,-8.99999802,0.463931604,-0.791863588,-0.12221754,2.74101328
0.00167872948,-0.901399299,-9.0,-8.99999798,-8.99999802,0.463931744,-0.791863448,-0.12221724,2.738588
0.00167972948,-0.904102037,-9.0,-8.99999798,-8.99999802,0.463931885,-0.791863307,-0.12221694,2.73616323
0.00168072948,-0.906769083,-9.0,-8.99999798,-8.99999802,0.463932025,-0.791863167,-0.12221664,2.73373895
0.00168172948,-0.909400331,-9.0,-8.99999798,-8.99999802,0.463932166,-0.791863026,-0.12221634,2.73131517
0.00168272948,-0.911995677,-9.0,-8.99999798,-8.99999802,0.463932306,-0.791862886,-0.122216041,2.7288919
0.00168372948,-0.91455502,-9.0,-8.99999798,-8.99999802,0.463932446,-0.791862745,-0.122215741,2.72646912
0.00168472948,-0.917078257,-9.0,-8.99999798,-8.99999802,0.463932587,-0.791862605,-0.122215441,2.72404685
0.00168572948,-0.91956529,-9.0,-8.99999798,-8.99999802,0.463932727,-0.791862465,-0.122215142,2.72162507
0.00168672948,-0.92201602,-9.0,-8.99999798,-8.99999802,0.463932867,-0.791862324,-0.122214843,2.7192038
0.00168772948,-0.92443035,-9.0,-8.99999798,-8.99999802,0.463933007,-0.791862184,-0.122214543,2.71678302
0.00168872948,-0.926808185,-9.0,-8.99999798,-8.99999802,0.463933147,-0.791862044,-0.122214244,2.71436275
0.00168972948,-0.929149432,-9.0,-8.99999798,-8.99999802,0.463933288,-0.791861904,-0.122213945,2.71194297
0.00169072948,-0.931453997,-9.0,-8.99999798,-8.99999802,0.463933428,-0.791861763,-0.122213645,2.7095237
0.00169172948,-0.93372179,-9.0,-8.99999798,-8.99999802,0.463933568,-0.791861623,-0.122213346,2.70710493
0.00169272948,-0.935952721,-9.0,-8.99999798,-8.99999802,0.463933708,-0.791861483,-0.122213047,2.70468665
0.00169372948,-0.938146703,-9.0,-8.99999798,-8.99999802,0.463933848,-0.791861343,-0.122212748,2.70226887
0.00169472948,-0.940303648,-9.0,-8.99999798,-8.99999802,0.463933988,-0.791861203,-0.122212449,2.6998516
0.00169572948,-0.942423472,-9.0,-8.99999798,-8.99999802,0.463934128,-0.791861063,-0.12221215,2.69743482
0.00169672948,-0.94450609,-9.0,-8.99999798,-8.99999802,0.463934268,-0.791860923,-0.122211851,2.69501854
0.00169772948,-0.946551421,-9.0,-8.99999798,-8.99999802,0.463934408,-0.791860783,-0.122211553,2.69260277
0.00169872948,-0.948559383,-9.0,-8.99999798,-8.99999802,0.463934548,-0.791860643,-0.122211254,2.69018749
0.00169972948,-0.950529898,-9.0,-8.99999798,-8.99999802,0.463934687,-0.791860503,-0.122210955,2.68777271
0.00170072948,-0.952462888,-9.0,-8.99999798,-8.99999802,0.463934827,-0.791860363,-0.122210657,2.68535843
0.00170172948,-0.954358276,-9.0,-8.99999798,-8.99999802,0.463934967,-0.791860223,-0.122210358,2.68294464
0.00170272948,-0.956215988,-9.0,-8.99999798,-8.99999802,0.463935107,-0.791860083,-0.12221006,2.68053136
0.00170372948,-0.95803595,-9.0,-8.99999798,-8.99999802,0.463935247,-0.791859943,-0.122209761,2.67811857
0.00170472948,-0.95981809,-9.0,-8.99999798,-8.99999802,0.463935386,-0.791859804,-0.122209463,2.67570629
0.00170572948,-0.961562338,-9.0,-8.99999798,-8.99999802,0.463935526,-0.791859664,-0.122209165,2.6732945
0.00170672948,-0.963268626,-9.0,-8.99999798,-8.99999802,0.463935666,-0.791859524,-0.122208866,2.67088321
0.00170772948,-0.964936885,-9.0,-8.99999798,-8.99999802,0.463935805,-0.791859384,-0.122208568,2.66847241
0.00170872948,-0.96656705,-9.0,-8.99999798,-8.99999802,0.463935945,-0.791859245,-0.12220827,2.66606212
0.00170972948,-0.968159057,-9.0,-8.99999798,-8.99999802,0.463936085,-0.791859105,-0.122207972,2.66365232
0.00171072948,-0.969712843,-9.0,-8.99999798,-8.99999802,0.463936224,-0.791858965,-0.122207674,2.66124302
0.00171172948,-0.971228346,-9.0,-8.99999798,-8.99999802,0.463936364,-0.791858826,-0.122207376,2.65883422
0.00171272948,-0.972705506,-9.0,-8.99999798,-8.99999802,0.463936503,-0.791858686,-0.122207078,2.65642592
0.00171372948,-0.974144266,-9.0,-8.99999798,-8.99999802,0.463936643,-0.791858547,-0.122206781,2.65401811
0.00171472948,-0.975544568,-9.0,-8.99999798,-8.99999802,0.463936782,-0.791858407,-0.122206483,2.6516108
0.00171572948,-0.976906358,-9.0,-8.99999798,-8.99999802,0.463936921,-0.791858267,-0.122206185,2.64920399
0.00171672948,-0.978229581,-9.0,-8.99999798,-8.99999802,0.463937061,-0.791858128,-0.122205888,2.64679767
0.00171772948,-0.979514185,-9.0,-8.99999798,-8.99999802,0.4639372,-0.791857989,-0.12220559,2.64439186
0.00171872948,-0.980760119,-9.0,-8.99999798,-8.99999802,0.463937339,-0.791857849,-0.122205293,2.64198654
0.00171972948,-0.981967335,-9.0,-8.99999798,-8.99999802,0.463937479,-0.79185771,-0.122204995,2.63958171
0.00172072948,-0.983135784,-9.0,-8.99999798,-8.99999802,0.463937618,-0.79185757,-0.122204698,2.63717739
0.00172172948,-0.984265421,-9.0,-8.99999798,-8.99999802,0.463937757,-0.791857431,-0.122204401,2.63477355
0.00172272948,-0.985356201,-9.0,-8.99999798,-8.99999802,0.463937897,-0.791857292,-0.122204103,2.63237022
0.00172372948,-0.98640808,-9.0,-8.99999798,-8.99999802,0.463938036,-0.791857153,-0.122203806,2.62996738
0.00172472948,-0.987421018,-9.0,-8.99999798,-8.99999802,0.463938175,-0.791857013,-0.122203509,2.62756504
0.00172572948,-0.988394974,-9.0,-8.99999798,-8.99999802,0.463938314,-0.791856874,-0.122203212,2.6251632
0.00172672948,-0.98932991,-9.0,-8.99999798,-8.99999802,0.463938453,-0.791856735,-0.122202915,2.62276185
0.00172772948,-0.990225789,-9.0,-8.99999798,-8.99999802,0.463938592,-0.791856596,-0.122202618,2.620361
0.00172872948,-0.991082576,-9.0,-8.99999798,-8.99999802,0.463938731,-0.791856457,-0.122202321,2.61796064
0.00172972948,-0.991900236,-9.0,-8.99999798,-8.99999802,0.46393887,-0.791856317,-0.122202025,2.61556078
0.00173072948,-0.992678738,-9.0,-8.99999798,-8.99999802,0.463939009,-0.791856178,-0.122201728,2.61316141
0.00173172948,-0.99341805,-9.0,-8.99999798,-8.99999802,0.463939148,-0.791856039,-0.122201431,2.61076254
0.00173272948,-0.994118144,-9.0,-8.99999798,-8.99999802,0.463939287,-0.7918559,-0.122201135,2.60836417
0.00173372948,-0.994778992,-9.0,-8.99999798,-8.99999802,0.463939426,-0.791855761,-0.122200838,2.60596629
0.00173472948,-0.995400568,-9.0,-8.99999798,-8.99999802,0.463939565,-0.791855622,-0.122200542,2.60356891
0.00173572948,-0.995982847,-9.0,-8.99999798,-8.99999802,0.463939704,-0.791855483,-0.122200245,2.60117202
0.00173672948,-0.996525807,-9.0,-8.99999798,-8.99999802,0.463939843,-0.791855345,-0.122199949,2.59877563
0.00173772948,-0.997029425,-9.0,-8.99999798,-8.99999802,0.463939981,-0.791855206,-0.122199652,2.59637973
0.00173872948,-0.997493682,-9.0,-8.99999798,-8.99999802,0.46394012,-0.791855067,-0.122199356,2.59398433
0.00173972948,-0.99791856,-9.0,-8.99999798,-8.99999802,0.463940259,-0.791854928,-0.12219906,2.59158942
0.00174072948,-0.998304042,-9.0,-8.99999798,-8.99999802,0.463940398,-0.791854789,-0.122198764,2.58919501
0.00174172948,-0.998650112,-9.0,-8.99999798,-8.99999802,0.463940536,-0.79185465,-0.122198468,2.58680109
0.00174272948,-0.998956758,-9.0,-8.99999798,-8.99999802,0.463940675,-0.791854512,-0.122198172,2.58440766
0.00174372948,-0.999223966,-9.0,-8.99999798,-8.99999802,0.463940814,-0.791854373,-0.122197876,2.58201473
0.00174472948,-0.999451727,-9.0,-8.99999798,-8.99999802,0.463940952,-0.791854234,-0.12219758,2.5796223
0.00174572948,-0.999640031,-9.0,-8.99999798,-8.99999802,0.463941091,-0.791854096,-0.122197284,2.57723035
0.00174672948,-0.999788871,-9.0,-8.99999798,-8.99999802,0.463941229,-0.791853957,-0.122196988,2.57483891
0.00174772948,-0.999898241,-9.0,-8.99999798,-8.99999802,0.463941368,-0.791853818,-0.122196693,2.57244795
0.00174872948,-0.999968137,-9.0,-8.99999798,-8.99999802,0.463941506,-0.79185368,-0.122196397,2.57005749
0.00174972948,-0.999998555,-9.0,-8.99999798,-8.99999802,0.463941645,-0.791853541,-0.122196102,2.56766753
0.00175072948,-0.999989496,-9.0,-8.99999798,-8.99999802,0.463941783,-0.791853403,-0.122195806,2.56527806
0.00175172948,-0.999940959,-9.0,-8.99999798,-8.99999802,0.463941922,-0.791853264,-0.122195511,2.56288908
0.00175272948,-0.999852945,-9.0,-8.99999798,-8.99999802,0.46394206,-0.791853126,-0.122195215,2.56050059
0.00175372948,-0.999725459,-9.0,-8.99999798,-8.99999802,0.463942198,-0.791852987,-0.12219492,2.5581126
0.00175472948,-0.999558506,-9.0,-8.99999798,-8.99999802,0.463942337,-0.791852849,-0.122194625,2.5557251
0.00175572948,-0.999352092,-9.0,-8.99999798,-8.99999802,0.463942475,-0.791852711,-0.122194329,2.5533381
0.00175672948,-0.999106225,-9.0,-8.99999798,-8.99999802,0.463942613,-0.791852572,-0.122194034,2.55095159
0.00175772948,-0.998820915,-9.0,-8.99999798,-8.99999802,0.463942751,-0.791852434,-0.122193739,2.54856557
0.00175872948,-0.998496174,-9.0,-8.99999798,-8.99999802,0.46394289,-0.791852296,-0.122193444,2.54618004
0.00175972948,-0.998132013,-9.0,-8.99999798,-8.99999802,0.463943028,-0.791852157,-0.122193149,2.54379501
0.00176072948,-0.997728448,-9.0,-8.99999798,-8.99999802,0.463943166,-0.791852019,-0.122192854,2.54141047
0.00176172948,-0.997285495,-9.0,-8.99999798,-8.99999802,0.463943304,-0.791851881,-0.12219256,2.53902642
0.00176272948,-0.99680317,-9.0,-8.99999798,-8.99999802,0.463943442,-0.791851743,-0.122192265,2.53664286
0.00176372948,-0.996281493,-9.0,-8.99999798,-8.99999802,0.46394358,-0.791851604,-0.12219197,2.5342598
0.00176472948,-0.995720485,-9.0,-8.99999798,-8.99999802,0.463943718,-0.791851466,-0.122191675,2.53187723
0.00176572948,-0.995120167,-9.0,-8.99999798,-8.99999802,0.463943856,-0.791851328,-0.122191381,2.52949515
0.00176672948,-0.994480564,-9.0,-8.99999798,-8.99999802,0.463943994,-0.79185119,-0.122191086,2.52711356
0.00176772948,-0.9938017,-9.0,-8.99999798,-8.99999802,0.463944132,-0.791851052,-0.122190792,2.52473247
0.00176872948,-0.993083603,-9.0,-8.99999798,-8.99999802,0.46394427,-0.791850914,-0.122190497,2.52235186
0.00176972948,-0.9923263,-9.0,-8.99999798,-8.99999802,0.463944408,-0.791850776,-0.122190203,2.51997175
0.00177072948,-0.991529823,-9.0,-8.99999798,-8.99999802,0.463944546,-0.791850638,-0.122189909,2.51759213
0.00177172948,-0.990694201,-9.0,-8.99999798,-8.99999802,0.463944684,-0.7918505,-0.122189615,2.515213
0.00177272948,-0.989819468,-9.0,-8.99999798,-8.99999802,0.463944822,-0.791850362,-0.12218932,2.51283437
0.00177372948,-0.988905659,-9.0,-8.99999798,-8.99999802,0.463944959,-0.791850224,-0.122189026,2.51045622
0.00177472948,-0.98795281,-9.0,-8.99999798,-8.99999802,0.463945097,-0.791850087,-0.122188732,2.50807857
0.00177572948,-0.986960958,-9.0,-8.99999798,-8.99999802,0.463945235,-0.791849949,-0.122188438,2.5057014
0.00177672948,-0.985930142,-9.0,-8.99999798,-8.99999802,0.463945373,-0.791849811,-0.122188144,2.50332473
0.00177772948,-0.984860404,-9.0,-8.99999798,-8.99999802,0.46394551,-0.791849673,-0.122187851,2.50094855
0.00177872948,-0.983751785,-9.0,-8.99999798,-8.99999802,0.463945648,-0.791849535,-0.122187557,2.49857286
0.00177972948,-0.982604329,-9.0,-8.99999798,-8.99999802,0.463945786,-0.791849398,-0.122187263,2.49619766
0.00178072948,-0.981418081,-9.0,-8.99999798,-8.99999802,0.463945923,-0.79184926,-0.122186969,2.49382295
0.00178172948,-0.980193089,-9.0,-8.99999798,-8.99999802,0.463946061,-0.791849122,-0.122186676,2.49144873
0.00178272948,-0.978929401,-9.0,-8.99999798,-8.99999802,0.463946198,-0.791848985,-0.122186382,2.48907501
0.00178372948,-0.977627066,-9.0,-8.99999798,-8.99999802,0.463946336,-0.791848847,-0.122186089,2.48670177
0.00178472948,-0.976286136,-9.0,-8.99999798,-8.99999802,0.463946473,-0.79184871,-0.122185795,2.48432902
0.00178572948,-0.974906664,-9.0,-8.99999798,-8.99999802,0.463946611,-0.791848572,-0.122185502,2.48195676
0.00178672948,-0.973488704,-9.0,-8.99999798,-8.99999802,0.463946748,-0.791848435,-0.122185209,2.479585
0.00178772948,-0.972032313,-9.0,-8.99999798,-8.99999802,0.463946886,-0.791848297,-0.122184915,2.47721372
0.00178872948,-0.970537547,-9.0,-8.99999798,-8.99999802,0.463947023,-0.79184816,-0.122184622,2.47484293
0.00178972948,-0.969004467,-9.0,-8.99999798,-8.99999802,0.46394716,-0.791848022,-0.122184329,2.47247263
0.00179072948,-0.967433131,-9.0,-8.99999798,-8.99999802,0.463947298,-0.791847885,-0.122184036,2.47010283
0.00179172948,-0.965823604,-9.0,-8.99999798,-8.99999802,0.463947435,-0.791847747,-0.122183743,2.46773351
0.00179272948,-0.964175947,-9.0,-8.99999798,-8.99999802,0.463947572,-0.79184761,-0.12218345,2.46536468
0.00179372948,-0.962490226,-9.0,-8.99999798,-8.99999802,0.463947709,-0.791847473,-0.122183157,2.46299634
0.00179472948,-0.960766507,-9.0,-8.99999798,-8.99999802,0.463947847,-0.791847335,-0.122182864,2.46062849
0.00179572948,-0.959004859,-9.0,-8.99999798,-8.99999802,0.463947984,-0.791847198,-0.122182572,2.45826113
0.00179672948,-0.957205351,-9.0,-8.99999798,-8.99999802,0.463948121,-0.791847061,-0.122182279,2.45589425
0.00179772948,-0.955368055,-9.0,-8.99999798,-8.99999802,0.463948258,-0.791846924,-0.122181986,2.45352787
0.00179872948,-0.953493042,-9.0,-8.99999798,-8.99999802,0.463948395,-0.791846786,-0.122181694,2.45116197
0.00179972948,-0.951580387,-9.0,-8.99999798,-8.99999802,0.463948532,-0.791846649,-0.122181401,2.44879657
0.00180072948,-0.949630165,-9.0,-8.99999798,-8.99999802,0.463948669,-0.791846512,-0.122181109,2.44643165
0.00180172948,-0.947642453,-9.0,-8.99999798,-8.99999802,0.463948806,-0.791846375,-0.122180816,2.44406722
0.00180272948,-0.94561733,-9.0,-8.99999798,-8.99999802,0.463948943,-0.791846238,-0.122180524,2.44170328
0.00180372948,-0.943554876,-9.0,-8.99999798,-8.99999802,0.46394908,-0.791846101,-0.122180232,2.43933983
0.00180472948,-0.941455172,-9.0,-8.99999798,-8.99999802,0.463949217,-0.791845964,-0.122179939,2.43697686
0.00180572948,-0.9393183,-9.0,-8.99999798,-8.99999802,0.463949354,-0.791845827,-0.122179647,2.43461439
0.00180672948,-0.937144346,-9.0,-8.99999798,-8.99999802,0.463949491,-0.79184569,-0.122179355,2.4322524
0.00180772948,-0.934933395,-9.0,-8.99999798,-8.99999802,0.463949628,-0.791845553,-0.122179063,2.4298909
0.00180872948,-0.932685535,-9.0,-8.99999798,-8.99999802,0.463949765,-0.791845416,-0.122178771,2.42752989
0.00180972948,-0.930400854,-9.0,-8.99999798,-8.99999802,0.463949901,-0.791845279,-0.122178479,2.42516936
0.00181072948,-0.928079442,-9.0,-8.99999798,-8.99999802,0.463950038,-0.791845142,-0.122178187,2.42280933
0.00181172948,-0.925721391,-9.0,-8.99999798,-8.99999802,0.463950175,-0.791845006,-0.122177896,2.42044978
0.00181272948,-0.923326794,-9.0,-8.99999798,-8.99999802,0.463950312,-0.791844869,-0.122177604,2.41809072
0.00181372948,-0.920895746,-9.0,-8.99999798,-8.99999802,0.463950448,-0.791844732,-0.122177312,2.41573214
0.00181472948,-0.918428343,-9.0,-8.99999798,-8.99999802,0.463950585,-0.791844595,-0.122177021,2.41337405
0.00181572948,-0.915924681,-9.0,-8.99999798,-8.99999802,0.463950722,-0.791844459,-0.122176729,2.41101645
0.00181672948,-0.913384861,-9.0,-8.99999798,-8.99999802,0.463950858,-0.791844322,-0.122176438,2.40865934
0.00181772948,-0.910808981,-9.0,-8.99999798,-8.99999802,0.463950995,-0.791844185,-0.122176146,2.40630271
0.00181872948,-0.908197144,-9.0,-8.99999798,-8.99999802,0.463951131,-0.791844049,-0.122175855,2.40394657
0.00181972948,-0.905549454,-9.0,-8.99999798,-8.99999802,0.463951268,-0.791843912,-0.122175564,2.40159092
0.00182072948,-0.902866013,-9.0,-8.99999798,-8.99999802,0.463951404,-0.791843775,-0.122175272,2.39923575
0.00182172948,-0.90014693,-9.0,-8.99999798,-8.99999802,0.463951541,-0.791843639,-0.122174981,2.39688107
0.00182272948,-0.897392309,-9.0,-8.99999798,-8.99999802,0.463951677,-0.791843502,-0.12217469,2.39452688
0.00182372948,-0.894602262,-9.0,-8.99999798,-8.99999802,0.463951814,-0.791843366,-0.122174399,2.39217317
0.00182472948,-0.891776897,-9.0,-8.99999798,-8.99999802,0.46395195,-0.791843229,-0.122174108,2.38981995
0.00182572948,-0.888916326,-9.0,-8.99999798,-8.99999802,0.463952087,-0.791843093,-0.122173817,2.38746722
0.00182672948,-0.886020662,-9.0,-8.99999798,-8.99999802,0.463952223,-0.791842956,-0.122173526,2.38511497
0.00182772948,-0.88309002,-9.0,-8.99999798,-8.99999802,0.463952359,-0.79184282,-0.122173235,2.3827632
0.00182872948,-0.880124515,-9.0,-8.99999798,-8.99999802,0.463952495,-0.791842684,-0.122172945,2.38041193
0.00182972948,-0.877124264,-9.0,-8.99999798,-8.99999802,0.463952632,-0.791842547,-0.122172654,2.37806113
0.00183072948,-0.874089385,-9.0,-8.99999798,-8.99999802,0.463952768,-0.791842411,-0.122172363,2.37571083
0.00183172948,-0.871019999,-9.0,-8.99999798,-8.99999802,0.463952904,-0.791842275,-0.122172073,2.37336101
0.00183272948,-0.867916227,-9.0,-8.99999798,-8.99999802,0.46395304,-0.791842138,-0.122171782,2.37101167
0.00183372948,-0.864778191,-9.0,-8.99999798,-8.99999802,0.463953176,-0.791842002,-0.122171492,2.36866282
0.00183472948,-0.861606015,-9.0,-8.99999798,-8.99999802,0.463953313,-0.791841866,-0.122171201,2.36631446
0.00183572948,-0.858399824,-9.0,-8.99999798,-8.99999802,0.463953449,-0.79184173,-0.122170911,2.36396658
0.00183672948,-0.855159745,-9.0,-8.99999798,-8.99999802,0.463953585,-0.791841594,-0.122170621,2.36161918
0.00183772948,-0.851885906,-9.0,-8.99999798,-8.99999802,0.463953721,-0.791841458,-0.12217033,2.35927227
0.00183872948,-0.848578435,-9.0,-8.99999798,-8.99999802,0.463953857,-0.791841322,-0.12217004,2.35692585
0.00183972948,-0.845237465,-9.0,-8.99999798,-8.99999802,0.463953993,-0.791841186,-0.12216975,2.35457991
0.00184072948,-0.841863126,-9.0,-8.99999798,-8.99999802,0.463954129,-0.791841049,-0.12216946,2.35223445
0.00184172948,-0.838455551,-9.0,-8.99999798,-8.99999802,0.463954265,-0.791840913,-0.12216917,2.34988948
0.00184272948,-0.835014876,-9.0,-8.99999798,-8.99999802,0.4639544,-0.791840777,-0.12216888,2.347545
0.00184372948,-0.831541236,-9.0,-8.99999798,-8.99999802,0.463954536,-0.791840642,-0.12216859,2.34520099
0.00184472948,-0.828034768,-9.0,-8.99999798,-8.99999802,0.463954672,-0.791840506,-0.122168301,2.34285747
0.00184572948,-0.82449561,-9.0,-8.99999798,-8.99999802,0.463954808,-0.79184037,-0.122168011,2.34051444
0.00184672948,-0.820923903,-9.0,-8.99999798,-8.99999802,0.463954944,-0.791840234,-0.122167721,2.33817189
0.00184772948,-0.817319787,-9.0,-8.99999798,-8.99999802,0.46395508,-0.791840098,-0.122167431,2.33582982
0.00184872948,-0.813683405,-9.0,-8.99999798,-8.99999802,0.463955215,-0.791839962,-0.122167142,2.33348824
0.00184972948,-0.8100149,-9.0,-8.99999798,-8.99999802,0.463955351,-0.791839826,-0.122166852,2.33114714
0.00185072948,-0.806314417,-9.0,-8.99999798,-8.99999802,0.463955487,-0.791839691,-0.122166563,2.32880653
0.00185172948,-0.802582102,-9.0,-8.99999798,-8.99999802,0.463955622,-0.791839555,-0.122166274,2.3264664
0.00185272948,-0.798818102,-9.0,-8.99999798,-8.99999802,0.463955758,-0.791839419,-0.122165984,2.32412675
0.00185372948,-0.795022567,-9.0,-8.99999798,-8.99999802,0.463955894,-0.791839284,-0.122165695,2.32178758
0.00185472948,-0.791195645,-9.0,-8.99999798,-8.99999802,0.463956029,-0.791839148,-0.122165406,2.3194489
0.00185572948,-0.787337489,-9.0,-8.99999798,-8.99999802,0.463956165,-0.791839012,-0.122165117,2.3171107
0.00185672948,-0.783448249,-9.0,-8.99999798,-8.99999802,0.4639563,-0.791838877,-0.122164828,2.31477299
0.00185772948,-0.779528081,-9.0,-8.99999798,-8.99999802,0.463956436,-0.791838741,-0.122164539,2.31243575
0.00185872948,-0.775577138,-9.0,-8.99999798,-8.99999802,0.463956571,-0.791838606,-0.12216425,2.310099
0.00185972948,-0.771595576,-9.0,-8.99999798,-8.99999802,0.463956707,-0.79183847,-0.122163961,2.30776273
0.00186072948,-0.767583553,-9.0,-8.99999798,-8.99999802,0.463956842,-0.791838335,-0.122163672,2.30542695
0.00186172948,-0.763541228,-9.0,-8.99999798,-8.99999802,0.463956977,-0.791838199,-0.122163383,2.30309165
0.00186272948,-0.759468759,-9.0,-8.99999798,-8.99999802,0.463957113,-0.791838064,-0.122163094,2.30075683
0.00186372948,-0.755366307,-9.0,-8.99999798,-8.99999802,0.463957248,-0.791837928,-0.122162806,2.29842249
0.00186472948,-0.751234035,-9.0,-8.99999798,-8.99999802,0.463957383,-0.791837793,-0.122162517,2.29608863
0.00186572948,-0.747072106,-9.0,-8.99999798,-8.99999802,0.463957519,-0.791837658,-0.122162229,2.29375526
0.00186672948,-0.742880683,-9.0,-8.99999798,-8.99999802,0.463957654,-0.791837522,-0.12216194,2.29142237
0.00186772948,-0.738659933,-9.0,-8.99999798,-8.99999802,0.463957789,-0.791837387,-0.122161652,2.28908996
0.00186872948,-0.734410022,-9.0,-8.99999798,-8.99999802,0.463957924,-0.791837252,-0.122161363,2.28675803
0.00186972948,-0.730131117,-9.0,-8.99999798,-8.99999802,0.463958059,-0.791837116,-0.122161075,2.28442659
0.00187072948,-0.725823388,-9.0,-8.99999798,-8.99999802,0.463958195,-0.791836981,-0.122160787,2.28209562
0.00187172948,-0.721487005,-9.0,-8.99999798,-8.99999802,0.46395833,-0.791836846,-0.122160499,2.27976514
0.00187272948,-0.717122139,-9.0,-8.99999798,-8.99999802,0.463958465,-0.791836711,-0.122160211,2.27743514
0.00187372948,-0.712728962,-9.0,-8.99999798,-8.99999802,0.4639586,-0.791836576,-0.122159922,2.27510562
0.00187472948,-0.708307648,-9.0,-8.99999798,-8.99999802,0.463958735,-0.791836441,-0.122159634,2.27277658
0.00187572948,-0.703858371,-9.0,-8.99999798,-8.99999802,0.46395887,-0.791836306,-0.122159347,2.27044802
0.00187672948,-0.699381307,-9.0,-8.99999798,-8.99999802,0.463959005,-0.791836171,-0.122159059,2.26811994
0.00187772948,-0.694876632,-9.0,-8.99999798,-8.99999802,0.46395914,-0.791836035,-0.122158771,2.26579235
0.00187872948,-0.690344525,-9.0,-8.99999798,-8.99999802,0.463959275,-0.7918359,-0.122158483,2.26346523
0.00187972948,-0.685785164,-9.0,-8.99999798,-8.99999802,0.46395941,-0.791835766,-0.122158195,2.2611386
0.00188072948,-0.68119873,-9.0,-8.99999798,-8.99999802,0.463959544,-0.791835631,-0.122157908,2.25881244
0.00188172948,-0.676585403,-9.0,-8.99999798,-8.99999802,0.463959679,-0.791835496,-0.12215762,2.25648677
0.00188272948,-0.671945366,-9.0,-8.99999798,-8.99999802,0.463959814,-0.791835361,-0.122157333,2.25416158
0.00188372948,-0.667278801,-9.0,-8.99999798,-8.99999802,0.463959949,-0.791835226,-0.122157045,2.25183686
0.00188472948,-0.662585894,-9.0,-8.99999798,-8.99999802,0.463960084,-0.791835091,-0.122156758,2.24951263
0.00188572948,-0.657866828,-9.0,-8.99999798,-8.99999802,0.463960218,-0.791834956,-0.12215647,2.24718888
0.00188672948,-0.653121792,-9.0,-8.99999798,-8.99999802,0.463960353,-0.791834821,-0.122156183,2.24486561
0.00188772948,-0.648350971,-9.0,-8.99999798,-8.99999802,0.463960488,-0.791834687,-0.122155896,2.24254281
0.00188872948,-0.643554554,-9.0,-8.99999798,-8.99999802,0.463960622,-0.791834552,-0.122155609,2.2402205
0.00188972948,-0.638732731,-9.0,-8.99999798,-8.99999802,0.463960757,-0.791834417,-0.122155322,2.23789867
0.00189072948,-0.633885691,-9.0,-8.99999798,-8.99999802,0.463960892,-0.791834283,-0.122155035,2.23557731
0.00189172948,-0.629013628,-9.0,-8.99999798,-8.99999802,0.463961026,-0.791834148,-0.122154748,2.23325644
0.00189272948,-0.624116731,-9.0,-8.99999798,-8.99999802,0.463961161,-0.791834013,-0.122154461,2.23093605
0.00189372948,-0.619195196,-9.0,-8.99999798,-8.99999802,0.463961295,-0.791833879,-0.122154174,2.22861613
0.00189472948,-0.614249216,-9.0,-8.99999798,-8.99999802,0.46396143,-0.791833744,-0.122153887,2.22629669
0.00189572948,-0.609278986,-9.0,-8.99999798,-8.99999802,0.463961564,-0.79183361,-0.1221536,2.22397774
0.00189672948,-0.604284703,-9.0,-8.99999798,-8.99999802,0.463961699,-0.791833475,-0.122153314,2.22165926
0.00189772948,-0.599266564,-9.0,-8.99999798,-8.99999802,0.463961833,-0.791833341,-0.122153027,2.21934126
0.00189872948,-0.594224767,-9.0,-8.99999798,-8.99999802,0.463961967,-0.791833206,-0.12215274,2.21702374
0.00189972948,-0.589159511,-9.0,-8.99999798,-8.99999802,0.463962102,-0.791833072,-0.122152454,2.2147067
0.00190072948,-0.584070996,-9.0,-8.99999798,-8.99999802,0.463962236,-0.791832937,-0.122152167,2.21239014
0.00190172948,-0.578959423,-9.0,-8.99999798,-8.99999802,0.46396237,-0.791832803,-0.122151881,2.21007405
0.00190272948,-0.573824993,-9.0,-8.99999798,-8.99999802,0.463962505,-0.791832669,-0.122151595,2.20775845
0.00190372948,-0.56866791,-9.0,-8.99999798,-8.99999802,0.463962639,-0.791832534,-0.122151308,2.20544332
0.00190472948,-0.563488377,-9.0,-8.99999798,-8.99999802,0.463962773,-0.7918324,-0.122151022,2.20312867
0.00190572948,-0.558286598,-9.0,-8.99999798,-8.99999802,0.463962907,-0.791832266,-0.122150736,2.2008145
0.00190672948,-0.553062779,-9.0,-8.99999798,-8.99999802,0.463963042,-0.791832132,-0.12215045,2.1985008
0.00190772948,-0.547817126,-9.0,-8.99999798,-8.99999802,0.463963176,-0.791831997,-0.122150164,2.19618759
0.00190872948,-0.542549846,-9.0,-8.99999798,-8.99999802,0.46396331,-0.791831863,-0.122149878,2.19387485
0.00190972948,-0.537261147,-9.0,-8.99999798,-8.99999802,0.463963444,-0.791831729,-0.122149592,2.19156259
0.00191072948,-0.531951239,-9.0,-8.99999798,-8.99999802,0.463963578,-0.791831595,-0.122149306,2.18925081
0.00191172948,-0.526620329,-9.0,-8.99999798,-8.99999802,0.463963712,-0.791831461,-0.12214902,2.18693951
0.00191272948,-0.52126863,-9.0,-8.99999798,-8.99999802,0.463963846,-0.791831327,-0.122148735,2.18462868
0.00191372948,-0.515896351,-9.0,-8.99999798,-8.99999802,0.46396398,-0.791831193,-0.122148449,2.18231833
0.00191472948,-0.510503706,-9.0,-8.99999798,-8.99999802,0.463964114,-0.791831059,-0.122148163,2.18000846
0.00191572948,-0.505090908,-9.0,-8.99999798,-8.99999802,0.463964248,-0.791830925,-0.122147878,2.17769906
0.00191672948,-0.499658169,-9.0,-8.99999798,-8.99999802,0.463964382,-0.791830791,-0.122147592,2.17539014
0.00191772948,-0.494205704,-9.0,-8.99999798,-8.99999802,0.463964516,-0.791830657,-0.122147307,2.1730817
0.00191872948,-0.488733729,-9.0,-8.99999798,-8.99999802,0.46396465,-0.791830523,-0.122147021,2.17077374
0.00191972948,-0.48324246,-9.0,-8.99999798,-8.99999802,0.463964783,-0.791830389,-0.122146736,2.16846625
0.00192072948,-0.477732113,-9.0,-8.99999798,-8.99999802,0.463964917,-0.791830255,-0.122146451,2.16615924
0.00192172948,-0.472202906,-9.0,-8.99999798,-8.99999802,0.463965051,-0.791830121,-0.122146166,2.1638527
0.00192272948,-0.466655057,-9.0,-8.99999798,-8.99999802,0.463965185,-0.791829988,-0.12214588,2.16154665
0.00192372948,-0.461088786,-9.0,-8.99999798,-8.99999802,0.463965318,-0.791829854,-0.122145595,2.15924106
0.00192472948,-0.455504311,-9.0,-8.99999798,-8.99999802,0.463965452,-0.79182972,-0.12214531,2.15693596
0.00192572948,-0.449901854,-9.0,-8.99999798,-8.99999802,0.463965586,-0.791829586,-0.122145025,2.15463133
0.00192672948,-0.444281636,-9.0,-8.99999798,-8.99999802,0.463965719,-0.791829453,-0.12214474,2.15232717
0.00192772948,-0.438643878,-9.0,-8.99999798,-8.99999802,0.463965853,-0.791829319,-0.122144456,2.1500235
0.00192872948,-0.432988803,-9.0,-8.99999798,-8.99999802,0.463965987,-0.791829185,-0.122144171,2.1477203
0.00192972948,-0.427316635,-9.0,-8.99999798,-8.99999802,0.46396612,-0.791829052,-0.122143886,2.14541757
0.00193072948,-0.421627597,-9.0,-8.99999798,-8.99999802,0.463966254,-0.791828918,-0.122143601,2.14311532
0.00193172948,-0.415921914,-9.0,-8.99999798,-8.99999802,0.463966387,-0.791828784,-0.122143317,2.14081355
0.00193272948,-0.41019981,-9.0,-8.99999798,-8.99999802,0.463966521,-0.791828651,-0.122143032,2.13851225
0.00193372948,-0.404461513,-9.0,-8.99999798,-8.99999802,0.463966654,-0.791828517,-0.122142748,2.13621142
0.00193472948,-0.398707249,-9.0,-8.99999798,-8.99999802,0.463966787,-0.791828384,-0.122142463,2.13391107
0.00193572948,-0.392937244,-9.0,-8.99999798,-8.99999802,0.463966921,-0.791828251,-0.122142179,2.1316112
0.00193672948,-0.387151727,-9.0,-8.99999798,-8.99999802,0.463967054,-0.791828117,-0.122141895,2.1293118
0.00193772948,-0.381350925,-9.0,-8.99999798,-8.99999802,0.463967188,-0.791827984,-0.12214161,2.12701288
0.00193872948,-0.375535069,-9.0,-8.99999798,-8.99999802,0.463967321,-0.79182785,-0.122141326,2.12471443
0.00193972948,-0.369704387,-9.0,-8.99999798,-8.99999802,0.463967454,-0.791827717,-0.122141042,2.12241646
0.00194072948,-0.363859109,-9.0,-8.99999798,-8.99999802,0.463967587,-0.791827584,-0.122140758,2.12011896
0.00194172948,-0.357999467,-9.0,-8.99999798,-8.99999802,0.463967721,-0.79182745,-0.122140474,2.11782193
0.00194272948,-0.352125692,-9.0,-8.99999798,-8.99999802,0.463967854,-0.791827317,-0.12214019,2.11552538
0.00194372948,-0.346238016,-9.0,-8.99999798,-8.99999802,0.463967987,-0.791827184,-0.122139906,2.11322931
0.00194472948,-0.340336671,-9.0,-8.99999798,-8.99999802,0.46396812,-0.791827051,-0.122139622,2.11093371
0.00194572948,-0.33442189,-9.0,-8.99999798,-8.99999802,0.463968253,-0.791826917,-0.122139338,2.10863858
0.00194672948,-0.328493906,-9.0,-8.99999798,-8.99999802,0.463968386,-0.791826784,-0.122139055,2.10634393
0.00194772948,-0.322552954,-9.0,-8.99999798,-8.99999802,0.463968519,-0.791826651,-0.122138771,2.10404975
0.00194872948,-0.316599268,-9.0,-8.99999798,-8.99999802,0.463968653,-0.791826518,-0.122138487,2.10175604
0.00194972948,-0.310633084,-9.0,-8.99999798,-8.99999802,0.463968786,-0.791826385,-0.122138204,2.09946281
0.00195072948,-0.304654636,-9.0,-8.99999798,-8.99999802,0.463968919,-0.791826252,-0.12213792,2.09717006
0.00195172948,-0.298664161,-9.0,-8.99999798,-8.99999802,0.463969052,-0.791826119,-0.122137637,2.09487777
0.00195272948,-0.292661895,-9.0,-8.99999798,-8.99999802,0.463969184,-0.791825986,-0.122137353,2.09258596
0.00195372948,-0.286648076,-9.0,-8.99999798,-8.99999802,0.463969317,-0.791825853,-0.12213707,2.09029462
0.00195472948,-0.28062294,-9.0,-8.99999798,-8.99999802,0.46396945,-0.79182572,-0.122136787,2.08800376
0.00195572948,-0.274586725,-9.0,-8.99999798,-8.99999802,0.463969583,-0.791825587,-0.122136504,2.08571337
0.00195672948,-0.26853967,-9.0,-8.99999798,-8.99999802,0.463969716,-0.791825454,-0.12213622,2.08342345
0.00195772948,-0.262482014,-9.0,-8.99999798,-8.99999802,0.463969849,-0.791825321,-0.122135937,2.08113401
0.00195872948,-0.256413996,-9.0,-8.99999798,-8.99999802,0.463969982,-0.791825188,-0.122135654,2.07884504
0.00195972948,-0.250335854,-9.0,-8.99999798,-8.99999802,0.463970114,-0.791825056,-0.122135371,2.07655654
0.00196072948,-0.24424783,-9.0,-8.99999798,-8.99999802,0.463970247,-0.791824923,-0.122135088,2.07426851
0.00196172948,-0.238150164,-9.0,-8.99999798,-8.99999802,0.46397038,-0.79182479,-0.122134806,2.07198096
0.00196272948,-0.232043095,-9.0,-8.99999798,-8.99999802,0.463970512,-0.791824657,-0.122134523,2.06969388
0.00196372948,-0.225926866,-9.0,-8.99999798,-8.99999802,0.463970645,-0.791824525,-0.12213424,2.06740727
0.00196472948,-0.219801718,-9.0,-8.99999798,-8.99999802,0.463970778,-0.791824392,-0.122133957,2.06512114
0.00196572948,-0.213667892,-9.0,-8.99999798,-8.99999802,0.46397091,-0.791824259,-0.122133675,2.06283547
0.00196672948,-0.207525631,-9.0,-8.99999798,-8.99999802,0.463971043,-0.791824127,-0.122133392,2.06055028
0.00196772948,-0.201375178,-9.0,-8.99999798,-8.99999802,0.463971175,-0.791823994,-0.12213311,2.05826556
0.00196872948,-0.195216774,-9.0,-8.99999798,-8.99999802,0.463971308,-0.791823862,-0.122132827,2.05598131
0.00196972948,-0.189050664,-9.0,-8.99999798,-8.99999802,0.46397144,-0.791823729,-0.122132545,2.05369754
0.00197072948,-0.18287709,-9.0,-8.99999798,-8.99999802,0.463971573,-0.791823596,-0.122132263,2.05141423
0.00197172948,-0.176696296,-9.0,-8.99999798,-8.99999802,0.463971705,-0.791823464,-0.12213198,2.0491314
0.00197272948,-0.170508527,-9.0,-8.99999798,-8.99999802,0.463971838,-0.791823332,-0.122131698,2.04684904
0.00197372948,-0.164314026,-9.0,-8.99999798,-8.99999802,0.46397197,-0.791823199,-0.122131416,2.04456715
0.00197472948,-0.158113039,-9.0,-8.99999798,-8.99999802,0.463972103,-0.791823067,-0.122131134,2.04228573
0.00197572948,-0.15190581,-9.0,-8.99999798,-8.99999802,0.463972235,-0.791822934,-0.122130852,2.04000479
0.00197672948,-0.145692583,-9.0,-8.99999798,-8.99999802,0.463972367,-0.791822802,-0.12213057,2.03772431
0.00197772948,-0.139473605,-9.0,-8.99999798,-8.99999802,0.463972499,-0.79182267,-0.122130288,2.03544431
0.00197872948,-0.133249121,-9.0,-8.99999798,-8.99999802,0.463972632,-0.791822537,-0.122130006,2.03316477
0.00197972948,-0.127019376,-9.0,-8.99999798,-8.99999802,0.463972764,-0.791822405,-0.122129724,2.03088571
0.00198072948,-0.120784617,-9.0,-8.99999798,-8.99999802,0.463972896,-0.791822273,-0.122129443,2.02860712
0.00198172948,-0.114545089,-9.0,-8.99999798,-8.99999802,0.463973028,-0.791822141,-0.122129161,2.026329
0.00198272948,-0.10830104,-9.0,-8.99999798,-8.99999802,0.46397316,-0.791822008,-0.122128879,2.02405135
0.00198372948,-0.102052714,-9.0,-8.99999798,-8.99999802,0.463973293,-0.791821876,-0.122128598,2.02177417
0.00198472948,-0.0958003604,-9.0,-8.99999798,-8.99999802,0.463973425,-0.791821744,-0.122128316,2.01949746
0.00198572948,-0.0895442243,-9.0,-8.99999798,-8.99999802,0.463973557,-0.791821612,-0.122128035,2.01722122
0.00198672948,-0.0832845531,-9.0,-8.99999798,-8.99999802,0.463973689,-0.79182148,-0.122127753,2.01494545
0.00198772948,-0.0770215941,-9.0,-8.99999798,-8.99999802,0.463973821,-0.791821348,-0.122127472,2.01267015
0.00198872948,-0.0707555943,-9.0,-8.99999798,-8.99999802,0.463973953,-0.791821216,-0.122127191,2.01039532
0.00198972948,-0.0644868012,-9.0,-8.99999798,-8.99999802,0.463974085,-0.791821084,-0.12212691,2.00812096
0.00199072948,-0.0582154624,-9.0,-8.99999798,-8.99999802,0.463974217,-0.791820952,-0.122126628,2.00584707
0.00199172948,-0.0519418252,-9.0,-8.99999798,-8.99999802,0.463974349,-0.79182082,-0.122126347,2.00357365
0.00199272948,-0.0456661375,-9.0,-8.99999798,-8.99999802,0.46397448,-0.791820688,-0.122126066,2.0013007
0.00199372948,-0.039388647,-9.0,-8.99999798,-8.99999802,0.463974612,-0.791820556,-0.122125785,1.99902822
0.00199472948,-0.0331096014,-9.0,-8.99999798,-8.99999802,0.463974744,-0.791820424,-0.122125504,1.99675621
0.00199572948,-0.0268292488,-9.0,-8.99999798,-8.99999802,0.463974876,-0.791820292,-0.122125223,1.99448467
0.00199672948,-0.020547837,-9.0,-8.99999798,-8.99999802,0.463975008,-0.79182016,-0.122124943,1.99221359
0.00199772948,-0.014265614,-9.0,-8.99999798,-8.99999802,0.46397514,-0.791820029,-0.122124662,1.98994299
0.00199872948,-0.00798282778,-9.0,-8.99999798,-8.99999802,0.463975271,-0.791819897,-0.122124381,1.98767286
0.00199972948,-0.00169972644,-9.0,-8.99999798,-8.99999802,0.463975403,-0.791819765,-0.122124101,1.98540319
0.00200072948,0.004583442,-9.0,-8.99999798,-8.99999802,0.463975535,-0.791819633,-0.12212382,1.98313399
0.00200172948,0.0108664295,-9.0,-8.99999798,-8.99999802,0.463975666,-0.791819502,-0.122123539,1.98086527
0.00200272948,0.017148988,-9.0,-8.99999798,-8.99999802,0.463975798,-0.79181937,-0.122123259,1.97859701
0.00200372948,0.0234308695,-9.0,-8.99999798,-8.99999802,0.463975929,-0.791819238,-0.122122979,1.97632922
0.00200472948,0.029711826,-9.0,-8.99999798,-8.99999802,0.463976061,-0.791819107,-0.122122698,1.97406189
0.00200572948,0.0359916095,-9.0,-8.99999798,-8.99999802,0.463976193,-0.791818975,-0.122122418,1.97179504
0.00200672948,0.0422699721,-9.0,-8.99999798,-8.99999802,0.463976324,-0.791818844,-0.122122138,1.96952865
0.00200772948,0.048546666,-9.0,-8.99999798,-8.99999802,0.463976456,-0.791818712,-0.122121858,1.96726274
0.00200872948,0.0548214433,-9.0,-8.99999798,-8.99999802,0.463976587,-0.791818581,-0.122121578,1.96499729
0.00200972948,0.0610940564,-9.0,-8.99999798,-8.99999802,0.463976719,-0.791818449,-0.122121297,1.9627323
0.00201072948,0.0673642576,-9.0,-8.99999798,-8.99999802,0.46397685,-0.791818318,-0.122121017,1.96046779
0.00201172948,0.0736317994,-9.0,-8.99999798,-8.99999802,0.463976981,-0.791818186,-0.122120738,1.95820374
0.00201272948,0.0798964343,-9.0,-8.99999798,-8.99999802,0.463977113,-0.791818055,-0.122120458,1.95594017
0.00201372948,0.086157915,-9.0,-8.99999798,-8.99999802,0.463977244,-0.791817923,-0.122120178,1.95367706
0.00201472948,0.0924159944,-9.0,-8.99999798,-8.99999802,0.463977375,-0.791817792,-0.122119898,1.95141441
0.00201572948,0.0986704253,-9.0,-8.99999798,-8.99999802,0.463977507,-0.791817661,-0.122119618,1.94915224
0.00201672948,0.104920961,-9.0,-8.99999798,-8.99999802,0.463977638,-0.791817529,-0.122119339,1.94689053
0.00201772948,0.111167354,-9.0,-8.99999798,-8.99999802,0.463977769,-0.791817398,-0.122119059,1.94462929
0.00201872948,0.117409359,-9.0,-8.99999798,-8.99999802,0.4639779,-0.791817267,-0.12211878,1.94236851
0.00201972948,0.123646729,-9.0,-8.99999798,-8.99999802,0.463978031,-0.791817136,-0.1221185,1.9401082
0.00202072948,0.129879217,-9.0,-8.99999798,-8.99999802,0.463978163,-0.791817005,-0.122118221,1.93784836
0.00202172948,0.136106578,-9.0,-8.99999798,-8.99999802,0.463978294,-0.791816873,-0.122117941,1.93558899
0.00202272948,0.142328566,-9.0,-8.99999798,-8.99999802,0.463978425,-0.791816742,-0.122117662,1.93333008
0.00202372948,0.148544935,-9.0,-8.99999798,-8.99999802,0.463978556,-0.791816611,-0.122117383,1.93107164
0.00202472948,0.154755439,-9.0,-8.99999798,-8.99999802,0.463978687,-0.79181648,-0.122117104,1.92881367
0.00202572948,0.160959834,-9.0,-8.99999798,-8.99999802,0.463978818,-0.791816349,-0.122116825,1.92655616
0.00202672948,0.167157875,-9.0,-8.99999798,-8.99999802,0.463978949,-0.791816218,-0.122116545,1.92429912
0.00202772948,0.173349316,-9.0,-8.99999798,-8.99999802,0.46397908,-0.791816087,-0.122116266,1.92204255
0.00202872948,0.179533914,-9.0,-8.99999798,-8.99999802,0.463979211,-0.791815956,-0.122115987,1.91978644
0.00202972948,0.185711424,-9.0,-8.99999798,-8.99999802,0.463979342,-0.791815825,-0.122115709,1.9175308
0.00203072948,0.191881603,-9.0,-8.99999798,-8.99999802,0.463979473,-0.791815694,-0.12211543,1.91527562
0.00203172948,0.198044206,-9.0,-8.99999798,-8.99999802,0.463979604,-0.791815563,-0.122115151,1.91302091
0.00203272948,0.204198992,-9.0,-8.99999798,-8.99999802,0.463979734,-0.791815432,-0.122114872,1.91076666
0.00203372948,0.210345715,-9.0,-8.99999798,-8.99999802,0.463979865,-0.791815301,-0.122114594,1.90851288
0.00203472948,0.216484135,-9.0,-8.99999798,-8.99999802,0.463979996,-0.791815171,-0.122114315,1.90625957
0.00203572948,0.222614008,-9.0,-8.99999798,-8.99999802,0.463980127,-0.79181504,-0.122114036,1.90400672
0.00203672948,0.228735093,-9.0,-8.99999798,-8.99999802,0.463980258,-0.791814909,-0.122113758,1.90175434
0.00203772948,0.234847147,-9.0,-8.99999798,-8.99999802,0.463980388,-0.791814778,-0.12211348,1.89950242
0.00203872948,0.240949931,-9.0,-8.99999798,-8.99999802,0.463980519,-0.791814648,-0.122113201,1.89725097
0.00203972948,0.247043202,-9.0,-8.99999798,-8.99999802,0.46398065,-0.791814517,-0.122112923,1.89499998
0.00204072948,0.25312672,-9.0,-8.99999798,-8.99999802,0.46398078,-0.791814386,-0.122112645,1.89274946
0.00204172948,0.259200245,-9.0,-8.99999798,-8.99999802,0.463980911,-0.791814256,-0.122112366,1.8904994
0.00204272948,0.265263537,-9.0,-8.99999798,-8.99999802,0.463981041,-0.791814125,-0.122112088,1.88824981
0.00204372948,0.271316357,-9.0,-8.99999798,-8.99999802,0.463981172,-0.791813994,-0.12211181,1.88600068
0.00204472948,0.277358466,-9.0,-8.99999798,-8.99999802,0.463981302,-0.791813864,-0.122111532,1.88375201
0.00204572948,0.283389626,-9.0,-8.99999798,-8.99999802,0.463981433,-0.791813733,-0.122111254,1.88150381
0.00204672948,0.289409598,-9.0,-8.99999798,-8.99999802,0.463981563,-0.791813603,-0.122110976,1.87925608
0.00204772948,0.295418144,-9.0,-8.99999798,-8.99999802,0.463981694,-0.791813472,-0.122110698,1.87700881
0.00204872948,0.301415028,-9.0,-8.99999798,-8.99999802,0.463981824,-0.791813342,-0.122110421,1.874762
0.00204972948,0.307400012,-9.0,-8.99999798,-8.99999802,0.463981955,-0.791813212,-0.122110143,1.87251566
0.00205072948,0.313372861,-9.0,-8.99999798,-8.99999802,0.463982085,-0.791813081,-0.122109865,1.87026978
0.00205172948,0.319333338,-9.0,-8.99999798,-8.99999802,0.463982215,-0.791812951,-0.122109588,1.86802437
0.00205272948,0.325281209,-9.0,-8.99999798,-8.99999802,0.463982346,-0.79181282,-0.12210931,1.86577942
0.00205372948,0.331216238,-9.0,-8.99999798,-8.99999802,0.463982476,-0.79181269,-0.122109032,1.86353493
0.00205472948,0.337138191,-9.0,-8.99999798,-8.99999802,0.463982606,-0.79181256,-0.122108755,1.86129091
0.00205572948,0.343046835,-9.0,-8.99999798,-8.99999802,0.463982737,-0.79181243,-0.122108478,1.85904735
0.00205672948,0.348941935,-9.0,-8.99999798,-8.99999802,0.463982867,-0.791812299,-0.1221082,1.85680425
0.00205772948,0.35482326,-9.0,-8.99999798,-8.99999802,0.463982997,-0.791812169,-0.122107923,1.85456162
0.00205872948,0.360690577,-9.0,-8.99999798,-8.99999802,0.463983127,-0.791812039,-0.122107646,1.85231945
0.00205972948,0.366543655,-9.0,-8.99999798,-8.99999802,0.463983257,-0.791811909,-0.122107369,1.85007774
0.00206072948,0.372382262,-9.0,-8.99999798,-8.99999802,0.463983387,-0.791811779,-0.122107091,1.8478365
0.00206172948,0.378206169,-9.0,-8.99999798,-8.99999802,0.463983517,-0.791811648,-0.122106814,1.84559572
0.00206272948,0.384015144,-9.0,-8.99999798,-8.99999802,0.463983647,-0.791811518,-0.122106537,1.8433554
0.00206372948,0.389808959,-9.0,-8.99999798,-8.99999802,0.463983778,-0.791811388,-0.12210626,1.84111555
0.00206472948,0.395587385,-9.0,-8.99999798,-8.99999802,0.463983908,-0.791811258,-0.122105984,1.83887616
0.00206572948,0.401350194,-9.0,-8.99999798,-8.99999802,0.463984037,-0.791811128,-0.122105707,1.83663723
0.00206672948,0.407097158,-9.0,-8.99999798,-8.99999802,0.463984167,-0.791810998,-0.12210543,1.83439876
0.00206772948,0.412828051,-9.0,-8.99999798,-8.99999802,0.463984297,-0.791810868,-0.122105153,1.83216076
0.00206872948,0.418542646,-9.0,-8.99999798,-8.99999802,0.463984427,-0.791810738,-0.122104877,1.82992321
0.00206972948,0.424240718,-9.0,-8.99999798,-8.99999802,0.463984557,-0.791810609,-0.1221046,1.82768613
0.00207072948,0.429922041,-9.0,-8.99999798,-8.99999802,0.463984687,-0.791810479,-0.122104324,1.82544951
0.00207172948,0.435586392,-9.0,-8.99999798,-8.99999802,0.463984817,-0.791810349,-0.122104047,1.82321336
0.00207272948,0.441233547,-9.0,-8.99999798,-8.99999802,0.463984947,-0.791810219,-0.122103771,1.82097766
0.00207372948,0.446863282,-9.0,-8.99999798,-8.99999802,0.463985076,-0.791810089,-0.122103494,1.81874243
0.00207472948,0.452475377,-9.0,-8.99999798,-8.99999802,0.463985206,-0.791809959,-0.122103218,1.81650766
0.00207572948,0.458069608,-9.0,-8.99999798,-8.99999802,0.463985336,-0.79180983,-0.122102942,1.81427335
0.00207672948,0.463645755,-9.0,-8.99999799,-8.99999802,0.463985466,-0.7918097,-0.122102666,1.81203951
0.00207772948,0.469203598,-9.0,-8.99999799,-8.99999802,0.463985595,-0.79180957,-0.122102389,1.80980612
0.00207872948,0.474742919,-9.0,-8.99999799,-8.99999802,0.463985725,-0.791809441,-0.122102113,1.8075732
0.00207972948,0.480263497,-9.0,-8.99999799,-8.99999802,0.463985854,-0.791809311,-0.122101837,1.80534073
0.00208072948,0.485765115,-9.0,-8.99999799,-8.99999802,0.463985984,-0.791809181,-0.122101561,1.80310873
0.00208172948,0.491247555,-9.0,-8.99999799,-8.99999802,0.463986114,-0.791809052,-0.122101285,1.80087719
0.00208272948,0.496710603,-9.0,-8.99999799,-8.99999802,0.463986243,-0.791808922,-0.12210101,1.79864611
0.00208372948,0.502154041,-9.0,-8.99999799,-8.99999802,0.463986373,-0.791808793,-0.122100734,1.79641549
0.00208472948,0.507577654,-9.0,-8.99999799,-8.99999802,0.463986502,-0.791808663,-0.122100458,1.79418533
0.00208572948,0.51298123,-9.0,-8.99999799,-8.99999802,0.463986632,-0.791808534,-0.122100182,1.79195563
0.00208672948,0.518364554,-9.0,-8.99999799,-8.99999802,0.463986761,-0.791808404,-0.122099907,1.7897264
0.00208772948,0.523727414,-9.0,-8.99999799,-8.99999802,0.463986891,-0.791808275,-0.122099631,1.78749762
0.00208872948,0.529069597,-9.0,-8.99999799,-8.99999802,0.46398702,-0.791808145,-0.122099356,1.7852693
0.00208972948,0.534390894,-9.0,-8.99999799,-8.99999802,0.463987149,-0.791808016,-0.12209908,1.78304145
0.00209072948,0.539691095,-9.0,-8.99999799,-8.99999802,0.463987279,-0.791807887,-0.122098805,1.78081405
0.00209172948,0.544969989,-9.0,-8.99999799,-8.99999802,0.463987408,-0.791807757,-0.12209853,1.77858711
0.00209272948,0.550227369,-9.0,-8.99999799,-8.99999802,0.463987537,-0.791807628,-0.122098255,1.77636064
0.00209372948,0.555463026,-9.0,-8.99999799,-8.99999802,0.463987667,-0.791807499,-0.122097979,1.77413462
0.00209472948,0.560676755,-9.0,-8.99999799,-8.99999802,0.463987796,-0.79180737,-0.122097704,1.77190907
0.00209572948,0.56586835,-9.0,-8.99999799,-8.99999802,0.463987925,-0.79180724,-0.122097429,1.76968397
0.00209672948,0.571037604,-9.0,-8.99999799,-8.99999802,0.463988054,-0.791807111,-0.122097155,1.76745933
0.00209772948,0.576184316,-9.0,-8.99999799,-8.99999802,0.463988183,-0.791806982,-0.12209688,1.76523515
0.00209872948,0.58130828,-9.0,-8.99999799,-8.99999802,0.463988313,-0.791806853,-0.122096605,1.76301144
0.00209972948,0.586409296,-9.0,-8.99999799,-8.99999802,0.463988442,-0.791806724,-0.12209633,1.76078818
0.00210072948,0.591487161,-9.0,-8.99999799,-8.99999802,0.463988571,-0.791806595,-0.122096056,1.75856538
0.00210172948,0.596541675,-9.0,-8.99999799,-8.99999802,0.4639887,-0.791806466,-0.122095782,1.75634304
0.00210272948,0.601572638,-9.0,-8.99999799,-8.99999802,0.463988829,-0.791806336,-0.122095507,1.75412116
0.00210372948,0.606579853,-9.0,-8.99999799,-8.99999802,0.463988958,-0.791806207,-0.122095233,1.75189973
0.00210472948,0.611563121,-9.0,-8.99999799,-8.99999802,0.463989087,-0.791806078,-0.12209496,1.74967877
0.00210572948,0.616522245,-9.0,-8.99999799,-8.99999802,0.463989216,-0.791805949,-0.122094686,1.74745826
0.00210672948,0.62145703,-9.0,-8.99999799,-8.99999802,0.463989346,-0.791805821,-0.122094412,1.74523822
0.00210772948,0.626367282,-9.0,-8.99999799,-8.99999802,0.463989475,-0.791805692,-0.122094139,1.74301863
0.00210872948,0.631252805,-9.0,-8.99999799,-8.99999802,0.463989604,-0.791805563,-0.122093866,1.7407995
0.00210972948,0.636113407,-9.0,-8.99999799,-8.99999802,0.463989733,-0.791805434,-0.122093594,1.73858083
0.00211072948,0.640948897,-9.0,-8.99999799,-8.99999802,0.463989862,-0.791805305,-0.122093322,1.73636261
0.00211172948,0.645759083,-9.0,-8.99999799,-8.99999802,0.463989992,-0.791805176,-0.12209305,1.73414486
0.00211272948,0.650543776,-9.0,-8.99999799,-8.99999803,0.463990121,-0.791805047,-0.122092779,1.73192756
0.00211372948,0.655302786,-9.0,-8.99999799,-8.99999803,0.46399025,-0.791804918,-0.122092509,1.72971072
0.00211472948,0.660035926,-9.0,-8.99999799,-8.99999803,0.46399038,-0.79180479,-0.12209224,1.72749433
0.00211572948,0.664743009,-9.0,-8.99999799,-8.99999803,0.46399051,-0.791804661,-0.122091971,1.7252784
0.00211672948,0.66942385,-9.0,-8.99999799,-8.99999803,0.46399064,-0.791804532,-0.122091704,1.72306293
0.00211772948,0.674078262,-9.0,-8.99999799,-8.99999803,0.46399077,-0.791804403,-0.122091438,1.72084792
0.00211872948,0.678706063,-9.0,-8.99999799,-8.99999803,0.4639909,-0.791804274,-0.122091173,1.71863336
0.00211972948,0.68330707,-9.0,-8.99999799,-8.99999803,0.463991031,-0.791804145,-0.12209091,1.71641926
0.00212072948,0.687881101,-9.0,-8.99999799,-8.99999803,0.463991162,-0.791804017,-0.122090649,1.71420561
0.00212172948,0.692427976,-9.0,-8.99999799,-8.99999803,0.463991294,-0.791803888,-0.122090391,1.71199242
0.00212272948,0.696947514,-9.0,-8.99999799,-8.99999803,0.463991426,-0.791803759,-0.122090136,1.70977968
0.00212372948,0.701439539,-9.0,-8.99999799,-8.99999803,0.463991559,-0.79180363,-0.122089884,1.7075674
0.00212472948,0.705903872,-9.0,-8.99999799,-8.99999803,0.463991693,-0.791803501,-0.122089636,1.70535557
0.00212572948,0.710340337,-9.0,-8.99999799,-8.99999803,0.463991828,-0.791803372,-0.122089392,1.70314419
0.00212672948,0.714748759,-9.0,-8.99999799,-8.99999803,0.463991964,-0.791803243,-0.122089154,1.70093326
0.00212772948,0.719128964,-9.0,-8.99999799,-8.99999803,0.463992101,-0.791803113,-0.122088923,1.69872278
0.00212872948,0.723480778,-9.0,-8.99999799,-8.99999803,0.46399224,-0.791802984,-0.122088698,1.69651276
0.00212972948,0.727804032,-9.0,-8.99999799,-8.99999803,0.46399238,-0.791802854,-0.122088483,1.69430318
0.00213072948,0.732098552,-9.0,-8.99999799,-8.99999803,0.463992523,-0.791802725,-0.122088277,1.69209404
0.00213172948,0.736364171,-9.0,-8.99999799,-8.99999803,0.463992669,-0.791802595,-0.122088083,1.68988535
0.00213272948,0.740600719,-9.0,-8.99999799,-8.99999803,0.463992817,-0.791802465,-0.122087903,1.68767711
0.00213372948,0.74480803,-9.0,-8.99999799,-8.99999803,0.463992969,-0.791802334,-0.122087739,1.6854693
0.00213472948,0.748985937,-9.0,-8.99999799,-8.99999803,0.463993126,-0.791802203,-0.122087593,1.68326194
0.00213572948,0.753134275,-9.0,-8.99999799,-8.99999803,0.463993287,-0.791802072,-0.122087467,1.681055
0.00213672948,0.757252881,-9.0,-8.99999799,-8.99999803,0.463993453,-0.79180194,-0.122087367,1.6788485
0.00213772948,0.761341592,-9.0,-8.99999799,-8.99999803,0.463993627,-0.791801808,-0.122087294,1.67664243
0.00213872948,0.765400246,-9.0,-8.99999799,-8.99999803,0.463993808,-0.791801675,-0.122087255,1.67443678
0.00213972948,0.769428683,-9.0,-8.99999799,-8.99999803,0.463993997,-0.791801541,-0.122087252,1.67223154
0.00214072948,0.773426745,-9.0,-8.99999799,-8.99999803,0.463994198,-0.791801406,-0.122087293,1.67002672
0.00214172948,0.777394273,-9.0,-8.99999799,-8.99999803,0.46399441,-0.791801271,-0.122087383,1.66782231
0.00214272948,0.781331112,-9.0,-8.99999799,-8.99999803,0.463994635,-0.791801134,-0.12208753,1.6656183
0.00214372948,0.785237104,-9.0,-8.99999799,-8.99999803,0.463994877,-0.791800996,-0.122087742,1.66341467
0.00214472948,0.789112097,-9.0,-8.99999799,-8.99999803,0.463995137,-0.791800856,-0.122088028,1.66121143
0.00214572948,0.792955936,-9.0,-8.99999799,-8.99999803,0.463995419,-0.791800714,-0.122088399,1.65900855
0.00214672948,0.796768472,-9.0,-8.99999799,-8.99999803,0.463995724,-0.791800571,-0.122088867,1.65680604
0.00214772948,0.800549552,-9.0,-8.99999799,-8.99999803,0.463996058,-0.791800425,-0.122089444,1.65460387
0.00214872948,0.804299028,-9.0,-8.99999799,-8.99999803,0.463996424,-0.791800277,-0.122090147,1.65240203
0.00214972948,0.808016752,-9.0,-8.99999799,-8.99999803,0.463996826,-0.791800126,-0.122090992,1.6502005
0.00215072948,0.811702576,-9.0,-8.99999799,-8.99999803,0.46399727,-0.791799971,-0.122091998,1.64799927
0.00215172948,0.815356356,-9.0,-8.99999799,-8.99999803,0.463997763,-0.791799812,-0.122093187,1.64579831
0.00215272948,0.818977947,-9.0,-8.99999799,-8.99999803,0.46399831,-0.791799649,-0.122094581,1.6435976
0.00215372948,0.822567206,-9.0,-8.99999799,-8.99999803,0.463998919,-0.791799482,-0.122096208,1.6413971
0.00215472948,0.826123992,-9.0,-8.99999799,-8.99999803,0.4639996,-0.791799309,-0.122098097,1.63919681
0.00215572948,0.829648163,-9.0,-8.99999799,-8.99999803,0.464000361,-0.791799129,-0.12210028,1.63699667
0.00215672948,0.833139582,-9.0,-8.99999799,-8.99999803,0.464001214,-0.791798943,-0.122102795,1.63479665
0.00215772948,0.836598109,-9.0,-8.99999799,-8.99999803,0.46400217,-0.791798749,-0.122105681,1.63259672
0.00215872948,0.840023609,-9.0,-8.99999799,-8.99999803,0.464003244,-0.791798546,-0.122108983,1.63039683
0.00215972948,0.843415947,-9.0,-8.99999799,-8.99999803,0.46400445,-0.791798334,-0.122112749,1.62819693
0.00216072948,0.846774988,-9.0,-8.99999799,-8.99999803,0.464005806,-0.79179811,-0.122117035,1.62599696
0.00216172948,0.850100599,-9.0,-8.99999799,-8.99999803,0.46400733,-0.791797875,-0.122121898,1.62379687
0.00216272948,0.85339265,-9.0,-8.99999799,-8.99999803,0.464009043,-0.791797626,-0.122127405,1.62159659
0.00216372948,0.856651011,-9.0,-8.99999799,-8.99999803,0.464010969,-0.791797362,-0.122133626,1.61939605
0.00216472948,0.859875552,-9.0,-8.99999799,-8.99999803,0.464013134,-0.791797081,-0.12214064,1.61719518
0.00216572948,0.863066148,-9.0,-8.99999799,-8.99999803,0.464015565,-0.791796782,-0.12214853,1.61499388
0.00216672948,0.86622267,-9.0,-8.99999799,-8.99999803,0.464018296,-0.791796463,-0.12215739,1.61279207
0.00216772948,0.869344996,-9.0,-8.99999799,-8.99999803,0.46402136,-0.791796122,-0.12216732,1.61058964
0.00216872948,0.872433001,-9.0,-8.99999799,-8.99999803,0.464024796,-0.791795755,-0.122178428,1.60838649
0.00216972948,0.875486565,-9.0,-8.99999799,-8.99999803,0.464028646,-0.791795362,-0.122190832,1.60618249
0.00217072948,0.878505565,-9.0,-8.99999799,-8.99999803,0.464032955,-0.791794939,-0.122204657,1.60397754
0.00217172948,0.881489884,-9.0,-8.99999799,-8.99999803,0.464037776,-0.791794484,-0.122220042,1.60177147
0.00217272948,0.884439403,-9.0,-8.99999799,-8.99999803,0.464043161,-0.791793993,-0.12223713,1.59956416
0.00217372948,0.887354006,-9.0,-8.99999799,-8.99999803,0.464049173,-0.791793463,-0.122256081,1.59735545
0.00217472948,0.890233577,-9.0,-8.99999799,-8.99999803,0.464055875,-0.791792891,-0.122277059,1.59514516
0.00217572948,0.893078004,-9.0,-8.99999799,-8.99999803,0.46406334,-0.791792273,-0.122300245,1.59293313
0.00217672948,0.895887174,-9.0,-8.99999799,-8.99999803,0.464071643,-0.791791606,-0.122325828,1.59071915
0.00217772948,0.898660975,-9.0,-8.99999799,-8.99999803,0.464080868,-0.791790885,-0.122354009,1.58850303
0.00217872948,0.901399299,-9.0,-8.99999799,-8.99999803,0.464091104,-0.791790106,-0.122385,1.58628456
0.00217972948,0.904102037,-9.0,-8.99999799,-8.99999803,0.464102449,-0.791789264,-0.122419026,1.58406352
0.00218072948,0.906769083,-9.0,-8.99999799,-8.99999803,0.464115005,-0.791788356,-0.122456323,1.58183966
0.00218172948,0.909400331,-9.0,-8.99999799,-8.99999803,0.464128885,-0.791787375,-0.122497138,1.57961274
0.00218272948,0.911995677,-9.0,-8.99999799,-8.99999803,0.464144206,-0.791786317,-0.12254173,1.57738251
0.00218372948,0.91455502,-9.0,-8.99999799,-8.99999803,0.464161096,-0.791785177,-0.122590367,1.57514869
0.00218472948,0.917078257,-9.0,-8.99999799,-8.99999803,0.464179689,-0.791783949,-0.12264333,1.57291101
0.00218572948,0.91956529,-9.0,-8.99999799,-8.99999803,0.464200128,-0.791782628,-0.122700907,1.57066918
0.00218672948,0.92201602,-9.0,-8.99999799,-8.99999803,0.464222566,-0.791781208,-0.122763395,1.5684229
0.00218772948,0.92443035,-9.0,-8.99999799,-8.99999803,0.464247162,-0.791779684,-0.122831101,1.56617187
0.00218872948,0.926808185,-9.0,-8.99999799,-8.99999803,0.464274085,-0.791778049,-0.122904336,1.56391578
0.00218972948,0.929149432,-9.0,-8.99999799,-8.99999803,0.464303511,-0.791776299,-0.122983417,1.5616543
0.00219072948,0.931453997,-9.0,-8.99999799,-8.99999803,0.464335626,-0.791774428,-0.123068666,1.55938713
0.00219172948,0.93372179,-9.0,-8.99999799,-8.99999803,0.464370623,-0.79177243,-0.123160404,1.55711393
0.00219272948,0.935952721,-9.0,-8.99999799,-8.99999803,0.464408703,-0.791770299,-0.123258954,1.55483439
0.00219372948,0.938146703,-9.0,-8.99999799,-8.99999803,0.464450073,-0.791768032,-0.123364635,1.5525482
0.00219472948,0.940303648,-9.0,-8.99999799,-8.99999803,0.46449495,-0.791765622,-0.123477763,1.55025503
0.00219572948,0.942423472,-9.0,-8.99999799,-8.99999803,0.464543553,-0.791763066,-0.123598642,1.54795458
0.00219672948,0.94450609,-9.0,-8.99999799,-8.99999803,0.464596112,-0.791760359,-0.12372757,1.54564656
0.00219772948,0.946551421,-9.0,-8.99999799,-8.99999803,0.464652856,-0.791757499,-0.123864827,1.54333069
0.00219872948,0.948559383,-9.0,-8.99999799,-8.99999803,0.464714021,-0.791754481,-0.124010676,1.54100671
0.00219972948,0.950529898,-9.0,-8.99999799,-8.99999803,0.464779845,-0.791751304,-0.12416536,1.53867437
0.00220072948,0.952462888,-9.0,-8.99999799,-8.99999803,0.464850568,-0.791747966,-0.124329094,1.53633347
0.00220172948,0.954358276,-9.0,-8.99999799,-8.99999803,0.464926429,-0.791744466,-0.124502065,1.53398381
0.00220272948,0.956215988,-9.0,-8.99999799,-8.99999803,0.465007668,-0.791740804,-0.124684423,1.53162525
0.00220372948,0.95803595,-9.0,-8.99999799,-8.99999803,0.46509452,-0.791736981,-0.124876282,1.52925768
0.00220472948,0.95981809,-9.0,-8.99999799,-8.99999803,0.465187216,-0.791733,-0.12507771,1.52688103
0.00220572948,0.961562338,-9.0,-8.99999799,-8.99999803,0.465285983,-0.791728863,-0.125288724,1.52449529
0.00220672948,0.963268626,-9.0,-8.99999799,-8.99999803,0.465391039,-0.791724575,-0.125509292,1.52210049
0.00220772948,0.964936885,-9.0,-8.99999799,-8.99999803,0.465502591,-0.791720141,-0.125739318,1.51969672
0.00220872948,0.96656705,-9.0,-8.99999799,-8.99999803,0.465620838,-0.791715568,-0.125978646,1.51728415
0.00220972948,0.968159057,-9.0,-8.99999799,-8.99999803,0.465745962,-0.791710863,-0.126227047,1.51486301
0.00221072948,0.969712843,-9.0,-8.99999799,-8.99999803,0.465878132,-0.791706036,-0.126484221,1.51243359
0.00221172948,0.971228346,-9.0,-8.99999799,-8.99999803,0.4660175,-0.791701098,-0.12674979,1.50999628
0.00221272948,0.972705506,-9.0,-8.99999799,-8.99999803,0.466164198,-0.79169606,-0.127023294,1.50755154
0.00221372948,0.974144266,-9.0,-8.99999799,-8.99999803,0.466318338,-0.791690935,-0.127304187,1.50509992
0.00221472948,0.975544568,-9.0,-8.99999799,-8.99999803,0.466480008,-0.791685738,-0.127591834,1.50264205
0.00221572948,0.976906358,-9.0,-8.99999799,-8.99999803,0.466649275,-0.791680484,-0.127885512,1.50017866
0.00221672948,0.978229581,-9.0,-8.99999799,-8.99999803,0.466826178,-0.791675189,-0.128184406,1.49771057
0.00221772948,0.979514185,-9.0,-8.99999799,-8.99999803,0.467010731,-0.79166987,-0.128487607,1.49523867
0.00221872948,0.980760119,-9.0,-8.99999799,-8.99999803,0.467202919,-0.791664548,-0.128794118,1.49276398
0.00221972948,0.981967335,-9.0,-8.99999799,-8.99999803,0.467402698,-0.791659239,-0.129102854,1.49028757
0.00222072948,0.983135784,-9.0,-8.99999799,-8.99999803,0.467609996,-0.791653965,-0.129412643,1.48781062
0.00222172948,0.984265421,-9.0,-8.99999799,-8.99999803,0.467824711,-0.791648745,-0.129722236,1.48533438
0.00222272948,0.985356201,-9.0,-8.99999799,-8.99999803,0.468046711,-0.791643601,-0.13003031,1.48286017
0.00222372948,0.98640808,-9.0,-8.99999799,-8.99999803,0.468275831,-0.791638553,-0.130335477,1.48038938
0.00222472948,0.987421018,-9.0,-8.99999799,-8.99999803,0.468511882,-0.791633622,-0.130636296,1.47792345
0.00222572948,0.988394974,-9.0,-8.99999799,-8.99999803,0.468754641,-0.791628829,-0.130931282,1.47546385
0.00222672948,0.98932991,-9.0,-8.99999799,-8.99999803,0.469003859,-0.791624194,-0.131218921,1.47301212
0.00222772948,0.990225789,-9.0,-8.99999799,-8.99999803,0.469259258,-0.791619738,-0.131497683,1.47056976
0.00222872948,0.991082576,-9.0,-8.99999799,-8.99999803,0.469520535,-0.791615479,-0.131766041,1.46813831
0.00222972948,0.991900236,-9.0,-8.99999799,-8.99999803,0.469787364,-0.791611437,-0.132022484,1.46571928
0.00223072948,0.992678738,-9.0,-8.99999799,-8.99999803,0.470059392,-0.791607628,-0.132265535,1.46331414
0.00223172948,0.99341805,-9.0,-8.99999799,-8.99999803,0.470336249,-0.791604069,-0.132493772,1.46092431
0.00223272948,0.994118144,-9.0,-8.99999799,-8.99999803,0.470617543,-0.791600775,-0.132705845,1.45855113
0.00223372948,0.994778992,-9.0,-8.99999799,-8.99999803,0.470902865,-0.791597759,-0.132900489,1.45619587
0.00223472948,0.995400568,-9.0,-8.99999799,-8.99999803,0.471191793,-0.791595035,-0.133076549,1.45385968
0.00223572948,0.995982847,-9.0,-8.99999799,-8.99999803,0.471483892,-0.791592611,-0.133232988,1.45154359
0.00223672948,0.996525807,-9.0,-8.99999799,-8.99999803,0.471778715,-0.791590497,-0.133368905,1.4492485
0.00223772948,0.997029425,-9.0,-8.99999799,-8.99999803,0.472075809,-0.7915887,-0.133483547,1.44697516
0.00223872948,0.997493682,-9.0,-8.99999799,-8.99999803,0.472374713,-0.791587225,-0.133576317,1.44472416
0.00223972948,0.99791856,-9.0,-8.99999799,-8.99999803,0.472674967,-0.791586077,-0.13364678,1.44249592
0.00224072948,0.998304042,-9.0,-8.99999799,-8.99999803,0.472976105,-0.791585255,-0.133694671,1.44029072
0.00224172948,0.998650112,-9.0,-8.99999799,-8.99999803,0.473277666,-0.791584761,-0.133719891,1.43810864
0.00224272948,0.998956758,-9.0,-8.99999799,-8.99999803,0.473579192,-0.791584592,-0.133722512,1.43594961
0.00224372948,0.999223966,-9.0,-8.99999799,-8.99999803,0.473880228,-0.791584745,-0.133702765,1.43381339
0.00224472948,0.999451727,-9.0,-8.99999799,-8.99999803,0.474180329,-0.791585216,-0.133661041,1.43169958
0.00224572948,0.999640031,-9.0,-8.99999799,-8.99999803,0.474479059,-0.791585997,-0.133597875,1.42960765
0.00224672948,0.999788871,-9.0,-8.99999799,-8.99999803,0.474775992,-0.791587081,-0.133513939,1.42753693
0.00224772948,0.999898241,-9.0,-8.99999799,-8.99999803,0.475070714,-0.791588458,-0.133410028,1.4254866
0.00224872948,0.999968137,-9.0,-8.99999799,-8.99999803,0.475362828,-0.791590119,-0.133287046,1.42345576
0.00224972948,0.999998555,-9.0,-8.99999799,-8.99999803,0.475651948,-0.791592051,-0.133145991,1.42144342
0.00225072948,0.999989496,-9.0,-8.99999799,-8.99999803,0.475937708,-0.791594243,-0.132987939,1.41944849
0.00225172948,0.999940959,-9.0,-8.99999799,-8.99999803,0.476219758,-0.791596682,-0.132814029,1.41746982
0.00225272948,0.999852945,-9.0,-8.99999799,-8.99999803,0.476497766,-0.791599353,-0.132625449,1.41550624
0.00225372948,0.999725459,-9.0,-8.99999799,-8.99999803,0.47677142,-0.791602243,-0.132423422,1.4135565
0.00225472948,0.999558506,-9.0,-8.99999799,-8.99999803,0.477040427,-0.791605336,-0.132209187,1.41161937
0.00225572948,0.999352092,-9.0,-8.99999799,-8.99999803,0.477304514,-0.791608618,-0.131983993,1.40969361
0.00225672948,0.999106225,-9.0,-8.99999799,-8.99999803,0.477563429,-0.791612074,-0.131749081,1.40777795
0.00225772948,0.998820915,-9.0,-8.99999799,-8.99999803,0.477816941,-0.791615687,-0.131505681,1.40587118
0.00225872948,0.998496174,-9.0,-8.99999799,-8.99999803,0.47806484,-0.791619444,-0.131254994,1.40397209
0.00225972948,0.998132013,-9.0,-8.99999799,-8.99999803,0.478306935,-0.791623327,-0.13099819,1.40207951
0.00226072948,0.997728448,-9.0,-8.99999799,-8.99999803,0.478543059,-0.791627323,-0.130736401,1.4001923
0.00226172948,0.997285495,-9.0,-8.99999799,-8.99999803,0.478773064,-0.791631415,-0.130470711,1.39830939
0.00226272948,0.99680317,-9.0,-8.99999799,-8.99999803,0.478996823,-0.791635591,-0.130202157,1.39642972
0.00226372948,0.996281493,-9.0,-8.99999799,-8.99999803,0.479214227,-0.791639834,-0.129931723,1.39455233
0.00226472948,0.995720485,-9.0,-8.99999799,-8.99999803,0.479425192,-0.79164413,-0.129660337,1.39267627
0.00226572948,0.995120167,-9.0,-8.99999799,-8.99999803,0.479629647,-0.791648468,-0.129388871,1.39080069
0.00226672948,0.994480564,-9.0,-8.99999799,-8.99999803,0.479827544,-0.791652832,-0.129118139,1.38892475
0.00226772948,0.9938017,-9.0,-8.99999799,-8.99999803,0.480018853,-0.791657211,-0.128848896,1.38704772
0.00226872948,0.993083603,-9.0,-8.99999799,-8.99999803,0.48020356,-0.791661593,-0.128581843,1.38516888
0.00226972948,0.9923263,-9.0,-8.99999799,-8.99999803,0.480381668,-0.791665966,-0.12831762,1.3832876
0.00227072948,0.991529823,-9.0,-8.99999799,-8.99999803,0.480553197,-0.791670318,-0.128056815,1.38140329
0.00227172948,0.990694201,-9.0,-8.99999799,-8.99999803,0.480718183,-0.791674641,-0.127799961,1.37951542
0.00227272948,0.989819468,-9.0,-8.99999799,-8.99999803,0.480876675,-0.791678923,-0.127547539,1.37762351
0.00227372948,0.988905659,-9.0,-8.99999799,-8.99999803,0.481028738,-0.791683156,-0.127299979,1.37572713
0.00227472948,0.98795281,-9.0,-8.99999799,-8.99999803,0.481174448,-0.79168733,-0.127057664,1.3738259
0.00227572948,0.986960958,-9.0,-8.99999799,-8.99999803,0.481313894,-0.791691439,-0.12682093,1.37191947
0.00227672948,0.985930142,-9.0,-8.99999799,-8.99999803,0.481447176,-0.791695475,-0.126590071,1.37000757
0.00227772948,0.984860404,-9.0,-8.99999799,-8.99999803,0.481574406,-0.791699431,-0.126365338,1.36808994
0.00227872948,0.983751785,-9.0,-8.99999799,-8.99999803,0.481695704,-0.791703301,-0.126146942,1.36616637
0.00227972948,0.982604329,-9.0,-8.99999799,-8.99999803,0.481811199,-0.791707079,-0.12593506,1.36423668
0.00228072948,0.981418081,-9.0,-8.99999799,-8.99999803,0.481921027,-0.791710761,-0.125729831,1.36230074
0.00228172948,0.980193089,-9.0,-8.99999799,-8.99999803,0.482025334,-0.791714341,-0.125531364,1.36035843
0.00228272948,0.978929401,-9.0,-8.99999799,-8.99999803,0.48212427,-0.791717818,-0.125339736,1.35840969
0.00228372948,0.977627066,-9.0,-8.99999799,-8.99999803,0.482217989,-0.791721186,-0.125154995,1.35645447
0.00228472948,0.976286136,-9.0,-8.99999799,-8.99999803,0.482306653,-0.791724445,-0.124977163,1.35449274
0.00228572948,0.974906664,-9.0,-8.99999799,-8.99999803,0.482390425,-0.79172759,-0.124806239,1.35252451
0.00228672948,0.973488704,-9.0,-8.99999799,-8.99999803,0.482469472,-0.791730622,-0.124642196,1.3505498
0.00228772948,0.972032313,-9.0,-8.99999799,-8.99999803,0.482543963,-0.791733537,-0.124484989,1.34856867
0.00228872948,0.970537547,-9.0,-8.99999799,-8.99999803,0.482614069,-0.791736337,-0.12433455,1.34658118
0.00228972948,0.969004467,-9.0,-8.99999799,-8.99999803,0.482679962,-0.791739021,-0.124190798,1.34458741
0.00229072948,0.967433131,-9.0,-8.99999799,-8.99999803,0.482741813,-0.791741588,-0.124053632,1.34258748
0.00229172948,0.965823604,-9.0,-8.99999799,-8.99999803,0.482799794,-0.791744039,-0.123922938,1.34058148
0.00229272948,0.964175947,-9.0,-8.99999799,-8.99999803,0.482854075,-0.791746376,-0.123798588,1.33856955
0.00229372948,0.962490226,-9.0,-8.99999799,-8.99999803,0.482904825,-0.791748599,-0.123680443,1.33655184
0.00229472948,0.960766507,-9.0,-8.99999799,-8.99999803,0.48295221,-0.791750711,-0.123568352,1.33452848
0.00229572948,0.959004859,-9.0,-8.99999799,-8.99999803,0.482996395,-0.791752712,-0.123462158,1.33249966
0.00229672948,0.957205351,-9.0,-8.99999799,-8.99999803,0.48303754,-0.791754605,-0.123361693,1.33046552
0.00229772948,0.955368055,-9.0,-8.99999799,-8.99999803,0.483075805,-0.791756393,-0.123266784,1.32842624
0.00229872948,0.953493042,-9.0,-8.99999799,-8.99999803,0.483111343,-0.791758078,-0.12317725,1.32638202
0.00229972948,0.951580387,-9.0,-8.99999799,-8.99999803,0.483144305,-0.791759663,-0.123092908,1.32433302
0.00230072948,0.949630165,-9.0,-8.99999799,-8.99999803,0.483174836,-0.79176115,-0.12301357,1.32227944
0.00230172948,0.947642453,-9.0,-8.99999799,-8.99999803,0.483203077,-0.791762543,-0.122939046,1.32022148
0.00230272948,0.94561733,-9.0,-8.99999799,-8.99999803,0.483229167,-0.791763846,-0.122869144,1.31815931
0.00230372948,0.943554876,-9.0,-8.99999799,-8.99999803,0.483253236,-0.791765061,-0.122803672,1.31609315
0.00230472948,0.941455172,-9.0,-8.99999799,-8.99999803,0.483275412,-0.791766191,-0.122742437,1.31402317
0.00230572948,0.9393183,-9.0,-8.99999799,-8.99999803,0.483295817,-0.79176724,-0.122685246,1.31194958
0.00230672948,0.937144346,-9.0,-8.99999799,-8.99999803,0.483314566,-0.791768213,-0.122631911,1.30987256
0.00230772948,0.934933395,-9.0,-8.99999799,-8.99999803,0.483331773,-0.791769111,-0.122582241,1.30779231
0.00230872948,0.932685535,-9.0,-8.99999799,-8.99999803,0.483347542,-0.791769939,-0.122536053,1.305709
0.00230972948,0.930400854,-9.0,-8.99999799,-8.99999803,0.483361976,-0.7917707,-0.122493164,1.30362283
0.00231072948,0.928079442,-9.0,-8.99999799,-8.99999803,0.48337517,-0.791771397,-0.122453394,1.30153396
0.00231172948,0.925721391,-9.0,-8.99999799,-8.99999803,0.483387215,-0.791772034,-0.122416572,1.29944259
0.00231272948,0.923326794,-9.0,-8.99999799,-8.99999803,0.483398197,-0.791772614,-0.122382526,1.29734886
0.00231372948,0.920895746,-9.0,-8.99999799,-8.99999803,0.483408198,-0.79177314,-0.122351092,1.29525296
0.00231472948,0.918428343,-9.0,-8.99999799,-8.99999803,0.483417294,-0.791773616,-0.122322112,1.29315504
0.00231572948,0.915924681,-9.0,-8.99999799,-8.99999803,0.483425556,-0.791774045,-0.122295432,1.29105525
0.00231672948,0.913384861,-9.0,-8.99999799,-8.99999803,0.483433053,-0.791774429,-0.122270903,1.28895375
0.00231772948,0.910808981,-9.0,-8.99999799,-8.99999803,0.483439846,-0.791774771,-0.122248384,1.28685067
0.00231872948,0.908197144,-9.0,-8.99999799,-8.99999803,0.483445994,-0.791775074,-0.122227739,1.28474615
0.00231972948,0.905549454,-9.0,-8.99999799,-8.99999803,0.483451554,-0.791775341,-0.122208838,1.28264032
0.00232072948,0.902866013,-9.0,-8.99999799,-8.99999803,0.483456574,-0.791775575,-0.122191557,1.2805333
0.00232172948,0.90014693,-9.0,-8.99999799,-8.99999803,0.483461104,-0.791775777,-0.122175779,1.27842522
0.00232272948,0.897392309,-9.0,-8.99999799,-8.99999803,0.483465186,-0.79177595,-0.122161391,1.27631619
0.00232372948,0.894602262,-9.0,-8.99999799,-8.99999803,0.483468861,-0.791776096,-0.122148289,1.2742063
0.00232472948,0.891776897,-9.0,-8.99999799,-8.99999803,0.483472167,-0.791776218,-0.122136373,1.27209566
0.00232572948,0.888916326,-9.0,-8.99999799,-8.99999803,0.483475139,-0.791776317,-0.122125549,1.26998437
0.00232672948,0.886020662,-9.0,-8.99999799,-8.99999803,0.483477807,-0.791776394,-0.122115729,1.26787251
0.00232772948,0.88309002,-9.0,-8.99999799,-8.99999803,0.483480202,-0.791776453,-0.12210683,1.26576017
0.00232872948,0.880124515,-9.0,-8.99999799,-8.99999803,0.48348235,-0.791776493,-0.122098775,1.26364742
0.00232972948,0.877124264,-9.0,-8.99999799,-8.99999803,0.483484275,-0.791776518,-0.122091492,1.26153433
0.00233072948,0.874089385,-9.0,-8.99999799,-8.99999803,0.483486,-0.791776528,-0.122084914,1.25942097
0.00233172948,0.871019999,-9.0,-8.99999799,-8.99999803,0.483487544,-0.791776524,-0.122078978,1.25730741
0.00233272948,0.867916227,-9.0,-8.99999799,-8.99999803,0.483488928,-0.791776508,-0.122073626,1.2551937
0.00233372948,0.864778191,-9.0,-8.99999799,-8.99999803,0.483490167,-0.791776481,-0.122068806,1.2530799
0.00233472948,0.861606015,-9.0,-8.99999799,-8.99999803,0.483491277,-0.791776443,-0.122064467,1.25096605
0.00233572948,0.858399824,-9.0,-8.99999799,-8.99999803,0.483492271,-0.791776397,-0.122060563,1.24885221
0.00233672948,0.855159745,-9.0,-8.99999799,-8.99999803,0.483493162,-0.791776342,-0.122057054,1.2467384
0.00233772948,0.851885906,-9.0,-8.99999799,-8.99999803,0.483493962,-0.79177628,-0.1220539,1.24462468
0.00233872948,0.848578435,-9.0,-8.99999799,-8.99999803,0.48349468,-0.791776211,-0.122051067,1.24251107
0.00233972948,0.845237465,-9.0,-8.99999799,-8.99999803,0.483495326,-0.791776137,-0.122048521,1.24039761
0.00234072948,0.841863126,-9.0,-8.99999799,-8.99999803,0.483495907,-0.791776056,-0.122046235,1.23828434
0.00234172948,0.838455551,-9.0,-8.99999799,-8.99999803,0.483496432,-0.791775971,-0.12204418,1.23617126
0.00234272948,0.835014876,-9.0,-8.99999799,-8.99999803,0.483496907,-0.791775882,-0.122042333,1.23405841
0.00234372948,0.831541236,-9.0,-8.99999799,-8.99999803,0.483497337,-0.791775788,-0.122040671,1.23194582
0.00234472948,0.828034768,-9.0,-8.99999799,-8.99999803,0.483497728,-0.791775691,-0.122039175,1.22983349
0.00234572948,0.82449561,-9.0,-8.99999799,-8.99999803,0.483498085,-0.791775591,-0.122037827,1.22772146
0.00234672948,0.820923903,-9.0,-8.99999799,-8.99999803,0.483498411,-0.791775489,-0.12203661,1.22560973
0.00234772948,0.817319787,-9.0,-8.99999799,-8.99999803,0.483498711,-0.791775384,-0.122035509,1.22349832
0.00234872948,0.813683405,-9.0,-8.99999799,-8.99999803,0.483498988,-0.791775276,-0.122034511,1.22138724
0.00234972948,0.8100149,-9.0,-8.99999799,-8.99999803,0.483499244,-0.791775167,-0.122033606,1.21927651
0.00235072948,0.806314417,-9.0,-8.99999799,-8.99999803,0.483499482,-0.791775056,-0.122032781,1.21716613
0.00235172948,0.802582102,-9.0,-8.99999799,-8.99999803,0.483499705,-0.791774944,-0.122032027,1.21505611
0.00235272948,0.798818102,-9.0,-8.99999799,-8.99999803,0.483499914,-0.79177483,-0.122031337,1.21294647
0.00235372948,0.795022567,-9.0,-8.99999799,-8.99999803,0.483500111,-0.791774716,-0.122030702,1.21083721
0.00235472948,0.791195645,-9.0,-8.99999799,-8.99999803,0.483500298,-0.7917746,-0.122030115,1.20872834
0.00235572948,0.787337489,-9.0,-8.99999799,-8.99999803,0.483500476,-0.791774483,-0.122029572,1.20661986
0.00235672948,0.783448249,-9.0,-8.99999799,-8.99999803,0.483500646,-0.791774366,-0.122029066,1.20451178
0.00235772948,0.779528081,-9.0,-8.99999799,-8.99999803,0.483500809,-0.791774248,-0.122028593,1.2024041
0.00235872948,0.775577138,-9.0,-8.99999799,-8.99999803,0.483500967,-0.791774129,-0.122028148,1.20029683
0.00235972948,0.771595576,-9.0,-8.99999799,-8.99999803,0.48350112,-0.79177401,-0.122027729,1.19818996
0.00236072948,0.767583553,-9.0,-8.99999799,-8.99999803,0.483501268,-0.79177389,-0.122027331,1.19608351
0.00236172948,0.763541228,-9.0,-8.99999799,-8.99999803,0.483501412,-0.79177377,-0.122026952,1.19397748
0.00236272948,0.759468759,-9.0,-8.99999799,-8.99999803,0.483501554,-0.79177365,-0.12202659,1.19187187
0.00236372948,0.755366307,-9.0,-8.99999799,-8.99999803,0.483501692,-0.791773529,-0.122026242,1.18976667
0.00236472948,0.751234035,-9.0,-8.99999799,-8.99999803,0.483501828,-0.791773409,-0.122025907,1.1876619
0.00236572948,0.747072106,-9.0,-8.99999799,-8.99999803,0.483501962,-0.791773288,-0.122025582,1.18555756
0.00236672948,0.742880683,-9.0,-8.99999799,-8.99999803,0.483502094,-0.791773166,-0.122025266,1.18345364
0.00236772948,0.738659933,-9.0,-8.99999799,-8.99999803,0.483502225,-0.791773045,-0.122024959,1.18135014
0.00236872948,0.734410022,-9.0,-8.99999799,-8.99999803,0.483502354,-0.791772924,-0.122024659,1.17924707
0.00236972948,0.730131117,-9.0,-8.99999799,-8.99999803,0.483502483,-0.791772802,-0.122024364,1.17714443
0.00237072948,0.725823388,-9.0,-8.99999799,-8.99999803,0.48350261,-0.79177268,-0.122024075,1.17504222
0.00237172948,0.721487005,-9.0,-8.99999799,-8.99999803,0.483502736,-0.791772559,-0.12202379,1.17294045
0.00237272948,0.717122139,-9.0,-8.99999799,-8.99999803,0.483502862,-0.791772437,-0.122023509,1.1708391
0.00237372948,0.712728962,-9.0,-8.99999799,-8.99999803,0.483502987,-0.791772315,-0.122023231,1.16873818
0.00237472948,0.708307648,-9.0,-8.99999799,-8.99999803,0.483503112,-0.791772193,-0.122022956,1.16663769
0.00237572948,0.703858371,-9.0,-8.99999799,-8.99999803,0.483503237,-0.791772072,-0.122022683,1.16453763
0.00237672948,0.699381307,-9.0,-8.99999799,-8.99999803,0.48350336,-0.79177195,-0.122022413,1.16243801
0.00237772948,0.694876632,-9.0,-8.99999799,-8.99999803,0.483503484,-0.791771828,-0.122022144,1.16033882
0.00237872948,0.690344525,-9.0,-8.99999799,-8.99999803,0.483503607,-0.791771706,-0.122021877,1.15824006
0.00237972948,0.685785164,-9.0,-8.99999799,-8.99999803,0.48350373,-0.791771584,-0.122021611,1.15614173
0.00238072948,0.68119873,-9.0,-8.99999799,-8.99999803,0.483503853,-0.791771462,-0.122021346,1.15404384
0.00238172948,0.676585403,-9.0,-8.99999799,-8.99999803,0.483503976,-0.79177134,-0.122021082,1.15194637
0.00238272948,0.671945366,-9.0,-8.99999799,-8.99999803,0.483504099,-0.791771218,-0.122020818,1.14984934
0.00238372948,0.667278801,-9.0,-8.99999799,-8.99999803,0.483504221,-0.791771097,-0.122020556,1.14775275
0.00238472948,0.662585894,-9.0,-8.99999799,-8.99999803,0.483504343,-0.791770975,-0.122020294,1.14565658
0.00238572948,0.657866828,-9.0,-8.99999799,-8.99999803,0.483504466,-0.791770853,-0.122020032,1.14356085
0.00238672948,0.653121792,-9.0,-8.99999799,-8.99999803,0.483504588,-0.791770731,-0.122019771,1.14146555
0.00238772948,0.648350971,-9.0,-8.99999799,-8.99999803,0.48350471,-0.791770609,-0.122019511,1.13937068
0.00238872948,0.643554554,-9.0,-8.99999799,-8.99999803,0.483504832,-0.791770487,-0.122019251,1.13727625
0.00238972948,0.638732731,-9.0,-8.99999799,-8.99999803,0.483504954,-0.791770366,-0.122018991,1.13518225
0.00239072948,0.633885691,-9.0,-8.99999799,-8.99999803,0.483505076,-0.791770244,-0.122018731,1.13308868
0.00239172948,0.629013628,-9.0,-8.99999799,-8.99999803,0.483505198,-0.791770122,-0.122018471,1.13099554
0.00239272948,0.624116731,-9.0,-8.99999799,-8.99999803,0.483505319,-0.791770001,-0.122018212,1.12890283
0.00239372948,0.619195196,-9.0,-8.99999799,-8.99999803,0.483505441,-0.791769879,-0.122017953,1.12681056
0.00239472948,0.614249216,-9.0,-8.99999799,-8.99999803,0.483505563,-0.791769757,-0.122017694,1.12471872
0.00239572948,0.609278986,-9.0,-8.99999799,-8.99999803,0.483505684,-0.791769636,-0.122017435,1.12262731
0.00239672948,0.604284703,-9.0,-8.99999799,-8.99999803,0.483505806,-0.791769514,-0.122017176,1.12053633
0.00239772948,0.599266564,-9.0,-8.99999799,-8.99999803,0.483505928,-0.791769392,-0.122016917,1.11844579
0.00239872948,0.594224767,-9.0,-8.99999799,-8.99999803,0.483506049,-0.791769271,-0.122016659,1.11635567
0.00239972948,0.589159511,-9.0,-8.99999799,-8.99999803,0.483506171,-0.791769149,-0.1220164,1.11426599
0.00240072948,0.584070996,-9.0,-8.99999799,-8.99999803,0.483506292,-0.791769028,-0.122016142,1.11217674
0.00240172948,0.578959423,-9.0,-8.99999799,-8.99999803,0.483506414,-0.791768906,-0.122015883,1.11008792
0.00240272948,0.573824993,-9.0,-8.99999799,-8.99999803,0.483506535,-0.791768785,-0.122015625,1.10799953
0.00240372948,0.56866791,-9.0,-8.99999799,-8.99999803,0.483506657,-0.791768663,-0.122015367,1.10591158
0.00240472948,0.563488377,-9.0,-8.99999799,-8.99999803,0.483506778,-0.791768542,-0.122015109,1.10382405
0.00240572948,0.558286598,-9.0,-8.99999799,-8.99999803,0.483506899,-0.791768421,-0.122014851,1.10173696
0.00240672948,0.553062779,-9.0,-8.99999799,-8.99999803,0.483507021,-0.791768299,-0.122014593,1.0996503
0.00240772948,0.547817126,-9.0,-8.99999799,-8.99999803,0.483507142,-0.791768178,-0.122014335,1.09756407
0.00240872948,0.542549846,-9.0,-8.99999799,-8.99999803,0.483507263,-0.791768057,-0.122014077,1.09547827
0.00240972948,0.537261147,-9.0,-8.99999799,-8.99999803,0.483507385,-0.791767935,-0.122013819,1.0933929
0.00241072948,0.531951239,-9.0,-8.99999799,-8.99999803,0.483507506,-0.791767814,-0.122013561,1.09130796
0.00241172948,0.526620329,-9.0,-8.99999799,-8.99999803,0.483507627,-0.791767693,-0.122013304,1.08922345
0.00241272948,0.52126863,-9.0,-8.99999799,-8.99999803,0.483507748,-0.791767572,-0.122013046,1.08713937
0.00241372948,0.515896351,-9.0,-8.99999799,-8.99999803,0.48350787,-0.79176745,-0.122012788,1.08505572
0.00241472948,0.510503706,-9.0,-8.99999799,-8.99999803,0.483507991,-0.791767329,-0.122012531,1.08297251
0.00241572948,0.505090908,-9.0,-8.99999799,-8.99999803,0.483508112,-0.791767208,-0.122012273,1.08088972
0.00241672948,0.499658169,-9.0,-8.99999799,-8.99999803,0.483508233,-0.791767087,-0.122012016,1.07880737
0.00241772948,0.494205704,-9.0,-8.99999799,-8.99999803,0.483508354,-0.791766966,-0.122011758,1.07672544
0.00241872948,0.488733729,-9.0,-8.99999799,-8.99999803,0.483508475,-0.791766845,-0.122011501,1.07464394
0.00241972948,0.48324246,-9.0,-8.99999799,-8.99999803,0.483508596,-0.791766724,-0.122011244,1.07256288
0.00242072948,0.477732113,-9.0,-8.99999799,-8.99999803,0.483508717,-0.791766603,-0.122010987,1.07048224
0.00242172948,0.472202906,-9.0,-8.99999799,-8.99999803,0.483508838,-0.791766482,-0.12201073,1.06840203
0.00242272948,0.466655057,-9.0,-8.99999799,-8.99999803,0.483508959,-0.791766361,-0.122010472,1.06632226
0.00242372948,0.461088786,-9.0,-8.99999799,-8.99999803,0.48350908,-0.79176624,-0.122010215,1.06424291
0.00242472948,0.455504311,-9.0,-8.99999799,-8.99999803,0.483509201,-0.791766119,-0.122009958,1.06216399
0.00242572948,0.449901854,-9.0,-8.99999799,-8.99999803,0.483509322,-0.791765998,-0.122009701,1.06008551
0.00242672948,0.444281636,-9.0,-8.99999799,-8.99999803,0.483509443,-0.791765877,-0.122009445,1.05800745
0.00242772948,0.438643878,-9.0,-8.99999799,-8.99999803,0.483509563,-0.791765756,-0.122009188,1.05592982
0.00242872948,0.432988803,-9.0,-8.99999799,-8.99999803,0.483509684,-0.791765635,-0.122008931,1.05385262
0.00242972948,0.427316635,-9.0,-8.99999799,-8.99999803,0.483509805,-0.791765515,-0.122008674,1.05177585
0.00243072948,0.421627597,-9.0,-8.99999799,-8.99999803,0.483509926,-0.791765394,-0.122008417,1.0496995
0.00243172948,0.415921914,-9.0,-8.99999799,-8.99999803,0.483510046,-0.791765273,-0.122008161,1.04762359
0.00243272948,0.41019981,-9.0,-8.99999799,-8.99999803,0.483510167,-0.791765152,-0.122007904,1.04554811
0.00243372948,0.404461513,-9.0,-8.99999799,-8.99999803,0.483510288,-0.791765032,-0.122007648,1.04347305
0.00243472948,0.398707249,-9.0,-8.99999799,-8.99999803,0.483510408,-0.791764911,-0.122007391,1.04139842
0.00243572948,0.392937244,-9.0,-8.99999799,-8.99999803,0.483510529,-0.79176479,-0.122007135,1.03932422
0.00243672948,0.387151727,-9.0,-8.99999799,-8.99999803,0.48351065,-0.79176467,-0.122006879,1.03725045
0.00243772948,0.381350925,-9.0,-8.99999799,-8.99999803,0.48351077,-0.791764549,-0.122006622,1.03517711
0.00243872948,0.375535069,-9.0,-8.99999799,-8.99999803,0.483510891,-0.791764429,-0.122006366,1.0331042
0.00243972948,0.369704387,-9.0,-8.99999799,-8.99999803,0.483511011,-0.791764308,-0.12200611,1.03103171
0.00244072948,0.363859109,-9.0,-8.99999799,-8.99999803,0.483511132,-0.791764187,-0.122005854,1.02895966
0.00244172948,0.357999467,-9.0,-8.99999799,-8.99999803,0.483511252,-0.791764067,-0.122005598,1.02688803
0.00244272948,0.352125692,-9.0,-8.99999799,-8.99999803,0.483511373,-0.791763946,-0.122005341,1.02481683
0.00244372948,0.346238016,-9.0,-8.99999799,-8.99999803,0.483511493,-0.791763826,-0.122005085,1.02274605
0.00244472948,0.340336671,-9.0,-8.99999799,-8.99999803,0.483511614,-0.791763706,-0.12200483,1.02067571
0.00244572948,0.33442189,-9.0,-8.99999799,-8.99999803,0.483511734,-0.791763585,-0.122004574,1.01860579
0.00244672948,0.328493906,-9.0,-8.99999799,-8.99999803,0.483511854,-0.791763465,-0.122004318,1.0165363
0.00244772948,0.322552954,-9.0,-8.99999799,-8.99999803,0.483511975,-0.791763344,-0.122004062,1.01446724
0.00244872948,0.316599268,-9.0,-8.99999799,-8.99999803,0.483512095,-0.791763224,-0.122003806,1.0123986
0.00244972948,0.310633084,-9.0,-8.99999799,-8.99999803,0.483512215,-0.791763104,-0.122003551,1.01033039
0.00245072948,0.304654636,-9.0,-8.99999799,-8.99999803,0.483512336,-0.791762983,-0.122003295,1.00826261
0.00245172948,0.298664161,-9.0,-8.99999799,-8.99999803,0.483512456,-0.791762863,-0.122003039,1.00619526
0.00245272948,0.292661895,-9.0,-8.99999799,-8.99999803,0.483512576,-0.791762743,-0.122002784,1.00412833
0.00245372948,0.286648076,-9.0,-8.99999799,-8.99999803,0.483512696,-0.791762623,-0.122002529,1.00206183
0.00245472948,0.28062294,-9.0,-8.99999799,-8.99999803,0.483512816,-0.791762503,-0.122002273,0.999995757
0.00245572948,0.274586725,-9.0,-8.99999799,-8.99999803,0.483512936,-0.791762382,-0.122002018,0.997930111
0.00245672948,0.26853967,-9.0,-8.99999799,-8.99999803,0.483513057,-0.791762262,-0.122001762,0.995864892
0.00245772948,0.262482014,-9.0,-8.99999799,-8.99999803,0.483513177,-0.791762142,-0.122001507,0.993800099
0.00245872948,0.256413996,-9.0,-8.99999799,-8.99999803,0.483513297,-0.791762022,-0.122001252,0.991735732
0.00245972948,0.250335854,-9.0,-8.99999799,-8.99999803,0.483513417,-0.791761902,-0.122000997,0.989671792
0.00246072948,0.24424783,-9.0,-8.99999799,-8.99999803,0.483513537,-0.791761782,-0.122000742,0.987608278
0.00246172948,0.238150164,-9.0,-8.99999799,-8.99999803,0.483513657,-0.791761662,-0.122000487,0.985545191
0.00246272948,0.232043095,-9.0,-8.99999799,-8.99999803,0.483513777,-0.791761542,-0.122000232,0.98348253
0.00246372948,0.225926866,-9.0,-8.99999799,-8.99999803,0.483513897,-0.791761422,-0.121999977,0.981420294
0.00246472948,0.219801718,-9.0,-8.99999799,-8.99999803,0.483514017,-0.791761302,-0.121999722,0.979358485
0.00246572948,0.213667892,-9.0,-8.99999799,-8.99999803,0.483514137,-0.791761182,-0.121999467,0.977297102
0.00246672948,0.207525631,-9.0,-8.99999799,-8.99999803,0.483514256,-0.791761062,-0.121999212,0.975236144
0.00246772948,0.201375178,-9.0,-8.99999799,-8.99999803,0.483514376,-0.791760942,-0.121998958,0.973175613
0.00246872948,0.195216774,-9.0,-8.99999799,-8.99999803,0.483514496,-0.791760822,-0.121998703,0.971115506
0.00246972948,0.189050664,-9.0,-8.99999799,-8.99999803,0.483514616,-0.791760703,-0.121998448,0.969055826
0.00247072948,0.18287709,-9.0,-8.99999799,-8.99999803,0.483514736,-0.791760583,-0.121998194,0.966996571
0.00247172948,0.176696296,-9.0,-8.99999799,-8.99999803,0.483514855,-0.791760463,-0.121997939,0.964937741
0.00247272948,0.170508527,-9.0,-8.99999799,-8.99999803,0.483514975,-0.791760343,-0.121997685,0.962879336
0.00247372948,0.164314026,-9.0,-8.99999799,-8.99999803,0.483515095,-0.791760224,-0.12199743,0.960821357
0.00247472948,0.158113039,-9.0,-8.99999799,-8.99999803,0.483515214,-0.791760104,-0.121997176,0.958763803
0.00247572948,0.15190581,-9.0,-8.99999799,-8.99999803,0.483515334,-0.791759984,-0.121996922,0.956706674
0.00247672948,0.145692583,-9.0,-8.99999799,-8.99999803,0.483515454,-0.791759864,-0.121996668,0.954649969
0.00247772948,0.139473605,-9.0,-8.99999799,-8.99999803,0.483515573,-0.791759745,-0.121996413,0.95259369
0.00247872948,0.133249121,-9.0,-8.99999799,-8.99999803,0.483515693,-0.791759625,-0.121996159,0.950537835
0.00247972948,0.127019376,-9.0,-8.99999799,-8.99999803,0.483515812,-0.791759506,-0.121995905,0.948482405
0.00248072948,0.120784617,-9.0,-8.99999799,-8.99999803,0.483515932,-0.791759386,-0.121995651,0.9464274
0.00248172948,0.114545089,-9.0,-8.99999799,-8.99999803,0.483516051,-0.791759267,-0.121995397,0.944372819
0.00248272948,0.10830104,-9.0,-8.99999799,-8.99999803,0.483516171,-0.791759147,-0.121995143,0.942318662
0.00248372948,0.102052714,-9.0,-8.99999799,-8.99999803,0.48351629,-0.791759028,-0.121994889,0.94026493
0.00248472948,0.0958003604,-9.0,-8.99999799,-8.99999803,0.48351641,-0.791758908,-0.121994635,0.938211622
0.00248572948,0.0895442243,-9.0,-8.99999799,-8.99999803,0.483516529,-0.791758789,-0.121994382,0.936158738
0.00248672948,0.0832845531,-9.0,-8.99999799,-8.99999803,0.483516649,-0.791758669,-0.121994128,0.934106279
0.00248772948,0.0770215941,-9.0,-8.99999799,-8.99999803,0.483516768,-0.79175855,-0.121993874,0.932054243
0.00248872948,0.0707555943,-9.0,-8.99999799,-8.99999803,0.483516887,-0.79175843,-0.121993621,0.930002631
0.00248972948,0.0644868012,-9.0,-8.99999799,-8.99999803,0.483517007,-0.791758311,-0.121993367,0.927951443
0.00249072948,0.0582154624,-9.0,-8.99999799,-8.99999803,0.483517126,-0.791758192,-0.121993114,0.925900678
0.00249172948,0.0519418252,-9.0,-8.99999799,-8.99999803,0.483517245,-0.791758072,-0.12199286,0.923850337
0.00249272948,0.0456661375,-9.0,-8.99999799,-8.99999803,0.483517364,-0.791757953,-0.121992607,0.92180042
0.00249372948,0.039388647,-9.0,-8.99999799,-8.99999803,0.483517484,-0.791757834,-0.121992353,0.919750926
0.00249472948,0.0331096014,-9.0,-8.99999799,-8.99999803,0.483517603,-0.791757715,-0.1219921,0.917701856
0.00249572948,0.0268292488,-9.0,-8.99999799,-8.99999803,0.483517722,-0.791757595,-0.121991847,0.915653209
0.00249672948,0.020547837,-9.0,-8.99999799,-8.99999803,0.483517841,-0.791757476,-0.121991594,0.913604985
0.00249772948,0.014265614,-9.0,-8.99999799,-8.99999803,0.48351796,-0.791757357,-0.121991341,0.911557184
0.00249872948,0.00798282778,-9.0,-8.99999799,-8.99999803,0.483518079,-0.791757238,-0.121991087,0.909509806
0.00249972948,0.00169972644,-9.0,-8.99999799,-8.99999803,0.483518198,-0.791757119,-0.121990834,0.907462851
0.00250072948,-0.004583442,-9.0,-8.99999799,-8.99999803,0.483518317,-0.791757,-0.121990581,0.905416318
0.00250172948,-0.0108664295,-9.0,-8.99999799,-8.99999803,0.483518436,-0.791756881,-0.121990328,0.903370209
0.00250272948,-0.017148988,-9.0,-8.99999799,-8.99999803,0.483518555,-0.791756762,-0.121990076,0.901324522
0.00250372948,-0.0234308695,-9.0,-8.99999799,-8.99999803,0.483518674,-0.791756643,-0.121989823,0.899279258
0.00250472948,-0.029711826,-9.0,-8.99999799,-8.99999803,0.483518793,-0.791756524,-0.12198957,0.897234416
0.00250572948,-0.0359916095,-9.0,-8.99999799,-8.99999803,0.483518912,-0.791756405,-0.121989317,0.895189997
0.00250672948,-0.0422699721,-9.0,-8.99999799,-8.99999803,0.483519031,-0.791756286,-0.121989065,0.893146
0.00250772948,-0.048546666,-9.0,-8.99999799,-8.99999803,0.48351915,-0.791756167,-0.121988812,0.891102425
0.00250872948,-0.0548214433,-9.0,-8.99999799,-8.99999803,0.483519269,-0.791756048,-0.121988559,0.889059272
0.00250972948,-0.0610940564,-9.0,-8.99999799,-8.99999803,0.483519388,-0.791755929,-0.121988307,0.887016541
0.00251072948,-0.0673642576,-9.0,-8.99999799,-8.99999803,0.483519506,-0.79175581,-0.121988054,0.884974232
0.00251172948,-0.0736317994,-9.0,-8.99999799,-8.99999803,0.483519625,-0.791755692,-0.121987802,0.882932346
0.00251272948,-0.0798964343,-9.0,-8.99999799,-8.99999803,0.483519744,-0.791755573,-0.12198755,0.880890881
0.00251372948,-0.086157915,-9.0,-8.99999799,-8.99999803,0.483519863,-0.791755454,-0.121987297,0.878849837
0.00251472948,-0.0924159944,-9.0,-8.99999799,-8.99999803,0.483519981,-0.791755335,-0.121987045,0.876809215
0.00251572948,-0.0986704253,-9.0,-8.99999799,-8.99999803,0.4835201,-0.791755217,-0.121986793,0.874769015
0.00251672948,-0.104920961,-9.0,-8.99999799,-8.99999803,0.483520219,-0.791755098,-0.121986541,0.872729236
0.00251772948,-0.111167354,-9.0,-8.99999799,-8.99999803,0.483520337,-0.791754979,-0.121986289,0.870689879
0.00251872948,-0.117409359,-9.0,-8.99999799,-8.99999803,0.483520456,-0.79175486,-0.121986037,0.868650943
0.00251972948,-0.123646729,-9.0,-8.99999799,-8.99999803,0.483520574,-0.791754742,-0.121985785,0.866612428
0.00252072948,-0.129879217,-9.0,-8.99999799,-8.99999803,0.483520693,-0.791754623,-0.121985533,0.864574334
0.00252172948,-0.136106578,-9.0,-8.99999799,-8.99999803,0.483520811,-0.791754505,-0.121985281,0.862536661
0.00252272948,-0.142328566,-9.0,-8.99999799,-8.99999803,0.48352093,-0.791754386,-0.121985029,0.860499409
0.00252372948,-0.148544935,-9.0,-8.99999799,-8.99999803,0.483521048,-0.791754268,-0.121984777,0.858462577
0.00252472948,-0.154755439,-9.0,-8.99999799,-8.99999803,0.483521167,-0.791754149,-0.121984525,0.856426167
0.00252572948,-0.160959834,-9.0,-8.99999799,-8.99999803,0.483521285,-0.791754031,-0.121984274,0.854390177
0.00252672948,-0.167157875,-9.0,-8.99999799,-8.99999803,0.483521404,-0.791753912,-0.121984022,0.852354608
0.00252772948,-0.173349316,-9.0,-8.99999799,-8.99999803,0.483521522,-0.791753794,-0.121983771,0.850319459
0.00252872948,-0.179533914,-9.0,-8.99999799,-8.99999803,0.483521641,-0.791753675,-0.121983519,0.848284731
0.00252972948,-0.185711424,-9.0,-8.99999799,-8.99999803,0.483521759,-0.791753557,-0.121983268,0.846250422
0.00253072948,-0.191881603,-9.0,-8.99999799,-8.99999803,0.483521877,-0.791753439,-0.121983016,0.844216535
0.00253172948,-0.198044206,-9.0,-8.99999799,-8.99999803,0.483521995,-0.79175332,-0.121982765,0.842183067
0.00253272948,-0.204198992,-9.0,-8.99999799,-8.99999803,0.483522114,-0.791753202,-0.121982514,0.840150019
0.00253372948,-0.210345715,-9.0,-8.99999799,-8.99999803,0.483522232,-0.791753084,-0.121982262,0.838117391
0.00253472948,-0.216484135,-9.0,-8.99999799,-8.99999803,0.48352235,-0.791752965,-0.121982011,0.836085183
0.00253572948,-0.222614008,-9.0,-8.99999799,-8.99999803,0.483522468,-0.791752847,-0.12198176,0.834053395
0.00253672948,-0.228735093,-9.0,-8.99999799,-8.99999803,0.483522586,-0.791752729,-0.121981509,0.832022027
0.00253772948,-0.234847147,-9.0,-8.99999799,-8.99999803,0.483522705,-0.791752611,-0.121981258,0.829991078
0.00253872948,-0.240949931,-9.0,-8.99999799,-8.99999803,0.483522823,-0.791752493,-0.121981007,0.827960549
0.00253972948,-0.247043202,-9.0,-8.99999799,-8.99999803,0.483522941,-0.791752374,-0.121980756,0.825930439
0.00254072948,-0.25312672,-9.0,-8.99999799,-8.99999803,0.483523059,-0.791752256,-0.121980505,0.823900749
0.00254172948,-0.259200245,-9.0,-8.99999799,-8.99999803,0.483523177,-0.791752138,-0.121980254,0.821871477
0.00254272948,-0.265263537,-9.0,-8.99999799,-8.99999803,0.483523295,-0.79175202,-0.121980003,0.819842625
0.00254372948,-0.271316357,-9.0,-8.99999799,-8.99999803,0.483523413,-0.791751902,-0.121979752,0.817814192
0.00254472948,-0.277358466,-9.0,-8.99999799,-8.99999803,0.483523531,-0.791751784,-0.121979502,0.815786178
0.00254572948,-0.283389626,-9.0,-8.99999799,-8.99999803,0.483523649,-0.791751666,-0.121979251,0.813758583
0.00254672948,-0.289409598,-9.0,-8.99999799,-8.99999803,0.483523767,-0.791751548,-0.121979001,0.811731407
0.00254772948,-0.295418144,-9.0,-8.99999799,-8.99999803,0.483523885,-0.79175143,-0.12197875,0.80970465
0.00254872948,-0.301415028,-9.0,-8.99999799,-8.99999803,0.483524003,-0.791751312,-0.1219785,0.807678311
0.00254972948,-0.307400012,-9.0,-8.99999799,-8.99999803,0.48352412,-0.791751194,-0.121978249,0.805652391
0.00255072948,-0.313372861,-9.0,-8.99999799,-8.99999803,0.483524238,-0.791751076,-0.121977999,0.803626889
0.00255172948,-0.319333338,-9.0,-8.99999799,-8.99999803,0.483524356,-0.791750958,-0.121977748,0.801601805
0.00255272948,-0.325281209,-9.0,-8.99999799,-8.99999803,0.483524474,-0.791750841,-0.121977498,0.79957714
0.00255372948,-0.331216238,-9.0,-8.99999799,-8.99999803,0.483524592,-0.791750723,-0.121977248,0.797552893
0.00255472948,-0.337138191,-9.0,-8.99999799,-8.99999803,0.483524709,-0.791750605,-0.121976998,0.795529065
0.00255572948,-0.343046835,-9.0,-8.99999799,-8.99999803,0.483524827,-0.791750487,-0.121976748,0.793505654
0.00255672948,-0.348941935,-9.0,-8.99999799,-8.99999803,0.483524945,-0.79175037,-0.121976498,0.791482661
0.00255772948,-0.35482326,-9.0,-8.99999799,-8.99999803,0.483525062,-0.791750252,-0.121976248,0.789460087
0.00255872948,-0.360690577,-9.0,-8.99999799,-8.99999803,0.48352518,-0.791750134,-0.121975998,0.78743793
0.00255972948,-0.366543655,-9.0,-8.99999799,-8.99999803,0.483525298,-0.791750016,-0.121975748,0.78541619
0.00256072948,-0.372382262,-9.0,-8.99999799,-8.99999803,0.483525415,-0.791749899,-0.121975498,0.783394869
0.00256172948,-0.378206169,-9.0,-8.99999799,-8.99999803,0.483525533,-0.791749781,-0.121975248,0.781373965
0.00256272948,-0.384015144,-9.0,-8.99999799,-8.99999803,0.48352565,-0.791749664,-0.121974998,0.779353478
0.00256372948,-0.389808959,-9.0,-8.99999799,-8.99999803,0.483525768,-0.791749546,-0.121974749,0.777333409
0.00256472948,-0.395587385,-9.0,-8.99999799,-8.99999803,0.483525885,-0.791749428,-0.121974499,0.775313757
0.00256572948,-0.401350194,-9.0,-8.99999799,-8.99999803,0.483526003,-0.791749311,-0.121974249,0.773294522
0.00256672948,-0.407097158,-9.0,-8.99999799,-8.99999803,0.48352612,-0.791749193,-0.121974,0.771275704
0.00256772948,-0.412828051,-9.0,-8.99999799,-8.99999803,0.483526238,-0.791749076,-0.12197375,0.769257303
0.00256872948,-0.418542646,-9.0,-8.99999799,-8.99999803,0.483526355,-0.791748958,-0.121973501,0.767239319
0.00256972948,-0.424240718,-9.0,-8.99999799,-8.99999803,0.483526472,-0.791748841,-0.121973251,0.765221752
0.00257072948,-0.429922041,-9.0,-8.99999799,-8.99999803,0.48352659,-0.791748724,-0.121973002,0.763204602
0.00257172948,-0.435586392,-9.0,-8.99999799,-8.99999803,0.483526707,-0.791748606,-0.121972753,0.761187869
0.00257272948,-0.441233547,-9.0,-8.99999799,-8.99999803,0.483526824,-0.791748489,-0.121972504,0.759171552
0.00257372948,-0.446863282,-9.0,-8.99999799,-8.99999803,0.483526942,-0.791748372,-0.121972254,0.757155651
0.00257472948,-0.452475377,-9.0,-8.99999799,-8.99999803,0.483527059,-0.791748254,-0.121972005,0.755140167
0.00257572948,-0.458069608,-9.0,-8.99999799,-8.99999803,0.483527176,-0.791748137,-0.121971756,0.753125099
0.00257672948,-0.463645755,-9.0,-8.99999799,-8.99999803,0.483527293,-0.79174802,-0.121971507,0.751110448
0.00257772948,-0.469203598,-9.0,-8.99999799,-8.99999803,0.48352741,-0.791747902,-0.121971258,0.749096213
0.00257872948,-0.474742919,-9.0,-8.99999799,-8.99999803,0.483527528,-0.791747785,-0.121971009,0.747082393
0.00257972948,-0.480263497,-9.0,-8.99999799,-8.99999803,0.483527645,-0.791747668,-0.12197076,0.74506899
0.00258072948,-0.485765115,-9.0,-8.99999799,-8.99999803,0.483527762,-0.791747551,-0.121970512,0.743056003
0.00258172948,-0.491247555,-9.0,-8.99999799,-8.99999803,0.483527879,-0.791747434,-0.121970263,0.741043431
0.00258272948,-0.496710603,-9.0,-8.99999799,-8.99999803,0.483527996,-0.791747317,-0.121970014,0.739031275
0.00258372948,-0.502154041,-9.0,-8.99999799,-8.99999803,0.483528113,-0.791747199,-0.121969765,0.737019535
0.00258472948,-0.507577654,-9.0,-8.99999799,-8.99999803,0.48352823,-0.791747082,-0.121969517,0.735008211
0.00258572948,-0.51298123,-9.0,-8.99999799,-8.99999803,0.483528347,-0.791746965,-0.121969268,0.732997301
0.00258672948,-0.518364554,-9.0,-8.99999799,-8.99999803,0.483528464,-0.791746848,-0.12196902,0.730986808
0.00258772948,-0.523727414,-9.0,-8.99999799,-8.99999803,0.483528581,-0.791746731,-0.121968771,0.728976729
0.00258872948,-0.529069597,-9.0,-8.99999799,-8.99999803,0.483528698,-0.791746614,-0.121968523,0.726967066
0.00258972948,-0.534390894,-9.0,-8.99999799,-8.99999803,0.483528815,-0.791746497,-0.121968274,0.724957818
0.00259072948,-0.539691095,-9.0,-8.99999799,-8.99999803,0.483528932,-0.79174638,-0.121968026,0.722948985
0.00259172948,-0.544969989,-9.0,-8.99999799,-8.99999803,0.483529048,-0.791746263,-0.121967778,0.720940566
0.00259272948,-0.550227369,-9.0,-8.99999799,-8.99999803,0.483529165,-0.791746147,-0.12196753,0.718932563
0.00259372948,-0.555463026,-9.0,-8.99999799,-8.99999803,0.483529282,-0.79174603,-0.121967281,0.716924975
0.00259472948,-0.560676755,-9.0,-8.99999799,-8.99999803,0.483529399,-0.791745913,-0.121967033,0.714917801
0.00259572948,-0.56586835,-9.0,-8.99999799,-8.99999803,0.483529516,-0.791745796,-0.121966785,0.712911042
0.00259672948,-0.571037604,-9.0,-8.99999799,-8.99999803,0.483529632,-0.791745679,-0.121966537,0.710904697
0.00259772948,-0.576184316,-9.0,-8.99999799,-8.99999803,0.483529749,-0.791745563,-0.121966289,0.708898767
0.00259872948,-0.58130828,-9.0,-8.99999799,-8.99999803,0.483529866,-0.791745446,-0.121966041,0.706893251
0.00259972948,-0.586409296,-9.0,-8.99999799,-8.99999803,0.483529982,-0.791745329,-0.121965794,0.704888149
0.00260072948,-0.591487161,-9.0,-8.99999799,-8.99999803,0.483530099,-0.791745212,-0.121965546,0.702883462
0.00260172948,-0.596541675,-9.0,-8.99999799,-8.99999803,0.483530216,-0.791745096,-0.121965298,0.700879189
0.00260272948,-0.601572638,-9.0,-8.99999799,-8.99999803,0.483530332,-0.791744979,-0.12196505,0.698875329
0.00260372948,-0.606579853,-9.0,-8.99999799,-8.99999803,0.483530449,-0.791744862,-0.121964803,0.696871884
0.00260472948,-0.611563121,-9.0,-8.99999799,-8.99999803,0.483530565,-0.791744746,-0.121964555,0.694868852
0.00260572948,-0.616522245,-9.0,-8.99999799,-8.99999803,0.483530682,-0.791744629,-0.121964308,0.692866235
0.00260672948,-0.62145703,-9.0,-8.99999799,-8.99999803,0.483530798,-0.791744513,-0.12196406,0.69086403
0.00260772948,-0.626367282,-9.0,-8.99999799,-8.99999803,0.483530915,-0.791744396,-0.121963813,0.68886224
0.00260872948,-0.631252805,-9.0,-8.99999799,-8.99999803,0.483531031,-0.79174428,-0.121963565,0.686860863
0.00260972948,-0.636113407,-9.0,-8.99999799,-8.99999803,0.483531148,-0.791744163,-0.121963318,0.684859899
0.00261072948,-0.640948897,-9.0,-8.99999799,-8.99999803,0.483531264,-0.791744047,-0.121963071,0.682859349
0.00261172948,-0.645759083,-9.0,-8.99999799,-8.99999803,0.48353138,-0.79174393,-0.121962823,0.680859212
0.00261272948,-0.650543776,-9.0,-8.99999799,-8.99999803,0.483531497,-0.791743814,-0.121962576,0.678859488
0.00261372948,-0.655302786,-9.0,-8.99999799,-8.99999803,0.483531613,-0.791743697,-0.121962329,0.676860177
0.00261472948,-0.660035926,-9.0,-8.99999799,-8.99999803,0.483531729,-0.791743581,-0.121962082,0.674861279
0.00261572948,-0.664743009,-9.0,-8.99999799,-8.99999803,0.483531846,-0.791743465,-0.121961835,0.672862795
0.00261672948,-0.66942385,-9.0,-8.99999799,-8.99999803,0.483531962,-0.791743348,-0.121961588,0.670864722
0.00261772948,-0.674078262,-9.0,-8.99999799,-8.99999803,0.483532078,-0.791743232,-0.121961341,0.668867063
0.00261872948,-0.678706063,-9.0,-8.99999799,-8.99999803,0.483532194,-0.791743116,-0.121961094,0.666869816
0.00261972948,-0.68330707,-9.0,-8.99999799,-8.99999803,0.48353231,-0.791743,-0.121960847,0.664872982
0.00262072948,-0.687881101,-9.0,-8.99999799,-8.99999803,0.483532427,-0.791742883,-0.121960601,0.66287656
0.00262172948,-0.692427976,-9.0,-8.99999799,-8.99999803,0.483532543,-0.791742767,-0.121960354,0.660880551
0.00262272948,-0.696947514,-9.0,-8.99999799,-8.99999803,0.483532659,-0.791742651,-0.121960107,0.658884954
0.00262372948,-0.701439539,-9.0,-8.99999799,-8.99999803,0.483532775,-0.791742535,-0.121959861,0.656889769
0.00262472948,-0.705903872,-9.0,-8.99999799,-8.99999803,0.483532891,-0.791742419,-0.121959614,0.654894997
0.00262572948,-0.710340337,-9.0,-8.99999799,-8.99999803,0.483533007,-0.791742302,-0.121959368,0.652900636
0.00262672948,-0.714748759,-9.0,-8.99999799,-8.99999803,0.483533123,-0.791742186,-0.121959121,0.650906688
0.00262772948,-0.719128964,-9.0,-8.99999799,-8.99999803,0.483533239,-0.79174207,-0.121958875,0.648913151
0.00262872948,-0.723480778,-9.0,-8.99999799,-8.99999803,0.483533355,-0.791741954,-0.121958628,0.646920026
0.00262972948,-0.727804032,-9.0,-8.99999799,-8.99999803,0.483533471,-0.791741838,-0.121958382,0.644927313
0.00263072948,-0.732098552,-9.0,-8.99999799,-8.99999803,0.483533587,-0.791741722,-0.121958136,0.642935011
0.00263172948,-0.736364171,-9.0,-8.99999799,-8.99999803,0.483533703,-0.791741606,-0.12195789,0.640943121
0.00263272948,-0.740600719,-9.0,-8.99999799,-8.99999803,0.483533819,-0.79174149,-0.121957643,0.638951642
0.00263372948,-0.74480803,-9.0,-8.99999799,-8.99999803,0.483533934,-0.791741374,-0.121957397,0.636960575
0.00263472948,-0.748985937,-9.0,-8.99999799,-8.99999803,0.48353405,-0.791741259,-0.121957151,0.634969919
0.00263572948,-0.753134275,-9.0,-8.99999799,-8.99999803,0.483534166,-0.791741143,-0.121956905,0.632979674
0.00263672948,-0.757252881,-9.0,-8.99999799,-8.99999803,0.483534282,-0.791741027,-0.121956659,0.630989841
0.00263772948,-0.761341592,-9.0,-8.99999799,-8.99999803,0.483534398,-0.791740911,-0.121956413,0.629000418
0.00263872948,-0.765400246,-9.0,-8.99999799,-8.99999803,0.483534513,-0.791740795,-0.121956167,0.627011406
0.00263972948,-0.769428683,-9.0,-8.99999799,-8.99999803,0.483534629,-0.791740679,-0.121955922,0.625022805
0.00264072948,-0.773426745,-9.0,-8.99999799,-8.99999803,0.483534745,-0.791740564,-0.121955676,0.623034615
0.00264172948,-0.777394273,-9.0,-8.99999799,-8.99999803,0.48353486,-0.791740448,-0.12195543,0.621046836
0.00264272948,-0.781331112,-9.0,-8.99999799,-8.99999803,0.483534976,-0.791740332,-0.121955185,0.619059467
0.00264372948,-0.785237104,-9.0,-8.99999799,-8.99999803,0.483535092,-0.791740216,-0.121954939,0.617072509
0.00264472948,-0.789112097,-9.0,-8.99999799,-8.99999803,0.483535207,-0.791740101,-0.121954693,0.615085961
0.00264572948,-0.792955936,-9.0,-8.99999799,-8.99999803,0.483535323,-0.791739985,-0.121954448,0.613099824
0.00264672948,-0.796768472,-9.0,-8.99999799,-8.99999803,0.483535438,-0.79173987,-0.121954202,0.611114097
0.00264772948,-0.800549552,-9.0,-8.99999799,-8.99999803,0.483535554,-0.791739754,-0.121953957,0.60912878
0.00264872948,-0.804299028,-9.0,-8.99999799,-8.99999803,0.483535669,-0.791739638,-0.121953712,0.607143873
0.00264972948,-0.808016752,-9.0,-8.99999799,-8.99999803,0.483535785,-0.791739523,-0.121953466,0.605159376
0.00265072948,-0.811702576,-9.0,-8.99999799,-8.99999803,0.4835359,-0.791739407,-0.121953221,0.603175289
0.00265172948,-0.815356356,-9.0,-8.99999799,-8.99999803,0.483536016,-0.791739292,-0.121952976,0.601191612
0.00265272948,-0.818977947,-9.0,-8.99999799,-8.99999803,0.483536131,-0.791739176,-0.121952731,0.599208344
0.00265372948,-0.822567206,-9.0,-8.99999799,-8.99999803,0.483536246,-0.791739061,-0.121952486,0.597225487
0.00265472948,-0.826123992,-9.0,-8.99999799,-8.99999803,0.483536362,-0.791738945,-0.121952241,0.595243039
0.00265572948,-0.829648163,-9.0,-8.99999799,-8.99999803,0.483536477,-0.79173883,-0.121951996,0.593261
0.00265672948,-0.833139582,-9.0,-8.99999799,-8.99999803,0.483536592,-0.791738715,-0.121951751,0.591279371
0.00265772948,-0.836598109,-9.0,-8.99999799,-8.99999803,0.483536708,-0.791738599,-0.121951506,0.589298151
0.00265872948,-0.840023609,-9.0,-8.99999799,-8.99999803,0.483536823,-0.791738484,-0.121951261,0.58731734
0.00265972948,-0.843415947,-9.0,-8.99999799,-8.99999803,0.483536938,-0.791738369,-0.121951016,0.585336939
0.00266072948,-0.846774988,-9.0,-8.99999799,-8.99999803,0.483537053,-0.791738253,-0.121950772,0.583356947
0.00266172948,-0.850100599,-9.0,-8.99999799,-8.99999803,0.483537169,-0.791738138,-0.121950527,0.581377363
0.00266272948,-0.85339265,-9.0,-8.99999799,-8.99999803,0.483537284,-0.791738023,-0.121950282,0.579398189
0.00266372948,-0.856651011,-9.0,-8.99999799,-8.99999803,0.483537399,-0.791737908,-0.121950038,0.577419423
0.00266472948,-0.859875552,-9.0,-8.99999799,-8.99999803,0.483537514,-0.791737792,-0.121949793,0.575441066
0.00266572948,-0.863066148,-9.0,-8.99999799,-8.99999803,0.483537629,-0.791737677,-0.121949549,0.573463118
0.00266672948,-0.86622267,-9.0,-8.99999799,-8.99999803,0.483537744,-0.791737562,-0.121949304,0.571485579
0.00266772948,-0.869344996,-9.0,-8.99999799,-8.99999803,0.483537859,-0.791737447,-0.12194906,0.569508447
0.00266872948,-0.872433001,-9.0,-8.99999799,-8.99999803,0.483537974,-0.791737332,-0.121948816,0.567531725
0.00266972948,-0.875486565,-9.0,-8.99999799,-8.99999803,0.483538089,-0.791737217,-0.121948571,0.56555541
0.00267072948,-0.878505565,-9.0,-8.99999799,-8.99999803,0.483538204,-0.791737102,-0.121948327,0.563579504
0.00267172948,-0.881489884,-9.0,-8.99999799,-8.99999803,0.483538319,-0.791736987,-0.121948083,0.561604006
0.00267272948,-0.884439403,-9.0,-8.99999799,-8.99999803,0.483538434,-0.791736872,-0.121947839,0.559628916
0.00267372948,-0.887354006,-9.0,-8.99999799,-8.99999803,0.483538549,-0.791736757,-0.121947595,0.557654234
0.00267472948,-0.890233577,-9.0,-8.99999799,-8.99999803,0.483538664,-0.791736642,-0.121947351,0.55567996
0.00267572948,-0.893078004,-9.0,-8.99999799,-8.99999803,0.483538779,-0.791736527,-0.121947107,0.553706094
0.00267672948,-0.895887174,-9.0,-8.99999799,-8.99999803,0.483538894,-0.791736412,-0.121946863,0.551732635
0.00267772948,-0.898660975,-9.0,-8.99999799,-8.99999803,0.483539008,-0.791736297,-0.121946619,0.549759584
0.00267872948,-0.901399299,-9.0,-8.99999799,-8.99999803,0.483539123,-0.791736182,-0.121946375,0.547786941
0.00267972948,-0.904102037,-9.0,-8.99999799,-8.99999803,0.483539238,-0.791736067,-0.121946131,0.545814705
0.00268072948,-0.906769083,-9.0,-8.99999799,-8.99999803,0.483539353,-0.791735952,-0.121945888,0.543842877
0.00268172948,-0.909400331,-9.0,-8.99999799,-8.99999803,0.483539467,-0.791735838,-0.121945644,0.541871456
0.00268272948,-0.911995677,-9.0,-8.99999799,-8.99999803,0.483539582,-0.791735723,-0.1219454,0.539900442
0.00268372948,-0.91455502,-9.0,-8.99999799,-8.99999803,0.483539697,-0.791735608,-0.121945157,0.537929835
0.00268472948,-0.917078257,-9.0,-8.99999799,-8.99999803,0.483539811,-0.791735493,-0.121944913,0.535959635
0.00268572948,-0.91956529,-9.0,-8.99999799,-8.99999803,0.483539926,-0.791735379,-0.12194467,0.533989843
0.00268672948,-0.92201602,-9.0,-8.99999799,-8.99999803,0.483540041,-0.791735264,-0.121944426,0.532020457
0.00268772948,-0.92443035,-9.0,-8.99999799,-8.99999803,0.483540155,-0.791735149,-0.121944183,0.530051478
0.00268872948,-0.926808185,-9.0,-8.99999799,-8.99999803,0.48354027,-0.791735035,-0.12194394,0.528082905
0.00268972948,-0.929149432,-9.0,-8.99999799,-8.99999803,0.483540384,-0.79173492,-0.121943696,0.52611474
0.00269072948,-0.931453997,-9.0,-8.99999799,-8.99999803,0.483540499,-0.791734805,-0.121943453,0.524146981
0.00269172948,-0.93372179,-9.0,-8.99999799,-8.99999803,0.483540613,-0.791734691,-0.12194321,0.522179628
0.00269272948,-0.935952721,-9.0,-8.99999799,-8.99999803,0.483540728,-0.791734576,-0.121942967,0.520212682
0.00269372948,-0.938146703,-9.0,-8.99999799,-8.99999803,0.483540842,-0.791734462,-0.121942724,0.518246142
0.00269472948,-0.940303648,-9.0,-8.99999799,-8.99999803,0.483540957,-0.791734347,-0.121942481,0.516280008
0.00269572948,-0.942423472,-9.0,-8.99999799,-8.99999803,0.483541071,-0.791734233,-0.121942238,0.51431428
0.00269672948,-0.94450609,-9.0,-8.99999799,-8.99999803,0.483541185,-0.791734118,-0.121941995,0.512348959
0.00269772948,-0.946551421,-9.0,-8.99999799,-8.99999803,0.4835413,-0.791734004,-0.121941752,0.510384043
0.00269872948,-0.948559383,-9.0,-8.99999799,-8.99999803,0.483541414,-0.791733889,-0.121941509,0.508419533
0.00269972948,-0.950529898,-9.0,-8.99999799,-8.99999803,0.483541528,-0.791733775,-0.121941266,0.506455429
0.00270072948,-0.952462888,-9.0,-8.99999799,-8.99999803,0.483541643,-0.791733661,-0.121941024,0.504491731
0.00270172948,-0.954358276,-9.0,-8.99999799,-8.99999803,0.483541757,-0.791733546,-0.121940781,0.502528439
0.00270272948,-0.956215988,-9.0,-8.99999799,-8.99999803,0.483541871,-0.791733432,-0.121940538,0.500565552
0.00270372948,-0.95803595,-9.0,-8.99999799,-8.99999803,0.483541985,-0.791733318,-0.121940296,0.49860307
0.00270472948,-0.95981809,-9.0,-8.99999799,-8.99999803,0.483542099,-0.791733203,-0.121940053,0.496640994
0.00270572948,-0.961562338,-9.0,-8.99999799,-8.99999803,0.483542214,-0.791733089,-0.121939811,0.494679323
0.00270672948,-0.963268626,-9.0,-8.99999799,-8.99999803,0.483542328,-0.791732975,-0.121939568,0.492718057
0.00270772948,-0.964936885,-9.0,-8.99999799,-8.99999803,0.483542442,-0.791732861,-0.121939326,0.490757197
0.00270872948,-0.96656705,-9.0,-8.99999799,-8.99999803,0.483542556,-0.791732747,-0.121939084,0.488796741
0.00270972948,-0.968159057,-9.0,-8.99999799,-8.99999803,0.48354267,-0.791732632,-0.121938842,0.486836691
0.00271072948,-0.969712843,-9.0,-8.99999799,-8.99999803,0.483542784,-0.791732518,-0.121938599,0.484877045
0.00271172948,-0.971228346,-9.0,-8.99999799,-8.99999803,0.483542898,-0.791732404,-0.121938357,0.482917804
0.00271272948,-0.972705506,-9.0,-8.99999799,-8.99999803,0.483543012,-0.79173229,-0.121938115,0.480958968
0.00271372948,-0.974144266,-9.0,-8.99999799,-8.99999803,0.483543126,-0.791732176,-0.121937873,0.479000537
0.00271472948,-0.975544568,-9.0,-8.99999799,-8.99999803,0.48354324,-0.791732062,-0.121937631,0.47704251
0.00271572948,-0.976906358,-9.0,-8.99999799,-8.99999803,0.483543354,-0.791731948,-0.121937389,0.475084887
0.00271672948,-0.978229581,-9.0,-8.99999799,-8.99999803,0.483543468,-0.791731834,-0.121937147,0.473127669
0.00271772948,-0.979514185,-9.0,-8.99999799,-8.99999803,0.483543582,-0.79173172,-0.121936905,0.471170855
0.00271872948,-0.980760119,-9.0,-8.99999799,-8.99999803,0.483543696,-0.791731606,-0.121936663,0.469214445
0.00271972948,-0.981967335,-9.0,-8.99999799,-8.99999803,0.483543809,-0.791731492,-0.121936422,0.46725844
0.00272072948,-0.983135784,-9.0,-8.99999799,-8.99999803,0.483543923,-0.791731378,-0.12193618,0.465302838
0.00272172948,-0.984265421,-9.0,-8.99999799,-8.99999803,0.483544037,-0.791731264,-0.121935938,0.463347641
0.00272272948,-0.985356201,-9.0,-8.99999799,-8.99999803,0.483544151,-0.79173115,-0.121935697,0.461392847
0.00272372948,-0.98640808,-9.0,-8.99999799,-8.99999803,0.483544265,-0.791731037,-0.121935455,0.459438457
0.00272472948,-0.987421018,-9.0,-8.99999799,-8.99999803,0.483544378,-0.791730923,-0.121935214,0.457484471
0.00272572948,-0.988394974,-9.0,-8.99999799,-8.99999803,0.483544492,-0.791730809,-0.121934972,0.455530889
0.00272672948,-0.98932991,-9.0,-8.99999799,-8.99999803,0.483544606,-0.791730695,-0.121934731,0.45357771
0.00272772948,-0.990225789,-9.0,-8.99999799,-8.99999803,0.483544719,-0.791730582,-0.121934489,0.451624934
0.00272872948,-0.991082576,-9.0,-8.99999799,-8.99999803,0.483544833,-0.791730468,-0.121934248,0.449672562
0.00272972948,-0.991900236,-9.0,-8.99999799,-8.99999803,0.483544947,-0.791730354,-0.121934007,0.447720593
0.00273072948,-0.992678738,-9.0,-8.99999799,-8.99999803,0.48354506,-0.79173024,-0.121933766,0.445769027
0.00273172948,-0.99341805,-9.0,-8.99999799,-8.99999803,0.483545174,-0.791730127,-0.121933525,0.443817865
0.00273272948,-0.994118144,-9.0,-8.99999799,-8.99999803,0.483545287,-0.791730013,-0.121933283,0.441867105
0.00273372948,-0.994778992,-9.0,-8.99999799,-8.99999803,0.483545401,-0.7917299,-0.121933042,0.439916749
0.00273472948,-0.995400568,-9.0,-8.99999799,-8.99999803,0.483545514,-0.791729786,-0.121932801,0.437966795
0.00273572948,-0.995982847,-9.0,-8.99999799,-8.99999803,0.483545628,-0.791729672,-0.12193256,0.436017244
0.00273672948,-0.996525807,-9.0,-8.99999799,-8.99999803,0.483545741,-0.791729559,-0.121932319,0.434068096
0.00273772948,-0.997029425,-9.0,-8.99999799,-8.99999803,0.483545855,-0.791729445,-0.121932079,0.432119351
0.00273872948,-0.997493682,-9.0,-8.99999799,-8.99999803,0.483545968,-0.791729332,-0.121931838,0.430171008
0.00273972948,-0.99791856,-9.0,-8.99999799,-8.99999803,0.483546081,-0.791729218,-0.121931597,0.428223067
0.00274072948,-0.998304042,-9.0,-8.99999799,-8.99999803,0.483546195,-0.791729105,-0.121931356,0.426275529
0.00274172948,-0.998650112,-9.0,-8.99999799,-8.99999803,0.483546308,-0.791728992,-0.121931116,0.424328393
0.00274272948,-0.998956758,-9.0,-8.99999799,-8.99999803,0.483546421,-0.791728878,-0.121930875,0.42238166
0.00274372948,-0.999223966,-9.0,-8.99999799,-8.99999803,0.483546535,-0.791728765,-0.121930635,0.420435328
0.00274472948,-0.999451727,-9.0,-8.99999799,-8.99999803,0.483546648,-0.791728651,-0.121930394,0.418489399
0.00274572948,-0.999640031,-9.0,-8.99999799,-8.99999803,0.483546761,-0.791728538,-0.121930154,0.416543871
0.00274672948,-0.999788871,-9.0,-8.99999799,-8.99999803,0.483546874,-0.791728425,-0.121929913,0.414598745
0.00274772948,-0.999898241,-9.0,-8.99999799,-8.99999803,0.483546988,-0.791728311,-0.121929673,0.412654022
0.00274872948,-0.999968137,-9.0,-8.99999799,-8.99999803,0.483547101,-0.791728198,-0.121929432,0.410709699
0.00274972948,-0.999998555,-9.0,-8.99999799,-8.99999803,0.483547214,-0.791728085,-0.121929192,0.408765779
0.00275072948,-0.999989496,-9.0,-8.99999799,-8.99999803,0.483547327,-0.791727972,-0.121928952,0.40682226
0.00275172948,-0.999940959,-9.0,-8.99999799,-8.99999803,0.48354744,-0.791727859,-0.121928712,0.404879142
0.00275272948,-0.999852945,-9.0,-8.99999799,-8.99999803,0.483547553,-0.791727745,-0.121928472,0.402936426
0.00275372948,-0.999725459,-9.0,-8.99999799,-8.99999803,0.483547666,-0.791727632,-0.121928232,0.400994111
0.00275472948,-0.999558506,-9.0,-8.99999799,-8.99999803,0.483547779,-0.791727519,-0.121927992,0.399052198
0.00275572948,-0.999352092,-9.0,-8.99999799,-8.99999803,0.483547892,-0.791727406,-0.121927752,0.397110685
0.00275672948,-0.999106225,-9.0,-8.99999799,-8.99999803,0.483548005,-0.791727293,-0.121927512,0.395169574
0.00275772948,-0.998820915,-9.0,-8.99999799,-8.99999803,0.483548118,-0.79172718,-0.121927272,0.393228863
0.00275872948,-0.998496174,-9.0,-8.99999799,-8.99999803,0.483548231,-0.791727067,-0.121927032,0.391288554
0.00275972948,-0.998132013,-9.0,-8.99999799,-8.99999803,0.483548344,-0.791726954,-0.121926792,0.389348645
0.00276072948,-0.997728448,-9.0,-8.99999799,-8.99999803,0.483548457,-0.791726841,-0.121926553,0.387409137
0.00276172948,-0.997285495,-9.0,-8.99999799,-8.99999803,0.48354857,-0.791726728,-0.121926313,0.38547003
0.00276272948,-0.99680317,-9.0,-8.99999799,-8.99999803,0.483548683,-0.791726615,-0.121926073,0.383531323
0.00276372948,-0.996281493,-9.0,-8.99999799,-8.99999803,0.483548796,-0.791726502,-0.121925834,0.381593016
0.00276472948,-0.995720485,-9.0,-8.99999799,-8.99999803,0.483548908,-0.791726389,-0.121925594,0.37965511
0.00276572948,-0.995120167,-9.0,-8.99999799,-8.99999803,0.483549021,-0.791726276,-0.121925355,0.377717605
0.00276672948,-0.994480564,-9.0,-8.99999799,-8.99999803,0.483549134,-0.791726163,-0.121925115,0.375780499
0.00276772948,-0.9938017,-9.0,-8.99999799,-8.99999803,0.483549247,-0.791726051,-0.121924876,0.373843794
0.00276872948,-0.993083603,-9.0,-8.99999799,-8.99999803,0.483549359,-0.791725938,-0.121924637,0.371907488
0.00276972948,-0.9923263,-9.0,-8.99999799,-8.99999803,0.483549472,-0.791725825,-0.121924397,0.369971583
0.00277072948,-0.991529823,-9.0,-8.99999799,-8.99999803,0.483549585,-0.791725712,-0.121924158,0.368036078
0.00277172948,-0.990694201,-9.0,-8.99999799,-8.99999803,0.483549697,-0.7917256,-0.121923919,0.366100972
0.00277272948,-0.989819468,-9.0,-8.99999799,-8.99999803,0.48354981,-0.791725487,-0.12192368,0.364166266
0.00277372948,-0.988905659,-9.0,-8.99999799,-8.99999803,0.483549923,-0.791725374,-0.121923441,0.36223196
0.00277472948,-0.98795281,-9.0,-8.99999799,-8.99999803,0.483550035,-0.791725261,-0.121923202,0.360298053
0.00277572948,-0.986960958,-9.0,-8.99999799,-8.99999803,0.483550148,-0.791725149,-0.121922963,0.358364546
0.00277672948,-0.985930142,-9.0,-8.99999799,-8.99999803,0.48355026,-0.791725036,-0.121922724,0.356431438
0.00277772948,-0.984860404,-9.0,-8.99999799,-8.99999803,0.483550373,-0.791724924,-0.121922485,0.354498729
0.00277872948,-0.983751785,-9.0,-8.99999799,-8.99999803,0.483550485,-0.791724811,-0.121922246,0.35256642
0.00277972948,-0.982604329,-9.0,-8.99999799,-8.99999803,0.483550598,-0.791724698,-0.121922008,0.35063451
0.00278072948,-0.981418081,-9.0,-8.99999799,-8.99999803,0.48355071,-0.791724586,-0.121921769,0.348702999
0.00278172948,-0.980193089,-9.0,-8.99999799,-8.99999803,0.483550823,-0.791724473,-0.12192153,0.346771887
0.00278272948,-0.978929401,-9.0,-8.99999799,-8.99999803,0.483550935,-0.791724361,-0.121921292,0.344841174
0.00278372948,-0.977627066,-9.0,-8.99999799,-8.99999803,0.483551047,-0.791724248,-0.121921053,0.342910859
0.00278472948,-0.976286136,-9.0,-8.99999799,-8.99999803,0.48355116,-0.791724136,-0.121920814,0.340980944
0.00278572948,-0.974906664,-9.0,-8.99999799,-8.99999803,0.483551272,-0.791724024,-0.121920576,0.339051427
0.00278672948,-0.973488704,-9.0,-8.99999799,-8.99999803,0.483551384,-0.791723911,-0.121920338,0.337122308
0.00278772948,-0.972032313,-9.0,-8.99999799,-8.99999803,0.483551497,-0.791723799,-0.121920099,0.335193588
0.00278872948,-0.970537547,-9.0,-8.99999799,-8.99999803,0.483551609,-0.791723687,-0.121919861,0.333265267
0.00278972948,-0.969004467,-9.0,-8.99999799,-8.99999803,0.483551721,-0.791723574,-0.121919623,0.331337343
0.00279072948,-0.967433131,-9.0,-8.99999799,-8.99999803,0.483551833,-0.791723462,-0.121919384,0.329409818
0.00279172948,-0.965823604,-9.0,-8.99999799,-8.99999803,0.483551946,-0.79172335,-0.121919146,0.327482692
0.00279272948,-0.964175947,-9.0,-8.99999799,-8.99999803,0.483552058,-0.791723237,-0.121918908,0.325555963
0.00279372948,-0.962490226,-9.0,-8.99999799,-8.99999803,0.48355217,-0.791723125,-0.12191867,0.323629632
0.00279472948,-0.960766507,-9.0,-8.99999799,-8.99999803,0.483552282,-0.791723013,-0.121918432,0.321703699
0.00279572948,-0.959004859,-9.0,-8.99999799,-8.99999803,0.483552394,-0.791722901,-0.121918194,0.319778164
0.00279672948,-0.957205351,-9.0,-8.99999799,-8.99999803,0.483552506,-0.791722789,-0.121917956,0.317853027
0.00279772948,-0.955368055,-9.0,-8.99999799,-8.99999803,0.483552618,-0.791722676,-0.121917718,0.315928288
0.00279872948,-0.953493042,-9.0,-8.99999799,-8.99999803,0.48355273,-0.791722564,-0.12191748,0.314003946
0.00279972948,-0.951580387,-9.0,-8.99999799,-8.99999803,0.483552842,-0.791722452,-0.121917242,0.312080001
0.00280072948,-0.949630165,-9.0,-8.99999799,-8.99999803,0.483552954,-0.79172234,-0.121917005,0.310156454
0.00280172948,-0.947642453,-9.0,-8.99999799,-8.99999803,0.483553066,-0.791722228,-0.121916767,0.308233304
0.00280272948,-0.94561733,-9.0,-8.99999799,-8.99999803,0.483553178,-0.791722116,-0.121916529,0.306310552
0.00280372948,-0.943554876,-9.0,-8.99999799,-8.99999803,0.48355329,-0.791722004,-0.121916292,0.304388196
0.00280472948,-0.941455172,-9.0,-8.99999799,-8.99999803,0.483553402,-0.791721892,-0.121916054,0.302466238
0.00280572948,-0.9393183,-9.0,-8.99999799,-8.99999803,0.483553514,-0.79172178,-0.121915817,0.300544677
0.00280672948,-0.937144346,-9.0,-8.99999799,-8.99999803,0.483553626,-0.791721668,-0.121915579,0.298623513
0.00280772948,-0.934933395,-9.0,-8.99999799,-8.99999803,0.483553738,-0.791721556,-0.121915342,0.296702745
0.00280872948,-0.932685535,-9.0,-8.99999799,-8.99999803,0.483553849,-0.791721444,-0.121915105,0.294782375
0.00280972948,-0.930400854,-9.0,-8.99999799,-8.99999803,0.483553961,-0.791721332,-0.121914867,0.292862401
0.00281072948,-0.928079442,-9.0,-8.99999799,-8.99999803,0.483554073,-0.791721221,-0.12191463,0.290942823
0.00281172948,-0.925721391,-9.0,-8.99999799,-8.99999803,0.483554185,-0.791721109,-0.121914393,0.289023642
0.00281272948,-0.923326794,-9.0,-8.99999799,-8.99999803,0.483554296,-0.791720997,-0.121914156,0.287104858
0.00281372948,-0.920895746,-9.0,-8.99999799,-8.99999803,0.483554408,-0.791720885,-0.121913919,0.28518647
0.00281472948,-0.918428343,-9.0,-8.99999799,-8.99999803,0.48355452,-0.791720773,-0.121913682,0.283268478
0.00281572948,-0.915924681,-9.0,-8.99999799,-8.99999803,0.483554631,-0.791720662,-0.121913445,0.281350882
0.00281672948,-0.913384861,-9.0,-8.99999799,-8.99999803,0.483554743,-0.79172055,-0.121913208,0.279433683
0.00281772948,-0.910808981,-9.0,-8.999998,-8.99999803,0.483554855,-0.791720438,-0.121912971,0.277516879
0.00281872948,-0.908197144,-9.0,-8.999998,-8.99999803,0.483554966,-0.791720327,-0.121912734,0.275600472
0.00281972948,-0.905549454,-9.0,-8.999998,-8.99999803,0.483555078,-0.791720215,-0.121912497,0.27368446
0.00282072948,-0.902866013,-9.0,-8.999998,-8.99999803,0.483555189,-0.791720103,-0.12191226,0.271768844
0.00282172948,-0.90014693,-9.0,-8.999998,-8.99999803,0.483555301,-0.791719992,-0.121912024,0.269853624
0.00282272948,-0.897392309,-9.0,-8.999998,-8.99999803,0.483555412,-0.79171988,-0.121911787,0.267938799
0.00282372948,-0.894602262,-9.0,-8.999998,-8.99999803,0.483555524,-0.791719769,-0.12191155,0.26602437
0.00282472948,-0.891776897,-9.0,-8.999998,-8.99999803,0.483555635,-0.791719657,-0.121911314,0.264110336
0.00282572948,-0.888916326,-9.0,-8.999998,-8.99999803,0.483555747,-0.791719546,-0.121911077,0.262196698
0.00282672948,-0.886020662,-9.0,-8.999998,-8.99999803,0.483555858,-0.791719434,-0.121910841,0.260283455
0.00282772948,-0.88309002,-9.0,-8.999998,-8.99999803,0.483555969,-0.791719323,-0.121910605,0.258370608
0.00282872948,-0.880124515,-9.0,-8.999998,-8.99999803,0.483556081,-0.791719211,-0.121910368,0.256458155
0.00282972948,-0.877124264,-9.0,-8.999998,-8.99999803,0.483556192,-0.7917191,-0.121910132,0.254546097
0.00283072948,-0.874089385,-9.0,-8.999998,-8.99999803,0.483556303,-0.791718988,-0.121909896,0.252634435
0.00283172948,-0.871019999,-9.0,-8.999998,-8.99999803,0.483556415,-0.791718877,-0.121909659,0.250723167
0.00283272948,-0.867916227,-9.0,-8.999998,-8.99999803,0.483556526,-0.791718766,-0.121909423,0.248812294
0.00283372948,-0.864778191,-9.0,-8.999998,-8.99999803,0.483556637,-0.791718654,-0.121909187,0.246901816
0.00283472948,-0.861606015,-9.0,-8.999998,-8.99999803,0.483556748,-0.791718543,-0.121908951,0.244991732
0.00283572948,-0.858399824,-9.0,-8.999998,-8.99999803,0.48355686,-0.791718432,-0.121908715,0.243082043
0.00283672948,-0.855159745,-9.0,-8.999998,-8.99999803,0.483556971,-0.79171832,-0.121908479,0.241172749
0.00283772948,-0.851885906,-9.0,-8.999998,-8.99999803,0.483557082,-0.791718209,-0.121908243,0.239263849
0.00283872948,-0.848578435,-9.0,-8.999998,-8.99999803,0.483557193,-0.791718098,-0.121908007,0.237355343
0.00283972948,-0.845237465,-9.0,-8.999998,-8.99999803,0.483557304,-0.791717987,-0.121907772,0.235447231
0.00284072948,-0.841863126,-9.0,-8.999998,-8.99999803,0.483557415,-0.791717876,-0.121907536,0.233539514
0.00284172948,-0.838455551,-9.0,-8.999998,-8.99999803,0.483557526,-0.791717764,-0.1219073,0.23163219
0.00284272948,-0.835014876,-9.0,-8.999998,-8.99999803,0.483557637,-0.791717653,-0.121907064,0.229725261
0.00284372948,-0.831541236,-9.0,-8.999998,-8.99999803,0.483557748,-0.791717542,-0.121906829,0.227818726
0.00284472948,-0.828034768,-9.0,-8.999998,-8.99999803,0.483557859,-0.791717431,-0.121906593,0.225912584
0.00284572948,-0.82449561,-9.0,-8.999998,-8.99999803,0.48355797,-0.79171732,-0.121906358,0.224006836
0.00284672948,-0.820923903,-9.0,-8.999998,-8.99999803,0.483558081,-0.791717209,-0.121906122,0.222101482
0.00284772948,-0.817319787,-9.0,-8.999998,-8.99999803,0.483558192,-0.791717098,-0.121905887,0.220196521
0.00284872948,-0.813683405,-9.0,-8.999998,-8.99999803,0.483558303,-0.791716987,-0.121905651,0.218291954
0.00284972948,-0.8100149,-9.0,-8.999998,-8.99999803,0.483558414,-0.791716876,-0.121905416,0.21638778
0.00285072948,-0.806314417,-9.0,-8.999998,-8.99999803,0.483558525,-0.791716765,-0.121905181,0.214484
0.00285172948,-0.802582102,-9.0,-8.999998,-8.99999803,0.483558636,-0.791716654,-0.121904946,0.212580612
0.00285272948,-0.798818102,-9.0,-8.999998,-8.99999803,0.483558747,-0.791716543,-0.12190471,0.210677618
0.00285372948,-0.795022567,-9.0,-8.999998,-8.99999803,0.483558857,-0.791716432,-0.121904475,0.208775017
0.00285472948,-0.791195645,-9.0,-8.999998,-8.99999803,0.483558968,-0.791716322,-0.12190424,0.20687281
0.00285572948,-0.787337489,-9.0,-8.999998,-8.99999803,0.483559079,-0.791716211,-0.121904005,0.204970995
0.00285672948,-0.783448249,-9.0,-8.999998,-8.99999803,0.48355919,-0.7917161,-0.12190377,0.203069572
0.00285772948,-0.779528081,-9.0,-8.999998,-8.99999803,0.4835593,-0.791715989,-0.121903535,0.201168543
0.00285872948,-0.775577138,-9.0,-8.999998,-8.99999803,0.483559411,-0.791715878,-0.1219033,0.199267906
0.00285972948,-0.771595576,-9.0,-8.999998,-8.99999803,0.483559522,-0.791715768,-0.121903065,0.197367662
0.00286072948,-0.767583553,-9.0,-8.999998,-8.99999803,0.483559632,-0.791715657,-0.121902831,0.195467811
0.00286172948,-0.763541228,-9.0,-8.999998,-8.99999803,0.483559743,-0.791715546,-0.121902596,0.193568352
0.00286272948,-0.759468759,-9.0,-8.999998,-8.99999803,0.483559854,-0.791715435,-0.121902361,0.191669285
0.00286372948,-0.755366307,-9.0,-8.999998,-8.99999803,0.483559964,-0.791715325,-0.121902127,0.18977061
0.00286472948,-0.751234035,-9.0,-8.999998,-8.99999803,0.483560075,-0.791715214,-0.121901892,0.187872328
0.00286572948,-0.747072106,-9.0,-8.999998,-8.99999803,0.483560185,-0.791715104,-0.121901657,0.185974438
0.00286672948,-0.742880683,-9.0,-8.999998,-8.99999803,0.483560296,-0.791714993,-0.121901423,0.18407694
0.00286772948,-0.738659933,-9.0,-8.999998,-8.99999803,0.483560406,-0.791714882,-0.121901188,0.182179834
0.00286872948,-0.734410022,-9.0,-8.999998,-8.99999803,0.483560517,-0.791714772,-0.121900954,0.180283119
0.00286972948,-0.730131117,-9.0,-8.999998,-8.99999803,0.483560627,-0.791714661,-0.12190072,0.178386797
0.00287072948,-0.725823388,-9.0,-8.999998,-8.99999803,0.483560738,-0.791714551,-0.121900485,0.176490866
0.00287172948,-0.721487005,-9.0,-8.999998,-8.99999803,0.483560848,-0.79171444,-0.121900251,0.174595327
0.00287272948,-0.717122139,-9.0,-8.999998,-8.99999803,0.483560958,-0.79171433,-0.121900017,0.172700179
0.00287372948,-0.712728962,-9.0,-8.999998,-8.99999803,0.483561069,-0.791714219,-0.121899783,0.170805423
0.00287472948,-0.708307648,-9.0,-8.999998,-8.99999803,0.483561179,-0.791714109,-0.121899549,0.168911059
0.00287572948,-0.703858371,-9.0,-8.999998,-8.99999803,0.483561289,-0.791713999,-0.121899315,0.167017085
0.00287672948,-0.699381307,-9.0,-8.999998,-8.99999803,0.4835614,-0.791713888,-0.121899081,0.165123503
0.00287772948,-0.694876632,-9.0,-8.999998,-8.99999803,0.48356151,-0.791713778,-0.121898847,0.163230312
0.00287872948,-0.690344525,-9.0,-8.999998,-8.99999803,0.48356162,-0.791713668,-0.121898613,0.161337512
0.00287972948,-0.685785164,-9.0,-8.999998,-8.99999803,0.48356173,-0.791713557,-0.121898379,0.159445103
0.00288072948,-0.68119873,-9.0,-8.999998,-8.99999803,0.483561841,-0.791713447,-0.121898145,0.157553085
0.00288172948,-0.676585403,-9.0,-8.999998,-8.99999803,0.483561951,-0.791713337,-0.121897911,0.155661458
0.00288272948,-0.671945366,-9.0,-8.999998,-8.99999803,0.483562061,-0.791713227,-0.121897677,0.153770221
0.00288372948,-0.667278801,-9.0,-8.999998,-8.99999803,0.483562171,-0.791713116,-0.121897444,0.151879375
0.00288472948,-0.662585894,-9.0,-8.999998,-8.99999803,0.483562281,-0.791713006,-0.12189721,0.14998892
0.00288572948,-0.657866828,-9.0,-8.999998,-8.99999803,0.483562391,-0.791712896,-0.121896977,0.148098855
0.00288672948,-0.653121792,-9.0,-8.999998,-8.99999803,0.483562501,-0.791712786,-0.121896743,0.146209181
0.00288772948,-0.648350971,-9.0,-8.999998,-8.99999803,0.483562611,-0.791712676,-0.12189651,0.144319897
0.00288872948,-0.643554554,-9.0,-8.999998,-8.99999803,0.483562721,-0.791712566,-0.121896276,0.142431003
0.00288972948,-0.638732731,-9.0,-8.999998,-8.99999803,0.483562832,-0.791712456,-0.121896043,0.140542499
0.00289072948,-0.633885691,-9.0,-8.999998,-8.99999803,0.483562941,-0.791712346,-0.121895809,0.138654386
0.00289172948,-0.629013628,-9.0,-8.999998,-8.99999803,0.483563051,-0.791712236,-0.121895576,0.136766663
0.00289272948,-0.624116731,-9.0,-8.999998,-8.99999803,0.483563161,-0.791712125,-0.121895343,0.134879329
0.00289372948,-0.619195196,-9.0,-8.999998,-8.99999803,0.483563271,-0.791712016,-0.12189511,0.132992385
0.00289472948,-0.614249216,-9.0,-8.999998,-8.99999803,0.483563381,-0.791711906,-0.121894876,0.131105831
0.00289572948,-0.609278986,-9.0,-8.999998,-8.99999803,0.483563491,-0.791711796,-0.121894643,0.129219667
0.00289672948,-0.604284703,-9.0,-8.999998,-8.99999803,0.483563601,-0.791711686,-0.12189441,0.127333893
0.00289772948,-0.599266564,-9.0,-8.999998,-8.99999803,0.483563711,-0.791711576,-0.121894177,0.125448508
0.00289872948,-0.594224767,-9.0,-8.999998,-8.99999803,0.483563821,-0.791711466,-0.121893944,0.123563512
0.00289972948,-0.589159511,-9.0,-8.999998,-8.99999803,0.48356393,-0.791711356,-0.121893711,0.121678906
0.00290072948,-0.584070996,-9.0,-8.999998,-8.99999803,0.48356404,-0.791711246,-0.121893479,0.119794689
0.00290172948,-0.578959423,-9.0,-8.999998,-8.99999803,0.48356415,-0.791711136,-0.121893246,0.117910861
0.00290272948,-0.573824993,-9.0,-8.999998,-8.99999803,0.48356426,-0.791711027,-0.121893013,0.116027423
0.00290372948,-0.56866791,-9.0,-8.999998,-8.99999803,0.483564369,-0.791710917,-0.12189278,0.114144373
0.00290472948,-0.563488377,-9.0,-8.999998,-8.99999803,0.483564479,-0.791710807,-0.121892548,0.112261713
0.00290572948,-0.558286598,-9.0,-8.999998,-8.99999803,0.483564589,-0.791710697,-0.121892315,0.110379441
0.00290672948,-0.553062779,-9.0,-8.999998,-8.99999803,0.483564698,-0.791710588,-0.121892083,0.108497558
0.00290772948,-0.547817126,-9.0,-8.999998,-8.99999803,0.483564808,-0.791710478,-0.12189185,0.106616064
0.00290872948,-0.542549846,-9.0,-8.999998,-8.99999803,0.483564917,-0.791710368,-0.121891618,0.104734958
0.00290972948,-0.537261147,-9.0,-8.999998,-8.99999803,0.483565027,-0.791710259,-0.121891385,0.102854242
0.00291072948,-0.531951239,-9.0,-8.999998,-8.99999803,0.483565136,-0.791710149,-0.121891153,0.100973913
0.00291172948,-0.526620329,-9.0,-8.999998,-8.99999803,0.483565246,-0.79171004,-0.12189092,0.0990939732
0.00291272948,-0.52126863,-9.0,-8.999998,-8.99999803,0.483565355,-0.79170993,-0.121890688,0.0972144215
0.00291372948,-0.515896351,-9.0,-8.999998,-8.99999803,0.483565465,-0.79170982,-0.121890456,0.0953352581
0.00291472948,-0.510503706,-9.0,-8.999998,-8.99999803,0.483565574,-0.791709711,-0.121890224,0.0934564829
0.00291572948,-0.505090908,-9.0,-8.999998,-8.99999803,0.483565684,-0.791709601,-0.121889992,0.0915780957
0.00291672948,-0.499658169,-9.0,-8.999998,-8.99999803,0.483565793,-0.791709492,-0.12188976,0.0897000965
0.00291772948,-0.494205704,-9.0,-8.999998,-8.99999803,0.483565903,-0.791709382,-0.121889527,0.0878224853
0.00291872948,-0.488733729,-9.0,-8.999998,-8.99999803,0.483566012,-0.791709273,-0.121889295,0.0859452619
0.00291972948,-0.48324246,-9.0,-8.999998,-8.99999803,0.483566121,-0.791709164,-0.121889064,0.0840684263
0.00292072948,-0.477732113,-9.0,-8.999998,-8.99999803,0.483566231,-0.791709054,-0.121888832,0.0821919784
0.00292172948,-0.472202906,-9.0,-8.999998,-8.99999803,0.48356634,-0.791708945,-0.1218886,0.0803159181
0.00292272948,-0.466655057,-9.0,-8.999998,-8.99999803,0.483566449,-0.791708836,-0.121888368,0.0784402453
0.00292372948,-0.461088786,-9.0,-8.999998,-8.99999803,0.483566559,-0.791708726,-0.121888136,0.07656496
0.00292472948,-0.455504311,-9.0,-8.999998,-8.99999803,0.483566668,-0.791708617,-0.121887905,0.074690062
0.00292572948,-0.449901854,-9.0,-8.999998,-8.99999803,0.483566777,-0.791708508,-0.121887673,0.0728155513
0.00292672948,-0.444281636,-9.0,-8.999998,-8.99999803,0.483566886,-0.791708398,-0.121887441,0.0709414279
0.00292772948,-0.438643878,-9.0,-8.999998,-8.99999803,0.483566995,-0.791708289,-0.12188721,0.0690676915
0.00292872948,-0.432988803,-9.0,-8.999998,-8.99999803,0.483567104,-0.79170818,-0.121886978,0.0671943422
0.00292972948,-0.427316635,-9.0,-8.999998,-8.99999803,0.483567214,-0.791708071,-0.121886747,0.0653213799
0.00293072948,-0.421627597,-9.0,-8.999998,-8.99999803,0.483567323,-0.791707962,-0.121886515,0.0634488045
0.00293172948,-0.415921914,-9.0,-8.999998,-8.99999803,0.483567432,-0.791707852,-0.121886284,0.0615766158
0.00293272948,-0.41019981,-9.0,-8.999998,-8.99999803,0.483567541,-0.791707743,-0.121886053,0.0597048139
0.00293372948,-0.404461513,-9.0,-8.999998,-8.99999803,0.48356765,-0.791707634,-0.121885821,0.0578333987
0.00293472948,-0.398707249,-9.0,-8.999998,-8.99999803,0.483567759,-0.791707525,-0.12188559,0.05596237
0.00293572948,-0.392937244,-9.0,-8.999998,-8.99999803,0.483567868,-0.791707416,-0.121885359,0.0540917278
0.00293672948,-0.387151727,-9.0,-8.999998,-8.99999803,0.483567977,-0.791707307,-0.121885128,0.052221472
0.00293772948,-0.381350925,-9.0,-8.999998,-8.99999803,0.483568086,-0.791707198,-0.121884897,0.0503516026
0.00293872948,-0.375535069,-9.0,-8.999998,-8.99999803,0.483568195,-0.791707089,-0.121884666,0.0484821193
0.00293972948,-0.369704387,-9.0,-8.999998,-8.99999803,0.483568304,-0.79170698,-0.121884435,0.0466130223
0.00294072948,-0.363859109,-9.0,-8.999998,-8.99999803,0.483568413,-0.791706871,-0.121884204,0.0447443114
0.00294172948,-0.357999467,-9.0,-8.999998,-8.99999803,0.483568521,-0.791706762,-0.121883973,0.0428759864
0.00294272948,-0.352125692,-9.0,-8.999998,-8.99999803,0.48356863,-0.791706653,-0.121883742,0.0410080474
0.00294372948,-0.346238016,-9.0,-8.999998,-8.99999803,0.483568739,-0.791706544,-0.121883511,0.0391404942
0.00294472948,-0.340336671,-9.0,-8.999998,-8.99999803,0.483568848,-0.791706436,-0.121883281,0.0372733269
0.00294572948,-0.33442189,-9.0,-8.999998,-8.99999803,0.483568957,-0.791706327,-0.12188305,0.0354065452
0.00294672948,-0.328493906,-9.0,-8.999998,-8.99999803,0.483569065,-0.791706218,-0.121882819,0.0335401491
0.00294772948,-0.322552954,-9.0,-8.999998,-8.99999803,0.483569174,-0.791706109,-0.121882589,0.0316741385
0.00294872948,-0.316599268,-9.0,-8.999998,-8.99999803,0.483569283,-0.791706,-0.121882358,0.0298085134
0.00294972948,-0.310633084,-9.0,-8.999998,-8.99999803,0.483569392,-0.791705892,-0.121882128,0.0279432737
0.00295072948,-0.304654636,-9.0,-8.999998,-8.99999803,0.4835695,-0.791705783,-0.121881897,0.0260784192
0.00295172948,-0.298664161,-9.0,-8.999998,-8.99999803,0.483569609,-0.791705674,-0.121881667,0.02421395
0.00295272948,-0.292661895,-9.0,-8.999998,-8.99999803,0.483569717,-0.791705565,-0.121881436,0.0223498659
0.00295372948,-0.286648076,-9.0,-8.999998,-8.99999803,0.483569826,-0.791705457,-0.121881206,0.0204861669
0.00295472948,-0.28062294,-9.0,-8.999998,-8.99999803,0.483569935,-0.791705348,-0.121880976,0.0186228528
0.00295572948,-0.274586725,-9.0,-8.999998,-8.99999803,0.483570043,-0.79170524,-0.121880746,0.0167599237
0.00295672948,-0.26853967,-9.0,-8.999998,-8.99999803,0.483570152,-0.791705131,-0.121880515,0.0148973793
0.00295772948,-0.262482014,-9.0,-8.999998,-8.99999803,0.48357026,-0.791705022,-0.121880285,0.0130352197
0.00295872948,-0.256413996,-9.0,-8.999998,-8.99999803,0.483570369,-0.791704914,-0.121880055,0.0111734447
0.00295972948,-0.250335854,-9.0,-8.999998,-8.99999803,0.483570477,-0.791704805,-0.121879825,0.00931205437
0.00296072948,-0.24424783,-9.0,-8.999998,-8.99999803,0.483570586,-0.791704697,-0.121879595,0.00745104848
0.00296172948,-0.238150164,-9.0,-8.999998,-8.99999803,0.483570694,-0.791704588,-0.121879365,0.00559042702
0.00296272948,-0.232043095,-9.0,-8.999998,-8.99999803,0.483570802,-0.79170448,-0.121879135,0.00373018989
0.00296372948,-0.225926866,-9.0,-8.999998,-8.99999803,0.483570911,-0.791704371,-0.121878906,0.00187033703
0.00296472948,-0.219801718,-9.0,-8.999998,-8.99999803,0.483571019,-0.791704263,-0.121878676,1.08683413e-05
0.00296572948,-0.213667892,-9.0,-8.999998,-8.99999803,0.483571128,-0.791704155,-0.121878446,-0.00184821624
0.00296672948,-0.207525631,-9.0,-8.999998,-8.99999803,0.483571236,-0.791704046,-0.121878216,-0.00370691681
0.00296772948,-0.201375178,-9.0,-8.999998,-8.99999803,0.483571344,-0.791703938,-0.121877987,-0.00556523343
0.00296872948,-0.195216774,-9.0,-8.999998,-8.99999803,0.483571452,-0.79170383,-0.121877757,-0.00742316619
0.00296972948,-0.189050664,-9.0,-8.999998,-8.99999803,0.483571561,-0.791703721,-0.121877528,-0.00928071516
0.00297072948,-0.18287709,-9.0,-8.999998,-8.99999803,0.483571669,-0.791703613,-0.121877298,-0.0111378804
0.00297172948,-0.176696296,-9.0,-8.999998,-8.99999803,0.483571777,-0.791703505,-0.121877069,-0.0129946621
0.00297272948,-0.170508527,-9.0,-8.999998,-8.99999803,0.483571885,-0.791703396,-0.121876839,-0.0148510602
0.00297372948,-0.164314026,-9.0,-8.999998,-8.99999803,0.483571994,-0.791703288,-0.12187661,-0.0167070748
0.00297472948,-0.158113039,-9.0,-8.999998,-8.99999803,0.483572102,-0.79170318,-0.121876381,-0.0185627061
0.00297572948,-0.15190581,-9.0,-8.999998,-8.99999803,0.48357221,-0.791703072,-0.121876151,-0.020417954
0.00297672948,-0.145692583,-9.0,-8.999998,-8.99999803,0.483572318,-0.791702964,-0.121875922,-0.0222728187
0.00297772948,-0.139473605,-9.0,-8.999998,-8.99999803,0.483572426,-0.791702856,-0.121875693,-0.0241273003
0.00297872948,-0.133249121,-9.0,-8.999998,-8.99999803,0.483572534,-0.791702747,-0.121875464,-0.0259813988
0.00297972948,-0.127019376,-9.0,-8.999998,-8.99999803,0.483572642,-0.791702639,-0.121875235,-0.0278351143
0.00298072948,-0.120784617,-9.0,-8.999998,-8.99999803,0.48357275,-0.791702531,-0.121875006,-0.0296884468
0.00298172948,-0.114545089,-9.0,-8.999998,-8.99999803,0.483572858,-0.791702423,-0.121874777,-0.0315413966
0.00298272948,-0.10830104,-9.0,-8.999998,-8.99999803,0.483572966,-0.791702315,-0.121874548,-0.0333939636
0.00298372948,-0.102052714,-9.0,-8.999998,-8.99999803,0.483573074,-0.791702207,-0.121874319,-0.0352461479
0.00298472948,-0.0958003604,-9.0,-8.999998,-8.99999803,0.483573182,-0.791702099,-0.12187409,-0.0370979496
0.00298572948,-0.0895442243,-9.0,-8.999998,-8.99999803,0.48357329,-0.791701991,-0.121873861,-0.0389493688
0.00298672948,-0.0832845531,-9.0,-8.999998,-8.99999803,0.483573398,-0.791701883,-0.121873632,-0.0408004056
0.00298772948,-0.0770215941,-9.0,-8.999998,-8.99999803,0.483573506,-0.791701775,-0.121873404,-0.04265106
0.00298872948,-0.0707555943,-9.0,-8.999998,-8.99999803,0.483573613,-0.791701668,-0.121873175,-0.0445013322
0.00298972948,-0.0644868012,-9.0,-8.999998,-8.99999803,0.483573721,-0.79170156,-0.121872947,-0.0463512221
0.00299072948,-0.0582154624,-9.0,-8.999998,-8.99999803,0.483573829,-0.791701452,-0.121872718,-0.0482007299
0.00299172948,-0.0519418252,-9.0,-8.999998,-8.99999803,0.483573937,-0.791701344,-0.121872489,-0.0500498557
0.00299272948,-0.0456661375,-9.0,-8.999998,-8.99999803,0.483574045,-0.791701236,-0.121872261,-0.0518985995
0.00299372948,-0.039388647,-9.0,-8.999998,-8.99999803,0.483574152,-0.791701128,-0.121872033,-0.0537469614
0.00299472948,-0.0331096014,-9.0,-8.999998,-8.99999803,0.48357426,-0.791701021,-0.121871804,-0.0555949415
0.00299572948,-0.0268292488,-9.0,-8.999998,-8.99999803,0.483574368,-0.791700913,-0.121871576,-0.0574425399
0.00299672948,-0.020547837,-9.0,-8.999998,-8.99999803,0.483574475,-0.791700805,-0.121871348,-0.0592897566
0.00299772948,-0.014265614,-9.0,-8.999998,-8.99999803,0.483574583,-0.791700698,-0.121871119,-0.0611365918
0.00299872948,-0.00798282778,-9.0,-8.999998,-8.99999803,0.483574691,-0.79170059,-0.121870891,-0.0629830454
0.00299972948,-0.00169972644,-9.0,-8.999998,-8.99999803,0.483574798,-0.791700482,-0.121870663,-0.0648291177
0.00300072948,0.004583442,-9.0,-8.999998,-8.99999803,0.483574906,-0.791700375,-0.121870435,-0.0666748086
0.00300172948,0.0108664295,-9.0,-8.999998,-8.99999803,0.483575014,-0.791700267,-0.121870207,-0.0685201183
0.00300272948,0.017148988,-9.0,-8.999998,-8.99999803,0.483575121,-0.791700159,-0.121869979,-0.0703650468
0.00300372948,0.0234308695,-9.0,-8.999998,-8.99999803,0.483575229,-0.791700052,-0.121869751,-0.0722095942
0.00300472948,0.029711826,-9.0,-8.999998,-8.99999803,0.483575336,-0.791699944,-0.121869523,-0.0740537606
0.00300572948,0.0359916095,-9.0,-8.999998,-8.99999803,0.483575444,-0.791699837,-0.121869295,-0.075897546
0.00300672948,0.0422699721,-9.0,-8.999998,-8.99999803,0.483575551,-0.791699729,-0.121869068,-0.0777409506
0.00300772948,0.048546666,-9.0,-8.999998,-8.99999803,0.483575658,-0.791699622,-0.12186884,-0.0795839744
0.00300872948,0.0548214433,-9.0,-8.999998,-8.99999803,0.483575766,-0.791699514,-0.121868612,-0.0814266175
0.00300972948,0.0610940564,-9.0,-8.999998,-8.99999803,0.483575873,-0.791699407,-0.121868384,-0.0832688799
0.00301072948,0.0673642576,-9.0,-8.999998,-8.99999803,0.483575981,-0.791699299,-0.121868157,-0.0851107618
0.00301172948,0.0736317994,-9.0,-8.999998,-8.99999803,0.483576088,-0.791699192,-0.121867929,-0.0869522633
0.00301272948,0.0798964343,-9.0,-8.999998,-8.99999803,0.483576195,-0.791699085,-0.121867702,-0.0887933843
0.00301372948,0.086157915,-9.0,-8.999998,-8.99999803,0.483576303,-0.791698977,-0.121867474,-0.0906341251
0.00301472948,0.0924159944,-9.0,-8.999998,-8.99999803,0.48357641,-0.79169887,-0.121867247,-0.0924744856
0.00301572948,0.0986704253,-9.0,-8.999998,-8.99999803,0.483576517,-0.791698763,-0.121867019,-0.094314466
0.00301672948,0.104920961,-9.0,-8.999998,-8.99999803,0.483576624,-0.791698655,-0.121866792,-0.0961540663
0.00301772948,0.111167354,-9.0,-8.999998,-8.99999803,0.483576732,-0.791698548,-0.121866565,-0.0979932866
0.00301872948,0.117409359,-9.0,-8.999998,-8.99999803,0.483576839,-0.791698441,-0.121866338,-0.0998321269
0.00301972948,0.123646729,-9.0,-8.999998,-8.99999803,0.483576946,-0.791698334,-0.12186611,-0.101670587
0.00302072948,0.129879217,-9.0,-8.999998,-8.99999803,0.483577053,-0.791698226,-0.121865883,-0.103508668
0.00302172948,0.136106578,-9.0,-8.999998,-8.99999803,0.48357716,-0.791698119,-0.121865656,-0.105346369
0.00302272948,0.142328566,-9.0,-8.999998,-8.99999803,0.483577267,-0.791698012,-0.121865429,-0.107183691
0.00302372948,0.148544935,-9.0,-8.999998,-8.99999803,0.483577375,-0.791697905,-0.121865202,-0.109020633
0.00302472948,0.154755439,-9.0,-8.999998,-8.99999803,0.483577482,-0.791697798,-0.121864975,-0.110857195
0.00302572948,0.160959834,-9.0,-8.999998,-8.99999803,0.483577589,-0.791697691,-0.121864748,-0.112693378
0.00302672948,0.167157875,-9.0,-8.999998,-8.99999803,0.483577696,-0.791697584,-0.121864521,-0.114529182
0.00302772948,0.173349316,-9.0,-8.999998,-8.99999803,0.483577803,-0.791697477,-0.121864295,-0.116364607
0.00302872948,0.179533914,-9.0,-8.999998,-8.99999803,0.48357791,-0.79169737,-0.121864068,-0.118199652
0.00302972948,0.185711424,-9.0,-8.999998,-8.99999803,0.483578017,-0.791697263,-0.121863841,-0.120034319
0.00303072948,0.191881603,-9.0,-8.999998,-8.99999803,0.483578124,-0.791697156,-0.121863614,-0.121868606
0.00303172948,0.198044206,-9.0,-8.999998,-8.99999803,0.48357823,-0.791697049,-0.121863388,-0.123702515
0.00303272948,0.204198992,-9.0,-8.999998,-8.99999803,0.483578337,-0.791696942,-0.121863161,-0.125536045
0.00303372948,0.210345715,-9.0,-8.999998,-8.99999803,0.483578444,-0.791696835,-0.121862935,-0.127369196
0.00303472948,0.216484135,-9.0,-8.999998,-8.99999803,0.483578551,-0.791696728,-0.121862708,-0.129201968
0.00303572948,0.222614008,-9.0,-8.999998,-8.99999803,0.483578658,-0.791696621,-0.121862482,-0.131034362
0.00303672948,0.228735093,-9.0,-8.999998,-8.99999803,0.483578765,-0.791696514,-0.121862255,-0.132866377
0.00303772948,0.234847147,-9.0,-8.999998,-8.99999803,0.483578872,-0.791696407,-0.121862029,-0.134698014
0.00303872948,0.240949931,-9.0,-8.999998,-8.99999803,0.483578978,-0.791696301,-0.121861803,-0.136529272
0.00303972948,0.247043202,-9.0,-8.999998,-8.99999803,0.483579085,-0.791696194,-0.121861577,-0.138360153
0.00304072948,0.25312672,-9.0,-8.999998,-8.99999803,0.483579192,-0.791696087,-0.12186135,-0.140190655
0.00304172948,0.259200245,-9.0,-8.999998,-8.99999803,0.483579299,-0.79169598,-0.121861124,-0.142020778
0.00304272948,0.265263537,-9.0,-8.999998,-8.99999803,0.483579405,-0.791695874,-0.121860898,-0.143850524
0.00304372948,0.271316357,-9.0,-8.999998,-8.99999803,0.483579512,-0.791695767,-0.121860672,-0.145679892
0.00304472948,0.277358466,-9.0,-8.999998,-8.99999803,0.483579619,-0.79169566,-0.121860446,-0.147508882
0.00304572948,0.283389626,-9.0,-8.999998,-8.99999803,0.483579725,-0.791695554,-0.12186022,-0.149337494
0.00304672948,0.289409598,-9.0,-8.999998,-8.99999803,0.483579832,-0.791695447,-0.121859994,-0.151165729
0.00304772948,0.295418144,-9.0,-8.999998,-8.99999803,0.483579938,-0.79169534,-0.121859768,-0.152993586
0.00304872948,0.301415028,-9.0,-8.999998,-8.99999803,0.483580045,-0.791695234,-0.121859542,-0.154821065
0.00304972948,0.307400012,-9.0,-8.999998,-8.99999803,0.483580151,-0.791695127,-0.121859317,-0.156648167
0.00305072948,0.313372861,-9.0,-8.999998,-8.99999803,0.483580258,-0.791695021,-0.121859091,-0.158474891
0.00305172948,0.319333338,-9.0,-8.999998,-8.99999803,0.483580364,-0.791694914,-0.121858865,-0.160301238
0.00305272948,0.325281209,-9.0,-8.999998,-8.99999803,0.483580471,-0.791694808,-0.12185864,-0.162127208
0.00305372948,0.331216238,-9.0,-8.999998,-8.99999803,0.483580577,-0.791694701,-0.121858414,-0.1639528
0.00305472948,0.337138191,-9.0,-8.999998,-8.99999803,0.483580684,-0.791694595,-0.121858188,-0.165778016
0.00305572948,0.343046835,-9.0,-8.999998,-8.99999803,0.48358079,-0.791694488,-0.121857963,-0.167602854
0.00305672948,0.348941935,-9.0,-8.999998,-8.99999803,0.483580897,-0.791694382,-0.121857738,-0.169427316
0.00305772948,0.35482326,-9.0,-8.999998,-8.99999803,0.483581003,-0.791694275,-0.121857512,-0.1712514
0.00305872948,0.360690577,-9.0,-8.999998,-8.99999803,0.483581109,-0.791694169,-0.121857287,-0.173075108
0.00305972948,0.366543655,-9.0,-8.999998,-8.99999803,0.483581216,-0.791694063,-0.121857061,-0.174898439
0.00306072948,0.372382262,-9.0,-8.999998,-8.99999803,0.483581322,-0.791693956,-0.121856836,-0.176721394
0.00306172948,0.378206169,-9.0,-8.999998,-8.99999803,0.483581428,-0.79169385,-0.121856611,-0.178543972
0.00306272948,0.384015144,-9.0,-8.999998,-8.99999803,0.483581535,-0.791693744,-0.121856386,-0.180366173
0.00306372948,0.389808959,-9.0,-8.999998,-8.99999803,0.483581641,-0.791693638,-0.121856161,-0.182187998
0.00306472948,0.395587385,-9.0,-8.999998,-8.99999803,0.483581747,-0.791693531,-0.121855936,-0.184009447
0.00306572948,0.401350194,-9.0,-8.999998,-8.99999803,0.483581853,-0.791693425,-0.121855711,-0.185830519
0.00306672948,0.407097158,-9.0,-8.999998,-8.99999803,0.483581959,-0.791693319,-0.121855486,-0.187651215
0.00306772948,0.412828051,-9.0,-8.999998,-8.99999803,0.483582065,-0.791693213,-0.121855261,-0.189471536
0.00306872948,0.418542646,-9.0,-8.999998,-8.99999803,0.483582172,-0.791693107,-0.121855036,-0.19129148
0.00306972948,0.424240718,-9.0,-8.999998,-8.99999803,0.483582278,-0.791693,-0.121854811,-0.193111048
0.00307072948,0.429922041,-9.0,-8.999998,-8.99999803,0.483582384,-0.791692894,-0.121854586,-0.194930241
0.00307172948,0.435586392,-9.0,-8.999998,-8.99999803,0.48358249,-0.791692788,-0.121854361,-0.196749057
0.00307272948,0.441233547,-9.0,-8.999998,-8.99999803,0.483582596,-0.791692682,-0.121854137,-0.198567498
0.00307372948,0.446863282,-9.0,-8.999998,-8.99999803,0.483582702,-0.791692576,-0.121853912,-0.200385563
0.00307472948,0.452475377,-9.0,-8.999998,-8.99999803,0.483582808,-0.79169247,-0.121853687,-0.202203253
0.00307572948,0.458069608,-9.0,-8.999998,-8.99999803,0.483582914,-0.791692364,-0.121853463,-0.204020567
0.00307672948,0.463645755,-9.0,-8.999998,-8.99999803,0.48358302,-0.791692258,-0.121853238,-0.205837506
0.00307772948,0.469203598,-9.0,-8.999998,-8.99999803,0.483583126,-0.791692152,-0.121853014,-0.20765407
0.00307872948,0.474742919,-9.0,-8.999998,-8.99999803,0.483583232,-0.791692046,-0.121852789,-0.209470258
0.00307972948,0.480263497,-9.0,-8.999998,-8.99999803,0.483583338,-0.79169194,-0.121852565,-0.211286071
0.00308072948,0.485765115,-9.0,-8.999998,-8.99999803,0.483583444,-0.791691834,-0.121852341,-0.213101509
0.00308172948,0.491247555,-9.0,-8.999998,-8.99999803,0.483583549,-0.791691728,-0.121852116,-0.214916572
0.00308272948,0.496710603,-9.0,-8.999998,-8.99999803,0.483583655,-0.791691623,-0.121851892,-0.21673126
0.00308372948,0.502154041,-9.0,-8.999998,-8.99999803,0.483583761,-0.791691517,-0.121851668,-0.218545574
0.00308472948,0.507577654,-9.0,-8.999998,-8.99999803,0.483583867,-0.791691411,-0.121851444,-0.220359512
0.00308572948,0.51298123,-9.0,-8.999998,-8.99999803,0.483583973,-0.791691305,-0.12185122,-0.222173076
0.00308672948,0.518364554,-9.0,-8.999998,-8.99999803,0.483584078,-0.791691199,-0.121850996,-0.223986265
0.00308772948,0.523727414,-9.0,-8.999998,-8.99999803,0.483584184,-0.791691094,-0.121850772,-0.22579908
0.00308872948,0.529069597,-9.0,-8.999998,-8.99999803,0.48358429,-0.791690988,-0.121850548,-0.22761152
0.00308972948,0.534390894,-9.0,-8.999998,-8.99999803,0.483584396,-0.791690882,-0.121850324,-0.229423586
0.00309072948,0.539691095,-9.0,-8.999998,-8.99999803,0.483584501,-0.791690776,-0.1218501,-0.231235278
0.00309172948,0.544969989,-9.0,-8.999998,-8.99999803,0.483584607,-0.791690671,-0.121849876,-0.233046595
0.00309272948,0.550227369,-9.0,-8.999998,-8.99999803,0.483584713,-0.791690565,-0.121849652,-0.234857538
0.00309372948,0.555463026,-9.0,-8.999998,-8.99999803,0.483584818,-0.791690459,-0.121849429,-0.236668107
0.00309472948,0.560676755,-9.0,-8.999998,-8.99999803,0.483584924,-0.791690354,-0.121849205,-0.238478302
0.00309572948,0.56586835,-9.0,-8.999998,-8.99999803,0.483585029,-0.791690248,-0.121848981,-0.240288123
0.00309672948,0.571037604,-9.0,-8.999998,-8.99999803,0.483585135,-0.791690143,-0.121848758,-0.242097571
0.00309772948,0.576184316,-9.0,-8.999998,-8.99999803,0.48358524,-0.791690037,-0.121848534,-0.243906644
0.00309872948,0.58130828,-9.0,-8.999998,-8.99999803,0.483585346,-0.791689932,-0.121848311,-0.245715344
0.00309972948,0.586409296,-9.0,-8.999998,-8.99999803,0.483585451,-0.791689826,-0.121848088,-0.24752367
0.00310072948,0.591487161,-9.0,-8.999998,-8.99999803,0.483585557,-0.791689721,-0.121847865,-0.249331623
0.00310172948,0.596541675,-9.0,-8.999998,-8.99999803,0.483585662,-0.791689615,-0.121847641,-0.251139203
0.00310272948,0.601572638,-9.0,-8.999998,-8.99999803,0.483585768,-0.79168951,-0.121847418,-0.252946409
0.00310372948,0.606579853,-9.0,-8.999998,-8.99999803,0.483585873,-0.791689404,-0.121847195,-0.254753241
0.00310472948,0.611563121,-9.0,-8.99999799,-8.99999803,0.483585979,-0.791689299,-0.121846972,-0.256559701
0.00310572948,0.616522245,-9.0,-8.99999799,-8.99999803,0.483586084,-0.791689194,-0.12184675,-0.258365788
0.00310672948,0.62145703,-9.0,-8.99999799,-8.99999803,0.48358619,-0.791689088,-0.121846527,-0.260171501
0.00310772948,0.626367282,-9.0,-8.99999799,-8.99999803,0.483586295,-0.791688983,-0.121846305,-0.261976842
0.00310872948,0.631252805,-9.0,-8.99999799,-8.99999803,0.4835864,-0.791688878,-0.121846082,-0.26378181
0.00310972948,0.636113407,-9.0,-8.99999799,-8.99999803,0.483586506,-0.791688772,-0.12184586,-0.265586405
0.00311072948,0.640948897,-9.0,-8.99999799,-8.99999803,0.483586611,-0.791688667,-0.121845638,-0.267390627
0.00311172948,0.645759083,-9.0,-8.99999799,-8.99999803,0.483586717,-0.791688562,-0.121845416,-0.269194477
0.00311272948,0.650543776,-9.0,-8.99999799,-8.99999803,0.483586822,-0.791688457,-0.121845195,-0.270997955
0.00311372948,0.655302786,-9.0,-8.99999799,-8.99999803,0.483586928,-0.791688351,-0.121844974,-0.272801061
0.00311472948,0.660035926,-9.0,-8.99999799,-8.99999803,0.483587033,-0.791688246,-0.121844753,-0.274603794
0.00311572948,0.664743009,-9.0,-8.99999799,-8.99999803,0.483587139,-0.791688141,-0.121844533,-0.276406155
0.00311672948,0.66942385,-9.0,-8.99999799,-8.99999803,0.483587245,-0.791688036,-0.121844314,-0.278208145
0.00311772948,0.674078262,-9.0,-8.99999799,-8.99999803,0.483587351,-0.79168793,-0.121844095,-0.280009763
0.00311872948,0.678706063,-9.0,-8.99999799,-8.99999803,0.483587457,-0.791687825,-0.121843876,-0.281811009
0.00311972948,0.68330707,-9.0,-8.99999799,-8.99999803,0.483587563,-0.79168772,-0.121843659,-0.283611884
0.00312072948,0.687881101,-9.0,-8.99999799,-8.99999803,0.483587669,-0.791687615,-0.121843442,-0.285412389
0.00312172948,0.692427976,-9.0,-8.99999799,-8.99999803,0.483587775,-0.79168751,-0.121843227,-0.287212522
0.00312272948,0.696947514,-9.0,-8.99999799,-8.99999803,0.483587882,-0.791687405,-0.121843013,-0.289012285
0.00312372948,0.701439539,-9.0,-8.99999799,-8.99999803,0.483587989,-0.791687299,-0.121842801,-0.290811677
0.00312472948,0.705903872,-9.0,-8.99999798,-8.99999803,0.483588097,-0.791687194,-0.12184259,-0.2926107
0.00312572948,0.710340337,-9.0,-8.99999798,-8.99999803,0.483588204,-0.791687089,-0.121842382,-0.294409353
0.00312672948,0.714748759,-9.0,-8.99999798,-8.99999803,0.483588313,-0.791686984,-0.121842176,-0.296207637
0.00312772948,0.719128964,-9.0,-8.99999798,-8.99999803,0.483588422,-0.791686878,-0.121841974,-0.298005553
0.00312872948,0.723480778,-9.0,-8.99999798,-8.99999803,0.483588532,-0.791686773,-0.121841774,-0.299803101
0.00312972948,0.727804032,-9.0,-8.99999798,-8.99999803,0.483588642,-0.791686668,-0.121841579,-0.301600281
0.00313072948,0.732098552,-9.0,-8.99999798,-8.99999803,0.483588754,-0.791686562,-0.121841389,-0.303397095
0.00313172948,0.736364171,-9.0,-8.99999798,-8.99999803,0.483588867,-0.791686456,-0.121841204,-0.305193543
0.00313272948,0.740600719,-9.0,-8.99999797,-8.99999803,0.483588981,-0.791686351,-0.121841025,-0.306989627
0.00313372948,0.74480803,-9.0,-8.99999797,-8.99999803,0.483589097,-0.791686245,-0.121840854,-0.308785346
0.00313472948,0.748985937,-9.0,-8.99999797,-8.99999803,0.483589215,-0.791686139,-0.121840691,-0.310580703
0.00313572948,0.753134275,-9.0,-8.99999797,-8.99999803,0.483589335,-0.791686033,-0.121840538,-0.3123757
0.00313672948,0.757252881,-9.0,-8.99999797,-8.99999803,0.483589458,-0.791685926,-0.121840397,-0.314170336
0.00313772948,0.761341592,-9.0,-8.99999796,-8.99999803,0.483589584,-0.79168582,-0.121840268,-0.315964616
0.00313872948,0.765400246,-9.0,-8.99999796,-8.99999803,0.483589713,-0.791685713,-0.121840155,-0.317758539
0.00313972948,0.769428683,-9.0,-8.99999796,-8.99999803,0.483589847,-0.791685605,-0.12184006,-0.31955211
0.00314072948,0.773426745,-9.0,-8.99999796,-8.99999803,0.483589985,-0.791685498,-0.121839984,-0.32134533
0.00314172948,0.777394273,-9.0,-8.99999795,-8.99999803,0.483590129,-0.791685389,-0.121839932,-0.323138203
0.00314272948,0.781331112,-9.0,-8.99999795,-8.99999803,0.48359028,-0.791685281,-0.121839906,-0.324930732
0.00314372948,0.785237104,-9.0,-8.99999795,-8.99999803,0.483590438,-0.791685171,-0.12183991,-0.326722921
0.00314472948,0.789112097,-9.0,-8.99999794,-8.99999803,0.483590604,-0.791685061,-0.121839949,-0.328514774
0.00314572948,0.792955936,-9.0,-8.99999794,-8.99999803,0.483590781,-0.79168495,-0.121840028,-0.330306297
0.00314672948,0.796768472,-9.0,-8.99999793,-8.99999803,0.483590968,-0.791684839,-0.121840152,-0.332097494
0.00314772948,0.800549552,-9.0,-8.99999793,-8.99999803,0.483591169,-0.791684726,-0.121840327,-0.333888373
0.00314872948,0.804299028,-9.0,-8.99999792,-8.99999803,0.483591385,-0.791684612,-0.12184056,-0.33567894
0.00314972948,0.808016752,-9.0,-8.99999792,-8.99999803,0.483591618,-0.791684496,-0.12184086,-0.337469204
0.00315072948,0.811702576,-9.0,-8.99999791,-8.99999803,0.483591871,-0.791684379,-0.121841235,-0.339259173
0.00315172948,0.815356356,-9.0,-8.99999791,-8.99999803,0.483592147,-0.79168426,-0.121841695,-0.341048857
0.00315272948,0.818977947,-9.0,-8.9999979,-8.99999803,0.483592448,-0.791684139,-0.12184225,-0.342838268
0.00315372948,0.822567206,-9.0,-8.99999789,-8.99999803,0.483592778,-0.791684016,-0.121842915,-0.344627417
0.00315472948,0.826123992,-9.0,-8.99999788,-8.99999803,0.483593142,-0.79168389,-0.121843701,-0.346416319
0.00315572948,0.829648163,-9.0,-8.99999788,-8.99999803,0.483593543,-0.791683762,-0.121844625,-0.348204988
0.00315672948,0.833139582,-9.0,-8.99999787,-8.99999803,0.483593987,-0.79168363,-0.121845704,-0.349993443
0.00315772948,0.836598109,-9.0,-8.99999786,-8.99999803,0.48359448,-0.791683494,-0.121846955,-0.351781701
0.00315872948,0.840023609,-9.0,-8.99999785,-8.99999803,0.483595028,-0.791683355,-0.1218484,-0.353569783
0.00315972948,0.843415947,-9.0,-8.99999784,-8.99999803,0.483595638,-0.79168321,-0.121850062,-0.355357713
0.00316072948,0.846774988,-9.0,-8.99999783,-8.99999803,0.483596319,-0.791683061,-0.121851966,-0.357145515
0.00316172948,0.850100599,-9.0,-8.99999781,-8.99999803,0.483597078,-0.791682906,-0.121854139,-0.358933217
0.00316272948,0.85339265,-9.0,-8.9999978,-8.99999803,0.483597926,-0.791682745,-0.121856612,-0.360720849
0.00316372948,0.856651011,-9.0,-8.99999779,-8.99999803,0.483598873,-0.791682576,-0.121859418,-0.362508445
0.00316472948,0.859875552,-9.0,-8.99999777,-8.99999803,0.483599933,-0.7916824,-0.121862593,-0.364296041
0.00316572948,0.863066148,-9.0,-8.99999775,-8.99999803,0.483601118,-0.791682215,-0.121866176,-0.366083676
0.00316672948,0.86622267,-9.0,-8.99999774,-8.99999803,0.483602443,-0.791682021,-0.121870211,-0.367871393
0.00316772948,0.869344996,-9.0,-8.99999772,-8.99999803,0.483603925,-0.791681816,-0.121874744,-0.369659239
0.00316872948,0.872433001,-9.0,-8.9999977,-8.99999803,0.483605581,-0.7916816,-0.121879826,-0.371447264
0.00316972948,0.875486565,-9.0,-8.99999768,-8.99999803,0.483607432,-0.79168137,-0.121885511,-0.373235523
0.00317072948,0.878505565,-9.0,-8.99999765,-8.99999803,0.483609499,-0.791681127,-0.121891857,-0.375024074
0.00317172948,0.881489884,-9.0,-8.99999763,-8.99999803,0.483611805,-0.791680868,-0.121898929,-0.376812981
0.00317272948,0.884439403,-9.0,-8.9999976,-8.99999803,0.483614377,-0.791680593,-0.121906794,-0.378602311
0.00317372948,0.887354006,-9.0,-8.99999757,-8.99999803,0.483617243,-0.791680299,-0.121915524,-0.380392136
0.00317472948,0.890233577,-9.0,-8.99999754,-8.99999803,0.483620433,-0.791679986,-0.121925197,-0.382182535
0.00317572948,0.893078004,-9.0,-8.99999751,-8.99999803,0.483623982,-0.791679651,-0.121935896,-0.38397359
0.00317672948,0.895887174,-9.0,-8.99999747,-8.99999803,0.483627926,-0.791679292,-0.121947708,-0.385765387
0.00317772948,0.898660975,-9.0,-8.99999744,-8.99999803,0.483632302,-0.791678908,-0.121960727,-0.387558021
0.00317872948,0.901399299,-9.0,-8.9999974,-8.99999803,0.483637155,-0.791678497,-0.121975051,-0.38935159
0.00317972948,0.904102037,-9.0,-8.99999735,-8.99999803,0.48364253,-0.791678056,-0.121990782,-0.391146195
0.00318072948,0.906769083,-9.0,-8.99999731,-8.99999803,0.483648476,-0.791677583,-0.122008031,-0.392941947
0.00318172948,0.909400331,-9.0,-8.99999726,-8.99999803,0.483655045,-0.791677076,-0.12202691,-0.394738958
0.00318272948,0.911995677,-9.0,-8.9999972,-8.99999803,0.483662294,-0.791676532,-0.122047539,-0.396537347
0.00318372948,0.91455502,-9.0,-8.99999714,-8.99999803,0.483670283,-0.791675949,-0.122070041,-0.398337238
0.00318472948,0.917078257,-9.0,-8.99999708,-8.99999803,0.483679077,-0.791675324,-0.122094545,-0.400138758
0.00318572948,0.91956529,-9.0,-8.99999702,-8.99999803,0.483688743,-0.791674655,-0.122121182,-0.40194204
0.00318672948,0.92201602,-9.0,-8.99999695,-8.99999803,0.483699356,-0.791673939,-0.12215009,-0.403747219
0.00318772948,0.92443035,-9.0,-8.99999687,-8.99999803,0.48371099,-0.791673172,-0.122181408,-0.405554435
0.00318872948,0.926808185,-9.0,-8.99999679,-8.99999803,0.483723727,-0.791672353,-0.122215278,-0.40736383
0.00318972948,0.929149432,-9.0,-8.9999967,-8.99999803,0.483737653,-0.791671478,-0.122251844,-0.409175547
0.00319072948,0.931453997,-9.0,-8.99999661,-8.99999803,0.483752857,-0.791670545,-0.122291254,-0.410989732
0.00319172948,0.93372179,-9.0,-8.99999651,-8.99999803,0.483769433,-0.79166955,-0.122333653,-0.412806532
0.00319272948,0.935952721,-9.0,-8.9999964,-8.99999803,0.483787479,-0.791668492,-0.122379187,-0.414626092
0.00319372948,0.938146703,-9.0,-8.99999628,-8.99999803,0.483807096,-0.791667366,-0.122428003,-0.416448556
0.00319472948,0.940303648,-9.0,-8.99999615,-8.99999803,0.483828392,-0.791666171,-0.122480242,-0.418274067
0.00319572948,0.942423472,-9.0,-8.99999602,-8.99999803,0.483851475,-0.791664904,-0.122536044,-0.420102763
0.00319672948,0.94450609,-9.0,-8.99999588,-8.99999803,0.483876459,-0.791663562,-0.122595542,-0.421934778
0.00319772948,0.946551421,-9.0,-8.99999572,-8.99999803,0.48390346,-0.791662144,-0.122658865,-0.423770237
0.00319872948,0.948559383,-9.0,-8.99999555,-8.99999803,0.483932596,-0.791660647,-0.122726132,-0.425609262
0.00319972948,0.950529898,-9.0,-8.99999537,-8.99999803,0.48396399,-0.791659071,-0.122797454,-0.427451961
0.00320072948,0.952462888,-9.0,-8.99999518,-8.99999803,0.483997765,-0.791657412,-0.12287293,-0.429298434
0.00320172948,0.954358276,-9.0,-8.99999497,-8.99999804,0.484034045,-0.791655671,-0.122952649,-0.431148766
0.00320272948,0.956215988,-9.0,-8.99999475,-8.99999804,0.484072957,-0.791653846,-0.123036681,-0.43300303
0.00320372948,0.95803595,-9.0,-8.9999945,-8.99999804,0.484114627,-0.791651937,-0.123125082,-0.434861279
0.00320472948,0.95981809,-9.0,-8.99999424,-8.99999804,0.48415918,-0.791649944,-0.123217891,-0.436723552
0.00320572948,0.961562338,-9.0,-8.99999396,-8.99999804,0.484206741,-0.791647867,-0.123315126,-0.438589864
0.00320672948,0.963268626,-9.0,-8.99999366,-8.99999804,0.484257434,-0.791645708,-0.123416781,-0.440460211
0.00320772948,0.964936885,-9.0,-8.99999334,-8.99999804,0.484311378,-0.791643468,-0.123522829,-0.442334564
0.00320872948,0.96656705,-9.0,-8.99999299,-8.99999804,0.484368691,-0.791641148,-0.123633215,-0.444212868
0.00320972948,0.968159057,-9.0,-8.99999261,-8.99999804,0.484429486,-0.791638752,-0.123747859,-0.446095041
0.00321072948,0.969712843,-9.0,-8.99999221,-8.99999804,0.48449387,-0.791636283,-0.12386665,-0.447980971
0.00321172948,0.971228346,-9.0,-8.99999177,-8.99999804,0.484561944,-0.791633743,-0.123989448,-0.449870518
0.00321272948,0.972705506,-9.0,-8.9999913,-8.99999804,0.484633804,-0.791631138,-0.124116079,-0.451763508
0.00321372948,0.974144266,-9.0,-8.99999079,-8.99999804,0.484709536,-0.791628473,-0.124246338,-0.453659733
0.00321472948,0.975544568,-9.0,-8.99999024,-8.99999804,0.484789218,-0.791625753,-0.124379985,-0.455558955
0.00321572948,0.976906358,-9.0,-8.99998965,-8.99999804,0.484872919,-0.791622984,-0.124516745,-0.457460896
0.00321672948,0.978229581,-9.0,-8.99998902,-8.99999804,0.484960697,-0.791620173,-0.124656309,-0.459365249
0.00321772948,0.979514185,-9.0,-8.99998833,-8.99999804,0.485052597,-0.791617327,-0.124798332,-0.461271667
0.00321872948,0.980760119,-9.0,-8.99998759,-8.99999804,0.485148655,-0.791614455,-0.124942435,-0.46317977
0.00321972948,0.981967335,-9.0,-8.99998679,-8.99999804,0.485248891,-0.791611564,-0.125088203,-0.465089144
0.00322072948,0.983135784,-9.0,-8.99998594,-8.99999804,0.485353315,-0.791608663,-0.125235191,-0.466999343
0.00322172948,0.984265421,-9.0,-8.99998501,-8.99999804,0.48546192,-0.791605762,-0.12538292,-0.468909888
0.00322272948,0.985356201,-9.0,-8.99998402,-8.99999804,0.485574685,-0.791602871,-0.125530882,-0.470820271
0.00322372948,0.98640808,-9.0,-8.99998295,-8.99999804,0.485691576,-0.791599999,-0.125678543,-0.472729957
0.00322472948,0.987421018,-9.0,-8.99998179,-8.99999804,0.485812541,-0.791597156,-0.125825343,-0.474638389
0.00322572948,0.988394974,-9.0,-8.99998055,-8.99999804,0.485937514,-0.791594353,-0.125970703,-0.476544985
0.00322672948,0.98932991,-9.0,-8.99997922,-8.99999804,0.486066414,-0.791591601,-0.126114024,-0.47844915
0.00322772948,0.990225789,-9.0,-8.99997778,-8.99999804,0.486199142,-0.79158891,-0.126254699,-0.480350274
0.00322872948,0.991082576,-9.0,-8.99997624,-8.99999804,0.486335587,-0.79158629,-0.126392108,-0.48224774
0.00322972948,0.991900236,-9.0,-8.99997458,-8.99999804,0.48647562,-0.791583753,-0.126525631,-0.484140927
0.00323072948,0.992678738,-9.0,-8.9999728,-8.99999804,0.486619099,-0.791581308,-0.126654646,-0.486029216
0.00323172948,0.99341805,-9.0,-8.99997089,-8.99999804,0.486765868,-0.791578964,-0.126778542,-0.487911995
0.00323272948,0.994118144,-9.0,-8.99996883,-8.99999804,0.486915754,-0.791576733,-0.12689672,-0.489788667
0.00323372948,0.994778992,-9.0,-8.99996663,-8.99999804,0.487068575,-0.791574622,-0.127008596,-0.491658651
0.00323472948,0.995400568,-9.0,-8.99996428,-8.99999804,0.487224135,-0.791572641,-0.127113614,-0.49352139
0.00323572948,0.995982847,-9.0,-8.99996175,-8.99999804,0.487382226,-0.791570798,-0.127211246,-0.495376358
0.00323672948,0.996525807,-9.0,-8.99995905,-8.99999804,0.487542632,-0.791569099,-0.127300998,-0.497223062
0.00323772948,0.997029425,-9.0,-8.99995616,-8.99999804,0.487705124,-0.791567553,-0.127382415,-0.499061051
0.00323872948,0.997493682,-9.0,-8.99995306,-8.99999804,0.487869468,-0.791566164,-0.127455088,-0.500889916
0.00323972948,0.99791856,-9.0,-8.99994976,-8.99999804,0.488035421,-0.791564938,-0.127518654,-0.502709296
0.00324072948,0.998304042,-9.0,-8.99994623,-8.99999804,0.488202735,-0.79156388,-0.127572803,-0.504518884
0.00324172948,0.998650112,-9.0,-8.99994246,-8.99999804,0.488371156,-0.791562993,-0.12761728,-0.506318426
0.00324272948,0.998956758,-9.0,-8.99993844,-8.99999804,0.488540428,-0.79156228,-0.127651886,-0.508107725
0.00324372948,0.999223966,-9.0,-8.99993415,-8.99999804,0.488710293,-0.791561742,-0.12767648,-0.509886642
0.00324472948,0.999451727,-9.0,-8.99992959,-8.99999804,0.488880489,-0.791561381,-0.127690982,-0.5116551
0.00324572948,0.999640031,-9.0,-8.99992472,-8.99999804,0.489050757,-0.791561197,-0.127695371,-0.513413079
0.00324672948,0.999788871,-9.0,-8.99991954,-8.99999804,0.489220839,-0.791561189,-0.127689684,-0.51516062
0.00324772948,0.999898241,-9.0,-8.99991403,-8.99999804,0.489390478,-0.791561356,-0.127674018,-0.516897819
0.00324872948,0.999968137,-9.0,-8.99990817,-8.99999804,0.489559423,-0.791561694,-0.127648523,-0.51862483
0.00324972948,0.999998555,-9.0,-8.99990193,-8.99999804,0.489727426,-0.791562202,-0.127613405,-0.52034186
0.00325072948,0.999989496,-9.0,-8.99989531,-8.99999804,0.489894244,-0.791562874,-0.127568918,-0.522049167
0.00325172948,0.999940959,-9.0,-8.99988826,-8.99999804,0.490059644,-0.791563707,-0.127515366,-0.523747055
0.00325272948,0.999852945,-9.0,-8.99988078,-8.99999804,0.490223397,-0.791564696,-0.127453094,-0.525435871
0.00325372948,0.999725459,-9.0,-8.99987283,-8.99999804,0.490385284,-0.791565833,-0.127382485,-0.527116001
0.00325472948,0.999558506,-9.0,-8.99986439,-8.99999804,0.490545096,-0.791567114,-0.12730396,-0.528787865
0.00325572948,0.999352092,-9.0,-8.99985543,-8.99999804,0.490702634,-0.791568531,-0.127217966,-0.530451914
0.00325672948,0.999106225,-9.0,-8.99984591,-8.99999804,0.490857707,-0.791570076,-0.127124978,-0.532108623
0.00325772948,0.998820915,-9.0,-8.99983581,-8.99999804,0.491010138,-0.791571743,-0.127025489,-0.533758489
0.00325872948,0.998496174,-9.0,-8.99982509,-8.99999804,0.491159759,-0.791573523,-0.126920012,-0.535402022
0.00325972948,0.998132013,-9.0,-8.9998137,-8.99999804,0.491306417,-0.791575408,-0.126809068,-0.537039746
0.00326072948,0.997728448,-9.0,-8.99980161,-8.99999804,0.491449968,-0.791577389,-0.126693186,-0.538672192
0.00326172948,0.997285495,-9.0,-8.99978877,-8.99999804,0.491590282,-0.791579458,-0.126572898,-0.540299893
0.00326272948,0.99680317,-9.0,-8.99977514,-8.99999804,0.491727242,-0.791581606,-0.126448737,-0.541923381
0.00326372948,0.996281493,-9.0,-8.99976066,-8.99999804,0.491860743,-0.791583825,-0.126321231,-0.543543185
0.00326472948,0.995720485,-9.0,-8.99974529,-8.99999804,0.491990693,-0.791586105,-0.126190898,-0.545159824
0.00326572948,0.995120167,-9.0,-8.99972895,-8.99999804,0.492117011,-0.791588438,-0.126058248,-0.546773808
0.00326672948,0.994480564,-9.0,-8.99971159,-8.99999804,0.492239631,-0.791590816,-0.125923778,-0.548385634
0.00326772948,0.9938017,-9.0,-8.99969315,-8.99999804,0.492358499,-0.79159323,-0.125787967,-0.549995783
0.00326872948,0.993083603,-9.0,-8.99967354,-8.99999804,0.49247357,-0.791595671,-0.125651278,-0.551604716
0.00326972948,0.9923263,-9.0,-8.99965269,-8.99999804,0.492584815,-0.791598132,-0.125514156,-0.553212878
0.00327072948,0.991529823,-9.0,-8.99963052,-8.99999804,0.492692215,-0.791600606,-0.125377022,-0.554820691
0.00327172948,0.990694201,-9.0,-8.99960694,-8.99999804,0.49279576,-0.791603083,-0.125240277,-0.556428555
0.00327272948,0.989819468,-9.0,-8.99958185,-8.99999804,0.492895455,-0.791605557,-0.1251043,-0.558036848
0.00327372948,0.988905659,-9.0,-8.99955514,-8.99999804,0.49299131,-0.791608022,-0.124969443,-0.559645922
0.00327472948,0.98795281,-9.0,-8.99952672,-8.99999804,0.493083349,-0.791610471,-0.124836037,-0.561256108
0.00327572948,0.986960958,-9.0,-8.99949646,-8.99999804,0.493171605,-0.791612896,-0.124704387,-0.562867709
0.00327672948,0.985930142,-9.0,-8.99946422,-8.99999804,0.493256117,-0.791615294,-0.124574776,-0.564481008
0.00327772948,0.984860404,-9.0,-8.99942989,-8.99999804,0.493336934,-0.791617657,-0.124447459,-0.566096259
0.00327872948,0.983751785,-9.0,-8.99939331,-8.99999804,0.493414113,-0.791619981,-0.124322669,-0.567713694
0.00327972948,0.982604329,-9.0,-8.99935432,-8.99999804,0.493487718,-0.791622262,-0.124200616,-0.569333522
0.00328072948,0.981418081,-9.0,-8.99931277,-8.99999804,0.493557818,-0.791624495,-0.124081485,-0.570955927
0.00328172948,0.980193089,-9.0,-8.99926846,-8.99999804,0.49362449,-0.791626676,-0.12396544,-0.572581071
0.00328272948,0.978929401,-9.0,-8.99922121,-8.99999804,0.493687815,-0.791628802,-0.123852622,-0.574209094
0.00328372948,0.977627066,-9.0,-8.99917081,-8.99999804,0.493747879,-0.791630869,-0.123743151,-0.575840115
0.00328472948,0.976286136,-9.0,-8.99911705,-8.99999804,0.493804773,-0.791632875,-0.123637126,-0.577474232
0.00328572948,0.974906664,-9.0,-8.99905968,-8.99999804,0.49385859,-0.791634817,-0.123534629,-0.579111524
0.00328672948,0.973488704,-9.0,-8.99899846,-8.99999804,0.493909427,-0.791636695,-0.12343572,-0.58075205
0.00328772948,0.972032313,-9.0,-8.99893312,-8.99999804,0.493957383,-0.791638505,-0.123340444,-0.582395854
0.00328872948,0.970537547,-9.0,-8.99886336,-8.99999804,0.494002561,-0.791640246,-0.123248828,-0.58404296
0.00328972948,0.969004467,-9.0,-8.99878888,-8.99999804,0.494045063,-0.791641919,-0.123160883,-0.585693379
0.00329072948,0.967433131,-9.0,-8.99870935,-8.99999804,0.494084992,-0.791643522,-0.123076607,-0.587347105
0.00329172948,0.965823604,-9.0,-8.99862441,-8.99999803,0.494122453,-0.791645054,-0.122995983,-0.58900412
0.00329272948,0.964175947,-9.0,-8.99853369,-8.99999803,0.494157552,-0.791646517,-0.122918981,-0.590664392
0.00329372948,0.962490226,-9.0,-8.99843677,-8.99999803,0.49419039,-0.79164791,-0.122845561,-0.592327878
0.00329472948,0.960766507,-9.0,-8.99833324,-8.99999803,0.494221074,-0.791649233,-0.122775671,-0.593994524
0.00329572948,0.959004859,-9.0,-8.99822262,-8.99999803,0.494249703,-0.791650487,-0.122709249,-0.595664267
0.00329672948,0.957205351,-9.0,-8.99810443,-8.99999803,0.494276381,-0.791651674,-0.122646226,-0.597337033
0.00329772948,0.955368055,-9.0,-8.99797812,-8.99999803,0.494301205,-0.791652794,-0.122586523,-0.599012742
0.00329872948,0.953493042,-9.0,-8.99784314,-8.99999803,0.494324274,-0.791653849,-0.122530057,-0.600691308
0.00329972948,0.951580387,-9.0,-8.99769888,-8.99999803,0.494345683,-0.79165484,-0.122476736,-0.602372636
0.00330072948,0.949630165,-9.0,-8.99754469,-8.99999803,0.494365523,-0.791655768,-0.122426465,-0.604056627
0.00330172948,0.947642453,-9.0,-8.99737989,-8.99999803,0.494383886,-0.791656636,-0.122379143,-0.605743179
0.00330272948,0.94561733,-9.0,-8.99720372,-8.99999803,0.494400858,-0.791657446,-0.122334667,-0.607432184
0.00330372948,0.943554876,-9.0,-8.99701542,-8.99999803,0.494416525,-0.791658198,-0.122292932,-0.609123534
0.00330472948,0.941455172,-9.0,-8.99681412,-8.99999803,0.494430966,-0.791658896,-0.122253828,-0.610817114
0.00330572948,0.9393183,-9.0,-8.99659894,-8.99999803,0.494444262,-0.791659541,-0.122217246,-0.612512813
0.00330672948,0.937144346,-9.0,-8.9963689,-8.99999803,0.494456485,-0.791660135,-0.122183075,-0.614210516
0.00330772948,0.934933395,-9.0,-8.99612298,-8.99999803,0.49446771,-0.79166068,-0.122151206,-0.615910107
0.00330872948,0.932685535,-9.0,-8.99586008,-8.99999803,0.494478003,-0.791661179,-0.122121527,-0.617611473
0.00330972948,0.930400854,-9.0,-8.99557902,-8.99999803,0.494487431,-0.791661633,-0.122093929,-0.619314497
0.00331072948,0.928079442,-9.0,-8.99527855,-8.99999803,0.494496056,-0.791662045,-0.122068305,-0.621019069
0.00331172948,0.925721391,-9.0,-8.99495733,-8.99999803,0.494503936,-0.791662416,-0.122044548,-0.622725075
0.00331272948,0.923326794,-9.0,-8.99461393,-8.99999803,0.494511127,-0.791662748,-0.122022554,-0.624432405
0.00331372948,0.920895746,-9.0,-8.99424682,-8.99999803,0.494517682,-0.791663044,-0.122002221,-0.626140953
0.00331472948,0.918428343,-9.0,-8.99385437,-8.99999803,0.49452365,-0.791663306,-0.121983451,-0.627850612
0.00331572948,0.915924681,-9.0,-8.99343483,-8.99999803,0.494529079,-0.791663534,-0.121966146,-0.629561279
0.00331672948,0.913384861,-9.0,-8.99298634,-8.99999803,0.494534011,-0.791663732,-0.121950215,-0.631272854
0.00331772948,0.910808981,-9.0,-8.99250693,-8.99999803,0.494538488,-0.7916639,-0.121935568,-0.632985239
0.00331872948,0.908197144,-9.0,-8.99199445,-8.99999803,0.494542549,-0.791664041,-0.121922118,-0.634698341
0.00331972948,0.905549454,-9.0,-8.99144665,-8.99999803,0.494546228,-0.791664155,-0.121909783,-0.636412067
0.00332072948,0.902866013,-9.0,-8.99086111,-8.99999803,0.49454956,-0.791664245,-0.121898485,-0.638126329
0.00332172948,0.90014693,-9.0,-8.99023524,-8.99999803,0.494552575,-0.791664311,-0.121888147,-0.639841042
0.00332272948,0.897392309,-9.0,-8.98956628,-8.99999803,0.494555303,-0.791664356,-0.121878699,-0.641556123
0.00332372948,0.894602262,-9.0,-8.9888513,-8.99999803,0.494557768,-0.791664379,-0.121870073,-0.643271493
0.00332472948,0.891776897,-9.0,-8.98808716,-8.99999803,0.494559997,-0.791664383,-0.121862204,-0.644987076
0.00332572948,0.888916326,-9.0,-8.98727048,-8.99999803,0.494562012,-0.791664368,-0.121855031,-0.646702797
0.00332672948,0.886020662,-9.0,-8.98639771,-8.99999803,0.494563833,-0.791664335,-0.121848498,-0.648418587
0.00332772948,0.88309002,-9.0,-8.98546501,-8.99999803,0.494565481,-0.791664286,-0.121842551,-0.650134375
0.00332872948,0.880124515,-9.0,-8.98446831,-8.99999803,0.494566972,-0.79166422,-0.12183714,-0.651850096
0.00332972948,0.877124264,-9.0,-8.98340326,-8.99999803,0.494568324,-0.791664139,-0.121832218,-0.653565685
0.00333072948,0.874089385,-9.0,-8.98226523,-8.99999803,0.49456955,-0.791664042,-0.121827739,-0.655281082
0.00333172948,0.871019999,-9.0,-8.98104924,-8.99999803,0.494570665,-0.791663932,-0.121823665,-0.656996224
0.00333272948,0.867916227,-9.0,-8.97975004,-8.99999802,0.49457168,-0.791663807,-0.121819956,-0.658711054
0.00333372948,0.864778191,-9.0,-8.97836197,-8.99999802,0.494572608,-0.791663668,-0.121816577,-0.660425514
0.00333472948,0.861606015,-9.0,-8.97687903,-8.99999802,0.494573459,-0.791663516,-0.121813495,-0.662139548
0.00333572948,0.858399824,-9.0,-8.97529481,-8.99999802,0.494574242,-0.791663351,-0.12181068,-0.6638531
0.00333672948,0.855159745,-9.0,-8.97360248,-8.99999802,0.494574965,-0.791663173,-0.121808103,-0.665566114
0.00333772948,0.851885906,-9.0,-8.97179474,-8.99999802,0.494575638,-0.791662981,-0.121805739,-0.667278538
0.00333872948,0.848578435,-9.0,-8.96986384,-8.99999802,0.494576266,-0.791662776,-0.121803563,-0.668990315
0.00333972948,0.845237465,-9.0,-8.96780148,-8.99999802,0.494576856,-0.791662558,-0.121801555,-0.670701392
0.00334072948,0.841863126,-9.0,-8.96559885,-8.99999802,0.494577415,-0.791662325,-0.121799692,-0.672411713
0.00334172948,0.838455551,-9.0,-8.96324655,-8.99999802,0.494577948,-0.791662079,-0.121797956,-0.674121222
0.00334272948,0.835014876,-9.0,-8.96073455,-8.99999801,0.494578459,-0.791661819,-0.121796331,-0.675829863
0.00334372948,0.831541236,-9.0,-8.95805218,-8.99999801,0.494578954,-0.791661543,-0.1217948,-0.677537578
0.00334472948,0.828034768,-9.0,-8.95518809,-8.99999801,0.494579436,-0.791661253,-0.121793349,-0.679244307
0.00334572948,0.82449561,-9.0,-8.95213018,-8.99999801,0.49457991,-0.791660946,-0.121791963,-0.680949988
0.00334672948,0.820923903,-9.0,-8.94886556,-8.99999801,0.49458038,-0.791660622,-0.121790631,-0.682654557
0.00334772948,0.817319787,-9.0,-8.94538053,-8.99999801,0.494580848,-0.791660281,-0.121789341,-0.68435795
0.00334872948,0.813683405,-9.0,-8.94166052,-8.999998,0.494581317,-0.791659922,-0.121788081,-0.686060096
0.00334972948,0.8100149,-9.0,-8.93769001,-8.999998,0.494581792,-0.791659543,-0.121786843,-0.687760924
0.00335072948,0.806314417,-9.0,-8.93345251,-8.999998,0.494582274,-0.791659144,-0.121785617,-0.689460358
0.00335172948,0.802582102,-9.0,-8.92893049,-8.999998,0.494582767,-0.791658723,-0.121784394,-0.691158319
0.00335272948,0.798818102,-9.0,-8.92410533,-8.99999799,0.494583272,-0.79165828,-0.121783165,-0.692854724
0.00335372948,0.795022567,-9.0,-8.91895724,-8.99999799,0.494583793,-0.791657812,-0.121781922,-0.694549486
0.00335472948,0.791195645,-9.0,-8.91346521,-8.99999799,0.494584333,-0.791657319,-0.121780659,-0.696242511
0.00335572948,0.787337489,-9.0,-8.90760695,-8.99999798,0.494584892,-0.791656799,-0.121779368,-0.697933702
0.00335672948,0.783448249,-9.0,-8.9013588,-8.99999798,0.494585475,-0.791656251,-0.121778042,-0.699622956
0.00335772948,0.779528081,-9.0,-8.89469567,-8.99999798,0.494586083,-0.791655672,-0.121776674,-0.701310164
0.00335872948,0.775577138,-9.0,-8.88759099,-8.99999797,0.49458672,-0.791655061,-0.121775257,-0.702995209
0.00335972948,0.771595576,-9.0,-8.88001658,-8.99999797,0.494587387,-0.791654416,-0.121773785,-0.704677969
0.00336072948,0.767583553,-9.0,-8.87194264,-8.99999796,0.494588087,-0.791653735,-0.121772251,-0.706358315
0.00336172948,0.763541228,-9.0,-8.86333762,-8.99999796,0.494588822,-0.791653015,-0.121770649,-0.708036109
0.00336272948,0.759468759,-9.0,-8.85416817,-8.99999795,0.494589596,-0.791652255,-0.121768971,-0.709711205
0.00336372948,0.755366307,-9.0,-8.84439906,-8.99999795,0.494590412,-0.791651451,-0.121767212,-0.711383449
0.00336472948,0.751234035,-9.0,-8.83399308,-8.99999794,0.494591271,-0.791650601,-0.121765365,-0.713052677
0.00336572948,0.747072106,-9.0,-8.82291099,-8.99999794,0.494592178,-0.791649703,-0.121763422,-0.714718716
0.00336672948,0.742880683,-9.0,-8.81111142,-8.99999793,0.494593135,-0.791648753,-0.121761376,-0.716381382
0.00336772948,0.738659933,-9.0,-8.79855083,-8.99999792,0.494594145,-0.791647749,-0.12175922,-0.718040481
0.00336872948,0.734410022,-9.0,-8.7851834,-8.99999791,0.494595213,-0.791646687,-0.121756947,-0.719695807
0.00336972948,0.730131117,-9.0,-8.77096098,-8.99999791,0.49459634,-0.791645563,-0.121754549,-0.721347142
0.00337072948,0.725823388,-9.0,-8.75583305,-8.9999979,0.494597532,-0.791644375,-0.121752017,-0.722994256
0.00337172948,0.721487005,-9.0,-8.73974665,-8.99999789,0.494598792,-0.791643119,-0.121749344,-0.724636906
0.00337272948,0.717122139,-9.0,-8.72264631,-8.99999788,0.494600123,-0.79164179,-0.12174652,-0.726274835
0.00337372948,0.712728962,-9.0,-8.70447409,-8.99999787,0.494601531,-0.791640385,-0.121743538,-0.727907771
0.00337472948,0.708307648,-9.0,-8.68516948,-8.99999786,0.494603019,-0.791638899,-0.121740387,-0.729535429
0.00337572948,0.703858371,-9.0,-8.66466945,-8.99999785,0.494604591,-0.791637328,-0.121737058,-0.731157507
0.00337672948,0.699381307,-9.0,-8.64290843,-8.99999784,0.494606252,-0.791635668,-0.121733542,-0.732773687
0.00337772948,0.694876632,-9.0,-8.61981836,-8.99999782,0.494608008,-0.791633914,-0.121729829,-0.734383636
0.00337872948,0.690344525,-9.0,-8.59532874,-8.99999781,0.494609862,-0.79163206,-0.121725908,-0.735987001
0.00337972948,0.685785164,-9.0,-8.56936672,-8.99999779,0.49461182,-0.791630103,-0.121721768,-0.737583416
0.00338072948,0.68119873,-9.0,-8.54185718,-8.99999778,0.494613887,-0.791628037,-0.121717398,-0.739172492
0.00338172948,0.676585403,-9.0,-8.51272291,-8.99999776,0.494616068,-0.791625856,-0.121712788,-0.740753825
0.00338272948,0.671945366,-9.0,-8.48188475,-8.99999775,0.494618369,-0.791623556,-0.121707927,-0.74232699
0.00338372948,0.667278801,-9.0,-8.44926183,-8.99999773,0.494620795,-0.79162113,-0.121702802,-0.743891546
0.00338472948,0.662585894,-9.0,-8.41477182,-8.99999771,0.494623351,-0.791618574,-0.121697403,-0.745447029
0.00338572948,0.657866828,-9.0,-8.37833122,-8.99999769,0.494626043,-0.791615882,-0.121691717,-0.746992958
0.00338672948,0.653121792,-9.0,-8.33985574,-8.99999767,0.494628877,-0.791613049,-0.121685733,-0.748528833
0.00338772948,0.648350971,-9.0,-8.29926066,-8.99999764,0.494631858,-0.791610068,-0.121679439,-0.750054134
0.00338872948,0.643554554,-9.0,-8.25646135,-8.99999762,0.494634991,-0.791606935,-0.121672825,-0.751568321
0.00338972948,0.638732731,-9.0,-8.2113737,-8.9999976,0.494638282,-0.791603644,-0.121665879,-0.753070838
0.00339072948,0.633885691,-9.0,-8.1639148,-8.99999757,0.494641736,-0.79160019,-0.12165859,-0.754561107
0.00339172948,0.629013628,-9.0,-8.11400345,-8.99999754,0.494645358,-0.791596569,-0.121650948,-0.756038538
0.00339272948,0.624116731,-9.0,-8.06156097,-8.99999751,0.494649153,-0.791592774,-0.121642942,-0.75750252
0.00339372948,0.619195196,-9.0,-8.00651186,-8.99999748,0.494653124,-0.791588802,-0.121634565,-0.758952428
0.00339472948,0.614249216,-9.0,-7.94878465,-8.99999745,0.494657277,-0.791584649,-0.121625807,-0.760387626
0.00339572948,0.609278986,-9.0,-7.88831275,-8.99999742,0.494661615,-0.791580311,-0.12161666,-0.761807461
0.00339672948,0.604284703,-9.0,-7.82503536,-8.99999738,0.494666141,-0.791575785,-0.121607119,-0.763211271
0.00339772948,0.599266564,-9.0,-7.75889839,-8.99999735,0.494670858,-0.791571069,-0.121597178,-0.764598388
0.00339872948,0.594224767,-9.0,-7.68985546,-8.99999731,0.494675767,-0.79156616,-0.121586833,-0.765968133
0.00339972948,0.589159511,-9.0,-7.61786889,-8.99999727,0.49468087,-0.791561056,-0.121576082,-0.767319827
0.00340072948,0.584070996,-9.0,-7.5429107,-8.99999723,0.494686168,-0.791555759,-0.121564923,-0.768652788
0.00340172948,0.578959423,-9.0,-7.46496361,-8.99999719,0.49469166,-0.791550266,-0.121553357,-0.769966333
0.00340272948,0.573824993,-9.0,-7.38402201,-8.99999715,0.494697346,-0.791544581,-0.121541388,-0.77125979
0.00340372948,0.56866791,-9.0,-7.3000929,-8.9999971,0.494703222,-0.791538705,-0.121529019,-0.772532488
0.00340472948,0.563488377,-9.0,-7.21319678,-8.99999705,0.494709287,-0.79153264,-0.121516258,-0.773783772
0.00340572948,0.558286598,-9.0,-7.12336839,-8.99999701,0.494715535,-0.791526392,-0.121503113,-0.775013001
0.00340672948,0.553062779,-9.0,-7.03065747,-8.99999696,0.494721963,-0.791519964,-0.121489595,-0.776219553
0.00340772948,0.547817126,-9.0,-6.93512931,-8.99999691,0.494728563,-0.791513364,-0.121475717,-0.777402826
0.00340872948,0.542549846,-9.0,-6.83686515,-8.99999686,0.494735329,-0.791506598,-0.121461496,-0.778562248
0.00340972948,0.537261147,-9.0,-6.73596251,-8.9999968,0.494742252,-0.791499675,-0.121446948,-0.779697275
0.00341072948,0.531951239,-9.0,-6.63253526,-8.99999675,0.494749323,-0.791492604,-0.121432094,-0.780807396
0.00341172948,0.526620329,-9.0,-6.52671351,-8.99999669,0.494756532,-0.791485395,-0.121416955,-0.78189214
0.00341272948,0.52126863,-9.0,-6.41864332,-8.99999664,0.494763866,-0.791478061,-0.121401557,-0.782951075
0.00341372948,0.515896351,-9.0,-6.30848623,-8.99999658,0.494771314,-0.791470612,-0.121385925,-0.783983813
0.00341472948,0.510503706,-9.0,-6.19641848,-8.99999652,0.494778863,-0.791463063,-0.121370087,-0.784990012
0.00341572948,0.505090908,-9.0,-6.08263013,-8.99999646,0.494786498,-0.791455428,-0.121354072,-0.785969383
0.00341672948,0.499658169,-9.0,-5.96732389,-8.9999964,0.494794206,-0.791447721,-0.121337912,-0.786921685
0.00341772948,0.494205704,-9.0,-5.85071378,-8.99999634,0.49480197,-0.791439957,-0.121321638,-0.787846732
0.00341872948,0.488733729,-9.0,-5.73302366,-8.99999628,0.494809775,-0.791432152,-0.121305283,-0.788744394
0.00341972948,0.48324246,-9.0,-5.61448553,-8.99999622,0.494817605,-0.791424321,-0.121288881,-0.789614597
0.00342072948,0.477732113,-9.0,-5.49533777,-8.99999616,0.494825445,-0.791416482,-0.121272466,-0.790457323
0.00342172948,0.472202906,-9.0,-5.37582317,-8.9999961,0.494833277,-0.79140865,-0.121256071,-0.79127261
0.00342272948,0.466655057,-9.0,-5.25618707,-8.99999604,0.494841086,-0.791400841,-0.12123973,-0.792060554
0.00342372948,0.461088786,-9.0,-5.13667526,-8.99999599,0.494848855,-0.791393071,-0.121223476,-0.792821307
0.00342472948,0.455504311,-9.0,-5.01753201,-8.99999593,0.49485657,-0.791385356,-0.121207343,-0.793555072
0.00342572948,0.449901854,-9.0,-4.89899814,-8.99999587,0.494864216,-0.791377711,-0.12119136,-0.794262108
0.00342672948,0.444281636,-9.0,-4.78130903,-8.99999581,0.494871776,-0.79137015,-0.121175559,-0.794942722
0.00342772948,0.438643878,-9.0,-4.66469289,-8.99999575,0.494879239,-0.791362687,-0.121159968,-0.795597271
0.00342872948,0.432988803,-9.0,-4.54936902,-8.9999957,0.49488659,-0.791355336,-0.121144614,-0.796226155
0.00342972948,0.427316635,-9.0,-4.43554631,-8.99999564,0.494893818,-0.791348108,-0.121129523,-0.796829817
0.00343072948,0.421627597,-9.0,-4.32342187,-8.99999559,0.494900911,-0.791341015,-0.121114717,-0.797408739
0.00343172948,0.415921914,-9.0,-4.21317987,-8.99999553,0.494907859,-0.791334067,-0.121100219,-0.797963438
0.00343272948,0.41019981,-9.0,-4.10499051,-8.99999548,0.494914653,-0.791327273,-0.121086046,-0.798494461
0.00343372948,0.404461513,-9.0,-3.99900933,-8.99999543,0.494921284,-0.791320642,-0.121072217,-0.799002387
0.00343472948,0.398707249,-9.0,-3.89537657,-8.99999538,0.494927746,-0.79131418,-0.121058746,-0.799487815
0.00343572948,0.392937244,-9.0,-3.79421683,-8.99999533,0.494934031,-0.791307895,-0.121045645,-0.799951368
0.00343672948,0.387151727,-9.0,-3.69563894,-8.99999529,0.494940135,-0.791301791,-0.121032924,-0.800393685
0.00343772948,0.381350925,-9.0,-3.59973589,-8.99999524,0.494946054,-0.791295871,-0.121020593,-0.800815416
0.00343872948,0.375535069,-9.0,-3.50658511,-8.9999952,0.494951785,-0.791290141,-0.121008656,-0.801217226
0.00343972948,0.369704387,-9.0,-3.41624874,-8.99999516,0.494957326,-0.7912846,-0.12099712,-0.801599782
0.00344072948,0.363859109,-9.0,-3.32877415,-8.99999511,0.494962674,-0.791279251,-0.120985984,-0.801963758
0.00344172948,0.357999467,-9.0,-3.24419455,-8.99999508,0.494967831,-0.791274095,-0.120975252,-0.802309827
0.00344272948,0.352125692,-9.0,-3.16252965,-8.99999504,0.494972796,-0.79126913,-0.12096492,-0.802638662
0.00344372948,0.346238016,-9.0,-3.08378648,-8.999995,0.49497757,-0.791264356,-0.120954988,-0.802950929
0.00344472948,0.340336671,-9.0,-3.00796022,-8.99999497,0.494982154,-0.791259771,-0.120945451,-0.803247289
0.00344572948,0.33442189,-9.0,-2.93503511,-8.99999493,0.494986553,-0.791255373,-0.120936304,-0.803528395
0.00344672948,0.328493906,-9.0,-2.86498536,-8.9999949,0.494990767,-0.791251159,-0.120927541,-0.803794888
0.00344772948,0.322552954,-9.0,-2.79777607,-8.99999487,0.494994801,-0.791247125,-0.120919154,-0.804047398
0.00344872948,0.316599268,-9.0,-2.7333642,-8.99999484,0.494998658,-0.791243267,-0.120911136,-0.80428654
0.00344972948,0.310633084,-9.0,-2.67169944,-8.99999481,0.495002343,-0.791239583,-0.120903478,-0.804512915
0.00345072948,0.304654636,-9.0,-2.61272519,-8.99999478,0.495005859,-0.791236066,-0.120896171,-0.80472711
0.00345172948,0.298664161,-9.0,-2.55637934,-8.99999476,0.495009213,-0.791232713,-0.120889204,-0.804929693
0.00345272948,0.292661895,-9.0,-2.50259516,-8.99999474,0.495012407,-0.791229518,-0.120882567,-0.805121214
0.00345372948,0.286648076,-9.0,-2.45130207,-8.99999471,0.495015448,-0.791226477,-0.120876251,-0.805302209
0.00345472948,0.28062294,-9.0,-2.40242635,-8.99999469,0.495018341,-0.791223585,-0.120870243,-0.805473192
0.00345572948,0.274586725,-9.0,-2.3558919,-8.99999467,0.49502109,-0.791220835,-0.120864533,-0.805634662
0.00345672948,0.26853967,-9.0,-2.31162078,-8.99999465,0.495023702,-0.791218224,-0.12085911,-0.805787095
0.00345772948,0.262482014,-9.0,-2.26953388,-8.99999463,0.495026181,-0.791215745,-0.120853963,-0.805930953
0.00345872948,0.256413996,-9.0,-2.22955138,-8.99999461,0.495028532,-0.791213393,-0.120849081,-0.806066678
0.00345972948,0.250335854,-9.0,-2.19159326,-8.9999946,0.495030762,-0.791211164,-0.120844453,-0.806194693
0.00346072948,0.24424783,-9.0,-2.15557973,-8.99999458,0.495032874,-0.791209051,-0.120840068,-0.806315403
0.00346172948,0.238150164,-9.0,-2.12143159,-8.99999456,0.495034875,-0.79120705,-0.120835916,-0.806429197
0.00346272948,0.232043095,-9.0,-2.08907056,-8.99999455,0.495036768,-0.791205157,-0.120831986,-0.806536445
0.00346372948,0.225926866,-9.0,-2.05841959,-8.99999454,0.49503856,-0.791203365,-0.120828268,-0.8066375
0.00346472948,0.219801718,-9.0,-2.02940307,-8.99999452,0.495040254,-0.791201671,-0.120824752,-0.806732699
0.00346572948,0.213667892,-9.0,-2.00194707,-8.99999451,0.495041856,-0.791200069,-0.120821429,-0.806822364
0.00346672948,0.207525631,-9.0,-1.9759795,-8.9999945,0.495043369,-0.791198556,-0.12081829,-0.8069068
0.00346772948,0.201375178,-9.0,-1.95143026,-8.99999449,0.495044799,-0.791197126,-0.120815324,-0.806986298
0.00346872948,0.195216774,-9.0,-1.92823133,-8.99999448,0.495046148,-0.791195777,-0.120812524,-0.807061133
0.00346972948,0.189050664,-9.0,-1.90631687,-8.99999447,0.495047422,-0.791194503,-0.120809882,-0.807131567
0.00347072948,0.18287709,-9.0,-1.88562329,-8.99999446,0.495048624,-0.791193301,-0.120807389,-0.80719785
0.00347172948,0.176696296,-9.0,-1.86608929,-8.99999445,0.495049758,-0.791192167,-0.120805037,-0.807260217
0.00347272948,0.170508527,-9.0,-1.84765586,-8.99999444,0.495050827,-0.791191098,-0.120802819,-0.807318892
0.00347372948,0.164314026,-9.0,-1.83026632,-8.99999443,0.495051835,-0.79119009,-0.120800729,-0.807374085
0.00347472948,0.158113039,-9.0,-1.81386629,-8.99999443,0.495052785,-0.79118914,-0.120798758,-0.807425997
0.00347572948,0.15190581,-9.0,-1.79840366,-8.99999442,0.49505368,-0.791188244,-0.120796902,-0.807474818
0.00347672948,0.145692583,-9.0,-1.7838286,-8.99999441,0.495054524,-0.791187401,-0.120795153,-0.807520727
0.00347772948,0.139473605,-9.0,-1.77009348,-8.99999441,0.495055318,-0.791186606,-0.120793505,-0.807563894
0.00347872948,0.133249121,-9.0,-1.75715285,-8.9999944,0.495056066,-0.791185858,-0.120791954,-0.807604477
0.00347972948,0.127019376,-9.0,-1.74496337,-8.9999944,0.495056771,-0.791185154,-0.120790493,-0.807642629
0.00348072948,0.120784617,-9.0,-1.73348376,-8.99999439,0.495057434,-0.791184491,-0.120789118,-0.807678492
0.00348172948,0.114545089,-9.0,-1.72267475,-8.99999439,0.495058058,-0.791183867,-0.120787824,-0.8077122
0.00348272948,0.10830104,-9.0,-1.71249898,-8.99999438,0.495058645,-0.791183279,-0.120786607,-0.807743881
0.00348372948,0.102052714,-9.0,-1.70292097,-8.99999438,0.495059198,-0.791182727,-0.120785461,-0.807773655
0.00348472948,0.0958003604,-9.0,-1.69390704,-8.99999437,0.495059717,-0.791182207,-0.120784383,-0.807801635
0.00348572948,0.0895442243,-9.0,-1.68542524,-8.99999437,0.495060206,-0.791181718,-0.120783369,-0.807827926
0.00348672948,0.0832845531,-9.0,-1.67744529,-8.99999437,0.495060666,-0.791181258,-0.120782415,-0.80785263
0.00348772948,0.0770215941,-9.0,-1.66993847,-8.99999436,0.495061099,-0.791180825,-0.120781519,-0.807875841
0.00348872948,0.0707555943,-9.0,-1.66287762,-8.99999436,0.495061506,-0.791180419,-0.120780675,-0.807897648
0.00348972948,0.0644868012,-9.0,-1.65623703,-8.99999436,0.495061888,-0.791180036,-0.120779882,-0.807918136
0.00349072948,0.0582154624,-9.0,-1.64999236,-8.99999436,0.495062248,-0.791179676,-0.120779137,-0.807937382
0.00349172948,0.0519418252,-9.0,-1.64412062,-8.99999435,0.495062586,-0.791179338,-0.120778436,-0.807955462
0.00349272948,0.0456661375,-9.0,-1.63860008,-8.99999435,0.495062903,-0.791179021,-0.120777777,-0.807972445
0.00349372948,0.039388647,-9.0,-1.63341021,-8.99999435,0.495063202,-0.791178722,-0.120777158,-0.807988398
0.00349472948,0.0331096014,-9.0,-1.62853162,-8.99999435,0.495063483,-0.791178441,-0.120776576,-0.808003382
0.00349572948,0.0268292488,-9.0,-1.62394601,-8.99999434,0.495063746,-0.791178177,-0.120776029,-0.808017456
0.00349672948,0.020547837,-9.0,-1.61963612,-8.99999434,0.495063994,-0.79117793,-0.120775516,-0.808030674
0.00349772948,0.014265614,-9.0,-1.61558566,-8.99999434,0.495064227,-0.791177697,-0.120775033,-0.808043089
0.00349872948,0.00798282778,-9.0,-1.61177926,-8.99999434,0.495064446,-0.791177478,-0.120774579,-0.808054748
0.00349972948,0.00169972644,-9.0,-1.60820245,-8.99999434,0.495064652,-0.791177272,-0.120774153,-0.808065698
0.00350072948,-0.004583442,-9.0,-1.60484158,-8.99999434,0.495064845,-0.791177079,-0.120773752,-0.808075982
0.00350172948,-0.0108664295,-9.0,-1.60168379,-8.99999433,0.495065026,-0.791176897,-0.120773376,-0.808085639
0.00350272948,-0.017148988,-9.0,-1.59871697,-8.99999433,0.495065197,-0.791176727,-0.120773023,-0.808094707
0.00350372948,-0.0234308695,-9.0,-1.59592969,-8.99999433,0.495065357,-0.791176567,-0.120772691,-0.808103224
0.00350472948,-0.029711826,-9.0,-1.59331122,-8.99999433,0.495065507,-0.791176416,-0.120772379,-0.808111221
0.00350572948,-0.0359916095,-9.0,-1.59085144,-8.99999433,0.495065649,-0.791176275,-0.120772086,-0.80811873
0.00350672948,-0.0422699721,-9.0,-1.58854083,-8.99999433,0.495065781,-0.791176142,-0.120771811,-0.808125781
0.00350772948,-0.048546666,-9.0,-1.58637042,-8.99999433,0.495065906,-0.791176017,-0.120771552,-0.808132402
0.00350872948,-0.0548214433,-9.0,-1.58433179,-8.99999433,0.495066023,-0.7911759,-0.120771309,-0.80813862
0.00350972948,-0.0610940564,-9.0,-1.58241699,-8.99999433,0.495066133,-0.79117579,-0.120771081,-0.808144457
0.00351072948,-0.0673642576,-9.0,-1.58061856,-8.99999432,0.495066236,-0.791175687,-0.120770867,-0.808149939
0.00351172948,-0.0736317994,-9.0,-1.57892948,-8.99999432,0.495066333,-0.79117559,-0.120770666,-0.808155085
0.00351272948,-0.0798964343,-9.0,-1.57734314,-8.99999432,0.495066424,-0.791175499,-0.120770477,-0.808159918
0.00351372948,-0.086157915,-9.0,-1.57585334,-8.99999432,0.49506651,-0.791175413,-0.1207703,-0.808164455
0.00351472948,-0.0924159944,-9.0,-1.57445423,-8.99999432,0.49506659,-0.791175333,-0.120770133,-0.808168715
0.00351572948,-0.0986704253,-9.0,-1.57314032,-8.99999432,0.495066665,-0.791175258,-0.120769977,-0.808172715
0.00351672948,-0.104920961,-9.0,-1.57190646,-8.99999432,0.495066736,-0.791175187,-0.12076983,-0.80817647
0.00351772948,-0.111167354,-9.0,-1.57074778,-8.99999432,0.495066803,-0.79117512,-0.120769692,-0.808179996
0.00351872948,-0.117409359,-9.0,-1.56965974,-8.99999432,0.495066865,-0.791175058,-0.120769563,-0.808183307
0.00351972948,-0.123646729,-9.0,-1.56863803,-8.99999432,0.495066924,-0.791174999,-0.120769441,-0.808186415
0.00352072948,-0.129879217,-9.0,-1.56767864,-8.99999432,0.495066979,-0.791174944,-0.120769327,-0.808189333
0.00352172948,-0.136106578,-9.0,-1.56677777,-8.99999432,0.49506703,-0.791174892,-0.12076922,-0.808192072
0.00352272948,-0.142328566,-9.0,-1.56593188,-8.99999432,0.495067079,-0.791174844,-0.120769119,-0.808194644
0.00352372948,-0.148544935,-9.0,-1.56513761,-8.99999432,0.495067124,-0.791174798,-0.120769025,-0.808197059
0.00352472948,-0.154755439,-9.0,-1.56439182,-8.99999432,0.495067167,-0.791174755,-0.120768936,-0.808199326
0.00352572948,-0.160959834,-9.0,-1.56369157,-8.99999432,0.495067207,-0.791174715,-0.120768853,-0.808201455
0.00352672948,-0.167157875,-9.0,-1.56303408,-8.99999432,0.495067245,-0.791174677,-0.120768775,-0.808203453
0.00352772948,-0.173349316,-9.0,-1.56241675,-8.99999432,0.49506728,-0.791174642,-0.120768701,-0.808205329
0.00352872948,-0.179533914,-9.0,-1.56183713,-8.99999432,0.495067314,-0.791174609,-0.120768632,-0.808207091
0.00352972948,-0.185711424,-9.0,-1.56129292,-8.99999432,0.495067345,-0.791174577,-0.120768567,-0.808208744
0.00353072948,-0.191881603,-9.0,-1.56078196,-8.99999432,0.495067374,-0.791174548,-0.120768507,-0.808210296
0.00353172948,-0.198044206,-9.0,-1.56030223,-8.99999432,0.495067401,-0.791174521,-0.12076845,-0.808211754
0.00353272948,-0.204198992,-9.0,-1.55985182,-8.99999432,0.495067427,-0.791174495,-0.120768396,-0.808213122
0.00353372948,-0.210345715,-9.0,-1.55942894,-8.99999432,0.495067451,-0.791174471,-0.120768346,-0.808214407
0.00353472948,-0.216484135,-9.0,-1.55903191,-8.99999432,0.495067474,-0.791174448,-0.120768298,-0.808215613
0.00353572948,-0.222614008,-9.0,-1.55865916,-8.99999432,0.495067496,-0.791174426,-0.120768254,-0.808216745
0.00353672948,-0.228735093,-9.0,-1.5583092,-8.99999432,0.495067516,-0.791174406,-0.120768212,-0.808217807
0.00353772948,-0.234847147,-9.0,-1.55798063,-8.99999431,0.495067534,-0.791174387,-0.120768173,-0.808218805
0.00353872948,-0.240949931,-9.0,-1.55767217,-8.99999431,0.495067552,-0.79117437,-0.120768137,-0.808219742
0.00353972948,-0.247043202,-9.0,-1.55738256,-8.99999431,0.495067569,-0.791174353,-0.120768102,-0.808220621
0.00354072948,-0.25312672,-9.0,-1.55711067,-8.99999431,0.495067584,-0.791174337,-0.12076807,-0.808221447
0.00354172948,-0.259200245,-9.0,-1.55685542,-8.99999431,0.495067599,-0.791174323,-0.120768039,-0.808222222
0.00354272948,-0.265263537,-9.0,-1.55661577,-8.99999431,0.495067612,-0.791174309,-0.120768011,-0.80822295
0.00354372948,-0.271316357,-9.0,-1.55639079,-8.99999431,0.495067625,-0.791174296,-0.120767984,-0.808223633
0.00354472948,-0.277358466,-9.0,-1.55617957,-8.99999431,0.495067637,-0.791174284,-0.120767959,-0.808224274
0.00354572948,-0.283389626,-9.0,-1.55598128,-8.99999431,0.495067649,-0.791174273,-0.120767935,-0.808224876
0.00354672948,-0.289409598,-9.0,-1.55579512,-8.99999431,0.495067659,-0.791174262,-0.120767913,-0.808225441
0.00354772948,-0.295418144,-9.0,-1.55562034,-8.99999431,0.495067669,-0.791174252,-0.120767893,-0.808225972
0.00354872948,-0.301415028,-9.0,-1.55545627,-8.99999431,0.495067679,-0.791174243,-0.120767873,-0.80822647
0.00354972948,-0.307400012,-9.0,-1.55530223,-8.99999431,0.495067687,-0.791174234,-0.120767855,-0.808226937
0.00355072948,-0.313372861,-9.0,-1.55515762,-8.99999431,0.495067696,-0.791174225,-0.120767837,-0.808227376
0.00355172948,-0.319333338,-9.0,-1.55502186,-8.99999431,0.495067703,-0.791174218,-0.120767821,-0.808227788
0.00355272948,-0.325281209,-9.0,-1.55489441,-8.99999431,0.495067711,-0.79117421,-0.120767806,-0.808228175
0.00355372948,-0.331216238,-9.0,-1.55477476,-8.99999431,0.495067717,-0.791174203,-0.120767792,-0.808228538
0.00355472948,-0.337138191,-9.0,-1.55466243,-8.99999431,0.495067724,-0.791174197,-0.120767779,-0.808228879
0.00355572948,-0.343046835,-9.0,-1.55455698,-8.99999431,0.49506773,-0.791174191,-0.120767766,-0.808229199
0.00355672948,-0.348941935,-9.0,-1.55445799,-8.99999431,0.495067735,-0.791174185,-0.120767754,-0.8082295
0.00355772948,-0.35482326,-9.0,-1.55436505,-8.99999431,0.495067741,-0.79117418,-0.120767743,-0.808229782
0.00355872948,-0.360690577,-9.0,-1.5542778,-8.99999431,0.495067746,-0.791174175,-0.120767733,-0.808230047
0.00355972948,-0.366543655,-9.0,-1.55419589,-8.99999431,0.49506775,-0.79117417,-0.120767723,-0.808230295
0.00356072948,-0.372382262,-9.0,-1.554119,-8.99999431,0.495067755,-0.791174166,-0.120767714,-0.808230529
0.00356172948,-0.378206169,-9.0,-1.55404681,-8.99999431,0.495067759,-0.791174162,-0.120767705,-0.808230748
0.00356272948,-0.384015144,-9.0,-1.55397904,-8.99999431,0.495067762,-0.791174158,-0.120767697,-0.808230953
0.00356372948,-0.389808959,-9.0,-1.55391542,-8.99999431,0.495067766,-0.791174154,-0.12076769,-0.808231146
0.00356472948,-0.395587385,-9.0,-1.5538557,-8.99999431,0.495067769,-0.791174151,-0.120767683,-0.808231328
0.00356572948,-0.401350194,-9.0,-1.55379963,-8.99999431,0.495067773,-0.791174147,-0.120767676,-0.808231498
0.00356672948,-0.407097158,-9.0,-1.55374699,-8.99999431,0.495067776,-0.791174144,-0.12076767,-0.808231658
0.00356772948,-0.412828051,-9.0,-1.55369758,-8.99999431,0.495067778,-0.791174142,-0.120767664,-0.808231808
0.00356872948,-0.418542646,-9.0,-1.55365119,-8.99999431,0.495067781,-0.791174139,-0.120767658,-0.808231948
0.00356972948,-0.424240718,-9.0,-1.55360764,-8.99999431,0.495067783,-0.791174136,-0.120767653,-0.80823208
0.00357072948,-0.429922041,-9.0,-1.55356676,-8.99999431,0.495067786,-0.791174134,-0.120767648,-0.808232205
0.00357172948,-0.435586392,-9.0,-1.55352838,-8.99999431,0.495067788,-0.791174132,-0.120767644,-0.808232321
0.00357272948,-0.441233547,-9.0,-1.55349235,-8.99999431,0.49506779,-0.79117413,-0.120767639,-0.80823243
0.00357372948,-0.446863282,-9.0,-1.55345853,-8.99999431,0.495067792,-0.791174128,-0.120767635,-0.808232533
0.00357472948,-0.452475377,-9.0,-1.55342677,-8.99999431,0.495067793,-0.791174126,-0.120767631,-0.808232629
0.00357572948,-0.458069608,-9.0,-1.55339697,-8.99999431,0.495067795,-0.791174124,-0.120767628,-0.80823272
0.00357672948,-0.463645755,-9.0,-1.55336898,-8.99999431,0.495067797,-0.791174123,-0.120767625,-0.808232805
0.00357772948,-0.469203598,-9.0,-1.55334271,-8.99999431,0.495067798,-0.791174121,-0.120767621,-0.808232884
0.00357872948,-0.474742919,-9.0,-1.55331805,-8.99999431,0.495067799,-0.79117412,-0.120767618,-0.808232959
0.00357972948,-0.480263497,-9.0,-1.5532949,-8.99999431,0.495067801,-0.791174119,-0.120767616,-0.80823303
0.00358072948,-0.485765115,-9.0,-1.55327316,-8.99999431,0.495067802,-0.791174117,-0.120767613,-0.808233095
0.00358172948,-0.491247555,-9.0,-1.55325276,-8.99999431,0.495067803,-0.791174116,-0.120767611,-0.808233157
0.00358272948,-0.496710603,-9.0,-1.55323361,-8.99999431,0.495067804,-0.791174115,-0.120767608,-0.808233216
0.00358372948,-0.502154041,-9.0,-1.55321563,-8.99999431,0.495067805,-0.791174114,-0.120767606,-0.80823327
0.00358472948,-0.507577654,-9.0,-1.55319875,-8.99999431,0.495067806,-0.791174113,-0.120767604,-0.808233321
0.00358572948,-0.51298123,-9.0,-1.5531829,-8.99999431,0.495067807,-0.791174112,-0.120767602,-0.808233369
0.00358672948,-0.518364554,-9.0,-1.55316802,-8.99999431,0.495067807,-0.791174111,-0.120767601,-0.808233415
0.00358772948,-0.523727414,-9.0,-1.55315406,-8.99999431,0.495067808,-0.79117411,-0.120767599,-0.808233457
0.00358872948,-0.529069597,-9.0,-1.55314095,-8.99999431,0.495067809,-0.79117411,-0.120767597,-0.808233497
0.00358972948,-0.534390894,-9.0,-1.55312864,-8.99999431,0.495067809,-0.791174109,-0.120767596,-0.808233534
0.00359072948,-0.539691095,-9.0,-1.55311708,-8.99999431,0.49506781,-0.791174108,-0.120767595,-0.808233569
0.00359172948,-0.544969989,-9.0,-1.55310624,-8.99999431,0.495067811,-0.791174108,-0.120767593,-0.808233602
0.00359272948,-0.550227369,-9.0,-1.55309605,-8.99999431,0.495067811,-0.791174107,-0.120767592,-0.808233633
0.00359372948,-0.555463026,-9.0,-1.5530865,-8.99999431,0.495067812,-0.791174107,-0.120767591,-0.808233662
0.00359472948,-0.560676755,-9.0,-1.55307752,-8.99999431,0.495067812,-0.791174106,-0.12076759,-0.808233689
0.00359572948,-0.56586835,-9.0,-1.5530691,-8.99999431,0.495067812,-0.791174106,-0.120767589,-0.808233715
0.00359672948,-0.571037604,-9.0,-1.55306119,-8.99999431,0.495067813,-0.791174105,-0.120767588,-0.808233739
0.00359772948,-0.576184316,-9.0,-1.55305376,-8.99999431,0.495067813,-0.791174105,-0.120767587,-0.808233761
0.00359872948,-0.58130828,-9.0,-1.55304679,-8.99999431,0.495067814,-0.791174104,-0.120767586,-0.808233782
0.00359972948,-0.586409296,-9.0,-1.55304025,-8.99999431,0.495067814,-0.791174104,-0.120767585,-0.808233802
0.00360072948,-0.591487161,-9.0,-1.55303411,-8.99999431,0.495067814,-0.791174104,-0.120767585,-0.808233821
0.00360172948,-0.596541675,-9.0,-1.55302834,-8.99999431,0.495067814,-0.791174103,-0.120767584,-0.808233838
0.00360272948,-0.601572638,-9.0,-1.55302293,-8.99999431,0.495067815,-0.791174103,-0.120767583,-0.808233855
0.00360372948,-0.606579853,-9.0,-1.55301785,-8.99999431,0.495067815,-0.791174103,-0.120767583,-0.80823387
0.00360472948,-0.611563121,-9.0,-1.55301308,-8.99999431,0.495067815,-0.791174102,-0.120767582,-0.808233885
0.00360572948,-0.616522245,-9.0,-1.5530086,-8.99999431,0.495067815,-0.791174102,-0.120767581,-0.808233898
0.00360672948,-0.62145703,-9.0,-1.5530044,-8.99999431,0.495067815,-0.791174102,-0.120767581,-0.808233911
0.00360772948,-0.626367282,-9.0,-1.55300045,-8.99999431,0.495067816,-0.791174102,-0.120767581,-0.808233923
0.00360872948,-0.631252805,-9.0,-1.55299674,-8.99999431,0.495067816,-0.791174101,-0.12076758,-0.808233934
0.00360972948,-0.636113407,-9.0,-1.55299327,-8.99999431,0.495067816,-0.791174101,-0.12076758,-0.808233945
0.00361072948,-0.640948897,-9.0,-1.55299,-8.99999431,0.495067816,-0.791174101,-0.120767579,-0.808233955
0.00361172948,-0.645759083,-9.0,-1.55298693,-8.99999431,0.495067816,-0.791174101,-0.120767579,-0.808233964
0.00361272948,-0.650543776,-9.0,-1.55298406,-8.99999431,0.495067816,-0.791174101,-0.120767579,-0.808233973
0.00361372948,-0.655302786,-9.0,-1.55298136,-8.99999431,0.495067816,-0.791174101,-0.120767578,-0.808233981
0.00361472948,-0.660035926,-9.0,-1.55297882,-8.99999431,0.495067816,-0.7911741,-0.120767578,-0.808233989
0.00361572948,-0.664743009,-9.0,-1.55297644,-8.99999431,0.495067816,-0.7911741,-0.120767578,-0.808233996
0.00361672948,-0.66942385,-9.0,-1.5529742,-8.99999431,0.495067816,-0.7911741,-0.120767577,-0.808234003
0.00361772948,-0.674078262,-9.0,-1.55297211,-8.99999431,0.495067816,-0.7911741,-0.120767577,-0.808234009
0.00361872948,-0.678706063,-9.0,-1.55297014,-8.99999431,0.495067816,-0.7911741,-0.120767577,-0.808234015
0.00361972948,-0.68330707,-9.0,-1.55296829,-8.99999431,0.495067816,-0.7911741,-0.120767577,-0.808234021
0.00362072948,-0.687881101,-9.0,-1.55296655,-8.99999431,0.495067817,-0.7911741,-0.120767576,-0.808234026
0.00362172948,-0.692427976,-9.0,-1.55296492,-8.99999431,0.495067817,-0.7911741,-0.120767576,-0.808234031
0.00362272948,-0.696947514,-9.0,-1.55296339,-8.99999431,0.495067817,-0.7911741,-0.120767576,-0.808234035
0.00362372948,-0.701439539,-9.0,-1.55296196,-8.99999431,0.495067817,-0.791174099,-0.120767576,-0.80823404
0.00362472948,-0.705903872,-9.0,-1.55296061,-8.99999431,0.495067817,-0.791174099,-0.120767576,-0.808234044
0.00362572948,-0.710340337,-9.0,-1.55295934,-8.99999431,0.495067817,-0.791174099,-0.120767576,-0.808234048
0.00362672948,-0.714748759,-9.0,-1.55295815,-8.99999431,0.495067817,-0.791174099,-0.120767575,-0.808234051
0.00362772948,-0.719128964,-9.0,-1.55295704,-8.99999431,0.495067817,-0.791174099,-0.120767575,-0.808234055
0.00362872948,-0.723480778,-9.0,-1.55295599,-8.99999431,0.495067816,-0.791174099,-0.120767575,-0.808234058
0.00362972948,-0.727804032,-9.0,-1.55295501,-8.99999431,0.495067816,-0.791174099,-0.120767575,-0.808234061
0.00363072948,-0.732098552,-9.0,-1.55295409,-8.99999431,0.495067816,-0.791174099,-0.120767575,-0.808234064
0.00363172948,-0.736364171,-9.0,-1.55295322,-8.99999431,0.495067816,-0.791174099,-0.120767575,-0.808234066
0.00363272948,-0.740600719,-9.0,-1.55295241,-8.99999431,0.495067816,-0.791174099,-0.120767575,-0.808234069
0.00363372948,-0.74480803,-9.0,-1.55295164,-8.99999431,0.495067816,-0.791174099,-0.120767575,-0.808234071
0.00363472948,-0.748985937,-9.0,-1.55295093,-8.99999431,0.495067816,-0.791174099,-0.120767574,-0.808234073
0.00363572948,-0.753134275,-9.0,-1.55295025,-8.99999431,0.495067816,-0.791174099,-0.120767574,-0.808234075
0.00363672948,-0.757252881,-9.0,-1.55294962,-8.99999431,0.495067816,-0.791174099,-0.120767574,-0.808234077
0.00363772948,-0.761341592,-9.0,-1.55294903,-8.99999431,0.495067816,-0.791174099,-0.120767574,-0.808234079
0.00363872948,-0.765400246,-9.0,-1.55294847,-8.99999431,0.495067816,-0.791174099,-0.120767574,-0.808234081
0.00363972948,-0.769428683,-9.0,-1.55294795,-8.99999431,0.495067816,-0.791174099,-0.120767574,-0.808234082
0.00364072948,-0.773426745,-9.0,-1.55294746,-8.99999431,0.495067816,-0.791174099,-0.120767574,-0.808234084
0.00364172948,-0.777394273,-9.0,-1.552947,-8.99999431,0.495067816,-0.791174099,-0.120767574,-0.808234085
0.00364272948,-0.781331112,-9.0,-1.55294656,-8.99999431,0.495067816,-0.791174099,-0.120767574,-0.808234087
0.00364372948,-0.785237104,-9.0,-1.55294616,-8.99999431,0.495067816,-0.791174099,-0.120767574,-0.808234088
0.00364472948,-0.789112097,-9.0,-1.55294578,-8.99999431,0.495067816,-0.791174099,-0.120767574,-0.808234089
0.00364572948,-0.792955936,-9.0,-1.55294542,-8.99999431,0.495067816,-0.791174098,-0.120767574,-0.80823409
0.00364672948,-0.796768472,-9.0,-1.55294508,-8.99999431,0.495067816,-0.791174098,-0.120767574,-0.808234091
0.00364772948,-0.800549552,-9.0,-1.55294477,-8.99999431,0.495067816,-0.791174098,-0.120767574,-0.808234092
0.00364872948,-0.804299028,-9.0,-1.55294447,-8.99999431,0.495067816,-0.791174098,-0.120767574,-0.808234093
0.00364972948,-0.808016752,-9.0,-1.55294419,-8.99999431,0.495067815,-0.791174098,-0.120767574,-0.808234094
0.00365072948,-0.811702576,-9.0,-1.55294393,-8.99999431,0.495067815,-0.791174098,-0.120767574,-0.808234095
0.00365172948,-0.815356356,-9.0,-1.55294369,-8.99999431,0.495067815,-0.791174098,-0.120767574,-0.808234095
0.00365272948,-0.818977947,-9.0,-1.55294346,-8.99999431,0.495067815,-0.791174098,-0.120767573,-0.808234096
0.00365372948,-0.822567206,-9.0,-1.55294324,-8.99999431,0.495067815,-0.791174098,-0.120767573,-0.808234097
0.00365472948,-0.826123992,-9.0,-1.55294304,-8.99999431,0.495067815,-0.791174098,-0.120767573,-0.808234097
0.00365572948,-0.829648163,-9.0,-1.55294285,-8.99999431,0.495067815,-0.791174098,-0.120767573,-0.808234098
0.00365672948,-0.833139582,-9.0,-1.55294267,-8.99999431,0.495067815,-0.791174098,-0.120767573,-0.808234098
0.00365772948,-0.836598109,-9.0,-1.5529425,-8.99999431,0.495067815,-0.791174098,-0.120767573,-0.808234099
0.00365872948,-0.840023609,-9.0,-1.55294235,-8.99999431,0.495067815,-0.791174098,-0.120767573,-0.808234099
0.00365972948,-0.843415947,-9.0,-1.5529422,-8.99999431,0.495067815,-0.791174098,-0.120767573,-0.8082341
0.00366072948,-0.846774988,-9.0,-1.55294206,-8.99999431,0.495067815,-0.791174098,-0.120767573,-0.8082341
0.00366172948,-0.850100599,-9.0,-1.55294193,-8.99999431,0.495067815,-0.791174098,-0.120767573,-0.808234101
0.00366272948,-0.85339265,-9.0,-1.55294181,-8.99999431,0.495067815,-0.791174098,-0.120767573,-0.808234101
0.00366372948,-0.856651011,-9.0,-1.55294169,-8.99999431,0.495067814,-0.791174098,-0.120767573,-0.808234101
0.00366472948,-0.859875552,-9.0,-1.55294158,-8.99999431,0.495067814,-0.791174098,-0.120767573,-0.808234102
0.00366572948,-0.863066148,-9.0,-1.55294148,-8.99999431,0.495067814,-0.791174098,-0.120767573,-0.808234102
0.00366672948,-0.86622267,-9.0,-1.55294139,-8.99999431,0.495067814,-0.791174098,-0.120767573,-0.808234102
0.00366772948,-0.869344996,-9.0,-1.5529413,-8.99999431,0.495067814,-0.791174098,-0.120767573,-0.808234103
0.00366872948,-0.872433001,-9.0,-1.55294122,-8.99999431,0.495067814,-0.791174098,-0.120767573,-0.808234103
0.00366972948,-0.875486565,-9.0,-1.55294114,-8.99999431,0.495067814,-0.791174098,-0.120767573,-0.808234103
0.00367072948,-0.878505565,-9.0,-1.55294106,-8.99999431,0.495067814,-0.791174098,-0.120767573,-0.808234103
0.00367172948,-0.881489884,-9.0,-1.55294099,-8.99999431,0.495067814,-0.791174098,-0.120767573,-0.808234103
0.00367272948,-0.884439403,-9.0,-1.55294093,-8.99999431,0.495067814,-0.791174098,-0.120767573,-0.808234104
0.00367372948,-0.887354006,-9.0,-1.55294087,-8.99999431,0.495067814,-0.791174098,-0.120767573,-0.808234104
0.00367472948,-0.890233577,-9.0,-1.55294081,-8.99999431,0.495067814,-0.791174098,-0.120767573,-0.808234104
0.00367572948,-0.893078004,-9.0,-1.55294076,-8.99999431,0.495067813,-0.791174098,-0.120767573,-0.808234104
0.00367672948,-0.895887174,-9.0,-1.5529407,-8.99999431,0.495067813,-0.791174098,-0.120767573,-0.808234104
0.00367772948,-0.898660975,-9.0,-1.55294066,-8.99999431,0.495067813,-0.791174098,-0.120767573,-0.808234104
0.00367872948,-0.901399299,-9.0,-1.55294061,-8.99999431,0.495067813,-0.791174098,-0.120767573,-0.808234105
0.00367972948,-0.904102037,-9.0,-1.55294057,-8.99999431,0.495067813,-0.791174098,-0.120767573,-0.808234105
0.00368072948,-0.906769083,-9.0,-1.55294053,-8.99999431,0.495067813,-0.791174098,-0.120767573,-0.808234105
0.00368172948,-0.909400331,-9.0,-1.55294049,-8.99999431,0.495067813,-0.791174098,-0.120767573,-0.808234105
0.00368272948,-0.911995677,-9.0,-1.55294046,-8.99999431,0.495067813,-0.791174098,-0.120767573,-0.808234105
0.00368372948,-0.91455502,-9.0,-1.55294043,-8.99999431,0.495067813,-0.791174098,-0.120767573,-0.808234105
0.00368472948,-0.917078257,-9.0,-1.5529404,-8.99999431,0.495067813,-0.791174098,-0.120767573,-0.808234105
0.00368572948,-0.91956529,-9.0,-1.55294037,-8.99999431,0.495067813,-0.791174098,-0.120767573,-0.808234105
0.00368672948,-0.92201602,-9.0,-1.55294034,-8.99999431,0.495067813,-0.791174098,-0.120767573,-0.808234105
0.00368772948,-0.92443035,-9.0,-1.55294032,-8.99999431,0.495067812,-0.791174098,-0.120767573,-0.808234105
0.00368872948,-0.926808185,-9.0,-1.55294029,-8.99999431,0.495067812,-0.791174098,-0.120767573,-0.808234106
0.00368972948,-0.929149432,-9.0,-1.55294027,-8.99999431,0.495067812,-0.791174098,-0.120767573,-0.808234106
0.00369072948,-0.931453997,-9.0,-1.55294025,-8.99999431,0.495067812,-0.791174098,-0.120767573,-0.808234106
0.00369172948,-0.93372179,-9.0,-1.55294023,-8.99999431,0.495067812,-0.791174098,-0.120767573,-0.808234106
0.00369272948,-0.935952721,-9.0,-1.55294021,-8.99999431,0.495067812,-0.791174098,-0.120767573,-0.808234106
0.00369372948,-0.938146703,-9.0,-1.55294019,-8.99999431,0.495067812,-0.791174098,-0.120767573,-0.808234106
0.00369472948,-0.940303648,-9.0,-1.55294018,-8.99999431,0.495067812,-0.791174098,-0.120767573,-0.808234106
0.00369572948,-0.942423472,-9.0,-1.55294016,-8.99999431,0.495067812,-0.791174098,-0.120767573,-0.808234106
0.00369672948,-0.94450609,-9.0,-1.55294015,-8.99999431,0.495067812,-0.791174098,-0.120767573,-0.808234106
0.00369772948,-0.946551421,-9.0,-1.55294013,-8.99999431,0.495067812,-0.791174098,-0.120767573,-0.808234106
0.00369872948,-0.948559383,-9.0,-1.55294012,-8.99999431,0.495067812,-0.791174098,-0.120767573,-0.808234106
0.00369972948,-0.950529898,-9.0,-1.55294011,-8.99999431,0.495067811,-0.791174098,-0.120767573,-0.808234106
0.00370072948,-0.952462888,-9.0,-1.5529401,-8.99999431,0.495067811,-0.791174098,-0.120767573,-0.808234106
0.00370172948,-0.954358276,-9.0,-1.55294009,-8.99999431,0.495067811,-0.791174098,-0.120767573,-0.808234106
0.00370272948,-0.956215988,-9.0,-1.55294008,-8.99999431,0.495067811,-0.791174098,-0.120767573,-0.808234106
0.00370372948,-0.95803595,-9.0,-1.55294007,-8.99999431,0.495067811,-0.791174098,-0.120767573,-0.808234106
0.00370472948,-0.95981809,-9.0,-1.55294006,-8.99999431,0.495067811,-0.791174098,-0.120767573,-0.808234106
0.00370572948,-0.961562338,-9.0,-1.55294005,-8.99999431,0.495067811,-0.791174098,-0.120767573,-0.808234106
0.00370672948,-0.963268626,-9.0,-1.55294004,-8.99999431,0.495067811,-0.791174098,-0.120767573,-0.808234106
0.00370772948,-0.964936885,-9.0,-1.55294003,-8.99999431,0.495067811,-0.791174098,-0.120767573,-0.808234106
0.00370872948,-0.96656705,-9.0,-1.55294003,-8.99999431,0.495067811,-0.791174098,-0.120767573,-0.808234106
0.00370972948,-0.968159057,-9.0,-1.55294002,-8.99999431,0.495067811,-0.791174098,-0.120767573,-0.808234106
0.00371072948,-0.969712843,-9.0,-1.55294001,-8.99999431,0.49506781,-0.791174098,-0.120767573,-0.808234106
0.00371172948,-0.971228346,-9.0,-1.55294001,-8.99999431,0.49506781,-0.791174098,-0.120767573,-0.808234106
0.00371272948,-0.972705506,-9.0,-1.55294,-8.99999431,0.49506781,-0.791174098,-0.120767573,-0.808234106
0.00371372948,-0.974144266,-9.0,-1.55294,-8.99999431,0.49506781,-0.791174098,-0.120767573,-0.808234106
0.00371472948,-0.975544568,-9.0,-1.55293999,-8.99999431,0.49506781,-0.791174098,-0.120767573,-0.808234106
0.00371572948,-0.976906358,-9.0,-1.55293999,-8.99999431,0.49506781,-0.791174098,-0.120767573,-0.808234106
0.00371672948,-0.978229581,-9.0,-1.55293998,-8.99999431,0.49506781,-0.791174098,-0.120767573,-0.808234107
0.00371772948,-0.979514185,-9.0,-1.55293998,-8.99999431,0.49506781,-0.791174098,-0.120767573,-0.808234107
0.00371872948,-0.980760119,-9.0,-1.55293998,-8.99999431,0.49506781,-0.791174098,-0.120767573,-0.808234107
0.00371972948,-0.981967335,-9.0,-1.55293997,-8.99999431,0.49506781,-0.791174098,-0.120767573,-0.808234107
0.00372072948,-0.983135784,-9.0,-1.55293997,-8.99999431,0.49506781,-0.791174098,-0.120767573,-0.808234107
0.00372172948,-0.984265421,-9.0,-1.55293997,-8.99999431,0.495067809,-0.791174098,-0.120767573,-0.808234107
0.00372272948,-0.985356201,-9.0,-1.55293996,-8.99999431,0.495067809,-0.791174098,-0.120767573,-0.808234107
0.00372372948,-0.98640808,-9.0,-1.55293996,-8.99999431,0.495067809,-0.791174098,-0.120767573,-0.808234107
0.00372472948,-0.987421018,-9.0,-1.55293996,-8.99999431,0.495067809,-0.791174098,-0.120767573,-0.808234107
0.00372572948,-0.988394974,-9.0,-1.55293996,-8.99999431,0.495067809,-0.791174098,-0.120767573,-0.808234107
0.00372672948,-0.98932991,-9.0,-1.55293995,-8.99999431,0.495067809,-0.791174098,-0.120767573,-0.808234107
0.00372772948,-0.990225789,-9.0,-1.55293995,-8.99999431,0.495067809,-0.791174098,-0.120767573,-0.808234107
0.00372872948,-0.991082576,-9.0,-1.55293995,-8.99999431,0.495067809,-0.791174098,-0.120767573,-0.808234107
0.00372972948,-0.991900236,-9.0,-1.55293995,-8.99999431,0.495067809,-0.791174098,-0.120767573,-0.808234107
0.00373072948,-0.992678738,-9.0,-1.55293995,-8.99999431,0.495067809,-0.791174098,-0.120767573,-0.808234107
0.00373172948,-0.99341805,-9.0,-1.55293994,-8.99999431,0.495067809,-0.791174098,-0.120767573,-0.808234107
0.00373272948,-0.994118144,-9.0,-1.55293994,-8.99999431,0.495067808,-0.791174098,-0.120767573,-0.808234107
0.00373372948,-0.994778992,-9.0,-1.55293994,-8.99999431,0.495067808,-0.791174098,-0.120767573,-0.808234107
0.00373472948,-0.995400568,-9.0,-1.55293994,-8.99999431,0.495067808,-0.791174098,-0.120767573,-0.808234107
0.00373572948,-0.995982847,-9.0,-1.55293994,-8.99999431,0.495067808,-0.791174098,-0.120767573,-0.808234107
0.00373672948,-0.996525807,-9.0,-1.55293994,-8.99999431,0.495067808,-0.791174098,-0.120767573,-0.808234107
0.00373772948,-0.997029425,-9.0,-1.55293993,-8.99999431,0.495067808,-0.791174098,-0.120767573,-0.808234107
0.00373872948,-0.997493682,-9.0,-1.55293993,-8.99999431,0.495067808,-0.791174098,-0.120767573,-0.808234107
0.00373972948,-0.99791856,-9.0,-1.55293993,-8.99999431,0.495067808,-0.791174098,-0.120767573,-0.808234107
0.00374072948,-0.998304042,-9.0,-1.55293993,-8.99999431,0.495067808,-0.791174098,-0.120767573,-0.808234107
0.00374172948,-0.998650112,-9.0,-1.55293993,-8.99999431,0.495067808,-0.791174098,-0.120767573,-0.808234107
0.00374272948,-0.998956758,-9.0,-1.55293993,-8.99999431,0.495067808,-0.791174098,-0.120767573,-0.808234107
0.00374372948,-0.999223966,-9.0,-1.55293993,-8.99999431,0.495067807,-0.791174098,-0.120767573,-0.808234107
0.00374472948,-0.999451727,-9.0,-1.55293993,-8.99999431,0.495067807,-0.791174098,-0.120767573,-0.808234107
0.00374572948,-0.999640031,-9.0,-1.55293993,-8.99999431,0.495067807,-0.791174098,-0.120767573,-0.808234107
0.00374672948,-0.999788871,-9.0,-1.55293993,-8.99999431,0.495067807,-0.791174098,-0.120767573,-0.808234107
0.00374772948,-0.999898241,-9.0,-1.55293992,-8.99999431,0.495067807,-0.791174098,-0.120767573,-0.808234107
0.00374872948,-0.999968137,-9.0,-1.55293992,-8.99999431,0.495067807,-0.791174098,-0.120767573,-0.808234107
0.00374972948,-0.999998555,-9.0,-1.55293992,-8.99999431,0.495067807,-0.791174098,-0.120767573,-0.808234107
0.00375072948,-0.999989496,-9.0,-1.55293992,-8.99999431,0.495067807,-0.791174098,-0.120767573,-0.808234107
0.00375172948,-0.999940959,-9.0,-1.55293992,-8.99999431,0.495067807,-0.791174098,-0.120767573,-0.808234107
0.00375272948,-0.999852945,-9.0,-1.55293992,-8.99999431,0.495067807,-0.791174098,-0.120767573,-0.808234107
0.00375372948,-0.999725459,-9.0,-1.55293992,-8.99999431,0.495067807,-0.791174098,-0.120767573,-0.808234107
0.00375472948,-0.999558506,-9.0,-1.55293992,-8.99999431,0.495067806,-0.791174098,-0.120767573,-0.808234107
0.00375572948,-0.999352092,-9.0,-1.55293992,-8.99999431,0.495067806,-0.791174098,-0.120767573,-0.808234107
0.00375672948,-0.999106225,-9.0,-1.55293992,-8.99999431,0.495067806,-0.791174098,-0.120767573,-0.808234107
0.00375772948,-0.998820915,-9.0,-1.55293992,-8.99999431,0.495067806,-0.791174098,-0.120767573,-0.808234107
0.00375872948,-0.998496174,-9.0,-1.55293992,-8.99999431,0.495067806,-0.791174098,-0.120767573,-0.808234107
0.00375972948,-0.998132013,-9.0,-1.55293992,-8.99999431,0.495067806,-0.791174098,-0.120767573,-0.808234107
0.00376072948,-0.997728448,-9.0,-1.55293992,-8.99999431,0.495067806,-0.791174098,-0.120767573,-0.808234107
0.00376172948,-0.997285495,-9.0,-1.55293992,-8.99999431,0.495067806,-0.791174098,-0.120767573,-0.808234107
0.00376272948,-0.99680317,-9.0,-1.55293992,-8.99999431,0.495067806,-0.791174098,-0.120767573,-0.808234107
0.00376372948,-0.996281493,-9.0,-1.55293992,-8.99999431,0.495067806,-0.791174098,-0.120767573,-0.808234107
0.00376472948,-0.995720485,-9.0,-1.55293992,-8.99999431,0.495067806,-0.791174098,-0.120767573,-0.808234107
0.00376572948,-0.995120167,-9.0,-1.55293991,-8.99999431,0.495067805,-0.791174098,-0.120767573,-0.808234107
0.00376672948,-0.994480564,-9.0,-1.55293991,-8.99999431,0.495067805,-0.791174098,-0.120767573,-0.808234107
0.00376772948,-0.9938017,-9.0,-1.55293991,-8.99999431,0.495067805,-0.791174098,-0.120767573,-0.808234107
0.00376872948,-0.993083603,-9.0,-1.55293991,-8.99999431,0.495067805,-0.791174098,-0.120767573,-0.808234107
0.00376972948,-0.9923263,-9.0,-1.55293991,-8.99999431,0.495067805,-0.791174098,-0.120767573,-0.808234107
0.00377072948,-0.991529823,-9.0,-1.55293991,-8.99999431,0.495067805,-0.791174098,-0.120767573,-0.808234107
0.00377172948,-0.990694201,-9.0,-1.55293991,-8.99999431,0.495067805,-0.791174098,-0.120767573,-0.808234107
0.00377272948,-0.989819468,-9.0,-1.55293991,-8.99999431,0.495067805,-0.791174098,-0.120767573,-0.808234107
0.00377372948,-0.988905659,-9.0,-1.55293991,-8.99999431,0.495067805,-0.791174098,-0.120767573,-0.808234107
0.00377472948,-0.98795281,-9.0,-1.55293991,-8.99999431,0.495067805,-0.791174098,-0.120767573,-0.808234107
0.00377572948,-0.986960958,-9.0,-1.55293991,-8.99999431,0.495067805,-0.791174098,-0.120767573,-0.808234107
0.00377672948,-0.985930142,-9.0,-1.55293991,-8.99999431,0.495067804,-0.791174098,-0.120767573,-0.808234107
0.00377772948,-0.984860404,-9.0,-1.55293991,-8.99999431,0.495067804,-0.791174098,-0.120767573,-0.808234107
0.00377872948,-0.983751785,-9.0,-1.55293991,-8.99999431,0.495067804,-0.791174098,-0.120767573,-0.808234107
0.00377972948,-0.982604329,-9.0,-1.55293991,-8.99999431,0.495067804,-0.791174098,-0.120767573,-0.808234107
0.00378072948,-0.981418081,-9.0,-1.55293991,-8.99999431,0.495067804,-0.791174098,-0.120767573,-0.808234107
0.00378172948,-0.980193089,-9.0,-1.55293991,-8.99999431,0.495067804,-0.791174098,-0.120767573,-0.808234107
0.00378272948,-0.978929401,-9.0,-1.55293991,-8.99999431,0.495067804,-0.791174098,-0.120767573,-0.808234107
0.00378372948,-0.977627066,-9.0,-1.55293991,-8.99999431,0.495067804,-0.791174098,-0.120767573,-0.808234107
0.00378472948,-0.976286136,-9.0,-1.55293991,-8.99999431,0.495067804,-0.791174098,-0.120767573,-0.808234107
0.00378572948,-0.974906664,-9.0,-1.55293991,-8.99999431,0.495067804,-0.791174098,-0.120767573,-0.808234107
0.00378672948,-0.973488704,-9.0,-1.55293991,-8.99999431,0.495067804,-0.791174098,-0.120767573,-0.808234107
0.00378772948,-0.972032313,-9.0,-1.55293991,-8.99999431,0.495067803,-0.791174098,-0.120767573,-0.808234107
0.00378872948,-0.970537547,-9.0,-1.55293991,-8.99999431,0.495067803,-0.791174098,-0.120767573,-0.808234107
0.00378972948,-0.969004467,-9.0,-1.55293991,-8.99999431,0.495067803,-0.791174098,-0.120767573,-0.808234107
0.00379072948,-0.967433131,-9.0,-1.55293991,-8.99999431,0.495067803,-0.791174098,-0.120767573,-0.808234107
0.00379172948,-0.965823604,-9.0,-1.55293991,-8.99999431,0.495067803,-0.791174098,-0.120767573,-0.808234107
0.00379272948,-0.964175947,-9.0,-1.55293991,-8.99999431,0.495067803,-0.791174098,-0.120767573,-0.808234107
0.00379372948,-0.962490226,-9.0,-1.55293991,-8.99999431,0.495067803,-0.791174098,-0.120767573,-0.808234107
0.00379472948,-0.960766507,-9.0,-1.55293991,-8.99999431,0.495067803,-0.791174098,-0.120767573,-0.808234107
0.00379572948,-0.959004859,-9.0,-1.55293991,-8.99999431,0.495067803,-0.791174098,-0.120767573,-0.808234107
0.00379672948,-0.957205351,-9.0,-1.5529399,-8.99999431,0.495067803,-0.791174098,-0.120767573,-0.808234107
0.00379772948,-0.955368055,-9.0,-1.5529399,-8.99999431,0.495067803,-0.791174098,-0.120767573,-0.808234107
0.00379872948,-0.953493042,-9.0,-1.5529399,-8.99999431,0.495067802,-0.791174098,-0.120767573,-0.808234107
0.00379972948,-0.951580387,-9.0,-1.5529399,-8.99999431,0.495067802,-0.791174098,-0.120767573,-0.808234107
0.00380072948,-0.949630165,-9.0,-1.5529399,-8.99999431,0.495067802,-0.791174098,-0.120767573,-0.808234107
0.00380172948,-0.947642453,-9.0,-1.5529399,-8.99999431,0.495067802,-0.791174098,-0.120767573,-0.808234107
0.00380272948,-0.94561733,-9.0,-1.5529399,-8.99999431,0.495067802,-0.791174098,-0.120767573,-0.808234107
0.00380372948,-0.943554876,-9.0,-1.5529399,-8.99999431,0.495067802,-0.791174098,-0.120767573,-0.808234107
0.00380472948,-0.941455172,-9.0,-1.5529399,-8.99999431,0.495067802,-0.791174098,-0.120767573,-0.808234107
0.00380572948,-0.9393183,-9.0,-1.5529399,-8.99999431,0.495067802,-0.791174098,-0.120767573,-0.808234107
0.00380672948,-0.937144346,-9.0,-1.5529399,-8.99999431,0.495067802,-0.791174098,-0.120767573,-0.808234107
0.00380772948,-0.934933395,-9.0,-1.5529399,-8.99999431,0.495067802,-0.791174098,-0.120767573,-0.808234107
0.00380872948,-0.932685535,-9.0,-1.5529399,-8.99999431,0.495067802,-0.791174098,-0.120767573,-0.808234107
0.00380972948,-0.930400854,-9.0,-1.5529399,-8.99999431,0.495067802,-0.791174098,-0.120767573,-0.808234107
0.00381072948,-0.928079442,-9.0,-1.5529399,-8.99999431,0.495067801,-0.791174098,-0.120767573,-0.808234107
0.00381172948,-0.925721391,-9.0,-1.5529399,-8.99999431,0.495067801,-0.791174098,-0.120767573,-0.808234107
0.00381272948,-0.923326794,-9.0,-1.5529399,-8.99999431,0.495067801,-0.791174098,-0.120767573,-0.808234107
0.00381372948,-0.920895746,-9.0,-1.5529399,-8.99999431,0.495067801,-0.791174098,-0.120767573,-0.808234107
0.00381472948,-0.918428343,-9.0,-1.5529399,-8.99999431,0.495067801,-0.791174098,-0.120767573,-0.808234107
0.00381572948,-0.915924681,-9.0,-1.5529399,-8.99999431,0.495067801,-0.791174098,-0.120767573,-0.808234107
0.00381672948,-0.913384861,-9.0,-1.5529399,-8.99999431,0.495067801,-0.791174098,-0.120767573,-0.808234107
0.00381772948,-0.910808981,-9.0,-1.5529399,-8.99999431,0.495067801,-0.791174098,-0.120767573,-0.808234107
0.00381872948,-0.908197144,-9.0,-1.5529399,-8.99999431,0.495067801,-0.791174098,-0.120767573,-0.808234107
0.00381972948,-0.905549454,-9.0,-1.5529399,-8.99999431,0.495067801,-0.791174098,-0.120767573,-0.808234107
0.00382072948,-0.902866013,-9.0,-1.5529399,-8.99999431,0.495067801,-0.791174098,-0.120767573,-0.808234107
0.00382172948,-0.90014693,-9.0,-1.5529399,-8.99999431,0.4950678,-0.791174098,-0.120767573,-0.808234107
0.00382272948,-0.897392309,-9.0,-1.5529399,-8.99999431,0.4950678,-0.791174098,-0.120767573,-0.808234107
0.00382372948,-0.894602262,-9.0,-1.5529399,-8.99999431,0.4950678,-0.791174098,-0.120767573,-0.808234107
0.00382472948,-0.891776897,-9.0,-1.5529399,-8.99999431,0.4950678,-0.791174098,-0.120767573,-0.808234107
0.00382572948,-0.888916326,-9.0,-1.5529399,-8.99999431,0.4950678,-0.791174098,-0.120767573,-0.808234107
0.00382672948,-0.886020662,-9.0,-1.5529399,-8.99999431,0.4950678,-0.791174098,-0.120767573,-0.808234107
0.00382772948,-0.88309002,-9.0,-1.5529399,-8.99999431,0.4950678,-0.791174098,-0.120767573,-0.808234107
0.00382872948,-0.880124515,-9.0,-1.5529399,-8.99999431,0.4950678,-0.791174098,-0.120767573,-0.808234107
0.00382972948,-0.877124264,-9.0,-1.5529399,-8.99999431,0.4950678,-0.791174098,-0.120767573,-0.808234107
0.00383072948,-0.874089385,-9.0,-1.5529399,-8.99999431,0.4950678,-0.791174098,-0.120767573,-0.808234107
0.00383172948,-0.871019999,-9.0,-1.5529399,-8.99999431,0.4950678,-0.791174098,-0.120767573,-0.808234107
0.00383272948,-0.867916227,-9.0,-1.5529399,-8.99999431,0.4950678,-0.791174098,-0.120767573,-0.808234107
0.00383372948,-0.864778191,-9.0,-1.5529399,-8.99999431,0.495067799,-0.791174098,-0.120767573,-0.808234107
0.00383472948,-0.861606015,-9.0,-1.5529399,-8.99999431,0.495067799,-0.791174098,-0.120767573,-0.808234107
0.00383572948,-0.858399824,-9.0,-1.5529399,-8.99999431,0.495067799,-0.791174098,-0.120767573,-0.808234107
0.00383672948,-0.855159745,-9.0,-1.5529399,-8.99999431,0.495067799,-0.791174098,-0.120767573,-0.808234107
0.00383772948,-0.851885906,-9.0,-1.5529399,-8.99999431,0.495067799,-0.791174098,-0.120767573,-0.808234107
0.00383872948,-0.848578435,-9.0,-1.5529399,-8.99999431,0.495067799,-0.791174098,-0.120767573,-0.808234107
0.00383972948,-0.845237465,-9.0,-1.5529399,-8.99999431,0.495067799,-0.791174098,-0.120767573,-0.808234107
0.00384072948,-0.841863126,-9.0,-1.55293989,-8.99999431,0.495067799,-0.791174098,-0.120767573,-0.808234107
0.00384172948,-0.838455551,-9.0,-1.55293989,-8.99999431,0.495067799,-0.791174098,-0.120767573,-0.808234107
0.00384272948,-0.835014876,-9.0,-1.55293989,-8.99999431,0.495067799,-0.791174098,-0.120767573,-0.808234107
0.00384372948,-0.831541236,-9.0,-1.55293989,-8.99999431,0.495067799,-0.791174098,-0.120767573,-0.808234107
0.00384472948,-0.828034768,-9.0,-1.55293989,-8.99999431,0.495067799,-0.791174098,-0.120767573,-0.808234107
0.00384572948,-0.82449561,-9.0,-1.55293989,-8.99999431,0.495067798,-0.791174098,-0.120767573,-0.808234107
0.00384672948,-0.820923903,-9.0,-1.55293989,-8.99999431,0.495067798,-0.791174098,-0.120767573,-0.808234107
0.00384772948,-0.817319787,-9.0,-1.55293989,-8.99999431,0.495067798,-0.791174098,-0.120767573,-0.808234107
0.00384872948,-0.813683405,-9.0,-1.55293989,-8.99999431,0.495067798,-0.791174098,-0.120767573,-0.808234107
0.00384972948,-0.8100149,-9.0,-1.55293989,-8.99999431,0.495067798,-0.791174098,-0.120767573,-0.808234107
0.00385072948,-0.806314417,-9.0,-1.55293989,-8.99999431,0.495067798,-0.791174098,-0.120767573,-0.808234107
0.00385172948,-0.802582102,-9.0,-1.55293989,-8.99999431,0.495067798,-0.791174098,-0.120767573,-0.808234107
0.00385272948,-0.798818102,-9.0,-1.55293989,-8.99999431,0.495067798,-0.791174098,-0.120767573,-0.808234107
0.00385372948,-0.795022567,-9.0,-1.55293989,-8.99999431,0.495067798,-0.791174098,-0.120767573,-0.808234107
0.00385472948,-0.791195645,-9.0,-1.55293989,-8.99999431,0.495067798,-0.791174098,-0.120767573,-0.808234107
0.00385572948,-0.787337489,-9.0,-1.55293989,-8.99999431,0.495067798,-0.791174098,-0.120767573,-0.808234107
0.00385672948,-0.783448249,-9.0,-1.55293989,-8.99999431,0.495067798,-0.791174098,-0.120767573,-0.808234107
0.00385772948,-0.779528081,-9.0,-1.55293989,-8.99999431,0.495067797,-0.791174098,-0.120767573,-0.808234107
0.00385872948,-0.775577138,-9.0,-1.55293989,-8.99999431,0.495067797,-0.791174098,-0.120767573,-0.808234107
0.00385972948,-0.771595576,-9.0,-1.55293989,-8.99999431,0.495067797,-0.791174098,-0.120767573,-0.808234107
0.00386072948,-0.767583553,-9.0,-1.55293989,-8.99999431,0.495067797,-0.791174098,-0.120767573,-0.808234107
0.00386172948,-0.763541228,-9.0,-1.55293989,-8.99999431,0.495067797,-0.791174098,-0.120767573,-0.808234107
0.00386272948,-0.759468759,-9.0,-1.55293989,-8.99999431,0.495067797,-0.791174098,-0.120767573,-0.808234107
0.00386372948,-0.755366307,-9.0,-1.55293989,-8.99999431,0.495067797,-0.791174098,-0.120767573,-0.808234107
0.00386472948,-0.751234035,-9.0,-1.55293989,-8.99999431,0.495067797,-0.791174098,-0.120767573,-0.808234107
0.00386572948,-0.747072106,-9.0,-1.55293989,-8.99999431,0.495067797,-0.791174098,-0.120767573,-0.808234107
0.00386672948,-0.742880683,-9.0,-1.55293989,-8.99999431,0.495067797,-0.791174098,-0.120767573,-0.808234107
0.00386772948,-0.738659933,-9.0,-1.55293989,-8.99999431,0.495067797,-0.791174098,-0.120767573,-0.808234107
0.00386872948,-0.734410022,-9.0,-1.55293989,-8.99999431,0.495067797,-0.791174098,-0.120767573,-0.808234107
0.00386972948,-0.730131117,-9.0,-1.55293989,-8.99999431,0.495067797,-0.791174098,-0.120767573,-0.808234107
0.00387072948,-0.725823388,-9.0,-1.55293989,-8.99999431,0.495067796,-0.791174098,-0.120767573,-0.808234107
0.00387172948,-0.721487005,-9.0,-1.55293989,-8.99999431,0.495067796,-0.791174098,-0.120767573,-0.808234107
0.00387272948,-0.717122139,-9.0,-1.55293989,-8.99999431,0.495067796,-0.791174098,-0.120767573,-0.808234107
0.00387372948,-0.712728962,-9.0,-1.55293989,-8.99999431,0.495067796,-0.791174098,-0.120767573,-0.808234107
0.00387472948,-0.708307648,-9.0,-1.55293989,-8.99999431,0.495067796,-0.791174098,-0.120767573,-0.808234107
0.00387572948,-0.703858371,-9.0,-1.55293989,-8.99999431,0.495067796,-0.791174098,-0.120767573,-0.808234107
0.00387672948,-0.699381307,-9.0,-1.55293989,-8.99999431,0.495067796,-0.791174098,-0.120767573,-0.808234107
0.00387772948,-0.694876632,-9.0,-1.55293989,-8.99999431,0.495067796,-0.791174098,-0.120767573,-0.808234107
0.00387872948,-0.690344525,-9.0,-1.55293989,-8.99999431,0.495067796,-0.791174098,-0.120767573,-0.808234107
0.00387972948,-0.685785164,-9.0,-1.55293989,-8.99999431,0.495067796,-0.791174098,-0.120767573,-0.808234107
0.00388072948,-0.68119873,-9.0,-1.55293989,-8.99999431,0.495067796,-0.791174098,-0.120767573,-0.808234107
0.00388172948,-0.676585403,-9.0,-1.55293989,-8.99999431,0.495067796,-0.791174098,-0.120767573,-0.808234107
0.00388272948,-0.671945366,-9.0,-1.55293989,-8.99999431,0.495067796,-0.791174098,-0.120767573,-0.808234107
0.00388372948,-0.667278801,-9.0,-1.55293989,-8.99999431,0.495067795,-0.791174098,-0.120767573,-0.808234107
0.00388472948,-0.662585894,-9.0,-1.55293989,-8.99999431,0.495067795,-0.791174098,-0.120767573,-0.808234107
0.00388572948,-0.657866828,-9.0,-1.55293989,-8.99999431,0.495067795,-0.791174098,-0.120767573,-0.808234107
0.00388672948,-0.653121792,-9.0,-1.55293989,-8.99999431,0.495067795,-0.791174098,-0.120767573,-0.808234107
0.00388772948,-0.648350971,-9.0,-1.55293989,-8.99999431,0.495067795,-0.791174098,-0.120767573,-0.808234107
0.00388872948,-0.643554554,-9.0,-1.55293989,-8.99999431,0.495067795,-0.791174098,-0.120767573,-0.808234107
0.00388972948,-0.638732731,-9.0,-1.55293989,-8.99999431,0.495067795,-0.791174098,-0.120767573,-0.808234107
0.00389072948,-0.633885691,-9.0,-1.55293989,-8.99999431,0.495067795,-0.791174098,-0.120767573,-0.808234107
0.00389172948,-0.629013628,-9.0,-1.55293989,-8.99999431,0.495067795,-0.791174098,-0.120767573,-0.808234107
0.00389272948,-0.624116731,-9.0,-1.55293988,-8.99999431,0.495067795,-0.791174098,-0.120767573,-0.808234107
0.00389372948,-0.619195196,-9.0,-1.55293988,-8.99999431,0.495067795,-0.791174098,-0.120767573,-0.808234107
0.00389472948,-0.614249216,-9.0,-1.55293988,-8.99999431,0.495067795,-0.791174098,-0.120767573,-0.808234107
0.00389572948,-0.609278986,-9.0,-1.55293988,-8.99999431,0.495067795,-0.791174098,-0.120767573,-0.808234107
0.00389672948,-0.604284703,-9.0,-1.55293988,-8.99999431,0.495067794,-0.791174098,-0.120767573,-0.808234107
0.00389772948,-0.599266564,-9.0,-1.55293988,-8.99999431,0.495067794,-0.791174098,-0.120767573,-0.808234107
0.00389872948,-0.594224767,-9.0,-1.55293988,-8.99999431,0.495067794,-0.791174098,-0.120767573,-0.808234107
0.00389972948,-0.589159511,-9.0,-1.55293988,-8.99999431,0.495067794,-0.791174098,-0.120767573,-0.808234107
0.00390072948,-0.584070996,-9.0,-1.55293988,-8.99999431,0.495067794,-0.791174098,-0.120767573,-0.808234107
0.00390172948,-0.578959423,-9.0,-1.55293988,-8.99999431,0.495067794,-0.791174098,-0.120767573,-0.808234107
0.00390272948,-0.573824993,-9.0,-1.55293988,-8.99999431,0.495067794,-0.791174098,-0.120767573,-0.808234107
0.00390372948,-0.56866791,-9.0,-1.55293988,-8.99999431,0.495067794,-0.791174098,-0.120767573,-0.808234107
0.00390472948,-0.563488377,-9.0,-1.55293988,-8.99999431,0.495067794,-0.791174098,-0.120767573,-0.808234107
0.00390572948,-0.558286598,-9.0,-1.55293988,-8.99999431,0.495067794,-0.791174098,-0.120767573,-0.808234107
0.00390672948,-0.553062779,-9.0,-1.55293988,-8.99999431,0.495067794,-0.791174098,-0.120767573,-0.808234107
0.00390772948,-0.547817126,-9.0,-1.55293988,-8.99999431,0.495067794,-0.791174098,-0.120767573,-0.808234107
0.00390872948,-0.542549846,-9.0,-1.55293988,-8.99999431,0.495067794,-0.791174098,-0.120767573,-0.808234107
0.00390972948,-0.537261147,-9.0,-1.55293988,-8.99999431,0.495067794,-0.791174098,-0.120767573,-0.808234107
0.00391072948,-0.531951239,-9.0,-1.55293988,-8.99999431,0.495067793,-0.791174098,-0.120767573,-0.808234107
0.00391172948,-0.526620329,-9.0,-1.55293988,-8.99999431,0.495067793,-0.791174098,-0.120767573,-0.808234107
0.00391272948,-0.52126863,-9.0,-1.55293988,-8.99999431,0.495067793,-0.791174098,-0.120767573,-0.808234107
0.00391372948,-0.515896351,-9.0,-1.55293988,-8.99999431,0.495067793,-0.791174098,-0.120767573,-0.808234107
0.00391472948,-0.510503706,-9.0,-1.55293988,-8.99999431,0.495067793,-0.791174098,-0.120767573,-0.808234107
0.00391572948,-0.505090908,-9.0,-1.55293988,-8.99999431,0.495067793,-0.791174098,-0.120767573,-0.808234107
0.00391672948,-0.499658169,-9.0,-1.55293988,-8.99999431,0.495067793,-0.791174098,-0.120767573,-0.808234107
0.00391772948,-0.494205704,-9.0,-1.55293988,-8.99999431,0.495067793,-0.791174098,-0.120767573,-0.808234107
0.00391872948,-0.488733729,-9.0,-1.55293988,-8.99999431,0.495067793,-0.791174098,-0.120767573,-0.808234107
0.00391972948,-0.48324246,-9.0,-1.55293988,-8.99999431,0.495067793,-0.791174098,-0.120767574,-0.808234107
0.00392072948,-0.477732113,-9.0,-1.55293988,-8.99999431,0.495067793,-0.791174098,-0.120767574,-0.808234107
0.00392172948,-0.472202906,-9.0,-1.55293988,-8.99999431,0.495067793,-0.791174098,-0.120767574,-0.808234107
0.00392272948,-0.466655057,-9.0,-1.55293988,-8.99999431,0.495067793,-0.791174098,-0.120767574,-0.808234107
0.00392372948,-0.461088786,-9.0,-1.55293988,-8.99999431,0.495067793,-0.791174098,-0.120767574,-0.808234107
0.00392472948,-0.455504311,-9.0,-1.55293988,-8.99999431,0.495067793,-0.791174098,-0.120767574,-0.808234107
0.00392572948,-0.449901854,-9.0,-1.55293988,-8.99999431,0.495067792,-0.791174098,-0.120767574,-0.808234107
0.00392672948,-0.444281636,-9.0,-1.55293988,-8.99999431,0.495067792,-0.791174098,-0.120767574,-0.808234107
0.00392772948,-0.438643878,-9.0,-1.55293988,-8.99999431,0.495067792,-0.791174098,-0.120767574,-0.808234107
0.00392872948,-0.432988803,-9.0,-1.55293988,-8.99999431,0.495067792,-0.791174098,-0.120767574,-0.808234107
0.00392972948,-0.427316635,-9.0,-1.55293988,-8.99999431,0.495067792,-0.791174098,-0.120767574,-0.808234107
0.00393072948,-0.421627597,-9.0,-1.55293988,-8.99999431,0.495067792,-0.791174098,-0.120767574,-0.808234107
0.00393172948,-0.415921914,-9.0,-1.55293988,-8.99999431,0.495067792,-0.791174098,-0.120767574,-0.808234107
0.00393272948,-0.41019981,-9.0,-1.55293988,-8.99999431,0.495067792,-0.791174098,-0.120767574,-0.808234107
0.00393372948,-0.404461513,-9.0,-1.55293988,-8.99999431,0.495067792,-0.791174098,-0.120767574,-0.808234107
0.00393472948,-0.398707249,-9.0,-1.55293988,-8.99999431,0.495067792,-0.791174098,-0.120767574,-0.808234107
0.00393572948,-0.392937244,-9.0,-1.55293988,-8.99999431,0.495067792,-0.791174098,-0.120767574,-0.808234107
0.00393672948,-0.387151727,-9.0,-1.55293988,-8.99999431,0.495067792,-0.791174098,-0.120767574,-0.808234107
0.00393772948,-0.381350925,-9.0,-1.55293988,-8.99999431,0.495067792,-0.791174098,-0.120767574,-0.808234107
0.00393872948,-0.375535069,-9.0,-1.55293988,-8.99999431,0.495067792,-0.791174098,-0.120767574,-0.808234107
0.00393972948,-0.369704387,-9.0,-1.55293988,-8.99999431,0.495067792,-0.791174098,-0.120767574,-0.808234107
0.00394072948,-0.363859109,-9.0,-1.55293988,-8.99999431,0.495067792,-0.791174098,-0.120767574,-0.808234107
0.00394172948,-0.357999467,-9.0,-1.55293988,-8.99999431,0.495067791,-0.791174098,-0.120767574,-0.808234107
0.00394272948,-0.352125692,-9.0,-1.55293988,-8.99999431,0.495067791,-0.791174098,-0.120767574,-0.808234107
0.00394372948,-0.346238016,-9.0,-1.55293988,-8.99999431,0.495067791,-0.791174098,-0.120767574,-0.808234107
0.00394472948,-0.340336671,-9.0,-1.55293988,-8.99999431,0.495067791,-0.791174098,-0.120767574,-0.808234107
0.00394572948,-0.33442189,-9.0,-1.55293988,-8.99999431,0.495067791,-0.791174098,-0.120767574,-0.808234107
0.00394672948,-0.328493906,-9.0,-1.55293988,-8.99999431,0.495067791,-0.791174098,-0.120767574,-0.808234107
0.00394772948,-0.322552954,-9.0,-1.55293988,-8.99999431,0.495067791,-0.791174098,-0.120767574,-0.808234107
0.00394872948,-0.316599268,-9.0,-1.55293988,-8.99999431,0.495067791,-0.791174098,-0.120767574,-0.808234107
0.00394972948,-0.310633084,-9.0,-1.55293988,-8.99999431,0.495067791,-0.791174098,-0.120767574,-0.808234107
0.00395072948,-0.304654636,-9.0,-1.55293988,-8.99999431,0.495067791,-0.791174098,-0.120767574,-0.808234107
0.00395172948,-0.298664161,-9.0,-1.55293988,-8.99999431,0.495067791,-0.791174098,-0.120767574,-0.808234107
0.00395272948,-0.292661895,-9.0,-1.55293988,-8.99999431,0.495067791,-0.791174098,-0.120767574,-0.808234107
0.00395372948,-0.286648076,-9.0,-1.55293988,-8.99999431,0.495067791,-0.791174098,-0.120767574,-0.808234107
0.00395472948,-0.28062294,-9.0,-1.55293988,-8.99999431,0.495067791,-0.791174098,-0.120767574,-0.808234107
0.00395572948,-0.274586725,-9.0,-1.55293988,-8.99999431,0.495067791,-0.791174098,-0.120767574,-0.808234107
0.00395672948,-0.26853967,-9.0,-1.55293988,-8.99999431,0.495067791,-0.791174098,-0.120767574,-0.808234107
0.00395772948,-0.262482014,-9.0,-1.55293988,-8.99999431,0.49506779,-0.791174098,-0.120767574,-0.808234107
0.00395872948,-0.256413996,-9.0,-1.55293988,-8.99999431,0.49506779,-0.791174098,-0.120767574,-0.808234107
0.00395972948,-0.250335854,-9.0,-1.55293988,-8.99999431,0.49506779,-0.791174098,-0.120767574,-0.808234107
0.00396072948,-0.24424783,-9.0,-1.55293988,-8.99999431,0.49506779,-0.791174098,-0.120767574,-0.808234107
0.00396172948,-0.238150164,-9.0,-1.55293988,-8.99999431,0.49506779,-0.791174098,-0.120767574,-0.808234107
0.00396272948,-0.232043095,-9.0,-1.55293988,-8.99999431,0.49506779,-0.791174098,-0.120767574,-0.808234107
0.00396372948,-0.225926866,-9.0,-1.55293988,-8.99999431,0.49506779,-0.791174098,-0.120767574,-0.808234107
0.00396472948,-0.219801718,-9.0,-1.55293988,-8.99999431,0.49506779,-0.791174098,-0.120767574,-0.808234107
0.00396572948,-0.213667892,-9.0,-1.55293988,-8.99999431,0.49506779,-0.791174098,-0.120767574,-0.808234107
0.00396672948,-0.207525631,-9.0,-1.55293988,-8.99999431,0.49506779,-0.791174098,-0.120767574,-0.808234107
0.00396772948,-0.201375178,-9.0,-1.55293988,-8.99999431,0.49506779,-0.791174098,-0.120767574,-0.808234107
0.00396872948,-0.195216774,-9.0,-1.55293988,-8.99999431,0.49506779,-0.791174098,-0.120767574,-0.808234107
0.00396972948,-0.189050664,-9.0,-1.55293988,-8.99999431,0.49506779,-0.791174098,-0.120767574,-0.808234107
0.00397072948,-0.18287709,-9.0,-1.55293988,-8.99999431,0.49506779,-0.791174098,-0.120767574,-0.808234107
0.00397172948,-0.176696296,-9.0,-1.55293988,-8.99999431,0.49506779,-0.791174098,-0.120767574,-0.808234107
0.00397272948,-0.170508527,-9.0,-1.55293988,-8.99999431,0.49506779,-0.791174098,-0.120767574,-0.808234107
0.00397372948,-0.164314026,-9.0,-1.55293988,-8.99999431,0.49506779,-0.791174098,-0.120767574,-0.808234107
0.00397472948,-0.158113039,-9.0,-1.55293988,-8.99999431,0.49506779,-0.791174098,-0.120767574,-0.808234107
0.00397572948,-0.15190581,-9.0,-1.55293988,-8.99999431,0.49506779,-0.791174098,-0.120767574,-0.808234107
0.00397672948,-0.145692583,-9.0,-1.55293988,-8.99999431,0.495067789,-0.791174098,-0.120767574,-0.808234107
0.00397772948,-0.139473605,-9.0,-1.55293988,-8.99999431,0.495067789,-0.791174098,-0.120767574,-0.808234107
0.00397872948,-0.133249121,-9.0,-1.55293987,-8.99999431,0.495067789,-0.791174098,-0.120767574,-0.808234107
0.00397972948,-0.127019376,-9.0,-1.55293987,-8.99999431,0.495067789,-0.791174098,-0.120767574,-0.808234107
0.00398072948,-0.120784617,-9.0,-1.55293987,-8.99999431,0.495067789,-0.791174098,-0.120767574,-0.808234107
0.00398172948,-0.114545089,-9.0,-1.55293987,-8.99999431,0.495067789,-0.791174098,-0.120767574,-0.808234107
0.00398272948,-0.10830104,-9.0,-1.55293987,-8.99999431,0.495067789,-0.791174098,-0.120767574,-0.808234107
0.00398372948,-0.102052714,-9.0,-1.55293987,-8.99999431,0.495067789,-0.791174098,-0.120767574,-0.808234107
0.00398472948,-0.0958003604,-9.0,-1.55293987,-8.99999431,0.495067789,-0.791174098,-0.120767574,-0.808234107
0.00398572948,-0.0895442243,-9.0,-1.55293987,-8.99999431,0.495067789,-0.791174098,-0.120767574,-0.808234107
0.00398672948,-0.0832845531,-9.0,-1.55293987,-8.99999431,0.495067789,-0.791174098,-0.120767574,-0.808234107
0.00398772948,-0.0770215941,-9.0,-1.55293987,-8.99999431,0.495067789,-0.791174098,-0.120767574,-0.808234107
0.00398872948,-0.0707555943,-9.0,-1.55293987,-8.99999431,0.495067789,-0.791174098,-0.120767574,-0.808234107
0.00398972948,-0.0644868012,-9.0,-1.55293987,-8.99999431,0.495067789,-0.791174098,-0.120767574,-0.808234107
0.00399072948,-0.0582154624,-9.0,-1.55293987,-8.99999431,0.495067789,-0.791174098,-0.120767574,-0.808234107
0.00399172948,-0.0519418252,-9.0,-1.55293987,-8.99999431,0.495067789,-0.791174098,-0.120767574,-0.808234107
0.00399272948,-0.0456661375,-9.0,-1.55293987,-8.99999431,0.495067789,-0.791174098,-0.120767574,-0.808234107
0.00399372948,-0.039388647,-9.0,-1.55293987,-8.99999431,0.495067789,-0.791174098,-0.120767574,-0.808234107
0.00399472948,-0.0331096014,-9.0,-1.55293987,-8.99999431,0.495067789,-0.791174098,-0.120767574,-0.808234107
0.00399572948,-0.0268292488,-9.0,-1.55293987,-8.99999431,0.495067789,-0.791174098,-0.120767574,-0.808234107
0.00399672948,-0.020547837,-9.0,-1.55293987,-8.99999431,0.495067788,-0.791174098,-0.120767574,-0.808234107
0.00399772948,-0.014265614,-9.0,-1.55293987,-8.99999431,0.495067788,-0.791174098,-0.120767574,-0.808234107
0.00399872948,-0.00798282778,-9.0,-1.55293987,-8.99999431,0.495067788,-0.791174098,-0.120767574,-0.808234107
0.00399972948,-0.00169972644,-9.0,-1.55293987,-8.99999431,0.495067788,-0.791174098,-0.120767574,-0.808234107
0.00400072948,0.004583442,-9.0,-1.55293987,-8.99999431,0.495067788,-0.791174098,-0.120767574,-0.808234107
0.00400172948,0.0108664295,-9.0,-1.55293987,-8.99999431,0.495067788,-0.791174098,-0.120767574,-0.808234107
0.00400272948,0.017148988,-9.0,-1.55293987,-8.99999431,0.495067788,-0.791174098,-0.120767574,-0.808234107
0.00400372948,0.0234308695,-9.0,-1.55293987,-8.99999431,0.495067788,-0.791174098,-0.120767574,-0.808234107
0.00400472948,0.029711826,-9.0,-1.55293987,-8.99999431,0.495067788,-0.791174098,-0.120767574,-0.808234107
0.00400572948,0.0359916095,-9.0,-1.55293987,-8.99999431,0.495067788,-0.791174098,-0.120767574,-0.808234107
0.00400672948,0.0422699721,-9.0,-1.55293987,-8.99999431,0.495067788,-0.791174098,-0.120767574,-0.808234107
0.00400772948,0.048546666,-9.0,-1.55293987,-8.99999431,0.495067788,-0.791174098,-0.120767574,-0.808234107
0.00400872948,0.0548214433,-9.0,-1.55293987,-8.99999431,0.495067788,-0.791174098,-0.120767574,-0.808234107
0.00400972948,0.0610940564,-9.0,-1.55293987,-8.99999431,0.495067788,-0.791174098,-0.120767574,-0.808234107
0.00401072948,0.0673642576,-9.0,-1.55293987,-8.99999431,0.495067788,-0.791174098,-0.120767574,-0.808234107
0.00401172948,0.0736317994,-9.0,-1.55293987,-8.99999431,0.495067788,-0.791174098,-0.120767574,-0.808234107
0.00401272948,0.0798964343,-9.0,-1.55293987,-8.99999431,0.495067788,-0.791174098,-0.120767574,-0.808234107
0.00401372948,0.086157915,-9.0,-1.55293987,-8.99999431,0.495067788,-0.791174098,-0.120767574,-0.808234107
0.00401472948,0.0924159944,-9.0,-1.55293987,-8.99999431,0.495067788,-0.791174098,-0.120767574,-0.808234107
0.00401572948,0.0986704253,-9.0,-1.55293987,-8.99999431,0.495067788,-0.791174098,-0.120767574,-0.808234107
0.00401672948,0.104920961,-9.0,-1.55293987,-8.99999431,0.495067788,-0.791174098,-0.120767574,-0.808234107
0.00401772948,0.111167354,-9.0,-1.55293987,-8.99999431,0.495067788,-0.791174098,-0.120767574,-0.808234107
0.00401872948,0.117409359,-9.0,-1.55293987,-8.99999431,0.495067788,-0.791174098,-0.120767574,-0.808234107
0.00401972948,0.123646729,-9.0,-1.55293987,-8.99999431,0.495067787,-0.791174098,-0.120767574,-0.808234107
0.00402072948,0.129879217,-9.0,-1.55293987,-8.99999431,0.495067787,-0.791174098,-0.120767574,-0.808234107
0.00402172948,0.136106578,-9.0,-1.55293987,-8.99999431,0.495067787,-0.791174098,-0.120767574,-0.808234107
0.00402272948,0.142328566,-9.0,-1.55293987,-8.99999431,0.495067787,-0.791174098,-0.120767574,-0.808234107
0.00402372948,0.148544935,-9.0,-1.55293987,-8.99999431,0.495067787,-0.791174098,-0.120767574,-0.808234107
0.00402472948,0.154755439,-9.0,-1.55293987,-8.99999431,0.495067787,-0.791174098,-0.120767574,-0.808234107
0.00402572948,0.160959834,-9.0,-1.55293987,-8.99999431,0.495067787,-0.791174098,-0.120767574,-0.808234107
0.00402672948,0.167157875,-9.0,-1.55293987,-8.99999431,0.495067787,-0.791174098,-0.120767574,-0.808234107
0.00402772948,0.173349316,-9.0,-1.55293987,-8.99999431,0.495067787,-0.791174098,-0.120767574,-0.808234107
0.00402872948,0.179533914,-9.0,-1.55293987,-8.99999431,0.495067787,-0.791174098,-0.120767574,-0.808234107
0.00402972948,0.185711424,-9.0,-1.55293987,-8.99999431,0.495067787,-0.791174098,-0.120767574,-0.808234107
0.00403072948,0.191881603,-9.0,-1.55293987,-8.99999431,0.495067787,-0.791174098,-0.120767574,-0.808234107
0.00403172948,0.198044206,-9.0,-1.55293987,-8.99999431,0.495067787,-0.791174098,-0.120767574,-0.808234107
0.00403272948,0.204198992,-9.0,-1.55293987,-8.99999431,0.495067787,-0.791174098,-0.120767574,-0.808234107
0.00403372948,0.210345715,-9.0,-1.55293987,-8.99999431,0.495067787,-0.791174098,-0.120767574,-0.808234107
0.00403472948,0.216484135,-9.0,-1.55293987,-8.99999431,0.495067787,-0.791174098,-0.120767574,-0.808234107
0.00403572948,0.222614008,-9.0,-1.55293987,-8.99999431,0.495067787,-0.791174098,-0.120767574,-0.808234107
0.00403672948,0.228735093,-9.0,-1.55293987,-8.99999431,0.495067787,-0.791174098,-0.120767574,-0.808234107
0.00403772948,0.234847147,-9.0,-1.55293987,-8.99999431,0.495067787,-0.791174098,-0.120767574,-0.808234107
0.00403872948,0.240949931,-9.0,-1.55293987,-8.99999431,0.495067787,-0.791174098,-0.120767574,-0.808234107
0.00403972948,0.247043202,-9.0,-1.55293987,-8.99999431,0.495067787,-0.791174098,-0.120767575,-0.808234107
0.00404072948,0.25312672,-9.0,-1.55293987,-8.99999431,0.495067787,-0.791174098,-0.120767575,-0.808234107
0.00404172948,0.259200245,-9.0,-1.55293987,-8.99999431,0.495067787,-0.791174098,-0.120767575,-0.808234107
0.00404272948,0.265263537,-9.0,-1.55293987,-8.99999431,0.495067787,-0.791174098,-0.120767575,-0.808234107
0.00404372948,0.271316357,-9.0,-1.55293987,-8.99999431,0.495067787,-0.791174098,-0.120767575,-0.808234107
0.00404472948,0.277358466,-9.0,-1.55293987,-8.99999431,0.495067787,-0.791174098,-0.120767575,-0.808234107
0.00404572948,0.283389626,-9.0,-1.55293987,-8.99999431,0.495067787,-0.791174098,-0.120767575,-0.808234107
0.00404672948,0.289409598,-9.0,-1.55293987,-8.99999431,0.495067787,-0.791174098,-0.120767575,-0.808234107
0.00404772948,0.295418144,-9.0,-1.55293987,-8.99999431,0.495067786,-0.791174098,-0.120767575,-0.808234107
0.00404872948,0.301415028,-9.0,-1.55293987,-8.99999431,0.495067786,-0.791174098,-0.120767575,-0.808234107
0.00404972948,0.307400012,-9.0,-1.55293987,-8.99999431,0.495067786,-0.791174098,-0.120767575,-0.808234107
0.00405072948,0.313372861,-9.0,-1.55293987,-8.99999431,0.495067786,-0.791174098,-0.120767575,-0.808234107
0.00405172948,0.319333338,-9.0,-1.55293987,-8.99999431,0.495067786,-0.791174098,-0.120767575,-0.808234107
0.00405272948,0.325281209,-9.0,-1.55293987,-8.99999431,0.495067786,-0.791174098,-0.120767575,-0.808234107
0.00405372948,0.331216238,-9.0,-1.55293987,-8.99999431,0.495067786,-0.791174098,-0.120767575,-0.808234107
0.00405472948,0.337138191,-9.0,-1.55293987,-8.99999431,0.495067786,-0.791174098,-0.120767575,-0.808234107
0.00405572948,0.343046835,-9.0,-1.55293987,-8.99999431,0.495067786,-0.791174098,-0.120767575,-0.808234107
0.00405672948,0.348941935,-9.0,-1.55293987,-8.99999431,0.495067786,-0.791174098,-0.120767575,-0.808234107
0.00405772948,0.35482326,-9.0,-1.55293987,-8.99999431,0.495067786,-0.791174098,-0.120767575,-0.808234107
0.00405872948,0.360690577,-9.0,-1.55293988,-8.99999431,0.495067786,-0.791174098,-0.120767575,-0.808234107
0.00405972948,0.366543655,-9.0,-1.55293988,-8.99999431,0.495067786,-0.791174098,-0.120767575,-0.808234107
0.00406072948,0.372382262,-9.0,-1.55293988,-8.99999431,0.495067786,-0.791174098,-0.120767575,-0.808234107
0.00406172948,0.378206169,-9.0,-1.55293988,-8.99999431,0.495067786,-0.791174098,-0.120767575,-0.808234107
0.00406272948,0.384015144,-9.0,-1.55293988,-8.99999431,0.495067786,-0.791174098,-0.120767575,-0.808234107
0.00406372948,0.389808959,-9.0,-1.55293988,-8.99999431,0.495067786,-0.791174098,-0.120767575,-0.808234107
0.00406472948,0.395587385,-9.0,-1.55293988,-8.99999431,0.495067786,-0.791174098,-0.120767575,-0.808234107
0.00406572948,0.401350194,-9.0,-1.55293988,-8.99999431,0.495067786,-0.791174098,-0.120767575,-0.808234107
0.00406672948,0.407097158,-9.0,-1.55293988,-8.99999431,0.495067786,-0.791174098,-0.120767575,-0.808234107
0.00406772948,0.412828051,-9.0,-1.55293988,-8.99999431,0.495067786,-0.791174098,-0.120767575,-0.808234107
0.00406872948,0.418542646,-9.0,-1.55293988,-8.99999431,0.495067786,-0.791174098,-0.120767575,-0.808234107
0.00406972948,0.424240718,-9.0,-1.55293988,-8.99999431,0.495067786,-0.791174098,-0.120767575,-0.808234107
0.00407072948,0.429922041,-9.0,-1.55293988,-8.99999431,0.495067786,-0.791174098,-0.120767575,-0.808234107
0.00407172948,0.435586392,-9.0,-1.55293988,-8.99999431,0.495067786,-0.791174098,-0.120767575,-0.808234107
0.00407272948,0.441233547,-9.0,-1.55293988,-8.99999431,0.495067786,-0.791174098,-0.120767575,-0.808234107
0.00407372948,0.446863282,-9.0,-1.55293988,-8.99999431,0.495067786,-0.791174098,-0.120767575,-0.808234107
0.00407472948,0.452475377,-9.0,-1.55293988,-8.99999431,0.495067786,-0.791174098,-0.120767575,-0.808234107
0.00407572948,0.458069608,-9.0,-1.55293988,-8.99999431,0.495067786,-0.791174098,-0.120767575,-0.808234107
0.00407672948,0.463645755,-9.0,-1.55293988,-8.99999431,0.495067786,-0.791174098,-0.120767575,-0.808234107
0.00407772948,0.469203598,-9.0,-1.55293988,-8.99999431,0.495067786,-0.791174098,-0.120767575,-0.808234107
0.00407872948,0.474742919,-9.0,-1.55293988,-8.99999431,0.495067786,-0.791174098,-0.120767575,-0.808234107
0.00407972948,0.480263497,-9.0,-1.55293988,-8.99999431,0.495067786,-0.791174098,-0.120767575,-0.808234107
0.00408072948,0.485765115,-9.0,-1.55293988,-8.99999431,0.495067786,-0.791174098,-0.120767575,-0.808234107
0.00408172948,0.491247555,-9.0,-1.55293988,-8.99999431,0.495067786,-0.791174098,-0.120767575,-0.808234107
0.00408272948,0.496710603,-9.0,-1.55293987,-8.99999431,0.495067786,-0.791174098,-0.120767575,-0.808234107
0.00408372948,0.502154041,-9.0,-1.55293987,-8.99999431,0.495067786,-0.791174098,-0.120767575,-0.808234107
0.00408472948,0.507577654,-9.0,-1.55293987,-8.99999431,0.495067785,-0.791174098,-0.120767575,-0.808234107
0.00408572948,0.51298123,-9.0,-1.55293987,-8.99999431,0.495067785,-0.791174098,-0.120767575,-0.808234107
0.00408672948,0.518364554,-9.0,-1.55293987,-8.99999431,0.495067785,-0.791174098,-0.120767575,-0.808234107
0.00408772948,0.523727414,-9.0,-1.55293987,-8.99999431,0.495067785,-0.791174098,-0.120767575,-0.808234107
0.00408872948,0.529069597,-9.0,-1.55293987,-8.99999431,0.495067785,-0.791174098,-0.120767575,-0.808234107
0.00408972948,0.534390894,-9.0,-1.55293987,-8.99999431,0.495067785,-0.791174098,-0.120767575,-0.808234107
0.00409072948,0.539691095,-9.0,-1.55293987,-8.99999431,0.495067785,-0.791174098,-0.120767575,-0.808234107
0.00409172948,0.544969989,-9.0,-1.55293986,-8.99999431,0.495067785,-0.791174098,-0.120767575,-0.808234107
0.00409272948,0.550227369,-9.0,-1.55293986,-8.99999431,0.495067785,-0.791174098,-0.120767575,-0.808234107
0.00409372948,0.555463026,-9.0,-1.55293986,-8.99999431,0.495067785,-0.791174098,-0.120767575,-0.808234107
0.00409472948,0.560676755,-9.0,-1.55293985,-8.99999431,0.495067785,-0.791174098,-0.120767575,-0.808234107
0.00409572948,0.56586835,-9.0,-1.55293985,-8.99999431,0.495067785,-0.791174098,-0.120767575,-0.808234107
0.00409672948,0.571037604,-9.0,-1.55293984,-8.99999431,0.495067785,-0.791174098,-0.120767575,-0.808234107
0.00409772948,0.576184316,-9.0,-1.55293983,-8.99999431,0.495067785,-0.791174098,-0.120767575,-0.808234107
0.00409872948,0.58130828,-9.0,-1.55293982,-8.99999431,0.495067785,-0.791174098,-0.120767575,-0.808234107
0.00409972948,0.586409296,-9.0,-1.55293981,-8.99999431,0.495067785,-0.791174098,-0.120767575,-0.808234107
0.00410072948,0.591487161,-9.0,-1.55293979,-8.99999431,0.495067785,-0.791174098,-0.120767576,-0.808234107
0.00410172948,0.596541675,-9.0,-1.55293978,-8.99999431,0.495067785,-0.791174098,-0.120767576,-0.808234107
0.00410272948,0.601572638,-9.0,-1.55293975,-8.99999431,0.495067785,-0.791174098,-0.120767576,-0.808234107
0.00410372948,0.606579853,-9.0,-1.55293973,-8.99999431,0.495067785,-0.791174098,-0.120767576,-0.808234108
0.00410472948,0.611563121,-9.0,-1.5529397,-8.99999431,0.495067785,-0.791174098,-0.120767576,-0.808234108
0.00410572948,0.616522245,-9.0,-1.55293966,-8.99999431,0.495067785,-0.791174098,-0.120767576,-0.808234108
0.00410672948,0.621457031,-9.0,-1.55293961,-8.99999431,0.495067785,-0.791174098,-0.120767577,-0.808234108
0.00410772948,0.626367282,-9.0,-1.55293955,-8.99999431,0.495067785,-0.791174098,-0.120767577,-0.808234108
0.00410872948,0.631252805,-9.0,-1.55293948,-8.99999431,0.495067786,-0.791174098,-0.120767578,-0.808234109
0.00410972948,0.636113407,-9.0,-1.5529394,-8.99999431,0.495067786,-0.791174098,-0.120767578,-0.808234109
0.00411072948,0.640948897,-9.0,-1.55293931,-8.99999431,0.495067786,-0.791174098,-0.120767579,-0.80823411
0.00411172948,0.645759083,-9.0,-1.55293919,-8.99999431,0.495067786,-0.791174098,-0.120767579,-0.80823411
0.00411272948,0.650543776,-9.0,-1.55293905,-8.99999431,0.495067786,-0.791174098,-0.12076758,-0.808234111
0.00411372948,0.655302786,-9.0,-1.55293888,-8.99999431,0.495067786,-0.791174098,-0.120767581,-0.808234112
0.00411472948,0.660035926,-9.0,-1.55293868,-8.99999431,0.495067787,-0.791174098,-0.120767583,-0.808234113
0.00411572948,0.664743009,-9.0,-1.55293844,-8.99999431,0.495067787,-0.791174098,-0.120767584,-0.808234114
0.00411672948,0.66942385,-9.0,-1.55293815,-8.99999431,0.495067787,-0.791174098,-0.120767586,-0.808234115
0.00411772948,0.674078262,-9.0,-1.55293781,-8.99999431,0.495067788,-0.791174098,-0.120767588,-0.808234117
0.00411872948,0.678706063,-9.0,-1.5529374,-8.99999431,0.495067788,-0.791174098,-0.120767591,-0.808234119
0.00411972948,0.68330707,-9.0,-1.55293692,-8.99999431,0.495067789,-0.791174097,-0.120767594,-0.808234121
0.00412072948,0.687881101,-9.0,-1.55293634,-8.99999431,0.49506779,-0.791174097,-0.120767598,-0.808234123
0.00412172948,0.692427976,-9.0,-1.55293566,-8.99999431,0.495067791,-0.791174097,-0.120767602,-0.808234127
0.00412272948,0.696947514,-9.0,-1.55293485,-8.99999431,0.495067792,-0.791174097,-0.120767607,-0.80823413
0.00412372948,0.701439539,-9.0,-1.5529339,-8.99999431,0.495067794,-0.791174097,-0.120767613,-0.808234135
0.00412472948,0.705903872,-9.0,-1.55293277,-8.99999431,0.495067795,-0.791174096,-0.120767621,-0.80823414
0.00412572948,0.710340337,-9.0,-1.55293144,-8.99999431,0.495067797,-0.791174096,-0.120767629,-0.808234146
0.00412672948,0.714748759,-9.0,-1.55292987,-8.99999431,0.4950678,-0.791174096,-0.120767639,-0.808234153
0.00412772948,0.719128964,-9.0,-1.55292801,-8.99999431,0.495067802,-0.791174095,-0.120767651,-0.808234162
0.00412872948,0.723480778,-9.0,-1.55292584,-8.99999431,0.495067806,-0.791174095,-0.120767665,-0.808234172
0.00412972948,0.727804032,-9.0,-1.55292328,-8.99999431,0.49506781,-0.791174094,-0.120767682,-0.808234184
0.00413072948,0.732098552,-9.0,-1.55292028,-8.99999431,0.495067814,-0.791174094,-0.120767701,-0.808234197
0.00413172948,0.736364171,-9.0,-1.55291676,-8.99999431,0.49506782,-0.791174093,-0.120767723,-0.808234214
0.00413272948,0.740600719,-9.0,-1.55291264,-8.99999431,0.495067826,-0.791174092,-0.12076775,-0.808234232
0.00413372948,0.74480803,-9.0,-1.55290783,-8.99999431,0.495067834,-0.791174091,-0.120767781,-0.808234254
0.00413472948,0.748985937,-9.0,-1.5529022,-8.99999431,0.495067843,-0.791174089,-0.120767817,-0.80823428
0.00413572948,0.753134275,-9.0,-1.55289564,-8.99999431,0.495067853,-0.791174088,-0.120767859,-0.80823431
0.00413672948,0.757252881,-9.0,-1.552888,-8.99999431,0.495067865,-0.791174086,-0.120767908,-0.808234344
0.00413772948,0.761341592,-9.0,-1.55287912,-8.99999431,0.49506788,-0.791174084,-0.120767965,-0.808234384
0.00413872948,0.765400246,-9.0,-1.55286879,-8.99999431,0.495067897,-0.791174082,-0.120768031,-0.808234431
0.00413972948,0.769428683,-9.0,-1.55285681,-8.99999431,0.495067916,-0.791174079,-0.120768108,-0.808234485
0.00414072948,0.773426745,-9.0,-1.55284292,-8.99999431,0.495067939,-0.791174076,-0.120768197,-0.808234547
0.00414172948,0.777394273,-9.0,-1.55282685,-8.99999431,0.495067966,-0.791174072,-0.120768301,-0.808234619
0.00414272948,0.781331112,-9.0,-1.55280827,-8.99999431,0.495067997,-0.791174068,-0.12076842,-0.808234702
0.00414372948,0.785237104,-9.0,-1.55278683,-8.99999431,0.495068033,-0.791174063,-0.120768558,-0.808234798
0.00414472948,0.789112097,-9.0,-1.55276211,-8.99999431,0.495068075,-0.791174057,-0.120768717,-0.808234908
0.00414572948,0.792955936,-9.0,-1.55273366,-8.99999431,0.495068123,-0.791174051,-0.1207689,-0.808235035
0.00414672948,0.796768472,-9.0,-1.55270094,-8.99999431,0.49506818,-0.791174043,-0.120769111,-0.80823518
0.00414772948,0.800549552,-9.0,-1.55266337,-8.99999431,0.495068245,-0.791174034,-0.120769353,-0.808235346
0.00414872948,0.804299028,-9.0,-1.5526203,-8.99999431,0.49506832,-0.791174025,-0.120769631,-0.808235536
0.00414972948,0.808016752,-9.0,-1.55257098,-8.99999431,0.495068407,-0.791174013,-0.12076995,-0.808235754
0.00415072948,0.811702576,-9.0,-1.55251459,-8.99999431,0.495068507,-0.791174,-0.120770314,-0.808236002
0.00415172948,0.815356356,-9.0,-1.5524502,-8.99999431,0.495068622,-0.791173986,-0.12077073,-0.808236284
0.00415272948,0.818977947,-9.0,-1.55237678,-8.99999431,0.495068755,-0.791173969,-0.120771205,-0.808236606
0.00415372948,0.822567206,-9.0,-1.55229317,-8.99999431,0.495068907,-0.79117395,-0.120771747,-0.808236971
0.00415472948,0.826123992,-9.0,-1.55219811,-8.99999431,0.495069081,-0.791173928,-0.120772363,-0.808237385
0.00415572948,0.829648163,-9.0,-1.55209018,-8.99999431,0.495069281,-0.791173903,-0.120773063,-0.808237855
0.00415672948,0.833139582,-9.0,-1.5519678,-8.99999431,0.495069509,-0.791173875,-0.120773857,-0.808238386
0.00415772948,0.836598109,-9.0,-1.55182925,-8.99999431,0.49506977,-0.791173843,-0.120774757,-0.808238986
0.00415872948,0.840023609,-9.0,-1.55167262,-8.99999431,0.495070068,-0.791173808,-0.120775776,-0.808239662
0.00415972948,0.843415947,-9.0,-1.5514958,-8.99999431,0.495070407,-0.791173767,-0.120776928,-0.808240424
0.00416072948,0.846774988,-9.0,-1.55129649,-8.99999431,0.495070794,-0.791173722,-0.120778227,-0.80824128
0.00416172948,0.850100599,-9.0,-1.55107215,-8.99999431,0.495071233,-0.79117367,-0.120779692,-0.808242242
0.00416272948,0.85339265,-9.0,-1.55082003,-8.99999431,0.495071731,-0.791173613,-0.12078134,-0.808243321
0.00416372948,0.856651011,-9.0,-1.5505371,-8.99999431,0.495072296,-0.791173548,-0.120783191,-0.808244528
0.00416472948,0.859875552,-9.0,-1.55022008,-8.99999431,0.495072935,-0.791173476,-0.120785269,-0.808245877
0.00416572948,0.863066148,-9.0,-1.54986541,-8.99999431,0.495073658,-0.791173395,-0.120787597,-0.808247383
0.00416672948,0.86622267,-9.0,-1.54946921,-8.99999431,0.495074474,-0.791173304,-0.120790201,-0.80824906
0.00416772948,0.869344996,-9.0,-1.54902731,-8.99999431,0.495075395,-0.791173203,-0.120793111,-0.808250926
0.00416872948,0.872433001,-9.0,-1.54853519,-8.99999431,0.495076431,-0.791173091,-0.120796356,-0.808252999
0.00416972948,0.875486565,-9.0,-1.54798801,-8.99999431,0.495077597,-0.791172966,-0.120799971,-0.808255298
0.00417072948,0.878505565,-9.0,-1.54738056,-8.99999431,0.495078906,-0.791172827,-0.120803991,-0.808257843
0.00417172948,0.881489884,-9.0,-1.54670727,-8.99999431,0.495080374,-0.791172673,-0.120808455,-0.808260656
0.00417272948,0.884439403,-9.0,-1.54596219,-8.99999431,0.495082018,-0.791172503,-0.120813405,-0.80826376
0.00417372948,0.887354006,-9.0,-1.54513899,-8.99999431,0.495083858,-0.791172314,-0.120818886,-0.808267181
0.00417472948,0.890233577,-9.0,-1.54423095,-8.99999431,0.495085912,-0.791172107,-0.120824944,-0.808270943
0.00417572948,0.893078004,-9.0,-1.54323097,-8.99999431,0.495088204,-0.791171878,-0.12083163,-0.808275074
0.00417672948,0.895887174,-9.0,-1.54213153,-8.99999431,0.495090757,-0.791171626,-0.120838999,-0.808279602
0.00417772948,0.898660975,-9.0,-1.54092475,-8.99999431,0.495093597,-0.79117135,-0.120847107,-0.808284558
0.00417872948,0.901399299,-9.0,-1.53960236,-8.9999943,0.495096751,-0.791171047,-0.120856015,-0.808289973
0.00417972948,0.904102037,-9.0,-1.53815571,-8.9999943,0.495100251,-0.791170715,-0.120865785,-0.808295877
0.00418072948,0.906769083,-9.0,-1.53657583,-8.9999943,0.495104127,-0.791170353,-0.120876484,-0.808302306
0.00418172948,0.909400331,-9.0,-1.53485338,-8.9999943,0.495108416,-0.791169958,-0.120888183,-0.808309292
0.00418272948,0.911995677,-9.0,-1.53297876,-8.9999943,0.495113153,-0.791169527,-0.120900954,-0.808316871
0.00418372948,0.91455502,-9.0,-1.53094207,-8.9999943,0.495118378,-0.791169059,-0.120914873,-0.808325078
0.00418472948,0.917078257,-9.0,-1.5287332,-8.9999943,0.495124134,-0.791168551,-0.120930018,-0.808333949
0.00418572948,0.91956529,-9.0,-1.52634186,-8.9999943,0.495130465,-0.791168001,-0.12094647,-0.808343519
0.00418672948,0.92201602,-9.0,-1.52375763,-8.9999943,0.495137418,-0.791167405,-0.120964313,-0.808353825
0.00418772948,0.92443035,-9.0,-1.52097002,-8.99999429,0.495145046,-0.791166763,-0.120983633,-0.808364903
0.00418872948,0.926808185,-9.0,-1.51796858,-8.99999429,0.495153399,-0.79116607,-0.121004516,-0.808376787
0.00418972948,0.929149432,-9.0,-1.51474291,-8.99999429,0.495162534,-0.791165324,-0.121027051,-0.80838951
0.00419072948,0.931453997,-9.0,-1.51128281,-8.99999429,0.495172511,-0.791164524,-0.121051328,-0.808403106
0.00419172948,0.93372179,-9.0,-1.50757834,-8.99999429,0.495183389,-0.791163666,-0.121077436,-0.808417605
0.00419272948,0.935952721,-9.0,-1.50361993,-8.99999428,0.495195235,-0.791162748,-0.121105464,-0.808433036
0.00419372948,0.938146703,-9.0,-1.49939852,-8.99999428,0.495208114,-0.791161767,-0.121135503,-0.808449424
0.00419472948,0.940303648,-9.0,-1.49490563,-8.99999428,0.495222096,-0.791160722,-0.121167639,-0.808466792
0.00419572948,0.942423472,-9.0,-1.49013355,-8.99999428,0.495237253,-0.79115961,-0.121201957,-0.808485159
0.00419672948,0.94450609,-9.0,-1.48507543,-8.99999427,0.49525366,-0.791158429,-0.12123854,-0.80850454
0.00419772948,0.946551421,-9.0,-1.47972544,-8.99999427,0.495271392,-0.791157177,-0.121277467,-0.808524946
0.00419872948,0.948559383,-9.0,-1.47407896,-8.99999427,0.495290529,-0.791155854,-0.121318811,-0.80854638
0.00419972948,0.950529898,-9.0,-1.46813266,-8.99999426,0.495311149,-0.791154457,-0.121362642,-0.808568842
0.00420072948,0.952462888,-9.0,-1.46188472,-8.99999426,0.495333336,-0.791152986,-0.121409021,-0.808592326
0.00420172948,0.954358276,-9.0,-1.45533499,-8.99999426,0.49535717,-0.791151439,-0.121458003,-0.808616815
0.00420272948,0.956215988,-9.0,-1.44848516,-8.99999425,0.495382736,-0.791149817,-0.121509635,-0.80864229
0.00420372948,0.95803595,-9.0,-1.44133888,-8.99999425,0.495410117,-0.79114812,-0.121563952,-0.80866872
0.00420472948,0.95981809,-9.0,-1.43390201,-8.99999425,0.495439397,-0.791146348,-0.12162098,-0.808696067
0.00420572948,0.961562338,-9.0,-1.42618271,-8.99999424,0.495470659,-0.791144502,-0.121680735,-0.808724283
0.00420672948,0.963268626,-9.0,-1.41819165,-8.99999424,0.495503986,-0.791142583,-0.121743218,-0.808753313
0.00420772948,0.964936885,-9.0,-1.40994214,-8.99999423,0.495539459,-0.791140594,-0.121808416,-0.808783089
0.00420872948,0.96656705,-9.0,-1.40145027,-8.99999423,0.495577156,-0.791138536,-0.121876303,-0.808813535
0.00420972948,0.968159057,-9.0,-1.39273502,-8.99999422,0.495617155,-0.791136413,-0.121946836,-0.808844563
0.00421072948,0.969712843,-9.0,-1.38381842,-8.99999422,0.495659529,-0.791134229,-0.122019956,-0.808876077
0.00421172948,0.971228346,-9.0,-1.37472562,-8.99999421,0.495704348,-0.791131986,-0.122095586,-0.808907968
0.00421272948,0.972705506,-9.0,-1.36548491,-8.99999421,0.495751678,-0.791129692,-0.122173631,-0.808940118
0.00421372948,0.974144266,-9.0,-1.35612785,-8.99999421,0.49580158,-0.79112735,-0.122253978,-0.808972396
0.00421472948,0.975544568,-9.0,-1.34668921,-8.9999942,0.49585411,-0.791124966,-0.122336494,-0.809004663
0.00421572948,0.976906358,-9.0,-1.33720699,-8.9999942,0.495909318,-0.791122548,-0.122421027,-0.80903677
0.00421672948,0.978229581,-9.0,-1.32772237,-8.99999419,0.495967248,-0.791120102,-0.122507402,-0.809068557
0.00421772948,0.979514185,-9.0,-1.31827959,-8.99999419,0.496027937,-0.791117636,-0.12259543,-0.809099858
0.00421872948,0.980760119,-9.0,-1.30892581,-8.99999418,0.496091412,-0.791115159,-0.122684896,-0.809130496
0.00421972948,0.981967335,-9.0,-1.299711,-8.99999418,0.496157696,-0.79111268,-0.12277557,-0.809160288
0.00422072948,0.983135784,-9.0,-1.29068761,-8.99999417,0.4962268,-0.791110206,-0.1228672,-0.809189045
0.00422172948,0.984265421,-9.0,-1.2819104,-8.99999417,0.496298728,-0.791107749,-0.122959519,-0.809216574
0.00422272948,0.985356201,-9.0,-1.27343605,-8.99999417,0.496373475,-0.791105319,-0.123052241,-0.809242677
0.00422372948,0.98640808,-9.0,-1.26532285,-8.99999416,0.496451025,-0.791102925,-0.123145063,-0.809267155
0.00422472948,0.987421018,-9.0,-1.25763024,-8.99999416,0.496531354,-0.791100579,-0.12323767,-0.809289808
0.00422572948,0.988394974,-9.0,-1.25041841,-8.99999416,0.496614425,-0.791098291,-0.123329733,-0.809310437
0.00422672948,0.98932991,-9.0,-1.24374774,-8.99999415,0.496700195,-0.791096072,-0.123420911,-0.809328846
0.00422772948,0.990225789,-9.0,-1.23767833,-8.99999415,0.496788606,-0.791093933,-0.123510856,-0.809344843
0.00422872948,0.991082576,-9.0,-1.2322694,-8.99999415,0.496879595,-0.791091885,-0.123599211,-0.809358244
0.00422972948,0.991900236,-9.0,-1.22757871,-8.99999415,0.496973084,-0.791089938,-0.123685619,-0.809368874
0.00423072948,0.992678738,-9.0,-1.22366197,-8.99999415,0.497068988,-0.791088102,-0.123769716,-0.809376564
0.00423172948,0.99341805,-9.0,-1.22057217,-8.99999414,0.497167212,-0.791086389,-0.123851143,-0.809381164
0.00423272948,0.994118144,-9.0,-1.21835905,-8.99999414,0.49726765,-0.791084806,-0.123929544,-0.809382532
0.00423372948,0.994778992,-9.0,-1.2170684,-8.99999414,0.497370188,-0.791083364,-0.124004569,-0.809380545
0.00423472948,0.995400568,-9.0,-1.21674151,-8.99999415,0.497474704,-0.791082071,-0.124075878,-0.809375097
0.00423572948,0.995982847,-9.0,-1.21741463,-8.99999415,0.497581067,-0.791080933,-0.124143143,-0.809366102
0.00423672948,0.996525807,-9.0,-1.2191184,-8.99999415,0.497689139,-0.791079959,-0.124206053,-0.809353491
0.00423772948,0.997029425,-9.0,-1.22187741,-8.99999415,0.497798773,-0.791079153,-0.124264313,-0.809337221
0.00423872948,0.997493682,-9.0,-1.22570974,-8.99999415,0.497909818,-0.791078522,-0.124317649,-0.809317267
0.00423972948,0.99791856,-9.0,-1.23062667,-8.99999416,0.498022117,-0.79107807,-0.124365812,-0.809293632
0.00424072948,0.998304042,-9.0,-1.23663238,-8.99999416,0.498135507,-0.791077799,-0.124408575,-0.809266338
0.00424172948,0.998650112,-9.0,-1.24372371,-8.99999417,0.498249822,-0.791077712,-0.12444574,-0.809235434
0.00424272948,0.998956758,-9.0,-1.25189013,-8.99999417,0.498364892,-0.791077809,-0.124477139,-0.809200993
0.00424372948,0.999223966,-9.0,-1.26111367,-8.99999418,0.498480545,-0.791078092,-0.124502631,-0.809163109
0.00424472948,0.999451727,-9.0,-1.27136899,-8.99999418,0.498596606,-0.791078559,-0.124522109,-0.809121903
0.00424572948,0.999640031,-9.0,-1.28262359,-8.99999419,0.4987129,-0.791079208,-0.124535497,-0.809077513
0.00424672948,0.999788871,-9.0,-1.29483798,-8.9999942,0.498829251,-0.791080036,-0.124542753,-0.809030105
0.00424772948,0.999898241,-9.0,-1.30796607,-8.9999942,0.498945486,-0.791081039,-0.124543867,-0.808979858
0.00424872948,0.999968137,-9.0,-1.32195559,-8.99999421,0.499061431,-0.791082212,-0.12453886,-0.808926975
0.00424972948,0.999998555,-9.0,-1.3367485,-8.99999422,0.499176914,-0.79108355,-0.124527786,-0.808871673
0.00425072948,0.999989496,-9.0,-1.3522816,-8.99999423,0.499291768,-0.791085045,-0.124510732,-0.808814184
0.00425172948,0.999940959,-9.0,-1.3684871,-8.99999424,0.499405829,-0.791086692,-0.124487813,-0.808754755
0.00425272948,0.999852945,-9.0,-1.38529325,-8.99999425,0.499518935,-0.791088481,-0.124459171,-0.80869364
0.00425372948,0.999725459,-9.0,-1.40262502,-8.99999426,0.499630931,-0.791090404,-0.124424979,-0.808631106
0.00425472948,0.999558506,-9.0,-1.4204048,-8.99999427,0.499741668,-0.791092453,-0.124385433,-0.808567423
0.00425572948,0.999352092,-9.0,-1.43855307,-8.99999427,0.499851002,-0.791094616,-0.12434075,-0.808502868
0.00425672948,0.999106225,-9.0,-1.45698911,-8.99999428,0.499958795,-0.791096886,-0.124291171,-0.808437718
0.00425772948,0.998820915,-9.0,-1.47563171,-8.99999429,0.500064917,-0.791099251,-0.124236954,-0.808372251
0.00425872948,0.998496174,-9.0,-1.4943998,-8.9999943,0.500169246,-0.791101701,-0.124178374,-0.808306743
0.00425972948,0.998132013,-9.0,-1.51321312,-8.99999431,0.500271665,-0.791104225,-0.124115718,-0.808241464
0.00426072948,0.997728448,-9.0,-1.53199281,-8.99999432,0.500372067,-0.791106813,-0.124049287,-0.808176679
0.00426172948,0.997285495,-9.0,-1.55066197,-8.99999433,0.500470354,-0.791109455,-0.123979388,-0.808112646
0.00426272948,0.99680317,-9.0,-1.56914621,-8.99999434,0.500566435,-0.791112139,-0.123906337,-0.808049611
0.00426372948,0.996281493,-9.0,-1.58737404,-8.99999435,0.500660227,-0.791114857,-0.123830452,-0.80798781
0.00426472948,0.995720485,-9.0,-1.60527737,-8.99999436,0.500751658,-0.791117596,-0.123752055,-0.807927468
0.00426572948,0.995120167,-9.0,-1.62279182,-8.99999437,0.500840663,-0.791120348,-0.123671465,-0.807868795
0.00426672948,0.994480564,-9.0,-1.63985703,-8.99999437,0.500927185,-0.791123103,-0.123589002,-0.807811985
0.00426772948,0.9938017,-9.0,-1.65641693,-8.99999438,0.501011178,-0.791125852,-0.12350498,-0.807757219
0.00426872948,0.993083603,-9.0,-1.67241994,-8.99999439,0.501092603,-0.791128585,-0.123419708,-0.80770466
0.00426972948,0.9923263,-9.0,-1.68781907,-8.9999944,0.501171429,-0.791131295,-0.123333485,-0.807654456
0.00427072948,0.991529823,-9.0,-1.7025721,-8.9999944,0.501247634,-0.791133974,-0.123246605,-0.807606738
0.00427172948,0.990694201,-9.0,-1.71664157,-8.99999441,0.501321205,-0.791136614,-0.12315935,-0.807561618
0.00427272948,0.989819468,-9.0,-1.72999482,-8.99999441,0.501392134,-0.791139207,-0.123071989,-0.807519192
0.00427372948,0.988905659,-9.0,-1.74260397,-8.99999442,0.501460424,-0.791141748,-0.122984782,-0.807479541
0.00427472948,0.98795281,-9.0,-1.75444584,-8.99999443,0.501526082,-0.791144231,-0.122897974,-0.807442726
0.00427572948,0.986960958,-9.0,-1.76550188,-8.99999443,0.501589124,-0.791146649,-0.122811796,-0.807408794
0.00427672948,0.985930142,-9.0,-1.77575804,-8.99999443,0.501649572,-0.791148999,-0.122726465,-0.807377774
0.00427772948,0.984860404,-9.0,-1.78520463,-8.99999444,0.501707454,-0.791151276,-0.122642185,-0.807349682
0.00427872948,0.983751785,-9.0,-1.79383616,-8.99999444,0.501762803,-0.791153475,-0.122559142,-0.807324516
0.00427972948,0.982604329,-9.0,-1.80165114,-8.99999444,0.501815659,-0.791155594,-0.122477509,-0.807302262
0.00428072948,0.981418081,-9.0,-1.80865191,-8.99999445,0.501866066,-0.79115763,-0.122397443,-0.807282894
0.00428172948,0.980193089,-9.0,-1.81484442,-8.99999445,0.501914072,-0.79115958,-0.122319087,-0.807266371
0.00428272948,0.978929401,-9.0,-1.820238,-8.99999445,0.501959731,-0.791161442,-0.122242566,-0.80725264
0.00428372948,0.977627066,-9.0,-1.82484514,-8.99999445,0.502003098,-0.791163216,-0.122167995,-0.80724164
0.00428472948,0.976286136,-9.0,-1.82868129,-8.99999445,0.502044234,-0.7911649,-0.12209547,-0.807233297
0.00428572948,0.974906664,-9.0,-1.83176458,-8.99999446,0.502083201,-0.791166493,-0.122025075,-0.80722753
0.00428672948,0.973488704,-9.0,-1.83411561,-8.99999446,0.502120064,-0.791167997,-0.121956881,-0.80722425
0.00428772948,0.972032313,-9.0,-1.83575721,-8.99999446,0.502154892,-0.79116941,-0.121890945,-0.807223359
0.00428872948,0.970537547,-9.0,-1.83671421,-8.99999446,0.502187751,-0.791170735,-0.121827312,-0.807224754
0.00428972948,0.969004467,-9.0,-1.83701321,-8.99999445,0.502218714,-0.791171971,-0.121766013,-0.807228328
0.00429072948,0.967433131,-9.0,-1.83668232,-8.99999445,0.502247851,-0.79117312,-0.121707071,-0.807233967
0.00429172948,0.965823604,-9.0,-1.835751,-8.99999445,0.502275233,-0.791174184,-0.121650496,-0.807241556
0.00429272948,0.964175947,-9.0,-1.83424979,-8.99999445,0.502300934,-0.791175165,-0.121596288,-0.807250974
0.00429372948,0.962490226,-9.0,-1.8322101,-8.99999445,0.502325025,-0.791176064,-0.121544438,-0.807262102
0.00429472948,0.960766507,-9.0,-1.82966403,-8.99999445,0.502347577,-0.791176885,-0.121494929,-0.807274816
0.00429572948,0.959004859,-9.0,-1.82664419,-8.99999445,0.502368663,-0.79117763,-0.121447736,-0.807288995
0.00429672948,0.957205351,-9.0,-1.82318343,-8.99999444,0.502388351,-0.791178302,-0.121402824,-0.807304516
0.00429772948,0.955368055,-9.0,-1.81931476,-8.99999444,0.502406713,-0.791178903,-0.121360155,-0.807321258
0.00429872948,0.953493042,-9.0,-1.81507112,-8.99999444,0.502423815,-0.791179437,-0.121319682,-0.807339101
0.00429972948,0.951580387,-9.0,-1.81048521,-8.99999444,0.502439724,-0.791179907,-0.121281356,-0.807357927
0.00430072948,0.949630165,-9.0,-1.8055894,-8.99999443,0.502454506,-0.791180316,-0.12124512,-0.807377622
0.00430172948,0.947642453,-9.0,-1.80041551,-8.99999443,0.502468223,-0.791180666,-0.121210915,-0.807398072
0.00430272948,0.94561733,-9.0,-1.79499475,-8.99999443,0.502480937,-0.791180962,-0.121178678,-0.807419171
0.00430372948,0.943554876,-9.0,-1.78935756,-8.99999443,0.502492706,-0.791181207,-0.121148344,-0.807440812
0.00430472948,0.941455172,-9.0,-1.78353352,-8.99999442,0.50250359,-0.791181404,-0.121119843,-0.807462895
0.00430572948,0.9393183,-9.0,-1.77755122,-8.99999442,0.502513641,-0.791181556,-0.121093106,-0.807485324
0.00430672948,0.937144346,-9.0,-1.77143823,-8.99999442,0.502522914,-0.791181666,-0.121068062,-0.807508007
0.00430772948,0.934933395,-9.0,-1.76522097,-8.99999441,0.50253146,-0.791181738,-0.12104464,-0.807530858
0.00430872948,0.932685535,-9.0,-1.75892469,-8.99999441,0.502539325,-0.791181774,-0.121022765,-0.807553795
0.00430972948,0.930400854,-9.0,-1.75257338,-8.99999441,0.502546558,-0.791181777,-0.121002367,-0.807576741
0.00431072948,0.928079442,-9.0,-1.74618973,-8.9999944,0.502553201,-0.791181752,-0.120983373,-0.807599625
0.00431172948,0.925721391,-9.0,-1.73979515,-8.9999944,0.502559296,-0.791181699,-0.120965713,-0.80762238
0.00431272948,0.923326794,-9.0,-1.73340967,-8.9999944,0.502564884,-0.791181622,-0.120949315,-0.807644945
0.00431372948,0.920895746,-9.0,-1.72705199,-8.99999439,0.50257,-0.791181524,-0.12093411,-0.807667264
0.00431472948,0.918428343,-9.0,-1.72073942,-8.99999439,0.502574681,-0.791181406,-0.120920033,-0.807689285
0.00431572948,0.915924681,-9.0,-1.71448793,-8.99999439,0.50257896,-0.791181272,-0.120907016,-0.807710963
0.00431672948,0.913384861,-9.0,-1.70831216,-8.99999438,0.502582867,-0.791181123,-0.120894996,-0.807732255
0.00431772948,0.910808981,-9.0,-1.7022254,-8.99999438,0.502586432,-0.791180961,-0.120883912,-0.807753126
0.00431872948,0.908197144,-9.0,-1.69623965,-8.99999438,0.502589682,-0.791180789,-0.120873703,-0.807773542
0.00431972948,0.905549454,-9.0,-1.69036565,-8.99999438,0.502592642,-0.791180608,-0.120864313,-0.807793476
0.00432072948,0.902866013,-9.0,-1.68461291,-8.99999437,0.502595337,-0.79118042,-0.120855687,-0.807812904
0.00432172948,0.90014693,-9.0,-1.67898975,-8.99999437,0.502597789,-0.791180226,-0.120847773,-0.807831805
0.00432272948,0.897392309,-9.0,-1.67350335,-8.99999437,0.502600018,-0.791180028,-0.12084052,-0.807850164
0.00432372948,0.894602262,-9.0,-1.66815981,-8.99999437,0.502602042,-0.791179827,-0.120833881,-0.807867967
0.00432472948,0.891776897,-9.0,-1.66296419,-8.99999436,0.502603881,-0.791179624,-0.120827811,-0.807885205
0.00432572948,0.888916326,-9.0,-1.65792058,-8.99999436,0.502605549,-0.791179421,-0.120822268,-0.807901872
0.00432672948,0.886020662,-9.0,-1.65303213,-8.99999436,0.502607063,-0.791179218,-0.12081721,-0.807917963
0.00432772948,0.88309002,-9.0,-1.64830115,-8.99999436,0.502608436,-0.791179016,-0.120812601,-0.807933478
0.00432872948,0.880124515,-9.0,-1.64372913,-8.99999435,0.50260968,-0.791178816,-0.120808404,-0.807948417
0.00432972948,0.877124264,-9.0,-1.63931682,-8.99999435,0.502610808,-0.791178619,-0.120804587,-0.807962785
0.00433072948,0.874089385,-9.0,-1.6350643,-8.99999435,0.502611829,-0.791178426,-0.120801119,-0.807976585
0.00433172948,0.871019999,-9.0,-1.63097099,-8.99999435,0.502612755,-0.791178236,-0.120797969,-0.807989827
0.00433272948,0.867916227,-9.0,-1.62703578,-8.99999435,0.502613594,-0.79117805,-0.120795112,-0.808002517
0.00433372948,0.864778191,-9.0,-1.623257,-8.99999434,0.502614353,-0.791177869,-0.120792522,-0.808014667
0.00433472948,0.861606015,-9.0,-1.61963256,-8.99999434,0.502615041,-0.791177693,-0.120790176,-0.808026286
0.00433572948,0.858399824,-9.0,-1.61615994,-8.99999434,0.502615665,-0.791177522,-0.120788052,-0.808037388
0.00433672948,0.855159745,-9.0,-1.61283626,-8.99999434,0.50261623,-0.791177356,-0.12078613,-0.808047986
0.00433772948,0.851885906,-9.0,-1.60965833,-8.99999434,0.502616742,-0.791177196,-0.120784392,-0.808058093
0.00433872948,0.848578435,-9.0,-1.6066227,-8.99999434,0.502617207,-0.791177041,-0.120782822,-0.808067723
0.00433972948,0.845237465,-9.0,-1.60372567,-8.99999434,0.502617628,-0.791176892,-0.120781403,-0.808076893
0.00434072948,0.841863126,-9.0,-1.60096338,-8.99999433,0.502618011,-0.791176749,-0.120780122,-0.808085616
0.00434172948,0.838455551,-9.0,-1.59833181,-8.99999433,0.502618358,-0.791176612,-0.120778965,-0.808093908
0.00434272948,0.835014876,-9.0,-1.59582682,-8.99999433,0.502618674,-0.79117648,-0.12077792,-0.808101785
0.00434372948,0.831541236,-9.0,-1.59344417,-8.99999433,0.502618961,-0.791176353,-0.120776978,-0.808109262
0.00434472948,0.828034768,-9.0,-1.5911796,-8.99999433,0.502619223,-0.791176233,-0.120776127,-0.808116355
0.00434572948,0.82449561,-9.0,-1.5890288,-8.99999433,0.502619461,-0.791176117,-0.120775359,-0.808123079
0.00434672948,0.820923903,-9.0,-1.58698743,-8.99999433,0.502619678,-0.791176007,-0.120774666,-0.808129451
0.00434772948,0.817319787,-9.0,-1.58505121,-8.99999433,0.502619876,-0.791175902,-0.12077404,-0.808135484
0.00434872948,0.813683405,-9.0,-1.58321585,-8.99999433,0.502620057,-0.791175802,-0.120773474,-0.808141193
0.00434972948,0.8100149,-9.0,-1.58147713,-8.99999433,0.502620222,-0.791175707,-0.120772964,-0.808146594
0.00435072948,0.806314417,-9.0,-1.5798309,-8.99999432,0.502620373,-0.791175616,-0.120772502,-0.8081517
0.00435172948,0.802582102,-9.0,-1.57827308,-8.99999432,0.502620512,-0.79117553,-0.120772084,-0.808156526
0.00435272948,0.798818102,-9.0,-1.57679966,-8.99999432,0.502620639,-0.791175449,-0.120771706,-0.808161084
0.00435372948,0.795022567,-9.0,-1.57540675,-8.99999432,0.502620755,-0.791175372,-0.120771364,-0.808165387
0.00435472948,0.791195645,-9.0,-1.57409056,-8.99999432,0.502620863,-0.791175298,-0.120771054,-0.808169449
0.00435572948,0.787337489,-9.0,-1.57284741,-8.99999432,0.502620961,-0.791175229,-0.120770773,-0.808173281
0.00435672948,0.783448249,-9.0,-1.57167372,-8.99999432,0.502621052,-0.791175163,-0.120770517,-0.808176896
0.00435772948,0.779528081,-9.0,-1.57056604,-8.99999432,0.502621136,-0.791175101,-0.120770285,-0.808180303
0.00435872948,0.775577138,-9.0,-1.56952105,-8.99999432,0.502621213,-0.791175042,-0.120770074,-0.808183515
0.00435972948,0.771595576,-9.0,-1.56853555,-8.99999432,0.502621285,-0.791174987,-0.120769881,-0.808186541
0.00436072948,0.767583553,-9.0,-1.56760644,-8.99999432,0.502621351,-0.791174935,-0.120769706,-0.808189392
0.00436172948,0.763541228,-9.0,-1.56673078,-8.99999432,0.502621412,-0.791174885,-0.120769546,-0.808192077
0.00436272948,0.759468759,-9.0,-1.56590572,-8.99999432,0.502621469,-0.791174838,-0.1207694,-0.808194604
0.00436372948,0.755366307,-9.0,-1.56512856,-8.99999432,0.502621521,-0.791174794,-0.120769266,-0.808196984
0.00436472948,0.751234035,-9.0,-1.5643967,-8.99999432,0.50262157,-0.791174753,-0.120769143,-0.808199223
0.00436572948,0.747072106,-9.0,-1.56370766,-8.99999432,0.502621615,-0.791174714,-0.120769031,-0.80820133
0.00436672948,0.742880683,-9.0,-1.56305908,-8.99999432,0.502621657,-0.791174677,-0.120768927,-0.808203312
0.00436772948,0.738659933,-9.0,-1.56244872,-8.99999432,0.502621697,-0.791174642,-0.120768832,-0.808205176
0.00436872948,0.734410022,-9.0,-1.56187444,-8.99999432,0.502621733,-0.791174609,-0.120768745,-0.808206929
0.00436972948,0.730131117,-9.0,-1.56133419,-8.99999432,0.502621767,-0.791174579,-0.120768664,-0.808208577
0.00437072948,0.725823388,-9.0,-1.56082606,-8.99999432,0.502621799,-0.79117455,-0.12076859,-0.808210127
0.00437172948,0.721487005,-9.0,-1.5603482,-8.99999432,0.502621828,-0.791174522,-0.120768521,-0.808211584
0.00437272948,0.717122139,-9.0,-1.55989887,-8.99999432,0.502621856,-0.791174497,-0.120768458,-0.808212953
0.00437372948,0.712728962,-9.0,-1.55947644,-8.99999432,0.502621882,-0.791174473,-0.120768399,-0.80821424
0.00437472948,0.708307648,-9.0,-1.55907934,-8.99999432,0.502621906,-0.79117445,-0.120768344,-0.80821545
0.00437572948,0.703858371,-9.0,-1.55870609,-8.99999432,0.502621928,-0.791174429,-0.120768294,-0.808216586
0.00437672948,0.699381307,-9.0,-1.5583553,-8.99999432,0.502621949,-0.791174409,-0.120768247,-0.808217654
0.00437772948,0.694876632,-9.0,-1.55802566,-8.99999431,0.502621969,-0.79117439,-0.120768203,-0.808218657
0.00437872948,0.690344525,-9.0,-1.5577159,-8.99999431,0.502621987,-0.791174372,-0.120768163,-0.808219599
0.00437972948,0.685785164,-9.0,-1.55742487,-8.99999431,0.502622005,-0.791174355,-0.120768125,-0.808220485
0.00438072948,0.68119873,-9.0,-1.55715145,-8.99999431,0.502622021,-0.79117434,-0.12076809,-0.808221316
0.00438172948,0.676585403,-9.0,-1.55689458,-8.99999431,0.502622036,-0.791174325,-0.120768057,-0.808222097
0.00438272948,0.671945366,-9.0,-1.55665329,-8.99999431,0.50262205,-0.791174311,-0.120768026,-0.808222831
0.00438372948,0.667278801,-9.0,-1.55642665,-8.99999431,0.502622063,-0.791174298,-0.120767998,-0.80822352
0.00438472948,0.662585894,-9.0,-1.55621377,-8.99999431,0.502622076,-0.791174286,-0.120767971,-0.808224167
0.00438572948,0.657866828,-9.0,-1.55601383,-8.99999431,0.502622087,-0.791174274,-0.120767946,-0.808224774
0.00438672948,0.653121792,-9.0,-1.55582605,-8.99999431,0.502622098,-0.791174264,-0.120767923,-0.808225345
0.00438772948,0.648350971,-9.0,-1.5556497,-8.99999431,0.502622108,-0.791174254,-0.120767901,-0.80822588
0.00438872948,0.643554554,-9.0,-1.55548409,-8.99999431,0.502622118,-0.791174244,-0.120767881,-0.808226383
0.00438972948,0.638732731,-9.0,-1.55532857,-8.99999431,0.502622127,-0.791174235,-0.120767862,-0.808226856
0.00439072948,0.633885691,-9.0,-1.55518254,-8.99999431,0.502622135,-0.791174227,-0.120767844,-0.808227299
0.00439172948,0.629013628,-9.0,-1.55504541,-8.99999431,0.502622143,-0.791174219,-0.120767827,-0.808227716
0.00439272948,0.624116731,-9.0,-1.55491664,-8.99999431,0.502622151,-0.791174212,-0.120767812,-0.808228107
0.00439372948,0.619195196,-9.0,-1.55479574,-8.99999431,0.502622158,-0.791174205,-0.120767797,-0.808228474
0.00439472948,0.614249216,-9.0,-1.55468222,-8.99999431,0.502622164,-0.791174198,-0.120767783,-0.808228819
0.00439572948,0.609278986,-9.0,-1.55457563,-8.99999431,0.50262217,-0.791174192,-0.12076777,-0.808229142
0.00439672948,0.604284703,-9.0,-1.55447555,-8.99999431,0.502622176,-0.791174186,-0.120767758,-0.808229446
0.00439772948,0.599266564,-9.0,-1.55438159,-8.99999431,0.502622181,-0.791174181,-0.120767747,-0.808229731
0.00439872948,0.594224767,-9.0,-1.55429337,-8.99999431,0.502622187,-0.791174176,-0.120767736,-0.808229999
0.00439972948,0.589159511,-9.0,-1.55421054,-8.99999431,0.502622191,-0.791174171,-0.120767726,-0.808230251
0.00440072948,0.584070996,-9.0,-1.55413278,-8.99999431,0.502622196,-0.791174167,-0.120767717,-0.808230487
0.00440172948,0.578959423,-9.0,-1.55405978,-8.99999431,0.5026222,-0.791174162,-0.120767708,-0.808230708
0.00440272948,0.573824993,-9.0,-1.55399123,-8.99999431,0.502622204,-0.791174158,-0.1207677,-0.808230916
0.00440372948,0.56866791,-9.0,-1.55392688,-8.99999431,0.502622208,-0.791174155,-0.120767692,-0.808231112
0.00440472948,0.563488377,-9.0,-1.55386647,-8.99999431,0.502622211,-0.791174151,-0.120767685,-0.808231295
0.00440572948,0.558286598,-9.0,-1.55380975,-8.99999431,0.502622214,-0.791174148,-0.120767678,-0.808231467
0.00440672948,0.553062779,-9.0,-1.55375651,-8.99999431,0.502622217,-0.791174145,-0.120767672,-0.808231629
0.00440772948,0.547817126,-9.0,-1.55370652,-8.99999431,0.50262222,-0.791174142,-0.120767666,-0.80823178
0.00440872948,0.542549846,-9.0,-1.55365959,-8.99999431,0.502622223,-0.791174139,-0.120767661,-0.808231923
0.00440972948,0.537261147,-9.0,-1.55361553,-8.99999431,0.502622225,-0.791174137,-0.120767655,-0.808232056
0.00441072948,0.531951239,-9.0,-1.55357417,-8.99999431,0.502622228,-0.791174135,-0.12076765,-0.808232182
0.00441172948,0.526620329,-9.0,-1.55353534,-8.99999431,0.50262223,-0.791174132,-0.120767646,-0.8082323
0.00441272948,0.52126863,-9.0,-1.55349889,-8.99999431,0.502622232,-0.79117413,-0.120767641,-0.80823241
0.00441372948,0.515896351,-9.0,-1.55346467,-8.99999431,0.502622234,-0.791174128,-0.120767637,-0.808232514
0.00441472948,0.510503706,-9.0,-1.55343254,-8.99999431,0.502622236,-0.791174126,-0.120767633,-0.808232612
0.00441572948,0.505090908,-9.0,-1.55340238,-8.99999431,0.502622237,-0.791174125,-0.12076763,-0.808232703
0.00441672948,0.499658169,-9.0,-1.55337407,-8.99999431,0.502622239,-0.791174123,-0.120767626,-0.808232789
0.00441772948,0.494205704,-9.0,-1.55334748,-8.99999431,0.50262224,-0.791174122,-0.120767623,-0.80823287
0.00441872948,0.488733729,-9.0,-1.55332253,-8.99999431,0.502622242,-0.79117412,-0.12076762,-0.808232946
0.00441972948,0.48324246,-9.0,-1.55329911,-8.99999431,0.502622243,-0.791174119,-0.120767618,-0.808233017
0.00442072948,0.477732113,-9.0,-1.55327711,-8.99999431,0.502622244,-0.791174117,-0.120767615,-0.808233083
0.00442172948,0.472202906,-9.0,-1.55325647,-8.99999431,0.502622246,-0.791174116,-0.120767612,-0.808233146
0.00442272948,0.466655057,-9.0,-1.55323709,-8.99999431,0.502622247,-0.791174115,-0.12076761,-0.808233205
0.00442372948,0.461088786,-9.0,-1.55321889,-8.99999431,0.502622248,-0.791174114,-0.120767608,-0.80823326
0.00442472948,0.455504311,-9.0,-1.55320181,-8.99999431,0.502622249,-0.791174113,-0.120767606,-0.808233312
0.00442572948,0.449901854,-9.0,-1.55318578,-8.99999431,0.50262225,-0.791174112,-0.120767604,-0.808233361
0.00442672948,0.444281636,-9.0,-1.55317073,-8.99999431,0.50262225,-0.791174111,-0.120767602,-0.808233406
0.00442772948,0.438643878,-9.0,-1.5531566,-8.99999431,0.502622251,-0.791174111,-0.120767601,-0.808233449
0.00442872948,0.432988803,-9.0,-1.55314333,-8.99999431,0.502622252,-0.79117411,-0.120767599,-0.808233489
0.00442972948,0.427316635,-9.0,-1.55313088,-8.99999431,0.502622253,-0.791174109,-0.120767597,-0.808233527
0.00443072948,0.421627597,-9.0,-1.55311919,-8.99999431,0.502622253,-0.791174108,-0.120767596,-0.808233563
0.00443172948,0.415921914,-9.0,-1.55310821,-8.99999431,0.502622254,-0.791174108,-0.120767595,-0.808233596
0.00443272948,0.41019981,-9.0,-1.55309791,-8.99999431,0.502622254,-0.791174107,-0.120767594,-0.808233627
0.00443372948,0.404461513,-9.0,-1.55308823,-8.99999431,0.502622255,-0.791174107,-0.120767592,-0.808233657
0.00443472948,0.398707249,-9.0,-1.55307915,-8.99999431,0.502622255,-0.791174106,-0.120767591,-0.808233684
0.00443572948,0.392937244,-9.0,-1.55307063,-8.99999431,0.502622256,-0.791174106,-0.12076759,-0.80823371
0.00443672948,0.387151727,-9.0,-1.55306263,-8.99999431,0.502622256,-0.791174105,-0.120767589,-0.808233734
0.00443772948,0.381350925,-9.0,-1.55305512,-8.99999431,0.502622257,-0.791174105,-0.120767588,-0.808233757
0.00443872948,0.375535069,-9.0,-1.55304806,-8.99999431,0.502622257,-0.791174104,-0.120767588,-0.808233779
0.00443972948,0.369704387,-9.0,-1.55304144,-8.99999431,0.502622257,-0.791174104,-0.120767587,-0.808233799
0.00444072948,0.363859109,-9.0,-1.55303523,-8.99999431,0.502622258,-0.791174104,-0.120767586,-0.808233817
0.00444172948,0.357999467,-9.0,-1.55302939,-8.99999431,0.502622258,-0.791174103,-0.120767585,-0.808233835
0.00444272948,0.352125692,-9.0,-1.55302392,-8.99999431,0.502622258,-0.791174103,-0.120767585,-0.808233852
0.00444372948,0.346238016,-9.0,-1.55301878,-8.99999431,0.502622259,-0.791174103,-0.120767584,-0.808233867
0.00444472948,0.340336671,-9.0,-1.55301395,-8.99999431,0.502622259,-0.791174102,-0.120767583,-0.808233882
0.00444572948,0.33442189,-9.0,-1.55300942,-8.99999431,0.502622259,-0.791174102,-0.120767583,-0.808233896
0.00444672948,0.328493906,-9.0,-1.55300516,-8.99999431,0.502622259,-0.791174102,-0.120767582,-0.808233909
0.00444772948,0.322552954,-9.0,-1.55300117,-8.99999431,0.50262226,-0.791174102,-0.120767582,-0.808233921
0.00444872948,0.316599268,-9.0,-1.55299742,-8.99999431,0.50262226,-0.791174101,-0.120767581,-0.808233932
0.00444972948,0.310633084,-9.0,-1.5529939,-8.99999431,0.50262226,-0.791174101,-0.120767581,-0.808233943
0.00445072948,0.304654636,-9.0,-1.5529906,-8.99999431,0.50262226,-0.791174101,-0.120767581,-0.808233953
0.00445172948,0.298664161,-9.0,-1.5529875,-8.99999431,0.50262226,-0.791174101,-0.12076758,-0.808233962
0.00445272948,0.292661895,-9.0,-1.55298458,-8.99999431,0.50262226,-0.791174101,-0.12076758,-0.808233971
0.00445372948,0.286648076,-9.0,-1.55298185,-8.99999431,0.50262226,-0.791174101,-0.12076758,-0.808233979
0.00445472948,0.28062294,-9.0,-1.55297929,-8.99999431,0.502622261,-0.7911741,-0.120767579,-0.808233987
0.00445572948,0.274586725,-9.0,-1.55297688,-8.99999431,0.502622261,-0.7911741,-0.120767579,-0.808233995
0.00445672948,0.26853967,-9.0,-1.55297462,-8.99999431,0.502622261,-0.7911741,-0.120767579,-0.808234001
0.00445772948,0.262482014,-9.0,-1.55297249,-8.99999431,0.502622261,-0.7911741,-0.120767578,-0.808234008
0.00445872948,0.256413996,-9.0,-1.5529705,-8.99999431,0.502622261,-0.7911741,-0.120767578,-0.808234014
0.00445972948,0.250335854,-9.0,-1.55296863,-8.99999431,0.502622261,-0.7911741,-0.120767578,-0.80823402
0.00446072948,0.24424783,-9.0,-1.55296687,-8.99999431,0.502622261,-0.7911741,-0.120767578,-0.808234025
0.00446172948,0.238150164,-9.0,-1.55296522,-8.99999431,0.502622261,-0.7911741,-0.120767577,-0.80823403
0.00446272948,0.232043095,-9.0,-1.55296368,-8.99999431,0.502622261,-0.7911741,-0.120767577,-0.808234035
0.00446372948,0.225926866,-9.0,-1.55296222,-8.99999431,0.502622261,-0.791174099,-0.120767577,-0.808234039
0.00446472948,0.219801718,-9.0,-1.55296086,-8.99999431,0.502622261,-0.791174099,-0.120767577,-0.808234043
0.00446572948,0.213667892,-9.0,-1.55295958,-8.99999431,0.502622261,-0.791174099,-0.120767577,-0.808234047
0.00446672948,0.207525631,-9.0,-1.55295838,-8.99999431,0.502622261,-0.791174099,-0.120767577,-0.808234051
0.00446772948,0.201375178,-9.0,-1.55295725,-8.99999431,0.502622261,-0.791174099,-0.120767576,-0.808234054
0.00446872948,0.195216774,-9.0,-1.55295619,-8.99999431,0.502622261,-0.791174099,-0.120767576,-0.808234057
0.00446972948,0.189050664,-9.0,-1.55295519,-8.99999431,0.502622261,-0.791174099,-0.120767576,-0.80823406
0.00447072948,0.18287709,-9.0,-1.55295426,-8.99999431,0.502622261,-0.791174099,-0.120767576,-0.808234063
0.00447172948,0.176696296,-9.0,-1.55295338,-8.99999431,0.502622261,-0.791174099,-0.120767576,-0.808234066
0.00447272948,0.170508527,-9.0,-1.55295256,-8.99999431,0.502622261,-0.791174099,-0.120767576,-0.808234068
0.00447372948,0.164314026,-9.0,-1.55295179,-8.99999431,0.502622261,-0.791174099,-0.120767576,-0.808234071
0.00447472948,0.158113039,-9.0,-1.55295106,-8.99999431,0.502622261,-0.791174099,-0.120767576,-0.808234073
0.00447572948,0.15190581,-9.0,-1.55295038,-8.99999431,0.502622261,-0.791174099,-0.120767576,-0.808234075
0.00447672948,0.145692583,-9.0,-1.55294974,-8.99999431,0.502622261,-0.791174099,-0.120767576,-0.808234077
0.00447772948,0.139473605,-9.0,-1.55294914,-8.99999431,0.502622261,-0.791174099,-0.120767575,-0.808234079
0.00447872948,0.133249121,-9.0,-1.55294858,-8.99999431,0.502622261,-0.791174099,-0.120767575,-0.80823408
0.00447972948,0.127019376,-9.0,-1.55294805,-8.99999431,0.502622261,-0.791174099,-0.120767575,-0.808234082
0.00448072948,0.120784617,-9.0,-1.55294756,-8.99999431,0.502622261,-0.791174099,-0.120767575,-0.808234084
0.00448172948,0.114545089,-9.0,-1.55294709,-8.99999431,0.502622261,-0.791174099,-0.120767575,-0.808234085
0.00448272948,0.10830104,-9.0,-1.55294665,-8.99999431,0.502622261,-0.791174099,-0.120767575,-0.808234086
0.00448372948,0.102052714,-9.0,-1.55294624,-8.99999431,0.502622261,-0.791174099,-0.120767575,-0.808234088
0.00448472948,0.0958003604,-9.0,-1.55294586,-8.99999431,0.502622261,-0.791174098,-0.120767575,-0.808234089
0.00448572948,0.0895442243,-9.0,-1.5529455,-8.99999431,0.502622261,-0.791174098,-0.120767575,-0.80823409
0.00448672948,0.0832845531,-9.0,-1.55294516,-8.99999431,0.502622261,-0.791174098,-0.120767575,-0.808234091
0.00448772948,0.0770215941,-9.0,-1.55294484,-8.99999431,0.502622261,-0.791174098,-0.120767575,-0.808234092
0.00448872948,0.0707555943,-9.0,-1.55294454,-8.99999431,0.502622261,-0.791174098,-0.120767575,-0.808234093
0.00448972948,0.0644868012,-9.0,-1.55294426,-8.99999431,0.502622261,-0.791174098,-0.120767575,-0.808234094
0.00449072948,0.0582154624,-9.0,-1.55294399,-8.99999431,0.502622261,-0.791174098,-0.120767575,-0.808234094
0.00449172948,0.0519418252,-9.0,-1.55294375,-8.99999431,0.502622261,-0.791174098,-0.120767575,-0.808234095
0.00449272948,0.0456661375,-9.0,-1.55294351,-8.99999431,0.502622261,-0.791174098,-0.120767575,-0.808234096
0.00449372948,0.039388647,-9.0,-1.55294329,-8.99999431,0.502622261,-0.791174098,-0.120767575,-0.808234096
0.00449472948,0.0331096014,-9.0,-1.55294309,-8.99999431,0.502622261,-0.791174098,-0.120767575,-0.808234097
0.00449572948,0.0268292488,-9.0,-1.5529429,-8.99999431,0.502622261,-0.791174098,-0.120767575,-0.808234098
0.00449672948,0.020547837,-9.0,-1.55294272,-8.99999431,0.502622261,-0.791174098,-0.120767575,-0.808234098
0.00449772948,0.014265614,-9.0,-1.55294255,-8.99999431,0.502622261,-0.791174098,-0.120767574,-0.808234099
0.00449872948,0.00798282778,-9.0,-1.55294239,-8.99999431,0.502622261,-0.791174098,-0.120767574,-0.808234099
0.00449972948,0.00169972644,-9.0,-1.55294224,-8.99999431,0.502622261,-0.791174098,-0.120767574,-0.8082341
0.00450072948,-0.004583442,-9.0,-1.5529421,-8.99999431,0.502622261,-0.791174098,-0.120767574,-0.8082341
0.00450172948,-0.0108664295,-9.0,-1.55294197,-8.99999431,0.502622261,-0.791174098,-0.120767574,-0.8082341
0.00450272948,-0.017148988,-9.0,-1.55294184,-8.99999431,0.502622261,-0.791174098,-0.120767574,-0.808234101
0.00450372948,-0.0234308695,-9.0,-1.55294173,-8.99999431,0.502622261,-0.791174098,-0.120767574,-0.808234101
0.00450472948,-0.029711826,-9.0,-1.55294162,-8.99999431,0.502622261,-0.791174098,-0.120767574,-0.808234102
0.00450572948,-0.0359916095,-9.0,-1.55294152,-8.99999431,0.502622261,-0.791174098,-0.120767574,-0.808234102
0.00450672948,-0.0422699721,-9.0,-1.55294142,-8.99999431,0.502622261,-0.791174098,-0.120767574,-0.808234102
0.00450772948,-0.048546666,-9.0,-1.55294133,-8.99999431,0.502622261,-0.791174098,-0.120767574,-0.808234102
0.00450872948,-0.0548214433,-9.0,-1.55294125,-8.99999431,0.502622261,-0.791174098,-0.120767574,-0.808234103
0.00450972948,-0.0610940564,-9.0,-1.55294117,-8.99999431,0.50262226,-0.791174098,-0.120767574,-0.808234103
0.00451072948,-0.0673642576,-9.0,-1.55294109,-8.99999431,0.50262226,-0.791174098,-0.120767574,-0.808234103
0.00451172948,-0.0736317994,-9.0,-1.55294102,-8.99999431,0.50262226,-0.791174098,-0.120767574,-0.808234103
0.00451272948,-0.0798964343,-9.0,-1.55294096,-8.99999431,0.50262226,-0.791174098,-0.120767574,-0.808234104
0.00451372948,-0.086157915,-9.0,-1.55294089,-8.99999431,0.50262226,-0.791174098,-0.120767574,-0.808234104
0.00451472948,-0.0924159944,-9.0,-1.55294084,-8.99999431,0.50262226,-0.791174098,-0.120767574,-0.808234104
0.00451572948,-0.0986704253,-9.0,-1.55294078,-8.99999431,0.50262226,-0.791174098,-0.120767574,-0.808234104
0.00451672948,-0.104920961,-9.0,-1.55294073,-8.99999431,0.50262226,-0.791174098,-0.120767574,-0.808234104
0.00451772948,-0.111167354,-9.0,-1.55294068,-8.99999431,0.50262226,-0.791174098,-0.120767574,-0.808234104
0.00451872948,-0.117409359,-9.0,-1.55294064,-8.99999431,0.50262226,-0.791174098,-0.120767574,-0.808234105
0.00451972948,-0.123646729,-9.0,-1.5529406,-8.99999431,0.50262226,-0.791174098,-0.120767574,-0.808234105
0.00452072948,-0.129879217,-9.0,-1.55294056,-8.99999431,0.50262226,-0.791174098,-0.120767574,-0.808234105
0.00452172948,-0.136106578,-9.0,-1.55294052,-8.99999431,0.50262226,-0.791174098,-0.120767574,-0.808234105
0.00452272948,-0.142328566,-9.0,-1.55294048,-8.99999431,0.50262226,-0.791174098,-0.120767574,-0.808234105
0.00452372948,-0.148544935,-9.0,-1.55294045,-8.99999431,0.50262226,-0.791174098,-0.120767574,-0.808234105
0.00452472948,-0.154755439,-9.0,-1.55294042,-8.99999431,0.50262226,-0.791174098,-0.120767574,-0.808234105
0.00452572948,-0.160959834,-9.0,-1.55294039,-8.99999431,0.50262226,-0.791174098,-0.120767574,-0.808234105
0.00452672948,-0.167157875,-9.0,-1.55294036,-8.99999431,0.50262226,-0.791174098,-0.120767574,-0.808234105
0.00452772948,-0.173349316,-9.0,-1.55294034,-8.99999431,0.50262226,-0.791174098,-0.120767574,-0.808234105
0.00452872948,-0.179533914,-9.0,-1.55294032,-8.99999431,0.50262226,-0.791174098,-0.120767574,-0.808234105
0.00452972948,-0.185711424,-9.0,-1.55294029,-8.99999431,0.502622259,-0.791174098,-0.120767574,-0.808234106
0.00453072948,-0.191881603,-9.0,-1.55294027,-8.99999431,0.502622259,-0.791174098,-0.120767574,-0.808234106
0.00453172948,-0.198044206,-9.0,-1.55294025,-8.99999431,0.502622259,-0.791174098,-0.120767574,-0.808234106
0.00453272948,-0.204198992,-9.0,-1.55294023,-8.99999431,0.502622259,-0.791174098,-0.120767574,-0.808234106
0.00453372948,-0.210345715,-9.0,-1.55294022,-8.99999431,0.502622259,-0.791174098,-0.120767574,-0.808234106
0.00453472948,-0.216484135,-9.0,-1.5529402,-8.99999431,0.502622259,-0.791174098,-0.120767574,-0.808234106
0.00453572948,-0.222614008,-9.0,-1.55294018,-8.99999431,0.502622259,-0.791174098,-0.120767574,-0.808234106
0.00453672948,-0.228735093,-9.0,-1.55294017,-8.99999431,0.502622259,-0.791174098,-0.120767574,-0.808234106
0.00453772948,-0.234847147,-9.0,-1.55294016,-8.99999431,0.502622259,-0.791174098,-0.120767574,-0.808234106
0.00453872948,-0.240949931,-9.0,-1.55294014,-8.99999431,0.502622259,-0.791174098,-0.120767574,-0.808234106
0.00453972948,-0.247043202,-9.0,-1.55294013,-8.99999431,0.502622259,-0.791174098,-0.120767574,-0.808234106
0.00454072948,-0.25312672,-9.0,-1.55294012,-8.99999431,0.502622259,-0.791174098,-0.120767574,-0.808234106
0.00454172948,-0.259200245,-9.0,-1.55294011,-8.99999431,0.502622259,-0.791174098,-0.120767574,-0.808234106
0.00454272948,-0.265263537,-9.0,-1.5529401,-8.99999431,0.502622259,-0.791174098,-0.120767574,-0.808234106
0.00454372948,-0.271316357,-9.0,-1.55294009,-8.99999431,0.502622259,-0.791174098,-0.120767574,-0.808234106
0.00454472948,-0.277358466,-9.0,-1.55294008,-8.99999431,0.502622259,-0.791174098,-0.120767574,-0.808234106
0.00454572948,-0.283389626,-9.0,-1.55294007,-8.99999431,0.502622259,-0.791174098,-0.120767574,-0.808234106
0.00454672948,-0.289409598,-9.0,-1.55294007,-8.99999431,0.502622259,-0.791174098,-0.120767574,-0.808234106
0.00454772948,-0.295418144,-9.0,-1.55294006,-8.99999431,0.502622258,-0.791174098,-0.120767574,-0.808234106
0.00454872948,-0.301415028,-9.0,-1.55294005,-8.99999431,0.502622258,-0.791174098,-0.120767574,-0.808234106
0.00454972948,-0.307400012,-9.0,-1.55294005,-8.99999431,0.502622258,-0.791174098,-0.120767574,-0.808234106
0.00455072948,-0.313372861,-9.0,-1.55294004,-8.99999431,0.502622258,-0.791174098,-0.120767574,-0.808234106
0.00455172948,-0.319333338,-9.0,-1.55294003,-8.99999431,0.502622258,-0.791174098,-0.120767574,-0.808234106
0.00455272948,-0.325281209,-9.0,-1.55294003,-8.99999431,0.502622258,-0.791174098,-0.120767574,-0.808234106
0.00455372948,-0.331216238,-9.0,-1.55294002,-8.99999431,0.502622258,-0.791174098,-0.120767574,-0.808234106
0.00455472948,-0.337138191,-9.0,-1.55294002,-8.99999431,0.502622258,-0.791174098,-0.120767574,-0.808234106
0.00455572948,-0.343046835,-9.0,-1.55294001,-8.99999431,0.502622258,-0.791174098,-0.120767574,-0.808234106
0.00455672948,-0.348941935,-9.0,-1.55294001,-8.99999431,0.502622258,-0.791174098,-0.120767574,-0.808234106
0.00455772948,-0.35482326,-9.0,-1.55294001,-8.99999431,0.502622258,-0.791174098,-0.120767574,-0.808234106
0.00455872948,-0.360690577,-9.0,-1.55294,-8.99999431,0.502622258,-0.791174098,-0.120767574,-0.808234106
0.00455972948,-0.366543655,-9.0,-1.55294,-8.99999431,0.502622258,-0.791174098,-0.120767574,-0.808234106
0.00456072948,-0.372382262,-9.0,-1.55294,-8.99999431,0.502622258,-0.791174098,-0.120767574,-0.808234106
0.00456172948,-0.378206169,-9.0,-1.55293999,-8.99999431,0.502622258,-0.791174098,-0.120767574,-0.808234106
0.00456272948,-0.384015144,-9.0,-1.55293999,-8.99999431,0.502622258,-0.791174098,-0.120767574,-0.808234106
0.00456372948,-0.389808959,-9.0,-1.55293999,-8.99999431,0.502622257,-0.791174098,-0.120767574,-0.808234106
0.00456472948,-0.395587385,-9.0,-1.55293999,-8.99999431,0.502622257,-0.791174098,-0.120767574,-0.808234106
0.00456572948,-0.401350194,-9.0,-1.55293998,-8.99999431,0.502622257,-0.791174098,-0.120767574,-0.808234106
0.00456672948,-0.407097158,-9.0,-1.55293998,-8.99999431,0.502622257,-0.791174098,-0.120767574,-0.808234107
0.00456772948,-0.412828051,-9.0,-1.55293998,-8.99999431,0.502622257,-0.791174098,-0.120767574,-0.808234107
0.00456872948,-0.418542646,-9.0,-1.55293998,-8.99999431,0.502622257,-0.791174098,-0.120767574,-0.808234107
0.00456972948,-0.424240718,-9.0,-1.55293997,-8.99999431,0.502622257,-0.791174098,-0.120767574,-0.808234107
0.00457072948,-0.429922041,-9.0,-1.55293997,-8.99999431,0.502622257,-0.791174098,-0.120767574,-0.808234107
0.00457172948,-0.435586392,-9.0,-1.55293997,-8.99999431,0.502622257,-0.791174098,-0.120767574,-0.808234107
0.00457272948,-0.441233547,-9.0,-1.55293997,-8.99999431,0.502622257,-0.791174098,-0.120767574,-0.808234107
0.00457372948,-0.446863282,-9.0,-1.55293997,-8.99999431,0.502622257,-0.791174098,-0.120767574,-0.808234107
0.00457472948,-0.452475377,-9.0,-1.55293997,-8.99999431,0.502622257,-0.791174098,-0.120767574,-0.808234107
0.00457572948,-0.458069608,-9.0,-1.55293997,-8.99999431,0.502622257,-0.791174098,-0.120767574,-0.808234107
0.00457672948,-0.463645755,-9.0,-1.55293996,-8.99999431,0.502622257,-0.791174098,-0.120767574,-0.808234107
0.00457772948,-0.469203598,-9.0,-1.55293996,-8.99999431,0.502622257,-0.791174098,-0.120767574,-0.808234107
0.00457872948,-0.474742919,-9.0,-1.55293996,-8.99999431,0.502622256,-0.791174098,-0.120767574,-0.808234107
0.00457972948,-0.480263497,-9.0,-1.55293996,-8.99999431,0.502622256,-0.791174098,-0.120767573,-0.808234107
0.00458072948,-0.485765115,-9.0,-1.55293996,-8.99999431,0.502622256,-0.791174098,-0.120767573,-0.808234107
0.00458172948,-0.491247555,-9.0,-1.55293996,-8.99999431,0.502622256,-0.791174098,-0.120767573,-0.808234107
0.00458272948,-0.496710603,-9.0,-1.55293996,-8.99999431,0.502622256,-0.791174098,-0.120767573,-0.808234107
0.00458372948,-0.502154041,-9.0,-1.55293996,-8.99999431,0.502622256,-0.791174098,-0.120767573,-0.808234107
0.00458472948,-0.507577654,-9.0,-1.55293996,-8.99999431,0.502622256,-0.791174098,-0.120767573,-0.808234107
0.00458572948,-0.51298123,-9.0,-1.55293996,-8.99999431,0.502622256,-0.791174098,-0.120767573,-0.808234107
0.00458672948,-0.518364554,-9.0,-1.55293995,-8.99999431,0.502622256,-0.791174098,-0.120767573,-0.808234107
0.00458772948,-0.523727414,-9.0,-1.55293995,-8.99999431,0.502622256,-0.791174098,-0.120767573,-0.808234107
0.00458872948,-0.529069597,-9.0,-1.55293995,-8.99999431,0.502622256,-0.791174098,-0.120767573,-0.808234107
0.00458972948,-0.534390894,-9.0,-1.55293995,-8.99999431,0.502622256,-0.791174098,-0.120767573,-0.808234107
0.00459072948,-0.539691095,-9.0,-1.55293995,-8.99999431,0.502622256,-0.791174098,-0.120767573,-0.808234107
0.00459172948,-0.544969989,-9.0,-1.55293995,-8.99999431,0.502622256,-0.791174098,-0.120767573,-0.808234107
0.00459272948,-0.550227369,-9.0,-1.55293995,-8.99999431,0.502622256,-0.791174098,-0.120767573,-0.808234107
0.00459372948,-0.555463026,-9.0,-1.55293995,-8.99999431,0.502622255,-0.791174098,-0.120767573,-0.808234107
0.00459472948,-0.560676755,-9.0,-1.55293995,-8.99999431,0.502622255,-0.791174098,-0.120767573,-0.808234107
0.00459572948,-0.56586835,-9.0,-1.55293995,-8.99999431,0.502622255,-0.791174098,-0.120767573,-0.808234107
0.00459672948,-0.571037604,-9.0,-1.55293995,-8.99999431,0.502622255,-0.791174098,-0.120767573,-0.808234107
0.00459772948,-0.576184316,-9.0,-1.55293995,-8.99999431,0.502622255,-0.791174098,-0.120767573,-0.808234107
0.00459872948,-0.58130828,-9.0,-1.55293995,-8.99999431,0.502622255,-0.791174098,-0.120767573,-0.808234107
0.00459972948,-0.586409296,-9.0,-1.55293995,-8.99999431,0.502622255,-0.791174098,-0.120767573,-0.808234107
0.00460072948,-0.591487161,-9.0,-1.55293995,-8.99999431,0.502622255,-0.791174098,-0.120767573,-0.808234107
0.00460172948,-0.596541675,-9.0,-1.55293995,-8.99999431,0.502622255,-0.791174098,-0.120767573,-0.808234107
0.00460272948,-0.601572638,-9.0,-1.55293995,-8.99999431,0.502622255,-0.791174098,-0.120767573,-0.808234107
0.00460372948,-0.606579853,-9.0,-1.55293995,-8.99999431,0.502622255,-0.791174098,-0.120767573,-0.808234107
0.00460472948,-0.611563121,-9.0,-1.55293995,-8.99999431,0.502622255,-0.791174098,-0.120767573,-0.808234107
0.00460572948,-0.616522245,-9.0,-1.55293995,-8.99999431,0.502622255,-0.791174098,-0.120767573,-0.808234107
0.00460672948,-0.621457031,-9.0,-1.55293995,-8.99999431,0.502622254,-0.791174098,-0.120767573,-0.808234107
0.00460772948,-0.626367282,-9.0,-1.55293995,-8.99999431,0.502622254,-0.791174098,-0.120767573,-0.808234107
0.00460872948,-0.631252805,-9.0,-1.55293995,-8.99999431,0.502622254,-0.791174098,-0.120767573,-0.808234107
0.00460972948,-0.636113407,-9.0,-1.55293995,-8.99999431,0.502622254,-0.791174098,-0.120767573,-0.808234107
0.00461072948,-0.640948897,-9.0,-1.55293994,-8.99999431,0.502622254,-0.791174098,-0.120767573,-0.808234107
0.00461172948,-0.645759083,-9.0,-1.55293994,-8.99999431,0.502622254,-0.791174098,-0.120767573,-0.808234107
0.00461272948,-0.650543776,-9.0,-1.55293994,-8.99999431,0.502622254,-0.791174098,-0.120767573,-0.808234107
0.00461372948,-0.655302786,-9.0,-1.55293994,-8.99999431,0.502622254,-0.791174098,-0.120767573,-0.808234107
0.00461472948,-0.660035926,-9.0,-1.55293994,-8.99999431,0.502622254,-0.791174098,-0.120767573,-0.808234107
0.00461572948,-0.664743009,-9.0,-1.55293994,-8.99999431,0.502622254,-0.791174098,-0.120767573,-0.808234107
0.00461672948,-0.66942385,-9.0,-1.55293994,-8.99999431,0.502622254,-0.791174098,-0.120767573,-0.808234107
0.00461772948,-0.674078262,-9.0,-1.55293994,-8.99999431,0.502622254,-0.791174098,-0.120767573,-0.808234107
0.00461872948,-0.678706063,-9.0,-1.55293994,-8.99999431,0.502622254,-0.791174098,-0.120767573,-0.808234107
0.00461972948,-0.68330707,-9.0,-1.55293994,-8.99999431,0.502622253,-0.791174098,-0.120767573,-0.808234107
0.00462072948,-0.687881101,-9.0,-1.55293994,-8.99999431,0.502622253,-0.791174098,-0.120767573,-0.808234107
0.00462172948,-0.692427976,-9.0,-1.55293994,-8.99999431,0.502622253,-0.791174098,-0.120767573,-0.808234107
0.00462272948,-0.696947514,-9.0,-1.55293994,-8.99999431,0.502622253,-0.791174098,-0.120767573,-0.808234107
0.00462372948,-0.701439539,-9.0,-1.55293994,-8.99999431,0.502622253,-0.791174098,-0.120767573,-0.808234107
0.00462472948,-0.705903872,-9.0,-1.55293994,-8.99999431,0.502622253,-0.791174098,-0.120767573,-0.808234107
0.00462572948,-0.710340337,-9.0,-1.55293994,-8.99999431,0.502622253,-0.791174098,-0.120767573,-0.808234107
0.00462672948,-0.714748759,-9.0,-1.55293994,-8.99999431,0.502622253,-0.791174098,-0.120767573,-0.808234107
0.00462772948,-0.719128964,-9.0,-1.55293994,-8.99999431,0.502622253,-0.791174098,-0.120767573,-0.808234107
0.00462872948,-0.723480778,-9.0,-1.55293994,-8.99999431,0.502622253,-0.791174098,-0.120767573,-0.808234107
0.00462972948,-0.727804032,-9.0,-1.55293994,-8.99999431,0.502622253,-0.791174098,-0.120767573,-0.808234107
0.00463072948,-0.732098552,-9.0,-1.55293994,-8.99999431,0.502622253,-0.791174098,-0.120767573,-0.808234107
0.00463172948,-0.736364171,-9.0,-1.55293994,-8.99999431,0.502622253,-0.791174098,-0.120767573,-0.808234107
0.00463272948,-0.740600719,-9.0,-1.55293994,-8.99999431,0.502622252,-0.791174098,-0.120767573,-0.808234107
0.00463372948,-0.74480803,-9.0,-1.55293994,-8.99999431,0.502622252,-0.791174098,-0.120767573,-0.808234107
0.00463472948,-0.748985937,-9.0,-1.55293994,-8.99999431,0.502622252,-0.791174098,-0.120767573,-0.808234107
0.00463572948,-0.753134275,-9.0,-1.55293994,-8.99999431,0.502622252,-0.791174098,-0.120767573,-0.808234107
0.00463672948,-0.757252881,-9.0,-1.55293994,-8.99999431,0.502622252,-0.791174098,-0.120767573,-0.808234107
0.00463772948,-0.761341592,-9.0,-1.55293994,-8.99999431,0.502622252,-0.791174098,-0.120767573,-0.808234107
0.00463872948,-0.765400246,-9.0,-1.55293994,-8.99999431,0.502622252,-0.791174098,-0.120767573,-0.808234107
0.00463972948,-0.769428683,-9.0,-1.55293994,-8.99999431,0.502622252,-0.791174098,-0.120767573,-0.808234107
0.00464072948,-0.773426745,-9.0,-1.55293994,-8.99999431,0.502622252,-0.791174098,-0.120767573,-0.808234107
0.00464172948,-0.777394273,-9.0,-1.55293994,-8.99999431,0.502622252,-0.791174098,-0.120767573,-0.808234107
0.00464272948,-0.781331112,-9.0,-1.55293994,-8.99999431,0.502622252,-0.791174098,-0.120767573,-0.808234107
0.00464372948,-0.785237104,-9.0,-1.55293994,-8.99999431,0.502622252,-0.791174098,-0.120767573,-0.808234107
0.00464472948,-0.789112097,-9.0,-1.55293994,-8.99999431,0.502622252,-0.791174098,-0.120767573,-0.808234107
0.00464572948,-0.792955936,-9.0,-1.55293994,-8.99999431,0.502622251,-0.791174098,-0.120767573,-0.808234107
0.00464672948,-0.796768472,-9.0,-1.55293994,-8.99999431,0.502622251,-0.791174098,-0.120767573,-0.808234107
0.00464772948,-0.800549552,-9.0,-1.55293994,-8.99999431,0.502622251,-0.791174098,-0.120767573,-0.808234107
0.00464872948,-0.804299028,-9.0,-1.55293994,-8.99999431,0.502622251,-0.791174098,-0.120767573,-0.808234107
0.00464972948,-0.808016752,-9.0,-1.55293994,-8.99999431,0.502622251,-0.791174098,-0.120767573,-0.808234107
0.00465072948,-0.811702576,-9.0,-1.55293994,-8.99999431,0.502622251,-0.791174098,-0.120767573,-0.808234107
0.00465172948,-0.815356356,-9.0,-1.55293994,-8.99999431,0.502622251,-0.791174098,-0.120767573,-0.808234107
0.00465272948,-0.818977947,-9.0,-1.55293994,-8.99999431,0.502622251,-0.791174098,-0.120767573,-0.808234107
0.00465372948,-0.822567206,-9.0,-1.55293994,-8.99999431,0.502622251,-0.791174098,-0.120767573,-0.808234107
0.00465472948,-0.826123992,-9.0,-1.55293994,-8.99999431,0.502622251,-0.791174098,-0.120767573,-0.808234107
0.00465572948,-0.829648163,-9.0,-1.55293994,-8.99999431,0.502622251,-0.791174098,-0.120767573,-0.808234107
0.00465672948,-0.833139582,-9.0,-1.55293994,-8.99999431,0.502622251,-0.791174098,-0.120767573,-0.808234107
0.00465772948,-0.836598109,-9.0,-1.55293994,-8.99999431,0.50262225,-0.791174098,-0.120767573,-0.808234107
0.00465872948,-0.840023609,-9.0,-1.55293994,-8.99999431,0.50262225,-0.791174098,-0.120767573,-0.808234107
0.00465972948,-0.843415947,-9.0,-1.55293994,-8.99999431,0.50262225,-0.791174098,-0.120767573,-0.808234107
0.00466072948,-0.846774988,-9.0,-1.55293993,-8.99999431,0.50262225,-0.791174098,-0.120767573,-0.808234107
0.00466172948,-0.850100599,-9.0,-1.55293993,-8.99999431,0.50262225,-0.791174098,-0.120767573,-0.808234107
0.00466272948,-0.85339265,-9.0,-1.55293993,-8.99999431,0.50262225,-0.791174098,-0.120767573,-0.808234107
0.00466372948,-0.856651011,-9.0,-1.55293993,-8.99999431,0.50262225,-0.791174098,-0.120767573,-0.808234107
0.00466472948,-0.859875552,-9.0,-1.55293993,-8.99999431,0.50262225,-0.791174098,-0.120767573,-0.808234107
0.00466572948,-0.863066148,-9.0,-1.55293993,-8.99999431,0.50262225,-0.791174098,-0.120767573,-0.808234107
0.00466672948,-0.86622267,-9.0,-1.55293993,-8.99999431,0.50262225,-0.791174098,-0.120767573,-0.808234107
0.00466772948,-0.869344996,-9.0,-1.55293993,-8.99999431,0.50262225,-0.791174098,-0.120767573,-0.808234107
0.00466872948,-0.872433001,-9.0,-1.55293993,-8.99999431,0.502622249,-0.791174098,-0.120767573,-0.808234107
0.00466972948,-0.875486565,-9.0,-1.55293993,-8.99999431,0.502622249,-0.791174098,-0.120767573,-0.808234107
0.00467072948,-0.878505565,-9.0,-1.55293993,-8.99999431,0.502622249,-0.791174098,-0.120767573,-0.808234107
0.00467172948,-0.881489884,-9.0,-1.55293993,-8.99999431,0.502622249,-0.791174098,-0.120767573,-0.808234107
0.00467272948,-0.884439403,-9.0,-1.55293993,-8.99999431,0.502622249,-0.791174098,-0.120767573,-0.808234107
0.00467372948,-0.887354006,-9.0,-1.55293993,-8.99999431,0.502622249,-0.791174098,-0.120767573,-0.808234107
0.00467472948,-0.890233577,-9.0,-1.55293993,-8.99999431,0.502622249,-0.791174098,-0.120767573,-0.808234107
0.00467572948,-0.893078004,-9.0,-1.55293993,-8.99999431,0.502622249,-0.791174098,-0.120767573,-0.808234107
0.00467672948,-0.895887174,-9.0,-1.55293993,-8.99999431,0.502622249,-0.791174098,-0.120767573,-0.808234107
0.00467772948,-0.898660975,-9.0,-1.55293993,-8.99999431,0.502622249,-0.791174098,-0.120767573,-0.808234107
0.00467872948,-0.901399299,-9.0,-1.55293993,-8.99999431,0.502622249,-0.791174098,-0.120767573,-0.808234107
0.00467972948,-0.904102037,-9.0,-1.55293993,-8.99999431,0.502622249,-0.791174098,-0.120767573,-0.808234107
0.00468072948,-0.906769083,-9.0,-1.55293993,-8.99999431,0.502622248,-0.791174098,-0.120767573,-0.808234107
0.00468172948,-0.909400331,-9.0,-1.55293993,-8.99999431,0.502622248,-0.791174098,-0.120767573,-0.808234107
0.00468272948,-0.911995677,-9.0,-1.55293993,-8.99999431,0.502622248,-0.791174098,-0.120767573,-0.808234107
0.00468372948,-0.91455502,-9.0,-1.55293993,-8.99999431,0.502622248,-0.791174098,-0.120767573,-0.808234107
0.00468472948,-0.917078257,-9.0,-1.55293993,-8.99999431,0.502622248,-0.791174098,-0.120767573,-0.808234107
0.00468572948,-0.91956529,-9.0,-1.55293993,-8.99999431,0.502622248,-0.791174098,-0.120767573,-0.808234107
0.00468672948,-0.92201602,-9.0,-1.55293993,-8.99999431,0.502622248,-0.791174098,-0.120767573,-0.808234107
0.00468772948,-0.92443035,-9.0,-1.55293993,-8.99999431,0.502622248,-0.791174098,-0.120767573,-0.808234107
0.00468872948,-0.926808185,-9.0,-1.55293993,-8.99999431,0.502622248,-0.791174098,-0.120767573,-0.808234107
0.00468972948,-0.929149432,-9.0,-1.55293993,-8.99999431,0.502622248,-0.791174098,-0.120767573,-0.808234107
0.00469072948,-0.931453997,-9.0,-1.55293993,-8.99999431,0.502622248,-0.791174098,-0.120767573,-0.808234107
0.00469172948,-0.93372179,-9.0,-1.55293993,-8.99999431,0.502622247,-0.791174098,-0.120767573,-0.808234107
0.00469272948,-0.935952721,-9.0,-1.55293993,-8.99999431,0.502622247,-0.791174098,-0.120767573,-0.808234107
0.00469372948,-0.938146703,-9.0,-1.55293993,-8.99999431,0.502622247,-0.791174098,-0.120767573,-0.808234107
0.00469472948,-0.940303648,-9.0,-1.55293993,-8.99999431,0.502622247,-0.791174098,-0.120767573,-0.808234107
0.00469572948,-0.942423472,-9.0,-1.55293993,-8.99999431,0.502622247,-0.791174098,-0.120767573,-0.808234107
0.00469672948,-0.94450609,-9.0,-1.55293993,-8.99999431,0.502622247,-0.791174098,-0.120767573,-0.808234107
0.00469772948,-0.946551421,-9.0,-1.55293993,-8.99999431,0.502622247,-0.791174098,-0.120767573,-0.808234107
0.00469872948,-0.948559383,-9.0,-1.55293993,-8.99999431,0.502622247,-0.791174098,-0.120767573,-0.808234107
0.00469972948,-0.950529898,-9.0,-1.55293993,-8.99999431,0.502622247,-0.791174098,-0.120767573,-0.808234107
0.00470072948,-0.952462888,-9.0,-1.55293993,-8.99999431,0.502622247,-0.791174098,-0.120767573,-0.808234107
0.00470172948,-0.954358276,-9.0,-1.55293993,-8.99999431,0.502622247,-0.791174098,-0.120767573,-0.808234107
0.00470272948,-0.956215988,-9.0,-1.55293993,-8.99999431,0.502622246,-0.791174098,-0.120767573,-0.808234107
0.00470372948,-0.95803595,-9.0,-1.55293993,-8.99999431,0.502622246,-0.791174098,-0.120767573,-0.808234107
0.00470472948,-0.95981809,-9.0,-1.55293993,-8.99999431,0.502622246,-0.791174098,-0.120767573,-0.808234107
0.00470572948,-0.961562338,-9.0,-1.55293993,-8.99999431,0.502622246,-0.791174098,-0.120767573,-0.808234107
0.00470672948,-0.963268626,-9.0,-1.55293993,-8.99999431,0.502622246,-0.791174098,-0.120767573,-0.808234107
0.00470772948,-0.964936885,-9.0,-1.55293993,-8.99999431,0.502622246,-0.791174098,-0.120767573,-0.808234107
0.00470872948,-0.96656705,-9.0,-1.55293993,-8.99999431,0.502622246,-0.791174098,-0.120767573,-0.808234107
0.00470972948,-0.968159057,-9.0,-1.55293992,-8.99999431,0.502622246,-0.791174098,-0.120767573,-0.808234107
0.00471072948,-0.969712843,-9.0,-1.55293992,-8.99999431,0.502622246,-0.791174098,-0.120767573,-0.808234107
0.00471172948,-0.971228346,-9.0,-1.55293992,-8.99999431,0.502622246,-0.791174098,-0.120767573,-0.808234107
0.00471272948,-0.972705506,-9.0,-1.55293992,-8.99999431,0.502622246,-0.791174098,-0.120767573,-0.808234107
0.00471372948,-0.974144266,-9.0,-1.55293992,-8.99999431,0.502622246,-0.791174098,-0.120767573,-0.808234107
0.00471472948,-0.975544568,-9.0,-1.55293992,-8.99999431,0.502622245,-0.791174098,-0.120767573,-0.808234107
0.00471572948,-0.976906358,-9.0,-1.55293992,-8.99999431,0.502622245,-0.791174098,-0.120767573,-0.808234107
0.00471672948,-0.978229581,-9.0,-1.55293992,-8.99999431,0.502622245,-0.791174098,-0.120767573,-0.808234107
0.00471772948,-0.979514185,-9.0,-1.55293992,-8.99999431,0.502622245,-0.791174098,-0.120767573,-0.808234107
0.00471872948,-0.980760119,-9.0,-1.55293992,-8.99999431,0.502622245,-0.791174098,-0.120767573,-0.808234107
0.00471972948,-0.981967335,-9.0,-1.55293992,-8.99999431,0.502622245,-0.791174098,-0.120767573,-0.808234107
0.00472072948,-0.983135784,-9.0,-1.55293992,-8.99999431,0.502622245,-0.791174098,-0.120767573,-0.808234107
0.00472172948,-0.984265421,-9.0,-1.55293992,-8.99999431,0.502622245,-0.791174098,-0.120767573,-0.808234107
0.00472272948,-0.985356201,-9.0,-1.55293992,-8.99999431,0.502622245,-0.791174098,-0.120767573,-0.808234107
0.00472372948,-0.98640808,-9.0,-1.55293992,-8.99999431,0.502622245,-0.791174098,-0.120767573,-0.808234107
0.00472472948,-0.987421018,-9.0,-1.55293992,-8.99999431,0.502622245,-0.791174098,-0.120767573,-0.808234107
0.00472572948,-0.988394974,-9.0,-1.55293992,-8.99999431,0.502622244,-0.791174098,-0.120767573,-0.808234107
0.00472672948,-0.98932991,-9.0,-1.55293992,-8.99999431,0.502622244,-0.791174098,-0.120767573,-0.808234107
0.00472772948,-0.990225789,-9.0,-1.55293992,-8.99999431,0.502622244,-0.791174098,-0.120767573,-0.808234107
0.00472872948,-0.991082576,-9.0,-1.55293992,-8.99999431,0.502622244,-0.791174098,-0.120767573,-0.808234107
0.00472972948,-0.991900236,-9.0,-1.55293992,-8.99999431,0.502622244,-0.791174098,-0.120767573,-0.808234107
0.00473072948,-0.992678738,-9.0,-1.55293992,-8.99999431,0.502622244,-0.791174098,-0.120767573,-0.808234107
0.00473172948,-0.99341805,-9.0,-1.55293992,-8.99999431,0.502622244,-0.791174098,-0.120767573,-0.808234107
0.00473272948,-0.994118144,-9.0,-1.55293992,-8.99999431,0.502622244,-0.791174098,-0.120767573,-0.808234107
0.00473372948,-0.994778992,-9.0,-1.55293992,-8.99999431,0.502622244,-0.791174098,-0.120767573,-0.808234107
0.00473472948,-0.995400568,-9.0,-1.55293992,-8.99999431,0.502622244,-0.791174098,-0.120767573,-0.808234107
0.00473572948,-0.995982847,-9.0,-1.55293992,-8.99999431,0.502622244,-0.791174098,-0.120767573,-0.808234107
0.00473672948,-0.996525807,-9.0,-1.55293992,-8.99999431,0.502622243,-0.791174098,-0.120767573,-0.808234107
0.00473772948,-0.997029425,-9.0,-1.55293992,-8.99999431,0.502622243,-0.791174098,-0.120767573,-0.808234107
0.00473872948,-0.997493682,-9.0,-1.55293992,-8.99999431,0.502622243,-0.791174098,-0.120767573,-0.808234107
0.00473972948,-0.99791856,-9.0,-1.55293992,-8.99999431,0.502622243,-0.791174098,-0.120767573,-0.808234107
0.00474072948,-0.998304042,-9.0,-1.55293992,-8.99999431,0.502622243,-0.791174098,-0.120767573,-0.808234107
0.00474172948,-0.998650112,-9.0,-1.55293992,-8.99999431,0.502622243,-0.791174098,-0.120767573,-0.808234107
0.00474272948,-0.998956758,-9.0,-1.55293992,-8.99999431,0.502622243,-0.791174098,-0.120767573,-0.808234107
0.00474372948,-0.999223966,-9.0,-1.55293992,-8.99999431,0.502622243,-0.791174098,-0.120767573,-0.808234107
0.00474472948,-0.999451727,-9.0,-1.55293992,-8.99999431,0.502622243,-0.791174098,-0.120767573,-0.808234107
0.00474572948,-0.999640031,-9.0,-1.55293992,-8.99999431,0.502622243,-0.791174098,-0.120767573,-0.808234107
0.00474672948,-0.999788871,-9.0,-1.55293992,-8.99999431,0.502622242,-0.791174098,-0.120767573,-0.808234107
0.00474772948,-0.999898241,-9.0,-1.55293992,-8.99999431,0.502622242,-0.791174098,-0.120767573,-0.808234107
0.00474872948,-0.999968137,-9.0,-1.55293992,-8.99999431,0.502622242,-0.791174098,-0.120767573,-0.808234107
0.00474972948,-0.999998555,-9.0,-1.55293992,-8.99999431,0.502622242,-0.791174098,-0.120767573,-0.808234107
0.00475072948,-0.999989496,-9.0,-1.55293992,-8.99999431,0.502622242,-0.791174098,-0.120767573,-0.808234107
0.00475172948,-0.999940959,-9.0,-1.55293992,-8.99999431,0.502622242,-0.791174098,-0.120767573,-0.808234107
0.00475272948,-0.999852945,-9.0,-1.55293991,-8.99999431,0.502622242,-0.791174098,-0.120767573,-0.808234107
0.00475372948,-0.999725459,-9.0,-1.55293991,-8.99999431,0.502622242,-0.791174098,-0.120767573,-0.808234107
0.00475472948,-0.999558506,-9.0,-1.55293991,-8.99999431,0.502622242,-0.791174098,-0.120767573,-0.808234107
0.00475572948,-0.999352092,-9.0,-1.55293991,-8.99999431,0.502622242,-0.791174098,-0.120767573,-0.808234107
0.00475672948,-0.999106225,-9.0,-1.55293991,-8.99999431,0.502622242,-0.791174098,-0.120767573,-0.808234107
0.00475772948,-0.998820915,-9.0,-1.55293991,-8.99999431,0.502622241,-0.791174098,-0.120767573,-0.808234107
0.00475872948,-0.998496174,-9.0,-1.55293991,-8.99999431,0.502622241,-0.791174098,-0.120767573,-0.808234107
0.00475972948,-0.998132013,-9.0,-1.55293991,-8.99999431,0.502622241,-0.791174098,-0.120767573,-0.808234107
0.00476072948,-0.997728448,-9.0,-1.55293991,-8.99999431,0.502622241,-0.791174098,-0.120767573,-0.808234107
0.00476172948,-0.997285495,-9.0,-1.55293991,-8.99999431,0.502622241,-0.791174098,-0.120767573,-0.808234107
0.00476272948,-0.99680317,-9.0,-1.55293991,-8.99999431,0.502622241,-0.791174098,-0.120767573,-0.808234107
0.00476372948,-0.996281493,-9.0,-1.55293991,-8.99999431,0.502622241,-0.791174098,-0.120767573,-0.808234107
0.00476472948,-0.995720485,-9.0,-1.55293991,-8.99999431,0.502622241,-0.791174098,-0.120767573,-0.808234107
0.00476572948,-0.995120167,-9.0,-1.55293991,-8.99999431,0.502622241,-0.791174098,-0.120767573,-0.808234107
0.00476672948,-0.994480564,-9.0,-1.55293991,-8.99999431,0.502622241,-0.791174098,-0.120767573,-0.808234107
0.00476772948,-0.9938017,-9.0,-1.55293991,-8.99999431,0.502622241,-0.791174098,-0.120767573,-0.808234107
0.00476872948,-0.993083603,-9.0,-1.55293991,-8.99999431,0.50262224,-0.791174098,-0.120767573,-0.808234107
0.00476972948,-0.9923263,-9.0,-1.55293991,-8.99999431,0.50262224,-0.791174098,-0.120767573,-0.808234107
0.00477072948,-0.991529823,-9.0,-1.55293991,-8.99999431,0.50262224,-0.791174098,-0.120767573,-0.808234107
0.00477172948,-0.990694201,-9.0,-1.55293991,-8.99999431,0.50262224,-0.791174098,-0.120767573,-0.808234107
0.00477272948,-0.989819468,-9.0,-1.55293991,-8.99999431,0.50262224,-0.791174098,-0.120767573,-0.808234107
0.00477372948,-0.988905659,-9.0,-1.55293991,-8.99999431,0.50262224,-0.791174098,-0.120767573,-0.808234107
0.00477472948,-0.98795281,-9.0,-1.55293991,-8.99999431,0.50262224,-0.791174098,-0.120767573,-0.808234107
0.00477572948,-0.986960958,-9.0,-1.55293991,-8.99999431,0.50262224,-0.791174098,-0.120767573,-0.808234107
0.00477672948,-0.985930142,-9.0,-1.55293991,-8.99999431,0.50262224,-0.791174098,-0.120767573,-0.808234107
0.00477772948,-0.984860404,-9.0,-1.55293991,-8.99999431,0.50262224,-0.791174098,-0.120767573,-0.808234107
0.00477872948,-0.983751785,-9.0,-1.55293991,-8.99999431,0.50262224,-0.791174098,-0.120767573,-0.808234107
0.00477972948,-0.982604329,-9.0,-1.55293991,-8.99999431,0.502622239,-0.791174098,-0.120767573,-0.808234107
0.00478072948,-0.981418081,-9.0,-1.55293991,-8.99999431,0.502622239,-0.791174098,-0.120767573,-0.808234107
0.00478172948,-0.980193089,-9.0,-1.55293991,-8.99999431,0.502622239,-0.791174098,-0.120767573,-0.808234107
0.00478272948,-0.978929401,-9.0,-1.55293991,-8.99999431,0.502622239,-0.791174098,-0.120767573,-0.808234107
0.00478372948,-0.977627066,-9.0,-1.55293991,-8.99999431,0.502622239,-0.791174098,-0.120767573,-0.808234107
0.00478472948,-0.976286136,-9.0,-1.55293991,-8.99999431,0.502622239,-0.791174098,-0.120767573,-0.808234107
0.00478572948,-0.974906664,-9.0,-1.55293991,-8.99999431,0.502622239,-0.791174098,-0.120767573,-0.808234107
0.00478672948,-0.973488704,-9.0,-1.55293991,-8.99999431,0.502622239,-0.791174098,-0.120767573,-0.808234107
0.00478772948,-0.972032313,-9.0,-1.55293991,-8.99999431,0.502622239,-0.791174098,-0.120767573,-0.808234107
0.00478872948,-0.970537547,-9.0,-1.55293991,-8.99999431,0.502622239,-0.791174098,-0.120767573,-0.808234107
0.00478972948,-0.969004467,-9.0,-1.55293991,-8.99999431,0.502622239,-0.791174098,-0.120767573,-0.808234107
0.00479072948,-0.967433131,-9.0,-1.55293991,-8.99999431,0.502622238,-0.791174098,-0.120767573,-0.808234107
0.00479172948,-0.965823604,-9.0,-1.55293991,-8.99999431,0.502622238,-0.791174098,-0.120767573,-0.808234107
0.00479272948,-0.964175947,-9.0,-1.55293991,-8.99999431,0.502622238,-0.791174098,-0.120767573,-0.808234107
0.00479372948,-0.962490226,-9.0,-1.55293991,-8.99999431,0.502622238,-0.791174098,-0.120767573,-0.808234107
0.00479472948,-0.960766507,-9.0,-1.55293991,-8.99999431,0.502622238,-0.791174098,-0.120767573,-0.808234107
0.00479572948,-0.959004859,-9.0,-1.5529399,-8.99999431,0.502622238,-0.791174098,-0.120767573,-0.808234107
0.00479672948,-0.957205351,-9.0,-1.5529399,-8.99999431,0.502622238,-0.791174098,-0.120767573,-0.808234107
0.00479772948,-0.955368055,-9.0,-1.5529399,-8.99999431,0.502622238,-0.791174098,-0.120767573,-0.808234107
0.00479872948,-0.953493042,-9.0,-1.5529399,-8.99999431,0.502622238,-0.791174098,-0.120767573,-0.808234107
0.00479972948,-0.951580387,-9.0,-1.5529399,-8.99999431,0.502622238,-0.791174098,-0.120767573,-0.808234107
0.00480072948,-0.949630165,-9.0,-1.5529399,-8.99999431,0.502622238,-0.791174098,-0.120767573,-0.808234107
0.00480172948,-0.947642453,-9.0,-1.5529399,-8.99999431,0.502622238,-0.791174098,-0.120767573,-0.808234107
0.00480272948,-0.94561733,-9.0,-1.5529399,-8.99999431,0.502622237,-0.791174098,-0.120767573,-0.808234107
0.00480372948,-0.943554876,-9.0,-1.5529399,-8.99999431,0.502622237,-0.791174098,-0.120767573,-0.808234107
0.00480472948,-0.941455172,-9.0,-1.5529399,-8.99999431,0.502622237,-0.791174098,-0.120767573,-0.808234107
0.00480572948,-0.9393183,-9.0,-1.5529399,-8.99999431,0.502622237,-0.791174098,-0.120767573,-0.808234107
0.00480672948,-0.937144346,-9.0,-1.5529399,-8.99999431,0.502622237,-0.791174098,-0.120767573,-0.808234107
0.00480772948,-0.934933395,-9.0,-1.5529399,-8.99999431,0.502622237,-0.791174098,-0.120767573,-0.808234107
0.00480872948,-0.932685535,-9.0,-1.5529399,-8.99999431,0.502622237,-0.791174098,-0.120767573,-0.808234107
0.00480972948,-0.930400854,-9.0,-1.5529399,-8.99999431,0.502622237,-0.791174098,-0.120767573,-0.808234107
0.00481072948,-0.928079442,-9.0,-1.5529399,-8.99999431,0.502622237,-0.791174098,-0.120767573,-0.808234107
0.00481172948,-0.925721391,-9.0,-1.5529399,-8.99999431,0.502622237,-0.791174098,-0.120767573,-0.808234107
0.00481272948,-0.923326794,-9.0,-1.5529399,-8.99999431,0.502622237,-0.791174098,-0.120767573,-0.808234107
0.00481372948,-0.920895746,-9.0,-1.5529399,-8.99999431,0.502622236,-0.791174098,-0.120767573,-0.808234107
0.00481472948,-0.918428343,-9.0,-1.5529399,-8.99999431,0.502622236,-0.791174098,-0.120767573,-0.808234107
0.00481572948,-0.915924681,-9.0,-1.5529399,-8.99999431,0.502622236,-0.791174098,-0.120767573,-0.808234107
0.00481672948,-0.913384861,-9.0,-1.5529399,-8.99999431,0.502622236,-0.791174098,-0.120767573,-0.808234107
0.00481772948,-0.910808981,-9.0,-1.5529399,-8.99999431,0.502622236,-0.791174098,-0.120767573,-0.808234107
0.00481872948,-0.908197144,-9.0,-1.5529399,-8.99999431,0.502622236,-0.791174098,-0.120767573,-0.808234107
0.00481972948,-0.905549454,-9.0,-1.5529399,-8.99999431,0.502622236,-0.791174098,-0.120767573,-0.808234107
0.00482072948,-0.902866013,-9.0,-1.5529399,-8.99999431,0.502622236,-0.791174098,-0.120767573,-0.808234107
0.00482172948,-0.90014693,-9.0,-1.5529399,-8.99999431,0.502622236,-0.791174098,-0.120767573,-0.808234107
0.00482272948,-0.897392309,-9.0,-1.5529399,-8.99999431,0.502622236,-0.791174098,-0.120767573,-0.808234107
0.00482372948,-0.894602262,-9.0,-1.5529399,-8.99999431,0.502622236,-0.791174098,-0.120767573,-0.808234107
0.00482472948,-0.891776897,-9.0,-1.5529399,-8.99999431,0.502622235,-0.791174098,-0.120767573,-0.808234107
0.00482572948,-0.888916326,-9.0,-1.5529399,-8.99999431,0.502622235,-0.791174098,-0.120767573,-0.808234107
0.00482672948,-0.886020662,-9.0,-1.5529399,-8.99999431,0.502622235,-0.791174098,-0.120767573,-0.808234107
0.00482772948,-0.88309002,-9.0,-1.5529399,-8.99999431,0.502622235,-0.791174098,-0.120767573,-0.808234107
0.00482872948,-0.880124515,-9.0,-1.5529399,-8.99999431,0.502622235,-0.791174098,-0.120767573,-0.808234107
0.00482972948,-0.877124264,-9.0,-1.5529399,-8.99999431,0.502622235,-0.791174098,-0.120767573,-0.808234107
0.00483072948,-0.874089385,-9.0,-1.5529399,-8.99999431,0.502622235,-0.791174098,-0.120767573,-0.808234107
0.00483172948,-0.871019999,-9.0,-1.5529399,-8.99999431,0.502622235,-0.791174098,-0.120767573,-0.808234107
0.00483272948,-0.867916227,-9.0,-1.5529399,-8.99999431,0.502622235,-0.791174098,-0.120767573,-0.808234107
0.00483372948,-0.864778191,-9.0,-1.5529399,-8.99999431,0.502622235,-0.791174098,-0.120767573,-0.808234107
0.00483472948,-0.861606015,-9.0,-1.5529399,-8.99999431,0.502622235,-0.791174098,-0.120767573,-0.808234107
0.00483572948,-0.858399824,-9.0,-1.5529399,-8.99999431,0.502622235,-0.791174098,-0.120767573,-0.808234107
0.00483672948,-0.855159745,-9.0,-1.5529399,-8.99999431,0.502622234,-0.791174098,-0.120767573,-0.808234107
0.00483772948,-0.851885906,-9.0,-1.5529399,-8.99999431,0.502622234,-0.791174098,-0.120767573,-0.808234107
0.00483872948,-0.848578435,-9.0,-1.5529399,-8.99999431,0.502622234,-0.791174098,-0.120767573,-0.808234107
0.00483972948,-0.845237465,-9.0,-1.55293989,-8.99999431,0.502622234,-0.791174098,-0.120767573,-0.808234107
0.00484072948,-0.841863126,-9.0,-1.55293989,-8.99999431,0.502622234,-0.791174098,-0.120767573,-0.808234107
0.00484172948,-0.838455551,-9.0,-1.55293989,-8.99999431,0.502622234,-0.791174098,-0.120767573,-0.808234107
0.00484272948,-0.835014876,-9.0,-1.55293989,-8.99999431,0.502622234,-0.791174098,-0.120767573,-0.808234107
0.00484372948,-0.831541236,-9.0,-1.55293989,-8.99999431,0.502622234,-0.791174098,-0.120767573,-0.808234107
0.00484472948,-0.828034768,-9.0,-1.55293989,-8.99999431,0.502622234,-0.791174098,-0.120767573,-0.808234107
0.00484572948,-0.82449561,-9.0,-1.55293989,-8.99999431,0.502622234,-0.791174098,-0.120767573,-0.808234107
0.00484672948,-0.820923903,-9.0,-1.55293989,-8.99999431,0.502622234,-0.791174098,-0.120767573,-0.808234107
0.00484772948,-0.817319787,-9.0,-1.55293989,-8.99999431,0.502622234,-0.791174098,-0.120767573,-0.808234107
0.00484872948,-0.813683405,-9.0,-1.55293989,-8.99999431,0.502622233,-0.791174098,-0.120767573,-0.808234107
0.00484972948,-0.8100149,-9.0,-1.55293989,-8.99999431,0.502622233,-0.791174098,-0.120767573,-0.808234107
0.00485072948,-0.806314417,-9.0,-1.55293989,-8.99999431,0.502622233,-0.791174098,-0.120767573,-0.808234107
0.00485172948,-0.802582102,-9.0,-1.55293989,-8.99999431,0.502622233,-0.791174098,-0.120767573,-0.808234107
0.00485272948,-0.798818102,-9.0,-1.55293989,-8.99999431,0.502622233,-0.791174098,-0.120767573,-0.808234107
0.00485372948,-0.795022567,-9.0,-1.55293989,-8.99999431,0.502622233,-0.791174098,-0.120767573,-0.808234107
0.00485472948,-0.791195645,-9.0,-1.55293989,-8.99999431,0.502622233,-0.791174098,-0.120767573,-0.808234107
0.00485572948,-0.787337489,-9.0,-1.55293989,-8.99999431,0.502622233,-0.791174098,-0.120767573,-0.808234107
0.00485672948,-0.783448249,-9.0,-1.55293989,-8.99999431,0.502622233,-0.791174098,-0.120767573,-0.808234107
0.00485772948,-0.779528081,-9.0,-1.55293989,-8.99999431,0.502622233,-0.791174098,-0.120767573,-0.808234107
0.00485872948,-0.775577138,-9.0,-1.55293989,-8.99999431,0.502622233,-0.791174098,-0.120767573,-0.808234107
0.00485972948,-0.771595576,-9.0,-1.55293989,-8.99999431,0.502622233,-0.791174098,-0.120767573,-0.808234107
0.00486072948,-0.767583553,-9.0,-1.55293989,-8.99999431,0.502622232,-0.791174098,-0.120767573,-0.808234107
0.00486172948,-0.763541228,-9.0,-1.55293989,-8.99999431,0.502622232,-0.791174098,-0.120767573,-0.808234107
0.00486272948,-0.759468759,-9.0,-1.55293989,-8.99999431,0.502622232,-0.791174098,-0.120767573,-0.808234107
0.00486372948,-0.755366307,-9.0,-1.55293989,-8.99999431,0.502622232,-0.791174098,-0.120767573,-0.808234107
0.00486472948,-0.751234035,-9.0,-1.55293989,-8.99999431,0.502622232,-0.791174098,-0.120767573,-0.808234107
0.00486572948,-0.747072106,-9.0,-1.55293989,-8.99999431,0.502622232,-0.791174098,-0.120767573,-0.808234107
0.00486672948,-0.742880683,-9.0,-1.55293989,-8.99999431,0.502622232,-0.791174098,-0.120767573,-0.808234107
0.00486772948,-0.738659933,-9.0,-1.55293989,-8.99999431,0.502622232,-0.791174098,-0.120767573,-0.808234107
0.00486872948,-0.734410022,-9.0,-1.55293989,-8.99999431,0.502622232,-0.791174098,-0.120767573,-0.808234107
0.00486972948,-0.730131117,-9.0,-1.55293989,-8.99999431,0.502622232,-0.791174098,-0.120767573,-0.808234107
0.00487072948,-0.725823388,-9.0,-1.55293989,-8.99999431,0.502622232,-0.791174098,-0.120767573,-0.808234107
0.00487172948,-0.721487005,-9.0,-1.55293989,-8.99999431,0.502622232,-0.791174098,-0.120767573,-0.808234107
0.00487272948,-0.717122139,-9.0,-1.55293989,-8.99999431,0.502622232,-0.791174098,-0.120767573,-0.808234107
0.00487372948,-0.712728962,-9.0,-1.55293989,-8.99999431,0.502622231,-0.791174098,-0.120767573,-0.808234107
0.00487472948,-0.708307648,-9.0,-1.55293989,-8.99999431,0.502622231,-0.791174098,-0.120767573,-0.808234107
0.00487572948,-0.703858371,-9.0,-1.55293989,-8.99999431,0.502622231,-0.791174098,-0.120767573,-0.808234107
0.00487672948,-0.699381307,-9.0,-1.55293989,-8.99999431,0.502622231,-0.791174098,-0.120767573,-0.808234107
0.00487772948,-0.694876632,-9.0,-1.55293989,-8.99999431,0.502622231,-0.791174098,-0.120767573,-0.808234107
0.00487872948,-0.690344525,-9.0,-1.55293989,-8.99999431,0.502622231,-0.791174098,-0.120767573,-0.808234107
0.00487972948,-0.685785164,-9.0,-1.55293989,-8.99999431,0.502622231,-0.791174098,-0.120767573,-0.808234107
0.00488072948,-0.68119873,-9.0,-1.55293989,-8.99999431,0.502622231,-0.791174098,-0.120767573,-0.808234107
0.00488172948,-0.676585403,-9.0,-1.55293989,-8.99999431,0.502622231,-0.791174098,-0.120767573,-0.808234107
0.00488272948,-0.671945366,-9.0,-1.55293989,-8.99999431,0.502622231,-0.791174098,-0.120767573,-0.808234107
0.00488372948,-0.667278801,-9.0,-1.55293989,-8.99999431,0.502622231,-0.791174098,-0.120767573,-0.808234107
0.00488472948,-0.662585894,-9.0,-1.55293989,-8.99999431,0.502622231,-0.791174098,-0.120767573,-0.808234107
0.00488572948,-0.657866828,-9.0,-1.55293989,-8.99999431,0.50262223,-0.791174098,-0.120767573,-0.808234107
0.00488672948,-0.653121792,-9.0,-1.55293989,-8.99999431,0.50262223,-0.791174098,-0.120767573,-0.808234107
0.00488772948,-0.648350971,-9.0,-1.55293989,-8.99999431,0.50262223,-0.791174098,-0.120767573,-0.808234107
0.00488872948,-0.643554554,-9.0,-1.55293989,-8.99999431,0.50262223,-0.791174098,-0.120767573,-0.808234107
0.00488972948,-0.638732731,-9.0,-1.55293989,-8.99999431,0.50262223,-0.791174098,-0.120767573,-0.808234107
0.00489072948,-0.633885691,-9.0,-1.55293989,-8.99999431,0.50262223,-0.791174098,-0.120767573,-0.808234107
0.00489172948,-0.629013628,-9.0,-1.55293989,-8.99999431,0.50262223,-0.791174098,-0.120767573,-0.808234107
0.00489272948,-0.624116731,-9.0,-1.55293988,-8.99999431,0.50262223,-0.791174098,-0.120767573,-0.808234107
0.00489372948,-0.619195196,-9.0,-1.55293988,-8.99999431,0.50262223,-0.791174098,-0.120767573,-0.808234107
0.00489472948,-0.614249216,-9.0,-1.55293988,-8.99999431,0.50262223,-0.791174098,-0.120767573,-0.808234107
0.00489572948,-0.609278986,-9.0,-1.55293988,-8.99999431,0.50262223,-0.791174098,-0.120767573,-0.808234107
0.00489672948,-0.604284703,-9.0,-1.55293988,-8.99999431,0.50262223,-0.791174098,-0.120767573,-0.808234107
0.00489772948,-0.599266564,-9.0,-1.55293988,-8.99999431,0.50262223,-0.791174098,-0.120767573,-0.808234107
0.00489872948,-0.594224767,-9.0,-1.55293988,-8.99999431,0.50262223,-0.791174098,-0.120767573,-0.808234107
0.00489972948,-0.589159511,-9.0,-1.55293988,-8.99999431,0.502622229,-0.791174098,-0.120767573,-0.808234107
0.00490072948,-0.584070996,-9.0,-1.55293988,-8.99999431,0.502622229,-0.791174098,-0.120767573,-0.808234107
0.00490172948,-0.578959423,-9.0,-1.55293988,-8.99999431,0.502622229,-0.791174098,-0.120767573,-0.808234107
0.00490272948,-0.573824993,-9.0,-1.55293988,-8.99999431,0.502622229,-0.791174098,-0.120767573,-0.808234107
0.00490372948,-0.56866791,-9.0,-1.55293988,-8.99999431,0.502622229,-0.791174098,-0.120767573,-0.808234107
0.00490472948,-0.563488377,-9.0,-1.55293988,-8.99999431,0.502622229,-0.791174098,-0.120767573,-0.808234107
0.00490572948,-0.558286598,-9.0,-1.55293988,-8.99999431,0.502622229,-0.791174098,-0.120767573,-0.808234107
0.00490672948,-0.553062779,-9.0,-1.55293988,-8.99999431,0.502622229,-0.791174098,-0.120767573,-0.808234107
0.00490772948,-0.547817126,-9.0,-1.55293988,-8.99999431,0.502622229,-0.791174098,-0.120767573,-0.808234107
0.00490872948,-0.542549846,-9.0,-1.55293988,-8.99999431,0.502622229,-0.791174098,-0.120767573,-0.808234107
0.00490972948,-0.537261147,-9.0,-1.55293988,-8.99999431,0.502622229,-0.791174098,-0.120767573,-0.808234107
0.00491072948,-0.531951239,-9.0,-1.55293988,-8.99999431,0.502622229,-0.791174098,-0.120767573,-0.808234107
0.00491172948,-0.526620329,-9.0,-1.55293988,-8.99999431,0.502622229,-0.791174098,-0.120767573,-0.808234107
0.00491272948,-0.52126863,-9.0,-1.55293988,-8.99999431,0.502622229,-0.791174098,-0.120767573,-0.808234107
0.00491372948,-0.515896351,-9.0,-1.55293988,-8.99999431,0.502622228,-0.791174098,-0.120767573,-0.808234107
0.00491472948,-0.510503706,-9.0,-1.55293988,-8.99999431,0.502622228,-0.791174098,-0.120767573,-0.808234107
0.00491572948,-0.505090908,-9.0,-1.55293988,-8.99999431,0.502622228,-0.791174098,-0.120767573,-0.808234107
0.00491672948,-0.499658169,-9.0,-1.55293988,-8.99999431,0.502622228,-0.791174098,-0.120767573,-0.808234107
0.00491772948,-0.494205704,-9.0,-1.55293988,-8.99999431,0.502622228,-0.791174098,-0.120767573,-0.808234107
0.00491872948,-0.488733729,-9.0,-1.55293988,-8.99999431,0.502622228,-0.791174098,-0.120767573,-0.808234107
0.00491972948,-0.48324246,-9.0,-1.55293988,-8.99999431,0.502622228,-0.791174098,-0.120767573,-0.808234107
0.00492072948,-0.477732113,-9.0,-1.55293988,-8.99999431,0.502622228,-0.791174098,-0.120767573,-0.808234107
0.00492172948,-0.472202906,-9.0,-1.55293988,-8.99999431,0.502622228,-0.791174098,-0.120767573,-0.808234107
0.00492272948,-0.466655057,-9.0,-1.55293988,-8.99999431,0.502622228,-0.791174098,-0.120767574,-0.808234107
0.00492372948,-0.461088786,-9.0,-1.55293988,-8.99999431,0.502622228,-0.791174098,-0.120767574,-0.808234107
0.00492472948,-0.455504311,-9.0,-1.55293988,-8.99999431,0.502622228,-0.791174098,-0.120767574,-0.808234107
0.00492572948,-0.449901854,-9.0,-1.55293988,-8.99999431,0.502622228,-0.791174098,-0.120767574,-0.808234107
0.00492672948,-0.444281636,-9.0,-1.55293988,-8.99999431,0.502622228,-0.791174098,-0.120767574,-0.808234107
0.00492772948,-0.438643878,-9.0,-1.55293988,-8.99999431,0.502622228,-0.791174098,-0.120767574,-0.808234107
0.00492872948,-0.432988803,-9.0,-1.55293988,-8.99999431,0.502622227,-0.791174098,-0.120767574,-0.808234107
0.00492972948,-0.427316635,-9.0,-1.55293988,-8.99999431,0.502622227,-0.791174098,-0.120767574,-0.808234107
0.00493072948,-0.421627597,-9.0,-1.55293988,-8.99999431,0.502622227,-0.791174098,-0.120767574,-0.808234107
0.00493172948,-0.415921914,-9.0,-1.55293988,-8.99999431,0.502622227,-0.791174098,-0.120767574,-0.808234107
0.00493272948,-0.41019981,-9.0,-1.55293988,-8.99999431,0.502622227,-0.791174098,-0.120767574,-0.808234107
0.00493372948,-0.404461513,-9.0,-1.55293988,-8.99999431,0.502622227,-0.791174098,-0.120767574,-0.808234107
0.00493472948,-0.398707249,-9.0,-1.55293988,-8.99999431,0.502622227,-0.791174098,-0.120767574,-0.808234107
0.00493572948,-0.392937244,-9.0,-1.55293988,-8.99999431,0.502622227,-0.791174098,-0.120767574,-0.808234107
0.00493672948,-0.387151727,-9.0,-1.55293988,-8.99999431,0.502622227,-0.791174098,-0.120767574,-0.808234107
0.00493772948,-0.381350925,-9.0,-1.55293988,-8.99999431,0.502622227,-0.791174098,-0.120767574,-0.808234107
0.00493872948,-0.375535069,-9.0,-1.55293988,-8.99999431,0.502622227,-0.791174098,-0.120767574,-0.808234107
0.00493972948,-0.369704387,-9.0,-1.55293988,-8.99999431,0.502622227,-0.791174098,-0.120767574,-0.808234107
0.00494072948,-0.363859109,-9.0,-1.55293988,-8.99999431,0.502622227,-0.791174098,-0.120767574,-0.808234107
0.00494172948,-0.357999467,-9.0,-1.55293988,-8.99999431,0.502622227,-0.791174098,-0.120767574,-0.808234107
0.00494272948,-0.352125692,-9.0,-1.55293988,-8.99999431,0.502622227,-0.791174098,-0.120767574,-0.808234107
0.00494372948,-0.346238016,-9.0,-1.55293988,-8.99999431,0.502622226,-0.791174098,-0.120767574,-0.808234107
0.00494472948,-0.340336671,-9.0,-1.55293988,-8.99999431,0.502622226,-0.791174098,-0.120767574,-0.808234107
0.00494572948,-0.33442189,-9.0,-1.55293988,-8.99999431,0.502622226,-0.791174098,-0.120767574,-0.808234107
0.00494672948,-0.328493906,-9.0,-1.55293988,-8.99999431,0.502622226,-0.791174098,-0.120767574,-0.808234107
0.00494772948,-0.322552954,-9.0,-1.55293988,-8.99999431,0.502622226,-0.791174098,-0.120767574,-0.808234107
0.00494872948,-0.316599268,-9.0,-1.55293988,-8.99999431,0.502622226,-0.791174098,-0.120767574,-0.808234107
0.00494972948,-0.310633084,-9.0,-1.55293988,-8.99999431,0.502622226,-0.791174098,-0.120767574,-0.808234107
0.00495072948,-0.304654636,-9.0,-1.55293988,-8.99999431,0.502622226,-0.791174098,-0.120767574,-0.808234107
0.00495172948,-0.298664161,-9.0,-1.55293988,-8.99999431,0.502622226,-0.791174098,-0.120767574,-0.808234107
0.00495272948,-0.292661895,-9.0,-1.55293988,-8.99999431,0.502622226,-0.791174098,-0.120767574,-0.808234107
0.00495372948,-0.286648076,-9.0,-1.55293988,-8.99999431,0.502622226,-0.791174098,-0.120767574,-0.808234107
0.00495472948,-0.28062294,-9.0,-1.55293988,-8.99999431,0.502622226,-0.791174098,-0.120767574,-0.808234107
0.00495572948,-0.274586725,-9.0,-1.55293988,-8.99999431,0.502622226,-0.791174098,-0.120767574,-0.808234107
0.00495672948,-0.26853967,-9.0,-1.55293988,-8.99999431,0.502622226,-0.791174098,-0.120767574,-0.808234107
0.00495772948,-0.262482014,-9.0,-1.55293988,-8.99999431,0.502622226,-0.791174098,-0.120767574,-0.808234107
0.00495872948,-0.256413996,-9.0,-1.55293988,-8.99999431,0.502622226,-0.791174098,-0.120767574,-0.808234107
0.00495972948,-0.250335854,-9.0,-1.55293988,-8.99999431,0.502622226,-0.791174098,-0.120767574,-0.808234107
0.00496072948,-0.24424783,-9.0,-1.55293988,-8.99999431,0.502622225,-0.791174098,-0.120767574,-0.808234107
0.00496172948,-0.238150164,-9.0,-1.55293988,-8.99999431,0.502622225,-0.791174098,-0.120767574,-0.808234107
0.00496272948,-0.232043095,-9.0,-1.55293988,-8.99999431,0.502622225,-0.791174098,-0.120767574,-0.808234107
0.00496372948,-0.225926866,-9.0,-1.55293988,-8.99999431,0.502622225,-0.791174098,-0.120767574,-0.808234107
0.00496472948,-0.219801718,-9.0,-1.55293988,-8.99999431,0.502622225,-0.791174098,-0.120767574,-0.808234107
0.00496572948,-0.213667892,-9.0,-1.55293988,-8.99999431,0.502622225,-0.791174098,-0.120767574,-0.808234107
0.00496672948,-0.207525631,-9.0,-1.55293988,-8.99999431,0.502622225,-0.791174098,-0.120767574,-0.808234107
0.00496772948,-0.201375178,-9.0,-1.55293988,-8.99999431,0.502622225,-0.791174098,-0.120767574,-0.808234107
0.00496872948,-0.195216774,-9.0,-1.55293988,-8.99999431,0.502622225,-0.791174098,-0.120767574,-0.808234107
0.00496972948,-0.189050664,-9.0,-1.55293988,-8.99999431,0.502622225,-0.791174098,-0.120767574,-0.808234107
0.00497072948,-0.18287709,-9.0,-1.55293988,-8.99999431,0.502622225,-0.791174098,-0.120767574,-0.808234107
0.00497172948,-0.176696296,-9.0,-1.55293988,-8.99999431,0.502622225,-0.791174098,-0.120767574,-0.808234107
0.00497272948,-0.170508527,-9.0,-1.55293988,-8.99999431,0.502622225,-0.791174098,-0.120767574,-0.808234107
0.00497372948,-0.164314026,-9.0,-1.55293988,-8.99999431,0.502622225,-0.791174098,-0.120767574,-0.808234107
0.00497472948,-0.158113039,-9.0,-1.55293988,-8.99999431,0.502622225,-0.791174098,-0.120767574,-0.808234107
0.00497572948,-0.15190581,-9.0,-1.55293988,-8.99999431,0.502622225,-0.791174098,-0.120767574,-0.808234107
0.00497672948,-0.145692583,-9.0,-1.55293988,-8.99999431,0.502622225,-0.791174098,-0.120767574,-0.808234107
0.00497772948,-0.139473605,-9.0,-1.55293988,-8.99999431,0.502622225,-0.791174098,-0.120767574,-0.808234107
0.00497872948,-0.133249121,-9.0,-1.55293987,-8.99999431,0.502622224,-0.791174098,-0.120767574,-0.808234107
0.00497972948,-0.127019376,-9.0,-1.55293987,-8.99999431,0.502622224,-0.791174098,-0.120767574,-0.808234107
0.00498072948,-0.120784617,-9.0,-1.55293987,-8.99999431,0.502622224,-0.791174098,-0.120767574,-0.808234107
0.00498172948,-0.114545089,-9.0,-1.55293987,-8.99999431,0.502622224,-0.791174098,-0.120767574,-0.808234107
0.00498272948,-0.10830104,-9.0,-1.55293987,-8.99999431,0.502622224,-0.791174098,-0.120767574,-0.808234107
0.00498372948,-0.102052714,-9.0,-1.55293987,-8.99999431,0.502622224,-0.791174098,-0.120767574,-0.808234107
0.00498472948,-0.0958003604,-9.0,-1.55293987,-8.99999431,0.502622224,-0.791174098,-0.120767574,-0.808234107
0.00498572948,-0.0895442243,-9.0,-1.55293987,-8.99999431,0.502622224,-0.791174098,-0.120767574,-0.808234107
0.00498672948,-0.0832845531,-9.0,-1.55293987,-8.99999431,0.502622224,-0.791174098,-0.120767574,-0.808234107
0.00498772948,-0.0770215941,-9.0,-1.55293987,-8.99999431,0.502622224,-0.791174098,-0.120767574,-0.808234107
0.00498872948,-0.0707555943,-9.0,-1.55293987,-8.99999431,0.502622224,-0.791174098,-0.120767574,-0.808234107
0.00498972948,-0.0644868012,-9.0,-1.55293987,-8.99999431,0.502622224,-0.791174098,-0.120767574,-0.808234107
0.00499072948,-0.0582154624,-9.0,-1.55293987,-8.99999431,0.502622224,-0.791174098,-0.120767574,-0.808234107
0.00499172948,-0.0519418252,-9.0,-1.55293987,-8.99999431,0.502622224,-0.791174098,-0.120767574,-0.808234107
0.00499272948,-0.0456661375,-9.0,-1.55293987,-8.99999431,0.502622224,-0.791174098,-0.120767574,-0.808234107
0.00499372948,-0.039388647,-9.0,-1.55293987,-8.99999431,0.502622224,-0.791174098,-0.120767574,-0.808234107
0.00499472948,-0.0331096014,-9.0,-1.55293987,-8.99999431,0.502622224,-0.791174098,-0.120767574,-0.808234107
0.00499572948,-0.0268292488,-9.0,-1.55293987,-8.99999431,0.502622224,-0.791174098,-0.120767574,-0.808234107
0.00499672948,-0.020547837,-9.0,-1.55293987,-8.99999431,0.502622224,-0.791174098,-0.120767574,-0.808234107
0.00499772948,-0.014265614,-9.0,-1.55293987,-8.99999431,0.502622224,-0.791174098,-0.120767574,-0.808234107
0.00499872948,-0.00798282778,-9.0,-1.55293987,-8.99999431,0.502622224,-0.791174098,-0.120767574,-0.808234107
0.00499936474,-0.00399144568,-9.0,-1.55293987,-8.99999431,0.502622223,-0.791174098,-0.120767574,-0.808234107
0.005,-1.2246468e-15,-9.0,-1.55293987,-8.99999431,0.502622223,-0.791174098,-0.120767574,-0.808234107
