bbox_x1,bbox_x2,bbox_y1,bbox_y2,class_id,class_name,component_class_id,component_class_name,component_node_id,confidence,connected_terminal_ids,diagram_id,estimated_connection_side,estimated_orientation,image_height,image_name,image_path,image_width,instance_id,is_suspicious_match,label,match_confidence,match_distance_px,match_status,match_warnings,matched_net_id,matched_net_index,n_components,n_connected_terminals,n_connections,n_nets,n_terminals,n_terminals_estimated,net_id,net_index,node_id,node_type,pixel_count,preferred_net_id_from_05,preferred_net_index_from_05,relative_position,search_kind,search_stage,search_window,snap_x,snap_y,source_json_stage,source_label,symbol_type,terminal_id,terminal_name,terminal_point_debug,terminal_point_mode,use_for_masking,use_for_terminals,x,y
,,,,,,,,,,,1,,,1024,1.jpg,C:\Users\m.profilo\Desktop\tesi_diagrams_yolo\data\batch_v5_various_two_terminals_components\1.jpg,1024,,,1,,,,,,,14,,28,11,,28,,,diagram:1,Diagram,,,,,,,,,,06_match_terminals_to_nets,,,,,,,,,,
93.55,144.16,188.03,286.95,2,Battery,,,,0.8949,,1,,,,,,,2.1,,2.1,,,,,,,,,,,2,,,,component:1:2.1,Component,,,,,,,,,,,,two_terminal,,,,,True,True,,
232.79,311.65,61.13,142.5,8,Fuse,,,,0.9112,,1,,horizontal,,,,,8.1,,8.1,,,,,,,,,,,2,,,,component:1:8.1,Component,,,,,,,,,,,,two_terminal,,,,,True,True,,
354.29,414.49,260.75,384.18,15,Meter,,,,0.8906,,1,,vertical,,,,,15.1,,15.1,,,,,,,,,,,2,,,,component:1:15.1,Component,,,,,,,,,,,,two_terminal,,,,,True,True,,
442.7,534.16,43.89,134.07,25,Switch,,,,0.8181,,1,,horizontal,,,,,25.1,,25.1,,,,,,,,,,,2,,,,component:1:25.1,Component,,,,,,,,,,,,two_terminal,,,,,True,True,,
465.05,527.83,751.25,873.14,15,Meter,,,,0.9173,,1,,horizontal,,,,,15.2,,15.2,,,,,,,,,,,2,,,,component:1:15.2,Component,,,,,,,,,,,,two_terminal,,,,,True,True,,
630.2,694.32,228.2,386.25,30,Variable_Resistor,,,,0.9245,,1,,vertical,,,,,30.1,,30.1,,,,,,,,,,,2,,,,component:1:30.1,Component,,,,,,,,,,,,two_terminal,,,,,True,True,,
632.36,696.29,538.78,626.82,12,LED,,,,0.8179,,1,,vertical,,,,,12.1,,12.1,,,,,,,,,,,2,,,,component:1:12.1,Component,,,,,,,,,,,,two_terminal,,,,,True,True,,
672.55,767.55,750.54,872.17,17,Motor,,,,0.9567,,1,,horizontal,,,,,17.1,,17.1,,,,,,,,,,,2,,,,component:1:17.1,Component,,,,,,,,,,,,two_terminal,,,,,True,True,,
738.53,805.68,945.72,998.44,10,Inductor,,,,0.7713,,1,,horizontal,,,,,10.1,,10.1,,,,,,,,,,,2,,,,component:1:10.1,Component,,,,,,,,,,,,two_terminal,,,,,True,True,,
771.1,830.18,182.08,333.01,27,Thermistor,,,,0.8102,,1,,vertical,,,,,27.1,,27.1,,,,,,,,,,,2,,,,component:1:27.1,Component,,,,,,,,,,,,two_terminal,,,,,True,True,,
783.36,818.56,479.06,579.47,4,Capacitor,,,,0.6676,,1,,vertical,,,,,4.1,,4.1,,,,,,,,,,,2,,,,component:1:4.1,Component,,,,,,,,,,,,two_terminal,,,,,True,True,,
910.29,954.67,929.4,1019.87,7,Diode,,,,0.9003,,1,,horizontal,,,,,7.1,,7.1,,,,,,,,,,,2,,,,component:1:7.1,Component,,,,,,,,,,,,two_terminal,,,,,True,True,,
937.36,982.82,517.43,580.37,26,Terminal,,,,0.8563,,1,,vertical,,,,,26.1,,26.1,,,,,,,,,,,2,,,,component:1:26.1,Component,,,,,,,,,,,,variable_terminal,,,,,True,True,,
931.17,990.02,261.01,385.71,13,Lamp,,,,0.9476,,1,,vertical,,,,,13.1,,13.1,,,,,,,,,,,2,,,,component:1:13.1,Component,,,,,,,,,,,,two_terminal,,,,,True,True,,
,,,,,,2,Battery,component:1:2.1,,,1,,,,,,,2.1,False,2.1:t1,ok,1.0,matched_preferred,[],N1,1,,,,,,,,,terminal:1:2.1:t1,Terminal,,N1,1,top,directional,directional_primary,"[113, 166, 126, 190]",118,184,,,,2.1:t1,t1,"{""point_mode"": ""bbox_side_center"", ""anchor_offset_ratio"": 0.4999}",bbox_side_center,,,118.85,184.03
,,,,,,2,Battery,component:1:2.1,,,1,,,,,,,2.1,False,2.1:t2,ok,1.0,matched_preferred,[],N2,2,,,,,,,,,terminal:1:2.1:t2,Terminal,,N2,2,bottom,directional,directional_primary,"[113, 286, 126, 310]",118,291,,,,2.1:t2,t2,"{""point_mode"": ""bbox_side_center"", ""anchor_offset_ratio"": 0.4999}",bbox_side_center,,,118.85,290.95
,,,,,,8,Fuse,component:1:8.1,,,1,,horizontal,,,,,8.1,False,8.1:t1,ok,2.0,matched_preferred,[],N1,1,,,,,,,,,terminal:1:8.1:t1,Terminal,,N1,1,left,directional,directional_primary,"[211, 96, 235, 109]",229,100,,,,8.1:t1,t1,"{""point_mode"": ""bbox_side_center"", ""anchor_offset_ratio"": 0.4999}",bbox_side_center,,,228.79,101.81
,,,,,,8,Fuse,component:1:8.1,,,1,,horizontal,,,,,8.1,False,8.1:t2,ok,2.0,matched_preferred,[],N3,3,,,,,,,,,terminal:1:8.1:t2,Terminal,,N3,3,right,directional,directional_primary,"[311, 96, 335, 109]",316,100,,,,8.1:t2,t2,"{""point_mode"": ""bbox_side_center"", ""anchor_offset_ratio"": 0.4999}",bbox_side_center,,,315.65,101.81
,,,,,,15,Meter,component:1:15.1,,,1,,vertical,,,,,15.1,False,15.1:t1,ok,1.0,matched_preferred,[],N3,3,,,,,,,,,terminal:1:15.1:t1,Terminal,,N3,3,top,directional,directional_primary,"[376, 235, 393, 264]",383,257,,,,15.1:t1,t1,"{""point_mode"": ""bbox_side_center"", ""anchor_offset_ratio"": 0.5}",bbox_side_center,,,384.39,256.75
,,,,,,15,Meter,component:1:15.1,,,1,,vertical,,,,,15.1,False,15.1:t2,ok,1.0,matched_preferred,[],N2,2,,,,,,,,,terminal:1:15.1:t2,Terminal,,N2,2,bottom,directional,directional_primary,"[376, 382, 393, 411]",383,388,,,,15.1:t2,t2,"{""point_mode"": ""bbox_side_center"", ""anchor_offset_ratio"": 0.5}",bbox_side_center,,,384.39,388.18
,,,,,,25,Switch,component:1:25.1,,,1,,horizontal,,,,,25.1,False,25.1:t1,ok,9.0,matched_preferred,[],N3,3,,,,,,,,,terminal:1:25.1:t1,Terminal,,N3,3,left,directional,directional_primary,"[409, 79, 448, 100]",439,98,,,,25.1:t1,t1,"{""point_mode"": ""bbox_side_center"", ""anchor_offset_ratio"": 0.5}",bbox_side_center,,,438.7,88.98
,,,,,,25,Switch,component:1:25.1,,,1,,horizontal,,,,,25.1,False,25.1:t2,ok,9.0,matched_preferred,[],N6,6,,,,,,,,,terminal:1:25.1:t2,Terminal,,N6,6,right,directional,directional_primary,"[530, 79, 569, 100]",538,98,,,,25.1:t2,t2,"{""point_mode"": ""bbox_side_center"", ""anchor_offset_ratio"": 0.5}",bbox_side_center,,,538.16,88.98
,,,,,,15,Meter,component:1:15.2,,,1,,horizontal,,,,,15.2,False,15.2:t1,ok,1.0,matched_preferred,[],N2,2,,,,,,,,,terminal:1:15.2:t1,Terminal,,N2,2,left,directional,directional_primary,"[439, 804, 468, 821]",461,813,,,,15.2:t1,t1,"{""point_mode"": ""bbox_side_center"", ""anchor_offset_ratio"": 0.5}",bbox_side_center,,,461.05,812.19
,,,,,,15,Meter,component:1:15.2,,,1,,horizontal,,,,,15.2,False,15.2:t2,ok,1.0,matched_preferred,[],N4,4,,,,,,,,,terminal:1:15.2:t2,Terminal,,N4,4,right,directional,directional_primary,"[526, 804, 555, 821]",532,813,,,,15.2:t2,t2,"{""point_mode"": ""bbox_side_center"", ""anchor_offset_ratio"": 0.5}",bbox_side_center,,,531.83,812.19
,,,,,,30,Variable_Resistor,component:1:30.1,,,1,,vertical,,,,,30.1,False,30.1:t1,ok,1.0,matched_preferred,[],N6,6,,,,,,,,,terminal:1:30.1:t1,Terminal,,N6,6,top,directional,directional_primary,"[643, 206, 656, 230]",648,224,,,,30.1:t1,t1,"{""point_mode"": ""side_peak_outside"", ""scan_axis"": ""x"", ""relative_position"": ""top"", ""scan_start"": 635, ""scan_end"": 689, ""scan_margin"": 5, ""probe_halfspan"": 6, ""probe_out_len"": 12, ""probe_inset"": 1, ""peak_coord"": 649, ""anchor_offset_ratio"": 0.2969, ""max_score"": 56, ""keep_threshold"": 48, ""selected_run_start"": 9, ""selected_run_end"": 18, ""selected_run_length"": 10, ""selected_run_score"": 56}",two_terminal_side_peak,,,649.0,224.0
,,,,,,30,Variable_Resistor,component:1:30.1,,,1,,vertical,,,,,30.1,False,30.1:t2,ok,1.0,matched_preferred,[],N5,5,,,,,,,,,terminal:1:30.1:t2,Terminal,,N5,5,bottom,directional,directional_primary,"[643, 385, 656, 409]",648,390,,,,30.1:t2,t2,"{""point_mode"": ""side_peak_outside"", ""scan_axis"": ""x"", ""relative_position"": ""bottom"", ""scan_start"": 635, ""scan_end"": 689, ""scan_margin"": 5, ""probe_halfspan"": 6, ""probe_out_len"": 12, ""probe_inset"": 1, ""peak_coord"": 649, ""anchor_offset_ratio"": 0.2969, ""max_score"": 56, ""keep_threshold"": 48, ""selected_run_start"": 9, ""selected_run_end"": 18, ""selected_run_length"": 10, ""selected_run_score"": 56}",two_terminal_side_peak,,,649.0,390.0
,,,,,,12,LED,component:1:12.1,,,1,,vertical,,,,,12.1,False,12.1:t1,ok,0.0,matched_preferred,[],N5,5,,,,,,,,,terminal:1:12.1:t1,Terminal,,N5,5,top,directional,directional_primary,"[643, 517, 656, 541]",649,535,,,,12.1:t1,t1,"{""point_mode"": ""side_peak_outside"", ""scan_axis"": ""x"", ""relative_position"": ""top"", ""scan_start"": 637, ""scan_end"": 691, ""scan_margin"": 5, ""probe_halfspan"": 6, ""probe_out_len"": 12, ""probe_inset"": 1, ""peak_coord"": 649, ""anchor_offset_ratio"": 0.2656, ""max_score"": 42, ""keep_threshold"": 36, ""selected_run_start"": 7, ""selected_run_end"": 17, ""selected_run_length"": 11, ""selected_run_score"": 42}",two_terminal_side_peak,,,649.0,535.0
,,,,,,12,LED,component:1:12.1,,,1,,vertical,,,,,12.1,False,12.1:t2,ok,0.0,matched_preferred,[],N4,4,,,,,,,,,terminal:1:12.1:t2,Terminal,,N4,4,bottom,directional,directional_primary,"[643, 626, 656, 650]",649,631,,,,12.1:t2,t2,"{""point_mode"": ""side_peak_outside"", ""scan_axis"": ""x"", ""relative_position"": ""bottom"", ""scan_start"": 637, ""scan_end"": 691, ""scan_margin"": 5, ""probe_halfspan"": 6, ""probe_out_len"": 12, ""probe_inset"": 1, ""peak_coord"": 649, ""anchor_offset_ratio"": 0.2656, ""max_score"": 42, ""keep_threshold"": 36, ""selected_run_start"": 7, ""selected_run_end"": 17, ""selected_run_length"": 11, ""selected_run_score"": 42}",two_terminal_side_peak,,,649.0,631.0
,,,,,,17,Motor,component:1:17.1,,,1,,horizontal,,,,,17.1,False,17.1:t1,ok,2.0,matched_preferred,[],N4,4,,,,,,,,,terminal:1:17.1:t1,Terminal,,N4,4,left,directional,directional_primary,"[651, 805, 675, 818]",669,813,,,,17.1:t1,t1,"{""point_mode"": ""bbox_side_center"", ""anchor_offset_ratio"": 0.5}",bbox_side_center,,,668.55,811.36
,,,,,,17,Motor,component:1:17.1,,,1,,horizontal,,,,,17.1,False,17.1:t2,ok,2.0,matched_preferred,[],N9,9,,,,,,,,,terminal:1:17.1:t2,Terminal,,N9,9,right,directional,directional_primary,"[767, 805, 791, 818]",772,813,,,,17.1:t2,t2,"{""point_mode"": ""bbox_side_center"", ""anchor_offset_ratio"": 0.5}",bbox_side_center,,,771.55,811.36
,,,,,,10,Inductor,component:1:10.1,,,1,,horizontal,,,,,10.1,False,10.1:t1,ok,1.0,matched_preferred,[],N4,4,,,,,,,,,terminal:1:10.1:t1,Terminal,,N4,4,left,directional,directional_primary,"[705, 964, 744, 985]",735,973,,,,10.1:t1,t1,"{""point_mode"": ""side_peak_outside"", ""scan_axis"": ""y"", ""relative_position"": ""left"", ""scan_start"": 950, ""scan_end"": 994, ""scan_margin"": 4, ""probe_halfspan"": 6, ""probe_out_len"": 12, ""probe_inset"": 1, ""peak_coord"": 974, ""anchor_offset_ratio"": 0.5385, ""max_score"": 84, ""keep_threshold"": 71, ""selected_run_start"": 20, ""selected_run_end"": 27, ""selected_run_length"": 8, ""selected_run_score"": 84}",two_terminal_side_peak,,,735.0,974.0
,,,,,,10,Inductor,component:1:10.1,,,1,,horizontal,,,,,10.1,False,10.1:t2,ok,1.0,matched_preferred,[],N8,8,,,,,,,,,terminal:1:10.1:t2,Terminal,,N8,8,right,directional,directional_primary,"[802, 964, 841, 985]",810,973,,,,10.1:t2,t2,"{""point_mode"": ""side_peak_outside"", ""scan_axis"": ""y"", ""relative_position"": ""right"", ""scan_start"": 950, ""scan_end"": 994, ""scan_margin"": 4, ""probe_halfspan"": 6, ""probe_out_len"": 12, ""probe_inset"": 1, ""peak_coord"": 974, ""anchor_offset_ratio"": 0.5385, ""max_score"": 84, ""keep_threshold"": 71, ""selected_run_start"": 20, ""selected_run_end"": 27, ""selected_run_length"": 8, ""selected_run_score"": 84}",two_terminal_side_peak,,,810.0,974.0
,,,,,,27,Thermistor,component:1:27.1,,,1,,vertical,,,,,27.1,False,27.1:t1,ok,1.0,matched_preferred,[],N6,6,,,,,,,,,terminal:1:27.1:t1,Terminal,,N6,6,top,directional,directional_primary,"[795, 160, 808, 184]",800,178,,,,27.1:t1,t1,"{""point_mode"": ""bbox_side_center"", ""anchor_offset_ratio"": 0.5}",bbox_side_center,,,800.64,178.08
,,,,,,27,Thermistor,component:1:27.1,,,1,,vertical,,,,,27.1,False,27.1:t2,ok,1.0,matched_preferred,[],N7,7,,,,,,,,,terminal:1:27.1:t2,Terminal,,N7,7,bottom,directional,directional_primary,"[795, 332, 808, 356]",800,337,,,,27.1:t2,t2,"{""point_mode"": ""bbox_side_center"", ""anchor_offset_ratio"": 0.5}",bbox_side_center,,,800.64,337.01
,,,,,,4,Capacitor,component:1:4.1,,,1,,vertical,,,,,4.1,False,4.1:t1,ok,1.0,matched_preferred,[],N7,7,,,,,,,,,terminal:1:4.1:t1,Terminal,,N7,7,top,directional,directional_primary,"[795, 457, 808, 481]",800,475,,,,4.1:t1,t1,"{""point_mode"": ""bbox_side_center"", ""anchor_offset_ratio"": 0.5}",bbox_side_center,,,800.96,475.06
,,,,,,4,Capacitor,component:1:4.1,,,1,,vertical,,,,,4.1,False,4.1:t2,ok,1.0,matched_preferred,[],N9,9,,,,,,,,,terminal:1:4.1:t2,Terminal,,N9,9,bottom,directional,directional_primary,"[795, 578, 808, 602]",800,583,,,,4.1:t2,t2,"{""point_mode"": ""bbox_side_center"", ""anchor_offset_ratio"": 0.5}",bbox_side_center,,,800.96,583.47
,,,,,,7,Diode,component:1:7.1,,,1,,horizontal,,,,,7.1,False,7.1:t1,ok,1.0,matched_preferred,[],N8,8,,,,,,,,,terminal:1:7.1:t1,Terminal,,N8,8,left,directional,directional_primary,"[888, 956, 912, 993]",906,973,,,,7.1:t1,t1,"{""point_mode"": ""side_peak_outside"", ""scan_axis"": ""y"", ""relative_position"": ""left"", ""scan_start"": 936, ""scan_end"": 1013, ""scan_margin"": 7, ""probe_halfspan"": 5, ""probe_out_len"": 12, ""probe_inset"": 1, ""peak_coord"": 974, ""anchor_offset_ratio"": 0.4945, ""max_score"": 84, ""keep_threshold"": 71, ""selected_run_start"": 35, ""selected_run_end"": 40, ""selected_run_length"": 6, ""selected_run_score"": 84}",two_terminal_side_peak,,,906.0,974.0
,,,,,,7,Diode,component:1:7.1,,,1,,horizontal,,,,,7.1,False,7.1:t2,ok,1.0,matched_preferred,[],N10,10,,,,,,,,,terminal:1:7.1:t2,Terminal,,N10,10,right,directional,directional_primary,"[954, 956, 978, 993]",959,973,,,,7.1:t2,t2,"{""point_mode"": ""side_peak_outside"", ""scan_axis"": ""y"", ""relative_position"": ""right"", ""scan_start"": 936, ""scan_end"": 1013, ""scan_margin"": 7, ""probe_halfspan"": 5, ""probe_out_len"": 12, ""probe_inset"": 1, ""peak_coord"": 974, ""anchor_offset_ratio"": 0.4945, ""max_score"": 84, ""keep_threshold"": 71, ""selected_run_start"": 35, ""selected_run_end"": 40, ""selected_run_length"": 6, ""selected_run_score"": 84}",two_terminal_side_peak,,,959.0,974.0
,,,,,,26,Terminal,component:1:26.1,,,1,,vertical,,,,,26.1,False,26.1:t1,ok,0.0,matched_preferred,[],N11,11,,,,,,,,,terminal:1:26.1:t1,Terminal,,N11,11,top,directional,directional_primary,"[954, 495, 967, 519]",960,513,,,,26.1:t1,t1,"{""point_mode"": ""bbox_side_center"", ""anchor_offset_ratio"": 0.5}",bbox_side_center,,,960.09,513.43
,,,,,,26,Terminal,component:1:26.1,,,1,,vertical,,,,,26.1,False,26.1:t2,ok,0.0,matched_preferred,[],N9,9,,,,,,,,,terminal:1:26.1:t2,Terminal,,N9,9,bottom,directional,directional_primary,"[954, 579, 967, 603]",960,584,,,,26.1:t2,t2,"{""point_mode"": ""bbox_side_center"", ""anchor_offset_ratio"": 0.5}",bbox_side_center,,,960.09,584.37
,,,,,,13,Lamp,component:1:13.1,,,1,,vertical,,,,,13.1,False,13.1:t1,ok,1.0,matched_preferred,[],N6,6,,,,,,,,,terminal:1:13.1:t1,Terminal,,N6,6,top,directional,directional_primary,"[955, 239, 968, 263]",960,257,,,,13.1:t1,t1,"{""point_mode"": ""bbox_side_center"", ""anchor_offset_ratio"": 0.5001}",bbox_side_center,,,960.6,257.01
,,,,,,13,Lamp,component:1:13.1,,,1,,vertical,,,,,13.1,False,13.1:t2,ok,1.0,matched_preferred,[],N11,11,,,,,,,,,terminal:1:13.1:t2,Terminal,,N11,11,bottom,directional,directional_primary,"[955, 385, 968, 409]",960,390,,,,13.1:t2,t2,"{""point_mode"": ""bbox_side_center"", ""anchor_offset_ratio"": 0.5001}",bbox_side_center,,,960.6,389.71
118,245,91,201,,,,,,,"[""2.1:t1"", ""8.1:t1""]",1,,,,,,,,,N1,,,,,,,,2,,,,,N1,1,net:1:N1,Net,239,,,,,,,,,,13,,,,,,,,,
118,470,274,818,,,,,,,"[""15.1:t2"", ""15.2:t1"", ""2.1:t2""]",1,,,,,,,,,N2,,,,,,,,3,,,,,N2,2,net:1:N2,Net,1353,,,,,,,,,,21,,,,,,,,,
299,444,98,270,,,,,,,"[""15.1:t1"", ""25.1:t1"", ""8.1:t2""]",1,,,,,,,,,N3,,,,,,,,3,,,,,N3,3,net:1:N3,Net,323,,,,,,,,,,15,,,,,,,,,
522,746,615,973,,,,,,,"[""10.1:t1"", ""12.1:t2"", ""15.2:t2"", ""17.1:t1""]",1,,,,,,,,,N4,,,,,,,,4,,,,,N4,4,net:1:N4,Net,634,,,,,,,,,,41,,,,,,,,,
648,649,375,552,,,,,,,"[""12.1:t1"", ""30.1:t2""]",1,,,,,,,,,N5,,,,,,,,2,,,,,N5,5,net:1:N5,Net,178,,,,,,,,,,30,,,,,,,,,
531,978,91,273,,,,,,,"[""13.1:t1"", ""25.1:t2"", ""27.1:t1"", ""30.1:t1""]",1,,,,,,,,,N6,,,,,,,,4,,,,,N6,6,net:1:N6,Net,985,,,,,,,,,,14,,,,,,,,,
800,801,320,492,,,,,,,"[""27.1:t2"", ""4.1:t1""]",1,,,,,,,,,N7,,,,,,,,2,,,,,N7,7,net:1:N7,Net,173,,,,,,,,,,29,,,,,,,,,
797,920,971,977,,,,,,,"[""10.1:t2"", ""7.1:t1""]",1,,,,,,,,,N8,,,,,,,,2,,,,,N8,8,net:1:N8,Net,128,,,,,,,,,,56,,,,,,,,,
759,962,566,819,,,,,,,"[""17.1:t2"", ""26.1:t2"", ""4.1:t2""]",1,,,,,,,,,N9,,,,,,,,3,,,,,N9,9,net:1:N9,Net,706,,,,,,,,,,40,,,,,,,,,
944,999,973,974,,,,,,,"[""7.1:t2""]",1,,,,,,,,,N10,,,,,,,,1,,,,,N10,10,net:1:N10,Net,56,,,,,,,,,,57,,,,,,,,,
957,1012,376,528,,,,,,,"[""13.1:t2"", ""26.1:t1""]",1,,,,,,,,,N11,,,,,,,,2,,,,,N11,11,net:1:N11,Net,351,,,,,,,,,,31,,,,,,,,,
,,,,,,,,,,,2,,,1024,2.jpg,C:\Users\m.profilo\Desktop\tesi_diagrams_yolo\data\batch_v5_various_two_terminals_components\2.jpg,1024,,,2,,,,,,,15,,29,11,,29,,,diagram:2,Diagram,,,,,,,,,,06_match_terminals_to_nets,,,,,,,,,,
94.3,144.51,177.08,286.99,2,Battery,,,,0.843,,2,,,,,,,2.1,,2.1,,,,,,,,,,,2,,,,component:2:2.1,Component,,,,,,,,,,,,two_terminal,,,,,True,True,,
219.98,307.42,42.63,132.48,25,Switch,,,,0.819,,2,,horizontal,,,,,25.1,,25.1,,,,,,,,,,,2,,,,component:2:25.1,Component,,,,,,,,,,,,two_terminal,,,,,True,True,,
367.63,403.47,484.46,587.83,4,Capacitor,,,,0.671,,2,,vertical,,,,,4.1,,4.1,,,,,,,,,,,2,,,,component:2:4.1,Component,,,,,,,,,,,,two_terminal,,,,,True,True,,
356.81,417.81,203.04,348.3,27,Thermistor,,,,0.8127,,2,,vertical,,,,,27.1,,27.1,,,,,,,,,,,2,,,,component:2:27.1,Component,,,,,,,,,,,,two_terminal,,,,,True,True,,
437.49,518.66,59.42,138.26,8,Fuse,,,,0.8868,,2,,horizontal,,,,,8.1,,8.1,,,,,,,,,,,2,,,,component:2:8.1,Component,,,,,,,,,,,,two_terminal,,,,,True,True,,
453.64,545.83,724.44,838.25,17,Motor,,,,0.9752,,2,,horizontal,,,,,17.1,,17.1,,,,,,,,,,,2,,,,component:2:17.1,Component,,,,,,,,,,,,two_terminal,,,,,True,True,,
614.72,674.23,252.05,371.03,15,Meter,,,,0.8855,,2,,vertical,,,,,15.1,,15.1,,,,,,,,,,,2,,,,component:2:15.1,Component,,,,,,,,,,,,two_terminal,,,,,True,True,,
693.92,755.52,723.77,840.03,15,Meter,,,,0.9142,,2,,horizontal,,,,,15.2,,15.2,,,,,,,,,,,2,,,,component:2:15.2,Component,,,,,,,,,,,,two_terminal,,,,,True,True,,
735.92,778.79,891.5,978.87,7,Diode,,,,0.9026,,2,,horizontal,,,,,7.1,,7.1,,,,,,,,,,,2,,,,component:2:7.1,Component,,,,,,,,,,,,two_terminal,,,,,True,True,,
774.26,839.48,215.42,362.01,30,Variable_Resistor,,,,0.8985,,2,,vertical,,,,,30.1,,30.1,,,,,,,,,,,2,,,,component:2:30.1,Component,,,,,,,,,,,,two_terminal,,,,,True,True,,
776.03,840.32,511.94,595.7,12,LED,,,,0.8111,,2,,vertical,,,,,12.1,,12.1,,,,,,,,,,,2,,,,component:2:12.1,Component,,,,,,,,,,,,two_terminal,,,,,True,True,,
887.72,957.29,910.91,954.34,10,Inductor,,,,0.8005,,2,,horizontal,,,,,10.1,,10.1,,,,,,,,,,,2,,,,component:2:10.1,Component,,,,,,,,,,,,two_terminal,,,,,True,True,,
933.45,976.24,139.73,211.8,26,Terminal,,,,0.7862,,2,,vertical,,,,,26.1,,26.1,,,,,,,,,,,2,,,,component:2:26.1,Component,,,,,,,,,,,,variable_terminal,,,,,True,True,,
925.47,985.43,332.05,454.41,13,Lamp,,,,0.9562,,2,,vertical,,,,,13.1,,13.1,,,,,,,,,,,2,,,,component:2:13.1,Component,,,,,,,,,,,,two_terminal,,,,,True,True,,
973.01,1011.28,963.77,1010.46,9,GND,,,,0.8142,,2,top,up,,,,,9.1,,9.1,,,,,,,,,,,1,,,,component:2:9.1,Component,,,,,,,,,,,,one_terminal,,,,,True,True,,
,,,,,,2,Battery,component:2:2.1,,,2,,,,,,,2.1,False,2.1:t1,ok,1.0,matched_preferred,[],N1,1,,,,,,,,,terminal:2:2.1:t1,Terminal,,N1,1,top,directional,directional_primary,"[113, 155, 126, 179]",118,173,,,,2.1:t1,t1,"{""point_mode"": ""bbox_side_center"", ""anchor_offset_ratio"": 0.5001}",bbox_side_center,,,119.41,173.08
,,,,,,2,Battery,component:2:2.1,,,2,,,,,,,2.1,False,2.1:t2,ok,1.0,matched_preferred,[],N2,2,,,,,,,,,terminal:2:2.1:t2,Terminal,,N2,2,bottom,directional,directional_primary,"[113, 286, 126, 310]",118,291,,,,2.1:t2,t2,"{""point_mode"": ""bbox_side_center"", ""anchor_offset_ratio"": 0.5001}",bbox_side_center,,,119.41,290.99
,,,,,,25,Switch,component:2:25.1,,,2,,horizontal,,,,,25.1,False,25.1:t1,ok,8.0,matched_preferred,[],N1,1,,,,,,,,,terminal:2:25.1:t1,Terminal,,N1,1,left,directional,directional_primary,"[186, 78, 225, 99]",216,96,,,,25.1:t1,t1,"{""point_mode"": ""bbox_side_center"", ""anchor_offset_ratio"": 0.4999}",bbox_side_center,,,215.98,87.55
,,,,,,25,Switch,component:2:25.1,,,2,,horizontal,,,,,25.1,False,25.1:t2,ok,8.0,matched_preferred,[],N3,3,,,,,,,,,terminal:2:25.1:t2,Terminal,,N3,3,right,directional,directional_primary,"[303, 78, 342, 99]",311,96,,,,25.1:t2,t2,"{""point_mode"": ""bbox_side_center"", ""anchor_offset_ratio"": 0.4999}",bbox_side_center,,,311.42,87.55
,,,,,,4,Capacitor,component:2:4.1,,,2,,vertical,,,,,4.1,False,4.1:t1,ok,1.0,matched_preferred,[],N4,4,,,,,,,,,terminal:2:4.1:t1,Terminal,,N4,4,top,directional,directional_primary,"[380, 462, 393, 486]",385,480,,,,4.1:t1,t1,"{""point_mode"": ""bbox_side_center"", ""anchor_offset_ratio"": 0.5}",bbox_side_center,,,385.55,480.46
,,,,,,4,Capacitor,component:2:4.1,,,2,,vertical,,,,,4.1,False,4.1:t2,ok,1.0,matched_preferred,[],N2,2,,,,,,,,,terminal:2:4.1:t2,Terminal,,N2,2,bottom,directional,directional_primary,"[380, 587, 393, 611]",385,592,,,,4.1:t2,t2,"{""point_mode"": ""bbox_side_center"", ""anchor_offset_ratio"": 0.5}",bbox_side_center,,,385.55,591.83
,,,,,,27,Thermistor,component:2:27.1,,,2,,vertical,,,,,27.1,False,27.1:t1,ok,2.0,matched_preferred,[],N3,3,,,,,,,,,terminal:2:27.1:t1,Terminal,,N3,3,top,directional,directional_primary,"[381, 181, 394, 205]",385,199,,,,27.1:t1,t1,"{""point_mode"": ""bbox_side_center"", ""anchor_offset_ratio"": 0.5}",bbox_side_center,,,387.31,199.04
,,,,,,27,Thermistor,component:2:27.1,,,2,,vertical,,,,,27.1,False,27.1:t2,ok,2.0,matched_preferred,[],N4,4,,,,,,,,,terminal:2:27.1:t2,Terminal,,N4,4,bottom,directional,directional_primary,"[381, 347, 394, 371]",385,352,,,,27.1:t2,t2,"{""point_mode"": ""bbox_side_center"", ""anchor_offset_ratio"": 0.5}",bbox_side_center,,,387.31,352.3
,,,,,,8,Fuse,component:2:8.1,,,2,,horizontal,,,,,8.1,False,8.1:t1,ok,3.0,matched_preferred,[],N3,3,,,,,,,,,terminal:2:8.1:t1,Terminal,,N3,3,left,directional,directional_primary,"[415, 93, 439, 106]",433,96,,,,8.1:t1,t1,"{""point_mode"": ""bbox_side_center"", ""anchor_offset_ratio"": 0.5}",bbox_side_center,,,433.49,98.84
,,,,,,8,Fuse,component:2:8.1,,,2,,horizontal,,,,,8.1,False,8.1:t2,ok,3.0,matched_preferred,[],N6,6,,,,,,,,,terminal:2:8.1:t2,Terminal,,N6,6,right,directional,directional_primary,"[518, 93, 542, 106]",523,96,,,,8.1:t2,t2,"{""point_mode"": ""bbox_side_center"", ""anchor_offset_ratio"": 0.5}",bbox_side_center,,,522.66,98.84
,,,,,,17,Motor,component:2:17.1,,,2,,horizontal,,,,,17.1,False,17.1:t1,ok,0.0,matched_preferred,[],N2,2,,,,,,,,,terminal:2:17.1:t1,Terminal,,N2,2,left,directional,directional_primary,"[432, 775, 456, 788]",450,781,,,,17.1:t1,t1,"{""point_mode"": ""bbox_side_center"", ""anchor_offset_ratio"": 0.5}",bbox_side_center,,,449.64,781.35
,,,,,,17,Motor,component:2:17.1,,,2,,horizontal,,,,,17.1,False,17.1:t2,ok,0.0,matched_preferred,[],N5,5,,,,,,,,,terminal:2:17.1:t2,Terminal,,N5,5,right,directional,directional_primary,"[545, 775, 569, 788]",550,781,,,,17.1:t2,t2,"{""point_mode"": ""bbox_side_center"", ""anchor_offset_ratio"": 0.5}",bbox_side_center,,,549.83,781.35
,,,,,,15,Meter,component:2:15.1,,,2,,vertical,,,,,15.1,False,15.1:t1,ok,0.0,matched_preferred,[],N6,6,,,,,,,,,terminal:2:15.1:t1,Terminal,,N6,6,top,directional,directional_primary,"[636, 226, 653, 255]",644,248,,,,15.1:t1,t1,"{""point_mode"": ""bbox_side_center"", ""anchor_offset_ratio"": 0.5001}",bbox_side_center,,,644.48,248.05
,,,,,,15,Meter,component:2:15.1,,,2,,vertical,,,,,15.1,False,15.1:t2,ok,0.0,matched_preferred,[],N5,5,,,,,,,,,terminal:2:15.1:t2,Terminal,,N5,5,bottom,directional,directional_primary,"[636, 369, 653, 398]",644,375,,,,15.1:t2,t2,"{""point_mode"": ""bbox_side_center"", ""anchor_offset_ratio"": 0.5001}",bbox_side_center,,,644.48,375.03
,,,,,,15,Meter,component:2:15.2,,,2,,horizontal,,,,,15.2,False,15.2:t1,ok,1.0,matched_preferred,[],N5,5,,,,,,,,,terminal:2:15.2:t1,Terminal,,N5,5,left,directional,directional_primary,"[668, 774, 697, 791]",690,781,,,,15.2:t1,t1,"{""point_mode"": ""bbox_side_center"", ""anchor_offset_ratio"": 0.5}",bbox_side_center,,,689.92,781.9
,,,,,,15,Meter,component:2:15.2,,,2,,horizontal,,,,,15.2,False,15.2:t2,ok,1.0,matched_preferred,[],N9,9,,,,,,,,,terminal:2:15.2:t2,Terminal,,N9,9,right,directional,directional_primary,"[754, 774, 783, 791]",760,781,,,,15.2:t2,t2,"{""point_mode"": ""bbox_side_center"", ""anchor_offset_ratio"": 0.5}",bbox_side_center,,,759.52,781.9
,,,,,,7,Diode,component:2:7.1,,,2,,horizontal,,,,,7.1,False,7.1:t1,ok,0.0,matched_preferred,[],N5,5,,,,,,,,,terminal:2:7.1:t1,Terminal,,N5,5,left,directional,directional_primary,"[714, 917, 738, 954]",732,935,,,,7.1:t1,t1,"{""point_mode"": ""side_peak_outside"", ""scan_axis"": ""y"", ""relative_position"": ""left"", ""scan_start"": 899, ""scan_end"": 972, ""scan_margin"": 7, ""probe_halfspan"": 5, ""probe_out_len"": 12, ""probe_inset"": 1, ""peak_coord"": 935, ""anchor_offset_ratio"": 0.4943, ""max_score"": 84, ""keep_threshold"": 71, ""selected_run_start"": 34, ""selected_run_end"": 39, ""selected_run_length"": 6, ""selected_run_score"": 84}",two_terminal_side_peak,,,732.0,935.0
,,,,,,7,Diode,component:2:7.1,,,2,,horizontal,,,,,7.1,False,7.1:t2,ok,0.0,matched_preferred,[],N8,8,,,,,,,,,terminal:2:7.1:t2,Terminal,,N8,8,right,directional,directional_primary,"[778, 917, 802, 954]",783,935,,,,7.1:t2,t2,"{""point_mode"": ""side_peak_outside"", ""scan_axis"": ""y"", ""relative_position"": ""right"", ""scan_start"": 899, ""scan_end"": 972, ""scan_margin"": 7, ""probe_halfspan"": 5, ""probe_out_len"": 12, ""probe_inset"": 1, ""peak_coord"": 935, ""anchor_offset_ratio"": 0.4943, ""max_score"": 84, ""keep_threshold"": 71, ""selected_run_start"": 34, ""selected_run_end"": 39, ""selected_run_length"": 6, ""selected_run_score"": 84}",two_terminal_side_peak,,,783.0,935.0
,,,,,,30,Variable_Resistor,component:2:30.1,,,2,,vertical,,,,,30.1,False,30.1:t1,ok,0.0,matched_preferred,[],N6,6,,,,,,,,,terminal:2:30.1:t1,Terminal,,N6,6,top,directional,directional_primary,"[787, 193, 800, 217]",793,211,,,,30.1:t1,t1,"{""point_mode"": ""side_peak_outside"", ""scan_axis"": ""x"", ""relative_position"": ""top"", ""scan_start"": 779, ""scan_end"": 834, ""scan_margin"": 5, ""probe_halfspan"": 6, ""probe_out_len"": 12, ""probe_inset"": 1, ""peak_coord"": 793, ""anchor_offset_ratio"": 0.2923, ""max_score"": 42, ""keep_threshold"": 36, ""selected_run_start"": 9, ""selected_run_end"": 19, ""selected_run_length"": 11, ""selected_run_score"": 42}",two_terminal_side_peak,,,793.0,211.0
,,,,,,30,Variable_Resistor,component:2:30.1,,,2,,vertical,,,,,30.1,False,30.1:t2,ok,0.0,matched_preferred,[],N7,7,,,,,,,,,terminal:2:30.1:t2,Terminal,,N7,7,bottom,directional,directional_primary,"[787, 361, 800, 385]",793,366,,,,30.1:t2,t2,"{""point_mode"": ""side_peak_outside"", ""scan_axis"": ""x"", ""relative_position"": ""bottom"", ""scan_start"": 779, ""scan_end"": 834, ""scan_margin"": 5, ""probe_halfspan"": 6, ""probe_out_len"": 12, ""probe_inset"": 1, ""peak_coord"": 793, ""anchor_offset_ratio"": 0.2923, ""max_score"": 42, ""keep_threshold"": 36, ""selected_run_start"": 9, ""selected_run_end"": 19, ""selected_run_length"": 11, ""selected_run_score"": 42}",two_terminal_side_peak,,,793.0,366.0
,,,,,,12,LED,component:2:12.1,,,2,,vertical,,,,,12.1,False,12.1:t1,ok,0.0,matched_preferred,[],N7,7,,,,,,,,,terminal:2:12.1:t1,Terminal,,N7,7,top,directional,directional_primary,"[787, 490, 800, 514]",793,508,,,,12.1:t1,t1,"{""point_mode"": ""side_peak_outside"", ""scan_axis"": ""x"", ""relative_position"": ""top"", ""scan_start"": 781, ""scan_end"": 835, ""scan_margin"": 5, ""probe_halfspan"": 6, ""probe_out_len"": 12, ""probe_inset"": 1, ""peak_coord"": 793, ""anchor_offset_ratio"": 0.2656, ""max_score"": 42, ""keep_threshold"": 36, ""selected_run_start"": 7, ""selected_run_end"": 17, ""selected_run_length"": 11, ""selected_run_score"": 42}",two_terminal_side_peak,,,793.0,508.0
,,,,,,12,LED,component:2:12.1,,,2,,vertical,,,,,12.1,False,12.1:t2,ok,0.0,matched_preferred,[],N9,9,,,,,,,,,terminal:2:12.1:t2,Terminal,,N9,9,bottom,directional,directional_primary,"[787, 595, 800, 619]",793,600,,,,12.1:t2,t2,"{""point_mode"": ""side_peak_outside"", ""scan_axis"": ""x"", ""relative_position"": ""bottom"", ""scan_start"": 781, ""scan_end"": 835, ""scan_margin"": 5, ""probe_halfspan"": 6, ""probe_out_len"": 12, ""probe_inset"": 1, ""peak_coord"": 793, ""anchor_offset_ratio"": 0.2656, ""max_score"": 42, ""keep_threshold"": 36, ""selected_run_start"": 7, ""selected_run_end"": 17, ""selected_run_length"": 11, ""selected_run_score"": 42}",two_terminal_side_peak,,,793.0,600.0
,,,,,,10,Inductor,component:2:10.1,,,2,,horizontal,,,,,10.1,False,10.1:t1,ok,1.0,matched_preferred,[],N8,8,,,,,,,,,terminal:2:10.1:t1,Terminal,,N8,8,left,directional,directional_primary,"[854, 926, 893, 947]",884,935,,,,10.1:t1,t1,"{""point_mode"": ""side_peak_outside"", ""scan_axis"": ""y"", ""relative_position"": ""left"", ""scan_start"": 914, ""scan_end"": 951, ""scan_margin"": 3, ""probe_halfspan"": 5, ""probe_out_len"": 12, ""probe_inset"": 1, ""peak_coord"": 936, ""anchor_offset_ratio"": 0.5814, ""max_score"": 84, ""keep_threshold"": 71, ""selected_run_start"": 19, ""selected_run_end"": 24, ""selected_run_length"": 6, ""selected_run_score"": 84}",two_terminal_side_peak,,,884.0,936.0
,,,,,,10,Inductor,component:2:10.1,,,2,,horizontal,,,,,10.1,False,10.1:t2,ok,1.0,matched_preferred,[],N11,11,,,,,,,,,terminal:2:10.1:t2,Terminal,,N11,11,right,directional,directional_primary,"[953, 926, 992, 947]",961,935,,,,10.1:t2,t2,"{""point_mode"": ""side_peak_outside"", ""scan_axis"": ""y"", ""relative_position"": ""right"", ""scan_start"": 914, ""scan_end"": 951, ""scan_margin"": 3, ""probe_halfspan"": 5, ""probe_out_len"": 12, ""probe_inset"": 1, ""peak_coord"": 936, ""anchor_offset_ratio"": 0.5814, ""max_score"": 84, ""keep_threshold"": 71, ""selected_run_start"": 19, ""selected_run_end"": 24, ""selected_run_length"": 6, ""selected_run_score"": 84}",two_terminal_side_peak,,,961.0,936.0
,,,,,,26,Terminal,component:2:26.1,,,2,,vertical,,,,,26.1,False,26.1:t1,ok,0.0,matched_preferred,[],N6,6,,,,,,,,,terminal:2:26.1:t1,Terminal,,N6,6,top,directional,directional_primary,"[949, 118, 962, 142]",955,136,,,,26.1:t1,t1,"{""point_mode"": ""bbox_side_center"", ""anchor_offset_ratio"": 0.5001}",bbox_side_center,,,954.85,135.73
,,,,,,26,Terminal,component:2:26.1,,,2,,vertical,,,,,26.1,False,26.1:t2,ok,0.0,matched_preferred,[],N10,10,,,,,,,,,terminal:2:26.1:t2,Terminal,,N10,10,bottom,directional,directional_primary,"[949, 211, 962, 235]",955,216,,,,26.1:t2,t2,"{""point_mode"": ""bbox_side_center"", ""anchor_offset_ratio"": 0.5001}",bbox_side_center,,,954.85,215.8
,,,,,,13,Lamp,component:2:13.1,,,2,,vertical,,,,,13.1,False,13.1:t1,ok,0.0,matched_preferred,[],N10,10,,,,,,,,,terminal:2:13.1:t1,Terminal,,N10,10,top,directional,directional_primary,"[949, 310, 962, 334]",955,328,,,,13.1:t1,t1,"{""point_mode"": ""bbox_side_center"", ""anchor_offset_ratio"": 0.5}",bbox_side_center,,,955.45,328.05
,,,,,,13,Lamp,component:2:13.1,,,2,,vertical,,,,,13.1,False,13.1:t2,ok,0.0,matched_preferred,[],N9,9,,,,,,,,,terminal:2:13.1:t2,Terminal,,N9,9,bottom,directional,directional_primary,"[949, 453, 962, 477]",955,458,,,,13.1:t2,t2,"{""point_mode"": ""bbox_side_center"", ""anchor_offset_ratio"": 0.5}",bbox_side_center,,,955.45,458.41
,,,,,,9,GND,component:2:9.1,,,2,top,up,,,,,9.1,False,9.1:t1,ok,0.0,matched_preferred,[],N11,11,,,,,,,,,terminal:2:9.1:t1,Terminal,,N11,11,top,directional,directional_primary,"[986, 942, 999, 966]",992,960,,,,9.1:t1,t1,"{""point_mode"": ""side_peak_outside"", ""scan_axis"": ""x"", ""relative_position"": ""top"", ""scan_start"": 976, ""scan_end"": 1008, ""scan_margin"": 3, ""probe_halfspan"": 5, ""probe_out_len"": 12, ""probe_inset"": 1, ""peak_coord"": 992, ""anchor_offset_ratio"": 0.5, ""max_score"": 42, ""keep_threshold"": 36, ""selected_run_start"": 12, ""selected_run_end"": 20, ""selected_run_length"": 9, ""selected_run_score"": 42}",two_terminal_side_peak,,,992.0,960.0
118,222,87,189,,,,,,,"[""2.1:t1"", ""25.1:t1""]",2,,,,,,,,,N1,,,,,,,,2,,,,,N1,1,net:2:N1,Net,207,,,,,,,,,,13,,,,,,,,,
118,461,276,783,,,,,,,"[""17.1:t1"", ""2.1:t2"", ""4.1:t2""]",2,,,,,,,,,N2,,,,,,,,3,,,,,N2,2,net:2:N2,Net,1058,,,,,,,,,,27,,,,,,,,,
304,449,96,216,,,,,,,"[""25.1:t2"", ""27.1:t1"", ""8.1:t1""]",2,,,,,,,,,N3,,,,,,,,3,,,,,N3,3,net:2:N3,Net,271,,,,,,,,,,15,,,,,,,,,
385,386,335,497,,,,,,,"[""27.1:t2"", ""4.1:t1""]",2,,,,,,,,,N4,,,,,,,,2,,,,,N4,4,net:2:N4,Net,163,,,,,,,,,,31,,,,,,,,,
537,746,361,935,,,,,,,"[""15.1:t2"", ""15.2:t1"", ""17.1:t2"", ""7.1:t1""]",2,,,,,,,,,N5,,,,,,,,4,,,,,N5,5,net:2:N5,Net,858,,,,,,,,,,33,,,,,,,,,
507,956,86,261,,,,,,,"[""15.1:t1"", ""26.1:t1"", ""30.1:t1"", ""8.1:t2""]",2,,,,,,,,,N6,,,,,,,,4,,,,,N6,6,net:2:N6,Net,838,,,,,,,,,,14,,,,,,,,,
793,793,350,525,,,,,,,"[""12.1:t1"", ""30.1:t2""]",2,,,,,,,,,N7,,,,,,,,2,,,,,N7,7,net:2:N7,Net,176,,,,,,,,,,32,,,,,,,,,
768,896,933,935,,,,,,,"[""10.1:t1"", ""7.1:t2""]",2,,,,,,,,,N8,,,,,,,,2,,,,,N8,8,net:2:N8,Net,129,,,,,,,,,,52,,,,,,,,,
751,958,444,791,,,,,,,"[""12.1:t2"", ""13.1:t2"", ""15.2:t2""]",2,,,,,,,,,N9,,,,,,,,3,,,,,N9,9,net:2:N9,Net,772,,,,,,,,,,36,,,,,,,,,
953,958,200,341,,,,,,,"[""13.1:t1"", ""26.1:t2""]",2,,,,,,,,,N10,,,,,,,,2,,,,,N10,10,net:2:N10,Net,147,,,,,,,,,,19,,,,,,,,,
948,994,932,976,,,,,,,"[""10.1:t2"", ""9.1:t1""]",2,,,,,,,,,N11,,,,,,,,2,,,,,N11,11,net:2:N11,Net,90,,,,,,,,,,53,,,,,,,,,
,,,,,,,,,,,3,,,1024,3.jpg,C:\Users\m.profilo\Desktop\tesi_diagrams_yolo\data\batch_v5_various_two_terminals_components\3.jpg,1024,,,3,,,,,,,17,,31,11,,31,,,diagram:3,Diagram,,,,,,,,,,06_match_terminals_to_nets,,,,,,,,,,
95.07,144.96,183.91,296.08,2,Battery,,,,0.8286,,3,,,,,,,2.1,,2.1,,,,,,,,,,,2,,,,component:3:2.1,Component,,,,,,,,,,,,two_terminal,,,,,True,True,,
221.1,307.76,44.11,136.03,25,Switch,,,,0.8348,,3,,horizontal,,,,,25.1,,25.1,,,,,,,,,,,2,,,,component:3:25.1,Component,,,,,,,,,,,,two_terminal,,,,,True,True,,
358.92,419.54,259.57,382.15,15,Meter,,,,0.8374,,3,,vertical,,,,,15.1,,15.1,,,,,,,,,,,2,,,,component:3:15.1,Component,,,,,,,,,,,,two_terminal,,,,,True,True,,
439.86,521.22,60.23,141.86,8,Fuse,,,,0.8954,,3,,horizontal,,,,,8.1,,8.1,,,,,,,,,,,2,,,,component:3:8.1,Component,,,,,,,,,,,,two_terminal,,,,,True,True,,
480.78,523.82,898.69,988.95,7,Diode,,,,0.9171,,3,,horizontal,,,,,7.1,,7.1,,,,,,,,,,,2,,,,component:3:7.1,Component,,,,,,,,,,,,two_terminal,,,,,True,True,,
463.44,560.28,650.44,770.15,17,Motor,,,,0.9331,,3,,horizontal,,,,,17.1,,17.1,,,,,,,,,,,2,,,,component:3:17.1,Component,,,,,,,,,,,,two_terminal,,,,,True,True,,
619.12,641.98,723.47,787.54,9,GND,,,,0.7982,,3,right,right,,,,,9.1,,9.1,,,,,,,,,,,1,,,,component:3:9.1,Component,,,,,,,,,,,,one_terminal,,,,,True,True,,
635.1,702.42,914.85,962.57,10,Inductor,,,,0.8203,,3,,horizontal,,,,,10.1,,10.1,,,,,,,,,,,2,,,,component:3:10.1,Component,,,,,,,,,,,,two_terminal,,,,,True,True,,
639.77,702.39,191.81,339.93,30,Variable_Resistor,,,,0.9135,,3,,vertical,,,,,30.1,,30.1,,,,,,,,,,,2,,,,component:3:30.1,Component,,,,,,,,,,,,two_terminal,,,,,True,True,,
640.77,705.17,491.33,581.89,12,LED,,,,0.8365,,3,,vertical,,,,,12.1,,12.1,,,,,,,,,,,2,,,,component:3:12.1,Component,,,,,,,,,,,,two_terminal,,,,,True,True,,
718.26,758.29,971.04,1018.76,9,GND,,,,0.8228,,3,top,up,,,,,9.2,,9.2,,,,,,,,,,,1,,,,component:3:9.2,Component,,,,,,,,,,,,one_terminal,,,,,True,True,,
707.49,769.55,651.73,769.03,15,Meter,,,,0.908,,3,,horizontal,,,,,15.2,,15.2,,,,,,,,,,,2,,,,component:3:15.2,Component,,,,,,,,,,,,two_terminal,,,,,True,True,,
768.87,793.09,782.69,848.56,9,GND,,,,0.7819,,3,right,right,,,,,9.3,,9.3,,,,,,,,,,,1,,,,component:3:9.3,Component,,,,,,,,,,,,one_terminal,,,,,True,True,,
777.72,837.92,202.3,349.5,27,Thermistor,,,,0.7843,,3,,vertical,,,,,27.1,,27.1,,,,,,,,,,,2,,,,component:3:27.1,Component,,,,,,,,,,,,two_terminal,,,,,True,True,,
792.09,826.19,494.21,592.36,4,Capacitor,,,,0.6469,,3,,vertical,,,,,4.1,,4.1,,,,,,,,,,,2,,,,component:3:4.1,Component,,,,,,,,,,,,two_terminal,,,,,True,True,,
937.02,981.94,142.26,219.37,26,Terminal,,,,0.7887,,3,,vertical,,,,,26.1,,26.1,,,,,,,,,,,2,,,,component:3:26.1,Component,,,,,,,,,,,,variable_terminal,,,,,True,True,,
929.54,989.67,311.67,436.54,13,Lamp,,,,0.952,,3,,vertical,,,,,13.1,,13.1,,,,,,,,,,,2,,,,component:3:13.1,Component,,,,,,,,,,,,two_terminal,,,,,True,True,,
,,,,,,2,Battery,component:3:2.1,,,3,,,,,,,2.1,False,2.1:t1,ok,1.0,matched_preferred,[],N1,1,,,,,,,,,terminal:3:2.1:t1,Terminal,,N1,1,top,directional,directional_primary,"[114, 162, 127, 186]",119,180,,,,2.1:t1,t1,"{""point_mode"": ""bbox_side_center"", ""anchor_offset_ratio"": 0.5001}",bbox_side_center,,,120.02,179.91
,,,,,,2,Battery,component:3:2.1,,,3,,,,,,,2.1,False,2.1:t2,ok,1.0,matched_preferred,[],N2,2,,,,,,,,,terminal:3:2.1:t2,Terminal,,N2,2,bottom,directional,directional_primary,"[114, 295, 127, 319]",119,300,,,,2.1:t2,t2,"{""point_mode"": ""bbox_side_center"", ""anchor_offset_ratio"": 0.5001}",bbox_side_center,,,120.02,300.08
,,,,,,25,Switch,component:3:25.1,,,3,,horizontal,,,,,25.1,False,25.1:t1,ok,9.0,matched_preferred,[],N1,1,,,,,,,,,terminal:3:25.1:t1,Terminal,,N1,1,left,directional,directional_primary,"[187, 80, 226, 101]",217,99,,,,25.1:t1,t1,"{""point_mode"": ""bbox_side_center"", ""anchor_offset_ratio"": 0.5}",bbox_side_center,,,217.1,90.07
,,,,,,25,Switch,component:3:25.1,,,3,,horizontal,,,,,25.1,False,25.1:t2,ok,9.0,matched_preferred,[],N3,3,,,,,,,,,terminal:3:25.1:t2,Terminal,,N3,3,right,directional,directional_primary,"[304, 80, 343, 101]",312,99,,,,25.1:t2,t2,"{""point_mode"": ""bbox_side_center"", ""anchor_offset_ratio"": 0.5}",bbox_side_center,,,311.76,90.07
,,,,,,15,Meter,component:3:15.1,,,3,,vertical,,,,,15.1,False,15.1:t1,ok,1.0,matched_preferred,[],N3,3,,,,,,,,,terminal:3:15.1:t1,Terminal,,N3,3,top,directional,directional_primary,"[381, 234, 398, 263]",388,256,,,,15.1:t1,t1,"{""point_mode"": ""bbox_side_center"", ""anchor_offset_ratio"": 0.5}",bbox_side_center,,,389.23,255.57
,,,,,,15,Meter,component:3:15.1,,,3,,vertical,,,,,15.1,False,15.1:t2,ok,1.0,matched_preferred,[],N2,2,,,,,,,,,terminal:3:15.1:t2,Terminal,,N2,2,bottom,directional,directional_primary,"[381, 380, 398, 409]",388,386,,,,15.1:t2,t2,"{""point_mode"": ""bbox_side_center"", ""anchor_offset_ratio"": 0.5}",bbox_side_center,,,389.23,386.15
,,,,,,8,Fuse,component:3:8.1,,,3,,horizontal,,,,,8.1,False,8.1:t1,ok,2.0,matched_preferred,[],N3,3,,,,,,,,,terminal:3:8.1:t1,Terminal,,N3,3,left,directional,directional_primary,"[418, 95, 442, 108]",436,99,,,,8.1:t1,t1,"{""point_mode"": ""bbox_side_center"", ""anchor_offset_ratio"": 0.5001}",bbox_side_center,,,435.86,101.05
,,,,,,8,Fuse,component:3:8.1,,,3,,horizontal,,,,,8.1,False,8.1:t2,ok,2.0,matched_preferred,[],N8,8,,,,,,,,,terminal:3:8.1:t2,Terminal,,N8,8,right,directional,directional_primary,"[520, 95, 544, 108]",525,99,,,,8.1:t2,t2,"{""point_mode"": ""bbox_side_center"", ""anchor_offset_ratio"": 0.5001}",bbox_side_center,,,525.22,101.05
,,,,,,7,Diode,component:3:7.1,,,3,,horizontal,,,,,7.1,False,7.1:t1,ok,1.0,matched_preferred,[],N2,2,,,,,,,,,terminal:3:7.1:t1,Terminal,,N2,2,left,directional,directional_primary,"[459, 924, 483, 961]",477,941,,,,7.1:t1,t1,"{""point_mode"": ""side_peak_outside"", ""scan_axis"": ""y"", ""relative_position"": ""left"", ""scan_start"": 906, ""scan_end"": 982, ""scan_margin"": 7, ""probe_halfspan"": 5, ""probe_out_len"": 12, ""probe_inset"": 1, ""peak_coord"": 942, ""anchor_offset_ratio"": 0.4778, ""max_score"": 84, ""keep_threshold"": 71, ""selected_run_start"": 33, ""selected_run_end"": 38, ""selected_run_length"": 6, ""selected_run_score"": 84}",two_terminal_side_peak,,,477.0,942.0
,,,,,,7,Diode,component:3:7.1,,,3,,horizontal,,,,,7.1,False,7.1:t2,ok,1.0,matched_preferred,[],N4,4,,,,,,,,,terminal:3:7.1:t2,Terminal,,N4,4,right,directional,directional_primary,"[523, 924, 547, 961]",528,941,,,,7.1:t2,t2,"{""point_mode"": ""side_peak_outside"", ""scan_axis"": ""y"", ""relative_position"": ""right"", ""scan_start"": 906, ""scan_end"": 982, ""scan_margin"": 7, ""probe_halfspan"": 5, ""probe_out_len"": 12, ""probe_inset"": 1, ""peak_coord"": 942, ""anchor_offset_ratio"": 0.4778, ""max_score"": 84, ""keep_threshold"": 71, ""selected_run_start"": 33, ""selected_run_end"": 38, ""selected_run_length"": 6, ""selected_run_score"": 84}",two_terminal_side_peak,,,528.0,942.0
,,,,,,17,Motor,component:3:17.1,,,3,,horizontal,,,,,17.1,False,17.1:t1,ok,0.0,matched_preferred,[],N2,2,,,,,,,,,terminal:3:17.1:t1,Terminal,,N2,2,left,directional,directional_primary,"[441, 704, 465, 717]",459,710,,,,17.1:t1,t1,"{""point_mode"": ""bbox_side_center"", ""anchor_offset_ratio"": 0.5}",bbox_side_center,,,459.44,710.3
,,,,,,17,Motor,component:3:17.1,,,3,,horizontal,,,,,17.1,False,17.1:t2,ok,0.0,matched_preferred,[],N5,5,,,,,,,,,terminal:3:17.1:t2,Terminal,,N5,5,right,directional,directional_primary,"[559, 704, 583, 717]",564,710,,,,17.1:t2,t2,"{""point_mode"": ""bbox_side_center"", ""anchor_offset_ratio"": 0.5}",bbox_side_center,,,564.28,710.3
,,,,,,9,GND,component:3:9.1,,,3,right,right,,,,,9.1,False,9.1:t1,ok,0.0,matched_preferred,[],N5,5,,,,,,,,,terminal:3:9.1:t1,Terminal,,N5,5,right,directional,directional_primary,"[641, 748, 665, 761]",646,754,,,,9.1:t1,t1,"{""point_mode"": ""side_peak_outside"", ""scan_axis"": ""y"", ""relative_position"": ""right"", ""scan_start"": 728, ""scan_end"": 783, ""scan_margin"": 5, ""probe_halfspan"": 3, ""probe_out_len"": 12, ""probe_inset"": 1, ""peak_coord"": 754, ""anchor_offset_ratio"": 0.4769, ""max_score"": 84, ""keep_threshold"": 71, ""selected_run_start"": 26, ""selected_run_end"": 27, ""selected_run_length"": 2, ""selected_run_score"": 84}",two_terminal_side_peak,,,646.0,754.0
,,,,,,10,Inductor,component:3:10.1,,,3,,horizontal,,,,,10.1,False,10.1:t1,ok,0.0,matched_preferred,[],N4,4,,,,,,,,,terminal:3:10.1:t1,Terminal,,N4,4,left,directional,directional_primary,"[601, 931, 640, 952]",631,941,,,,10.1:t1,t1,"{""point_mode"": ""side_peak_outside"", ""scan_axis"": ""y"", ""relative_position"": ""left"", ""scan_start"": 919, ""scan_end"": 959, ""scan_margin"": 4, ""probe_halfspan"": 6, ""probe_out_len"": 12, ""probe_inset"": 1, ""peak_coord"": 941, ""anchor_offset_ratio"": 0.5417, ""max_score"": 84, ""keep_threshold"": 71, ""selected_run_start"": 19, ""selected_run_end"": 26, ""selected_run_length"": 8, ""selected_run_score"": 84}",two_terminal_side_peak,,,631.0,941.0
,,,,,,10,Inductor,component:3:10.1,,,3,,horizontal,,,,,10.1,False,10.1:t2,ok,0.0,matched_preferred,[],N7,7,,,,,,,,,terminal:3:10.1:t2,Terminal,,N7,7,right,directional,directional_primary,"[698, 931, 737, 952]",706,941,,,,10.1:t2,t2,"{""point_mode"": ""side_peak_outside"", ""scan_axis"": ""y"", ""relative_position"": ""right"", ""scan_start"": 919, ""scan_end"": 959, ""scan_margin"": 4, ""probe_halfspan"": 6, ""probe_out_len"": 12, ""probe_inset"": 1, ""peak_coord"": 941, ""anchor_offset_ratio"": 0.5417, ""max_score"": 84, ""keep_threshold"": 71, ""selected_run_start"": 19, ""selected_run_end"": 26, ""selected_run_length"": 8, ""selected_run_score"": 84}",two_terminal_side_peak,,,706.0,941.0
,,,,,,30,Variable_Resistor,component:3:30.1,,,3,,vertical,,,,,30.1,False,30.1:t1,ok,0.0,matched_preferred,[],N8,8,,,,,,,,,terminal:3:30.1:t1,Terminal,,N8,8,top,directional,directional_primary,"[651, 170, 664, 194]",657,188,,,,30.1:t1,t1,"{""point_mode"": ""side_peak_outside"", ""scan_axis"": ""x"", ""relative_position"": ""top"", ""scan_start"": 645, ""scan_end"": 697, ""scan_margin"": 5, ""probe_halfspan"": 6, ""probe_out_len"": 12, ""probe_inset"": 1, ""peak_coord"": 657, ""anchor_offset_ratio"": 0.2742, ""max_score"": 42, ""keep_threshold"": 36, ""selected_run_start"": 7, ""selected_run_end"": 17, ""selected_run_length"": 11, ""selected_run_score"": 42}",two_terminal_side_peak,,,657.0,188.0
,,,,,,30,Variable_Resistor,component:3:30.1,,,3,,vertical,,,,,30.1,False,30.1:t2,ok,0.0,matched_preferred,[],N6,6,,,,,,,,,terminal:3:30.1:t2,Terminal,,N6,6,bottom,directional,directional_primary,"[651, 339, 664, 363]",657,344,,,,30.1:t2,t2,"{""point_mode"": ""side_peak_outside"", ""scan_axis"": ""x"", ""relative_position"": ""bottom"", ""scan_start"": 645, ""scan_end"": 697, ""scan_margin"": 5, ""probe_halfspan"": 6, ""probe_out_len"": 12, ""probe_inset"": 1, ""peak_coord"": 657, ""anchor_offset_ratio"": 0.2742, ""max_score"": 42, ""keep_threshold"": 36, ""selected_run_start"": 7, ""selected_run_end"": 17, ""selected_run_length"": 11, ""selected_run_score"": 42}",two_terminal_side_peak,,,657.0,344.0
,,,,,,12,LED,component:3:12.1,,,3,,vertical,,,,,12.1,False,12.1:t1,ok,0.0,matched_preferred,[],N6,6,,,,,,,,,terminal:3:12.1:t1,Terminal,,N6,6,top,directional,directional_primary,"[651, 469, 664, 493]",657,487,,,,12.1:t1,t1,"{""point_mode"": ""side_peak_outside"", ""scan_axis"": ""x"", ""relative_position"": ""top"", ""scan_start"": 646, ""scan_end"": 700, ""scan_margin"": 5, ""probe_halfspan"": 6, ""probe_out_len"": 12, ""probe_inset"": 1, ""peak_coord"": 657, ""anchor_offset_ratio"": 0.25, ""max_score"": 42, ""keep_threshold"": 36, ""selected_run_start"": 6, ""selected_run_end"": 16, ""selected_run_length"": 11, ""selected_run_score"": 42}",two_terminal_side_peak,,,657.0,487.0
,,,,,,12,LED,component:3:12.1,,,3,,vertical,,,,,12.1,False,12.1:t2,ok,0.0,matched_preferred,[],N5,5,,,,,,,,,terminal:3:12.1:t2,Terminal,,N5,5,bottom,directional,directional_primary,"[651, 581, 664, 605]",657,586,,,,12.1:t2,t2,"{""point_mode"": ""side_peak_outside"", ""scan_axis"": ""x"", ""relative_position"": ""bottom"", ""scan_start"": 646, ""scan_end"": 700, ""scan_margin"": 5, ""probe_halfspan"": 6, ""probe_out_len"": 12, ""probe_inset"": 1, ""peak_coord"": 657, ""anchor_offset_ratio"": 0.25, ""max_score"": 42, ""keep_threshold"": 36, ""selected_run_start"": 6, ""selected_run_end"": 16, ""selected_run_length"": 11, ""selected_run_score"": 42}",two_terminal_side_peak,,,657.0,586.0
,,,,,,9,GND,component:3:9.2,,,3,top,up,,,,,9.2,False,9.2:t1,ok,0.0,matched_preferred,[],N7,7,,,,,,,,,terminal:3:9.2:t1,Terminal,,N7,7,top,directional,directional_primary,"[732, 949, 745, 973]",738,967,,,,9.2:t1,t1,"{""point_mode"": ""side_peak_outside"", ""scan_axis"": ""x"", ""relative_position"": ""top"", ""scan_start"": 721, ""scan_end"": 755, ""scan_margin"": 3, ""probe_halfspan"": 5, ""probe_out_len"": 12, ""probe_inset"": 1, ""peak_coord"": 738, ""anchor_offset_ratio"": 0.5, ""max_score"": 42, ""keep_threshold"": 36, ""selected_run_start"": 13, ""selected_run_end"": 21, ""selected_run_length"": 9, ""selected_run_score"": 42}",two_terminal_side_peak,,,738.0,967.0
,,,,,,15,Meter,component:3:15.2,,,3,,horizontal,,,,,15.2,False,15.2:t1,ok,0.0,matched_preferred,[],N5,5,,,,,,,,,terminal:3:15.2:t1,Terminal,,N5,5,left,directional,directional_primary,"[681, 702, 710, 719]",703,710,,,,15.2:t1,t1,"{""point_mode"": ""bbox_side_center"", ""anchor_offset_ratio"": 0.5}",bbox_side_center,,,703.49,710.38
,,,,,,15,Meter,component:3:15.2,,,3,,horizontal,,,,,15.2,False,15.2:t2,ok,0.0,matched_preferred,[],N10,10,,,,,,,,,terminal:3:15.2:t2,Terminal,,N10,10,right,directional,directional_primary,"[768, 702, 797, 719]",774,710,,,,15.2:t2,t2,"{""point_mode"": ""bbox_side_center"", ""anchor_offset_ratio"": 0.5}",bbox_side_center,,,773.55,710.38
,,,,,,9,GND,component:3:9.3,,,3,right,right,,,,,9.3,False,9.3:t1,ok,1.0,matched_preferred,[],N10,10,,,,,,,,,terminal:3:9.3:t1,Terminal,,N10,10,right,directional,directional_primary,"[792, 810, 816, 823]",797,815,,,,9.3:t1,t1,"{""point_mode"": ""side_peak_outside"", ""scan_axis"": ""y"", ""relative_position"": ""right"", ""scan_start"": 788, ""scan_end"": 844, ""scan_margin"": 5, ""probe_halfspan"": 3, ""probe_out_len"": 12, ""probe_inset"": 1, ""peak_coord"": 816, ""anchor_offset_ratio"": 0.5, ""max_score"": 84, ""keep_threshold"": 71, ""selected_run_start"": 27, ""selected_run_end"": 28, ""selected_run_length"": 2, ""selected_run_score"": 84}",two_terminal_side_peak,,,797.0,816.0
,,,,,,27,Thermistor,component:3:27.1,,,3,,vertical,,,,,27.1,False,27.1:t1,ok,0.0,matched_preferred,[],N8,8,,,,,,,,,terminal:3:27.1:t1,Terminal,,N8,8,top,directional,directional_primary,"[802, 180, 815, 204]",808,198,,,,27.1:t1,t1,"{""point_mode"": ""bbox_side_center"", ""anchor_offset_ratio"": 0.5}",bbox_side_center,,,807.82,198.3
,,,,,,27,Thermistor,component:3:27.1,,,3,,vertical,,,,,27.1,False,27.1:t2,ok,0.0,matched_preferred,[],N9,9,,,,,,,,,terminal:3:27.1:t2,Terminal,,N9,9,bottom,directional,directional_primary,"[802, 349, 815, 373]",808,354,,,,27.1:t2,t2,"{""point_mode"": ""bbox_side_center"", ""anchor_offset_ratio"": 0.5}",bbox_side_center,,,807.82,353.5
,,,,,,4,Capacitor,component:3:4.1,,,3,,vertical,,,,,4.1,False,4.1:t1,ok,1.0,matched_preferred,[],N9,9,,,,,,,,,terminal:3:4.1:t1,Terminal,,N9,9,top,directional,directional_primary,"[803, 472, 816, 496]",808,490,,,,4.1:t1,t1,"{""point_mode"": ""bbox_side_center"", ""anchor_offset_ratio"": 0.5}",bbox_side_center,,,809.14,490.21
,,,,,,4,Capacitor,component:3:4.1,,,3,,vertical,,,,,4.1,False,4.1:t2,ok,1.0,matched_preferred,[],N10,10,,,,,,,,,terminal:3:4.1:t2,Terminal,,N10,10,bottom,directional,directional_primary,"[803, 591, 816, 615]",808,596,,,,4.1:t2,t2,"{""point_mode"": ""bbox_side_center"", ""anchor_offset_ratio"": 0.5}",bbox_side_center,,,809.14,596.36
,,,,,,26,Terminal,component:3:26.1,,,3,,vertical,,,,,26.1,False,26.1:t1,ok,0.0,matched_preferred,[],N8,8,,,,,,,,,terminal:3:26.1:t1,Terminal,,N8,8,top,directional,directional_primary,"[953, 120, 966, 144]",959,138,,,,26.1:t1,t1,"{""point_mode"": ""bbox_side_center"", ""anchor_offset_ratio"": 0.5}",bbox_side_center,,,959.48,138.26
,,,,,,26,Terminal,component:3:26.1,,,3,,vertical,,,,,26.1,False,26.1:t2,ok,0.0,matched_preferred,[],N11,11,,,,,,,,,terminal:3:26.1:t2,Terminal,,N11,11,bottom,directional,directional_primary,"[953, 218, 966, 242]",959,223,,,,26.1:t2,t2,"{""point_mode"": ""bbox_side_center"", ""anchor_offset_ratio"": 0.5}",bbox_side_center,,,959.48,223.37
,,,,,,13,Lamp,component:3:13.1,,,3,,vertical,,,,,13.1,False,13.1:t1,ok,1.0,matched_preferred,[],N11,11,,,,,,,,,terminal:3:13.1:t1,Terminal,,N11,11,top,directional,directional_primary,"[954, 290, 967, 314]",959,308,,,,13.1:t1,t1,"{""point_mode"": ""bbox_side_center"", ""anchor_offset_ratio"": 0.5001}",bbox_side_center,,,959.61,307.67
,,,,,,13,Lamp,component:3:13.1,,,3,,vertical,,,,,13.1,False,13.1:t2,ok,1.0,matched_preferred,[],N10,10,,,,,,,,,terminal:3:13.1:t2,Terminal,,N10,10,bottom,directional,directional_primary,"[954, 436, 967, 460]",959,441,,,,13.1:t2,t2,"{""point_mode"": ""bbox_side_center"", ""anchor_offset_ratio"": 0.5001}",bbox_side_center,,,959.61,440.54
119,223,94,197,,,,,,,"[""2.1:t1"", ""25.1:t1""]",3,,,,,,,,,N1,,,,,,,,2,,,,,N1,1,net:3:N1,Net,208,,,,,,,,,,13,,,,,,,,,
119,491,283,945,,,,,,,"[""15.1:t2"", ""17.1:t1"", ""2.1:t2"", ""7.1:t1""]",3,,,,,,,,,N2,,,,,,,,4,,,,,N2,2,net:3:N2,Net,1468,,,,,,,,,,28,,,,,,,,,
304,452,99,268,,,,,,,"[""15.1:t1"", ""25.1:t2"", ""8.1:t1""]",3,,,,,,,,,N3,,,,,,,,3,,,,,N3,3,net:3:N3,Net,321,,,,,,,,,,15,,,,,,,,,
512,642,937,942,,,,,,,"[""10.1:t1"", ""7.1:t2""]",3,,,,,,,,,N4,,,,,,,,2,,,,,N4,4,net:3:N4,Net,132,,,,,,,,,,65,,,,,,,,,
551,711,570,754,,,,,,,"[""12.1:t2"", ""15.2:t1"", ""17.1:t2"", ""9.1:t1""]",3,,,,,,,,,N5,,,,,,,,4,,,,,N5,5,net:3:N5,Net,394,,,,,,,,,,43,,,,,,,,,
657,657,328,504,,,,,,,"[""12.1:t1"", ""30.1:t2""]",3,,,,,,,,,N6,,,,,,,,2,,,,,N6,6,net:3:N6,Net,177,,,,,,,,,,31,,,,,,,,,
695,741,937,983,,,,,,,"[""10.1:t2"", ""9.2:t1""]",3,,,,,,,,,N7,,,,,,,,2,,,,,N7,7,net:3:N7,Net,93,,,,,,,,,,66,,,,,,,,,
509,959,94,214,,,,,,,"[""26.1:t1"", ""27.1:t1"", ""30.1:t1"", ""8.1:t2""]",3,,,,,,,,,N8,,,,,,,,4,,,,,N8,8,net:3:N8,Net,743,,,,,,,,,,14,,,,,,,,,
808,809,338,507,,,,,,,"[""27.1:t2"", ""4.1:t1""]",3,,,,,,,,,N9,,,,,,,,2,,,,,N9,9,net:3:N9,Net,170,,,,,,,,,,32,,,,,,,,,
765,963,427,819,,,,,,,"[""13.1:t2"", ""15.2:t2"", ""4.1:t2"", ""9.3:t1""]",3,,,,,,,,,N10,,,,,,,,4,,,,,N10,10,net:3:N10,Net,780,,,,,,,,,,35,,,,,,,,,
959,963,206,323,,,,,,,"[""13.1:t1"", ""26.1:t2""]",3,,,,,,,,,N11,,,,,,,,2,,,,,N11,11,net:3:N11,Net,122,,,,,,,,,,20,,,,,,,,,
,,,,,,,,,,,4,,,1024,4.jpg,C:\Users\m.profilo\Desktop\tesi_diagrams_yolo\data\batch_v5_various_two_terminals_components\4.jpg,1024,,,4,,,,,,,17,,30,11,,30,,,diagram:4,Diagram,,,,,,,,,,06_match_terminals_to_nets,,,,,,,,,,
114.93,162.09,162.94,424.48,2,Battery,,,,0.8424,,4,,,,,,,2.1,,2.1,,,,,,,,,,,2,,,,component:4:2.1,Component,,,,,,,,,,,,two_terminal,,,,,True,True,,
238.07,309.63,76.84,156.11,3,Breaker,,,,0.8508,,4,,horizontal,,,,,3.1,,3.1,,,,,,,,,,,2,,,,component:4:3.1,Component,,,,,,,,,,,,two_terminal,,,,,True,True,,
447.64,510.32,56.08,198.93,23,Signal_Source,,,,0.9323,,4,,horizontal,,,,,23.1,,23.1,,,,,,,,,,,2,,,,component:4:23.1,Component,,,,,,,,,,,,two_terminal,,,,,True,True,,
477.11,512.57,871.43,932.28,9,GND,,,,0.7981,,4,top,up,,,,,9.1,,9.1,,,,,,,,,,,1,,,,component:4:9.1,Component,,,,,,,,,,,,one_terminal,,,,,True,True,,
474.07,547.67,540.87,632.17,14,Memristor,,,,0.9043,,4,,horizontal,,,,,14.1,,14.1,,,,,,,,,,,2,,,,component:4:14.1,Component,,,,,,,,,,,,two_terminal,,,,,True,True,,
595.96,620.26,862.74,943.27,9,GND,,,,0.7842,,4,right,right,,,,,9.2,,9.2,,,,,,,,,,,1,,,,component:4:9.2,Component,,,,,,,,,,,,one_terminal,,,,,True,True,,
604.11,667.46,248.93,419.58,30,Variable_Resistor,,,,0.8915,,4,,vertical,,,,,30.1,,30.1,,,,,,,,,,,2,,,,component:4:30.1,Component,,,,,,,,,,,,two_terminal,,,,,True,True,,
616.55,687.93,592.06,701.67,12,LED,,,,0.7207,,4,,vertical,,,,,12.1,,12.1,,,,,,,,,,,2,,,,component:4:12.1,Component,,,,,,,,,,,,two_terminal,,,,,True,True,,
617.52,687.78,591.42,701.75,7,Diode,,,,0.5232,,4,,vertical,,,,,7.1,,7.1,,,,,,,,,,,2,,,,component:4:7.1,Component,,,,,,,,,,,,two_terminal,,,,,True,True,,
718.18,779.37,513.25,654.93,15,Meter,,,,0.9062,,4,,horizontal,,,,,15.1,,15.1,,,,,,,,,,,2,,,,component:4:15.1,Component,,,,,,,,,,,,two_terminal,,,,,True,True,,
757.65,782.03,887.11,968.95,9,GND,,,,0.8184,,4,right,right,,,,,9.3,,9.3,,,,,,,,,,,1,,,,component:4:9.3,Component,,,,,,,,,,,,one_terminal,,,,,True,True,,
779.53,817.17,635.19,760.33,7,Diode,,,,0.9194,,4,,vertical,,,,,7.2,,7.2,,,,,,,,,,,2,,,,component:4:7.2,Component,,,,,,,,,,,,two_terminal,,,,,True,True,,
782.78,824.06,287.16,451.44,10,Inductor,,,,0.8011,,4,,vertical,,,,,10.1,,10.1,,,,,,,,,,,2,,,,component:4:10.1,Component,,,,,,,,,,,,two_terminal,,,,,True,True,,
920.65,944.19,886.99,968.38,9,GND,,,,0.7856,,4,right,right,,,,,9.4,,9.4,,,,,,,,,,,1,,,,component:4:9.4,Component,,,,,,,,,,,,one_terminal,,,,,True,True,,
929.31,990.15,602.61,746.88,13,Lamp,,,,0.9365,,4,,vertical,,,,,13.1,,13.1,,,,,,,,,,,2,,,,component:4:13.1,Component,,,,,,,,,,,,two_terminal,,,,,True,True,,
936.53,983.79,182.15,269.77,26,Terminal,,,,0.8104,,4,,vertical,,,,,26.1,,26.1,,,,,,,,,,,2,,,,component:4:26.1,Component,,,,,,,,,,,,variable_terminal,,,,,True,True,,
940.98,983.58,282.74,417.68,29,Trim_Capacitor,,,,0.91,,4,,vertical,,,,,29.1,,29.1,,,,,,,,,,,2,,,,component:4:29.1,Component,,,,,,,,,,,,two_terminal,,,,,True,True,,
,,,,,,2,Battery,component:4:2.1,,,4,,,,,,,2.1,False,2.1:t1,ok,2.0,matched_preferred,[],N1,1,,,,,,,,,terminal:4:2.1:t1,Terminal,,N1,1,top,directional,directional_primary,"[133, 141, 146, 165]",137,159,,,,2.1:t1,t1,"{""point_mode"": ""bbox_side_center"", ""anchor_offset_ratio"": 0.5}",bbox_side_center,,,138.51,158.94
,,,,,,2,Battery,component:4:2.1,,,4,,,,,,,2.1,False,2.1:t2,ok,2.0,matched_preferred,[],N2,2,,,,,,,,,terminal:4:2.1:t2,Terminal,,N2,2,bottom,directional,directional_primary,"[133, 423, 146, 447]",137,428,,,,2.1:t2,t2,"{""point_mode"": ""bbox_side_center"", ""anchor_offset_ratio"": 0.5}",bbox_side_center,,,138.51,428.48
,,,,,,3,Breaker,component:4:3.1,,,4,,horizontal,,,,,3.1,False,3.1:t1,ok,10.0,matched_preferred,"[""used_circle_search""]",N1,1,,,,,,,,,terminal:4:3.1:t1,Terminal,,N1,1,left,circle,circle_primary,"[224, 106, 245, 127]",234,126,,,,3.1:t1,t1,"{""point_mode"": ""bbox_side_center"", ""anchor_offset_ratio"": 0.5001}",bbox_side_center,,,234.07,116.48
,,,,,,3,Breaker,component:4:3.1,,,4,,horizontal,,,,,3.1,False,3.1:t2,ok,10.0,matched_preferred,"[""used_circle_search""]",N3,3,,,,,,,,,terminal:4:3.1:t2,Terminal,,N3,3,right,circle,circle_primary,"[304, 106, 325, 127]",314,126,,,,3.1:t2,t2,"{""point_mode"": ""bbox_side_center"", ""anchor_offset_ratio"": 0.5001}",bbox_side_center,,,313.63,116.48
,,,,,,23,Signal_Source,component:4:23.1,,,4,,horizontal,,,,,23.1,False,23.1:t1,ok,2.0,matched_preferred,[],N3,3,,,,,,,,,terminal:4:23.1:t1,Terminal,,N3,3,left,directional,directional_primary,"[426, 122, 450, 135]",444,126,,,,23.1:t1,t1,"{""point_mode"": ""bbox_side_center"", ""anchor_offset_ratio"": 0.5}",bbox_side_center,,,443.64,127.5
,,,,,,23,Signal_Source,component:4:23.1,,,4,,horizontal,,,,,23.1,False,23.1:t2,ok,2.0,matched_preferred,[],N7,7,,,,,,,,,terminal:4:23.1:t2,Terminal,,N7,7,right,directional,directional_primary,"[509, 122, 533, 135]",514,126,,,,23.1:t2,t2,"{""point_mode"": ""bbox_side_center"", ""anchor_offset_ratio"": 0.5}",bbox_side_center,,,514.32,127.5
,,,,,,9,GND,component:4:9.1,,,4,top,up,,,,,9.1,False,9.1:t1,ok,0.0,matched_preferred,[],N4,4,,,,,,,,,terminal:4:9.1:t1,Terminal,,N4,4,top,directional,directional_primary,"[488, 849, 501, 873]",494,867,,,,9.1:t1,t1,"{""point_mode"": ""side_peak_outside"", ""scan_axis"": ""x"", ""relative_position"": ""top"", ""scan_start"": 480, ""scan_end"": 510, ""scan_margin"": 3, ""probe_halfspan"": 4, ""probe_out_len"": 12, ""probe_inset"": 1, ""peak_coord"": 494, ""anchor_offset_ratio"": 0.4722, ""max_score"": 42, ""keep_threshold"": 36, ""selected_run_start"": 11, ""selected_run_end"": 17, ""selected_run_length"": 7, ""selected_run_score"": 42}",two_terminal_side_peak,,,494.0,867.0
,,,,,,14,Memristor,component:4:14.1,,,4,,horizontal,,,,,14.1,False,14.1:t1,ok,1.0,matched_preferred,[],N2,2,,,,,,,,,terminal:4:14.1:t1,Terminal,,N2,2,left,directional,directional_primary,"[452, 581, 476, 594]",470,586,,,,14.1:t1,t1,"{""point_mode"": ""bbox_side_center"", ""anchor_offset_ratio"": 0.5}",bbox_side_center,,,470.07,586.52
,,,,,,14,Memristor,component:4:14.1,,,4,,horizontal,,,,,14.1,False,14.1:t2,ok,1.0,matched_preferred,[],N6,6,,,,,,,,,terminal:4:14.1:t2,Terminal,,N6,6,right,directional,directional_primary,"[547, 581, 571, 594]",552,586,,,,14.1:t2,t2,"{""point_mode"": ""bbox_side_center"", ""anchor_offset_ratio"": 0.5}",bbox_side_center,,,551.67,586.52
,,,,,,9,GND,component:4:9.2,,,4,right,right,,,,,9.2,False,9.2:t1,ok,0.0,matched_preferred,[],N5,5,,,,,,,,,terminal:4:9.2:t1,Terminal,,N5,5,right,directional,directional_primary,"[619, 897, 643, 910]",624,903,,,,9.2:t1,t1,"{""point_mode"": ""side_peak_outside"", ""scan_axis"": ""y"", ""relative_position"": ""right"", ""scan_start"": 869, ""scan_end"": 937, ""scan_margin"": 6, ""probe_halfspan"": 3, ""probe_out_len"": 12, ""probe_inset"": 1, ""peak_coord"": 903, ""anchor_offset_ratio"": 0.5, ""max_score"": 98, ""keep_threshold"": 83, ""selected_run_start"": 33, ""selected_run_end"": 36, ""selected_run_length"": 4, ""selected_run_score"": 98}",two_terminal_side_peak,,,624.0,903.0
,,,,,,30,Variable_Resistor,component:4:30.1,,,4,,vertical,,,,,30.1,False,30.1:t1,ok,0.0,matched_preferred,[],N7,7,,,,,,,,,terminal:4:30.1:t1,Terminal,,N7,7,top,directional,directional_primary,"[629, 227, 642, 251]",635,245,,,,30.1:t1,t1,"{""point_mode"": ""side_peak_outside"", ""scan_axis"": ""x"", ""relative_position"": ""top"", ""scan_start"": 609, ""scan_end"": 662, ""scan_margin"": 5, ""probe_halfspan"": 6, ""probe_out_len"": 12, ""probe_inset"": 1, ""peak_coord"": 635, ""anchor_offset_ratio"": 0.4921, ""max_score"": 42, ""keep_threshold"": 36, ""selected_run_start"": 21, ""selected_run_end"": 31, ""selected_run_length"": 11, ""selected_run_score"": 42}",two_terminal_side_peak,,,635.0,245.0
,,,,,,30,Variable_Resistor,component:4:30.1,,,4,,vertical,,,,,30.1,False,30.1:t2,ok,0.0,matched_preferred,[],N6,6,,,,,,,,,terminal:4:30.1:t2,Terminal,,N6,6,bottom,directional,directional_primary,"[629, 419, 642, 443]",635,424,,,,30.1:t2,t2,"{""point_mode"": ""side_peak_outside"", ""scan_axis"": ""x"", ""relative_position"": ""bottom"", ""scan_start"": 609, ""scan_end"": 662, ""scan_margin"": 5, ""probe_halfspan"": 6, ""probe_out_len"": 12, ""probe_inset"": 1, ""peak_coord"": 635, ""anchor_offset_ratio"": 0.4921, ""max_score"": 42, ""keep_threshold"": 36, ""selected_run_start"": 21, ""selected_run_end"": 31, ""selected_run_length"": 11, ""selected_run_score"": 42}",two_terminal_side_peak,,,635.0,424.0
,,,,,,12,LED,component:4:12.1,,,4,,vertical,,,,,12.1,False,12.1:t1,ok,0.0,matched_preferred,[],N6,6,,,,,,,,,terminal:4:12.1:t1,Terminal,,N6,6,top,directional,directional_primary,"[629, 570, 642, 594]",635,588,,,,12.1:t1,t1,"{""point_mode"": ""side_peak_outside"", ""scan_axis"": ""x"", ""relative_position"": ""top"", ""scan_start"": 623, ""scan_end"": 682, ""scan_margin"": 6, ""probe_halfspan"": 6, ""probe_out_len"": 12, ""probe_inset"": 1, ""peak_coord"": 635, ""anchor_offset_ratio"": 0.2535, ""max_score"": 113, ""keep_threshold"": 96, ""selected_run_start"": 5, ""selected_run_end"": 19, ""selected_run_length"": 15, ""selected_run_score"": 113}",two_terminal_side_peak,,,635.0,588.0
,,,,,,12,LED,component:4:12.1,,,4,,vertical,,,,,12.1,False,12.1:t2,ok,0.0,matched_preferred,[],N5,5,,,,,,,,,terminal:4:12.1:t2,Terminal,,N5,5,bottom,directional,directional_primary,"[629, 701, 642, 725]",635,706,,,,12.1:t2,t2,"{""point_mode"": ""side_peak_outside"", ""scan_axis"": ""x"", ""relative_position"": ""bottom"", ""scan_start"": 623, ""scan_end"": 682, ""scan_margin"": 6, ""probe_halfspan"": 6, ""probe_out_len"": 12, ""probe_inset"": 1, ""peak_coord"": 635, ""anchor_offset_ratio"": 0.2535, ""max_score"": 42, ""keep_threshold"": 36, ""selected_run_start"": 7, ""selected_run_end"": 17, ""selected_run_length"": 11, ""selected_run_score"": 42}",two_terminal_side_peak,,,635.0,706.0
,,,,,,7,Diode,component:4:7.1,,,4,,vertical,,,,,7.1,False,7.1:t1,ok,0.0,matched_preferred,[],N6,6,,,,,,,,,terminal:4:7.1:t1,Terminal,,N6,6,top,directional,directional_primary,"[617, 569, 654, 593]",635,587,,,,7.1:t1,t1,"{""point_mode"": ""side_peak_outside"", ""scan_axis"": ""x"", ""relative_position"": ""top"", ""scan_start"": 624, ""scan_end"": 682, ""scan_margin"": 6, ""probe_halfspan"": 6, ""probe_out_len"": 12, ""probe_inset"": 1, ""peak_coord"": 635, ""anchor_offset_ratio"": 0.2429, ""max_score"": 113, ""keep_threshold"": 96, ""selected_run_start"": 4, ""selected_run_end"": 18, ""selected_run_length"": 15, ""selected_run_score"": 113}",two_terminal_side_peak,,,635.0,587.0
,,,,,,7,Diode,component:4:7.1,,,4,,vertical,,,,,7.1,False,7.1:t2,ok,0.0,matched_preferred,[],N5,5,,,,,,,,,terminal:4:7.1:t2,Terminal,,N5,5,bottom,directional,directional_primary,"[617, 701, 654, 725]",635,706,,,,7.1:t2,t2,"{""point_mode"": ""side_peak_outside"", ""scan_axis"": ""x"", ""relative_position"": ""bottom"", ""scan_start"": 624, ""scan_end"": 682, ""scan_margin"": 6, ""probe_halfspan"": 6, ""probe_out_len"": 12, ""probe_inset"": 1, ""peak_coord"": 635, ""anchor_offset_ratio"": 0.2429, ""max_score"": 42, ""keep_threshold"": 36, ""selected_run_start"": 6, ""selected_run_end"": 16, ""selected_run_length"": 11, ""selected_run_score"": 42}",two_terminal_side_peak,,,635.0,706.0
,,,,,,15,Meter,component:4:15.1,,,4,,horizontal,,,,,15.1,False,15.1:t1,ok,2.0,matched_preferred,[],N6,6,,,,,,,,,terminal:4:15.1:t1,Terminal,,N6,6,left,directional,directional_primary,"[692, 576, 721, 593]",714,586,,,,15.1:t1,t1,"{""point_mode"": ""bbox_side_center"", ""anchor_offset_ratio"": 0.5}",bbox_side_center,,,714.18,584.09
,,,,,,15,Meter,component:4:15.1,,,4,,horizontal,,,,,15.1,False,15.1:t2,ok,2.0,matched_preferred,[],N9,9,,,,,,,,,terminal:4:15.1:t2,Terminal,,N9,9,right,directional,directional_primary,"[777, 576, 806, 593]",783,586,,,,15.1:t2,t2,"{""point_mode"": ""bbox_side_center"", ""anchor_offset_ratio"": 0.5}",bbox_side_center,,,783.37,584.09
,,,,,,9,GND,component:4:9.3,,,4,right,right,,,,,9.3,False,9.3:t1,ok,0.0,matched_preferred,[],N8,8,,,,,,,,,terminal:4:9.3:t1,Terminal,,N8,8,right,directional,directional_primary,"[781, 922, 805, 935]",786,928,,,,9.3:t1,t1,"{""point_mode"": ""side_peak_outside"", ""scan_axis"": ""y"", ""relative_position"": ""right"", ""scan_start"": 894, ""scan_end"": 962, ""scan_margin"": 7, ""probe_halfspan"": 3, ""probe_out_len"": 12, ""probe_inset"": 1, ""peak_coord"": 928, ""anchor_offset_ratio"": 0.5, ""max_score"": 98, ""keep_threshold"": 83, ""selected_run_start"": 33, ""selected_run_end"": 35, ""selected_run_length"": 3, ""selected_run_score"": 98}",two_terminal_side_peak,,,786.0,928.0
,,,,,,7,Diode,component:4:7.2,,,4,,vertical,,,,,7.2,False,7.2:t1,ok,0.0,matched_preferred,[],N9,9,,,,,,,,,terminal:4:7.2:t1,Terminal,,N9,9,top,directional,directional_primary,"[779, 613, 816, 637]",797,631,,,,7.2:t1,t1,"{""point_mode"": ""side_peak_outside"", ""scan_axis"": ""x"", ""relative_position"": ""top"", ""scan_start"": 783, ""scan_end"": 814, ""scan_margin"": 3, ""probe_halfspan"": 4, ""probe_out_len"": 12, ""probe_inset"": 1, ""peak_coord"": 797, ""anchor_offset_ratio"": 0.4595, ""max_score"": 42, ""keep_threshold"": 36, ""selected_run_start"": 11, ""selected_run_end"": 17, ""selected_run_length"": 7, ""selected_run_score"": 42}",two_terminal_side_peak,,,797.0,631.0
,,,,,,7,Diode,component:4:7.2,,,4,,vertical,,,,,7.2,False,7.2:t2,ok,0.0,matched_preferred,[],N8,8,,,,,,,,,terminal:4:7.2:t2,Terminal,,N8,8,bottom,directional,directional_primary,"[779, 759, 816, 783]",797,764,,,,7.2:t2,t2,"{""point_mode"": ""side_peak_outside"", ""scan_axis"": ""x"", ""relative_position"": ""bottom"", ""scan_start"": 783, ""scan_end"": 814, ""scan_margin"": 3, ""probe_halfspan"": 4, ""probe_out_len"": 12, ""probe_inset"": 1, ""peak_coord"": 797, ""anchor_offset_ratio"": 0.4595, ""max_score"": 42, ""keep_threshold"": 36, ""selected_run_start"": 11, ""selected_run_end"": 17, ""selected_run_length"": 7, ""selected_run_score"": 42}",two_terminal_side_peak,,,797.0,764.0
,,,,,,10,Inductor,component:4:10.1,,,4,,vertical,,,,,10.1,False,10.1:t1,ok,0.0,matched_preferred,[],N7,7,,,,,,,,,terminal:4:10.1:t1,Terminal,,N7,7,top,directional,directional_primary,"[787, 253, 808, 292]",797,283,,,,10.1:t1,t1,"{""point_mode"": ""side_peak_outside"", ""scan_axis"": ""x"", ""relative_position"": ""top"", ""scan_start"": 786, ""scan_end"": 821, ""scan_margin"": 3, ""probe_halfspan"": 5, ""probe_out_len"": 12, ""probe_inset"": 1, ""peak_coord"": 797, ""anchor_offset_ratio"": 0.3415, ""max_score"": 42, ""keep_threshold"": 36, ""selected_run_start"": 7, ""selected_run_end"": 15, ""selected_run_length"": 9, ""selected_run_score"": 42}",two_terminal_side_peak,,,797.0,283.0
,,,,,,10,Inductor,component:4:10.1,,,4,,vertical,,,,,10.1,False,10.1:t2,ok,0.0,matched_preferred,[],N9,9,,,,,,,,,terminal:4:10.1:t2,Terminal,,N9,9,bottom,directional,directional_primary,"[787, 447, 808, 486]",797,455,,,,10.1:t2,t2,"{""point_mode"": ""side_peak_outside"", ""scan_axis"": ""x"", ""relative_position"": ""bottom"", ""scan_start"": 786, ""scan_end"": 821, ""scan_margin"": 3, ""probe_halfspan"": 5, ""probe_out_len"": 12, ""probe_inset"": 1, ""peak_coord"": 797, ""anchor_offset_ratio"": 0.3415, ""max_score"": 42, ""keep_threshold"": 36, ""selected_run_start"": 7, ""selected_run_end"": 15, ""selected_run_length"": 9, ""selected_run_score"": 42}",two_terminal_side_peak,,,797.0,455.0
,,,,,,9,GND,component:4:9.4,,,4,right,right,,,,,9.4,False,9.4:t1,ok,0.0,matched_preferred,[],N10,10,,,,,,,,,terminal:4:9.4:t1,Terminal,,N10,10,right,directional,directional_primary,"[943, 922, 967, 935]",948,928,,,,9.4:t1,t1,"{""point_mode"": ""side_peak_outside"", ""scan_axis"": ""y"", ""relative_position"": ""right"", ""scan_start"": 893, ""scan_end"": 962, ""scan_margin"": 6, ""probe_halfspan"": 3, ""probe_out_len"": 12, ""probe_inset"": 1, ""peak_coord"": 928, ""anchor_offset_ratio"": 0.5062, ""max_score"": 98, ""keep_threshold"": 83, ""selected_run_start"": 34, ""selected_run_end"": 36, ""selected_run_length"": 3, ""selected_run_score"": 98}",two_terminal_side_peak,,,948.0,928.0
,,,,,,13,Lamp,component:4:13.1,,,4,,vertical,,,,,13.1,False,13.1:t1,ok,1.0,matched_preferred,[],N9,9,,,,,,,,,terminal:4:13.1:t1,Terminal,,N9,9,top,directional,directional_primary,"[954, 581, 967, 605]",959,599,,,,13.1:t1,t1,"{""point_mode"": ""bbox_side_center"", ""anchor_offset_ratio"": 0.5}",bbox_side_center,,,959.73,598.61
,,,,,,13,Lamp,component:4:13.1,,,4,,vertical,,,,,13.1,False,13.1:t2,ok,1.0,matched_preferred,[],N10,10,,,,,,,,,terminal:4:13.1:t2,Terminal,,N10,10,bottom,directional,directional_primary,"[954, 746, 967, 770]",959,751,,,,13.1:t2,t2,"{""point_mode"": ""bbox_side_center"", ""anchor_offset_ratio"": 0.5}",bbox_side_center,,,959.73,750.88
,,,,,,26,Terminal,component:4:26.1,,,4,,vertical,,,,,26.1,False,26.1:t1,ok,1.0,matched_preferred,[],N7,7,,,,,,,,,terminal:4:26.1:t1,Terminal,,N7,7,top,directional,directional_primary,"[954, 160, 967, 184]",959,178,,,,26.1:t1,t1,"{""point_mode"": ""bbox_side_center"", ""anchor_offset_ratio"": 0.5}",bbox_side_center,,,960.16,178.15
,,,,,,26,Terminal,component:4:26.1,,,4,,vertical,,,,,26.1,False,26.1:t2,ok,1.0,matched_preferred,[],N11,11,,,,,,,,,terminal:4:26.1:t2,Terminal,,N11,11,bottom,directional,directional_primary,"[954, 269, 967, 293]",959,274,,,,26.1:t2,t2,"{""point_mode"": ""bbox_side_center"", ""anchor_offset_ratio"": 0.5}",bbox_side_center,,,960.16,273.77
,,,,,,29,Trim_Capacitor,component:4:29.1,,,4,,vertical,,,,,29.1,False,29.1:t1,ok,3.0,matched_preferred,[],N11,11,,,,,,,,,terminal:4:29.1:t1,Terminal,,N11,11,top,directional,directional_primary,"[956, 261, 969, 285]",959,279,,,,29.1:t1,t1,"{""point_mode"": ""bbox_side_center"", ""anchor_offset_ratio"": 0.5}",bbox_side_center,,,962.28,278.74
,,,,,,29,Trim_Capacitor,component:4:29.1,,,4,,vertical,,,,,29.1,False,29.1:t2,ok,3.0,matched_preferred,[],N9,9,,,,,,,,,terminal:4:29.1:t2,Terminal,,N9,9,bottom,directional,directional_primary,"[956, 417, 969, 441]",959,422,,,,29.1:t2,t2,"{""point_mode"": ""bbox_side_center"", ""anchor_offset_ratio"": 0.5}",bbox_side_center,,,962.28,421.68
136,238,114,176,,,,,,,"[""2.1:t1"", ""3.1:t1""]",4,,,,,,,,,N1,,,,,,,,2,,,,,N1,1,net:4:N1,Net,165,,,,,,,,,,18,,,,,,,,,
137,484,409,849,,,,,,,"[""14.1:t1"", ""2.1:t2""]",4,,,,,,,,,N2,,,,,,,,2,,,,,N2,2,net:4:N2,Net,917,,,,,,,,,,38,,,,,,,,,
308,451,116,137,,,,,,,"[""23.1:t1"", ""3.1:t2""]",4,,,,,,,,,N3,,,,,,,,2,,,,,N3,3,net:4:N3,Net,163,,,,,,,,,,19,,,,,,,,,
433,494,823,884,,,,,,,"[""9.1:t1""]",4,,,,,,,,,N4,,,,,,,,1,,,,,N4,4,net:4:N4,Net,132,,,,,,,,,,63,,,,,,,,,
613,635,690,903,,,,,,,"[""12.1:t2"", ""7.1:t2"", ""9.2:t1""]",4,,,,,,,,,N5,,,,,,,,3,,,,,N5,5,net:4:N5,Net,234,,,,,,,,,,56,,,,,,,,,
538,721,408,605,,,,,,,"[""12.1:t1"", ""14.1:t2"", ""15.1:t1"", ""30.1:t2"", ""7.1:t1""]",4,,,,,,,,,N6,,,,,,,,5,,,,,N6,6,net:4:N6,Net,403,,,,,,,,,,39,,,,,,,,,
505,960,113,300,,,,,,,"[""10.1:t1"", ""23.1:t2"", ""26.1:t1"", ""30.1:t1""]",4,,,,,,,,,N7,,,,,,,,4,,,,,N7,7,net:4:N7,Net,882,,,,,,,,,,17,,,,,,,,,
775,798,747,928,,,,,,,"[""7.2:t2"", ""9.3:t1""]",4,,,,,,,,,N8,,,,,,,,2,,,,,N8,8,net:4:N8,Net,203,,,,,,,,,,58,,,,,,,,,
775,966,405,648,,,,,,,"[""10.1:t2"", ""13.1:t1"", ""15.1:t2"", ""29.1:t2"", ""7.2:t1""]",4,,,,,,,,,N9,,,,,,,,5,,,,,N9,9,net:4:N9,Net,653,,,,,,,,,,37,,,,,,,,,
934,960,737,928,,,,,,,"[""13.1:t2"", ""9.4:t1""]",4,,,,,,,,,N10,,,,,,,,2,,,,,N10,10,net:4:N10,Net,219,,,,,,,,,,57,,,,,,,,,
959,960,257,295,,,,,,,"[""26.1:t2"", ""29.1:t1""]",4,,,,,,,,,N11,,,,,,,,2,,,,,N11,11,net:4:N11,Net,39,,,,,,,,,,23,,,,,,,,,
,,,,,,,,,,,5,,,1024,5.jpg,C:\Users\m.profilo\Desktop\tesi_diagrams_yolo\data\batch_v5_various_two_terminals_components\5.jpg,1024,,,5,,,,,,,16,,27,12,,27,,,diagram:5,Diagram,,,,,,,,,,06_match_terminals_to_nets,,,,,,,,,,
10.89,44.85,653.78,708.37,9,GND,,,,0.7879,,5,right,right,,,,,9.1,,9.1,,,,,,,,,,,1,,,,component:5:9.1,Component,,,,,,,,,,,,one_terminal,,,,,True,True,,
9.54,46.44,337.71,388.1,9,GND,,,,0.7727,,5,right,right,,,,,9.2,,9.2,,,,,,,,,,,1,,,,component:5:9.2,Component,,,,,,,,,,,,one_terminal,,,,,True,True,,
111.54,183.82,594.8,655.3,7,Diode,,,,0.908,,5,,horizontal,,,,,7.1,,7.1,,,,,,,,,,,2,,,,component:5:7.1,Component,,,,,,,,,,,,two_terminal,,,,,True,True,,
109.75,186.18,258.8,350.94,13,Lamp,,,,0.9663,,5,,horizontal,,,,,13.1,,13.1,,,,,,,,,,,2,,,,component:5:13.1,Component,,,,,,,,,,,,two_terminal,,,,,True,True,,
334.59,407.56,275.48,342.72,29,Trim_Capacitor,,,,0.8321,,5,,horizontal,,,,,29.1,,29.1,,,,,,,,,,,2,,,,component:5:29.1,Component,,,,,,,,,,,,two_terminal,,,,,True,True,,
323.6,423.57,604.62,664.65,10,Inductor,,,,0.8983,,5,,horizontal,,,,,10.1,,10.1,,,,,,,,,,,2,,,,component:5:10.1,Component,,,,,,,,,,,,two_terminal,,,,,True,True,,
503.35,576.68,81.55,176.88,23,Signal_Source,,,,0.9126,,5,,vertical,,,,,23.1,,23.1,,,,,,,,,,,2,,,,component:5:23.1,Component,,,,,,,,,,,,two_terminal,,,,,True,True,,
506.85,573.67,330.06,498.81,2,Battery,,,,0.8896,,5,,,,,,,2.1,,2.1,,,,,,,,,,,2,,,,component:5:2.1,Component,,,,,,,,,,,,two_terminal,,,,,True,True,,
525.68,565.58,648.78,753.27,3,Breaker,,,,0.816,,5,,vertical,,,,,3.1,,3.1,,,,,,,,,,,2,,,,component:5:3.1,Component,,,,,,,,,,,,two_terminal,,,,,True,True,,
579.71,673.74,963.03,1020.34,14,Memristor,,,,0.7952,,5,,horizontal,,,,,14.1,,14.1,,,,,,,,,,,2,,,,component:5:14.1,Component,,,,,,,,,,,,two_terminal,,,,,True,True,,
667.3,742.41,827.56,920.5,15,Meter,,,,0.9428,,5,,horizontal,,,,,15.1,,15.1,,,,,,,,,,,2,,,,component:5:15.1,Component,,,,,,,,,,,,two_terminal,,,,,True,True,,
659.88,752.98,482.94,585.37,30,Variable_Resistor,,,,0.8778,,5,,horizontal,,,,,30.1,,30.1,,,,,,,,,,,2,,,,component:5:30.1,Component,,,,,,,,,,,,two_terminal,,,,,True,True,,
834.27,878.92,834.27,906.82,26,Terminal,,,,0.8002,,5,,left,,,,,26.1,,26.1,,,,,,,,,,,1,,,,component:5:26.1,Component,,,,,,,,,,,,variable_terminal,,,,,True,True,,
857.71,895.58,967.14,1019.42,9,GND,,,,0.6839,,5,left,left,,,,,9.3,,9.3,,,,,,,,,,,1,,,,component:5:9.3,Component,,,,,,,,,,,,one_terminal,,,,,True,True,,
885.36,957.74,457.1,568.51,12,LED,,,,0.7083,,5,,horizontal,,,,,12.1,,12.1,,,,,,,,,,,2,,,,component:5:12.1,Component,,,,,,,,,,,,two_terminal,,,,,True,True,,
967.59,1000.51,567.96,622.73,9,GND,,,,0.7926,,5,right,right,,,,,9.4,,9.4,,,,,,,,,,,1,,,,component:5:9.4,Component,,,,,,,,,,,,one_terminal,,,,,True,True,,
,,,,,,9,GND,component:5:9.1,,,5,right,right,,,,,9.1,False,9.1:t1,ok,0.0,matched_preferred,[],N2,2,,,,,,,,,terminal:5:9.1:t1,Terminal,,N2,2,right,directional,directional_primary,"[44, 675, 68, 688]",49,681,,,,9.1:t1,t1,"{""point_mode"": ""side_peak_outside"", ""scan_axis"": ""y"", ""relative_position"": ""right"", ""scan_start"": 658, ""scan_end"": 704, ""scan_margin"": 4, ""probe_halfspan"": 4, ""probe_out_len"": 12, ""probe_inset"": 1, ""peak_coord"": 681, ""anchor_offset_ratio"": 0.5, ""max_score"": 70, ""keep_threshold"": 60, ""selected_run_start"": 21, ""selected_run_end"": 25, ""selected_run_length"": 5, ""selected_run_score"": 70}",two_terminal_side_peak,,,49.0,681.0
,,,,,,9,GND,component:5:9.2,,,5,right,right,,,,,9.2,False,9.2:t1,ok,1.0,matched_preferred,[],N1,1,,,,,,,,,terminal:5:9.2:t1,Terminal,,N1,1,right,directional,directional_primary,"[45, 356, 69, 369]",50,363,,,,9.2:t1,t1,"{""point_mode"": ""side_peak_outside"", ""scan_axis"": ""y"", ""relative_position"": ""right"", ""scan_start"": 342, ""scan_end"": 384, ""scan_margin"": 4, ""probe_halfspan"": 4, ""probe_out_len"": 12, ""probe_inset"": 1, ""peak_coord"": 362, ""anchor_offset_ratio"": 0.48, ""max_score"": 56, ""keep_threshold"": 48, ""selected_run_start"": 18, ""selected_run_end"": 23, ""selected_run_length"": 6, ""selected_run_score"": 56}",two_terminal_side_peak,,,50.0,362.0
,,,,,,7,Diode,component:5:7.1,,,5,,horizontal,,,,,7.1,False,7.1:t1,ok,0.0,matched_preferred,[],N2,2,,,,,,,,,terminal:5:7.1:t1,Terminal,,N2,2,left,directional,directional_primary,"[90, 605, 114, 642]",108,623,,,,7.1:t1,t1,"{""point_mode"": ""side_peak_outside"", ""scan_axis"": ""y"", ""relative_position"": ""left"", ""scan_start"": 600, ""scan_end"": 650, ""scan_margin"": 5, ""probe_halfspan"": 6, ""probe_out_len"": 12, ""probe_inset"": 1, ""peak_coord"": 623, ""anchor_offset_ratio"": 0.4667, ""max_score"": 70, ""keep_threshold"": 60, ""selected_run_start"": 19, ""selected_run_end"": 27, ""selected_run_length"": 9, ""selected_run_score"": 70}",two_terminal_side_peak,,,108.0,623.0
,,,,,,7,Diode,component:5:7.1,,,5,,horizontal,,,,,7.1,False,7.1:t2,ok,0.0,matched_preferred,[],N3,3,,,,,,,,,terminal:5:7.1:t2,Terminal,,N3,3,right,directional,directional_primary,"[183, 605, 207, 642]",188,623,,,,7.1:t2,t2,"{""point_mode"": ""side_peak_outside"", ""scan_axis"": ""y"", ""relative_position"": ""right"", ""scan_start"": 600, ""scan_end"": 650, ""scan_margin"": 5, ""probe_halfspan"": 6, ""probe_out_len"": 12, ""probe_inset"": 1, ""peak_coord"": 623, ""anchor_offset_ratio"": 0.4667, ""max_score"": 70, ""keep_threshold"": 60, ""selected_run_start"": 19, ""selected_run_end"": 27, ""selected_run_length"": 9, ""selected_run_score"": 70}",two_terminal_side_peak,,,188.0,623.0
,,,,,,13,Lamp,component:5:13.1,,,5,,horizontal,,,,,13.1,False,13.1:t1,ok,1.0,matched_preferred,[],N1,1,,,,,,,,,terminal:5:13.1:t1,Terminal,,N1,1,left,directional,directional_primary,"[88, 299, 112, 312]",106,304,,,,13.1:t1,t1,"{""point_mode"": ""bbox_side_center"", ""anchor_offset_ratio"": 0.5}",bbox_side_center,,,105.75,304.87
,,,,,,13,Lamp,component:5:13.1,,,5,,horizontal,,,,,13.1,False,13.1:t2,ok,1.0,matched_preferred,[],N4,4,,,,,,,,,terminal:5:13.1:t2,Terminal,,N4,4,right,directional,directional_primary,"[185, 299, 209, 312]",190,304,,,,13.1:t2,t2,"{""point_mode"": ""bbox_side_center"", ""anchor_offset_ratio"": 0.5}",bbox_side_center,,,190.18,304.87
,,,,,,29,Trim_Capacitor,component:5:29.1,,,5,,horizontal,,,,,29.1,False,29.1:t1,ok,5.0,matched_preferred,[],N4,4,,,,,,,,,terminal:5:29.1:t1,Terminal,,N4,4,left,directional,directional_primary,"[313, 303, 337, 316]",331,304,,,,29.1:t1,t1,"{""point_mode"": ""bbox_side_center"", ""anchor_offset_ratio"": 0.5}",bbox_side_center,,,330.59,309.1
,,,,,,29,Trim_Capacitor,component:5:29.1,,,5,,horizontal,,,,,29.1,False,29.1:t2,ok,5.0,matched_preferred,[],N5,5,,,,,,,,,terminal:5:29.1:t2,Terminal,,N5,5,right,directional,directional_primary,"[407, 303, 431, 316]",412,304,,,,29.1:t2,t2,"{""point_mode"": ""bbox_side_center"", ""anchor_offset_ratio"": 0.5}",bbox_side_center,,,411.56,309.1
,,,,,,10,Inductor,component:5:10.1,,,5,,horizontal,,,,,10.1,False,10.1:t1,ok,0.0,matched_preferred,[],N3,3,,,,,,,,,terminal:5:10.1:t1,Terminal,,N3,3,left,directional,directional_primary,"[290, 613, 329, 634]",320,623,,,,10.1:t1,t1,"{""point_mode"": ""side_peak_outside"", ""scan_axis"": ""y"", ""relative_position"": ""left"", ""scan_start"": 610, ""scan_end"": 660, ""scan_margin"": 5, ""probe_halfspan"": 6, ""probe_out_len"": 12, ""probe_inset"": 1, ""peak_coord"": 623, ""anchor_offset_ratio"": 0.3, ""max_score"": 70, ""keep_threshold"": 60, ""selected_run_start"": 9, ""selected_run_end"": 17, ""selected_run_length"": 9, ""selected_run_score"": 70}",two_terminal_side_peak,,,320.0,623.0
,,,,,,10,Inductor,component:5:10.1,,,5,,horizontal,,,,,10.1,False,10.1:t2,ok,0.0,matched_preferred,[],N7,7,,,,,,,,,terminal:5:10.1:t2,Terminal,,N7,7,right,directional,directional_primary,"[420, 613, 459, 634]",428,623,,,,10.1:t2,t2,"{""point_mode"": ""side_peak_outside"", ""scan_axis"": ""y"", ""relative_position"": ""right"", ""scan_start"": 610, ""scan_end"": 660, ""scan_margin"": 5, ""probe_halfspan"": 6, ""probe_out_len"": 12, ""probe_inset"": 1, ""peak_coord"": 623, ""anchor_offset_ratio"": 0.3, ""max_score"": 70, ""keep_threshold"": 60, ""selected_run_start"": 9, ""selected_run_end"": 17, ""selected_run_length"": 9, ""selected_run_score"": 70}",two_terminal_side_peak,,,428.0,623.0
,,,,,,23,Signal_Source,component:5:23.1,,,5,,vertical,,,,,23.1,False,23.1:t1,ok,1.0,matched_preferred,[],N6,6,,,,,,,,,terminal:5:23.1:t1,Terminal,,N6,6,top,directional,directional_primary,"[534, 60, 547, 84]",539,78,,,,23.1:t1,t1,"{""point_mode"": ""bbox_side_center"", ""anchor_offset_ratio"": 0.4999}",bbox_side_center,,,540.01,77.55
,,,,,,23,Signal_Source,component:5:23.1,,,5,,vertical,,,,,23.1,False,23.1:t2,ok,1.0,matched_preferred,[],N5,5,,,,,,,,,terminal:5:23.1:t2,Terminal,,N5,5,bottom,directional,directional_primary,"[534, 176, 547, 200]",539,181,,,,23.1:t2,t2,"{""point_mode"": ""bbox_side_center"", ""anchor_offset_ratio"": 0.4999}",bbox_side_center,,,540.01,180.88
,,,,,,2,Battery,component:5:2.1,,,5,,,,,,,2.1,False,2.1:t1,ok,1.0,matched_preferred,[],N5,5,,,,,,,,,terminal:5:2.1:t1,Terminal,,N5,5,top,directional,directional_primary,"[534, 308, 547, 332]",539,326,,,,2.1:t1,t1,"{""point_mode"": ""bbox_side_center"", ""anchor_offset_ratio"": 0.5}",bbox_side_center,,,540.26,326.06
,,,,,,2,Battery,component:5:2.1,,,5,,,,,,,2.1,False,2.1:t2,ok,1.0,matched_preferred,[],N7,7,,,,,,,,,terminal:5:2.1:t2,Terminal,,N7,7,bottom,directional,directional_primary,"[534, 498, 547, 522]",539,503,,,,2.1:t2,t2,"{""point_mode"": ""bbox_side_center"", ""anchor_offset_ratio"": 0.5}",bbox_side_center,,,540.26,502.81
,,,,,,3,Breaker,component:5:3.1,,,5,,vertical,,,,,3.1,False,3.1:t1,ok,7.0,matched_preferred,"[""used_circle_search""]",N7,7,,,,,,,,,terminal:5:3.1:t1,Terminal,,N7,7,top,circle,circle_primary,"[536, 635, 557, 656]",539,645,,,,3.1:t1,t1,"{""point_mode"": ""bbox_side_center"", ""anchor_offset_ratio"": 0.5}",bbox_side_center,,,545.63,644.78
,,,,,,3,Breaker,component:5:3.1,,,5,,vertical,,,,,3.1,False,3.1:t2,ok,7.0,matched_preferred,"[""used_circle_search""]",N8,8,,,,,,,,,terminal:5:3.1:t2,Terminal,,N8,8,bottom,circle,circle_primary,"[536, 747, 557, 768]",539,757,,,,3.1:t2,t2,"{""point_mode"": ""bbox_side_center"", ""anchor_offset_ratio"": 0.5}",bbox_side_center,,,545.63,757.27
,,,,,,14,Memristor,component:5:14.1,,,5,,horizontal,,,,,14.1,False,14.1:t1,ok,1.0,matched_preferred,[],N8,8,,,,,,,,,terminal:5:14.1:t1,Terminal,,N8,8,left,directional,directional_primary,"[558, 986, 582, 999]",576,991,,,,14.1:t1,t1,"{""point_mode"": ""bbox_side_center"", ""anchor_offset_ratio"": 0.4999}",bbox_side_center,,,575.71,991.68
,,,,,,14,Memristor,component:5:14.1,,,5,,horizontal,,,,,14.1,False,14.1:t2,ok,1.0,matched_preferred,[],N9,9,,,,,,,,,terminal:5:14.1:t2,Terminal,,N9,9,right,directional,directional_primary,"[673, 986, 697, 999]",678,991,,,,14.1:t2,t2,"{""point_mode"": ""bbox_side_center"", ""anchor_offset_ratio"": 0.4999}",bbox_side_center,,,677.74,991.68
,,,,,,15,Meter,component:5:15.1,,,5,,horizontal,,,,,15.1,False,15.1:t1,ok,2.0,matched_preferred,[],N8,8,,,,,,,,,terminal:5:15.1:t1,Terminal,,N8,8,left,directional,directional_primary,"[641, 866, 670, 883]",663,872,,,,15.1:t1,t1,"{""point_mode"": ""bbox_side_center"", ""anchor_offset_ratio"": 0.5}",bbox_side_center,,,663.3,874.03
,,,,,,15,Meter,component:5:15.1,,,5,,horizontal,,,,,15.1,False,15.1:t2,ok,2.0,matched_preferred,[],N10,10,,,,,,,,,terminal:5:15.1:t2,Terminal,,N10,10,right,directional,directional_primary,"[740, 866, 769, 883]",746,872,,,,15.1:t2,t2,"{""point_mode"": ""bbox_side_center"", ""anchor_offset_ratio"": 0.5}",bbox_side_center,,,746.41,874.03
,,,,,,30,Variable_Resistor,component:5:30.1,,,5,,horizontal,,,,,30.1,False,30.1:t1,ok,0.0,matched_preferred,[],N7,7,,,,,,,,,terminal:5:30.1:t1,Terminal,,N7,7,left,directional,directional_primary,"[638, 530, 662, 543]",656,536,,,,30.1:t1,t1,"{""point_mode"": ""side_peak_outside"", ""scan_axis"": ""y"", ""relative_position"": ""left"", ""scan_start"": 491, ""scan_end"": 577, ""scan_margin"": 8, ""probe_halfspan"": 6, ""probe_out_len"": 12, ""probe_inset"": 1, ""peak_coord"": 536, ""anchor_offset_ratio"": 0.5196, ""max_score"": 98, ""keep_threshold"": 83, ""selected_run_start"": 41, ""selected_run_end"": 49, ""selected_run_length"": 9, ""selected_run_score"": 98}",two_terminal_side_peak,,,656.0,536.0
,,,,,,30,Variable_Resistor,component:5:30.1,,,5,,horizontal,,,,,30.1,False,30.1:t2,ok,0.0,matched_preferred,[],N11,11,,,,,,,,,terminal:5:30.1:t2,Terminal,,N11,11,right,directional,directional_primary,"[752, 530, 776, 543]",757,536,,,,30.1:t2,t2,"{""point_mode"": ""side_peak_outside"", ""scan_axis"": ""y"", ""relative_position"": ""right"", ""scan_start"": 491, ""scan_end"": 577, ""scan_margin"": 8, ""probe_halfspan"": 6, ""probe_out_len"": 12, ""probe_inset"": 1, ""peak_coord"": 536, ""anchor_offset_ratio"": 0.5196, ""max_score"": 98, ""keep_threshold"": 83, ""selected_run_start"": 41, ""selected_run_end"": 49, ""selected_run_length"": 9, ""selected_run_score"": 98}",two_terminal_side_peak,,,757.0,536.0
,,,,,,26,Terminal,component:5:26.1,,,5,,left,,,,,26.1,False,26.1:t1,ok,1.0,matched_preferred,[],N10,10,,,,,,,,,terminal:5:26.1:t1,Terminal,,N10,10,left,directional,directional_primary,"[812, 865, 836, 878]",830,872,,,,26.1:t1,t1,"{""point_mode"": ""bbox_side_center"", ""anchor_offset_ratio"": 0.5001}",bbox_side_center,,,830.27,870.55
,,,,,,9,GND,component:5:9.3,,,5,left,left,,,,,9.3,False,9.3:t1,ok,0.0,matched_preferred,[],N9,9,,,,,,,,,terminal:5:9.3:t1,Terminal,,N9,9,left,directional,directional_primary,"[836, 985, 860, 998]",854,991,,,,9.3:t1,t1,"{""point_mode"": ""side_peak_outside"", ""scan_axis"": ""y"", ""relative_position"": ""left"", ""scan_start"": 971, ""scan_end"": 1015, ""scan_margin"": 4, ""probe_halfspan"": 5, ""probe_out_len"": 12, ""probe_inset"": 1, ""peak_coord"": 991, ""anchor_offset_ratio"": 0.4615, ""max_score"": 70, ""keep_threshold"": 60, ""selected_run_start"": 17, ""selected_run_end"": 23, ""selected_run_length"": 7, ""selected_run_score"": 70}",two_terminal_side_peak,,,854.0,991.0
,,,,,,12,LED,component:5:12.1,,,5,,horizontal,,,,,12.1,False,12.1:t1,ok,0.0,matched_preferred,[],N11,11,,,,,,,,,terminal:5:12.1:t1,Terminal,,N11,11,left,directional,directional_primary,"[863, 529, 887, 542]",881,535,,,,12.1:t1,t1,"{""point_mode"": ""side_peak_outside"", ""scan_axis"": ""y"", ""relative_position"": ""left"", ""scan_start"": 466, ""scan_end"": 560, ""scan_margin"": 9, ""probe_halfspan"": 6, ""probe_out_len"": 12, ""probe_inset"": 1, ""peak_coord"": 535, ""anchor_offset_ratio"": 0.6964, ""max_score"": 70, ""keep_threshold"": 60, ""selected_run_start"": 65, ""selected_run_end"": 73, ""selected_run_length"": 9, ""selected_run_score"": 70}",two_terminal_side_peak,,,881.0,535.0
,,,,,,12,LED,component:5:12.1,,,5,,horizontal,,,,,12.1,False,12.1:t2,ok,0.0,matched_preferred,[],N12,12,,,,,,,,,terminal:5:12.1:t2,Terminal,,N12,12,right,directional,directional_primary,"[957, 529, 981, 542]",962,535,,,,12.1:t2,t2,"{""point_mode"": ""side_peak_outside"", ""scan_axis"": ""y"", ""relative_position"": ""right"", ""scan_start"": 466, ""scan_end"": 560, ""scan_margin"": 9, ""probe_halfspan"": 6, ""probe_out_len"": 12, ""probe_inset"": 1, ""peak_coord"": 535, ""anchor_offset_ratio"": 0.6964, ""max_score"": 70, ""keep_threshold"": 60, ""selected_run_start"": 65, ""selected_run_end"": 73, ""selected_run_length"": 9, ""selected_run_score"": 70}",two_terminal_side_peak,,,962.0,535.0
,,,,,,9,GND,component:5:9.4,,,5,right,right,,,,,9.4,False,9.4:t1,ok,0.0,matched_preferred,[],N12,12,,,,,,,,,terminal:5:9.4:t1,Terminal,,N12,12,right,directional,directional_primary,"[1000, 589, 1024, 602]",1005,595,,,,9.4:t1,t1,"{""point_mode"": ""side_peak_outside"", ""scan_axis"": ""y"", ""relative_position"": ""right"", ""scan_start"": 572, ""scan_end"": 619, ""scan_margin"": 4, ""probe_halfspan"": 4, ""probe_out_len"": 12, ""probe_inset"": 1, ""peak_coord"": 595, ""anchor_offset_ratio"": 0.4909, ""max_score"": 70, ""keep_threshold"": 60, ""selected_run_start"": 21, ""selected_run_end"": 25, ""selected_run_length"": 5, ""selected_run_score"": 70}",two_terminal_side_peak,,,1005.0,595.0
35,123,300,363,,,,,,,"[""13.1:t1"", ""9.2:t1""]",5,,,,,,,,,N1,,,,,,,,2,,,,,N1,1,net:5:N1,Net,206,,,,,,,,,,21,,,,,,,,,
34,124,623,683,,,,,,,"[""7.1:t1"", ""9.1:t1""]",5,,,,,,,,,N2,,,,,,,,2,,,,,N2,2,net:5:N2,Net,152,,,,,,,,,,47,,,,,,,,,
172,336,622,623,,,,,,,"[""10.1:t1"", ""7.1:t2""]",5,,,,,,,,,N3,,,,,,,,2,,,,,N3,3,net:5:N3,Net,165,,,,,,,,,,48,,,,,,,,,
174,347,298,311,,,,,,,"[""13.1:t2"", ""29.1:t1""]",5,,,,,,,,,N4,,,,,,,,2,,,,,N4,4,net:5:N4,Net,187,,,,,,,,,,20,,,,,,,,,
396,543,170,342,,,,,,,"[""2.1:t1"", ""23.1:t2"", ""29.1:t2""]",5,,,,,,,,,N5,,,,,,,,3,,,,,N5,5,net:5:N5,Net,327,,,,,,,,,,11,,,,,,,,,
528,550,14,88,,,,,,,"[""23.1:t1""]",5,,,,,,,,,N6,,,,,,,,1,,,,,N6,6,net:5:N6,Net,98,,,,,,,,,,3,,,,,,,,,
413,670,486,654,,,,,,,"[""10.1:t2"", ""2.1:t2"", ""3.1:t1"", ""30.1:t1""]",5,,,,,,,,,N7,,,,,,,,4,,,,,N7,7,net:5:N7,Net,427,,,,,,,,,,37,,,,,,,,,
537,671,748,993,,,,,,,"[""14.1:t1"", ""15.1:t1"", ""3.1:t2""]",5,,,,,,,,,N8,,,,,,,,3,,,,,N8,8,net:5:N8,Net,449,,,,,,,,,,57,,,,,,,,,
662,870,991,992,,,,,,,"[""14.1:t2"", ""9.3:t1""]",5,,,,,,,,,N9,,,,,,,,2,,,,,N9,9,net:5:N9,Net,209,,,,,,,,,,74,,,,,,,,,
737,845,859,886,,,,,,,"[""15.1:t2"", ""26.1:t1""]",5,,,,,,,,,N10,,,,,,,,2,,,,,N10,10,net:5:N10,Net,136,,,,,,,,,,62,,,,,,,,,
743,897,534,536,,,,,,,"[""12.1:t1"", ""30.1:t2""]",5,,,,,,,,,N11,,,,,,,,2,,,,,N11,11,net:5:N11,Net,155,,,,,,,,,,38,,,,,,,,,
947,1016,535,597,,,,,,,"[""12.1:t2"", ""9.4:t1""]",5,,,,,,,,,N12,,,,,,,,2,,,,,N12,12,net:5:N12,Net,159,,,,,,,,,,39,,,,,,,,,
,,,,,,,,,,,6,,,1024,6.jpg,C:\Users\m.profilo\Desktop\tesi_diagrams_yolo\data\batch_v5_various_two_terminals_components\6.jpg,1024,,,6,,,,,,,15,,27,13,,27,,,diagram:6,Diagram,,,,,,,,,,06_match_terminals_to_nets,,,,,,,,,,
155.47,232.17,97.3,339.09,2,Battery,,,,0.8366,,6,,,,,,,2.1,,2.1,,,,,,,,,,,2,,,,component:6:2.1,Component,,,,,,,,,,,,two_terminal,,,,,True,True,,
179.3,225.01,493.83,652.27,3,Breaker,,,,0.752,,6,,vertical,,,,,3.1,,3.1,,,,,,,,,,,2,,,,component:6:3.1,Component,,,,,,,,,,,,two_terminal,,,,,True,True,,
240.16,325.0,255.19,395.54,23,Signal_Source,,,,0.9252,,6,,horizontal,,,,,23.1,,23.1,,,,,,,,,,,2,,,,component:6:23.1,Component,,,,,,,,,,,,two_terminal,,,,,True,True,,
305.9,408.58,900.13,988.65,14,Memristor,,,,0.8736,,6,,horizontal,,,,,14.1,,14.1,,,,,,,,,,,2,,,,component:6:14.1,Component,,,,,,,,,,,,two_terminal,,,,,True,True,,
354.64,452.84,750.07,802.85,10,Inductor,,,,0.8343,,6,,horizontal,,,,,10.1,,10.1,,,,,,,,,,,2,,,,component:6:10.1,Component,,,,,,,,,,,,two_terminal,,,,,True,True,,
365.02,454.4,416.4,517.45,29,Trim_Capacitor,,,,0.8414,,6,,horizontal,,,,,29.1,,29.1,,,,,,,,,,,2,,,,component:6:29.1,Component,,,,,,,,,,,,two_terminal,,,,,True,True,,
479.44,585.94,246.35,397.48,30,Variable_Resistor,,,,0.8416,,6,,horizontal,,,,,30.1,,30.1,,,,,,,,,,,2,,,,component:6:30.1,Component,,,,,,,,,,,,two_terminal,,,,,True,True,,
567.24,650.56,875.07,1013.59,15,Meter,,,,0.9278,,6,,horizontal,,,,,15.1,,15.1,,,,,,,,,,,2,,,,component:6:15.1,Component,,,,,,,,,,,,two_terminal,,,,,True,True,,
597.64,680.15,738.1,822.13,7,Diode,,,,0.8998,,6,,horizontal,,,,,7.1,,7.1,,,,,,,,,,,2,,,,component:6:7.1,Component,,,,,,,,,,,,two_terminal,,,,,True,True,,
611.55,697.01,400.28,541.09,13,Lamp,,,,0.9516,,6,,horizontal,,,,,13.1,,13.1,,,,,,,,,,,2,,,,component:6:13.1,Component,,,,,,,,,,,,two_terminal,,,,,True,True,,
733.92,777.12,884.47,999.03,26,Terminal,,,,0.7822,,6,,horizontal,,,,,26.1,,26.1,,,,,,,,,,,2,,,,component:6:26.1,Component,,,,,,,,,,,,variable_terminal,,,,,True,True,,
714.85,799.89,204.48,368.56,12,LED,,,,0.728,,6,,horizontal,,,,,12.1,,12.1,,,,,,,,,,,2,,,,component:6:12.1,Component,,,,,,,,,,,,two_terminal,,,,,True,True,,
759.34,810.28,815.72,869.98,9,GND,,,,0.8293,,6,top,up,,,,,9.1,,9.1,,,,,,,,,,,1,,,,component:6:9.1,Component,,,,,,,,,,,,one_terminal,,,,,True,True,,
773.61,825.77,505.57,561.94,9,GND,,,,0.8177,,6,top,up,,,,,9.2,,9.2,,,,,,,,,,,1,,,,component:6:9.2,Component,,,,,,,,,,,,one_terminal,,,,,True,True,,
887.97,939.24,355.69,419.86,9,GND,,,,0.8341,,6,top,up,,,,,9.3,,9.3,,,,,,,,,,,1,,,,component:6:9.3,Component,,,,,,,,,,,,one_terminal,,,,,True,True,,
,,,,,,2,Battery,component:6:2.1,,,6,,,,,,,2.1,False,2.1:t1,ok,1.0,matched_preferred,[],N1,1,,,,,,,,,terminal:6:2.1:t1,Terminal,,N1,1,top,directional,directional_primary,"[188, 75, 201, 99]",193,93,,,,2.1:t1,t1,"{""point_mode"": ""bbox_side_center"", ""anchor_offset_ratio"": 0.5}",bbox_side_center,,,193.82,93.3
,,,,,,2,Battery,component:6:2.1,,,6,,,,,,,2.1,False,2.1:t2,ok,1.0,matched_preferred,[],N2,2,,,,,,,,,terminal:6:2.1:t2,Terminal,,N2,2,bottom,directional,directional_primary,"[188, 338, 201, 362]",193,343,,,,2.1:t2,t2,"{""point_mode"": ""bbox_side_center"", ""anchor_offset_ratio"": 0.5}",bbox_side_center,,,193.82,343.09
,,,,,,3,Breaker,component:6:3.1,,,6,,vertical,,,,,3.1,False,3.1:t1,ok,9.0,matched_preferred,"[""used_circle_search""]",N2,2,,,,,,,,,terminal:6:3.1:t1,Terminal,,N2,2,top,circle,circle_primary,"[192, 480, 213, 501]",193,490,,,,3.1:t1,t1,"{""point_mode"": ""bbox_side_center"", ""anchor_offset_ratio"": 0.5001}",bbox_side_center,,,202.16,489.83
,,,,,,3,Breaker,component:6:3.1,,,6,,vertical,,,,,3.1,False,3.1:t2,ok,9.0,matched_preferred,"[""used_circle_search""]",N3,3,,,,,,,,,terminal:6:3.1:t2,Terminal,,N3,3,bottom,circle,circle_primary,"[192, 646, 213, 667]",193,656,,,,3.1:t2,t2,"{""point_mode"": ""bbox_side_center"", ""anchor_offset_ratio"": 0.5001}",bbox_side_center,,,202.16,656.27
,,,,,,23,Signal_Source,component:6:23.1,,,6,,horizontal,,,,,23.1,False,23.1:t1,ok,1.0,matched_preferred,[],N2,2,,,,,,,,,terminal:6:23.1:t1,Terminal,,N2,2,left,directional,directional_primary,"[218, 319, 242, 332]",236,326,,,,23.1:t1,t1,"{""point_mode"": ""bbox_side_center"", ""anchor_offset_ratio"": 0.5}",bbox_side_center,,,236.16,325.37
,,,,,,23,Signal_Source,component:6:23.1,,,6,,horizontal,,,,,23.1,False,23.1:t2,ok,1.0,matched_preferred,[],N4,4,,,,,,,,,terminal:6:23.1:t2,Terminal,,N4,4,right,directional,directional_primary,"[324, 319, 348, 332]",329,326,,,,23.1:t2,t2,"{""point_mode"": ""bbox_side_center"", ""anchor_offset_ratio"": 0.5}",bbox_side_center,,,329.0,325.37
,,,,,,14,Memristor,component:6:14.1,,,6,,horizontal,,,,,14.1,False,14.1:t1,ok,1.0,matched_preferred,[],N3,3,,,,,,,,,terminal:6:14.1:t1,Terminal,,N3,3,left,directional,directional_primary,"[284, 938, 308, 951]",302,943,,,,14.1:t1,t1,"{""point_mode"": ""bbox_side_center"", ""anchor_offset_ratio"": 0.5}",bbox_side_center,,,301.9,944.39
,,,,,,14,Memristor,component:6:14.1,,,6,,horizontal,,,,,14.1,False,14.1:t2,ok,1.0,matched_preferred,[],N5,5,,,,,,,,,terminal:6:14.1:t2,Terminal,,N5,5,right,directional,directional_primary,"[408, 938, 432, 951]",413,943,,,,14.1:t2,t2,"{""point_mode"": ""bbox_side_center"", ""anchor_offset_ratio"": 0.5}",bbox_side_center,,,412.58,944.39
,,,,,,10,Inductor,component:6:10.1,,,6,,horizontal,,,,,10.1,False,10.1:t1,ok,0.0,matched_preferred,[],N3,3,,,,,,,,,terminal:6:10.1:t1,Terminal,,N3,3,left,directional,directional_primary,"[321, 768, 360, 789]",351,778,,,,10.1:t1,t1,"{""point_mode"": ""side_peak_outside"", ""scan_axis"": ""y"", ""relative_position"": ""left"", ""scan_start"": 754, ""scan_end"": 799, ""scan_margin"": 4, ""probe_halfspan"": 6, ""probe_out_len"": 12, ""probe_inset"": 1, ""peak_coord"": 778, ""anchor_offset_ratio"": 0.5283, ""max_score"": 98, ""keep_threshold"": 83, ""selected_run_start"": 20, ""selected_run_end"": 28, ""selected_run_length"": 9, ""selected_run_score"": 98}",two_terminal_side_peak,,,351.0,778.0
,,,,,,10,Inductor,component:6:10.1,,,6,,horizontal,,,,,10.1,False,10.1:t2,ok,0.0,matched_preferred,[],N6,6,,,,,,,,,terminal:6:10.1:t2,Terminal,,N6,6,right,directional,directional_primary,"[449, 768, 488, 789]",457,778,,,,10.1:t2,t2,"{""point_mode"": ""side_peak_outside"", ""scan_axis"": ""y"", ""relative_position"": ""right"", ""scan_start"": 754, ""scan_end"": 799, ""scan_margin"": 4, ""probe_halfspan"": 6, ""probe_out_len"": 12, ""probe_inset"": 1, ""peak_coord"": 778, ""anchor_offset_ratio"": 0.5283, ""max_score"": 98, ""keep_threshold"": 83, ""selected_run_start"": 20, ""selected_run_end"": 28, ""selected_run_length"": 9, ""selected_run_score"": 98}",two_terminal_side_peak,,,457.0,778.0
,,,,,,29,Trim_Capacitor,component:6:29.1,,,6,,horizontal,,,,,29.1,False,29.1:t1,ok,2.0,matched_preferred,[],N2,2,,,,,,,,,terminal:6:29.1:t1,Terminal,,N2,2,left,directional,directional_primary,"[343, 461, 367, 474]",361,469,,,,29.1:t1,t1,"{""point_mode"": ""bbox_side_center"", ""anchor_offset_ratio"": 0.5}",bbox_side_center,,,361.02,466.93
,,,,,,29,Trim_Capacitor,component:6:29.1,,,6,,horizontal,,,,,29.1,False,29.1:t2,ok,2.0,matched_preferred,[],N7,7,,,,,,,,,terminal:6:29.1:t2,Terminal,,N7,7,right,directional,directional_primary,"[453, 461, 477, 474]",458,469,,,,29.1:t2,t2,"{""point_mode"": ""bbox_side_center"", ""anchor_offset_ratio"": 0.5}",bbox_side_center,,,458.4,466.93
,,,,,,30,Variable_Resistor,component:6:30.1,,,6,,horizontal,,,,,30.1,False,30.1:t1,ok,1.0,matched_preferred,[],N4,4,,,,,,,,,terminal:6:30.1:t1,Terminal,,N4,4,left,directional,directional_primary,"[457, 320, 481, 333]",475,325,,,,30.1:t1,t1,"{""point_mode"": ""side_peak_outside"", ""scan_axis"": ""y"", ""relative_position"": ""left"", ""scan_start"": 258, ""scan_end"": 385, ""scan_margin"": 12, ""probe_halfspan"": 6, ""probe_out_len"": 12, ""probe_inset"": 1, ""peak_coord"": 326, ""anchor_offset_ratio"": 0.5298, ""max_score"": 98, ""keep_threshold"": 83, ""selected_run_start"": 64, ""selected_run_end"": 72, ""selected_run_length"": 9, ""selected_run_score"": 98}",two_terminal_side_peak,,,475.0,326.0
,,,,,,30,Variable_Resistor,component:6:30.1,,,6,,horizontal,,,,,30.1,False,30.1:t2,ok,1.0,matched_preferred,[],N8,8,,,,,,,,,terminal:6:30.1:t2,Terminal,,N8,8,right,directional,directional_primary,"[585, 320, 609, 333]",590,325,,,,30.1:t2,t2,"{""point_mode"": ""side_peak_outside"", ""scan_axis"": ""y"", ""relative_position"": ""right"", ""scan_start"": 258, ""scan_end"": 385, ""scan_margin"": 12, ""probe_halfspan"": 6, ""probe_out_len"": 12, ""probe_inset"": 1, ""peak_coord"": 326, ""anchor_offset_ratio"": 0.5298, ""max_score"": 98, ""keep_threshold"": 83, ""selected_run_start"": 64, ""selected_run_end"": 72, ""selected_run_length"": 9, ""selected_run_score"": 98}",two_terminal_side_peak,,,590.0,326.0
,,,,,,15,Meter,component:6:15.1,,,6,,horizontal,,,,,15.1,False,15.1:t1,ok,1.0,matched_preferred,[],N5,5,,,,,,,,,terminal:6:15.1:t1,Terminal,,N5,5,left,directional,directional_primary,"[541, 936, 570, 953]",563,943,,,,15.1:t1,t1,"{""point_mode"": ""bbox_side_center"", ""anchor_offset_ratio"": 0.5}",bbox_side_center,,,563.24,944.33
,,,,,,15,Meter,component:6:15.1,,,6,,horizontal,,,,,15.1,False,15.1:t2,ok,1.0,matched_preferred,[],N9,9,,,,,,,,,terminal:6:15.1:t2,Terminal,,N9,9,right,directional,directional_primary,"[649, 936, 678, 953]",655,943,,,,15.1:t2,t2,"{""point_mode"": ""bbox_side_center"", ""anchor_offset_ratio"": 0.5}",bbox_side_center,,,654.56,944.33
,,,,,,7,Diode,component:6:7.1,,,6,,horizontal,,,,,7.1,False,7.1:t1,ok,0.0,matched_preferred,[],N6,6,,,,,,,,,terminal:6:7.1:t1,Terminal,,N6,6,left,directional,directional_primary,"[576, 760, 600, 797]",594,778,,,,7.1:t1,t1,"{""point_mode"": ""side_peak_outside"", ""scan_axis"": ""y"", ""relative_position"": ""left"", ""scan_start"": 745, ""scan_end"": 815, ""scan_margin"": 7, ""probe_halfspan"": 6, ""probe_out_len"": 12, ""probe_inset"": 1, ""peak_coord"": 778, ""anchor_offset_ratio"": 0.4762, ""max_score"": 98, ""keep_threshold"": 83, ""selected_run_start"": 29, ""selected_run_end"": 37, ""selected_run_length"": 9, ""selected_run_score"": 98}",two_terminal_side_peak,,,594.0,778.0
,,,,,,7,Diode,component:6:7.1,,,6,,horizontal,,,,,7.1,False,7.1:t2,ok,0.0,matched_preferred,[],N10,10,,,,,,,,,terminal:6:7.1:t2,Terminal,,N10,10,right,directional,directional_primary,"[679, 760, 703, 797]",684,778,,,,7.1:t2,t2,"{""point_mode"": ""side_peak_outside"", ""scan_axis"": ""y"", ""relative_position"": ""right"", ""scan_start"": 745, ""scan_end"": 815, ""scan_margin"": 7, ""probe_halfspan"": 6, ""probe_out_len"": 12, ""probe_inset"": 1, ""peak_coord"": 778, ""anchor_offset_ratio"": 0.4762, ""max_score"": 98, ""keep_threshold"": 83, ""selected_run_start"": 29, ""selected_run_end"": 37, ""selected_run_length"": 9, ""selected_run_score"": 98}",two_terminal_side_peak,,,684.0,778.0
,,,,,,13,Lamp,component:6:13.1,,,6,,horizontal,,,,,13.1,False,13.1:t1,ok,2.0,matched_preferred,[],N7,7,,,,,,,,,terminal:6:13.1:t1,Terminal,,N7,7,left,directional,directional_primary,"[590, 465, 614, 478]",608,469,,,,13.1:t1,t1,"{""point_mode"": ""bbox_side_center"", ""anchor_offset_ratio"": 0.5}",bbox_side_center,,,607.55,470.69
,,,,,,13,Lamp,component:6:13.1,,,6,,horizontal,,,,,13.1,False,13.1:t2,ok,2.0,matched_preferred,[],N11,11,,,,,,,,,terminal:6:13.1:t2,Terminal,,N11,11,right,directional,directional_primary,"[696, 465, 720, 478]",701,469,,,,13.1:t2,t2,"{""point_mode"": ""bbox_side_center"", ""anchor_offset_ratio"": 0.5}",bbox_side_center,,,701.01,470.69
,,,,,,26,Terminal,component:6:26.1,,,6,,horizontal,,,,,26.1,False,26.1:t1,ok,1.0,matched_preferred,[],N9,9,,,,,,,,,terminal:6:26.1:t1,Terminal,,N9,9,left,directional,directional_primary,"[712, 936, 736, 949]",730,943,,,,26.1:t1,t1,"{""point_mode"": ""bbox_side_center"", ""anchor_offset_ratio"": 0.5}",bbox_side_center,,,729.92,941.75
,,,,,,26,Terminal,component:6:26.1,,,6,,horizontal,,,,,26.1,False,26.1:t2,ok,2.0,matched_preferred,[],N12,12,,,,,,,,,terminal:6:26.1:t2,Terminal,,N12,12,right,directional,directional_primary,"[776, 936, 800, 949]",779,942,,,,26.1:t2,t2,"{""point_mode"": ""bbox_side_center"", ""anchor_offset_ratio"": 0.5}",bbox_side_center,,,781.12,941.75
,,,,,,12,LED,component:6:12.1,,,6,,horizontal,,,,,12.1,False,12.1:t1,ok,0.0,matched_preferred,[],N8,8,,,,,,,,,terminal:6:12.1:t1,Terminal,,N8,8,left,directional,directional_primary,"[693, 320, 717, 333]",711,326,,,,12.1:t1,t1,"{""point_mode"": ""side_peak_outside"", ""scan_axis"": ""y"", ""relative_position"": ""left"", ""scan_start"": 217, ""scan_end"": 356, ""scan_margin"": 13, ""probe_halfspan"": 6, ""probe_out_len"": 12, ""probe_inset"": 1, ""peak_coord"": 326, ""anchor_offset_ratio"": 0.7394, ""max_score"": 98, ""keep_threshold"": 83, ""selected_run_start"": 105, ""selected_run_end"": 113, ""selected_run_length"": 9, ""selected_run_score"": 98}",two_terminal_side_peak,,,711.0,326.0
,,,,,,12,LED,component:6:12.1,,,6,,horizontal,,,,,12.1,False,12.1:t2,ok,0.0,matched_preferred,[],N13,13,,,,,,,,,terminal:6:12.1:t2,Terminal,,N13,13,right,directional,directional_primary,"[799, 320, 823, 333]",804,326,,,,12.1:t2,t2,"{""point_mode"": ""side_peak_outside"", ""scan_axis"": ""y"", ""relative_position"": ""right"", ""scan_start"": 217, ""scan_end"": 356, ""scan_margin"": 13, ""probe_halfspan"": 6, ""probe_out_len"": 12, ""probe_inset"": 1, ""peak_coord"": 326, ""anchor_offset_ratio"": 0.7394, ""max_score"": 98, ""keep_threshold"": 83, ""selected_run_start"": 105, ""selected_run_end"": 113, ""selected_run_length"": 9, ""selected_run_score"": 98}",two_terminal_side_peak,,,804.0,326.0
,,,,,,9,GND,component:6:9.1,,,6,top,up,,,,,9.1,False,9.1:t1,ok,0.0,matched_preferred,[],N10,10,,,,,,,,,terminal:6:9.1:t1,Terminal,,N10,10,top,directional,directional_primary,"[779, 794, 792, 818]",785,812,,,,9.1:t1,t1,"{""point_mode"": ""side_peak_outside"", ""scan_axis"": ""x"", ""relative_position"": ""top"", ""scan_start"": 763, ""scan_end"": 806, ""scan_margin"": 4, ""probe_halfspan"": 6, ""probe_out_len"": 12, ""probe_inset"": 1, ""peak_coord"": 785, ""anchor_offset_ratio"": 0.5098, ""max_score"": 56, ""keep_threshold"": 48, ""selected_run_start"": 18, ""selected_run_end"": 27, ""selected_run_length"": 10, ""selected_run_score"": 56}",two_terminal_side_peak,,,785.0,812.0
,,,,,,9,GND,component:6:9.2,,,6,top,up,,,,,9.2,False,9.2:t1,ok,0.0,matched_preferred,[],N11,11,,,,,,,,,terminal:6:9.2:t1,Terminal,,N11,11,top,directional,directional_primary,"[794, 484, 807, 508]",800,502,,,,9.2:t1,t1,"{""point_mode"": ""side_peak_outside"", ""scan_axis"": ""x"", ""relative_position"": ""top"", ""scan_start"": 778, ""scan_end"": 822, ""scan_margin"": 4, ""probe_halfspan"": 6, ""probe_out_len"": 12, ""probe_inset"": 1, ""peak_coord"": 800, ""anchor_offset_ratio"": 0.5, ""max_score"": 70, ""keep_threshold"": 60, ""selected_run_start"": 18, ""selected_run_end"": 26, ""selected_run_length"": 9, ""selected_run_score"": 70}",two_terminal_side_peak,,,800.0,502.0
,,,,,,9,GND,component:6:9.3,,,6,top,up,,,,,9.3,False,9.3:t1,ok,0.0,matched_preferred,[],N13,13,,,,,,,,,terminal:6:9.3:t1,Terminal,,N13,13,top,directional,directional_primary,"[908, 334, 921, 358]",914,352,,,,9.3:t1,t1,"{""point_mode"": ""side_peak_outside"", ""scan_axis"": ""x"", ""relative_position"": ""top"", ""scan_start"": 892, ""scan_end"": 935, ""scan_margin"": 4, ""probe_halfspan"": 6, ""probe_out_len"": 12, ""probe_inset"": 1, ""peak_coord"": 914, ""anchor_offset_ratio"": 0.5098, ""max_score"": 70, ""keep_threshold"": 60, ""selected_run_start"": 18, ""selected_run_end"": 26, ""selected_run_length"": 9, ""selected_run_score"": 70}",two_terminal_side_peak,,,914.0,352.0
164,224,62,109,,,,,,,"[""2.1:t1""]",6,,,,,,,,,N1,,,,,,,,1,,,,,N1,1,net:6:N1,Net,114,,,,,,,,,,4,,,,,,,,,
181,376,301,501,,,,,,,"[""2.1:t2"", ""23.1:t1"", ""29.1:t1"", ""3.1:t1""]",6,,,,,,,,,N2,,,,,,,,4,,,,,N2,2,net:6:N2,Net,469,,,,,,,,,,30,,,,,,,,,
192,366,643,945,,,,,,,"[""10.1:t1"", ""14.1:t1"", ""3.1:t2""]",6,,,,,,,,,N3,,,,,,,,3,,,,,N3,3,net:6:N3,Net,598,,,,,,,,,,59,,,,,,,,,
320,489,309,343,,,,,,,"[""23.1:t2"", ""30.1:t1""]",6,,,,,,,,,N4,,,,,,,,2,,,,,N4,4,net:6:N4,Net,204,,,,,,,,,,31,,,,,,,,,
397,571,915,973,,,,,,,"[""14.1:t2"", ""15.1:t1""]",6,,,,,,,,,N5,,,,,,,,2,,,,,N5,5,net:6:N5,Net,231,,,,,,,,,,81,,,,,,,,,
443,608,778,778,,,,,,,"[""10.1:t2"", ""7.1:t1""]",6,,,,,,,,,N6,,,,,,,,2,,,,,N6,6,net:6:N6,Net,166,,,,,,,,,,70,,,,,,,,,
443,623,449,493,,,,,,,"[""13.1:t1"", ""29.1:t2""]",6,,,,,,,,,N7,,,,,,,,2,,,,,N7,7,net:6:N7,Net,225,,,,,,,,,,50,,,,,,,,,
576,725,325,326,,,,,,,"[""12.1:t1"", ""30.1:t2""]",6,,,,,,,,,N8,,,,,,,,2,,,,,N8,8,net:6:N8,Net,150,,,,,,,,,,32,,,,,,,,,
646,742,922,967,,,,,,,"[""15.1:t2"", ""26.1:t1""]",6,,,,,,,,,N9,,,,,,,,2,,,,,N9,9,net:6:N9,Net,142,,,,,,,,,,82,,,,,,,,,
670,787,778,828,,,,,,,"[""7.1:t2"", ""9.1:t1""]",6,,,,,,,,,N10,,,,,,,,2,,,,,N10,10,net:6:N10,Net,168,,,,,,,,,,71,,,,,,,,,
686,800,452,518,,,,,,,"[""13.1:t2"", ""9.2:t1""]",6,,,,,,,,,N11,,,,,,,,2,,,,,N11,11,net:6:N11,Net,199,,,,,,,,,,51,,,,,,,,,
779,850,926,958,,,,,,,"[""26.1:t2""]",6,,,,,,,,,N12,,,,,,,,1,,,,,N12,12,net:6:N12,Net,225,,,,,,,,,,83,,,,,,,,,
790,914,326,368,,,,,,,"[""12.1:t2"", ""9.3:t1""]",6,,,,,,,,,N13,,,,,,,,2,,,,,N13,13,net:6:N13,Net,166,,,,,,,,,,33,,,,,,,,,
,,,,,,,,,,,7,,,1024,7.jpg,C:\Users\m.profilo\Desktop\tesi_diagrams_yolo\data\batch_v5_various_two_terminals_components\7.jpg,1024,,,7,,,,,,,15,,28,10,,28,,,diagram:7,Diagram,,,,,,,,,,06_match_terminals_to_nets,,,,,,,,,,
94.22,142.86,226.02,363.06,2,Battery,,,,0.8633,,7,,,,,,,2.1,,2.1,,,,,,,,,,,2,,,,component:7:2.1,Component,,,,,,,,,,,,two_terminal,,,,,True,True,,
220.92,302.07,74.93,172.41,8,Fuse,,,,0.9165,,7,,horizontal,,,,,8.1,,8.1,,,,,,,,,,,2,,,,component:7:8.1,Component,,,,,,,,,,,,two_terminal,,,,,True,True,,
378.42,411.37,958.98,1017.98,9,GND,,,,0.7954,,7,top,up,,,,,9.1,,9.1,,,,,,,,,,,1,,,,component:7:9.1,Component,,,,,,,,,,,,one_terminal,,,,,True,True,,
376.36,441.81,245.15,431.05,30,Variable_Resistor,,,,0.9182,,7,,vertical,,,,,30.1,,30.1,,,,,,,,,,,2,,,,component:7:30.1,Component,,,,,,,,,,,,two_terminal,,,,,True,True,,
376.98,442.62,621.54,724.05,12,LED,,,,0.8575,,7,,vertical,,,,,12.1,,12.1,,,,,,,,,,,2,,,,component:7:12.1,Component,,,,,,,,,,,,two_terminal,,,,,True,True,,
430.57,520.64,54.13,161.61,25,Switch,,,,0.8562,,7,,horizontal,,,,,25.1,,25.1,,,,,,,,,,,2,,,,component:7:25.1,Component,,,,,,,,,,,,two_terminal,,,,,True,True,,
471.07,543.38,833.72,930.31,22,Resistor,,,,0.9026,,7,,horizontal,,,,,22.1,,22.1,,,,,,,,,,,2,,,,component:7:22.1,Component,,,,,,,,,,,,two_terminal,,,,,True,True,,
623.38,657.52,960.93,1017.86,9,GND,,,,0.8078,,7,top,up,,,,,9.2,,9.2,,,,,,,,,,,1,,,,component:7:9.2,Component,,,,,,,,,,,,one_terminal,,,,,True,True,,
623.34,658.6,606.89,721.39,4,Capacitor,,,,0.6943,,7,,vertical,,,,,4.1,,4.1,,,,,,,,,,,2,,,,component:7:4.1,Component,,,,,,,,,,,,two_terminal,,,,,True,True,,
622.35,683.13,246.4,427.63,30,Variable_Resistor,,,,0.9182,,7,,vertical,,,,,30.2,,30.2,,,,,,,,,,,2,,,,component:7:30.2,Component,,,,,,,,,,,,two_terminal,,,,,True,True,,
711.26,772.22,810.78,957.7,15,Meter,,,,0.8891,,7,,horizontal,,,,,15.1,,15.1,,,,,,,,,,,2,,,,component:7:15.1,Component,,,,,,,,,,,,two_terminal,,,,,True,True,,
799.98,846.06,636.65,728.22,7,Diode,,,,0.8891,,7,,vertical,,,,,7.1,,7.1,,,,,,,,,,,2,,,,component:7:7.1,Component,,,,,,,,,,,,two_terminal,,,,,True,True,,
807.23,846.95,259.46,433.28,10,Inductor,,,,0.7771,,7,,vertical,,,,,10.1,,10.1,,,,,,,,,,,2,,,,component:7:10.1,Component,,,,,,,,,,,,two_terminal,,,,,True,True,,
937.45,982.61,166.29,255.68,26,Terminal,,,,0.8379,,7,,vertical,,,,,26.1,,26.1,,,,,,,,,,,2,,,,component:7:26.1,Component,,,,,,,,,,,,variable_terminal,,,,,True,True,,
930.83,990.67,397.04,547.55,13,Lamp,,,,0.9431,,7,,vertical,,,,,13.1,,13.1,,,,,,,,,,,2,,,,component:7:13.1,Component,,,,,,,,,,,,two_terminal,,,,,True,True,,
,,,,,,2,Battery,component:7:2.1,,,7,,,,,,,2.1,False,2.1:t1,ok,1.0,matched_preferred,[],N1,1,,,,,,,,,terminal:7:2.1:t1,Terminal,,N1,1,top,directional,directional_primary,"[113, 204, 126, 228]",118,222,,,,2.1:t1,t1,"{""point_mode"": ""bbox_side_center"", ""anchor_offset_ratio"": 0.5}",bbox_side_center,,,118.54,222.02
,,,,,,2,Battery,component:7:2.1,,,7,,,,,,,2.1,False,2.1:t2,ok,1.0,matched_preferred,[],N2,2,,,,,,,,,terminal:7:2.1:t2,Terminal,,N2,2,bottom,directional,directional_primary,"[113, 362, 126, 386]",118,367,,,,2.1:t2,t2,"{""point_mode"": ""bbox_side_center"", ""anchor_offset_ratio"": 0.5}",bbox_side_center,,,118.54,367.06
,,,,,,8,Fuse,component:7:8.1,,,7,,horizontal,,,,,8.1,False,8.1:t1,ok,3.0,matched_preferred,[],N1,1,,,,,,,,,terminal:7:8.1:t1,Terminal,,N1,1,left,directional,directional_primary,"[199, 118, 223, 131]",217,121,,,,8.1:t1,t1,"{""point_mode"": ""bbox_side_center"", ""anchor_offset_ratio"": 0.5}",bbox_side_center,,,216.92,123.67
,,,,,,8,Fuse,component:7:8.1,,,7,,horizontal,,,,,8.1,False,8.1:t2,ok,3.0,matched_preferred,[],N3,3,,,,,,,,,terminal:7:8.1:t2,Terminal,,N3,3,right,directional,directional_primary,"[301, 118, 325, 131]",306,121,,,,8.1:t2,t2,"{""point_mode"": ""bbox_side_center"", ""anchor_offset_ratio"": 0.5}",bbox_side_center,,,306.07,123.67
,,,,,,9,GND,component:7:9.1,,,7,top,up,,,,,9.1,False,9.1:t1,ok,0.0,matched_preferred,[],N2,2,,,,,,,,,terminal:7:9.1:t1,Terminal,,N2,2,top,directional,directional_primary,"[389, 937, 402, 961]",395,955,,,,9.1:t1,t1,"{""point_mode"": ""side_peak_outside"", ""scan_axis"": ""x"", ""relative_position"": ""top"", ""scan_start"": 381, ""scan_end"": 408, ""scan_margin"": 3, ""probe_halfspan"": 4, ""probe_out_len"": 12, ""probe_inset"": 1, ""peak_coord"": 395, ""anchor_offset_ratio"": 0.5152, ""max_score"": 42, ""keep_threshold"": 36, ""selected_run_start"": 11, ""selected_run_end"": 17, ""selected_run_length"": 7, ""selected_run_score"": 42}",two_terminal_side_peak,,,395.0,955.0
,,,,,,30,Variable_Resistor,component:7:30.1,,,7,,vertical,,,,,30.1,False,30.1:t1,ok,0.0,matched_preferred,[],N3,3,,,,,,,,,terminal:7:30.1:t1,Terminal,,N3,3,top,directional,directional_primary,"[389, 223, 402, 247]",395,241,,,,30.1:t1,t1,"{""point_mode"": ""side_peak_outside"", ""scan_axis"": ""x"", ""relative_position"": ""top"", ""scan_start"": 381, ""scan_end"": 437, ""scan_margin"": 5, ""probe_halfspan"": 6, ""probe_out_len"": 12, ""probe_inset"": 1, ""peak_coord"": 395, ""anchor_offset_ratio"": 0.2879, ""max_score"": 42, ""keep_threshold"": 36, ""selected_run_start"": 9, ""selected_run_end"": 19, ""selected_run_length"": 11, ""selected_run_score"": 42}",two_terminal_side_peak,,,395.0,241.0
,,,,,,30,Variable_Resistor,component:7:30.1,,,7,,vertical,,,,,30.1,False,30.1:t2,ok,0.0,matched_preferred,[],N4,4,,,,,,,,,terminal:7:30.1:t2,Terminal,,N4,4,bottom,directional,directional_primary,"[389, 430, 402, 454]",395,435,,,,30.1:t2,t2,"{""point_mode"": ""side_peak_outside"", ""scan_axis"": ""x"", ""relative_position"": ""bottom"", ""scan_start"": 381, ""scan_end"": 437, ""scan_margin"": 5, ""probe_halfspan"": 6, ""probe_out_len"": 12, ""probe_inset"": 1, ""peak_coord"": 395, ""anchor_offset_ratio"": 0.2879, ""max_score"": 42, ""keep_threshold"": 36, ""selected_run_start"": 9, ""selected_run_end"": 19, ""selected_run_length"": 11, ""selected_run_score"": 42}",two_terminal_side_peak,,,395.0,435.0
,,,,,,12,LED,component:7:12.1,,,7,,vertical,,,,,12.1,False,12.1:t1,ok,0.0,matched_preferred,[],N4,4,,,,,,,,,terminal:7:12.1:t1,Terminal,,N4,4,top,directional,directional_primary,"[389, 600, 402, 624]",395,618,,,,12.1:t1,t1,"{""point_mode"": ""side_peak_outside"", ""scan_axis"": ""x"", ""relative_position"": ""top"", ""scan_start"": 382, ""scan_end"": 438, ""scan_margin"": 5, ""probe_halfspan"": 6, ""probe_out_len"": 12, ""probe_inset"": 1, ""peak_coord"": 395, ""anchor_offset_ratio"": 0.2727, ""max_score"": 42, ""keep_threshold"": 36, ""selected_run_start"": 8, ""selected_run_end"": 18, ""selected_run_length"": 11, ""selected_run_score"": 42}",two_terminal_side_peak,,,395.0,618.0
,,,,,,12,LED,component:7:12.1,,,7,,vertical,,,,,12.1,False,12.1:t2,ok,0.0,matched_preferred,[],N2,2,,,,,,,,,terminal:7:12.1:t2,Terminal,,N2,2,bottom,directional,directional_primary,"[389, 723, 402, 747]",395,728,,,,12.1:t2,t2,"{""point_mode"": ""side_peak_outside"", ""scan_axis"": ""x"", ""relative_position"": ""bottom"", ""scan_start"": 382, ""scan_end"": 438, ""scan_margin"": 5, ""probe_halfspan"": 6, ""probe_out_len"": 12, ""probe_inset"": 1, ""peak_coord"": 395, ""anchor_offset_ratio"": 0.2727, ""max_score"": 42, ""keep_threshold"": 36, ""selected_run_start"": 8, ""selected_run_end"": 18, ""selected_run_length"": 11, ""selected_run_score"": 42}",two_terminal_side_peak,,,395.0,728.0
,,,,,,25,Switch,component:7:25.1,,,7,,horizontal,,,,,25.1,False,25.1:t1,ok,13.601,matched_single,"[""no_preferred_net_from_05"", ""matched_without_preferred_label"", ""used_circle_search""]",N3,3,,,,,,,,,terminal:7:25.1:t1,Terminal,,,,left,circle,circle_primary,"[413, 94, 442, 123]",431,121,,,,25.1:t1,t1,"{""point_mode"": ""bbox_side_center"", ""anchor_offset_ratio"": 0.5}",bbox_side_center,,,426.57,107.87
,,,,,,25,Switch,component:7:25.1,,,7,,horizontal,,,,,25.1,False,25.1:t2,ok,14.0,matched_single,"[""no_preferred_net_from_05"", ""matched_without_preferred_label"", ""used_circle_search""]",N7,7,,,,,,,,,terminal:7:25.1:t2,Terminal,,,,right,circle,circle_primary,"[511, 94, 540, 123]",525,122,,,,25.1:t2,t2,"{""point_mode"": ""bbox_side_center"", ""anchor_offset_ratio"": 0.5}",bbox_side_center,,,524.64,107.87
,,,,,,22,Resistor,component:7:22.1,,,7,,horizontal,,,,,22.1,False,22.1:t1,ok,1.0,matched_preferred,[],N2,2,,,,,,,,,terminal:7:22.1:t1,Terminal,,N2,2,left,directional,directional_primary,"[449, 876, 473, 889]",467,883,,,,22.1:t1,t1,"{""point_mode"": ""bbox_side_center"", ""anchor_offset_ratio"": 0.4999}",bbox_side_center,,,467.07,882.01
,,,,,,22,Resistor,component:7:22.1,,,7,,horizontal,,,,,22.1,False,22.1:t2,ok,1.0,matched_preferred,[],N5,5,,,,,,,,,terminal:7:22.1:t2,Terminal,,N5,5,right,directional,directional_primary,"[542, 876, 566, 889]",547,883,,,,22.1:t2,t2,"{""point_mode"": ""bbox_side_center"", ""anchor_offset_ratio"": 0.4999}",bbox_side_center,,,547.38,882.01
,,,,,,9,GND,component:7:9.2,,,7,top,up,,,,,9.2,False,9.2:t1,ok,0.0,matched_preferred,[],N5,5,,,,,,,,,terminal:7:9.2:t1,Terminal,,N5,5,top,directional,directional_primary,"[634, 939, 647, 963]",640,957,,,,9.2:t1,t1,"{""point_mode"": ""side_peak_outside"", ""scan_axis"": ""x"", ""relative_position"": ""top"", ""scan_start"": 626, ""scan_end"": 655, ""scan_margin"": 3, ""probe_halfspan"": 4, ""probe_out_len"": 12, ""probe_inset"": 1, ""peak_coord"": 640, ""anchor_offset_ratio"": 0.4857, ""max_score"": 42, ""keep_threshold"": 36, ""selected_run_start"": 11, ""selected_run_end"": 17, ""selected_run_length"": 7, ""selected_run_score"": 42}",two_terminal_side_peak,,,640.0,957.0
,,,,,,4,Capacitor,component:7:4.1,,,7,,vertical,,,,,4.1,False,4.1:t1,ok,1.0,matched_preferred,[],N6,6,,,,,,,,,terminal:7:4.1:t1,Terminal,,N6,6,top,directional,directional_primary,"[635, 585, 648, 609]",640,603,,,,4.1:t1,t1,"{""point_mode"": ""bbox_side_center"", ""anchor_offset_ratio"": 0.5}",bbox_side_center,,,640.97,602.89
,,,,,,4,Capacitor,component:7:4.1,,,7,,vertical,,,,,4.1,False,4.1:t2,ok,1.0,matched_preferred,[],N5,5,,,,,,,,,terminal:7:4.1:t2,Terminal,,N5,5,bottom,directional,directional_primary,"[635, 720, 648, 744]",640,725,,,,4.1:t2,t2,"{""point_mode"": ""bbox_side_center"", ""anchor_offset_ratio"": 0.5}",bbox_side_center,,,640.97,725.39
,,,,,,30,Variable_Resistor,component:7:30.2,,,7,,vertical,,,,,30.2,False,30.2:t1,ok,0.0,matched_preferred,[],N7,7,,,,,,,,,terminal:7:30.2:t1,Terminal,,N7,7,top,directional,directional_primary,"[634, 224, 647, 248]",640,242,,,,30.2:t1,t1,"{""point_mode"": ""side_peak_outside"", ""scan_axis"": ""x"", ""relative_position"": ""top"", ""scan_start"": 627, ""scan_end"": 678, ""scan_margin"": 5, ""probe_halfspan"": 6, ""probe_out_len"": 12, ""probe_inset"": 1, ""peak_coord"": 640, ""anchor_offset_ratio"": 0.2951, ""max_score"": 42, ""keep_threshold"": 36, ""selected_run_start"": 8, ""selected_run_end"": 18, ""selected_run_length"": 11, ""selected_run_score"": 42}",two_terminal_side_peak,,,640.0,242.0
,,,,,,30,Variable_Resistor,component:7:30.2,,,7,,vertical,,,,,30.2,False,30.2:t2,ok,0.0,matched_preferred,[],N6,6,,,,,,,,,terminal:7:30.2:t2,Terminal,,N6,6,bottom,directional,directional_primary,"[634, 427, 647, 451]",640,432,,,,30.2:t2,t2,"{""point_mode"": ""side_peak_outside"", ""scan_axis"": ""x"", ""relative_position"": ""bottom"", ""scan_start"": 627, ""scan_end"": 678, ""scan_margin"": 5, ""probe_halfspan"": 6, ""probe_out_len"": 12, ""probe_inset"": 1, ""peak_coord"": 640, ""anchor_offset_ratio"": 0.2951, ""max_score"": 42, ""keep_threshold"": 36, ""selected_run_start"": 8, ""selected_run_end"": 18, ""selected_run_length"": 11, ""selected_run_score"": 42}",two_terminal_side_peak,,,640.0,432.0
,,,,,,15,Meter,component:7:15.1,,,7,,horizontal,,,,,15.1,False,15.1:t1,ok,1.0,matched_preferred,[],N5,5,,,,,,,,,terminal:7:15.1:t1,Terminal,,N5,5,left,directional,directional_primary,"[685, 876, 714, 893]",707,883,,,,15.1:t1,t1,"{""point_mode"": ""bbox_side_center"", ""anchor_offset_ratio"": 0.5}",bbox_side_center,,,707.26,884.24
,,,,,,15,Meter,component:7:15.1,,,7,,horizontal,,,,,15.1,False,15.1:t2,ok,1.0,matched_preferred,[],N9,9,,,,,,,,,terminal:7:15.1:t2,Terminal,,N9,9,right,directional,directional_primary,"[770, 876, 799, 893]",776,883,,,,15.1:t2,t2,"{""point_mode"": ""bbox_side_center"", ""anchor_offset_ratio"": 0.5}",bbox_side_center,,,776.22,884.24
,,,,,,7,Diode,component:7:7.1,,,7,,vertical,,,,,7.1,False,7.1:t1,ok,0.0,matched_preferred,[],N8,8,,,,,,,,,terminal:7:7.1:t1,Terminal,,N8,8,top,directional,directional_primary,"[803, 615, 840, 639]",821,633,,,,7.1:t1,t1,"{""point_mode"": ""side_peak_outside"", ""scan_axis"": ""x"", ""relative_position"": ""top"", ""scan_start"": 804, ""scan_end"": 842, ""scan_margin"": 4, ""probe_halfspan"": 6, ""probe_out_len"": 12, ""probe_inset"": 1, ""peak_coord"": 821, ""anchor_offset_ratio"": 0.4565, ""max_score"": 42, ""keep_threshold"": 36, ""selected_run_start"": 12, ""selected_run_end"": 22, ""selected_run_length"": 11, ""selected_run_score"": 42}",two_terminal_side_peak,,,821.0,633.0
,,,,,,7,Diode,component:7:7.1,,,7,,vertical,,,,,7.1,False,7.1:t2,ok,0.0,matched_preferred,[],N9,9,,,,,,,,,terminal:7:7.1:t2,Terminal,,N9,9,bottom,directional,directional_primary,"[803, 727, 840, 751]",821,732,,,,7.1:t2,t2,"{""point_mode"": ""side_peak_outside"", ""scan_axis"": ""x"", ""relative_position"": ""bottom"", ""scan_start"": 804, ""scan_end"": 842, ""scan_margin"": 4, ""probe_halfspan"": 6, ""probe_out_len"": 12, ""probe_inset"": 1, ""peak_coord"": 821, ""anchor_offset_ratio"": 0.4565, ""max_score"": 42, ""keep_threshold"": 36, ""selected_run_start"": 12, ""selected_run_end"": 22, ""selected_run_length"": 11, ""selected_run_score"": 42}",two_terminal_side_peak,,,821.0,732.0
,,,,,,10,Inductor,component:7:10.1,,,7,,vertical,,,,,10.1,False,10.1:t1,ok,0.0,matched_preferred,[],N7,7,,,,,,,,,terminal:7:10.1:t1,Terminal,,N7,7,top,directional,directional_primary,"[811, 225, 832, 264]",821,255,,,,10.1:t1,t1,"{""point_mode"": ""side_peak_outside"", ""scan_axis"": ""x"", ""relative_position"": ""top"", ""scan_start"": 810, ""scan_end"": 844, ""scan_margin"": 3, ""probe_halfspan"": 5, ""probe_out_len"": 12, ""probe_inset"": 1, ""peak_coord"": 821, ""anchor_offset_ratio"": 0.35, ""max_score"": 42, ""keep_threshold"": 36, ""selected_run_start"": 7, ""selected_run_end"": 15, ""selected_run_length"": 9, ""selected_run_score"": 42}",two_terminal_side_peak,,,821.0,255.0
,,,,,,10,Inductor,component:7:10.1,,,7,,vertical,,,,,10.1,False,10.1:t2,ok,0.0,matched_preferred,[],N8,8,,,,,,,,,terminal:7:10.1:t2,Terminal,,N8,8,bottom,directional,directional_primary,"[811, 429, 832, 468]",821,437,,,,10.1:t2,t2,"{""point_mode"": ""side_peak_outside"", ""scan_axis"": ""x"", ""relative_position"": ""bottom"", ""scan_start"": 810, ""scan_end"": 844, ""scan_margin"": 3, ""probe_halfspan"": 5, ""probe_out_len"": 12, ""probe_inset"": 1, ""peak_coord"": 821, ""anchor_offset_ratio"": 0.35, ""max_score"": 42, ""keep_threshold"": 36, ""selected_run_start"": 7, ""selected_run_end"": 15, ""selected_run_length"": 9, ""selected_run_score"": 42}",two_terminal_side_peak,,,821.0,437.0
,,,,,,26,Terminal,component:7:26.1,,,7,,vertical,,,,,26.1,False,26.1:t1,ok,0.0,matched_preferred,[],N7,7,,,,,,,,,terminal:7:26.1:t1,Terminal,,N7,7,top,directional,directional_primary,"[954, 144, 967, 168]",960,162,,,,26.1:t1,t1,"{""point_mode"": ""bbox_side_center"", ""anchor_offset_ratio"": 0.5}",bbox_side_center,,,960.03,162.29
,,,,,,26,Terminal,component:7:26.1,,,7,,vertical,,,,,26.1,False,26.1:t2,ok,0.0,matched_preferred,[],N10,10,,,,,,,,,terminal:7:26.1:t2,Terminal,,N10,10,bottom,directional,directional_primary,"[954, 255, 967, 279]",960,260,,,,26.1:t2,t2,"{""point_mode"": ""bbox_side_center"", ""anchor_offset_ratio"": 0.5}",bbox_side_center,,,960.03,259.68
,,,,,,13,Lamp,component:7:13.1,,,7,,vertical,,,,,13.1,False,13.1:t1,ok,1.0,matched_preferred,[],N10,10,,,,,,,,,terminal:7:13.1:t1,Terminal,,N10,10,top,directional,directional_primary,"[955, 375, 968, 399]",960,393,,,,13.1:t1,t1,"{""point_mode"": ""bbox_side_center"", ""anchor_offset_ratio"": 0.5}",bbox_side_center,,,960.75,393.04
,,,,,,13,Lamp,component:7:13.1,,,7,,vertical,,,,,13.1,False,13.1:t2,ok,1.0,matched_preferred,[],N9,9,,,,,,,,,terminal:7:13.1:t2,Terminal,,N9,9,bottom,directional,directional_primary,"[955, 547, 968, 571]",960,552,,,,13.1:t2,t2,"{""point_mode"": ""bbox_side_center"", ""anchor_offset_ratio"": 0.5}",bbox_side_center,,,960.75,551.55
116,233,108,239,,,,,,,"[""2.1:t1"", ""8.1:t1""]",7,,,,,,,,,N1,,,,,,,,2,,,,,N1,1,net:7:N1,Net,250,,,,,,,,,,13,,,,,,,,,
118,480,350,972,,,,,,,"[""12.1:t2"", ""2.1:t2"", ""22.1:t1"", ""9.1:t1""]",7,,,,,,,,,N2,,,,,,,,4,,,,,N2,2,net:7:N2,Net,1154,,,,,,,,,,33,,,,,,,,,
289,432,121,258,,,,,,,"[""30.1:t1"", ""8.1:t2""]",7,,,,,,,,,N3,,,,,,,,2,,,,,N3,3,net:7:N3,Net,281,,,,,,,,,,15,,,,,,,,,
395,395,419,635,,,,,,,"[""12.1:t1"", ""30.1:t2""]",7,,,,,,,,,N4,,,,,,,,2,,,,,N4,4,net:7:N4,Net,217,,,,,,,,,,35,,,,,,,,,
534,714,708,974,,,,,,,"[""15.1:t1"", ""22.1:t2"", ""4.1:t2"", ""9.2:t1""]",7,,,,,,,,,N5,,,,,,,,4,,,,,N5,5,net:7:N5,Net,469,,,,,,,,,,49,,,,,,,,,
640,641,416,620,,,,,,,"[""30.2:t2"", ""4.1:t1""]",7,,,,,,,,,N6,,,,,,,,2,,,,,N6,6,net:7:N6,Net,205,,,,,,,,,,34,,,,,,,,,
518,960,108,272,,,,,,,"[""10.1:t1"", ""26.1:t1"", ""30.2:t1""]",7,,,,,,,,,N7,,,,,,,,3,,,,,N7,7,net:7:N7,Net,870,,,,,,,,,,14,,,,,,,,,
821,821,421,649,,,,,,,"[""10.1:t2"", ""7.1:t1""]",7,,,,,,,,,N8,,,,,,,,2,,,,,N8,8,net:7:N8,Net,229,,,,,,,,,,36,,,,,,,,,
768,965,536,897,,,,,,,"[""13.1:t2"", ""15.1:t2"", ""7.1:t2""]",7,,,,,,,,,N9,,,,,,,,3,,,,,N9,9,net:7:N9,Net,745,,,,,,,,,,39,,,,,,,,,
958,963,244,408,,,,,,,"[""13.1:t1"", ""26.1:t2""]",7,,,,,,,,,N10,,,,,,,,2,,,,,N10,10,net:7:N10,Net,167,,,,,,,,,,19,,,,,,,,,
