bbox_x1,bbox_x2,bbox_y1,bbox_y2,class_id,class_name,component_class_id,component_class_name,component_node_id,confidence,connected_semantic_terminal_names,connected_terminal_display_ids,connected_terminal_ids,diagram_id,display_name,display_terminal_id,estimated_connection_side,estimated_orientation,image_height,image_name,image_path,image_width,implicit_anchor_terminal_id,implicit_reason,instance_id,is_implicit_supply,is_suspicious_match,label,match_confidence,match_distance_px,match_status,match_warnings,matched_net_id,matched_net_implicit_reason,matched_net_index,matched_net_is_implicit_supply,merged_source_labels,n_components,n_connected_terminals,n_connections,n_nets,n_terminals,n_terminals_estimated,net_id,net_index,node_id,node_type,pixel_count,preferred_from_05_implicit_reason,preferred_from_05_is_implicit_supply,preferred_net_id_from_05,preferred_net_index_from_05,relative_position,search_kind,search_stage,search_window,semantic_confidence,semantic_direction,semantic_evidence_type,semantic_polarity,semantic_resolution_mode,semantic_role_family,semantic_slot,semantic_terminal_id,semantic_terminal_name,snap_x,snap_y,source_json_stage,source_label,symbol_type,terminal_id,terminal_name,terminal_point_debug,terminal_point_mode,use_for_masking,use_for_terminals,x,y
,,,,,,,,,,,,,1,,,,,1024,1.jpg,C:\Users\m.profilo\Desktop\tesi_diagrams_yolo\data\batch_v9_2_set_successivo_analog_meter_connector_transformer\1.jpg,1024,,,,,,1,,,,,,,,,,13,,24,10,,24,,,diagram:1,Diagram,,,,,,,,,,,,,,,,,,,,,06_match_terminals_to_nets,,,,,,,,,,
85.66,130.91,153.76,245.12,2,Battery,,,,0.8099,,,,1,,,,vertical,,,,,,,2.1,,,2.1,,,,,,,,,,,,,,2,,,,component:1:2.1,Component,,,,,,,,,,,,,,,,,,,,,,,two_terminal,,,,,True,True,,
202.54,277.06,51.22,119.83,8,Fuse,,,,0.8989,,,,1,,,,horizontal,,,,,,,8.1,,,8.1,,,,,,,,,,,,,,2,,,,component:1:8.1,Component,,,,,,,,,,,,,,,,,,,,,,,two_terminal,,,,,True,True,,
389.71,480.42,34.44,118.58,25,Switch,,,,0.8658,,,,1,,,,horizontal,,,,,,,25.1,,,25.1,,,,,,,,,,,,,,2,,,,component:1:25.1,Component,,,,,,,,,,,,,,,,,,,,,,,two_terminal,,,,,True,True,,
502.72,576.85,663.65,771.96,30,Variable_Resistor,,,,0.8272,,,,1,,,,horizontal,,,,,,,30.1,,,30.1,,,,,,,,,,,,,,2,,,,component:1:30.1,Component,,,,,,,,,,,,,,,,,,,,,,,two_terminal,,,,,True,True,,
556.85,583.08,959.54,1017.8,9,GND,,,,0.8156,,,,1,,,right,right,,,,,,,9.1,,,9.1,,,,,,,,,,,,,,1,,,,component:1:9.1,Component,,,,,,,,,,,,,,,,,,,,,,,one_terminal,,,,,True,True,,
578.16,610.7,184.43,270.71,4,Capacitor,,,,0.6435,,,,1,,,,vertical,,,,,,,4.1,,,4.1,,,,,,,,,,,,,,2,,,,component:1:4.1,Component,,,,,,,,,,,,,,,,,,,,,,,two_terminal,,,,,True,True,,
572.0,667.0,407.0,508.0,12,LED,,,,0.8604,,,,1,,,,vertical,,,,,,,12.1,,,12.1,,,,,,,,,,,,,,2,,,,component:1:12.1,Component,,,,,,,,,,,,,,,,,,,,,,,two_terminal,,,,,True,True,,
712.62,737.86,567.63,623.24,9,GND,,,,0.7822,,,,1,,,right,right,,,,,,,9.2,,,9.2,,,,,,,,,,,,,,1,,,,component:1:9.2,Component,,,,,,,,,,,,,,,,,,,,,,,one_terminal,,,,,True,True,,
730.02,774.52,428.34,492.91,7,Diode,,,,0.8344,,,,1,,,,vertical,,,,,,,7.1,,,7.1,,,,,,,,,,,,,,2,,,,component:1:7.1,Component,,,,,,,,,,,,,,,,,,,,,,,two_terminal,,,,,True,True,,
742.32,766.72,169.12,289.3,10,Inductor,,,,0.7532,,,,1,,,,vertical,,,,,,,10.1,,,10.1,,,,,,,,,,,,,,2,,,,component:1:10.1,Component,,,,,,,,,,,,,,,,,,,,,,,two_terminal,,,,,True,True,,
736.06,805.36,667.11,731.13,22,Resistor,,,,0.8264,,,,1,,,,horizontal,,,,,,,22.1,,,22.1,,,,,,,,,,,,,,2,,,,component:1:22.1,Component,,,,,,,,,,,,,,,,,,,,,,,two_terminal,,,,,True,True,,
919.08,973.48,208.87,315.21,13,Lamp,,,,0.9439,,,,1,,,,vertical,,,,,,,13.1,,,13.1,,,,,,,,,,,,,,2,,,,component:1:13.1,Component,,,,,,,,,,,,,,,,,,,,,,,two_terminal,,,,,True,True,,
939.54,1023.14,433.34,588.09,0,Analog_Meter,,,,0.985,,,,1,,,,vertical,,,,,,,0.1,,,0.1,,,,,,,,,,,,,,2,,,,component:1:0.1,Component,,,,,,,,,,,,,,,,,,,,,,,two_terminal,,,,,True,True,,
,,,,,,2,Battery,component:1:2.1,,,,,1,positive,2.1:positive,,vertical,,,,,,,2.1,,False,2.1:positive,ok,0.0,matched_preferred,[],N1,,1,False,,,,,,,,,,terminal:1:2.1:t1,Terminal,,,False,N1,1,top,directional,directional_primary,"[102, 132, 115, 156]",0.2,,orientation_fallback,positive,battery_positive_from_long_plate,polarity,marker_side,2.1:positive,positive,108,150,,,,2.1:t1,t1,"{""point_mode"": ""bbox_side_center"", ""anchor_offset_ratio"": 0.4999}",bbox_side_center,,,108.28,149.76
,,,,,,2,Battery,component:1:2.1,,,,,1,negative,2.1:negative,,vertical,,,,,,,2.1,,False,2.1:negative,ok,0.0,matched_preferred,[],N2,,2,False,,,,,,,,,,terminal:1:2.1:t2,Terminal,,,False,N2,2,bottom,directional,directional_primary,"[102, 244, 115, 268]",0.2,,orientation_fallback,negative,battery_positive_from_long_plate,polarity,other_side,2.1:negative,negative,108,249,,,,2.1:t2,t2,"{""point_mode"": ""bbox_side_center"", ""anchor_offset_ratio"": 0.4999}",bbox_side_center,,,108.28,249.12
,,,,,,8,Fuse,component:1:8.1,,,,,1,t1,8.1:t1,,horizontal,,,,,,,8.1,,False,8.1:t1,ok,2.0,matched_preferred,[],N1,,1,False,,,,,,,,,,terminal:1:8.1:t1,Terminal,,,False,N1,1,left,directional,directional_primary,"[181, 80, 205, 93]",,,,,,,,,,199,84,,,,8.1:t1,t1,"{""point_mode"": ""bbox_side_center"", ""anchor_offset_ratio"": 0.5001}",bbox_side_center,,,198.54,85.53
,,,,,,8,Fuse,component:1:8.1,,,,,1,t2,8.1:t2,,horizontal,,,,,,,8.1,,False,8.1:t2,ok,2.0,matched_preferred,[],N3,,3,False,,,,,,,,,,terminal:1:8.1:t2,Terminal,,,False,N3,3,right,directional,directional_primary,"[276, 80, 300, 93]",,,,,,,,,,281,84,,,,8.1:t2,t2,"{""point_mode"": ""bbox_side_center"", ""anchor_offset_ratio"": 0.5001}",bbox_side_center,,,281.06,85.53
,,,,,,25,Switch,component:1:25.1,,,,,1,t1,25.1:t1,,horizontal,,,,,,,25.1,,False,25.1:t1,ok,0.0,matched_preferred,[],N3,,3,False,,,,,,,,,,terminal:1:25.1:t1,Terminal,,,False,N3,3,left,directional,directional_primary,"[344, 71, 397, 96]",,,,,,,,,,386,83,,,,25.1:t1,t1,"{""point_mode"": ""side_peak_outside"", ""scan_axis"": ""y"", ""relative_position"": ""left"", ""scan_start"": 41, ""scan_end"": 112, ""scan_margin"": 7, ""probe_halfspan"": 6, ""probe_out_len"": 12, ""probe_inset"": 1, ""peak_coord"": 83, ""anchor_offset_ratio"": 0.5765, ""max_score"": 98, ""keep_threshold"": 83, ""selected_run_start"": 38, ""selected_run_end"": 46, ""selected_run_length"": 9, ""selected_run_score"": 98}",two_terminal_side_peak,,,386.0,83.0
,,,,,,25,Switch,component:1:25.1,,,,,1,t2,25.1:t2,,horizontal,,,,,,,25.1,,False,25.1:t2,ok,0.0,matched_preferred,[],N6,,6,False,,,,,,,,,,terminal:1:25.1:t2,Terminal,,,False,N6,6,right,directional,directional_primary,"[474, 71, 527, 96]",,,,,,,,,,484,83,,,,25.1:t2,t2,"{""point_mode"": ""side_peak_outside"", ""scan_axis"": ""y"", ""relative_position"": ""right"", ""scan_start"": 41, ""scan_end"": 112, ""scan_margin"": 7, ""probe_halfspan"": 6, ""probe_out_len"": 12, ""probe_inset"": 1, ""peak_coord"": 83, ""anchor_offset_ratio"": 0.5765, ""max_score"": 98, ""keep_threshold"": 83, ""selected_run_start"": 38, ""selected_run_end"": 46, ""selected_run_length"": 9, ""selected_run_score"": 98}",two_terminal_side_peak,,,484.0,83.0
,,,,,,30,Variable_Resistor,component:1:30.1,,,,,1,t1,30.1:t1,,horizontal,,,,,,,30.1,,False,30.1:t1,ok,0.0,matched_preferred,[],N2,,2,False,,,,,,,,,,terminal:1:30.1:t1,Terminal,,,False,N2,2,left,directional,directional_primary,"[481, 694, 505, 707]",,,,,,,,,,499,700,,,,30.1:t1,t1,"{""point_mode"": ""side_peak_outside"", ""scan_axis"": ""y"", ""relative_position"": ""left"", ""scan_start"": 673, ""scan_end"": 763, ""scan_margin"": 9, ""probe_halfspan"": 6, ""probe_out_len"": 12, ""probe_inset"": 1, ""peak_coord"": 700, ""anchor_offset_ratio"": 0.3333, ""max_score"": 70, ""keep_threshold"": 60, ""selected_run_start"": 23, ""selected_run_end"": 31, ""selected_run_length"": 9, ""selected_run_score"": 70}",two_terminal_side_peak,,,499.0,700.0
,,,,,,30,Variable_Resistor,component:1:30.1,,,,,1,t2,30.1:t2,,horizontal,,,,,,,30.1,,False,30.1:t2,ok,0.0,matched_preferred,[],N5,,5,False,,,,,,,,,,terminal:1:30.1:t2,Terminal,,,False,N5,5,right,directional,directional_primary,"[576, 694, 600, 707]",,,,,,,,,,581,700,,,,30.1:t2,t2,"{""point_mode"": ""side_peak_outside"", ""scan_axis"": ""y"", ""relative_position"": ""right"", ""scan_start"": 673, ""scan_end"": 763, ""scan_margin"": 9, ""probe_halfspan"": 6, ""probe_out_len"": 12, ""probe_inset"": 1, ""peak_coord"": 700, ""anchor_offset_ratio"": 0.3333, ""max_score"": 70, ""keep_threshold"": 60, ""selected_run_start"": 23, ""selected_run_end"": 31, ""selected_run_length"": 9, ""selected_run_score"": 70}",two_terminal_side_peak,,,581.0,700.0
,,,,,,9,GND,component:1:9.1,,,,,1,t1,9.1:t1,right,right,,,,,,,9.1,,False,9.1:t1,ok,0.0,matched_preferred,[],N5,,5,False,,,,,,,,,,terminal:1:9.1:t1,Terminal,,,False,N5,5,right,directional,directional_primary,"[582, 983, 606, 996]",,,,,,,,,,587,989,,,,9.1:t1,t1,"{""point_mode"": ""one_terminal_axis_center"", ""anchor_offset_ratio"": 0.5}",two_terminal_side_peak,,,587.08,988.67
,,,,,,4,Capacitor,component:1:4.1,,,,,1,t1,4.1:t1,,vertical,,,,,,,4.1,,False,4.1:t1,ok,1.0,matched_preferred,[],N6,,6,False,,,,,,,,,,terminal:1:4.1:t1,Terminal,,,False,N6,6,top,directional,directional_primary,"[588, 162, 601, 186]",,,,,,,,,,593,180,,,,4.1:t1,t1,"{""point_mode"": ""bbox_side_center"", ""anchor_offset_ratio"": 0.5}",bbox_side_center,,,594.43,180.43
,,,,,,4,Capacitor,component:1:4.1,,,,,1,t2,4.1:t2,,vertical,,,,,,,4.1,,False,4.1:t2,ok,1.0,matched_preferred,[],N4,,4,False,,,,,,,,,,terminal:1:4.1:t2,Terminal,,,False,N4,4,bottom,directional,directional_primary,"[588, 270, 601, 294]",,,,,,,,,,593,275,,,,4.1:t2,t2,"{""point_mode"": ""bbox_side_center"", ""anchor_offset_ratio"": 0.5}",bbox_side_center,,,594.43,274.71
,,,,,,12,LED,component:1:12.1,,,,,1,anode,12.1:anode,,vertical,,,,,,,12.1,,False,12.1:anode,ok,0.0,matched_preferred,[],N4,,4,False,,,,,,,,,,terminal:1:12.1:t1,Terminal,,,False,N4,4,top,directional,directional_primary,"[587, 385, 600, 409]",0.547,,symbol_heuristic,anode,diode_cathode_from_bar,polarity,other_side,12.1:anode,anode,593,403,,,,12.1:t1,t1,"{""point_mode"": ""side_peak_outside"", ""scan_axis"": ""x"", ""relative_position"": ""top"", ""scan_start"": 580, ""scan_end"": 659, ""scan_margin"": 8, ""probe_halfspan"": 6, ""probe_out_len"": 12, ""probe_inset"": 1, ""peak_coord"": 593, ""anchor_offset_ratio"": 0.2211, ""max_score"": 42, ""keep_threshold"": 36, ""selected_run_start"": 8, ""selected_run_end"": 18, ""selected_run_length"": 11, ""selected_run_score"": 42}",two_terminal_side_peak,,,593.0,403.0
,,,,,,12,LED,component:1:12.1,,,,,1,cathode,12.1:cathode,,vertical,,,,,,,12.1,,False,12.1:cathode,ok,0.0,matched_preferred,[],N5,,5,False,,,,,,,,,,terminal:1:12.1:t2,Terminal,,,False,N5,5,bottom,directional,directional_primary,"[587, 507, 600, 531]",0.547,,symbol_heuristic,cathode,diode_cathode_from_bar,polarity,marker_side,12.1:cathode,cathode,593,512,,,,12.1:t2,t2,"{""point_mode"": ""side_peak_outside"", ""scan_axis"": ""x"", ""relative_position"": ""bottom"", ""scan_start"": 580, ""scan_end"": 659, ""scan_margin"": 8, ""probe_halfspan"": 6, ""probe_out_len"": 12, ""probe_inset"": 1, ""peak_coord"": 593, ""anchor_offset_ratio"": 0.2211, ""max_score"": 42, ""keep_threshold"": 36, ""selected_run_start"": 8, ""selected_run_end"": 18, ""selected_run_length"": 11, ""selected_run_score"": 42}",two_terminal_side_peak,,,593.0,512.0
,,,,,,9,GND,component:1:9.2,,,,,1,t1,9.2:t1,right,right,,,,,,,9.2,,False,9.2:t1,ok,1.0,matched_preferred,[],N7,,7,False,,,,,,,,,,terminal:1:9.2:t1,Terminal,,,False,N7,7,right,directional,directional_primary,"[737, 589, 761, 602]",,,,,,,,,,742,596,,,,9.2:t1,t1,"{""point_mode"": ""one_terminal_axis_center"", ""anchor_offset_ratio"": 0.5}",two_terminal_side_peak,,,741.86,595.43
,,,,,,7,Diode,component:1:7.1,,,,,1,anode,7.1:anode,,vertical,,,,,,,7.1,,False,7.1:anode,ok,2.0,matched_preferred,[],N8,,8,False,,,,,,,,,,terminal:1:7.1:t1,Terminal,,,False,N8,8,top,directional,directional_primary,"[734, 406, 771, 430]",0.4013,,symbol_heuristic,anode,diode_cathode_from_bar,polarity,other_side,7.1:anode,anode,750,424,,,,7.1:t1,t1,"{""point_mode"": ""two_terminal_axis_center"", ""anchor_offset_ratio"": 0.5}",two_terminal_side_peak,,,752.27,424.34
,,,,,,7,Diode,component:1:7.1,,,,,1,cathode,7.1:cathode,,vertical,,,,,,,7.1,,False,7.1:cathode,ok,2.0,matched_preferred,[],N7,,7,False,,,,,,,,,,terminal:1:7.1:t2,Terminal,,,False,N7,7,bottom,directional,directional_primary,"[734, 492, 771, 516]",0.4013,,symbol_heuristic,cathode,diode_cathode_from_bar,polarity,marker_side,7.1:cathode,cathode,750,497,,,,7.1:t2,t2,"{""point_mode"": ""two_terminal_axis_center"", ""anchor_offset_ratio"": 0.5}",two_terminal_side_peak,,,752.27,496.91
,,,,,,10,Inductor,component:1:10.1,,,,,1,t1,10.1:t1,,vertical,,,,,,,10.1,,False,10.1:t1,ok,0.0,matched_preferred,[],N6,,6,False,,,,,,,,,,terminal:1:10.1:t1,Terminal,,,False,N6,6,top,directional,directional_primary,"[738, 123, 763, 176]",,,,,,,,,,750,165,,,,10.1:t1,t1,"{""point_mode"": ""side_peak_outside"", ""scan_axis"": ""x"", ""relative_position"": ""top"", ""scan_start"": 744, ""scan_end"": 765, ""scan_margin"": 2, ""probe_halfspan"": 3, ""probe_out_len"": 12, ""probe_inset"": 1, ""peak_coord"": 750, ""anchor_offset_ratio"": 0.32, ""max_score"": 42, ""keep_threshold"": 36, ""selected_run_start"": 4, ""selected_run_end"": 8, ""selected_run_length"": 5, ""selected_run_score"": 42}",two_terminal_side_peak,,,750.0,165.0
,,,,,,10,Inductor,component:1:10.1,,,,,1,t2,10.1:t2,,vertical,,,,,,,10.1,,False,10.1:t2,ok,0.0,matched_preferred,[],N8,,8,False,,,,,,,,,,terminal:1:10.1:t2,Terminal,,,False,N8,8,bottom,directional,directional_primary,"[738, 283, 763, 336]",,,,,,,,,,750,293,,,,10.1:t2,t2,"{""point_mode"": ""side_peak_outside"", ""scan_axis"": ""x"", ""relative_position"": ""bottom"", ""scan_start"": 744, ""scan_end"": 765, ""scan_margin"": 2, ""probe_halfspan"": 3, ""probe_out_len"": 12, ""probe_inset"": 1, ""peak_coord"": 750, ""anchor_offset_ratio"": 0.32, ""max_score"": 42, ""keep_threshold"": 36, ""selected_run_start"": 4, ""selected_run_end"": 8, ""selected_run_length"": 5, ""selected_run_score"": 42}",two_terminal_side_peak,,,750.0,293.0
,,,,,,22,Resistor,component:1:22.1,,,,,1,t1,22.1:t1,,horizontal,,,,,,,22.1,,False,22.1:t1,ok,1.0,matched_preferred,[],N5,,5,False,,,,,,,,,,terminal:1:22.1:t1,Terminal,,,False,N5,5,left,directional,directional_primary,"[714, 693, 738, 706]",,,,,,,,,,732,700,,,,22.1:t1,t1,"{""point_mode"": ""bbox_side_center"", ""anchor_offset_ratio"": 0.5}",bbox_side_center,,,732.06,699.12
,,,,,,22,Resistor,component:1:22.1,,,,,1,t2,22.1:t2,,horizontal,,,,,,,22.1,,False,22.1:t2,ok,1.0,matched_preferred,[],N9,,9,False,,,,,,,,,,terminal:1:22.1:t2,Terminal,,,False,N9,9,right,directional,directional_primary,"[804, 693, 828, 706]",,,,,,,,,,809,700,,,,22.1:t2,t2,"{""point_mode"": ""bbox_side_center"", ""anchor_offset_ratio"": 0.5}",bbox_side_center,,,809.36,699.12
,,,,,,13,Lamp,component:1:13.1,,,,,1,t1,13.1:t1,,vertical,,,,,,,13.1,,False,13.1:t1,ok,1.0,matched_preferred,[],N6,,6,False,,,,,,,,,,terminal:1:13.1:t1,Terminal,,,False,N6,6,top,directional,directional_primary,"[940, 187, 953, 211]",,,,,,,,,,945,205,,,,13.1:t1,t1,"{""point_mode"": ""bbox_side_center"", ""anchor_offset_ratio"": 0.5}",bbox_side_center,,,946.28,204.87
,,,,,,13,Lamp,component:1:13.1,,,,,1,t2,13.1:t2,,vertical,,,,,,,13.1,,False,13.1:t2,ok,1.0,matched_preferred,[],N10,,10,False,,,,,,,,,,terminal:1:13.1:t2,Terminal,,,False,N10,10,bottom,directional,directional_primary,"[940, 314, 953, 338]",,,,,,,,,,945,319,,,,13.1:t2,t2,"{""point_mode"": ""bbox_side_center"", ""anchor_offset_ratio"": 0.5}",bbox_side_center,,,946.28,319.21
,,,,,,0,Analog_Meter,component:1:0.1,,,,,1,t1,0.1:t1,,vertical,,,,,,,0.1,,False,0.1:t1,ok,30.463,matched_single,"[""no_preferred_net_from_05"", ""matched_without_preferred_label"", ""used_circle_search""]",N10,,10,False,,,,,,,,,,terminal:1:0.1:t1,Terminal,,,False,,,left,circle,circle_primary,"[925, 418, 990, 483]",,,,,,,,,,945,422,,,,0.1:t1,t1,"{""point_mode"": ""strategy_absolute_point"", ""point_source"": ""term_def.point""}",strategy_absolute_point,,,957.4,450.4
,,,,,,0,Analog_Meter,component:1:0.1,,,,,1,t2,0.1:t2,,vertical,,,,,,,0.1,,False,0.1:t2,ok,37.656,matched_single,"[""no_preferred_net_from_05"", ""matched_without_preferred_label"", ""used_fallback_search""]",N9,,9,False,,,,,,,,,,terminal:1:0.1:t2,Terminal,,,False,,,left,circle,circle_fallback,"[873, 480, 1024, 641]",,,,,,,,,,960,597,,,,0.1:t2,t2,"{""point_mode"": ""strategy_absolute_point"", ""point_source"": ""term_def.point""}",strategy_absolute_point,,,952.6,559.6
88,215,46,167,,,,,,,"[""positive""]","[""2.1:positive"", ""8.1:t1""]","[""2.1:t1"", ""8.1:t1""]",1,,,,,,,,,,,,False,,N1,,,,,,,,,[4],,2,,,,,N1,1,net:1:N1,Net,291,,,,,,,,,,,,,,,,,,,,,4,,,,,,,,,
108,515,233,700,,,,,,,"[""negative""]","[""2.1:negative"", ""30.1:t1""]","[""2.1:t2"", ""30.1:t1""]",1,,,,,,,,,,,,False,,N2,,,,,,,,,[9],,2,,,,,N2,2,net:1:N2,Net,874,,,,,,,,,,,,,,,,,,,,,9,,,,,,,,,
264,391,82,88,,,,,,,[],"[""25.1:t1"", ""8.1:t2""]","[""25.1:t1"", ""8.1:t2""]",1,,,,,,,,,,,,False,,N3,,,,,,,,,[5],,2,,,,,N3,3,net:1:N3,Net,130,,,,,,,,,,,,,,,,,,,,,5,,,,,,,,,
593,594,258,420,,,,,,,"[""anode""]","[""12.1:anode"", ""4.1:t2""]","[""12.1:t1"", ""4.1:t2""]",1,,,,,,,,,,,,False,,N4,,,,,,,,,[11],,2,,,,,N4,4,net:1:N4,Net,163,,,,,,,,,,,,,,,,,,,,,11,,,,,,,,,
497,746,496,992,,,,,,,"[""cathode""]","[""12.1:cathode"", ""22.1:t1"", ""30.1:t2"", ""9.1:t1""]","[""12.1:t2"", ""22.1:t1"", ""30.1:t2"", ""9.1:t1""]",1,,,,,,,,,,,,False,,N5,,,,,,,,,[17],,4,,,,,N5,5,net:1:N5,Net,913,,,,,,,,,,,,,,,,,,,,,17,,,,,,,,,
479,965,45,221,,,,,,,[],"[""10.1:t1"", ""13.1:t1"", ""25.1:t2"", ""4.1:t1""]","[""10.1:t1"", ""13.1:t1"", ""25.1:t2"", ""4.1:t1""]",1,,,,,,,,,,,,False,,N6,,,,,,,,,[3],,4,,,,,N6,6,net:1:N6,Net,1070,,,,,,,,,,,,,,,,,,,,,3,,,,,,,,,
727,751,480,596,,,,,,,"[""cathode""]","[""7.1:cathode"", ""9.2:t1""]","[""7.1:t2"", ""9.2:t1""]",1,,,,,,,,,,,,False,,N7,,,,,,,,,[16],,2,,,,,N7,7,net:1:N7,Net,142,,,,,,,,,,,,,,,,,,,,,16,,,,,,,,,
750,755,277,440,,,,,,,"[""anode""]","[""10.1:t2"", ""7.1:anode""]","[""10.1:t2"", ""7.1:t1""]",1,,,,,,,,,,,,False,,N8,,,,,,,,,[12],,2,,,,,N8,8,net:1:N8,Net,168,,,,,,,,,,,,,,,,,,,,,12,,,,,,,,,
795,1014,597,709,,,,,,,[],"[""22.1:t2""]","[""22.1:t2""]",1,,,,,,,,,,,,False,,N9,,,,,,,,,[20],,1,,,,,N9,9,net:1:N9,Net,349,,,,,,,,,,,,,,,,,,,,,20,,,,,,,,,
945,947,305,422,,,,,,,[],"[""13.1:t2""]","[""13.1:t2""]",1,,,,,,,,,,,,False,,N10,,,,,,,,,[13],,1,,,,,N10,10,net:1:N10,Net,119,,,,,,,,,,,,,,,,,,,,,13,,,,,,,,,
,,,,,,,,,,,,,10,,,,,1024,10.jpg,C:\Users\m.profilo\Desktop\tesi_diagrams_yolo\data\batch_v9_2_set_successivo_analog_meter_connector_transformer\10.jpg,1024,,,,,,10,,,,,,,,,,15,,36,11,,36,,,diagram:10,Diagram,,,,,,,,,,,,,,,,,,,,,06_match_terminals_to_nets,,,,,,,,,,
54.51,85.92,481.95,538.34,31,Voltage_Source,,,,0.8612,,,,10,,,,vertical,,,,,,,31.1,,,31.1,,,,,,,,,,,,,,2,,,,component:10:31.1,Component,,,,,,,,,,,,,,,,,,,,,,,two_terminal,,,,,True,True,,
127.42,211.13,751.51,920.06,18,NPN_Transistor,,,,0.7635,,,,10,,,,left,,,,,,,18.1,,,18.1,,,,,,,,,,,,,,3,,,,component:10:18.1,Component,,,,,,,,,,,,,,,,,,,,,,,three_terminal,,,,,True,True,,
133.22,209.07,108.07,261.05,18,NPN_Transistor,,,,0.8211,,,,10,,,,left,,,,,,,18.2,,,18.2,,,,,,,,,,,,,,3,,,,component:10:18.2,Component,,,,,,,,,,,,,,,,,,,,,,,three_terminal,,,,,True,True,,
206.0,273.0,786.0,872.0,12,LED,,,,0.7447,,,,10,,,,vertical,,,,,,,12.1,,,12.1,,,,,,,,,,,,,,2,,,,component:10:12.1,Component,,,,,,,,,,,,,,,,,,,,,,,two_terminal,,,,,True,True,,
206.0,274.0,134.0,225.0,12,LED,,,,0.8118,,,,10,,,,vertical,,,,,,,12.2,,,12.2,,,,,,,,,,,,,,2,,,,component:10:12.2,Component,,,,,,,,,,,,,,,,,,,,,,,two_terminal,,,,,True,True,,
314.32,391.81,750.96,908.5,18,NPN_Transistor,,,,0.8173,,,,10,,,,left,,,,,,,18.3,,,18.3,,,,,,,,,,,,,,3,,,,component:10:18.3,Component,,,,,,,,,,,,,,,,,,,,,,,three_terminal,,,,,True,True,,
319.16,390.17,108.96,256.86,18,NPN_Transistor,,,,0.8125,,,,10,,,,left,,,,,,,18.4,,,18.4,,,,,,,,,,,,,,3,,,,component:10:18.4,Component,,,,,,,,,,,,,,,,,,,,,,,three_terminal,,,,,True,True,,
393.64,425.98,794.65,860.56,7,Diode,,,,0.8049,,,,10,,,,vertical,,,,,,,7.1,,,7.1,,,,,,,,,,,,,,2,,,,component:10:7.1,Component,,,,,,,,,,,,,,,,,,,,,,,two_terminal,,,,,True,True,,
394.22,426.42,153.89,216.81,7,Diode,,,,0.8171,,,,10,,,,vertical,,,,,,,7.2,,,7.2,,,,,,,,,,,,,,2,,,,component:10:7.2,Component,,,,,,,,,,,,,,,,,,,,,,,two_terminal,,,,,True,True,,
446.3,557.08,325.25,374.03,10,Inductor,,,,0.822,,,,10,,,,horizontal,,,,,,,10.1,,,10.1,,,,,,,,,,,,,,2,,,,component:10:10.1,Component,,,,,,,,,,,,,,,,,,,,,,,two_terminal,,,,,True,True,,
569.56,614.19,488.54,529.88,4,Capacitor,,,,0.8362,,,,10,,,,vertical,,,,,,,4.1,,,4.1,,,,,,,,,,,,,,2,,,,component:10:4.1,Component,,,,,,,,,,,,,,,,,,,,,,,two_terminal,,,,,True,True,,
672.24,791.66,403.6,601.78,28,Transformer,,,,0.8769,,,,10,,,,horizontal,,,,,,,28.1,,,28.1,,,,,,,,,,,,,,4,,,,component:10:28.1,Component,,,,,,,,,,,,,,,,,,,,,,,multi_terminal,,,,,True,True,,
850.49,878.34,462.35,560.19,22,Resistor,,,,0.769,,,,10,,,,vertical,,,,,,,22.1,,,22.1,,,,,,,,,,,,,,2,,,,component:10:22.1,Component,,,,,,,,,,,,,,,,,,,,,,,two_terminal,,,,,True,True,,
896.24,969.44,322.16,379.28,25,Switch,,,,0.8274,,,,10,,,,horizontal,,,,,,,25.1,,,25.1,,,,,,,,,,,,,,2,,,,component:10:25.1,Component,,,,,,,,,,,,,,,,,,,,,,,two_terminal,,,,,True,True,,
987.12,1018.51,482.44,536.61,23,Signal_Source,,,,0.9309,,,,10,,,,vertical,,,,,,,23.1,,,23.1,,,,,,,,,,,,,,2,,,,component:10:23.1,Component,,,,,,,,,,,,,,,,,,,,,,,two_terminal,,,,,True,True,,
,,,,,,31,Voltage_Source,component:10:31.1,,,,,10,positive,31.1:positive,,vertical,,,,,,,31.1,,False,31.1:positive,ok,1.0,matched_preferred,[],N3,,3,False,,,,,,,,,,terminal:10:31.1:t1,Terminal,,,False,N3,3,top,directional,directional_primary,"[62, 456, 79, 485]",0.2,,orientation_fallback,positive,voltage_source_positive_from_plus_marker,polarity,marker_side,31.1:positive,positive,69,478,,,,31.1:t1,t1,"{""point_mode"": ""bbox_side_center"", ""anchor_offset_ratio"": 0.5002}",bbox_side_center,,,70.22,477.95
,,,,,,31,Voltage_Source,component:10:31.1,,,,,10,negative,31.1:negative,,vertical,,,,,,,31.1,,False,31.1:negative,ok,1.0,matched_preferred,[],N4,,4,False,,,,,,,,,,terminal:10:31.1:t2,Terminal,,,False,N4,4,bottom,directional,directional_primary,"[62, 536, 79, 565]",0.2,,orientation_fallback,negative,voltage_source_positive_from_plus_marker,polarity,other_side,31.1:negative,negative,69,542,,,,31.1:t2,t2,"{""point_mode"": ""bbox_side_center"", ""anchor_offset_ratio"": 0.5002}",bbox_side_center,,,70.22,542.34
,,,,,,18,NPN_Transistor,component:10:18.1,,,,,10,B,18.1:B,,left,,,,,,,18.1,,False,18.1:B,ok,0.0,matched_preferred,[],N1,,1,False,,,,,,,,,,terminal:10:18.1:t1,Terminal,,,False,N1,1,left,directional,directional_primary,"[93, 822, 132, 847]",1.0,,,,npn_emitter_from_arrow_branch,,single_side,18.1:B,B,123,834,,,,18.1:t1,t1,"{""point_mode"": ""three_terminal_structured"", ""scan_axis"": ""y"", ""relative_position"": ""left"", ""scan_start"": 794, ""scan_end"": 878, ""scan_margin"": 13, ""probe_halfspan"": 6, ""probe_out_len"": 12, ""probe_inset"": 1, ""peak_coord"": 834, ""anchor_offset_ratio"": 0.4881, ""max_score"": 69, ""keep_threshold"": 59, ""selected_run_start"": 36, ""selected_run_end"": 44, ""selected_run_length"": 9, ""selected_run_score"": 69, ""three_terminal_role"": ""single_side_terminal"", ""three_terminal_orientation"": ""left""}",three_terminal_structured,,,123.0,834.0
,,,,,,18,NPN_Transistor,component:10:18.1,,,,,10,C,18.1:C,,left,,,,,,,18.1,,False,18.1:C,ok,1.0,matched_preferred,[],N7,,7,False,,,,,,,,,,terminal:10:18.1:t2,Terminal,,,False,N7,7,top,directional,directional_primary,"[185, 718, 210, 757]",0.3276,,,,npn_emitter_from_arrow_branch,,other_branch,18.1:C,C,196,748,,,,18.1:t2,t2,"{""point_mode"": ""three_terminal_structured"", ""scan_axis"": ""x"", ""relative_position"": ""top"", ""scan_start"": 171, ""scan_end"": 208, ""scan_margin"": 7, ""probe_halfspan"": 6, ""probe_out_len"": 12, ""probe_inset"": 1, ""peak_coord"": 197, ""anchor_offset_ratio"": 0.8333, ""max_score"": 55, ""keep_threshold"": 47, ""selected_run_start"": 21, ""selected_run_end"": 30, ""selected_run_length"": 10, ""selected_run_score"": 55, ""three_terminal_role"": ""orthogonal_pair_terminal"", ""three_terminal_orientation"": ""left"", ""three_terminal_pair_bias"": ""opposite_side"", ""three_terminal_pair_bias_debug"": {""top"": {""local_score"": 68.75, ""point_mode"": ""side_peak_outside"", ""scan_axis"": ""x"", ""relative_position"": ""top"", ""scan_start"": 171, ""scan_end"": 208, ""scan_margin"": 7, ""probe_halfspan"": 6, ""probe_out_len"": 12, ""probe_inset"": 1, ""peak_coord"": 197, ""anchor_offset_ratio"": 0.8333, ""max_score"": 55, ""keep_threshold"": 47, ""selected_run_start"": 21, ""selected_run_end"": 30, ""selected_run_length"": 10, ""selected_run_score"": 55}, ""bottom"": {""local_score"": 70.0, ""point_mode"": ""side_peak_outside"", ""scan_axis"": ""x"", ""relative_position"": ""bottom"", ""scan_start"": 171, ""scan_end"": 208, ""scan_margin"": 7, ""probe_halfspan"": 6, ""probe_out_len"": 12, ""probe_inset"": 1, ""peak_coord"": 197, ""anchor_offset_ratio"": 0.8333, ""max_score"": 56, ""keep_threshold"": 48, ""selected_run_start"": 21, ""selected_run_end"": 30, ""selected_run_length"": 10, ""selected_run_score"": 56}}}",three_terminal_structured,,,197.0,748.0
,,,,,,18,NPN_Transistor,component:10:18.1,,,,,10,E,18.1:E,,left,,,,,,,18.1,,False,18.1:E,ok,1.0,matched_preferred,[],N4,,4,False,,,,,,,,,,terminal:10:18.1:t3,Terminal,,,False,N4,4,bottom,directional,directional_primary,"[185, 916, 210, 955]",0.3276,,,,npn_emitter_from_arrow_branch,,arrow_branch,18.1:E,E,196,924,,,,18.1:t3,t3,"{""point_mode"": ""three_terminal_structured"", ""scan_axis"": ""x"", ""relative_position"": ""bottom"", ""scan_start"": 171, ""scan_end"": 208, ""scan_margin"": 7, ""probe_halfspan"": 6, ""probe_out_len"": 12, ""probe_inset"": 1, ""peak_coord"": 197, ""anchor_offset_ratio"": 0.8333, ""max_score"": 56, ""keep_threshold"": 48, ""selected_run_start"": 21, ""selected_run_end"": 30, ""selected_run_length"": 10, ""selected_run_score"": 56, ""three_terminal_role"": ""orthogonal_pair_terminal"", ""three_terminal_orientation"": ""left"", ""three_terminal_pair_bias"": ""opposite_side"", ""three_terminal_pair_bias_debug"": {""top"": {""local_score"": 68.75, ""point_mode"": ""side_peak_outside"", ""scan_axis"": ""x"", ""relative_position"": ""top"", ""scan_start"": 171, ""scan_end"": 208, ""scan_margin"": 7, ""probe_halfspan"": 6, ""probe_out_len"": 12, ""probe_inset"": 1, ""peak_coord"": 197, ""anchor_offset_ratio"": 0.8333, ""max_score"": 55, ""keep_threshold"": 47, ""selected_run_start"": 21, ""selected_run_end"": 30, ""selected_run_length"": 10, ""selected_run_score"": 55}, ""bottom"": {""local_score"": 70.0, ""point_mode"": ""side_peak_outside"", ""scan_axis"": ""x"", ""relative_position"": ""bottom"", ""scan_start"": 171, ""scan_end"": 208, ""scan_margin"": 7, ""probe_halfspan"": 6, ""probe_out_len"": 12, ""probe_inset"": 1, ""peak_coord"": 197, ""anchor_offset_ratio"": 0.8333, ""max_score"": 56, ""keep_threshold"": 48, ""selected_run_start"": 21, ""selected_run_end"": 30, ""selected_run_length"": 10, ""selected_run_score"": 56}}}",three_terminal_structured,,,197.0,924.0
,,,,,,18,NPN_Transistor,component:10:18.2,,,,,10,B,18.2:B,,left,,,,,,,18.2,,False,18.2:B,ok,1.0,matched_preferred,[],N2,,2,False,,,,,,,,,,terminal:10:18.2:t1,Terminal,,,False,N2,2,left,directional,directional_primary,"[99, 172, 138, 197]",1.0,,,,npn_emitter_from_arrow_branch,,single_side,18.2:B,B,129,183,,,,18.2:t1,t1,"{""point_mode"": ""three_terminal_structured"", ""scan_axis"": ""y"", ""relative_position"": ""left"", ""scan_start"": 146, ""scan_end"": 223, ""scan_margin"": 12, ""probe_halfspan"": 6, ""probe_out_len"": 12, ""probe_inset"": 1, ""peak_coord"": 184, ""anchor_offset_ratio"": 0.4967, ""max_score"": 70, ""keep_threshold"": 60, ""selected_run_start"": 34, ""selected_run_end"": 42, ""selected_run_length"": 9, ""selected_run_score"": 70, ""three_terminal_role"": ""single_side_terminal"", ""three_terminal_orientation"": ""left""}",three_terminal_structured,,,129.0,184.0
,,,,,,18,NPN_Transistor,component:10:18.2,,,,,10,C,18.2:C,,left,,,,,,,18.2,,False,18.2:C,ok,1.0,matched_preferred,[],N3,,3,False,,,,,,,,,,terminal:10:18.2:t2,Terminal,,,False,N3,3,top,directional,directional_primary,"[185, 74, 210, 113]",0.3185,,,,npn_emitter_from_arrow_branch,,other_branch,18.2:C,C,196,104,,,,18.2:t2,t2,"{""point_mode"": ""three_terminal_structured"", ""scan_axis"": ""x"", ""relative_position"": ""top"", ""scan_start"": 173, ""scan_end"": 206, ""scan_margin"": 6, ""probe_halfspan"": 6, ""probe_out_len"": 12, ""probe_inset"": 1, ""peak_coord"": 197, ""anchor_offset_ratio"": 0.8421, ""max_score"": 55, ""keep_threshold"": 47, ""selected_run_start"": 19, ""selected_run_end"": 28, ""selected_run_length"": 10, ""selected_run_score"": 55, ""three_terminal_role"": ""orthogonal_pair_terminal"", ""three_terminal_orientation"": ""left"", ""three_terminal_pair_bias"": ""opposite_side"", ""three_terminal_pair_bias_debug"": {""top"": {""local_score"": 68.75, ""point_mode"": ""side_peak_outside"", ""scan_axis"": ""x"", ""relative_position"": ""top"", ""scan_start"": 173, ""scan_end"": 206, ""scan_margin"": 6, ""probe_halfspan"": 6, ""probe_out_len"": 12, ""probe_inset"": 1, ""peak_coord"": 197, ""anchor_offset_ratio"": 0.8421, ""max_score"": 55, ""keep_threshold"": 47, ""selected_run_start"": 19, ""selected_run_end"": 28, ""selected_run_length"": 10, ""selected_run_score"": 55}, ""bottom"": {""local_score"": 70.0, ""point_mode"": ""side_peak_outside"", ""scan_axis"": ""x"", ""relative_position"": ""bottom"", ""scan_start"": 173, ""scan_end"": 206, ""scan_margin"": 6, ""probe_halfspan"": 6, ""probe_out_len"": 12, ""probe_inset"": 1, ""peak_coord"": 197, ""anchor_offset_ratio"": 0.8421, ""max_score"": 56, ""keep_threshold"": 48, ""selected_run_start"": 19, ""selected_run_end"": 28, ""selected_run_length"": 10, ""selected_run_score"": 56}}}",three_terminal_structured,,,197.0,104.0
,,,,,,18,NPN_Transistor,component:10:18.2,,,,,10,E,18.2:E,,left,,,,,,,18.2,,False,18.2:E,ok,1.0,matched_preferred,[],N7,,7,False,,,,,,,,,,terminal:10:18.2:t3,Terminal,,,False,N7,7,bottom,directional,directional_primary,"[185, 257, 210, 296]",0.3185,,,,npn_emitter_from_arrow_branch,,arrow_branch,18.2:E,E,196,265,,,,18.2:t3,t3,"{""point_mode"": ""three_terminal_structured"", ""scan_axis"": ""x"", ""relative_position"": ""bottom"", ""scan_start"": 173, ""scan_end"": 206, ""scan_margin"": 6, ""probe_halfspan"": 6, ""probe_out_len"": 12, ""probe_inset"": 1, ""peak_coord"": 197, ""anchor_offset_ratio"": 0.8421, ""max_score"": 56, ""keep_threshold"": 48, ""selected_run_start"": 19, ""selected_run_end"": 28, ""selected_run_length"": 10, ""selected_run_score"": 56, ""three_terminal_role"": ""orthogonal_pair_terminal"", ""three_terminal_orientation"": ""left"", ""three_terminal_pair_bias"": ""opposite_side"", ""three_terminal_pair_bias_debug"": {""top"": {""local_score"": 68.75, ""point_mode"": ""side_peak_outside"", ""scan_axis"": ""x"", ""relative_position"": ""top"", ""scan_start"": 173, ""scan_end"": 206, ""scan_margin"": 6, ""probe_halfspan"": 6, ""probe_out_len"": 12, ""probe_inset"": 1, ""peak_coord"": 197, ""anchor_offset_ratio"": 0.8421, ""max_score"": 55, ""keep_threshold"": 47, ""selected_run_start"": 19, ""selected_run_end"": 28, ""selected_run_length"": 10, ""selected_run_score"": 55}, ""bottom"": {""local_score"": 70.0, ""point_mode"": ""side_peak_outside"", ""scan_axis"": ""x"", ""relative_position"": ""bottom"", ""scan_start"": 173, ""scan_end"": 206, ""scan_margin"": 6, ""probe_halfspan"": 6, ""probe_out_len"": 12, ""probe_inset"": 1, ""peak_coord"": 197, ""anchor_offset_ratio"": 0.8421, ""max_score"": 56, ""keep_threshold"": 48, ""selected_run_start"": 19, ""selected_run_end"": 28, ""selected_run_length"": 10, ""selected_run_score"": 56}}}",three_terminal_structured,,,197.0,265.0
,,,,,,12,LED,component:10:12.1,,,,,10,cathode,12.1:cathode,,vertical,,,,,,,12.1,,False,12.1:cathode,ok,1.0,matched_preferred,[],N7,,7,False,,,,,,,,,,terminal:10:12.1:t1,Terminal,,,False,N7,7,top,directional,directional_primary,"[223, 764, 236, 788]",0.5244,,symbol_heuristic,cathode,diode_cathode_from_bar,polarity,marker_side,12.1:cathode,cathode,228,782,,,,12.1:t1,t1,"{""point_mode"": ""side_peak_outside"", ""scan_axis"": ""x"", ""relative_position"": ""top"", ""scan_start"": 211, ""scan_end"": 268, ""scan_margin"": 5, ""probe_halfspan"": 6, ""probe_out_len"": 12, ""probe_inset"": 1, ""peak_coord"": 229, ""anchor_offset_ratio"": 0.3433, ""max_score"": 28, ""keep_threshold"": 24, ""selected_run_start"": 12, ""selected_run_end"": 23, ""selected_run_length"": 12, ""selected_run_score"": 28}",two_terminal_side_peak,,,229.0,782.0
,,,,,,12,LED,component:10:12.1,,,,,10,anode,12.1:anode,,vertical,,,,,,,12.1,,False,12.1:anode,ok,1.0,matched_preferred,[],N4,,4,False,,,,,,,,,,terminal:10:12.1:t2,Terminal,,,False,N4,4,bottom,directional,directional_primary,"[223, 871, 236, 895]",0.5244,,symbol_heuristic,anode,diode_cathode_from_bar,polarity,other_side,12.1:anode,anode,228,876,,,,12.1:t2,t2,"{""point_mode"": ""side_peak_outside"", ""scan_axis"": ""x"", ""relative_position"": ""bottom"", ""scan_start"": 211, ""scan_end"": 268, ""scan_margin"": 5, ""probe_halfspan"": 6, ""probe_out_len"": 12, ""probe_inset"": 1, ""peak_coord"": 229, ""anchor_offset_ratio"": 0.3433, ""max_score"": 28, ""keep_threshold"": 24, ""selected_run_start"": 12, ""selected_run_end"": 23, ""selected_run_length"": 12, ""selected_run_score"": 28}",two_terminal_side_peak,,,229.0,876.0
,,,,,,12,LED,component:10:12.2,,,,,10,cathode,12.2:cathode,,vertical,,,,,,,12.2,,False,12.2:cathode,ok,1.0,matched_preferred,[],N3,,3,False,,,,,,,,,,terminal:10:12.2:t1,Terminal,,,False,N3,3,top,directional,directional_primary,"[223, 112, 236, 136]",0.6072,,symbol_heuristic,cathode,diode_cathode_from_bar,polarity,marker_side,12.2:cathode,cathode,228,130,,,,12.2:t1,t1,"{""point_mode"": ""side_peak_outside"", ""scan_axis"": ""x"", ""relative_position"": ""top"", ""scan_start"": 211, ""scan_end"": 269, ""scan_margin"": 5, ""probe_halfspan"": 6, ""probe_out_len"": 12, ""probe_inset"": 1, ""peak_coord"": 229, ""anchor_offset_ratio"": 0.3382, ""max_score"": 28, ""keep_threshold"": 24, ""selected_run_start"": 12, ""selected_run_end"": 23, ""selected_run_length"": 12, ""selected_run_score"": 28}",two_terminal_side_peak,,,229.0,130.0
,,,,,,12,LED,component:10:12.2,,,,,10,anode,12.2:anode,,vertical,,,,,,,12.2,,False,12.2:anode,ok,1.0,matched_preferred,[],N7,,7,False,,,,,,,,,,terminal:10:12.2:t2,Terminal,,,False,N7,7,bottom,directional,directional_primary,"[223, 224, 236, 248]",0.6072,,symbol_heuristic,anode,diode_cathode_from_bar,polarity,other_side,12.2:anode,anode,228,229,,,,12.2:t2,t2,"{""point_mode"": ""side_peak_outside"", ""scan_axis"": ""x"", ""relative_position"": ""bottom"", ""scan_start"": 211, ""scan_end"": 269, ""scan_margin"": 5, ""probe_halfspan"": 6, ""probe_out_len"": 12, ""probe_inset"": 1, ""peak_coord"": 229, ""anchor_offset_ratio"": 0.3382, ""max_score"": 28, ""keep_threshold"": 24, ""selected_run_start"": 12, ""selected_run_end"": 23, ""selected_run_length"": 12, ""selected_run_score"": 28}",two_terminal_side_peak,,,229.0,229.0
,,,,,,18,NPN_Transistor,component:10:18.3,,,,,10,B,18.3:B,,left,,,,,,,18.3,,False,18.3:B,ok,0.0,matched_preferred,[],N5,,5,False,,,,,,,,,,terminal:10:18.3:t1,Terminal,,,False,N5,5,left,directional,directional_primary,"[280, 815, 319, 840]",1.0,,,,npn_emitter_from_arrow_branch,,single_side,18.3:B,B,310,827,,,,18.3:t1,t1,"{""point_mode"": ""three_terminal_structured"", ""scan_axis"": ""y"", ""relative_position"": ""left"", ""scan_start"": 790, ""scan_end"": 869, ""scan_margin"": 13, ""probe_halfspan"": 6, ""probe_out_len"": 12, ""probe_inset"": 1, ""peak_coord"": 827, ""anchor_offset_ratio"": 0.4841, ""max_score"": 42, ""keep_threshold"": 36, ""selected_run_start"": 32, ""selected_run_end"": 42, ""selected_run_length"": 11, ""selected_run_score"": 42, ""three_terminal_role"": ""single_side_terminal"", ""three_terminal_orientation"": ""left""}",three_terminal_structured,,,310.0,827.0
,,,,,,18,NPN_Transistor,component:10:18.3,,,,,10,C,18.3:C,,left,,,,,,,18.3,,False,18.3:C,ok,1.0,matched_preferred,[],N7,,7,False,,,,,,,,,,terminal:10:18.3:t2,Terminal,,,False,N7,7,top,directional,directional_primary,"[367, 717, 392, 756]",0.3503,,,,npn_emitter_from_arrow_branch,,other_branch,18.3:C,C,378,747,,,,18.3:t2,t2,"{""point_mode"": ""three_terminal_structured"", ""scan_axis"": ""x"", ""relative_position"": ""top"", ""scan_start"": 355, ""scan_end"": 389, ""scan_margin"": 6, ""probe_halfspan"": 6, ""probe_out_len"": 12, ""probe_inset"": 1, ""peak_coord"": 379, ""anchor_offset_ratio"": 0.8333, ""max_score"": 56, ""keep_threshold"": 48, ""selected_run_start"": 19, ""selected_run_end"": 28, ""selected_run_length"": 10, ""selected_run_score"": 56, ""three_terminal_role"": ""orthogonal_pair_terminal"", ""three_terminal_orientation"": ""left"", ""three_terminal_pair_bias"": ""opposite_side"", ""three_terminal_pair_bias_debug"": {""top"": {""local_score"": 70.0, ""point_mode"": ""side_peak_outside"", ""scan_axis"": ""x"", ""relative_position"": ""top"", ""scan_start"": 355, ""scan_end"": 389, ""scan_margin"": 6, ""probe_halfspan"": 6, ""probe_out_len"": 12, ""probe_inset"": 1, ""peak_coord"": 379, ""anchor_offset_ratio"": 0.8333, ""max_score"": 56, ""keep_threshold"": 48, ""selected_run_start"": 19, ""selected_run_end"": 28, ""selected_run_length"": 10, ""selected_run_score"": 56}, ""bottom"": {""local_score"": 70.0, ""point_mode"": ""side_peak_outside"", ""scan_axis"": ""x"", ""relative_position"": ""bottom"", ""scan_start"": 355, ""scan_end"": 389, ""scan_margin"": 6, ""probe_halfspan"": 6, ""probe_out_len"": 12, ""probe_inset"": 1, ""peak_coord"": 379, ""anchor_offset_ratio"": 0.8333, ""max_score"": 56, ""keep_threshold"": 48, ""selected_run_start"": 19, ""selected_run_end"": 28, ""selected_run_length"": 10, ""selected_run_score"": 56}}}",three_terminal_structured,,,379.0,747.0
,,,,,,18,NPN_Transistor,component:10:18.3,,,,,10,E,18.3:E,,left,,,,,,,18.3,,False,18.3:E,ok,1.0,matched_preferred,[],N4,,4,False,,,,,,,,,,terminal:10:18.3:t3,Terminal,,,False,N4,4,bottom,directional,directional_primary,"[367, 904, 392, 943]",0.3503,,,,npn_emitter_from_arrow_branch,,arrow_branch,18.3:E,E,378,912,,,,18.3:t3,t3,"{""point_mode"": ""three_terminal_structured"", ""scan_axis"": ""x"", ""relative_position"": ""bottom"", ""scan_start"": 355, ""scan_end"": 389, ""scan_margin"": 6, ""probe_halfspan"": 6, ""probe_out_len"": 12, ""probe_inset"": 1, ""peak_coord"": 379, ""anchor_offset_ratio"": 0.8333, ""max_score"": 56, ""keep_threshold"": 48, ""selected_run_start"": 19, ""selected_run_end"": 28, ""selected_run_length"": 10, ""selected_run_score"": 56, ""three_terminal_role"": ""orthogonal_pair_terminal"", ""three_terminal_orientation"": ""left"", ""three_terminal_pair_bias"": ""opposite_side"", ""three_terminal_pair_bias_debug"": {""top"": {""local_score"": 70.0, ""point_mode"": ""side_peak_outside"", ""scan_axis"": ""x"", ""relative_position"": ""top"", ""scan_start"": 355, ""scan_end"": 389, ""scan_margin"": 6, ""probe_halfspan"": 6, ""probe_out_len"": 12, ""probe_inset"": 1, ""peak_coord"": 379, ""anchor_offset_ratio"": 0.8333, ""max_score"": 56, ""keep_threshold"": 48, ""selected_run_start"": 19, ""selected_run_end"": 28, ""selected_run_length"": 10, ""selected_run_score"": 56}, ""bottom"": {""local_score"": 70.0, ""point_mode"": ""side_peak_outside"", ""scan_axis"": ""x"", ""relative_position"": ""bottom"", ""scan_start"": 355, ""scan_end"": 389, ""scan_margin"": 6, ""probe_halfspan"": 6, ""probe_out_len"": 12, ""probe_inset"": 1, ""peak_coord"": 379, ""anchor_offset_ratio"": 0.8333, ""max_score"": 56, ""keep_threshold"": 48, ""selected_run_start"": 19, ""selected_run_end"": 28, ""selected_run_length"": 10, ""selected_run_score"": 56}}}",three_terminal_structured,,,379.0,912.0
,,,,,,18,NPN_Transistor,component:10:18.4,,,,,10,B,18.4:B,,left,,,,,,,18.4,,False,18.4:B,ok,1.0,matched_preferred,[],N6,,6,False,,,,,,,,,,terminal:10:18.4:t1,Terminal,,,False,N6,6,left,directional,directional_primary,"[285, 172, 324, 197]",1.0,,,,npn_emitter_from_arrow_branch,,single_side,18.4:B,B,315,183,,,,18.4:t1,t1,"{""point_mode"": ""three_terminal_structured"", ""scan_axis"": ""y"", ""relative_position"": ""left"", ""scan_start"": 146, ""scan_end"": 220, ""scan_margin"": 12, ""probe_halfspan"": 6, ""probe_out_len"": 12, ""probe_inset"": 1, ""peak_coord"": 184, ""anchor_offset_ratio"": 0.5068, ""max_score"": 71, ""keep_threshold"": 60, ""selected_run_start"": 34, ""selected_run_end"": 42, ""selected_run_length"": 9, ""selected_run_score"": 71, ""three_terminal_role"": ""single_side_terminal"", ""three_terminal_orientation"": ""left""}",three_terminal_structured,,,315.0,184.0
,,,,,,18,NPN_Transistor,component:10:18.4,,,,,10,C,18.4:C,,left,,,,,,,18.4,,False,18.4:C,ok,0.0,matched_preferred,[],N3,,3,False,,,,,,,,,,terminal:10:18.4:t2,Terminal,,,False,N3,3,top,directional,directional_primary,"[366, 75, 391, 114]",0.3072,,,,npn_emitter_from_arrow_branch,,other_branch,18.4:C,C,378,105,,,,18.4:t2,t2,"{""point_mode"": ""three_terminal_structured"", ""scan_axis"": ""x"", ""relative_position"": ""top"", ""scan_start"": 356, ""scan_end"": 387, ""scan_margin"": 6, ""probe_halfspan"": 6, ""probe_out_len"": 12, ""probe_inset"": 1, ""peak_coord"": 378, ""anchor_offset_ratio"": 0.831, ""max_score"": 56, ""keep_threshold"": 48, ""selected_run_start"": 18, ""selected_run_end"": 27, ""selected_run_length"": 10, ""selected_run_score"": 56, ""three_terminal_role"": ""orthogonal_pair_terminal"", ""three_terminal_orientation"": ""left"", ""three_terminal_pair_bias"": ""opposite_side"", ""three_terminal_pair_bias_debug"": {""top"": {""local_score"": 70.0, ""point_mode"": ""side_peak_outside"", ""scan_axis"": ""x"", ""relative_position"": ""top"", ""scan_start"": 356, ""scan_end"": 387, ""scan_margin"": 6, ""probe_halfspan"": 6, ""probe_out_len"": 12, ""probe_inset"": 1, ""peak_coord"": 378, ""anchor_offset_ratio"": 0.831, ""max_score"": 56, ""keep_threshold"": 48, ""selected_run_start"": 18, ""selected_run_end"": 27, ""selected_run_length"": 10, ""selected_run_score"": 56}, ""bottom"": {""local_score"": 70.0, ""point_mode"": ""side_peak_outside"", ""scan_axis"": ""x"", ""relative_position"": ""bottom"", ""scan_start"": 356, ""scan_end"": 387, ""scan_margin"": 6, ""probe_halfspan"": 6, ""probe_out_len"": 12, ""probe_inset"": 1, ""peak_coord"": 378, ""anchor_offset_ratio"": 0.831, ""max_score"": 56, ""keep_threshold"": 48, ""selected_run_start"": 18, ""selected_run_end"": 27, ""selected_run_length"": 10, ""selected_run_score"": 56}}}",three_terminal_structured,,,378.0,105.0
,,,,,,18,NPN_Transistor,component:10:18.4,,,,,10,E,18.4:E,,left,,,,,,,18.4,,False,18.4:E,ok,0.0,matched_preferred,[],N7,,7,False,,,,,,,,,,terminal:10:18.4:t3,Terminal,,,False,N7,7,bottom,directional,directional_primary,"[366, 253, 391, 292]",0.3072,,,,npn_emitter_from_arrow_branch,,arrow_branch,18.4:E,E,378,261,,,,18.4:t3,t3,"{""point_mode"": ""three_terminal_structured"", ""scan_axis"": ""x"", ""relative_position"": ""bottom"", ""scan_start"": 356, ""scan_end"": 387, ""scan_margin"": 6, ""probe_halfspan"": 6, ""probe_out_len"": 12, ""probe_inset"": 1, ""peak_coord"": 378, ""anchor_offset_ratio"": 0.831, ""max_score"": 56, ""keep_threshold"": 48, ""selected_run_start"": 18, ""selected_run_end"": 27, ""selected_run_length"": 10, ""selected_run_score"": 56, ""three_terminal_role"": ""orthogonal_pair_terminal"", ""three_terminal_orientation"": ""left"", ""three_terminal_pair_bias"": ""opposite_side"", ""three_terminal_pair_bias_debug"": {""top"": {""local_score"": 70.0, ""point_mode"": ""side_peak_outside"", ""scan_axis"": ""x"", ""relative_position"": ""top"", ""scan_start"": 356, ""scan_end"": 387, ""scan_margin"": 6, ""probe_halfspan"": 6, ""probe_out_len"": 12, ""probe_inset"": 1, ""peak_coord"": 378, ""anchor_offset_ratio"": 0.831, ""max_score"": 56, ""keep_threshold"": 48, ""selected_run_start"": 18, ""selected_run_end"": 27, ""selected_run_length"": 10, ""selected_run_score"": 56}, ""bottom"": {""local_score"": 70.0, ""point_mode"": ""side_peak_outside"", ""scan_axis"": ""x"", ""relative_position"": ""bottom"", ""scan_start"": 356, ""scan_end"": 387, ""scan_margin"": 6, ""probe_halfspan"": 6, ""probe_out_len"": 12, ""probe_inset"": 1, ""peak_coord"": 378, ""anchor_offset_ratio"": 0.831, ""max_score"": 56, ""keep_threshold"": 48, ""selected_run_start"": 18, ""selected_run_end"": 27, ""selected_run_length"": 10, ""selected_run_score"": 56}}}",three_terminal_structured,,,378.0,261.0
,,,,,,7,Diode,component:10:7.1,,,,,10,cathode,7.1:cathode,,vertical,,,,,,,7.1,,False,7.1:cathode,ok,0.0,matched_preferred,[],N7,,7,False,,,,,,,,,,terminal:10:7.1:t1,Terminal,,,False,N7,7,top,directional,directional_primary,"[392, 773, 429, 797]",0.5807,,symbol_heuristic,cathode,diode_cathode_from_bar,polarity,marker_side,7.1:cathode,cathode,410,791,,,,7.1:t1,t1,"{""point_mode"": ""two_terminal_axis_center"", ""anchor_offset_ratio"": 0.5}",two_terminal_side_peak,,,409.81,790.65
,,,,,,7,Diode,component:10:7.1,,,,,10,anode,7.1:anode,,vertical,,,,,,,7.1,,False,7.1:anode,ok,0.0,matched_preferred,[],N4,,4,False,,,,,,,,,,terminal:10:7.1:t2,Terminal,,,False,N4,4,bottom,directional,directional_primary,"[392, 860, 429, 884]",0.5807,,symbol_heuristic,anode,diode_cathode_from_bar,polarity,other_side,7.1:anode,anode,410,865,,,,7.1:t2,t2,"{""point_mode"": ""two_terminal_axis_center"", ""anchor_offset_ratio"": 0.5}",two_terminal_side_peak,,,409.81,864.56
,,,,,,7,Diode,component:10:7.2,,,,,10,cathode,7.2:cathode,,vertical,,,,,,,7.2,,False,7.2:cathode,ok,0.0,matched_preferred,[],N3,,3,False,,,,,,,,,,terminal:10:7.2:t1,Terminal,,,False,N3,3,top,directional,directional_primary,"[392, 132, 429, 156]",0.6373,,symbol_heuristic,cathode,diode_cathode_from_bar,polarity,marker_side,7.2:cathode,cathode,410,150,,,,7.2:t1,t1,"{""point_mode"": ""two_terminal_axis_center"", ""anchor_offset_ratio"": 0.5}",two_terminal_side_peak,,,410.32,149.89
,,,,,,7,Diode,component:10:7.2,,,,,10,anode,7.2:anode,,vertical,,,,,,,7.2,,False,7.2:anode,ok,0.0,matched_preferred,[],N7,,7,False,,,,,,,,,,terminal:10:7.2:t2,Terminal,,,False,N7,7,bottom,directional,directional_primary,"[392, 216, 429, 240]",0.6373,,symbol_heuristic,anode,diode_cathode_from_bar,polarity,other_side,7.2:anode,anode,410,221,,,,7.2:t2,t2,"{""point_mode"": ""two_terminal_axis_center"", ""anchor_offset_ratio"": 0.5}",two_terminal_side_peak,,,410.32,220.81
,,,,,,10,Inductor,component:10:10.1,,,,,10,t1,10.1:t1,,horizontal,,,,,,,10.1,,False,10.1:t1,ok,1.0,matched_preferred,[],N7,,7,False,,,,,,,,,,terminal:10:10.1:t1,Terminal,,,False,N7,7,left,directional,directional_primary,"[400, 347, 453, 372]",,,,,,,,,,442,358,,,,10.1:t1,t1,"{""point_mode"": ""side_peak_outside"", ""scan_axis"": ""y"", ""relative_position"": ""left"", ""scan_start"": 329, ""scan_end"": 370, ""scan_margin"": 4, ""probe_halfspan"": 6, ""probe_out_len"": 12, ""probe_inset"": 1, ""peak_coord"": 359, ""anchor_offset_ratio"": 0.6939, ""max_score"": 84, ""keep_threshold"": 71, ""selected_run_start"": 26, ""selected_run_end"": 33, ""selected_run_length"": 8, ""selected_run_score"": 84}",two_terminal_side_peak,,,442.0,359.0
,,,,,,10,Inductor,component:10:10.1,,,,,10,t2,10.1:t2,,horizontal,,,,,,,10.1,,False,10.1:t2,ok,1.0,matched_preferred,[],N7,,7,False,,,,,,,,,,terminal:10:10.1:t2,Terminal,,,False,N7,7,right,directional,directional_primary,"[551, 347, 604, 372]",,,,,,,,,,561,358,,,,10.1:t2,t2,"{""point_mode"": ""side_peak_outside"", ""scan_axis"": ""y"", ""relative_position"": ""right"", ""scan_start"": 329, ""scan_end"": 370, ""scan_margin"": 4, ""probe_halfspan"": 6, ""probe_out_len"": 12, ""probe_inset"": 1, ""peak_coord"": 359, ""anchor_offset_ratio"": 0.6939, ""max_score"": 84, ""keep_threshold"": 71, ""selected_run_start"": 26, ""selected_run_end"": 33, ""selected_run_length"": 8, ""selected_run_score"": 84}",two_terminal_side_peak,,,561.0,359.0
,,,,,,4,Capacitor,component:10:4.1,,,,,10,t1,4.1:t1,,vertical,,,,,,,4.1,,False,4.1:t1,ok,0.0,matched_preferred,[],N7,,7,False,,,,,,,,,,terminal:10:4.1:t1,Terminal,,,False,N7,7,top,directional,directional_primary,"[586, 467, 599, 491]",,,,,,,,,,592,485,,,,4.1:t1,t1,"{""point_mode"": ""bbox_side_center"", ""anchor_offset_ratio"": 0.5001}",bbox_side_center,,,591.88,484.54
,,,,,,4,Capacitor,component:10:4.1,,,,,10,t2,4.1:t2,,vertical,,,,,,,4.1,,False,4.1:t2,ok,0.0,matched_preferred,[],N7,,7,False,,,,,,,,,,terminal:10:4.1:t2,Terminal,,,False,N7,7,bottom,directional,directional_primary,"[586, 529, 599, 553]",,,,,,,,,,592,534,,,,4.1:t2,t2,"{""point_mode"": ""bbox_side_center"", ""anchor_offset_ratio"": 0.5001}",bbox_side_center,,,591.88,533.88
,,,,,,28,Transformer,component:10:28.1,,,,,10,t1,28.1:t1,,horizontal,,,,,,,28.1,,False,28.1:t1,ok,0.0,matched_preferred,[],N7,,7,False,,,,,,,,,,terminal:10:28.1:t1,Terminal,,,False,N7,7,top,directional,directional_primary,"[665, 364, 702, 409]",,,,,,,,,,683,400,,,,28.1:t1,t1,"{""point_mode"": ""strategy_absolute_point"", ""point_source"": ""term_def.point""}",strategy_absolute_point,,,683.0,400.0
,,,,,,28,Transformer,component:10:28.1,,,,,10,t2,28.1:t2,,horizontal,,,,,,,28.1,,False,28.1:t2,ok,0.0,matched_preferred,[],N9,,9,False,,,,,,,,,,terminal:10:28.1:t2,Terminal,,,False,N9,9,top,directional,directional_primary,"[756, 364, 793, 409]",,,,,,,,,,774,400,,,,28.1:t2,t2,"{""point_mode"": ""strategy_absolute_point"", ""point_source"": ""term_def.point""}",strategy_absolute_point,,,774.0,400.0
,,,,,,28,Transformer,component:10:28.1,,,,,10,t3,28.1:t3,,horizontal,,,,,,,28.1,,False,28.1:t3,ok,3.0,matched_preferred,[],N8,,8,False,,,,,,,,,,terminal:10:28.1:t3,Terminal,,,False,N8,8,bottom,directional,directional_primary,"[702, 598, 739, 643]",,,,,,,,,,723,606,,,,28.1:t3,t3,"{""point_mode"": ""strategy_absolute_point"", ""point_source"": ""term_def.point""}",strategy_absolute_point,,,720.0,606.0
,,,,,,28,Transformer,component:10:28.1,,,,,10,t4,28.1:t4,,horizontal,,,,,,,28.1,,False,28.1:t4,ok,0.0,matched_preferred,[],N10,,10,False,,,,,,,,,,terminal:10:28.1:t4,Terminal,,,False,N10,10,bottom,directional,directional_primary,"[756, 598, 793, 643]",,,,,,,,,,774,606,,,,28.1:t4,t4,"{""point_mode"": ""strategy_absolute_point"", ""point_source"": ""term_def.point""}",strategy_absolute_point,,,774.0,606.0
,,,,,,22,Resistor,component:10:22.1,,,,,10,t1,22.1:t1,,vertical,,,,,,,22.1,,False,22.1:t1,ok,1.0,matched_preferred,[],N9,,9,False,,,,,,,,,,terminal:10:22.1:t1,Terminal,,,False,N9,9,top,directional,directional_primary,"[858, 440, 871, 464]",,,,,,,,,,865,458,,,,22.1:t1,t1,"{""point_mode"": ""bbox_side_center"", ""anchor_offset_ratio"": 0.4998}",bbox_side_center,,,864.41,458.35
,,,,,,22,Resistor,component:10:22.1,,,,,10,t2,22.1:t2,,vertical,,,,,,,22.1,,False,22.1:t2,ok,1.0,matched_preferred,[],N10,,10,False,,,,,,,,,,terminal:10:22.1:t2,Terminal,,,False,N10,10,bottom,directional,directional_primary,"[858, 559, 871, 583]",,,,,,,,,,865,564,,,,22.1:t2,t2,"{""point_mode"": ""bbox_side_center"", ""anchor_offset_ratio"": 0.4998}",bbox_side_center,,,864.41,564.19
,,,,,,25,Switch,component:10:25.1,,,,,10,t1,25.1:t1,,horizontal,,,,,,,25.1,,False,25.1:t1,ok,1.0,matched_preferred,[],N9,,9,False,,,,,,,,,,terminal:10:25.1:t1,Terminal,,,False,N9,9,left,directional,directional_primary,"[850, 347, 903, 372]",,,,,,,,,,892,358,,,,25.1:t1,t1,"{""point_mode"": ""side_peak_outside"", ""scan_axis"": ""y"", ""relative_position"": ""left"", ""scan_start"": 327, ""scan_end"": 374, ""scan_margin"": 5, ""probe_halfspan"": 6, ""probe_out_len"": 12, ""probe_inset"": 1, ""peak_coord"": 359, ""anchor_offset_ratio"": 0.6491, ""max_score"": 84, ""keep_threshold"": 71, ""selected_run_start"": 28, ""selected_run_end"": 35, ""selected_run_length"": 8, ""selected_run_score"": 84}",two_terminal_side_peak,,,892.0,359.0
,,,,,,25,Switch,component:10:25.1,,,,,10,t2,25.1:t2,,horizontal,,,,,,,25.1,,False,25.1:t2,ok,1.0,matched_preferred,[],N11,,11,False,,,,,,,,,,terminal:10:25.1:t2,Terminal,,,False,N11,11,right,directional,directional_primary,"[963, 347, 1016, 372]",,,,,,,,,,973,358,,,,25.1:t2,t2,"{""point_mode"": ""side_peak_outside"", ""scan_axis"": ""y"", ""relative_position"": ""right"", ""scan_start"": 327, ""scan_end"": 374, ""scan_margin"": 5, ""probe_halfspan"": 6, ""probe_out_len"": 12, ""probe_inset"": 1, ""peak_coord"": 359, ""anchor_offset_ratio"": 0.6491, ""max_score"": 84, ""keep_threshold"": 71, ""selected_run_start"": 28, ""selected_run_end"": 35, ""selected_run_length"": 8, ""selected_run_score"": 84}",two_terminal_side_peak,,,973.0,359.0
,,,,,,23,Signal_Source,component:10:23.1,,,,,10,t1,23.1:t1,,vertical,,,,,,,23.1,,False,23.1:t1,ok,2.0,matched_preferred,[],N11,,11,False,,,,,,,,,,terminal:10:23.1:t1,Terminal,,,False,N11,11,top,directional,directional_primary,"[997, 460, 1010, 484]",,,,,,,,,,1001,478,,,,23.1:t1,t1,"{""point_mode"": ""bbox_side_center"", ""anchor_offset_ratio"": 0.5002}",bbox_side_center,,,1002.82,478.44
,,,,,,23,Signal_Source,component:10:23.1,,,,,10,t2,23.1:t2,,vertical,,,,,,,23.1,,False,23.1:t2,ok,2.0,matched_preferred,[],N10,,10,False,,,,,,,,,,terminal:10:23.1:t2,Terminal,,,False,N10,10,bottom,directional,directional_primary,"[997, 536, 1010, 560]",,,,,,,,,,1001,541,,,,23.1:t2,t2,"{""point_mode"": ""bbox_side_center"", ""anchor_offset_ratio"": 0.5002}",bbox_side_center,,,1002.82,540.61
114,139,833,835,,,,,,,"[""B""]","[""18.1:B""]","[""18.1:t1""]",10,,,,,,,,,,,,False,,N1,,,,,,,,,[19],,1,,,,,N1,1,net:10:N1,Net,26,,,,,,,,,,,,,,,,,,,,,19,,,,,,,,,
114,145,183,185,,,,,,,"[""B""]","[""18.2:B""]","[""18.2:t1""]",10,,,,,,,,,,,,False,,N2,,,,,,,,,[3],,1,,,,,N2,2,net:10:N2,Net,32,,,,,,,,,,,,,,,,,,,,,3,,,,,,,,,
64,414,16,492,,,,,,,"[""cathode"", ""C"", ""C"", ""positive"", ""cathode""]","[""12.2:cathode"", ""18.2:C"", ""18.4:C"", ""31.1:positive"", ""7.2:cathode""]","[""12.2:t1"", ""18.2:t2"", ""18.4:t2"", ""31.1:t1"", ""7.2:t1""]",10,,,,,,,,,,,,False,,N3,,,,,,,,,[1],,5,,,,,N3,3,net:10:N3,Net,1259,,,,,,,,,,,,,,,,,,,,,1,,,,,,,,,
67,411,529,1007,,,,,,,"[""anode"", ""E"", ""E"", ""negative"", ""anode""]","[""12.1:anode"", ""18.1:E"", ""18.3:E"", ""31.1:negative"", ""7.1:anode""]","[""12.1:t2"", ""18.1:t3"", ""18.3:t3"", ""31.1:t2"", ""7.1:t2""]",10,,,,,,,,,,,,False,,N4,,,,,,,,,[15],,5,,,,,N4,4,net:10:N4,Net,1261,,,,,,,,,,,,,,,,,,,,,15,,,,,,,,,
296,327,827,827,,,,,,,"[""B""]","[""18.3:B""]","[""18.3:t1""]",10,,,,,,,,,,,,False,,N5,,,,,,,,,[18],,1,,,,,N5,5,net:10:N5,Net,32,,,,,,,,,,,,,,,,,,,,,18,,,,,,,,,
296,331,183,185,,,,,,,"[""B""]","[""18.4:B""]","[""18.4:t1""]",10,,,,,,,,,,,,False,,N6,,,,,,,,,[4],,1,,,,,N6,6,net:10:N6,Net,36,,,,,,,,,,,,,,,,,,,,,4,,,,,,,,,
196,683,205,807,,,,,,,"[""cathode"", ""anode"", ""C"", ""E"", ""C"", ""E"", ""cathode"", ""anode""]","[""10.1:t1"", ""10.1:t2"", ""12.1:cathode"", ""12.2:anode"", ""18.1:C"", ""18.2:E"", ""18.3:C"", ""18.4:E"", ""28.1:t1"", ""4.1:t1"", ""4.1:t2"", ""7.1:cathode"", ""7.2:anode""]","[""10.1:t1"", ""10.1:t2"", ""12.1:t1"", ""12.2:t2"", ""18.1:t2"", ""18.2:t3"", ""18.3:t2"", ""18.4:t3"", ""28.1:t1"", ""4.1:t1"", ""4.1:t2"", ""7.1:t1"", ""7.2:t2""]",10,,,,,,,,,,,,False,,N7,,,,,,,,,[5],,13,,,,,N7,7,net:10:N7,Net,2706,,,,,,,,,,,,,,,,,,,,,5,,,,,,,,,
718,739,600,619,,,,,,,[],"[""28.1:t3""]","[""28.1:t3""]",10,,,,,,,,,,,,False,,N8,,,,,,,,,[16],,1,,,,,N8,8,net:10:N8,Net,28,,,,,,,,,,,,,,,,,,,,,16,,,,,,,,,
774,897,353,472,,,,,,,[],"[""22.1:t1"", ""25.1:t1"", ""28.1:t2""]","[""22.1:t1"", ""25.1:t1"", ""28.1:t2""]",10,,,,,,,,,,,,False,,N9,,,,,,,,,[7],,3,,,,,N9,9,net:10:N9,Net,289,,,,,,,,,,,,,,,,,,,,,7,,,,,,,,,
774,1007,527,663,,,,,,,[],"[""22.1:t2"", ""23.1:t2"", ""28.1:t4""]","[""22.1:t2"", ""23.1:t2"", ""28.1:t4""]",10,,,,,,,,,,,,False,,N10,,,,,,,,,[14],,3,,,,,N10,10,net:10:N10,Net,545,,,,,,,,,,,,,,,,,,,,,14,,,,,,,,,
967,1005,358,489,,,,,,,[],"[""23.1:t1"", ""25.1:t2""]","[""23.1:t1"", ""25.1:t2""]",10,,,,,,,,,,,,False,,N11,,,,,,,,,[8],,2,,,,,N11,11,net:10:N11,Net,170,,,,,,,,,,,,,,,,,,,,,8,,,,,,,,,
,,,,,,,,,,,,,11,,,,,1024,11.jpg,C:\Users\m.profilo\Desktop\tesi_diagrams_yolo\data\batch_v9_2_set_successivo_analog_meter_connector_transformer\11.jpg,1024,,,,,,11,,,,,,,,,,14,,25,10,,25,,,diagram:11,Diagram,,,,,,,,,,,,,,,,,,,,,06_match_terminals_to_nets,,,,,,,,,,
74.08,156.11,441.1,830.99,28,Transformer,,,,0.7717,,,,11,,,,vertical,,,,,,,28.1,,,28.1,,,,,,,,,,,,,,4,,,,component:11:28.1,Component,,,,,,,,,,,,,,,,,,,,,,,multi_terminal,,,,,True,True,,
127.68,152.3,94.02,362.58,10,Inductor,,,,0.528,,,,11,,,,vertical,,,,,,,10.1,,,10.1,,,,,,,,,,,,,,2,,,,component:11:10.1,Component,,,,,,,,,,,,,,,,,,,,,,,two_terminal,,,,,True,True,,
110.59,180.64,866.68,900.87,9,GND,,,,0.7384,,,,11,,,top,up,,,,,,,9.1,,,9.1,,,,,,,,,,,,,,1,,,,component:11:9.1,Component,,,,,,,,,,,,,,,,,,,,,,,one_terminal,,,,,True,True,,
265.8,330.57,524.3,667.05,4,Capacitor,,,,0.8705,,,,11,,,,horizontal,,,,,,,4.1,,,4.1,,,,,,,,,,,,,,2,,,,component:11:4.1,Component,,,,,,,,,,,,,,,,,,,,,,,two_terminal,,,,,True,True,,
250.96,352.84,433.78,519.35,22,Resistor,,,,0.896,,,,11,,,,horizontal,,,,,,,22.1,,,22.1,,,,,,,,,,,,,,2,,,,component:11:22.1,Component,,,,,,,,,,,,,,,,,,,,,,,two_terminal,,,,,True,True,,
384.92,445.86,621.06,731.46,7,Diode,,,,0.1664,,,,11,,,,vertical,,,,,,,7.1,,,7.1,,,,,,,,,,,,,,2,,,,component:11:7.1,Component,,,,,,,,,,,,,,,,,,,,,,,two_terminal,,,,,True,True,,
380.43,452.18,844.62,886.11,9,GND,,,,0.8027,,,,11,,,top,up,,,,,,,9.2,,,9.2,,,,,,,,,,,,,,1,,,,component:11:9.2,Component,,,,,,,,,,,,,,,,,,,,,,,one_terminal,,,,,True,True,,
542.94,614.65,863.32,899.25,9,GND,,,,0.7717,,,,11,,,top,up,,,,,,,9.3,,,9.3,,,,,,,,,,,,,,1,,,,component:11:9.3,Component,,,,,,,,,,,,,,,,,,,,,,,one_terminal,,,,,True,True,,
545.89,614.58,689.11,809.42,4,Capacitor,,,,0.8631,,,,11,,,,vertical,,,,,,,4.2,,,4.2,,,,,,,,,,,,,,2,,,,component:11:4.2,Component,,,,,,,,,,,,,,,,,,,,,,,two_terminal,,,,,True,True,,
636.88,671.32,317.72,600.26,10,Inductor,,,,0.7759,,,,11,,,,vertical,,,,,,,10.2,,,10.2,,,,,,,,,,,,,,2,,,,component:11:10.2,Component,,,,,,,,,,,,,,,,,,,,,,,two_terminal,,,,,True,True,,
724.69,795.61,920.42,952.85,9,GND,,,,0.8027,,,,11,,,top,up,,,,,,,9.4,,,9.4,,,,,,,,,,,,,,1,,,,component:11:9.4,Component,,,,,,,,,,,,,,,,,,,,,,,one_terminal,,,,,True,True,,
868.05,899.12,228.02,505.65,10,Inductor,,,,0.7706,,,,11,,,,vertical,,,,,,,10.3,,,10.3,,,,,,,,,,,,,,2,,,,component:11:10.3,Component,,,,,,,,,,,,,,,,,,,,,,,two_terminal,,,,,True,True,,
901.76,976.71,657.97,776.91,4,Capacitor,,,,0.8351,,,,11,,,,vertical,,,,,,,4.3,,,4.3,,,,,,,,,,,,,,2,,,,component:11:4.3,Component,,,,,,,,,,,,,,,,,,,,,,,two_terminal,,,,,True,True,,
908.38,978.31,802.45,841.21,9,GND,,,,0.7409,,,,11,,,top,up,,,,,,,9.5,,,9.5,,,,,,,,,,,,,,1,,,,component:11:9.5,Component,,,,,,,,,,,,,,,,,,,,,,,one_terminal,,,,,True,True,,
,,,,,,28,Transformer,component:11:28.1,,,,,11,t1,28.1:t1,,vertical,,,,,,,28.1,,False,28.1:t1,ok,1.0,matched_preferred,[],N2,,2,False,,,,,,,,,,terminal:11:28.1:t1,Terminal,,,False,N2,2,left,directional,directional_primary,"[34, 458, 79, 495]",,,,,,,,,,70,475,,,,28.1:t1,t1,"{""point_mode"": ""strategy_absolute_point"", ""point_source"": ""term_def.point""}",strategy_absolute_point,,,70.0,476.0
,,,,,,28,Transformer,component:11:28.1,,,,,11,t2,28.1:t2,,vertical,,,,,,,28.1,,False,28.1:t2,ok,1.0,matched_preferred,[],N4,,4,False,,,,,,,,,,terminal:11:28.1:t2,Terminal,,,False,N4,4,right,directional,directional_primary,"[152, 455, 197, 492]",,,,,,,,,,160,472,,,,28.1:t2,t2,"{""point_mode"": ""strategy_absolute_point"", ""point_source"": ""term_def.point""}",strategy_absolute_point,,,160.0,473.0
,,,,,,28,Transformer,component:11:28.1,,,,,11,t3,28.1:t3,,vertical,,,,,,,28.1,,False,28.1:t3,ok,0.0,matched_preferred,[],N1,,1,False,,,,,,,,,,terminal:11:28.1:t3,Terminal,,,False,N1,1,left,directional,directional_primary,"[34, 794, 79, 831]",,,,,,,,,,70,812,,,,28.1:t3,t3,"{""point_mode"": ""strategy_absolute_point"", ""point_source"": ""term_def.point""}",strategy_absolute_point,,,70.0,812.0
,,,,,,28,Transformer,component:11:28.1,,,,,11,t4,28.1:t4,,vertical,,,,,,,28.1,,False,28.1:t4,ok,1.0,matched_preferred,[],N3,,3,False,,,,,,,,,,terminal:11:28.1:t4,Terminal,,,False,N3,3,bottom,directional,directional_primary,"[127, 827, 164, 872]",,,,,,,,,,144,835,,,,28.1:t4,t4,"{""point_mode"": ""strategy_absolute_point"", ""point_source"": ""term_def.point""}",strategy_absolute_point,,,145.0,835.0
,,,,,,10,Inductor,component:11:10.1,,,,,11,t1,10.1:t1,,vertical,,,,,,,10.1,,False,10.1:t1,ok,33.106,matched_single,"[""no_preferred_net_from_05"", ""matched_without_preferred_label"", ""used_fallback_search""]",N7,,7,False,,,,,,,,,,terminal:11:10.1:t1,Terminal,,,False,,,top,circle,circle_fallback,"[96, 46, 185, 135]",,,,,,,,,,154,120,,,,10.1:t1,t1,"{""point_mode"": ""side_peak_outside"", ""scan_axis"": ""x"", ""relative_position"": ""top"", ""scan_start"": 130, ""scan_end"": 150, ""scan_margin"": 2, ""probe_halfspan"": 3, ""probe_out_len"": 12, ""probe_inset"": 1, ""peak_coord"": 140, ""anchor_offset_ratio"": 0.5, ""max_score"": 0, ""keep_threshold"": 2, ""selected_run_start"": 10, ""selected_run_end"": 10, ""selected_run_length"": 1, ""selected_run_score"": 0}",two_terminal_side_peak,,,140.0,90.0
,,,,,,10,Inductor,component:11:10.1,,,,,11,t2,10.1:t2,,vertical,,,,,,,10.1,,False,10.1:t2,ok,27.785,matched_single,"[""no_preferred_net_from_05"", ""matched_without_preferred_label"", ""used_fallback_search""]",N5,,5,False,,,,,,,,,,terminal:11:10.1:t2,Terminal,,,False,,,bottom,circle,circle_fallback,"[96, 323, 185, 412]",,,,,,,,,,154,343,,,,10.1:t2,t2,"{""point_mode"": ""side_peak_outside"", ""scan_axis"": ""x"", ""relative_position"": ""bottom"", ""scan_start"": 130, ""scan_end"": 150, ""scan_margin"": 2, ""probe_halfspan"": 3, ""probe_out_len"": 12, ""probe_inset"": 1, ""peak_coord"": 140, ""anchor_offset_ratio"": 0.5, ""max_score"": 0, ""keep_threshold"": 2, ""selected_run_start"": 10, ""selected_run_end"": 10, ""selected_run_length"": 1, ""selected_run_score"": 0}",two_terminal_side_peak,,,140.0,367.0
,,,,,,9,GND,component:11:9.1,,,,,11,t1,9.1:t1,top,up,,,,,,,9.1,,False,9.1:t1,ok,2.0,matched_preferred,[],N3,,3,False,,,,,,,,,,terminal:11:9.1:t1,Terminal,,,False,N3,3,top,directional,directional_primary,"[140, 845, 153, 869]",,,,,,,,,,144,863,,,,9.1:t1,t1,"{""point_mode"": ""one_terminal_axis_center"", ""anchor_offset_ratio"": 0.5}",two_terminal_side_peak,,,145.62,862.68
,,,,,,4,Capacitor,component:11:4.1,,,,,11,t1,4.1:t1,,horizontal,,,,,,,4.1,,False,4.1:t1,ok,0.0,matched_preferred,[],N4,,4,False,,,,,,,,,,terminal:11:4.1:t1,Terminal,,,False,N4,4,left,directional,directional_primary,"[244, 590, 268, 603]",,,,,,,,,,262,596,,,,4.1:t1,t1,"{""point_mode"": ""bbox_side_center"", ""anchor_offset_ratio"": 0.5}",bbox_side_center,,,261.8,595.67
,,,,,,4,Capacitor,component:11:4.1,,,,,11,t2,4.1:t2,,horizontal,,,,,,,4.1,,False,4.1:t2,ok,0.0,matched_preferred,[],N5,,5,False,,,,,,,,,,terminal:11:4.1:t2,Terminal,,,False,N5,5,right,directional,directional_primary,"[330, 590, 354, 603]",,,,,,,,,,335,596,,,,4.1:t2,t2,"{""point_mode"": ""bbox_side_center"", ""anchor_offset_ratio"": 0.5}",bbox_side_center,,,334.57,595.67
,,,,,,22,Resistor,component:11:22.1,,,,,11,t1,22.1:t1,,horizontal,,,,,,,22.1,,False,22.1:t1,ok,5.0,matched_preferred,[],N4,,4,False,,,,,,,,,,terminal:11:22.1:t1,Terminal,,,False,N4,4,left,directional,directional_primary,"[229, 471, 253, 484]",,,,,,,,,,247,472,,,,22.1:t1,t1,"{""point_mode"": ""bbox_side_center"", ""anchor_offset_ratio"": 0.4999}",bbox_side_center,,,246.96,476.56
,,,,,,22,Resistor,component:11:22.1,,,,,11,t2,22.1:t2,,horizontal,,,,,,,22.1,,False,22.1:t2,ok,2.0,matched_preferred,[],N5,,5,False,,,,,,,,,,terminal:11:22.1:t2,Terminal,,,False,N5,5,right,directional,directional_primary,"[352, 471, 376, 484]",,,,,,,,,,357,475,,,,22.1:t2,t2,"{""point_mode"": ""bbox_side_center"", ""anchor_offset_ratio"": 0.4999}",bbox_side_center,,,356.84,476.56
,,,,,,7,Diode,component:11:7.1,,,,,11,anode,7.1:anode,,vertical,,,,,,,7.1,,False,7.1:anode,ok,0.0,matched_preferred,[],N5,,5,False,,,,,,,,,,terminal:11:7.1:t1,Terminal,,,False,N5,5,top,directional,directional_primary,"[397, 599, 434, 623]",0.3962,,symbol_heuristic,anode,diode_cathode_from_bar,polarity,other_side,7.1:anode,anode,415,617,,,,7.1:t1,t1,"{""point_mode"": ""two_terminal_axis_center"", ""anchor_offset_ratio"": 0.5}",two_terminal_side_peak,,,415.39,617.06
,,,,,,7,Diode,component:11:7.1,,,,,11,cathode,7.1:cathode,,vertical,,,,,,,7.1,,False,7.1:cathode,ok,0.0,matched_preferred,[],N6,,6,False,,,,,,,,,,terminal:11:7.1:t2,Terminal,,,False,N6,6,bottom,directional,directional_primary,"[397, 730, 434, 754]",0.3962,,symbol_heuristic,cathode,diode_cathode_from_bar,polarity,marker_side,7.1:cathode,cathode,415,735,,,,7.1:t2,t2,"{""point_mode"": ""two_terminal_axis_center"", ""anchor_offset_ratio"": 0.5}",two_terminal_side_peak,,,415.39,735.46
,,,,,,9,GND,component:11:9.2,,,,,11,t1,9.2:t1,top,up,,,,,,,9.2,,False,9.2:t1,ok,1.0,matched_preferred,[],N6,,6,False,,,,,,,,,,terminal:11:9.2:t1,Terminal,,,False,N6,6,top,directional,directional_primary,"[410, 823, 423, 847]",,,,,,,,,,415,841,,,,9.2:t1,t1,"{""point_mode"": ""one_terminal_axis_center"", ""anchor_offset_ratio"": 0.5}",two_terminal_side_peak,,,416.31,840.62
,,,,,,9,GND,component:11:9.3,,,,,11,t1,9.3:t1,top,up,,,,,,,9.3,,False,9.3:t1,ok,3.0,matched_preferred,[],N8,,8,False,,,,,,,,,,terminal:11:9.3:t1,Terminal,,,False,N8,8,top,directional,directional_primary,"[573, 841, 586, 865]",,,,,,,,,,576,859,,,,9.3:t1,t1,"{""point_mode"": ""one_terminal_axis_center"", ""anchor_offset_ratio"": 0.5}",two_terminal_side_peak,,,578.8,859.32
,,,,,,4,Capacitor,component:11:4.2,,,,,11,t1,4.2:t1,,vertical,,,,,,,4.2,,False,4.2:t1,ok,4.0,matched_preferred,[],N9,,9,False,,,,,,,,,,terminal:11:4.2:t1,Terminal,,,False,N9,9,top,directional,directional_primary,"[574, 667, 587, 691]",,,,,,,,,,576,685,,,,4.2:t1,t1,"{""point_mode"": ""bbox_side_center"", ""anchor_offset_ratio"": 0.5001}",bbox_side_center,,,580.24,685.11
,,,,,,4,Capacitor,component:11:4.2,,,,,11,t2,4.2:t2,,vertical,,,,,,,4.2,,False,4.2:t2,ok,4.0,matched_preferred,[],N8,,8,False,,,,,,,,,,terminal:11:4.2:t2,Terminal,,,False,N8,8,bottom,directional,directional_primary,"[574, 808, 587, 832]",,,,,,,,,,576,813,,,,4.2:t2,t2,"{""point_mode"": ""bbox_side_center"", ""anchor_offset_ratio"": 0.5001}",bbox_side_center,,,580.24,813.42
,,,,,,10,Inductor,component:11:10.2,,,,,11,t1,10.2:t1,,vertical,,,,,,,10.2,,False,10.2:t1,ok,39.446,matched_single,"[""no_preferred_net_from_05"", ""matched_without_preferred_label"", ""used_fallback_search""]",N5,,5,False,,,,,,,,,,terminal:11:10.2:t1,Terminal,,,False,,,top,circle,circle_fallback,"[610, 270, 699, 359]",,,,,,,,,,634,348,,,,10.2:t1,t1,"{""point_mode"": ""side_peak_outside"", ""scan_axis"": ""x"", ""relative_position"": ""top"", ""scan_start"": 640, ""scan_end"": 668, ""scan_margin"": 3, ""probe_halfspan"": 4, ""probe_out_len"": 12, ""probe_inset"": 1, ""peak_coord"": 654, ""anchor_offset_ratio"": 0.5, ""max_score"": 0, ""keep_threshold"": 2, ""selected_run_start"": 14, ""selected_run_end"": 14, ""selected_run_length"": 1, ""selected_run_score"": 0}",two_terminal_side_peak,,,654.0,314.0
,,,,,,10,Inductor,component:11:10.2,,,,,11,t2,10.2:t2,,vertical,,,,,,,10.2,,False,10.2:t2,ok,0.0,matched_preferred,[],N9,,9,False,,,,,,,,,,terminal:11:10.2:t2,Terminal,,,False,N9,9,bottom,directional,directional_primary,"[638, 594, 663, 647]",,,,,,,,,,650,604,,,,10.2:t2,t2,"{""point_mode"": ""side_peak_outside"", ""scan_axis"": ""x"", ""relative_position"": ""bottom"", ""scan_start"": 640, ""scan_end"": 668, ""scan_margin"": 3, ""probe_halfspan"": 4, ""probe_out_len"": 12, ""probe_inset"": 1, ""peak_coord"": 650, ""anchor_offset_ratio"": 0.3824, ""max_score"": 56, ""keep_threshold"": 48, ""selected_run_start"": 8, ""selected_run_end"": 13, ""selected_run_length"": 6, ""selected_run_score"": 56}",two_terminal_side_peak,,,650.0,604.0
,,,,,,9,GND,component:11:9.4,,,,,11,t1,9.4:t1,top,up,,,,,,,9.4,,False,9.4:t1,ok,2.236,matched_preferred,[],N9,,9,False,,,,,,,,,,terminal:11:9.4:t1,Terminal,,,False,N9,9,top,directional,directional_primary,"[754, 898, 767, 922]",,,,,,,,,,762,917,,,,9.4:t1,t1,"{""point_mode"": ""one_terminal_axis_center"", ""anchor_offset_ratio"": 0.5}",two_terminal_side_peak,,,760.15,916.42
,,,,,,10,Inductor,component:11:10.3,,,,,11,t1,10.3:t1,,vertical,,,,,,,10.3,,False,10.3:t1,ok,0.0,matched_preferred,[],N7,,7,False,,,,,,,,,,terminal:11:10.3:t1,Terminal,,,False,N7,7,top,directional,directional_primary,"[866, 182, 891, 235]",,,,,,,,,,878,224,,,,10.3:t1,t1,"{""point_mode"": ""side_peak_outside"", ""scan_axis"": ""x"", ""relative_position"": ""top"", ""scan_start"": 870, ""scan_end"": 897, ""scan_margin"": 2, ""probe_halfspan"": 4, ""probe_out_len"": 12, ""probe_inset"": 1, ""peak_coord"": 878, ""anchor_offset_ratio"": 0.3226, ""max_score"": 42, ""keep_threshold"": 36, ""selected_run_start"": 5, ""selected_run_end"": 11, ""selected_run_length"": 7, ""selected_run_score"": 42}",two_terminal_side_peak,,,878.0,224.0
,,,,,,10,Inductor,component:11:10.3,,,,,11,t2,10.3:t2,,vertical,,,,,,,10.3,,False,10.3:t2,ok,0.0,matched_preferred,[],N9,,9,False,,,,,,,,,,terminal:11:10.3:t2,Terminal,,,False,N9,9,bottom,directional,directional_primary,"[864, 500, 889, 553]",,,,,,,,,,876,510,,,,10.3:t2,t2,"{""point_mode"": ""side_peak_outside"", ""scan_axis"": ""x"", ""relative_position"": ""bottom"", ""scan_start"": 870, ""scan_end"": 897, ""scan_margin"": 2, ""probe_halfspan"": 4, ""probe_out_len"": 12, ""probe_inset"": 1, ""peak_coord"": 876, ""anchor_offset_ratio"": 0.2581, ""max_score"": 28, ""keep_threshold"": 24, ""selected_run_start"": 3, ""selected_run_end"": 10, ""selected_run_length"": 8, ""selected_run_score"": 28}",two_terminal_side_peak,,,876.0,510.0
,,,,,,4,Capacitor,component:11:4.3,,,,,11,t1,4.3:t1,,vertical,,,,,,,4.3,,False,4.3:t1,ok,2.0,matched_preferred,[],N9,,9,False,,,,,,,,,,terminal:11:4.3:t1,Terminal,,,False,N9,9,top,directional,directional_primary,"[933, 636, 946, 660]",,,,,,,,,,941,654,,,,4.3:t1,t1,"{""point_mode"": ""bbox_side_center"", ""anchor_offset_ratio"": 0.5001}",bbox_side_center,,,939.24,653.97
,,,,,,4,Capacitor,component:11:4.3,,,,,11,t2,4.3:t2,,vertical,,,,,,,4.3,,False,4.3:t2,ok,2.0,matched_preferred,[],N10,,10,False,,,,,,,,,,terminal:11:4.3:t2,Terminal,,,False,N10,10,bottom,directional,directional_primary,"[933, 776, 946, 800]",,,,,,,,,,941,781,,,,4.3:t2,t2,"{""point_mode"": ""bbox_side_center"", ""anchor_offset_ratio"": 0.5001}",bbox_side_center,,,939.24,780.91
,,,,,,9,GND,component:11:9.5,,,,,11,t1,9.5:t1,top,up,,,,,,,9.5,,False,9.5:t1,ok,2.0,matched_preferred,[],N10,,10,False,,,,,,,,,,terminal:11:9.5:t1,Terminal,,,False,N10,10,top,directional,directional_primary,"[937, 780, 950, 804]",,,,,,,,,,941,798,,,,9.5:t1,t1,"{""point_mode"": ""one_terminal_axis_center"", ""anchor_offset_ratio"": 0.5}",two_terminal_side_peak,,,943.35,798.45
50,75,811,813,,,,,,,[],"[""28.1:t3""]","[""28.1:t3""]",11,,,,,,,,,,,,False,,N1,,,,,,,,,[20],,1,,,,,N1,1,net:11:N1,Net,26,,,,,,,,,,,,,,,,,,,,,20,,,,,,,,,
52,77,472,476,,,,,,,[],"[""28.1:t1""]","[""28.1:t1""]",11,,,,,,,,,,,,False,,N2,,,,,,,,,[9],,1,,,,,N2,2,net:11:N2,Net,29,,,,,,,,,,,,,,,,,,,,,9,,,,,,,,,
140,152,827,877,,,,,,,[],"[""28.1:t4"", ""9.1:t1""]","[""28.1:t4"", ""9.1:t1""]",11,,,,,,,,,,,,False,,N3,,,,,,,,,[21],,2,,,,,N3,3,net:11:N3,Net,62,,,,,,,,,,,,,,,,,,,,,21,,,,,,,,,
154,278,460,598,,,,,,,[],"[""22.1:t1"", ""28.1:t2"", ""4.1:t1""]","[""22.1:t1"", ""28.1:t2"", ""4.1:t1""]",11,,,,,,,,,,,,False,,N4,,,,,,,,,[8],,3,,,,,N4,4,net:11:N4,Net,302,,,,,,,,,,,,,,,,,,,,,8,,,,,,,,,
154,634,338,634,,,,,,,"[""anode""]","[""22.1:t2"", ""4.1:t2"", ""7.1:anode""]","[""22.1:t2"", ""4.1:t2"", ""7.1:t1""]",11,,,,,,,,,,,,False,,N5,,,,,,,,,[4],,3,,,,,N5,5,net:11:N5,Net,1058,,,,,,,,,,,,,,,,,,,,,4,,,,,,,,,
415,419,719,854,,,,,,,"[""cathode""]","[""7.1:cathode"", ""9.2:t1""]","[""7.1:t2"", ""9.2:t1""]",11,,,,,,,,,,,,False,,N6,,,,,,,,,[17],,2,,,,,N6,6,net:11:N6,Net,139,,,,,,,,,,,,,,,,,,,,,17,,,,,,,,,
154,878,119,241,,,,,,,[],"[""10.3:t1""]","[""10.3:t1""]",11,,,,,,,,,,,,False,,N7,,,,,,,,,[2],,1,,,,,N7,7,net:11:N7,Net,837,,,,,,,,,,,,,,,,,,,,,2,,,,,,,,,
576,581,796,873,,,,,,,[],"[""4.2:t2"", ""9.3:t1""]","[""4.2:t2"", ""9.3:t1""]",11,,,,,,,,,,,,False,,N8,,,,,,,,,[19],,2,,,,,N8,8,net:11:N8,Net,81,,,,,,,,,,,,,,,,,,,,,19,,,,,,,,,
576,942,492,930,,,,,,,[],"[""10.2:t2"", ""10.3:t2"", ""4.2:t1"", ""4.3:t1"", ""9.4:t1""]","[""10.2:t2"", ""10.3:t2"", ""4.2:t1"", ""4.3:t1"", ""9.4:t1""]",11,,,,,,,,,,,,False,,N9,,,,,,,,,[10],,5,,,,,N9,9,net:11:N9,Net,1561,,,,,,,,,,,,,,,,,,,,,10,,,,,,,,,
937,949,764,812,,,,,,,[],"[""4.3:t2"", ""9.5:t1""]","[""4.3:t2"", ""9.5:t1""]",11,,,,,,,,,,,,False,,N10,,,,,,,,,[18],,2,,,,,N10,10,net:11:N10,Net,60,,,,,,,,,,,,,,,,,,,,,18,,,,,,,,,
,,,,,,,,,,,,,12,,,,,1024,12.jpg,C:\Users\m.profilo\Desktop\tesi_diagrams_yolo\data\batch_v9_2_set_successivo_analog_meter_connector_transformer\12.jpg,1024,,,,,,12,,,,,,,,,,9,,16,8,,16,,,diagram:12,Diagram,,,,,,,,,,,,,,,,,,,,,06_match_terminals_to_nets,,,,,,,,,,
267.82,393.01,171.98,931.12,28,Transformer,,,,0.4887,,,,12,,,,vertical,,,,,,,28.1,,,28.1,,,,,,,,,,,,,,4,,,,component:12:28.1,Component,,,,,,,,,,,,,,,,,,,,,,,multi_terminal,,,,,True,True,,
392.04,439.5,559.82,633.96,9,GND,,,,0.8004,,,,12,,,top,up,,,,,,,9.1,,,9.1,,,,,,,,,,,,,,1,,,,component:12:9.1,Component,,,,,,,,,,,,,,,,,,,,,,,one_terminal,,,,,True,True,,
460.8,527.65,804.2,940.94,7,Diode,,,,0.904,,,,12,,,,horizontal,,,,,,,7.1,,,7.1,,,,,,,,,,,,,,2,,,,component:12:7.1,Component,,,,,,,,,,,,,,,,,,,,,,,two_terminal,,,,,True,True,,
458.16,530.77,93.91,240.45,7,Diode,,,,0.8968,,,,12,,,,horizontal,,,,,,,7.2,,,7.2,,,,,,,,,,,,,,2,,,,component:12:7.2,Component,,,,,,,,,,,,,,,,,,,,,,,two_terminal,,,,,True,True,,
710.79,804.16,459.22,596.88,4,Capacitor,,,,0.8463,,,,12,,,,vertical,,,,,,,4.1,,,4.1,,,,,,,,,,,,,,2,,,,component:12:4.1,Component,,,,,,,,,,,,,,,,,,,,,,,two_terminal,,,,,True,True,,
794.88,843.12,901.85,985.71,9,GND,,,,0.8057,,,,12,,,top,up,,,,,,,9.2,,,9.2,,,,,,,,,,,,,,1,,,,component:12:9.2,Component,,,,,,,,,,,,,,,,,,,,,,,one_terminal,,,,,True,True,,
861.98,915.57,383.06,662.03,22,Resistor,,,,0.7964,,,,12,,,,vertical,,,,,,,22.1,,,22.1,,,,,,,,,,,,,,2,,,,component:12:22.1,Component,,,,,,,,,,,,,,,,,,,,,,,two_terminal,,,,,True,True,,
962.43,988.31,130.41,212.77,26,Terminal,,,,0.663,,,,12,,,,left,,,,,,,26.1,,,26.1,,,,,,,,,,,,,,1,,,,component:12:26.1,Component,,,,,,,,,,,,,,,,,,,,,,,variable_terminal,,,,,True,True,,
963.38,992.53,846.52,906.39,26,Terminal,,,,0.6828,,,,12,,,,left,,,,,,,26.2,,,26.2,,,,,,,,,,,,,,1,,,,component:12:26.2,Component,,,,,,,,,,,,,,,,,,,,,,,variable_terminal,,,,,True,True,,
,,,,,,28,Transformer,component:12:28.1,,,,,12,t1,28.1:t1,,vertical,,,,,,,28.1,,False,28.1:t1,ok,2.0,matched_preferred,[],N2,,2,False,,,,,,,,,,terminal:12:28.1:t1,Terminal,,,False,N2,2,left,directional,directional_primary,"[228, 271, 273, 308]",,,,,,,,,,264,287,,,,28.1:t1,t1,"{""point_mode"": ""strategy_absolute_point"", ""point_source"": ""term_def.point""}",strategy_absolute_point,,,264.0,289.0
,,,,,,28,Transformer,component:12:28.1,,,,,12,t2,28.1:t2,,vertical,,,,,,,28.1,,False,28.1:t2,ok,0.0,matched_preferred,[],N3,,3,False,,,,,,,,,,terminal:12:28.1:t2,Terminal,,,False,N3,3,top,directional,directional_primary,"[348, 132, 385, 177]",,,,,,,,,,366,168,,,,28.1:t2,t2,"{""point_mode"": ""strategy_absolute_point"", ""point_source"": ""term_def.point""}",strategy_absolute_point,,,366.0,168.0
,,,,,,28,Transformer,component:12:28.1,,,,,12,t3,28.1:t3,,vertical,,,,,,,28.1,,False,28.1:t3,ok,0.0,matched_preferred,[],N1,,1,False,,,,,,,,,,terminal:12:28.1:t3,Terminal,,,False,N1,1,left,directional,directional_primary,"[228, 738, 273, 775]",,,,,,,,,,264,756,,,,28.1:t3,t3,"{""point_mode"": ""strategy_absolute_point"", ""point_source"": ""term_def.point""}",strategy_absolute_point,,,264.0,756.0
,,,,,,28,Transformer,component:12:28.1,,,,,12,t4,28.1:t4,,vertical,,,,,,,28.1,,False,28.1:t4,ok,1.0,matched_preferred,[],N5,,5,False,,,,,,,,,,terminal:12:28.1:t4,Terminal,,,False,N5,5,right,directional,directional_primary,"[389, 858, 434, 895]",,,,,,,,,,397,875,,,,28.1:t4,t4,"{""point_mode"": ""strategy_absolute_point"", ""point_source"": ""term_def.point""}",strategy_absolute_point,,,397.0,876.0
,,,,,,9,GND,component:12:9.1,,,,,12,t1,9.1:t1,top,up,,,,,,,9.1,,False,9.1:t1,ok,1.0,matched_preferred,[],N4,,4,False,,,,,,,,,,terminal:12:9.1:t1,Terminal,,,False,N4,4,top,directional,directional_primary,"[410, 538, 423, 562]",,,,,,,,,,415,556,,,,9.1:t1,t1,"{""point_mode"": ""one_terminal_axis_center"", ""anchor_offset_ratio"": 0.5}",two_terminal_side_peak,,,415.77,555.82
,,,,,,7,Diode,component:12:7.1,,,,,12,anode,7.1:anode,,horizontal,,,,,,,7.1,,False,7.1:anode,ok,2.0,matched_preferred,[],N5,,5,False,,,,,,,,,,terminal:12:7.1:t1,Terminal,,,False,N5,5,left,directional,directional_primary,"[439, 855, 463, 892]",0.1282,,symbol_heuristic,anode,diode_cathode_from_bar,polarity,other_side,7.1:anode,anode,457,875,,,,7.1:t1,t1,"{""point_mode"": ""two_terminal_axis_center"", ""anchor_offset_ratio"": 0.5}",two_terminal_side_peak,,,456.8,872.57
,,,,,,7,Diode,component:12:7.1,,,,,12,cathode,7.1:cathode,,horizontal,,,,,,,7.1,,False,7.1:cathode,ok,2.0,matched_preferred,[],N7,,7,False,,,,,,,,,,terminal:12:7.1:t2,Terminal,,,False,N7,7,right,directional,directional_primary,"[527, 855, 551, 892]",0.1282,,symbol_heuristic,cathode,diode_cathode_from_bar,polarity,marker_side,7.1:cathode,cathode,532,875,,,,7.1:t2,t2,"{""point_mode"": ""two_terminal_axis_center"", ""anchor_offset_ratio"": 0.5}",two_terminal_side_peak,,,531.65,872.57
,,,,,,7,Diode,component:12:7.2,,,,,12,anode,7.2:anode,,horizontal,,,,,,,7.2,,False,7.2:anode,ok,5.385,matched_preferred,[],N6,,6,False,,,,,,,,,,terminal:12:7.2:t1,Terminal,,,False,N6,6,left,directional,directional_primary,"[436, 149, 460, 186]",0.1194,,symbol_heuristic,anode,diode_cathode_from_bar,polarity,other_side,7.2:anode,anode,456,172,,,,7.2:t1,t1,"{""point_mode"": ""two_terminal_axis_center"", ""anchor_offset_ratio"": 0.5}",two_terminal_side_peak,,,454.16,167.18
,,,,,,7,Diode,component:12:7.2,,,,,12,cathode,7.2:cathode,,horizontal,,,,,,,7.2,,False,7.2:cathode,ok,5.385,matched_preferred,[],N7,,7,False,,,,,,,,,,terminal:12:7.2:t2,Terminal,,,False,N7,7,right,directional,directional_primary,"[530, 149, 554, 186]",0.1194,,symbol_heuristic,cathode,diode_cathode_from_bar,polarity,marker_side,7.2:cathode,cathode,533,172,,,,7.2:t2,t2,"{""point_mode"": ""two_terminal_axis_center"", ""anchor_offset_ratio"": 0.5}",two_terminal_side_peak,,,534.77,167.18
,,,,,,4,Capacitor,component:12:4.1,,,,,12,t1,4.1:t1,,vertical,,,,,,,4.1,,False,4.1:t1,ok,1.0,matched_preferred,[],N7,,7,False,,,,,,,,,,terminal:12:4.1:t1,Terminal,,,False,N7,7,top,directional,directional_primary,"[751, 437, 764, 461]",,,,,,,,,,756,455,,,,4.1:t1,t1,"{""point_mode"": ""bbox_side_center"", ""anchor_offset_ratio"": 0.4999}",bbox_side_center,,,757.47,455.22
,,,,,,4,Capacitor,component:12:4.1,,,,,12,t2,4.1:t2,,vertical,,,,,,,4.1,,False,4.1:t2,ok,1.0,matched_preferred,[],N8,,8,False,,,,,,,,,,terminal:12:4.1:t2,Terminal,,,False,N8,8,bottom,directional,directional_primary,"[751, 596, 764, 620]",,,,,,,,,,756,601,,,,4.1:t2,t2,"{""point_mode"": ""bbox_side_center"", ""anchor_offset_ratio"": 0.4999}",bbox_side_center,,,757.47,600.88
,,,,,,9,GND,component:12:9.2,,,,,12,t1,9.2:t1,top,up,,,,,,,9.2,,False,9.2:t1,ok,1.0,matched_preferred,[],N8,,8,False,,,,,,,,,,terminal:12:9.2:t1,Terminal,,,False,N8,8,top,directional,directional_primary,"[813, 880, 826, 904]",,,,,,,,,,818,898,,,,9.2:t1,t1,"{""point_mode"": ""one_terminal_axis_center"", ""anchor_offset_ratio"": 0.5}",two_terminal_side_peak,,,819.0,897.85
,,,,,,22,Resistor,component:12:22.1,,,,,12,t1,22.1:t1,,vertical,,,,,,,22.1,,False,22.1:t1,ok,0.0,matched_preferred,[],N7,,7,False,,,,,,,,,,terminal:12:22.1:t1,Terminal,,,False,N7,7,top,directional,directional_primary,"[883, 361, 896, 385]",,,,,,,,,,889,379,,,,22.1:t1,t1,"{""point_mode"": ""bbox_side_center"", ""anchor_offset_ratio"": 0.5001}",bbox_side_center,,,888.78,379.06
,,,,,,22,Resistor,component:12:22.1,,,,,12,t2,22.1:t2,,vertical,,,,,,,22.1,,False,22.1:t2,ok,1.0,matched_preferred,[],N8,,8,False,,,,,,,,,,terminal:12:22.1:t2,Terminal,,,False,N8,8,bottom,directional,directional_primary,"[883, 661, 896, 685]",,,,,,,,,,888,666,,,,22.1:t2,t2,"{""point_mode"": ""bbox_side_center"", ""anchor_offset_ratio"": 0.5001}",bbox_side_center,,,888.78,666.03
,,,,,,26,Terminal,component:12:26.1,,,,,12,t1,26.1:t1,,left,,,,,,,26.1,,False,26.1:t1,ok,2.0,matched_preferred,[],N7,,7,False,,,,,,,,,,terminal:12:26.1:t1,Terminal,,,False,N7,7,left,directional,directional_primary,"[940, 166, 964, 179]",,,,,,,,,,958,174,,,,26.1:t1,t1,"{""point_mode"": ""bbox_side_center"", ""anchor_offset_ratio"": 0.5}",bbox_side_center,,,958.43,171.59
,,,,,,26,Terminal,component:12:26.2,,,,,12,t1,26.2:t1,,left,,,,,,,26.2,,False,26.2:t1,ok,1.0,matched_preferred,[],N8,,8,False,,,,,,,,,,terminal:12:26.2:t1,Terminal,,,False,N8,8,left,directional,directional_primary,"[941, 870, 965, 883]",,,,,,,,,,959,875,,,,26.2:t1,t1,"{""point_mode"": ""bbox_side_center"", ""anchor_offset_ratio"": 0.4999}",bbox_side_center,,,959.38,876.45
151,266,756,757,,,,,,,[],"[""28.1:t3""]","[""28.1:t3""]",12,,,,,,,,,,,,False,,N1,,,,,,,,,[19],,1,,,,,N1,1,net:12:N1,Net,116,,,,,,,,,,,,,,,,,,,,,19,,,,,,,,,
151,268,287,289,,,,,,,[],"[""28.1:t1""]","[""28.1:t1""]",12,,,,,,,,,,,,False,,N2,,,,,,,,,[7],,1,,,,,N2,2,net:12:N2,Net,118,,,,,,,,,,,,,,,,,,,,,7,,,,,,,,,
361,367,128,170,,,,,,,[],"[""28.1:t2""]","[""28.1:t2""]",12,,,,,,,,,,,,False,,N3,,,,,,,,,[3],,1,,,,,N3,3,net:12:N3,Net,46,,,,,,,,,,,,,,,,,,,,,3,,,,,,,,,
401,419,521,572,,,,,,,[],"[""9.1:t1""]","[""9.1:t1""]",12,,,,,,,,,,,,False,,N4,,,,,,,,,[14],,1,,,,,N4,4,net:12:N4,Net,65,,,,,,,,,,,,,,,,,,,,,14,,,,,,,,,
395,471,869,876,,,,,,,"[""anode""]","[""28.1:t4"", ""7.1:anode""]","[""28.1:t4"", ""7.1:t1""]",12,,,,,,,,,,,,False,,N5,,,,,,,,,[21],,2,,,,,N5,5,net:12:N5,Net,80,,,,,,,,,,,,,,,,,,,,,21,,,,,,,,,
401,471,165,175,,,,,,,"[""anode""]","[""7.2:anode""]","[""7.2:t1""]",12,,,,,,,,,,,,False,,N6,,,,,,,,,[5],,1,,,,,N6,6,net:12:N6,Net,74,,,,,,,,,,,,,,,,,,,,,5,,,,,,,,,
517,972,157,875,,,,,,,"[""cathode"", ""cathode""]","[""22.1:t1"", ""26.1:t1"", ""4.1:t1"", ""7.1:cathode"", ""7.2:cathode""]","[""22.1:t1"", ""26.1:t1"", ""4.1:t1"", ""7.1:t2"", ""7.2:t2""]",12,,,,,,,,,,,,False,,N7,,,,,,,,,[4],,5,,,,,N7,7,net:12:N7,Net,1803,,,,,,,,,,,,,,,,,,,,,4,,,,,,,,,
756,973,584,915,,,,,,,[],"[""22.1:t2"", ""26.2:t1"", ""4.1:t2"", ""9.2:t1""]","[""22.1:t2"", ""26.2:t1"", ""4.1:t2"", ""9.2:t1""]",12,,,,,,,,,,,,False,,N8,,,,,,,,,[17],,4,,,,,N8,8,net:12:N8,Net,790,,,,,,,,,,,,,,,,,,,,,17,,,,,,,,,
,,,,,,,,,,,,,13,,,,,1024,13.jpg,C:\Users\m.profilo\Desktop\tesi_diagrams_yolo\data\batch_v9_2_set_successivo_analog_meter_connector_transformer\13.jpg,1024,,,,,,13,,,,,,,,,,18,,35,14,,35,,,diagram:13,Diagram,,,,,,,,,,,,,,,,,,,,,06_match_terminals_to_nets,,,,,,,,,,
36.62,63.07,524.49,560.62,26,Terminal,,,,0.7674,,,,13,,,,top,,,,,,,26.1,,,26.1,,,,,,,,,,,,,,1,,,,component:13:26.1,Component,,,,,,,,,,,,,,,,,,,,,,,variable_terminal,,,,,True,True,,
36.89,63.46,627.74,667.2,26,Terminal,,,,0.7223,,,,13,,,,bottom,,,,,,,26.2,,,26.2,,,,,,,,,,,,,,1,,,,component:13:26.2,Component,,,,,,,,,,,,,,,,,,,,,,,variable_terminal,,,,,True,True,,
190.33,282.51,592.71,761.78,28,Transformer,,,,0.8985,,,,13,,,,vertical,,,,,,,28.1,,,28.1,,,,,,,,,,,,,,4,,,,component:13:28.1,Component,,,,,,,,,,,,,,,,,,,,,,,multi_terminal,,,,,True,True,,
316.77,443.05,36.85,88.1,22,Resistor,,,,0.8215,,,,13,,,,horizontal,,,,,,,22.1,,,22.1,,,,,,,,,,,,,,2,,,,component:13:22.1,Component,,,,,,,,,,,,,,,,,,,,,,,two_terminal,,,,,True,True,,
322.0,439.43,412.42,464.82,22,Resistor,,,,0.81,,,,13,,,,horizontal,,,,,,,22.2,,,22.2,,,,,,,,,,,,,,2,,,,component:13:22.2,Component,,,,,,,,,,,,,,,,,,,,,,,two_terminal,,,,,True,True,,
459.13,495.38,529.55,591.6,7,Diode,,,,0.8234,,,,13,,,,vertical,,,,,,,7.1,,,7.1,,,,,,,,,,,,,,2,,,,component:13:7.1,Component,,,,,,,,,,,,,,,,,,,,,,,two_terminal,,,,,True,True,,
457.07,508.74,230.57,300.83,7,Diode,,,,0.8439,,,,13,,,,horizontal,,,,,,,7.2,,,7.2,,,,,,,,,,,,,,2,,,,component:13:7.2,Component,,,,,,,,,,,,,,,,,,,,,,,two_terminal,,,,,True,True,,
517.83,594.22,622.49,736.34,18,NPN_Transistor,,,,0.8936,,,,13,,,,right,,,,,,,18.1,,,18.1,,,,,,,,,,,,,,3,,,,component:13:18.1,Component,,,,,,,,,,,,,,,,,,,,,,,three_terminal,,,,,True,True,,
537.2,585.24,405.54,467.4,7,Diode,,,,0.8076,,,,13,,,,horizontal,,,,,,,7.3,,,7.3,,,,,,,,,,,,,,2,,,,component:13:7.3,Component,,,,,,,,,,,,,,,,,,,,,,,two_terminal,,,,,True,True,,
558.88,612.52,33.92,87.71,7,Diode,,,,0.7703,,,,13,,,,horizontal,,,,,,,7.4,,,7.4,,,,,,,,,,,,,,2,,,,component:13:7.4,Component,,,,,,,,,,,,,,,,,,,,,,,two_terminal,,,,,True,True,,
628.0,712.0,639.0,712.0,12,LED,,,,0.7626,,,,13,,,,horizontal,,,,,,,12.1,,,12.1,,,,,,,,,,,,,,2,,,,component:13:12.1,Component,,,,,,,,,,,,,,,,,,,,,,,two_terminal,,,,,True,True,,
749.67,788.85,321.03,482.71,22,Resistor,,,,0.7743,,,,13,,,,vertical,,,,,,,22.3,,,22.3,,,,,,,,,,,,,,2,,,,component:13:22.3,Component,,,,,,,,,,,,,,,,,,,,,,,two_terminal,,,,,True,True,,
750.35,788.19,731.93,899.66,22,Resistor,,,,0.7967,,,,13,,,,vertical,,,,,,,22.4,,,22.4,,,,,,,,,,,,,,2,,,,component:13:22.4,Component,,,,,,,,,,,,,,,,,,,,,,,two_terminal,,,,,True,True,,
754.0,788.7,531.63,689.28,22,Resistor,,,,0.8041,,,,13,,,,vertical,,,,,,,22.5,,,22.5,,,,,,,,,,,,,,2,,,,component:13:22.5,Component,,,,,,,,,,,,,,,,,,,,,,,two_terminal,,,,,True,True,,
783.34,899.53,242.28,294.26,22,Resistor,,,,0.8024,,,,13,,,,horizontal,,,,,,,22.6,,,22.6,,,,,,,,,,,,,,2,,,,component:13:22.6,Component,,,,,,,,,,,,,,,,,,,,,,,two_terminal,,,,,True,True,,
908.62,974.63,242.81,290.17,8,Fuse,,,,0.4476,,,,13,,,,horizontal,,,,,,,8.1,,,8.1,,,,,,,,,,,,,,2,,,,component:13:8.1,Component,,,,,,,,,,,,,,,,,,,,,,,two_terminal,,,,,True,True,,
987.02,1013.43,318.72,354.36,26,Terminal,,,,0.7667,,,,13,,,,top,,,,,,,26.3,,,26.3,,,,,,,,,,,,,,1,,,,component:13:26.3,Component,,,,,,,,,,,,,,,,,,,,,,,variable_terminal,,,,,True,True,,
984.21,1017.96,844.91,890.62,26,Terminal,,,,0.6519,,,,13,,,,bottom,,,,,,,26.4,,,26.4,,,,,,,,,,,,,,1,,,,component:13:26.4,Component,,,,,,,,,,,,,,,,,,,,,,,variable_terminal,,,,,True,True,,
,,,,,,26,Terminal,component:13:26.1,,,,,13,t1,26.1:t1,,top,,,,,,,26.1,,False,26.1:t1,ok,1.0,matched_preferred,[],N2,,2,False,,,,,,,,,,terminal:13:26.1:t1,Terminal,,,False,N2,2,top,directional,directional_primary,"[44, 502, 57, 526]",,,,,,,,,,49,520,,,,26.1:t1,t1,"{""point_mode"": ""bbox_side_center"", ""anchor_offset_ratio"": 0.4998}",bbox_side_center,,,49.84,520.49
,,,,,,26,Terminal,component:13:26.2,,,,,13,t1,26.2:t1,,bottom,,,,,,,26.2,,False,26.2:t1,ok,1.0,matched_preferred,[],N1,,1,False,,,,,,,,,,terminal:13:26.2:t1,Terminal,,,False,N1,1,bottom,directional,directional_primary,"[44, 666, 57, 690]",,,,,,,,,,49,671,,,,26.2:t1,t1,"{""point_mode"": ""bbox_side_center"", ""anchor_offset_ratio"": 0.4998}",bbox_side_center,,,50.17,671.2
,,,,,,28,Transformer,component:13:28.1,,,,,13,t1,28.1:t1,,vertical,,,,,,,28.1,,False,28.1:t1,ok,1.0,matched_preferred,[],N2,,2,False,,,,,,,,,,terminal:13:28.1:t1,Terminal,,,False,N2,2,left,directional,directional_primary,"[150, 590, 195, 627]",,,,,,,,,,186,607,,,,28.1:t1,t1,"{""point_mode"": ""strategy_absolute_point"", ""point_source"": ""term_def.point""}",strategy_absolute_point,,,186.0,608.0
,,,,,,28,Transformer,component:13:28.1,,,,,13,t2,28.1:t2,,vertical,,,,,,,28.1,,False,28.1:t2,ok,0.0,matched_preferred,[],N3,,3,False,,,,,,,,,,terminal:13:28.1:t2,Terminal,,,False,N3,3,right,directional,directional_primary,"[279, 589, 324, 626]",,,,,,,,,,287,607,,,,28.1:t2,t2,"{""point_mode"": ""strategy_absolute_point"", ""point_source"": ""term_def.point""}",strategy_absolute_point,,,287.0,607.0
,,,,,,28,Transformer,component:13:28.1,,,,,13,t3,28.1:t3,,vertical,,,,,,,28.1,,False,28.1:t3,ok,1.0,matched_preferred,[],N1,,1,False,,,,,,,,,,terminal:13:28.1:t3,Terminal,,,False,N1,1,left,directional,directional_primary,"[150, 727, 195, 764]",,,,,,,,,,186,744,,,,28.1:t3,t3,"{""point_mode"": ""strategy_absolute_point"", ""point_source"": ""term_def.point""}",strategy_absolute_point,,,186.0,745.0
,,,,,,28,Transformer,component:13:28.1,,,,,13,t4,28.1:t4,,vertical,,,,,,,28.1,,False,28.1:t4,ok,1.0,matched_preferred,[],N9,,9,False,,,,,,,,,,terminal:13:28.1:t4,Terminal,,,False,N9,9,right,directional,directional_primary,"[279, 727, 324, 764]",,,,,,,,,,287,744,,,,28.1:t4,t4,"{""point_mode"": ""strategy_absolute_point"", ""point_source"": ""term_def.point""}",strategy_absolute_point,,,287.0,745.0
,,,,,,22,Resistor,component:13:22.1,,,,,13,t1,22.1:t1,,horizontal,,,,,,,22.1,,False,22.1:t1,ok,3.0,matched_preferred,[],N3,,3,False,,,,,,,,,,terminal:13:22.1:t1,Terminal,,,False,N3,3,left,directional,directional_primary,"[295, 56, 319, 69]",,,,,,,,,,313,59,,,,22.1:t1,t1,"{""point_mode"": ""bbox_side_center"", ""anchor_offset_ratio"": 0.4999}",bbox_side_center,,,312.77,62.47
,,,,,,22,Resistor,component:13:22.1,,,,,13,t2,22.1:t2,,horizontal,,,,,,,22.1,,False,22.1:t2,ok,3.0,matched_preferred,[],N6,,6,False,,,,,,,,,,terminal:13:22.1:t2,Terminal,,,False,N6,6,right,directional,directional_primary,"[442, 56, 466, 69]",,,,,,,,,,447,59,,,,22.1:t2,t2,"{""point_mode"": ""bbox_side_center"", ""anchor_offset_ratio"": 0.4999}",bbox_side_center,,,447.05,62.47
,,,,,,22,Resistor,component:13:22.2,,,,,13,t1,22.2:t1,,horizontal,,,,,,,22.2,,False,22.2:t1,ok,2.0,matched_preferred,[],N3,,3,False,,,,,,,,,,terminal:13:22.2:t1,Terminal,,,False,N3,3,left,directional,directional_primary,"[300, 433, 324, 446]",,,,,,,,,,318,437,,,,22.2:t1,t1,"{""point_mode"": ""bbox_side_center"", ""anchor_offset_ratio"": 0.5}",bbox_side_center,,,318.0,438.62
,,,,,,22,Resistor,component:13:22.2,,,,,13,t2,22.2:t2,,horizontal,,,,,,,22.2,,False,22.2:t2,ok,2.0,matched_preferred,[],N4,,4,False,,,,,,,,,,terminal:13:22.2:t2,Terminal,,,False,N4,4,right,directional,directional_primary,"[438, 433, 462, 446]",,,,,,,,,,443,437,,,,22.2:t2,t2,"{""point_mode"": ""bbox_side_center"", ""anchor_offset_ratio"": 0.5}",bbox_side_center,,,443.43,438.62
,,,,,,7,Diode,component:13:7.1,,,,,13,anode,7.1:anode,,vertical,,,,,,,7.1,,False,7.1:anode,ok,3.0,matched_preferred,[],N4,,4,False,,,,,,,,,,terminal:13:7.1:t1,Terminal,,,False,N4,4,top,directional,directional_primary,"[459, 508, 496, 532]",0.5429,,symbol_heuristic,anode,diode_cathode_from_bar,polarity,other_side,7.1:anode,anode,474,526,,,,7.1:t1,t1,"{""point_mode"": ""two_terminal_axis_center"", ""anchor_offset_ratio"": 0.5}",two_terminal_side_peak,,,477.25,525.55
,,,,,,7,Diode,component:13:7.1,,,,,13,cathode,7.1:cathode,,vertical,,,,,,,7.1,,False,7.1:cathode,ok,3.0,matched_preferred,[],N5,,5,False,,,,,,,,,,terminal:13:7.1:t2,Terminal,,,False,N5,5,bottom,directional,directional_primary,"[459, 591, 496, 615]",0.5429,,symbol_heuristic,cathode,diode_cathode_from_bar,polarity,marker_side,7.1:cathode,cathode,474,596,,,,7.1:t2,t2,"{""point_mode"": ""two_terminal_axis_center"", ""anchor_offset_ratio"": 0.5}",two_terminal_side_peak,,,477.25,595.6
,,,,,,7,Diode,component:13:7.2,,,,,13,anode,7.2:anode,,horizontal,,,,,,,7.2,,False,7.2:anode,ok,1.0,matched_preferred,[],N3,,3,False,,,,,,,,,,terminal:13:7.2:t1,Terminal,,,False,N3,3,left,directional,directional_primary,"[435, 248, 459, 285]",0.2534,,symbol_heuristic,anode,diode_cathode_from_bar,polarity,other_side,7.2:anode,anode,453,265,,,,7.2:t1,t1,"{""point_mode"": ""two_terminal_axis_center"", ""anchor_offset_ratio"": 0.5}",two_terminal_side_peak,,,453.07,265.7
,,,,,,7,Diode,component:13:7.2,,,,,13,cathode,7.2:cathode,,horizontal,,,,,,,7.2,,False,7.2:cathode,ok,1.0,matched_preferred,[],N8,,8,False,,,,,,,,,,terminal:13:7.2:t2,Terminal,,,False,N8,8,right,directional,directional_primary,"[508, 248, 532, 285]",0.2534,,symbol_heuristic,cathode,diode_cathode_from_bar,polarity,marker_side,7.2:cathode,cathode,513,265,,,,7.2:t2,t2,"{""point_mode"": ""two_terminal_axis_center"", ""anchor_offset_ratio"": 0.5}",two_terminal_side_peak,,,512.74,265.7
,,,,,,18,NPN_Transistor,component:13:18.1,,,,,13,B,18.1:B,,right,,,,,,,18.1,,False,18.1:B,ok,1.0,matched_preferred,[],N7,,7,False,,,,,,,,,,terminal:13:18.1:t1,Terminal,,,False,N7,7,right,directional,directional_primary,"[590, 664, 629, 689]",1.0,,,,npn_emitter_from_arrow_branch,,single_side,18.1:B,B,598,675,,,,18.1:t1,t1,"{""point_mode"": ""three_terminal_structured"", ""scan_axis"": ""y"", ""relative_position"": ""right"", ""scan_start"": 650, ""scan_end"": 708, ""scan_margin"": 9, ""probe_halfspan"": 6, ""probe_out_len"": 12, ""probe_inset"": 1, ""peak_coord"": 676, ""anchor_offset_ratio"": 0.4737, ""max_score"": 74, ""keep_threshold"": 63, ""selected_run_start"": 22, ""selected_run_end"": 30, ""selected_run_length"": 9, ""selected_run_score"": 74, ""three_terminal_role"": ""single_side_terminal"", ""three_terminal_orientation"": ""right""}",three_terminal_structured,,,598.0,676.0
,,,,,,18,NPN_Transistor,component:13:18.1,,,,,13,C,18.1:C,,right,,,,,,,18.1,,False,18.1:C,ok,33.242,matched_single,"[""no_preferred_net_from_05"", ""matched_without_preferred_label"", ""used_fallback_search""]",N5,,5,False,,,,,,,,,,terminal:13:18.1:t2,Terminal,,,False,,,top,circle,circle_fallback,"[502, 582, 575, 655]",0.3388,,,,npn_emitter_from_arrow_branch,,other_branch,18.1:C,C,515,642,,,,18.1:t2,t2,"{""point_mode"": ""three_terminal_structured"", ""scan_axis"": ""x"", ""relative_position"": ""top"", ""scan_start"": 521, ""scan_end"": 554, ""scan_margin"": 6, ""probe_halfspan"": 6, ""probe_out_len"": 12, ""probe_inset"": 1, ""peak_coord"": 538, ""anchor_offset_ratio"": 0.2632, ""max_score"": 0, ""keep_threshold"": 2, ""selected_run_start"": 17, ""selected_run_end"": 17, ""selected_run_length"": 1, ""selected_run_score"": 0, ""three_terminal_role"": ""orthogonal_pair_terminal"", ""three_terminal_orientation"": ""right"", ""three_terminal_pair_bias"": ""opposite_side"", ""three_terminal_pair_bias_debug"": {""top"": {""local_score"": 0.0, ""point_mode"": ""side_peak_outside"", ""scan_axis"": ""x"", ""relative_position"": ""top"", ""scan_start"": 521, ""scan_end"": 554, ""scan_margin"": 6, ""probe_halfspan"": 6, ""probe_out_len"": 12, ""probe_inset"": 1, ""peak_coord"": 538, ""anchor_offset_ratio"": 0.2632, ""max_score"": 0, ""keep_threshold"": 2, ""selected_run_start"": 17, ""selected_run_end"": 17, ""selected_run_length"": 1, ""selected_run_score"": 0}, ""bottom"": {""local_score"": 0.0, ""point_mode"": ""side_peak_outside"", ""scan_axis"": ""x"", ""relative_position"": ""bottom"", ""scan_start"": 521, ""scan_end"": 554, ""scan_margin"": 6, ""probe_halfspan"": 6, ""probe_out_len"": 12, ""probe_inset"": 1, ""peak_coord"": 538, ""anchor_offset_ratio"": 0.2632, ""max_score"": 0, ""keep_threshold"": 2, ""selected_run_start"": 17, ""selected_run_end"": 17, ""selected_run_length"": 1, ""selected_run_score"": 0}}}",three_terminal_structured,,,538.0,618.0
,,,,,,18,NPN_Transistor,component:13:18.1,,,,,13,E,18.1:E,,right,,,,,,,18.1,,False,18.1:E,ok,26.401,matched_single,"[""no_preferred_net_from_05"", ""matched_without_preferred_label""]",N9,,9,False,,,,,,,,,,terminal:13:18.1:t3,Terminal,,,False,,,bottom,directional,directional_primary,"[526, 732, 551, 771]",0.3388,,,,npn_emitter_from_arrow_branch,,arrow_branch,18.1:E,E,549,764,,,,18.1:t3,t3,"{""point_mode"": ""three_terminal_structured"", ""scan_axis"": ""x"", ""relative_position"": ""bottom"", ""scan_start"": 521, ""scan_end"": 554, ""scan_margin"": 6, ""probe_halfspan"": 6, ""probe_out_len"": 12, ""probe_inset"": 1, ""peak_coord"": 538, ""anchor_offset_ratio"": 0.2632, ""max_score"": 0, ""keep_threshold"": 2, ""selected_run_start"": 17, ""selected_run_end"": 17, ""selected_run_length"": 1, ""selected_run_score"": 0, ""three_terminal_role"": ""orthogonal_pair_terminal"", ""three_terminal_orientation"": ""right"", ""three_terminal_pair_bias"": ""opposite_side"", ""three_terminal_pair_bias_debug"": {""top"": {""local_score"": 0.0, ""point_mode"": ""side_peak_outside"", ""scan_axis"": ""x"", ""relative_position"": ""top"", ""scan_start"": 521, ""scan_end"": 554, ""scan_margin"": 6, ""probe_halfspan"": 6, ""probe_out_len"": 12, ""probe_inset"": 1, ""peak_coord"": 538, ""anchor_offset_ratio"": 0.2632, ""max_score"": 0, ""keep_threshold"": 2, ""selected_run_start"": 17, ""selected_run_end"": 17, ""selected_run_length"": 1, ""selected_run_score"": 0}, ""bottom"": {""local_score"": 0.0, ""point_mode"": ""side_peak_outside"", ""scan_axis"": ""x"", ""relative_position"": ""bottom"", ""scan_start"": 521, ""scan_end"": 554, ""scan_margin"": 6, ""probe_halfspan"": 6, ""probe_out_len"": 12, ""probe_inset"": 1, ""peak_coord"": 538, ""anchor_offset_ratio"": 0.2632, ""max_score"": 0, ""keep_threshold"": 2, ""selected_run_start"": 17, ""selected_run_end"": 17, ""selected_run_length"": 1, ""selected_run_score"": 0}}}",three_terminal_structured,,,538.0,740.0
,,,,,,7,Diode,component:13:7.3,,,,,13,anode,7.3:anode,,horizontal,,,,,,,7.3,,False,7.3:anode,ok,1.0,matched_preferred,[],N4,,4,False,,,,,,,,,,terminal:13:7.3:t1,Terminal,,,False,N4,4,left,directional,directional_primary,"[515, 418, 539, 455]",0.2927,,symbol_heuristic,anode,diode_cathode_from_bar,polarity,other_side,7.3:anode,anode,533,437,,,,7.3:t1,t1,"{""point_mode"": ""two_terminal_axis_center"", ""anchor_offset_ratio"": 0.5}",two_terminal_side_peak,,,533.2,436.47
,,,,,,7,Diode,component:13:7.3,,,,,13,cathode,7.3:cathode,,horizontal,,,,,,,7.3,,False,7.3:cathode,ok,1.0,matched_preferred,[],N8,,8,False,,,,,,,,,,terminal:13:7.3:t2,Terminal,,,False,N8,8,right,directional,directional_primary,"[584, 418, 608, 455]",0.2927,,symbol_heuristic,cathode,diode_cathode_from_bar,polarity,marker_side,7.3:cathode,cathode,589,437,,,,7.3:t2,t2,"{""point_mode"": ""two_terminal_axis_center"", ""anchor_offset_ratio"": 0.5}",two_terminal_side_peak,,,589.24,436.47
,,,,,,7,Diode,component:13:7.4,,,,,13,anode,7.4:anode,,horizontal,,,,,,,7.4,,False,7.4:anode,ok,2.0,matched_preferred,[],N6,,6,False,,,,,,,,,,terminal:13:7.4:t1,Terminal,,,False,N6,6,left,directional,directional_primary,"[537, 43, 561, 80]",0.3174,,symbol_heuristic,anode,diode_cathode_from_bar,polarity,other_side,7.4:anode,anode,555,59,,,,7.4:t1,t1,"{""point_mode"": ""two_terminal_axis_center"", ""anchor_offset_ratio"": 0.5}",two_terminal_side_peak,,,554.88,60.81
,,,,,,7,Diode,component:13:7.4,,,,,13,cathode,7.4:cathode,,horizontal,,,,,,,7.4,,False,7.4:cathode,ok,2.0,matched_preferred,[],N8,,8,False,,,,,,,,,,terminal:13:7.4:t2,Terminal,,,False,N8,8,right,directional,directional_primary,"[612, 43, 636, 80]",0.3174,,symbol_heuristic,cathode,diode_cathode_from_bar,polarity,marker_side,7.4:cathode,cathode,617,59,,,,7.4:t2,t2,"{""point_mode"": ""two_terminal_axis_center"", ""anchor_offset_ratio"": 0.5}",two_terminal_side_peak,,,616.52,60.81
,,,,,,12,LED,component:13:12.1,,,,,13,cathode,12.1:cathode,,horizontal,,,,,,,12.1,,False,12.1:cathode,ok,1.0,matched_preferred,[],N7,,7,False,,,,,,,,,,terminal:13:12.1:t1,Terminal,,,False,N7,7,left,directional,directional_primary,"[606, 670, 630, 683]",0.2418,,symbol_heuristic,cathode,diode_cathode_from_bar,polarity,marker_side,12.1:cathode,cathode,624,675,,,,12.1:t1,t1,"{""point_mode"": ""side_peak_outside"", ""scan_axis"": ""y"", ""relative_position"": ""left"", ""scan_start"": 645, ""scan_end"": 706, ""scan_margin"": 6, ""probe_halfspan"": 6, ""probe_out_len"": 12, ""probe_inset"": 1, ""peak_coord"": 676, ""anchor_offset_ratio"": 0.5068, ""max_score"": 79, ""keep_threshold"": 67, ""selected_run_start"": 27, ""selected_run_end"": 35, ""selected_run_length"": 9, ""selected_run_score"": 79}",two_terminal_side_peak,,,624.0,676.0
,,,,,,12,LED,component:13:12.1,,,,,13,anode,12.1:anode,,horizontal,,,,,,,12.1,,False,12.1:anode,ok,1.0,matched_preferred,[],N10,,10,False,,,,,,,,,,terminal:13:12.1:t2,Terminal,,,False,N10,10,right,directional,directional_primary,"[711, 665, 735, 678]",0.2418,,symbol_heuristic,anode,diode_cathode_from_bar,polarity,other_side,12.1:anode,anode,715,671,,,,12.1:t2,t2,"{""point_mode"": ""side_peak_outside"", ""scan_axis"": ""y"", ""relative_position"": ""right"", ""scan_start"": 645, ""scan_end"": 706, ""scan_margin"": 6, ""probe_halfspan"": 6, ""probe_out_len"": 12, ""probe_inset"": 1, ""peak_coord"": 671, ""anchor_offset_ratio"": 0.4384, ""max_score"": 69, ""keep_threshold"": 59, ""selected_run_start"": 24, ""selected_run_end"": 29, ""selected_run_length"": 6, ""selected_run_score"": 66}",two_terminal_side_peak,,,716.0,671.0
,,,,,,22,Resistor,component:13:22.3,,,,,13,t1,22.3:t1,,vertical,,,,,,,22.3,,False,22.3:t1,ok,0.0,matched_preferred,[],N8,,8,False,,,,,,,,,,terminal:13:22.3:t1,Terminal,,,False,N8,8,top,directional,directional_primary,"[763, 299, 776, 323]",,,,,,,,,,769,317,,,,22.3:t1,t1,"{""point_mode"": ""bbox_side_center"", ""anchor_offset_ratio"": 0.5}",bbox_side_center,,,769.26,317.03
,,,,,,22,Resistor,component:13:22.3,,,,,13,t2,22.3:t2,,vertical,,,,,,,22.3,,False,22.3:t2,ok,0.0,matched_preferred,[],N11,,11,False,,,,,,,,,,terminal:13:22.3:t2,Terminal,,,False,N11,11,bottom,directional,directional_primary,"[763, 482, 776, 506]",,,,,,,,,,769,487,,,,22.3:t2,t2,"{""point_mode"": ""bbox_side_center"", ""anchor_offset_ratio"": 0.5}",bbox_side_center,,,769.26,486.71
,,,,,,22,Resistor,component:13:22.4,,,,,13,t1,22.4:t1,,vertical,,,,,,,22.4,,False,22.4:t1,ok,0.0,matched_preferred,[],N12,,12,False,,,,,,,,,,terminal:13:22.4:t1,Terminal,,,False,N12,12,top,directional,directional_primary,"[763, 710, 776, 734]",,,,,,,,,,769,728,,,,22.4:t1,t1,"{""point_mode"": ""bbox_side_center"", ""anchor_offset_ratio"": 0.5}",bbox_side_center,,,769.27,727.93
,,,,,,22,Resistor,component:13:22.4,,,,,13,t2,22.4:t2,,vertical,,,,,,,22.4,,False,22.4:t2,ok,0.0,matched_preferred,[],N9,,9,False,,,,,,,,,,terminal:13:22.4:t2,Terminal,,,False,N9,9,bottom,directional,directional_primary,"[763, 899, 776, 923]",,,,,,,,,,769,904,,,,22.4:t2,t2,"{""point_mode"": ""bbox_side_center"", ""anchor_offset_ratio"": 0.5}",bbox_side_center,,,769.27,903.66
,,,,,,22,Resistor,component:13:22.5,,,,,13,t1,22.5:t1,,vertical,,,,,,,22.5,,False,22.5:t1,ok,2.0,matched_preferred,[],N11,,11,False,,,,,,,,,,terminal:13:22.5:t1,Terminal,,,False,N11,11,top,directional,directional_primary,"[765, 510, 778, 534]",,,,,,,,,,769,528,,,,22.5:t1,t1,"{""point_mode"": ""bbox_side_center"", ""anchor_offset_ratio"": 0.5}",bbox_side_center,,,771.35,527.63
,,,,,,22,Resistor,component:13:22.5,,,,,13,t2,22.5:t2,,vertical,,,,,,,22.5,,False,22.5:t2,ok,2.0,matched_preferred,[],N12,,12,False,,,,,,,,,,terminal:13:22.5:t2,Terminal,,,False,N12,12,bottom,directional,directional_primary,"[765, 688, 778, 712]",,,,,,,,,,769,693,,,,22.5:t2,t2,"{""point_mode"": ""bbox_side_center"", ""anchor_offset_ratio"": 0.5}",bbox_side_center,,,771.35,693.28
,,,,,,22,Resistor,component:13:22.6,,,,,13,t1,22.6:t1,,horizontal,,,,,,,22.6,,False,22.6:t1,ok,3.0,matched_preferred,[],N8,,8,False,,,,,,,,,,terminal:13:22.6:t1,Terminal,,,False,N8,8,left,directional,directional_primary,"[761, 262, 785, 275]",,,,,,,,,,779,265,,,,22.6:t1,t1,"{""point_mode"": ""bbox_side_center"", ""anchor_offset_ratio"": 0.5}",bbox_side_center,,,779.34,268.27
,,,,,,22,Resistor,component:13:22.6,,,,,13,t2,22.6:t2,,horizontal,,,,,,,22.6,,False,22.6:t2,ok,3.0,matched_preferred,[],N13,,13,False,,,,,,,,,,terminal:13:22.6:t2,Terminal,,,False,N13,13,right,directional,directional_primary,"[899, 262, 923, 275]",,,,,,,,,,904,265,,,,22.6:t2,t2,"{""point_mode"": ""bbox_side_center"", ""anchor_offset_ratio"": 0.5}",bbox_side_center,,,903.53,268.27
,,,,,,8,Fuse,component:13:8.1,,,,,13,t1,8.1:t1,,horizontal,,,,,,,8.1,,False,8.1:t1,ok,1.0,matched_preferred,[],N13,,13,False,,,,,,,,,,terminal:13:8.1:t1,Terminal,,,False,N13,13,left,directional,directional_primary,"[887, 260, 911, 273]",,,,,,,,,,905,265,,,,8.1:t1,t1,"{""point_mode"": ""bbox_side_center"", ""anchor_offset_ratio"": 0.5}",bbox_side_center,,,904.62,266.49
,,,,,,8,Fuse,component:13:8.1,,,,,13,t2,8.1:t2,,horizontal,,,,,,,8.1,,False,8.1:t2,ok,1.0,matched_preferred,[],N14,,14,False,,,,,,,,,,terminal:13:8.1:t2,Terminal,,,False,N14,14,right,directional,directional_primary,"[974, 260, 998, 273]",,,,,,,,,,979,265,,,,8.1:t2,t2,"{""point_mode"": ""bbox_side_center"", ""anchor_offset_ratio"": 0.5}",bbox_side_center,,,978.63,266.49
,,,,,,26,Terminal,component:13:26.3,,,,,13,t1,26.3:t1,,top,,,,,,,26.3,,False,26.3:t1,ok,0.0,matched_preferred,[],N14,,14,False,,,,,,,,,,terminal:13:26.3:t1,Terminal,,,False,N14,14,top,directional,directional_primary,"[994, 297, 1007, 321]",,,,,,,,,,1000,315,,,,26.3:t1,t1,"{""point_mode"": ""bbox_side_center"", ""anchor_offset_ratio"": 0.4998}",bbox_side_center,,,1000.22,314.72
,,,,,,26,Terminal,component:13:26.4,,,,,13,t1,26.4:t1,,bottom,,,,,,,26.4,,False,26.4:t1,ok,1.0,matched_preferred,[],N9,,9,False,,,,,,,,,,terminal:13:26.4:t1,Terminal,,,False,N9,9,bottom,directional,directional_primary,"[995, 890, 1008, 914]",,,,,,,,,,1000,895,,,,26.4:t1,t1,"{""point_mode"": ""bbox_side_center"", ""anchor_offset_ratio"": 0.5001}",bbox_side_center,,,1001.09,894.62
46,191,657,949,,,,,,,[],"[""26.2:t1"", ""28.1:t3""]","[""26.2:t1"", ""28.1:t3""]",13,,,,,,,,,,,,False,,N1,,,,,,,,,[27],,2,,,,,N1,1,net:13:N1,Net,641,,,,,,,,,,,,,,,,,,,,,27,,,,,,,,,
47,191,265,607,,,,,,,[],"[""26.1:t1"", ""28.1:t1""]","[""26.1:t1"", ""28.1:t1""]",13,,,,,,,,,,,,False,,N2,,,,,,,,,[9],,2,,,,,N2,2,net:13:N2,Net,756,,,,,,,,,,,,,,,,,,,,,9,,,,,,,,,
255,467,59,608,,,,,,,"[""anode""]","[""22.1:t1"", ""22.2:t1"", ""28.1:t2"", ""7.2:anode""]","[""22.1:t1"", ""22.2:t1"", ""28.1:t2"", ""7.2:t1""]",13,,,,,,,,,,,,False,,N3,,,,,,,,,[2],,4,,,,,N3,3,net:13:N3,Net,1213,,,,,,,,,,,,,,,,,,,,,2,,,,,,,,,
426,548,428,541,,,,,,,"[""anode"", ""anode""]","[""22.2:t2"", ""7.1:anode"", ""7.3:anode""]","[""22.2:t2"", ""7.1:t1"", ""7.3:t1""]",13,,,,,,,,,,,,False,,N4,,,,,,,,,[17],,3,,,,,N4,4,net:13:N4,Net,245,,,,,,,,,,,,,,,,,,,,,17,,,,,,,,,
474,515,579,643,,,,,,,"[""cathode""]","[""7.1:cathode""]","[""7.1:t2""]",13,,,,,,,,,,,,False,,N5,,,,,,,,,[22],,1,,,,,N5,5,net:13:N5,Net,104,,,,,,,,,,,,,,,,,,,,,22,,,,,,,,,
431,571,59,61,,,,,,,"[""anode""]","[""22.1:t2"", ""7.4:anode""]","[""22.1:t2"", ""7.4:t1""]",13,,,,,,,,,,,,False,,N6,,,,,,,,,[3],,2,,,,,N6,6,net:13:N6,Net,141,,,,,,,,,,,,,,,,,,,,,3,,,,,,,,,
583,640,670,682,,,,,,,"[""cathode"", ""B""]","[""12.1:cathode"", ""18.1:B""]","[""12.1:t1"", ""18.1:t1""]",13,,,,,,,,,,,,False,,N7,,,,,,,,,[29],,2,,,,,N7,7,net:13:N7,Net,70,,,,,,,,,,,,,,,,,,,,,29,,,,,,,,,
463,795,59,437,,,,,,,"[""cathode"", ""cathode"", ""cathode""]","[""22.3:t1"", ""22.6:t1"", ""7.2:cathode"", ""7.3:cathode"", ""7.4:cathode""]","[""22.3:t1"", ""22.6:t1"", ""7.2:t2"", ""7.3:t2"", ""7.4:t2""]",13,,,,,,,,,,,,False,,N8,,,,,,,,,[4],,5,,,,,N8,8,net:13:N8,Net,1235,,,,,,,,,,,,,,,,,,,,,4,,,,,,,,,
274,1005,711,959,,,,,,,[],"[""22.4:t2"", ""26.4:t1"", ""28.1:t4""]","[""22.4:t2"", ""26.4:t1"", ""28.1:t4""]",13,,,,,,,,,,,,False,,N9,,,,,,,,,[31],,3,,,,,N9,9,net:13:N9,Net,1512,,,,,,,,,,,,,,,,,,,,,31,,,,,,,,,
699,746,589,675,,,,,,,"[""anode""]","[""12.1:anode""]","[""12.1:t2""]",13,,,,,,,,,,,,False,,N10,,,,,,,,,[25],,1,,,,,N10,10,net:13:N10,Net,165,,,,,,,,,,,,,,,,,,,,,25,,,,,,,,,
766,774,471,543,,,,,,,[],"[""22.3:t2"", ""22.5:t1""]","[""22.3:t2"", ""22.5:t1""]",13,,,,,,,,,,,,False,,N11,,,,,,,,,[18],,2,,,,,N11,11,net:13:N11,Net,79,,,,,,,,,,,,,,,,,,,,,18,,,,,,,,,
769,771,676,743,,,,,,,[],"[""22.4:t1"", ""22.5:t2""]","[""22.4:t1"", ""22.5:t2""]",13,,,,,,,,,,,,False,,N12,,,,,,,,,[30],,2,,,,,N12,12,net:13:N12,Net,68,,,,,,,,,,,,,,,,,,,,,30,,,,,,,,,
890,918,262,270,,,,,,,[],"[""22.6:t2"", ""8.1:t1""]","[""22.6:t2"", ""8.1:t1""]",13,,,,,,,,,,,,False,,N13,,,,,,,,,[8],,2,,,,,N13,13,net:13:N13,Net,38,,,,,,,,,,,,,,,,,,,,,8,,,,,,,,,
965,1003,265,328,,,,,,,[],"[""26.3:t1"", ""8.1:t2""]","[""26.3:t1"", ""8.1:t2""]",13,,,,,,,,,,,,False,,N14,,,,,,,,,[10],,2,,,,,N14,14,net:13:N14,Net,105,,,,,,,,,,,,,,,,,,,,,10,,,,,,,,,
,,,,,,,,,,,,,14,,,,,1024,14.jpg,C:\Users\m.profilo\Desktop\tesi_diagrams_yolo\data\batch_v9_2_set_successivo_analog_meter_connector_transformer\14.jpg,1024,,,,,,14,,,,,,,,,,16,,32,9,,32,,,diagram:14,Diagram,,,,,,,,,,,,,,,,,,,,,06_match_terminals_to_nets,,,,,,,,,,
44.98,111.43,528.11,744.06,10,Inductor,,,,0.361,,,,14,,,,vertical,,,,,,,10.1,,,10.1,,,,,,,,,,,,,,2,,,,component:14:10.1,Component,,,,,,,,,,,,,,,,,,,,,,,two_terminal,,,,,True,True,,
69.02,116.6,910.8,957.41,9,GND,,,,0.7708,,,,14,,,top,up,,,,,,,9.1,,,9.1,,,,,,,,,,,,,,1,,,,component:14:9.1,Component,,,,,,,,,,,,,,,,,,,,,,,one_terminal,,,,,True,True,,
59.19,133.97,4.41,211.03,1,Antenna,,,,0.8583,,,,14,,,,up,,,,,,,1.1,,,1.1,,,,,,,,,,,,,,1,,,,component:14:1.1,Component,,,,,,,,,,,,,,,,,,,,,,,one_terminal,,,,,True,True,,
146.58,185.08,589.46,677.16,20,Polarized_Capacitor,,,,0.6326,,,,14,,,,vertical,,,,,,,20.1,,,20.1,,,,,,,,,,,,,,2,,,,component:14:20.1,Component,,,,,,,,,,,,,,,,,,,,,,,two_terminal,,,,,True,True,,
199.13,234.67,374.26,423.87,7,Diode,,,,0.8317,,,,14,,,,horizontal,,,,,,,7.1,,,7.1,,,,,,,,,,,,,,2,,,,component:14:7.1,Component,,,,,,,,,,,,,,,,,,,,,,,two_terminal,,,,,True,True,,
247.51,275.07,373.77,421.73,20,Polarized_Capacitor,,,,0.7546,,,,14,,,,horizontal,,,,,,,20.2,,,20.2,,,,,,,,,,,,,,2,,,,component:14:20.2,Component,,,,,,,,,,,,,,,,,,,,,,,two_terminal,,,,,True,True,,
278.14,313.01,540.65,661.39,22,Resistor,,,,0.8041,,,,14,,,,vertical,,,,,,,22.1,,,22.1,,,,,,,,,,,,,,2,,,,component:14:22.1,Component,,,,,,,,,,,,,,,,,,,,,,,two_terminal,,,,,True,True,,
333.85,419.89,334.47,461.13,18,NPN_Transistor,,,,0.9171,,,,14,,,,left,,,,,,,18.1,,,18.1,,,,,,,,,,,,,,3,,,,component:14:18.1,Component,,,,,,,,,,,,,,,,,,,,,,,three_terminal,,,,,True,True,,
475.3,511.0,525.82,651.09,22,Resistor,,,,0.8305,,,,14,,,,vertical,,,,,,,22.2,,,22.2,,,,,,,,,,,,,,2,,,,component:14:22.2,Component,,,,,,,,,,,,,,,,,,,,,,,two_terminal,,,,,True,True,,
530.13,559.54,325.32,374.13,20,Polarized_Capacitor,,,,0.8489,,,,14,,,,horizontal,,,,,,,20.3,,,20.3,,,,,,,,,,,,,,2,,,,component:14:20.3,Component,,,,,,,,,,,,,,,,,,,,,,,two_terminal,,,,,True,True,,
573.76,609.31,525.73,650.97,22,Resistor,,,,0.8074,,,,14,,,,vertical,,,,,,,22.3,,,22.3,,,,,,,,,,,,,,2,,,,component:14:22.3,Component,,,,,,,,,,,,,,,,,,,,,,,two_terminal,,,,,True,True,,
629.93,715.44,286.22,410.24,18,NPN_Transistor,,,,0.9073,,,,14,,,,left,,,,,,,18.2,,,18.2,,,,,,,,,,,,,,3,,,,component:14:18.2,Component,,,,,,,,,,,,,,,,,,,,,,,three_terminal,,,,,True,True,,
680.43,718.59,901.2,952.59,2,Battery,,,,0.8618,,,,14,,,,horizontal,,,,,,,2.1,,,2.1,,,,,,,,,,,,,,2,,,,component:14:2.1,Component,,,,,,,,,,,,,,,,,,,,,,,two_terminal,,,,,True,True,,
770.56,808.71,539.99,582.05,20,Polarized_Capacitor,,,,0.7862,,,,14,,,,vertical,,,,,,,20.4,,,20.4,,,,,,,,,,,,,,2,,,,component:14:20.4,Component,,,,,,,,,,,,,,,,,,,,,,,two_terminal,,,,,True,True,,
773.72,872.76,858.36,956.98,25,Switch,,,,0.7856,,,,14,,,,horizontal,,,,,,,25.1,,,25.1,,,,,,,,,,,,,,2,,,,component:14:25.1,Component,,,,,,,,,,,,,,,,,,,,,,,two_terminal,,,,,True,True,,
949.54,997.12,422.23,594.51,3,Breaker,,,,0.9286,,,,14,,,,vertical,,,,,,,3.1,,,3.1,,,,,,,,,,,,,,2,,,,component:14:3.1,Component,,,,,,,,,,,,,,,,,,,,,,,two_terminal,,,,,True,True,,
,,,,,,10,Inductor,component:14:10.1,,,,,14,t1,10.1:t1,,vertical,,,,,,,10.1,,False,10.1:t1,ok,0.0,matched_preferred,[],N1,,1,False,,,,,,,,,,terminal:14:10.1:t1,Terminal,,,False,N1,1,top,directional,directional_primary,"[80, 482, 105, 535]",,,,,,,,,,92,524,,,,10.1:t1,t1,"{""point_mode"": ""side_peak_outside"", ""scan_axis"": ""x"", ""relative_position"": ""top"", ""scan_start"": 50, ""scan_end"": 106, ""scan_margin"": 5, ""probe_halfspan"": 6, ""probe_out_len"": 12, ""probe_inset"": 1, ""peak_coord"": 92, ""anchor_offset_ratio"": 0.7121, ""max_score"": 28, ""keep_threshold"": 24, ""selected_run_start"": 37, ""selected_run_end"": 48, ""selected_run_length"": 12, ""selected_run_score"": 28}",two_terminal_side_peak,,,92.0,524.0
,,,,,,10,Inductor,component:14:10.1,,,,,14,t2,10.1:t2,,vertical,,,,,,,10.1,,False,10.1:t2,ok,0.0,matched_preferred,[],N2,,2,False,,,,,,,,,,terminal:14:10.1:t2,Terminal,,,False,N2,2,bottom,directional,directional_primary,"[80, 738, 105, 791]",,,,,,,,,,92,748,,,,10.1:t2,t2,"{""point_mode"": ""side_peak_outside"", ""scan_axis"": ""x"", ""relative_position"": ""bottom"", ""scan_start"": 50, ""scan_end"": 106, ""scan_margin"": 5, ""probe_halfspan"": 6, ""probe_out_len"": 12, ""probe_inset"": 1, ""peak_coord"": 92, ""anchor_offset_ratio"": 0.7121, ""max_score"": 28, ""keep_threshold"": 24, ""selected_run_start"": 37, ""selected_run_end"": 48, ""selected_run_length"": 12, ""selected_run_score"": 28}",two_terminal_side_peak,,,92.0,748.0
,,,,,,9,GND,component:14:9.1,,,,,14,t1,9.1:t1,top,up,,,,,,,9.1,,False,9.1:t1,ok,1.0,matched_preferred,[],N2,,2,False,,,,,,,,,,terminal:14:9.1:t1,Terminal,,,False,N2,2,top,directional,directional_primary,"[87, 889, 100, 913]",,,,,,,,,,92,907,,,,9.1:t1,t1,"{""point_mode"": ""one_terminal_axis_center"", ""anchor_offset_ratio"": 0.5}",two_terminal_side_peak,,,92.81,906.8
,,,,,,1,Antenna,component:14:1.1,,,,,14,t1,1.1:t1,,up,,,,,,,1.1,,False,1.1:t1,ok,13.601,matched_preferred,"[""used_fallback_search""]",N3,,3,False,,,,,,,,,,terminal:14:1.1:t1,Terminal,,,False,N3,3,bottom,directional,directional_fallback,"[87, 208, 106, 242]",,,,,,,,,,104,226,,,,1.1:t1,t1,"{""point_mode"": ""side_peak_outside"", ""scan_axis"": ""x"", ""relative_position"": ""bottom"", ""scan_start"": 65, ""scan_end"": 128, ""scan_margin"": 6, ""probe_halfspan"": 6, ""probe_out_len"": 12, ""probe_inset"": 1, ""peak_coord"": 96, ""anchor_offset_ratio"": 0.4933, ""max_score"": 0, ""keep_threshold"": 2, ""selected_run_start"": 31, ""selected_run_end"": 31, ""selected_run_length"": 1, ""selected_run_score"": 0}",two_terminal_side_peak,,,96.0,215.0
,,,,,,20,Polarized_Capacitor,component:14:20.1,,,,,14,positive,20.1:positive,,vertical,,,,,,,20.1,,False,20.1:positive,ok,2.0,matched_preferred,[],N4,,4,False,,,,,,,,,,terminal:14:20.1:t1,Terminal,,,False,N4,4,top,directional,directional_primary,"[160, 567, 173, 591]",0.0541,,symbol_heuristic,positive,polarized_capacitor_positive_from_marker,polarity,marker_side,20.1:positive,positive,164,585,,,,20.1:t1,t1,"{""point_mode"": ""bbox_side_center"", ""anchor_offset_ratio"": 0.5}",bbox_side_center,,,165.83,585.46
,,,,,,20,Polarized_Capacitor,component:14:20.1,,,,,14,negative,20.1:negative,,vertical,,,,,,,20.1,,False,20.1:negative,ok,2.0,matched_preferred,[],N5,,5,False,,,,,,,,,,terminal:14:20.1:t2,Terminal,,,False,N5,5,bottom,directional,directional_primary,"[160, 676, 173, 700]",0.0541,,symbol_heuristic,negative,polarized_capacitor_positive_from_marker,polarity,other_side,20.1:negative,negative,164,681,,,,20.1:t2,t2,"{""point_mode"": ""bbox_side_center"", ""anchor_offset_ratio"": 0.5}",bbox_side_center,,,165.83,681.16
,,,,,,7,Diode,component:14:7.1,,,,,14,anode,7.1:anode,,horizontal,,,,,,,7.1,,False,7.1:anode,ok,4.0,matched_preferred,[],N4,,4,False,,,,,,,,,,terminal:14:7.1:t1,Terminal,,,False,N4,4,left,directional,directional_primary,"[177, 381, 201, 418]",0.3281,,symbol_heuristic,anode,diode_cathode_from_bar,polarity,other_side,7.1:anode,anode,195,395,,,,7.1:t1,t1,"{""point_mode"": ""two_terminal_axis_center"", ""anchor_offset_ratio"": 0.5}",two_terminal_side_peak,,,195.13,399.06
,,,,,,7,Diode,component:14:7.1,,,,,14,cathode,7.1:cathode,,horizontal,,,,,,,7.1,,False,7.1:cathode,ok,4.0,matched_preferred,[],N4,,4,False,,,,,,,,,,terminal:14:7.1:t2,Terminal,,,False,N4,4,right,directional,directional_primary,"[234, 381, 258, 418]",0.3281,,symbol_heuristic,cathode,diode_cathode_from_bar,polarity,marker_side,7.1:cathode,cathode,239,395,,,,7.1:t2,t2,"{""point_mode"": ""two_terminal_axis_center"", ""anchor_offset_ratio"": 0.5}",two_terminal_side_peak,,,238.67,399.06
,,,,,,20,Polarized_Capacitor,component:14:20.2,,,,,14,positive,20.2:positive,,horizontal,,,,,,,20.2,,False,20.2:positive,ok,3.0,matched_preferred,[],N4,,4,False,,,,,,,,,,terminal:14:20.2:t1,Terminal,,,False,N4,4,left,directional,directional_primary,"[226, 392, 250, 405]",0.0353,,symbol_heuristic,positive,polarized_capacitor_positive_from_marker,polarity,marker_side,20.2:positive,positive,244,395,,,,20.2:t1,t1,"{""point_mode"": ""bbox_side_center"", ""anchor_offset_ratio"": 0.5}",bbox_side_center,,,243.51,397.75
,,,,,,20,Polarized_Capacitor,component:14:20.2,,,,,14,negative,20.2:negative,,horizontal,,,,,,,20.2,,False,20.2:negative,ok,3.0,matched_preferred,[],N4,,4,False,,,,,,,,,,terminal:14:20.2:t2,Terminal,,,False,N4,4,right,directional,directional_primary,"[274, 392, 298, 405]",0.0353,,symbol_heuristic,negative,polarized_capacitor_positive_from_marker,polarity,other_side,20.2:negative,negative,279,395,,,,20.2:t2,t2,"{""point_mode"": ""bbox_side_center"", ""anchor_offset_ratio"": 0.5}",bbox_side_center,,,279.07,397.75
,,,,,,22,Resistor,component:14:22.1,,,,,14,t1,22.1:t1,,vertical,,,,,,,22.1,,False,22.1:t1,ok,1.0,matched_preferred,[],N4,,4,False,,,,,,,,,,terminal:14:22.1:t1,Terminal,,,False,N4,4,top,directional,directional_primary,"[290, 519, 303, 543]",,,,,,,,,,295,537,,,,22.1:t1,t1,"{""point_mode"": ""bbox_side_center"", ""anchor_offset_ratio"": 0.4999}",bbox_side_center,,,295.57,536.65
,,,,,,22,Resistor,component:14:22.1,,,,,14,t2,22.1:t2,,vertical,,,,,,,22.1,,False,22.1:t2,ok,1.414,matched_preferred,[],N5,,5,False,,,,,,,,,,terminal:14:22.1:t2,Terminal,,,False,N5,5,bottom,directional,directional_primary,"[290, 660, 303, 684]",,,,,,,,,,297,664,,,,22.1:t2,t2,"{""point_mode"": ""bbox_side_center"", ""anchor_offset_ratio"": 0.4999}",bbox_side_center,,,295.57,665.39
,,,,,,18,NPN_Transistor,component:14:18.1,,,,,14,B,18.1:B,,left,,,,,,,18.1,,False,18.1:B,ok,1.0,matched_preferred,[],N4,,4,False,,,,,,,,,,terminal:14:18.1:t1,Terminal,,,False,N4,4,left,directional,directional_primary,"[300, 384, 339, 409]",1.0,,,,npn_emitter_from_arrow_branch,,single_side,18.1:B,B,330,395,,,,18.1:t1,t1,"{""point_mode"": ""three_terminal_structured"", ""scan_axis"": ""y"", ""relative_position"": ""left"", ""scan_start"": 366, ""scan_end"": 429, ""scan_margin"": 10, ""probe_halfspan"": 6, ""probe_out_len"": 12, ""probe_inset"": 1, ""peak_coord"": 396, ""anchor_offset_ratio"": 0.4882, ""max_score"": 71, ""keep_threshold"": 60, ""selected_run_start"": 25, ""selected_run_end"": 34, ""selected_run_length"": 10, ""selected_run_score"": 71, ""three_terminal_role"": ""single_side_terminal"", ""three_terminal_orientation"": ""left""}",three_terminal_structured,,,330.0,396.0
,,,,,,18,NPN_Transistor,component:14:18.1,,,,,14,C,18.1:C,,left,,,,,,,18.1,,False,18.1:C,ok,29.833,matched_single,"[""no_preferred_net_from_05"", ""matched_without_preferred_label"", ""used_fallback_search""]",N6,,6,False,,,,,,,,,,terminal:14:18.1:t2,Terminal,,,False,,,top,circle,circle_fallback,"[362, 294, 435, 367]",0.3103,,,,npn_emitter_from_arrow_branch,,other_branch,18.1:C,C,421,349,,,,18.1:t2,t2,"{""point_mode"": ""three_terminal_structured"", ""scan_axis"": ""x"", ""relative_position"": ""top"", ""scan_start"": 379, ""scan_end"": 417, ""scan_margin"": 7, ""probe_halfspan"": 6, ""probe_out_len"": 12, ""probe_inset"": 1, ""peak_coord"": 398, ""anchor_offset_ratio"": 0.7442, ""max_score"": 0, ""keep_threshold"": 2, ""selected_run_start"": 19, ""selected_run_end"": 19, ""selected_run_length"": 1, ""selected_run_score"": 0, ""three_terminal_role"": ""orthogonal_pair_terminal"", ""three_terminal_orientation"": ""left"", ""three_terminal_pair_bias"": ""opposite_side"", ""three_terminal_pair_bias_debug"": {""top"": {""local_score"": 0.0, ""point_mode"": ""side_peak_outside"", ""scan_axis"": ""x"", ""relative_position"": ""top"", ""scan_start"": 379, ""scan_end"": 417, ""scan_margin"": 7, ""probe_halfspan"": 6, ""probe_out_len"": 12, ""probe_inset"": 1, ""peak_coord"": 398, ""anchor_offset_ratio"": 0.7442, ""max_score"": 0, ""keep_threshold"": 2, ""selected_run_start"": 19, ""selected_run_end"": 19, ""selected_run_length"": 1, ""selected_run_score"": 0}, ""bottom"": {""local_score"": 17.5, ""point_mode"": ""side_peak_outside"", ""scan_axis"": ""x"", ""relative_position"": ""bottom"", ""scan_start"": 379, ""scan_end"": 417, ""scan_margin"": 7, ""probe_halfspan"": 6, ""probe_out_len"": 12, ""probe_inset"": 1, ""peak_coord"": 395, ""anchor_offset_ratio"": 0.7093, ""max_score"": 14, ""keep_threshold"": 12, ""selected_run_start"": 10, ""selected_run_end"": 22, ""selected_run_length"": 13, ""selected_run_score"": 14}}}",three_terminal_structured,,,398.0,330.0
,,,,,,18,NPN_Transistor,component:14:18.1,,,,,14,E,18.1:E,,left,,,,,,,18.1,,False,18.1:E,ok,0.0,matched_preferred,[],N5,,5,False,,,,,,,,,,terminal:14:18.1:t3,Terminal,,,False,N5,5,bottom,directional,directional_primary,"[383, 457, 408, 496]",0.3103,,,,npn_emitter_from_arrow_branch,,arrow_branch,18.1:E,E,395,465,,,,18.1:t3,t3,"{""point_mode"": ""three_terminal_structured"", ""scan_axis"": ""x"", ""relative_position"": ""bottom"", ""scan_start"": 379, ""scan_end"": 417, ""scan_margin"": 7, ""probe_halfspan"": 6, ""probe_out_len"": 12, ""probe_inset"": 1, ""peak_coord"": 395, ""anchor_offset_ratio"": 0.7093, ""max_score"": 14, ""keep_threshold"": 12, ""selected_run_start"": 10, ""selected_run_end"": 22, ""selected_run_length"": 13, ""selected_run_score"": 14, ""three_terminal_role"": ""orthogonal_pair_terminal"", ""three_terminal_orientation"": ""left"", ""three_terminal_pair_bias"": ""opposite_side"", ""three_terminal_pair_bias_debug"": {""top"": {""local_score"": 0.0, ""point_mode"": ""side_peak_outside"", ""scan_axis"": ""x"", ""relative_position"": ""top"", ""scan_start"": 379, ""scan_end"": 417, ""scan_margin"": 7, ""probe_halfspan"": 6, ""probe_out_len"": 12, ""probe_inset"": 1, ""peak_coord"": 398, ""anchor_offset_ratio"": 0.7442, ""max_score"": 0, ""keep_threshold"": 2, ""selected_run_start"": 19, ""selected_run_end"": 19, ""selected_run_length"": 1, ""selected_run_score"": 0}, ""bottom"": {""local_score"": 17.5, ""point_mode"": ""side_peak_outside"", ""scan_axis"": ""x"", ""relative_position"": ""bottom"", ""scan_start"": 379, ""scan_end"": 417, ""scan_margin"": 7, ""probe_halfspan"": 6, ""probe_out_len"": 12, ""probe_inset"": 1, ""peak_coord"": 395, ""anchor_offset_ratio"": 0.7093, ""max_score"": 14, ""keep_threshold"": 12, ""selected_run_start"": 10, ""selected_run_end"": 22, ""selected_run_length"": 13, ""selected_run_score"": 14}}}",three_terminal_structured,,,395.0,465.0
,,,,,,22,Resistor,component:14:22.2,,,,,14,t1,22.2:t1,,vertical,,,,,,,22.2,,False,22.2:t1,ok,0.0,matched_preferred,[],N6,,6,False,,,,,,,,,,terminal:14:22.2:t1,Terminal,,,False,N6,6,top,directional,directional_primary,"[487, 504, 500, 528]",,,,,,,,,,493,522,,,,22.2:t1,t1,"{""point_mode"": ""bbox_side_center"", ""anchor_offset_ratio"": 0.5}",bbox_side_center,,,493.15,521.82
,,,,,,22,Resistor,component:14:22.2,,,,,14,t2,22.2:t2,,vertical,,,,,,,22.2,,False,22.2:t2,ok,0.0,matched_preferred,[],N5,,5,False,,,,,,,,,,terminal:14:22.2:t2,Terminal,,,False,N5,5,bottom,directional,directional_primary,"[487, 650, 500, 674]",,,,,,,,,,493,655,,,,22.2:t2,t2,"{""point_mode"": ""bbox_side_center"", ""anchor_offset_ratio"": 0.5}",bbox_side_center,,,493.15,655.09
,,,,,,20,Polarized_Capacitor,component:14:20.3,,,,,14,positive,20.3:positive,,horizontal,,,,,,,20.3,,False,20.3:positive,ok,2.0,matched_preferred,[],N6,,6,False,,,,,,,,,,terminal:14:20.3:t1,Terminal,,,False,N6,6,left,directional,directional_primary,"[508, 344, 532, 357]",0.0661,,symbol_heuristic,positive,polarized_capacitor_positive_from_marker,polarity,marker_side,20.3:positive,positive,526,348,,,,20.3:t1,t1,"{""point_mode"": ""bbox_side_center"", ""anchor_offset_ratio"": 0.5001}",bbox_side_center,,,526.13,349.73
,,,,,,20,Polarized_Capacitor,component:14:20.3,,,,,14,negative,20.3:negative,,horizontal,,,,,,,20.3,,False,20.3:negative,ok,2.0,matched_preferred,[],N6,,6,False,,,,,,,,,,terminal:14:20.3:t2,Terminal,,,False,N6,6,right,directional,directional_primary,"[559, 344, 583, 357]",0.0661,,symbol_heuristic,negative,polarized_capacitor_positive_from_marker,polarity,other_side,20.3:negative,negative,564,348,,,,20.3:t2,t2,"{""point_mode"": ""bbox_side_center"", ""anchor_offset_ratio"": 0.5001}",bbox_side_center,,,563.54,349.73
,,,,,,22,Resistor,component:14:22.3,,,,,14,t1,22.3:t1,,vertical,,,,,,,22.3,,False,22.3:t1,ok,0.0,matched_preferred,[],N6,,6,False,,,,,,,,,,terminal:14:22.3:t1,Terminal,,,False,N6,6,top,directional,directional_primary,"[586, 504, 599, 528]",,,,,,,,,,592,522,,,,22.3:t1,t1,"{""point_mode"": ""bbox_side_center"", ""anchor_offset_ratio"": 0.4999}",bbox_side_center,,,591.53,521.73
,,,,,,22,Resistor,component:14:22.3,,,,,14,t2,22.3:t2,,vertical,,,,,,,22.3,,False,22.3:t2,ok,0.0,matched_preferred,[],N5,,5,False,,,,,,,,,,terminal:14:22.3:t2,Terminal,,,False,N5,5,bottom,directional,directional_primary,"[586, 650, 599, 674]",,,,,,,,,,592,655,,,,22.3:t2,t2,"{""point_mode"": ""bbox_side_center"", ""anchor_offset_ratio"": 0.4999}",bbox_side_center,,,591.53,654.97
,,,,,,18,NPN_Transistor,component:14:18.2,,,,,14,B,18.2:B,,left,,,,,,,18.2,,False,18.2:B,ok,1.0,matched_preferred,[],N6,,6,False,,,,,,,,,,terminal:14:18.2:t1,Terminal,,,False,N6,6,left,directional,directional_primary,"[596, 337, 635, 362]",1.0,,,,npn_emitter_from_arrow_branch,,single_side,18.2:B,B,626,348,,,,18.2:t1,t1,"{""point_mode"": ""three_terminal_structured"", ""scan_axis"": ""y"", ""relative_position"": ""left"", ""scan_start"": 317, ""scan_end"": 379, ""scan_margin"": 10, ""probe_halfspan"": 6, ""probe_out_len"": 12, ""probe_inset"": 1, ""peak_coord"": 349, ""anchor_offset_ratio"": 0.5081, ""max_score"": 66, ""keep_threshold"": 56, ""selected_run_start"": 27, ""selected_run_end"": 36, ""selected_run_length"": 10, ""selected_run_score"": 66, ""three_terminal_role"": ""single_side_terminal"", ""three_terminal_orientation"": ""left""}",three_terminal_structured,,,626.0,349.0
,,,,,,18,NPN_Transistor,component:14:18.2,,,,,14,C,18.2:C,,left,,,,,,,18.2,,False,18.2:C,ok,12.53,matched_preferred,[],N7,,7,False,,,,,,,,,,terminal:14:18.2:t2,Terminal,,,False,N7,7,top,directional,directional_primary,"[681, 252, 706, 291]",0.3227,,,,npn_emitter_from_arrow_branch,,other_branch,18.2:C,C,682,276,,,,18.2:t2,t2,"{""point_mode"": ""three_terminal_structured"", ""scan_axis"": ""x"", ""relative_position"": ""top"", ""scan_start"": 674, ""scan_end"": 712, ""scan_margin"": 7, ""probe_halfspan"": 6, ""probe_out_len"": 12, ""probe_inset"": 1, ""peak_coord"": 693, ""anchor_offset_ratio"": 0.7412, ""max_score"": 0, ""keep_threshold"": 2, ""selected_run_start"": 19, ""selected_run_end"": 19, ""selected_run_length"": 1, ""selected_run_score"": 0, ""three_terminal_role"": ""orthogonal_pair_terminal"", ""three_terminal_orientation"": ""left"", ""three_terminal_pair_bias"": ""opposite_side"", ""three_terminal_pair_bias_debug"": {""top"": {""local_score"": 0.0, ""point_mode"": ""side_peak_outside"", ""scan_axis"": ""x"", ""relative_position"": ""top"", ""scan_start"": 674, ""scan_end"": 712, ""scan_margin"": 7, ""probe_halfspan"": 6, ""probe_out_len"": 12, ""probe_inset"": 1, ""peak_coord"": 693, ""anchor_offset_ratio"": 0.7412, ""max_score"": 0, ""keep_threshold"": 2, ""selected_run_start"": 19, ""selected_run_end"": 19, ""selected_run_length"": 1, ""selected_run_score"": 0}, ""bottom"": {""local_score"": 37.5, ""point_mode"": ""side_peak_outside"", ""scan_axis"": ""x"", ""relative_position"": ""bottom"", ""scan_start"": 674, ""scan_end"": 712, ""scan_margin"": 7, ""probe_halfspan"": 6, ""probe_out_len"": 12, ""probe_inset"": 1, ""peak_coord"": 690, ""anchor_offset_ratio"": 0.7059, ""max_score"": 30, ""keep_threshold"": 26, ""selected_run_start"": 11, ""selected_run_end"": 22, ""selected_run_length"": 12, ""selected_run_score"": 30}}}",three_terminal_structured,,,693.0,282.0
,,,,,,18,NPN_Transistor,component:14:18.2,,,,,14,E,18.2:E,,left,,,,,,,18.2,,False,18.2:E,ok,2.0,matched_preferred,[],N5,,5,False,,,,,,,,,,terminal:14:18.2:t3,Terminal,,,False,N5,5,bottom,directional,directional_primary,"[678, 406, 703, 445]",0.3227,,,,npn_emitter_from_arrow_branch,,arrow_branch,18.2:E,E,688,414,,,,18.2:t3,t3,"{""point_mode"": ""three_terminal_structured"", ""scan_axis"": ""x"", ""relative_position"": ""bottom"", ""scan_start"": 674, ""scan_end"": 712, ""scan_margin"": 7, ""probe_halfspan"": 6, ""probe_out_len"": 12, ""probe_inset"": 1, ""peak_coord"": 690, ""anchor_offset_ratio"": 0.7059, ""max_score"": 30, ""keep_threshold"": 26, ""selected_run_start"": 11, ""selected_run_end"": 22, ""selected_run_length"": 12, ""selected_run_score"": 30, ""three_terminal_role"": ""orthogonal_pair_terminal"", ""three_terminal_orientation"": ""left"", ""three_terminal_pair_bias"": ""opposite_side"", ""three_terminal_pair_bias_debug"": {""top"": {""local_score"": 0.0, ""point_mode"": ""side_peak_outside"", ""scan_axis"": ""x"", ""relative_position"": ""top"", ""scan_start"": 674, ""scan_end"": 712, ""scan_margin"": 7, ""probe_halfspan"": 6, ""probe_out_len"": 12, ""probe_inset"": 1, ""peak_coord"": 693, ""anchor_offset_ratio"": 0.7412, ""max_score"": 0, ""keep_threshold"": 2, ""selected_run_start"": 19, ""selected_run_end"": 19, ""selected_run_length"": 1, ""selected_run_score"": 0}, ""bottom"": {""local_score"": 37.5, ""point_mode"": ""side_peak_outside"", ""scan_axis"": ""x"", ""relative_position"": ""bottom"", ""scan_start"": 674, ""scan_end"": 712, ""scan_margin"": 7, ""probe_halfspan"": 6, ""probe_out_len"": 12, ""probe_inset"": 1, ""peak_coord"": 690, ""anchor_offset_ratio"": 0.7059, ""max_score"": 30, ""keep_threshold"": 26, ""selected_run_start"": 11, ""selected_run_end"": 22, ""selected_run_length"": 12, ""selected_run_score"": 30}}}",three_terminal_structured,,,690.0,414.0
,,,,,,2,Battery,component:14:2.1,,,,,14,positive,2.1:positive,,horizontal,,,,,,,2.1,,False,2.1:positive,ok,1.0,matched_preferred,[],N5,,5,False,,,,,,,,,,terminal:14:2.1:t1,Terminal,,,False,N5,5,left,directional,directional_primary,"[658, 921, 682, 934]",0.2,,orientation_fallback,positive,battery_positive_from_long_plate,polarity,marker_side,2.1:positive,positive,676,926,,,,2.1:t1,t1,"{""point_mode"": ""bbox_side_center"", ""anchor_offset_ratio"": 0.4999}",bbox_side_center,,,676.43,926.89
,,,,,,2,Battery,component:14:2.1,,,,,14,negative,2.1:negative,,horizontal,,,,,,,2.1,,False,2.1:negative,ok,1.0,matched_preferred,[],N5,,5,False,,,,,,,,,,terminal:14:2.1:t2,Terminal,,,False,N5,5,right,directional,directional_primary,"[718, 921, 742, 934]",0.2,,orientation_fallback,negative,battery_positive_from_long_plate,polarity,other_side,2.1:negative,negative,723,926,,,,2.1:t2,t2,"{""point_mode"": ""bbox_side_center"", ""anchor_offset_ratio"": 0.4999}",bbox_side_center,,,722.59,926.89
,,,,,,20,Polarized_Capacitor,component:14:20.4,,,,,14,positive,20.4:positive,,vertical,,,,,,,20.4,,False,20.4:positive,ok,2.0,matched_preferred,[],N8,,8,False,,,,,,,,,,terminal:14:20.4:t1,Terminal,,,False,N8,8,top,directional,directional_primary,"[784, 518, 797, 542]",0.0907,,symbol_heuristic,positive,polarized_capacitor_positive_from_marker,polarity,marker_side,20.4:positive,positive,788,536,,,,20.4:t1,t1,"{""point_mode"": ""bbox_side_center"", ""anchor_offset_ratio"": 0.4999}",bbox_side_center,,,789.63,535.99
,,,,,,20,Polarized_Capacitor,component:14:20.4,,,,,14,negative,20.4:negative,,vertical,,,,,,,20.4,,False,20.4:negative,ok,0.0,matched_preferred,[],N5,,5,False,,,,,,,,,,terminal:14:20.4:t2,Terminal,,,False,N5,5,bottom,directional,directional_primary,"[784, 581, 797, 605]",0.0907,,symbol_heuristic,negative,polarized_capacitor_positive_from_marker,polarity,other_side,20.4:negative,negative,790,586,,,,20.4:t2,t2,"{""point_mode"": ""bbox_side_center"", ""anchor_offset_ratio"": 0.4999}",bbox_side_center,,,789.63,586.05
,,,,,,25,Switch,component:14:25.1,,,,,14,t1,25.1:t1,,horizontal,,,,,,,25.1,,False,25.1:t1,ok,0.0,matched_preferred,[],N5,,5,False,,,,,,,,,,terminal:14:25.1:t1,Terminal,,,False,N5,5,left,directional,directional_primary,"[728, 914, 781, 939]",,,,,,,,,,770,926,,,,25.1:t1,t1,"{""point_mode"": ""side_peak_outside"", ""scan_axis"": ""y"", ""relative_position"": ""left"", ""scan_start"": 866, ""scan_end"": 949, ""scan_margin"": 8, ""probe_halfspan"": 6, ""probe_out_len"": 12, ""probe_inset"": 1, ""peak_coord"": 926, ""anchor_offset_ratio"": 0.6869, ""max_score"": 42, ""keep_threshold"": 36, ""selected_run_start"": 55, ""selected_run_end"": 65, ""selected_run_length"": 11, ""selected_run_score"": 42}",two_terminal_side_peak,,,770.0,926.0
,,,,,,25,Switch,component:14:25.1,,,,,14,t2,25.1:t2,,horizontal,,,,,,,25.1,,False,25.1:t2,ok,0.0,matched_preferred,[],N5,,5,False,,,,,,,,,,terminal:14:25.1:t2,Terminal,,,False,N5,5,right,directional,directional_primary,"[867, 914, 920, 939]",,,,,,,,,,877,926,,,,25.1:t2,t2,"{""point_mode"": ""side_peak_outside"", ""scan_axis"": ""y"", ""relative_position"": ""right"", ""scan_start"": 866, ""scan_end"": 949, ""scan_margin"": 8, ""probe_halfspan"": 6, ""probe_out_len"": 12, ""probe_inset"": 1, ""peak_coord"": 926, ""anchor_offset_ratio"": 0.6869, ""max_score"": 44, ""keep_threshold"": 37, ""selected_run_start"": 55, ""selected_run_end"": 65, ""selected_run_length"": 11, ""selected_run_score"": 44}",two_terminal_side_peak,,,877.0,926.0
,,,,,,3,Breaker,component:14:3.1,,,,,14,t1,3.1:t1,,vertical,,,,,,,3.1,,False,3.1:t1,ok,38.21,matched_single,"[""no_preferred_net_from_05"", ""matched_without_preferred_label"", ""used_fallback_search""]",N8,,8,False,,,,,,,,,,terminal:14:3.1:t1,Terminal,,,False,,,top,circle,circle_fallback,"[930, 374, 1019, 463]",,,,,,,,,,946,444,,,,3.1:t1,t1,"{""point_mode"": ""side_peak_outside"", ""scan_axis"": ""x"", ""relative_position"": ""top"", ""scan_start"": 954, ""scan_end"": 993, ""scan_margin"": 4, ""probe_halfspan"": 6, ""probe_out_len"": 12, ""probe_inset"": 1, ""peak_coord"": 974, ""anchor_offset_ratio"": 0.5106, ""max_score"": 0, ""keep_threshold"": 2, ""selected_run_start"": 20, ""selected_run_end"": 20, ""selected_run_length"": 1, ""selected_run_score"": 0}",two_terminal_side_peak,,,974.0,418.0
,,,,,,3,Breaker,component:14:3.1,,,,,14,t2,3.1:t2,,vertical,,,,,,,3.1,,False,3.1:t2,ok,0.0,matched_preferred,[],N9,,9,False,,,,,,,,,,terminal:14:3.1:t2,Terminal,,,False,N9,9,bottom,directional,directional_primary,"[955, 589, 980, 642]",,,,,,,,,,967,599,,,,3.1:t2,t2,"{""point_mode"": ""side_peak_outside"", ""scan_axis"": ""x"", ""relative_position"": ""bottom"", ""scan_start"": 954, ""scan_end"": 993, ""scan_margin"": 4, ""probe_halfspan"": 6, ""probe_out_len"": 12, ""probe_inset"": 1, ""peak_coord"": 967, ""anchor_offset_ratio"": 0.3617, ""max_score"": 29, ""keep_threshold"": 25, ""selected_run_start"": 8, ""selected_run_end"": 18, ""selected_run_length"": 11, ""selected_run_score"": 29}",two_terminal_side_peak,,,967.0,599.0
45,136,266,540,,,,,,,[],"[""10.1:t1""]","[""10.1:t1""]",14,,,,,,,,,,,,False,,N1,,,,,,,,,[8],,1,,,,,N1,1,net:14:N1,Net,385,,,,,,,,,,,,,,,,,,,,,8,,,,,,,,,
90,96,731,924,,,,,,,[],"[""10.1:t2"", ""9.1:t1""]","[""10.1:t2"", ""9.1:t1""]",14,,,,,,,,,,,,False,,N2,,,,,,,,,[23],,2,,,,,N2,2,net:14:N2,Net,198,,,,,,,,,,,,,,,,,,,,,23,,,,,,,,,
76,150,226,242,,,,,,,[],"[""1.1:t1""]","[""1.1:t1""]",14,,,,,,,,,,,,False,,N3,,,,,,,,,[5],,1,,,,,N3,3,net:14:N3,Net,105,,,,,,,,,,,,,,,,,,,,,5,,,,,,,,,
113,347,366,602,,,,,,,"[""B"", ""positive"", ""positive"", ""negative"", ""anode"", ""cathode""]","[""18.1:B"", ""20.1:positive"", ""20.2:positive"", ""20.2:negative"", ""22.1:t1"", ""7.1:anode"", ""7.1:cathode""]","[""18.1:t1"", ""20.1:t1"", ""20.2:t1"", ""20.2:t2"", ""22.1:t1"", ""7.1:t1"", ""7.1:t2""]",14,,,,,,,,,,,,False,,N4,,,,,,,,,[14],,7,,,,,N4,4,net:14:N4,Net,765,,,,,,,,,,,,,,,,,,,,,14,,,,,,,,,
112,946,399,930,,,,,,,"[""E"", ""E"", ""positive"", ""negative"", ""negative"", ""negative""]","[""18.1:E"", ""18.2:E"", ""2.1:positive"", ""2.1:negative"", ""20.1:negative"", ""20.4:negative"", ""22.1:t2"", ""22.2:t2"", ""22.3:t2"", ""25.1:t1"", ""25.1:t2""]","[""18.1:t3"", ""18.2:t3"", ""2.1:t1"", ""2.1:t2"", ""20.1:t2"", ""20.4:t2"", ""22.1:t2"", ""22.2:t2"", ""22.3:t2"", ""25.1:t1"", ""25.1:t2""]",14,,,,,,,,,,,,False,,N5,,,,,,,,,[15],,11,,,,,N5,5,net:14:N5,Net,4650,,,,,,,,,,,,,,,,,,,,,15,,,,,,,,,
421,643,310,539,,,,,,,"[""B"", ""positive"", ""negative""]","[""18.2:B"", ""20.3:positive"", ""20.3:negative"", ""22.2:t1"", ""22.3:t1""]","[""18.2:t1"", ""20.3:t1"", ""20.3:t2"", ""22.2:t1"", ""22.3:t1""]",14,,,,,,,,,,,,False,,N6,,,,,,,,,[11],,5,,,,,N6,6,net:14:N6,Net,691,,,,,,,,,,,,,,,,,,,,,11,,,,,,,,,
662,682,264,277,,,,,,,"[""C""]","[""18.2:C""]","[""18.2:t2""]",14,,,,,,,,,,,,False,,N7,,,,,,,,,[7],,1,,,,,N7,7,net:14:N7,Net,31,,,,,,,,,,,,,,,,,,,,,7,,,,,,,,,
711,946,98,549,,,,,,,"[""positive""]","[""20.4:positive""]","[""20.4:t1""]",14,,,,,,,,,,,,False,,N8,,,,,,,,,[3],,1,,,,,N8,8,net:14:N8,Net,981,,,,,,,,,,,,,,,,,,,,,3,,,,,,,,,
965,969,583,852,,,,,,,[],"[""3.1:t2""]","[""3.1:t2""]",14,,,,,,,,,,,,False,,N9,,,,,,,,,[16],,1,,,,,N9,9,net:14:N9,Net,275,,,,,,,,,,,,,,,,,,,,,16,,,,,,,,,
,,,,,,,,,,,,,2,,,,,1024,2.jpg,C:\Users\m.profilo\Desktop\tesi_diagrams_yolo\data\batch_v9_2_set_successivo_analog_meter_connector_transformer\2.jpg,1024,,,,,,2,,,,,,,,,,20,,34,13,,34,,,diagram:2,Diagram,,,,,,,,,,,,,,,,,,,,,06_match_terminals_to_nets,,,,,,,,,,
85.64,118.59,555.9,626.41,9,GND,,,,0.8069,,,,2,,,top,up,,,,,,,9.1,,,9.1,,,,,,,,,,,,,,1,,,,component:2:9.1,Component,,,,,,,,,,,,,,,,,,,,,,,one_terminal,,,,,True,True,,
75.5,131.39,217.42,379.2,23,Signal_Source,,,,0.7113,,,,2,,,,vertical,,,,,,,23.1,,,23.1,,,,,,,,,,,,,,2,,,,component:2:23.1,Component,,,,,,,,,,,,,,,,,,,,,,,two_terminal,,,,,True,True,,
75.4,131.59,217.98,379.01,15,Meter,,,,0.5507,,,,2,,,,vertical,,,,,,,15.1,,,15.1,,,,,,,,,,,,,,2,,,,component:2:15.1,Component,,,,,,,,,,,,,,,,,,,,,,,two_terminal,,,,,True,True,,
164.1,259.86,83.57,188.49,8,Fuse,,,,0.4989,,,,2,,,,horizontal,,,,,,,8.1,,,8.1,,,,,,,,,,,,,,2,,,,component:2:8.1,Component,,,,,,,,,,,,,,,,,,,,,,,two_terminal,,,,,True,True,,
344.9,376.75,567.57,637.68,9,GND,,,,0.826,,,,2,,,top,up,,,,,,,9.2,,,9.2,,,,,,,,,,,,,,1,,,,component:2:9.2,Component,,,,,,,,,,,,,,,,,,,,,,,one_terminal,,,,,True,True,,
344.72,421.17,200.1,471.96,28,Transformer,,,,0.8362,,,,2,,,,horizontal,,,,,,,28.1,,,28.1,,,,,,,,,,,,,,4,,,,component:2:28.1,Component,,,,,,,,,,,,,,,,,,,,,,,multi_terminal,,,,,True,True,,
394.57,426.56,569.34,637.35,9,GND,,,,0.805,,,,2,,,top,up,,,,,,,9.3,,,9.3,,,,,,,,,,,,,,1,,,,component:2:9.3,Component,,,,,,,,,,,,,,,,,,,,,,,one_terminal,,,,,True,True,,
486.32,527.27,173.74,269.67,7,Diode,,,,0.8881,,,,2,,,,horizontal,,,,,,,7.1,,,7.1,,,,,,,,,,,,,,2,,,,component:2:7.1,Component,,,,,,,,,,,,,,,,,,,,,,,two_terminal,,,,,True,True,,
597.13,628.4,585.75,652.95,9,GND,,,,0.7836,,,,2,,,top,up,,,,,,,9.4,,,9.4,,,,,,,,,,,,,,1,,,,component:2:9.4,Component,,,,,,,,,,,,,,,,,,,,,,,one_terminal,,,,,True,True,,
585.67,642.24,302.39,464.5,15,Meter,,,,0.9196,,,,2,,,,vertical,,,,,,,15.2,,,15.2,,,,,,,,,,,,,,2,,,,component:2:15.2,Component,,,,,,,,,,,,,,,,,,,,,,,two_terminal,,,,,True,True,,
657.04,687.98,585.09,651.08,9,GND,,,,0.7813,,,,2,,,top,up,,,,,,,9.5,,,9.5,,,,,,,,,,,,,,1,,,,component:2:9.5,Component,,,,,,,,,,,,,,,,,,,,,,,one_terminal,,,,,True,True,,
657.45,688.11,334.33,437.58,4,Capacitor,,,,0.7105,,,,2,,,,vertical,,,,,,,4.1,,,4.1,,,,,,,,,,,,,,2,,,,component:2:4.1,Component,,,,,,,,,,,,,,,,,,,,,,,two_terminal,,,,,True,True,,
746.02,777.98,587.4,651.99,9,GND,,,,0.7847,,,,2,,,top,up,,,,,,,9.6,,,9.6,,,,,,,,,,,,,,1,,,,component:2:9.6,Component,,,,,,,,,,,,,,,,,,,,,,,one_terminal,,,,,True,True,,
742.01,783.07,329.54,446.73,7,Diode,,,,0.8753,,,,2,,,,vertical,,,,,,,7.2,,,7.2,,,,,,,,,,,,,,2,,,,component:2:7.2,Component,,,,,,,,,,,,,,,,,,,,,,,two_terminal,,,,,True,True,,
814.11,848.38,294.91,492.11,22,Resistor,,,,0.7062,,,,2,,,,vertical,,,,,,,22.1,,,22.1,,,,,,,,,,,,,,2,,,,component:2:22.1,Component,,,,,,,,,,,,,,,,,,,,,,,two_terminal,,,,,True,True,,
816.58,848.14,912.77,979.32,9,GND,,,,0.8058,,,,2,,,top,up,,,,,,,9.7,,,9.7,,,,,,,,,,,,,,1,,,,component:2:9.7,Component,,,,,,,,,,,,,,,,,,,,,,,one_terminal,,,,,True,True,,
810.0,905.0,646.0,781.0,12,LED,,,,0.847,,,,2,,,,vertical,,,,,,,12.1,,,12.1,,,,,,,,,,,,,,2,,,,component:2:12.1,Component,,,,,,,,,,,,,,,,,,,,,,,two_terminal,,,,,True,True,,
903.27,958.34,298.79,467.81,13,Lamp,,,,0.9725,,,,2,,,,vertical,,,,,,,13.1,,,13.1,,,,,,,,,,,,,,2,,,,component:2:13.1,Component,,,,,,,,,,,,,,,,,,,,,,,two_terminal,,,,,True,True,,
903.35,958.96,627.5,790.74,15,Meter,,,,0.893,,,,2,,,,vertical,,,,,,,15.3,,,15.3,,,,,,,,,,,,,,2,,,,component:2:15.3,Component,,,,,,,,,,,,,,,,,,,,,,,two_terminal,,,,,True,True,,
915.74,947.49,953.02,1017.39,9,GND,,,,0.778,,,,2,,,top,up,,,,,,,9.8,,,9.8,,,,,,,,,,,,,,1,,,,component:2:9.8,Component,,,,,,,,,,,,,,,,,,,,,,,one_terminal,,,,,True,True,,
,,,,,,9,GND,component:2:9.1,,,,,2,t1,9.1:t1,top,up,,,,,,,9.1,,False,9.1:t1,ok,1.0,matched_preferred,[],N1,,1,False,,,,,,,,,,terminal:2:9.1:t1,Terminal,,,False,N1,1,top,directional,directional_primary,"[96, 534, 109, 558]",,,,,,,,,,101,552,,,,9.1:t1,t1,"{""point_mode"": ""one_terminal_axis_center"", ""anchor_offset_ratio"": 0.5}",two_terminal_side_peak,,,102.12,551.9
,,,,,,23,Signal_Source,component:2:23.1,,,,,2,t1,23.1:t1,,vertical,,,,,,,23.1,,False,23.1:t1,ok,2.0,matched_preferred,[],N2,,2,False,,,,,,,,,,terminal:2:23.1:t1,Terminal,,,False,N2,2,top,directional,directional_primary,"[97, 195, 110, 219]",,,,,,,,,,101,213,,,,23.1:t1,t1,"{""point_mode"": ""bbox_side_center"", ""anchor_offset_ratio"": 0.4999}",bbox_side_center,,,103.44,213.42
,,,,,,23,Signal_Source,component:2:23.1,,,,,2,t2,23.1:t2,,vertical,,,,,,,23.1,,False,23.1:t2,ok,2.0,matched_preferred,[],N1,,1,False,,,,,,,,,,terminal:2:23.1:t2,Terminal,,,False,N1,1,bottom,directional,directional_primary,"[97, 378, 110, 402]",,,,,,,,,,101,383,,,,23.1:t2,t2,"{""point_mode"": ""bbox_side_center"", ""anchor_offset_ratio"": 0.4999}",bbox_side_center,,,103.44,383.2
,,,,,,15,Meter,component:2:15.1,,,,,2,t1,15.1:t1,,vertical,,,,,,,15.1,,False,15.1:t1,ok,3.0,matched_preferred,[],N2,,2,False,,,,,,,,,,terminal:2:15.1:t1,Terminal,,,False,N2,2,top,directional,directional_primary,"[96, 192, 113, 221]",,,,,,,,,,101,214,,,,15.1:t1,t1,"{""point_mode"": ""bbox_side_center"", ""anchor_offset_ratio"": 0.5001}",bbox_side_center,,,103.5,213.98
,,,,,,15,Meter,component:2:15.1,,,,,2,t2,15.1:t2,,vertical,,,,,,,15.1,,False,15.1:t2,ok,3.0,matched_preferred,[],N1,,1,False,,,,,,,,,,terminal:2:15.1:t2,Terminal,,,False,N1,1,bottom,directional,directional_primary,"[96, 377, 113, 406]",,,,,,,,,,101,383,,,,15.1:t2,t2,"{""point_mode"": ""bbox_side_center"", ""anchor_offset_ratio"": 0.5001}",bbox_side_center,,,103.5,383.01
,,,,,,8,Fuse,component:2:8.1,,,,,2,t1,8.1:t1,,horizontal,,,,,,,8.1,,False,8.1:t1,ok,3.0,matched_preferred,[],N2,,2,False,,,,,,,,,,terminal:2:8.1:t1,Terminal,,,False,N2,2,left,directional,directional_primary,"[142, 130, 166, 143]",,,,,,,,,,160,133,,,,8.1:t1,t1,"{""point_mode"": ""bbox_side_center"", ""anchor_offset_ratio"": 0.5}",bbox_side_center,,,160.1,136.03
,,,,,,8,Fuse,component:2:8.1,,,,,2,t2,8.1:t2,,horizontal,,,,,,,8.1,,False,8.1:t2,ok,3.0,matched_preferred,[],N3,,3,False,,,,,,,,,,terminal:2:8.1:t2,Terminal,,,False,N3,3,right,directional,directional_primary,"[259, 130, 283, 143]",,,,,,,,,,264,133,,,,8.1:t2,t2,"{""point_mode"": ""bbox_side_center"", ""anchor_offset_ratio"": 0.5}",bbox_side_center,,,263.86,136.03
,,,,,,9,GND,component:2:9.2,,,,,2,t1,9.2:t1,top,up,,,,,,,9.2,,False,9.2:t1,ok,0.0,matched_preferred,[],N4,,4,False,,,,,,,,,,terminal:2:9.2:t1,Terminal,,,False,N4,4,top,directional,directional_primary,"[355, 546, 368, 570]",,,,,,,,,,361,564,,,,9.2:t1,t1,"{""point_mode"": ""one_terminal_axis_center"", ""anchor_offset_ratio"": 0.5}",two_terminal_side_peak,,,360.82,563.57
,,,,,,28,Transformer,component:2:28.1,,,,,2,t1,28.1:t1,,horizontal,,,,,,,28.1,,False,28.1:t1,ok,5.385,matched_preferred,[],N3,,3,False,,,,,,,,,,terminal:2:28.1:t1,Terminal,,,False,N3,3,top,directional,directional_primary,"[335, 160, 372, 205]",,,,,,,,,,348,198,,,,28.1:t1,t1,"{""point_mode"": ""strategy_absolute_point"", ""point_source"": ""term_def.point""}",strategy_absolute_point,,,353.0,196.0
,,,,,,28,Transformer,component:2:28.1,,,,,2,t2,28.1:t2,,horizontal,,,,,,,28.1,,False,28.1:t2,ok,0.0,matched_preferred,[],N8,,8,False,,,,,,,,,,terminal:2:28.1:t2,Terminal,,,False,N8,8,right,directional,directional_primary,"[417, 202, 462, 239]",,,,,,,,,,425,220,,,,28.1:t2,t2,"{""point_mode"": ""strategy_absolute_point"", ""point_source"": ""term_def.point""}",strategy_absolute_point,,,425.0,220.0
,,,,,,28,Transformer,component:2:28.1,,,,,2,t3,28.1:t3,,horizontal,,,,,,,28.1,,False,28.1:t3,ok,0.0,matched_preferred,[],N4,,4,False,,,,,,,,,,terminal:2:28.1:t3,Terminal,,,False,N4,4,bottom,directional,directional_primary,"[343, 468, 380, 513]",,,,,,,,,,361,476,,,,28.1:t3,t3,"{""point_mode"": ""strategy_absolute_point"", ""point_source"": ""term_def.point""}",strategy_absolute_point,,,361.0,476.0
,,,,,,28,Transformer,component:2:28.1,,,,,2,t4,28.1:t4,,horizontal,,,,,,,28.1,,False,28.1:t4,ok,0.0,matched_preferred,[],N5,,5,False,,,,,,,,,,terminal:2:28.1:t4,Terminal,,,False,N5,5,bottom,directional,directional_primary,"[392, 468, 429, 513]",,,,,,,,,,410,476,,,,28.1:t4,t4,"{""point_mode"": ""strategy_absolute_point"", ""point_source"": ""term_def.point""}",strategy_absolute_point,,,410.0,476.0
,,,,,,9,GND,component:2:9.3,,,,,2,t1,9.3:t1,top,up,,,,,,,9.3,,False,9.3:t1,ok,1.0,matched_preferred,[],N5,,5,False,,,,,,,,,,terminal:2:9.3:t1,Terminal,,,False,N5,5,top,directional,directional_primary,"[405, 547, 418, 571]",,,,,,,,,,410,565,,,,9.3:t1,t1,"{""point_mode"": ""one_terminal_axis_center"", ""anchor_offset_ratio"": 0.5}",two_terminal_side_peak,,,410.56,565.34
,,,,,,7,Diode,component:2:7.1,,,,,2,anode,7.1:anode,,horizontal,,,,,,,7.1,,False,7.1:anode,ok,2.0,matched_preferred,[],N8,,8,False,,,,,,,,,,terminal:2:7.1:t1,Terminal,,,False,N8,8,left,directional,directional_primary,"[464, 204, 488, 241]",0.1827,,symbol_heuristic,anode,diode_cathode_from_bar,polarity,other_side,7.1:anode,anode,482,220,,,,7.1:t1,t1,"{""point_mode"": ""two_terminal_axis_center"", ""anchor_offset_ratio"": 0.5}",two_terminal_side_peak,,,482.32,221.71
,,,,,,7,Diode,component:2:7.1,,,,,2,cathode,7.1:cathode,,horizontal,,,,,,,7.1,,False,7.1:cathode,ok,2.0,matched_preferred,[],N8,,8,False,,,,,,,,,,terminal:2:7.1:t2,Terminal,,,False,N8,8,right,directional,directional_primary,"[526, 204, 550, 241]",0.1827,,symbol_heuristic,cathode,diode_cathode_from_bar,polarity,marker_side,7.1:cathode,cathode,531,220,,,,7.1:t2,t2,"{""point_mode"": ""two_terminal_axis_center"", ""anchor_offset_ratio"": 0.5}",two_terminal_side_peak,,,531.27,221.71
,,,,,,9,GND,component:2:9.4,,,,,2,t1,9.4:t1,top,up,,,,,,,9.4,,False,9.4:t1,ok,0.0,matched_preferred,[],N6,,6,False,,,,,,,,,,terminal:2:9.4:t1,Terminal,,,False,N6,6,top,directional,directional_primary,"[607, 564, 620, 588]",,,,,,,,,,613,582,,,,9.4:t1,t1,"{""point_mode"": ""one_terminal_axis_center"", ""anchor_offset_ratio"": 0.5}",two_terminal_side_peak,,,612.76,581.75
,,,,,,15,Meter,component:2:15.2,,,,,2,t1,15.2:t1,,vertical,,,,,,,15.2,,False,15.2:t1,ok,1.0,matched_preferred,[],N8,,8,False,,,,,,,,,,terminal:2:15.2:t1,Terminal,,,False,N8,8,top,directional,directional_primary,"[606, 276, 623, 305]",,,,,,,,,,613,298,,,,15.2:t1,t1,"{""point_mode"": ""bbox_side_center"", ""anchor_offset_ratio"": 0.4999}",bbox_side_center,,,613.95,298.39
,,,,,,15,Meter,component:2:15.2,,,,,2,t2,15.2:t2,,vertical,,,,,,,15.2,,False,15.2:t2,ok,1.0,matched_preferred,[],N6,,6,False,,,,,,,,,,terminal:2:15.2:t2,Terminal,,,False,N6,6,bottom,directional,directional_primary,"[606, 462, 623, 491]",,,,,,,,,,613,468,,,,15.2:t2,t2,"{""point_mode"": ""bbox_side_center"", ""anchor_offset_ratio"": 0.4999}",bbox_side_center,,,613.95,468.5
,,,,,,9,GND,component:2:9.5,,,,,2,t1,9.5:t1,top,up,,,,,,,9.5,,False,9.5:t1,ok,1.0,matched_preferred,[],N7,,7,False,,,,,,,,,,terminal:2:9.5:t1,Terminal,,,False,N7,7,top,directional,directional_primary,"[667, 563, 680, 587]",,,,,,,,,,672,581,,,,9.5:t1,t1,"{""point_mode"": ""one_terminal_axis_center"", ""anchor_offset_ratio"": 0.5}",two_terminal_side_peak,,,672.51,581.09
,,,,,,4,Capacitor,component:2:4.1,,,,,2,t1,4.1:t1,,vertical,,,,,,,4.1,,False,4.1:t1,ok,1.0,matched_preferred,[],N8,,8,False,,,,,,,,,,terminal:2:4.1:t1,Terminal,,,False,N8,8,top,directional,directional_primary,"[667, 312, 680, 336]",,,,,,,,,,672,330,,,,4.1:t1,t1,"{""point_mode"": ""bbox_side_center"", ""anchor_offset_ratio"": 0.5}",bbox_side_center,,,672.78,330.33
,,,,,,4,Capacitor,component:2:4.1,,,,,2,t2,4.1:t2,,vertical,,,,,,,4.1,,False,4.1:t2,ok,1.0,matched_preferred,[],N7,,7,False,,,,,,,,,,terminal:2:4.1:t2,Terminal,,,False,N7,7,bottom,directional,directional_primary,"[667, 437, 680, 461]",,,,,,,,,,672,442,,,,4.1:t2,t2,"{""point_mode"": ""bbox_side_center"", ""anchor_offset_ratio"": 0.5}",bbox_side_center,,,672.78,441.58
,,,,,,9,GND,component:2:9.6,,,,,2,t1,9.6:t1,top,up,,,,,,,9.6,,False,9.6:t1,ok,0.0,matched_preferred,[],N9,,9,False,,,,,,,,,,terminal:2:9.6:t1,Terminal,,,False,N9,9,top,directional,directional_primary,"[756, 565, 769, 589]",,,,,,,,,,762,583,,,,9.6:t1,t1,"{""point_mode"": ""one_terminal_axis_center"", ""anchor_offset_ratio"": 0.5}",two_terminal_side_peak,,,762.0,583.4
,,,,,,7,Diode,component:2:7.2,,,,,2,anode,7.2:anode,,vertical,,,,,,,7.2,,False,7.2:anode,ok,1.0,matched_preferred,[],N8,,8,False,,,,,,,,,,terminal:2:7.2:t1,Terminal,,,False,N8,8,top,directional,directional_primary,"[745, 308, 782, 332]",0.5058,,symbol_heuristic,anode,diode_cathode_from_bar,polarity,other_side,7.2:anode,anode,762,326,,,,7.2:t1,t1,"{""point_mode"": ""two_terminal_axis_center"", ""anchor_offset_ratio"": 0.5}",two_terminal_side_peak,,,762.54,325.54
,,,,,,7,Diode,component:2:7.2,,,,,2,cathode,7.2:cathode,,vertical,,,,,,,7.2,,False,7.2:cathode,ok,1.0,matched_preferred,[],N9,,9,False,,,,,,,,,,terminal:2:7.2:t2,Terminal,,,False,N9,9,bottom,directional,directional_primary,"[745, 446, 782, 470]",0.5058,,symbol_heuristic,cathode,diode_cathode_from_bar,polarity,marker_side,7.2:cathode,cathode,762,451,,,,7.2:t2,t2,"{""point_mode"": ""two_terminal_axis_center"", ""anchor_offset_ratio"": 0.5}",two_terminal_side_peak,,,762.54,450.73
,,,,,,22,Resistor,component:2:22.1,,,,,2,t1,22.1:t1,,vertical,,,,,,,22.1,,False,22.1:t1,ok,1.0,matched_preferred,[],N8,,8,False,,,,,,,,,,terminal:2:22.1:t1,Terminal,,,False,N8,8,top,directional,directional_primary,"[825, 273, 838, 297]",,,,,,,,,,832,291,,,,22.1:t1,t1,"{""point_mode"": ""bbox_side_center"", ""anchor_offset_ratio"": 0.5001}",bbox_side_center,,,831.25,290.91
,,,,,,22,Resistor,component:2:22.1,,,,,2,t2,22.1:t2,,vertical,,,,,,,22.1,,False,22.1:t2,ok,1.0,matched_preferred,[],N10,,10,False,,,,,,,,,,terminal:2:22.1:t2,Terminal,,,False,N10,10,bottom,directional,directional_primary,"[825, 491, 838, 515]",,,,,,,,,,832,496,,,,22.1:t2,t2,"{""point_mode"": ""bbox_side_center"", ""anchor_offset_ratio"": 0.5001}",bbox_side_center,,,831.25,496.11
,,,,,,9,GND,component:2:9.7,,,,,2,t1,9.7:t1,top,up,,,,,,,9.7,,False,9.7:t1,ok,0.0,matched_preferred,[],N11,,11,False,,,,,,,,,,terminal:2:9.7:t1,Terminal,,,False,N11,11,top,directional,directional_primary,"[826, 891, 839, 915]",,,,,,,,,,832,909,,,,9.7:t1,t1,"{""point_mode"": ""one_terminal_axis_center"", ""anchor_offset_ratio"": 0.5}",two_terminal_side_peak,,,832.36,908.77
,,,,,,12,LED,component:2:12.1,,,,,2,anode,12.1:anode,,vertical,,,,,,,12.1,,False,12.1:anode,ok,0.0,matched_preferred,[],N10,,10,False,,,,,,,,,,terminal:2:12.1:t1,Terminal,,,False,N10,10,top,directional,directional_primary,"[826, 624, 839, 648]",0.5688,,symbol_heuristic,anode,diode_cathode_from_bar,polarity,other_side,12.1:anode,anode,832,642,,,,12.1:t1,t1,"{""point_mode"": ""side_peak_outside"", ""scan_axis"": ""x"", ""relative_position"": ""top"", ""scan_start"": 818, ""scan_end"": 897, ""scan_margin"": 8, ""probe_halfspan"": 6, ""probe_out_len"": 12, ""probe_inset"": 1, ""peak_coord"": 832, ""anchor_offset_ratio"": 0.2316, ""max_score"": 42, ""keep_threshold"": 36, ""selected_run_start"": 9, ""selected_run_end"": 19, ""selected_run_length"": 11, ""selected_run_score"": 42}",two_terminal_side_peak,,,832.0,642.0
,,,,,,12,LED,component:2:12.1,,,,,2,cathode,12.1:cathode,,vertical,,,,,,,12.1,,False,12.1:cathode,ok,0.0,matched_preferred,[],N11,,11,False,,,,,,,,,,terminal:2:12.1:t2,Terminal,,,False,N11,11,bottom,directional,directional_primary,"[826, 780, 839, 804]",0.5688,,symbol_heuristic,cathode,diode_cathode_from_bar,polarity,marker_side,12.1:cathode,cathode,832,785,,,,12.1:t2,t2,"{""point_mode"": ""side_peak_outside"", ""scan_axis"": ""x"", ""relative_position"": ""bottom"", ""scan_start"": 818, ""scan_end"": 897, ""scan_margin"": 8, ""probe_halfspan"": 6, ""probe_out_len"": 12, ""probe_inset"": 1, ""peak_coord"": 832, ""anchor_offset_ratio"": 0.2316, ""max_score"": 42, ""keep_threshold"": 36, ""selected_run_start"": 9, ""selected_run_end"": 19, ""selected_run_length"": 11, ""selected_run_score"": 42}",two_terminal_side_peak,,,832.0,785.0
,,,,,,13,Lamp,component:2:13.1,,,,,2,t1,13.1:t1,,vertical,,,,,,,13.1,,False,13.1:t1,ok,0.0,matched_preferred,[],N8,,8,False,,,,,,,,,,terminal:2:13.1:t1,Terminal,,,False,N8,8,top,directional,directional_primary,"[925, 277, 938, 301]",,,,,,,,,,931,295,,,,13.1:t1,t1,"{""point_mode"": ""bbox_side_center"", ""anchor_offset_ratio"": 0.5001}",bbox_side_center,,,930.81,294.79
,,,,,,13,Lamp,component:2:13.1,,,,,2,t2,13.1:t2,,vertical,,,,,,,13.1,,False,13.1:t2,ok,0.0,matched_preferred,[],N13,,13,False,,,,,,,,,,terminal:2:13.1:t2,Terminal,,,False,N13,13,bottom,directional,directional_primary,"[925, 467, 938, 491]",,,,,,,,,,931,472,,,,13.1:t2,t2,"{""point_mode"": ""bbox_side_center"", ""anchor_offset_ratio"": 0.5001}",bbox_side_center,,,930.81,471.81
,,,,,,15,Meter,component:2:15.3,,,,,2,t1,15.3:t1,,vertical,,,,,,,15.3,,False,15.3:t1,ok,0.0,matched_preferred,[],N13,,13,False,,,,,,,,,,terminal:2:15.3:t1,Terminal,,,False,N13,13,top,directional,directional_primary,"[923, 602, 940, 631]",,,,,,,,,,931,624,,,,15.3:t1,t1,"{""point_mode"": ""bbox_side_center"", ""anchor_offset_ratio"": 0.4999}",bbox_side_center,,,931.15,623.5
,,,,,,15,Meter,component:2:15.3,,,,,2,t2,15.3:t2,,vertical,,,,,,,15.3,,False,15.3:t2,ok,0.0,matched_preferred,[],N12,,12,False,,,,,,,,,,terminal:2:15.3:t2,Terminal,,,False,N12,12,bottom,directional,directional_primary,"[923, 789, 940, 818]",,,,,,,,,,931,795,,,,15.3:t2,t2,"{""point_mode"": ""bbox_side_center"", ""anchor_offset_ratio"": 0.4999}",bbox_side_center,,,931.15,794.74
,,,,,,9,GND,component:2:9.8,,,,,2,t1,9.8:t1,top,up,,,,,,,9.8,,False,9.8:t1,ok,1.0,matched_preferred,[],N12,,12,False,,,,,,,,,,terminal:2:9.8:t1,Terminal,,,False,N12,12,top,directional,directional_primary,"[926, 931, 939, 955]",,,,,,,,,,931,949,,,,9.8:t1,t1,"{""point_mode"": ""one_terminal_axis_center"", ""anchor_offset_ratio"": 0.5}",two_terminal_side_peak,,,931.62,949.02
101,104,368,569,,,,,,,[],"[""15.1:t2"", ""23.1:t2"", ""9.1:t1""]","[""15.1:t2"", ""23.1:t2"", ""9.1:t1""]",2,,,,,,,,,,,,False,,N1,,,,,,,,,[13],,3,,,,,N1,1,net:2:N1,Net,202,,,,,,,,,,,,,,,,,,,,,13,,,,,,,,,
101,177,120,228,,,,,,,[],"[""15.1:t1"", ""23.1:t1"", ""8.1:t1""]","[""15.1:t1"", ""23.1:t1"", ""8.1:t1""]",2,,,,,,,,,,,,False,,N2,,,,,,,,,[3],,3,,,,,N2,2,net:2:N2,Net,191,,,,,,,,,,,,,,,,,,,,,3,,,,,,,,,
248,425,133,201,,,,,,,[],"[""28.1:t1"", ""8.1:t2""]","[""28.1:t1"", ""8.1:t2""]",2,,,,,,,,,,,,False,,N3,,,,,,,,,[5],,2,,,,,N3,3,net:2:N3,Net,250,,,,,,,,,,,,,,,,,,,,,5,,,,,,,,,
361,361,470,581,,,,,,,[],"[""28.1:t3"", ""9.2:t1""]","[""28.1:t3"", ""9.2:t1""]",2,,,,,,,,,,,,False,,N4,,,,,,,,,[18],,2,,,,,N4,4,net:2:N4,Net,112,,,,,,,,,,,,,,,,,,,,,18,,,,,,,,,
410,411,470,582,,,,,,,[],"[""28.1:t4"", ""9.3:t1""]","[""28.1:t4"", ""9.3:t1""]",2,,,,,,,,,,,,False,,N5,,,,,,,,,[19],,2,,,,,N5,5,net:2:N5,Net,113,,,,,,,,,,,,,,,,,,,,,19,,,,,,,,,
610,617,454,599,,,,,,,[],"[""15.2:t2"", ""9.4:t1""]","[""15.2:t2"", ""9.4:t1""]",2,,,,,,,,,,,,False,,N6,,,,,,,,,[16],,2,,,,,N6,6,net:2:N6,Net,153,,,,,,,,,,,,,,,,,,,,,16,,,,,,,,,
672,673,425,598,,,,,,,[],"[""4.1:t2"", ""9.5:t1""]","[""4.1:t2"", ""9.5:t1""]",2,,,,,,,,,,,,False,,N7,,,,,,,,,[14],,2,,,,,N7,7,net:2:N7,Net,174,,,,,,,,,,,,,,,,,,,,,14,,,,,,,,,
421,933,205,347,,,,,,,"[""anode"", ""cathode"", ""anode""]","[""13.1:t1"", ""15.2:t1"", ""22.1:t1"", ""28.1:t2"", ""4.1:t1"", ""7.1:anode"", ""7.1:cathode"", ""7.2:anode""]","[""13.1:t1"", ""15.2:t1"", ""22.1:t1"", ""28.1:t2"", ""4.1:t1"", ""7.1:t1"", ""7.1:t2"", ""7.2:t1""]",2,,,,,,,,,,,,False,,N8,,,,,,,,,[8],,8,,,,,N8,8,net:2:N8,Net,1046,,,,,,,,,,,,,,,,,,,,,8,,,,,,,,,
760,765,434,599,,,,,,,"[""cathode""]","[""7.2:cathode"", ""9.6:t1""]","[""7.2:t2"", ""9.6:t1""]",2,,,,,,,,,,,,False,,N9,,,,,,,,,[15],,2,,,,,N9,9,net:2:N9,Net,171,,,,,,,,,,,,,,,,,,,,,15,,,,,,,,,
831,832,478,659,,,,,,,"[""anode""]","[""12.1:anode"", ""22.1:t2""]","[""12.1:t1"", ""22.1:t2""]",2,,,,,,,,,,,,False,,N10,,,,,,,,,[20],,2,,,,,N10,10,net:2:N10,Net,182,,,,,,,,,,,,,,,,,,,,,20,,,,,,,,,
829,835,769,925,,,,,,,"[""cathode""]","[""12.1:cathode"", ""9.7:t1""]","[""12.1:t2"", ""9.7:t1""]",2,,,,,,,,,,,,False,,N11,,,,,,,,,[23],,2,,,,,N11,11,net:2:N11,Net,163,,,,,,,,,,,,,,,,,,,,,23,,,,,,,,,
927,934,781,966,,,,,,,[],"[""15.3:t2"", ""9.8:t1""]","[""15.3:t2"", ""9.8:t1""]",2,,,,,,,,,,,,False,,N12,,,,,,,,,[24],,2,,,,,N12,12,net:2:N12,Net,193,,,,,,,,,,,,,,,,,,,,,24,,,,,,,,,
931,934,456,638,,,,,,,[],"[""13.1:t2"", ""15.3:t1""]","[""13.1:t2"", ""15.3:t1""]",2,,,,,,,,,,,,False,,N13,,,,,,,,,[17],,2,,,,,N13,13,net:2:N13,Net,188,,,,,,,,,,,,,,,,,,,,,17,,,,,,,,,
,,,,,,,,,,,,,3,,,,,1024,3.jpg,C:\Users\m.profilo\Desktop\tesi_diagrams_yolo\data\batch_v9_2_set_successivo_analog_meter_connector_transformer\3.jpg,1024,,,,,,3,,,,,,,,,,12,,23,11,,23,,,diagram:3,Diagram,,,,,,,,,,,,,,,,,,,,,06_match_terminals_to_nets,,,,,,,,,,
89.76,141.96,180.07,284.9,2,Battery,,,,0.884,,,,3,,,,vertical,,,,,,,2.1,,,2.1,,,,,,,,,,,,,,2,,,,component:3:2.1,Component,,,,,,,,,,,,,,,,,,,,,,,two_terminal,,,,,True,True,,
215.44,299.16,60.62,136.26,8,Fuse,,,,0.8873,,,,3,,,,horizontal,,,,,,,8.1,,,8.1,,,,,,,,,,,,,,2,,,,component:3:8.1,Component,,,,,,,,,,,,,,,,,,,,,,,two_terminal,,,,,True,True,,
347.81,417.35,168.09,300.17,30,Variable_Resistor,,,,0.8932,,,,3,,,,vertical,,,,,,,30.1,,,30.1,,,,,,,,,,,,,,2,,,,component:3:30.1,Component,,,,,,,,,,,,,,,,,,,,,,,two_terminal,,,,,True,True,,
357.0,460.0,436.0,544.0,12,LED,,,,0.8825,,,,3,,,,vertical,,,,,,,12.1,,,12.1,,,,,,,,,,,,,,2,,,,component:3:12.1,Component,,,,,,,,,,,,,,,,,,,,,,,two_terminal,,,,,True,True,,
411.73,497.75,44.65,131.35,25,Switch,,,,0.8376,,,,3,,,,horizontal,,,,,,,25.1,,,25.1,,,,,,,,,,,,,,2,,,,component:3:25.1,Component,,,,,,,,,,,,,,,,,,,,,,,two_terminal,,,,,True,True,,
540.16,590.58,457.63,529.47,7,Diode,,,,0.883,,,,3,,,,vertical,,,,,,,7.1,,,7.1,,,,,,,,,,,,,,2,,,,component:3:7.1,Component,,,,,,,,,,,,,,,,,,,,,,,two_terminal,,,,,True,True,,
544.83,592.53,181.26,287.86,29,Trim_Capacitor,,,,0.889,,,,3,,,,vertical,,,,,,,29.1,,,29.1,,,,,,,,,,,,,,2,,,,component:3:29.1,Component,,,,,,,,,,,,,,,,,,,,,,,two_terminal,,,,,True,True,,
620.22,683.43,42.4,156.96,23,Signal_Source,,,,0.9424,,,,3,,,,horizontal,,,,,,,23.1,,,23.1,,,,,,,,,,,,,,2,,,,component:3:23.1,Component,,,,,,,,,,,,,,,,,,,,,,,two_terminal,,,,,True,True,,
623.25,721.14,623.22,795.46,0,Analog_Meter,,,,0.6674,,,,3,,,,horizontal,,,,,,,0.1,,,0.1,,,,,,,,,,,,,,2,,,,component:3:0.1,Component,,,,,,,,,,,,,,,,,,,,,,,two_terminal,,,,,True,True,,
732.27,800.63,168.36,305.94,30,Variable_Resistor,,,,0.9167,,,,3,,,,vertical,,,,,,,30.2,,,30.2,,,,,,,,,,,,,,2,,,,component:3:30.2,Component,,,,,,,,,,,,,,,,,,,,,,,two_terminal,,,,,True,True,,
832.84,861.83,951.17,1016.86,9,GND,,,,0.8132,,,,3,,,right,right,,,,,,,9.1,,,9.1,,,,,,,,,,,,,,1,,,,component:3:9.1,Component,,,,,,,,,,,,,,,,,,,,,,,one_terminal,,,,,True,True,,
914.24,978.81,41.82,156.99,13,Lamp,,,,0.9597,,,,3,,,,horizontal,,,,,,,13.1,,,13.1,,,,,,,,,,,,,,2,,,,component:3:13.1,Component,,,,,,,,,,,,,,,,,,,,,,,two_terminal,,,,,True,True,,
,,,,,,2,Battery,component:3:2.1,,,,,3,positive,2.1:positive,,vertical,,,,,,,2.1,,False,2.1:positive,ok,3.0,matched_preferred,[],N1,,1,False,,,,,,,,,,terminal:3:2.1:t1,Terminal,,,False,N1,1,top,directional,directional_primary,"[110, 158, 123, 182]",0.2,,orientation_fallback,positive,battery_positive_from_long_plate,polarity,marker_side,2.1:positive,positive,113,176,,,,2.1:t1,t1,"{""point_mode"": ""bbox_side_center"", ""anchor_offset_ratio"": 0.5}",bbox_side_center,,,115.86,176.07
,,,,,,2,Battery,component:3:2.1,,,,,3,negative,2.1:negative,,vertical,,,,,,,2.1,,False,2.1:negative,ok,3.0,matched_preferred,[],N3,,3,False,,,,,,,,,,terminal:3:2.1:t2,Terminal,,,False,N3,3,bottom,directional,directional_primary,"[110, 284, 123, 308]",0.2,,orientation_fallback,negative,battery_positive_from_long_plate,polarity,other_side,2.1:negative,negative,113,289,,,,2.1:t2,t2,"{""point_mode"": ""bbox_side_center"", ""anchor_offset_ratio"": 0.5}",bbox_side_center,,,115.86,288.9
,,,,,,8,Fuse,component:3:8.1,,,,,3,t1,8.1:t1,,horizontal,,,,,,,8.1,,False,8.1:t1,ok,1.0,matched_preferred,[],N1,,1,False,,,,,,,,,,terminal:3:8.1:t1,Terminal,,,False,N1,1,left,directional,directional_primary,"[193, 92, 217, 105]",,,,,,,,,,211,99,,,,8.1:t1,t1,"{""point_mode"": ""bbox_side_center"", ""anchor_offset_ratio"": 0.5}",bbox_side_center,,,211.44,98.44
,,,,,,8,Fuse,component:3:8.1,,,,,3,t2,8.1:t2,,horizontal,,,,,,,8.1,,False,8.1:t2,ok,1.0,matched_preferred,[],N2,,2,False,,,,,,,,,,terminal:3:8.1:t2,Terminal,,,False,N2,2,right,directional,directional_primary,"[298, 92, 322, 105]",,,,,,,,,,303,99,,,,8.1:t2,t2,"{""point_mode"": ""bbox_side_center"", ""anchor_offset_ratio"": 0.5}",bbox_side_center,,,303.16,98.44
,,,,,,30,Variable_Resistor,component:3:30.1,,,,,3,t1,30.1:t1,,vertical,,,,,,,30.1,,False,30.1:t1,ok,0.0,matched_preferred,[],N2,,2,False,,,,,,,,,,terminal:3:30.1:t1,Terminal,,,False,N2,2,top,directional,directional_primary,"[374, 146, 387, 170]",,,,,,,,,,380,164,,,,30.1:t1,t1,"{""point_mode"": ""side_peak_outside"", ""scan_axis"": ""x"", ""relative_position"": ""top"", ""scan_start"": 354, ""scan_end"": 411, ""scan_margin"": 6, ""probe_halfspan"": 6, ""probe_out_len"": 12, ""probe_inset"": 1, ""peak_coord"": 380, ""anchor_offset_ratio"": 0.4638, ""max_score"": 56, ""keep_threshold"": 48, ""selected_run_start"": 22, ""selected_run_end"": 31, ""selected_run_length"": 10, ""selected_run_score"": 56}",two_terminal_side_peak,,,380.0,164.0
,,,,,,30,Variable_Resistor,component:3:30.1,,,,,3,t2,30.1:t2,,vertical,,,,,,,30.1,,False,30.1:t2,ok,0.0,matched_preferred,[],N5,,5,False,,,,,,,,,,terminal:3:30.1:t2,Terminal,,,False,N5,5,bottom,directional,directional_primary,"[374, 299, 387, 323]",,,,,,,,,,380,304,,,,30.1:t2,t2,"{""point_mode"": ""side_peak_outside"", ""scan_axis"": ""x"", ""relative_position"": ""bottom"", ""scan_start"": 354, ""scan_end"": 411, ""scan_margin"": 6, ""probe_halfspan"": 6, ""probe_out_len"": 12, ""probe_inset"": 1, ""peak_coord"": 380, ""anchor_offset_ratio"": 0.4638, ""max_score"": 56, ""keep_threshold"": 48, ""selected_run_start"": 22, ""selected_run_end"": 31, ""selected_run_length"": 10, ""selected_run_score"": 56}",two_terminal_side_peak,,,380.0,304.0
,,,,,,12,LED,component:3:12.1,,,,,3,anode,12.1:anode,,vertical,,,,,,,12.1,,False,12.1:anode,ok,1.0,matched_preferred,[],N5,,5,False,,,,,,,,,,terminal:3:12.1:t1,Terminal,,,False,N5,5,top,directional,directional_primary,"[375, 414, 388, 438]",0.4363,,symbol_heuristic,anode,diode_cathode_from_bar,polarity,other_side,12.1:anode,anode,380,432,,,,12.1:t1,t1,"{""point_mode"": ""side_peak_outside"", ""scan_axis"": ""x"", ""relative_position"": ""top"", ""scan_start"": 365, ""scan_end"": 452, ""scan_margin"": 8, ""probe_halfspan"": 6, ""probe_out_len"": 12, ""probe_inset"": 1, ""peak_coord"": 381, ""anchor_offset_ratio"": 0.233, ""max_score"": 56, ""keep_threshold"": 48, ""selected_run_start"": 11, ""selected_run_end"": 20, ""selected_run_length"": 10, ""selected_run_score"": 56}",two_terminal_side_peak,,,381.0,432.0
,,,,,,12,LED,component:3:12.1,,,,,3,cathode,12.1:cathode,,vertical,,,,,,,12.1,,False,12.1:cathode,ok,1.0,matched_preferred,[],N4,,4,False,,,,,,,,,,terminal:3:12.1:t2,Terminal,,,False,N4,4,bottom,directional,directional_primary,"[375, 543, 388, 567]",0.4363,,symbol_heuristic,cathode,diode_cathode_from_bar,polarity,marker_side,12.1:cathode,cathode,380,548,,,,12.1:t2,t2,"{""point_mode"": ""side_peak_outside"", ""scan_axis"": ""x"", ""relative_position"": ""bottom"", ""scan_start"": 365, ""scan_end"": 452, ""scan_margin"": 8, ""probe_halfspan"": 6, ""probe_out_len"": 12, ""probe_inset"": 1, ""peak_coord"": 381, ""anchor_offset_ratio"": 0.233, ""max_score"": 56, ""keep_threshold"": 48, ""selected_run_start"": 11, ""selected_run_end"": 20, ""selected_run_length"": 10, ""selected_run_score"": 56}",two_terminal_side_peak,,,381.0,548.0
,,,,,,25,Switch,component:3:25.1,,,,,3,t1,25.1:t1,,horizontal,,,,,,,25.1,,False,25.1:t1,ok,0.0,matched_preferred,[],N2,,2,False,,,,,,,,,,terminal:3:25.1:t1,Terminal,,,False,N2,2,left,directional,directional_primary,"[366, 87, 419, 112]",,,,,,,,,,408,99,,,,25.1:t1,t1,"{""point_mode"": ""side_peak_outside"", ""scan_axis"": ""y"", ""relative_position"": ""left"", ""scan_start"": 52, ""scan_end"": 124, ""scan_margin"": 7, ""probe_halfspan"": 6, ""probe_out_len"": 12, ""probe_inset"": 1, ""peak_coord"": 99, ""anchor_offset_ratio"": 0.6279, ""max_score"": 70, ""keep_threshold"": 60, ""selected_run_start"": 43, ""selected_run_end"": 51, ""selected_run_length"": 9, ""selected_run_score"": 70}",two_terminal_side_peak,,,408.0,99.0
,,,,,,25,Switch,component:3:25.1,,,,,3,t2,25.1:t2,,horizontal,,,,,,,25.1,,False,25.1:t2,ok,0.0,matched_preferred,[],N6,,6,False,,,,,,,,,,terminal:3:25.1:t2,Terminal,,,False,N6,6,right,directional,directional_primary,"[492, 87, 545, 112]",,,,,,,,,,502,99,,,,25.1:t2,t2,"{""point_mode"": ""side_peak_outside"", ""scan_axis"": ""y"", ""relative_position"": ""right"", ""scan_start"": 52, ""scan_end"": 124, ""scan_margin"": 7, ""probe_halfspan"": 6, ""probe_out_len"": 12, ""probe_inset"": 1, ""peak_coord"": 99, ""anchor_offset_ratio"": 0.6279, ""max_score"": 70, ""keep_threshold"": 60, ""selected_run_start"": 43, ""selected_run_end"": 51, ""selected_run_length"": 9, ""selected_run_score"": 70}",two_terminal_side_peak,,,502.0,99.0
,,,,,,7,Diode,component:3:7.1,,,,,3,anode,7.1:anode,,vertical,,,,,,,7.1,,False,7.1:anode,ok,1.0,matched_preferred,[],N8,,8,False,,,,,,,,,,terminal:3:7.1:t1,Terminal,,,False,N8,8,top,directional,directional_primary,"[547, 436, 584, 460]",0.3731,,symbol_heuristic,anode,diode_cathode_from_bar,polarity,other_side,7.1:anode,anode,564,454,,,,7.1:t1,t1,"{""point_mode"": ""two_terminal_axis_center"", ""anchor_offset_ratio"": 0.5}",two_terminal_side_peak,,,565.37,453.63
,,,,,,7,Diode,component:3:7.1,,,,,3,cathode,7.1:cathode,,vertical,,,,,,,7.1,,False,7.1:cathode,ok,1.0,matched_preferred,[],N7,,7,False,,,,,,,,,,terminal:3:7.1:t2,Terminal,,,False,N7,7,bottom,directional,directional_primary,"[547, 528, 584, 552]",0.3731,,symbol_heuristic,cathode,diode_cathode_from_bar,polarity,marker_side,7.1:cathode,cathode,564,533,,,,7.1:t2,t2,"{""point_mode"": ""two_terminal_axis_center"", ""anchor_offset_ratio"": 0.5}",two_terminal_side_peak,,,565.37,533.47
,,,,,,29,Trim_Capacitor,component:3:29.1,,,,,3,t1,29.1:t1,,vertical,,,,,,,29.1,,False,29.1:t1,ok,5.0,matched_preferred,[],N6,,6,False,,,,,,,,,,terminal:3:29.1:t1,Terminal,,,False,N6,6,top,directional,directional_primary,"[563, 159, 576, 183]",,,,,,,,,,564,177,,,,29.1:t1,t1,"{""point_mode"": ""bbox_side_center"", ""anchor_offset_ratio"": 0.5}",bbox_side_center,,,568.68,177.26
,,,,,,29,Trim_Capacitor,component:3:29.1,,,,,3,t2,29.1:t2,,vertical,,,,,,,29.1,,False,29.1:t2,ok,5.0,matched_preferred,[],N8,,8,False,,,,,,,,,,terminal:3:29.1:t2,Terminal,,,False,N8,8,bottom,directional,directional_primary,"[563, 287, 576, 311]",,,,,,,,,,564,292,,,,29.1:t2,t2,"{""point_mode"": ""bbox_side_center"", ""anchor_offset_ratio"": 0.5}",bbox_side_center,,,568.68,291.86
,,,,,,23,Signal_Source,component:3:23.1,,,,,3,t1,23.1:t1,,horizontal,,,,,,,23.1,,False,23.1:t1,ok,1.0,matched_preferred,[],N6,,6,False,,,,,,,,,,terminal:3:23.1:t1,Terminal,,,False,N6,6,left,directional,directional_primary,"[598, 94, 622, 107]",,,,,,,,,,616,99,,,,23.1:t1,t1,"{""point_mode"": ""bbox_side_center"", ""anchor_offset_ratio"": 0.5}",bbox_side_center,,,616.22,99.68
,,,,,,23,Signal_Source,component:3:23.1,,,,,3,t2,23.1:t2,,horizontal,,,,,,,23.1,,False,23.1:t2,ok,1.0,matched_preferred,[],N10,,10,False,,,,,,,,,,terminal:3:23.1:t2,Terminal,,,False,N10,10,right,directional,directional_primary,"[682, 94, 706, 107]",,,,,,,,,,687,99,,,,23.1:t2,t2,"{""point_mode"": ""bbox_side_center"", ""anchor_offset_ratio"": 0.5}",bbox_side_center,,,687.43,99.68
,,,,,,0,Analog_Meter,component:3:0.1,,,,,3,t1,0.1:t1,,horizontal,,,,,,,0.1,,False,0.1:t1,ok,38.079,matched_nearest,"[""no_preferred_net_from_05"", ""matched_without_preferred_label"", ""used_fallback_search""]",N3,,3,False,,,,,,,,,,terminal:3:0.1:t1,Terminal,,,False,,,left,circle,circle_fallback,"[565, 563, 726, 724]",,,,,,,,,,612,662,,,,0.1:t1,t1,"{""point_mode"": ""strategy_absolute_point"", ""point_source"": ""term_def.point""}",strategy_absolute_point,,,645.2,642.8
,,,,,,0,Analog_Meter,component:3:0.1,,,,,3,t2,0.1:t2,,horizontal,,,,,,,0.1,,False,0.1:t2,ok,3.162,matched_preferred,[],N9,,9,False,,,,,,,,,,terminal:3:0.1:t2,Terminal,,,False,N9,9,right,directional,directional_primary,"[676, 647, 741, 676]",,,,,,,,,,687,662,,,,0.1:t2,t2,"{""point_mode"": ""strategy_absolute_point"", ""point_source"": ""term_def.point""}",strategy_absolute_point,,,683.6,660.8
,,,,,,30,Variable_Resistor,component:3:30.2,,,,,3,t1,30.2:t1,,vertical,,,,,,,30.2,,False,30.2:t1,ok,0.0,matched_preferred,[],N10,,10,False,,,,,,,,,,terminal:3:30.2:t1,Terminal,,,False,N10,10,top,directional,directional_primary,"[746, 146, 759, 170]",,,,,,,,,,752,164,,,,30.2:t1,t1,"{""point_mode"": ""side_peak_outside"", ""scan_axis"": ""x"", ""relative_position"": ""top"", ""scan_start"": 738, ""scan_end"": 795, ""scan_margin"": 6, ""probe_halfspan"": 6, ""probe_out_len"": 12, ""probe_inset"": 1, ""peak_coord"": 752, ""anchor_offset_ratio"": 0.2899, ""max_score"": 56, ""keep_threshold"": 48, ""selected_run_start"": 10, ""selected_run_end"": 19, ""selected_run_length"": 10, ""selected_run_score"": 56}",two_terminal_side_peak,,,752.0,164.0
,,,,,,30,Variable_Resistor,component:3:30.2,,,,,3,t2,30.2:t2,,vertical,,,,,,,30.2,,False,30.2:t2,ok,0.0,matched_preferred,[],N11,,11,False,,,,,,,,,,terminal:3:30.2:t2,Terminal,,,False,N11,11,bottom,directional,directional_primary,"[746, 305, 759, 329]",,,,,,,,,,752,310,,,,30.2:t2,t2,"{""point_mode"": ""side_peak_outside"", ""scan_axis"": ""x"", ""relative_position"": ""bottom"", ""scan_start"": 738, ""scan_end"": 795, ""scan_margin"": 6, ""probe_halfspan"": 6, ""probe_out_len"": 12, ""probe_inset"": 1, ""peak_coord"": 752, ""anchor_offset_ratio"": 0.2899, ""max_score"": 56, ""keep_threshold"": 48, ""selected_run_start"": 10, ""selected_run_end"": 19, ""selected_run_length"": 10, ""selected_run_score"": 56}",two_terminal_side_peak,,,752.0,310.0
,,,,,,9,GND,component:3:9.1,,,,,3,t1,9.1:t1,right,right,,,,,,,9.1,,False,9.1:t1,ok,1.0,matched_preferred,[],N11,,11,False,,,,,,,,,,terminal:3:9.1:t1,Terminal,,,False,N11,11,right,directional,directional_primary,"[861, 978, 885, 991]",,,,,,,,,,866,983,,,,9.1:t1,t1,"{""point_mode"": ""one_terminal_axis_center"", ""anchor_offset_ratio"": 0.5}",two_terminal_side_peak,,,865.83,984.01
,,,,,,13,Lamp,component:3:13.1,,,,,3,t1,13.1:t1,,horizontal,,,,,,,13.1,,False,13.1:t1,ok,0.0,matched_preferred,[],N10,,10,False,,,,,,,,,,terminal:3:13.1:t1,Terminal,,,False,N10,10,left,directional,directional_primary,"[892, 93, 916, 106]",,,,,,,,,,910,99,,,,13.1:t1,t1,"{""point_mode"": ""bbox_side_center"", ""anchor_offset_ratio"": 0.5}",bbox_side_center,,,910.24,99.41
,,,,,,13,Lamp,component:3:13.1,,,,,3,t2,13.1:t2,,horizontal,,,,,,,13.1,,False,13.1:t2,ok,1.0,matched_preferred,[],N11,,11,False,,,,,,,,,,terminal:3:13.1:t2,Terminal,,,False,N11,11,right,directional,directional_primary,"[978, 93, 1002, 106]",,,,,,,,,,983,100,,,,13.1:t2,t2,"{""point_mode"": ""bbox_side_center"", ""anchor_offset_ratio"": 0.5}",bbox_side_center,,,982.81,99.41
113,228,97,192,,,,,,,"[""positive""]","[""2.1:positive"", ""8.1:t1""]","[""2.1:t1"", ""8.1:t1""]",3,,,,,,,,,,,,False,,N1,,,,,,,,,[7],,2,,,,,N1,1,net:3:N1,Net,208,,,,,,,,,,,,,,,,,,,,,7,,,,,,,,,
286,414,96,180,,,,,,,[],"[""25.1:t1"", ""30.1:t1"", ""8.1:t2""]","[""25.1:t1"", ""30.1:t1"", ""8.1:t2""]",3,,,,,,,,,,,,False,,N2,,,,,,,,,[8],,3,,,,,N2,2,net:3:N2,Net,211,,,,,,,,,,,,,,,,,,,,,8,,,,,,,,,
113,612,272,662,,,,,,,"[""negative""]","[""2.1:negative""]","[""2.1:t2""]",3,,,,,,,,,,,,False,,N3,,,,,,,,,[14],,1,,,,,N3,3,net:3:N3,Net,888,,,,,,,,,,,,,,,,,,,,,14,,,,,,,,,
380,380,533,631,,,,,,,"[""cathode""]","[""12.1:cathode""]","[""12.1:t2""]",3,,,,,,,,,,,,False,,N4,,,,,,,,,[20],,1,,,,,N4,4,net:3:N4,Net,99,,,,,,,,,,,,,,,,,,,,,20,,,,,,,,,
380,381,287,448,,,,,,,"[""anode""]","[""12.1:anode"", ""30.1:t2""]","[""12.1:t1"", ""30.1:t2""]",3,,,,,,,,,,,,False,,N5,,,,,,,,,[16],,2,,,,,N5,5,net:3:N5,Net,162,,,,,,,,,,,,,,,,,,,,,16,,,,,,,,,
497,624,93,191,,,,,,,[],"[""23.1:t1"", ""25.1:t2"", ""29.1:t1""]","[""23.1:t1"", ""25.1:t2"", ""29.1:t1""]",3,,,,,,,,,,,,False,,N6,,,,,,,,,[5],,3,,,,,N6,6,net:3:N6,Net,232,,,,,,,,,,,,,,,,,,,,,5,,,,,,,,,
564,565,516,631,,,,,,,"[""cathode""]","[""7.1:cathode""]","[""7.1:t2""]",3,,,,,,,,,,,,False,,N7,,,,,,,,,[19],,1,,,,,N7,7,net:3:N7,Net,116,,,,,,,,,,,,,,,,,,,,,19,,,,,,,,,
564,573,278,470,,,,,,,"[""anode""]","[""29.1:t2"", ""7.1:anode""]","[""29.1:t2"", ""7.1:t1""]",3,,,,,,,,,,,,False,,N8,,,,,,,,,[15],,2,,,,,N8,8,net:3:N8,Net,202,,,,,,,,,,,,,,,,,,,,,15,,,,,,,,,
686,696,654,667,,,,,,,[],"[""0.1:t2""]","[""0.1:t2""]",3,,,,,,,,,,,,False,,N9,,,,,,,,,[21],,1,,,,,N9,9,net:3:N9,Net,22,,,,,,,,,,,,,,,,,,,,,21,,,,,,,,,
679,926,93,180,,,,,,,[],"[""13.1:t1"", ""23.1:t2"", ""30.2:t1""]","[""13.1:t1"", ""23.1:t2"", ""30.2:t1""]",3,,,,,,,,,,,,False,,N10,,,,,,,,,[6],,3,,,,,N10,10,net:3:N10,Net,352,,,,,,,,,,,,,,,,,,,,,6,,,,,,,,,
732,991,96,984,,,,,,,[],"[""13.1:t2"", ""30.2:t2"", ""9.1:t1""]","[""13.1:t2"", ""30.2:t2"", ""9.1:t1""]",3,,,,,,,,,,,,False,,N11,,,,,,,,,[9],,3,,,,,N11,11,net:3:N11,Net,1545,,,,,,,,,,,,,,,,,,,,,9,,,,,,,,,
,,,,,,,,,,,,,4,,,,,1024,4.jpg,C:\Users\m.profilo\Desktop\tesi_diagrams_yolo\data\batch_v9_2_set_successivo_analog_meter_connector_transformer\4.jpg,1024,,,,,,4,,,,,,,,,,13,,25,10,,25,,,diagram:4,Diagram,,,,,,,,,,,,,,,,,,,,,06_match_terminals_to_nets,,,,,,,,,,
95.11,145.48,155.22,413.55,2,Battery,,,,0.9077,,,,4,,,,vertical,,,,,,,2.1,,,2.1,,,,,,,,,,,,,,2,,,,component:4:2.1,Component,,,,,,,,,,,,,,,,,,,,,,,two_terminal,,,,,True,True,,
206.75,279.97,75.76,169.55,8,Fuse,,,,0.9072,,,,4,,,,horizontal,,,,,,,8.1,,,8.1,,,,,,,,,,,,,,2,,,,component:4:8.1,Component,,,,,,,,,,,,,,,,,,,,,,,two_terminal,,,,,True,True,,
329.9,369.84,220.94,353.62,29,Trim_Capacitor,,,,0.9153,,,,4,,,,vertical,,,,,,,29.1,,,29.1,,,,,,,,,,,,,,2,,,,component:4:29.1,Component,,,,,,,,,,,,,,,,,,,,,,,two_terminal,,,,,True,True,,
325.0,422.0,537.0,662.0,12,LED,,,,0.8613,,,,4,,,,vertical,,,,,,,12.1,,,12.1,,,,,,,,,,,,,,2,,,,component:4:12.1,Component,,,,,,,,,,,,,,,,,,,,,,,two_terminal,,,,,True,True,,
392.18,450.68,51.46,192.72,23,Signal_Source,,,,0.9259,,,,4,,,,horizontal,,,,,,,23.1,,,23.1,,,,,,,,,,,,,,2,,,,component:4:23.1,Component,,,,,,,,,,,,,,,,,,,,,,,two_terminal,,,,,True,True,,
510.94,569.87,199.98,371.31,30,Variable_Resistor,,,,0.9087,,,,4,,,,vertical,,,,,,,30.1,,,30.1,,,,,,,,,,,,,,2,,,,component:4:30.1,Component,,,,,,,,,,,,,,,,,,,,,,,two_terminal,,,,,True,True,,
521.39,584.06,515.59,689.3,30,Variable_Resistor,,,,0.9213,,,,4,,,,vertical,,,,,,,30.2,,,30.2,,,,,,,,,,,,,,2,,,,component:4:30.2,Component,,,,,,,,,,,,,,,,,,,,,,,two_terminal,,,,,True,True,,
558.37,640.48,52.82,158.35,25,Switch,,,,0.8656,,,,4,,,,horizontal,,,,,,,25.1,,,25.1,,,,,,,,,,,,,,2,,,,component:4:25.1,Component,,,,,,,,,,,,,,,,,,,,,,,two_terminal,,,,,True,True,,
761.93,815.32,838.76,924.23,7,Diode,,,,0.8949,,,,4,,,,horizontal,,,,,,,7.1,,,7.1,,,,,,,,,,,,,,2,,,,component:4:7.1,Component,,,,,,,,,,,,,,,,,,,,,,,two_terminal,,,,,True,True,,
837.96,881.39,121.04,218.13,26,Terminal,,,,0.7658,,,,4,,,,vertical,,,,,,,26.1,,,26.1,,,,,,,,,,,,,,2,,,,component:4:26.1,Component,,,,,,,,,,,,,,,,,,,,,,,variable_terminal,,,,,True,True,,
832.12,888.84,310.3,453.16,13,Lamp,,,,0.9689,,,,4,,,,vertical,,,,,,,13.1,,,13.1,,,,,,,,,,,,,,2,,,,component:4:13.1,Component,,,,,,,,,,,,,,,,,,,,,,,two_terminal,,,,,True,True,,
854.04,940.48,530.86,741.28,0,Analog_Meter,,,,0.9868,,,,4,,,,vertical,,,,,,,0.1,,,0.1,,,,,,,,,,,,,,2,,,,component:4:0.1,Component,,,,,,,,,,,,,,,,,,,,,,,two_terminal,,,,,True,True,,
964.33,997.41,916.71,975.93,9,GND,,,,0.7953,,,,4,,,top,up,,,,,,,9.1,,,9.1,,,,,,,,,,,,,,1,,,,component:4:9.1,Component,,,,,,,,,,,,,,,,,,,,,,,one_terminal,,,,,True,True,,
,,,,,,2,Battery,component:4:2.1,,,,,4,positive,2.1:positive,,vertical,,,,,,,2.1,,False,2.1:positive,ok,1.0,matched_preferred,[],N1,,1,False,,,,,,,,,,terminal:4:2.1:t1,Terminal,,,False,N1,1,top,directional,directional_primary,"[114, 133, 127, 157]",0.2,,orientation_fallback,positive,battery_positive_from_long_plate,polarity,marker_side,2.1:positive,positive,119,151,,,,2.1:t1,t1,"{""point_mode"": ""bbox_side_center"", ""anchor_offset_ratio"": 0.4999}",bbox_side_center,,,120.29,151.22
,,,,,,2,Battery,component:4:2.1,,,,,4,negative,2.1:negative,,vertical,,,,,,,2.1,,False,2.1:negative,ok,1.0,matched_preferred,[],N4,,4,False,,,,,,,,,,terminal:4:2.1:t2,Terminal,,,False,N4,4,bottom,directional,directional_primary,"[114, 413, 127, 437]",0.2,,orientation_fallback,negative,battery_positive_from_long_plate,polarity,other_side,2.1:negative,negative,119,418,,,,2.1:t2,t2,"{""point_mode"": ""bbox_side_center"", ""anchor_offset_ratio"": 0.4999}",bbox_side_center,,,120.29,417.55
,,,,,,8,Fuse,component:4:8.1,,,,,4,t1,8.1:t1,,horizontal,,,,,,,8.1,,False,8.1:t1,ok,2.0,matched_preferred,[],N1,,1,False,,,,,,,,,,terminal:4:8.1:t1,Terminal,,,False,N1,1,left,directional,directional_primary,"[185, 117, 209, 130]",,,,,,,,,,203,121,,,,8.1:t1,t1,"{""point_mode"": ""bbox_side_center"", ""anchor_offset_ratio"": 0.5001}",bbox_side_center,,,202.75,122.66
,,,,,,8,Fuse,component:4:8.1,,,,,4,t2,8.1:t2,,horizontal,,,,,,,8.1,,False,8.1:t2,ok,2.0,matched_preferred,[],N2,,2,False,,,,,,,,,,terminal:4:8.1:t2,Terminal,,,False,N2,2,right,directional,directional_primary,"[279, 117, 303, 130]",,,,,,,,,,284,121,,,,8.1:t2,t2,"{""point_mode"": ""bbox_side_center"", ""anchor_offset_ratio"": 0.5001}",bbox_side_center,,,283.97,122.66
,,,,,,29,Trim_Capacitor,component:4:29.1,,,,,4,t1,29.1:t1,,vertical,,,,,,,29.1,,False,29.1:t1,ok,3.0,matched_preferred,[],N2,,2,False,,,,,,,,,,terminal:4:29.1:t1,Terminal,,,False,N2,2,top,directional,directional_primary,"[344, 199, 357, 223]",,,,,,,,,,347,217,,,,29.1:t1,t1,"{""point_mode"": ""bbox_side_center"", ""anchor_offset_ratio"": 0.5}",bbox_side_center,,,349.87,216.94
,,,,,,29,Trim_Capacitor,component:4:29.1,,,,,4,t2,29.1:t2,,vertical,,,,,,,29.1,,False,29.1:t2,ok,3.0,matched_preferred,[],N3,,3,False,,,,,,,,,,terminal:4:29.1:t2,Terminal,,,False,N3,3,bottom,directional,directional_primary,"[344, 353, 357, 377]",,,,,,,,,,347,358,,,,29.1:t2,t2,"{""point_mode"": ""bbox_side_center"", ""anchor_offset_ratio"": 0.5}",bbox_side_center,,,349.87,357.62
,,,,,,12,LED,component:4:12.1,,,,,4,anode,12.1:anode,,vertical,,,,,,,12.1,,False,12.1:anode,ok,0.0,matched_preferred,[],N3,,3,False,,,,,,,,,,terminal:4:12.1:t1,Terminal,,,False,N3,3,top,directional,directional_primary,"[341, 515, 354, 539]",0.5187,,symbol_heuristic,anode,diode_cathode_from_bar,polarity,other_side,12.1:anode,anode,347,533,,,,12.1:t1,t1,"{""point_mode"": ""side_peak_outside"", ""scan_axis"": ""x"", ""relative_position"": ""top"", ""scan_start"": 333, ""scan_end"": 414, ""scan_margin"": 8, ""probe_halfspan"": 6, ""probe_out_len"": 12, ""probe_inset"": 1, ""peak_coord"": 347, ""anchor_offset_ratio"": 0.2268, ""max_score"": 42, ""keep_threshold"": 36, ""selected_run_start"": 9, ""selected_run_end"": 19, ""selected_run_length"": 11, ""selected_run_score"": 42}",two_terminal_side_peak,,,347.0,533.0
,,,,,,12,LED,component:4:12.1,,,,,4,cathode,12.1:cathode,,vertical,,,,,,,12.1,,False,12.1:cathode,ok,0.0,matched_preferred,[],N4,,4,False,,,,,,,,,,terminal:4:12.1:t2,Terminal,,,False,N4,4,bottom,directional,directional_primary,"[341, 661, 354, 685]",0.5187,,symbol_heuristic,cathode,diode_cathode_from_bar,polarity,marker_side,12.1:cathode,cathode,347,666,,,,12.1:t2,t2,"{""point_mode"": ""side_peak_outside"", ""scan_axis"": ""x"", ""relative_position"": ""bottom"", ""scan_start"": 333, ""scan_end"": 414, ""scan_margin"": 8, ""probe_halfspan"": 6, ""probe_out_len"": 12, ""probe_inset"": 1, ""peak_coord"": 347, ""anchor_offset_ratio"": 0.2268, ""max_score"": 42, ""keep_threshold"": 36, ""selected_run_start"": 9, ""selected_run_end"": 19, ""selected_run_length"": 11, ""selected_run_score"": 42}",two_terminal_side_peak,,,347.0,666.0
,,,,,,23,Signal_Source,component:4:23.1,,,,,4,t1,23.1:t1,,horizontal,,,,,,,23.1,,False,23.1:t1,ok,1.0,matched_preferred,[],N2,,2,False,,,,,,,,,,terminal:4:23.1:t1,Terminal,,,False,N2,2,left,directional,directional_primary,"[370, 116, 394, 129]",,,,,,,,,,388,121,,,,23.1:t1,t1,"{""point_mode"": ""bbox_side_center"", ""anchor_offset_ratio"": 0.5}",bbox_side_center,,,388.18,122.09
,,,,,,23,Signal_Source,component:4:23.1,,,,,4,t2,23.1:t2,,horizontal,,,,,,,23.1,,False,23.1:t2,ok,1.0,matched_preferred,[],N5,,5,False,,,,,,,,,,terminal:4:23.1:t2,Terminal,,,False,N5,5,right,directional,directional_primary,"[450, 116, 474, 129]",,,,,,,,,,455,121,,,,23.1:t2,t2,"{""point_mode"": ""bbox_side_center"", ""anchor_offset_ratio"": 0.5}",bbox_side_center,,,454.68,122.09
,,,,,,30,Variable_Resistor,component:4:30.1,,,,,4,t1,30.1:t1,,vertical,,,,,,,30.1,,False,30.1:t1,ok,0.0,matched_preferred,[],N5,,5,False,,,,,,,,,,terminal:4:30.1:t1,Terminal,,,False,N5,5,top,directional,directional_primary,"[533, 178, 546, 202]",,,,,,,,,,539,196,,,,30.1:t1,t1,"{""point_mode"": ""side_peak_outside"", ""scan_axis"": ""x"", ""relative_position"": ""top"", ""scan_start"": 516, ""scan_end"": 565, ""scan_margin"": 5, ""probe_halfspan"": 6, ""probe_out_len"": 12, ""probe_inset"": 1, ""peak_coord"": 539, ""anchor_offset_ratio"": 0.4746, ""max_score"": 42, ""keep_threshold"": 36, ""selected_run_start"": 18, ""selected_run_end"": 28, ""selected_run_length"": 11, ""selected_run_score"": 42}",two_terminal_side_peak,,,539.0,196.0
,,,,,,30,Variable_Resistor,component:4:30.1,,,,,4,t2,30.1:t2,,vertical,,,,,,,30.1,,False,30.1:t2,ok,0.0,matched_preferred,[],N6,,6,False,,,,,,,,,,terminal:4:30.1:t2,Terminal,,,False,N6,6,bottom,directional,directional_primary,"[533, 370, 546, 394]",,,,,,,,,,539,375,,,,30.1:t2,t2,"{""point_mode"": ""side_peak_outside"", ""scan_axis"": ""x"", ""relative_position"": ""bottom"", ""scan_start"": 516, ""scan_end"": 565, ""scan_margin"": 5, ""probe_halfspan"": 6, ""probe_out_len"": 12, ""probe_inset"": 1, ""peak_coord"": 539, ""anchor_offset_ratio"": 0.4746, ""max_score"": 42, ""keep_threshold"": 36, ""selected_run_start"": 18, ""selected_run_end"": 28, ""selected_run_length"": 11, ""selected_run_score"": 42}",two_terminal_side_peak,,,539.0,375.0
,,,,,,30,Variable_Resistor,component:4:30.2,,,,,4,t1,30.2:t1,,vertical,,,,,,,30.2,,False,30.2:t1,ok,0.0,matched_preferred,[],N6,,6,False,,,,,,,,,,terminal:4:30.2:t1,Terminal,,,False,N6,6,top,directional,directional_primary,"[533, 494, 546, 518]",,,,,,,,,,539,512,,,,30.2:t1,t1,"{""point_mode"": ""side_peak_outside"", ""scan_axis"": ""x"", ""relative_position"": ""top"", ""scan_start"": 526, ""scan_end"": 579, ""scan_margin"": 5, ""probe_halfspan"": 6, ""probe_out_len"": 12, ""probe_inset"": 1, ""peak_coord"": 539, ""anchor_offset_ratio"": 0.2857, ""max_score"": 42, ""keep_threshold"": 36, ""selected_run_start"": 8, ""selected_run_end"": 18, ""selected_run_length"": 11, ""selected_run_score"": 42}",two_terminal_side_peak,,,539.0,512.0
,,,,,,30,Variable_Resistor,component:4:30.2,,,,,4,t2,30.2:t2,,vertical,,,,,,,30.2,,False,30.2:t2,ok,0.0,matched_preferred,[],N4,,4,False,,,,,,,,,,terminal:4:30.2:t2,Terminal,,,False,N4,4,bottom,directional,directional_primary,"[533, 688, 546, 712]",,,,,,,,,,539,693,,,,30.2:t2,t2,"{""point_mode"": ""side_peak_outside"", ""scan_axis"": ""x"", ""relative_position"": ""bottom"", ""scan_start"": 526, ""scan_end"": 579, ""scan_margin"": 5, ""probe_halfspan"": 6, ""probe_out_len"": 12, ""probe_inset"": 1, ""peak_coord"": 539, ""anchor_offset_ratio"": 0.2857, ""max_score"": 42, ""keep_threshold"": 36, ""selected_run_start"": 8, ""selected_run_end"": 18, ""selected_run_length"": 11, ""selected_run_score"": 42}",two_terminal_side_peak,,,539.0,693.0
,,,,,,25,Switch,component:4:25.1,,,,,4,t1,25.1:t1,,horizontal,,,,,,,25.1,,False,25.1:t1,ok,0.0,matched_preferred,[],N5,,5,False,,,,,,,,,,terminal:4:25.1:t1,Terminal,,,False,N5,5,left,directional,directional_primary,"[512, 109, 565, 134]",,,,,,,,,,554,121,,,,25.1:t1,t1,"{""point_mode"": ""side_peak_outside"", ""scan_axis"": ""y"", ""relative_position"": ""left"", ""scan_start"": 61, ""scan_end"": 150, ""scan_margin"": 8, ""probe_halfspan"": 6, ""probe_out_len"": 12, ""probe_inset"": 1, ""peak_coord"": 121, ""anchor_offset_ratio"": 0.6476, ""max_score"": 98, ""keep_threshold"": 83, ""selected_run_start"": 56, ""selected_run_end"": 64, ""selected_run_length"": 9, ""selected_run_score"": 98}",two_terminal_side_peak,,,554.0,121.0
,,,,,,25,Switch,component:4:25.1,,,,,4,t2,25.1:t2,,horizontal,,,,,,,25.1,,False,25.1:t2,ok,0.0,matched_preferred,[],N7,,7,False,,,,,,,,,,terminal:4:25.1:t2,Terminal,,,False,N7,7,right,directional,directional_primary,"[634, 109, 687, 134]",,,,,,,,,,644,121,,,,25.1:t2,t2,"{""point_mode"": ""side_peak_outside"", ""scan_axis"": ""y"", ""relative_position"": ""right"", ""scan_start"": 61, ""scan_end"": 150, ""scan_margin"": 8, ""probe_halfspan"": 6, ""probe_out_len"": 12, ""probe_inset"": 1, ""peak_coord"": 121, ""anchor_offset_ratio"": 0.6476, ""max_score"": 98, ""keep_threshold"": 83, ""selected_run_start"": 56, ""selected_run_end"": 64, ""selected_run_length"": 9, ""selected_run_score"": 98}",two_terminal_side_peak,,,644.0,121.0
,,,,,,7,Diode,component:4:7.1,,,,,4,cathode,7.1:cathode,,horizontal,,,,,,,7.1,,False,7.1:cathode,ok,3.0,matched_preferred,[],N4,,4,False,,,,,,,,,,terminal:4:7.1:t1,Terminal,,,False,N4,4,left,directional,directional_primary,"[740, 864, 764, 901]",0.1984,,symbol_heuristic,cathode,diode_cathode_from_bar,polarity,marker_side,7.1:cathode,cathode,758,885,,,,7.1:t1,t1,"{""point_mode"": ""two_terminal_axis_center"", ""anchor_offset_ratio"": 0.5}",two_terminal_side_peak,,,757.93,881.5
,,,,,,7,Diode,component:4:7.1,,,,,4,anode,7.1:anode,,horizontal,,,,,,,7.1,,False,7.1:anode,ok,3.0,matched_preferred,[],N10,,10,False,,,,,,,,,,terminal:4:7.1:t2,Terminal,,,False,N10,10,right,directional,directional_primary,"[814, 864, 838, 901]",0.1984,,symbol_heuristic,anode,diode_cathode_from_bar,polarity,other_side,7.1:anode,anode,819,885,,,,7.1:t2,t2,"{""point_mode"": ""two_terminal_axis_center"", ""anchor_offset_ratio"": 0.5}",two_terminal_side_peak,,,819.32,881.5
,,,,,,26,Terminal,component:4:26.1,,,,,4,t1,26.1:t1,,vertical,,,,,,,26.1,,False,26.1:t1,ok,4.123,matched_preferred,[],N7,,7,False,,,,,,,,,,terminal:4:26.1:t1,Terminal,,,False,N7,7,top,directional,directional_primary,"[854, 99, 867, 123]",,,,,,,,,,859,121,,,,26.1:t1,t1,"{""point_mode"": ""bbox_side_center"", ""anchor_offset_ratio"": 0.4999}",bbox_side_center,,,859.67,117.04
,,,,,,26,Terminal,component:4:26.1,,,,,4,t2,26.1:t2,,vertical,,,,,,,26.1,,False,26.1:t2,ok,1.0,matched_preferred,[],N9,,9,False,,,,,,,,,,terminal:4:26.1:t2,Terminal,,,False,N9,9,bottom,directional,directional_primary,"[854, 217, 867, 241]",,,,,,,,,,861,222,,,,26.1:t2,t2,"{""point_mode"": ""bbox_side_center"", ""anchor_offset_ratio"": 0.4999}",bbox_side_center,,,859.67,222.13
,,,,,,13,Lamp,component:4:13.1,,,,,4,t1,13.1:t1,,vertical,,,,,,,13.1,,False,13.1:t1,ok,1.0,matched_preferred,[],N9,,9,False,,,,,,,,,,terminal:4:13.1:t1,Terminal,,,False,N9,9,top,directional,directional_primary,"[854, 288, 867, 312]",,,,,,,,,,861,306,,,,13.1:t1,t1,"{""point_mode"": ""bbox_side_center"", ""anchor_offset_ratio"": 0.5}",bbox_side_center,,,860.48,306.3
,,,,,,13,Lamp,component:4:13.1,,,,,4,t2,13.1:t2,,vertical,,,,,,,13.1,,False,13.1:t2,ok,1.0,matched_preferred,[],N8,,8,False,,,,,,,,,,terminal:4:13.1:t2,Terminal,,,False,N8,8,bottom,directional,directional_primary,"[854, 452, 867, 476]",,,,,,,,,,861,457,,,,13.1:t2,t2,"{""point_mode"": ""bbox_side_center"", ""anchor_offset_ratio"": 0.5}",bbox_side_center,,,860.48,457.16
,,,,,,0,Analog_Meter,component:4:0.1,,,,,4,t1,0.1:t1,,vertical,,,,,,,0.1,,False,0.1:t1,ok,45.122,matched_single,"[""no_preferred_net_from_05"", ""matched_without_preferred_label"", ""used_fallback_search""]",N8,,8,False,,,,,,,,,,terminal:4:0.1:t1,Terminal,,,False,,,left,circle,circle_fallback,"[791, 483, 952, 644]",,,,,,,,,,861,519,,,,0.1:t1,t1,"{""point_mode"": ""strategy_absolute_point"", ""point_source"": ""term_def.point""}",strategy_absolute_point,,,871.4,562.8
,,,,,,0,Analog_Meter,component:4:0.1,,,,,4,t2,0.1:t2,,vertical,,,,,,,0.1,,False,0.1:t2,ok,32.985,matched_single,"[""no_preferred_net_from_05"", ""matched_without_preferred_label"", ""used_fallback_search""]",N4,,4,False,,,,,,,,,,terminal:4:0.1:t2,Terminal,,,False,,,left,circle,circle_fallback,"[787, 638, 948, 799]",,,,,,,,,,875,750,,,,0.1:t2,t2,"{""point_mode"": ""strategy_absolute_point"", ""point_source"": ""term_def.point""}",strategy_absolute_point,,,866.6,717.6
,,,,,,9,GND,component:4:9.1,,,,,4,t1,9.1:t1,top,up,,,,,,,9.1,,False,9.1:t1,ok,1.0,matched_preferred,[],N10,,10,False,,,,,,,,,,terminal:4:9.1:t1,Terminal,,,False,N10,10,top,directional,directional_primary,"[975, 895, 988, 919]",,,,,,,,,,980,913,,,,9.1:t1,t1,"{""point_mode"": ""one_terminal_axis_center"", ""anchor_offset_ratio"": 0.5}",two_terminal_side_peak,,,980.87,912.71
119,218,121,168,,,,,,,"[""positive""]","[""2.1:positive"", ""8.1:t1""]","[""2.1:t1"", ""8.1:t1""]",4,,,,,,,,,,,,False,,N1,,,,,,,,,[7],,2,,,,,N1,1,net:4:N1,Net,149,,,,,,,,,,,,,,,,,,,,,7,,,,,,,,,
268,396,115,233,,,,,,,[],"[""23.1:t1"", ""29.1:t1"", ""8.1:t2""]","[""23.1:t1"", ""29.1:t1"", ""8.1:t2""]",4,,,,,,,,,,,,False,,N2,,,,,,,,,[4],,3,,,,,N2,2,net:4:N2,Net,252,,,,,,,,,,,,,,,,,,,,,4,,,,,,,,,
347,353,342,550,,,,,,,"[""anode""]","[""12.1:anode"", ""29.1:t2""]","[""12.1:t1"", ""29.1:t2""]",4,,,,,,,,,,,,False,,N3,,,,,,,,,[13],,2,,,,,N3,3,net:4:N3,Net,214,,,,,,,,,,,,,,,,,,,,,13,,,,,,,,,
119,875,401,885,,,,,,,"[""cathode"", ""negative"", ""cathode""]","[""12.1:cathode"", ""2.1:negative"", ""30.2:t2"", ""7.1:cathode""]","[""12.1:t2"", ""2.1:t2"", ""30.2:t2"", ""7.1:t1""]",4,,,,,,,,,,,,False,,N4,,,,,,,,,[16],,4,,,,,N4,4,net:4:N4,Net,1485,,,,,,,,,,,,,,,,,,,,,16,,,,,,,,,
445,559,116,213,,,,,,,[],"[""23.1:t2"", ""25.1:t1"", ""30.1:t1""]","[""23.1:t2"", ""25.1:t1"", ""30.1:t1""]",4,,,,,,,,,,,,False,,N5,,,,,,,,,[5],,3,,,,,N5,5,net:4:N5,Net,217,,,,,,,,,,,,,,,,,,,,,5,,,,,,,,,
539,539,359,529,,,,,,,[],"[""30.1:t2"", ""30.2:t1""]","[""30.1:t2"", ""30.2:t1""]",4,,,,,,,,,,,,False,,N6,,,,,,,,,[14],,2,,,,,N6,6,net:4:N6,Net,171,,,,,,,,,,,,,,,,,,,,,14,,,,,,,,,
639,861,119,134,,,,,,,[],"[""25.1:t2"", ""26.1:t1""]","[""25.1:t2"", ""26.1:t1""]",4,,,,,,,,,,,,False,,N7,,,,,,,,,[6],,2,,,,,N7,7,net:4:N7,Net,234,,,,,,,,,,,,,,,,,,,,,6,,,,,,,,,
859,861,444,519,,,,,,,[],"[""13.1:t2""]","[""13.1:t2""]",4,,,,,,,,,,,,False,,N8,,,,,,,,,[17],,1,,,,,N8,8,net:4:N8,Net,77,,,,,,,,,,,,,,,,,,,,,17,,,,,,,,,
859,863,204,319,,,,,,,[],"[""13.1:t1"", ""26.1:t2""]","[""13.1:t1"", ""26.1:t2""]",4,,,,,,,,,,,,False,,N9,,,,,,,,,[9],,2,,,,,N9,9,net:4:N9,Net,118,,,,,,,,,,,,,,,,,,,,,9,,,,,,,,,
806,983,871,930,,,,,,,"[""anode""]","[""7.1:anode"", ""9.1:t1""]","[""7.1:t2"", ""9.1:t1""]",4,,,,,,,,,,,,False,,N10,,,,,,,,,[22],,2,,,,,N10,10,net:4:N10,Net,275,,,,,,,,,,,,,,,,,,,,,22,,,,,,,,,
,,,,,,,,,,,,,5,,,,,1024,5.jpg,C:\Users\m.profilo\Desktop\tesi_diagrams_yolo\data\batch_v9_2_set_successivo_analog_meter_connector_transformer\5.jpg,1024,,,,,,5,,,,,,,,,,12,,23,9,,23,,,diagram:5,Diagram,,,,,,,,,,,,,,,,,,,,,06_match_terminals_to_nets,,,,,,,,,,
93.85,147.83,264.13,436.18,2,Battery,,,,0.8497,,,,5,,,,vertical,,,,,,,2.1,,,2.1,,,,,,,,,,,,,,2,,,,component:5:2.1,Component,,,,,,,,,,,,,,,,,,,,,,,two_terminal,,,,,True,True,,
212.33,309.09,92.96,203.56,8,Fuse,,,,0.8085,,,,5,,,,horizontal,,,,,,,8.1,,,8.1,,,,,,,,,,,,,,2,,,,component:5:8.1,Component,,,,,,,,,,,,,,,,,,,,,,,two_terminal,,,,,True,True,,
319.5,390.3,247.07,473.97,30,Variable_Resistor,,,,0.9179,,,,5,,,,vertical,,,,,,,30.1,,,30.1,,,,,,,,,,,,,,2,,,,component:5:30.1,Component,,,,,,,,,,,,,,,,,,,,,,,two_terminal,,,,,True,True,,
401.64,501.54,691.76,962.98,0,Analog_Meter,,,,0.2795,,,,5,,,,horizontal,,,,,,,0.1,,,0.1,,,,,,,,,,,,,,2,,,,component:5:0.1,Component,,,,,,,,,,,,,,,,,,,,,,,two_terminal,,,,,True,True,,
418.97,505.57,61.49,188.25,25,Switch,,,,0.8597,,,,5,,,,horizontal,,,,,,,25.1,,,25.1,,,,,,,,,,,,,,2,,,,component:5:25.1,Component,,,,,,,,,,,,,,,,,,,,,,,two_terminal,,,,,True,True,,
527.38,569.04,250.15,463.21,14,Memristor,,,,0.1119,,,,5,,,,vertical,,,,,,,14.1,,,14.1,,,,,,,,,,,,,,2,,,,component:5:14.1,Component,,,,,,,,,,,,,,,,,,,,,,,two_terminal,,,,,True,True,,
631.04,660.54,497.94,595.38,9,GND,,,,0.8313,,,,5,,,right,right,,,,,,,9.1,,,9.1,,,,,,,,,,,,,,1,,,,component:5:9.1,Component,,,,,,,,,,,,,,,,,,,,,,,one_terminal,,,,,True,True,,
641.49,709.69,250.2,455.9,30,Variable_Resistor,,,,0.8977,,,,5,,,,vertical,,,,,,,30.2,,,30.2,,,,,,,,,,,,,,2,,,,component:5:30.2,Component,,,,,,,,,,,,,,,,,,,,,,,two_terminal,,,,,True,True,,
811.86,851.67,686.76,822.89,7,Diode,,,,0.7869,,,,5,,,,vertical,,,,,,,7.1,,,7.1,,,,,,,,,,,,,,2,,,,component:5:7.1,Component,,,,,,,,,,,,,,,,,,,,,,,two_terminal,,,,,True,True,,
811.51,857.53,272.51,438.07,29,Trim_Capacitor,,,,0.917,,,,5,,,,vertical,,,,,,,29.1,,,29.1,,,,,,,,,,,,,,2,,,,component:5:29.1,Component,,,,,,,,,,,,,,,,,,,,,,,two_terminal,,,,,True,True,,
963.54,1011.48,613.75,732.57,26,Terminal,,,,0.7894,,,,5,,,,vertical,,,,,,,26.1,,,26.1,,,,,,,,,,,,,,2,,,,component:5:26.1,Component,,,,,,,,,,,,,,,,,,,,,,,variable_terminal,,,,,True,True,,
955.4,1020.47,315.87,498.54,13,Lamp,,,,0.9647,,,,5,,,,vertical,,,,,,,13.1,,,13.1,,,,,,,,,,,,,,2,,,,component:5:13.1,Component,,,,,,,,,,,,,,,,,,,,,,,two_terminal,,,,,True,True,,
,,,,,,2,Battery,component:5:2.1,,,,,5,positive,2.1:positive,,vertical,,,,,,,2.1,,False,2.1:positive,ok,3.0,matched_preferred,[],N1,,1,False,,,,,,,,,,terminal:5:2.1:t1,Terminal,,,False,N1,1,top,directional,directional_primary,"[115, 242, 128, 266]",0.2,,orientation_fallback,positive,battery_positive_from_long_plate,polarity,marker_side,2.1:positive,positive,118,260,,,,2.1:t1,t1,"{""point_mode"": ""bbox_side_center"", ""anchor_offset_ratio"": 0.5}",bbox_side_center,,,120.84,260.13
,,,,,,2,Battery,component:5:2.1,,,,,5,negative,2.1:negative,,vertical,,,,,,,2.1,,False,2.1:negative,ok,3.0,matched_preferred,[],N2,,2,False,,,,,,,,,,terminal:5:2.1:t2,Terminal,,,False,N2,2,bottom,directional,directional_primary,"[115, 435, 128, 459]",0.2,,orientation_fallback,negative,battery_positive_from_long_plate,polarity,other_side,2.1:negative,negative,118,440,,,,2.1:t2,t2,"{""point_mode"": ""bbox_side_center"", ""anchor_offset_ratio"": 0.5}",bbox_side_center,,,120.84,440.18
,,,,,,8,Fuse,component:5:8.1,,,,,5,t1,8.1:t1,,horizontal,,,,,,,8.1,,False,8.1:t1,ok,4.0,matched_preferred,[],N1,,1,False,,,,,,,,,,terminal:5:8.1:t1,Terminal,,,False,N1,1,left,directional,directional_primary,"[190, 142, 214, 155]",,,,,,,,,,208,144,,,,8.1:t1,t1,"{""point_mode"": ""bbox_side_center"", ""anchor_offset_ratio"": 0.5}",bbox_side_center,,,208.33,148.26
,,,,,,8,Fuse,component:5:8.1,,,,,5,t2,8.1:t2,,horizontal,,,,,,,8.1,,False,8.1:t2,ok,4.0,matched_preferred,[],N3,,3,False,,,,,,,,,,terminal:5:8.1:t2,Terminal,,,False,N3,3,right,directional,directional_primary,"[308, 142, 332, 155]",,,,,,,,,,313,144,,,,8.1:t2,t2,"{""point_mode"": ""bbox_side_center"", ""anchor_offset_ratio"": 0.5}",bbox_side_center,,,313.09,148.26
,,,,,,30,Variable_Resistor,component:5:30.1,,,,,5,t1,30.1:t1,,vertical,,,,,,,30.1,,False,30.1:t1,ok,0.0,matched_preferred,[],N3,,3,False,,,,,,,,,,terminal:5:30.1:t1,Terminal,,,False,N3,3,top,directional,directional_primary,"[333, 225, 346, 249]",,,,,,,,,,339,243,,,,30.1:t1,t1,"{""point_mode"": ""side_peak_outside"", ""scan_axis"": ""x"", ""relative_position"": ""top"", ""scan_start"": 326, ""scan_end"": 384, ""scan_margin"": 6, ""probe_halfspan"": 6, ""probe_out_len"": 12, ""probe_inset"": 1, ""peak_coord"": 339, ""anchor_offset_ratio"": 0.2714, ""max_score"": 42, ""keep_threshold"": 36, ""selected_run_start"": 8, ""selected_run_end"": 18, ""selected_run_length"": 11, ""selected_run_score"": 42}",two_terminal_side_peak,,,339.0,243.0
,,,,,,30,Variable_Resistor,component:5:30.1,,,,,5,t2,30.1:t2,,vertical,,,,,,,30.1,,False,30.1:t2,ok,0.0,matched_preferred,[],N2,,2,False,,,,,,,,,,terminal:5:30.1:t2,Terminal,,,False,N2,2,bottom,directional,directional_primary,"[333, 473, 346, 497]",,,,,,,,,,339,478,,,,30.1:t2,t2,"{""point_mode"": ""side_peak_outside"", ""scan_axis"": ""x"", ""relative_position"": ""bottom"", ""scan_start"": 326, ""scan_end"": 384, ""scan_margin"": 6, ""probe_halfspan"": 6, ""probe_out_len"": 12, ""probe_inset"": 1, ""peak_coord"": 339, ""anchor_offset_ratio"": 0.2714, ""max_score"": 42, ""keep_threshold"": 36, ""selected_run_start"": 8, ""selected_run_end"": 18, ""selected_run_length"": 11, ""selected_run_score"": 42}",two_terminal_side_peak,,,339.0,478.0
,,,,,,0,Analog_Meter,component:5:0.1,,,,,5,t1,0.1:t1,,horizontal,,,,,,,0.1,,False,0.1:t1,ok,33.838,matched_nearest,"[""no_preferred_net_from_05"", ""matched_without_preferred_label"", ""used_fallback_search""]",N2,,2,False,,,,,,,,,,terminal:5:0.1:t1,Terminal,,,False,,,bottom,circle,circle_fallback,"[341, 857, 502, 1018]",,,,,,,,,,389,948,,,,0.1:t1,t1,"{""point_mode"": ""strategy_absolute_point"", ""point_source"": ""term_def.point""}",strategy_absolute_point,,,420.6,937.4
,,,,,,0,Analog_Meter,component:5:0.1,,,,,5,t2,0.1:t2,,horizontal,,,,,,,0.1,,False,0.1:t2,ok,5.385,matched_preferred,[],N4,,4,False,,,,,,,,,,terminal:5:0.1:t2,Terminal,,,False,N4,4,bottom,directional,directional_primary,"[468, 932, 497, 997]",,,,,,,,,,487,942,,,,0.1:t2,t2,"{""point_mode"": ""strategy_absolute_point"", ""point_source"": ""term_def.point""}",strategy_absolute_point,,,481.8,939.8
,,,,,,25,Switch,component:5:25.1,,,,,5,t1,25.1:t1,,horizontal,,,,,,,25.1,,False,25.1:t1,ok,0.0,matched_preferred,[],N3,,3,False,,,,,,,,,,terminal:5:25.1:t1,Terminal,,,False,N3,3,left,directional,directional_primary,"[373, 132, 426, 157]",,,,,,,,,,415,144,,,,25.1:t1,t1,"{""point_mode"": ""side_peak_outside"", ""scan_axis"": ""y"", ""relative_position"": ""left"", ""scan_start"": 71, ""scan_end"": 178, ""scan_margin"": 10, ""probe_halfspan"": 6, ""probe_out_len"": 12, ""probe_inset"": 1, ""peak_coord"": 144, ""anchor_offset_ratio"": 0.6535, ""max_score"": 126, ""keep_threshold"": 107, ""selected_run_start"": 70, ""selected_run_end"": 76, ""selected_run_length"": 7, ""selected_run_score"": 126}",two_terminal_side_peak,,,415.0,144.0
,,,,,,25,Switch,component:5:25.1,,,,,5,t2,25.1:t2,,horizontal,,,,,,,25.1,,False,25.1:t2,ok,0.0,matched_preferred,[],N6,,6,False,,,,,,,,,,terminal:5:25.1:t2,Terminal,,,False,N6,6,right,directional,directional_primary,"[500, 132, 553, 157]",,,,,,,,,,510,144,,,,25.1:t2,t2,"{""point_mode"": ""side_peak_outside"", ""scan_axis"": ""y"", ""relative_position"": ""right"", ""scan_start"": 71, ""scan_end"": 178, ""scan_margin"": 10, ""probe_halfspan"": 6, ""probe_out_len"": 12, ""probe_inset"": 1, ""peak_coord"": 144, ""anchor_offset_ratio"": 0.6535, ""max_score"": 126, ""keep_threshold"": 107, ""selected_run_start"": 70, ""selected_run_end"": 76, ""selected_run_length"": 7, ""selected_run_score"": 126}",two_terminal_side_peak,,,510.0,144.0
,,,,,,14,Memristor,component:5:14.1,,,,,5,t1,14.1:t1,,vertical,,,,,,,14.1,,False,14.1:t1,ok,1.0,matched_preferred,[],N6,,6,False,,,,,,,,,,terminal:5:14.1:t1,Terminal,,,False,N6,6,top,directional,directional_primary,"[542, 228, 555, 252]",,,,,,,,,,547,246,,,,14.1:t1,t1,"{""point_mode"": ""bbox_side_center"", ""anchor_offset_ratio"": 0.5}",bbox_side_center,,,548.21,246.15
,,,,,,14,Memristor,component:5:14.1,,,,,5,t2,14.1:t2,,vertical,,,,,,,14.1,,False,14.1:t2,ok,1.0,matched_preferred,[],N7,,7,False,,,,,,,,,,terminal:5:14.1:t2,Terminal,,,False,N7,7,bottom,directional,directional_primary,"[542, 462, 555, 486]",,,,,,,,,,547,467,,,,14.1:t2,t2,"{""point_mode"": ""bbox_side_center"", ""anchor_offset_ratio"": 0.5}",bbox_side_center,,,548.21,467.21
,,,,,,9,GND,component:5:9.1,,,,,5,t1,9.1:t1,right,right,,,,,,,9.1,,False,9.1:t1,ok,1.0,matched_preferred,[],N5,,5,False,,,,,,,,,,terminal:5:9.1:t1,Terminal,,,False,N5,5,right,directional,directional_primary,"[660, 541, 684, 554]",,,,,,,,,,665,546,,,,9.1:t1,t1,"{""point_mode"": ""one_terminal_axis_center"", ""anchor_offset_ratio"": 0.5}",two_terminal_side_peak,,,664.54,546.66
,,,,,,30,Variable_Resistor,component:5:30.2,,,,,5,t1,30.2:t1,,vertical,,,,,,,30.2,,False,30.2:t1,ok,1.0,matched_preferred,[],N6,,6,False,,,,,,,,,,terminal:5:30.2:t1,Terminal,,,False,N6,6,top,directional,directional_primary,"[669, 228, 682, 252]",,,,,,,,,,674,246,,,,30.2:t1,t1,"{""point_mode"": ""side_peak_outside"", ""scan_axis"": ""x"", ""relative_position"": ""top"", ""scan_start"": 647, ""scan_end"": 704, ""scan_margin"": 6, ""probe_halfspan"": 6, ""probe_out_len"": 12, ""probe_inset"": 1, ""peak_coord"": 675, ""anchor_offset_ratio"": 0.4928, ""max_score"": 56, ""keep_threshold"": 48, ""selected_run_start"": 23, ""selected_run_end"": 32, ""selected_run_length"": 10, ""selected_run_score"": 56}",two_terminal_side_peak,,,675.0,246.0
,,,,,,30,Variable_Resistor,component:5:30.2,,,,,5,t2,30.2:t2,,vertical,,,,,,,30.2,,False,30.2:t2,ok,1.0,matched_preferred,[],N5,,5,False,,,,,,,,,,terminal:5:30.2:t2,Terminal,,,False,N5,5,bottom,directional,directional_primary,"[669, 455, 682, 479]",,,,,,,,,,674,460,,,,30.2:t2,t2,"{""point_mode"": ""side_peak_outside"", ""scan_axis"": ""x"", ""relative_position"": ""bottom"", ""scan_start"": 647, ""scan_end"": 704, ""scan_margin"": 6, ""probe_halfspan"": 6, ""probe_out_len"": 12, ""probe_inset"": 1, ""peak_coord"": 675, ""anchor_offset_ratio"": 0.4928, ""max_score"": 56, ""keep_threshold"": 48, ""selected_run_start"": 23, ""selected_run_end"": 32, ""selected_run_length"": 10, ""selected_run_score"": 56}",two_terminal_side_peak,,,675.0,460.0
,,,,,,7,Diode,component:5:7.1,,,,,5,anode,7.1:anode,,vertical,,,,,,,7.1,,False,7.1:anode,ok,2.0,matched_preferred,[],N8,,8,False,,,,,,,,,,terminal:5:7.1:t1,Terminal,,,False,N8,8,top,directional,directional_primary,"[814, 665, 851, 689]",0.4819,,symbol_heuristic,anode,diode_cathode_from_bar,polarity,other_side,7.1:anode,anode,830,683,,,,7.1:t1,t1,"{""point_mode"": ""two_terminal_axis_center"", ""anchor_offset_ratio"": 0.5}",two_terminal_side_peak,,,831.76,682.76
,,,,,,7,Diode,component:5:7.1,,,,,5,cathode,7.1:cathode,,vertical,,,,,,,7.1,,False,7.1:cathode,ok,2.0,matched_preferred,[],N7,,7,False,,,,,,,,,,terminal:5:7.1:t2,Terminal,,,False,N7,7,bottom,directional,directional_primary,"[814, 822, 851, 846]",0.4819,,symbol_heuristic,cathode,diode_cathode_from_bar,polarity,marker_side,7.1:cathode,cathode,830,827,,,,7.1:t2,t2,"{""point_mode"": ""two_terminal_axis_center"", ""anchor_offset_ratio"": 0.5}",two_terminal_side_peak,,,831.76,826.89
,,,,,,29,Trim_Capacitor,component:5:29.1,,,,,5,t1,29.1:t1,,vertical,,,,,,,29.1,,False,29.1:t1,ok,5.0,matched_preferred,[],N6,,6,False,,,,,,,,,,terminal:5:29.1:t1,Terminal,,,False,N6,6,top,directional,directional_primary,"[829, 251, 842, 275]",,,,,,,,,,830,269,,,,29.1:t1,t1,"{""point_mode"": ""bbox_side_center"", ""anchor_offset_ratio"": 0.5}",bbox_side_center,,,834.52,268.51
,,,,,,29,Trim_Capacitor,component:5:29.1,,,,,5,t2,29.1:t2,,vertical,,,,,,,29.1,,False,29.1:t2,ok,5.0,matched_preferred,[],N8,,8,False,,,,,,,,,,terminal:5:29.1:t2,Terminal,,,False,N8,8,bottom,directional,directional_primary,"[829, 437, 842, 461]",,,,,,,,,,830,442,,,,29.1:t2,t2,"{""point_mode"": ""bbox_side_center"", ""anchor_offset_ratio"": 0.5}",bbox_side_center,,,834.52,442.07
,,,,,,26,Terminal,component:5:26.1,,,,,5,t1,26.1:t1,,vertical,,,,,,,26.1,,False,26.1:t1,ok,2.0,matched_preferred,[],N9,,9,False,,,,,,,,,,terminal:5:26.1:t1,Terminal,,,False,N9,9,top,directional,directional_primary,"[982, 592, 995, 616]",,,,,,,,,,986,610,,,,26.1:t1,t1,"{""point_mode"": ""bbox_side_center"", ""anchor_offset_ratio"": 0.5}",bbox_side_center,,,987.51,609.75
,,,,,,26,Terminal,component:5:26.1,,,,,5,t2,26.1:t2,,vertical,,,,,,,26.1,,False,26.1:t2,ok,2.0,matched_preferred,[],N7,,7,False,,,,,,,,,,terminal:5:26.1:t2,Terminal,,,False,N7,7,bottom,directional,directional_primary,"[982, 732, 995, 756]",,,,,,,,,,986,737,,,,26.1:t2,t2,"{""point_mode"": ""bbox_side_center"", ""anchor_offset_ratio"": 0.5}",bbox_side_center,,,987.51,736.57
,,,,,,13,Lamp,component:5:13.1,,,,,5,t1,13.1:t1,,vertical,,,,,,,13.1,,False,13.1:t1,ok,2.0,matched_preferred,[],N6,,6,False,,,,,,,,,,terminal:5:13.1:t1,Terminal,,,False,N6,6,top,directional,directional_primary,"[982, 294, 995, 318]",,,,,,,,,,986,312,,,,13.1:t1,t1,"{""point_mode"": ""bbox_side_center"", ""anchor_offset_ratio"": 0.4999}",bbox_side_center,,,987.93,311.87
,,,,,,13,Lamp,component:5:13.1,,,,,5,t2,13.1:t2,,vertical,,,,,,,13.1,,False,13.1:t2,ok,2.0,matched_preferred,[],N9,,9,False,,,,,,,,,,terminal:5:13.1:t2,Terminal,,,False,N9,9,bottom,directional,directional_primary,"[982, 498, 995, 522]",,,,,,,,,,986,503,,,,13.1:t2,t2,"{""point_mode"": ""bbox_side_center"", ""anchor_offset_ratio"": 0.4999}",bbox_side_center,,,987.93,502.54
118,223,144,276,,,,,,,"[""positive""]","[""2.1:positive"", ""8.1:t1""]","[""2.1:t1"", ""8.1:t1""]",5,,,,,,,,,,,,False,,N1,,,,,,,,,[3],,2,,,,,N1,1,net:5:N1,Net,240,,,,,,,,,,,,,,,,,,,,,3,,,,,,,,,
118,389,423,949,,,,,,,"[""negative""]","[""2.1:negative"", ""30.1:t2""]","[""2.1:t2"", ""30.1:t2""]",5,,,,,,,,,,,,False,,N2,,,,,,,,,[12],,2,,,,,N2,2,net:5:N2,Net,1282,,,,,,,,,,,,,,,,,,,,,12,,,,,,,,,
299,418,144,260,,,,,,,[],"[""25.1:t1"", ""30.1:t1"", ""8.1:t2""]","[""25.1:t1"", ""30.1:t1"", ""8.1:t2""]",5,,,,,,,,,,,,False,,N3,,,,,,,,,[4],,3,,,,,N3,3,net:5:N3,Net,239,,,,,,,,,,,,,,,,,,,,,4,,,,,,,,,
476,490,940,950,,,,,,,[],"[""0.1:t2""]","[""0.1:t2""]",5,,,,,,,,,,,,False,,N4,,,,,,,,,[20],,1,,,,,N4,4,net:5:N4,Net,20,,,,,,,,,,,,,,,,,,,,,20,,,,,,,,,
652,730,445,550,,,,,,,[],"[""30.2:t2"", ""9.1:t1""]","[""30.2:t2"", ""9.1:t1""]",5,,,,,,,,,,,,False,,N5,,,,,,,,,[14],,2,,,,,N5,5,net:5:N5,Net,184,,,,,,,,,,,,,,,,,,,,,14,,,,,,,,,
507,989,144,327,,,,,,,[],"[""13.1:t1"", ""14.1:t1"", ""25.1:t2"", ""29.1:t1"", ""30.2:t1""]","[""13.1:t1"", ""14.1:t1"", ""25.1:t2"", ""29.1:t1"", ""30.2:t1""]",5,,,,,,,,,,,,False,,N6,,,,,,,,,[5],,5,,,,,N6,6,net:5:N6,Net,1041,,,,,,,,,,,,,,,,,,,,,5,,,,,,,,,
513,988,452,901,,,,,,,"[""cathode""]","[""14.1:t2"", ""26.1:t2"", ""7.1:cathode""]","[""14.1:t2"", ""26.1:t2"", ""7.1:t2""]",5,,,,,,,,,,,,False,,N7,,,,,,,,,[15],,3,,,,,N7,7,net:5:N7,Net,1192,,,,,,,,,,,,,,,,,,,,,15,,,,,,,,,
830,832,426,700,,,,,,,"[""anode""]","[""29.1:t2"", ""7.1:anode""]","[""29.1:t2"", ""7.1:t1""]",5,,,,,,,,,,,,False,,N8,,,,,,,,,[13],,2,,,,,N8,8,net:5:N8,Net,275,,,,,,,,,,,,,,,,,,,,,13,,,,,,,,,
986,992,488,627,,,,,,,[],"[""13.1:t2"", ""26.1:t1""]","[""13.1:t2"", ""26.1:t1""]",5,,,,,,,,,,,,False,,N9,,,,,,,,,[16],,2,,,,,N9,9,net:5:N9,Net,144,,,,,,,,,,,,,,,,,,,,,16,,,,,,,,,
,,,,,,,,,,,,,6,,,,,1024,6.jpg,C:\Users\m.profilo\Desktop\tesi_diagrams_yolo\data\batch_v9_2_set_successivo_analog_meter_connector_transformer\6.jpg,1024,,,,,,6,,,,,,,,,,12,,24,11,,24,,,diagram:6,Diagram,,,,,,,,,,,,,,,,,,,,,06_match_terminals_to_nets,,,,,,,,,,
52.76,96.51,164.97,435.44,2,Battery,,,,0.8433,,,,6,,,,vertical,,,,,,,2.1,,,2.1,,,,,,,,,,,,,,2,,,,component:6:2.1,Component,,,,,,,,,,,,,,,,,,,,,,,two_terminal,,,,,True,True,,
174.24,244.33,75.04,157.68,3,Breaker,,,,0.8592,,,,6,,,,horizontal,,,,,,,3.1,,,3.1,,,,,,,,,,,,,,2,,,,component:6:3.1,Component,,,,,,,,,,,,,,,,,,,,,,,two_terminal,,,,,True,True,,
325.36,410.27,214.63,439.23,0,Analog_Meter,,,,0.9734,,,,6,,,,vertical,,,,,,,0.1,,,0.1,,,,,,,,,,,,,,2,,,,component:6:0.1,Component,,,,,,,,,,,,,,,,,,,,,,,two_terminal,,,,,True,True,,
376.36,434.05,54.78,200.61,23,Signal_Source,,,,0.9028,,,,6,,,,horizontal,,,,,,,23.1,,,23.1,,,,,,,,,,,,,,2,,,,component:6:23.1,Component,,,,,,,,,,,,,,,,,,,,,,,two_terminal,,,,,True,True,,
455.2,512.31,818.51,967.13,15,Meter,,,,0.8914,,,,6,,,,horizontal,,,,,,,15.1,,,15.1,,,,,,,,,,,,,,2,,,,component:6:15.1,Component,,,,,,,,,,,,,,,,,,,,,,,two_terminal,,,,,True,True,,
541.26,581.56,620.58,759.35,29,Trim_Capacitor,,,,0.8353,,,,6,,,,vertical,,,,,,,29.1,,,29.1,,,,,,,,,,,,,,2,,,,component:6:29.1,Component,,,,,,,,,,,,,,,,,,,,,,,two_terminal,,,,,True,True,,
540.75,600.54,263.05,448.45,30,Variable_Resistor,,,,0.885,,,,6,,,,vertical,,,,,,,30.1,,,30.1,,,,,,,,,,,,,,2,,,,component:6:30.1,Component,,,,,,,,,,,,,,,,,,,,,,,two_terminal,,,,,True,True,,
647.02,752.34,813.99,943.61,30,Variable_Resistor,,,,0.9182,,,,6,,,,horizontal,,,,,,,30.2,,,30.2,,,,,,,,,,,,,,2,,,,component:6:30.2,Component,,,,,,,,,,,,,,,,,,,,,,,two_terminal,,,,,True,True,,
738.35,772.12,621.54,752.19,7,Diode,,,,0.8742,,,,6,,,,vertical,,,,,,,7.1,,,7.1,,,,,,,,,,,,,,2,,,,component:6:7.1,Component,,,,,,,,,,,,,,,,,,,,,,,two_terminal,,,,,True,True,,
741.14,778.06,260.97,440.2,10,Inductor,,,,0.7842,,,,6,,,,vertical,,,,,,,10.1,,,10.1,,,,,,,,,,,,,,2,,,,component:6:10.1,Component,,,,,,,,,,,,,,,,,,,,,,,two_terminal,,,,,True,True,,
864.66,919.85,403.48,552.57,15,Meter,,,,0.9013,,,,6,,,,vertical,,,,,,,15.2,,,15.2,,,,,,,,,,,,,,2,,,,component:6:15.2,Component,,,,,,,,,,,,,,,,,,,,,,,two_terminal,,,,,True,True,,
872.04,913.73,167.5,262.41,26,Terminal,,,,0.7553,,,,6,,,,vertical,,,,,,,26.1,,,26.1,,,,,,,,,,,,,,2,,,,component:6:26.1,Component,,,,,,,,,,,,,,,,,,,,,,,variable_terminal,,,,,True,True,,
,,,,,,2,Battery,component:6:2.1,,,,,6,positive,2.1:positive,,vertical,,,,,,,2.1,,False,2.1:positive,ok,0.0,matched_preferred,[],N1,,1,False,,,,,,,,,,terminal:6:2.1:t1,Terminal,,,False,N1,1,top,directional,directional_primary,"[69, 143, 82, 167]",0.2,,orientation_fallback,positive,battery_positive_from_long_plate,polarity,marker_side,2.1:positive,positive,75,161,,,,2.1:t1,t1,"{""point_mode"": ""bbox_side_center"", ""anchor_offset_ratio"": 0.5001}",bbox_side_center,,,74.64,160.97
,,,,,,2,Battery,component:6:2.1,,,,,6,negative,2.1:negative,,vertical,,,,,,,2.1,,False,2.1:negative,ok,0.0,matched_preferred,[],N2,,2,False,,,,,,,,,,terminal:6:2.1:t2,Terminal,,,False,N2,2,bottom,directional,directional_primary,"[69, 434, 82, 458]",0.2,,orientation_fallback,negative,battery_positive_from_long_plate,polarity,other_side,2.1:negative,negative,75,439,,,,2.1:t2,t2,"{""point_mode"": ""bbox_side_center"", ""anchor_offset_ratio"": 0.5001}",bbox_side_center,,,74.64,439.44
,,,,,,3,Breaker,component:6:3.1,,,,,6,t1,3.1:t1,,horizontal,,,,,,,3.1,,False,3.1:t1,ok,1.0,matched_preferred,[],N1,,1,False,,,,,,,,,,terminal:6:3.1:t1,Terminal,,,False,N1,1,left,directional,directional_primary,"[128, 114, 181, 139]",,,,,,,,,,170,125,,,,3.1:t1,t1,"{""point_mode"": ""side_peak_outside"", ""scan_axis"": ""y"", ""relative_position"": ""left"", ""scan_start"": 82, ""scan_end"": 151, ""scan_margin"": 7, ""probe_halfspan"": 6, ""probe_out_len"": 12, ""probe_inset"": 1, ""peak_coord"": 126, ""anchor_offset_ratio"": 0.6145, ""max_score"": 98, ""keep_threshold"": 83, ""selected_run_start"": 40, ""selected_run_end"": 48, ""selected_run_length"": 9, ""selected_run_score"": 98}",two_terminal_side_peak,,,170.0,126.0
,,,,,,3,Breaker,component:6:3.1,,,,,6,t2,3.1:t2,,horizontal,,,,,,,3.1,,False,3.1:t2,ok,1.0,matched_preferred,[],N3,,3,False,,,,,,,,,,terminal:6:3.1:t2,Terminal,,,False,N3,3,right,directional,directional_primary,"[238, 114, 291, 139]",,,,,,,,,,248,125,,,,3.1:t2,t2,"{""point_mode"": ""side_peak_outside"", ""scan_axis"": ""y"", ""relative_position"": ""right"", ""scan_start"": 82, ""scan_end"": 151, ""scan_margin"": 7, ""probe_halfspan"": 6, ""probe_out_len"": 12, ""probe_inset"": 1, ""peak_coord"": 126, ""anchor_offset_ratio"": 0.6145, ""max_score"": 98, ""keep_threshold"": 83, ""selected_run_start"": 40, ""selected_run_end"": 48, ""selected_run_length"": 9, ""selected_run_score"": 98}",two_terminal_side_peak,,,248.0,126.0
,,,,,,0,Analog_Meter,component:6:0.1,,,,,6,t1,0.1:t1,,vertical,,,,,,,0.1,,False,0.1:t1,ok,2.0,matched_preferred,[],N4,,4,False,,,,,,,,,,terminal:6:0.1:t1,Terminal,,,False,N4,4,left,directional,directional_primary,"[286, 214, 351, 243]",,,,,,,,,,342,230,,,,0.1:t1,t1,"{""point_mode"": ""strategy_absolute_point"", ""point_source"": ""term_def.point""}",strategy_absolute_point,,,342.4,227.6
,,,,,,0,Analog_Meter,component:6:0.1,,,,,6,t2,0.1:t2,,vertical,,,,,,,0.1,,False,0.1:t2,ok,0.0,matched_preferred,[],N5,,5,False,,,,,,,,,,terminal:6:0.1:t2,Terminal,,,False,N5,5,left,directional,directional_primary,"[285, 394, 350, 423]",,,,,,,,,,341,408,,,,0.1:t2,t2,"{""point_mode"": ""strategy_absolute_point"", ""point_source"": ""term_def.point""}",strategy_absolute_point,,,341.2,407.6
,,,,,,23,Signal_Source,component:6:23.1,,,,,6,t1,23.1:t1,,horizontal,,,,,,,23.1,,False,23.1:t1,ok,3.0,matched_preferred,[],N3,,3,False,,,,,,,,,,terminal:6:23.1:t1,Terminal,,,False,N3,3,left,directional,directional_primary,"[354, 122, 378, 135]",,,,,,,,,,372,125,,,,23.1:t1,t1,"{""point_mode"": ""bbox_side_center"", ""anchor_offset_ratio"": 0.5}",bbox_side_center,,,372.36,127.7
,,,,,,23,Signal_Source,component:6:23.1,,,,,6,t2,23.1:t2,,horizontal,,,,,,,23.1,,False,23.1:t2,ok,3.0,matched_preferred,[],N8,,8,False,,,,,,,,,,terminal:6:23.1:t2,Terminal,,,False,N8,8,right,directional,directional_primary,"[433, 122, 457, 135]",,,,,,,,,,438,125,,,,23.1:t2,t2,"{""point_mode"": ""bbox_side_center"", ""anchor_offset_ratio"": 0.5}",bbox_side_center,,,438.05,127.7
,,,,,,15,Meter,component:6:15.1,,,,,6,t1,15.1:t1,,horizontal,,,,,,,15.1,,False,15.1:t1,ok,0.0,matched_preferred,[],N2,,2,False,,,,,,,,,,terminal:6:15.1:t1,Terminal,,,False,N2,2,left,directional,directional_primary,"[429, 885, 458, 902]",,,,,,,,,,451,893,,,,15.1:t1,t1,"{""point_mode"": ""bbox_side_center"", ""anchor_offset_ratio"": 0.5}",bbox_side_center,,,451.2,892.82
,,,,,,15,Meter,component:6:15.1,,,,,6,t2,15.1:t2,,horizontal,,,,,,,15.1,,False,15.1:t2,ok,0.0,matched_preferred,[],N7,,7,False,,,,,,,,,,terminal:6:15.1:t2,Terminal,,,False,N7,7,right,directional,directional_primary,"[510, 885, 539, 902]",,,,,,,,,,516,893,,,,15.1:t2,t2,"{""point_mode"": ""bbox_side_center"", ""anchor_offset_ratio"": 0.5}",bbox_side_center,,,516.31,892.82
,,,,,,29,Trim_Capacitor,component:6:29.1,,,,,6,t1,29.1:t1,,vertical,,,,,,,29.1,,False,29.1:t1,ok,3.0,matched_preferred,[],N6,,6,False,,,,,,,,,,terminal:6:29.1:t1,Terminal,,,False,N6,6,top,directional,directional_primary,"[555, 599, 568, 623]",,,,,,,,,,558,617,,,,29.1:t1,t1,"{""point_mode"": ""bbox_side_center"", ""anchor_offset_ratio"": 0.5}",bbox_side_center,,,561.41,616.58
,,,,,,29,Trim_Capacitor,component:6:29.1,,,,,6,t2,29.1:t2,,vertical,,,,,,,29.1,,False,29.1:t2,ok,3.0,matched_preferred,[],N7,,7,False,,,,,,,,,,terminal:6:29.1:t2,Terminal,,,False,N7,7,bottom,directional,directional_primary,"[555, 758, 568, 782]",,,,,,,,,,558,763,,,,29.1:t2,t2,"{""point_mode"": ""bbox_side_center"", ""anchor_offset_ratio"": 0.5}",bbox_side_center,,,561.41,763.35
,,,,,,30,Variable_Resistor,component:6:30.1,,,,,6,t1,30.1:t1,,vertical,,,,,,,30.1,,False,30.1:t1,ok,0.0,matched_preferred,[],N8,,8,False,,,,,,,,,,terminal:6:30.1:t1,Terminal,,,False,N8,8,top,directional,directional_primary,"[552, 241, 565, 265]",,,,,,,,,,558,259,,,,30.1:t1,t1,"{""point_mode"": ""side_peak_outside"", ""scan_axis"": ""x"", ""relative_position"": ""top"", ""scan_start"": 546, ""scan_end"": 596, ""scan_margin"": 5, ""probe_halfspan"": 6, ""probe_out_len"": 12, ""probe_inset"": 1, ""peak_coord"": 558, ""anchor_offset_ratio"": 0.2833, ""max_score"": 42, ""keep_threshold"": 36, ""selected_run_start"": 7, ""selected_run_end"": 17, ""selected_run_length"": 11, ""selected_run_score"": 42}",two_terminal_side_peak,,,558.0,259.0
,,,,,,30,Variable_Resistor,component:6:30.1,,,,,6,t2,30.1:t2,,vertical,,,,,,,30.1,,False,30.1:t2,ok,0.0,matched_preferred,[],N6,,6,False,,,,,,,,,,terminal:6:30.1:t2,Terminal,,,False,N6,6,bottom,directional,directional_primary,"[552, 447, 565, 471]",,,,,,,,,,558,452,,,,30.1:t2,t2,"{""point_mode"": ""side_peak_outside"", ""scan_axis"": ""x"", ""relative_position"": ""bottom"", ""scan_start"": 546, ""scan_end"": 596, ""scan_margin"": 5, ""probe_halfspan"": 6, ""probe_out_len"": 12, ""probe_inset"": 1, ""peak_coord"": 558, ""anchor_offset_ratio"": 0.2833, ""max_score"": 42, ""keep_threshold"": 36, ""selected_run_start"": 7, ""selected_run_end"": 17, ""selected_run_length"": 11, ""selected_run_score"": 42}",two_terminal_side_peak,,,558.0,452.0
,,,,,,30,Variable_Resistor,component:6:30.2,,,,,6,t1,30.2:t1,,horizontal,,,,,,,30.2,,False,30.2:t1,ok,1.0,matched_preferred,[],N7,,7,False,,,,,,,,,,terminal:6:30.2:t1,Terminal,,,False,N7,7,left,directional,directional_primary,"[625, 888, 649, 901]",,,,,,,,,,643,893,,,,30.2:t1,t1,"{""point_mode"": ""side_peak_outside"", ""scan_axis"": ""y"", ""relative_position"": ""left"", ""scan_start"": 824, ""scan_end"": 934, ""scan_margin"": 10, ""probe_halfspan"": 6, ""probe_out_len"": 12, ""probe_inset"": 1, ""peak_coord"": 894, ""anchor_offset_ratio"": 0.6154, ""max_score"": 98, ""keep_threshold"": 83, ""selected_run_start"": 66, ""selected_run_end"": 74, ""selected_run_length"": 9, ""selected_run_score"": 98}",two_terminal_side_peak,,,643.0,894.0
,,,,,,30,Variable_Resistor,component:6:30.2,,,,,6,t2,30.2:t2,,horizontal,,,,,,,30.2,,False,30.2:t2,ok,0.0,matched_preferred,[],N10,,10,False,,,,,,,,,,terminal:6:30.2:t2,Terminal,,,False,N10,10,right,directional,directional_primary,"[751, 887, 775, 900]",,,,,,,,,,756,893,,,,30.2:t2,t2,"{""point_mode"": ""side_peak_outside"", ""scan_axis"": ""y"", ""relative_position"": ""right"", ""scan_start"": 824, ""scan_end"": 934, ""scan_margin"": 10, ""probe_halfspan"": 6, ""probe_out_len"": 12, ""probe_inset"": 1, ""peak_coord"": 893, ""anchor_offset_ratio"": 0.6077, ""max_score"": 120, ""keep_threshold"": 102, ""selected_run_start"": 66, ""selected_run_end"": 72, ""selected_run_length"": 7, ""selected_run_score"": 114}",two_terminal_side_peak,,,756.0,893.0
,,,,,,7,Diode,component:6:7.1,,,,,6,cathode,7.1:cathode,,vertical,,,,,,,7.1,,False,7.1:cathode,ok,1.0,matched_preferred,[],N9,,9,False,,,,,,,,,,terminal:6:7.1:t1,Terminal,,,False,N9,9,top,directional,directional_primary,"[737, 600, 774, 624]",0.5935,,symbol_heuristic,cathode,diode_cathode_from_bar,polarity,marker_side,7.1:cathode,cathode,754,618,,,,7.1:t1,t1,"{""point_mode"": ""two_terminal_axis_center"", ""anchor_offset_ratio"": 0.5}",two_terminal_side_peak,,,755.24,617.54
,,,,,,7,Diode,component:6:7.1,,,,,6,anode,7.1:anode,,vertical,,,,,,,7.1,,False,7.1:anode,ok,1.0,matched_preferred,[],N10,,10,False,,,,,,,,,,terminal:6:7.1:t2,Terminal,,,False,N10,10,bottom,directional,directional_primary,"[737, 751, 774, 775]",0.5935,,symbol_heuristic,anode,diode_cathode_from_bar,polarity,other_side,7.1:anode,anode,754,756,,,,7.1:t2,t2,"{""point_mode"": ""two_terminal_axis_center"", ""anchor_offset_ratio"": 0.5}",two_terminal_side_peak,,,755.24,756.19
,,,,,,10,Inductor,component:6:10.1,,,,,6,t1,10.1:t1,,vertical,,,,,,,10.1,,False,10.1:t1,ok,0.0,matched_preferred,[],N8,,8,False,,,,,,,,,,terminal:6:10.1:t1,Terminal,,,False,N8,8,top,directional,directional_primary,"[742, 215, 767, 268]",,,,,,,,,,754,257,,,,10.1:t1,t1,"{""point_mode"": ""side_peak_outside"", ""scan_axis"": ""x"", ""relative_position"": ""top"", ""scan_start"": 744, ""scan_end"": 775, ""scan_margin"": 3, ""probe_halfspan"": 4, ""probe_out_len"": 12, ""probe_inset"": 1, ""peak_coord"": 754, ""anchor_offset_ratio"": 0.3514, ""max_score"": 42, ""keep_threshold"": 36, ""selected_run_start"": 7, ""selected_run_end"": 13, ""selected_run_length"": 7, ""selected_run_score"": 42}",two_terminal_side_peak,,,754.0,257.0
,,,,,,10,Inductor,component:6:10.1,,,,,6,t2,10.1:t2,,vertical,,,,,,,10.1,,False,10.1:t2,ok,0.0,matched_preferred,[],N9,,9,False,,,,,,,,,,terminal:6:10.1:t2,Terminal,,,False,N9,9,bottom,directional,directional_primary,"[742, 434, 767, 487]",,,,,,,,,,754,444,,,,10.1:t2,t2,"{""point_mode"": ""side_peak_outside"", ""scan_axis"": ""x"", ""relative_position"": ""bottom"", ""scan_start"": 744, ""scan_end"": 775, ""scan_margin"": 3, ""probe_halfspan"": 4, ""probe_out_len"": 12, ""probe_inset"": 1, ""peak_coord"": 754, ""anchor_offset_ratio"": 0.3514, ""max_score"": 42, ""keep_threshold"": 36, ""selected_run_start"": 7, ""selected_run_end"": 13, ""selected_run_length"": 7, ""selected_run_score"": 42}",two_terminal_side_peak,,,754.0,444.0
,,,,,,15,Meter,component:6:15.2,,,,,6,t1,15.2:t1,,vertical,,,,,,,15.2,,False,15.2:t1,ok,0.0,matched_preferred,[],N11,,11,False,,,,,,,,,,terminal:6:15.2:t1,Terminal,,,False,N11,11,top,directional,directional_primary,"[884, 377, 901, 406]",,,,,,,,,,892,399,,,,15.2:t1,t1,"{""point_mode"": ""bbox_side_center"", ""anchor_offset_ratio"": 0.4999}",bbox_side_center,,,892.25,399.48
,,,,,,15,Meter,component:6:15.2,,,,,6,t2,15.2:t2,,vertical,,,,,,,15.2,,False,15.2:t2,ok,0.0,matched_preferred,[],N10,,10,False,,,,,,,,,,terminal:6:15.2:t2,Terminal,,,False,N10,10,bottom,directional,directional_primary,"[884, 551, 901, 580]",,,,,,,,,,892,557,,,,15.2:t2,t2,"{""point_mode"": ""bbox_side_center"", ""anchor_offset_ratio"": 0.4999}",bbox_side_center,,,892.25,556.57
,,,,,,26,Terminal,component:6:26.1,,,,,6,t1,26.1:t1,,vertical,,,,,,,26.1,,False,26.1:t1,ok,1.0,matched_preferred,[],N8,,8,False,,,,,,,,,,terminal:6:26.1:t1,Terminal,,,False,N8,8,top,directional,directional_primary,"[887, 146, 900, 170]",,,,,,,,,,892,164,,,,26.1:t1,t1,"{""point_mode"": ""bbox_side_center"", ""anchor_offset_ratio"": 0.4999}",bbox_side_center,,,892.88,163.5
,,,,,,26,Terminal,component:6:26.1,,,,,6,t2,26.1:t2,,vertical,,,,,,,26.1,,False,26.1:t2,ok,1.0,matched_preferred,[],N11,,11,False,,,,,,,,,,terminal:6:26.1:t2,Terminal,,,False,N11,11,bottom,directional,directional_primary,"[887, 261, 900, 285]",,,,,,,,,,892,266,,,,26.1:t2,t2,"{""point_mode"": ""bbox_side_center"", ""anchor_offset_ratio"": 0.4999}",bbox_side_center,,,892.88,266.41
55,183,73,178,,,,,,,"[""positive""]","[""2.1:positive"", ""3.1:t1""]","[""2.1:t1"", ""3.1:t1""]",6,,,,,,,,,,,,False,,N1,,,,,,,,,[3],,2,,,,,N1,1,net:6:N1,Net,281,,,,,,,,,,,,,,,,,,,,,3,,,,,,,,,
75,458,423,901,,,,,,,"[""negative""]","[""15.1:t1"", ""2.1:negative""]","[""15.1:t1"", ""2.1:t2""]",6,,,,,,,,,,,,False,,N2,,,,,,,,,[13],,2,,,,,N2,2,net:6:N2,Net,1417,,,,,,,,,,,,,,,,,,,,,13,,,,,,,,,
234,380,125,203,,,,,,,[],"[""23.1:t1"", ""3.1:t2""]","[""23.1:t1"", ""3.1:t2""]",6,,,,,,,,,,,,False,,N3,,,,,,,,,[5],,2,,,,,N3,3,net:6:N3,Net,231,,,,,,,,,,,,,,,,,,,,,5,,,,,,,,,
331,347,225,230,,,,,,,[],"[""0.1:t1""]","[""0.1:t1""]",6,,,,,,,,,,,,False,,N4,,,,,,,,,[7],,1,,,,,N4,4,net:6:N4,Net,20,,,,,,,,,,,,,,,,,,,,,7,,,,,,,,,
333,346,402,412,,,,,,,[],"[""0.1:t2""]","[""0.1:t2""]",6,,,,,,,,,,,,False,,N5,,,,,,,,,[12],,1,,,,,N5,5,net:6:N5,Net,22,,,,,,,,,,,,,,,,,,,,,12,,,,,,,,,
558,559,436,633,,,,,,,[],"[""29.1:t1"", ""30.1:t2""]","[""29.1:t1"", ""30.1:t2""]",6,,,,,,,,,,,,False,,N6,,,,,,,,,[15],,2,,,,,N6,6,net:6:N6,Net,198,,,,,,,,,,,,,,,,,,,,,15,,,,,,,,,
508,657,748,899,,,,,,,[],"[""15.1:t2"", ""29.1:t2"", ""30.2:t1""]","[""15.1:t2"", ""29.1:t2"", ""30.2:t1""]",6,,,,,,,,,,,,False,,N7,,,,,,,,,[20],,3,,,,,N7,7,net:6:N7,Net,312,,,,,,,,,,,,,,,,,,,,,20,,,,,,,,,
429,913,72,276,,,,,,,[],"[""10.1:t1"", ""23.1:t2"", ""26.1:t1"", ""30.1:t1""]","[""10.1:t1"", ""23.1:t2"", ""26.1:t1"", ""30.1:t1""]",6,,,,,,,,,,,,False,,N8,,,,,,,,,[4],,4,,,,,N8,8,net:6:N8,Net,1164,,,,,,,,,,,,,,,,,,,,,4,,,,,,,,,
754,757,428,635,,,,,,,"[""cathode""]","[""10.1:t2"", ""7.1:cathode""]","[""10.1:t2"", ""7.1:t1""]",6,,,,,,,,,,,,False,,N9,,,,,,,,,[14],,2,,,,,N9,9,net:6:N9,Net,210,,,,,,,,,,,,,,,,,,,,,14,,,,,,,,,
742,892,542,893,,,,,,,"[""anode""]","[""15.2:t2"", ""30.2:t2"", ""7.1:anode""]","[""15.2:t2"", ""30.2:t2"", ""7.1:t2""]",6,,,,,,,,,,,,False,,N10,,,,,,,,,[17],,3,,,,,N10,10,net:6:N10,Net,653,,,,,,,,,,,,,,,,,,,,,17,,,,,,,,,
890,895,249,413,,,,,,,[],"[""15.2:t1"", ""26.1:t2""]","[""15.2:t1"", ""26.1:t2""]",6,,,,,,,,,,,,False,,N11,,,,,,,,,[8],,2,,,,,N11,11,net:6:N11,Net,169,,,,,,,,,,,,,,,,,,,,,8,,,,,,,,,
,,,,,,,,,,,,,7,,,,,1024,7.jpg,C:\Users\m.profilo\Desktop\tesi_diagrams_yolo\data\batch_v9_2_set_successivo_analog_meter_connector_transformer\7.jpg,1024,,,,,,7,,,,,,,,,,15,,30,13,,33,,,diagram:7,Diagram,,,,,,,,,,,,,,,,,,,,,06_match_terminals_to_nets,,,,,,,,,,
53.43,95.36,182.2,264.93,2,Battery,,,,0.7738,,,,7,,,,vertical,,,,,,,2.1,,,2.1,,,,,,,,,,,,,,2,,,,component:7:2.1,Component,,,,,,,,,,,,,,,,,,,,,,,two_terminal,,,,,True,True,,
149.88,229.33,62.52,128.97,8,Fuse,,,,0.817,,,,7,,,,horizontal,,,,,,,8.1,,,8.1,,,,,,,,,,,,,,2,,,,component:7:8.1,Component,,,,,,,,,,,,,,,,,,,,,,,two_terminal,,,,,True,True,,
322.6,402.6,39.9,125.65,25,Switch,,,,0.8216,,,,7,,,,horizontal,,,,,,,25.1,,,25.1,,,,,,,,,,,,,,2,,,,component:7:25.1,Component,,,,,,,,,,,,,,,,,,,,,,,two_terminal,,,,,True,True,,
467.55,500.22,637.18,683.17,9,GND,,,,0.7794,,,,7,,,top,up,,,,,,,9.1,,,9.1,,,,,,,,,,,,,,1,,,,component:7:9.1,Component,,,,,,,,,,,,,,,,,,,,,,,one_terminal,,,,,True,True,,
467.19,501.05,166.98,298.27,22,Resistor,,,,0.7453,,,,7,,,,vertical,,,,,,,22.1,,,22.1,,,,,,,,,,,,,,2,,,,component:7:22.1,Component,,,,,,,,,,,,,,,,,,,,,,,two_terminal,,,,,True,True,,
462.0,557.0,430.0,535.0,12,LED,,,,0.8315,,,,7,,,,vertical,,,,,,,12.1,,,12.1,,,,,,,,,,,,,,2,,,,component:7:12.1,Component,,,,,,,,,,,,,,,,,,,,,,,two_terminal,,,,,True,True,,
587.65,621.4,634.32,683.35,9,GND,,,,0.8133,,,,7,,,top,up,,,,,,,9.2,,,9.2,,,,,,,,,,,,,,1,,,,component:7:9.2,Component,,,,,,,,,,,,,,,,,,,,,,,one_terminal,,,,,True,True,,
589.73,622.18,187.61,272.4,4,Capacitor,,,,0.6564,,,,7,,,,vertical,,,,,,,4.1,,,4.1,,,,,,,,,,,,,,2,,,,component:7:4.1,Component,,,,,,,,,,,,,,,,,,,,,,,two_terminal,,,,,True,True,,
588.22,624.99,448.57,517.45,7,Diode,,,,0.8504,,,,7,,,,vertical,,,,,,,7.1,,,7.1,,,,,,,,,,,,,,2,,,,component:7:7.1,Component,,,,,,,,,,,,,,,,,,,,,,,two_terminal,,,,,True,True,,
628.03,758.1,636.53,904.86,19,Operational_Amplifier,,,,0.8772,,,,7,,,,right,,,,,,,19.1,,,19.1,,,,,,,,,,,,,,3,,,,component:7:19.1,Component,,,,,,,,,,,,,,,,,,,,,,,multi_terminal,,,,,True,True,,
715.33,812.97,113.34,227.9,28,Transformer,,,,0.922,,,,7,,,,horizontal,,,,,,,28.1,,,28.1,,,,,,,,,,,,,,4,,,,component:7:28.1,Component,,,,,,,,,,,,,,,,,,,,,,,multi_terminal,,,,,True,True,,
775.77,845.93,740.44,811.99,22,Resistor,,,,0.84,,,,7,,,,horizontal,,,,,,,22.2,,,22.2,,,,,,,,,,,,,,2,,,,component:7:22.2,Component,,,,,,,,,,,,,,,,,,,,,,,two_terminal,,,,,True,True,,
877.35,918.19,698.95,844.57,18,NPN_Transistor,,,,0.7869,,,,7,,,,left,,,,,,,18.1,,,18.1,,,,,,,,,,,,,,3,,,,component:7:18.1,Component,,,,,,,,,,,,,,,,,,,,,,,three_terminal,,,,,True,True,,
843.14,966.34,154.39,230.63,5,Connector,,,,0.8999,,,,7,,,,horizontal,,,,,,,5.1,,,5.1,,,,,,,,,,,,,,4,,,,component:7:5.1,Component,,,,,,,,,,,,,,,,,,,,,,,multi_terminal,,,,,True,True,,
892.99,926.31,935.0,984.97,9,GND,,,,0.7822,,,,7,,,top,up,,,,,,,9.3,,,9.3,,,,,,,,,,,,,,1,,,,component:7:9.3,Component,,,,,,,,,,,,,,,,,,,,,,,one_terminal,,,,,True,True,,
,,,,,,2,Battery,component:7:2.1,,,,,7,positive,2.1:positive,,vertical,,,,,,,2.1,,False,2.1:positive,ok,1.0,matched_preferred,[],N1,,1,False,,,,,,,,,,terminal:7:2.1:t1,Terminal,,,False,N1,1,top,directional,directional_primary,"[68, 160, 81, 184]",0.1489,,symbol_heuristic,positive,battery_positive_from_long_plate,polarity,marker_side,2.1:positive,positive,73,178,,,,2.1:t1,t1,"{""point_mode"": ""bbox_side_center"", ""anchor_offset_ratio"": 0.4999}",bbox_side_center,,,74.39,178.2
,,,,,,2,Battery,component:7:2.1,,,,,7,negative,2.1:negative,,vertical,,,,,,,2.1,,False,2.1:negative,ok,1.0,matched_preferred,[],N3,,3,False,,,,,,,,,,terminal:7:2.1:t2,Terminal,,,False,N3,3,bottom,directional,directional_primary,"[68, 264, 81, 288]",0.1489,,symbol_heuristic,negative,battery_positive_from_long_plate,polarity,other_side,2.1:negative,negative,73,269,,,,2.1:t2,t2,"{""point_mode"": ""bbox_side_center"", ""anchor_offset_ratio"": 0.4999}",bbox_side_center,,,74.39,268.93
,,,,,,8,Fuse,component:7:8.1,,,,,7,t1,8.1:t1,,horizontal,,,,,,,8.1,,False,8.1:t1,ok,4.0,matched_preferred,[],N1,,1,False,,,,,,,,,,terminal:7:8.1:t1,Terminal,,,False,N1,1,left,directional,directional_primary,"[128, 90, 152, 103]",,,,,,,,,,146,92,,,,8.1:t1,t1,"{""point_mode"": ""bbox_side_center"", ""anchor_offset_ratio"": 0.5001}",bbox_side_center,,,145.88,95.75
,,,,,,8,Fuse,component:7:8.1,,,,,7,t2,8.1:t2,,horizontal,,,,,,,8.1,,False,8.1:t2,ok,4.0,matched_preferred,[],N2,,2,False,,,,,,,,,,terminal:7:8.1:t2,Terminal,,,False,N2,2,right,directional,directional_primary,"[228, 90, 252, 103]",,,,,,,,,,233,92,,,,8.1:t2,t2,"{""point_mode"": ""bbox_side_center"", ""anchor_offset_ratio"": 0.5001}",bbox_side_center,,,233.33,95.75
,,,,,,25,Switch,component:7:25.1,,,,,7,t1,25.1:t1,,horizontal,,,,,,,25.1,,False,25.1:t1,ok,0.0,matched_preferred,[],N2,,2,False,,,,,,,,,,terminal:7:25.1:t1,Terminal,,,False,N2,2,left,directional,directional_primary,"[277, 80, 330, 105]",,,,,,,,,,319,92,,,,25.1:t1,t1,"{""point_mode"": ""side_peak_outside"", ""scan_axis"": ""y"", ""relative_position"": ""left"", ""scan_start"": 47, ""scan_end"": 119, ""scan_margin"": 7, ""probe_halfspan"": 6, ""probe_out_len"": 12, ""probe_inset"": 1, ""peak_coord"": 92, ""anchor_offset_ratio"": 0.6047, ""max_score"": 70, ""keep_threshold"": 60, ""selected_run_start"": 41, ""selected_run_end"": 49, ""selected_run_length"": 9, ""selected_run_score"": 70}",two_terminal_side_peak,,,319.0,92.0
,,,,,,25,Switch,component:7:25.1,,,,,7,t2,25.1:t2,,horizontal,,,,,,,25.1,,False,25.1:t2,ok,0.0,matched_preferred,[],N8,,8,False,,,,,,,,,,terminal:7:25.1:t2,Terminal,,,False,N8,8,right,directional,directional_primary,"[397, 80, 450, 105]",,,,,,,,,,407,92,,,,25.1:t2,t2,"{""point_mode"": ""side_peak_outside"", ""scan_axis"": ""y"", ""relative_position"": ""right"", ""scan_start"": 47, ""scan_end"": 119, ""scan_margin"": 7, ""probe_halfspan"": 6, ""probe_out_len"": 12, ""probe_inset"": 1, ""peak_coord"": 92, ""anchor_offset_ratio"": 0.6047, ""max_score"": 70, ""keep_threshold"": 60, ""selected_run_start"": 41, ""selected_run_end"": 49, ""selected_run_length"": 9, ""selected_run_score"": 70}",two_terminal_side_peak,,,407.0,92.0
,,,,,,9,GND,component:7:9.1,,,,,7,t1,9.1:t1,top,up,,,,,,,9.1,,False,9.1:t1,ok,0.0,matched_preferred,[],N5,,5,False,,,,,,,,,,terminal:7:9.1:t1,Terminal,,,False,N5,5,top,directional,directional_primary,"[478, 615, 491, 639]",,,,,,,,,,484,633,,,,9.1:t1,t1,"{""point_mode"": ""one_terminal_axis_center"", ""anchor_offset_ratio"": 0.5}",two_terminal_side_peak,,,483.88,633.18
,,,,,,22,Resistor,component:7:22.1,,,,,7,t1,22.1:t1,,vertical,,,,,,,22.1,,False,22.1:t1,ok,0.0,matched_preferred,[],N8,,8,False,,,,,,,,,,terminal:7:22.1:t1,Terminal,,,False,N8,8,top,directional,directional_primary,"[478, 145, 491, 169]",,,,,,,,,,484,163,,,,22.1:t1,t1,"{""point_mode"": ""bbox_side_center"", ""anchor_offset_ratio"": 0.5}",bbox_side_center,,,484.12,162.98
,,,,,,22,Resistor,component:7:22.1,,,,,7,t2,22.1:t2,,vertical,,,,,,,22.1,,False,22.1:t2,ok,0.0,matched_preferred,[],N4,,4,False,,,,,,,,,,terminal:7:22.1:t2,Terminal,,,False,N4,4,bottom,directional,directional_primary,"[478, 297, 491, 321]",,,,,,,,,,484,302,,,,22.1:t2,t2,"{""point_mode"": ""bbox_side_center"", ""anchor_offset_ratio"": 0.5}",bbox_side_center,,,484.12,302.27
,,,,,,12,LED,component:7:12.1,,,,,7,anode,12.1:anode,,vertical,,,,,,,12.1,,False,12.1:anode,ok,0.0,matched_preferred,[],N4,,4,False,,,,,,,,,,terminal:7:12.1:t1,Terminal,,,False,N4,4,top,directional,directional_primary,"[478, 408, 491, 432]",0.5123,,symbol_heuristic,anode,diode_cathode_from_bar,polarity,other_side,12.1:anode,anode,484,426,,,,12.1:t1,t1,"{""point_mode"": ""side_peak_outside"", ""scan_axis"": ""x"", ""relative_position"": ""top"", ""scan_start"": 470, ""scan_end"": 549, ""scan_margin"": 8, ""probe_halfspan"": 6, ""probe_out_len"": 12, ""probe_inset"": 1, ""peak_coord"": 484, ""anchor_offset_ratio"": 0.2316, ""max_score"": 42, ""keep_threshold"": 36, ""selected_run_start"": 9, ""selected_run_end"": 19, ""selected_run_length"": 11, ""selected_run_score"": 42}",two_terminal_side_peak,,,484.0,426.0
,,,,,,12,LED,component:7:12.1,,,,,7,cathode,12.1:cathode,,vertical,,,,,,,12.1,,False,12.1:cathode,ok,0.0,matched_preferred,[],N5,,5,False,,,,,,,,,,terminal:7:12.1:t2,Terminal,,,False,N5,5,bottom,directional,directional_primary,"[478, 534, 491, 558]",0.5123,,symbol_heuristic,cathode,diode_cathode_from_bar,polarity,marker_side,12.1:cathode,cathode,484,539,,,,12.1:t2,t2,"{""point_mode"": ""side_peak_outside"", ""scan_axis"": ""x"", ""relative_position"": ""bottom"", ""scan_start"": 470, ""scan_end"": 549, ""scan_margin"": 8, ""probe_halfspan"": 6, ""probe_out_len"": 12, ""probe_inset"": 1, ""peak_coord"": 484, ""anchor_offset_ratio"": 0.2316, ""max_score"": 42, ""keep_threshold"": 36, ""selected_run_start"": 9, ""selected_run_end"": 19, ""selected_run_length"": 11, ""selected_run_score"": 42}",two_terminal_side_peak,,,484.0,539.0
,,,,,,9,GND,component:7:9.2,,,,,7,t1,9.2:t1,top,up,,,,,,,9.2,,False,9.2:t1,ok,0.0,matched_preferred,[],N7,,7,False,,,,,,,,,,terminal:7:9.2:t1,Terminal,,,False,N7,7,top,directional,directional_primary,"[599, 612, 612, 636]",,,,,,,,,,605,630,,,,9.2:t1,t1,"{""point_mode"": ""one_terminal_axis_center"", ""anchor_offset_ratio"": 0.5}",two_terminal_side_peak,,,604.52,630.32
,,,,,,4,Capacitor,component:7:4.1,,,,,7,t1,4.1:t1,,vertical,,,,,,,4.1,,False,4.1:t1,ok,1.0,matched_preferred,[],N8,,8,False,,,,,,,,,,terminal:7:4.1:t1,Terminal,,,False,N8,8,top,directional,directional_primary,"[600, 166, 613, 190]",,,,,,,,,,605,184,,,,4.1:t1,t1,"{""point_mode"": ""bbox_side_center"", ""anchor_offset_ratio"": 0.4998}",bbox_side_center,,,605.95,183.61
,,,,,,4,Capacitor,component:7:4.1,,,,,7,t2,4.1:t2,,vertical,,,,,,,4.1,,False,4.1:t2,ok,1.0,matched_preferred,[],N6,,6,False,,,,,,,,,,terminal:7:4.1:t2,Terminal,,,False,N6,6,bottom,directional,directional_primary,"[600, 271, 613, 295]",,,,,,,,,,605,276,,,,4.1:t2,t2,"{""point_mode"": ""bbox_side_center"", ""anchor_offset_ratio"": 0.4998}",bbox_side_center,,,605.95,276.4
,,,,,,7,Diode,component:7:7.1,,,,,7,anode,7.1:anode,,vertical,,,,,,,7.1,,False,7.1:anode,ok,2.0,matched_preferred,[],N6,,6,False,,,,,,,,,,terminal:7:7.1:t1,Terminal,,,False,N6,6,top,directional,directional_primary,"[589, 427, 626, 451]",0.5556,,symbol_heuristic,anode,diode_cathode_from_bar,polarity,other_side,7.1:anode,anode,605,445,,,,7.1:t1,t1,"{""point_mode"": ""two_terminal_axis_center"", ""anchor_offset_ratio"": 0.5}",two_terminal_side_peak,,,606.61,444.57
,,,,,,7,Diode,component:7:7.1,,,,,7,cathode,7.1:cathode,,vertical,,,,,,,7.1,,False,7.1:cathode,ok,2.0,matched_preferred,[],N7,,7,False,,,,,,,,,,terminal:7:7.1:t2,Terminal,,,False,N7,7,bottom,directional,directional_primary,"[589, 516, 626, 540]",0.5556,,symbol_heuristic,cathode,diode_cathode_from_bar,polarity,marker_side,7.1:cathode,cathode,605,521,,,,7.1:t2,t2,"{""point_mode"": ""two_terminal_axis_center"", ""anchor_offset_ratio"": 0.5}",two_terminal_side_peak,,,606.61,521.45
,,,,,,19,Operational_Amplifier,component:7:19.1,,,,,7,in1,19.1:in1,,right,,,,,,,19.1,,False,19.1:in1,ok,2.236,matched_preferred,[],N3,,3,False,,,,,,,,,,terminal:7:19.1:in1,Terminal,,,False,N3,3,left,directional,directional_primary,"[602, 711, 626, 724]",,,,,,,,,,621,715,,,,19.1:in1,in1,"{""point_mode"": ""opamp_mandatory_wire_probe"", ""relative_position"": ""left"", ""scan_axis"": ""y"", ""scan_start"": 685, ""scan_end"": 750, ""probe_halfspan"": 2, ""probe_outward_len"": 14, ""probe_inward_len"": 1, ""probe_far_gap"": 2, ""probe_far_len"": 8, ""peak_coord"": 717, ""raw_scores_max"": 21.05, ""max_score"": 21.05, ""keep_threshold"": 19.366, ""selected_coord"": 717, ""selected_distance_to_center"": 0, ""kept_candidates"": 8, ""opamp_orientation"": ""right"", ""opamp_terminal_name"": ""in1"", ""opamp_terminal_role"": ""input"", ""opamp_slot"": ""upper""}",opamp_structured,,,620.0,717.0
,,,,,,19,Operational_Amplifier,component:7:19.1,,,,,7,in2,19.1:in2,,right,,,,,,,19.1,,True,19.1:in2,unmatched,,unmatched,"[""unmatched_terminal""]",,,,False,,,,,,,,,,terminal:7:19.1:in2,Terminal,,,False,,,left,,,,,,,,,,,,,,,,,,19.1:in2,in2,"{""point_mode"": ""opamp_mandatory_wire_probe"", ""relative_position"": ""left"", ""scan_axis"": ""y"", ""scan_start"": 792, ""scan_end"": 857, ""probe_halfspan"": 2, ""probe_outward_len"": 14, ""probe_inward_len"": 1, ""probe_far_gap"": 2, ""probe_far_len"": 8, ""peak_coord"": 825, ""raw_scores_max"": 0.0, ""max_score"": 0.0, ""keep_threshold"": 0.0, ""selected_coord"": 825, ""selected_distance_to_center"": 0, ""kept_candidates"": 66, ""opamp_orientation"": ""right"", ""opamp_terminal_name"": ""in2"", ""opamp_terminal_role"": ""input"", ""opamp_slot"": ""lower""}",opamp_structured,,,620.0,825.0
,,,,,,19,Operational_Amplifier,component:7:19.1,,,,,7,out,19.1:out,,right,,,,,,,19.1,,False,19.1:out,ok,3.0,matched_preferred,[],N10,,10,False,,,,,,,,,,terminal:7:19.1:out,Terminal,,,False,N10,10,right,directional,directional_primary,"[761, 765, 785, 778]",,,,,,,,,,766,774,,,,19.1:out,out,"{""point_mode"": ""opamp_mandatory_wire_probe"", ""relative_position"": ""right"", ""scan_axis"": ""y"", ""scan_start"": 723, ""scan_end"": 819, ""probe_halfspan"": 2, ""probe_outward_len"": 14, ""probe_inward_len"": 1, ""probe_far_gap"": 2, ""probe_far_len"": 8, ""peak_coord"": 771, ""raw_scores_max"": 21.8, ""max_score"": 21.8, ""keep_threshold"": 20.056, ""selected_coord"": 771, ""selected_distance_to_center"": 0, ""kept_candidates"": 8, ""opamp_orientation"": ""right"", ""opamp_terminal_name"": ""out"", ""opamp_terminal_role"": ""output"", ""opamp_slot"": ""center""}",opamp_structured,,,766.0,771.0
,,,,,,28,Transformer,component:7:28.1,,,,,7,t1,28.1:t1,,horizontal,,,,,,,28.1,,False,28.1:t1,ok,0.0,matched_preferred,[],N8,,8,False,,,,,,,,,,terminal:7:28.1:t1,Terminal,,,False,N8,8,top,directional,directional_primary,"[708, 73, 745, 118]",,,,,,,,,,726,109,,,,28.1:t1,t1,"{""point_mode"": ""strategy_absolute_point"", ""point_source"": ""term_def.point""}",strategy_absolute_point,,,726.0,109.0
,,,,,,28,Transformer,component:7:28.1,,,,,7,t2,28.1:t2,,horizontal,,,,,,,28.1,,False,28.1:t2,ok,17.0,matched_single,"[""no_preferred_net_from_05"", ""matched_without_preferred_label"", ""used_circle_search""]",N8,,8,False,,,,,,,,,,terminal:7:28.1:t2,Terminal,,,False,,,top,circle,circle_primary,"[757, 87, 802, 132]",,,,,,,,,,779,92,,,,28.1:t2,t2,"{""point_mode"": ""strategy_absolute_point"", ""point_source"": ""term_def.point""}",strategy_absolute_point,,,779.0,109.0
,,,,,,28,Transformer,component:7:28.1,,,,,7,t3,28.1:t3,,horizontal,,,,,,,28.1,,False,28.1:t3,ok,1.414,matched_preferred,[],N9,,9,False,,,,,,,,,,terminal:7:28.1:t3,Terminal,,,False,N9,9,bottom,directional,directional_primary,"[712, 224, 749, 269]",,,,,,,,,,729,233,,,,28.1:t3,t3,"{""point_mode"": ""strategy_absolute_point"", ""point_source"": ""term_def.point""}",strategy_absolute_point,,,730.0,232.0
,,,,,,28,Transformer,component:7:28.1,,,,,7,t4,28.1:t4,,horizontal,,,,,,,28.1,,False,28.1:t4,ok,12.0,matched_preferred,[],N9,,9,False,,,,,,,,,,terminal:7:28.1:t4,Terminal,,,False,N9,9,bottom,directional,directional_primary,"[769, 224, 806, 269]",,,,,,,,,,787,244,,,,28.1:t4,t4,"{""point_mode"": ""strategy_absolute_point"", ""point_source"": ""term_def.point""}",strategy_absolute_point,,,787.0,232.0
,,,,,,22,Resistor,component:7:22.2,,,,,7,t1,22.2:t1,,horizontal,,,,,,,22.2,,False,22.2:t1,ok,2.0,matched_preferred,[],N10,,10,False,,,,,,,,,,terminal:7:22.2:t1,Terminal,,,False,N10,10,left,directional,directional_primary,"[754, 770, 778, 783]",,,,,,,,,,772,774,,,,22.2:t1,t1,"{""point_mode"": ""bbox_side_center"", ""anchor_offset_ratio"": 0.5001}",bbox_side_center,,,771.77,776.22
,,,,,,22,Resistor,component:7:22.2,,,,,7,t2,22.2:t2,,horizontal,,,,,,,22.2,,False,22.2:t2,ok,2.0,matched_preferred,[],N11,,11,False,,,,,,,,,,terminal:7:22.2:t2,Terminal,,,False,N11,11,right,directional,directional_primary,"[845, 770, 869, 783]",,,,,,,,,,850,774,,,,22.2:t2,t2,"{""point_mode"": ""bbox_side_center"", ""anchor_offset_ratio"": 0.5001}",bbox_side_center,,,849.93,776.22
,,,,,,18,NPN_Transistor,component:7:18.1,,,,,7,B,18.1:B,,left,,,,,,,18.1,,False,18.1:B,ok,0.0,matched_preferred,[],N11,,11,False,,,,,,,,,,terminal:7:18.1:t1,Terminal,,,False,N11,11,left,directional,directional_primary,"[843, 761, 882, 786]",1.0,,,,npn_emitter_from_arrow_branch,,single_side,18.1:B,B,873,773,,,,18.1:t1,t1,"{""point_mode"": ""three_terminal_structured"", ""scan_axis"": ""y"", ""relative_position"": ""left"", ""scan_start"": 736, ""scan_end"": 808, ""scan_margin"": 12, ""probe_halfspan"": 5, ""probe_out_len"": 12, ""probe_inset"": 1, ""peak_coord"": 773, ""anchor_offset_ratio"": 0.5068, ""max_score"": 80, ""keep_threshold"": 68, ""selected_run_start"": 34, ""selected_run_end"": 40, ""selected_run_length"": 7, ""selected_run_score"": 80, ""three_terminal_role"": ""single_side_terminal"", ""three_terminal_orientation"": ""left""}",three_terminal_structured,,,873.0,773.0
,,,,,,18,NPN_Transistor,component:7:18.1,,,,,7,C,18.1:C,,left,,,,,,,18.1,,True,18.1:C,unmatched,,unmatched,"[""unmatched_terminal""]",,,,False,,,,,,,,,,terminal:7:18.1:t2,Terminal,,,False,,,top,,,,0.166,,,,npn_emitter_from_arrow_branch,,other_branch,18.1:C,C,,,,,,18.1:t2,t2,"{""point_mode"": ""three_terminal_structured"", ""scan_axis"": ""x"", ""relative_position"": ""top"", ""scan_start"": 898, ""scan_end"": 916, ""scan_margin"": 3, ""probe_halfspan"": 5, ""probe_out_len"": 12, ""probe_inset"": 1, ""peak_coord"": 907, ""anchor_offset_ratio"": 0.7317, ""max_score"": 0, ""keep_threshold"": 2, ""selected_run_start"": 9, ""selected_run_end"": 9, ""selected_run_length"": 1, ""selected_run_score"": 0, ""three_terminal_role"": ""orthogonal_pair_terminal"", ""three_terminal_orientation"": ""left"", ""three_terminal_pair_bias"": ""opposite_side"", ""three_terminal_pair_bias_debug"": {""top"": {""local_score"": 0.0, ""point_mode"": ""side_peak_outside"", ""scan_axis"": ""x"", ""relative_position"": ""top"", ""scan_start"": 898, ""scan_end"": 916, ""scan_margin"": 3, ""probe_halfspan"": 5, ""probe_out_len"": 12, ""probe_inset"": 1, ""peak_coord"": 907, ""anchor_offset_ratio"": 0.7317, ""max_score"": 0, ""keep_threshold"": 2, ""selected_run_start"": 9, ""selected_run_end"": 9, ""selected_run_length"": 1, ""selected_run_score"": 0}, ""bottom"": {""local_score"": 52.5, ""point_mode"": ""side_peak_outside"", ""scan_axis"": ""x"", ""relative_position"": ""bottom"", ""scan_start"": 898, ""scan_end"": 916, ""scan_margin"": 3, ""probe_halfspan"": 5, ""probe_out_len"": 12, ""probe_inset"": 1, ""peak_coord"": 909, ""anchor_offset_ratio"": 0.7805, ""max_score"": 42, ""keep_threshold"": 36, ""selected_run_start"": 7, ""selected_run_end"": 15, ""selected_run_length"": 9, ""selected_run_score"": 42}}}",three_terminal_structured,,,907.0,695.0
,,,,,,18,NPN_Transistor,component:7:18.1,,,,,7,E,18.1:E,,left,,,,,,,18.1,,False,18.1:E,ok,0.0,matched_preferred,[],N13,,13,False,,,,,,,,,,terminal:7:18.1:t3,Terminal,,,False,N13,13,bottom,directional,directional_primary,"[897, 841, 922, 880]",0.166,,,,npn_emitter_from_arrow_branch,,arrow_branch,18.1:E,E,909,849,,,,18.1:t3,t3,"{""point_mode"": ""three_terminal_structured"", ""scan_axis"": ""x"", ""relative_position"": ""bottom"", ""scan_start"": 898, ""scan_end"": 916, ""scan_margin"": 3, ""probe_halfspan"": 5, ""probe_out_len"": 12, ""probe_inset"": 1, ""peak_coord"": 909, ""anchor_offset_ratio"": 0.7805, ""max_score"": 42, ""keep_threshold"": 36, ""selected_run_start"": 7, ""selected_run_end"": 15, ""selected_run_length"": 9, ""selected_run_score"": 42, ""three_terminal_role"": ""orthogonal_pair_terminal"", ""three_terminal_orientation"": ""left"", ""three_terminal_pair_bias"": ""opposite_side"", ""three_terminal_pair_bias_debug"": {""top"": {""local_score"": 0.0, ""point_mode"": ""side_peak_outside"", ""scan_axis"": ""x"", ""relative_position"": ""top"", ""scan_start"": 898, ""scan_end"": 916, ""scan_margin"": 3, ""probe_halfspan"": 5, ""probe_out_len"": 12, ""probe_inset"": 1, ""peak_coord"": 907, ""anchor_offset_ratio"": 0.7317, ""max_score"": 0, ""keep_threshold"": 2, ""selected_run_start"": 9, ""selected_run_end"": 9, ""selected_run_length"": 1, ""selected_run_score"": 0}, ""bottom"": {""local_score"": 52.5, ""point_mode"": ""side_peak_outside"", ""scan_axis"": ""x"", ""relative_position"": ""bottom"", ""scan_start"": 898, ""scan_end"": 916, ""scan_margin"": 3, ""probe_halfspan"": 5, ""probe_out_len"": 12, ""probe_inset"": 1, ""peak_coord"": 909, ""anchor_offset_ratio"": 0.7805, ""max_score"": 42, ""keep_threshold"": 36, ""selected_run_start"": 7, ""selected_run_end"": 15, ""selected_run_length"": 9, ""selected_run_score"": 42}}}",three_terminal_structured,,,909.0,849.0
,,,,,,5,Connector,component:7:5.1,,,,,7,pin1,5.1:pin1,,horizontal,,,,,,,5.1,,False,5.1:pin1,ok,6.708,matched_preferred,"[""used_circle_search""]",N8,,8,False,,,,,,,,,,terminal:7:5.1:pin1,Terminal,,,False,N8,8,top,circle,circle_primary,"[845, 142, 862, 159]",,,,,,,,,,847,153,,,,5.1:pin1,pin1,"{""point_mode"": ""bbox_side_anchor_ratio"", ""anchor_offset_ratio"": 0.0813}",bbox_side_center,,,853.16,150.39
,,,,,,5,Connector,component:7:5.1,,,,,7,pin2,5.1:pin2,,horizontal,,,,,,,5.1,,False,5.1:pin2,ok,0.0,matched_preferred,[],N12,,12,False,,,,,,,,,,terminal:7:5.1:pin2,Terminal,,,False,N12,12,top,directional,directional_primary,"[884, 136, 895, 155]",,,,,,,,,,889,150,,,,5.1:pin2,pin2,"{""point_mode"": ""bbox_side_anchor_ratio"", ""anchor_offset_ratio"": 0.374}",bbox_side_center,,,889.22,150.39
,,,,,,5,Connector,component:7:5.1,,,,,7,pin3,5.1:pin3,,horizontal,,,,,,,5.1,,False,5.1:pin3,ok,0.0,matched_preferred,[],N12,,12,False,,,,,,,,,,terminal:7:5.1:pin3,Terminal,,,False,N12,12,top,directional,directional_primary,"[914, 136, 925, 155]",,,,,,,,,,919,150,,,,5.1:pin3,pin3,"{""point_mode"": ""bbox_side_anchor_ratio"", ""anchor_offset_ratio"": 0.6179}",bbox_side_center,,,919.27,150.39
,,,,,,5,Connector,component:7:5.1,,,,,7,pin4,5.1:pin4,,horizontal,,,,,,,5.1,,True,5.1:pin4,unmatched,,unmatched,"[""unmatched_terminal""]",,,,False,,,,,,,,,,terminal:7:5.1:pin4,Terminal,,,False,,,bottom,,,,,,,,,,,,,,,,,,5.1:pin4,pin4,"{""point_mode"": ""bbox_side_anchor_ratio"", ""anchor_offset_ratio"": 0.9024}",bbox_side_center,,,954.32,234.63
,,,,,,9,GND,component:7:9.3,,,,,7,t1,9.3:t1,top,up,,,,,,,9.3,,False,9.3:t1,ok,1.0,matched_preferred,[],N13,,13,False,,,,,,,,,,terminal:7:9.3:t1,Terminal,,,False,N13,13,top,directional,directional_primary,"[904, 913, 917, 937]",,,,,,,,,,909,931,,,,9.3:t1,t1,"{""point_mode"": ""one_terminal_axis_center"", ""anchor_offset_ratio"": 0.5}",two_terminal_side_peak,,,909.65,931.0
54,160,49,195,,,,,,,"[""positive""]","[""2.1:positive"", ""8.1:t1""]","[""2.1:t1"", ""8.1:t1""]",7,,,,,,,,,,,,False,,N1,,,,,,,,,[3],,2,,,,,N1,1,net:7:N1,Net,298,,,,,,,,,,,,,,,,,,,,,3,,,,,,,,,
219,325,91,99,,,,,,,[],"[""25.1:t1"", ""8.1:t2""]","[""25.1:t1"", ""8.1:t2""]",7,,,,,,,,,,,,False,,N2,,,,,,,,,[5],,2,,,,,N2,2,net:7:N2,Net,111,,,,,,,,,,,,,,,,,,,,,5,,,,,,,,,
73,635,252,718,,,,,,,"[""negative""]","[""19.1:in1"", ""2.1:negative""]","[""19.1:in1"", ""2.1:t2""]",7,,,,,,,,,,,,False,,N3,,,,,,,,,[11],,2,,,,,N3,3,net:7:N3,Net,1104,,,,,,,,,,,,,,,,,,,,,11,,,,,,,,,
483,484,286,443,,,,,,,"[""anode""]","[""12.1:anode"", ""22.1:t2""]","[""12.1:t1"", ""22.1:t2""]",7,,,,,,,,,,,,False,,N4,,,,,,,,,[13],,2,,,,,N4,4,net:7:N4,Net,158,,,,,,,,,,,,,,,,,,,,,13,,,,,,,,,
482,486,523,649,,,,,,,"[""cathode""]","[""12.1:cathode"", ""9.1:t1""]","[""12.1:t2"", ""9.1:t1""]",7,,,,,,,,,,,,False,,N5,,,,,,,,,[17],,2,,,,,N5,5,net:7:N5,Net,130,,,,,,,,,,,,,,,,,,,,,17,,,,,,,,,
605,607,259,463,,,,,,,"[""anode""]","[""4.1:t2"", ""7.1:anode""]","[""4.1:t2"", ""7.1:t1""]",7,,,,,,,,,,,,False,,N6,,,,,,,,,[12],,2,,,,,N6,6,net:7:N6,Net,205,,,,,,,,,,,,,,,,,,,,,12,,,,,,,,,
605,607,503,647,,,,,,,"[""cathode""]","[""7.1:cathode"", ""9.2:t1""]","[""7.1:t2"", ""9.2:t1""]",7,,,,,,,,,,,,False,,N7,,,,,,,,,[16],,2,,,,,N7,7,net:7:N7,Net,145,,,,,,,,,,,,,,,,,,,,,16,,,,,,,,,
402,847,49,201,,,,,,,[],"[""22.1:t1"", ""25.1:t2"", ""28.1:t1"", ""4.1:t1"", ""5.1:pin1""]","[""22.1:t1"", ""25.1:t2"", ""28.1:t1"", ""4.1:t1"", ""5.1:pin1""]",7,,,,,,,,,,,,False,,N8,,,,,,,,,[4],,5,,,,,N8,8,net:7:N8,Net,1017,,,,,,,,,,,,,,,,,,,,,4,,,,,,,,,
727,802,232,244,,,,,,,[],"[""28.1:t3"", ""28.1:t4""]","[""28.1:t3"", ""28.1:t4""]",7,,,,,,,,,,,,False,,N9,,,,,,,,,[10],,2,,,,,N9,9,net:7:N9,Net,93,,,,,,,,,,,,,,,,,,,,,10,,,,,,,,,
749,784,771,775,,,,,,,[],"[""19.1:out"", ""22.2:t1""]","[""19.1:out"", ""22.2:t1""]",7,,,,,,,,,,,,False,,N10,,,,,,,,,[20],,2,,,,,N10,10,net:7:N10,Net,36,,,,,,,,,,,,,,,,,,,,,20,,,,,,,,,
834,888,772,776,,,,,,,"[""B""]","[""18.1:B"", ""22.2:t2""]","[""18.1:t1"", ""22.2:t2""]",7,,,,,,,,,,,,False,,N11,,,,,,,,,[21],,2,,,,,N11,11,net:7:N11,Net,55,,,,,,,,,,,,,,,,,,,,,21,,,,,,,,,
875,936,126,158,,,,,,,[],"[""5.1:pin2"", ""5.1:pin3""]","[""5.1:pin2"", ""5.1:pin3""]",7,,,,,,,,,,,,False,,N12,,,,,,,,,[6],,2,,,,,N12,12,net:7:N12,Net,122,,,,,,,,,,,,,,,,,,,,,6,,,,,,,,,
909,912,833,948,,,,,,,"[""E""]","[""18.1:E"", ""9.3:t1""]","[""18.1:t3"", ""9.3:t1""]",7,,,,,,,,,,,,False,,N13,,,,,,,,,[22],,2,,,,,N13,13,net:7:N13,Net,117,,,,,,,,,,,,,,,,,,,,,22,,,,,,,,,
,,,,,,,,,,,,,8,,,,,1024,8.jpg,C:\Users\m.profilo\Desktop\tesi_diagrams_yolo\data\batch_v9_2_set_successivo_analog_meter_connector_transformer\8.jpg,1024,,,,,,8,,,,,,,,,,9,,15,6,,15,,,diagram:8,Diagram,,,,,,,,,,,,,,,,,,,,,06_match_terminals_to_nets,,,,,,,,,,
194.32,220.96,808.41,856.74,26,Terminal,,,,0.7882,,,,8,,,,right,,,,,,,26.1,,,26.1,,,,,,,,,,,,,,1,,,,component:8:26.1,Component,,,,,,,,,,,,,,,,,,,,,,,variable_terminal,,,,,True,True,,
192.21,223.93,89.73,141.91,26,Terminal,,,,0.7474,,,,8,,,,right,,,,,,,26.2,,,26.2,,,,,,,,,,,,,,1,,,,component:8:26.2,Component,,,,,,,,,,,,,,,,,,,,,,,variable_terminal,,,,,True,True,,
235.78,322.16,274.1,356.67,20,Polarized_Capacitor,,,,0.8388,,,,8,,,,vertical,,,,,,,20.1,,,20.1,,,,,,,,,,,,,,2,,,,component:8:20.1,Component,,,,,,,,,,,,,,,,,,,,,,,two_terminal,,,,,True,True,,
236.49,322.42,578.39,661.37,20,Polarized_Capacitor,,,,0.8407,,,,8,,,,vertical,,,,,,,20.2,,,20.2,,,,,,,,,,,,,,2,,,,component:8:20.2,Component,,,,,,,,,,,,,,,,,,,,,,,two_terminal,,,,,True,True,,
244.49,315.39,926.82,988.57,9,GND,,,,0.7958,,,,8,,,top,up,,,,,,,9.1,,,9.1,,,,,,,,,,,,,,1,,,,component:8:9.1,Component,,,,,,,,,,,,,,,,,,,,,,,one_terminal,,,,,True,True,,
450.45,578.65,407.58,476.61,10,Inductor,,,,0.8929,,,,8,,,,horizontal,,,,,,,10.1,,,10.1,,,,,,,,,,,,,,2,,,,component:8:10.1,Component,,,,,,,,,,,,,,,,,,,,,,,two_terminal,,,,,True,True,,
692.91,856.32,509.99,725.89,28,Transformer,,,,0.9209,,,,8,,,,horizontal,,,,,,,28.1,,,28.1,,,,,,,,,,,,,,4,,,,component:8:28.1,Component,,,,,,,,,,,,,,,,,,,,,,,multi_terminal,,,,,True,True,,
946.49,977.16,430.36,484.37,26,Terminal,,,,0.7957,,,,8,,,,left,,,,,,,26.3,,,26.3,,,,,,,,,,,,,,1,,,,component:8:26.3,Component,,,,,,,,,,,,,,,,,,,,,,,variable_terminal,,,,,True,True,,
947.63,976.5,806.49,859.81,26,Terminal,,,,0.7858,,,,8,,,,left,,,,,,,26.4,,,26.4,,,,,,,,,,,,,,1,,,,component:8:26.4,Component,,,,,,,,,,,,,,,,,,,,,,,variable_terminal,,,,,True,True,,
,,,,,,26,Terminal,component:8:26.1,,,,,8,t1,26.1:t1,,right,,,,,,,26.1,,False,26.1:t1,ok,2.0,matched_preferred,[],N3,,3,False,,,,,,,,,,terminal:8:26.1:t1,Terminal,,,False,N3,3,right,directional,directional_primary,"[220, 827, 244, 840]",,,,,,,,,,225,831,,,,26.1:t1,t1,"{""point_mode"": ""bbox_side_center"", ""anchor_offset_ratio"": 0.5001}",bbox_side_center,,,224.96,832.58
,,,,,,26,Terminal,component:8:26.2,,,,,8,t1,26.2:t1,,right,,,,,,,26.2,,False,26.2:t1,ok,0.0,matched_preferred,[],N1,,1,False,,,,,,,,,,terminal:8:26.2:t1,Terminal,,,False,N1,1,right,directional,directional_primary,"[223, 110, 247, 123]",,,,,,,,,,228,116,,,,26.2:t1,t1,"{""point_mode"": ""bbox_side_center"", ""anchor_offset_ratio"": 0.5}",bbox_side_center,,,227.93,115.82
,,,,,,20,Polarized_Capacitor,component:8:20.1,,,,,8,positive,20.1:positive,,vertical,,,,,,,20.1,,False,20.1:positive,ok,2.0,matched_preferred,[],N1,,1,False,,,,,,,,,,terminal:8:20.1:t1,Terminal,,,False,N1,1,top,directional,directional_primary,"[273, 252, 286, 276]",0.1895,,symbol_heuristic,positive,polarized_capacitor_positive_from_marker,polarity,marker_side,20.1:positive,positive,281,270,,,,20.1:t1,t1,"{""point_mode"": ""bbox_side_center"", ""anchor_offset_ratio"": 0.5}",bbox_side_center,,,278.97,270.1
,,,,,,20,Polarized_Capacitor,component:8:20.1,,,,,8,negative,20.1:negative,,vertical,,,,,,,20.1,,False,20.1:negative,ok,2.0,matched_preferred,[],N2,,2,False,,,,,,,,,,terminal:8:20.1:t2,Terminal,,,False,N2,2,bottom,directional,directional_primary,"[273, 356, 286, 380]",0.1895,,symbol_heuristic,negative,polarized_capacitor_positive_from_marker,polarity,other_side,20.1:negative,negative,281,361,,,,20.1:t2,t2,"{""point_mode"": ""bbox_side_center"", ""anchor_offset_ratio"": 0.5}",bbox_side_center,,,278.97,360.67
,,,,,,20,Polarized_Capacitor,component:8:20.2,,,,,8,positive,20.2:positive,,vertical,,,,,,,20.2,,False,20.2:positive,ok,2.0,matched_preferred,[],N2,,2,False,,,,,,,,,,terminal:8:20.2:t1,Terminal,,,False,N2,2,top,directional,directional_primary,"[273, 556, 286, 580]",0.1241,,symbol_heuristic,positive,polarized_capacitor_positive_from_marker,polarity,marker_side,20.2:positive,positive,281,574,,,,20.2:t1,t1,"{""point_mode"": ""bbox_side_center"", ""anchor_offset_ratio"": 0.5001}",bbox_side_center,,,279.46,574.39
,,,,,,20,Polarized_Capacitor,component:8:20.2,,,,,8,negative,20.2:negative,,vertical,,,,,,,20.2,,False,20.2:negative,ok,2.0,matched_preferred,[],N3,,3,False,,,,,,,,,,terminal:8:20.2:t2,Terminal,,,False,N3,3,bottom,directional,directional_primary,"[273, 660, 286, 684]",0.1241,,symbol_heuristic,negative,polarized_capacitor_positive_from_marker,polarity,other_side,20.2:negative,negative,281,665,,,,20.2:t2,t2,"{""point_mode"": ""bbox_side_center"", ""anchor_offset_ratio"": 0.5001}",bbox_side_center,,,279.46,665.37
,,,,,,9,GND,component:8:9.1,,,,,8,t1,9.1:t1,top,up,,,,,,,9.1,,False,9.1:t1,ok,1.0,matched_preferred,[],N3,,3,False,,,,,,,,,,terminal:8:9.1:t1,Terminal,,,False,N3,3,top,directional,directional_primary,"[274, 905, 287, 929]",,,,,,,,,,279,923,,,,9.1:t1,t1,"{""point_mode"": ""one_terminal_axis_center"", ""anchor_offset_ratio"": 0.5}",two_terminal_side_peak,,,279.94,922.82
,,,,,,10,Inductor,component:8:10.1,,,,,8,t1,10.1:t1,,horizontal,,,,,,,10.1,,False,10.1:t1,ok,0.0,matched_preferred,[],N2,,2,False,,,,,,,,,,terminal:8:10.1:t1,Terminal,,,False,N2,2,left,directional,directional_primary,"[404, 446, 457, 471]",,,,,,,,,,446,458,,,,10.1:t1,t1,"{""point_mode"": ""side_peak_outside"", ""scan_axis"": ""y"", ""relative_position"": ""left"", ""scan_start"": 414, ""scan_end"": 471, ""scan_margin"": 6, ""probe_halfspan"": 6, ""probe_out_len"": 12, ""probe_inset"": 1, ""peak_coord"": 458, ""anchor_offset_ratio"": 0.7246, ""max_score"": 140, ""keep_threshold"": 119, ""selected_run_start"": 42, ""selected_run_end"": 47, ""selected_run_length"": 6, ""selected_run_score"": 140}",two_terminal_side_peak,,,446.0,458.0
,,,,,,10,Inductor,component:8:10.1,,,,,8,t2,10.1:t2,,horizontal,,,,,,,10.1,,False,10.1:t2,ok,0.0,matched_preferred,[],N4,,4,False,,,,,,,,,,terminal:8:10.1:t2,Terminal,,,False,N4,4,right,directional,directional_primary,"[573, 446, 626, 471]",,,,,,,,,,583,458,,,,10.1:t2,t2,"{""point_mode"": ""side_peak_outside"", ""scan_axis"": ""y"", ""relative_position"": ""right"", ""scan_start"": 414, ""scan_end"": 471, ""scan_margin"": 6, ""probe_halfspan"": 6, ""probe_out_len"": 12, ""probe_inset"": 1, ""peak_coord"": 458, ""anchor_offset_ratio"": 0.7246, ""max_score"": 126, ""keep_threshold"": 107, ""selected_run_start"": 41, ""selected_run_end"": 47, ""selected_run_length"": 7, ""selected_run_score"": 126}",two_terminal_side_peak,,,583.0,458.0
,,,,,,28,Transformer,component:8:28.1,,,,,8,t1,28.1:t1,,horizontal,,,,,,,28.1,,False,28.1:t1,ok,1.0,matched_preferred,[],N4,,4,False,,,,,,,,,,terminal:8:28.1:t1,Terminal,,,False,N4,4,top,directional,directional_primary,"[696, 470, 733, 515]",,,,,,,,,,713,506,,,,28.1:t1,t1,"{""point_mode"": ""strategy_absolute_point"", ""point_source"": ""term_def.point""}",strategy_absolute_point,,,714.0,506.0
,,,,,,28,Transformer,component:8:28.1,,,,,8,t2,28.1:t2,,horizontal,,,,,,,28.1,,False,28.1:t2,ok,1.0,matched_preferred,[],N6,,6,False,,,,,,,,,,terminal:8:28.1:t2,Terminal,,,False,N6,6,top,directional,directional_primary,"[820, 470, 857, 515]",,,,,,,,,,837,506,,,,28.1:t2,t2,"{""point_mode"": ""strategy_absolute_point"", ""point_source"": ""term_def.point""}",strategy_absolute_point,,,838.0,506.0
,,,,,,28,Transformer,component:8:28.1,,,,,8,t3,28.1:t3,,horizontal,,,,,,,28.1,,False,28.1:t3,ok,0.0,matched_preferred,[],N3,,3,False,,,,,,,,,,terminal:8:28.1:t3,Terminal,,,False,N3,3,bottom,directional,directional_primary,"[694, 722, 731, 767]",,,,,,,,,,712,730,,,,28.1:t3,t3,"{""point_mode"": ""strategy_absolute_point"", ""point_source"": ""term_def.point""}",strategy_absolute_point,,,712.0,730.0
,,,,,,28,Transformer,component:8:28.1,,,,,8,t4,28.1:t4,,horizontal,,,,,,,28.1,,False,28.1:t4,ok,0.0,matched_preferred,[],N5,,5,False,,,,,,,,,,terminal:8:28.1:t4,Terminal,,,False,N5,5,bottom,directional,directional_primary,"[819, 722, 856, 767]",,,,,,,,,,837,730,,,,28.1:t4,t4,"{""point_mode"": ""strategy_absolute_point"", ""point_source"": ""term_def.point""}",strategy_absolute_point,,,837.0,730.0
,,,,,,26,Terminal,component:8:26.3,,,,,8,t1,26.3:t1,,left,,,,,,,26.3,,False,26.3:t1,ok,2.0,matched_preferred,[],N6,,6,False,,,,,,,,,,terminal:8:26.3:t1,Terminal,,,False,N6,6,left,directional,directional_primary,"[924, 451, 948, 464]",,,,,,,,,,942,455,,,,26.3:t1,t1,"{""point_mode"": ""bbox_side_center"", ""anchor_offset_ratio"": 0.5001}",bbox_side_center,,,942.49,457.37
,,,,,,26,Terminal,component:8:26.4,,,,,8,t1,26.4:t1,,left,,,,,,,26.4,,False,26.4:t1,ok,2.0,matched_preferred,[],N5,,5,False,,,,,,,,,,terminal:8:26.4:t1,Terminal,,,False,N5,5,left,directional,directional_primary,"[926, 827, 950, 840]",,,,,,,,,,944,831,,,,26.4:t1,t1,"{""point_mode"": ""bbox_side_center"", ""anchor_offset_ratio"": 0.5}",bbox_side_center,,,943.63,833.15
218,281,114,284,,,,,,,"[""positive""]","[""20.1:positive"", ""26.2:t1""]","[""20.1:t1"", ""26.2:t1""]",8,,,,,,,,,,,,False,,N1,,,,,,,,,[3],,2,,,,,N1,1,net:8:N1,Net,231,,,,,,,,,,,,,,,,,,,,,3,,,,,,,,,
278,460,345,591,,,,,,,"[""negative"", ""positive""]","[""10.1:t1"", ""20.1:negative"", ""20.2:positive""]","[""10.1:t1"", ""20.1:t2"", ""20.2:t1""]",8,,,,,,,,,,,,False,,N2,,,,,,,,,[5],,3,,,,,N2,2,net:8:N2,Net,425,,,,,,,,,,,,,,,,,,,,,5,,,,,,,,,
216,713,649,938,,,,,,,"[""negative""]","[""20.2:negative"", ""26.1:t1"", ""28.1:t3"", ""9.1:t1""]","[""20.2:t2"", ""26.1:t1"", ""28.1:t3"", ""9.1:t1""]",8,,,,,,,,,,,,False,,N3,,,,,,,,,[13],,4,,,,,N3,3,net:8:N3,Net,894,,,,,,,,,,,,,,,,,,,,,13,,,,,,,,,
569,713,458,510,,,,,,,[],"[""10.1:t2"", ""28.1:t1""]","[""10.1:t2"", ""28.1:t1""]",8,,,,,,,,,,,,False,,N4,,,,,,,,,[9],,2,,,,,N4,4,net:8:N4,Net,193,,,,,,,,,,,,,,,,,,,,,9,,,,,,,,,
837,951,725,839,,,,,,,[],"[""26.4:t1"", ""28.1:t4""]","[""26.4:t1"", ""28.1:t4""]",8,,,,,,,,,,,,False,,N5,,,,,,,,,[14],,2,,,,,N5,5,net:8:N5,Net,232,,,,,,,,,,,,,,,,,,,,,14,,,,,,,,,
836,954,448,511,,,,,,,[],"[""26.3:t1"", ""28.1:t2""]","[""26.3:t1"", ""28.1:t2""]",8,,,,,,,,,,,,False,,N6,,,,,,,,,[8],,2,,,,,N6,6,net:8:N6,Net,182,,,,,,,,,,,,,,,,,,,,,8,,,,,,,,,
,,,,,,,,,,,,,9,,,,,1024,9.jpg,C:\Users\m.profilo\Desktop\tesi_diagrams_yolo\data\batch_v9_2_set_successivo_analog_meter_connector_transformer\9.jpg,1024,,,,,,9,,,,,,,,,,9,,20,9,,20,,,diagram:9,Diagram,,,,,,,,,,,,,,,,,,,,,06_match_terminals_to_nets,,,,,,,,,,
54.98,151.47,109.69,200.55,22,Resistor,,,,0.8781,,,,9,,,,horizontal,,,,,,,22.1,,,22.1,,,,,,,,,,,,,,2,,,,component:9:22.1,Component,,,,,,,,,,,,,,,,,,,,,,,two_terminal,,,,,True,True,,
173.36,303.24,103.39,180.41,10,Inductor,,,,0.8208,,,,9,,,,horizontal,,,,,,,10.1,,,10.1,,,,,,,,,,,,,,2,,,,component:9:10.1,Component,,,,,,,,,,,,,,,,,,,,,,,two_terminal,,,,,True,True,,
358.26,459.84,268.03,948.2,28,Transformer,,,,0.6319,,,,9,,,,horizontal,,,,,,,28.1,,,28.1,,,,,,,,,,,,,,4,,,,component:9:28.1,Component,,,,,,,,,,,,,,,,,,,,,,,multi_terminal,,,,,True,True,,
510.23,539.3,469.13,714.66,22,Resistor,,,,0.7004,,,,9,,,,vertical,,,,,,,22.2,,,22.2,,,,,,,,,,,,,,2,,,,component:9:22.2,Component,,,,,,,,,,,,,,,,,,,,,,,two_terminal,,,,,True,True,,
547.44,632.99,419.18,758.58,10,Inductor,,,,0.54,,,,9,,,,vertical,,,,,,,10.2,,,10.2,,,,,,,,,,,,,,2,,,,component:9:10.2,Component,,,,,,,,,,,,,,,,,,,,,,,two_terminal,,,,,True,True,,
627.53,728.93,102.64,196.63,22,Resistor,,,,0.9034,,,,9,,,,horizontal,,,,,,,22.3,,,22.3,,,,,,,,,,,,,,2,,,,component:9:22.3,Component,,,,,,,,,,,,,,,,,,,,,,,two_terminal,,,,,True,True,,
768.44,897.02,99.83,181.54,10,Inductor,,,,0.8202,,,,9,,,,horizontal,,,,,,,10.3,,,10.3,,,,,,,,,,,,,,2,,,,component:9:10.3,Component,,,,,,,,,,,,,,,,,,,,,,,two_terminal,,,,,True,True,,
929.63,960.28,555.12,895.81,10,Inductor,,,,0.6106,,,,9,,,,vertical,,,,,,,10.4,,,10.4,,,,,,,,,,,,,,2,,,,component:9:10.4,Component,,,,,,,,,,,,,,,,,,,,,,,two_terminal,,,,,True,True,,
933.8,965.52,255.28,505.08,22,Resistor,,,,0.7893,,,,9,,,,vertical,,,,,,,22.4,,,22.4,,,,,,,,,,,,,,2,,,,component:9:22.4,Component,,,,,,,,,,,,,,,,,,,,,,,two_terminal,,,,,True,True,,
,,,,,,22,Resistor,component:9:22.1,,,,,9,t1,22.1:t1,,horizontal,,,,,,,22.1,,False,22.1:t1,ok,1.0,matched_preferred,[],N1,,1,False,,,,,,,,,,terminal:9:22.1:t1,Terminal,,,False,N1,1,left,directional,directional_primary,"[33, 149, 57, 162]",,,,,,,,,,51,156,,,,22.1:t1,t1,"{""point_mode"": ""bbox_side_center"", ""anchor_offset_ratio"": 0.5}",bbox_side_center,,,50.98,155.12
,,,,,,22,Resistor,component:9:22.1,,,,,9,t2,22.1:t2,,horizontal,,,,,,,22.1,,False,22.1:t2,ok,5.0,matched_preferred,[],N2,,2,False,,,,,,,,,,terminal:9:22.1:t2,Terminal,,,False,N2,2,right,directional,directional_primary,"[150, 149, 174, 162]",,,,,,,,,,155,160,,,,22.1:t2,t2,"{""point_mode"": ""bbox_side_center"", ""anchor_offset_ratio"": 0.5}",bbox_side_center,,,155.47,155.12
,,,,,,10,Inductor,component:9:10.1,,,,,9,t1,10.1:t1,,horizontal,,,,,,,10.1,,False,10.1:t1,ok,0.0,matched_preferred,[],N2,,2,False,,,,,,,,,,terminal:9:10.1:t1,Terminal,,,False,N2,2,left,directional,directional_primary,"[127, 148, 180, 173]",,,,,,,,,,169,160,,,,10.1:t1,t1,"{""point_mode"": ""side_peak_outside"", ""scan_axis"": ""y"", ""relative_position"": ""left"", ""scan_start"": 109, ""scan_end"": 174, ""scan_margin"": 6, ""probe_halfspan"": 6, ""probe_out_len"": 12, ""probe_inset"": 1, ""peak_coord"": 160, ""anchor_offset_ratio"": 0.7403, ""max_score"": 98, ""keep_threshold"": 83, ""selected_run_start"": 47, ""selected_run_end"": 55, ""selected_run_length"": 9, ""selected_run_score"": 98}",two_terminal_side_peak,,,169.0,160.0
,,,,,,10,Inductor,component:9:10.1,,,,,9,t2,10.1:t2,,horizontal,,,,,,,10.1,,False,10.1:t2,ok,1.0,matched_preferred,[],N4,,4,False,,,,,,,,,,terminal:9:10.1:t2,Terminal,,,False,N4,4,right,directional,directional_primary,"[297, 145, 350, 170]",,,,,,,,,,307,156,,,,10.1:t2,t2,"{""point_mode"": ""side_peak_outside"", ""scan_axis"": ""y"", ""relative_position"": ""right"", ""scan_start"": 109, ""scan_end"": 174, ""scan_margin"": 6, ""probe_halfspan"": 6, ""probe_out_len"": 12, ""probe_inset"": 1, ""peak_coord"": 157, ""anchor_offset_ratio"": 0.7013, ""max_score"": 84, ""keep_threshold"": 71, ""selected_run_start"": 44, ""selected_run_end"": 51, ""selected_run_length"": 8, ""selected_run_score"": 84}",two_terminal_side_peak,,,307.0,157.0
,,,,,,28,Transformer,component:9:28.1,,,,,9,t1,28.1:t1,,horizontal,,,,,,,28.1,,False,28.1:t1,ok,2.0,matched_preferred,[],N4,,4,False,,,,,,,,,,terminal:9:28.1:t1,Terminal,,,False,N4,4,top,directional,directional_primary,"[345, 228, 382, 273]",,,,,,,,,,361,264,,,,28.1:t1,t1,"{""point_mode"": ""strategy_absolute_point"", ""point_source"": ""term_def.point""}",strategy_absolute_point,,,363.0,264.0
,,,,,,28,Transformer,component:9:28.1,,,,,9,t2,28.1:t2,,horizontal,,,,,,,28.1,,False,28.1:t2,ok,1.0,matched_preferred,[],N5,,5,False,,,,,,,,,,terminal:9:28.1:t2,Terminal,,,False,N5,5,top,directional,directional_primary,"[435, 228, 472, 273]",,,,,,,,,,454,264,,,,28.1:t2,t2,"{""point_mode"": ""strategy_absolute_point"", ""point_source"": ""term_def.point""}",strategy_absolute_point,,,453.0,264.0
,,,,,,28,Transformer,component:9:28.1,,,,,9,t3,28.1:t3,,horizontal,,,,,,,28.1,,False,28.1:t3,ok,2.0,matched_preferred,[],N3,,3,False,,,,,,,,,,terminal:9:28.1:t3,Terminal,,,False,N3,3,bottom,directional,directional_primary,"[345, 944, 382, 989]",,,,,,,,,,361,952,,,,28.1:t3,t3,"{""point_mode"": ""strategy_absolute_point"", ""point_source"": ""term_def.point""}",strategy_absolute_point,,,363.0,952.0
,,,,,,28,Transformer,component:9:28.1,,,,,9,t4,28.1:t4,,horizontal,,,,,,,28.1,,False,28.1:t4,ok,1.0,matched_preferred,[],N6,,6,False,,,,,,,,,,terminal:9:28.1:t4,Terminal,,,False,N6,6,bottom,directional,directional_primary,"[435, 944, 472, 989]",,,,,,,,,,454,952,,,,28.1:t4,t4,"{""point_mode"": ""strategy_absolute_point"", ""point_source"": ""term_def.point""}",strategy_absolute_point,,,453.0,952.0
,,,,,,22,Resistor,component:9:22.2,,,,,9,t1,22.2:t1,,vertical,,,,,,,22.2,,False,22.2:t1,ok,1.0,matched_preferred,[],N5,,5,False,,,,,,,,,,terminal:9:22.2:t1,Terminal,,,False,N5,5,top,directional,directional_primary,"[519, 447, 532, 471]",,,,,,,,,,524,465,,,,22.2:t1,t1,"{""point_mode"": ""bbox_side_center"", ""anchor_offset_ratio"": 0.4998}",bbox_side_center,,,524.76,465.13
,,,,,,22,Resistor,component:9:22.2,,,,,9,t2,22.2:t2,,vertical,,,,,,,22.2,,False,22.2:t2,ok,1.0,matched_preferred,[],N6,,6,False,,,,,,,,,,terminal:9:22.2:t2,Terminal,,,False,N6,6,bottom,directional,directional_primary,"[519, 714, 532, 738]",,,,,,,,,,524,719,,,,22.2:t2,t2,"{""point_mode"": ""bbox_side_center"", ""anchor_offset_ratio"": 0.4998}",bbox_side_center,,,524.76,718.66
,,,,,,10,Inductor,component:9:10.2,,,,,9,t1,10.2:t1,,vertical,,,,,,,10.2,,False,10.2:t1,ok,0.0,matched_preferred,[],N5,,5,False,,,,,,,,,,terminal:9:10.2:t1,Terminal,,,False,N5,5,top,directional,directional_primary,"[594, 373, 619, 426]",,,,,,,,,,606,415,,,,10.2:t1,t1,"{""point_mode"": ""side_peak_outside"", ""scan_axis"": ""x"", ""relative_position"": ""top"", ""scan_start"": 554, ""scan_end"": 626, ""scan_margin"": 7, ""probe_halfspan"": 6, ""probe_out_len"": 12, ""probe_inset"": 1, ""peak_coord"": 606, ""anchor_offset_ratio"": 0.686, ""max_score"": 29, ""keep_threshold"": 25, ""selected_run_start"": 47, ""selected_run_end"": 58, ""selected_run_length"": 12, ""selected_run_score"": 29}",two_terminal_side_peak,,,606.0,415.0
,,,,,,10,Inductor,component:9:10.2,,,,,9,t2,10.2:t2,,vertical,,,,,,,10.2,,False,10.2:t2,ok,0.0,matched_preferred,[],N6,,6,False,,,,,,,,,,terminal:9:10.2:t2,Terminal,,,False,N6,6,bottom,directional,directional_primary,"[594, 753, 619, 806]",,,,,,,,,,606,763,,,,10.2:t2,t2,"{""point_mode"": ""side_peak_outside"", ""scan_axis"": ""x"", ""relative_position"": ""bottom"", ""scan_start"": 554, ""scan_end"": 626, ""scan_margin"": 7, ""probe_halfspan"": 6, ""probe_out_len"": 12, ""probe_inset"": 1, ""peak_coord"": 606, ""anchor_offset_ratio"": 0.686, ""max_score"": 28, ""keep_threshold"": 24, ""selected_run_start"": 47, ""selected_run_end"": 58, ""selected_run_length"": 12, ""selected_run_score"": 28}",two_terminal_side_peak,,,606.0,763.0
,,,,,,22,Resistor,component:9:22.3,,,,,9,t1,22.3:t1,,horizontal,,,,,,,22.3,,False,22.3:t1,ok,6.0,matched_preferred,[],N5,,5,False,,,,,,,,,,terminal:9:22.3:t1,Terminal,,,False,N5,5,left,directional,directional_primary,"[606, 144, 630, 157]",,,,,,,,,,624,156,,,,22.3:t1,t1,"{""point_mode"": ""bbox_side_center"", ""anchor_offset_ratio"": 0.4999}",bbox_side_center,,,623.53,149.63
,,,,,,22,Resistor,component:9:22.3,,,,,9,t2,22.3:t2,,horizontal,,,,,,,22.3,,False,22.3:t2,ok,6.0,matched_preferred,[],N7,,7,False,,,,,,,,,,terminal:9:22.3:t2,Terminal,,,False,N7,7,right,directional,directional_primary,"[728, 144, 752, 157]",,,,,,,,,,733,156,,,,22.3:t2,t2,"{""point_mode"": ""bbox_side_center"", ""anchor_offset_ratio"": 0.4999}",bbox_side_center,,,732.93,149.63
,,,,,,10,Inductor,component:9:10.3,,,,,9,t1,10.3:t1,,horizontal,,,,,,,10.3,,False,10.3:t1,ok,1.0,matched_preferred,[],N7,,7,False,,,,,,,,,,terminal:9:10.3:t1,Terminal,,,False,N7,7,left,directional,directional_primary,"[722, 145, 775, 170]",,,,,,,,,,764,156,,,,10.3:t1,t1,"{""point_mode"": ""side_peak_outside"", ""scan_axis"": ""y"", ""relative_position"": ""left"", ""scan_start"": 107, ""scan_end"": 175, ""scan_margin"": 7, ""probe_halfspan"": 6, ""probe_out_len"": 12, ""probe_inset"": 1, ""peak_coord"": 157, ""anchor_offset_ratio"": 0.6951, ""max_score"": 84, ""keep_threshold"": 71, ""selected_run_start"": 46, ""selected_run_end"": 53, ""selected_run_length"": 8, ""selected_run_score"": 84}",two_terminal_side_peak,,,764.0,157.0
,,,,,,10,Inductor,component:9:10.3,,,,,9,t2,10.3:t2,,horizontal,,,,,,,10.3,,False,10.3:t2,ok,1.0,matched_preferred,[],N8,,8,False,,,,,,,,,,terminal:9:10.3:t2,Terminal,,,False,N8,8,right,directional,directional_primary,"[891, 145, 944, 170]",,,,,,,,,,901,156,,,,10.3:t2,t2,"{""point_mode"": ""side_peak_outside"", ""scan_axis"": ""y"", ""relative_position"": ""right"", ""scan_start"": 107, ""scan_end"": 175, ""scan_margin"": 7, ""probe_halfspan"": 6, ""probe_out_len"": 12, ""probe_inset"": 1, ""peak_coord"": 157, ""anchor_offset_ratio"": 0.6951, ""max_score"": 84, ""keep_threshold"": 71, ""selected_run_start"": 46, ""selected_run_end"": 53, ""selected_run_length"": 8, ""selected_run_score"": 84}",two_terminal_side_peak,,,901.0,157.0
,,,,,,10,Inductor,component:9:10.4,,,,,9,t1,10.4:t1,,vertical,,,,,,,10.4,,False,10.4:t1,ok,0.0,matched_preferred,[],N9,,9,False,,,,,,,,,,terminal:9:10.4:t1,Terminal,,,False,N9,9,top,directional,directional_primary,"[939, 509, 964, 562]",,,,,,,,,,951,551,,,,10.4:t1,t1,"{""point_mode"": ""side_peak_outside"", ""scan_axis"": ""x"", ""relative_position"": ""top"", ""scan_start"": 932, ""scan_end"": 958, ""scan_margin"": 2, ""probe_halfspan"": 4, ""probe_out_len"": 12, ""probe_inset"": 1, ""peak_coord"": 951, ""anchor_offset_ratio"": 0.7, ""max_score"": 42, ""keep_threshold"": 36, ""selected_run_start"": 16, ""selected_run_end"": 22, ""selected_run_length"": 7, ""selected_run_score"": 42}",two_terminal_side_peak,,,951.0,551.0
,,,,,,10,Inductor,component:9:10.4,,,,,9,t2,10.4:t2,,vertical,,,,,,,10.4,,False,10.4:t2,ok,0.0,matched_preferred,[],N6,,6,False,,,,,,,,,,terminal:9:10.4:t2,Terminal,,,False,N6,6,bottom,directional,directional_primary,"[939, 890, 964, 943]",,,,,,,,,,951,900,,,,10.4:t2,t2,"{""point_mode"": ""side_peak_outside"", ""scan_axis"": ""x"", ""relative_position"": ""bottom"", ""scan_start"": 932, ""scan_end"": 958, ""scan_margin"": 2, ""probe_halfspan"": 4, ""probe_out_len"": 12, ""probe_inset"": 1, ""peak_coord"": 951, ""anchor_offset_ratio"": 0.7, ""max_score"": 42, ""keep_threshold"": 36, ""selected_run_start"": 16, ""selected_run_end"": 22, ""selected_run_length"": 7, ""selected_run_score"": 42}",two_terminal_side_peak,,,951.0,900.0
,,,,,,22,Resistor,component:9:22.4,,,,,9,t1,22.4:t1,,vertical,,,,,,,22.4,,False,22.4:t1,ok,0.0,matched_preferred,[],N8,,8,False,,,,,,,,,,terminal:9:22.4:t1,Terminal,,,False,N8,8,top,directional,directional_primary,"[944, 233, 957, 257]",,,,,,,,,,950,251,,,,22.4:t1,t1,"{""point_mode"": ""bbox_side_center"", ""anchor_offset_ratio"": 0.5}",bbox_side_center,,,949.66,251.28
,,,,,,22,Resistor,component:9:22.4,,,,,9,t2,22.4:t2,,vertical,,,,,,,22.4,,False,22.4:t2,ok,1.0,matched_preferred,[],N9,,9,False,,,,,,,,,,terminal:9:22.4:t2,Terminal,,,False,N9,9,bottom,directional,directional_primary,"[944, 504, 957, 528]",,,,,,,,,,951,509,,,,22.4:t2,t2,"{""point_mode"": ""bbox_side_center"", ""anchor_offset_ratio"": 0.5}",bbox_side_center,,,949.66,509.08
1,62,96,157,,,,,,,[],"[""22.1:t1""]","[""22.1:t1""]",9,,,,,,,,,,,,False,,N1,,,,,,,,,[8],,1,,,,,N1,1,net:9:N1,Net,170,,,,,,,,,,,,,,,,,,,,,8,,,,,,,,,
142,183,152,160,,,,,,,[],"[""10.1:t1"", ""22.1:t2""]","[""10.1:t1"", ""22.1:t2""]",9,,,,,,,,,,,,False,,N2,,,,,,,,,[12],,2,,,,,N2,2,net:9:N2,Net,47,,,,,,,,,,,,,,,,,,,,,12,,,,,,,,,
1,361,946,1021,,,,,,,[],"[""28.1:t3""]","[""28.1:t3""]",9,,,,,,,,,,,,False,,N3,,,,,,,,,[30],,1,,,,,N3,3,net:9:N3,Net,433,,,,,,,,,,,,,,,,,,,,,30,,,,,,,,,
295,361,153,270,,,,,,,[],"[""10.1:t2"", ""28.1:t1""]","[""10.1:t2"", ""28.1:t1""]",9,,,,,,,,,,,,False,,N4,,,,,,,,,[13],,2,,,,,N4,4,net:9:N4,Net,183,,,,,,,,,,,,,,,,,,,,,13,,,,,,,,,
454,637,96,482,,,,,,,[],"[""10.2:t1"", ""22.2:t1"", ""22.3:t1"", ""28.1:t2""]","[""10.2:t1"", ""22.2:t1"", ""22.3:t1"", ""28.1:t2""]",9,,,,,,,,,,,,False,,N5,,,,,,,,,[9],,4,,,,,N5,5,net:9:N5,Net,949,,,,,,,,,,,,,,,,,,,,,9,,,,,,,,,
454,1022,701,1020,,,,,,,[],"[""10.2:t2"", ""10.4:t2"", ""22.2:t2"", ""28.1:t4""]","[""10.2:t2"", ""10.4:t2"", ""22.2:t2"", ""28.1:t4""]",9,,,,,,,,,,,,False,,N6,,,,,,,,,[26],,4,,,,,N6,6,net:9:N6,Net,1404,,,,,,,,,,,,,,,,,,,,,26,,,,,,,,,
720,778,146,156,,,,,,,[],"[""10.3:t1"", ""22.3:t2""]","[""10.3:t1"", ""22.3:t2""]",9,,,,,,,,,,,,False,,N7,,,,,,,,,[11],,2,,,,,N7,7,net:9:N7,Net,66,,,,,,,,,,,,,,,,,,,,,11,,,,,,,,,
865,1023,97,265,,,,,,,[],"[""10.3:t2"", ""22.4:t1""]","[""10.3:t2"", ""22.4:t1""]",9,,,,,,,,,,,,False,,N8,,,,,,,,,[10],,2,,,,,N8,8,net:9:N8,Net,480,,,,,,,,,,,,,,,,,,,,,10,,,,,,,,,
950,951,491,568,,,,,,,[],"[""10.4:t1"", ""22.4:t2""]","[""10.4:t1"", ""22.4:t2""]",9,,,,,,,,,,,,False,,N9,,,,,,,,,[17],,2,,,,,N9,9,net:9:N9,Net,78,,,,,,,,,,,,,,,,,,,,,17,,,,,,,,,
