class_name,component_class_name,diagram_id,display_name,display_terminal_id,edge_id,implicit_reason,instance_id,is_implicit_supply,is_suspicious_match,match_confidence,match_distance_px,match_status,match_warnings,net_id,net_implicit_reason,net_index,net_is_implicit_supply,relation_type,relative_position,semantic_terminal_name,snap_point,source,target,terminal_id,terminal_name
Battery,,1,,,edge:1:diagram_to_component:2.1,,2.1,,,,,,,,,,,HAS_COMPONENT,,,,diagram:1,component:1:2.1,,
Fuse,,1,,,edge:1:diagram_to_component:8.1,,8.1,,,,,,,,,,,HAS_COMPONENT,,,,diagram:1,component:1:8.1,,
Switch,,1,,,edge:1:diagram_to_component:25.1,,25.1,,,,,,,,,,,HAS_COMPONENT,,,,diagram:1,component:1:25.1,,
Variable_Resistor,,1,,,edge:1:diagram_to_component:30.1,,30.1,,,,,,,,,,,HAS_COMPONENT,,,,diagram:1,component:1:30.1,,
GND,,1,,,edge:1:diagram_to_component:9.1,,9.1,,,,,,,,,,,HAS_COMPONENT,,,,diagram:1,component:1:9.1,,
Capacitor,,1,,,edge:1:diagram_to_component:4.1,,4.1,,,,,,,,,,,HAS_COMPONENT,,,,diagram:1,component:1:4.1,,
LED,,1,,,edge:1:diagram_to_component:12.1,,12.1,,,,,,,,,,,HAS_COMPONENT,,,,diagram:1,component:1:12.1,,
GND,,1,,,edge:1:diagram_to_component:9.2,,9.2,,,,,,,,,,,HAS_COMPONENT,,,,diagram:1,component:1:9.2,,
Diode,,1,,,edge:1:diagram_to_component:7.1,,7.1,,,,,,,,,,,HAS_COMPONENT,,,,diagram:1,component:1:7.1,,
Inductor,,1,,,edge:1:diagram_to_component:10.1,,10.1,,,,,,,,,,,HAS_COMPONENT,,,,diagram:1,component:1:10.1,,
Resistor,,1,,,edge:1:diagram_to_component:22.1,,22.1,,,,,,,,,,,HAS_COMPONENT,,,,diagram:1,component:1:22.1,,
Lamp,,1,,,edge:1:diagram_to_component:13.1,,13.1,,,,,,,,,,,HAS_COMPONENT,,,,diagram:1,component:1:13.1,,
Analog_Meter,,1,,,edge:1:diagram_to_component:0.1,,0.1,,,,,,,,,,,HAS_COMPONENT,,,,diagram:1,component:1:0.1,,
,,1,,,edge:1:diagram_to_net:N1,,,False,,,,,,N1,,1,,HAS_NET,,,,diagram:1,net:1:N1,,
,,1,,,edge:1:diagram_to_net:N2,,,False,,,,,,N2,,2,,HAS_NET,,,,diagram:1,net:1:N2,,
,,1,,,edge:1:diagram_to_net:N3,,,False,,,,,,N3,,3,,HAS_NET,,,,diagram:1,net:1:N3,,
,,1,,,edge:1:diagram_to_net:N4,,,False,,,,,,N4,,4,,HAS_NET,,,,diagram:1,net:1:N4,,
,,1,,,edge:1:diagram_to_net:N5,,,False,,,,,,N5,,5,,HAS_NET,,,,diagram:1,net:1:N5,,
,,1,,,edge:1:diagram_to_net:N6,,,False,,,,,,N6,,6,,HAS_NET,,,,diagram:1,net:1:N6,,
,,1,,,edge:1:diagram_to_net:N7,,,False,,,,,,N7,,7,,HAS_NET,,,,diagram:1,net:1:N7,,
,,1,,,edge:1:diagram_to_net:N8,,,False,,,,,,N8,,8,,HAS_NET,,,,diagram:1,net:1:N8,,
,,1,,,edge:1:diagram_to_net:N9,,,False,,,,,,N9,,9,,HAS_NET,,,,diagram:1,net:1:N9,,
,,1,,,edge:1:diagram_to_net:N10,,,False,,,,,,N10,,10,,HAS_NET,,,,diagram:1,net:1:N10,,
,,1,positive,2.1:positive,edge:1:component:2.1:terminal:2.1:t1,,2.1,,,,,,,,,,,HAS_TERMINAL,top,positive,,component:1:2.1,terminal:1:2.1:t1,2.1:t1,t1
,,1,negative,2.1:negative,edge:1:component:2.1:terminal:2.1:t2,,2.1,,,,,,,,,,,HAS_TERMINAL,bottom,negative,,component:1:2.1,terminal:1:2.1:t2,2.1:t2,t2
,,1,t1,8.1:t1,edge:1:component:8.1:terminal:8.1:t1,,8.1,,,,,,,,,,,HAS_TERMINAL,left,,,component:1:8.1,terminal:1:8.1:t1,8.1:t1,t1
,,1,t2,8.1:t2,edge:1:component:8.1:terminal:8.1:t2,,8.1,,,,,,,,,,,HAS_TERMINAL,right,,,component:1:8.1,terminal:1:8.1:t2,8.1:t2,t2
,,1,t1,25.1:t1,edge:1:component:25.1:terminal:25.1:t1,,25.1,,,,,,,,,,,HAS_TERMINAL,left,,,component:1:25.1,terminal:1:25.1:t1,25.1:t1,t1
,,1,t2,25.1:t2,edge:1:component:25.1:terminal:25.1:t2,,25.1,,,,,,,,,,,HAS_TERMINAL,right,,,component:1:25.1,terminal:1:25.1:t2,25.1:t2,t2
,,1,t1,30.1:t1,edge:1:component:30.1:terminal:30.1:t1,,30.1,,,,,,,,,,,HAS_TERMINAL,left,,,component:1:30.1,terminal:1:30.1:t1,30.1:t1,t1
,,1,t2,30.1:t2,edge:1:component:30.1:terminal:30.1:t2,,30.1,,,,,,,,,,,HAS_TERMINAL,right,,,component:1:30.1,terminal:1:30.1:t2,30.1:t2,t2
,,1,t1,9.1:t1,edge:1:component:9.1:terminal:9.1:t1,,9.1,,,,,,,,,,,HAS_TERMINAL,right,,,component:1:9.1,terminal:1:9.1:t1,9.1:t1,t1
,,1,t1,4.1:t1,edge:1:component:4.1:terminal:4.1:t1,,4.1,,,,,,,,,,,HAS_TERMINAL,top,,,component:1:4.1,terminal:1:4.1:t1,4.1:t1,t1
,,1,t2,4.1:t2,edge:1:component:4.1:terminal:4.1:t2,,4.1,,,,,,,,,,,HAS_TERMINAL,bottom,,,component:1:4.1,terminal:1:4.1:t2,4.1:t2,t2
,,1,anode,12.1:anode,edge:1:component:12.1:terminal:12.1:t1,,12.1,,,,,,,,,,,HAS_TERMINAL,top,anode,,component:1:12.1,terminal:1:12.1:t1,12.1:t1,t1
,,1,cathode,12.1:cathode,edge:1:component:12.1:terminal:12.1:t2,,12.1,,,,,,,,,,,HAS_TERMINAL,bottom,cathode,,component:1:12.1,terminal:1:12.1:t2,12.1:t2,t2
,,1,t1,9.2:t1,edge:1:component:9.2:terminal:9.2:t1,,9.2,,,,,,,,,,,HAS_TERMINAL,right,,,component:1:9.2,terminal:1:9.2:t1,9.2:t1,t1
,,1,anode,7.1:anode,edge:1:component:7.1:terminal:7.1:t1,,7.1,,,,,,,,,,,HAS_TERMINAL,top,anode,,component:1:7.1,terminal:1:7.1:t1,7.1:t1,t1
,,1,cathode,7.1:cathode,edge:1:component:7.1:terminal:7.1:t2,,7.1,,,,,,,,,,,HAS_TERMINAL,bottom,cathode,,component:1:7.1,terminal:1:7.1:t2,7.1:t2,t2
,,1,t1,10.1:t1,edge:1:component:10.1:terminal:10.1:t1,,10.1,,,,,,,,,,,HAS_TERMINAL,top,,,component:1:10.1,terminal:1:10.1:t1,10.1:t1,t1
,,1,t2,10.1:t2,edge:1:component:10.1:terminal:10.1:t2,,10.1,,,,,,,,,,,HAS_TERMINAL,bottom,,,component:1:10.1,terminal:1:10.1:t2,10.1:t2,t2
,,1,t1,22.1:t1,edge:1:component:22.1:terminal:22.1:t1,,22.1,,,,,,,,,,,HAS_TERMINAL,left,,,component:1:22.1,terminal:1:22.1:t1,22.1:t1,t1
,,1,t2,22.1:t2,edge:1:component:22.1:terminal:22.1:t2,,22.1,,,,,,,,,,,HAS_TERMINAL,right,,,component:1:22.1,terminal:1:22.1:t2,22.1:t2,t2
,,1,t1,13.1:t1,edge:1:component:13.1:terminal:13.1:t1,,13.1,,,,,,,,,,,HAS_TERMINAL,top,,,component:1:13.1,terminal:1:13.1:t1,13.1:t1,t1
,,1,t2,13.1:t2,edge:1:component:13.1:terminal:13.1:t2,,13.1,,,,,,,,,,,HAS_TERMINAL,bottom,,,component:1:13.1,terminal:1:13.1:t2,13.1:t2,t2
,,1,t1,0.1:t1,edge:1:component:0.1:terminal:0.1:t1,,0.1,,,,,,,,,,,HAS_TERMINAL,left,,,component:1:0.1,terminal:1:0.1:t1,0.1:t1,t1
,,1,t2,0.1:t2,edge:1:component:0.1:terminal:0.1:t2,,0.1,,,,,,,,,,,HAS_TERMINAL,left,,,component:1:0.1,terminal:1:0.1:t2,0.1:t2,t2
,Battery,1,,2.1:positive,edge:1:terminal:2.1:t1:net:N1,,,,False,ok,0.0,matched_preferred,[],N1,,1,False,CONNECTED_TO,,positive,"[108, 150]",terminal:1:2.1:t1,net:1:N1,2.1:t1,
,Battery,1,,2.1:negative,edge:1:terminal:2.1:t2:net:N2,,,,False,ok,0.0,matched_preferred,[],N2,,2,False,CONNECTED_TO,,negative,"[108, 249]",terminal:1:2.1:t2,net:1:N2,2.1:t2,
,Fuse,1,,8.1:t1,edge:1:terminal:8.1:t1:net:N1,,,,False,ok,2.0,matched_preferred,[],N1,,1,False,CONNECTED_TO,,,"[199, 84]",terminal:1:8.1:t1,net:1:N1,8.1:t1,
,Fuse,1,,8.1:t2,edge:1:terminal:8.1:t2:net:N3,,,,False,ok,2.0,matched_preferred,[],N3,,3,False,CONNECTED_TO,,,"[281, 84]",terminal:1:8.1:t2,net:1:N3,8.1:t2,
,Switch,1,,25.1:t1,edge:1:terminal:25.1:t1:net:N3,,,,False,ok,0.0,matched_preferred,[],N3,,3,False,CONNECTED_TO,,,"[386, 83]",terminal:1:25.1:t1,net:1:N3,25.1:t1,
,Switch,1,,25.1:t2,edge:1:terminal:25.1:t2:net:N6,,,,False,ok,0.0,matched_preferred,[],N6,,6,False,CONNECTED_TO,,,"[484, 83]",terminal:1:25.1:t2,net:1:N6,25.1:t2,
,Variable_Resistor,1,,30.1:t1,edge:1:terminal:30.1:t1:net:N2,,,,False,ok,0.0,matched_preferred,[],N2,,2,False,CONNECTED_TO,,,"[499, 700]",terminal:1:30.1:t1,net:1:N2,30.1:t1,
,Variable_Resistor,1,,30.1:t2,edge:1:terminal:30.1:t2:net:N5,,,,False,ok,0.0,matched_preferred,[],N5,,5,False,CONNECTED_TO,,,"[581, 700]",terminal:1:30.1:t2,net:1:N5,30.1:t2,
,GND,1,,9.1:t1,edge:1:terminal:9.1:t1:net:N5,,,,False,ok,0.0,matched_preferred,[],N5,,5,False,CONNECTED_TO,,,"[587, 989]",terminal:1:9.1:t1,net:1:N5,9.1:t1,
,Capacitor,1,,4.1:t1,edge:1:terminal:4.1:t1:net:N6,,,,False,ok,1.0,matched_preferred,[],N6,,6,False,CONNECTED_TO,,,"[593, 180]",terminal:1:4.1:t1,net:1:N6,4.1:t1,
,Capacitor,1,,4.1:t2,edge:1:terminal:4.1:t2:net:N4,,,,False,ok,1.0,matched_preferred,[],N4,,4,False,CONNECTED_TO,,,"[593, 275]",terminal:1:4.1:t2,net:1:N4,4.1:t2,
,LED,1,,12.1:anode,edge:1:terminal:12.1:t1:net:N4,,,,False,ok,0.0,matched_preferred,[],N4,,4,False,CONNECTED_TO,,anode,"[593, 403]",terminal:1:12.1:t1,net:1:N4,12.1:t1,
,LED,1,,12.1:cathode,edge:1:terminal:12.1:t2:net:N5,,,,False,ok,0.0,matched_preferred,[],N5,,5,False,CONNECTED_TO,,cathode,"[593, 512]",terminal:1:12.1:t2,net:1:N5,12.1:t2,
,GND,1,,9.2:t1,edge:1:terminal:9.2:t1:net:N7,,,,False,ok,1.0,matched_preferred,[],N7,,7,False,CONNECTED_TO,,,"[742, 596]",terminal:1:9.2:t1,net:1:N7,9.2:t1,
,Diode,1,,7.1:anode,edge:1:terminal:7.1:t1:net:N8,,,,False,ok,2.0,matched_preferred,[],N8,,8,False,CONNECTED_TO,,anode,"[750, 424]",terminal:1:7.1:t1,net:1:N8,7.1:t1,
,Diode,1,,7.1:cathode,edge:1:terminal:7.1:t2:net:N7,,,,False,ok,2.0,matched_preferred,[],N7,,7,False,CONNECTED_TO,,cathode,"[750, 497]",terminal:1:7.1:t2,net:1:N7,7.1:t2,
,Inductor,1,,10.1:t1,edge:1:terminal:10.1:t1:net:N6,,,,False,ok,0.0,matched_preferred,[],N6,,6,False,CONNECTED_TO,,,"[750, 165]",terminal:1:10.1:t1,net:1:N6,10.1:t1,
,Inductor,1,,10.1:t2,edge:1:terminal:10.1:t2:net:N8,,,,False,ok,0.0,matched_preferred,[],N8,,8,False,CONNECTED_TO,,,"[750, 293]",terminal:1:10.1:t2,net:1:N8,10.1:t2,
,Resistor,1,,22.1:t1,edge:1:terminal:22.1:t1:net:N5,,,,False,ok,1.0,matched_preferred,[],N5,,5,False,CONNECTED_TO,,,"[732, 700]",terminal:1:22.1:t1,net:1:N5,22.1:t1,
,Resistor,1,,22.1:t2,edge:1:terminal:22.1:t2:net:N9,,,,False,ok,1.0,matched_preferred,[],N9,,9,False,CONNECTED_TO,,,"[809, 700]",terminal:1:22.1:t2,net:1:N9,22.1:t2,
,Lamp,1,,13.1:t1,edge:1:terminal:13.1:t1:net:N6,,,,False,ok,1.0,matched_preferred,[],N6,,6,False,CONNECTED_TO,,,"[945, 205]",terminal:1:13.1:t1,net:1:N6,13.1:t1,
,Lamp,1,,13.1:t2,edge:1:terminal:13.1:t2:net:N10,,,,False,ok,1.0,matched_preferred,[],N10,,10,False,CONNECTED_TO,,,"[945, 319]",terminal:1:13.1:t2,net:1:N10,13.1:t2,
,Analog_Meter,1,,0.1:t1,edge:1:terminal:0.1:t1:net:N10,,,,False,ok,30.463,matched_single,"[""no_preferred_net_from_05"", ""matched_without_preferred_label"", ""used_circle_search""]",N10,,10,False,CONNECTED_TO,,,"[945, 422]",terminal:1:0.1:t1,net:1:N10,0.1:t1,
,Analog_Meter,1,,0.1:t2,edge:1:terminal:0.1:t2:net:N9,,,,False,ok,37.656,matched_single,"[""no_preferred_net_from_05"", ""matched_without_preferred_label"", ""used_fallback_search""]",N9,,9,False,CONNECTED_TO,,,"[960, 597]",terminal:1:0.1:t2,net:1:N9,0.1:t2,
Voltage_Source,,10,,,edge:10:diagram_to_component:31.1,,31.1,,,,,,,,,,,HAS_COMPONENT,,,,diagram:10,component:10:31.1,,
NPN_Transistor,,10,,,edge:10:diagram_to_component:18.1,,18.1,,,,,,,,,,,HAS_COMPONENT,,,,diagram:10,component:10:18.1,,
NPN_Transistor,,10,,,edge:10:diagram_to_component:18.2,,18.2,,,,,,,,,,,HAS_COMPONENT,,,,diagram:10,component:10:18.2,,
LED,,10,,,edge:10:diagram_to_component:12.1,,12.1,,,,,,,,,,,HAS_COMPONENT,,,,diagram:10,component:10:12.1,,
LED,,10,,,edge:10:diagram_to_component:12.2,,12.2,,,,,,,,,,,HAS_COMPONENT,,,,diagram:10,component:10:12.2,,
NPN_Transistor,,10,,,edge:10:diagram_to_component:18.3,,18.3,,,,,,,,,,,HAS_COMPONENT,,,,diagram:10,component:10:18.3,,
NPN_Transistor,,10,,,edge:10:diagram_to_component:18.4,,18.4,,,,,,,,,,,HAS_COMPONENT,,,,diagram:10,component:10:18.4,,
Diode,,10,,,edge:10:diagram_to_component:7.1,,7.1,,,,,,,,,,,HAS_COMPONENT,,,,diagram:10,component:10:7.1,,
Diode,,10,,,edge:10:diagram_to_component:7.2,,7.2,,,,,,,,,,,HAS_COMPONENT,,,,diagram:10,component:10:7.2,,
Inductor,,10,,,edge:10:diagram_to_component:10.1,,10.1,,,,,,,,,,,HAS_COMPONENT,,,,diagram:10,component:10:10.1,,
Capacitor,,10,,,edge:10:diagram_to_component:4.1,,4.1,,,,,,,,,,,HAS_COMPONENT,,,,diagram:10,component:10:4.1,,
Transformer,,10,,,edge:10:diagram_to_component:28.1,,28.1,,,,,,,,,,,HAS_COMPONENT,,,,diagram:10,component:10:28.1,,
Resistor,,10,,,edge:10:diagram_to_component:22.1,,22.1,,,,,,,,,,,HAS_COMPONENT,,,,diagram:10,component:10:22.1,,
Switch,,10,,,edge:10:diagram_to_component:25.1,,25.1,,,,,,,,,,,HAS_COMPONENT,,,,diagram:10,component:10:25.1,,
Signal_Source,,10,,,edge:10:diagram_to_component:23.1,,23.1,,,,,,,,,,,HAS_COMPONENT,,,,diagram:10,component:10:23.1,,
,,10,,,edge:10:diagram_to_net:N1,,,False,,,,,,N1,,1,,HAS_NET,,,,diagram:10,net:10:N1,,
,,10,,,edge:10:diagram_to_net:N2,,,False,,,,,,N2,,2,,HAS_NET,,,,diagram:10,net:10:N2,,
,,10,,,edge:10:diagram_to_net:N3,,,False,,,,,,N3,,3,,HAS_NET,,,,diagram:10,net:10:N3,,
,,10,,,edge:10:diagram_to_net:N4,,,False,,,,,,N4,,4,,HAS_NET,,,,diagram:10,net:10:N4,,
,,10,,,edge:10:diagram_to_net:N5,,,False,,,,,,N5,,5,,HAS_NET,,,,diagram:10,net:10:N5,,
,,10,,,edge:10:diagram_to_net:N6,,,False,,,,,,N6,,6,,HAS_NET,,,,diagram:10,net:10:N6,,
,,10,,,edge:10:diagram_to_net:N7,,,False,,,,,,N7,,7,,HAS_NET,,,,diagram:10,net:10:N7,,
,,10,,,edge:10:diagram_to_net:N8,,,False,,,,,,N8,,8,,HAS_NET,,,,diagram:10,net:10:N8,,
,,10,,,edge:10:diagram_to_net:N9,,,False,,,,,,N9,,9,,HAS_NET,,,,diagram:10,net:10:N9,,
,,10,,,edge:10:diagram_to_net:N10,,,False,,,,,,N10,,10,,HAS_NET,,,,diagram:10,net:10:N10,,
,,10,,,edge:10:diagram_to_net:N11,,,False,,,,,,N11,,11,,HAS_NET,,,,diagram:10,net:10:N11,,
,,10,positive,31.1:positive,edge:10:component:31.1:terminal:31.1:t1,,31.1,,,,,,,,,,,HAS_TERMINAL,top,positive,,component:10:31.1,terminal:10:31.1:t1,31.1:t1,t1
,,10,negative,31.1:negative,edge:10:component:31.1:terminal:31.1:t2,,31.1,,,,,,,,,,,HAS_TERMINAL,bottom,negative,,component:10:31.1,terminal:10:31.1:t2,31.1:t2,t2
,,10,B,18.1:B,edge:10:component:18.1:terminal:18.1:t1,,18.1,,,,,,,,,,,HAS_TERMINAL,left,B,,component:10:18.1,terminal:10:18.1:t1,18.1:t1,t1
,,10,C,18.1:C,edge:10:component:18.1:terminal:18.1:t2,,18.1,,,,,,,,,,,HAS_TERMINAL,top,C,,component:10:18.1,terminal:10:18.1:t2,18.1:t2,t2
,,10,E,18.1:E,edge:10:component:18.1:terminal:18.1:t3,,18.1,,,,,,,,,,,HAS_TERMINAL,bottom,E,,component:10:18.1,terminal:10:18.1:t3,18.1:t3,t3
,,10,B,18.2:B,edge:10:component:18.2:terminal:18.2:t1,,18.2,,,,,,,,,,,HAS_TERMINAL,left,B,,component:10:18.2,terminal:10:18.2:t1,18.2:t1,t1
,,10,C,18.2:C,edge:10:component:18.2:terminal:18.2:t2,,18.2,,,,,,,,,,,HAS_TERMINAL,top,C,,component:10:18.2,terminal:10:18.2:t2,18.2:t2,t2
,,10,E,18.2:E,edge:10:component:18.2:terminal:18.2:t3,,18.2,,,,,,,,,,,HAS_TERMINAL,bottom,E,,component:10:18.2,terminal:10:18.2:t3,18.2:t3,t3
,,10,cathode,12.1:cathode,edge:10:component:12.1:terminal:12.1:t1,,12.1,,,,,,,,,,,HAS_TERMINAL,top,cathode,,component:10:12.1,terminal:10:12.1:t1,12.1:t1,t1
,,10,anode,12.1:anode,edge:10:component:12.1:terminal:12.1:t2,,12.1,,,,,,,,,,,HAS_TERMINAL,bottom,anode,,component:10:12.1,terminal:10:12.1:t2,12.1:t2,t2
,,10,cathode,12.2:cathode,edge:10:component:12.2:terminal:12.2:t1,,12.2,,,,,,,,,,,HAS_TERMINAL,top,cathode,,component:10:12.2,terminal:10:12.2:t1,12.2:t1,t1
,,10,anode,12.2:anode,edge:10:component:12.2:terminal:12.2:t2,,12.2,,,,,,,,,,,HAS_TERMINAL,bottom,anode,,component:10:12.2,terminal:10:12.2:t2,12.2:t2,t2
,,10,B,18.3:B,edge:10:component:18.3:terminal:18.3:t1,,18.3,,,,,,,,,,,HAS_TERMINAL,left,B,,component:10:18.3,terminal:10:18.3:t1,18.3:t1,t1
,,10,C,18.3:C,edge:10:component:18.3:terminal:18.3:t2,,18.3,,,,,,,,,,,HAS_TERMINAL,top,C,,component:10:18.3,terminal:10:18.3:t2,18.3:t2,t2
,,10,E,18.3:E,edge:10:component:18.3:terminal:18.3:t3,,18.3,,,,,,,,,,,HAS_TERMINAL,bottom,E,,component:10:18.3,terminal:10:18.3:t3,18.3:t3,t3
,,10,B,18.4:B,edge:10:component:18.4:terminal:18.4:t1,,18.4,,,,,,,,,,,HAS_TERMINAL,left,B,,component:10:18.4,terminal:10:18.4:t1,18.4:t1,t1
,,10,C,18.4:C,edge:10:component:18.4:terminal:18.4:t2,,18.4,,,,,,,,,,,HAS_TERMINAL,top,C,,component:10:18.4,terminal:10:18.4:t2,18.4:t2,t2
,,10,E,18.4:E,edge:10:component:18.4:terminal:18.4:t3,,18.4,,,,,,,,,,,HAS_TERMINAL,bottom,E,,component:10:18.4,terminal:10:18.4:t3,18.4:t3,t3
,,10,cathode,7.1:cathode,edge:10:component:7.1:terminal:7.1:t1,,7.1,,,,,,,,,,,HAS_TERMINAL,top,cathode,,component:10:7.1,terminal:10:7.1:t1,7.1:t1,t1
,,10,anode,7.1:anode,edge:10:component:7.1:terminal:7.1:t2,,7.1,,,,,,,,,,,HAS_TERMINAL,bottom,anode,,component:10:7.1,terminal:10:7.1:t2,7.1:t2,t2
,,10,cathode,7.2:cathode,edge:10:component:7.2:terminal:7.2:t1,,7.2,,,,,,,,,,,HAS_TERMINAL,top,cathode,,component:10:7.2,terminal:10:7.2:t1,7.2:t1,t1
,,10,anode,7.2:anode,edge:10:component:7.2:terminal:7.2:t2,,7.2,,,,,,,,,,,HAS_TERMINAL,bottom,anode,,component:10:7.2,terminal:10:7.2:t2,7.2:t2,t2
,,10,t1,10.1:t1,edge:10:component:10.1:terminal:10.1:t1,,10.1,,,,,,,,,,,HAS_TERMINAL,left,,,component:10:10.1,terminal:10:10.1:t1,10.1:t1,t1
,,10,t2,10.1:t2,edge:10:component:10.1:terminal:10.1:t2,,10.1,,,,,,,,,,,HAS_TERMINAL,right,,,component:10:10.1,terminal:10:10.1:t2,10.1:t2,t2
,,10,t1,4.1:t1,edge:10:component:4.1:terminal:4.1:t1,,4.1,,,,,,,,,,,HAS_TERMINAL,top,,,component:10:4.1,terminal:10:4.1:t1,4.1:t1,t1
,,10,t2,4.1:t2,edge:10:component:4.1:terminal:4.1:t2,,4.1,,,,,,,,,,,HAS_TERMINAL,bottom,,,component:10:4.1,terminal:10:4.1:t2,4.1:t2,t2
,,10,t1,28.1:t1,edge:10:component:28.1:terminal:28.1:t1,,28.1,,,,,,,,,,,HAS_TERMINAL,top,,,component:10:28.1,terminal:10:28.1:t1,28.1:t1,t1
,,10,t2,28.1:t2,edge:10:component:28.1:terminal:28.1:t2,,28.1,,,,,,,,,,,HAS_TERMINAL,top,,,component:10:28.1,terminal:10:28.1:t2,28.1:t2,t2
,,10,t3,28.1:t3,edge:10:component:28.1:terminal:28.1:t3,,28.1,,,,,,,,,,,HAS_TERMINAL,bottom,,,component:10:28.1,terminal:10:28.1:t3,28.1:t3,t3
,,10,t4,28.1:t4,edge:10:component:28.1:terminal:28.1:t4,,28.1,,,,,,,,,,,HAS_TERMINAL,bottom,,,component:10:28.1,terminal:10:28.1:t4,28.1:t4,t4
,,10,t1,22.1:t1,edge:10:component:22.1:terminal:22.1:t1,,22.1,,,,,,,,,,,HAS_TERMINAL,top,,,component:10:22.1,terminal:10:22.1:t1,22.1:t1,t1
,,10,t2,22.1:t2,edge:10:component:22.1:terminal:22.1:t2,,22.1,,,,,,,,,,,HAS_TERMINAL,bottom,,,component:10:22.1,terminal:10:22.1:t2,22.1:t2,t2
,,10,t1,25.1:t1,edge:10:component:25.1:terminal:25.1:t1,,25.1,,,,,,,,,,,HAS_TERMINAL,left,,,component:10:25.1,terminal:10:25.1:t1,25.1:t1,t1
,,10,t2,25.1:t2,edge:10:component:25.1:terminal:25.1:t2,,25.1,,,,,,,,,,,HAS_TERMINAL,right,,,component:10:25.1,terminal:10:25.1:t2,25.1:t2,t2
,,10,t1,23.1:t1,edge:10:component:23.1:terminal:23.1:t1,,23.1,,,,,,,,,,,HAS_TERMINAL,top,,,component:10:23.1,terminal:10:23.1:t1,23.1:t1,t1
,,10,t2,23.1:t2,edge:10:component:23.1:terminal:23.1:t2,,23.1,,,,,,,,,,,HAS_TERMINAL,bottom,,,component:10:23.1,terminal:10:23.1:t2,23.1:t2,t2
,Voltage_Source,10,,31.1:positive,edge:10:terminal:31.1:t1:net:N3,,,,False,ok,1.0,matched_preferred,[],N3,,3,False,CONNECTED_TO,,positive,"[69, 478]",terminal:10:31.1:t1,net:10:N3,31.1:t1,
,Voltage_Source,10,,31.1:negative,edge:10:terminal:31.1:t2:net:N4,,,,False,ok,1.0,matched_preferred,[],N4,,4,False,CONNECTED_TO,,negative,"[69, 542]",terminal:10:31.1:t2,net:10:N4,31.1:t2,
,NPN_Transistor,10,,18.1:B,edge:10:terminal:18.1:t1:net:N1,,,,False,ok,0.0,matched_preferred,[],N1,,1,False,CONNECTED_TO,,B,"[123, 834]",terminal:10:18.1:t1,net:10:N1,18.1:t1,
,NPN_Transistor,10,,18.1:C,edge:10:terminal:18.1:t2:net:N7,,,,False,ok,1.0,matched_preferred,[],N7,,7,False,CONNECTED_TO,,C,"[196, 748]",terminal:10:18.1:t2,net:10:N7,18.1:t2,
,NPN_Transistor,10,,18.1:E,edge:10:terminal:18.1:t3:net:N4,,,,False,ok,1.0,matched_preferred,[],N4,,4,False,CONNECTED_TO,,E,"[196, 924]",terminal:10:18.1:t3,net:10:N4,18.1:t3,
,NPN_Transistor,10,,18.2:B,edge:10:terminal:18.2:t1:net:N2,,,,False,ok,1.0,matched_preferred,[],N2,,2,False,CONNECTED_TO,,B,"[129, 183]",terminal:10:18.2:t1,net:10:N2,18.2:t1,
,NPN_Transistor,10,,18.2:C,edge:10:terminal:18.2:t2:net:N3,,,,False,ok,1.0,matched_preferred,[],N3,,3,False,CONNECTED_TO,,C,"[196, 104]",terminal:10:18.2:t2,net:10:N3,18.2:t2,
,NPN_Transistor,10,,18.2:E,edge:10:terminal:18.2:t3:net:N7,,,,False,ok,1.0,matched_preferred,[],N7,,7,False,CONNECTED_TO,,E,"[196, 265]",terminal:10:18.2:t3,net:10:N7,18.2:t3,
,LED,10,,12.1:cathode,edge:10:terminal:12.1:t1:net:N7,,,,False,ok,1.0,matched_preferred,[],N7,,7,False,CONNECTED_TO,,cathode,"[228, 782]",terminal:10:12.1:t1,net:10:N7,12.1:t1,
,LED,10,,12.1:anode,edge:10:terminal:12.1:t2:net:N4,,,,False,ok,1.0,matched_preferred,[],N4,,4,False,CONNECTED_TO,,anode,"[228, 876]",terminal:10:12.1:t2,net:10:N4,12.1:t2,
,LED,10,,12.2:cathode,edge:10:terminal:12.2:t1:net:N3,,,,False,ok,1.0,matched_preferred,[],N3,,3,False,CONNECTED_TO,,cathode,"[228, 130]",terminal:10:12.2:t1,net:10:N3,12.2:t1,
,LED,10,,12.2:anode,edge:10:terminal:12.2:t2:net:N7,,,,False,ok,1.0,matched_preferred,[],N7,,7,False,CONNECTED_TO,,anode,"[228, 229]",terminal:10:12.2:t2,net:10:N7,12.2:t2,
,NPN_Transistor,10,,18.3:B,edge:10:terminal:18.3:t1:net:N5,,,,False,ok,0.0,matched_preferred,[],N5,,5,False,CONNECTED_TO,,B,"[310, 827]",terminal:10:18.3:t1,net:10:N5,18.3:t1,
,NPN_Transistor,10,,18.3:C,edge:10:terminal:18.3:t2:net:N7,,,,False,ok,1.0,matched_preferred,[],N7,,7,False,CONNECTED_TO,,C,"[378, 747]",terminal:10:18.3:t2,net:10:N7,18.3:t2,
,NPN_Transistor,10,,18.3:E,edge:10:terminal:18.3:t3:net:N4,,,,False,ok,1.0,matched_preferred,[],N4,,4,False,CONNECTED_TO,,E,"[378, 912]",terminal:10:18.3:t3,net:10:N4,18.3:t3,
,NPN_Transistor,10,,18.4:B,edge:10:terminal:18.4:t1:net:N6,,,,False,ok,1.0,matched_preferred,[],N6,,6,False,CONNECTED_TO,,B,"[315, 183]",terminal:10:18.4:t1,net:10:N6,18.4:t1,
,NPN_Transistor,10,,18.4:C,edge:10:terminal:18.4:t2:net:N3,,,,False,ok,0.0,matched_preferred,[],N3,,3,False,CONNECTED_TO,,C,"[378, 105]",terminal:10:18.4:t2,net:10:N3,18.4:t2,
,NPN_Transistor,10,,18.4:E,edge:10:terminal:18.4:t3:net:N7,,,,False,ok,0.0,matched_preferred,[],N7,,7,False,CONNECTED_TO,,E,"[378, 261]",terminal:10:18.4:t3,net:10:N7,18.4:t3,
,Diode,10,,7.1:cathode,edge:10:terminal:7.1:t1:net:N7,,,,False,ok,0.0,matched_preferred,[],N7,,7,False,CONNECTED_TO,,cathode,"[410, 791]",terminal:10:7.1:t1,net:10:N7,7.1:t1,
,Diode,10,,7.1:anode,edge:10:terminal:7.1:t2:net:N4,,,,False,ok,0.0,matched_preferred,[],N4,,4,False,CONNECTED_TO,,anode,"[410, 865]",terminal:10:7.1:t2,net:10:N4,7.1:t2,
,Diode,10,,7.2:cathode,edge:10:terminal:7.2:t1:net:N3,,,,False,ok,0.0,matched_preferred,[],N3,,3,False,CONNECTED_TO,,cathode,"[410, 150]",terminal:10:7.2:t1,net:10:N3,7.2:t1,
,Diode,10,,7.2:anode,edge:10:terminal:7.2:t2:net:N7,,,,False,ok,0.0,matched_preferred,[],N7,,7,False,CONNECTED_TO,,anode,"[410, 221]",terminal:10:7.2:t2,net:10:N7,7.2:t2,
,Inductor,10,,10.1:t1,edge:10:terminal:10.1:t1:net:N7,,,,False,ok,1.0,matched_preferred,[],N7,,7,False,CONNECTED_TO,,,"[442, 358]",terminal:10:10.1:t1,net:10:N7,10.1:t1,
,Inductor,10,,10.1:t2,edge:10:terminal:10.1:t2:net:N7,,,,False,ok,1.0,matched_preferred,[],N7,,7,False,CONNECTED_TO,,,"[561, 358]",terminal:10:10.1:t2,net:10:N7,10.1:t2,
,Capacitor,10,,4.1:t1,edge:10:terminal:4.1:t1:net:N7,,,,False,ok,0.0,matched_preferred,[],N7,,7,False,CONNECTED_TO,,,"[592, 485]",terminal:10:4.1:t1,net:10:N7,4.1:t1,
,Capacitor,10,,4.1:t2,edge:10:terminal:4.1:t2:net:N7,,,,False,ok,0.0,matched_preferred,[],N7,,7,False,CONNECTED_TO,,,"[592, 534]",terminal:10:4.1:t2,net:10:N7,4.1:t2,
,Transformer,10,,28.1:t1,edge:10:terminal:28.1:t1:net:N7,,,,False,ok,0.0,matched_preferred,[],N7,,7,False,CONNECTED_TO,,,"[683, 400]",terminal:10:28.1:t1,net:10:N7,28.1:t1,
,Transformer,10,,28.1:t2,edge:10:terminal:28.1:t2:net:N9,,,,False,ok,0.0,matched_preferred,[],N9,,9,False,CONNECTED_TO,,,"[774, 400]",terminal:10:28.1:t2,net:10:N9,28.1:t2,
,Transformer,10,,28.1:t3,edge:10:terminal:28.1:t3:net:N8,,,,False,ok,3.0,matched_preferred,[],N8,,8,False,CONNECTED_TO,,,"[723, 606]",terminal:10:28.1:t3,net:10:N8,28.1:t3,
,Transformer,10,,28.1:t4,edge:10:terminal:28.1:t4:net:N10,,,,False,ok,0.0,matched_preferred,[],N10,,10,False,CONNECTED_TO,,,"[774, 606]",terminal:10:28.1:t4,net:10:N10,28.1:t4,
,Resistor,10,,22.1:t1,edge:10:terminal:22.1:t1:net:N9,,,,False,ok,1.0,matched_preferred,[],N9,,9,False,CONNECTED_TO,,,"[865, 458]",terminal:10:22.1:t1,net:10:N9,22.1:t1,
,Resistor,10,,22.1:t2,edge:10:terminal:22.1:t2:net:N10,,,,False,ok,1.0,matched_preferred,[],N10,,10,False,CONNECTED_TO,,,"[865, 564]",terminal:10:22.1:t2,net:10:N10,22.1:t2,
,Switch,10,,25.1:t1,edge:10:terminal:25.1:t1:net:N9,,,,False,ok,1.0,matched_preferred,[],N9,,9,False,CONNECTED_TO,,,"[892, 358]",terminal:10:25.1:t1,net:10:N9,25.1:t1,
,Switch,10,,25.1:t2,edge:10:terminal:25.1:t2:net:N11,,,,False,ok,1.0,matched_preferred,[],N11,,11,False,CONNECTED_TO,,,"[973, 358]",terminal:10:25.1:t2,net:10:N11,25.1:t2,
,Signal_Source,10,,23.1:t1,edge:10:terminal:23.1:t1:net:N11,,,,False,ok,2.0,matched_preferred,[],N11,,11,False,CONNECTED_TO,,,"[1001, 478]",terminal:10:23.1:t1,net:10:N11,23.1:t1,
,Signal_Source,10,,23.1:t2,edge:10:terminal:23.1:t2:net:N10,,,,False,ok,2.0,matched_preferred,[],N10,,10,False,CONNECTED_TO,,,"[1001, 541]",terminal:10:23.1:t2,net:10:N10,23.1:t2,
Transformer,,11,,,edge:11:diagram_to_component:28.1,,28.1,,,,,,,,,,,HAS_COMPONENT,,,,diagram:11,component:11:28.1,,
Inductor,,11,,,edge:11:diagram_to_component:10.1,,10.1,,,,,,,,,,,HAS_COMPONENT,,,,diagram:11,component:11:10.1,,
GND,,11,,,edge:11:diagram_to_component:9.1,,9.1,,,,,,,,,,,HAS_COMPONENT,,,,diagram:11,component:11:9.1,,
Capacitor,,11,,,edge:11:diagram_to_component:4.1,,4.1,,,,,,,,,,,HAS_COMPONENT,,,,diagram:11,component:11:4.1,,
Resistor,,11,,,edge:11:diagram_to_component:22.1,,22.1,,,,,,,,,,,HAS_COMPONENT,,,,diagram:11,component:11:22.1,,
Diode,,11,,,edge:11:diagram_to_component:7.1,,7.1,,,,,,,,,,,HAS_COMPONENT,,,,diagram:11,component:11:7.1,,
GND,,11,,,edge:11:diagram_to_component:9.2,,9.2,,,,,,,,,,,HAS_COMPONENT,,,,diagram:11,component:11:9.2,,
GND,,11,,,edge:11:diagram_to_component:9.3,,9.3,,,,,,,,,,,HAS_COMPONENT,,,,diagram:11,component:11:9.3,,
Capacitor,,11,,,edge:11:diagram_to_component:4.2,,4.2,,,,,,,,,,,HAS_COMPONENT,,,,diagram:11,component:11:4.2,,
Inductor,,11,,,edge:11:diagram_to_component:10.2,,10.2,,,,,,,,,,,HAS_COMPONENT,,,,diagram:11,component:11:10.2,,
GND,,11,,,edge:11:diagram_to_component:9.4,,9.4,,,,,,,,,,,HAS_COMPONENT,,,,diagram:11,component:11:9.4,,
Inductor,,11,,,edge:11:diagram_to_component:10.3,,10.3,,,,,,,,,,,HAS_COMPONENT,,,,diagram:11,component:11:10.3,,
Capacitor,,11,,,edge:11:diagram_to_component:4.3,,4.3,,,,,,,,,,,HAS_COMPONENT,,,,diagram:11,component:11:4.3,,
GND,,11,,,edge:11:diagram_to_component:9.5,,9.5,,,,,,,,,,,HAS_COMPONENT,,,,diagram:11,component:11:9.5,,
,,11,,,edge:11:diagram_to_net:N1,,,False,,,,,,N1,,1,,HAS_NET,,,,diagram:11,net:11:N1,,
,,11,,,edge:11:diagram_to_net:N2,,,False,,,,,,N2,,2,,HAS_NET,,,,diagram:11,net:11:N2,,
,,11,,,edge:11:diagram_to_net:N3,,,False,,,,,,N3,,3,,HAS_NET,,,,diagram:11,net:11:N3,,
,,11,,,edge:11:diagram_to_net:N4,,,False,,,,,,N4,,4,,HAS_NET,,,,diagram:11,net:11:N4,,
,,11,,,edge:11:diagram_to_net:N5,,,False,,,,,,N5,,5,,HAS_NET,,,,diagram:11,net:11:N5,,
,,11,,,edge:11:diagram_to_net:N6,,,False,,,,,,N6,,6,,HAS_NET,,,,diagram:11,net:11:N6,,
,,11,,,edge:11:diagram_to_net:N7,,,False,,,,,,N7,,7,,HAS_NET,,,,diagram:11,net:11:N7,,
,,11,,,edge:11:diagram_to_net:N8,,,False,,,,,,N8,,8,,HAS_NET,,,,diagram:11,net:11:N8,,
,,11,,,edge:11:diagram_to_net:N9,,,False,,,,,,N9,,9,,HAS_NET,,,,diagram:11,net:11:N9,,
,,11,,,edge:11:diagram_to_net:N10,,,False,,,,,,N10,,10,,HAS_NET,,,,diagram:11,net:11:N10,,
,,11,t1,28.1:t1,edge:11:component:28.1:terminal:28.1:t1,,28.1,,,,,,,,,,,HAS_TERMINAL,left,,,component:11:28.1,terminal:11:28.1:t1,28.1:t1,t1
,,11,t2,28.1:t2,edge:11:component:28.1:terminal:28.1:t2,,28.1,,,,,,,,,,,HAS_TERMINAL,right,,,component:11:28.1,terminal:11:28.1:t2,28.1:t2,t2
,,11,t3,28.1:t3,edge:11:component:28.1:terminal:28.1:t3,,28.1,,,,,,,,,,,HAS_TERMINAL,left,,,component:11:28.1,terminal:11:28.1:t3,28.1:t3,t3
,,11,t4,28.1:t4,edge:11:component:28.1:terminal:28.1:t4,,28.1,,,,,,,,,,,HAS_TERMINAL,bottom,,,component:11:28.1,terminal:11:28.1:t4,28.1:t4,t4
,,11,t1,10.1:t1,edge:11:component:10.1:terminal:10.1:t1,,10.1,,,,,,,,,,,HAS_TERMINAL,top,,,component:11:10.1,terminal:11:10.1:t1,10.1:t1,t1
,,11,t2,10.1:t2,edge:11:component:10.1:terminal:10.1:t2,,10.1,,,,,,,,,,,HAS_TERMINAL,bottom,,,component:11:10.1,terminal:11:10.1:t2,10.1:t2,t2
,,11,t1,9.1:t1,edge:11:component:9.1:terminal:9.1:t1,,9.1,,,,,,,,,,,HAS_TERMINAL,top,,,component:11:9.1,terminal:11:9.1:t1,9.1:t1,t1
,,11,t1,4.1:t1,edge:11:component:4.1:terminal:4.1:t1,,4.1,,,,,,,,,,,HAS_TERMINAL,left,,,component:11:4.1,terminal:11:4.1:t1,4.1:t1,t1
,,11,t2,4.1:t2,edge:11:component:4.1:terminal:4.1:t2,,4.1,,,,,,,,,,,HAS_TERMINAL,right,,,component:11:4.1,terminal:11:4.1:t2,4.1:t2,t2
,,11,t1,22.1:t1,edge:11:component:22.1:terminal:22.1:t1,,22.1,,,,,,,,,,,HAS_TERMINAL,left,,,component:11:22.1,terminal:11:22.1:t1,22.1:t1,t1
,,11,t2,22.1:t2,edge:11:component:22.1:terminal:22.1:t2,,22.1,,,,,,,,,,,HAS_TERMINAL,right,,,component:11:22.1,terminal:11:22.1:t2,22.1:t2,t2
,,11,anode,7.1:anode,edge:11:component:7.1:terminal:7.1:t1,,7.1,,,,,,,,,,,HAS_TERMINAL,top,anode,,component:11:7.1,terminal:11:7.1:t1,7.1:t1,t1
,,11,cathode,7.1:cathode,edge:11:component:7.1:terminal:7.1:t2,,7.1,,,,,,,,,,,HAS_TERMINAL,bottom,cathode,,component:11:7.1,terminal:11:7.1:t2,7.1:t2,t2
,,11,t1,9.2:t1,edge:11:component:9.2:terminal:9.2:t1,,9.2,,,,,,,,,,,HAS_TERMINAL,top,,,component:11:9.2,terminal:11:9.2:t1,9.2:t1,t1
,,11,t1,9.3:t1,edge:11:component:9.3:terminal:9.3:t1,,9.3,,,,,,,,,,,HAS_TERMINAL,top,,,component:11:9.3,terminal:11:9.3:t1,9.3:t1,t1
,,11,t1,4.2:t1,edge:11:component:4.2:terminal:4.2:t1,,4.2,,,,,,,,,,,HAS_TERMINAL,top,,,component:11:4.2,terminal:11:4.2:t1,4.2:t1,t1
,,11,t2,4.2:t2,edge:11:component:4.2:terminal:4.2:t2,,4.2,,,,,,,,,,,HAS_TERMINAL,bottom,,,component:11:4.2,terminal:11:4.2:t2,4.2:t2,t2
,,11,t1,10.2:t1,edge:11:component:10.2:terminal:10.2:t1,,10.2,,,,,,,,,,,HAS_TERMINAL,top,,,component:11:10.2,terminal:11:10.2:t1,10.2:t1,t1
,,11,t2,10.2:t2,edge:11:component:10.2:terminal:10.2:t2,,10.2,,,,,,,,,,,HAS_TERMINAL,bottom,,,component:11:10.2,terminal:11:10.2:t2,10.2:t2,t2
,,11,t1,9.4:t1,edge:11:component:9.4:terminal:9.4:t1,,9.4,,,,,,,,,,,HAS_TERMINAL,top,,,component:11:9.4,terminal:11:9.4:t1,9.4:t1,t1
,,11,t1,10.3:t1,edge:11:component:10.3:terminal:10.3:t1,,10.3,,,,,,,,,,,HAS_TERMINAL,top,,,component:11:10.3,terminal:11:10.3:t1,10.3:t1,t1
,,11,t2,10.3:t2,edge:11:component:10.3:terminal:10.3:t2,,10.3,,,,,,,,,,,HAS_TERMINAL,bottom,,,component:11:10.3,terminal:11:10.3:t2,10.3:t2,t2
,,11,t1,4.3:t1,edge:11:component:4.3:terminal:4.3:t1,,4.3,,,,,,,,,,,HAS_TERMINAL,top,,,component:11:4.3,terminal:11:4.3:t1,4.3:t1,t1
,,11,t2,4.3:t2,edge:11:component:4.3:terminal:4.3:t2,,4.3,,,,,,,,,,,HAS_TERMINAL,bottom,,,component:11:4.3,terminal:11:4.3:t2,4.3:t2,t2
,,11,t1,9.5:t1,edge:11:component:9.5:terminal:9.5:t1,,9.5,,,,,,,,,,,HAS_TERMINAL,top,,,component:11:9.5,terminal:11:9.5:t1,9.5:t1,t1
,Transformer,11,,28.1:t1,edge:11:terminal:28.1:t1:net:N2,,,,False,ok,1.0,matched_preferred,[],N2,,2,False,CONNECTED_TO,,,"[70, 475]",terminal:11:28.1:t1,net:11:N2,28.1:t1,
,Transformer,11,,28.1:t2,edge:11:terminal:28.1:t2:net:N4,,,,False,ok,1.0,matched_preferred,[],N4,,4,False,CONNECTED_TO,,,"[160, 472]",terminal:11:28.1:t2,net:11:N4,28.1:t2,
,Transformer,11,,28.1:t3,edge:11:terminal:28.1:t3:net:N1,,,,False,ok,0.0,matched_preferred,[],N1,,1,False,CONNECTED_TO,,,"[70, 812]",terminal:11:28.1:t3,net:11:N1,28.1:t3,
,Transformer,11,,28.1:t4,edge:11:terminal:28.1:t4:net:N3,,,,False,ok,1.0,matched_preferred,[],N3,,3,False,CONNECTED_TO,,,"[144, 835]",terminal:11:28.1:t4,net:11:N3,28.1:t4,
,Inductor,11,,10.1:t1,edge:11:terminal:10.1:t1:net:N7,,,,False,ok,33.106,matched_single,"[""no_preferred_net_from_05"", ""matched_without_preferred_label"", ""used_fallback_search""]",N7,,7,False,CONNECTED_TO,,,"[154, 120]",terminal:11:10.1:t1,net:11:N7,10.1:t1,
,Inductor,11,,10.1:t2,edge:11:terminal:10.1:t2:net:N5,,,,False,ok,27.785,matched_single,"[""no_preferred_net_from_05"", ""matched_without_preferred_label"", ""used_fallback_search""]",N5,,5,False,CONNECTED_TO,,,"[154, 343]",terminal:11:10.1:t2,net:11:N5,10.1:t2,
,GND,11,,9.1:t1,edge:11:terminal:9.1:t1:net:N3,,,,False,ok,2.0,matched_preferred,[],N3,,3,False,CONNECTED_TO,,,"[144, 863]",terminal:11:9.1:t1,net:11:N3,9.1:t1,
,Capacitor,11,,4.1:t1,edge:11:terminal:4.1:t1:net:N4,,,,False,ok,0.0,matched_preferred,[],N4,,4,False,CONNECTED_TO,,,"[262, 596]",terminal:11:4.1:t1,net:11:N4,4.1:t1,
,Capacitor,11,,4.1:t2,edge:11:terminal:4.1:t2:net:N5,,,,False,ok,0.0,matched_preferred,[],N5,,5,False,CONNECTED_TO,,,"[335, 596]",terminal:11:4.1:t2,net:11:N5,4.1:t2,
,Resistor,11,,22.1:t1,edge:11:terminal:22.1:t1:net:N4,,,,False,ok,5.0,matched_preferred,[],N4,,4,False,CONNECTED_TO,,,"[247, 472]",terminal:11:22.1:t1,net:11:N4,22.1:t1,
,Resistor,11,,22.1:t2,edge:11:terminal:22.1:t2:net:N5,,,,False,ok,2.0,matched_preferred,[],N5,,5,False,CONNECTED_TO,,,"[357, 475]",terminal:11:22.1:t2,net:11:N5,22.1:t2,
,Diode,11,,7.1:anode,edge:11:terminal:7.1:t1:net:N5,,,,False,ok,0.0,matched_preferred,[],N5,,5,False,CONNECTED_TO,,anode,"[415, 617]",terminal:11:7.1:t1,net:11:N5,7.1:t1,
,Diode,11,,7.1:cathode,edge:11:terminal:7.1:t2:net:N6,,,,False,ok,0.0,matched_preferred,[],N6,,6,False,CONNECTED_TO,,cathode,"[415, 735]",terminal:11:7.1:t2,net:11:N6,7.1:t2,
,GND,11,,9.2:t1,edge:11:terminal:9.2:t1:net:N6,,,,False,ok,1.0,matched_preferred,[],N6,,6,False,CONNECTED_TO,,,"[415, 841]",terminal:11:9.2:t1,net:11:N6,9.2:t1,
,GND,11,,9.3:t1,edge:11:terminal:9.3:t1:net:N8,,,,False,ok,3.0,matched_preferred,[],N8,,8,False,CONNECTED_TO,,,"[576, 859]",terminal:11:9.3:t1,net:11:N8,9.3:t1,
,Capacitor,11,,4.2:t1,edge:11:terminal:4.2:t1:net:N9,,,,False,ok,4.0,matched_preferred,[],N9,,9,False,CONNECTED_TO,,,"[576, 685]",terminal:11:4.2:t1,net:11:N9,4.2:t1,
,Capacitor,11,,4.2:t2,edge:11:terminal:4.2:t2:net:N8,,,,False,ok,4.0,matched_preferred,[],N8,,8,False,CONNECTED_TO,,,"[576, 813]",terminal:11:4.2:t2,net:11:N8,4.2:t2,
,Inductor,11,,10.2:t1,edge:11:terminal:10.2:t1:net:N5,,,,False,ok,39.446,matched_single,"[""no_preferred_net_from_05"", ""matched_without_preferred_label"", ""used_fallback_search""]",N5,,5,False,CONNECTED_TO,,,"[634, 348]",terminal:11:10.2:t1,net:11:N5,10.2:t1,
,Inductor,11,,10.2:t2,edge:11:terminal:10.2:t2:net:N9,,,,False,ok,0.0,matched_preferred,[],N9,,9,False,CONNECTED_TO,,,"[650, 604]",terminal:11:10.2:t2,net:11:N9,10.2:t2,
,GND,11,,9.4:t1,edge:11:terminal:9.4:t1:net:N9,,,,False,ok,2.236,matched_preferred,[],N9,,9,False,CONNECTED_TO,,,"[762, 917]",terminal:11:9.4:t1,net:11:N9,9.4:t1,
,Inductor,11,,10.3:t1,edge:11:terminal:10.3:t1:net:N7,,,,False,ok,0.0,matched_preferred,[],N7,,7,False,CONNECTED_TO,,,"[878, 224]",terminal:11:10.3:t1,net:11:N7,10.3:t1,
,Inductor,11,,10.3:t2,edge:11:terminal:10.3:t2:net:N9,,,,False,ok,0.0,matched_preferred,[],N9,,9,False,CONNECTED_TO,,,"[876, 510]",terminal:11:10.3:t2,net:11:N9,10.3:t2,
,Capacitor,11,,4.3:t1,edge:11:terminal:4.3:t1:net:N9,,,,False,ok,2.0,matched_preferred,[],N9,,9,False,CONNECTED_TO,,,"[941, 654]",terminal:11:4.3:t1,net:11:N9,4.3:t1,
,Capacitor,11,,4.3:t2,edge:11:terminal:4.3:t2:net:N10,,,,False,ok,2.0,matched_preferred,[],N10,,10,False,CONNECTED_TO,,,"[941, 781]",terminal:11:4.3:t2,net:11:N10,4.3:t2,
,GND,11,,9.5:t1,edge:11:terminal:9.5:t1:net:N10,,,,False,ok,2.0,matched_preferred,[],N10,,10,False,CONNECTED_TO,,,"[941, 798]",terminal:11:9.5:t1,net:11:N10,9.5:t1,
Transformer,,12,,,edge:12:diagram_to_component:28.1,,28.1,,,,,,,,,,,HAS_COMPONENT,,,,diagram:12,component:12:28.1,,
GND,,12,,,edge:12:diagram_to_component:9.1,,9.1,,,,,,,,,,,HAS_COMPONENT,,,,diagram:12,component:12:9.1,,
Diode,,12,,,edge:12:diagram_to_component:7.1,,7.1,,,,,,,,,,,HAS_COMPONENT,,,,diagram:12,component:12:7.1,,
Diode,,12,,,edge:12:diagram_to_component:7.2,,7.2,,,,,,,,,,,HAS_COMPONENT,,,,diagram:12,component:12:7.2,,
Capacitor,,12,,,edge:12:diagram_to_component:4.1,,4.1,,,,,,,,,,,HAS_COMPONENT,,,,diagram:12,component:12:4.1,,
GND,,12,,,edge:12:diagram_to_component:9.2,,9.2,,,,,,,,,,,HAS_COMPONENT,,,,diagram:12,component:12:9.2,,
Resistor,,12,,,edge:12:diagram_to_component:22.1,,22.1,,,,,,,,,,,HAS_COMPONENT,,,,diagram:12,component:12:22.1,,
Terminal,,12,,,edge:12:diagram_to_component:26.1,,26.1,,,,,,,,,,,HAS_COMPONENT,,,,diagram:12,component:12:26.1,,
Terminal,,12,,,edge:12:diagram_to_component:26.2,,26.2,,,,,,,,,,,HAS_COMPONENT,,,,diagram:12,component:12:26.2,,
,,12,,,edge:12:diagram_to_net:N1,,,False,,,,,,N1,,1,,HAS_NET,,,,diagram:12,net:12:N1,,
,,12,,,edge:12:diagram_to_net:N2,,,False,,,,,,N2,,2,,HAS_NET,,,,diagram:12,net:12:N2,,
,,12,,,edge:12:diagram_to_net:N3,,,False,,,,,,N3,,3,,HAS_NET,,,,diagram:12,net:12:N3,,
,,12,,,edge:12:diagram_to_net:N4,,,False,,,,,,N4,,4,,HAS_NET,,,,diagram:12,net:12:N4,,
,,12,,,edge:12:diagram_to_net:N5,,,False,,,,,,N5,,5,,HAS_NET,,,,diagram:12,net:12:N5,,
,,12,,,edge:12:diagram_to_net:N6,,,False,,,,,,N6,,6,,HAS_NET,,,,diagram:12,net:12:N6,,
,,12,,,edge:12:diagram_to_net:N7,,,False,,,,,,N7,,7,,HAS_NET,,,,diagram:12,net:12:N7,,
,,12,,,edge:12:diagram_to_net:N8,,,False,,,,,,N8,,8,,HAS_NET,,,,diagram:12,net:12:N8,,
,,12,t1,28.1:t1,edge:12:component:28.1:terminal:28.1:t1,,28.1,,,,,,,,,,,HAS_TERMINAL,left,,,component:12:28.1,terminal:12:28.1:t1,28.1:t1,t1
,,12,t2,28.1:t2,edge:12:component:28.1:terminal:28.1:t2,,28.1,,,,,,,,,,,HAS_TERMINAL,top,,,component:12:28.1,terminal:12:28.1:t2,28.1:t2,t2
,,12,t3,28.1:t3,edge:12:component:28.1:terminal:28.1:t3,,28.1,,,,,,,,,,,HAS_TERMINAL,left,,,component:12:28.1,terminal:12:28.1:t3,28.1:t3,t3
,,12,t4,28.1:t4,edge:12:component:28.1:terminal:28.1:t4,,28.1,,,,,,,,,,,HAS_TERMINAL,right,,,component:12:28.1,terminal:12:28.1:t4,28.1:t4,t4
,,12,t1,9.1:t1,edge:12:component:9.1:terminal:9.1:t1,,9.1,,,,,,,,,,,HAS_TERMINAL,top,,,component:12:9.1,terminal:12:9.1:t1,9.1:t1,t1
,,12,anode,7.1:anode,edge:12:component:7.1:terminal:7.1:t1,,7.1,,,,,,,,,,,HAS_TERMINAL,left,anode,,component:12:7.1,terminal:12:7.1:t1,7.1:t1,t1
,,12,cathode,7.1:cathode,edge:12:component:7.1:terminal:7.1:t2,,7.1,,,,,,,,,,,HAS_TERMINAL,right,cathode,,component:12:7.1,terminal:12:7.1:t2,7.1:t2,t2
,,12,anode,7.2:anode,edge:12:component:7.2:terminal:7.2:t1,,7.2,,,,,,,,,,,HAS_TERMINAL,left,anode,,component:12:7.2,terminal:12:7.2:t1,7.2:t1,t1
,,12,cathode,7.2:cathode,edge:12:component:7.2:terminal:7.2:t2,,7.2,,,,,,,,,,,HAS_TERMINAL,right,cathode,,component:12:7.2,terminal:12:7.2:t2,7.2:t2,t2
,,12,t1,4.1:t1,edge:12:component:4.1:terminal:4.1:t1,,4.1,,,,,,,,,,,HAS_TERMINAL,top,,,component:12:4.1,terminal:12:4.1:t1,4.1:t1,t1
,,12,t2,4.1:t2,edge:12:component:4.1:terminal:4.1:t2,,4.1,,,,,,,,,,,HAS_TERMINAL,bottom,,,component:12:4.1,terminal:12:4.1:t2,4.1:t2,t2
,,12,t1,9.2:t1,edge:12:component:9.2:terminal:9.2:t1,,9.2,,,,,,,,,,,HAS_TERMINAL,top,,,component:12:9.2,terminal:12:9.2:t1,9.2:t1,t1
,,12,t1,22.1:t1,edge:12:component:22.1:terminal:22.1:t1,,22.1,,,,,,,,,,,HAS_TERMINAL,top,,,component:12:22.1,terminal:12:22.1:t1,22.1:t1,t1
,,12,t2,22.1:t2,edge:12:component:22.1:terminal:22.1:t2,,22.1,,,,,,,,,,,HAS_TERMINAL,bottom,,,component:12:22.1,terminal:12:22.1:t2,22.1:t2,t2
,,12,t1,26.1:t1,edge:12:component:26.1:terminal:26.1:t1,,26.1,,,,,,,,,,,HAS_TERMINAL,left,,,component:12:26.1,terminal:12:26.1:t1,26.1:t1,t1
,,12,t1,26.2:t1,edge:12:component:26.2:terminal:26.2:t1,,26.2,,,,,,,,,,,HAS_TERMINAL,left,,,component:12:26.2,terminal:12:26.2:t1,26.2:t1,t1
,Transformer,12,,28.1:t1,edge:12:terminal:28.1:t1:net:N2,,,,False,ok,2.0,matched_preferred,[],N2,,2,False,CONNECTED_TO,,,"[264, 287]",terminal:12:28.1:t1,net:12:N2,28.1:t1,
,Transformer,12,,28.1:t2,edge:12:terminal:28.1:t2:net:N3,,,,False,ok,0.0,matched_preferred,[],N3,,3,False,CONNECTED_TO,,,"[366, 168]",terminal:12:28.1:t2,net:12:N3,28.1:t2,
,Transformer,12,,28.1:t3,edge:12:terminal:28.1:t3:net:N1,,,,False,ok,0.0,matched_preferred,[],N1,,1,False,CONNECTED_TO,,,"[264, 756]",terminal:12:28.1:t3,net:12:N1,28.1:t3,
,Transformer,12,,28.1:t4,edge:12:terminal:28.1:t4:net:N5,,,,False,ok,1.0,matched_preferred,[],N5,,5,False,CONNECTED_TO,,,"[397, 875]",terminal:12:28.1:t4,net:12:N5,28.1:t4,
,GND,12,,9.1:t1,edge:12:terminal:9.1:t1:net:N4,,,,False,ok,1.0,matched_preferred,[],N4,,4,False,CONNECTED_TO,,,"[415, 556]",terminal:12:9.1:t1,net:12:N4,9.1:t1,
,Diode,12,,7.1:anode,edge:12:terminal:7.1:t1:net:N5,,,,False,ok,2.0,matched_preferred,[],N5,,5,False,CONNECTED_TO,,anode,"[457, 875]",terminal:12:7.1:t1,net:12:N5,7.1:t1,
,Diode,12,,7.1:cathode,edge:12:terminal:7.1:t2:net:N7,,,,False,ok,2.0,matched_preferred,[],N7,,7,False,CONNECTED_TO,,cathode,"[532, 875]",terminal:12:7.1:t2,net:12:N7,7.1:t2,
,Diode,12,,7.2:anode,edge:12:terminal:7.2:t1:net:N6,,,,False,ok,5.385,matched_preferred,[],N6,,6,False,CONNECTED_TO,,anode,"[456, 172]",terminal:12:7.2:t1,net:12:N6,7.2:t1,
,Diode,12,,7.2:cathode,edge:12:terminal:7.2:t2:net:N7,,,,False,ok,5.385,matched_preferred,[],N7,,7,False,CONNECTED_TO,,cathode,"[533, 172]",terminal:12:7.2:t2,net:12:N7,7.2:t2,
,Capacitor,12,,4.1:t1,edge:12:terminal:4.1:t1:net:N7,,,,False,ok,1.0,matched_preferred,[],N7,,7,False,CONNECTED_TO,,,"[756, 455]",terminal:12:4.1:t1,net:12:N7,4.1:t1,
,Capacitor,12,,4.1:t2,edge:12:terminal:4.1:t2:net:N8,,,,False,ok,1.0,matched_preferred,[],N8,,8,False,CONNECTED_TO,,,"[756, 601]",terminal:12:4.1:t2,net:12:N8,4.1:t2,
,GND,12,,9.2:t1,edge:12:terminal:9.2:t1:net:N8,,,,False,ok,1.0,matched_preferred,[],N8,,8,False,CONNECTED_TO,,,"[818, 898]",terminal:12:9.2:t1,net:12:N8,9.2:t1,
,Resistor,12,,22.1:t1,edge:12:terminal:22.1:t1:net:N7,,,,False,ok,0.0,matched_preferred,[],N7,,7,False,CONNECTED_TO,,,"[889, 379]",terminal:12:22.1:t1,net:12:N7,22.1:t1,
,Resistor,12,,22.1:t2,edge:12:terminal:22.1:t2:net:N8,,,,False,ok,1.0,matched_preferred,[],N8,,8,False,CONNECTED_TO,,,"[888, 666]",terminal:12:22.1:t2,net:12:N8,22.1:t2,
,Terminal,12,,26.1:t1,edge:12:terminal:26.1:t1:net:N7,,,,False,ok,2.0,matched_preferred,[],N7,,7,False,CONNECTED_TO,,,"[958, 174]",terminal:12:26.1:t1,net:12:N7,26.1:t1,
,Terminal,12,,26.2:t1,edge:12:terminal:26.2:t1:net:N8,,,,False,ok,1.0,matched_preferred,[],N8,,8,False,CONNECTED_TO,,,"[959, 875]",terminal:12:26.2:t1,net:12:N8,26.2:t1,
Terminal,,13,,,edge:13:diagram_to_component:26.1,,26.1,,,,,,,,,,,HAS_COMPONENT,,,,diagram:13,component:13:26.1,,
Terminal,,13,,,edge:13:diagram_to_component:26.2,,26.2,,,,,,,,,,,HAS_COMPONENT,,,,diagram:13,component:13:26.2,,
Transformer,,13,,,edge:13:diagram_to_component:28.1,,28.1,,,,,,,,,,,HAS_COMPONENT,,,,diagram:13,component:13:28.1,,
Resistor,,13,,,edge:13:diagram_to_component:22.1,,22.1,,,,,,,,,,,HAS_COMPONENT,,,,diagram:13,component:13:22.1,,
Resistor,,13,,,edge:13:diagram_to_component:22.2,,22.2,,,,,,,,,,,HAS_COMPONENT,,,,diagram:13,component:13:22.2,,
Diode,,13,,,edge:13:diagram_to_component:7.1,,7.1,,,,,,,,,,,HAS_COMPONENT,,,,diagram:13,component:13:7.1,,
Diode,,13,,,edge:13:diagram_to_component:7.2,,7.2,,,,,,,,,,,HAS_COMPONENT,,,,diagram:13,component:13:7.2,,
NPN_Transistor,,13,,,edge:13:diagram_to_component:18.1,,18.1,,,,,,,,,,,HAS_COMPONENT,,,,diagram:13,component:13:18.1,,
Diode,,13,,,edge:13:diagram_to_component:7.3,,7.3,,,,,,,,,,,HAS_COMPONENT,,,,diagram:13,component:13:7.3,,
Diode,,13,,,edge:13:diagram_to_component:7.4,,7.4,,,,,,,,,,,HAS_COMPONENT,,,,diagram:13,component:13:7.4,,
LED,,13,,,edge:13:diagram_to_component:12.1,,12.1,,,,,,,,,,,HAS_COMPONENT,,,,diagram:13,component:13:12.1,,
Resistor,,13,,,edge:13:diagram_to_component:22.3,,22.3,,,,,,,,,,,HAS_COMPONENT,,,,diagram:13,component:13:22.3,,
Resistor,,13,,,edge:13:diagram_to_component:22.4,,22.4,,,,,,,,,,,HAS_COMPONENT,,,,diagram:13,component:13:22.4,,
Resistor,,13,,,edge:13:diagram_to_component:22.5,,22.5,,,,,,,,,,,HAS_COMPONENT,,,,diagram:13,component:13:22.5,,
Resistor,,13,,,edge:13:diagram_to_component:22.6,,22.6,,,,,,,,,,,HAS_COMPONENT,,,,diagram:13,component:13:22.6,,
Fuse,,13,,,edge:13:diagram_to_component:8.1,,8.1,,,,,,,,,,,HAS_COMPONENT,,,,diagram:13,component:13:8.1,,
Terminal,,13,,,edge:13:diagram_to_component:26.3,,26.3,,,,,,,,,,,HAS_COMPONENT,,,,diagram:13,component:13:26.3,,
Terminal,,13,,,edge:13:diagram_to_component:26.4,,26.4,,,,,,,,,,,HAS_COMPONENT,,,,diagram:13,component:13:26.4,,
,,13,,,edge:13:diagram_to_net:N1,,,False,,,,,,N1,,1,,HAS_NET,,,,diagram:13,net:13:N1,,
,,13,,,edge:13:diagram_to_net:N2,,,False,,,,,,N2,,2,,HAS_NET,,,,diagram:13,net:13:N2,,
,,13,,,edge:13:diagram_to_net:N3,,,False,,,,,,N3,,3,,HAS_NET,,,,diagram:13,net:13:N3,,
,,13,,,edge:13:diagram_to_net:N4,,,False,,,,,,N4,,4,,HAS_NET,,,,diagram:13,net:13:N4,,
,,13,,,edge:13:diagram_to_net:N5,,,False,,,,,,N5,,5,,HAS_NET,,,,diagram:13,net:13:N5,,
,,13,,,edge:13:diagram_to_net:N6,,,False,,,,,,N6,,6,,HAS_NET,,,,diagram:13,net:13:N6,,
,,13,,,edge:13:diagram_to_net:N7,,,False,,,,,,N7,,7,,HAS_NET,,,,diagram:13,net:13:N7,,
,,13,,,edge:13:diagram_to_net:N8,,,False,,,,,,N8,,8,,HAS_NET,,,,diagram:13,net:13:N8,,
,,13,,,edge:13:diagram_to_net:N9,,,False,,,,,,N9,,9,,HAS_NET,,,,diagram:13,net:13:N9,,
,,13,,,edge:13:diagram_to_net:N10,,,False,,,,,,N10,,10,,HAS_NET,,,,diagram:13,net:13:N10,,
,,13,,,edge:13:diagram_to_net:N11,,,False,,,,,,N11,,11,,HAS_NET,,,,diagram:13,net:13:N11,,
,,13,,,edge:13:diagram_to_net:N12,,,False,,,,,,N12,,12,,HAS_NET,,,,diagram:13,net:13:N12,,
,,13,,,edge:13:diagram_to_net:N13,,,False,,,,,,N13,,13,,HAS_NET,,,,diagram:13,net:13:N13,,
,,13,,,edge:13:diagram_to_net:N14,,,False,,,,,,N14,,14,,HAS_NET,,,,diagram:13,net:13:N14,,
,,13,t1,26.1:t1,edge:13:component:26.1:terminal:26.1:t1,,26.1,,,,,,,,,,,HAS_TERMINAL,top,,,component:13:26.1,terminal:13:26.1:t1,26.1:t1,t1
,,13,t1,26.2:t1,edge:13:component:26.2:terminal:26.2:t1,,26.2,,,,,,,,,,,HAS_TERMINAL,bottom,,,component:13:26.2,terminal:13:26.2:t1,26.2:t1,t1
,,13,t1,28.1:t1,edge:13:component:28.1:terminal:28.1:t1,,28.1,,,,,,,,,,,HAS_TERMINAL,left,,,component:13:28.1,terminal:13:28.1:t1,28.1:t1,t1
,,13,t2,28.1:t2,edge:13:component:28.1:terminal:28.1:t2,,28.1,,,,,,,,,,,HAS_TERMINAL,right,,,component:13:28.1,terminal:13:28.1:t2,28.1:t2,t2
,,13,t3,28.1:t3,edge:13:component:28.1:terminal:28.1:t3,,28.1,,,,,,,,,,,HAS_TERMINAL,left,,,component:13:28.1,terminal:13:28.1:t3,28.1:t3,t3
,,13,t4,28.1:t4,edge:13:component:28.1:terminal:28.1:t4,,28.1,,,,,,,,,,,HAS_TERMINAL,right,,,component:13:28.1,terminal:13:28.1:t4,28.1:t4,t4
,,13,t1,22.1:t1,edge:13:component:22.1:terminal:22.1:t1,,22.1,,,,,,,,,,,HAS_TERMINAL,left,,,component:13:22.1,terminal:13:22.1:t1,22.1:t1,t1
,,13,t2,22.1:t2,edge:13:component:22.1:terminal:22.1:t2,,22.1,,,,,,,,,,,HAS_TERMINAL,right,,,component:13:22.1,terminal:13:22.1:t2,22.1:t2,t2
,,13,t1,22.2:t1,edge:13:component:22.2:terminal:22.2:t1,,22.2,,,,,,,,,,,HAS_TERMINAL,left,,,component:13:22.2,terminal:13:22.2:t1,22.2:t1,t1
,,13,t2,22.2:t2,edge:13:component:22.2:terminal:22.2:t2,,22.2,,,,,,,,,,,HAS_TERMINAL,right,,,component:13:22.2,terminal:13:22.2:t2,22.2:t2,t2
,,13,anode,7.1:anode,edge:13:component:7.1:terminal:7.1:t1,,7.1,,,,,,,,,,,HAS_TERMINAL,top,anode,,component:13:7.1,terminal:13:7.1:t1,7.1:t1,t1
,,13,cathode,7.1:cathode,edge:13:component:7.1:terminal:7.1:t2,,7.1,,,,,,,,,,,HAS_TERMINAL,bottom,cathode,,component:13:7.1,terminal:13:7.1:t2,7.1:t2,t2
,,13,anode,7.2:anode,edge:13:component:7.2:terminal:7.2:t1,,7.2,,,,,,,,,,,HAS_TERMINAL,left,anode,,component:13:7.2,terminal:13:7.2:t1,7.2:t1,t1
,,13,cathode,7.2:cathode,edge:13:component:7.2:terminal:7.2:t2,,7.2,,,,,,,,,,,HAS_TERMINAL,right,cathode,,component:13:7.2,terminal:13:7.2:t2,7.2:t2,t2
,,13,B,18.1:B,edge:13:component:18.1:terminal:18.1:t1,,18.1,,,,,,,,,,,HAS_TERMINAL,right,B,,component:13:18.1,terminal:13:18.1:t1,18.1:t1,t1
,,13,C,18.1:C,edge:13:component:18.1:terminal:18.1:t2,,18.1,,,,,,,,,,,HAS_TERMINAL,top,C,,component:13:18.1,terminal:13:18.1:t2,18.1:t2,t2
,,13,E,18.1:E,edge:13:component:18.1:terminal:18.1:t3,,18.1,,,,,,,,,,,HAS_TERMINAL,bottom,E,,component:13:18.1,terminal:13:18.1:t3,18.1:t3,t3
,,13,anode,7.3:anode,edge:13:component:7.3:terminal:7.3:t1,,7.3,,,,,,,,,,,HAS_TERMINAL,left,anode,,component:13:7.3,terminal:13:7.3:t1,7.3:t1,t1
,,13,cathode,7.3:cathode,edge:13:component:7.3:terminal:7.3:t2,,7.3,,,,,,,,,,,HAS_TERMINAL,right,cathode,,component:13:7.3,terminal:13:7.3:t2,7.3:t2,t2
,,13,anode,7.4:anode,edge:13:component:7.4:terminal:7.4:t1,,7.4,,,,,,,,,,,HAS_TERMINAL,left,anode,,component:13:7.4,terminal:13:7.4:t1,7.4:t1,t1
,,13,cathode,7.4:cathode,edge:13:component:7.4:terminal:7.4:t2,,7.4,,,,,,,,,,,HAS_TERMINAL,right,cathode,,component:13:7.4,terminal:13:7.4:t2,7.4:t2,t2
,,13,cathode,12.1:cathode,edge:13:component:12.1:terminal:12.1:t1,,12.1,,,,,,,,,,,HAS_TERMINAL,left,cathode,,component:13:12.1,terminal:13:12.1:t1,12.1:t1,t1
,,13,anode,12.1:anode,edge:13:component:12.1:terminal:12.1:t2,,12.1,,,,,,,,,,,HAS_TERMINAL,right,anode,,component:13:12.1,terminal:13:12.1:t2,12.1:t2,t2
,,13,t1,22.3:t1,edge:13:component:22.3:terminal:22.3:t1,,22.3,,,,,,,,,,,HAS_TERMINAL,top,,,component:13:22.3,terminal:13:22.3:t1,22.3:t1,t1
,,13,t2,22.3:t2,edge:13:component:22.3:terminal:22.3:t2,,22.3,,,,,,,,,,,HAS_TERMINAL,bottom,,,component:13:22.3,terminal:13:22.3:t2,22.3:t2,t2
,,13,t1,22.4:t1,edge:13:component:22.4:terminal:22.4:t1,,22.4,,,,,,,,,,,HAS_TERMINAL,top,,,component:13:22.4,terminal:13:22.4:t1,22.4:t1,t1
,,13,t2,22.4:t2,edge:13:component:22.4:terminal:22.4:t2,,22.4,,,,,,,,,,,HAS_TERMINAL,bottom,,,component:13:22.4,terminal:13:22.4:t2,22.4:t2,t2
,,13,t1,22.5:t1,edge:13:component:22.5:terminal:22.5:t1,,22.5,,,,,,,,,,,HAS_TERMINAL,top,,,component:13:22.5,terminal:13:22.5:t1,22.5:t1,t1
,,13,t2,22.5:t2,edge:13:component:22.5:terminal:22.5:t2,,22.5,,,,,,,,,,,HAS_TERMINAL,bottom,,,component:13:22.5,terminal:13:22.5:t2,22.5:t2,t2
,,13,t1,22.6:t1,edge:13:component:22.6:terminal:22.6:t1,,22.6,,,,,,,,,,,HAS_TERMINAL,left,,,component:13:22.6,terminal:13:22.6:t1,22.6:t1,t1
,,13,t2,22.6:t2,edge:13:component:22.6:terminal:22.6:t2,,22.6,,,,,,,,,,,HAS_TERMINAL,right,,,component:13:22.6,terminal:13:22.6:t2,22.6:t2,t2
,,13,t1,8.1:t1,edge:13:component:8.1:terminal:8.1:t1,,8.1,,,,,,,,,,,HAS_TERMINAL,left,,,component:13:8.1,terminal:13:8.1:t1,8.1:t1,t1
,,13,t2,8.1:t2,edge:13:component:8.1:terminal:8.1:t2,,8.1,,,,,,,,,,,HAS_TERMINAL,right,,,component:13:8.1,terminal:13:8.1:t2,8.1:t2,t2
,,13,t1,26.3:t1,edge:13:component:26.3:terminal:26.3:t1,,26.3,,,,,,,,,,,HAS_TERMINAL,top,,,component:13:26.3,terminal:13:26.3:t1,26.3:t1,t1
,,13,t1,26.4:t1,edge:13:component:26.4:terminal:26.4:t1,,26.4,,,,,,,,,,,HAS_TERMINAL,bottom,,,component:13:26.4,terminal:13:26.4:t1,26.4:t1,t1
,Terminal,13,,26.1:t1,edge:13:terminal:26.1:t1:net:N2,,,,False,ok,1.0,matched_preferred,[],N2,,2,False,CONNECTED_TO,,,"[49, 520]",terminal:13:26.1:t1,net:13:N2,26.1:t1,
,Terminal,13,,26.2:t1,edge:13:terminal:26.2:t1:net:N1,,,,False,ok,1.0,matched_preferred,[],N1,,1,False,CONNECTED_TO,,,"[49, 671]",terminal:13:26.2:t1,net:13:N1,26.2:t1,
,Transformer,13,,28.1:t1,edge:13:terminal:28.1:t1:net:N2,,,,False,ok,1.0,matched_preferred,[],N2,,2,False,CONNECTED_TO,,,"[186, 607]",terminal:13:28.1:t1,net:13:N2,28.1:t1,
,Transformer,13,,28.1:t2,edge:13:terminal:28.1:t2:net:N3,,,,False,ok,0.0,matched_preferred,[],N3,,3,False,CONNECTED_TO,,,"[287, 607]",terminal:13:28.1:t2,net:13:N3,28.1:t2,
,Transformer,13,,28.1:t3,edge:13:terminal:28.1:t3:net:N1,,,,False,ok,1.0,matched_preferred,[],N1,,1,False,CONNECTED_TO,,,"[186, 744]",terminal:13:28.1:t3,net:13:N1,28.1:t3,
,Transformer,13,,28.1:t4,edge:13:terminal:28.1:t4:net:N9,,,,False,ok,1.0,matched_preferred,[],N9,,9,False,CONNECTED_TO,,,"[287, 744]",terminal:13:28.1:t4,net:13:N9,28.1:t4,
,Resistor,13,,22.1:t1,edge:13:terminal:22.1:t1:net:N3,,,,False,ok,3.0,matched_preferred,[],N3,,3,False,CONNECTED_TO,,,"[313, 59]",terminal:13:22.1:t1,net:13:N3,22.1:t1,
,Resistor,13,,22.1:t2,edge:13:terminal:22.1:t2:net:N6,,,,False,ok,3.0,matched_preferred,[],N6,,6,False,CONNECTED_TO,,,"[447, 59]",terminal:13:22.1:t2,net:13:N6,22.1:t2,
,Resistor,13,,22.2:t1,edge:13:terminal:22.2:t1:net:N3,,,,False,ok,2.0,matched_preferred,[],N3,,3,False,CONNECTED_TO,,,"[318, 437]",terminal:13:22.2:t1,net:13:N3,22.2:t1,
,Resistor,13,,22.2:t2,edge:13:terminal:22.2:t2:net:N4,,,,False,ok,2.0,matched_preferred,[],N4,,4,False,CONNECTED_TO,,,"[443, 437]",terminal:13:22.2:t2,net:13:N4,22.2:t2,
,Diode,13,,7.1:anode,edge:13:terminal:7.1:t1:net:N4,,,,False,ok,3.0,matched_preferred,[],N4,,4,False,CONNECTED_TO,,anode,"[474, 526]",terminal:13:7.1:t1,net:13:N4,7.1:t1,
,Diode,13,,7.1:cathode,edge:13:terminal:7.1:t2:net:N5,,,,False,ok,3.0,matched_preferred,[],N5,,5,False,CONNECTED_TO,,cathode,"[474, 596]",terminal:13:7.1:t2,net:13:N5,7.1:t2,
,Diode,13,,7.2:anode,edge:13:terminal:7.2:t1:net:N3,,,,False,ok,1.0,matched_preferred,[],N3,,3,False,CONNECTED_TO,,anode,"[453, 265]",terminal:13:7.2:t1,net:13:N3,7.2:t1,
,Diode,13,,7.2:cathode,edge:13:terminal:7.2:t2:net:N8,,,,False,ok,1.0,matched_preferred,[],N8,,8,False,CONNECTED_TO,,cathode,"[513, 265]",terminal:13:7.2:t2,net:13:N8,7.2:t2,
,NPN_Transistor,13,,18.1:B,edge:13:terminal:18.1:t1:net:N7,,,,False,ok,1.0,matched_preferred,[],N7,,7,False,CONNECTED_TO,,B,"[598, 675]",terminal:13:18.1:t1,net:13:N7,18.1:t1,
,NPN_Transistor,13,,18.1:C,edge:13:terminal:18.1:t2:net:N5,,,,False,ok,33.242,matched_single,"[""no_preferred_net_from_05"", ""matched_without_preferred_label"", ""used_fallback_search""]",N5,,5,False,CONNECTED_TO,,C,"[515, 642]",terminal:13:18.1:t2,net:13:N5,18.1:t2,
,NPN_Transistor,13,,18.1:E,edge:13:terminal:18.1:t3:net:N9,,,,False,ok,26.401,matched_single,"[""no_preferred_net_from_05"", ""matched_without_preferred_label""]",N9,,9,False,CONNECTED_TO,,E,"[549, 764]",terminal:13:18.1:t3,net:13:N9,18.1:t3,
,Diode,13,,7.3:anode,edge:13:terminal:7.3:t1:net:N4,,,,False,ok,1.0,matched_preferred,[],N4,,4,False,CONNECTED_TO,,anode,"[533, 437]",terminal:13:7.3:t1,net:13:N4,7.3:t1,
,Diode,13,,7.3:cathode,edge:13:terminal:7.3:t2:net:N8,,,,False,ok,1.0,matched_preferred,[],N8,,8,False,CONNECTED_TO,,cathode,"[589, 437]",terminal:13:7.3:t2,net:13:N8,7.3:t2,
,Diode,13,,7.4:anode,edge:13:terminal:7.4:t1:net:N6,,,,False,ok,2.0,matched_preferred,[],N6,,6,False,CONNECTED_TO,,anode,"[555, 59]",terminal:13:7.4:t1,net:13:N6,7.4:t1,
,Diode,13,,7.4:cathode,edge:13:terminal:7.4:t2:net:N8,,,,False,ok,2.0,matched_preferred,[],N8,,8,False,CONNECTED_TO,,cathode,"[617, 59]",terminal:13:7.4:t2,net:13:N8,7.4:t2,
,LED,13,,12.1:cathode,edge:13:terminal:12.1:t1:net:N7,,,,False,ok,1.0,matched_preferred,[],N7,,7,False,CONNECTED_TO,,cathode,"[624, 675]",terminal:13:12.1:t1,net:13:N7,12.1:t1,
,LED,13,,12.1:anode,edge:13:terminal:12.1:t2:net:N10,,,,False,ok,1.0,matched_preferred,[],N10,,10,False,CONNECTED_TO,,anode,"[715, 671]",terminal:13:12.1:t2,net:13:N10,12.1:t2,
,Resistor,13,,22.3:t1,edge:13:terminal:22.3:t1:net:N8,,,,False,ok,0.0,matched_preferred,[],N8,,8,False,CONNECTED_TO,,,"[769, 317]",terminal:13:22.3:t1,net:13:N8,22.3:t1,
,Resistor,13,,22.3:t2,edge:13:terminal:22.3:t2:net:N11,,,,False,ok,0.0,matched_preferred,[],N11,,11,False,CONNECTED_TO,,,"[769, 487]",terminal:13:22.3:t2,net:13:N11,22.3:t2,
,Resistor,13,,22.4:t1,edge:13:terminal:22.4:t1:net:N12,,,,False,ok,0.0,matched_preferred,[],N12,,12,False,CONNECTED_TO,,,"[769, 728]",terminal:13:22.4:t1,net:13:N12,22.4:t1,
,Resistor,13,,22.4:t2,edge:13:terminal:22.4:t2:net:N9,,,,False,ok,0.0,matched_preferred,[],N9,,9,False,CONNECTED_TO,,,"[769, 904]",terminal:13:22.4:t2,net:13:N9,22.4:t2,
,Resistor,13,,22.5:t1,edge:13:terminal:22.5:t1:net:N11,,,,False,ok,2.0,matched_preferred,[],N11,,11,False,CONNECTED_TO,,,"[769, 528]",terminal:13:22.5:t1,net:13:N11,22.5:t1,
,Resistor,13,,22.5:t2,edge:13:terminal:22.5:t2:net:N12,,,,False,ok,2.0,matched_preferred,[],N12,,12,False,CONNECTED_TO,,,"[769, 693]",terminal:13:22.5:t2,net:13:N12,22.5:t2,
,Resistor,13,,22.6:t1,edge:13:terminal:22.6:t1:net:N8,,,,False,ok,3.0,matched_preferred,[],N8,,8,False,CONNECTED_TO,,,"[779, 265]",terminal:13:22.6:t1,net:13:N8,22.6:t1,
,Resistor,13,,22.6:t2,edge:13:terminal:22.6:t2:net:N13,,,,False,ok,3.0,matched_preferred,[],N13,,13,False,CONNECTED_TO,,,"[904, 265]",terminal:13:22.6:t2,net:13:N13,22.6:t2,
,Fuse,13,,8.1:t1,edge:13:terminal:8.1:t1:net:N13,,,,False,ok,1.0,matched_preferred,[],N13,,13,False,CONNECTED_TO,,,"[905, 265]",terminal:13:8.1:t1,net:13:N13,8.1:t1,
,Fuse,13,,8.1:t2,edge:13:terminal:8.1:t2:net:N14,,,,False,ok,1.0,matched_preferred,[],N14,,14,False,CONNECTED_TO,,,"[979, 265]",terminal:13:8.1:t2,net:13:N14,8.1:t2,
,Terminal,13,,26.3:t1,edge:13:terminal:26.3:t1:net:N14,,,,False,ok,0.0,matched_preferred,[],N14,,14,False,CONNECTED_TO,,,"[1000, 315]",terminal:13:26.3:t1,net:13:N14,26.3:t1,
,Terminal,13,,26.4:t1,edge:13:terminal:26.4:t1:net:N9,,,,False,ok,1.0,matched_preferred,[],N9,,9,False,CONNECTED_TO,,,"[1000, 895]",terminal:13:26.4:t1,net:13:N9,26.4:t1,
Inductor,,14,,,edge:14:diagram_to_component:10.1,,10.1,,,,,,,,,,,HAS_COMPONENT,,,,diagram:14,component:14:10.1,,
GND,,14,,,edge:14:diagram_to_component:9.1,,9.1,,,,,,,,,,,HAS_COMPONENT,,,,diagram:14,component:14:9.1,,
Antenna,,14,,,edge:14:diagram_to_component:1.1,,1.1,,,,,,,,,,,HAS_COMPONENT,,,,diagram:14,component:14:1.1,,
Polarized_Capacitor,,14,,,edge:14:diagram_to_component:20.1,,20.1,,,,,,,,,,,HAS_COMPONENT,,,,diagram:14,component:14:20.1,,
Diode,,14,,,edge:14:diagram_to_component:7.1,,7.1,,,,,,,,,,,HAS_COMPONENT,,,,diagram:14,component:14:7.1,,
Polarized_Capacitor,,14,,,edge:14:diagram_to_component:20.2,,20.2,,,,,,,,,,,HAS_COMPONENT,,,,diagram:14,component:14:20.2,,
Resistor,,14,,,edge:14:diagram_to_component:22.1,,22.1,,,,,,,,,,,HAS_COMPONENT,,,,diagram:14,component:14:22.1,,
NPN_Transistor,,14,,,edge:14:diagram_to_component:18.1,,18.1,,,,,,,,,,,HAS_COMPONENT,,,,diagram:14,component:14:18.1,,
Resistor,,14,,,edge:14:diagram_to_component:22.2,,22.2,,,,,,,,,,,HAS_COMPONENT,,,,diagram:14,component:14:22.2,,
Polarized_Capacitor,,14,,,edge:14:diagram_to_component:20.3,,20.3,,,,,,,,,,,HAS_COMPONENT,,,,diagram:14,component:14:20.3,,
Resistor,,14,,,edge:14:diagram_to_component:22.3,,22.3,,,,,,,,,,,HAS_COMPONENT,,,,diagram:14,component:14:22.3,,
NPN_Transistor,,14,,,edge:14:diagram_to_component:18.2,,18.2,,,,,,,,,,,HAS_COMPONENT,,,,diagram:14,component:14:18.2,,
Battery,,14,,,edge:14:diagram_to_component:2.1,,2.1,,,,,,,,,,,HAS_COMPONENT,,,,diagram:14,component:14:2.1,,
Polarized_Capacitor,,14,,,edge:14:diagram_to_component:20.4,,20.4,,,,,,,,,,,HAS_COMPONENT,,,,diagram:14,component:14:20.4,,
Switch,,14,,,edge:14:diagram_to_component:25.1,,25.1,,,,,,,,,,,HAS_COMPONENT,,,,diagram:14,component:14:25.1,,
Breaker,,14,,,edge:14:diagram_to_component:3.1,,3.1,,,,,,,,,,,HAS_COMPONENT,,,,diagram:14,component:14:3.1,,
,,14,,,edge:14:diagram_to_net:N1,,,False,,,,,,N1,,1,,HAS_NET,,,,diagram:14,net:14:N1,,
,,14,,,edge:14:diagram_to_net:N2,,,False,,,,,,N2,,2,,HAS_NET,,,,diagram:14,net:14:N2,,
,,14,,,edge:14:diagram_to_net:N3,,,False,,,,,,N3,,3,,HAS_NET,,,,diagram:14,net:14:N3,,
,,14,,,edge:14:diagram_to_net:N4,,,False,,,,,,N4,,4,,HAS_NET,,,,diagram:14,net:14:N4,,
,,14,,,edge:14:diagram_to_net:N5,,,False,,,,,,N5,,5,,HAS_NET,,,,diagram:14,net:14:N5,,
,,14,,,edge:14:diagram_to_net:N6,,,False,,,,,,N6,,6,,HAS_NET,,,,diagram:14,net:14:N6,,
,,14,,,edge:14:diagram_to_net:N7,,,False,,,,,,N7,,7,,HAS_NET,,,,diagram:14,net:14:N7,,
,,14,,,edge:14:diagram_to_net:N8,,,False,,,,,,N8,,8,,HAS_NET,,,,diagram:14,net:14:N8,,
,,14,,,edge:14:diagram_to_net:N9,,,False,,,,,,N9,,9,,HAS_NET,,,,diagram:14,net:14:N9,,
,,14,t1,10.1:t1,edge:14:component:10.1:terminal:10.1:t1,,10.1,,,,,,,,,,,HAS_TERMINAL,top,,,component:14:10.1,terminal:14:10.1:t1,10.1:t1,t1
,,14,t2,10.1:t2,edge:14:component:10.1:terminal:10.1:t2,,10.1,,,,,,,,,,,HAS_TERMINAL,bottom,,,component:14:10.1,terminal:14:10.1:t2,10.1:t2,t2
,,14,t1,9.1:t1,edge:14:component:9.1:terminal:9.1:t1,,9.1,,,,,,,,,,,HAS_TERMINAL,top,,,component:14:9.1,terminal:14:9.1:t1,9.1:t1,t1
,,14,t1,1.1:t1,edge:14:component:1.1:terminal:1.1:t1,,1.1,,,,,,,,,,,HAS_TERMINAL,bottom,,,component:14:1.1,terminal:14:1.1:t1,1.1:t1,t1
,,14,positive,20.1:positive,edge:14:component:20.1:terminal:20.1:t1,,20.1,,,,,,,,,,,HAS_TERMINAL,top,positive,,component:14:20.1,terminal:14:20.1:t1,20.1:t1,t1
,,14,negative,20.1:negative,edge:14:component:20.1:terminal:20.1:t2,,20.1,,,,,,,,,,,HAS_TERMINAL,bottom,negative,,component:14:20.1,terminal:14:20.1:t2,20.1:t2,t2
,,14,anode,7.1:anode,edge:14:component:7.1:terminal:7.1:t1,,7.1,,,,,,,,,,,HAS_TERMINAL,left,anode,,component:14:7.1,terminal:14:7.1:t1,7.1:t1,t1
,,14,cathode,7.1:cathode,edge:14:component:7.1:terminal:7.1:t2,,7.1,,,,,,,,,,,HAS_TERMINAL,right,cathode,,component:14:7.1,terminal:14:7.1:t2,7.1:t2,t2
,,14,positive,20.2:positive,edge:14:component:20.2:terminal:20.2:t1,,20.2,,,,,,,,,,,HAS_TERMINAL,left,positive,,component:14:20.2,terminal:14:20.2:t1,20.2:t1,t1
,,14,negative,20.2:negative,edge:14:component:20.2:terminal:20.2:t2,,20.2,,,,,,,,,,,HAS_TERMINAL,right,negative,,component:14:20.2,terminal:14:20.2:t2,20.2:t2,t2
,,14,t1,22.1:t1,edge:14:component:22.1:terminal:22.1:t1,,22.1,,,,,,,,,,,HAS_TERMINAL,top,,,component:14:22.1,terminal:14:22.1:t1,22.1:t1,t1
,,14,t2,22.1:t2,edge:14:component:22.1:terminal:22.1:t2,,22.1,,,,,,,,,,,HAS_TERMINAL,bottom,,,component:14:22.1,terminal:14:22.1:t2,22.1:t2,t2
,,14,B,18.1:B,edge:14:component:18.1:terminal:18.1:t1,,18.1,,,,,,,,,,,HAS_TERMINAL,left,B,,component:14:18.1,terminal:14:18.1:t1,18.1:t1,t1
,,14,C,18.1:C,edge:14:component:18.1:terminal:18.1:t2,,18.1,,,,,,,,,,,HAS_TERMINAL,top,C,,component:14:18.1,terminal:14:18.1:t2,18.1:t2,t2
,,14,E,18.1:E,edge:14:component:18.1:terminal:18.1:t3,,18.1,,,,,,,,,,,HAS_TERMINAL,bottom,E,,component:14:18.1,terminal:14:18.1:t3,18.1:t3,t3
,,14,t1,22.2:t1,edge:14:component:22.2:terminal:22.2:t1,,22.2,,,,,,,,,,,HAS_TERMINAL,top,,,component:14:22.2,terminal:14:22.2:t1,22.2:t1,t1
,,14,t2,22.2:t2,edge:14:component:22.2:terminal:22.2:t2,,22.2,,,,,,,,,,,HAS_TERMINAL,bottom,,,component:14:22.2,terminal:14:22.2:t2,22.2:t2,t2
,,14,positive,20.3:positive,edge:14:component:20.3:terminal:20.3:t1,,20.3,,,,,,,,,,,HAS_TERMINAL,left,positive,,component:14:20.3,terminal:14:20.3:t1,20.3:t1,t1
,,14,negative,20.3:negative,edge:14:component:20.3:terminal:20.3:t2,,20.3,,,,,,,,,,,HAS_TERMINAL,right,negative,,component:14:20.3,terminal:14:20.3:t2,20.3:t2,t2
,,14,t1,22.3:t1,edge:14:component:22.3:terminal:22.3:t1,,22.3,,,,,,,,,,,HAS_TERMINAL,top,,,component:14:22.3,terminal:14:22.3:t1,22.3:t1,t1
,,14,t2,22.3:t2,edge:14:component:22.3:terminal:22.3:t2,,22.3,,,,,,,,,,,HAS_TERMINAL,bottom,,,component:14:22.3,terminal:14:22.3:t2,22.3:t2,t2
,,14,B,18.2:B,edge:14:component:18.2:terminal:18.2:t1,,18.2,,,,,,,,,,,HAS_TERMINAL,left,B,,component:14:18.2,terminal:14:18.2:t1,18.2:t1,t1
,,14,C,18.2:C,edge:14:component:18.2:terminal:18.2:t2,,18.2,,,,,,,,,,,HAS_TERMINAL,top,C,,component:14:18.2,terminal:14:18.2:t2,18.2:t2,t2
,,14,E,18.2:E,edge:14:component:18.2:terminal:18.2:t3,,18.2,,,,,,,,,,,HAS_TERMINAL,bottom,E,,component:14:18.2,terminal:14:18.2:t3,18.2:t3,t3
,,14,positive,2.1:positive,edge:14:component:2.1:terminal:2.1:t1,,2.1,,,,,,,,,,,HAS_TERMINAL,left,positive,,component:14:2.1,terminal:14:2.1:t1,2.1:t1,t1
,,14,negative,2.1:negative,edge:14:component:2.1:terminal:2.1:t2,,2.1,,,,,,,,,,,HAS_TERMINAL,right,negative,,component:14:2.1,terminal:14:2.1:t2,2.1:t2,t2
,,14,positive,20.4:positive,edge:14:component:20.4:terminal:20.4:t1,,20.4,,,,,,,,,,,HAS_TERMINAL,top,positive,,component:14:20.4,terminal:14:20.4:t1,20.4:t1,t1
,,14,negative,20.4:negative,edge:14:component:20.4:terminal:20.4:t2,,20.4,,,,,,,,,,,HAS_TERMINAL,bottom,negative,,component:14:20.4,terminal:14:20.4:t2,20.4:t2,t2
,,14,t1,25.1:t1,edge:14:component:25.1:terminal:25.1:t1,,25.1,,,,,,,,,,,HAS_TERMINAL,left,,,component:14:25.1,terminal:14:25.1:t1,25.1:t1,t1
,,14,t2,25.1:t2,edge:14:component:25.1:terminal:25.1:t2,,25.1,,,,,,,,,,,HAS_TERMINAL,right,,,component:14:25.1,terminal:14:25.1:t2,25.1:t2,t2
,,14,t1,3.1:t1,edge:14:component:3.1:terminal:3.1:t1,,3.1,,,,,,,,,,,HAS_TERMINAL,top,,,component:14:3.1,terminal:14:3.1:t1,3.1:t1,t1
,,14,t2,3.1:t2,edge:14:component:3.1:terminal:3.1:t2,,3.1,,,,,,,,,,,HAS_TERMINAL,bottom,,,component:14:3.1,terminal:14:3.1:t2,3.1:t2,t2
,Inductor,14,,10.1:t1,edge:14:terminal:10.1:t1:net:N1,,,,False,ok,0.0,matched_preferred,[],N1,,1,False,CONNECTED_TO,,,"[92, 524]",terminal:14:10.1:t1,net:14:N1,10.1:t1,
,Inductor,14,,10.1:t2,edge:14:terminal:10.1:t2:net:N2,,,,False,ok,0.0,matched_preferred,[],N2,,2,False,CONNECTED_TO,,,"[92, 748]",terminal:14:10.1:t2,net:14:N2,10.1:t2,
,GND,14,,9.1:t1,edge:14:terminal:9.1:t1:net:N2,,,,False,ok,1.0,matched_preferred,[],N2,,2,False,CONNECTED_TO,,,"[92, 907]",terminal:14:9.1:t1,net:14:N2,9.1:t1,
,Antenna,14,,1.1:t1,edge:14:terminal:1.1:t1:net:N3,,,,False,ok,13.601,matched_preferred,"[""used_fallback_search""]",N3,,3,False,CONNECTED_TO,,,"[104, 226]",terminal:14:1.1:t1,net:14:N3,1.1:t1,
,Polarized_Capacitor,14,,20.1:positive,edge:14:terminal:20.1:t1:net:N4,,,,False,ok,2.0,matched_preferred,[],N4,,4,False,CONNECTED_TO,,positive,"[164, 585]",terminal:14:20.1:t1,net:14:N4,20.1:t1,
,Polarized_Capacitor,14,,20.1:negative,edge:14:terminal:20.1:t2:net:N5,,,,False,ok,2.0,matched_preferred,[],N5,,5,False,CONNECTED_TO,,negative,"[164, 681]",terminal:14:20.1:t2,net:14:N5,20.1:t2,
,Diode,14,,7.1:anode,edge:14:terminal:7.1:t1:net:N4,,,,False,ok,4.0,matched_preferred,[],N4,,4,False,CONNECTED_TO,,anode,"[195, 395]",terminal:14:7.1:t1,net:14:N4,7.1:t1,
,Diode,14,,7.1:cathode,edge:14:terminal:7.1:t2:net:N4,,,,False,ok,4.0,matched_preferred,[],N4,,4,False,CONNECTED_TO,,cathode,"[239, 395]",terminal:14:7.1:t2,net:14:N4,7.1:t2,
,Polarized_Capacitor,14,,20.2:positive,edge:14:terminal:20.2:t1:net:N4,,,,False,ok,3.0,matched_preferred,[],N4,,4,False,CONNECTED_TO,,positive,"[244, 395]",terminal:14:20.2:t1,net:14:N4,20.2:t1,
,Polarized_Capacitor,14,,20.2:negative,edge:14:terminal:20.2:t2:net:N4,,,,False,ok,3.0,matched_preferred,[],N4,,4,False,CONNECTED_TO,,negative,"[279, 395]",terminal:14:20.2:t2,net:14:N4,20.2:t2,
,Resistor,14,,22.1:t1,edge:14:terminal:22.1:t1:net:N4,,,,False,ok,1.0,matched_preferred,[],N4,,4,False,CONNECTED_TO,,,"[295, 537]",terminal:14:22.1:t1,net:14:N4,22.1:t1,
,Resistor,14,,22.1:t2,edge:14:terminal:22.1:t2:net:N5,,,,False,ok,1.414,matched_preferred,[],N5,,5,False,CONNECTED_TO,,,"[297, 664]",terminal:14:22.1:t2,net:14:N5,22.1:t2,
,NPN_Transistor,14,,18.1:B,edge:14:terminal:18.1:t1:net:N4,,,,False,ok,1.0,matched_preferred,[],N4,,4,False,CONNECTED_TO,,B,"[330, 395]",terminal:14:18.1:t1,net:14:N4,18.1:t1,
,NPN_Transistor,14,,18.1:C,edge:14:terminal:18.1:t2:net:N6,,,,False,ok,29.833,matched_single,"[""no_preferred_net_from_05"", ""matched_without_preferred_label"", ""used_fallback_search""]",N6,,6,False,CONNECTED_TO,,C,"[421, 349]",terminal:14:18.1:t2,net:14:N6,18.1:t2,
,NPN_Transistor,14,,18.1:E,edge:14:terminal:18.1:t3:net:N5,,,,False,ok,0.0,matched_preferred,[],N5,,5,False,CONNECTED_TO,,E,"[395, 465]",terminal:14:18.1:t3,net:14:N5,18.1:t3,
,Resistor,14,,22.2:t1,edge:14:terminal:22.2:t1:net:N6,,,,False,ok,0.0,matched_preferred,[],N6,,6,False,CONNECTED_TO,,,"[493, 522]",terminal:14:22.2:t1,net:14:N6,22.2:t1,
,Resistor,14,,22.2:t2,edge:14:terminal:22.2:t2:net:N5,,,,False,ok,0.0,matched_preferred,[],N5,,5,False,CONNECTED_TO,,,"[493, 655]",terminal:14:22.2:t2,net:14:N5,22.2:t2,
,Polarized_Capacitor,14,,20.3:positive,edge:14:terminal:20.3:t1:net:N6,,,,False,ok,2.0,matched_preferred,[],N6,,6,False,CONNECTED_TO,,positive,"[526, 348]",terminal:14:20.3:t1,net:14:N6,20.3:t1,
,Polarized_Capacitor,14,,20.3:negative,edge:14:terminal:20.3:t2:net:N6,,,,False,ok,2.0,matched_preferred,[],N6,,6,False,CONNECTED_TO,,negative,"[564, 348]",terminal:14:20.3:t2,net:14:N6,20.3:t2,
,Resistor,14,,22.3:t1,edge:14:terminal:22.3:t1:net:N6,,,,False,ok,0.0,matched_preferred,[],N6,,6,False,CONNECTED_TO,,,"[592, 522]",terminal:14:22.3:t1,net:14:N6,22.3:t1,
,Resistor,14,,22.3:t2,edge:14:terminal:22.3:t2:net:N5,,,,False,ok,0.0,matched_preferred,[],N5,,5,False,CONNECTED_TO,,,"[592, 655]",terminal:14:22.3:t2,net:14:N5,22.3:t2,
,NPN_Transistor,14,,18.2:B,edge:14:terminal:18.2:t1:net:N6,,,,False,ok,1.0,matched_preferred,[],N6,,6,False,CONNECTED_TO,,B,"[626, 348]",terminal:14:18.2:t1,net:14:N6,18.2:t1,
,NPN_Transistor,14,,18.2:C,edge:14:terminal:18.2:t2:net:N7,,,,False,ok,12.53,matched_preferred,[],N7,,7,False,CONNECTED_TO,,C,"[682, 276]",terminal:14:18.2:t2,net:14:N7,18.2:t2,
,NPN_Transistor,14,,18.2:E,edge:14:terminal:18.2:t3:net:N5,,,,False,ok,2.0,matched_preferred,[],N5,,5,False,CONNECTED_TO,,E,"[688, 414]",terminal:14:18.2:t3,net:14:N5,18.2:t3,
,Battery,14,,2.1:positive,edge:14:terminal:2.1:t1:net:N5,,,,False,ok,1.0,matched_preferred,[],N5,,5,False,CONNECTED_TO,,positive,"[676, 926]",terminal:14:2.1:t1,net:14:N5,2.1:t1,
,Battery,14,,2.1:negative,edge:14:terminal:2.1:t2:net:N5,,,,False,ok,1.0,matched_preferred,[],N5,,5,False,CONNECTED_TO,,negative,"[723, 926]",terminal:14:2.1:t2,net:14:N5,2.1:t2,
,Polarized_Capacitor,14,,20.4:positive,edge:14:terminal:20.4:t1:net:N8,,,,False,ok,2.0,matched_preferred,[],N8,,8,False,CONNECTED_TO,,positive,"[788, 536]",terminal:14:20.4:t1,net:14:N8,20.4:t1,
,Polarized_Capacitor,14,,20.4:negative,edge:14:terminal:20.4:t2:net:N5,,,,False,ok,0.0,matched_preferred,[],N5,,5,False,CONNECTED_TO,,negative,"[790, 586]",terminal:14:20.4:t2,net:14:N5,20.4:t2,
,Switch,14,,25.1:t1,edge:14:terminal:25.1:t1:net:N5,,,,False,ok,0.0,matched_preferred,[],N5,,5,False,CONNECTED_TO,,,"[770, 926]",terminal:14:25.1:t1,net:14:N5,25.1:t1,
,Switch,14,,25.1:t2,edge:14:terminal:25.1:t2:net:N5,,,,False,ok,0.0,matched_preferred,[],N5,,5,False,CONNECTED_TO,,,"[877, 926]",terminal:14:25.1:t2,net:14:N5,25.1:t2,
,Breaker,14,,3.1:t1,edge:14:terminal:3.1:t1:net:N8,,,,False,ok,38.21,matched_single,"[""no_preferred_net_from_05"", ""matched_without_preferred_label"", ""used_fallback_search""]",N8,,8,False,CONNECTED_TO,,,"[946, 444]",terminal:14:3.1:t1,net:14:N8,3.1:t1,
,Breaker,14,,3.1:t2,edge:14:terminal:3.1:t2:net:N9,,,,False,ok,0.0,matched_preferred,[],N9,,9,False,CONNECTED_TO,,,"[967, 599]",terminal:14:3.1:t2,net:14:N9,3.1:t2,
GND,,2,,,edge:2:diagram_to_component:9.1,,9.1,,,,,,,,,,,HAS_COMPONENT,,,,diagram:2,component:2:9.1,,
Signal_Source,,2,,,edge:2:diagram_to_component:23.1,,23.1,,,,,,,,,,,HAS_COMPONENT,,,,diagram:2,component:2:23.1,,
Meter,,2,,,edge:2:diagram_to_component:15.1,,15.1,,,,,,,,,,,HAS_COMPONENT,,,,diagram:2,component:2:15.1,,
Fuse,,2,,,edge:2:diagram_to_component:8.1,,8.1,,,,,,,,,,,HAS_COMPONENT,,,,diagram:2,component:2:8.1,,
GND,,2,,,edge:2:diagram_to_component:9.2,,9.2,,,,,,,,,,,HAS_COMPONENT,,,,diagram:2,component:2:9.2,,
Transformer,,2,,,edge:2:diagram_to_component:28.1,,28.1,,,,,,,,,,,HAS_COMPONENT,,,,diagram:2,component:2:28.1,,
GND,,2,,,edge:2:diagram_to_component:9.3,,9.3,,,,,,,,,,,HAS_COMPONENT,,,,diagram:2,component:2:9.3,,
Diode,,2,,,edge:2:diagram_to_component:7.1,,7.1,,,,,,,,,,,HAS_COMPONENT,,,,diagram:2,component:2:7.1,,
GND,,2,,,edge:2:diagram_to_component:9.4,,9.4,,,,,,,,,,,HAS_COMPONENT,,,,diagram:2,component:2:9.4,,
Meter,,2,,,edge:2:diagram_to_component:15.2,,15.2,,,,,,,,,,,HAS_COMPONENT,,,,diagram:2,component:2:15.2,,
GND,,2,,,edge:2:diagram_to_component:9.5,,9.5,,,,,,,,,,,HAS_COMPONENT,,,,diagram:2,component:2:9.5,,
Capacitor,,2,,,edge:2:diagram_to_component:4.1,,4.1,,,,,,,,,,,HAS_COMPONENT,,,,diagram:2,component:2:4.1,,
GND,,2,,,edge:2:diagram_to_component:9.6,,9.6,,,,,,,,,,,HAS_COMPONENT,,,,diagram:2,component:2:9.6,,
Diode,,2,,,edge:2:diagram_to_component:7.2,,7.2,,,,,,,,,,,HAS_COMPONENT,,,,diagram:2,component:2:7.2,,
Resistor,,2,,,edge:2:diagram_to_component:22.1,,22.1,,,,,,,,,,,HAS_COMPONENT,,,,diagram:2,component:2:22.1,,
GND,,2,,,edge:2:diagram_to_component:9.7,,9.7,,,,,,,,,,,HAS_COMPONENT,,,,diagram:2,component:2:9.7,,
LED,,2,,,edge:2:diagram_to_component:12.1,,12.1,,,,,,,,,,,HAS_COMPONENT,,,,diagram:2,component:2:12.1,,
Lamp,,2,,,edge:2:diagram_to_component:13.1,,13.1,,,,,,,,,,,HAS_COMPONENT,,,,diagram:2,component:2:13.1,,
Meter,,2,,,edge:2:diagram_to_component:15.3,,15.3,,,,,,,,,,,HAS_COMPONENT,,,,diagram:2,component:2:15.3,,
GND,,2,,,edge:2:diagram_to_component:9.8,,9.8,,,,,,,,,,,HAS_COMPONENT,,,,diagram:2,component:2:9.8,,
,,2,,,edge:2:diagram_to_net:N1,,,False,,,,,,N1,,1,,HAS_NET,,,,diagram:2,net:2:N1,,
,,2,,,edge:2:diagram_to_net:N2,,,False,,,,,,N2,,2,,HAS_NET,,,,diagram:2,net:2:N2,,
,,2,,,edge:2:diagram_to_net:N3,,,False,,,,,,N3,,3,,HAS_NET,,,,diagram:2,net:2:N3,,
,,2,,,edge:2:diagram_to_net:N4,,,False,,,,,,N4,,4,,HAS_NET,,,,diagram:2,net:2:N4,,
,,2,,,edge:2:diagram_to_net:N5,,,False,,,,,,N5,,5,,HAS_NET,,,,diagram:2,net:2:N5,,
,,2,,,edge:2:diagram_to_net:N6,,,False,,,,,,N6,,6,,HAS_NET,,,,diagram:2,net:2:N6,,
,,2,,,edge:2:diagram_to_net:N7,,,False,,,,,,N7,,7,,HAS_NET,,,,diagram:2,net:2:N7,,
,,2,,,edge:2:diagram_to_net:N8,,,False,,,,,,N8,,8,,HAS_NET,,,,diagram:2,net:2:N8,,
,,2,,,edge:2:diagram_to_net:N9,,,False,,,,,,N9,,9,,HAS_NET,,,,diagram:2,net:2:N9,,
,,2,,,edge:2:diagram_to_net:N10,,,False,,,,,,N10,,10,,HAS_NET,,,,diagram:2,net:2:N10,,
,,2,,,edge:2:diagram_to_net:N11,,,False,,,,,,N11,,11,,HAS_NET,,,,diagram:2,net:2:N11,,
,,2,,,edge:2:diagram_to_net:N12,,,False,,,,,,N12,,12,,HAS_NET,,,,diagram:2,net:2:N12,,
,,2,,,edge:2:diagram_to_net:N13,,,False,,,,,,N13,,13,,HAS_NET,,,,diagram:2,net:2:N13,,
,,2,t1,9.1:t1,edge:2:component:9.1:terminal:9.1:t1,,9.1,,,,,,,,,,,HAS_TERMINAL,top,,,component:2:9.1,terminal:2:9.1:t1,9.1:t1,t1
,,2,t1,23.1:t1,edge:2:component:23.1:terminal:23.1:t1,,23.1,,,,,,,,,,,HAS_TERMINAL,top,,,component:2:23.1,terminal:2:23.1:t1,23.1:t1,t1
,,2,t2,23.1:t2,edge:2:component:23.1:terminal:23.1:t2,,23.1,,,,,,,,,,,HAS_TERMINAL,bottom,,,component:2:23.1,terminal:2:23.1:t2,23.1:t2,t2
,,2,t1,15.1:t1,edge:2:component:15.1:terminal:15.1:t1,,15.1,,,,,,,,,,,HAS_TERMINAL,top,,,component:2:15.1,terminal:2:15.1:t1,15.1:t1,t1
,,2,t2,15.1:t2,edge:2:component:15.1:terminal:15.1:t2,,15.1,,,,,,,,,,,HAS_TERMINAL,bottom,,,component:2:15.1,terminal:2:15.1:t2,15.1:t2,t2
,,2,t1,8.1:t1,edge:2:component:8.1:terminal:8.1:t1,,8.1,,,,,,,,,,,HAS_TERMINAL,left,,,component:2:8.1,terminal:2:8.1:t1,8.1:t1,t1
,,2,t2,8.1:t2,edge:2:component:8.1:terminal:8.1:t2,,8.1,,,,,,,,,,,HAS_TERMINAL,right,,,component:2:8.1,terminal:2:8.1:t2,8.1:t2,t2
,,2,t1,9.2:t1,edge:2:component:9.2:terminal:9.2:t1,,9.2,,,,,,,,,,,HAS_TERMINAL,top,,,component:2:9.2,terminal:2:9.2:t1,9.2:t1,t1
,,2,t1,28.1:t1,edge:2:component:28.1:terminal:28.1:t1,,28.1,,,,,,,,,,,HAS_TERMINAL,top,,,component:2:28.1,terminal:2:28.1:t1,28.1:t1,t1
,,2,t2,28.1:t2,edge:2:component:28.1:terminal:28.1:t2,,28.1,,,,,,,,,,,HAS_TERMINAL,right,,,component:2:28.1,terminal:2:28.1:t2,28.1:t2,t2
,,2,t3,28.1:t3,edge:2:component:28.1:terminal:28.1:t3,,28.1,,,,,,,,,,,HAS_TERMINAL,bottom,,,component:2:28.1,terminal:2:28.1:t3,28.1:t3,t3
,,2,t4,28.1:t4,edge:2:component:28.1:terminal:28.1:t4,,28.1,,,,,,,,,,,HAS_TERMINAL,bottom,,,component:2:28.1,terminal:2:28.1:t4,28.1:t4,t4
,,2,t1,9.3:t1,edge:2:component:9.3:terminal:9.3:t1,,9.3,,,,,,,,,,,HAS_TERMINAL,top,,,component:2:9.3,terminal:2:9.3:t1,9.3:t1,t1
,,2,anode,7.1:anode,edge:2:component:7.1:terminal:7.1:t1,,7.1,,,,,,,,,,,HAS_TERMINAL,left,anode,,component:2:7.1,terminal:2:7.1:t1,7.1:t1,t1
,,2,cathode,7.1:cathode,edge:2:component:7.1:terminal:7.1:t2,,7.1,,,,,,,,,,,HAS_TERMINAL,right,cathode,,component:2:7.1,terminal:2:7.1:t2,7.1:t2,t2
,,2,t1,9.4:t1,edge:2:component:9.4:terminal:9.4:t1,,9.4,,,,,,,,,,,HAS_TERMINAL,top,,,component:2:9.4,terminal:2:9.4:t1,9.4:t1,t1
,,2,t1,15.2:t1,edge:2:component:15.2:terminal:15.2:t1,,15.2,,,,,,,,,,,HAS_TERMINAL,top,,,component:2:15.2,terminal:2:15.2:t1,15.2:t1,t1
,,2,t2,15.2:t2,edge:2:component:15.2:terminal:15.2:t2,,15.2,,,,,,,,,,,HAS_TERMINAL,bottom,,,component:2:15.2,terminal:2:15.2:t2,15.2:t2,t2
,,2,t1,9.5:t1,edge:2:component:9.5:terminal:9.5:t1,,9.5,,,,,,,,,,,HAS_TERMINAL,top,,,component:2:9.5,terminal:2:9.5:t1,9.5:t1,t1
,,2,t1,4.1:t1,edge:2:component:4.1:terminal:4.1:t1,,4.1,,,,,,,,,,,HAS_TERMINAL,top,,,component:2:4.1,terminal:2:4.1:t1,4.1:t1,t1
,,2,t2,4.1:t2,edge:2:component:4.1:terminal:4.1:t2,,4.1,,,,,,,,,,,HAS_TERMINAL,bottom,,,component:2:4.1,terminal:2:4.1:t2,4.1:t2,t2
,,2,t1,9.6:t1,edge:2:component:9.6:terminal:9.6:t1,,9.6,,,,,,,,,,,HAS_TERMINAL,top,,,component:2:9.6,terminal:2:9.6:t1,9.6:t1,t1
,,2,anode,7.2:anode,edge:2:component:7.2:terminal:7.2:t1,,7.2,,,,,,,,,,,HAS_TERMINAL,top,anode,,component:2:7.2,terminal:2:7.2:t1,7.2:t1,t1
,,2,cathode,7.2:cathode,edge:2:component:7.2:terminal:7.2:t2,,7.2,,,,,,,,,,,HAS_TERMINAL,bottom,cathode,,component:2:7.2,terminal:2:7.2:t2,7.2:t2,t2
,,2,t1,22.1:t1,edge:2:component:22.1:terminal:22.1:t1,,22.1,,,,,,,,,,,HAS_TERMINAL,top,,,component:2:22.1,terminal:2:22.1:t1,22.1:t1,t1
,,2,t2,22.1:t2,edge:2:component:22.1:terminal:22.1:t2,,22.1,,,,,,,,,,,HAS_TERMINAL,bottom,,,component:2:22.1,terminal:2:22.1:t2,22.1:t2,t2
,,2,t1,9.7:t1,edge:2:component:9.7:terminal:9.7:t1,,9.7,,,,,,,,,,,HAS_TERMINAL,top,,,component:2:9.7,terminal:2:9.7:t1,9.7:t1,t1
,,2,anode,12.1:anode,edge:2:component:12.1:terminal:12.1:t1,,12.1,,,,,,,,,,,HAS_TERMINAL,top,anode,,component:2:12.1,terminal:2:12.1:t1,12.1:t1,t1
,,2,cathode,12.1:cathode,edge:2:component:12.1:terminal:12.1:t2,,12.1,,,,,,,,,,,HAS_TERMINAL,bottom,cathode,,component:2:12.1,terminal:2:12.1:t2,12.1:t2,t2
,,2,t1,13.1:t1,edge:2:component:13.1:terminal:13.1:t1,,13.1,,,,,,,,,,,HAS_TERMINAL,top,,,component:2:13.1,terminal:2:13.1:t1,13.1:t1,t1
,,2,t2,13.1:t2,edge:2:component:13.1:terminal:13.1:t2,,13.1,,,,,,,,,,,HAS_TERMINAL,bottom,,,component:2:13.1,terminal:2:13.1:t2,13.1:t2,t2
,,2,t1,15.3:t1,edge:2:component:15.3:terminal:15.3:t1,,15.3,,,,,,,,,,,HAS_TERMINAL,top,,,component:2:15.3,terminal:2:15.3:t1,15.3:t1,t1
,,2,t2,15.3:t2,edge:2:component:15.3:terminal:15.3:t2,,15.3,,,,,,,,,,,HAS_TERMINAL,bottom,,,component:2:15.3,terminal:2:15.3:t2,15.3:t2,t2
,,2,t1,9.8:t1,edge:2:component:9.8:terminal:9.8:t1,,9.8,,,,,,,,,,,HAS_TERMINAL,top,,,component:2:9.8,terminal:2:9.8:t1,9.8:t1,t1
,GND,2,,9.1:t1,edge:2:terminal:9.1:t1:net:N1,,,,False,ok,1.0,matched_preferred,[],N1,,1,False,CONNECTED_TO,,,"[101, 552]",terminal:2:9.1:t1,net:2:N1,9.1:t1,
,Signal_Source,2,,23.1:t1,edge:2:terminal:23.1:t1:net:N2,,,,False,ok,2.0,matched_preferred,[],N2,,2,False,CONNECTED_TO,,,"[101, 213]",terminal:2:23.1:t1,net:2:N2,23.1:t1,
,Signal_Source,2,,23.1:t2,edge:2:terminal:23.1:t2:net:N1,,,,False,ok,2.0,matched_preferred,[],N1,,1,False,CONNECTED_TO,,,"[101, 383]",terminal:2:23.1:t2,net:2:N1,23.1:t2,
,Meter,2,,15.1:t1,edge:2:terminal:15.1:t1:net:N2,,,,False,ok,3.0,matched_preferred,[],N2,,2,False,CONNECTED_TO,,,"[101, 214]",terminal:2:15.1:t1,net:2:N2,15.1:t1,
,Meter,2,,15.1:t2,edge:2:terminal:15.1:t2:net:N1,,,,False,ok,3.0,matched_preferred,[],N1,,1,False,CONNECTED_TO,,,"[101, 383]",terminal:2:15.1:t2,net:2:N1,15.1:t2,
,Fuse,2,,8.1:t1,edge:2:terminal:8.1:t1:net:N2,,,,False,ok,3.0,matched_preferred,[],N2,,2,False,CONNECTED_TO,,,"[160, 133]",terminal:2:8.1:t1,net:2:N2,8.1:t1,
,Fuse,2,,8.1:t2,edge:2:terminal:8.1:t2:net:N3,,,,False,ok,3.0,matched_preferred,[],N3,,3,False,CONNECTED_TO,,,"[264, 133]",terminal:2:8.1:t2,net:2:N3,8.1:t2,
,GND,2,,9.2:t1,edge:2:terminal:9.2:t1:net:N4,,,,False,ok,0.0,matched_preferred,[],N4,,4,False,CONNECTED_TO,,,"[361, 564]",terminal:2:9.2:t1,net:2:N4,9.2:t1,
,Transformer,2,,28.1:t1,edge:2:terminal:28.1:t1:net:N3,,,,False,ok,5.385,matched_preferred,[],N3,,3,False,CONNECTED_TO,,,"[348, 198]",terminal:2:28.1:t1,net:2:N3,28.1:t1,
,Transformer,2,,28.1:t2,edge:2:terminal:28.1:t2:net:N8,,,,False,ok,0.0,matched_preferred,[],N8,,8,False,CONNECTED_TO,,,"[425, 220]",terminal:2:28.1:t2,net:2:N8,28.1:t2,
,Transformer,2,,28.1:t3,edge:2:terminal:28.1:t3:net:N4,,,,False,ok,0.0,matched_preferred,[],N4,,4,False,CONNECTED_TO,,,"[361, 476]",terminal:2:28.1:t3,net:2:N4,28.1:t3,
,Transformer,2,,28.1:t4,edge:2:terminal:28.1:t4:net:N5,,,,False,ok,0.0,matched_preferred,[],N5,,5,False,CONNECTED_TO,,,"[410, 476]",terminal:2:28.1:t4,net:2:N5,28.1:t4,
,GND,2,,9.3:t1,edge:2:terminal:9.3:t1:net:N5,,,,False,ok,1.0,matched_preferred,[],N5,,5,False,CONNECTED_TO,,,"[410, 565]",terminal:2:9.3:t1,net:2:N5,9.3:t1,
,Diode,2,,7.1:anode,edge:2:terminal:7.1:t1:net:N8,,,,False,ok,2.0,matched_preferred,[],N8,,8,False,CONNECTED_TO,,anode,"[482, 220]",terminal:2:7.1:t1,net:2:N8,7.1:t1,
,Diode,2,,7.1:cathode,edge:2:terminal:7.1:t2:net:N8,,,,False,ok,2.0,matched_preferred,[],N8,,8,False,CONNECTED_TO,,cathode,"[531, 220]",terminal:2:7.1:t2,net:2:N8,7.1:t2,
,GND,2,,9.4:t1,edge:2:terminal:9.4:t1:net:N6,,,,False,ok,0.0,matched_preferred,[],N6,,6,False,CONNECTED_TO,,,"[613, 582]",terminal:2:9.4:t1,net:2:N6,9.4:t1,
,Meter,2,,15.2:t1,edge:2:terminal:15.2:t1:net:N8,,,,False,ok,1.0,matched_preferred,[],N8,,8,False,CONNECTED_TO,,,"[613, 298]",terminal:2:15.2:t1,net:2:N8,15.2:t1,
,Meter,2,,15.2:t2,edge:2:terminal:15.2:t2:net:N6,,,,False,ok,1.0,matched_preferred,[],N6,,6,False,CONNECTED_TO,,,"[613, 468]",terminal:2:15.2:t2,net:2:N6,15.2:t2,
,GND,2,,9.5:t1,edge:2:terminal:9.5:t1:net:N7,,,,False,ok,1.0,matched_preferred,[],N7,,7,False,CONNECTED_TO,,,"[672, 581]",terminal:2:9.5:t1,net:2:N7,9.5:t1,
,Capacitor,2,,4.1:t1,edge:2:terminal:4.1:t1:net:N8,,,,False,ok,1.0,matched_preferred,[],N8,,8,False,CONNECTED_TO,,,"[672, 330]",terminal:2:4.1:t1,net:2:N8,4.1:t1,
,Capacitor,2,,4.1:t2,edge:2:terminal:4.1:t2:net:N7,,,,False,ok,1.0,matched_preferred,[],N7,,7,False,CONNECTED_TO,,,"[672, 442]",terminal:2:4.1:t2,net:2:N7,4.1:t2,
,GND,2,,9.6:t1,edge:2:terminal:9.6:t1:net:N9,,,,False,ok,0.0,matched_preferred,[],N9,,9,False,CONNECTED_TO,,,"[762, 583]",terminal:2:9.6:t1,net:2:N9,9.6:t1,
,Diode,2,,7.2:anode,edge:2:terminal:7.2:t1:net:N8,,,,False,ok,1.0,matched_preferred,[],N8,,8,False,CONNECTED_TO,,anode,"[762, 326]",terminal:2:7.2:t1,net:2:N8,7.2:t1,
,Diode,2,,7.2:cathode,edge:2:terminal:7.2:t2:net:N9,,,,False,ok,1.0,matched_preferred,[],N9,,9,False,CONNECTED_TO,,cathode,"[762, 451]",terminal:2:7.2:t2,net:2:N9,7.2:t2,
,Resistor,2,,22.1:t1,edge:2:terminal:22.1:t1:net:N8,,,,False,ok,1.0,matched_preferred,[],N8,,8,False,CONNECTED_TO,,,"[832, 291]",terminal:2:22.1:t1,net:2:N8,22.1:t1,
,Resistor,2,,22.1:t2,edge:2:terminal:22.1:t2:net:N10,,,,False,ok,1.0,matched_preferred,[],N10,,10,False,CONNECTED_TO,,,"[832, 496]",terminal:2:22.1:t2,net:2:N10,22.1:t2,
,GND,2,,9.7:t1,edge:2:terminal:9.7:t1:net:N11,,,,False,ok,0.0,matched_preferred,[],N11,,11,False,CONNECTED_TO,,,"[832, 909]",terminal:2:9.7:t1,net:2:N11,9.7:t1,
,LED,2,,12.1:anode,edge:2:terminal:12.1:t1:net:N10,,,,False,ok,0.0,matched_preferred,[],N10,,10,False,CONNECTED_TO,,anode,"[832, 642]",terminal:2:12.1:t1,net:2:N10,12.1:t1,
,LED,2,,12.1:cathode,edge:2:terminal:12.1:t2:net:N11,,,,False,ok,0.0,matched_preferred,[],N11,,11,False,CONNECTED_TO,,cathode,"[832, 785]",terminal:2:12.1:t2,net:2:N11,12.1:t2,
,Lamp,2,,13.1:t1,edge:2:terminal:13.1:t1:net:N8,,,,False,ok,0.0,matched_preferred,[],N8,,8,False,CONNECTED_TO,,,"[931, 295]",terminal:2:13.1:t1,net:2:N8,13.1:t1,
,Lamp,2,,13.1:t2,edge:2:terminal:13.1:t2:net:N13,,,,False,ok,0.0,matched_preferred,[],N13,,13,False,CONNECTED_TO,,,"[931, 472]",terminal:2:13.1:t2,net:2:N13,13.1:t2,
,Meter,2,,15.3:t1,edge:2:terminal:15.3:t1:net:N13,,,,False,ok,0.0,matched_preferred,[],N13,,13,False,CONNECTED_TO,,,"[931, 624]",terminal:2:15.3:t1,net:2:N13,15.3:t1,
,Meter,2,,15.3:t2,edge:2:terminal:15.3:t2:net:N12,,,,False,ok,0.0,matched_preferred,[],N12,,12,False,CONNECTED_TO,,,"[931, 795]",terminal:2:15.3:t2,net:2:N12,15.3:t2,
,GND,2,,9.8:t1,edge:2:terminal:9.8:t1:net:N12,,,,False,ok,1.0,matched_preferred,[],N12,,12,False,CONNECTED_TO,,,"[931, 949]",terminal:2:9.8:t1,net:2:N12,9.8:t1,
Battery,,3,,,edge:3:diagram_to_component:2.1,,2.1,,,,,,,,,,,HAS_COMPONENT,,,,diagram:3,component:3:2.1,,
Fuse,,3,,,edge:3:diagram_to_component:8.1,,8.1,,,,,,,,,,,HAS_COMPONENT,,,,diagram:3,component:3:8.1,,
Variable_Resistor,,3,,,edge:3:diagram_to_component:30.1,,30.1,,,,,,,,,,,HAS_COMPONENT,,,,diagram:3,component:3:30.1,,
LED,,3,,,edge:3:diagram_to_component:12.1,,12.1,,,,,,,,,,,HAS_COMPONENT,,,,diagram:3,component:3:12.1,,
Switch,,3,,,edge:3:diagram_to_component:25.1,,25.1,,,,,,,,,,,HAS_COMPONENT,,,,diagram:3,component:3:25.1,,
Diode,,3,,,edge:3:diagram_to_component:7.1,,7.1,,,,,,,,,,,HAS_COMPONENT,,,,diagram:3,component:3:7.1,,
Trim_Capacitor,,3,,,edge:3:diagram_to_component:29.1,,29.1,,,,,,,,,,,HAS_COMPONENT,,,,diagram:3,component:3:29.1,,
Signal_Source,,3,,,edge:3:diagram_to_component:23.1,,23.1,,,,,,,,,,,HAS_COMPONENT,,,,diagram:3,component:3:23.1,,
Analog_Meter,,3,,,edge:3:diagram_to_component:0.1,,0.1,,,,,,,,,,,HAS_COMPONENT,,,,diagram:3,component:3:0.1,,
Variable_Resistor,,3,,,edge:3:diagram_to_component:30.2,,30.2,,,,,,,,,,,HAS_COMPONENT,,,,diagram:3,component:3:30.2,,
GND,,3,,,edge:3:diagram_to_component:9.1,,9.1,,,,,,,,,,,HAS_COMPONENT,,,,diagram:3,component:3:9.1,,
Lamp,,3,,,edge:3:diagram_to_component:13.1,,13.1,,,,,,,,,,,HAS_COMPONENT,,,,diagram:3,component:3:13.1,,
,,3,,,edge:3:diagram_to_net:N1,,,False,,,,,,N1,,1,,HAS_NET,,,,diagram:3,net:3:N1,,
,,3,,,edge:3:diagram_to_net:N2,,,False,,,,,,N2,,2,,HAS_NET,,,,diagram:3,net:3:N2,,
,,3,,,edge:3:diagram_to_net:N3,,,False,,,,,,N3,,3,,HAS_NET,,,,diagram:3,net:3:N3,,
,,3,,,edge:3:diagram_to_net:N4,,,False,,,,,,N4,,4,,HAS_NET,,,,diagram:3,net:3:N4,,
,,3,,,edge:3:diagram_to_net:N5,,,False,,,,,,N5,,5,,HAS_NET,,,,diagram:3,net:3:N5,,
,,3,,,edge:3:diagram_to_net:N6,,,False,,,,,,N6,,6,,HAS_NET,,,,diagram:3,net:3:N6,,
,,3,,,edge:3:diagram_to_net:N7,,,False,,,,,,N7,,7,,HAS_NET,,,,diagram:3,net:3:N7,,
,,3,,,edge:3:diagram_to_net:N8,,,False,,,,,,N8,,8,,HAS_NET,,,,diagram:3,net:3:N8,,
,,3,,,edge:3:diagram_to_net:N9,,,False,,,,,,N9,,9,,HAS_NET,,,,diagram:3,net:3:N9,,
,,3,,,edge:3:diagram_to_net:N10,,,False,,,,,,N10,,10,,HAS_NET,,,,diagram:3,net:3:N10,,
,,3,,,edge:3:diagram_to_net:N11,,,False,,,,,,N11,,11,,HAS_NET,,,,diagram:3,net:3:N11,,
,,3,positive,2.1:positive,edge:3:component:2.1:terminal:2.1:t1,,2.1,,,,,,,,,,,HAS_TERMINAL,top,positive,,component:3:2.1,terminal:3:2.1:t1,2.1:t1,t1
,,3,negative,2.1:negative,edge:3:component:2.1:terminal:2.1:t2,,2.1,,,,,,,,,,,HAS_TERMINAL,bottom,negative,,component:3:2.1,terminal:3:2.1:t2,2.1:t2,t2
,,3,t1,8.1:t1,edge:3:component:8.1:terminal:8.1:t1,,8.1,,,,,,,,,,,HAS_TERMINAL,left,,,component:3:8.1,terminal:3:8.1:t1,8.1:t1,t1
,,3,t2,8.1:t2,edge:3:component:8.1:terminal:8.1:t2,,8.1,,,,,,,,,,,HAS_TERMINAL,right,,,component:3:8.1,terminal:3:8.1:t2,8.1:t2,t2
,,3,t1,30.1:t1,edge:3:component:30.1:terminal:30.1:t1,,30.1,,,,,,,,,,,HAS_TERMINAL,top,,,component:3:30.1,terminal:3:30.1:t1,30.1:t1,t1
,,3,t2,30.1:t2,edge:3:component:30.1:terminal:30.1:t2,,30.1,,,,,,,,,,,HAS_TERMINAL,bottom,,,component:3:30.1,terminal:3:30.1:t2,30.1:t2,t2
,,3,anode,12.1:anode,edge:3:component:12.1:terminal:12.1:t1,,12.1,,,,,,,,,,,HAS_TERMINAL,top,anode,,component:3:12.1,terminal:3:12.1:t1,12.1:t1,t1
,,3,cathode,12.1:cathode,edge:3:component:12.1:terminal:12.1:t2,,12.1,,,,,,,,,,,HAS_TERMINAL,bottom,cathode,,component:3:12.1,terminal:3:12.1:t2,12.1:t2,t2
,,3,t1,25.1:t1,edge:3:component:25.1:terminal:25.1:t1,,25.1,,,,,,,,,,,HAS_TERMINAL,left,,,component:3:25.1,terminal:3:25.1:t1,25.1:t1,t1
,,3,t2,25.1:t2,edge:3:component:25.1:terminal:25.1:t2,,25.1,,,,,,,,,,,HAS_TERMINAL,right,,,component:3:25.1,terminal:3:25.1:t2,25.1:t2,t2
,,3,anode,7.1:anode,edge:3:component:7.1:terminal:7.1:t1,,7.1,,,,,,,,,,,HAS_TERMINAL,top,anode,,component:3:7.1,terminal:3:7.1:t1,7.1:t1,t1
,,3,cathode,7.1:cathode,edge:3:component:7.1:terminal:7.1:t2,,7.1,,,,,,,,,,,HAS_TERMINAL,bottom,cathode,,component:3:7.1,terminal:3:7.1:t2,7.1:t2,t2
,,3,t1,29.1:t1,edge:3:component:29.1:terminal:29.1:t1,,29.1,,,,,,,,,,,HAS_TERMINAL,top,,,component:3:29.1,terminal:3:29.1:t1,29.1:t1,t1
,,3,t2,29.1:t2,edge:3:component:29.1:terminal:29.1:t2,,29.1,,,,,,,,,,,HAS_TERMINAL,bottom,,,component:3:29.1,terminal:3:29.1:t2,29.1:t2,t2
,,3,t1,23.1:t1,edge:3:component:23.1:terminal:23.1:t1,,23.1,,,,,,,,,,,HAS_TERMINAL,left,,,component:3:23.1,terminal:3:23.1:t1,23.1:t1,t1
,,3,t2,23.1:t2,edge:3:component:23.1:terminal:23.1:t2,,23.1,,,,,,,,,,,HAS_TERMINAL,right,,,component:3:23.1,terminal:3:23.1:t2,23.1:t2,t2
,,3,t1,0.1:t1,edge:3:component:0.1:terminal:0.1:t1,,0.1,,,,,,,,,,,HAS_TERMINAL,left,,,component:3:0.1,terminal:3:0.1:t1,0.1:t1,t1
,,3,t2,0.1:t2,edge:3:component:0.1:terminal:0.1:t2,,0.1,,,,,,,,,,,HAS_TERMINAL,right,,,component:3:0.1,terminal:3:0.1:t2,0.1:t2,t2
,,3,t1,30.2:t1,edge:3:component:30.2:terminal:30.2:t1,,30.2,,,,,,,,,,,HAS_TERMINAL,top,,,component:3:30.2,terminal:3:30.2:t1,30.2:t1,t1
,,3,t2,30.2:t2,edge:3:component:30.2:terminal:30.2:t2,,30.2,,,,,,,,,,,HAS_TERMINAL,bottom,,,component:3:30.2,terminal:3:30.2:t2,30.2:t2,t2
,,3,t1,9.1:t1,edge:3:component:9.1:terminal:9.1:t1,,9.1,,,,,,,,,,,HAS_TERMINAL,right,,,component:3:9.1,terminal:3:9.1:t1,9.1:t1,t1
,,3,t1,13.1:t1,edge:3:component:13.1:terminal:13.1:t1,,13.1,,,,,,,,,,,HAS_TERMINAL,left,,,component:3:13.1,terminal:3:13.1:t1,13.1:t1,t1
,,3,t2,13.1:t2,edge:3:component:13.1:terminal:13.1:t2,,13.1,,,,,,,,,,,HAS_TERMINAL,right,,,component:3:13.1,terminal:3:13.1:t2,13.1:t2,t2
,Battery,3,,2.1:positive,edge:3:terminal:2.1:t1:net:N1,,,,False,ok,3.0,matched_preferred,[],N1,,1,False,CONNECTED_TO,,positive,"[113, 176]",terminal:3:2.1:t1,net:3:N1,2.1:t1,
,Battery,3,,2.1:negative,edge:3:terminal:2.1:t2:net:N3,,,,False,ok,3.0,matched_preferred,[],N3,,3,False,CONNECTED_TO,,negative,"[113, 289]",terminal:3:2.1:t2,net:3:N3,2.1:t2,
,Fuse,3,,8.1:t1,edge:3:terminal:8.1:t1:net:N1,,,,False,ok,1.0,matched_preferred,[],N1,,1,False,CONNECTED_TO,,,"[211, 99]",terminal:3:8.1:t1,net:3:N1,8.1:t1,
,Fuse,3,,8.1:t2,edge:3:terminal:8.1:t2:net:N2,,,,False,ok,1.0,matched_preferred,[],N2,,2,False,CONNECTED_TO,,,"[303, 99]",terminal:3:8.1:t2,net:3:N2,8.1:t2,
,Variable_Resistor,3,,30.1:t1,edge:3:terminal:30.1:t1:net:N2,,,,False,ok,0.0,matched_preferred,[],N2,,2,False,CONNECTED_TO,,,"[380, 164]",terminal:3:30.1:t1,net:3:N2,30.1:t1,
,Variable_Resistor,3,,30.1:t2,edge:3:terminal:30.1:t2:net:N5,,,,False,ok,0.0,matched_preferred,[],N5,,5,False,CONNECTED_TO,,,"[380, 304]",terminal:3:30.1:t2,net:3:N5,30.1:t2,
,LED,3,,12.1:anode,edge:3:terminal:12.1:t1:net:N5,,,,False,ok,1.0,matched_preferred,[],N5,,5,False,CONNECTED_TO,,anode,"[380, 432]",terminal:3:12.1:t1,net:3:N5,12.1:t1,
,LED,3,,12.1:cathode,edge:3:terminal:12.1:t2:net:N4,,,,False,ok,1.0,matched_preferred,[],N4,,4,False,CONNECTED_TO,,cathode,"[380, 548]",terminal:3:12.1:t2,net:3:N4,12.1:t2,
,Switch,3,,25.1:t1,edge:3:terminal:25.1:t1:net:N2,,,,False,ok,0.0,matched_preferred,[],N2,,2,False,CONNECTED_TO,,,"[408, 99]",terminal:3:25.1:t1,net:3:N2,25.1:t1,
,Switch,3,,25.1:t2,edge:3:terminal:25.1:t2:net:N6,,,,False,ok,0.0,matched_preferred,[],N6,,6,False,CONNECTED_TO,,,"[502, 99]",terminal:3:25.1:t2,net:3:N6,25.1:t2,
,Diode,3,,7.1:anode,edge:3:terminal:7.1:t1:net:N8,,,,False,ok,1.0,matched_preferred,[],N8,,8,False,CONNECTED_TO,,anode,"[564, 454]",terminal:3:7.1:t1,net:3:N8,7.1:t1,
,Diode,3,,7.1:cathode,edge:3:terminal:7.1:t2:net:N7,,,,False,ok,1.0,matched_preferred,[],N7,,7,False,CONNECTED_TO,,cathode,"[564, 533]",terminal:3:7.1:t2,net:3:N7,7.1:t2,
,Trim_Capacitor,3,,29.1:t1,edge:3:terminal:29.1:t1:net:N6,,,,False,ok,5.0,matched_preferred,[],N6,,6,False,CONNECTED_TO,,,"[564, 177]",terminal:3:29.1:t1,net:3:N6,29.1:t1,
,Trim_Capacitor,3,,29.1:t2,edge:3:terminal:29.1:t2:net:N8,,,,False,ok,5.0,matched_preferred,[],N8,,8,False,CONNECTED_TO,,,"[564, 292]",terminal:3:29.1:t2,net:3:N8,29.1:t2,
,Signal_Source,3,,23.1:t1,edge:3:terminal:23.1:t1:net:N6,,,,False,ok,1.0,matched_preferred,[],N6,,6,False,CONNECTED_TO,,,"[616, 99]",terminal:3:23.1:t1,net:3:N6,23.1:t1,
,Signal_Source,3,,23.1:t2,edge:3:terminal:23.1:t2:net:N10,,,,False,ok,1.0,matched_preferred,[],N10,,10,False,CONNECTED_TO,,,"[687, 99]",terminal:3:23.1:t2,net:3:N10,23.1:t2,
,Analog_Meter,3,,0.1:t1,edge:3:terminal:0.1:t1:net:N3,,,,False,ok,38.079,matched_nearest,"[""no_preferred_net_from_05"", ""matched_without_preferred_label"", ""used_fallback_search""]",N3,,3,False,CONNECTED_TO,,,"[612, 662]",terminal:3:0.1:t1,net:3:N3,0.1:t1,
,Analog_Meter,3,,0.1:t2,edge:3:terminal:0.1:t2:net:N9,,,,False,ok,3.162,matched_preferred,[],N9,,9,False,CONNECTED_TO,,,"[687, 662]",terminal:3:0.1:t2,net:3:N9,0.1:t2,
,Variable_Resistor,3,,30.2:t1,edge:3:terminal:30.2:t1:net:N10,,,,False,ok,0.0,matched_preferred,[],N10,,10,False,CONNECTED_TO,,,"[752, 164]",terminal:3:30.2:t1,net:3:N10,30.2:t1,
,Variable_Resistor,3,,30.2:t2,edge:3:terminal:30.2:t2:net:N11,,,,False,ok,0.0,matched_preferred,[],N11,,11,False,CONNECTED_TO,,,"[752, 310]",terminal:3:30.2:t2,net:3:N11,30.2:t2,
,GND,3,,9.1:t1,edge:3:terminal:9.1:t1:net:N11,,,,False,ok,1.0,matched_preferred,[],N11,,11,False,CONNECTED_TO,,,"[866, 983]",terminal:3:9.1:t1,net:3:N11,9.1:t1,
,Lamp,3,,13.1:t1,edge:3:terminal:13.1:t1:net:N10,,,,False,ok,0.0,matched_preferred,[],N10,,10,False,CONNECTED_TO,,,"[910, 99]",terminal:3:13.1:t1,net:3:N10,13.1:t1,
,Lamp,3,,13.1:t2,edge:3:terminal:13.1:t2:net:N11,,,,False,ok,1.0,matched_preferred,[],N11,,11,False,CONNECTED_TO,,,"[983, 100]",terminal:3:13.1:t2,net:3:N11,13.1:t2,
Battery,,4,,,edge:4:diagram_to_component:2.1,,2.1,,,,,,,,,,,HAS_COMPONENT,,,,diagram:4,component:4:2.1,,
Fuse,,4,,,edge:4:diagram_to_component:8.1,,8.1,,,,,,,,,,,HAS_COMPONENT,,,,diagram:4,component:4:8.1,,
Trim_Capacitor,,4,,,edge:4:diagram_to_component:29.1,,29.1,,,,,,,,,,,HAS_COMPONENT,,,,diagram:4,component:4:29.1,,
LED,,4,,,edge:4:diagram_to_component:12.1,,12.1,,,,,,,,,,,HAS_COMPONENT,,,,diagram:4,component:4:12.1,,
Signal_Source,,4,,,edge:4:diagram_to_component:23.1,,23.1,,,,,,,,,,,HAS_COMPONENT,,,,diagram:4,component:4:23.1,,
Variable_Resistor,,4,,,edge:4:diagram_to_component:30.1,,30.1,,,,,,,,,,,HAS_COMPONENT,,,,diagram:4,component:4:30.1,,
Variable_Resistor,,4,,,edge:4:diagram_to_component:30.2,,30.2,,,,,,,,,,,HAS_COMPONENT,,,,diagram:4,component:4:30.2,,
Switch,,4,,,edge:4:diagram_to_component:25.1,,25.1,,,,,,,,,,,HAS_COMPONENT,,,,diagram:4,component:4:25.1,,
Diode,,4,,,edge:4:diagram_to_component:7.1,,7.1,,,,,,,,,,,HAS_COMPONENT,,,,diagram:4,component:4:7.1,,
Terminal,,4,,,edge:4:diagram_to_component:26.1,,26.1,,,,,,,,,,,HAS_COMPONENT,,,,diagram:4,component:4:26.1,,
Lamp,,4,,,edge:4:diagram_to_component:13.1,,13.1,,,,,,,,,,,HAS_COMPONENT,,,,diagram:4,component:4:13.1,,
Analog_Meter,,4,,,edge:4:diagram_to_component:0.1,,0.1,,,,,,,,,,,HAS_COMPONENT,,,,diagram:4,component:4:0.1,,
GND,,4,,,edge:4:diagram_to_component:9.1,,9.1,,,,,,,,,,,HAS_COMPONENT,,,,diagram:4,component:4:9.1,,
,,4,,,edge:4:diagram_to_net:N1,,,False,,,,,,N1,,1,,HAS_NET,,,,diagram:4,net:4:N1,,
,,4,,,edge:4:diagram_to_net:N2,,,False,,,,,,N2,,2,,HAS_NET,,,,diagram:4,net:4:N2,,
,,4,,,edge:4:diagram_to_net:N3,,,False,,,,,,N3,,3,,HAS_NET,,,,diagram:4,net:4:N3,,
,,4,,,edge:4:diagram_to_net:N4,,,False,,,,,,N4,,4,,HAS_NET,,,,diagram:4,net:4:N4,,
,,4,,,edge:4:diagram_to_net:N5,,,False,,,,,,N5,,5,,HAS_NET,,,,diagram:4,net:4:N5,,
,,4,,,edge:4:diagram_to_net:N6,,,False,,,,,,N6,,6,,HAS_NET,,,,diagram:4,net:4:N6,,
,,4,,,edge:4:diagram_to_net:N7,,,False,,,,,,N7,,7,,HAS_NET,,,,diagram:4,net:4:N7,,
,,4,,,edge:4:diagram_to_net:N8,,,False,,,,,,N8,,8,,HAS_NET,,,,diagram:4,net:4:N8,,
,,4,,,edge:4:diagram_to_net:N9,,,False,,,,,,N9,,9,,HAS_NET,,,,diagram:4,net:4:N9,,
,,4,,,edge:4:diagram_to_net:N10,,,False,,,,,,N10,,10,,HAS_NET,,,,diagram:4,net:4:N10,,
,,4,positive,2.1:positive,edge:4:component:2.1:terminal:2.1:t1,,2.1,,,,,,,,,,,HAS_TERMINAL,top,positive,,component:4:2.1,terminal:4:2.1:t1,2.1:t1,t1
,,4,negative,2.1:negative,edge:4:component:2.1:terminal:2.1:t2,,2.1,,,,,,,,,,,HAS_TERMINAL,bottom,negative,,component:4:2.1,terminal:4:2.1:t2,2.1:t2,t2
,,4,t1,8.1:t1,edge:4:component:8.1:terminal:8.1:t1,,8.1,,,,,,,,,,,HAS_TERMINAL,left,,,component:4:8.1,terminal:4:8.1:t1,8.1:t1,t1
,,4,t2,8.1:t2,edge:4:component:8.1:terminal:8.1:t2,,8.1,,,,,,,,,,,HAS_TERMINAL,right,,,component:4:8.1,terminal:4:8.1:t2,8.1:t2,t2
,,4,t1,29.1:t1,edge:4:component:29.1:terminal:29.1:t1,,29.1,,,,,,,,,,,HAS_TERMINAL,top,,,component:4:29.1,terminal:4:29.1:t1,29.1:t1,t1
,,4,t2,29.1:t2,edge:4:component:29.1:terminal:29.1:t2,,29.1,,,,,,,,,,,HAS_TERMINAL,bottom,,,component:4:29.1,terminal:4:29.1:t2,29.1:t2,t2
,,4,anode,12.1:anode,edge:4:component:12.1:terminal:12.1:t1,,12.1,,,,,,,,,,,HAS_TERMINAL,top,anode,,component:4:12.1,terminal:4:12.1:t1,12.1:t1,t1
,,4,cathode,12.1:cathode,edge:4:component:12.1:terminal:12.1:t2,,12.1,,,,,,,,,,,HAS_TERMINAL,bottom,cathode,,component:4:12.1,terminal:4:12.1:t2,12.1:t2,t2
,,4,t1,23.1:t1,edge:4:component:23.1:terminal:23.1:t1,,23.1,,,,,,,,,,,HAS_TERMINAL,left,,,component:4:23.1,terminal:4:23.1:t1,23.1:t1,t1
,,4,t2,23.1:t2,edge:4:component:23.1:terminal:23.1:t2,,23.1,,,,,,,,,,,HAS_TERMINAL,right,,,component:4:23.1,terminal:4:23.1:t2,23.1:t2,t2
,,4,t1,30.1:t1,edge:4:component:30.1:terminal:30.1:t1,,30.1,,,,,,,,,,,HAS_TERMINAL,top,,,component:4:30.1,terminal:4:30.1:t1,30.1:t1,t1
,,4,t2,30.1:t2,edge:4:component:30.1:terminal:30.1:t2,,30.1,,,,,,,,,,,HAS_TERMINAL,bottom,,,component:4:30.1,terminal:4:30.1:t2,30.1:t2,t2
,,4,t1,30.2:t1,edge:4:component:30.2:terminal:30.2:t1,,30.2,,,,,,,,,,,HAS_TERMINAL,top,,,component:4:30.2,terminal:4:30.2:t1,30.2:t1,t1
,,4,t2,30.2:t2,edge:4:component:30.2:terminal:30.2:t2,,30.2,,,,,,,,,,,HAS_TERMINAL,bottom,,,component:4:30.2,terminal:4:30.2:t2,30.2:t2,t2
,,4,t1,25.1:t1,edge:4:component:25.1:terminal:25.1:t1,,25.1,,,,,,,,,,,HAS_TERMINAL,left,,,component:4:25.1,terminal:4:25.1:t1,25.1:t1,t1
,,4,t2,25.1:t2,edge:4:component:25.1:terminal:25.1:t2,,25.1,,,,,,,,,,,HAS_TERMINAL,right,,,component:4:25.1,terminal:4:25.1:t2,25.1:t2,t2
,,4,cathode,7.1:cathode,edge:4:component:7.1:terminal:7.1:t1,,7.1,,,,,,,,,,,HAS_TERMINAL,left,cathode,,component:4:7.1,terminal:4:7.1:t1,7.1:t1,t1
,,4,anode,7.1:anode,edge:4:component:7.1:terminal:7.1:t2,,7.1,,,,,,,,,,,HAS_TERMINAL,right,anode,,component:4:7.1,terminal:4:7.1:t2,7.1:t2,t2
,,4,t1,26.1:t1,edge:4:component:26.1:terminal:26.1:t1,,26.1,,,,,,,,,,,HAS_TERMINAL,top,,,component:4:26.1,terminal:4:26.1:t1,26.1:t1,t1
,,4,t2,26.1:t2,edge:4:component:26.1:terminal:26.1:t2,,26.1,,,,,,,,,,,HAS_TERMINAL,bottom,,,component:4:26.1,terminal:4:26.1:t2,26.1:t2,t2
,,4,t1,13.1:t1,edge:4:component:13.1:terminal:13.1:t1,,13.1,,,,,,,,,,,HAS_TERMINAL,top,,,component:4:13.1,terminal:4:13.1:t1,13.1:t1,t1
,,4,t2,13.1:t2,edge:4:component:13.1:terminal:13.1:t2,,13.1,,,,,,,,,,,HAS_TERMINAL,bottom,,,component:4:13.1,terminal:4:13.1:t2,13.1:t2,t2
,,4,t1,0.1:t1,edge:4:component:0.1:terminal:0.1:t1,,0.1,,,,,,,,,,,HAS_TERMINAL,left,,,component:4:0.1,terminal:4:0.1:t1,0.1:t1,t1
,,4,t2,0.1:t2,edge:4:component:0.1:terminal:0.1:t2,,0.1,,,,,,,,,,,HAS_TERMINAL,left,,,component:4:0.1,terminal:4:0.1:t2,0.1:t2,t2
,,4,t1,9.1:t1,edge:4:component:9.1:terminal:9.1:t1,,9.1,,,,,,,,,,,HAS_TERMINAL,top,,,component:4:9.1,terminal:4:9.1:t1,9.1:t1,t1
,Battery,4,,2.1:positive,edge:4:terminal:2.1:t1:net:N1,,,,False,ok,1.0,matched_preferred,[],N1,,1,False,CONNECTED_TO,,positive,"[119, 151]",terminal:4:2.1:t1,net:4:N1,2.1:t1,
,Battery,4,,2.1:negative,edge:4:terminal:2.1:t2:net:N4,,,,False,ok,1.0,matched_preferred,[],N4,,4,False,CONNECTED_TO,,negative,"[119, 418]",terminal:4:2.1:t2,net:4:N4,2.1:t2,
,Fuse,4,,8.1:t1,edge:4:terminal:8.1:t1:net:N1,,,,False,ok,2.0,matched_preferred,[],N1,,1,False,CONNECTED_TO,,,"[203, 121]",terminal:4:8.1:t1,net:4:N1,8.1:t1,
,Fuse,4,,8.1:t2,edge:4:terminal:8.1:t2:net:N2,,,,False,ok,2.0,matched_preferred,[],N2,,2,False,CONNECTED_TO,,,"[284, 121]",terminal:4:8.1:t2,net:4:N2,8.1:t2,
,Trim_Capacitor,4,,29.1:t1,edge:4:terminal:29.1:t1:net:N2,,,,False,ok,3.0,matched_preferred,[],N2,,2,False,CONNECTED_TO,,,"[347, 217]",terminal:4:29.1:t1,net:4:N2,29.1:t1,
,Trim_Capacitor,4,,29.1:t2,edge:4:terminal:29.1:t2:net:N3,,,,False,ok,3.0,matched_preferred,[],N3,,3,False,CONNECTED_TO,,,"[347, 358]",terminal:4:29.1:t2,net:4:N3,29.1:t2,
,LED,4,,12.1:anode,edge:4:terminal:12.1:t1:net:N3,,,,False,ok,0.0,matched_preferred,[],N3,,3,False,CONNECTED_TO,,anode,"[347, 533]",terminal:4:12.1:t1,net:4:N3,12.1:t1,
,LED,4,,12.1:cathode,edge:4:terminal:12.1:t2:net:N4,,,,False,ok,0.0,matched_preferred,[],N4,,4,False,CONNECTED_TO,,cathode,"[347, 666]",terminal:4:12.1:t2,net:4:N4,12.1:t2,
,Signal_Source,4,,23.1:t1,edge:4:terminal:23.1:t1:net:N2,,,,False,ok,1.0,matched_preferred,[],N2,,2,False,CONNECTED_TO,,,"[388, 121]",terminal:4:23.1:t1,net:4:N2,23.1:t1,
,Signal_Source,4,,23.1:t2,edge:4:terminal:23.1:t2:net:N5,,,,False,ok,1.0,matched_preferred,[],N5,,5,False,CONNECTED_TO,,,"[455, 121]",terminal:4:23.1:t2,net:4:N5,23.1:t2,
,Variable_Resistor,4,,30.1:t1,edge:4:terminal:30.1:t1:net:N5,,,,False,ok,0.0,matched_preferred,[],N5,,5,False,CONNECTED_TO,,,"[539, 196]",terminal:4:30.1:t1,net:4:N5,30.1:t1,
,Variable_Resistor,4,,30.1:t2,edge:4:terminal:30.1:t2:net:N6,,,,False,ok,0.0,matched_preferred,[],N6,,6,False,CONNECTED_TO,,,"[539, 375]",terminal:4:30.1:t2,net:4:N6,30.1:t2,
,Variable_Resistor,4,,30.2:t1,edge:4:terminal:30.2:t1:net:N6,,,,False,ok,0.0,matched_preferred,[],N6,,6,False,CONNECTED_TO,,,"[539, 512]",terminal:4:30.2:t1,net:4:N6,30.2:t1,
,Variable_Resistor,4,,30.2:t2,edge:4:terminal:30.2:t2:net:N4,,,,False,ok,0.0,matched_preferred,[],N4,,4,False,CONNECTED_TO,,,"[539, 693]",terminal:4:30.2:t2,net:4:N4,30.2:t2,
,Switch,4,,25.1:t1,edge:4:terminal:25.1:t1:net:N5,,,,False,ok,0.0,matched_preferred,[],N5,,5,False,CONNECTED_TO,,,"[554, 121]",terminal:4:25.1:t1,net:4:N5,25.1:t1,
,Switch,4,,25.1:t2,edge:4:terminal:25.1:t2:net:N7,,,,False,ok,0.0,matched_preferred,[],N7,,7,False,CONNECTED_TO,,,"[644, 121]",terminal:4:25.1:t2,net:4:N7,25.1:t2,
,Diode,4,,7.1:cathode,edge:4:terminal:7.1:t1:net:N4,,,,False,ok,3.0,matched_preferred,[],N4,,4,False,CONNECTED_TO,,cathode,"[758, 885]",terminal:4:7.1:t1,net:4:N4,7.1:t1,
,Diode,4,,7.1:anode,edge:4:terminal:7.1:t2:net:N10,,,,False,ok,3.0,matched_preferred,[],N10,,10,False,CONNECTED_TO,,anode,"[819, 885]",terminal:4:7.1:t2,net:4:N10,7.1:t2,
,Terminal,4,,26.1:t1,edge:4:terminal:26.1:t1:net:N7,,,,False,ok,4.123,matched_preferred,[],N7,,7,False,CONNECTED_TO,,,"[859, 121]",terminal:4:26.1:t1,net:4:N7,26.1:t1,
,Terminal,4,,26.1:t2,edge:4:terminal:26.1:t2:net:N9,,,,False,ok,1.0,matched_preferred,[],N9,,9,False,CONNECTED_TO,,,"[861, 222]",terminal:4:26.1:t2,net:4:N9,26.1:t2,
,Lamp,4,,13.1:t1,edge:4:terminal:13.1:t1:net:N9,,,,False,ok,1.0,matched_preferred,[],N9,,9,False,CONNECTED_TO,,,"[861, 306]",terminal:4:13.1:t1,net:4:N9,13.1:t1,
,Lamp,4,,13.1:t2,edge:4:terminal:13.1:t2:net:N8,,,,False,ok,1.0,matched_preferred,[],N8,,8,False,CONNECTED_TO,,,"[861, 457]",terminal:4:13.1:t2,net:4:N8,13.1:t2,
,Analog_Meter,4,,0.1:t1,edge:4:terminal:0.1:t1:net:N8,,,,False,ok,45.122,matched_single,"[""no_preferred_net_from_05"", ""matched_without_preferred_label"", ""used_fallback_search""]",N8,,8,False,CONNECTED_TO,,,"[861, 519]",terminal:4:0.1:t1,net:4:N8,0.1:t1,
,Analog_Meter,4,,0.1:t2,edge:4:terminal:0.1:t2:net:N4,,,,False,ok,32.985,matched_single,"[""no_preferred_net_from_05"", ""matched_without_preferred_label"", ""used_fallback_search""]",N4,,4,False,CONNECTED_TO,,,"[875, 750]",terminal:4:0.1:t2,net:4:N4,0.1:t2,
,GND,4,,9.1:t1,edge:4:terminal:9.1:t1:net:N10,,,,False,ok,1.0,matched_preferred,[],N10,,10,False,CONNECTED_TO,,,"[980, 913]",terminal:4:9.1:t1,net:4:N10,9.1:t1,
Battery,,5,,,edge:5:diagram_to_component:2.1,,2.1,,,,,,,,,,,HAS_COMPONENT,,,,diagram:5,component:5:2.1,,
Fuse,,5,,,edge:5:diagram_to_component:8.1,,8.1,,,,,,,,,,,HAS_COMPONENT,,,,diagram:5,component:5:8.1,,
Variable_Resistor,,5,,,edge:5:diagram_to_component:30.1,,30.1,,,,,,,,,,,HAS_COMPONENT,,,,diagram:5,component:5:30.1,,
Analog_Meter,,5,,,edge:5:diagram_to_component:0.1,,0.1,,,,,,,,,,,HAS_COMPONENT,,,,diagram:5,component:5:0.1,,
Switch,,5,,,edge:5:diagram_to_component:25.1,,25.1,,,,,,,,,,,HAS_COMPONENT,,,,diagram:5,component:5:25.1,,
Memristor,,5,,,edge:5:diagram_to_component:14.1,,14.1,,,,,,,,,,,HAS_COMPONENT,,,,diagram:5,component:5:14.1,,
GND,,5,,,edge:5:diagram_to_component:9.1,,9.1,,,,,,,,,,,HAS_COMPONENT,,,,diagram:5,component:5:9.1,,
Variable_Resistor,,5,,,edge:5:diagram_to_component:30.2,,30.2,,,,,,,,,,,HAS_COMPONENT,,,,diagram:5,component:5:30.2,,
Diode,,5,,,edge:5:diagram_to_component:7.1,,7.1,,,,,,,,,,,HAS_COMPONENT,,,,diagram:5,component:5:7.1,,
Trim_Capacitor,,5,,,edge:5:diagram_to_component:29.1,,29.1,,,,,,,,,,,HAS_COMPONENT,,,,diagram:5,component:5:29.1,,
Terminal,,5,,,edge:5:diagram_to_component:26.1,,26.1,,,,,,,,,,,HAS_COMPONENT,,,,diagram:5,component:5:26.1,,
Lamp,,5,,,edge:5:diagram_to_component:13.1,,13.1,,,,,,,,,,,HAS_COMPONENT,,,,diagram:5,component:5:13.1,,
,,5,,,edge:5:diagram_to_net:N1,,,False,,,,,,N1,,1,,HAS_NET,,,,diagram:5,net:5:N1,,
,,5,,,edge:5:diagram_to_net:N2,,,False,,,,,,N2,,2,,HAS_NET,,,,diagram:5,net:5:N2,,
,,5,,,edge:5:diagram_to_net:N3,,,False,,,,,,N3,,3,,HAS_NET,,,,diagram:5,net:5:N3,,
,,5,,,edge:5:diagram_to_net:N4,,,False,,,,,,N4,,4,,HAS_NET,,,,diagram:5,net:5:N4,,
,,5,,,edge:5:diagram_to_net:N5,,,False,,,,,,N5,,5,,HAS_NET,,,,diagram:5,net:5:N5,,
,,5,,,edge:5:diagram_to_net:N6,,,False,,,,,,N6,,6,,HAS_NET,,,,diagram:5,net:5:N6,,
,,5,,,edge:5:diagram_to_net:N7,,,False,,,,,,N7,,7,,HAS_NET,,,,diagram:5,net:5:N7,,
,,5,,,edge:5:diagram_to_net:N8,,,False,,,,,,N8,,8,,HAS_NET,,,,diagram:5,net:5:N8,,
,,5,,,edge:5:diagram_to_net:N9,,,False,,,,,,N9,,9,,HAS_NET,,,,diagram:5,net:5:N9,,
,,5,positive,2.1:positive,edge:5:component:2.1:terminal:2.1:t1,,2.1,,,,,,,,,,,HAS_TERMINAL,top,positive,,component:5:2.1,terminal:5:2.1:t1,2.1:t1,t1
,,5,negative,2.1:negative,edge:5:component:2.1:terminal:2.1:t2,,2.1,,,,,,,,,,,HAS_TERMINAL,bottom,negative,,component:5:2.1,terminal:5:2.1:t2,2.1:t2,t2
,,5,t1,8.1:t1,edge:5:component:8.1:terminal:8.1:t1,,8.1,,,,,,,,,,,HAS_TERMINAL,left,,,component:5:8.1,terminal:5:8.1:t1,8.1:t1,t1
,,5,t2,8.1:t2,edge:5:component:8.1:terminal:8.1:t2,,8.1,,,,,,,,,,,HAS_TERMINAL,right,,,component:5:8.1,terminal:5:8.1:t2,8.1:t2,t2
,,5,t1,30.1:t1,edge:5:component:30.1:terminal:30.1:t1,,30.1,,,,,,,,,,,HAS_TERMINAL,top,,,component:5:30.1,terminal:5:30.1:t1,30.1:t1,t1
,,5,t2,30.1:t2,edge:5:component:30.1:terminal:30.1:t2,,30.1,,,,,,,,,,,HAS_TERMINAL,bottom,,,component:5:30.1,terminal:5:30.1:t2,30.1:t2,t2
,,5,t1,0.1:t1,edge:5:component:0.1:terminal:0.1:t1,,0.1,,,,,,,,,,,HAS_TERMINAL,bottom,,,component:5:0.1,terminal:5:0.1:t1,0.1:t1,t1
,,5,t2,0.1:t2,edge:5:component:0.1:terminal:0.1:t2,,0.1,,,,,,,,,,,HAS_TERMINAL,bottom,,,component:5:0.1,terminal:5:0.1:t2,0.1:t2,t2
,,5,t1,25.1:t1,edge:5:component:25.1:terminal:25.1:t1,,25.1,,,,,,,,,,,HAS_TERMINAL,left,,,component:5:25.1,terminal:5:25.1:t1,25.1:t1,t1
,,5,t2,25.1:t2,edge:5:component:25.1:terminal:25.1:t2,,25.1,,,,,,,,,,,HAS_TERMINAL,right,,,component:5:25.1,terminal:5:25.1:t2,25.1:t2,t2
,,5,t1,14.1:t1,edge:5:component:14.1:terminal:14.1:t1,,14.1,,,,,,,,,,,HAS_TERMINAL,top,,,component:5:14.1,terminal:5:14.1:t1,14.1:t1,t1
,,5,t2,14.1:t2,edge:5:component:14.1:terminal:14.1:t2,,14.1,,,,,,,,,,,HAS_TERMINAL,bottom,,,component:5:14.1,terminal:5:14.1:t2,14.1:t2,t2
,,5,t1,9.1:t1,edge:5:component:9.1:terminal:9.1:t1,,9.1,,,,,,,,,,,HAS_TERMINAL,right,,,component:5:9.1,terminal:5:9.1:t1,9.1:t1,t1
,,5,t1,30.2:t1,edge:5:component:30.2:terminal:30.2:t1,,30.2,,,,,,,,,,,HAS_TERMINAL,top,,,component:5:30.2,terminal:5:30.2:t1,30.2:t1,t1
,,5,t2,30.2:t2,edge:5:component:30.2:terminal:30.2:t2,,30.2,,,,,,,,,,,HAS_TERMINAL,bottom,,,component:5:30.2,terminal:5:30.2:t2,30.2:t2,t2
,,5,anode,7.1:anode,edge:5:component:7.1:terminal:7.1:t1,,7.1,,,,,,,,,,,HAS_TERMINAL,top,anode,,component:5:7.1,terminal:5:7.1:t1,7.1:t1,t1
,,5,cathode,7.1:cathode,edge:5:component:7.1:terminal:7.1:t2,,7.1,,,,,,,,,,,HAS_TERMINAL,bottom,cathode,,component:5:7.1,terminal:5:7.1:t2,7.1:t2,t2
,,5,t1,29.1:t1,edge:5:component:29.1:terminal:29.1:t1,,29.1,,,,,,,,,,,HAS_TERMINAL,top,,,component:5:29.1,terminal:5:29.1:t1,29.1:t1,t1
,,5,t2,29.1:t2,edge:5:component:29.1:terminal:29.1:t2,,29.1,,,,,,,,,,,HAS_TERMINAL,bottom,,,component:5:29.1,terminal:5:29.1:t2,29.1:t2,t2
,,5,t1,26.1:t1,edge:5:component:26.1:terminal:26.1:t1,,26.1,,,,,,,,,,,HAS_TERMINAL,top,,,component:5:26.1,terminal:5:26.1:t1,26.1:t1,t1
,,5,t2,26.1:t2,edge:5:component:26.1:terminal:26.1:t2,,26.1,,,,,,,,,,,HAS_TERMINAL,bottom,,,component:5:26.1,terminal:5:26.1:t2,26.1:t2,t2
,,5,t1,13.1:t1,edge:5:component:13.1:terminal:13.1:t1,,13.1,,,,,,,,,,,HAS_TERMINAL,top,,,component:5:13.1,terminal:5:13.1:t1,13.1:t1,t1
,,5,t2,13.1:t2,edge:5:component:13.1:terminal:13.1:t2,,13.1,,,,,,,,,,,HAS_TERMINAL,bottom,,,component:5:13.1,terminal:5:13.1:t2,13.1:t2,t2
,Battery,5,,2.1:positive,edge:5:terminal:2.1:t1:net:N1,,,,False,ok,3.0,matched_preferred,[],N1,,1,False,CONNECTED_TO,,positive,"[118, 260]",terminal:5:2.1:t1,net:5:N1,2.1:t1,
,Battery,5,,2.1:negative,edge:5:terminal:2.1:t2:net:N2,,,,False,ok,3.0,matched_preferred,[],N2,,2,False,CONNECTED_TO,,negative,"[118, 440]",terminal:5:2.1:t2,net:5:N2,2.1:t2,
,Fuse,5,,8.1:t1,edge:5:terminal:8.1:t1:net:N1,,,,False,ok,4.0,matched_preferred,[],N1,,1,False,CONNECTED_TO,,,"[208, 144]",terminal:5:8.1:t1,net:5:N1,8.1:t1,
,Fuse,5,,8.1:t2,edge:5:terminal:8.1:t2:net:N3,,,,False,ok,4.0,matched_preferred,[],N3,,3,False,CONNECTED_TO,,,"[313, 144]",terminal:5:8.1:t2,net:5:N3,8.1:t2,
,Variable_Resistor,5,,30.1:t1,edge:5:terminal:30.1:t1:net:N3,,,,False,ok,0.0,matched_preferred,[],N3,,3,False,CONNECTED_TO,,,"[339, 243]",terminal:5:30.1:t1,net:5:N3,30.1:t1,
,Variable_Resistor,5,,30.1:t2,edge:5:terminal:30.1:t2:net:N2,,,,False,ok,0.0,matched_preferred,[],N2,,2,False,CONNECTED_TO,,,"[339, 478]",terminal:5:30.1:t2,net:5:N2,30.1:t2,
,Analog_Meter,5,,0.1:t1,edge:5:terminal:0.1:t1:net:N2,,,,False,ok,33.838,matched_nearest,"[""no_preferred_net_from_05"", ""matched_without_preferred_label"", ""used_fallback_search""]",N2,,2,False,CONNECTED_TO,,,"[389, 948]",terminal:5:0.1:t1,net:5:N2,0.1:t1,
,Analog_Meter,5,,0.1:t2,edge:5:terminal:0.1:t2:net:N4,,,,False,ok,5.385,matched_preferred,[],N4,,4,False,CONNECTED_TO,,,"[487, 942]",terminal:5:0.1:t2,net:5:N4,0.1:t2,
,Switch,5,,25.1:t1,edge:5:terminal:25.1:t1:net:N3,,,,False,ok,0.0,matched_preferred,[],N3,,3,False,CONNECTED_TO,,,"[415, 144]",terminal:5:25.1:t1,net:5:N3,25.1:t1,
,Switch,5,,25.1:t2,edge:5:terminal:25.1:t2:net:N6,,,,False,ok,0.0,matched_preferred,[],N6,,6,False,CONNECTED_TO,,,"[510, 144]",terminal:5:25.1:t2,net:5:N6,25.1:t2,
,Memristor,5,,14.1:t1,edge:5:terminal:14.1:t1:net:N6,,,,False,ok,1.0,matched_preferred,[],N6,,6,False,CONNECTED_TO,,,"[547, 246]",terminal:5:14.1:t1,net:5:N6,14.1:t1,
,Memristor,5,,14.1:t2,edge:5:terminal:14.1:t2:net:N7,,,,False,ok,1.0,matched_preferred,[],N7,,7,False,CONNECTED_TO,,,"[547, 467]",terminal:5:14.1:t2,net:5:N7,14.1:t2,
,GND,5,,9.1:t1,edge:5:terminal:9.1:t1:net:N5,,,,False,ok,1.0,matched_preferred,[],N5,,5,False,CONNECTED_TO,,,"[665, 546]",terminal:5:9.1:t1,net:5:N5,9.1:t1,
,Variable_Resistor,5,,30.2:t1,edge:5:terminal:30.2:t1:net:N6,,,,False,ok,1.0,matched_preferred,[],N6,,6,False,CONNECTED_TO,,,"[674, 246]",terminal:5:30.2:t1,net:5:N6,30.2:t1,
,Variable_Resistor,5,,30.2:t2,edge:5:terminal:30.2:t2:net:N5,,,,False,ok,1.0,matched_preferred,[],N5,,5,False,CONNECTED_TO,,,"[674, 460]",terminal:5:30.2:t2,net:5:N5,30.2:t2,
,Diode,5,,7.1:anode,edge:5:terminal:7.1:t1:net:N8,,,,False,ok,2.0,matched_preferred,[],N8,,8,False,CONNECTED_TO,,anode,"[830, 683]",terminal:5:7.1:t1,net:5:N8,7.1:t1,
,Diode,5,,7.1:cathode,edge:5:terminal:7.1:t2:net:N7,,,,False,ok,2.0,matched_preferred,[],N7,,7,False,CONNECTED_TO,,cathode,"[830, 827]",terminal:5:7.1:t2,net:5:N7,7.1:t2,
,Trim_Capacitor,5,,29.1:t1,edge:5:terminal:29.1:t1:net:N6,,,,False,ok,5.0,matched_preferred,[],N6,,6,False,CONNECTED_TO,,,"[830, 269]",terminal:5:29.1:t1,net:5:N6,29.1:t1,
,Trim_Capacitor,5,,29.1:t2,edge:5:terminal:29.1:t2:net:N8,,,,False,ok,5.0,matched_preferred,[],N8,,8,False,CONNECTED_TO,,,"[830, 442]",terminal:5:29.1:t2,net:5:N8,29.1:t2,
,Terminal,5,,26.1:t1,edge:5:terminal:26.1:t1:net:N9,,,,False,ok,2.0,matched_preferred,[],N9,,9,False,CONNECTED_TO,,,"[986, 610]",terminal:5:26.1:t1,net:5:N9,26.1:t1,
,Terminal,5,,26.1:t2,edge:5:terminal:26.1:t2:net:N7,,,,False,ok,2.0,matched_preferred,[],N7,,7,False,CONNECTED_TO,,,"[986, 737]",terminal:5:26.1:t2,net:5:N7,26.1:t2,
,Lamp,5,,13.1:t1,edge:5:terminal:13.1:t1:net:N6,,,,False,ok,2.0,matched_preferred,[],N6,,6,False,CONNECTED_TO,,,"[986, 312]",terminal:5:13.1:t1,net:5:N6,13.1:t1,
,Lamp,5,,13.1:t2,edge:5:terminal:13.1:t2:net:N9,,,,False,ok,2.0,matched_preferred,[],N9,,9,False,CONNECTED_TO,,,"[986, 503]",terminal:5:13.1:t2,net:5:N9,13.1:t2,
Battery,,6,,,edge:6:diagram_to_component:2.1,,2.1,,,,,,,,,,,HAS_COMPONENT,,,,diagram:6,component:6:2.1,,
Breaker,,6,,,edge:6:diagram_to_component:3.1,,3.1,,,,,,,,,,,HAS_COMPONENT,,,,diagram:6,component:6:3.1,,
Analog_Meter,,6,,,edge:6:diagram_to_component:0.1,,0.1,,,,,,,,,,,HAS_COMPONENT,,,,diagram:6,component:6:0.1,,
Signal_Source,,6,,,edge:6:diagram_to_component:23.1,,23.1,,,,,,,,,,,HAS_COMPONENT,,,,diagram:6,component:6:23.1,,
Meter,,6,,,edge:6:diagram_to_component:15.1,,15.1,,,,,,,,,,,HAS_COMPONENT,,,,diagram:6,component:6:15.1,,
Trim_Capacitor,,6,,,edge:6:diagram_to_component:29.1,,29.1,,,,,,,,,,,HAS_COMPONENT,,,,diagram:6,component:6:29.1,,
Variable_Resistor,,6,,,edge:6:diagram_to_component:30.1,,30.1,,,,,,,,,,,HAS_COMPONENT,,,,diagram:6,component:6:30.1,,
Variable_Resistor,,6,,,edge:6:diagram_to_component:30.2,,30.2,,,,,,,,,,,HAS_COMPONENT,,,,diagram:6,component:6:30.2,,
Diode,,6,,,edge:6:diagram_to_component:7.1,,7.1,,,,,,,,,,,HAS_COMPONENT,,,,diagram:6,component:6:7.1,,
Inductor,,6,,,edge:6:diagram_to_component:10.1,,10.1,,,,,,,,,,,HAS_COMPONENT,,,,diagram:6,component:6:10.1,,
Meter,,6,,,edge:6:diagram_to_component:15.2,,15.2,,,,,,,,,,,HAS_COMPONENT,,,,diagram:6,component:6:15.2,,
Terminal,,6,,,edge:6:diagram_to_component:26.1,,26.1,,,,,,,,,,,HAS_COMPONENT,,,,diagram:6,component:6:26.1,,
,,6,,,edge:6:diagram_to_net:N1,,,False,,,,,,N1,,1,,HAS_NET,,,,diagram:6,net:6:N1,,
,,6,,,edge:6:diagram_to_net:N2,,,False,,,,,,N2,,2,,HAS_NET,,,,diagram:6,net:6:N2,,
,,6,,,edge:6:diagram_to_net:N3,,,False,,,,,,N3,,3,,HAS_NET,,,,diagram:6,net:6:N3,,
,,6,,,edge:6:diagram_to_net:N4,,,False,,,,,,N4,,4,,HAS_NET,,,,diagram:6,net:6:N4,,
,,6,,,edge:6:diagram_to_net:N5,,,False,,,,,,N5,,5,,HAS_NET,,,,diagram:6,net:6:N5,,
,,6,,,edge:6:diagram_to_net:N6,,,False,,,,,,N6,,6,,HAS_NET,,,,diagram:6,net:6:N6,,
,,6,,,edge:6:diagram_to_net:N7,,,False,,,,,,N7,,7,,HAS_NET,,,,diagram:6,net:6:N7,,
,,6,,,edge:6:diagram_to_net:N8,,,False,,,,,,N8,,8,,HAS_NET,,,,diagram:6,net:6:N8,,
,,6,,,edge:6:diagram_to_net:N9,,,False,,,,,,N9,,9,,HAS_NET,,,,diagram:6,net:6:N9,,
,,6,,,edge:6:diagram_to_net:N10,,,False,,,,,,N10,,10,,HAS_NET,,,,diagram:6,net:6:N10,,
,,6,,,edge:6:diagram_to_net:N11,,,False,,,,,,N11,,11,,HAS_NET,,,,diagram:6,net:6:N11,,
,,6,positive,2.1:positive,edge:6:component:2.1:terminal:2.1:t1,,2.1,,,,,,,,,,,HAS_TERMINAL,top,positive,,component:6:2.1,terminal:6:2.1:t1,2.1:t1,t1
,,6,negative,2.1:negative,edge:6:component:2.1:terminal:2.1:t2,,2.1,,,,,,,,,,,HAS_TERMINAL,bottom,negative,,component:6:2.1,terminal:6:2.1:t2,2.1:t2,t2
,,6,t1,3.1:t1,edge:6:component:3.1:terminal:3.1:t1,,3.1,,,,,,,,,,,HAS_TERMINAL,left,,,component:6:3.1,terminal:6:3.1:t1,3.1:t1,t1
,,6,t2,3.1:t2,edge:6:component:3.1:terminal:3.1:t2,,3.1,,,,,,,,,,,HAS_TERMINAL,right,,,component:6:3.1,terminal:6:3.1:t2,3.1:t2,t2
,,6,t1,0.1:t1,edge:6:component:0.1:terminal:0.1:t1,,0.1,,,,,,,,,,,HAS_TERMINAL,left,,,component:6:0.1,terminal:6:0.1:t1,0.1:t1,t1
,,6,t2,0.1:t2,edge:6:component:0.1:terminal:0.1:t2,,0.1,,,,,,,,,,,HAS_TERMINAL,left,,,component:6:0.1,terminal:6:0.1:t2,0.1:t2,t2
,,6,t1,23.1:t1,edge:6:component:23.1:terminal:23.1:t1,,23.1,,,,,,,,,,,HAS_TERMINAL,left,,,component:6:23.1,terminal:6:23.1:t1,23.1:t1,t1
,,6,t2,23.1:t2,edge:6:component:23.1:terminal:23.1:t2,,23.1,,,,,,,,,,,HAS_TERMINAL,right,,,component:6:23.1,terminal:6:23.1:t2,23.1:t2,t2
,,6,t1,15.1:t1,edge:6:component:15.1:terminal:15.1:t1,,15.1,,,,,,,,,,,HAS_TERMINAL,left,,,component:6:15.1,terminal:6:15.1:t1,15.1:t1,t1
,,6,t2,15.1:t2,edge:6:component:15.1:terminal:15.1:t2,,15.1,,,,,,,,,,,HAS_TERMINAL,right,,,component:6:15.1,terminal:6:15.1:t2,15.1:t2,t2
,,6,t1,29.1:t1,edge:6:component:29.1:terminal:29.1:t1,,29.1,,,,,,,,,,,HAS_TERMINAL,top,,,component:6:29.1,terminal:6:29.1:t1,29.1:t1,t1
,,6,t2,29.1:t2,edge:6:component:29.1:terminal:29.1:t2,,29.1,,,,,,,,,,,HAS_TERMINAL,bottom,,,component:6:29.1,terminal:6:29.1:t2,29.1:t2,t2
,,6,t1,30.1:t1,edge:6:component:30.1:terminal:30.1:t1,,30.1,,,,,,,,,,,HAS_TERMINAL,top,,,component:6:30.1,terminal:6:30.1:t1,30.1:t1,t1
,,6,t2,30.1:t2,edge:6:component:30.1:terminal:30.1:t2,,30.1,,,,,,,,,,,HAS_TERMINAL,bottom,,,component:6:30.1,terminal:6:30.1:t2,30.1:t2,t2
,,6,t1,30.2:t1,edge:6:component:30.2:terminal:30.2:t1,,30.2,,,,,,,,,,,HAS_TERMINAL,left,,,component:6:30.2,terminal:6:30.2:t1,30.2:t1,t1
,,6,t2,30.2:t2,edge:6:component:30.2:terminal:30.2:t2,,30.2,,,,,,,,,,,HAS_TERMINAL,right,,,component:6:30.2,terminal:6:30.2:t2,30.2:t2,t2
,,6,cathode,7.1:cathode,edge:6:component:7.1:terminal:7.1:t1,,7.1,,,,,,,,,,,HAS_TERMINAL,top,cathode,,component:6:7.1,terminal:6:7.1:t1,7.1:t1,t1
,,6,anode,7.1:anode,edge:6:component:7.1:terminal:7.1:t2,,7.1,,,,,,,,,,,HAS_TERMINAL,bottom,anode,,component:6:7.1,terminal:6:7.1:t2,7.1:t2,t2
,,6,t1,10.1:t1,edge:6:component:10.1:terminal:10.1:t1,,10.1,,,,,,,,,,,HAS_TERMINAL,top,,,component:6:10.1,terminal:6:10.1:t1,10.1:t1,t1
,,6,t2,10.1:t2,edge:6:component:10.1:terminal:10.1:t2,,10.1,,,,,,,,,,,HAS_TERMINAL,bottom,,,component:6:10.1,terminal:6:10.1:t2,10.1:t2,t2
,,6,t1,15.2:t1,edge:6:component:15.2:terminal:15.2:t1,,15.2,,,,,,,,,,,HAS_TERMINAL,top,,,component:6:15.2,terminal:6:15.2:t1,15.2:t1,t1
,,6,t2,15.2:t2,edge:6:component:15.2:terminal:15.2:t2,,15.2,,,,,,,,,,,HAS_TERMINAL,bottom,,,component:6:15.2,terminal:6:15.2:t2,15.2:t2,t2
,,6,t1,26.1:t1,edge:6:component:26.1:terminal:26.1:t1,,26.1,,,,,,,,,,,HAS_TERMINAL,top,,,component:6:26.1,terminal:6:26.1:t1,26.1:t1,t1
,,6,t2,26.1:t2,edge:6:component:26.1:terminal:26.1:t2,,26.1,,,,,,,,,,,HAS_TERMINAL,bottom,,,component:6:26.1,terminal:6:26.1:t2,26.1:t2,t2
,Battery,6,,2.1:positive,edge:6:terminal:2.1:t1:net:N1,,,,False,ok,0.0,matched_preferred,[],N1,,1,False,CONNECTED_TO,,positive,"[75, 161]",terminal:6:2.1:t1,net:6:N1,2.1:t1,
,Battery,6,,2.1:negative,edge:6:terminal:2.1:t2:net:N2,,,,False,ok,0.0,matched_preferred,[],N2,,2,False,CONNECTED_TO,,negative,"[75, 439]",terminal:6:2.1:t2,net:6:N2,2.1:t2,
,Breaker,6,,3.1:t1,edge:6:terminal:3.1:t1:net:N1,,,,False,ok,1.0,matched_preferred,[],N1,,1,False,CONNECTED_TO,,,"[170, 125]",terminal:6:3.1:t1,net:6:N1,3.1:t1,
,Breaker,6,,3.1:t2,edge:6:terminal:3.1:t2:net:N3,,,,False,ok,1.0,matched_preferred,[],N3,,3,False,CONNECTED_TO,,,"[248, 125]",terminal:6:3.1:t2,net:6:N3,3.1:t2,
,Analog_Meter,6,,0.1:t1,edge:6:terminal:0.1:t1:net:N4,,,,False,ok,2.0,matched_preferred,[],N4,,4,False,CONNECTED_TO,,,"[342, 230]",terminal:6:0.1:t1,net:6:N4,0.1:t1,
,Analog_Meter,6,,0.1:t2,edge:6:terminal:0.1:t2:net:N5,,,,False,ok,0.0,matched_preferred,[],N5,,5,False,CONNECTED_TO,,,"[341, 408]",terminal:6:0.1:t2,net:6:N5,0.1:t2,
,Signal_Source,6,,23.1:t1,edge:6:terminal:23.1:t1:net:N3,,,,False,ok,3.0,matched_preferred,[],N3,,3,False,CONNECTED_TO,,,"[372, 125]",terminal:6:23.1:t1,net:6:N3,23.1:t1,
,Signal_Source,6,,23.1:t2,edge:6:terminal:23.1:t2:net:N8,,,,False,ok,3.0,matched_preferred,[],N8,,8,False,CONNECTED_TO,,,"[438, 125]",terminal:6:23.1:t2,net:6:N8,23.1:t2,
,Meter,6,,15.1:t1,edge:6:terminal:15.1:t1:net:N2,,,,False,ok,0.0,matched_preferred,[],N2,,2,False,CONNECTED_TO,,,"[451, 893]",terminal:6:15.1:t1,net:6:N2,15.1:t1,
,Meter,6,,15.1:t2,edge:6:terminal:15.1:t2:net:N7,,,,False,ok,0.0,matched_preferred,[],N7,,7,False,CONNECTED_TO,,,"[516, 893]",terminal:6:15.1:t2,net:6:N7,15.1:t2,
,Trim_Capacitor,6,,29.1:t1,edge:6:terminal:29.1:t1:net:N6,,,,False,ok,3.0,matched_preferred,[],N6,,6,False,CONNECTED_TO,,,"[558, 617]",terminal:6:29.1:t1,net:6:N6,29.1:t1,
,Trim_Capacitor,6,,29.1:t2,edge:6:terminal:29.1:t2:net:N7,,,,False,ok,3.0,matched_preferred,[],N7,,7,False,CONNECTED_TO,,,"[558, 763]",terminal:6:29.1:t2,net:6:N7,29.1:t2,
,Variable_Resistor,6,,30.1:t1,edge:6:terminal:30.1:t1:net:N8,,,,False,ok,0.0,matched_preferred,[],N8,,8,False,CONNECTED_TO,,,"[558, 259]",terminal:6:30.1:t1,net:6:N8,30.1:t1,
,Variable_Resistor,6,,30.1:t2,edge:6:terminal:30.1:t2:net:N6,,,,False,ok,0.0,matched_preferred,[],N6,,6,False,CONNECTED_TO,,,"[558, 452]",terminal:6:30.1:t2,net:6:N6,30.1:t2,
,Variable_Resistor,6,,30.2:t1,edge:6:terminal:30.2:t1:net:N7,,,,False,ok,1.0,matched_preferred,[],N7,,7,False,CONNECTED_TO,,,"[643, 893]",terminal:6:30.2:t1,net:6:N7,30.2:t1,
,Variable_Resistor,6,,30.2:t2,edge:6:terminal:30.2:t2:net:N10,,,,False,ok,0.0,matched_preferred,[],N10,,10,False,CONNECTED_TO,,,"[756, 893]",terminal:6:30.2:t2,net:6:N10,30.2:t2,
,Diode,6,,7.1:cathode,edge:6:terminal:7.1:t1:net:N9,,,,False,ok,1.0,matched_preferred,[],N9,,9,False,CONNECTED_TO,,cathode,"[754, 618]",terminal:6:7.1:t1,net:6:N9,7.1:t1,
,Diode,6,,7.1:anode,edge:6:terminal:7.1:t2:net:N10,,,,False,ok,1.0,matched_preferred,[],N10,,10,False,CONNECTED_TO,,anode,"[754, 756]",terminal:6:7.1:t2,net:6:N10,7.1:t2,
,Inductor,6,,10.1:t1,edge:6:terminal:10.1:t1:net:N8,,,,False,ok,0.0,matched_preferred,[],N8,,8,False,CONNECTED_TO,,,"[754, 257]",terminal:6:10.1:t1,net:6:N8,10.1:t1,
,Inductor,6,,10.1:t2,edge:6:terminal:10.1:t2:net:N9,,,,False,ok,0.0,matched_preferred,[],N9,,9,False,CONNECTED_TO,,,"[754, 444]",terminal:6:10.1:t2,net:6:N9,10.1:t2,
,Meter,6,,15.2:t1,edge:6:terminal:15.2:t1:net:N11,,,,False,ok,0.0,matched_preferred,[],N11,,11,False,CONNECTED_TO,,,"[892, 399]",terminal:6:15.2:t1,net:6:N11,15.2:t1,
,Meter,6,,15.2:t2,edge:6:terminal:15.2:t2:net:N10,,,,False,ok,0.0,matched_preferred,[],N10,,10,False,CONNECTED_TO,,,"[892, 557]",terminal:6:15.2:t2,net:6:N10,15.2:t2,
,Terminal,6,,26.1:t1,edge:6:terminal:26.1:t1:net:N8,,,,False,ok,1.0,matched_preferred,[],N8,,8,False,CONNECTED_TO,,,"[892, 164]",terminal:6:26.1:t1,net:6:N8,26.1:t1,
,Terminal,6,,26.1:t2,edge:6:terminal:26.1:t2:net:N11,,,,False,ok,1.0,matched_preferred,[],N11,,11,False,CONNECTED_TO,,,"[892, 266]",terminal:6:26.1:t2,net:6:N11,26.1:t2,
Battery,,7,,,edge:7:diagram_to_component:2.1,,2.1,,,,,,,,,,,HAS_COMPONENT,,,,diagram:7,component:7:2.1,,
Fuse,,7,,,edge:7:diagram_to_component:8.1,,8.1,,,,,,,,,,,HAS_COMPONENT,,,,diagram:7,component:7:8.1,,
Switch,,7,,,edge:7:diagram_to_component:25.1,,25.1,,,,,,,,,,,HAS_COMPONENT,,,,diagram:7,component:7:25.1,,
GND,,7,,,edge:7:diagram_to_component:9.1,,9.1,,,,,,,,,,,HAS_COMPONENT,,,,diagram:7,component:7:9.1,,
Resistor,,7,,,edge:7:diagram_to_component:22.1,,22.1,,,,,,,,,,,HAS_COMPONENT,,,,diagram:7,component:7:22.1,,
LED,,7,,,edge:7:diagram_to_component:12.1,,12.1,,,,,,,,,,,HAS_COMPONENT,,,,diagram:7,component:7:12.1,,
GND,,7,,,edge:7:diagram_to_component:9.2,,9.2,,,,,,,,,,,HAS_COMPONENT,,,,diagram:7,component:7:9.2,,
Capacitor,,7,,,edge:7:diagram_to_component:4.1,,4.1,,,,,,,,,,,HAS_COMPONENT,,,,diagram:7,component:7:4.1,,
Diode,,7,,,edge:7:diagram_to_component:7.1,,7.1,,,,,,,,,,,HAS_COMPONENT,,,,diagram:7,component:7:7.1,,
Operational_Amplifier,,7,,,edge:7:diagram_to_component:19.1,,19.1,,,,,,,,,,,HAS_COMPONENT,,,,diagram:7,component:7:19.1,,
Transformer,,7,,,edge:7:diagram_to_component:28.1,,28.1,,,,,,,,,,,HAS_COMPONENT,,,,diagram:7,component:7:28.1,,
Resistor,,7,,,edge:7:diagram_to_component:22.2,,22.2,,,,,,,,,,,HAS_COMPONENT,,,,diagram:7,component:7:22.2,,
NPN_Transistor,,7,,,edge:7:diagram_to_component:18.1,,18.1,,,,,,,,,,,HAS_COMPONENT,,,,diagram:7,component:7:18.1,,
Connector,,7,,,edge:7:diagram_to_component:5.1,,5.1,,,,,,,,,,,HAS_COMPONENT,,,,diagram:7,component:7:5.1,,
GND,,7,,,edge:7:diagram_to_component:9.3,,9.3,,,,,,,,,,,HAS_COMPONENT,,,,diagram:7,component:7:9.3,,
,,7,,,edge:7:diagram_to_net:N1,,,False,,,,,,N1,,1,,HAS_NET,,,,diagram:7,net:7:N1,,
,,7,,,edge:7:diagram_to_net:N2,,,False,,,,,,N2,,2,,HAS_NET,,,,diagram:7,net:7:N2,,
,,7,,,edge:7:diagram_to_net:N3,,,False,,,,,,N3,,3,,HAS_NET,,,,diagram:7,net:7:N3,,
,,7,,,edge:7:diagram_to_net:N4,,,False,,,,,,N4,,4,,HAS_NET,,,,diagram:7,net:7:N4,,
,,7,,,edge:7:diagram_to_net:N5,,,False,,,,,,N5,,5,,HAS_NET,,,,diagram:7,net:7:N5,,
,,7,,,edge:7:diagram_to_net:N6,,,False,,,,,,N6,,6,,HAS_NET,,,,diagram:7,net:7:N6,,
,,7,,,edge:7:diagram_to_net:N7,,,False,,,,,,N7,,7,,HAS_NET,,,,diagram:7,net:7:N7,,
,,7,,,edge:7:diagram_to_net:N8,,,False,,,,,,N8,,8,,HAS_NET,,,,diagram:7,net:7:N8,,
,,7,,,edge:7:diagram_to_net:N9,,,False,,,,,,N9,,9,,HAS_NET,,,,diagram:7,net:7:N9,,
,,7,,,edge:7:diagram_to_net:N10,,,False,,,,,,N10,,10,,HAS_NET,,,,diagram:7,net:7:N10,,
,,7,,,edge:7:diagram_to_net:N11,,,False,,,,,,N11,,11,,HAS_NET,,,,diagram:7,net:7:N11,,
,,7,,,edge:7:diagram_to_net:N12,,,False,,,,,,N12,,12,,HAS_NET,,,,diagram:7,net:7:N12,,
,,7,,,edge:7:diagram_to_net:N13,,,False,,,,,,N13,,13,,HAS_NET,,,,diagram:7,net:7:N13,,
,,7,positive,2.1:positive,edge:7:component:2.1:terminal:2.1:t1,,2.1,,,,,,,,,,,HAS_TERMINAL,top,positive,,component:7:2.1,terminal:7:2.1:t1,2.1:t1,t1
,,7,negative,2.1:negative,edge:7:component:2.1:terminal:2.1:t2,,2.1,,,,,,,,,,,HAS_TERMINAL,bottom,negative,,component:7:2.1,terminal:7:2.1:t2,2.1:t2,t2
,,7,t1,8.1:t1,edge:7:component:8.1:terminal:8.1:t1,,8.1,,,,,,,,,,,HAS_TERMINAL,left,,,component:7:8.1,terminal:7:8.1:t1,8.1:t1,t1
,,7,t2,8.1:t2,edge:7:component:8.1:terminal:8.1:t2,,8.1,,,,,,,,,,,HAS_TERMINAL,right,,,component:7:8.1,terminal:7:8.1:t2,8.1:t2,t2
,,7,t1,25.1:t1,edge:7:component:25.1:terminal:25.1:t1,,25.1,,,,,,,,,,,HAS_TERMINAL,left,,,component:7:25.1,terminal:7:25.1:t1,25.1:t1,t1
,,7,t2,25.1:t2,edge:7:component:25.1:terminal:25.1:t2,,25.1,,,,,,,,,,,HAS_TERMINAL,right,,,component:7:25.1,terminal:7:25.1:t2,25.1:t2,t2
,,7,t1,9.1:t1,edge:7:component:9.1:terminal:9.1:t1,,9.1,,,,,,,,,,,HAS_TERMINAL,top,,,component:7:9.1,terminal:7:9.1:t1,9.1:t1,t1
,,7,t1,22.1:t1,edge:7:component:22.1:terminal:22.1:t1,,22.1,,,,,,,,,,,HAS_TERMINAL,top,,,component:7:22.1,terminal:7:22.1:t1,22.1:t1,t1
,,7,t2,22.1:t2,edge:7:component:22.1:terminal:22.1:t2,,22.1,,,,,,,,,,,HAS_TERMINAL,bottom,,,component:7:22.1,terminal:7:22.1:t2,22.1:t2,t2
,,7,anode,12.1:anode,edge:7:component:12.1:terminal:12.1:t1,,12.1,,,,,,,,,,,HAS_TERMINAL,top,anode,,component:7:12.1,terminal:7:12.1:t1,12.1:t1,t1
,,7,cathode,12.1:cathode,edge:7:component:12.1:terminal:12.1:t2,,12.1,,,,,,,,,,,HAS_TERMINAL,bottom,cathode,,component:7:12.1,terminal:7:12.1:t2,12.1:t2,t2
,,7,t1,9.2:t1,edge:7:component:9.2:terminal:9.2:t1,,9.2,,,,,,,,,,,HAS_TERMINAL,top,,,component:7:9.2,terminal:7:9.2:t1,9.2:t1,t1
,,7,t1,4.1:t1,edge:7:component:4.1:terminal:4.1:t1,,4.1,,,,,,,,,,,HAS_TERMINAL,top,,,component:7:4.1,terminal:7:4.1:t1,4.1:t1,t1
,,7,t2,4.1:t2,edge:7:component:4.1:terminal:4.1:t2,,4.1,,,,,,,,,,,HAS_TERMINAL,bottom,,,component:7:4.1,terminal:7:4.1:t2,4.1:t2,t2
,,7,anode,7.1:anode,edge:7:component:7.1:terminal:7.1:t1,,7.1,,,,,,,,,,,HAS_TERMINAL,top,anode,,component:7:7.1,terminal:7:7.1:t1,7.1:t1,t1
,,7,cathode,7.1:cathode,edge:7:component:7.1:terminal:7.1:t2,,7.1,,,,,,,,,,,HAS_TERMINAL,bottom,cathode,,component:7:7.1,terminal:7:7.1:t2,7.1:t2,t2
,,7,in1,19.1:in1,edge:7:component:19.1:terminal:19.1:in1,,19.1,,,,,,,,,,,HAS_TERMINAL,left,,,component:7:19.1,terminal:7:19.1:in1,19.1:in1,in1
,,7,in2,19.1:in2,edge:7:component:19.1:terminal:19.1:in2,,19.1,,,,,,,,,,,HAS_TERMINAL,left,,,component:7:19.1,terminal:7:19.1:in2,19.1:in2,in2
,,7,out,19.1:out,edge:7:component:19.1:terminal:19.1:out,,19.1,,,,,,,,,,,HAS_TERMINAL,right,,,component:7:19.1,terminal:7:19.1:out,19.1:out,out
,,7,t1,28.1:t1,edge:7:component:28.1:terminal:28.1:t1,,28.1,,,,,,,,,,,HAS_TERMINAL,top,,,component:7:28.1,terminal:7:28.1:t1,28.1:t1,t1
,,7,t2,28.1:t2,edge:7:component:28.1:terminal:28.1:t2,,28.1,,,,,,,,,,,HAS_TERMINAL,top,,,component:7:28.1,terminal:7:28.1:t2,28.1:t2,t2
,,7,t3,28.1:t3,edge:7:component:28.1:terminal:28.1:t3,,28.1,,,,,,,,,,,HAS_TERMINAL,bottom,,,component:7:28.1,terminal:7:28.1:t3,28.1:t3,t3
,,7,t4,28.1:t4,edge:7:component:28.1:terminal:28.1:t4,,28.1,,,,,,,,,,,HAS_TERMINAL,bottom,,,component:7:28.1,terminal:7:28.1:t4,28.1:t4,t4
,,7,t1,22.2:t1,edge:7:component:22.2:terminal:22.2:t1,,22.2,,,,,,,,,,,HAS_TERMINAL,left,,,component:7:22.2,terminal:7:22.2:t1,22.2:t1,t1
,,7,t2,22.2:t2,edge:7:component:22.2:terminal:22.2:t2,,22.2,,,,,,,,,,,HAS_TERMINAL,right,,,component:7:22.2,terminal:7:22.2:t2,22.2:t2,t2
,,7,B,18.1:B,edge:7:component:18.1:terminal:18.1:t1,,18.1,,,,,,,,,,,HAS_TERMINAL,left,B,,component:7:18.1,terminal:7:18.1:t1,18.1:t1,t1
,,7,C,18.1:C,edge:7:component:18.1:terminal:18.1:t2,,18.1,,,,,,,,,,,HAS_TERMINAL,top,C,,component:7:18.1,terminal:7:18.1:t2,18.1:t2,t2
,,7,E,18.1:E,edge:7:component:18.1:terminal:18.1:t3,,18.1,,,,,,,,,,,HAS_TERMINAL,bottom,E,,component:7:18.1,terminal:7:18.1:t3,18.1:t3,t3
,,7,pin1,5.1:pin1,edge:7:component:5.1:terminal:5.1:pin1,,5.1,,,,,,,,,,,HAS_TERMINAL,top,,,component:7:5.1,terminal:7:5.1:pin1,5.1:pin1,pin1
,,7,pin2,5.1:pin2,edge:7:component:5.1:terminal:5.1:pin2,,5.1,,,,,,,,,,,HAS_TERMINAL,top,,,component:7:5.1,terminal:7:5.1:pin2,5.1:pin2,pin2
,,7,pin3,5.1:pin3,edge:7:component:5.1:terminal:5.1:pin3,,5.1,,,,,,,,,,,HAS_TERMINAL,top,,,component:7:5.1,terminal:7:5.1:pin3,5.1:pin3,pin3
,,7,pin4,5.1:pin4,edge:7:component:5.1:terminal:5.1:pin4,,5.1,,,,,,,,,,,HAS_TERMINAL,bottom,,,component:7:5.1,terminal:7:5.1:pin4,5.1:pin4,pin4
,,7,t1,9.3:t1,edge:7:component:9.3:terminal:9.3:t1,,9.3,,,,,,,,,,,HAS_TERMINAL,top,,,component:7:9.3,terminal:7:9.3:t1,9.3:t1,t1
,Battery,7,,2.1:positive,edge:7:terminal:2.1:t1:net:N1,,,,False,ok,1.0,matched_preferred,[],N1,,1,False,CONNECTED_TO,,positive,"[73, 178]",terminal:7:2.1:t1,net:7:N1,2.1:t1,
,Battery,7,,2.1:negative,edge:7:terminal:2.1:t2:net:N3,,,,False,ok,1.0,matched_preferred,[],N3,,3,False,CONNECTED_TO,,negative,"[73, 269]",terminal:7:2.1:t2,net:7:N3,2.1:t2,
,Fuse,7,,8.1:t1,edge:7:terminal:8.1:t1:net:N1,,,,False,ok,4.0,matched_preferred,[],N1,,1,False,CONNECTED_TO,,,"[146, 92]",terminal:7:8.1:t1,net:7:N1,8.1:t1,
,Fuse,7,,8.1:t2,edge:7:terminal:8.1:t2:net:N2,,,,False,ok,4.0,matched_preferred,[],N2,,2,False,CONNECTED_TO,,,"[233, 92]",terminal:7:8.1:t2,net:7:N2,8.1:t2,
,Switch,7,,25.1:t1,edge:7:terminal:25.1:t1:net:N2,,,,False,ok,0.0,matched_preferred,[],N2,,2,False,CONNECTED_TO,,,"[319, 92]",terminal:7:25.1:t1,net:7:N2,25.1:t1,
,Switch,7,,25.1:t2,edge:7:terminal:25.1:t2:net:N8,,,,False,ok,0.0,matched_preferred,[],N8,,8,False,CONNECTED_TO,,,"[407, 92]",terminal:7:25.1:t2,net:7:N8,25.1:t2,
,GND,7,,9.1:t1,edge:7:terminal:9.1:t1:net:N5,,,,False,ok,0.0,matched_preferred,[],N5,,5,False,CONNECTED_TO,,,"[484, 633]",terminal:7:9.1:t1,net:7:N5,9.1:t1,
,Resistor,7,,22.1:t1,edge:7:terminal:22.1:t1:net:N8,,,,False,ok,0.0,matched_preferred,[],N8,,8,False,CONNECTED_TO,,,"[484, 163]",terminal:7:22.1:t1,net:7:N8,22.1:t1,
,Resistor,7,,22.1:t2,edge:7:terminal:22.1:t2:net:N4,,,,False,ok,0.0,matched_preferred,[],N4,,4,False,CONNECTED_TO,,,"[484, 302]",terminal:7:22.1:t2,net:7:N4,22.1:t2,
,LED,7,,12.1:anode,edge:7:terminal:12.1:t1:net:N4,,,,False,ok,0.0,matched_preferred,[],N4,,4,False,CONNECTED_TO,,anode,"[484, 426]",terminal:7:12.1:t1,net:7:N4,12.1:t1,
,LED,7,,12.1:cathode,edge:7:terminal:12.1:t2:net:N5,,,,False,ok,0.0,matched_preferred,[],N5,,5,False,CONNECTED_TO,,cathode,"[484, 539]",terminal:7:12.1:t2,net:7:N5,12.1:t2,
,GND,7,,9.2:t1,edge:7:terminal:9.2:t1:net:N7,,,,False,ok,0.0,matched_preferred,[],N7,,7,False,CONNECTED_TO,,,"[605, 630]",terminal:7:9.2:t1,net:7:N7,9.2:t1,
,Capacitor,7,,4.1:t1,edge:7:terminal:4.1:t1:net:N8,,,,False,ok,1.0,matched_preferred,[],N8,,8,False,CONNECTED_TO,,,"[605, 184]",terminal:7:4.1:t1,net:7:N8,4.1:t1,
,Capacitor,7,,4.1:t2,edge:7:terminal:4.1:t2:net:N6,,,,False,ok,1.0,matched_preferred,[],N6,,6,False,CONNECTED_TO,,,"[605, 276]",terminal:7:4.1:t2,net:7:N6,4.1:t2,
,Diode,7,,7.1:anode,edge:7:terminal:7.1:t1:net:N6,,,,False,ok,2.0,matched_preferred,[],N6,,6,False,CONNECTED_TO,,anode,"[605, 445]",terminal:7:7.1:t1,net:7:N6,7.1:t1,
,Diode,7,,7.1:cathode,edge:7:terminal:7.1:t2:net:N7,,,,False,ok,2.0,matched_preferred,[],N7,,7,False,CONNECTED_TO,,cathode,"[605, 521]",terminal:7:7.1:t2,net:7:N7,7.1:t2,
,Operational_Amplifier,7,,19.1:in1,edge:7:terminal:19.1:in1:net:N3,,,,False,ok,2.236,matched_preferred,[],N3,,3,False,CONNECTED_TO,,,"[621, 715]",terminal:7:19.1:in1,net:7:N3,19.1:in1,
,Operational_Amplifier,7,,19.1:out,edge:7:terminal:19.1:out:net:N10,,,,False,ok,3.0,matched_preferred,[],N10,,10,False,CONNECTED_TO,,,"[766, 774]",terminal:7:19.1:out,net:7:N10,19.1:out,
,Transformer,7,,28.1:t1,edge:7:terminal:28.1:t1:net:N8,,,,False,ok,0.0,matched_preferred,[],N8,,8,False,CONNECTED_TO,,,"[726, 109]",terminal:7:28.1:t1,net:7:N8,28.1:t1,
,Transformer,7,,28.1:t2,edge:7:terminal:28.1:t2:net:N8,,,,False,ok,17.0,matched_single,"[""no_preferred_net_from_05"", ""matched_without_preferred_label"", ""used_circle_search""]",N8,,8,False,CONNECTED_TO,,,"[779, 92]",terminal:7:28.1:t2,net:7:N8,28.1:t2,
,Transformer,7,,28.1:t3,edge:7:terminal:28.1:t3:net:N9,,,,False,ok,1.414,matched_preferred,[],N9,,9,False,CONNECTED_TO,,,"[729, 233]",terminal:7:28.1:t3,net:7:N9,28.1:t3,
,Transformer,7,,28.1:t4,edge:7:terminal:28.1:t4:net:N9,,,,False,ok,12.0,matched_preferred,[],N9,,9,False,CONNECTED_TO,,,"[787, 244]",terminal:7:28.1:t4,net:7:N9,28.1:t4,
,Resistor,7,,22.2:t1,edge:7:terminal:22.2:t1:net:N10,,,,False,ok,2.0,matched_preferred,[],N10,,10,False,CONNECTED_TO,,,"[772, 774]",terminal:7:22.2:t1,net:7:N10,22.2:t1,
,Resistor,7,,22.2:t2,edge:7:terminal:22.2:t2:net:N11,,,,False,ok,2.0,matched_preferred,[],N11,,11,False,CONNECTED_TO,,,"[850, 774]",terminal:7:22.2:t2,net:7:N11,22.2:t2,
,NPN_Transistor,7,,18.1:B,edge:7:terminal:18.1:t1:net:N11,,,,False,ok,0.0,matched_preferred,[],N11,,11,False,CONNECTED_TO,,B,"[873, 773]",terminal:7:18.1:t1,net:7:N11,18.1:t1,
,NPN_Transistor,7,,18.1:E,edge:7:terminal:18.1:t3:net:N13,,,,False,ok,0.0,matched_preferred,[],N13,,13,False,CONNECTED_TO,,E,"[909, 849]",terminal:7:18.1:t3,net:7:N13,18.1:t3,
,Connector,7,,5.1:pin1,edge:7:terminal:5.1:pin1:net:N8,,,,False,ok,6.708,matched_preferred,"[""used_circle_search""]",N8,,8,False,CONNECTED_TO,,,"[847, 153]",terminal:7:5.1:pin1,net:7:N8,5.1:pin1,
,Connector,7,,5.1:pin2,edge:7:terminal:5.1:pin2:net:N12,,,,False,ok,0.0,matched_preferred,[],N12,,12,False,CONNECTED_TO,,,"[889, 150]",terminal:7:5.1:pin2,net:7:N12,5.1:pin2,
,Connector,7,,5.1:pin3,edge:7:terminal:5.1:pin3:net:N12,,,,False,ok,0.0,matched_preferred,[],N12,,12,False,CONNECTED_TO,,,"[919, 150]",terminal:7:5.1:pin3,net:7:N12,5.1:pin3,
,GND,7,,9.3:t1,edge:7:terminal:9.3:t1:net:N13,,,,False,ok,1.0,matched_preferred,[],N13,,13,False,CONNECTED_TO,,,"[909, 931]",terminal:7:9.3:t1,net:7:N13,9.3:t1,
Terminal,,8,,,edge:8:diagram_to_component:26.1,,26.1,,,,,,,,,,,HAS_COMPONENT,,,,diagram:8,component:8:26.1,,
Terminal,,8,,,edge:8:diagram_to_component:26.2,,26.2,,,,,,,,,,,HAS_COMPONENT,,,,diagram:8,component:8:26.2,,
Polarized_Capacitor,,8,,,edge:8:diagram_to_component:20.1,,20.1,,,,,,,,,,,HAS_COMPONENT,,,,diagram:8,component:8:20.1,,
Polarized_Capacitor,,8,,,edge:8:diagram_to_component:20.2,,20.2,,,,,,,,,,,HAS_COMPONENT,,,,diagram:8,component:8:20.2,,
GND,,8,,,edge:8:diagram_to_component:9.1,,9.1,,,,,,,,,,,HAS_COMPONENT,,,,diagram:8,component:8:9.1,,
Inductor,,8,,,edge:8:diagram_to_component:10.1,,10.1,,,,,,,,,,,HAS_COMPONENT,,,,diagram:8,component:8:10.1,,
Transformer,,8,,,edge:8:diagram_to_component:28.1,,28.1,,,,,,,,,,,HAS_COMPONENT,,,,diagram:8,component:8:28.1,,
Terminal,,8,,,edge:8:diagram_to_component:26.3,,26.3,,,,,,,,,,,HAS_COMPONENT,,,,diagram:8,component:8:26.3,,
Terminal,,8,,,edge:8:diagram_to_component:26.4,,26.4,,,,,,,,,,,HAS_COMPONENT,,,,diagram:8,component:8:26.4,,
,,8,,,edge:8:diagram_to_net:N1,,,False,,,,,,N1,,1,,HAS_NET,,,,diagram:8,net:8:N1,,
,,8,,,edge:8:diagram_to_net:N2,,,False,,,,,,N2,,2,,HAS_NET,,,,diagram:8,net:8:N2,,
,,8,,,edge:8:diagram_to_net:N3,,,False,,,,,,N3,,3,,HAS_NET,,,,diagram:8,net:8:N3,,
,,8,,,edge:8:diagram_to_net:N4,,,False,,,,,,N4,,4,,HAS_NET,,,,diagram:8,net:8:N4,,
,,8,,,edge:8:diagram_to_net:N5,,,False,,,,,,N5,,5,,HAS_NET,,,,diagram:8,net:8:N5,,
,,8,,,edge:8:diagram_to_net:N6,,,False,,,,,,N6,,6,,HAS_NET,,,,diagram:8,net:8:N6,,
,,8,t1,26.1:t1,edge:8:component:26.1:terminal:26.1:t1,,26.1,,,,,,,,,,,HAS_TERMINAL,right,,,component:8:26.1,terminal:8:26.1:t1,26.1:t1,t1
,,8,t1,26.2:t1,edge:8:component:26.2:terminal:26.2:t1,,26.2,,,,,,,,,,,HAS_TERMINAL,right,,,component:8:26.2,terminal:8:26.2:t1,26.2:t1,t1
,,8,positive,20.1:positive,edge:8:component:20.1:terminal:20.1:t1,,20.1,,,,,,,,,,,HAS_TERMINAL,top,positive,,component:8:20.1,terminal:8:20.1:t1,20.1:t1,t1
,,8,negative,20.1:negative,edge:8:component:20.1:terminal:20.1:t2,,20.1,,,,,,,,,,,HAS_TERMINAL,bottom,negative,,component:8:20.1,terminal:8:20.1:t2,20.1:t2,t2
,,8,positive,20.2:positive,edge:8:component:20.2:terminal:20.2:t1,,20.2,,,,,,,,,,,HAS_TERMINAL,top,positive,,component:8:20.2,terminal:8:20.2:t1,20.2:t1,t1
,,8,negative,20.2:negative,edge:8:component:20.2:terminal:20.2:t2,,20.2,,,,,,,,,,,HAS_TERMINAL,bottom,negative,,component:8:20.2,terminal:8:20.2:t2,20.2:t2,t2
,,8,t1,9.1:t1,edge:8:component:9.1:terminal:9.1:t1,,9.1,,,,,,,,,,,HAS_TERMINAL,top,,,component:8:9.1,terminal:8:9.1:t1,9.1:t1,t1
,,8,t1,10.1:t1,edge:8:component:10.1:terminal:10.1:t1,,10.1,,,,,,,,,,,HAS_TERMINAL,left,,,component:8:10.1,terminal:8:10.1:t1,10.1:t1,t1
,,8,t2,10.1:t2,edge:8:component:10.1:terminal:10.1:t2,,10.1,,,,,,,,,,,HAS_TERMINAL,right,,,component:8:10.1,terminal:8:10.1:t2,10.1:t2,t2
,,8,t1,28.1:t1,edge:8:component:28.1:terminal:28.1:t1,,28.1,,,,,,,,,,,HAS_TERMINAL,top,,,component:8:28.1,terminal:8:28.1:t1,28.1:t1,t1
,,8,t2,28.1:t2,edge:8:component:28.1:terminal:28.1:t2,,28.1,,,,,,,,,,,HAS_TERMINAL,top,,,component:8:28.1,terminal:8:28.1:t2,28.1:t2,t2
,,8,t3,28.1:t3,edge:8:component:28.1:terminal:28.1:t3,,28.1,,,,,,,,,,,HAS_TERMINAL,bottom,,,component:8:28.1,terminal:8:28.1:t3,28.1:t3,t3
,,8,t4,28.1:t4,edge:8:component:28.1:terminal:28.1:t4,,28.1,,,,,,,,,,,HAS_TERMINAL,bottom,,,component:8:28.1,terminal:8:28.1:t4,28.1:t4,t4
,,8,t1,26.3:t1,edge:8:component:26.3:terminal:26.3:t1,,26.3,,,,,,,,,,,HAS_TERMINAL,left,,,component:8:26.3,terminal:8:26.3:t1,26.3:t1,t1
,,8,t1,26.4:t1,edge:8:component:26.4:terminal:26.4:t1,,26.4,,,,,,,,,,,HAS_TERMINAL,left,,,component:8:26.4,terminal:8:26.4:t1,26.4:t1,t1
,Terminal,8,,26.1:t1,edge:8:terminal:26.1:t1:net:N3,,,,False,ok,2.0,matched_preferred,[],N3,,3,False,CONNECTED_TO,,,"[225, 831]",terminal:8:26.1:t1,net:8:N3,26.1:t1,
,Terminal,8,,26.2:t1,edge:8:terminal:26.2:t1:net:N1,,,,False,ok,0.0,matched_preferred,[],N1,,1,False,CONNECTED_TO,,,"[228, 116]",terminal:8:26.2:t1,net:8:N1,26.2:t1,
,Polarized_Capacitor,8,,20.1:positive,edge:8:terminal:20.1:t1:net:N1,,,,False,ok,2.0,matched_preferred,[],N1,,1,False,CONNECTED_TO,,positive,"[281, 270]",terminal:8:20.1:t1,net:8:N1,20.1:t1,
,Polarized_Capacitor,8,,20.1:negative,edge:8:terminal:20.1:t2:net:N2,,,,False,ok,2.0,matched_preferred,[],N2,,2,False,CONNECTED_TO,,negative,"[281, 361]",terminal:8:20.1:t2,net:8:N2,20.1:t2,
,Polarized_Capacitor,8,,20.2:positive,edge:8:terminal:20.2:t1:net:N2,,,,False,ok,2.0,matched_preferred,[],N2,,2,False,CONNECTED_TO,,positive,"[281, 574]",terminal:8:20.2:t1,net:8:N2,20.2:t1,
,Polarized_Capacitor,8,,20.2:negative,edge:8:terminal:20.2:t2:net:N3,,,,False,ok,2.0,matched_preferred,[],N3,,3,False,CONNECTED_TO,,negative,"[281, 665]",terminal:8:20.2:t2,net:8:N3,20.2:t2,
,GND,8,,9.1:t1,edge:8:terminal:9.1:t1:net:N3,,,,False,ok,1.0,matched_preferred,[],N3,,3,False,CONNECTED_TO,,,"[279, 923]",terminal:8:9.1:t1,net:8:N3,9.1:t1,
,Inductor,8,,10.1:t1,edge:8:terminal:10.1:t1:net:N2,,,,False,ok,0.0,matched_preferred,[],N2,,2,False,CONNECTED_TO,,,"[446, 458]",terminal:8:10.1:t1,net:8:N2,10.1:t1,
,Inductor,8,,10.1:t2,edge:8:terminal:10.1:t2:net:N4,,,,False,ok,0.0,matched_preferred,[],N4,,4,False,CONNECTED_TO,,,"[583, 458]",terminal:8:10.1:t2,net:8:N4,10.1:t2,
,Transformer,8,,28.1:t1,edge:8:terminal:28.1:t1:net:N4,,,,False,ok,1.0,matched_preferred,[],N4,,4,False,CONNECTED_TO,,,"[713, 506]",terminal:8:28.1:t1,net:8:N4,28.1:t1,
,Transformer,8,,28.1:t2,edge:8:terminal:28.1:t2:net:N6,,,,False,ok,1.0,matched_preferred,[],N6,,6,False,CONNECTED_TO,,,"[837, 506]",terminal:8:28.1:t2,net:8:N6,28.1:t2,
,Transformer,8,,28.1:t3,edge:8:terminal:28.1:t3:net:N3,,,,False,ok,0.0,matched_preferred,[],N3,,3,False,CONNECTED_TO,,,"[712, 730]",terminal:8:28.1:t3,net:8:N3,28.1:t3,
,Transformer,8,,28.1:t4,edge:8:terminal:28.1:t4:net:N5,,,,False,ok,0.0,matched_preferred,[],N5,,5,False,CONNECTED_TO,,,"[837, 730]",terminal:8:28.1:t4,net:8:N5,28.1:t4,
,Terminal,8,,26.3:t1,edge:8:terminal:26.3:t1:net:N6,,,,False,ok,2.0,matched_preferred,[],N6,,6,False,CONNECTED_TO,,,"[942, 455]",terminal:8:26.3:t1,net:8:N6,26.3:t1,
,Terminal,8,,26.4:t1,edge:8:terminal:26.4:t1:net:N5,,,,False,ok,2.0,matched_preferred,[],N5,,5,False,CONNECTED_TO,,,"[944, 831]",terminal:8:26.4:t1,net:8:N5,26.4:t1,
Resistor,,9,,,edge:9:diagram_to_component:22.1,,22.1,,,,,,,,,,,HAS_COMPONENT,,,,diagram:9,component:9:22.1,,
Inductor,,9,,,edge:9:diagram_to_component:10.1,,10.1,,,,,,,,,,,HAS_COMPONENT,,,,diagram:9,component:9:10.1,,
Transformer,,9,,,edge:9:diagram_to_component:28.1,,28.1,,,,,,,,,,,HAS_COMPONENT,,,,diagram:9,component:9:28.1,,
Resistor,,9,,,edge:9:diagram_to_component:22.2,,22.2,,,,,,,,,,,HAS_COMPONENT,,,,diagram:9,component:9:22.2,,
Inductor,,9,,,edge:9:diagram_to_component:10.2,,10.2,,,,,,,,,,,HAS_COMPONENT,,,,diagram:9,component:9:10.2,,
Resistor,,9,,,edge:9:diagram_to_component:22.3,,22.3,,,,,,,,,,,HAS_COMPONENT,,,,diagram:9,component:9:22.3,,
Inductor,,9,,,edge:9:diagram_to_component:10.3,,10.3,,,,,,,,,,,HAS_COMPONENT,,,,diagram:9,component:9:10.3,,
Inductor,,9,,,edge:9:diagram_to_component:10.4,,10.4,,,,,,,,,,,HAS_COMPONENT,,,,diagram:9,component:9:10.4,,
Resistor,,9,,,edge:9:diagram_to_component:22.4,,22.4,,,,,,,,,,,HAS_COMPONENT,,,,diagram:9,component:9:22.4,,
,,9,,,edge:9:diagram_to_net:N1,,,False,,,,,,N1,,1,,HAS_NET,,,,diagram:9,net:9:N1,,
,,9,,,edge:9:diagram_to_net:N2,,,False,,,,,,N2,,2,,HAS_NET,,,,diagram:9,net:9:N2,,
,,9,,,edge:9:diagram_to_net:N3,,,False,,,,,,N3,,3,,HAS_NET,,,,diagram:9,net:9:N3,,
,,9,,,edge:9:diagram_to_net:N4,,,False,,,,,,N4,,4,,HAS_NET,,,,diagram:9,net:9:N4,,
,,9,,,edge:9:diagram_to_net:N5,,,False,,,,,,N5,,5,,HAS_NET,,,,diagram:9,net:9:N5,,
,,9,,,edge:9:diagram_to_net:N6,,,False,,,,,,N6,,6,,HAS_NET,,,,diagram:9,net:9:N6,,
,,9,,,edge:9:diagram_to_net:N7,,,False,,,,,,N7,,7,,HAS_NET,,,,diagram:9,net:9:N7,,
,,9,,,edge:9:diagram_to_net:N8,,,False,,,,,,N8,,8,,HAS_NET,,,,diagram:9,net:9:N8,,
,,9,,,edge:9:diagram_to_net:N9,,,False,,,,,,N9,,9,,HAS_NET,,,,diagram:9,net:9:N9,,
,,9,t1,22.1:t1,edge:9:component:22.1:terminal:22.1:t1,,22.1,,,,,,,,,,,HAS_TERMINAL,left,,,component:9:22.1,terminal:9:22.1:t1,22.1:t1,t1
,,9,t2,22.1:t2,edge:9:component:22.1:terminal:22.1:t2,,22.1,,,,,,,,,,,HAS_TERMINAL,right,,,component:9:22.1,terminal:9:22.1:t2,22.1:t2,t2
,,9,t1,10.1:t1,edge:9:component:10.1:terminal:10.1:t1,,10.1,,,,,,,,,,,HAS_TERMINAL,left,,,component:9:10.1,terminal:9:10.1:t1,10.1:t1,t1
,,9,t2,10.1:t2,edge:9:component:10.1:terminal:10.1:t2,,10.1,,,,,,,,,,,HAS_TERMINAL,right,,,component:9:10.1,terminal:9:10.1:t2,10.1:t2,t2
,,9,t1,28.1:t1,edge:9:component:28.1:terminal:28.1:t1,,28.1,,,,,,,,,,,HAS_TERMINAL,top,,,component:9:28.1,terminal:9:28.1:t1,28.1:t1,t1
,,9,t2,28.1:t2,edge:9:component:28.1:terminal:28.1:t2,,28.1,,,,,,,,,,,HAS_TERMINAL,top,,,component:9:28.1,terminal:9:28.1:t2,28.1:t2,t2
,,9,t3,28.1:t3,edge:9:component:28.1:terminal:28.1:t3,,28.1,,,,,,,,,,,HAS_TERMINAL,bottom,,,component:9:28.1,terminal:9:28.1:t3,28.1:t3,t3
,,9,t4,28.1:t4,edge:9:component:28.1:terminal:28.1:t4,,28.1,,,,,,,,,,,HAS_TERMINAL,bottom,,,component:9:28.1,terminal:9:28.1:t4,28.1:t4,t4
,,9,t1,22.2:t1,edge:9:component:22.2:terminal:22.2:t1,,22.2,,,,,,,,,,,HAS_TERMINAL,top,,,component:9:22.2,terminal:9:22.2:t1,22.2:t1,t1
,,9,t2,22.2:t2,edge:9:component:22.2:terminal:22.2:t2,,22.2,,,,,,,,,,,HAS_TERMINAL,bottom,,,component:9:22.2,terminal:9:22.2:t2,22.2:t2,t2
,,9,t1,10.2:t1,edge:9:component:10.2:terminal:10.2:t1,,10.2,,,,,,,,,,,HAS_TERMINAL,top,,,component:9:10.2,terminal:9:10.2:t1,10.2:t1,t1
,,9,t2,10.2:t2,edge:9:component:10.2:terminal:10.2:t2,,10.2,,,,,,,,,,,HAS_TERMINAL,bottom,,,component:9:10.2,terminal:9:10.2:t2,10.2:t2,t2
,,9,t1,22.3:t1,edge:9:component:22.3:terminal:22.3:t1,,22.3,,,,,,,,,,,HAS_TERMINAL,left,,,component:9:22.3,terminal:9:22.3:t1,22.3:t1,t1
,,9,t2,22.3:t2,edge:9:component:22.3:terminal:22.3:t2,,22.3,,,,,,,,,,,HAS_TERMINAL,right,,,component:9:22.3,terminal:9:22.3:t2,22.3:t2,t2
,,9,t1,10.3:t1,edge:9:component:10.3:terminal:10.3:t1,,10.3,,,,,,,,,,,HAS_TERMINAL,left,,,component:9:10.3,terminal:9:10.3:t1,10.3:t1,t1
,,9,t2,10.3:t2,edge:9:component:10.3:terminal:10.3:t2,,10.3,,,,,,,,,,,HAS_TERMINAL,right,,,component:9:10.3,terminal:9:10.3:t2,10.3:t2,t2
,,9,t1,10.4:t1,edge:9:component:10.4:terminal:10.4:t1,,10.4,,,,,,,,,,,HAS_TERMINAL,top,,,component:9:10.4,terminal:9:10.4:t1,10.4:t1,t1
,,9,t2,10.4:t2,edge:9:component:10.4:terminal:10.4:t2,,10.4,,,,,,,,,,,HAS_TERMINAL,bottom,,,component:9:10.4,terminal:9:10.4:t2,10.4:t2,t2
,,9,t1,22.4:t1,edge:9:component:22.4:terminal:22.4:t1,,22.4,,,,,,,,,,,HAS_TERMINAL,top,,,component:9:22.4,terminal:9:22.4:t1,22.4:t1,t1
,,9,t2,22.4:t2,edge:9:component:22.4:terminal:22.4:t2,,22.4,,,,,,,,,,,HAS_TERMINAL,bottom,,,component:9:22.4,terminal:9:22.4:t2,22.4:t2,t2
,Resistor,9,,22.1:t1,edge:9:terminal:22.1:t1:net:N1,,,,False,ok,1.0,matched_preferred,[],N1,,1,False,CONNECTED_TO,,,"[51, 156]",terminal:9:22.1:t1,net:9:N1,22.1:t1,
,Resistor,9,,22.1:t2,edge:9:terminal:22.1:t2:net:N2,,,,False,ok,5.0,matched_preferred,[],N2,,2,False,CONNECTED_TO,,,"[155, 160]",terminal:9:22.1:t2,net:9:N2,22.1:t2,
,Inductor,9,,10.1:t1,edge:9:terminal:10.1:t1:net:N2,,,,False,ok,0.0,matched_preferred,[],N2,,2,False,CONNECTED_TO,,,"[169, 160]",terminal:9:10.1:t1,net:9:N2,10.1:t1,
,Inductor,9,,10.1:t2,edge:9:terminal:10.1:t2:net:N4,,,,False,ok,1.0,matched_preferred,[],N4,,4,False,CONNECTED_TO,,,"[307, 156]",terminal:9:10.1:t2,net:9:N4,10.1:t2,
,Transformer,9,,28.1:t1,edge:9:terminal:28.1:t1:net:N4,,,,False,ok,2.0,matched_preferred,[],N4,,4,False,CONNECTED_TO,,,"[361, 264]",terminal:9:28.1:t1,net:9:N4,28.1:t1,
,Transformer,9,,28.1:t2,edge:9:terminal:28.1:t2:net:N5,,,,False,ok,1.0,matched_preferred,[],N5,,5,False,CONNECTED_TO,,,"[454, 264]",terminal:9:28.1:t2,net:9:N5,28.1:t2,
,Transformer,9,,28.1:t3,edge:9:terminal:28.1:t3:net:N3,,,,False,ok,2.0,matched_preferred,[],N3,,3,False,CONNECTED_TO,,,"[361, 952]",terminal:9:28.1:t3,net:9:N3,28.1:t3,
,Transformer,9,,28.1:t4,edge:9:terminal:28.1:t4:net:N6,,,,False,ok,1.0,matched_preferred,[],N6,,6,False,CONNECTED_TO,,,"[454, 952]",terminal:9:28.1:t4,net:9:N6,28.1:t4,
,Resistor,9,,22.2:t1,edge:9:terminal:22.2:t1:net:N5,,,,False,ok,1.0,matched_preferred,[],N5,,5,False,CONNECTED_TO,,,"[524, 465]",terminal:9:22.2:t1,net:9:N5,22.2:t1,
,Resistor,9,,22.2:t2,edge:9:terminal:22.2:t2:net:N6,,,,False,ok,1.0,matched_preferred,[],N6,,6,False,CONNECTED_TO,,,"[524, 719]",terminal:9:22.2:t2,net:9:N6,22.2:t2,
,Inductor,9,,10.2:t1,edge:9:terminal:10.2:t1:net:N5,,,,False,ok,0.0,matched_preferred,[],N5,,5,False,CONNECTED_TO,,,"[606, 415]",terminal:9:10.2:t1,net:9:N5,10.2:t1,
,Inductor,9,,10.2:t2,edge:9:terminal:10.2:t2:net:N6,,,,False,ok,0.0,matched_preferred,[],N6,,6,False,CONNECTED_TO,,,"[606, 763]",terminal:9:10.2:t2,net:9:N6,10.2:t2,
,Resistor,9,,22.3:t1,edge:9:terminal:22.3:t1:net:N5,,,,False,ok,6.0,matched_preferred,[],N5,,5,False,CONNECTED_TO,,,"[624, 156]",terminal:9:22.3:t1,net:9:N5,22.3:t1,
,Resistor,9,,22.3:t2,edge:9:terminal:22.3:t2:net:N7,,,,False,ok,6.0,matched_preferred,[],N7,,7,False,CONNECTED_TO,,,"[733, 156]",terminal:9:22.3:t2,net:9:N7,22.3:t2,
,Inductor,9,,10.3:t1,edge:9:terminal:10.3:t1:net:N7,,,,False,ok,1.0,matched_preferred,[],N7,,7,False,CONNECTED_TO,,,"[764, 156]",terminal:9:10.3:t1,net:9:N7,10.3:t1,
,Inductor,9,,10.3:t2,edge:9:terminal:10.3:t2:net:N8,,,,False,ok,1.0,matched_preferred,[],N8,,8,False,CONNECTED_TO,,,"[901, 156]",terminal:9:10.3:t2,net:9:N8,10.3:t2,
,Inductor,9,,10.4:t1,edge:9:terminal:10.4:t1:net:N9,,,,False,ok,0.0,matched_preferred,[],N9,,9,False,CONNECTED_TO,,,"[951, 551]",terminal:9:10.4:t1,net:9:N9,10.4:t1,
,Inductor,9,,10.4:t2,edge:9:terminal:10.4:t2:net:N6,,,,False,ok,0.0,matched_preferred,[],N6,,6,False,CONNECTED_TO,,,"[951, 900]",terminal:9:10.4:t2,net:9:N6,10.4:t2,
,Resistor,9,,22.4:t1,edge:9:terminal:22.4:t1:net:N8,,,,False,ok,0.0,matched_preferred,[],N8,,8,False,CONNECTED_TO,,,"[950, 251]",terminal:9:22.4:t1,net:9:N8,22.4:t1,
,Resistor,9,,22.4:t2,edge:9:terminal:22.4:t2:net:N9,,,,False,ok,1.0,matched_preferred,[],N9,,9,False,CONNECTED_TO,,,"[951, 509]",terminal:9:22.4:t2,net:9:N9,22.4:t2,
