time,v(N001),v(N002),v(N003),v(N004),v(N005),v(N006),v(N007)
0.0,5.0,4.50989765,4.27401895,0.5,4.50943992,0.76996644,0.093619396
1e-05,5.0,4.51331393,4.27405444,0.506201391,4.51291285,0.773439505,0.0993861934
1.46356399e-05,5.0,4.51331313,4.27405446,0.506405792,4.51291202,0.773438747,0.0993891413
2.39069197e-05,5.0,4.51331227,4.27405446,0.506808802,4.51291114,0.77343801,0.0993892634
4.24494792e-05,5.0,4.51331055,4.27405445,0.50761404,4.51290941,0.773436567,0.0993888351
7.95345983e-05,5.0,4.51330694,4.27405445,0.509224794,4.51290574,0.773433577,0.0993886889
0.000153704836,5.0,4.51329917,4.27405445,0.512444163,4.51289784,0.773427389,0.0993879969
0.000302045313,5.0,4.51328092,4.27405445,0.518877631,4.51287932,0.773413858,0.0993882926
0.000598726266,5.0,4.51323133,4.27405448,0.531721241,4.51282895,0.773381458,0.0993933344
0.00119208817,5.0,4.51305112,4.27405473,0.557327843,4.51264594,0.773284986,0.0994338319
0.00219208817,5.0,4.51118908,4.27405962,0.600866056,4.51075392,0.772362102,0.10022807
0.00319208817,5.0,4.49912424,4.27410022,0.649705459,4.49843013,0.766604397,0.106815235
0.00419208817,5.0,4.27388344,4.27679513,0.937785758,0.0715246984,-3.61294546,0.521851487
0.00478439057,5.0,4.27388462,4.27794623,0.93098773,0.0717170712,-3.56355732,0.686498884
0.00536011131,5.0,4.27388608,4.27906523,0.9246366,0.0719560294,-3.51577038,0.839636374
0.00601133136,5.0,4.27388781,4.28033055,0.917820338,0.0722394466,-3.46202333,1.00510988
0.00701133136,5.0,4.27389006,4.28220144,0.907837828,0.0726055653,-3.38021505,1.24388758
0.00801133136,5.0,4.27389276,4.28413672,0.898595355,0.0730471806,-3.29911901,1.46541863
0.00901133136,5.0,4.27389591,4.28607508,0.889974736,0.0735630896,-3.21872956,1.67089941
0.0100113314,5.0,4.27389901,4.28801231,0.881973852,0.0740687447,-3.13912403,1.86154483
0.0110113314,5.0,4.27390254,4.28994762,0.874507216,0.0746454269,-3.06021399,2.03839725
0.0120113314,5.0,4.27390594,4.29188128,0.867580918,0.0752009111,-2.98208453,2.20250812
0.0130113314,5.0,4.27390978,4.29381272,0.861113713,0.0758284415,-2.90463534,2.35476514
0.0140113314,5.0,4.27391342,4.29574232,0.855118259,0.076423217,-2.82796417,2.49607901
0.0150113314,5.0,4.27391752,4.2976694,0.849516762,0.0770916631,-2.75195761,2.6272044
0.0160113314,5.0,4.27392134,4.29959442,0.844327702,0.0777150333,-2.67672745,2.74893134
0.0170113314,5.0,4.27392562,4.30151656,0.839476104,0.0784143949,-2.60214573,2.86190005
0.0180113314,5.0,4.27392955,4.3034364,0.83498562,0.0790556795,-2.52833962,2.96679711
0.0190113314,5.0,4.27393397,4.30535296,0.830783562,0.079776071,-2.45516515,3.06416431
0.0200113314,5.0,4.27393794,4.30726694,0.826898186,0.0804248144,-2.38276626,3.15459951
0.0210113314,5.0,4.27394243,4.30917718,0.823258658,0.0811566611,-2.31098148,3.23855985
0.0220113314,5.0,4.27394639,4.31108452,0.819897337,0.0818028506,-2.23997284,3.31656712
0.0230113314,5.0,4.27395089,4.31298761,0.816744877,0.0825370851,-2.16956002,3.38900565
0.0240113314,5.0,4.27395479,4.31488742,0.813837303,0.0831713654,-2.09992437,3.45633201
0.0250113314,5.0,4.27395925,4.3167824,0.811106459,0.0838996139,-2.03086542,3.51886791
0.0260113314,5.0,4.27396302,4.3186737,0.808591642,0.0845134852,-1.96258497,3.57701401
0.0270113314,5.0,4.27396741,4.3205595,0.80622564,0.0852282309,-1.8948613,3.63103813
0.0280113314,5.0,4.273971,4.32244117,0.804050677,0.0858142185,-1.82791758,3.68129301
0.0290113314,5.0,4.27397527,4.32431658,0.802000281,0.086508934,-1.76150997,3.72800009
0.0300113314,5.0,4.27397865,4.32618736,0.80011929,0.087060718,-1.69588376,3.77147106
0.0310113314,5.0,4.27398276,4.32805104,0.798341808,0.087729957,-1.63077228,3.81188743
0.0320113314,5.0,4.27398591,4.32990953,0.79671501,0.0882424566,-1.56644346,3.8495257
0.0330113314,5.0,4.27398984,4.33175999,0.795173436,0.0888819017,-1.50260745,3.88453302
0.0340113314,5.0,4.27399272,4.33360467,0.793766353,0.0893513072,-1.43955506,3.91715572
0.0350113314,5.0,4.27399645,4.33544026,0.792428623,0.0899577709,-1.37697313,3.94751136
0.0360113314,5.0,4.27399905,4.33726943,0.79121138,0.0903815248,-1.31517535,3.97582044
0.0370113314,5.0,4.27400256,4.33908839,0.790049721,0.0909529081,-1.25382544,4.00217503
0.0380113314,5.0,4.27400488,4.34090022,0.788996448,0.0913296389,-1.19325972,4.02677345
0.0390113314,5.0,4.27400817,4.3427006,0.787986815,0.0918648501,-1.1331192,4.04968587
0.0400113314,5.0,4.27401019,4.34449314,0.787075115,0.0921942655,-1.07376232,4.0710916
0.0410113314,5.0,4.27401326,4.34627289,0.786196699,0.0926931111,-1.01480811,4.09104189
0.0420113314,5.0,4.274015,4.34804405,0.78540719,0.0929758612,-0.956636366,4.10969979
0.0430113314,5.0,4.27401784,4.34980099,0.78464199,0.0934389146,-0.898845072,4.12710027
0.0440113314,5.0,4.2740193,4.35154859,0.78395791,0.0936764369,-0.841834444,4.14339243
0.0450113314,5.0,4.27402194,4.35328047,0.783290363,0.0941048979,-0.785182503,4.1585972
0.0460113314,5.0,4.27402313,4.35500225,0.782697219,0.0942992535,-0.729308795,4.17285173
0.0470113314,5.0,4.27402557,4.35670675,0.782113873,0.0946948065,-0.673772622,4.18616485
0.0480113314,5.0,4.27402651,4.35840043,0.781599141,0.0948485199,-0.619011641,4.19866347
0.0490113314,5.0,4.27402876,4.36007521,0.781088377,0.0952131986,-0.564567764,4.21034602
0.0500113314,5.0,4.27402947,4.36173851,0.780641241,0.0953291077,-0.510895463,4.22133061
0.0510113314,5.0,4.27403154,4.36338127,0.780193026,0.0956651725,-0.457520641,4.23160668
0.0520113314,5.0,4.27403203,4.36501196,0.779804149,0.0957462949,-0.404913249,4.24128486
0.0530113314,5.0,4.27403394,4.36662047,0.779409827,0.0960561267,-0.352584575,4.25034683
0.0540113314,5.0,4.27403424,4.36821641,0.779071155,0.0961055462,-0.301018705,4.25889678
0.0550113314,5.0,4.274036,4.36978858,0.778723262,0.0963915579,-0.249713684,4.26690974
0.0560113314,5.0,4.27403613,4.37134778,0.778427849,0.0964123322,-0.199166416,4.2744844
0.0570113314,5.0,4.27403776,4.37288168,0.778119952,0.096676898,-0.14886303,4.28159002
0.0580113314,5.0,4.27403773,4.37440238,0.777861816,0.0966719874,-0.0993119745,4.28832059
0.0590113314,5.0,4.27403924,4.37589631,0.777588376,0.0969173906,-0.0499887213,4.29464044
0.0600113314,5.0,4.27403907,4.37737695,0.777362366,0.0968896055,-0.00141206014,4.30063954
0.0610113314,5.0,4.27404048,4.37882946,0.777118618,0.097118,0.0469520149,4.30627795
0.0620113314,5.0,4.27404018,4.38026878,0.776920306,0.0970699659,0.0945755049,4.31164221
0.0630113314,5.0,4.27404149,4.38167873,0.776702152,0.0972833526,0.142000799,4.3166887
0.0640113314,5.0,4.27404109,4.38307574,0.776527731,0.0972174893,0.188691735,4.32150107
0.0650113314,5.0,4.27404232,4.38444228,0.776331653,0.0974177026,0.235198084,4.32603251
0.0660113314,5.0,4.27404182,4.38579633,0.776177851,0.0973362159,0.280976481,4.3303642
0.0670113314,5.0,4.27404298,4.38711894,0.77600082,0.0975249256,0.326583173,4.3344466
0.0680113314,5.0,4.27404239,4.38842963,0.775864781,0.0974298477,0.371468491,4.33835869
0.0690113314,5.0,4.2740435,4.38970786,0.775703913,0.0976087882,0.416194489,4.34204811
0.0700113314,5.0,4.27404285,4.39097385,0.775581611,0.097503255,0.460206851,4.34558959
0.0710113314,5.0,4.27404394,4.39220057,0.775425914,0.0976811043,0.504077389,4.34891522
0.0720113314,5.0,4.27404348,4.39338209,0.775268319,0.0976065574,0.547273563,4.352026
0.0730113314,5.0,4.27404768,4.39410837,0.77453515,0.0982891462,0.590800914,4.35385572
0.0740113314,5.0,4.27406503,4.39260803,0.771347529,0.101105816,0.636004394,4.3499497
0.0741363314,5.0,4.27407215,4.39196389,0.770279333,0.102262785,0.64242001,4.34823084
0.0743863314,5.0,4.27410235,4.38977206,0.766347569,0.107160602,0.657810408,4.34217043
0.0743937604,5.0,4.27421113,4.38674459,0.757605253,0.12475761,0.675716452,4.33323214
0.0744086186,5.0,4.27419422,4.38706167,0.758949367,0.122025707,0.673602901,4.33420119
0.0744164338,5.0,4.27420047,4.38673394,0.758141331,0.123036584,0.674939076,4.33319929
0.0744240812,5.0,4.27418233,4.38719524,0.75973396,0.120105805,0.672326688,4.3346072
0.0744393758,5.0,4.27418897,4.38675296,0.758746355,0.121178963,0.674036739,4.3332577
0.0744394738,5.0,4.27419307,4.38662023,0.758342551,0.121840939,0.67470279,4.33285143
0.0744396696,5.0,4.27421197,4.38597003,0.756328278,0.124891994,0.677761988,4.33083188
0.0744396763,5.0,4.27421307,4.38592926,0.756200079,0.125070546,0.67794082,4.33070349
0.0744396899,5.0,4.27421543,4.38584418,0.755933165,0.12545144,0.678322277,4.33043618
0.0744397169,5.0,4.27422102,4.38564103,0.755295336,0.126352684,0.679224644,4.32979754
0.0744397711,5.0,4.27423927,4.38493299,0.75303793,0.129297524,0.682171729,4.32753838
0.0744397846,5.0,4.27424648,4.38464477,0.752113187,0.130460086,0.683334851,4.32661315
0.0744398117,5.0,4.27426696,4.38375429,0.749184873,0.133760039,0.686635923,4.3236838
0.074439837,5.0,4.27551287,4.27442532,-3.41530466,0.329726595,0.882600625,0.159190698
0.074439855,5.0,4.27623632,4.27412119,-3.46428025,0.439285948,0.99215448,0.110213619
0.0744398716,5.0,4.27552891,4.27415048,-3.45953637,0.33218888,0.885052302,0.114956157
0.0744398918,5.0,4.2762374,4.27400144,-3.48371998,0.439447061,0.992304309,0.090770876
0.07443993,5.0,4.27554241,4.27404137,-3.47722398,0.334260128,0.887105677,0.0972637641
0.0744399876,5.0,4.27624702,4.27390326,-3.49971986,0.440883392,0.993711293,0.0747631262
0.0744401029,5.0,4.27555764,4.27395717,-3.49091282,0.336595496,0.889388076,0.0835607156
0.074440312,5.0,4.27626006,4.27384198,-3.5097156,0.442828752,0.995557313,0.0647407285
0.0744405428,5.0,4.27555637,4.27392893,-3.4954595,0.337832177,0.890490053,0.0789778684
0.0744408658,5.0,4.27625302,4.27383549,-3.51070511,0.443194194,0.995753166,0.063705669
0.074441312,5.0,4.27555871,4.27392759,-3.49561129,0.33815306,0.890575426,0.0787628274
0.0744422043,5.0,4.27625543,4.27383566,-3.51056824,0.443554,0.995703202,0.0637324735
0.0744439889,5.0,4.27556403,4.27392756,-3.49539628,0.338956193,0.890559088,0.0787576994
0.074447558,5.0,4.27626579,4.27383569,-3.51012345,0.445119788,0.995630321,0.0637370087
0.0744546964,5.0,4.27558487,4.27392758,-3.49451385,0.342106622,0.890433279,0.0787596672
0.074468973,5.0,4.27630739,4.27383573,-3.5083551,0.451406428,0.995368878,0.0637445803
0.0744975264,5.0,4.27566809,4.27392766,-3.49097949,0.354667999,0.889916039,0.0787730721
0.0745546331,5.0,4.2764737,4.2738359,-3.50128785,0.476459332,0.994334584,0.0637723649
0.0746688465,5.0,4.27600023,4.273928,-3.47685488,0.404506971,0.887859397,0.0788285113
0.0748972733,5.0,4.27713627,4.27383659,-3.47307627,0.575074581,0.990262992,0.0638845759
0.075354127,5.0,4.27731772,4.2739294,-3.42058252,0.597571146,0.879883035,0.0790575976
0.0762678342,5.0,4.27974445,4.27383949,-3.36113395,0.94516165,0.974950164,0.0643592595
0.0772678342,5.0,4.28098045,4.27393442,-3.26524446,1.08703203,0.859589207,0.0798504191
0.0782678342,5.0,4.2836647,4.27384457,-3.20028336,1.42118129,0.955108387,0.0651909558
0.0792678342,5.0,4.28476929,4.27393978,-3.10587123,1.52862069,0.841167481,0.0807532312
0.0802678342,5.0,4.28759987,4.27385048,-3.04238105,1.83077083,0.937920575,0.0661570617
0.0812678342,5.0,4.28857089,4.27394642,-2.94937291,1.90864129,0.825217401,0.0818356511
0.0822678342,5.0,4.29154013,4.2738571,-2.88738647,2.18329769,0.923034886,0.0672419994
0.0832678342,5.0,4.29235344,4.2739537,-2.79576819,2.23576953,0.811407964,0.0830229936
0.0842678342,5.0,4.2954827,4.27386432,-2.73526686,2.486801,0.910143715,0.0684225871
0.0852678342,5.0,4.29611391,4.27396149,-2.64502218,2.51745481,0.799452334,0.0842945265
0.0862678342,5.0,4.29942778,4.273872,-2.58598739,2.74818498,0.898980706,0.069678377
0.0872678342,5.0,4.29984896,4.27396968,-2.49710069,2.76009511,0.789102154,0.0856294683
0.0882678342,5.0,4.30337548,4.27388001,-2.43951405,2.97337943,0.889315178,0.0709887457
0.0892678342,5.0,4.30355472,4.27397814,-2.35197014,2.96918543,0.780142234,0.0870071366
0.0902678342,5.0,4.30732577,4.27388823,-2.29581332,3.16747731,0.880947209,0.0723332613
0.0912678342,5.0,4.30722676,4.27398674,-2.20959704,3.14944528,0.772386021,0.0884073524
0.0922678342,5.0,4.31127842,4.27389655,-2.15485169,3.33485282,0.873703451,0.0736920935
0.0932678342,5.0,4.31085999,4.27399536,-2.06994766,3.30492817,0.765671726,0.0898108593
0.0942678342,5.0,4.31523289,4.27390484,-2.01659532,3.47926294,0.867433542,0.0750464307
0.0952678342,5.0,4.31444859,4.27400389,-1.93298759,3.43911563,0.759859002,0.0911997304
0.0962678342,5.0,4.31918824,4.273913,-1.8810096,3.60393452,0.862007034,0.0763788777
0.0972678342,5.0,4.317986,4.27401224,-1.79868139,3.55499795,0.754826094,0.0925577382
0.0982678342,5.0,4.32314295,4.27392093,-1.74805881,3.71163909,0.857310749,0.0776738124
0.0992678342,5.0,4.32146484,4.27402031,-1.6669923,3.65514346,0.750467379,0.0938706663
0.100267834,5.0,4.32709479,4.27392855,-1.61770592,3.80475705,0.8532465,0.0789176766
0.101267834,5.0,4.32487694,4.27402803,-1.53788205,3.74175802,0.746691247,0.0951265418
0.102267834,5.0,4.33104062,4.27393578,-1.48991232,3.88533278,0.849729113,0.0800991873
0.103267834,5.0,4.32821339,4.27403535,-1.41131073,3.81673609,0.743418257,0.0963157759
0.104267834,5.0,4.33497617,4.27394259,-1.36463779,3.95512198,0.846684718,0.0812094537
0.105267834,5.0,4.33146466,4.27404221,-1.28723679,3.88170455,0.740579551,0.0974312044
0.106267834,5.0,4.33889583,4.27394892,-1.2418405,4.01563223,0.844049256,0.0822419985
0.107267834,5.0,4.33462083,4.27404859,-1.16561712,3.93806032,0.738115475,0.0984680285
0.108267834,5.0,4.34279252,4.27395475,-1.1214771,4.06815786,0.841767186,0.0831926849
0.109267834,5.0,4.3376719,4.27405448,-1.04640725,3.98700273,0.735974383,0.0994236639
0.110267834,5.0,4.34845791,4.27395978,-1.00357648,4.11391659,0.839830319,0.0839856346
0.111267834,5.0,4.34016641,4.27405993,-0.929548859,4.02965036,0.734088217,0.100309581
0.112267834,5.0,4.35267265,4.27396452,-0.887956134,4.15376428,0.83813026,0.0847576794
0.113267834,5.0,4.34280416,4.27406486,-0.815013155,4.06679907,0.732452919,0.101109927
0.114267834,5.0,4.3569171,4.27396874,-0.774635002,4.18851722,0.836661035,0.0854452766
0.115267834,5.0,4.34524736,4.27406932,-0.702745994,4.09920663,0.731021013,0.101834406
0.116267834,5.0,4.36117702,4.27397246,-0.663566202,4.21887785,0.835391229,0.086051354
0.117267834,5.0,4.347479,4.27407334,-0.59269986,4.12752318,0.729763302,0.102487039
0.118267834,5.0,4.3654405,4.2739757,-0.554702767,4.245448,0.834293792,0.086579845
0.119267834,5.0,4.3524649,4.27407659,-0.484917082,4.15251788,0.728757691,0.102982486
0.120267834,5.0,4.36995326,4.27397849,-0.447997897,4.26896442,0.833347031,0.0870345591
0.121267834,5.0,4.35498374,4.27407971,-0.379187488,4.17450635,0.727798868,0.10348917
0.122267834,5.0,4.37435317,4.27398089,-0.343401248,4.2896782,0.832523438,0.0874253487
0.123267834,5.0,4.35735968,4.27408248,-0.275540608,4.19388442,0.726952244,0.103937172
0.124267834,5.0,4.37876605,4.27398291,-0.240870829,4.30797413,0.831811583,0.0877538786
0.125267834,5.0,4.35957045,4.27408491,-0.173930476,4.21100647,0.726201041,0.104332554
0.126267834,5.0,4.38317681,4.27398458,-0.140361423,4.32417965,0.831196092,0.0880259022
0.127267834,5.0,4.36254551,4.27408687,-0.0743424627,4.22624916,0.725570814,0.104650775
0.128267834,5.0,4.38770783,4.27398593,-0.0418304926,4.33864818,0.830666616,0.0882450613
0.129267834,5.0,4.3647744,4.2740887,0.023316761,4.23982121,0.724983335,0.104946924
0.130267834,5.0,4.39324116,4.27398681,0.0547366266,4.35165134,0.830251494,0.0883883034
0.131267834,5.0,4.36476047,4.27409075,0.119142135,4.25185163,0.724364348,0.105278752
0.132267834,5.0,4.39619737,4.2739879,0.149486954,4.3630357,0.829793091,0.0885666308
0.133267834,5.0,4.36663538,4.27409212,0.21302438,4.26254414,0.723893607,0.105501149
0.134267834,5.0,4.40045769,4.27398851,0.242343122,4.3732716,0.829448611,0.0886659402
0.135267834,5.0,4.37080185,4.27409279,0.304996071,4.27234283,0.723569416,0.105609741
0.136267834,5.0,4.40525598,4.27398885,0.333377221,4.38270788,0.829166808,0.0887218884
0.137267834,5.0,4.37260243,4.27409384,0.395268545,4.28120185,0.723175685,0.105780906
0.138267834,5.0,4.40955345,4.27398913,0.422654673,4.39124819,0.828904195,0.0887663799
0.139267834,5.0,4.37426018,4.27409553,0.483912765,4.28895749,0.722672542,0.106054464
0.140267834,5.0,4.41608984,4.27398877,0.510113715,4.39896008,0.828782277,0.0887083141
0.141267834,5.0,4.37357634,4.27412907,0.575958328,4.28655873,0.717147612,0.111489778
0.142267834,5.0,4.41515819,4.27398824,0.595739276,4.39731934,0.828694631,0.0886223598
0.143267834,5.0,4.27391136,4.27665865,0.875497731,0.0760857624,-3.4545363,0.501849811
0.144267834,5.0,4.27385735,4.27947279,0.985356638,0.0672824652,-3.38192535,0.893838074
0.145267834,5.0,4.27391534,4.28047958,0.8538903,0.0767352362,-3.29184508,1.0240754
0.146267834,5.0,4.27375828,4.28323132,0.965279907,0.0682686061,-3.22046493,1.37823112
0.147267834,5.0,4.27391927,4.28426355,0.835190053,0.0774594783,-3.1321993,1.4733544
0.148267834,5.0,4.2738707,4.28739253,0.947659498,0.0694413742,-3.06190931,1.79478812
0.149267834,5.0,4.27392542,4.28807163,0.818994115,0.0783813047,-2.97541946,1.8600027
0.150267834,5.0,4.27387869,4.29136222,0.932502463,0.0707469602,-2.90625651,2.15341703
0.151267834,5.0,4.27393132,4.2918384,0.804976962,0.0793439899,-2.82160601,2.1928321
0.152267834,5.0,4.27388744,4.29533988,0.919373654,0.0721779503,-2.75345741,2.4621612
0.153267834,5.0,4.27393762,4.29558204,0.792843223,0.080372484,-2.6706781,2.47941887
0.154267834,5.0,4.27389684,4.29932696,0.908002503,0.0737150596,-2.60347596,2.72804713
0.155267834,5.0,4.27394421,4.29929948,0.782340309,0.0814465066,-2.52260103,2.72627404
0.156267834,5.0,4.27390678,4.3033251,0.898154717,0.0753379863,-2.45627782,2.95710975
0.157267834,5.0,4.27395095,4.30298733,0.773249414,0.0825463091,-2.37734023,2.93898983
0.158267834,5.0,4.27391712,4.30733619,0.889627269,0.0770258266,-2.31182989,3.15453242
0.159267834,5.0,4.27395774,4.30664181,0.765380892,0.0836530487,-2.23486086,3.12236943
0.160267834,5.0,4.27392772,4.31136236,0.882244136,0.0787573655,-2.17010004,3.32476724
0.161267834,5.0,4.27396446,4.31025879,0.758570312,0.0847491433,-2.0951275,3.28053847
0.162267834,5.0,4.27393847,4.315406,0.875852654,0.0805114117,-2.03105678,3.4716383
0.163267834,5.0,4.27397103,4.31383374,0.752675076,0.0858185898,-1.95810378,3.41704074
0.164267834,5.0,4.27394924,4.31946982,0.8703204,0.0822671635,-1.89466887,3.59843044
0.165267834,5.0,4.27397734,4.31736177,0.747571505,0.0868472375,-1.82375216,3.53492036
0.166267834,5.0,4.27395989,4.3235568,0.865532508,0.0840045976,-1.76090495,3.70796539
0.167267834,5.0,4.27398333,4.32083765,0.743152341,0.0878230143,-1.69203366,3.63679235
0.168267834,5.0,4.27397087,4.32768182,0.861388869,0.0857920603,-1.62964642,3.80266716
0.169267834,5.0,4.2739894,4.32425667,0.739323845,0.0888109363,-1.56283414,3.72490348
0.170267834,5.0,4.27398111,4.33183044,0.8578041,0.0874611849,-1.50101248,3.88461951
0.171267834,5.0,4.27399478,4.3276123,0.736006569,0.0896863806,-1.43622812,3.80118443
0.172267834,5.0,4.27399096,4.33601527,0.854702914,0.0890645245,-1.37490059,3.95561096
0.173267834,5.0,4.27399975,4.33089919,0.733130131,0.0904957659,-1.31212015,3.86729313
0.174267834,5.0,4.27400032,4.34024132,0.852020504,0.0905888931,-1.25127558,4.01717909
0.175267834,5.0,4.27400431,4.33411169,0.730633995,0.0912371028,-1.19046424,3.92465466
0.176267834,5.0,4.27400914,4.34451406,0.84970077,0.0920233246,-1.1301008,4.07064522
0.177267834,5.0,4.27400844,4.33724435,0.728465743,0.0919101511,-1.07121345,3.97449371
0.178267834,5.0,4.27401735,4.34883939,0.847695179,0.0933592006,-1.01133812,4.11714493
0.179267834,5.0,4.27401217,4.34029205,0.72658001,0.0925161518,-0.954320179,4.01786286
0.180267834,5.0,4.27402492,4.35322351,0.845961764,0.0945902911,-0.894947826,4.15765431
0.181267834,5.0,4.2740155,4.34325019,0.724937558,0.0930575523,-0.839736467,4.05566686
0.182267834,5.0,4.27403183,4.35767279,0.844464251,0.095712713,-0.780888716,4.19301244
0.183267834,5.0,4.27401845,4.3461148,0.723504463,0.0935377409,-0.727414278,4.08868354
0.184267834,5.0,4.27403806,4.36219351,0.843171291,0.0967248109,-0.669118238,4.22394075
0.185267834,5.0,4.27402105,4.34888266,0.722251416,0.0939607998,-0.617305755,4.11758171
0.186267834,5.0,4.27404361,4.36679152,0.842055789,0.0976269741,-0.559592671,4.25105955
0.187267834,5.0,4.27402333,4.35155124,0.721153105,0.0943312803,-0.509363457,4.1429365
0.188267834,5.0,4.2740485,4.37147169,0.84109431,0.0984214059,-0.452267367,4.27490229
0.189267834,5.0,4.27402532,4.35411838,0.720187673,0.094654003,-0.403540559,4.16524252
0.190267834,5.0,4.27405275,4.37623728,0.840266555,0.0991118655,-0.347097009,4.2959276
0.191267834,5.0,4.27402704,4.35658166,0.719336227,0.0949338834,-0.299791031,4.18492503
0.192267834,5.0,4.27405639,4.3810891,0.839554905,0.099703401,-0.244035878,4.31452968
0.193267834,5.0,4.27402852,4.35893721,0.718582393,0.0951757875,-0.198069775,4.20234943
0.194267834,5.0,4.27405946,4.38602459,0.838944011,0.100202088,-0.143038105,4.33104695
0.195267834,5.0,4.27402981,4.36117808,0.717911921,0.0953844184,-0.0983327301,4.21782915
0.196267834,5.0,4.274062,4.39103678,0.838420449,0.100614782,-0.0440579114,4.34576937
0.197267834,5.0,4.27403099,4.36343251,0.717318086,0.095576327,-0.000524908434,4.23164324
0.198267834,5.0,4.27406406,4.39611836,0.837972194,0.100949177,0.0529503461,4.35895429
0.199267834,5.0,4.27403187,4.36526747,0.716772348,0.0957195226,0.0953594,4.24399695
0.200267834,5.0,4.27406569,4.40123981,0.837589246,0.101212485,0.148031338,4.37079172
0.201267834,5.0,4.27403269,4.36708207,0.716283241,0.0958535831,0.189396645,4.25509772
0.202267834,5.0,4.27406692,4.4063836,0.837262152,0.101412824,0.241229467,4.38147053
0.203267834,5.0,4.27403341,4.36872704,0.715836692,0.0959697397,0.281613997,4.26510931
0.204267834,5.0,4.27406782,4.41151871,0.836982591,0.101558168,0.332588306,4.39114073
0.205267834,5.0,4.27403403,4.37020512,0.715425562,0.0960709238,0.372049557,4.27416953
0.206267834,5.0,4.27406842,4.41661089,0.836743102,0.101656328,0.422150408,4.39992721
0.207267834,5.0,4.27403468,4.37152797,0.715015385,0.0961759813,0.460755968,4.28234014
0.208267834,5.0,4.2740688,4.42158923,0.836534477,0.10171821,0.509959449,4.4078794
0.209267834,5.0,4.27403854,4.37241859,0.713729348,0.096803106,0.548273276,4.28803997
0.210267834,5.0,4.27406963,4.4252641,0.836275702,0.10185275,0.596133816,4.41338855
0.210392834,5.0,4.27404812,4.39327493,0.774376495,0.0983595569,0.597960065,4.35170245
0.210609883,5.0,4.27405015,4.39323089,0.773966424,0.0986902389,0.60751669,4.35158757
0.210776975,5.0,4.27405265,4.39310557,0.773530388,0.099095717,0.615009769,4.35126013
0.210960119,5.0,4.27405627,4.39283292,0.772865068,0.0996844928,0.623351582,4.35054396
0.211326408,5.0,4.27407059,4.39158375,0.770550726,0.102009329,0.641128765,4.34720663
0.21141798,5.0,4.27407709,4.39102064,0.769589784,0.103064045,0.64603179,4.34566258
0.211601124,5.0,4.27410168,4.38930815,0.766425963,0.107051336,0.657701786,4.340845
0.211606277,5.0,4.27421463,4.38622132,0.757334485,0.125322138,0.676186891,4.33161523
0.211616583,5.0,4.27419653,4.38664969,0.758922438,0.122399395,0.673692987,4.33294053
0.211622078,5.0,4.27420857,4.38616854,0.757571698,0.124344348,0.675866639,4.33145076
0.211627459,5.0,4.27418649,4.38679437,0.759639029,0.120777937,0.672524206,4.33338519
0.211637396,5.0,4.27420363,4.3860926,0.75771288,0.12354602,0.675705939,4.33121467
0.21164683,5.0,4.27416097,4.38725447,0.761502052,0.116652217,0.669205086,4.33478648
0.211659731,5.0,4.27419534,4.38602568,0.758015122,0.122207632,0.675297876,4.33100536
0.211659807,5.0,4.27420355,4.38574805,0.757145591,0.123532602,0.676626021,4.33013375
0.211659826,5.0,4.27420594,4.38566544,0.756885385,0.123918661,0.677012873,4.32987301
0.211659864,5.0,4.27421138,4.38547672,0.756290573,0.124797957,0.677893756,4.32927712
0.211659941,5.0,4.27423073,4.38475983,0.75399567,0.12791928,0.681018247,4.32697987
0.21165996,5.0,4.2742397,4.38439645,0.752853997,0.12936608,0.682465838,4.32583754
0.211659998,5.0,4.27426799,4.3832075,0.74887357,0.133926081,0.687027418,4.32185566
0.211660008,5.0,4.27428106,4.38260355,0.746818734,0.136031032,0.689132761,4.31980039
0.211660027,5.0,4.27432637,4.38027318,0.738567334,0.143318375,0.696420887,4.31154799
0.211660045,5.0,4.27556355,4.27447726,-3.40547957,0.33750075,0.8906018,0.167498434
0.211660057,5.0,4.27617763,4.27417267,-3.4544334,0.430510702,0.983607951,0.11854357
0.211660068,5.0,4.27557963,4.27420001,-3.45001401,0.339964617,0.893058357,0.122962041
0.211660082,5.0,4.2761748,4.27405104,-3.47414073,0.430086672,0.983176335,0.0988342132
0.211660105,5.0,4.27559267,4.27408802,-3.46813576,0.341961371,0.895043879,0.104837292
0.211660139,5.0,4.27618039,4.27394879,-3.49077679,0.430923665,0.983995777,0.0821934578
0.211660205,5.0,4.275607,4.27398988,-3.48407597,0.344154166,0.89720598,0.0888888569
0.211660338,5.0,4.27619485,4.27386109,-3.50508465,0.433087379,0.986098642,0.0678692778
0.211660554,5.0,4.27562044,4.27393098,-3.49364807,0.346209373,0.899154464,0.079288121
0.211660786,5.0,4.27619466,4.27383837,-3.50874023,0.434020237,0.986894257,0.064176854
0.211661123,5.0,4.275617,4.27392563,-3.49445043,0.346649586,0.899420452,0.0784389818
0.211661602,5.0,4.27619618,4.2738376,-3.50880178,0.434263498,0.986887592,0.0640481984
0.211662561,5.0,4.27561995,4.27392562,-3.49433304,0.347095003,0.899425538,0.078438123
0.211664478,5.0,4.27620169,4.27383763,-3.50856024,0.435096118,0.986839629,0.0640532432
0.211668314,5.0,4.27563118,4.27392562,-3.49386057,0.348792617,0.899362301,0.0784376138
0.211675984,5.0,4.27622403,4.27383766,-3.5076095,0.4384738,0.986696878,0.0640580627
0.211691325,5.0,4.27567591,4.27392566,-3.49196213,0.355551266,0.899085156,0.0784444015
0.211722006,5.0,4.27631344,4.27383775,-3.50381183,0.451967525,0.986139274,0.0640731443
0.211783369,5.0,4.2758546,4.27392584,-3.48437023,0.382463022,0.897975094,0.0784739343
0.211906095,5.0,4.27667032,4.27383812,-3.48863859,0.505480665,0.983930451,0.0641329053
0.212151546,5.0,4.27656616,4.27392658,-3.45406749,0.488265348,0.893606869,0.0785946856
0.212642449,5.0,4.27808551,4.27383963,-3.42820746,0.712287267,0.975384993,0.0643794637
0.213624254,5.0,4.27936209,4.27392972,-3.33389831,0.883463078,0.877252942,0.0791087008
0.214624254,5.0,4.28189987,4.2738442,-3.2676018,1.21533465,0.954496307,0.0651271434
0.215624254,5.0,4.2831914,4.2739352,-3.17322442,1.3546985,0.857648252,0.0800034436
0.216624254,5.0,4.28582746,4.27384977,-3.10845679,1.65240085,0.936204851,0.0660395272
0.217624254,5.0,4.28701249,4.27394153,-3.01549202,1.76018999,0.84067448,0.0810355106
0.218624254,5.0,4.28975625,4.2738561,-2.95223796,2.02853295,0.920363171,0.0670761566
0.219624254,5.0,4.29081758,4.27394855,-2.86066844,2.10920141,0.825978845,0.0821809589
0.220624254,5.0,4.29368582,4.27386308,-2.79890893,2.35231629,0.906643554,0.068217164
0.221624254,5.0,4.29460427,4.27395614,-2.70871812,2.40968862,0.813256017,0.0834194609
0.222624254,5.0,4.29761626,4.27387057,-2.64843436,2.63112445,0.894762494,0.0694423145
0.223624254,5.0,4.29836985,4.27396418,-2.55960656,2.66848458,0.802241718,0.0847302915
0.224624254,5.0,4.3015476,4.27387845,-2.50077994,2.87129037,0.884474535,0.0707310376
0.225624254,5.0,4.30211118,4.27397254,-2.41329997,2.89145789,0.792707032,0.0860926555
0.226624254,5.0,4.3054798,4.27388659,-2.35591197,3.07825323,0.87556701,0.0720627856
0.227624254,5.0,4.30582464,4.27398109,-2.26976492,3.08364894,0.784453558,0.08748608
0.228624254,5.0,4.30941266,4.27389488,-2.21379699,3.25668464,0.867855552,0.0734174336
0.229624254,5.0,4.30950611,4.27398972,-2.12896788,3.24938687,0.77730926,0.0888908302
0.230624254,5.0,4.3133458,4.27390319,-2.07440133,3.41059703,0.861180263,0.0747756956
0.231624254,5.0,4.31315085,4.2739983,-1.99087482,3.39238999,0.771124923,0.0902883246
0.232624254,5.0,4.31727854,4.27391142,-1.93769076,3.5434367,0.855402433,0.076119534
0.233624254,5.0,4.31675351,4.27400674,-1.85545082,3.51585201,0.765771109,0.0916615231
0.234624254,5.0,4.32120987,4.27391946,-1.80363008,3.65816376,0.850401718,0.0774325352
0.235624254,5.0,4.32030803,4.27401494,-1.72265978,3.62251611,0.761135532,0.092995267
0.236624254,5.0,4.32513826,4.27392723,-1.67218284,3.75732069,0.846073712,0.0787002302
0.237624254,5.0,4.32380764,4.27402282,-1.59246415,3.71473842,0.7571208,0.0942765482
0.238624254,5.0,4.32906158,4.27393464,-1.54331112,3.84309123,0.84232785,0.0799103403
0.239624254,5.0,4.32724488,4.27403031,-1.46482478,3.79454267,0.753642456,0.0954946921
0.240624254,5.0,4.33297693,4.27394164,-1.41697542,3.91735097,0.839085587,0.0810529335
0.241624254,5.0,4.33061161,4.27403737,-1.33970088,3.86366693,0.750627282,0.0966414443
0.242624254,5.0,4.33688044,4.27394819,-1.29313461,3.98171067,0.836278817,0.0821204855
0.243624254,5.0,4.33389914,4.27404395,-1.21705005,3.92360386,0.748011827,0.0977109567
0.244624254,5.0,4.34076717,4.27395424,-1.17174601,4.03755356,0.8338485,0.0831078439
0.245624254,5.0,4.33709837,4.27405003,-1.0968284,3.97563521,0.745741134,0.0986996803
0.246624254,5.0,4.3446309,4.27395979,-1.05276551,4.08606727,0.831743466,0.084012105
0.247624254,5.0,4.34020012,4.27405562,-0.978990825,4.02086144,0.743767634,0.0996061731
0.248624254,5.0,4.3484641,4.27396482,-0.936147842,4.1282713,0.829919371,0.0848324162
0.249624254,5.0,4.34319539,4.27406069,-0.863491224,4.06022722,0.742050183,0.100430845
0.250624254,5.0,4.35405449,4.273969,-0.821928224,4.16514551,0.828375998,0.0854879326
0.251624254,5.0,4.34563913,4.27406536,-0.750268889,4.09463278,0.740530109,0.101188894
0.252624254,5.0,4.35817207,4.27397297,-0.709906802,4.19734542,0.827016079,0.0861342555
0.253624254,5.0,4.34823759,4.27406952,-0.639296663,4.12468571,0.739211422,0.101864327
0.254624254,5.0,4.3623023,4.27397645,-0.600110231,4.22551182,0.825839661,0.08670158
0.255624254,5.0,4.35065555,4.27407325,-0.530519471,4.15098282,0.738053628,0.102469208
0.256624254,5.0,4.36642992,4.27397947,-0.49249148,4.2501978,0.824821613,0.0871944209
0.257624254,5.0,4.35288239,4.27407657,-0.423890243,4.1740363,0.737033692,0.10300854
0.258624254,5.0,4.370543,4.27398207,-0.387003889,4.27187723,0.823940354,0.0876178258
0.259624254,5.0,4.35773009,4.27407912,-0.319457239,4.19448185,0.73622527,0.10339245
0.260624254,5.0,4.37485545,4.27398428,-0.283600765,4.29116431,0.823178048,0.0879768655
0.261624254,5.0,4.36021901,4.27408164,-0.21699926,4.2125462,0.735443933,0.103801804
0.262624254,5.0,4.3790484,4.27398615,-0.182233742,4.30822415,0.822512863,0.0882808783
0.263624254,5.0,4.36258258,4.27408385,-0.11655392,4.22853523,0.734751772,0.104160017
0.264624254,5.0,4.38322869,4.27398769,-0.0828617587,4.32336003,0.821936069,0.0885319684
0.265624254,5.0,4.36480868,4.27408578,-0.0180770486,4.24272868,0.73413573,0.104472711
0.266624254,5.0,4.38794606,4.27398884,0.0145419369,4.3368746,0.8214593,0.0887186846
0.267624254,5.0,4.36681756,4.27408748,0.0784782236,4.25539763,0.733579978,0.104748911
0.268624254,5.0,4.39150131,4.27398994,0.110071841,4.34888584,0.82099903,0.0888983605
0.269624254,5.0,4.36884147,4.27408892,0.173142317,4.26668015,0.733088971,0.104982476
0.270624254,5.0,4.39557044,4.2739907,0.20371615,4.35965234,0.820620686,0.0890227239
0.271624254,5.0,4.37064303,4.27409018,0.265965721,4.27678718,0.732642301,0.10518762
0.272624254,5.0,4.39956056,4.27399127,0.295534026,4.36932433,0.820290124,0.0891151893
0.273624254,5.0,4.37231615,4.27409128,0.356985023,4.28586739,0.732236568,0.105365669
0.274624254,5.0,4.40346606,4.27399167,0.385564408,4.37803874,0.82000082,0.0891798328
0.275624254,5.0,4.37386338,4.27409239,0.446262119,4.29399628,0.731838227,0.105544604
0.276624254,5.0,4.40725936,4.27399192,0.473844871,4.3858664,0.819747694,0.0892212671
0.277624254,5.0,4.37501904,4.27409818,0.534577527,4.29966707,0.730596965,0.106483731
0.278624254,5.0,4.41183269,4.27399162,0.560318177,4.39157625,0.819613623,0.0891725752
0.279624254,5.0,4.27390353,4.27691175,0.877975605,0.0752402998,-3.45844527,0.538860362
0.280624254,5.0,4.27386332,4.2796778,0.980246429,0.0682441165,-3.38399828,0.9207596
0.281624254,5.0,4.27391025,4.28073601,0.85655955,0.0759049853,-3.29568134,1.05645792
0.282624254,5.0,4.27386223,4.2836017,0.960207035,0.0692320029,-3.22247925,1.40073368
0.283624254,5.0,4.27391461,4.28452812,0.838018529,0.076625348,-3.1359831,1.50177683
0.284624254,5.0,4.27387663,4.28758786,0.942856801,0.0704112907,-3.06386134,1.81373124
0.285624254,5.0,4.2739204,4.28833644,0.821958537,0.0775616944,-2.97913361,1.88499978
0.286624254,5.0,4.27388466,4.29155145,0.927826153,0.0717232189,-2.90814769,2.16918507
0.287624254,5.0,4.27392633,4.29210829,0.808062872,0.078530422,-2.82526019,2.21489006
0.288624254,5.0,4.27389344,4.29552202,0.914806586,0.0731594891,-2.75528996,2.47520111
0.289624254,5.0,4.27393266,4.29585775,0.796034563,0.079563624,-2.6742748,2.49895182
0.290624254,5.0,4.27390288,4.29950087,0.90352984,0.0747008256,-2.60525206,2.73874275
0.291624254,5.0,4.27393927,4.29958188,0.785623162,0.0806410259,-2.52614265,2.74363759
0.292624254,5.0,4.27391283,4.30348943,0.893763609,0.0763269052,-2.4579996,2.96579076
0.293624254,5.0,4.27394602,4.30327736,0.776611713,0.0817429089,-2.38082912,2.9544894
0.294624254,5.0,4.27392319,4.30748939,0.885306577,0.0780168171,-2.31349945,3.16148195
0.295624254,5.0,4.27395282,4.30694054,0.768812172,0.082850483,-2.23829927,3.13626733
0.296624254,5.0,4.2739338,4.31150261,0.877984197,0.0797493579,-2.17171945,3.33022844
0.297624254,5.0,4.27395954,4.31056739,0.762061497,0.0839462393,-2.09851757,3.29305995
0.298624254,5.0,4.27394455,4.31553121,0.871645078,0.0815033675,-2.03262801,3.47581999
0.299624254,5.0,4.27396609,4.31415352,0.756218296,0.0850142638,-1.96144752,3.42837925
0.300624254,5.0,4.27395532,4.31957754,0.866157896,0.0832580974,-1.8961938,3.6015119
0.301624254,5.0,4.27397239,4.31769416,0.751159944,0.0860405066,-1.82705143,3.545242
0.302624254,5.0,4.27396596,4.32364421,0.861408734,0.0849936001,-1.76238538,3.71010055
0.303624254,5.0,4.27397836,4.3211842,0.746780096,0.0870130039,-1.6952902,3.64623977
0.304624254,5.0,4.27397693,4.32774391,0.857298168,0.0867801994,-1.63108212,3.80398795
0.305624254,5.0,4.27398442,4.32461881,0.742985756,0.0879992255,-1.56604721,3.73359895
0.306624254,5.0,4.27398716,4.33186435,0.853741749,0.0884463946,-1.50240635,3.88523929
0.307624254,5.0,4.27398977,4.32799187,0.739698273,0.0888708575,-1.43940063,3.80923301
0.308624254,5.0,4.27399699,4.33601629,0.850664689,0.0900463552,-1.37625387,3.95562686
0.309624254,5.0,4.27399472,4.33129797,0.736847824,0.0896760926,-1.31525323,3.87478488
0.310624254,5.0,4.27400634,4.34020393,0.848002695,0.0915670676,-1.25258932,4.01667429
0.311624254,5.0,4.27399924,4.33453151,0.734374405,0.0904130516,-1.19355888,3.93166675
0.312624254,5.0,4.27401513,4.34443184,0.845700109,0.092997752,-1.13137584,4.06969086
0.313624254,5.0,4.27400335,4.33768704,0.732226061,0.0910815876,-1.07427053,3.98109215
0.314624254,5.0,4.27402332,4.34870485,0.843708769,0.0943299864,-1.01257509,4.11580173
0.315624254,5.0,4.27400705,4.34075943,0.730357832,0.0916830159,-0.957340479,4.02410401
0.316624254,5.0,4.27403087,4.35302795,0.841987023,0.0955577422,-0.896147138,4.15597391
0.317624254,5.0,4.27401035,4.343744,0.72873083,0.0922198391,-0.842720711,4.06159871
0.318624254,5.0,4.27403776,4.35740616,0.840498858,0.0966773367,-0.782050577,4.19103863
0.319624254,5.0,4.27401327,4.34663671,0.727311443,0.0926954816,-0.730363142,4.09434679
0.320624254,5.0,4.27404398,4.36184429,0.839213142,0.0976873082,-0.670242651,4.22171042
0.321624254,5.0,4.27401585,4.34943427,0.726070633,0.0931140434,-0.62021989,4.12301069
0.322624254,5.0,4.27404952,4.36634658,0.838102961,0.0985882263,-0.560679454,4.24860355
0.323624254,5.0,4.2740181,4.35213412,0.724983336,0.0934800755,-0.512243511,4.14815995
0.324624254,5.0,4.27405441,4.37091632,0.837145028,0.0993824549,-0.453316172,4.27224615
0.325624254,5.0,4.27402005,4.35473442,0.724027919,0.0937983805,-0.406387196,4.17028431
0.326624254,5.0,4.27405867,4.37555526,0.836319173,0.100073887,-0.348107354,4.29309223
0.327624254,5.0,4.27402175,4.35723362,0.72318572,0.0940738357,-0.30260495,4.1898048
0.328624254,5.0,4.27406233,4.38026298,0.835607891,0.100667668,-0.245007181,4.31153192
0.329624254,5.0,4.27402321,4.3596299,0.722440618,0.0943112443,-0.200851737,4.20708324
0.330624254,5.0,4.27406542,4.38503618,0.834995944,0.10116993,-0.143969727,4.32790029
0.331624254,5.0,4.27402446,4.36192021,0.721778664,0.094515214,-0.101083588,4.22243029
0.332624254,5.0,4.274068,4.38986796,0.834470023,0.101587532,-0.0449492065,4.34248465
0.333624254,5.0,4.27402564,4.3641757,0.721190833,0.0947065891,-0.00324124318,4.23611804
0.334624254,5.0,4.27407009,4.39474972,0.834018322,0.101928028,0.052099845,4.35553619
0.335624254,5.0,4.27402646,4.36616079,0.720657182,0.0948398553,0.0926675132,4.24836154
0.336624254,5.0,4.27407176,4.39966036,0.833630827,0.102198639,0.147222199,4.36725347
0.337624254,5.0,4.27402725,4.36809413,0.720178262,0.0949679229,0.18673249,4.25936195
0.338624254,5.0,4.27407305,4.40458291,0.833298328,0.102407297,0.240462037,4.37782064
0.339624254,5.0,4.27402792,4.36989388,0.71974306,0.095077433,0.278976256,4.26928396
0.340624254,5.0,4.274074,4.40949276,0.833012748,0.102561658,0.331862623,4.38738869
0.341624254,5.0,4.2740285,4.37156022,0.719344642,0.095171231,0.369436848,4.27826673
0.342624254,5.0,4.27407466,4.41436238,0.832766814,0.1026693,0.421466312,4.39608414
0.343624254,5.0,4.27402906,4.37309648,0.718958719,0.0952622739,0.458161226,4.28639255
0.344624254,5.0,4.27407512,4.4191377,0.832549968,0.102743014,0.509319008,4.40397309
0.345624254,5.0,4.27403162,4.37429853,0.718022397,0.0956790634,0.545503482,4.29268112
0.346624254,5.0,4.27407642,4.42297694,0.832237136,0.102954059,0.595607886,4.40992269
0.347624254,5.0,4.2768166,4.27392639,-3.45286979,0.524989639,0.892515644,0.0785498368
0.348624254,5.0,4.27938367,4.27384162,-3.38530038,0.882053851,0.96789521,0.0646967361
0.349624254,5.0,4.2806559,4.27393139,-3.29000704,1.04637558,0.870924177,0.0793551467
0.350624254,5.0,4.28332007,4.27384677,-3.22398205,1.36559838,0.94775133,0.0655252388
0.351624254,5.0,4.28445657,4.27393667,-3.1301829,1.49493842,0.85221982,0.0802423689
0.352624254,5.0,4.28711387,4.27385245,-3.06563106,1.78169382,0.93034883,0.0664778692
0.353624254,5.0,4.28826708,4.27394316,-2.97324936,1.8809437,0.836031197,0.081302147
0.354624254,5.0,4.29104176,4.27385906,-2.91018616,2.13976301,0.915236565,0.0675595391
0.355624254,5.0,4.29206706,4.27395033,-2.81921367,2.21321395,0.822015635,0.0824711278
0.356624254,5.0,4.294971,4.27386628,-2.75762137,2.44802778,0.902148778,0.0687402207
0.357624254,5.0,4.29584795,4.27395802,-2.66804408,2.49931779,0.809881907,0.0837253425
0.358624254,5.0,4.29890107,4.27387398,-2.60790185,2.71350267,0.890815086,0.0699993368
0.359624254,5.0,4.29960688,4.27396611,-2.51970634,2.74575542,0.799377916,0.0850439636
0.360624254,5.0,4.30283194,4.27388203,-2.46099348,2.94221221,0.881001337,0.0713162877
0.361624254,5.0,4.30334059,4.27397447,-2.37416678,2.95810963,0.790285249,0.0864062569
0.362624254,5.0,4.30676353,4.27389032,-2.31686263,3.13933071,0.872504617,0.0726705997
0.363624254,5.0,4.30704534,4.27398298,-2.23139188,3.14117539,0.782414577,0.0877919753
0.364624254,5.0,4.31069559,4.27389871,-2.17547581,3.30930234,0.865148984,0.0740423302
0.365624254,5.0,4.31071682,4.27399151,-2.09134787,3.29907104,0.775601715,0.0891817801
0.366624254,5.0,4.31462764,4.2739071,-2.03679923,3.45594419,0.858781833,0.0754124824
0.367624254,5.0,4.31435016,4.27399997,-1.95400031,3.4353339,0.769704249,0.0905576515
0.368624254,5.0,4.31855892,4.27391537,-1.90079842,3.58253478,0.853270773,0.0767634066
0.369624254,5.0,4.3179398,4.27400824,-1.81931375,3.55300221,0.764598638,0.091903264
0.370624254,5.0,4.32248825,4.27392343,-1.76743787,3.69189015,0.848500942,0.0780791622
0.371624254,5.0,4.32147952,4.27401623,-1.6872514,3.65468561,0.76017772,0.0932043018
0.372624254,5.0,4.32641396,4.27393119,-1.63668079,3.786429,0.844372694,0.0793458201
0.373624254,5.0,4.32496236,4.27402389,-1.55777496,3.74262558,0.756348551,0.094448697
0.374624254,5.0,4.33033369,4.27393858,-1.50848887,3.86822877,0.840799597,0.0805516861
0.375624254,5.0,4.32838069,4.27403113,-1.43084449,3.81874728,0.753030539,0.0956267741
0.376624254,5.0,4.33424428,4.27394554,-1.38282218,3.93907371,0.837706695,0.0816874343
0.377624254,5.0,4.33172622,4.27403793,-1.30641838,3.88470417,0.750153826,0.0967312947
0.378624254,5.0,4.33814159,4.27395204,-1.25963921,4.0004961,0.835029,0.082746144
0.379624254,5.0,4.33499017,4.27404425,-1.18445345,3.94191615,0.747657885,0.0977574025
0.380624254,5.0,4.34202033,4.27395803,-1.13889693,4.05381172,0.83271018,0.0837232424
0.381624254,5.0,4.33816344,4.27405006,-1.06490514,3.99160247,0.745490299,0.0987024758
0.382624254,5.0,4.34587395,4.27396351,-1.02055093,4.10015025,0.830701413,0.0846163622
0.383624254,5.0,4.34123687,4.27405538,-0.947727724,4.0348099,0.743605709,0.0995659042
0.384624254,5.0,4.34969456,4.27396847,-0.904555701,4.14048137,0.828960395,0.0854251293
0.385624254,5.0,4.34420167,4.2740602,-0.83287465,4.07243694,0.741964898,0.100348807
0.386624254,5.0,4.35347296,4.27397292,-0.790864905,4.17563726,0.827450475,0.0861508979
0.387624254,5.0,4.34704976,4.27406455,-0.720298843,4.10525471,0.740533996,0.101053719
0.388624254,5.0,4.35946786,4.2739765,-0.679518313,4.20647173,0.826195815,0.0867093917
0.389624254,5.0,4.34911889,4.27406857,-0.609929474,4.13402886,0.739249934,0.101707118
0.390624254,5.0,4.36357747,4.2739799,-0.570309279,4.23345277,0.825072013,0.0872642473
0.391624254,5.0,4.35335944,4.27407175,-0.501836472,4.15934365,0.738191389,0.102196726
0.392624254,5.0,4.36780089,4.27398286,-0.463264729,4.25725103,0.82409855,0.0877457195
0.393624254,5.0,4.35605993,4.2740748,-0.395808693,4.18161041,0.737228627,0.102691758
0.394624254,5.0,4.37198398,4.2739854,-0.358337931,4.27820383,0.823253512,0.0881598603
0.395624254,5.0,4.35864482,4.27407748,-0.291870441,4.20122871,0.73638097,0.103127338
0.396624254,5.0,4.37616946,4.27398756,-0.255484367,4.29670255,0.822521373,0.0885107124
0.397624254,5.0,4.36110519,4.27407984,-0.189976082,4.21856061,0.735631918,0.103509064
0.398624254,5.0,4.38034856,4.27398936,-0.15465879,4.31308218,0.821886712,0.0888039261
0.399624254,5.0,4.36343389,4.27408189,-0.090080946,4.23391629,0.734967311,0.10384244
0.400624254,5.0,4.38451046,4.27399084,-0.0558168029,4.32762941,0.821336128,0.0890451642
0.401624254,5.0,4.36616336,4.27408358,0.00784169448,4.24760352,0.734397662,0.104115805
0.402624254,5.0,4.3887036,4.27399203,0.0410845457,4.34063029,0.820858903,0.0892393257
0.403624254,5.0,4.36767538,4.27408524,0.103886419,4.25976042,0.733842912,0.104386351
0.404624254,5.0,4.39274252,4.27399299,0.136090086,4.35220758,0.820440998,0.089394528
0.405624254,5.0,4.36959288,4.27408659,0.198040257,4.27062927,0.733366277,0.104604549
0.406624254,5.0,4.39677143,4.27399371,0.229237542,4.36258786,0.820078736,0.0895120558
0.407624254,5.0,4.37136842,4.27408775,0.290362176,4.2803763,0.732935171,0.104793398
0.408624254,5.0,4.40072539,4.27399424,0.320568743,4.37192327,0.819762194,0.0895982617
0.409624254,5.0,4.37301865,4.27408877,0.380892263,4.28914025,0.732541682,0.104957964
0.410624254,5.0,4.40459062,4.2739946,0.410122583,4.38034145,0.819484855,0.089657459
0.411624254,5.0,4.37453467,4.27409002,0.46972586,4.29691321,0.732112348,0.105160607
0.412624254,5.0,4.40831747,4.27399483,0.497935471,4.38783845,0.819243173,0.0896947007
0.413624254,5.0,4.37521732,4.27410298,0.558730088,4.29976842,0.729533714,0.107263301
0.414624254,5.0,4.4115099,4.27399419,0.583867163,4.39098015,0.819139453,0.0895904568
0.414749254,5.0,4.39136842,4.27404722,0.597809703,4.34661584,0.774529581,0.0982133672
0.414999254,5.0,4.39133084,4.27404981,0.608855194,4.34651324,0.774038689,0.0986338476
0.415246008,5.0,4.39111892,4.27405368,0.619942185,4.34593323,0.773325185,0.0992624251
0.415511888,5.0,4.39053506,4.27406132,0.632419082,4.34431769,0.772018787,0.100504327
0.416043648,5.0,4.38572865,4.2741351,0.666695664,4.33007244,0.763005917,0.112465542
0.416044765,5.0,4.38569427,4.27413597,0.666884055,4.32996391,0.762917012,0.11260731
0.416046999,5.0,4.38559505,4.27413893,0.667455025,4.3296509,0.762643741,0.113085045
0.416047558,5.0,4.38555379,4.27414027,0.667695365,4.32951991,0.762522934,0.11330208
0.416048675,5.0,4.38546649,4.27414318,0.668212852,4.32924348,0.762267098,0.113772964
0.416048954,5.0,4.38545172,4.27414368,0.668306846,4.32919751,0.762226349,0.113855308
0.416049512,5.0,4.38540041,4.27414532,0.668594326,4.32903337,0.762072735,0.11411949
0.416050629,5.0,4.38521318,4.27415185,0.669698347,4.32843655,0.761497643,0.115176928
0.416050688,5.0,4.38521906,4.27415178,0.669689641,4.32845877,0.761521031,0.115165782
0.416050805,5.0,4.38520233,4.27415217,0.669757334,4.32840186,0.761466449,0.115228598
0.416051039,5.0,4.38514291,4.27415426,0.670105587,4.32821194,0.761281245,0.115567096
0.416051507,5.0,4.38498026,4.27416,0.671053968,4.32769111,0.760770117,0.116495974
0.416051522,5.0,4.38497733,4.27416009,0.671068618,4.32768299,0.760762318,0.116509997
0.416051552,5.0,4.38496556,4.27416043,0.671125248,4.32764274,0.7607227,0.116565372
0.416051612,5.0,4.3849342,4.27416153,0.671304151,4.32754187,0.760623118,0.116741765
0.416051732,5.0,4.38486228,4.27416402,0.671712858,4.32731031,0.760394159,0.117145455
0.416051973,5.0,4.38466323,4.27417088,0.672832745,4.32666814,0.759757369,0.118255308
0.416052033,5.0,4.38458929,4.27417332,0.673229697,4.32642847,0.7595191,0.118649752
0.416052154,5.0,4.38440599,4.27417938,0.674212824,4.32583097,0.75892446,0.119627866
0.416052184,5.0,4.38434151,4.27418142,0.674544116,4.32562004,0.758714281,0.119957906
0.416052244,5.0,4.38419562,4.2741861,0.67530289,4.32514169,0.758237432,0.120714174
0.416052365,5.0,4.38367097,4.27420211,0.677894327,4.32340631,0.756505295,0.123300604
0.416052367,5.0,4.3836751,4.2742021,0.677893959,4.32342913,0.756528197,0.123300117
0.416052373,5.0,4.383654,4.2742026,0.677973736,4.32334949,0.756448726,0.123379654
0.416052385,5.0,4.3835788,4.27420482,0.678333237,4.32309896,0.75619853,0.123738679
0.416052408,5.0,4.38340582,4.27420986,0.679147701,4.32252122,0.755621465,0.124552187
0.416052454,5.0,4.38288539,4.27422424,0.681470229,4.32076209,0.753863784,0.126872806
0.416052465,5.0,4.38268878,4.27422947,0.682313939,4.32009233,0.75319441,0.127716041
0.416052488,5.0,4.38218528,4.27424235,0.684392293,4.31835738,0.751460288,0.129793442
0.416052494,5.0,4.38201776,4.2742465,0.685061501,4.31777722,0.750880348,0.130462412
0.416052505,5.0,4.38163922,4.27425573,0.686550995,4.3164563,0.749559872,0.131951431
0.416052528,5.0,4.3802704,4.27428596,0.691420177,4.31154125,0.744645854,0.136819665
0.416052534,5.0,4.37961954,4.27429926,0.693561068,4.3091357,0.742240615,0.138960321
0.416052546,5.0,4.37740275,4.27434071,0.700224202,4.30062555,0.73373116,0.145622988
0.416052549,5.0,4.37628851,4.27435974,0.703279299,4.29611843,0.729224261,0.148677971
0.416052554,5.0,4.3717677,4.2744311,0.714717906,4.2762857,0.709392064,0.160116356
0.41605256,5.0,4.2751522,4.27539555,0.866271424,0.273959138,-3.29293314,0.311670173
0.416052563,5.0,4.27435401,4.2762964,1.0028482,0.147759159,-3.41913277,0.448248066
0.416052567,5.0,4.27444245,4.27545633,0.875635367,0.161933375,-3.40495831,0.321036299
0.416052571,5.0,4.27421222,4.27625002,0.995929043,0.124932728,-3.4419586,0.441331151
0.416052576,5.0,4.27429851,4.27549649,0.881805915,0.138839244,-3.42805166,0.327209763
0.416052584,5.0,4.27410212,4.27622667,0.992437565,0.107122748,-3.45976748,0.437843815
0.416052596,5.0,4.27417943,4.27551896,0.88525076,0.119636452,-3.44725281,0.330660771
0.416052618,5.0,4.27398915,4.27622276,0.991842885,0.088770012,-3.47811745,0.4372595
0.41605266,5.0,4.27405622,4.2755353,0.887739779,0.0996753852,-3.46720866,0.333169283
0.416052744,5.0,4.27387298,4.27623468,0.993584556,0.0698146341,-3.4970625,0.439039783
0.416052912,5.0,4.27396158,4.27555357,0.890463688,0.0842785763,-3.48258479,0.335970391
0.416053112,5.0,4.27382233,4.27624567,0.995113532,0.0615224035,-3.50532447,0.440681625
0.416053384,5.0,4.27394526,4.27555009,0.891186001,0.0816656106,-3.48515901,0.336837204
0.416053734,5.0,4.27381805,4.27623821,0.995191239,0.0608717393,-3.50592407,0.44094971
0.41605441,5.0,4.27394473,4.27555283,0.891251199,0.0815820841,-3.48515819,0.33721681
0.416055763,5.0,4.27381815,4.27624198,0.995136601,0.0608879206,-3.5057412,0.441516418
0.416058468,5.0,4.2739447,4.27556082,0.891216513,0.0815777588,-3.48482916,0.338424661
0.416063878,5.0,4.27381818,4.27625771,0.995031109,0.060893029,-3.5050694,0.443895369
0.416074697,5.0,4.27394473,4.27559239,0.891023335,0.0815817266,-3.48349188,0.343197844
0.416096337,5.0,4.27381825,4.27632078,0.994636181,0.0609040436,-3.50239211,0.453423073
0.416139617,5.0,4.27394485,4.27571848,0.890239429,0.0816023006,-3.47814016,0.362218914
0.416226176,5.0,4.27381851,4.27657269,0.993072298,0.0609461185,-3.49169335,0.491308572
0.416399294,5.0,4.27394537,4.2762212,0.887137197,0.0816867316,-3.45676473,0.437377862
0.41674553,5.0,4.27381956,4.2775742,0.986963798,0.0611178925,-3.4490289,0.639209189
0.417438003,5.0,4.27394753,4.27820679,0.875295067,0.0820400692,-3.37178205,0.723789621
0.418438003,5.0,4.27382334,4.28080965,0.968576444,0.061736342,-3.31141266,1.08311176
0.419438003,5.0,4.27395241,4.28201031,0.854818355,0.0828356874,-3.21042053,1.21614498
0.420438003,5.0,4.27382893,4.28474365,0.949543412,0.0626511844,-3.15148553,1.53982145
0.421438003,5.0,4.27395823,4.28582461,0.83707191,0.0837860117,-3.05199733,1.63976076
0.422438003,5.0,4.27383531,4.28868211,0.93306443,0.0636967362,-2.99449234,1.9328341
0.423438003,5.0,4.2739648,4.28962171,0.821702043,0.0848563396,-2.89649049,2.00433746
0.424438003,5.0,4.27384237,4.29262272,0.918797393,0.06485152,-2.84039814,2.27112476
0.425438003,5.0,4.27397198,4.29339888,0.808390596,0.0860268095,-2.74386378,2.31819253
0.426438003,5.0,4.27384996,4.2965657,0.906446251,0.0660951123,-2.68916764,2.56240146
0.427438003,5.0,4.27397966,4.2971531,0.796862251,0.0872771311,-2.59408212,2.58846948
0.428438003,5.0,4.27385798,4.30051126,0.895754753,0.0674067095,-2.54076659,2.81328436
0.429438003,5.0,4.2739877,4.30088089,0.786878571,0.0885867923,-2.44711131,2.82130355
0.430438003,5.0,4.27386629,4.30445946,0.886500933,0.0687654713,-2.39516146,3.02945929
0.431438003,5.0,4.27399599,4.30457825,0.77823291,0.089935434,-2.30291764,3.02196411
0.432438003,5.0,4.27387476,4.30841025,0.878492425,0.0701509157,-2.25231898,3.21580969
0.433438003,5.0,4.27400439,4.30824055,0.77074607,0.0913032586,-2.16146751,3.19497683
0.434438003,5.0,4.27388328,4.31236333,0.871562442,0.0715433334,-2.11220578,3.37652988
0.435438003,5.0,4.2740128,4.31186252,0.764262592,0.0926714494,-2.02272696,3.34422875
0.436438003,5.0,4.27389172,4.31631805,0.865566345,0.0729241997,-1.97478794,3.51522238
0.437438003,5.0,4.27402111,4.31543813,0.758647578,0.0940225724,-1.88666131,3.47305837
0.438438003,5.0,4.2739,4.32027335,0.860378687,0.0742765583,-1.84003065,3.63498142
0.439438003,5.0,4.27402922,4.3189606,0.753783956,0.0953409392,-1.75323485,3.58433309
0.440438003,5.0,4.27390801,4.32422754,0.855890673,0.0755853543,-1.70789789,3.73846464
0.441438003,5.0,4.27403705,4.32242233,0.74957013,0.0966129046,-1.62241047,3.68051564
0.442438003,5.0,4.27391568,4.32817816,0.852007957,0.0768376982,-1.57835217,3.82795465
0.443438003,5.0,4.27404452,4.32581493,0.745917946,0.0978270834,-1.49414956,3.76372113
0.444438003,5.0,4.27392294,4.33212179,0.848648739,0.0780230432,-1.45135443,3.90541186
0.445438003,5.0,4.27405158,4.32912929,0.742750938,0.0989744706,-1.3684119,3.83576598
0.446438003,5.0,4.27392974,4.33605382,0.845742109,0.0791332697,-1.32686393,3.97251983
0.447438003,5.0,4.2740582,4.33235575,0.740002798,0.100048461,-1.24515564,3.89821
0.448438003,5.0,4.27393605,4.33996825,0.843226606,0.0801626733,-1.20483834,4.03072417
0.449438003,5.0,4.27406434,4.33548431,0.737616067,0.10104477,-1.12433744,3.95239245
0.450438003,5.0,4.27394184,4.34385757,0.841048968,0.0811078619,-1.08523384,4.08126598
0.451438003,5.0,4.27406998,4.338505,0.735540982,0.101961263,-1.00591265,3.99946303
0.452438003,5.0,4.27394711,4.34771263,0.839163041,0.0819675737,-0.968005357,4.12521053
0.453438003,5.0,4.27407514,4.34140833,0.733734495,0.102797718,-0.889835593,4.04040855
0.454438003,5.0,4.27395186,4.35152274,0.837528838,0.0827424332,-0.853106797,4.16347201
0.455438003,5.0,4.27407981,4.3441858,0.73215941,0.103555528,-0.776059858,4.07607584
0.456438003,5.0,4.2739559,4.35808407,0.836220272,0.0833531893,-0.740572459,4.19704561
0.457438003,5.0,4.27408418,4.34587457,0.73073556,0.104265036,-0.664510345,4.10730587
0.458438003,5.0,4.27395956,4.36231828,0.835007701,0.0839493527,-0.630209369,4.22633573
0.459438003,5.0,4.27408802,4.34805835,0.729511616,0.104888266,-0.555182526,4.13460772
0.460438003,5.0,4.27396274,4.36658102,0.833961143,0.0844673664,-0.522038499,4.25198272
0.461438003,5.0,4.27409121,4.35316491,0.728545386,0.105353503,-0.448105284,4.15874273
0.462438003,5.0,4.27396546,4.37111946,0.833059362,0.0849115572,-0.416012783,4.27471556
0.463438003,5.0,4.27409418,4.35564317,0.727610561,0.105835283,-0.34306262,4.17998627
0.464438003,5.0,4.2739678,4.37552397,0.832274252,0.0852930707,-0.3120809,4.29475347
0.465438003,5.0,4.2740968,4.35797637,0.726784011,0.106260597,-0.240087455,4.19872055
0.466438003,5.0,4.27396977,4.37993825,0.831595911,0.0856130885,-0.210201622,4.31246578
0.467438003,5.0,4.27409911,4.36014058,0.726049432,0.106635472,-0.139134135,4.21528527
0.468438003,5.0,4.27397139,4.38434593,0.831009578,0.0858774741,-0.1103299,4.32816639
0.469438003,5.0,4.27410115,4.36212365,0.725393235,0.106965489,-0.0401583282,4.22997058
0.470438003,5.0,4.27397251,4.38977015,0.830546275,0.0860603888,-0.0124530918,4.34220471
0.471438003,5.0,4.27410301,4.36366041,0.724789771,0.107266896,0.0568943726,4.24307361
0.472438003,5.0,4.27397351,4.39442407,0.830118313,0.08622223,0.0835266178,4.35471786
0.473438003,5.0,4.27410463,4.3651281,0.72424887,0.107529612,0.1520507,4.25476147
0.474438003,5.0,4.27397459,4.39727557,0.82967526,0.0863994164,0.177681983,4.36577747
0.475438003,5.0,4.2741054,4.36941725,0.723890135,0.107654753,0.245248055,4.26533435
0.476438003,5.0,4.2739751,4.40208559,0.829363819,0.0864824545,0.269940444,4.37593915
0.477438003,5.0,4.27410653,4.37129691,0.723467073,0.107837027,0.336717267,4.27487024
0.478438003,5.0,4.27397552,4.40643284,0.829077188,0.086549738,0.360414811,4.38511779
0.479438003,5.0,4.27410778,4.37306361,0.723026972,0.108040923,0.42645593,4.28338666
0.480438003,5.0,4.27397578,4.41070859,0.828831282,0.0865931325,0.449129169,4.39335394
0.481438003,5.0,4.27411875,4.37399585,0.720856479,0.109818586,0.516026698,4.28775395
0.482438003,5.0,4.27397511,4.41559418,0.828775265,0.0864835625,0.535943995,4.3980535
0.483438003,5.0,4.276698,4.27390785,-3.45539007,0.50762753,0.833247938,0.0759714407
0.484438003,5.0,4.28011133,4.2738585,-3.38249588,0.977014642,1.02398388,0.0674444881
0.485438003,5.0,4.28047391,4.27391529,-3.2925787,1.02335688,0.811846456,0.0767278659
0.486438003,5.0,4.28412003,4.27386381,-3.22112355,1.45537562,1.00407556,0.0683294976
0.487438003,5.0,4.28422713,4.27392064,-3.13276191,1.46707788,0.793323376,0.0776104803
0.488438003,5.0,4.28814388,4.27387018,-3.0627012,1.86698905,0.986839605,0.0693565497
0.489438003,5.0,4.28795434,4.27392687,-2.97587397,1.84891472,0.777268247,0.078627824
0.490438003,5.0,4.29218475,4.27387718,-2.90719665,2.2212607,0.971916701,0.0705011129
0.491438003,5.0,4.29164822,4.27393373,-2.82189072,2.17760024,0.763363715,0.0797476438
0.492438003,5.0,4.29624551,4.27388478,-2.75457302,2.52626852,0.958997143,0.0717439337
0.493438003,5.0,4.29530286,4.2739411,-2.67077666,2.46062062,0.75132168,0.0809496546
0.494438003,5.0,4.30032957,4.27389286,-2.60479554,2.78895073,0.947813308,0.0730643449
0.495438003,5.0,4.29891114,4.27394885,-2.52249721,2.70440538,0.74089266,0.0822133183
0.496438003,5.0,4.30444088,4.27390129,-2.45783038,3.01526637,0.938133482,0.0744414086
0.497438003,5.0,4.30246449,4.27395685,-2.3770183,2.91447648,0.731860423,0.0835182718
0.498438003,5.0,4.30858393,4.27390994,-2.31364425,3.21033351,0.929756935,0.0758542768
0.499438003,5.0,4.30595247,4.27396499,-2.23430588,3.09557644,0.724037421,0.0848447577
0.500438003,5.0,4.3127638,4.27391869,-2.17220406,3.378548,0.92250971,0.0772825834
0.501438003,5.0,4.30936241,4.27397315,-2.09432551,3.25177829,0.71726088,0.0861740708
0.502438003,5.0,4.31698618,4.27392741,-2.03347646,3.52368534,0.916241026,0.0787068465
0.503438003,5.0,4.31267884,4.27398123,-1.95704193,3.38658001,0.711389448,0.0874889951
0.504438003,5.0,4.32125723,4.27393601,-1.89742751,3.6489882,0.910820189,0.0801088588
0.505438003,5.0,4.31588288,4.27398912,-1.82241865,3.50298552,0.706300307,0.0887742026
0.506438003,5.0,4.3255834,4.27394436,-1.76402233,3.75724149,0.90613393,0.0814720446
0.507438003,5.0,4.31895153,4.27399676,-1.69041765,3.60357421,0.701886688,0.0900165916
0.508438003,5.0,4.32997091,4.2739524,-1.63322479,3.85083669,0.902084103,0.0827817662
0.509438003,5.0,4.32185697,4.27400406,-1.56099919,3.69056051,0.698055715,0.0912055379
0.510438003,5.0,4.33442486,4.27396003,-1.50499734,3.93182702,0.898585669,0.0840255663
0.511438003,5.0,4.3245661,4.27401099,-1.43412162,3.76584495,0.694726555,0.0923330416
0.512438003,5.0,4.33583927,4.27396681,-1.37935638,4.00173408,0.895437348,0.0851375363
0.513438003,5.0,4.32812764,4.27401736,-1.30976539,3.8309338,0.691882957,0.0933691644
0.514438003,5.0,4.34007513,4.27397352,-1.25614128,4.06240207,0.892820632,0.0862296864
0.515438003,5.0,4.33067523,4.27402338,-1.18784949,3.88736516,0.689376179,0.0943474668
0.516438003,5.0,4.34828002,4.27397991,-1.13534195,4.11535659,0.890723272,0.0872650949
0.517438003,5.0,4.33103862,4.27402926,-1.06829239,3.93645448,0.687096659,0.095302908
0.518438003,5.0,4.35282268,4.27398548,-1.01698332,4.16123086,0.888777071,0.0881725263
0.519438003,5.0,4.33715961,4.27403399,-0.951218856,3.97944335,0.685346201,0.0960637001
0.520438003,5.0,4.35816446,4.27399042,-0.90099336,4.20148306,0.887118092,0.0889767415
0.521438003,5.0,4.33942251,4.27403867,-0.836388553,4.01691614,0.683670625,0.0968244102
0.522438003,5.0,4.3632196,4.27399486,-0.787306682,4.23661684,0.885675941,0.0896988412
0.523438003,5.0,4.34141676,4.27404293,-0.723825906,4.04962315,0.682196956,0.0975165286
0.524438003,5.0,4.3683393,4.27399875,-0.675886042,4.26733836,0.884435648,0.090332044
0.525438003,5.0,4.34301577,4.27404681,-0.613480339,4.07820728,0.680891257,0.0981470291
0.526438003,5.0,4.37345405,4.27400212,-0.56668314,4.29423903,0.883368107,0.0908815249
0.527438003,5.0,4.34730786,4.27404983,-0.505387074,4.10345917,0.679859162,0.0986376292
0.528438003,5.0,4.37943369,4.27400489,-0.45966971,4.31810241,0.882477997,0.0913324571
0.529438003,5.0,4.34921087,4.27405288,-0.39935964,4.12570243,0.678854994,0.0991327446
0.530438003,5.0,4.3886358,4.27400662,-0.354876356,4.33944228,0.881850102,0.091612935
0.531438003,5.0,4.34964884,4.27405588,-0.295369482,4.14547191,0.677896638,0.099619618
0.532438003,5.0,4.39549823,4.27400837,-0.252087358,4.35831388,0.88122872,0.0918985476
0.533438003,5.0,4.35354582,4.27405793,-0.193522278,4.16323693,0.677188271,0.0999529734
0.534438003,5.0,4.40297337,4.27400967,-0.151341768,4.37535487,0.880719645,0.0921099442
0.535438003,5.0,4.35467723,4.27406023,-0.0935850716,4.17908349,0.676441459,0.100326407
0.536438003,5.0,4.4106081,4.2740106,-0.0525878586,4.39064588,0.880298749,0.0922608692
0.537438003,5.0,4.35758468,4.27406194,0.00434481964,4.19344552,0.675844567,0.100604396
0.538438003,5.0,4.41964766,4.27401099,0.0441854824,4.40466019,0.880001472,0.0923238128
0.539438003,5.0,4.35880365,4.27406379,0.100422361,4.20648245,0.675231565,0.100904088
0.540438003,5.0,4.4270239,4.27401143,0.139111978,4.41732562,0.879690998,0.0923960763
0.541438003,5.0,4.35969399,4.27406549,0.19463889,4.21825198,0.674662258,0.101181004
0.542438003,5.0,4.43528368,4.27401147,0.232151579,4.42888729,0.87947258,0.0924015572
0.543438003,5.0,4.36288289,4.27406656,0.286950318,4.22917336,0.674238344,0.101354597
0.544438003,5.0,4.44404175,4.27401124,0.323365114,4.43968779,0.879312975,0.0923647103
0.545438003,5.0,4.36437444,4.27406786,0.377532328,4.23924995,0.673774692,0.101565353
0.546438003,5.0,4.45249698,4.27401091,0.412812287,4.44969164,0.87917707,0.0923112196
0.547438003,5.0,4.36584537,4.27406922,0.466391063,4.24852019,0.673308425,0.10178627
0.548438003,5.0,4.46073347,4.27401049,0.500526521,4.45893151,0.879064548,0.092242165
0.549438003,5.0,4.36700393,4.27407634,0.554468743,4.25505001,0.671776816,0.102941385
0.550438003,5.0,4.46687206,4.27401032,0.586567918,4.46549983,0.878904174,0.0922146222
0.550563003,5.0,4.39694214,4.2740495,0.598256077,4.36086514,0.774112795,0.098583722
0.550813003,5.0,4.39682263,4.27405219,0.609316946,4.36057861,0.773616716,0.0990207562
0.551082234,5.0,4.39646477,4.27405658,0.621437895,4.35971757,0.772821966,0.0997333985
0.551373431,5.0,4.3955464,4.27406624,0.635304988,4.35747027,0.771231914,0.101302853
0.551378333,5.0,4.38850444,4.27435438,0.682023623,4.33851173,0.752443837,0.14781816
0.551388136,5.0,4.38891412,4.27433995,0.680114153,4.33971325,0.753973163,0.14550182
0.551393279,5.0,4.38835429,4.27435025,0.681980224,4.3380705,0.752502183,0.147154418
0.551398261,5.0,4.38883571,4.27433656,0.679989982,4.33948784,0.754085428,0.144957408
0.551408224,5.0,4.38819281,4.27434672,0.682034517,4.3376095,0.752538655,0.146588413
0.551423595,5.0,4.38863011,4.27432796,0.679658179,4.33887971,0.754317512,0.143574055
0.551445723,5.0,4.3878512,4.27433575,0.681828771,4.33660259,0.752768688,0.144826096
0.551486653,5.0,4.38810444,4.27430818,0.679096746,4.33733263,0.754829115,0.140394838
0.551566114,5.0,4.38687576,4.2742985,0.680839622,4.33369204,0.753711781,0.138838111
0.551725037,5.0,4.3867854,4.27422116,0.674982034,4.33335718,0.758013435,0.126375638
0.551764767,5.0,4.38953889,4.27410034,0.657104541,4.34150684,0.766614818,0.106834171
0.551810999,5.0,4.3888878,4.27411118,0.660796761,4.33963061,0.76531488,0.108591338
0.551812407,5.0,4.38609921,4.27420986,0.676816016,4.33123509,0.756958163,0.124552044
0.551812451,5.0,4.38588177,4.27421605,0.677816518,4.33055524,0.756279584,0.125550717
0.551812539,5.0,4.38503775,4.27423856,0.681451798,4.32787608,0.753603152,0.129182343
0.551812541,5.0,4.38500198,4.27423944,0.681594586,4.32775991,0.753487055,0.129325039
0.551812546,5.0,4.38492955,4.27424128,0.681890388,4.32752709,0.753254386,0.129620655
0.551812555,5.0,4.38476981,4.27424528,0.682536666,4.32701261,0.752740218,0.13026656
0.551812573,5.0,4.38437598,4.27425498,0.684100234,4.32573821,0.751466463,0.131829386
0.551812609,5.0,4.38249376,4.27429587,0.690687121,4.31942266,0.745152444,0.138414791
0.55181261,5.0,4.38242674,4.27429726,0.690909775,4.31919363,0.744923455,0.138637413
0.551812611,5.0,4.38228246,4.27430019,0.69138204,4.31869484,0.744424736,0.139109612
0.551812614,5.0,4.38195181,4.27430675,0.692436507,4.31755033,0.743280383,0.140163949
0.551812621,5.0,4.38105769,4.2743236,0.695145688,4.31438587,0.740116276,0.142872872
0.551812622,5.0,4.38075713,4.27432906,0.696024133,4.31330896,0.739039452,0.143751252
0.551812625,5.0,4.38005381,4.27434162,0.698042661,4.31074321,0.736473897,0.145769651
0.551812632,5.0,4.37762707,4.27438159,0.704458125,4.30151079,0.72724193,0.152184861
0.551812638,5.0,4.282001,4.27519274,0.832538421,1.21166004,-2.36260734,0.280265299
0.551812642,5.0,4.27436868,4.27644881,1.02316212,0.150113643,-3.42415325,0.470890229
0.551812646,5.0,4.27442103,4.27533831,0.855102269,0.158504866,-3.41576174,0.302831632
0.551812651,5.0,4.27419538,4.27640552,1.01674243,0.122213592,-3.45205256,0.464473337
0.551812656,5.0,4.27428605,4.27538214,0.861870487,0.136834445,-3.43743136,0.30960282
0.551812663,5.0,4.2741092,4.27637235,1.01181449,0.108270998,-3.4659942,0.459548988
0.551812671,5.0,4.27418777,4.27541017,0.86618935,0.120984758,-3.45327976,0.313926498
0.551812683,5.0,4.27403115,4.27635741,1.00958766,0.0956019395,-3.4786616,0.457328361
0.551812701,5.0,4.27410175,4.27542879,0.869049159,0.107063328,-3.46719877,0.316795364
0.551812729,5.0,4.27394778,4.27635653,1.00944223,0.0820288084,-3.49223096,0.457197
0.551812779,5.0,4.27401368,4.27544412,0.871385618,0.0927616003,-3.48149405,0.319155879
0.55181288,5.0,4.27386265,4.27636747,1.01102266,0.0681238663,-3.50612346,0.458823843
0.551813083,5.0,4.27394473,4.2754598,0.873705689,0.0815310141,-3.49269973,0.321568753
0.551813299,5.0,4.27382863,4.27635967,1.01209916,0.062597443,-3.51161544,0.460028612
0.551813613,5.0,4.27393604,4.27544817,0.874152415,0.0801503667,-3.49403679,0.322177777
0.551814037,5.0,4.27382703,4.2763606,1.01207942,0.0623304168,-3.51182184,0.460234579
0.551814885,5.0,4.2739361,4.27545096,0.874183435,0.0801612338,-3.4939213,0.322598235
0.551816581,5.0,4.27382708,4.2763654,1.01202473,0.0623374868,-3.51160553,0.460958713
0.551819974,5.0,4.27393609,4.27546094,0.874133957,0.0801599002,-3.49350417,0.324106139
0.551826759,5.0,4.2738271,4.27638515,1.0118954,0.062342188,-3.51076395,0.463943156
0.551840329,5.0,4.27393613,4.27550052,0.87389041,0.0801657101,-3.49182474,0.330086173
0.55186747,5.0,4.27382719,4.27646423,1.01140133,0.0623556366,-3.5074038,0.475880384
0.551921751,5.0,4.27393629,4.27565859,0.872908416,0.0801917763,-3.48510747,0.353903508
0.552030313,5.0,4.27382751,4.27677997,1.00944512,0.0624085023,-3.49397735,0.523270875
0.552247437,5.0,4.27393694,4.27628831,0.86903518,0.0802982762,-3.45828902,0.447725059
0.552681685,5.0,4.27382884,4.27803339,1.00184894,0.062625971,-3.44047648,0.707142445
0.553550182,5.0,4.27393969,4.27876733,0.854423126,0.0807479635,-3.35183196,0.800922454
0.554550182,5.0,4.27383378,4.28179893,0.981950833,0.0633976344,-3.28871539,1.18740365
0.555550182,5.0,4.27394472,4.28256806,0.834449309,0.0815679949,-3.1908566,1.28012432
0.556550182,5.0,4.27383906,4.2855832,0.963413888,0.0642975328,-3.12920989,1.63194476
0.557550182,5.0,4.27395058,4.28635103,0.817142435,0.0825246605,-3.03282979,1.69243283
0.558550182,5.0,4.27384567,4.28954091,0.947371997,0.0653792536,-2.97257957,2.01450456
0.559550182,5.0,4.27395718,4.29011775,0.802151585,0.0836013432,-2.877712,2.04729287
0.560550182,5.0,4.27385292,4.29350397,0.93348544,0.0665664934,-2.81884471,2.34381633
0.561550182,5.0,4.27396438,4.29385932,0.789166877,0.0847750087,-2.72547029,2.35279759
0.562550182,5.0,4.2738607,4.29747215,0.921465642,0.0678383844,-2.66797052,2.62737979
0.563550182,5.0,4.27397206,4.29757179,0.777920096,0.0860254023,-2.57606961,2.61589756
0.564550182,5.0,4.27386886,4.30144575,0.911062808,0.0691739637,-2.51992299,2.87163615
0.565550182,5.0,4.27398008,4.30125059,0.768178912,0.0873321147,-2.42947571,2.84256227
0.566550182,5.0,4.27387729,4.3054249,0.902060548,0.0705523157,-2.37466871,3.08211748
0.567550182,5.0,4.27398833,4.30489045,0.759741927,0.0886749525,-2.28565479,3.03791863
0.568550182,5.0,4.27388586,4.30940942,0.894271316,0.071952973,-2.23217448,3.26357511
0.569550182,5.0,4.27399668,4.3084853,0.75243446,0.0900343513,-2.14457307,3.20636986
0.570550182,5.0,4.27389445,4.31339872,0.887532506,0.0733563346,-2.09240687,3.42008981
0.571550182,5.0,4.27400502,4.31202818,0.746104938,0.0913917952,-2.00619638,3.35169769
0.572550182,5.0,4.27390294,4.31739165,0.881703107,0.0747440753,-1.95533185,3.55516644
0.573550182,5.0,4.27401325,4.31551124,0.740621805,0.0927302154,-1.87048974,3.47715003
0.574550182,5.0,4.27391124,4.32138621,0.876660824,0.0760995225,-1.82091439,3.6718152
0.575550182,5.0,4.27402127,4.31892565,0.735870871,0.0940343438,-1.73741707,3.58551622
0.576550182,5.0,4.27391926,4.32537943,0.872299599,0.0774079804,-1.68911819,3.77262135
0.577550182,5.0,4.274029,4.32226166,0.73175302,0.0952909974,-1.60694092,3.67919173
0.578550182,5.0,4.27392691,4.32936699,0.868527457,0.0786569799,-1.55990544,3.85980508
0.579550182,5.0,4.27403638,4.32550875,0.728182244,0.0964892761,-1.47902227,3.7602336
0.580550182,5.0,4.27393414,4.33334301,0.865264648,0.0798364423,-1.43323669,3.93527286
0.581550182,5.0,4.27404334,4.32865582,0.725083937,0.0976206605,-1.35362051,3.83040808
0.582550182,5.0,4.27394089,4.33729978,0.862442022,0.0809387481,-1.30907081,4.00066157
0.583550182,5.0,4.27404985,4.33169156,0.722393419,0.0986790058,-1.23069343,3.89123151
0.584550182,5.0,4.27394715,4.34122756,0.859999633,0.0819587082,-1.18736507,4.05737638
0.585550182,5.0,4.2740559,4.334605,0.720054669,0.099660435,-1.11019741,3.94400553
0.586550182,5.0,4.27395258,4.34769411,0.857963843,0.0828110937,-1.06815719,4.10679638
0.587550182,5.0,4.27406135,4.33824443,0.717996028,0.10050879,-0.992140877,3.99003986
0.588550182,5.0,4.27395767,4.35217784,0.856148001,0.0836420273,-0.951254254,4.14988214
0.589550182,5.0,4.27406642,4.34112159,0.716220079,0.10133135,-0.87637142,4.03017648
0.590550182,5.0,4.27396223,4.35670614,0.854580081,0.0843854685,-0.836677774,4.18745667
0.591550182,5.0,4.27407101,4.34387049,0.71466873,0.102077431,-0.76289507,4.06519411
0.592550182,5.0,4.27396627,4.36130104,0.853227649,0.0850430198,-0.724381696,4.22028919
0.593550182,5.0,4.27407516,4.34646927,0.713309807,0.102750467,-0.651664392,4.09580388
0.594550182,5.0,4.2739698,4.36595944,0.852061763,0.0856180695,-0.614319088,4.24903911
0.595550182,5.0,4.27407889,4.34889066,0.712115218,0.103355078,-0.542631678,4.12261488
0.596550182,5.0,4.27397285,4.37067252,0.851057253,0.0861150501,-0.506442887,4.27427076
0.597550182,5.0,4.27408223,4.35110176,0.711060392,0.103896795,-0.435749226,4.14614766
0.598550182,5.0,4.27397545,4.37542321,0.85019211,0.0865392291,-0.400706111,4.2964658
0.599550182,5.0,4.27408522,4.35306685,0.710123936,0.104381706,-0.33096969,4.16684596
0.600550182,5.0,4.27397765,4.38018373,0.849446943,0.0868965356,-0.29706203,4.31603383
0.601550182,5.0,4.27408789,4.35475406,0.709287519,0.104816006,-0.228246522,4.18508707
0.602550182,5.0,4.27397947,4.38491424,0.848804522,0.0871934027,-0.195464308,4.33332192
0.603550182,5.0,4.27408979,4.35871569,0.70864507,0.105124186,-0.127615384,4.20139393
0.604550182,5.0,4.27398087,4.39022753,0.848269486,0.0874222494,-0.0958806582,4.34884741
0.605550182,5.0,4.2740918,4.3606998,0.707994541,0.105449875,-0.0288938153,4.21590786
0.606550182,5.0,4.27398157,4.39772128,0.847902084,0.0875361205,0.00167995269,4.36289264
0.607550182,5.0,4.27409367,4.36222064,0.707388687,0.105752844,0.0679159968,4.22900057
0.608550182,5.0,4.27398236,4.40337178,0.84751811,0.0876650799,0.0973848341,4.37547804
0.609550182,5.0,4.27409533,4.36359471,0.706839162,0.106022047,0.162839321,4.24073881
0.610550182,5.0,4.2739829,4.40906995,0.847194363,0.0877529897,0.191214135,4.38681165
0.611550182,5.0,4.27409685,4.36464299,0.706330014,0.106268003,0.25592283,4.25129048
0.612550182,5.0,4.27398323,4.41476075,0.84692145,0.0878057865,0.283209518,4.39704605
0.613550182,5.0,4.27409758,4.36850706,0.705986956,0.106387107,0.347098724,4.26104204
0.614550182,5.0,4.27398337,4.4206492,0.846692571,0.0878281517,0.373411551,4.4065362
0.615550182,5.0,4.27409896,4.37011116,0.705524283,0.106610759,0.436632026,4.26982043
0.616550182,5.0,4.27398336,4.42637117,0.846497825,0.08782682,0.461858337,4.41513307
0.617550182,5.0,4.27411029,4.37093226,0.703305889,0.108447048,0.526040491,4.27445762
0.618550182,5.0,4.27398254,4.42990461,0.846372304,0.0876947279,0.548431463,4.41998534
0.619550182,5.0,4.27664701,4.26995151,-3.45824785,0.500138994,0.839817633,0.0778922411
0.620550182,5.0,4.27996777,4.27384627,-3.38922918,0.958485919,1.01849595,0.0654433893
0.621550182,5.0,4.28042967,4.27392747,-3.29527751,1.01773623,0.818322478,0.0787156527
0.622550182,5.0,4.28396875,4.27385123,-3.22782415,1.4386176,0.998540181,0.0662700398
0.623550182,5.0,4.28419059,4.27393323,-3.13531288,1.46303438,0.79969031,0.0796559176
0.624550182,5.0,4.28772196,4.27385705,-3.06938294,1.85174183,0.981260807,0.0672265694
0.625550182,5.0,4.28792679,4.27393982,-2.97827821,1.84622187,0.783554664,0.0807314087
0.626550182,5.0,4.29171171,4.27386365,-2.91385584,2.2073119,0.966311195,0.068305913
0.627550182,5.0,4.29163506,4.27394711,-2.8241397,2.17606211,0.769577835,0.0819195863
0.628550182,5.0,4.29570995,4.27387079,-2.76122063,2.51343492,0.953371151,0.0694742184
0.629550182,5.0,4.29531173,4.27395496,-2.67286139,2.46006901,0.757471041,0.0832005935
0.630550182,5.0,4.29971734,4.27387835,-2.611443,2.77707412,0.94217176,0.070710338
0.631550182,5.0,4.29895271,4.27396327,-2.52440847,2.70469593,0.746984251,0.0845541248
0.632550182,5.0,4.30373439,4.27388619,-2.46448933,3.00420998,0.932480146,0.0719930761
0.633550182,5.0,4.30255349,4.2739719,-2.37874688,2.91548537,0.737900818,0.0859597542
0.634550182,5.0,4.3077614,4.2738942,-2.32032632,3.19997892,0.92409452,0.0733016012
0.635550182,5.0,4.30610915,4.27398072,-2.23584297,3.09719762,0.730032902,0.0873973136
0.636550182,5.0,4.3117983,4.27390224,-2.17892049,3.36879257,0.916839958,0.0746158843
0.637550182,5.0,4.30961433,4.27398962,-2.09566308,3.25392114,0.723217565,0.0888472955
0.638550182,5.0,4.31584463,4.27391021,-2.0402378,3.51444004,0.910564776,0.0759171365
0.639550182,5.0,4.31306324,4.2739985,-1.95817313,3.38916744,0.717313428,0.0902912573
0.640550182,5.0,4.31989928,4.27391799,-1.90424319,3.64017579,0.905137428,0.0771882191
0.641550182,5.0,4.31644969,4.27400723,-1.82333828,3.50595253,0.712197807,0.0917122041
0.642550182,5.0,4.32396043,4.27392549,-1.7709003,3.74879516,0.900443827,0.078414
0.643550182,5.0,4.31976708,4.27401573,-1.69112258,3.60686679,0.70776424,0.0930949263
0.644550182,5.0,4.3280253,4.27393264,-1.64017118,3.84269902,0.896385036,0.0795816339
0.645550182,5.0,4.32300843,4.27402391,-1.56148876,3.69413505,0.703920356,0.0944262747
0.646550182,5.0,4.33208998,4.27393938,-1.51201615,3.92394944,0.892875267,0.0806807482
0.647550182,5.0,4.32616636,4.27403172,-1.43439803,3.76966806,0.700586037,0.0956953535
0.648550182,5.0,4.33614924,4.27394564,-1.38639375,3.99431735,0.889840139,0.0817035245
0.649550182,5.0,4.32923307,4.27403909,-1.30981004,3.83510671,0.697691809,0.0968936237
0.650550182,5.0,4.34019623,4.27395141,-1.26326076,4.05532349,0.887215173,0.0826446738
0.651550182,5.0,4.33220035,4.274046,-1.18768289,3.89185998,0.695177455,0.0980149118
0.652550182,5.0,4.34422236,4.27395666,-1.14257241,4.10827353,0.884944473,0.0835013123
0.653550182,5.0,4.33505956,4.2740524,-1.06797324,3.94113748,0.692990805,0.0990553265
0.654550182,5.0,4.34821697,4.27396138,-1.0242826,4.15428822,0.882979584,0.0842727529
0.655550182,5.0,4.33780164,4.2740583,-0.950636494,3.98397741,0.691086686,0.100013094
0.656550182,5.0,4.3573782,4.27396617,-0.908278338,4.19469896,0.881457438,0.08502638
0.657550182,5.0,4.33996569,4.27406384,-0.835603559,4.0215867,0.689390938,0.100912595
0.658550182,5.0,4.36233181,4.27396998,-0.794630115,4.22996795,0.88001244,0.0856469767
0.659550182,5.0,4.34213119,4.27406887,-0.722854268,4.05441781,0.687910774,0.101729025
0.660550182,5.0,4.36738443,4.27397329,-0.683240663,4.26081281,0.878770521,0.0861874106
0.661550182,5.0,4.34395378,4.27407347,-0.612330982,4.08312039,0.686601921,0.102476373
0.662550182,5.0,4.37246492,4.27397615,-0.574061302,4.28783244,0.877702255,0.0866532254
0.663550182,5.0,4.34786244,4.2740772,-0.504064787,4.10844086,0.685542566,0.103080499
0.664550182,5.0,4.37816642,4.27397851,-0.467055506,4.31175102,0.876802424,0.087037919
0.665550182,5.0,4.34993633,4.27408086,-0.397880751,4.13073919,0.684537129,0.103674332
0.666550182,5.0,4.38657502,4.27398004,-0.362236385,4.33308885,0.876142777,0.0872871618
0.667550182,5.0,4.35115143,4.27408433,-0.293757534,4.15056254,0.683605621,0.104238031
0.668550182,5.0,4.39314945,4.27398153,-0.259435294,4.35199282,0.875510871,0.087529335
0.669550182,5.0,4.35437162,4.27408701,-0.191753862,4.16829754,0.682862431,0.104673138
0.670550182,5.0,4.40015811,4.27398265,-0.158665799,4.36898143,0.874986413,0.0877107914
0.671550182,5.0,4.35603516,4.27408972,-0.0916985043,4.18413198,0.682135378,0.105111564
0.672550182,5.0,4.40740811,4.27398343,-0.0598820525,4.38423544,0.874552655,0.087839111
0.673550182,5.0,4.35838615,4.27409197,0.00637084976,4.19841117,0.681512148,0.105477392
0.674550182,5.0,4.41500681,4.27398392,0.0369582144,4.39806985,0.874200315,0.0879183548
0.675550182,5.0,4.3601167,4.27409412,0.102546371,4.21132344,0.680923931,0.105825236
0.676550182,5.0,4.42278932,4.27398416,0.13190033,4.41065452,0.873914279,0.0879569594
0.677550182,5.0,4.36155446,4.2740961,0.19685693,4.22305294,0.680377448,0.106147434
0.678550182,5.0,4.43067683,4.27398418,0.224986909,4.4221521,0.873683626,0.0879613518
0.679550182,5.0,4.36263942,4.27409797,0.289345156,4.23374601,0.679863166,0.106450842
0.680550182,5.0,4.43854428,4.27398404,0.316260445,4.43268894,0.873496944,0.0879386697
0.681550182,5.0,4.36351172,4.27409973,0.380046419,4.24352704,0.679379238,0.106735913
0.682550182,5.0,4.44629518,4.27398378,0.405761487,4.44237232,0.873344933,0.0878949761
0.683550182,5.0,4.36696164,4.27410115,0.468957526,4.25257872,0.678965692,0.106966173
0.684550182,5.0,4.45428748,4.27398336,0.49351909,4.45139139,0.873234196,0.087827217
0.685550182,5.0,4.36761156,4.27412002,0.558958772,4.25621497,0.675979679,0.110022912
0.686550182,5.0,4.45876637,4.27398285,0.579507501,4.45546252,0.873159825,0.0877438818
0.686675182,5.0,4.3850682,4.274602,0.684327332,4.32797343,0.750376612,0.187383399
0.686854963,5.0,4.38312119,4.27455455,0.684225604,4.32159441,0.75072182,0.179830837
0.686964623,5.0,4.38197635,4.27452641,0.684284547,4.31764606,0.75084088,0.175345037
0.687067967,5.0,4.3809732,4.2744986,0.684132274,4.31413199,0.751130597,0.170909655
0.687274655,5.0,4.3790082,4.27444434,0.684033321,4.30703619,0.751539224,0.162243979
0.687688032,5.0,4.37601868,4.27432643,0.682258242,4.29501437,0.753709263,0.143328042
0.687791376,5.0,4.37543595,4.2742948,0.681459973,4.29257733,0.754513221,0.138241272
0.687998065,5.0,4.37466661,4.27422177,0.678276377,4.28930984,0.757266487,0.126474699
0.688049737,5.0,4.37465999,4.27419789,0.676569288,4.28927802,0.75851838,0.122618841
0.688062655,5.0,4.37468057,4.27419102,0.675996428,4.28936633,0.758919097,0.121508663
0.688088491,5.0,4.37477168,4.27417521,0.67451773,4.28975752,0.759913882,0.118955004
0.688089953,5.0,4.37573641,4.27412895,0.667093727,4.29383476,0.764014022,0.111469978
0.688092877,5.0,4.37610787,4.2741073,0.663708266,4.295374,0.765595318,0.107962403
0.688095781,5.0,4.37592992,4.27411615,0.665264188,4.29463893,0.764899943,0.109397015
0.68809962,5.0,4.3759353,4.27411424,0.665114533,4.29466095,0.764976391,0.109087019
0.688103269,5.0,4.37583134,4.27411847,0.665951647,4.2942303,0.764598409,0.109771754
0.688110062,5.0,4.37571193,4.274122,0.666808392,4.29373351,0.76420405,0.110344892
0.68811124,5.0,4.37567205,4.27412357,0.667111758,4.29356665,0.764055641,0.110599072
0.688113597,5.0,4.37559517,4.27412657,0.66769508,4.29324535,0.763771805,0.111084033
0.688118311,5.0,4.37539414,4.27413468,0.669205857,4.29240148,0.763006998,0.112398164
0.688118384,5.0,4.27409516,4.27569878,0.91495997,0.105994915,-3.42338919,0.358171001
0.688118531,5.0,4.27391069,4.2760336,0.965635919,0.075977177,-3.45339493,0.408891991
0.688118608,5.0,4.27392796,4.27572123,0.918313513,0.0787962221,-3.45056962,0.361593108
0.688118682,5.0,4.27388061,4.27603975,0.966515059,0.0710616307,-3.45829814,0.409817389
0.688118831,5.0,4.27390636,4.27572724,0.919160874,0.0752688791,-3.45407876,0.362508684
0.688119127,5.0,4.27386361,4.27604274,0.967118261,0.0682868664,-3.4610365,0.410557006
0.688119493,5.0,4.27389935,4.27572862,0.919454262,0.0741290798,-3.45516437,0.363005139
0.688120073,5.0,4.27386335,4.27604461,0.967110889,0.0682428401,-3.46100317,0.410839459
0.688120993,5.0,4.27389949,4.27573157,0.919440692,0.0741517747,-3.455019,0.363451125
0.688122832,5.0,4.27386334,4.27604994,0.967071903,0.0682410331,-3.46077926,0.41164599
0.688126511,5.0,4.27389951,4.27574232,0.91937666,0.074153799,-3.45456557,0.365077836
0.68813387,5.0,4.27386336,4.27607139,0.966936444,0.0682445727,-3.45987295,0.414890847
0.688148586,5.0,4.27389955,4.27578523,0.919109736,0.0741608255,-3.45275315,0.371566873
0.688178019,5.0,4.27386345,4.27615718,0.966401388,0.0682587564,-3.45624863,0.427849047
0.688236885,5.0,4.27389972,4.27595668,0.918043446,0.074189208,-3.44550708,0.397412619
0.688354617,5.0,4.2738638,4.2764996,0.964279688,0.0683158687,-3.44176645,0.479254999
0.68859008,5.0,4.27390043,4.27663954,0.913845342,0.0743046727,-3.41658265,0.499095911
0.689061007,5.0,4.27386524,4.27785785,0.956059952,0.068551557,-3.38407713,0.678194888
0.690002861,5.0,4.27390343,4.279325,0.898086258,0.0747947909,-3.30183924,0.879955856
0.691002861,5.0,4.27386973,4.28158278,0.935495435,0.0692865559,-3.22741875,1.17375573
0.692002861,5.0,4.27390873,4.28317177,0.878334916,0.0756611539,-3.1418889,1.3544422
0.693002861,5.0,4.27387538,4.28548878,0.917097823,0.0702096113,-3.06895146,1.61386519
0.694002861,5.0,4.2739149,4.28701922,0.86123086,0.0766683479,-2.98486307,1.76272319
0.695002861,5.0,4.27388179,4.2893933,0.90116575,0.0712577871,-2.91339616,1.99261377
0.696002861,5.0,4.27392177,4.29085508,0.846420591,0.0777901282,-2.83073168,2.11412964
0.697002861,5.0,4.27388884,4.29329518,0.887369204,0.072410922,-2.76071703,2.31864695
0.698002861,5.0,4.27392922,4.29467767,0.83359693,0.0790063182,-2.67945928,2.41667343
0.699002861,5.0,4.27389642,4.2971941,0.875422652,0.0736487053,-2.61087908,2.59938994
0.700002861,5.0,4.27393712,4.29848512,0.822494021,0.0802963213,-2.5310115,2.67723569
0.701002861,5.0,4.27390439,4.30108972,0.865078894,0.0749504992,-2.46384832,2.84122005
0.702002861,5.0,4.27394536,4.30227531,0.812881594,0.0816394247,-2.38535475,2.9017264
0.703002861,5.0,4.27391262,4.3049816,0.856123758,0.0762956967,-2.31959139,3.04961457
0.704002861,5.0,4.27395379,4.3060458,0.804560083,0.0830151871,-2.24245582,3.09522156
0.705002861,5.0,4.27392101,4.30886919,0.848371589,0.0776641207,-2.17807511,3.22927796
0.706002861,5.0,4.27396231,4.30979382,0.797356442,0.0844038511,-2.10228144,3.26208094
0.707002861,5.0,4.27392941,4.31275181,0.841661382,0.0790364398,-2.03926612,3.38425088
0.708002861,5.0,4.2739708,4.31351622,0.79112058,0.0857867584,-1.9647979,3.40604924
0.709002861,5.0,4.27393774,4.31662862,0.835853484,0.0803945754,-1.90313047,3.51800403
0.710002861,5.0,4.27397915,4.31720942,0.785722295,0.0871467415,-1.82997067,3.53034295
0.711002861,5.0,4.27394588,4.32049855,0.830826748,0.0817220757,-1.76963322,3.63351857
0.712002861,5.0,4.27398727,4.32086942,0.781048635,0.0884684689,-1.69776403,3.63772488
0.713002861,5.0,4.27395374,4.32436029,0.82647609,0.0830044343,-1.63873821,3.73335523
0.714002861,5.0,4.27399507,4.32449172,0.777001629,0.0897387213,-1.56814088,3.73056826
0.715002861,5.0,4.27396125,4.3282122,0.822710378,0.0842293333,-1.51040777,3.81971365
0.716002861,5.0,4.27400249,4.32807134,0.773496309,0.0909465849,-1.44106253,3.81091166
0.717002861,5.0,4.27396836,4.33205227,0.819450596,0.0853867977,-1.38460266,3.8944833
0.718002861,5.0,4.27400948,4.33160282,0.770459013,0.092083548,-1.31648865,3.88050613
0.719002861,5.0,4.273975,4.33587805,0.816628256,0.0864692529,-1.261282,3.95928717
0.720002861,5.0,4.27401599,4.33508022,0.767825899,0.0931435005,-1.19437731,3.9408558
0.721002861,5.0,4.27398115,4.33968656,0.814184016,0.0874714874,-1.14040338,4.01551933
0.722002861,5.0,4.27402202,4.33849716,0.765541655,0.0941226389,-1.07468508,3.99325254
0.723002861,5.0,4.2739868,4.34347422,0.812066478,0.0883905261,-1.02192296,4.06437711
0.724002861,5.0,4.27402753,4.34184696,0.763558387,0.0950192895,-0.957367272,4.03880592
0.725002861,5.0,4.27399192,4.34723682,0.810231133,0.0892254313,-0.905795735,4.10688879
0.726002861,5.0,4.27403254,4.34512268,0.76183464,0.0958336662,-0.842378164,4.07846874
0.727002861,5.0,4.27399654,4.35096942,0.808639458,0.0899770478,-0.791975814,4.1439373
0.728002861,5.0,4.27403706,4.34831736,0.760334557,0.0965675845,-0.729671331,4.11305914
0.729002861,5.0,4.27400066,4.35466639,0.807258112,0.0906477142,-0.680416691,4.17628071
0.730002861,5.0,4.2740411,4.35142418,0.759027145,0.097224152,-0.619199956,4.14327948
0.731002861,5.0,4.27400431,4.35832141,0.806058251,0.0912409608,-0.571071579,4.2045697
0.732002861,5.0,4.27404469,4.3544367,0.757885637,0.0978074569,-0.510917146,4.16973262
0.733002861,5.0,4.2740075,4.36192753,0.805014927,0.091761212,-0.463893701,4.22936266
0.734002861,5.0,4.27404786,4.35734916,0.756886945,0.0983222709,-0.404776228,4.19293594
0.735002861,5.0,4.27401028,4.36547736,0.804106569,0.0922135071,-0.358836569,4.2511387
0.736002861,5.0,4.27405064,4.36015665,0.756011173,0.0987737809,-0.300731014,4.21333338
0.737002861,5.0,4.27401268,4.36896323,0.80331453,0.0926032518,-0.255854221,4.27030882
0.738002861,5.0,4.27405306,4.3628554,0.755241207,0.099167358,-0.19873602,4.2313058
0.739002861,5.0,4.27401472,4.37237743,0.802622706,0.0929360038,-0.154901425,4.28722557
0.740002861,5.0,4.27405516,4.36544291,0.754562343,0.0995083677,-0.0987466403,4.24717998
0.741002861,5.0,4.27401604,4.37777856,0.802100005,0.0931459578,-0.0560048315,4.30234932
0.742002861,5.0,4.27405689,4.36871904,0.753987099,0.0997843804,-0.000736150511,4.26143551
0.743002861,5.0,4.27401745,4.38139876,0.801576416,0.0933746367,0.0410152366,4.31583519
0.744002861,5.0,4.2740587,4.36966004,0.753387569,0.100082868,0.0954196076,4.27399878
0.745002861,5.0,4.27401859,4.38487473,0.801119104,0.0935605829,0.13613353,4.32775024
0.746002861,5.0,4.27406006,4.37180038,0.752903953,0.100303768,0.189657207,4.28519809
0.747002861,5.0,4.2740195,4.38830766,0.800719168,0.0937086498,0.229391645,4.33839225
0.748002861,5.0,4.27406121,4.37381235,0.752469822,0.100492029,0.282057746,4.29520678
0.749002861,5.0,4.27402021,4.3916579,0.800367371,0.0938244126,0.320830712,4.3479246
0.750002861,5.0,4.27406219,4.37571334,0.752079016,0.100651097,0.372659839,4.30417793
0.751002861,5.0,4.27402075,4.39491824,0.800056758,0.0939121956,0.41048984,4.3564882
0.752002861,5.0,4.27406302,4.37751087,0.751724939,0.100785129,0.461502007,4.31224108
0.753002861,5.0,4.27402117,4.39807707,0.799775691,0.0939805292,0.498411376,4.36419185
0.754002861,5.0,4.27406511,4.38224663,0.751161303,0.101119061,0.548837239,4.3190519
0.755002861,5.0,4.27402255,4.3971917,0.799298406,0.0942100866,0.584796447,4.37030815
0.755127861,5.0,4.27461223,4.38168995,0.750330752,0.189009047,0.684774653,4.31662789
0.755308701,5.0,4.27456467,4.37989061,0.750651677,0.181443881,0.684702571,4.31017145
0.755418847,5.0,4.27453641,4.37883569,0.750773542,0.176939807,0.684762381,4.30619762
0.755522603,5.0,4.27450871,4.37790376,0.751039359,0.172523057,0.684644796,4.30263303
0.755730114,5.0,4.27445439,4.37608348,0.751434392,0.163851546,0.684572002,4.29546436
0.756145137,5.0,4.27433752,4.37325382,0.75344506,0.145110496,0.683034848,4.28310833
0.756534497,5.0,4.27632931,4.27388202,-3.43603995,0.453152852,0.940510911,0.0712918527
0.756813649,5.0,4.27687193,4.27388227,-3.41325503,0.533149437,0.937279962,0.0713325108
0.757072777,5.0,4.27737589,4.27388328,-3.392031,0.605805023,0.934225876,0.0714988842
0.757396762,5.0,4.27800606,4.27388368,-3.36571202,0.694808839,0.930619768,0.0715641557
0.758044734,5.0,4.27923458,4.27388526,-3.31319453,0.866229491,0.923421954,0.0718212498
0.759044734,5.0,4.28113477,4.2738873,-3.23285115,1.11518288,0.913157185,0.072154732
0.760044734,5.0,4.28307229,4.27389035,-3.15311708,1.34595398,0.903460597,0.0726529816
0.761044734,5.0,4.28501229,4.27389291,-3.07422887,1.56015575,0.894574318,0.0730724002
0.762044734,5.0,4.28694975,4.27389642,-2.99594739,1.75872553,0.886166923,0.0736450907
0.763044734,5.0,4.28888678,4.27389931,-2.9185193,1.94308317,0.87848249,0.0741173467
0.764044734,5.0,4.29082064,4.2739032,-2.84167286,2.11398912,0.871191632,0.0747539598
0.765044734,5.0,4.29275407,4.27390635,-2.765688,2.27270737,0.864548256,0.0752680282
0.766044734,5.0,4.29468385,4.27391058,-2.69025797,2.41984625,0.858224399,0.0759594416
0.767044734,5.0,4.29661322,4.27391392,-2.61569998,2.55653641,0.85248295,0.0765040943
0.768044734,5.0,4.2985384,4.27391843,-2.54166824,2.68325502,0.846996671,0.0772410188
0.769044734,5.0,4.30046318,4.27392189,-2.46852127,2.80101873,0.842036663,0.0778048775
0.770044734,5.0,4.30238315,4.27392662,-2.39587005,2.91019157,0.837275861,0.0785780008
0.771044734,5.0,4.30430276,4.27393013,-2.32411848,3.01169274,0.832992886,0.0791497448
0.772044734,5.0,4.30621683,4.27393503,-2.25283018,3.10578872,0.82886041,0.0799499031
0.773044734,5.0,4.30813059,4.27393852,-2.18245845,3.19331539,0.825163939,0.0805184992
0.774044734,5.0,4.31003796,4.27394353,-2.11251546,3.27445506,0.821575555,0.0813368555
0.775044734,5.0,4.3119451,4.27394694,-2.0435078,3.34997246,0.818387067,0.0818917963
0.776044734,5.0,4.3138449,4.27395202,-1.97489235,3.41997727,0.815269722,0.0827200162
0.777044734,5.0,4.31574454,4.27395528,-1.90723256,3.48517344,0.812521098,0.0832515535
0.778044734,5.0,4.31763575,4.27396037,-1.83992652,3.54560793,0.809811429,0.0840819668
0.779044734,5.0,4.31952691,4.27396344,-1.77359775,3.60193282,0.807443572,0.0845813244
0.780044734,5.0,4.32140839,4.2739685,-1.70758256,3.65414094,0.805086623,0.0854070636
0.781044734,5.0,4.32328995,4.27397132,-1.64256716,3.70284007,0.803048264,0.0858666183
0.782044734,5.0,4.32516043,4.27397633,-1.57782367,3.74797629,0.800996377,0.0866817246
0.783044734,5.0,4.32703116,4.27397886,-1.51410306,3.79011956,0.799243052,0.0870951427
0.784044734,5.0,4.3288892,4.27398377,-1.45061153,3.8291756,0.797454909,0.0878946349
0.785044734,5.0,4.33074773,4.273986,-1.38816615,3.86568212,0.795948064,0.0882569563
0.786044734,5.0,4.33259177,4.27399079,-1.32590622,3.89950991,0.794387856,0.0890368591
0.787044734,5.0,4.33443658,4.27399268,-1.26471547,3.93116921,0.793094071,0.0893445247
0.788044734,5.0,4.33626488,4.27399733,-1.20366616,3.96050062,0.791730774,0.0901018568
0.789044734,5.0,4.33809431,4.27399887,-1.14370851,3.98799093,0.790621096,0.0903526786
0.790044734,5.0,4.339905,4.27400338,-1.08384834,4.01345464,0.789427842,0.0910854042
0.791044734,5.0,4.34171726,4.27400456,-1.02510135,4.03735856,0.788477192,0.0912784842
0.792044734,5.0,4.3435083,4.27400891,-0.96640838,4.05949462,0.787430724,0.0919854333
0.793044734,5.0,4.34530147,4.27400974,-0.908848907,4.08031259,0.786617393,0.0921210379
0.794044734,5.0,4.34707071,4.27401393,-0.851300884,4.09958486,0.785697585,0.0928018042
0.795044734,5.0,4.34884276,4.27401441,-0.79490521,4.11774672,0.785002787,0.0928812073
0.796044734,5.0,4.35058792,4.27401844,-0.738479672,4.13455359,0.784192235,0.0935360311
0.797044734,5.0,4.35233674,4.2740186,-0.683223698,4.15042848,0.78359972,0.0935613376
0.798044734,5.0,4.35405546,4.27402247,-0.627898111,4.16511212,0.782883377,0.0941909833
0.799044734,5.0,4.35577887,4.27402231,-0.573757541,4.17901703,0.782379097,0.0941649463
0.800044734,5.0,4.35746874,4.27402603,-0.519509422,4.19187123,0.78174396,0.0947705816
0.801044734,5.0,4.35916453,4.27402558,-0.466459943,4.20407834,0.781315777,0.0946964228
0.802044734,5.0,4.36082314,4.27402916,-0.413266969,4.21535534,0.780750615,0.0952795055
0.803044734,5.0,4.36248912,4.27402843,-0.361284418,4.22609831,0.780388044,0.0951607503
0.804044734,5.0,4.36411409,4.27403189,-0.309124525,4.23601464,0.779883165,0.0957229272
0.805044734,5.0,4.36574814,4.27403091,-0.258185025,4.24549404,0.779577157,0.0955632577
0.806044734,5.0,4.36733717,4.27403425,-0.20703649,4.25423555,0.779124198,0.0961062781
0.807044734,5.0,4.36893728,4.27403304,-0.15711657,4.26262351,0.778866946,0.0959094104
0.808044734,5.0,4.37048823,4.27403627,-0.106958076,4.27034971,0.778458696,0.0964350548
0.809044734,5.0,4.37205253,4.27403485,-0.0580347603,4.27779395,0.77824347,0.0962046392
0.810044734,5.0,4.37356344,4.27403799,-0.00884543775,4.2846417,0.777873718,0.0967146635
0.811044734,5.0,4.37509028,4.27403639,0.0391036848,4.29126897,0.777694721,0.0964542093
0.812044734,5.0,4.37655944,4.27403944,0.0873442206,4.29735574,0.777358121,0.0969503022
0.813044734,5.0,4.37804739,4.27403768,0.134340956,4.30327482,0.777210363,0.0966631232
0.814044734,5.0,4.37947335,4.27404065,0.181652588,4.30870139,0.776902314,0.0971468775
0.815044734,5.0,4.38092127,4.27403874,0.227718111,4.31400562,0.776781503,0.0968360567
0.816044734,5.0,4.38230291,4.27404165,0.274120214,4.3188585,0.776498051,0.0973089506
0.817044734,5.0,4.38370993,4.27403961,0.319275065,4.32362801,0.776400493,0.0969773258
0.818044734,5.0,4.38504639,4.27404246,0.364786529,4.32798138,0.776138205,0.0974407425
0.819044734,5.0,4.38641181,4.27404031,0.409050776,4.33228448,0.776060508,0.0970910731
0.820044734,5.0,4.3877017,4.27404312,0.453690907,4.3361994,0.775815235,0.0975472415
0.821044734,5.0,4.3890201,4.2740409,0.497089235,4.34008007,0.775747903,0.0971875187
0.822044734,5.0,4.39023483,4.27404386,0.540904644,4.34353045,0.775481101,0.0976673743
0.823044734,5.0,4.39119683,4.27404389,0.583821242,4.34614716,0.774981,0.0976730765
0.824044734,5.0,4.39046562,4.27405975,0.628859686,4.34415891,0.772425178,0.100248781
0.824169734,5.0,4.39011209,4.27406303,0.634661675,4.34313211,0.771740336,0.100780677
0.824419734,5.0,4.38887621,4.27407847,0.647689777,4.33959942,0.769388015,0.103288165
0.824482234,5.0,4.38839008,4.27408511,0.651389248,4.33817625,0.768479695,0.104365322
0.824607234,5.0,4.38698987,4.27410882,0.660469394,4.33398234,0.765616232,0.108208499
0.824638484,5.0,4.38639297,4.27412176,0.663872626,4.33214805,0.764260671,0.110305929
0.824639682,5.0,4.384381,4.27419483,0.675741771,4.32574814,0.757891918,0.122125234
0.824639719,5.0,4.38426409,4.27419844,0.676326818,4.32536601,0.757510781,0.122708724
0.824639794,5.0,4.38396704,4.27420753,0.677797689,4.32439187,0.756538701,0.124176483
0.824639813,5.0,4.3838476,4.27421087,0.678337407,4.32399391,0.756141287,0.124715423
0.82463985,5.0,4.38357627,4.27421873,0.679606965,4.32309357,0.755242057,0.125983426
0.824639925,5.0,4.3821458,4.27425567,0.685566746,4.31822051,0.750371611,0.131940105
0.824639927,5.0,4.38208652,4.27425711,0.685799762,4.31801479,0.75016595,0.132173049
0.82463993,5.0,4.3819608,4.27426012,0.686284262,4.31757722,0.749728526,0.132657404
0.824639937,5.0,4.38167607,4.2742668,0.68736057,4.31658297,0.748734557,0.133733425
0.824639951,5.0,4.38084724,4.27428509,0.690307086,4.31363083,0.74578304,0.136679367
0.824639964,5.0,4.27475047,4.27524266,0.841644973,0.210926073,-3.35691904,0.28801763
0.824639974,5.0,4.27420994,4.27649099,1.0307577,0.124564543,-3.44327977,0.477133192
0.824639982,5.0,4.27429318,4.27527368,0.846450287,0.137981205,-3.42986244,0.292828446
0.824639993,5.0,4.27406752,4.27647301,1.02809192,0.101510458,-3.46633232,0.474473176
0.824640009,5.0,4.27416366,4.27529566,0.849846401,0.117087562,-3.45075388,0.296232804
0.824640033,5.0,4.2739577,4.27646994,1.02762777,0.0836469095,-3.48419255,0.474021432
0.824640073,5.0,4.27405769,4.27531223,0.852393993,0.0999142275,-3.46792197,0.298800001
0.824640151,5.0,4.27386032,4.27647978,1.0290482,0.0677428247,-3.50008694,0.475478094
0.824640307,5.0,4.27397267,4.27532923,0.854952122,0.0860855821,-3.4817314,0.301429823
0.824640511,5.0,4.2738122,4.27649045,1.0305154,0.0598624542,-3.50793773,0.477055567
0.824640773,5.0,4.2739555,4.27530912,0.855720115,0.0833524783,-3.48442628,0.302340297
0.824641126,5.0,4.27380783,4.27646566,1.03057457,0.0592145317,-3.50853512,0.477303094
0.824641802,5.0,4.2739548,4.27531288,0.855797095,0.0832423341,-3.48445179,0.302732675
0.824643155,5.0,4.27380796,4.27646944,1.030513,0.0592351077,-3.50834786,0.477862616
0.824645859,5.0,4.27395477,4.2753209,0.855766433,0.0832363194,-3.48412446,0.303944046
0.824651268,5.0,4.273808,4.27648516,1.03040565,0.0592409964,-3.50767531,0.480238703
0.824662086,5.0,4.27395479,4.27535246,0.855574318,0.0832398578,-3.48278768,0.30871628
0.824683723,5.0,4.27380807,4.27654819,1.0300104,0.059252206,-3.50499796,0.48976207
0.824726995,5.0,4.27395492,4.27547849,0.854790969,0.0832603331,-3.47743633,0.3277299
0.82481354,5.0,4.27380832,4.27679999,1.02844701,0.0592943353,-3.49429969,0.527632135
0.82498663,5.0,4.27395543,4.27598093,0.851690044,0.0833447947,-3.45606196,0.402858667
0.825332809,5.0,4.27380937,4.27780112,1.02234076,0.0594660584,-3.45163746,0.675473442
0.826025169,5.0,4.2739576,4.27796508,0.839852919,0.0836986878,-3.37108298,0.689157756
0.827025169,5.0,4.27381311,4.28104299,1.00395135,0.0600768007,-3.3140225,1.11923774
0.828025169,5.0,4.27396263,4.28174048,0.819404247,0.084520239,-3.20967725,1.18142511
0.829025169,5.0,4.27381847,4.28501179,0.984889233,0.0609558204,-3.15411306,1.5758114
0.830025169,5.0,4.27396868,4.28550829,0.801694469,0.0855069624,-3.0511997,1.60497799
0.831025169,5.0,4.27382464,4.28898853,0.96838125,0.0619658815,-2.99713757,1.96870243
0.832025169,5.0,4.27397547,4.28925072,0.786359821,0.0866131631,-2.89563937,1.96950345
0.833025169,5.0,4.27383147,4.29297213,0.954085754,0.0630858134,-2.84306078,2.30688402
0.834025169,5.0,4.27398287,4.29296365,0.773081854,0.0878187034,-2.74296032,2.28331651
0.835025169,5.0,4.27383886,4.29696308,0.941707053,0.0642954393,-2.69184715,2.59806256
0.836025169,5.0,4.27399075,4.29664234,0.761584981,0.0891030734,-2.59312769,2.55355848
0.837025169,5.0,4.27384667,4.3009617,0.930989207,0.0655741609,-2.54346222,2.84885666
0.838025169,5.0,4.273999,4.30028129,0.751630516,0.0904455948,-2.44610741,2.78636259
0.839025169,5.0,4.27385478,4.30496803,0.921710507,0.0669012956,-2.39787228,3.06495068
0.840025169,5.0,4.27400748,4.30387413,0.743011594,0.0918258038,-2.30186591,2.98699628
0.841025169,5.0,4.27386306,4.30898165,0.913678781,0.0682564685,-2.25504396,3.2512266
0.842025169,5.0,4.27401607,4.30741354,0.73554883,0.0932238637,-2.16036958,3.1599834
0.843025169,5.0,4.27387139,4.31300153,0.906727377,0.0696200298,-2.11494382,3.41187723
0.844025169,5.0,4.27402466,4.31089116,0.729086611,0.0946209843,-2.02158445,3.30920915
0.845025169,5.0,4.27387967,4.31702574,0.900711719,0.0709734718,-1.97753791,3.55050344
0.846025169,5.0,4.27403314,4.31429756,0.723489917,0.0959998206,-1.88547575,3.43801017
0.847025169,5.0,4.27388778,4.32105121,0.895506364,0.072299823,-1.84279145,3.67019763
0.848025169,5.0,4.27404142,4.31762228,0.718641591,0.0973448276,-1.75200761,3.54925187
0.849025169,5.0,4.27389564,4.32507339,0.891002449,0.0735839938,-1.71066843,3.7736154
0.850025169,5.0,4.2740494,4.32085394,0.714439991,0.0986425463,-1.62114275,3.64539485
0.851025169,5.0,4.27390316,4.32908591,0.887105498,0.0748130547,-1.58113142,3.86303701
0.852025169,5.0,4.27405703,4.32398054,0.71079696,0.0998818038,-1.49284234,3.72855188
0.853025169,5.0,4.27391028,4.33308026,0.883733517,0.0759764297,-1.45414138,3.94042021
0.854025169,5.0,4.27406425,4.32698982,0.707636081,0.101053812,-1.36706593,3.80053686
0.855025169,5.0,4.27391695,4.33704562,0.880815349,0.0770659935,-1.32965757,4.00744554
0.856025169,5.0,4.27407102,4.3298699,0.704891168,0.102152161,-1.2437715,3.86290685
0.857025169,5.0,4.27392309,4.34392835,0.878392094,0.0780011864,-1.20771217,4.0657665
0.858025169,5.0,4.27407745,4.331531,0.702450988,0.103195806,-1.12289185,3.91711379
0.859025169,5.0,4.27392867,4.34843515,0.876227142,0.0789109798,-1.08812915,4.11636235
0.860025169,5.0,4.27408333,4.33369082,0.700349101,0.104150184,-1.00441541,3.9641871
0.861025169,5.0,4.2739337,4.35301914,0.874360798,0.0797322776,-0.970925441,4.16034905
0.862025169,5.0,4.27408875,4.33552839,0.698506419,0.10502969,-0.888281809,4.00510515
0.863025169,5.0,4.2739382,4.35761656,0.872750939,0.0804664087,-0.856054264,4.19863282
0.864025169,5.0,4.27409358,4.34164081,0.697070723,0.105737772,-0.77454215,4.04105998
0.865025169,5.0,4.27394213,4.36287507,0.871376743,0.0811073924,-0.743476083,4.23235195
0.866025169,5.0,4.27409799,4.34387187,0.695670949,0.106452603,-0.662974003,4.07248199
0.867025169,5.0,4.27394561,4.36782305,0.870179104,0.0816751949,-0.63312806,4.26185832
0.868025169,5.0,4.27410198,4.34586051,0.694436972,0.107099515,-0.553609311,4.09997933
0.869025169,5.0,4.27394861,4.37281761,0.869148706,0.0821646268,-0.524972686,4.28773152
0.870025169,5.0,4.2741056,4.34749898,0.693340693,0.107686255,-0.446398053,4.124079
0.871025169,5.0,4.27395117,4.37779928,0.868261388,0.0825817207,-0.418962127,4.31045607
0.872025169,5.0,4.27410834,4.35167301,0.692483418,0.108130587,-0.341380703,4.14545667
0.873025169,5.0,4.27395322,4.3835356,0.867522154,0.0829155722,-0.315065478,4.33070223
0.874025169,5.0,4.27411114,4.35362451,0.691637829,0.108585431,-0.238363611,4.16435697
0.875025169,5.0,4.2739544,4.39207335,0.867006318,0.0831083703,-0.213300674,4.34888448
0.876025169,5.0,4.27411356,4.35609426,0.690902325,0.108976347,-0.137381093,4.18136666
0.877025169,5.0,4.27395564,4.39857293,0.866485651,0.0833098744,-0.113478575,4.36515128
0.878025169,5.0,4.27411578,4.35801347,0.690224639,0.10933737,-0.0383609955,4.19656826
0.879025169,5.0,4.27395653,4.40529946,0.866052174,0.08345579,-0.0156255822,4.37976306
0.880025169,5.0,4.27411781,4.35965489,0.689605996,0.109664846,0.058730883,4.2102113
0.881025169,5.0,4.27395712,4.41221362,0.865693852,0.0835524029,0.0803020713,4.39294653
0.882025169,5.0,4.27411968,4.36086232,0.689030311,0.109969076,0.153941884,4.22249402
0.883025169,5.0,4.27395746,4.41922995,0.865398706,0.0836067844,0.174348055,4.40487967
0.884025169,5.0,4.27412147,4.36154909,0.688486343,0.110257625,0.247315744,4.23357498
0.885025169,5.0,4.27395758,4.42623432,0.865155206,0.0836263172,0.266555501,4.41570108
0.886025169,5.0,4.2741224,4.36529332,0.688116583,0.110409844,0.33876769,4.24385913
0.887025169,5.0,4.27395747,4.43365965,0.864965423,0.0836096789,0.356959129,4.4257993
0.888025169,5.0,4.27412425,4.3667238,0.687583553,0.110709051,0.428614135,4.25310765
0.889025169,5.0,4.27395725,4.44073439,0.864804787,0.0835733623,0.445605522,4.43493773
0.890025169,5.0,4.27414633,4.36695323,0.683748709,0.114283105,0.51997318,4.25527374
0.891025169,5.0,4.27395659,4.44360657,0.864745866,0.083465819,0.532394218,4.43766783
0.891150169,5.0,4.27682036,4.27388275,-3.49123194,0.525565516,0.93755124,0.0714163014
0.891311743,5.0,4.2771351,4.27388289,-3.47795502,0.571228125,0.935739964,0.0714350576
0.89141506,5.0,4.27733521,4.27388357,-3.4693782,0.600014805,0.934471075,0.0715450479
0.891511961,5.0,4.27752324,4.27388306,-3.46148066,0.626961807,0.933440162,0.0715092238
0.891705763,5.0,4.27789766,4.27388419,-3.44549877,0.680031857,0.931161098,0.0716467817
0.892093367,5.0,4.27864322,4.2738846,-3.41383283,0.784116014,0.926929988,0.0717133592
0.892868576,5.0,4.28011632,4.27388681,-3.35062864,0.983219745,0.918596009,0.0720744431
0.893868576,5.0,4.28202835,4.27388886,-3.26992246,1.22369811,0.908671436,0.072410458
0.894868576,5.0,4.28396604,4.27389215,-3.18979238,1.44660732,0.899283998,0.0729481049
0.895868576,5.0,4.28590546,4.27389466,-3.11056054,1.6535325,0.890695718,0.0733581206
0.896868576,5.0,4.28784208,4.27389841,-3.03188957,1.84534717,0.882555,0.0739708157
0.897868576,5.0,4.28977838,4.27390121,-2.95413079,2.02345462,0.875129808,0.0744277655
0.898868576,5.0,4.29171129,4.27390536,-2.87690036,2.18855588,0.868068773,0.0751058176
0.899868576,5.0,4.2936439,4.27390837,-2.80059801,2.34190555,0.861651154,0.0755982136
0.900868576,5.0,4.2955726,4.27391287,-2.72478896,2.48405596,0.855525173,0.0763328613
0.901868576,5.0,4.29750104,4.27391603,-2.649927,2.61613476,0.849980533,0.0768489984
0.902868576,5.0,4.29942499,4.27392082,-2.57552063,2.73856589,0.844664409,0.0776313573
0.903868576,5.0,4.30134875,4.27392406,-2.50208346,2.85236863,0.839876167,0.0781594184
0.904868576,5.0,4.30326731,4.27392909,-2.42906136,2.95785602,0.835261453,0.0789806241
0.905868576,5.0,4.30518576,4.27393233,-2.35703359,3.0559549,0.831128566,0.0795089041
0.906868576,5.0,4.30709823,4.27393755,-2.28537753,3.14688245,0.827121268,0.0803602746
0.907868576,5.0,4.30901069,4.27394072,-2.21474374,3.23148671,0.823556114,0.0808774252
0.908868576,5.0,4.31091624,4.27394607,-2.14443544,3.30990203,0.820074736,0.0817506282
0.909868576,5.0,4.31282192,4.27394911,-2.07517994,3.38290925,0.817001309,0.0822459085
0.910868576,5.0,4.31471964,4.27395455,-2.00620094,3.45057111,0.813975174,0.0831331211
0.911868576,5.0,4.31661763,4.27395739,-1.93830751,3.51361121,0.811327533,0.0835966407
0.912868576,5.0,4.31850647,4.27396288,-1.87063905,3.57203034,0.808695342,0.0844906938
0.913868576,5.0,4.32039578,4.27396547,-1.80409073,3.62650339,0.806416275,0.0849136321
0.914868576,5.0,4.32227456,4.27397096,-1.73771363,3.67697752,0.804124869,0.0858081288
0.915868576,5.0,4.32415406,4.27397326,-1.67249259,3.72408615,0.802164745,0.0861829184
0.916868576,5.0,4.32602146,4.27397872,-1.60738714,3.76773007,0.800168029,0.0870723218
0.917868576,5.0,4.32788987,4.27398069,-1.54347451,3.80850738,0.798483804,0.0873927828
0.918868576,5.0,4.32974443,4.27398609,-1.47962048,3.84627873,0.796741821,0.088272467
0.919868576,5.0,4.33160037,4.2739877,-1.41699632,3.88161219,0.795296173,0.0885338849
0.920868576,5.0,4.33344046,4.27399302,-1.35437295,3.91433362,0.793774299,0.0894001487
0.921868576,5.0,4.33528238,4.27399424,-1.29301623,3.9449856,0.792534879,0.0895992917
0.922868576,5.0,4.33710624,4.27399947,-1.23160227,3.97336382,0.791203122,0.0904493367
0.923868576,5.0,4.33893247,4.2740003,-1.17149093,3.99998919,0.790141902,0.0905844122
0.924868576,5.0,4.34073816,4.27400541,-1.11126469,4.02463128,0.788974293,0.091416289
0.925868576,5.0,4.34254688,4.27400584,-1.05237576,4.0477926,0.788067001,0.0914868473
0.926868576,5.0,4.34433233,4.27401084,-0.993315213,4.06922003,0.787041064,0.0922993757
0.927868576,5.0,4.34612161,4.27401088,-0.935624963,4.08940048,0.786266687,0.0923061683
0.928868576,5.0,4.34788462,4.27401575,-0.877707864,4.10806118,0.785362976,0.0930988397
0.929868576,5.0,4.34965243,4.27401541,-0.821191981,4.12567577,0.784703332,0.0930436466
0.930868576,5.0,4.35139069,4.27402016,-0.764395964,4.14195442,0.783905034,0.0938165164
0.931868576,5.0,4.3531349,4.27401946,-0.70902975,4.15735957,0.783344397,0.0937019545
0.932868576,5.0,4.35484602,4.27402409,-0.653332455,4.17158654,0.782636978,0.0944555319
0.933868576,5.0,4.35656445,4.27402305,-0.599091027,4.18508829,0.782161753,0.0942848595
0.934868576,5.0,4.35824601,4.27402757,-0.5444702,4.19754726,0.781532656,0.0950200003
0.935868576,5.0,4.35993648,4.27402619,-0.491328681,4.20940838,0.781131096,0.0947969276
0.936868576,5.0,4.36158604,4.27403061,-0.437762276,4.22034287,0.780569481,0.0955147362
0.937868576,5.0,4.36324639,4.27402894,-0.385695961,4.23078894,0.78023144,0.0952432516
0.938868576,5.0,4.36486157,4.27403326,-0.333162221,4.24040803,0.779727948,0.0959449945
0.939868576,5.0,4.36648971,4.27403131,-0.282146728,4.24963266,0.779444671,0.0956292129
0.940868576,5.0,4.36806824,4.27403554,-0.230624252,4.25811577,0.778991233,0.0963162449
0.941868576,5.0,4.3696622,4.27403335,-0.180635638,4.26628512,0.778755166,0.0959602813
0.942868576,5.0,4.37120195,4.2740375,-0.130103433,4.27378624,0.778344824,0.0966339863
0.943868576,5.0,4.37275992,4.27403508,-0.0811182902,4.28104291,0.778149457,0.0962418546
0.944868576,5.0,4.37425899,4.27403916,-0.0315558071,4.28769417,0.777776219,0.0969035989
0.945868576,5.0,4.37577938,4.27403654,0.0164486754,4.29416052,0.777615946,0.0964791363
0.946868576,5.0,4.37723609,4.27404055,0.0650615164,4.30007533,0.777274656,0.0971302341
0.947868576,5.0,4.37871755,4.27403776,0.112107507,4.30585635,0.777144649,0.0966770482
0.948868576,5.0,4.38013051,4.27404171,0.159790303,4.31113201,0.776830872,0.0973187374
0.949868576,5.0,4.38157198,4.27403877,0.205899306,4.31631782,0.776726981,0.0968401725
0.950868576,5.0,4.38294012,4.27404266,0.252671167,4.32103785,0.776436908,0.0974735996
0.951868576,5.0,4.38434081,4.27403958,0.297864019,4.32570581,0.776355564,0.0969727218
0.952868576,5.0,4.38566338,4.27404343,0.343743583,4.3299419,0.776085906,0.0975989466
0.953868576,5.0,4.38702273,4.27404023,0.388040531,4.33415821,0.776023947,0.0970786171
0.954868576,5.0,4.38829891,4.27404405,0.433046365,4.33797074,0.775771344,0.0976990328
0.955868576,5.0,4.38961437,4.27404076,0.476469378,4.34178567,0.775723072,0.0971643329
0.956868576,5.0,4.39083094,4.27404463,0.520632152,4.34519082,0.775468713,0.0977933259
0.957868576,5.0,4.3919707,4.27404233,0.563368337,4.34824828,0.775231746,0.0974186576
0.958868576,5.0,4.39227696,4.27405174,0.607576019,4.34907553,0.773979741,0.0989473055
0.959868576,5.0,4.38804526,4.27409472,0.656724116,4.33715838,0.766949942,0.105924008
0.959884327,5.0,4.27388331,4.27595178,0.942679432,0.0715088964,-3.49739951,0.396689088
0.959915828,5.0,4.27388022,4.27601668,0.942716787,0.0709975865,-3.49532234,0.406344402
0.959932276,5.0,4.27388335,4.27604591,0.942103409,0.071509527,-3.49345921,0.410743727
0.959948177,5.0,4.27388045,4.2760796,0.942328714,0.0710349842,-3.49262763,0.4158094
0.95997998,5.0,4.27388332,4.27613862,0.941532693,0.0715040885,-3.4895469,0.424676773
0.960028281,5.0,4.27388056,4.2762351,0.941354049,0.0710534421,-3.48603271,0.43913014
0.960116349,5.0,4.27388356,4.27640328,0.939901494,0.0715442829,-3.47831741,0.464220471
0.960292485,5.0,4.27388111,4.27674668,0.938216673,0.0711428557,-3.46428844,0.51509776
0.960644758,5.0,4.27388464,4.27742207,0.933727446,0.0717196984,-3.4349247,0.613672511
0.961349303,5.0,4.27388333,4.27876723,0.926253345,0.0715064872,-3.37785859,0.804352779
0.962349303,5.0,4.27388897,4.28074277,0.915318034,0.0724275267,-3.29630812,1.05731965
0.963349303,5.0,4.2738882,4.28261702,0.905949476,0.0723021588,-3.21658391,1.29276113
0.964349303,5.0,4.27389475,4.28462379,0.896411265,0.0733727742,-3.13643679,1.51033652
0.965349303,5.0,4.27389393,4.28649586,0.888362403,0.073238867,-3.05825979,1.71299635
0.966349303,5.0,4.27390135,4.28849841,0.88003864,0.0744503815,-2.97949626,1.90017392
0.967349303,5.0,4.27390036,4.29036803,0.87313375,0.074289148,-2.90285695,2.07467249
0.968349303,5.0,4.27390864,4.29236579,0.865860642,0.075640974,-2.82544948,2.2357338
0.969349303,5.0,4.27390736,4.29423271,0.85994772,0.0754327223,-2.75033961,2.38603937
0.970349303,5.0,4.2739165,4.29622503,0.85358363,0.076924449,-2.67426084,2.52466174
0.971349303,5.0,4.27391481,4.29808892,0.848531053,0.0766488561,-2.60067312,2.65418244
0.972349303,5.0,4.2739248,4.30007506,0.842953416,0.0782802362,-2.52589586,2.77352432
0.973349303,5.0,4.27392257,4.30193558,0.838647112,0.0779167083,-2.45382361,2.88518724
0.974349303,5.0,4.27393343,4.3039147,0.83374981,0.079687629,-2.38032085,2.9879614
0.975349303,5.0,4.27393053,4.30577144,0.83009084,0.0792157311,-2.30975755,3.08428053
0.976349303,5.0,4.27394224,4.30774256,0.825781956,0.0811261611,-2.23750254,3.17281705
0.977349303,5.0,4.27393856,4.30959507,0.822684457,0.0805261005,-2.16844137,3.25595158
0.978349303,5.0,4.27395113,4.3115571,0.818884353,0.0825760096,-2.09740767,3.3322519
0.979349303,5.0,4.27394655,4.31340485,0.816273783,0.0818291492,-2.02984095,3.40405637
0.980349303,5.0,4.27395998,4.31535653,0.812913452,0.0840184002,-1.96000256,3.46983967
0.981349303,5.0,4.27395439,4.31719894,0.810725079,0.0831077756,-1.89392129,3.53190696
0.982349303,5.0,4.27396868,4.31913887,0.807744729,0.0854359939,-1.82525278,3.58865005
0.983349303,5.0,4.273962,4.32097526,0.805922337,0.0843468007,-1.76064614,3.64234837
0.984349303,5.0,4.27397713,4.32290186,0.803270168,0.0868132312,-1.69312281,3.69131988
0.985349303,5.0,4.27396928,4.3247315,0.801764944,0.0855332518,-1.62997774,3.73782446
0.986349303,5.0,4.27398526,4.32664299,0.799396088,0.0881366139,-1.56357577,3.78011423
0.987349303,5.0,4.27397617,4.32846503,0.798165649,0.086656551,-1.50187667,3.82043459
0.988349303,5.0,4.27399299,4.33035945,0.796041262,0.0893949085,-1.43657328,3.85697888
0.989349303,5.0,4.27398263,4.33217297,0.79504882,0.0877086008,-1.37630178,3.89198216
0.990349303,5.0,4.27400027,4.33404816,0.79313528,0.0905792591,-1.31207534,3.92358531
0.991349303,5.0,4.27398862,4.33585214,0.792348915,0.0886837626,-1.25321027,3.95401639
0.992349303,5.0,4.27400705,4.33770573,0.790617138,0.0916832052,-1.19004038,3.9813694
0.993349303,5.0,4.27399458,4.33955978,0.790011186,0.0896536239,-1.13248329,4.00787235
0.994349303,5.0,4.27401332,4.34132882,0.788433817,0.0927028464,-1.07042581,4.03156872
0.995349303,5.0,4.27399969,4.34316957,0.787982035,0.0904852378,-1.0142071,4.05468831
0.996349303,5.0,4.27401905,4.34491319,0.786539776,0.0936359261,-0.953187005,4.07523803
0.997349303,5.0,4.27400431,4.34673921,0.786221322,0.0912371433,-0.898276973,4.0954463
0.998349303,5.0,4.27402426,4.34845465,0.784895421,0.094482469,-0.838278485,4.11328746
0.999174651,5.0,4.27400811,4.34995832,0.784817429,0.0918556072,-0.794478466,4.12807267
1.0,5.0,4.27402816,4.35134182,0.783702102,0.0951162431,-0.745162581,4.14101281
