bbox_x1,bbox_x2,bbox_y1,bbox_y2,class_id,class_name,component_class_id,component_class_name,component_node_id,confidence,connected_semantic_terminal_names,connected_terminal_display_ids,connected_terminal_ids,diagram_id,display_name,display_terminal_id,estimated_connection_side,estimated_orientation,image_height,image_name,image_path,image_width,implicit_anchor_terminal_id,implicit_reason,instance_id,is_implicit_supply,is_suspicious_match,label,match_confidence,match_distance_px,match_status,match_warnings,matched_net_id,matched_net_implicit_reason,matched_net_index,matched_net_is_implicit_supply,merged_source_labels,n_components,n_connected_terminals,n_connections,n_nets,n_terminals,n_terminals_estimated,net_id,net_index,node_id,node_type,pixel_count,preferred_from_05_implicit_reason,preferred_from_05_is_implicit_supply,preferred_net_id_from_05,preferred_net_index_from_05,relative_position,search_kind,search_stage,search_window,semantic_confidence,semantic_direction,semantic_evidence_type,semantic_polarity,semantic_resolution_mode,semantic_role_family,semantic_slot,semantic_terminal_id,semantic_terminal_name,snap_x,snap_y,source_json_stage,source_label,symbol_type,terminal_id,terminal_name,terminal_point_debug,terminal_point_mode,use_for_masking,use_for_terminals,x,y
,,,,,,,,,,,,,15,,,,,734,15.png,C:\Users\m.profilo\Desktop\tesi_diagrams_yolo\data\batch_v9_1_primo_set_analog_meter_connector_transformer\15.png,1033,,,,,,15,,,,,,,,,,10,,18,9,,18,,,diagram:15,Diagram,,,,,,,,,,,,,,,,,,,,,06_match_terminals_to_nets,,,,,,,,,,
9.71,124.68,362.4,453.61,2,Battery,,,,0.5489,,,,15,,,,vertical,,,,,,,2.1,,,2.1,,,,,,,,,,,,,,2,,,,component:15:2.1,Component,,,,,,,,,,,,,,,,,,,,,,,two_terminal,,,,,True,True,,
25.14,109.38,641.75,705.72,9,GND,,,,0.7995,,,,15,,,top,up,,,,,,,9.1,,,9.1,,,,,,,,,,,,,,1,,,,component:15:9.1,Component,,,,,,,,,,,,,,,,,,,,,,,one_terminal,,,,,True,True,,
80.93,245.43,81.53,185.14,25,Switch,,,,0.0203,,,,15,,,,horizontal,,,,,,,25.1,,,25.1,,,,,,,,,,,,,,2,,,,component:15:25.1,Component,,,,,,,,,,,,,,,,,,,,,,,two_terminal,,,,,True,True,,
258.48,341.98,541.96,598.28,9,GND,,,,0.7794,,,,15,,,top,up,,,,,,,9.2,,,9.2,,,,,,,,,,,,,,1,,,,component:15:9.2,Component,,,,,,,,,,,,,,,,,,,,,,,one_terminal,,,,,True,True,,
375.68,474.41,54.88,563.12,5,Connector,,,,0.7106,,,,15,,,,vertical,,,,,,,5.1,,,5.1,,,,,,,,,,,,,,4,,,,component:15:5.1,Component,,,,,,,,,,,,,,,,,,,,,,,multi_terminal,,,,,True,True,,
655.84,811.04,299.22,451.85,13,Lamp,,,,0.2811,,,,15,,,,horizontal,,,,,,,13.1,,,13.1,,,,,,,,,,,,,,2,,,,component:15:13.1,Component,,,,,,,,,,,,,,,,,,,,,,,two_terminal,,,,,True,True,,
691.09,854.28,200.1,287.77,22,Resistor,,,,0.8536,,,,15,,,,horizontal,,,,,,,22.1,,,22.1,,,,,,,,,,,,,,2,,,,component:15:22.1,Component,,,,,,,,,,,,,,,,,,,,,,,two_terminal,,,,,True,True,,
816.54,900.61,514.89,573.38,9,GND,,,,0.7944,,,,15,,,top,up,,,,,,,9.3,,,9.3,,,,,,,,,,,,,,1,,,,component:15:9.3,Component,,,,,,,,,,,,,,,,,,,,,,,one_terminal,,,,,True,True,,
869.13,952.7,668.65,727.57,9,GND,,,,0.7963,,,,15,,,top,up,,,,,,,9.4,,,9.4,,,,,,,,,,,,,,1,,,,component:15:9.4,Component,,,,,,,,,,,,,,,,,,,,,,,one_terminal,,,,,True,True,,
864.0,1032.0,371.0,507.0,12,LED,,,,0.7965,,,,15,,,,vertical,,,,,,,12.1,,,12.1,,,,,,,,,,,,,,2,,,,component:15:12.1,Component,,,,,,,,,,,,,,,,,,,,,,,two_terminal,,,,,True,True,,
,,,,,,2,Battery,component:15:2.1,,,,,15,positive,2.1:positive,,vertical,,,,,,,2.1,,False,2.1:positive,ok,1.0,matched_preferred,[],N2,,2,False,,,,,,,,,,terminal:15:2.1:t1,Terminal,,,False,N2,2,top,directional,directional_primary,"[61, 340, 74, 364]",0.1181,,symbol_heuristic,positive,battery_positive_from_long_plate,polarity,marker_side,2.1:positive,positive,66,358,,,,2.1:t1,t1,"{""point_mode"": ""bbox_side_center"", ""anchor_offset_ratio"": 0.5}",bbox_side_center,,,67.2,358.4
,,,,,,2,Battery,component:15:2.1,,,,,15,negative,2.1:negative,,vertical,,,,,,,2.1,,False,2.1:negative,ok,1.0,matched_preferred,[],N1,,1,False,,,,,,,,,,terminal:15:2.1:t2,Terminal,,,False,N1,1,bottom,directional,directional_primary,"[61, 453, 74, 477]",0.1181,,symbol_heuristic,negative,battery_positive_from_long_plate,polarity,other_side,2.1:negative,negative,66,458,,,,2.1:t2,t2,"{""point_mode"": ""bbox_side_center"", ""anchor_offset_ratio"": 0.5}",bbox_side_center,,,67.2,457.61
,,,,,,9,GND,component:15:9.1,,,,,15,t1,9.1:t1,top,up,,,,,,,9.1,,False,9.1:t1,ok,1.0,matched_preferred,[],N1,,1,False,,,,,,,,,,terminal:15:9.1:t1,Terminal,,,False,N1,1,top,directional,directional_primary,"[61, 620, 74, 644]",,,,,,,,,,66,638,,,,9.1:t1,t1,"{""point_mode"": ""one_terminal_axis_center"", ""anchor_offset_ratio"": 0.5}",two_terminal_side_peak,,,67.26,637.75
,,,,,,25,Switch,component:15:25.1,,,,,15,t1,25.1:t1,,horizontal,,,,,,,25.1,,False,25.1:t1,ok,1.0,matched_preferred,[],N2,,2,False,,,,,,,,,,terminal:15:25.1:t1,Terminal,,,False,N2,2,left,directional,directional_primary,"[35, 102, 88, 127]",,,,,,,,,,77,113,,,,25.1:t1,t1,"{""point_mode"": ""side_peak_outside"", ""scan_axis"": ""y"", ""relative_position"": ""left"", ""scan_start"": 90, ""scan_end"": 177, ""scan_margin"": 8, ""probe_halfspan"": 6, ""probe_out_len"": 12, ""probe_inset"": 1, ""peak_coord"": 114, ""anchor_offset_ratio"": 0.3107, ""max_score"": 117, ""keep_threshold"": 99, ""selected_run_start"": 21, ""selected_run_end"": 27, ""selected_run_length"": 7, ""selected_run_score"": 115}",two_terminal_side_peak,,,77.0,114.0
,,,,,,25,Switch,component:15:25.1,,,,,15,t2,25.1:t2,,horizontal,,,,,,,25.1,,False,25.1:t2,ok,1.0,matched_preferred,[],N3,,3,False,,,,,,,,,,terminal:15:25.1:t2,Terminal,,,False,N3,3,right,directional,directional_primary,"[239, 102, 292, 127]",,,,,,,,,,249,113,,,,25.1:t2,t2,"{""point_mode"": ""side_peak_outside"", ""scan_axis"": ""y"", ""relative_position"": ""right"", ""scan_start"": 90, ""scan_end"": 177, ""scan_margin"": 8, ""probe_halfspan"": 6, ""probe_out_len"": 12, ""probe_inset"": 1, ""peak_coord"": 114, ""anchor_offset_ratio"": 0.3107, ""max_score"": 112, ""keep_threshold"": 95, ""selected_run_start"": 20, ""selected_run_end"": 27, ""selected_run_length"": 8, ""selected_run_score"": 112}",two_terminal_side_peak,,,249.0,114.0
,,,,,,9,GND,component:15:9.2,,,,,15,t1,9.2:t1,top,up,,,,,,,9.2,,False,9.2:t1,ok,0.0,matched_preferred,[],N4,,4,False,,,,,,,,,,terminal:15:9.2:t1,Terminal,,,False,N4,4,top,directional,directional_primary,"[294, 520, 307, 544]",,,,,,,,,,300,538,,,,9.2:t1,t1,"{""point_mode"": ""one_terminal_axis_center"", ""anchor_offset_ratio"": 0.5}",two_terminal_side_peak,,,300.23,537.96
,,,,,,5,Connector,component:15:5.1,,,,,15,pin1,5.1:pin1,,vertical,,,,,,,5.1,,False,5.1:pin1,ok,0.0,matched_preferred,[],N3,,3,False,,,,,,,,,,terminal:15:5.1:pin1,Terminal,,,False,N3,3,left,directional,directional_primary,"[358, 109, 377, 120]",,,,,,,,,,372,114,,,,5.1:pin1,pin1,"{""point_mode"": ""bbox_side_anchor_ratio"", ""anchor_offset_ratio"": 0.1161}",bbox_side_center,,,371.68,113.89
,,,,,,5,Connector,component:15:5.1,,,,,15,pin2,5.1:pin2,,vertical,,,,,,,5.1,,False,5.1:pin2,ok,0.0,matched_preferred,[],N6,,6,False,,,,,,,,,,terminal:15:5.1:pin2,Terminal,,,False,N6,6,right,directional,directional_primary,"[474, 239, 493, 250]",,,,,,,,,,478,244,,,,5.1:pin2,pin2,"{""point_mode"": ""bbox_side_anchor_ratio"", ""anchor_offset_ratio"": 0.372}",bbox_side_center,,,478.41,243.95
,,,,,,5,Connector,component:15:5.1,,,,,15,pin3,5.1:pin3,,vertical,,,,,,,5.1,,False,5.1:pin3,ok,0.0,matched_preferred,[],N5,,5,False,,,,,,,,,,terminal:15:5.1:pin3,Terminal,,,False,N5,5,right,directional,directional_primary,"[474, 369, 493, 380]",,,,,,,,,,478,374,,,,5.1:pin3,pin3,"{""point_mode"": ""bbox_side_anchor_ratio"", ""anchor_offset_ratio"": 0.628}",bbox_side_center,,,478.41,374.05
,,,,,,5,Connector,component:15:5.1,,,,,15,pin4,5.1:pin4,,vertical,,,,,,,5.1,,False,5.1:pin4,ok,0.0,matched_preferred,[],N4,,4,False,,,,,,,,,,terminal:15:5.1:pin4,Terminal,,,False,N4,4,left,directional,directional_primary,"[358, 499, 377, 510]",,,,,,,,,,372,504,,,,5.1:pin4,pin4,"{""point_mode"": ""bbox_side_anchor_ratio"", ""anchor_offset_ratio"": 0.8839}",bbox_side_center,,,371.68,504.11
,,,,,,13,Lamp,component:15:13.1,,,,,15,t1,13.1:t1,,horizontal,,,,,,,13.1,,False,13.1:t1,ok,2.0,matched_preferred,[],N5,,5,False,,,,,,,,,,terminal:15:13.1:t1,Terminal,,,False,N5,5,left,directional,directional_primary,"[634, 370, 658, 383]",,,,,,,,,,652,374,,,,13.1:t1,t1,"{""point_mode"": ""bbox_side_center"", ""anchor_offset_ratio"": 0.5}",bbox_side_center,,,651.84,375.54
,,,,,,13,Lamp,component:15:13.1,,,,,15,t2,13.1:t2,,horizontal,,,,,,,13.1,,False,13.1:t2,ok,2.0,matched_preferred,[],N7,,7,False,,,,,,,,,,terminal:15:13.1:t2,Terminal,,,False,N7,7,right,directional,directional_primary,"[810, 370, 834, 383]",,,,,,,,,,815,374,,,,13.1:t2,t2,"{""point_mode"": ""bbox_side_center"", ""anchor_offset_ratio"": 0.5}",bbox_side_center,,,815.04,375.54
,,,,,,22,Resistor,component:15:22.1,,,,,15,t1,22.1:t1,,horizontal,,,,,,,22.1,,False,22.1:t1,ok,1.0,matched_preferred,[],N6,,6,False,,,,,,,,,,terminal:15:22.1:t1,Terminal,,,False,N6,6,left,directional,directional_primary,"[669, 238, 693, 251]",,,,,,,,,,687,243,,,,22.1:t1,t1,"{""point_mode"": ""bbox_side_center"", ""anchor_offset_ratio"": 0.5001}",bbox_side_center,,,687.09,243.94
,,,,,,22,Resistor,component:15:22.1,,,,,15,t2,22.1:t2,,horizontal,,,,,,,22.1,,False,22.1:t2,ok,1.0,matched_preferred,[],N8,,8,False,,,,,,,,,,terminal:15:22.1:t2,Terminal,,,False,N8,8,right,directional,directional_primary,"[853, 238, 877, 251]",,,,,,,,,,858,243,,,,22.1:t2,t2,"{""point_mode"": ""bbox_side_center"", ""anchor_offset_ratio"": 0.5001}",bbox_side_center,,,858.28,243.94
,,,,,,9,GND,component:15:9.3,,,,,15,t1,9.3:t1,top,up,,,,,,,9.3,,False,9.3:t1,ok,0.0,matched_preferred,[],N7,,7,False,,,,,,,,,,terminal:15:9.3:t1,Terminal,,,False,N7,7,top,directional,directional_primary,"[853, 493, 866, 517]",,,,,,,,,,859,511,,,,9.3:t1,t1,"{""point_mode"": ""one_terminal_axis_center"", ""anchor_offset_ratio"": 0.5}",two_terminal_side_peak,,,858.58,510.89
,,,,,,9,GND,component:15:9.4,,,,,15,t1,9.4:t1,top,up,,,,,,,9.4,,False,9.4:t1,ok,0.0,matched_preferred,[],N9,,9,False,,,,,,,,,,terminal:15:9.4:t1,Terminal,,,False,N9,9,top,directional,directional_primary,"[905, 647, 918, 671]",,,,,,,,,,911,665,,,,9.4:t1,t1,"{""point_mode"": ""one_terminal_axis_center"", ""anchor_offset_ratio"": 0.5}",two_terminal_side_peak,,,910.91,664.65
,,,,,,12,LED,component:15:12.1,,,,,15,anode,12.1:anode,,vertical,,,,,,,12.1,,False,12.1:anode,ok,0.0,matched_preferred,[],N8,,8,False,,,,,,,,,,terminal:15:12.1:t1,Terminal,,,False,N8,8,top,directional,directional_primary,"[905, 349, 918, 373]",0.1724,,symbol_heuristic,anode,diode_cathode_from_bar,polarity,other_side,12.1:anode,anode,911,367,,,,12.1:t1,t1,"{""point_mode"": ""side_peak_outside"", ""scan_axis"": ""x"", ""relative_position"": ""top"", ""scan_start"": 877, ""scan_end"": 1019, ""scan_margin"": 13, ""probe_halfspan"": 6, ""probe_out_len"": 12, ""probe_inset"": 1, ""peak_coord"": 911, ""anchor_offset_ratio"": 0.2798, ""max_score"": 98, ""keep_threshold"": 83, ""selected_run_start"": 30, ""selected_run_end"": 38, ""selected_run_length"": 9, ""selected_run_score"": 98}",two_terminal_side_peak,,,911.0,367.0
,,,,,,12,LED,component:15:12.1,,,,,15,cathode,12.1:cathode,,vertical,,,,,,,12.1,,False,12.1:cathode,ok,0.0,matched_preferred,[],N9,,9,False,,,,,,,,,,terminal:15:12.1:t2,Terminal,,,False,N9,9,bottom,directional,directional_primary,"[905, 506, 918, 530]",0.1724,,symbol_heuristic,cathode,diode_cathode_from_bar,polarity,marker_side,12.1:cathode,cathode,911,511,,,,12.1:t2,t2,"{""point_mode"": ""side_peak_outside"", ""scan_axis"": ""x"", ""relative_position"": ""bottom"", ""scan_start"": 877, ""scan_end"": 1019, ""scan_margin"": 13, ""probe_halfspan"": 6, ""probe_out_len"": 12, ""probe_inset"": 1, ""peak_coord"": 911, ""anchor_offset_ratio"": 0.2798, ""max_score"": 98, ""keep_threshold"": 83, ""selected_run_start"": 30, ""selected_run_end"": 38, ""selected_run_length"": 9, ""selected_run_score"": 98}",two_terminal_side_peak,,,911.0,511.0
66,68,442,652,,,,,,,"[""negative""]","[""2.1:negative"", ""9.1:t1""]","[""2.1:t2"", ""9.1:t1""]",15,,,,,,,,,,,,False,,N1,,,,,,,,,[8],,2,,,,,N1,1,net:15:N1,Net,211,,,,,,,,,,,,,,,,,,,,,8,,,,,,,,,
66,81,113,372,,,,,,,"[""positive""]","[""2.1:positive"", ""25.1:t1""]","[""2.1:t1"", ""25.1:t1""]",15,,,,,,,,,,,,False,,N2,,,,,,,,,[3],,2,,,,,N2,2,net:15:N2,Net,273,,,,,,,,,,,,,,,,,,,,,3,,,,,,,,,
243,377,104,115,,,,,,,[],"[""25.1:t2"", ""5.1:pin1""]","[""25.1:t2"", ""5.1:pin1""]",15,,,,,,,,,,,,False,,N3,,,,,,,,,[2],,2,,,,,N3,3,net:15:N3,Net,145,,,,,,,,,,,,,,,,,,,,,2,,,,,,,,,
300,377,483,552,,,,,,,[],"[""5.1:pin4"", ""9.2:t1""]","[""5.1:pin4"", ""9.2:t1""]",15,,,,,,,,,,,,False,,N4,,,,,,,,,[9],,2,,,,,N4,4,net:15:N4,Net,146,,,,,,,,,,,,,,,,,,,,,9,,,,,,,,,
472,668,369,379,,,,,,,[],"[""13.1:t1"", ""5.1:pin3""]","[""13.1:t1"", ""5.1:pin3""]",15,,,,,,,,,,,,False,,N5,,,,,,,,,[6],,2,,,,,N5,5,net:15:N5,Net,207,,,,,,,,,,,,,,,,,,,,,6,,,,,,,,,
472,701,239,249,,,,,,,[],"[""22.1:t1"", ""5.1:pin2""]","[""22.1:t1"", ""5.1:pin2""]",15,,,,,,,,,,,,False,,N6,,,,,,,,,[4],,2,,,,,N6,6,net:15:N6,Net,239,,,,,,,,,,,,,,,,,,,,,4,,,,,,,,,
801,859,374,525,,,,,,,[],"[""13.1:t2"", ""9.3:t1""]","[""13.1:t2"", ""9.3:t1""]",15,,,,,,,,,,,,False,,N7,,,,,,,,,[7],,2,,,,,N7,7,net:15:N7,Net,211,,,,,,,,,,,,,,,,,,,,,7,,,,,,,,,
844,911,243,381,,,,,,,"[""anode""]","[""12.1:anode"", ""22.1:t2""]","[""12.1:t1"", ""22.1:t2""]",15,,,,,,,,,,,,False,,N8,,,,,,,,,[5],,2,,,,,N8,8,net:15:N8,Net,203,,,,,,,,,,,,,,,,,,,,,5,,,,,,,,,
911,911,498,679,,,,,,,"[""cathode""]","[""12.1:cathode"", ""9.4:t1""]","[""12.1:t2"", ""9.4:t1""]",15,,,,,,,,,,,,False,,N9,,,,,,,,,[10],,2,,,,,N9,9,net:15:N9,Net,182,,,,,,,,,,,,,,,,,,,,,10,,,,,,,,,
,,,,,,,,,,,,,16,,,,,691,16.png,C:\Users\m.profilo\Desktop\tesi_diagrams_yolo\data\batch_v9_1_primo_set_analog_meter_connector_transformer\16.png,1268,,,,,,16,,,,,,,,,,9,,17,8,,17,,,diagram:16,Diagram,,,,,,,,,,,,,,,,,,,,,06_match_terminals_to_nets,,,,,,,,,,
10.35,90.94,600.54,660.21,9,GND,,,,0.799,,,,16,,,top,up,,,,,,,9.1,,,9.1,,,,,,,,,,,,,,1,,,,component:16:9.1,Component,,,,,,,,,,,,,,,,,,,,,,,one_terminal,,,,,True,True,,
66.97,227.12,435.04,534.06,25,Switch,,,,0.5106,,,,16,,,,horizontal,,,,,,,25.1,,,25.1,,,,,,,,,,,,,,2,,,,component:16:25.1,Component,,,,,,,,,,,,,,,,,,,,,,,two_terminal,,,,,True,True,,
228.84,312.64,627.63,684.46,9,GND,,,,0.8088,,,,16,,,top,up,,,,,,,9.2,,,9.2,,,,,,,,,,,,,,1,,,,component:16:9.2,Component,,,,,,,,,,,,,,,,,,,,,,,one_terminal,,,,,True,True,,
341.02,447.9,144.16,650.21,5,Connector,,,,0.8052,,,,16,,,,vertical,,,,,,,5.1,,,5.1,,,,,,,,,,,,,,4,,,,component:16:5.1,Component,,,,,,,,,,,,,,,,,,,,,,,multi_terminal,,,,,True,True,,
616.88,783.16,288.35,378.62,22,Resistor,,,,0.854,,,,16,,,,horizontal,,,,,,,22.1,,,22.1,,,,,,,,,,,,,,2,,,,component:16:22.1,Component,,,,,,,,,,,,,,,,,,,,,,,two_terminal,,,,,True,True,,
615.84,786.08,160.23,243.93,22,Resistor,,,,0.8544,,,,16,,,,horizontal,,,,,,,22.2,,,22.2,,,,,,,,,,,,,,2,,,,component:16:22.2,Component,,,,,,,,,,,,,,,,,,,,,,,two_terminal,,,,,True,True,,
946.87,1104.61,258.28,405.01,13,Lamp,,,,0.8872,,,,16,,,,horizontal,,,,,,,13.1,,,13.1,,,,,,,,,,,,,,2,,,,component:16:13.1,Component,,,,,,,,,,,,,,,,,,,,,,,two_terminal,,,,,True,True,,
982.0,1104.0,69.0,251.0,12,LED,,,,0.6,,,,16,,,,horizontal,,,,,,,12.1,,,12.1,,,,,,,,,,,,,,2,,,,component:16:12.1,Component,,,,,,,,,,,,,,,,,,,,,,,two_terminal,,,,,True,True,,
1177.84,1261.95,524.27,583.37,9,GND,,,,0.7765,,,,16,,,top,up,,,,,,,9.3,,,9.3,,,,,,,,,,,,,,1,,,,component:16:9.3,Component,,,,,,,,,,,,,,,,,,,,,,,one_terminal,,,,,True,True,,
,,,,,,9,GND,component:16:9.1,,,,,16,t1,9.1:t1,top,up,,,,,,,9.1,,False,9.1:t1,ok,2.0,matched_preferred,[],N1,,1,False,,,,,,,,,,terminal:16:9.1:t1,Terminal,,,False,N1,1,top,directional,directional_primary,"[45, 579, 58, 603]",,,,,,,,,,49,597,,,,9.1:t1,t1,"{""point_mode"": ""one_terminal_axis_center"", ""anchor_offset_ratio"": 0.5}",two_terminal_side_peak,,,50.64,596.54
,,,,,,25,Switch,component:16:25.1,,,,,16,t1,25.1:t1,,horizontal,,,,,,,25.1,,False,25.1:t1,ok,1.0,matched_preferred,[],N1,,1,False,,,,,,,,,,terminal:16:25.1:t1,Terminal,,,False,N1,1,left,directional,directional_primary,"[21, 449, 74, 474]",,,,,,,,,,63,460,,,,25.1:t1,t1,"{""point_mode"": ""side_peak_outside"", ""scan_axis"": ""y"", ""relative_position"": ""left"", ""scan_start"": 443, ""scan_end"": 526, ""scan_margin"": 8, ""probe_halfspan"": 6, ""probe_out_len"": 12, ""probe_inset"": 1, ""peak_coord"": 461, ""anchor_offset_ratio"": 0.2626, ""max_score"": 112, ""keep_threshold"": 95, ""selected_run_start"": 14, ""selected_run_end"": 21, ""selected_run_length"": 8, ""selected_run_score"": 112}",two_terminal_side_peak,,,63.0,461.0
,,,,,,25,Switch,component:16:25.1,,,,,16,t2,25.1:t2,,horizontal,,,,,,,25.1,,False,25.1:t2,ok,1.0,matched_preferred,[],N2,,2,False,,,,,,,,,,terminal:16:25.1:t2,Terminal,,,False,N2,2,right,directional,directional_primary,"[221, 449, 274, 474]",,,,,,,,,,231,460,,,,25.1:t2,t2,"{""point_mode"": ""side_peak_outside"", ""scan_axis"": ""y"", ""relative_position"": ""right"", ""scan_start"": 443, ""scan_end"": 526, ""scan_margin"": 8, ""probe_halfspan"": 6, ""probe_out_len"": 12, ""probe_inset"": 1, ""peak_coord"": 461, ""anchor_offset_ratio"": 0.2626, ""max_score"": 112, ""keep_threshold"": 95, ""selected_run_start"": 14, ""selected_run_end"": 21, ""selected_run_length"": 8, ""selected_run_score"": 112}",two_terminal_side_peak,,,231.0,461.0
,,,,,,9,GND,component:16:9.2,,,,,16,t1,9.2:t1,top,up,,,,,,,9.2,,False,9.2:t1,ok,1.0,matched_preferred,[],N3,,3,False,,,,,,,,,,terminal:16:9.2:t1,Terminal,,,False,N3,3,top,directional,directional_primary,"[265, 606, 278, 630]",,,,,,,,,,270,624,,,,9.2:t1,t1,"{""point_mode"": ""one_terminal_axis_center"", ""anchor_offset_ratio"": 0.5}",two_terminal_side_peak,,,270.74,623.63
,,,,,,5,Connector,component:16:5.1,,,,,16,pin1,5.1:pin1,,vertical,,,,,,,5.1,,False,5.1:pin1,ok,0.0,matched_preferred,[],N4,,4,False,,,,,,,,,,terminal:16:5.1:pin1,Terminal,,,False,N4,4,right,directional,directional_primary,"[448, 196, 467, 207]",,,,,,,,,,452,201,,,,5.1:pin1,pin1,"{""point_mode"": ""bbox_side_anchor_ratio"", ""anchor_offset_ratio"": 0.1126}",bbox_side_center,,,451.9,201.14
,,,,,,5,Connector,component:16:5.1,,,,,16,pin2,5.1:pin2,,vertical,,,,,,,5.1,,False,5.1:pin2,ok,0.0,matched_preferred,[],N5,,5,False,,,,,,,,,,terminal:16:5.1:pin2,Terminal,,,False,N5,5,right,directional,directional_primary,"[448, 326, 467, 337]",,,,,,,,,,452,331,,,,5.1:pin2,pin2,"{""point_mode"": ""bbox_side_anchor_ratio"", ""anchor_offset_ratio"": 0.3696}",bbox_side_center,,,451.9,331.2
,,,,,,5,Connector,component:16:5.1,,,,,16,pin3,5.1:pin3,,vertical,,,,,,,5.1,,False,5.1:pin3,ok,0.0,matched_preferred,[],N2,,2,False,,,,,,,,,,terminal:16:5.1:pin3,Terminal,,,False,N2,2,left,directional,directional_primary,"[323, 456, 342, 467]",,,,,,,,,,337,461,,,,5.1:pin3,pin3,"{""point_mode"": ""bbox_side_anchor_ratio"", ""anchor_offset_ratio"": 0.6265}",bbox_side_center,,,337.02,461.2
,,,,,,5,Connector,component:16:5.1,,,,,16,pin4,5.1:pin4,,vertical,,,,,,,5.1,,False,5.1:pin4,ok,0.0,matched_preferred,[],N3,,3,False,,,,,,,,,,terminal:16:5.1:pin4,Terminal,,,False,N3,3,left,directional,directional_primary,"[323, 586, 342, 597]",,,,,,,,,,337,591,,,,5.1:pin4,pin4,"{""point_mode"": ""bbox_side_anchor_ratio"", ""anchor_offset_ratio"": 0.8834}",bbox_side_center,,,337.02,591.2
,,,,,,22,Resistor,component:16:22.1,,,,,16,t1,22.1:t1,,horizontal,,,,,,,22.1,,False,22.1:t1,ok,3.0,matched_preferred,[],N5,,5,False,,,,,,,,,,terminal:16:22.1:t1,Terminal,,,False,N5,5,left,directional,directional_primary,"[595, 327, 619, 340]",,,,,,,,,,613,330,,,,22.1:t1,t1,"{""point_mode"": ""bbox_side_center"", ""anchor_offset_ratio"": 0.5001}",bbox_side_center,,,612.88,333.49
,,,,,,22,Resistor,component:16:22.1,,,,,16,t2,22.1:t2,,horizontal,,,,,,,22.1,,False,22.1:t2,ok,3.0,matched_preferred,[],N6,,6,False,,,,,,,,,,terminal:16:22.1:t2,Terminal,,,False,N6,6,right,directional,directional_primary,"[782, 327, 806, 340]",,,,,,,,,,787,330,,,,22.1:t2,t2,"{""point_mode"": ""bbox_side_center"", ""anchor_offset_ratio"": 0.5001}",bbox_side_center,,,787.16,333.49
,,,,,,22,Resistor,component:16:22.2,,,,,16,t1,22.2:t1,,horizontal,,,,,,,22.2,,False,22.2:t1,ok,2.0,matched_preferred,[],N4,,4,False,,,,,,,,,,terminal:16:22.2:t1,Terminal,,,False,N4,4,left,directional,directional_primary,"[594, 196, 618, 209]",,,,,,,,,,612,200,,,,22.2:t1,t1,"{""point_mode"": ""bbox_side_center"", ""anchor_offset_ratio"": 0.5}",bbox_side_center,,,611.84,202.08
,,,,,,22,Resistor,component:16:22.2,,,,,16,t2,22.2:t2,,horizontal,,,,,,,22.2,,False,22.2:t2,ok,2.0,matched_preferred,[],N7,,7,False,,,,,,,,,,terminal:16:22.2:t2,Terminal,,,False,N7,7,right,directional,directional_primary,"[785, 196, 809, 209]",,,,,,,,,,790,200,,,,22.2:t2,t2,"{""point_mode"": ""bbox_side_center"", ""anchor_offset_ratio"": 0.5}",bbox_side_center,,,790.08,202.08
,,,,,,13,Lamp,component:16:13.1,,,,,16,t1,13.1:t1,,horizontal,,,,,,,13.1,,False,13.1:t1,ok,1.0,matched_preferred,[],N6,,6,False,,,,,,,,,,terminal:16:13.1:t1,Terminal,,,False,N6,6,left,directional,directional_primary,"[925, 326, 949, 339]",,,,,,,,,,943,331,,,,13.1:t1,t1,"{""point_mode"": ""bbox_side_center"", ""anchor_offset_ratio"": 0.5}",bbox_side_center,,,942.87,331.64
,,,,,,13,Lamp,component:16:13.1,,,,,16,t2,13.1:t2,,horizontal,,,,,,,13.1,,False,13.1:t2,ok,1.0,matched_preferred,[],N8,,8,False,,,,,,,,,,terminal:16:13.1:t2,Terminal,,,False,N8,8,right,directional,directional_primary,"[1104, 326, 1128, 339]",,,,,,,,,,1109,331,,,,13.1:t2,t2,"{""point_mode"": ""bbox_side_center"", ""anchor_offset_ratio"": 0.5}",bbox_side_center,,,1108.61,331.64
,,,,,,12,LED,component:16:12.1,,,,,16,anode,12.1:anode,,horizontal,,,,,,,12.1,,False,12.1:anode,ok,0.0,matched_preferred,[],N7,,7,False,,,,,,,,,,terminal:16:12.1:t1,Terminal,,,False,N7,7,left,directional,directional_primary,"[960, 195, 984, 208]",0.1541,,symbol_heuristic,anode,diode_cathode_from_bar,polarity,other_side,12.1:anode,anode,978,201,,,,12.1:t1,t1,"{""point_mode"": ""side_peak_outside"", ""scan_axis"": ""y"", ""relative_position"": ""left"", ""scan_start"": 84, ""scan_end"": 236, ""scan_margin"": 15, ""probe_halfspan"": 6, ""probe_out_len"": 12, ""probe_inset"": 1, ""peak_coord"": 201, ""anchor_offset_ratio"": 0.7253, ""max_score"": 98, ""keep_threshold"": 83, ""selected_run_start"": 113, ""selected_run_end"": 121, ""selected_run_length"": 9, ""selected_run_score"": 98}",two_terminal_side_peak,,,978.0,201.0
,,,,,,12,LED,component:16:12.1,,,,,16,cathode,12.1:cathode,,horizontal,,,,,,,12.1,,False,12.1:cathode,ok,0.0,matched_preferred,[],N8,,8,False,,,,,,,,,,terminal:16:12.1:t2,Terminal,,,False,N8,8,right,directional,directional_primary,"[1103, 195, 1127, 208]",0.1541,,symbol_heuristic,cathode,diode_cathode_from_bar,polarity,marker_side,12.1:cathode,cathode,1108,201,,,,12.1:t2,t2,"{""point_mode"": ""side_peak_outside"", ""scan_axis"": ""y"", ""relative_position"": ""right"", ""scan_start"": 84, ""scan_end"": 236, ""scan_margin"": 15, ""probe_halfspan"": 6, ""probe_out_len"": 12, ""probe_inset"": 1, ""peak_coord"": 201, ""anchor_offset_ratio"": 0.7253, ""max_score"": 98, ""keep_threshold"": 83, ""selected_run_start"": 113, ""selected_run_end"": 121, ""selected_run_length"": 9, ""selected_run_score"": 98}",two_terminal_side_peak,,,1108.0,201.0
,,,,,,9,GND,component:16:9.3,,,,,16,t1,9.3:t1,top,up,,,,,,,9.3,,False,9.3:t1,ok,1.0,matched_preferred,[],N8,,8,False,,,,,,,,,,terminal:16:9.3:t1,Terminal,,,False,N8,8,top,directional,directional_primary,"[1214, 502, 1227, 526]",,,,,,,,,,1219,520,,,,9.3:t1,t1,"{""point_mode"": ""one_terminal_axis_center"", ""anchor_offset_ratio"": 0.5}",two_terminal_side_peak,,,1219.89,520.27
49,67,460,614,,,,,,,[],"[""25.1:t1"", ""9.1:t1""]","[""25.1:t1"", ""9.1:t1""]",16,,,,,,,,,,,,False,,N1,,,,,,,,,[11],,2,,,,,N1,1,net:16:N1,Net,172,,,,,,,,,,,,,,,,,,,,,11,,,,,,,,,
225,342,460,462,,,,,,,[],"[""25.1:t2"", ""5.1:pin3""]","[""25.1:t2"", ""5.1:pin3""]",16,,,,,,,,,,,,False,,N2,,,,,,,,,[12],,2,,,,,N2,2,net:16:N2,Net,118,,,,,,,,,,,,,,,,,,,,,12,,,,,,,,,
270,342,590,640,,,,,,,[],"[""5.1:pin4"", ""9.2:t1""]","[""5.1:pin4"", ""9.2:t1""]",16,,,,,,,,,,,,False,,N3,,,,,,,,,[13],,2,,,,,N3,3,net:16:N3,Net,122,,,,,,,,,,,,,,,,,,,,,13,,,,,,,,,
447,627,200,202,,,,,,,[],"[""22.2:t1"", ""5.1:pin1""]","[""22.2:t1"", ""5.1:pin1""]",16,,,,,,,,,,,,False,,N4,,,,,,,,,[4],,2,,,,,N4,4,net:16:N4,Net,181,,,,,,,,,,,,,,,,,,,,,4,,,,,,,,,
447,630,330,333,,,,,,,[],"[""22.1:t1"", ""5.1:pin2""]","[""22.1:t1"", ""5.1:pin2""]",16,,,,,,,,,,,,False,,N5,,,,,,,,,[8],,2,,,,,N5,5,net:16:N5,Net,184,,,,,,,,,,,,,,,,,,,,,8,,,,,,,,,
771,957,330,335,,,,,,,[],"[""13.1:t1"", ""22.1:t2""]","[""13.1:t1"", ""22.1:t2""]",16,,,,,,,,,,,,False,,N6,,,,,,,,,[9],,2,,,,,N6,6,net:16:N6,Net,190,,,,,,,,,,,,,,,,,,,,,9,,,,,,,,,
775,992,200,202,,,,,,,"[""anode""]","[""12.1:anode"", ""22.2:t2""]","[""12.1:t1"", ""22.2:t2""]",16,,,,,,,,,,,,False,,N7,,,,,,,,,[5],,2,,,,,N7,7,net:16:N7,Net,218,,,,,,,,,,,,,,,,,,,,,5,,,,,,,,,
1094,1222,201,536,,,,,,,"[""cathode""]","[""12.1:cathode"", ""13.1:t2"", ""9.3:t1""]","[""12.1:t2"", ""13.1:t2"", ""9.3:t1""]",16,,,,,,,,,,,,False,,N8,,,,,,,,,[6],,3,,,,,N8,8,net:16:N8,Net,586,,,,,,,,,,,,,,,,,,,,,6,,,,,,,,,
,,,,,,,,,,,,,17,,,,,1157,17.png,C:\Users\m.profilo\Desktop\tesi_diagrams_yolo\data\batch_v9_1_primo_set_analog_meter_connector_transformer\17.png,583,,,,,,17,,,,,,,,,,8,,15,8,,15,,,diagram:17,Diagram,,,,,,,,,,,,,,,,,,,,,06_match_terminals_to_nets,,,,,,,,,,
21.56,108.27,834.09,892.16,9,GND,,,,0.7802,,,,17,,,top,up,,,,,,,9.1,,,9.1,,,,,,,,,,,,,,1,,,,component:17:9.1,Component,,,,,,,,,,,,,,,,,,,,,,,one_terminal,,,,,True,True,,
9.36,124.57,176.3,250.28,2,Battery,,,,0.7569,,,,17,,,,vertical,,,,,,,2.1,,,2.1,,,,,,,,,,,,,,2,,,,component:17:2.1,Component,,,,,,,,,,,,,,,,,,,,,,,two_terminal,,,,,True,True,,
144.45,249.17,349.75,857.75,5,Connector,,,,0.847,,,,17,,,,vertical,,,,,,,5.1,,,5.1,,,,,,,,,,,,,,4,,,,component:17:5.1,Component,,,,,,,,,,,,,,,,,,,,,,,multi_terminal,,,,,True,True,,
278.61,373.02,260.35,420.32,22,Resistor,,,,0.8712,,,,17,,,,vertical,,,,,,,22.1,,,22.1,,,,,,,,,,,,,,2,,,,component:17:22.1,Component,,,,,,,,,,,,,,,,,,,,,,,two_terminal,,,,,True,True,,
307.33,397.48,828.24,895.34,4,Capacitor,,,,0.8522,,,,17,,,,vertical,,,,,,,4.1,,,4.1,,,,,,,,,,,,,,2,,,,component:17:4.1,Component,,,,,,,,,,,,,,,,,,,,,,,two_terminal,,,,,True,True,,
311.07,393.75,1092.44,1153.73,9,GND,,,,0.7729,,,,17,,,top,up,,,,,,,9.2,,,9.2,,,,,,,,,,,,,,1,,,,component:17:9.2,Component,,,,,,,,,,,,,,,,,,,,,,,one_terminal,,,,,True,True,,
353.64,510.37,82.3,176.5,25,Switch,,,,0.8323,,,,17,,,,horizontal,,,,,,,25.1,,,25.1,,,,,,,,,,,,,,2,,,,component:17:25.1,Component,,,,,,,,,,,,,,,,,,,,,,,two_terminal,,,,,True,True,,
490.41,574.54,337.59,398.37,9,GND,,,,0.8015,,,,17,,,top,up,,,,,,,9.3,,,9.3,,,,,,,,,,,,,,1,,,,component:17:9.3,Component,,,,,,,,,,,,,,,,,,,,,,,one_terminal,,,,,True,True,,
,,,,,,9,GND,component:17:9.1,,,,,17,t1,9.1:t1,top,up,,,,,,,9.1,,False,9.1:t1,ok,1.0,matched_preferred,[],N3,,3,False,,,,,,,,,,terminal:17:9.1:t1,Terminal,,,False,N3,3,top,directional,directional_primary,"[59, 812, 72, 836]",,,,,,,,,,66,830,,,,9.1:t1,t1,"{""point_mode"": ""one_terminal_axis_center"", ""anchor_offset_ratio"": 0.5}",two_terminal_side_peak,,,64.91,830.09
,,,,,,2,Battery,component:17:2.1,,,,,17,negative,2.1:negative,,vertical,,,,,,,2.1,,False,2.1:negative,ok,1.0,matched_preferred,[],N1,,1,False,,,,,,,,,,terminal:17:2.1:t1,Terminal,,,False,N1,1,top,directional,directional_primary,"[61, 154, 74, 178]",0.1181,,symbol_heuristic,negative,battery_positive_from_long_plate,polarity,other_side,2.1:negative,negative,66,172,,,,2.1:t1,t1,"{""point_mode"": ""bbox_side_center"", ""anchor_offset_ratio"": 0.5}",bbox_side_center,,,66.97,172.3
,,,,,,2,Battery,component:17:2.1,,,,,17,positive,2.1:positive,,vertical,,,,,,,2.1,,False,2.1:positive,ok,1.0,matched_preferred,[],N2,,2,False,,,,,,,,,,terminal:17:2.1:t2,Terminal,,,False,N2,2,bottom,directional,directional_primary,"[61, 249, 74, 273]",0.1181,,symbol_heuristic,positive,battery_positive_from_long_plate,polarity,marker_side,2.1:positive,positive,66,254,,,,2.1:t2,t2,"{""point_mode"": ""bbox_side_center"", ""anchor_offset_ratio"": 0.5}",bbox_side_center,,,66.97,254.28
,,,,,,5,Connector,component:17:5.1,,,,,17,pin1,5.1:pin1,,vertical,,,,,,,5.1,,False,5.1:pin1,ok,0.0,matched_preferred,[],N2,,2,False,,,,,,,,,,terminal:17:5.1:pin1,Terminal,,,False,N2,2,left,directional,directional_primary,"[126, 402, 145, 413]",,,,,,,,,,140,407,,,,5.1:pin1,pin1,"{""point_mode"": ""bbox_side_anchor_ratio"", ""anchor_offset_ratio"": 0.1122}",bbox_side_center,,,140.45,406.75
,,,,,,5,Connector,component:17:5.1,,,,,17,pin2,5.1:pin2,,vertical,,,,,,,5.1,,False,5.1:pin2,ok,0.0,matched_preferred,[],N5,,5,False,,,,,,,,,,terminal:17:5.1:pin2,Terminal,,,False,N5,5,right,directional,directional_primary,"[249, 532, 268, 543]",,,,,,,,,,253,537,,,,5.1:pin2,pin2,"{""point_mode"": ""bbox_side_anchor_ratio"", ""anchor_offset_ratio"": 0.3681}",bbox_side_center,,,253.17,536.74
,,,,,,5,Connector,component:17:5.1,,,,,17,pin3,5.1:pin3,,vertical,,,,,,,5.1,,False,5.1:pin3,ok,0.0,matched_preferred,[],N6,,6,False,,,,,,,,,,terminal:17:5.1:pin3,Terminal,,,False,N6,6,right,directional,directional_primary,"[249, 662, 268, 673]",,,,,,,,,,253,667,,,,5.1:pin3,pin3,"{""point_mode"": ""bbox_side_anchor_ratio"", ""anchor_offset_ratio"": 0.624}",bbox_side_center,,,253.17,666.74
,,,,,,5,Connector,component:17:5.1,,,,,17,pin4,5.1:pin4,,vertical,,,,,,,5.1,,False,5.1:pin4,ok,0.0,matched_preferred,[],N3,,3,False,,,,,,,,,,terminal:17:5.1:pin4,Terminal,,,False,N3,3,left,directional,directional_primary,"[126, 792, 145, 803]",,,,,,,,,,140,797,,,,5.1:pin4,pin4,"{""point_mode"": ""bbox_side_anchor_ratio"", ""anchor_offset_ratio"": 0.8799}",bbox_side_center,,,140.45,796.74
,,,,,,22,Resistor,component:17:22.1,,,,,17,t1,22.1:t1,,vertical,,,,,,,22.1,,False,22.1:t1,ok,1.0,matched_preferred,[],N4,,4,False,,,,,,,,,,terminal:17:22.1:t1,Terminal,,,False,N4,4,top,directional,directional_primary,"[320, 238, 333, 262]",,,,,,,,,,325,256,,,,22.1:t1,t1,"{""point_mode"": ""bbox_side_center"", ""anchor_offset_ratio"": 0.4999}",bbox_side_center,,,325.81,256.35
,,,,,,22,Resistor,component:17:22.1,,,,,17,t2,22.1:t2,,vertical,,,,,,,22.1,,False,22.1:t2,ok,1.0,matched_preferred,[],N5,,5,False,,,,,,,,,,terminal:17:22.1:t2,Terminal,,,False,N5,5,bottom,directional,directional_primary,"[320, 419, 333, 443]",,,,,,,,,,325,424,,,,22.1:t2,t2,"{""point_mode"": ""bbox_side_center"", ""anchor_offset_ratio"": 0.4999}",bbox_side_center,,,325.81,424.32
,,,,,,4,Capacitor,component:17:4.1,,,,,17,t1,4.1:t1,,vertical,,,,,,,4.1,,False,4.1:t1,ok,0.0,matched_preferred,[],N6,,6,False,,,,,,,,,,terminal:17:4.1:t1,Terminal,,,False,N6,6,top,directional,directional_primary,"[346, 806, 359, 830]",,,,,,,,,,352,824,,,,4.1:t1,t1,"{""point_mode"": ""bbox_side_center"", ""anchor_offset_ratio"": 0.4999}",bbox_side_center,,,352.4,824.24
,,,,,,4,Capacitor,component:17:4.1,,,,,17,t2,4.1:t2,,vertical,,,,,,,4.1,,False,4.1:t2,ok,0.0,matched_preferred,[],N7,,7,False,,,,,,,,,,terminal:17:4.1:t2,Terminal,,,False,N7,7,bottom,directional,directional_primary,"[346, 894, 359, 918]",,,,,,,,,,352,899,,,,4.1:t2,t2,"{""point_mode"": ""bbox_side_center"", ""anchor_offset_ratio"": 0.4999}",bbox_side_center,,,352.4,899.34
,,,,,,9,GND,component:17:9.2,,,,,17,t1,9.2:t1,top,up,,,,,,,9.2,,False,9.2:t1,ok,0.0,matched_preferred,[],N7,,7,False,,,,,,,,,,terminal:17:9.2:t1,Terminal,,,False,N7,7,top,directional,directional_primary,"[346, 1070, 359, 1094]",,,,,,,,,,352,1088,,,,9.2:t1,t1,"{""point_mode"": ""one_terminal_axis_center"", ""anchor_offset_ratio"": 0.5}",two_terminal_side_peak,,,352.41,1088.44
,,,,,,25,Switch,component:17:25.1,,,,,17,t1,25.1:t1,,horizontal,,,,,,,25.1,,False,25.1:t1,ok,0.0,matched_preferred,[],N4,,4,False,,,,,,,,,,terminal:17:25.1:t1,Terminal,,,False,N4,4,left,directional,directional_primary,"[308, 134, 361, 159]",,,,,,,,,,350,146,,,,25.1:t1,t1,"{""point_mode"": ""side_peak_outside"", ""scan_axis"": ""y"", ""relative_position"": ""left"", ""scan_start"": 90, ""scan_end"": 168, ""scan_margin"": 8, ""probe_halfspan"": 6, ""probe_out_len"": 12, ""probe_inset"": 1, ""peak_coord"": 146, ""anchor_offset_ratio"": 0.6809, ""max_score"": 112, ""keep_threshold"": 95, ""selected_run_start"": 53, ""selected_run_end"": 60, ""selected_run_length"": 8, ""selected_run_score"": 112}",two_terminal_side_peak,,,350.0,146.0
,,,,,,25,Switch,component:17:25.1,,,,,17,t2,25.1:t2,,horizontal,,,,,,,25.1,,False,25.1:t2,ok,0.0,matched_preferred,[],N8,,8,False,,,,,,,,,,terminal:17:25.1:t2,Terminal,,,False,N8,8,right,directional,directional_primary,"[504, 134, 557, 159]",,,,,,,,,,514,146,,,,25.1:t2,t2,"{""point_mode"": ""side_peak_outside"", ""scan_axis"": ""y"", ""relative_position"": ""right"", ""scan_start"": 90, ""scan_end"": 168, ""scan_margin"": 8, ""probe_halfspan"": 6, ""probe_out_len"": 12, ""probe_inset"": 1, ""peak_coord"": 146, ""anchor_offset_ratio"": 0.6809, ""max_score"": 112, ""keep_threshold"": 95, ""selected_run_start"": 53, ""selected_run_end"": 60, ""selected_run_length"": 8, ""selected_run_score"": 112}",two_terminal_side_peak,,,514.0,146.0
,,,,,,9,GND,component:17:9.3,,,,,17,t1,9.3:t1,top,up,,,,,,,9.3,,False,9.3:t1,ok,2.0,matched_preferred,[],N8,,8,False,,,,,,,,,,terminal:17:9.3:t1,Terminal,,,False,N8,8,top,directional,directional_primary,"[526, 316, 539, 340]",,,,,,,,,,534,334,,,,9.3:t1,t1,"{""point_mode"": ""one_terminal_axis_center"", ""anchor_offset_ratio"": 0.5}",two_terminal_side_peak,,,532.48,333.59
66,67,19,186,,,,,,,"[""negative""]","[""2.1:negative""]","[""2.1:t1""]",17,,,,,,,,,,,,False,,N1,,,,,,,,,[1],,1,,,,,N1,1,net:17:N1,Net,168,,,,,,,,,,,,,,,,,,,,,1,,,,,,,,,
22,145,238,450,,,,,,,"[""positive""]","[""2.1:positive"", ""5.1:pin1""]","[""2.1:t2"", ""5.1:pin1""]",17,,,,,,,,,,,,False,,N2,,,,,,,,,[6],,2,,,,,N2,2,net:17:N2,Net,439,,,,,,,,,,,,,,,,,,,,,6,,,,,,,,,
64,145,771,845,,,,,,,[],"[""5.1:pin4"", ""9.1:t1""]","[""5.1:pin4"", ""9.1:t1""]",17,,,,,,,,,,,,False,,N3,,,,,,,,,[13],,2,,,,,N3,3,net:17:N3,Net,153,,,,,,,,,,,,,,,,,,,,,13,,,,,,,,,
195,354,146,270,,,,,,,[],"[""22.1:t1"", ""25.1:t1""]","[""22.1:t1"", ""25.1:t1""]",17,,,,,,,,,,,,False,,N4,,,,,,,,,[4],,2,,,,,N4,4,net:17:N4,Net,283,,,,,,,,,,,,,,,,,,,,,4,,,,,,,,,
248,327,408,537,,,,,,,[],"[""22.1:t2"", ""5.1:pin2""]","[""22.1:t2"", ""5.1:pin2""]",17,,,,,,,,,,,,False,,N5,,,,,,,,,[8],,2,,,,,N5,5,net:17:N5,Net,206,,,,,,,,,,,,,,,,,,,,,8,,,,,,,,,
248,352,667,838,,,,,,,[],"[""4.1:t1"", ""5.1:pin3""]","[""4.1:t1"", ""5.1:pin3""]",17,,,,,,,,,,,,False,,N6,,,,,,,,,[12],,2,,,,,N6,6,net:17:N6,Net,275,,,,,,,,,,,,,,,,,,,,,12,,,,,,,,,
352,352,886,1102,,,,,,,[],"[""4.1:t2"", ""9.2:t1""]","[""4.1:t2"", ""9.2:t1""]",17,,,,,,,,,,,,False,,N7,,,,,,,,,[14],,2,,,,,N7,7,net:17:N7,Net,217,,,,,,,,,,,,,,,,,,,,,14,,,,,,,,,
510,534,146,348,,,,,,,[],"[""25.1:t2"", ""9.3:t1""]","[""25.1:t2"", ""9.3:t1""]",17,,,,,,,,,,,,False,,N8,,,,,,,,,[5],,2,,,,,N8,8,net:17:N8,Net,224,,,,,,,,,,,,,,,,,,,,,5,,,,,,,,,
,,,,,,,,,,,,,18,,,,,831,18.png,C:\Users\m.profilo\Desktop\tesi_diagrams_yolo\data\batch_v9_1_primo_set_analog_meter_connector_transformer\18.png,810,,,,,,18,,,,,,,,,,7,,11,6,,12,,,diagram:18,Diagram,,,,,,,,,,,,,,,,,,,,,06_match_terminals_to_nets,,,,,,,,,,
25.19,107.29,761.7,825.94,9,GND,,,,0.7819,,,,18,,,top,up,,,,,,,9.1,,,9.1,,,,,,,,,,,,,,1,,,,component:18:9.1,Component,,,,,,,,,,,,,,,,,,,,,,,one_terminal,,,,,True,True,,
9.5,127.29,486.96,575.86,2,Battery,,,,0.2969,,,,18,,,,vertical,,,,,,,2.1,,,2.1,,,,,,,,,,,,,,2,,,,component:18:2.1,Component,,,,,,,,,,,,,,,,,,,,,,,two_terminal,,,,,True,True,,
102.99,265.92,295.25,387.55,22,Resistor,,,,0.8569,,,,18,,,,horizontal,,,,,,,22.1,,,22.1,,,,,,,,,,,,,,2,,,,component:18:22.1,Component,,,,,,,,,,,,,,,,,,,,,,,two_terminal,,,,,True,True,,
283.86,367.75,507.06,566.71,9,GND,,,,0.7797,,,,18,,,top,up,,,,,,,9.2,,,9.2,,,,,,,,,,,,,,1,,,,component:18:9.2,Component,,,,,,,,,,,,,,,,,,,,,,,one_terminal,,,,,True,True,,
411.39,505.34,154.35,530.24,5,Connector,,,,0.9009,,,,18,,,,vertical,,,,,,,5.1,,,5.1,,,,,,,,,,,,,,3,,,,component:18:5.1,Component,,,,,,,,,,,,,,,,,,,,,,,multi_terminal,,,,,True,True,,
583.24,804.4,0.08,230.23,0,Analog_Meter,,,,0.8258,,,,18,,,,horizontal,,,,,,,0.1,,,0.1,,,,,,,,,,,,,,2,,,,component:18:0.1,Component,,,,,,,,,,,,,,,,,,,,,,,two_terminal,,,,,True,True,,
700.64,782.98,286.14,345.75,9,GND,,,,0.7663,,,,18,,,top,up,,,,,,,9.3,,,9.3,,,,,,,,,,,,,,1,,,,component:18:9.3,Component,,,,,,,,,,,,,,,,,,,,,,,one_terminal,,,,,True,True,,
,,,,,,9,GND,component:18:9.1,,,,,18,t1,9.1:t1,top,up,,,,,,,9.1,,False,9.1:t1,ok,0.0,matched_preferred,[],N1,,1,False,,,,,,,,,,terminal:18:9.1:t1,Terminal,,,False,N1,1,top,directional,directional_primary,"[60, 740, 73, 764]",,,,,,,,,,66,758,,,,9.1:t1,t1,"{""point_mode"": ""one_terminal_axis_center"", ""anchor_offset_ratio"": 0.5}",two_terminal_side_peak,,,66.24,757.7
,,,,,,2,Battery,component:18:2.1,,,,,18,positive,2.1:positive,,vertical,,,,,,,2.1,,False,2.1:positive,ok,2.0,matched_preferred,[],N2,,2,False,,,,,,,,,,terminal:18:2.1:t1,Terminal,,,False,N2,2,top,directional,directional_primary,"[62, 465, 75, 489]",0.1181,,symbol_heuristic,positive,battery_positive_from_long_plate,polarity,marker_side,2.1:positive,positive,66,483,,,,2.1:t1,t1,"{""point_mode"": ""bbox_side_center"", ""anchor_offset_ratio"": 0.5}",bbox_side_center,,,68.4,482.96
,,,,,,2,Battery,component:18:2.1,,,,,18,negative,2.1:negative,,vertical,,,,,,,2.1,,False,2.1:negative,ok,2.0,matched_preferred,[],N1,,1,False,,,,,,,,,,terminal:18:2.1:t2,Terminal,,,False,N1,1,bottom,directional,directional_primary,"[62, 575, 75, 599]",0.1181,,symbol_heuristic,negative,battery_positive_from_long_plate,polarity,other_side,2.1:negative,negative,66,580,,,,2.1:t2,t2,"{""point_mode"": ""bbox_side_center"", ""anchor_offset_ratio"": 0.5}",bbox_side_center,,,68.4,579.86
,,,,,,22,Resistor,component:18:22.1,,,,,18,t1,22.1:t1,,horizontal,,,,,,,22.1,,False,22.1:t1,ok,1.0,matched_preferred,[],N2,,2,False,,,,,,,,,,terminal:18:22.1:t1,Terminal,,,False,N2,2,left,directional,directional_primary,"[81, 335, 105, 348]",,,,,,,,,,99,340,,,,22.1:t1,t1,"{""point_mode"": ""bbox_side_center"", ""anchor_offset_ratio"": 0.5}",bbox_side_center,,,98.99,341.4
,,,,,,22,Resistor,component:18:22.1,,,,,18,t2,22.1:t2,,horizontal,,,,,,,22.1,,False,22.1:t2,ok,1.0,matched_preferred,[],N3,,3,False,,,,,,,,,,terminal:18:22.1:t2,Terminal,,,False,N3,3,right,directional,directional_primary,"[265, 335, 289, 348]",,,,,,,,,,270,340,,,,22.1:t2,t2,"{""point_mode"": ""bbox_side_center"", ""anchor_offset_ratio"": 0.5}",bbox_side_center,,,269.92,341.4
,,,,,,9,GND,component:18:9.2,,,,,18,t1,9.2:t1,top,up,,,,,,,9.2,,False,9.2:t1,ok,0.0,matched_preferred,[],N4,,4,False,,,,,,,,,,terminal:18:9.2:t1,Terminal,,,False,N4,4,top,directional,directional_primary,"[320, 485, 333, 509]",,,,,,,,,,326,503,,,,9.2:t1,t1,"{""point_mode"": ""one_terminal_axis_center"", ""anchor_offset_ratio"": 0.5}",two_terminal_side_peak,,,325.81,503.06
,,,,,,5,Connector,component:18:5.1,,,,,18,pin1,5.1:pin1,,vertical,,,,,,,5.1,,False,5.1:pin1,ok,0.0,matched_preferred,[],N5,,5,False,,,,,,,,,,terminal:18:5.1:pin1,Terminal,,,False,N5,5,right,directional,directional_primary,"[505, 206, 524, 217]",,,,,,,,,,509,211,,,,5.1:pin1,pin1,"{""point_mode"": ""bbox_side_anchor_ratio"", ""anchor_offset_ratio"": 0.1516}",bbox_side_center,,,509.34,211.33
,,,,,,5,Connector,component:18:5.1,,,,,18,pin2,5.1:pin2,,vertical,,,,,,,5.1,,False,5.1:pin2,ok,0.0,matched_preferred,[],N3,,3,False,,,,,,,,,,terminal:18:5.1:pin2,Terminal,,,False,N3,3,left,directional,directional_primary,"[393, 336, 412, 347]",,,,,,,,,,407,341,,,,5.1:pin2,pin2,"{""point_mode"": ""bbox_side_anchor_ratio"", ""anchor_offset_ratio"": 0.4973}",bbox_side_center,,,407.39,341.28
,,,,,,5,Connector,component:18:5.1,,,,,18,pin3,5.1:pin3,,vertical,,,,,,,5.1,,False,5.1:pin3,ok,0.0,matched_preferred,[],N4,,4,False,,,,,,,,,,terminal:18:5.1:pin3,Terminal,,,False,N4,4,left,directional,directional_primary,"[393, 466, 412, 477]",,,,,,,,,,407,471,,,,5.1:pin3,pin3,"{""point_mode"": ""bbox_side_anchor_ratio"", ""anchor_offset_ratio"": 0.8431}",bbox_side_center,,,407.39,471.26
,,,,,,0,Analog_Meter,component:18:0.1,,,,,18,t1,0.1:t1,,horizontal,,,,,,,0.1,,True,0.1:t1,unmatched,,unmatched,"[""unmatched_terminal""]",,,,False,,,,,,,,,,terminal:18:0.1:t1,Terminal,,,False,,,bottom,,,,,,,,,,,,,,,,,,0.1:t1,t1,"{""point_mode"": ""strategy_absolute_point"", ""point_source"": ""term_def.point""}",strategy_absolute_point,,,649.6,171.0
,,,,,,0,Analog_Meter,component:18:0.1,,,,,18,t2,0.1:t2,,horizontal,,,,,,,0.1,,False,0.1:t2,ok,43.174,matched_single,"[""no_preferred_net_from_05"", ""matched_without_preferred_label""]",N6,,6,False,,,,,,,,,,terminal:18:0.1:t2,Terminal,,,False,,,bottom,directional,directional_primary,"[719, 191, 748, 256]",,,,,,,,,,743,241,,,,0.1:t2,t2,"{""point_mode"": ""strategy_absolute_point"", ""point_source"": ""term_def.point""}",strategy_absolute_point,,,733.0,199.0
,,,,,,9,GND,component:18:9.3,,,,,18,t1,9.3:t1,top,up,,,,,,,9.3,,False,9.3:t1,ok,0.0,matched_preferred,[],N6,,6,False,,,,,,,,,,terminal:18:9.3:t1,Terminal,,,False,N6,6,top,directional,directional_primary,"[736, 264, 749, 288]",,,,,,,,,,742,282,,,,9.3:t1,t1,"{""point_mode"": ""one_terminal_axis_center"", ""anchor_offset_ratio"": 0.5}",two_terminal_side_peak,,,741.81,282.14
66,68,564,772,,,,,,,"[""negative""]","[""2.1:negative"", ""9.1:t1""]","[""2.1:t2"", ""9.1:t1""]",18,,,,,,,,,,,,False,,N1,,,,,,,,,[9],,2,,,,,N1,1,net:18:N1,Net,209,,,,,,,,,,,,,,,,,,,,,9,,,,,,,,,
66,113,340,499,,,,,,,"[""positive""]","[""2.1:positive"", ""22.1:t1""]","[""2.1:t1"", ""22.1:t1""]",18,,,,,,,,,,,,False,,N2,,,,,,,,,[7],,2,,,,,N2,2,net:18:N2,Net,205,,,,,,,,,,,,,,,,,,,,,7,,,,,,,,,
256,412,312,341,,,,,,,[],"[""22.1:t2"", ""5.1:pin2""]","[""22.1:t2"", ""5.1:pin2""]",18,,,,,,,,,,,,False,,N3,,,,,,,,,[6],,2,,,,,N3,3,net:18:N3,Net,188,,,,,,,,,,,,,,,,,,,,,6,,,,,,,,,
326,412,441,517,,,,,,,[],"[""5.1:pin3"", ""9.2:t1""]","[""5.1:pin3"", ""9.2:t1""]",18,,,,,,,,,,,,False,,N4,,,,,,,,,[8],,2,,,,,N4,4,net:18:N4,Net,164,,,,,,,,,,,,,,,,,,,,,8,,,,,,,,,
504,572,210,211,,,,,,,[],"[""5.1:pin1""]","[""5.1:pin1""]",18,,,,,,,,,,,,False,,N5,,,,,,,,,[4],,1,,,,,N5,5,net:18:N5,Net,69,,,,,,,,,,,,,,,,,,,,,4,,,,,,,,,
742,743,241,296,,,,,,,[],"[""9.3:t1""]","[""9.3:t1""]",18,,,,,,,,,,,,False,,N6,,,,,,,,,[5],,1,,,,,N6,6,net:18:N6,Net,56,,,,,,,,,,,,,,,,,,,,,5,,,,,,,,,
,,,,,,,,,,,,,19,,,,,1157,19.png,C:\Users\m.profilo\Desktop\tesi_diagrams_yolo\data\batch_v9_1_primo_set_analog_meter_connector_transformer\19.png,797,,,,,,19,,,,,,,,,,8,,14,8,,15,,,diagram:19,Diagram,,,,,,,,,,,,,,,,,,,,,06_match_terminals_to_nets,,,,,,,,,,
21.78,108.75,833.84,892.35,9,GND,,,,0.771,,,,19,,,top,up,,,,,,,9.1,,,9.1,,,,,,,,,,,,,,1,,,,component:19:9.1,Component,,,,,,,,,,,,,,,,,,,,,,,one_terminal,,,,,True,True,,
9.26,124.17,175.55,250.45,2,Battery,,,,0.7359,,,,19,,,,vertical,,,,,,,2.1,,,2.1,,,,,,,,,,,,,,2,,,,component:19:2.1,Component,,,,,,,,,,,,,,,,,,,,,,,two_terminal,,,,,True,True,,
145.22,249.27,351.23,859.12,5,Connector,,,,0.7342,,,,19,,,,vertical,,,,,,,5.1,,,5.1,,,,,,,,,,,,,,4,,,,component:19:5.1,Component,,,,,,,,,,,,,,,,,,,,,,,multi_terminal,,,,,True,True,,
307.74,396.96,826.64,897.77,4,Capacitor,,,,0.846,,,,19,,,,vertical,,,,,,,4.1,,,4.1,,,,,,,,,,,,,,2,,,,component:19:4.1,Component,,,,,,,,,,,,,,,,,,,,,,,two_terminal,,,,,True,True,,
311.17,393.81,1091.23,1154.1,9,GND,,,,0.7649,,,,19,,,top,up,,,,,,,9.2,,,9.2,,,,,,,,,,,,,,1,,,,component:19:9.2,Component,,,,,,,,,,,,,,,,,,,,,,,one_terminal,,,,,True,True,,
385.03,546.7,493.89,584.02,22,Resistor,,,,0.8506,,,,19,,,,horizontal,,,,,,,22.1,,,22.1,,,,,,,,,,,,,,2,,,,component:19:22.1,Component,,,,,,,,,,,,,,,,,,,,,,,two_terminal,,,,,True,True,,
570.89,789.82,323.93,559.4,0,Analog_Meter,,,,0.4575,,,,19,,,,horizontal,,,,,,,0.1,,,0.1,,,,,,,,,,,,,,2,,,,component:19:0.1,Component,,,,,,,,,,,,,,,,,,,,,,,two_terminal,,,,,True,True,,
684.96,772.32,689.88,750.42,9,GND,,,,0.8025,,,,19,,,top,up,,,,,,,9.3,,,9.3,,,,,,,,,,,,,,1,,,,component:19:9.3,Component,,,,,,,,,,,,,,,,,,,,,,,one_terminal,,,,,True,True,,
,,,,,,9,GND,component:19:9.1,,,,,19,t1,9.1:t1,top,up,,,,,,,9.1,,False,9.1:t1,ok,1.0,matched_preferred,[],N3,,3,False,,,,,,,,,,terminal:19:9.1:t1,Terminal,,,False,N3,3,top,directional,directional_primary,"[59, 812, 72, 836]",,,,,,,,,,66,830,,,,9.1:t1,t1,"{""point_mode"": ""one_terminal_axis_center"", ""anchor_offset_ratio"": 0.5}",two_terminal_side_peak,,,65.27,829.84
,,,,,,2,Battery,component:19:2.1,,,,,19,negative,2.1:negative,,vertical,,,,,,,2.1,,False,2.1:negative,ok,1.0,matched_preferred,[],N1,,1,False,,,,,,,,,,terminal:19:2.1:t1,Terminal,,,False,N1,1,top,directional,directional_primary,"[61, 154, 74, 178]",0.1181,,symbol_heuristic,negative,battery_positive_from_long_plate,polarity,other_side,2.1:negative,negative,66,172,,,,2.1:t1,t1,"{""point_mode"": ""bbox_side_center"", ""anchor_offset_ratio"": 0.5}",bbox_side_center,,,66.72,171.55
,,,,,,2,Battery,component:19:2.1,,,,,19,positive,2.1:positive,,vertical,,,,,,,2.1,,False,2.1:positive,ok,1.0,matched_preferred,[],N2,,2,False,,,,,,,,,,terminal:19:2.1:t2,Terminal,,,False,N2,2,bottom,directional,directional_primary,"[61, 249, 74, 273]",0.1181,,symbol_heuristic,positive,battery_positive_from_long_plate,polarity,marker_side,2.1:positive,positive,66,254,,,,2.1:t2,t2,"{""point_mode"": ""bbox_side_center"", ""anchor_offset_ratio"": 0.5}",bbox_side_center,,,66.72,254.45
,,,,,,5,Connector,component:19:5.1,,,,,19,pin1,5.1:pin1,,vertical,,,,,,,5.1,,False,5.1:pin1,ok,0.0,matched_preferred,[],N2,,2,False,,,,,,,,,,terminal:19:5.1:pin1,Terminal,,,False,N2,2,left,directional,directional_primary,"[127, 402, 146, 413]",,,,,,,,,,141,407,,,,5.1:pin1,pin1,"{""point_mode"": ""bbox_side_anchor_ratio"", ""anchor_offset_ratio"": 0.1102}",bbox_side_center,,,141.22,407.2
,,,,,,5,Connector,component:19:5.1,,,,,19,pin2,5.1:pin2,,vertical,,,,,,,5.1,,False,5.1:pin2,ok,0.0,matched_preferred,[],N5,,5,False,,,,,,,,,,terminal:19:5.1:pin2,Terminal,,,False,N5,5,right,directional,directional_primary,"[249, 532, 268, 543]",,,,,,,,,,253,537,,,,5.1:pin2,pin2,"{""point_mode"": ""bbox_side_anchor_ratio"", ""anchor_offset_ratio"": 0.3661}",bbox_side_center,,,253.27,537.17
,,,,,,5,Connector,component:19:5.1,,,,,19,pin3,5.1:pin3,,vertical,,,,,,,5.1,,False,5.1:pin3,ok,0.0,matched_preferred,[],N4,,4,False,,,,,,,,,,terminal:19:5.1:pin3,Terminal,,,False,N4,4,right,directional,directional_primary,"[249, 662, 268, 673]",,,,,,,,,,253,667,,,,5.1:pin3,pin3,"{""point_mode"": ""bbox_side_anchor_ratio"", ""anchor_offset_ratio"": 0.622}",bbox_side_center,,,253.27,667.14
,,,,,,5,Connector,component:19:5.1,,,,,19,pin4,5.1:pin4,,vertical,,,,,,,5.1,,False,5.1:pin4,ok,0.0,matched_preferred,[],N3,,3,False,,,,,,,,,,terminal:19:5.1:pin4,Terminal,,,False,N3,3,left,directional,directional_primary,"[127, 792, 146, 803]",,,,,,,,,,141,797,,,,5.1:pin4,pin4,"{""point_mode"": ""bbox_side_anchor_ratio"", ""anchor_offset_ratio"": 0.878}",bbox_side_center,,,141.22,797.16
,,,,,,4,Capacitor,component:19:4.1,,,,,19,t1,4.1:t1,,vertical,,,,,,,4.1,,False,4.1:t1,ok,0.0,matched_preferred,[],N4,,4,False,,,,,,,,,,terminal:19:4.1:t1,Terminal,,,False,N4,4,top,directional,directional_primary,"[346, 805, 359, 829]",,,,,,,,,,352,823,,,,4.1:t1,t1,"{""point_mode"": ""bbox_side_center"", ""anchor_offset_ratio"": 0.5}",bbox_side_center,,,352.35,822.64
,,,,,,4,Capacitor,component:19:4.1,,,,,19,t2,4.1:t2,,vertical,,,,,,,4.1,,False,4.1:t2,ok,0.0,matched_preferred,[],N6,,6,False,,,,,,,,,,terminal:19:4.1:t2,Terminal,,,False,N6,6,bottom,directional,directional_primary,"[346, 897, 359, 921]",,,,,,,,,,352,902,,,,4.1:t2,t2,"{""point_mode"": ""bbox_side_center"", ""anchor_offset_ratio"": 0.5}",bbox_side_center,,,352.35,901.77
,,,,,,9,GND,component:19:9.2,,,,,19,t1,9.2:t1,top,up,,,,,,,9.2,,False,9.2:t1,ok,0.0,matched_preferred,[],N6,,6,False,,,,,,,,,,terminal:19:9.2:t1,Terminal,,,False,N6,6,top,directional,directional_primary,"[346, 1069, 359, 1093]",,,,,,,,,,352,1087,,,,9.2:t1,t1,"{""point_mode"": ""one_terminal_axis_center"", ""anchor_offset_ratio"": 0.5}",two_terminal_side_peak,,,352.49,1087.23
,,,,,,22,Resistor,component:19:22.1,,,,,19,t1,22.1:t1,,horizontal,,,,,,,22.1,,False,22.1:t1,ok,3.0,matched_preferred,[],N5,,5,False,,,,,,,,,,terminal:19:22.1:t1,Terminal,,,False,N5,5,left,directional,directional_primary,"[363, 533, 387, 546]",,,,,,,,,,381,536,,,,22.1:t1,t1,"{""point_mode"": ""bbox_side_center"", ""anchor_offset_ratio"": 0.4999}",bbox_side_center,,,381.03,538.95
,,,,,,22,Resistor,component:19:22.1,,,,,19,t2,22.1:t2,,horizontal,,,,,,,22.1,,False,22.1:t2,ok,3.0,matched_preferred,[],N7,,7,False,,,,,,,,,,terminal:19:22.1:t2,Terminal,,,False,N7,7,right,directional,directional_primary,"[546, 533, 570, 546]",,,,,,,,,,551,536,,,,22.1:t2,t2,"{""point_mode"": ""bbox_side_center"", ""anchor_offset_ratio"": 0.4999}",bbox_side_center,,,550.7,538.95
,,,,,,0,Analog_Meter,component:19:0.1,,,,,19,t1,0.1:t1,,horizontal,,,,,,,0.1,,True,0.1:t1,unmatched,,unmatched,"[""unmatched_terminal""]",,,,False,,,,,,,,,,terminal:19:0.1:t1,Terminal,,,False,,,bottom,,,,,,,,,,,,,,,,,,0.1:t1,t1,"{""point_mode"": ""strategy_absolute_point"", ""point_source"": ""term_def.point""}",strategy_absolute_point,,,637.6,497.4
,,,,,,0,Analog_Meter,component:19:0.1,,,,,19,t2,0.1:t2,,horizontal,,,,,,,0.1,,False,0.1:t2,ok,46.098,matched_single,"[""no_preferred_net_from_05"", ""matched_without_preferred_label""]",N8,,8,False,,,,,,,,,,terminal:19:0.1:t2,Terminal,,,False,,,bottom,directional,directional_primary,"[706, 517, 735, 582]",,,,,,,,,,730,570,,,,0.1:t2,t2,"{""point_mode"": ""strategy_absolute_point"", ""point_source"": ""term_def.point""}",strategy_absolute_point,,,720.0,525.0
,,,,,,9,GND,component:19:9.3,,,,,19,t1,9.3:t1,top,up,,,,,,,9.3,,False,9.3:t1,ok,0.0,matched_preferred,[],N8,,8,False,,,,,,,,,,terminal:19:9.3:t1,Terminal,,,False,N8,8,top,directional,directional_primary,"[723, 668, 736, 692]",,,,,,,,,,729,686,,,,9.3:t1,t1,"{""point_mode"": ""one_terminal_axis_center"", ""anchor_offset_ratio"": 0.5}",two_terminal_side_peak,,,728.64,685.88
66,67,19,186,,,,,,,"[""negative""]","[""2.1:negative""]","[""2.1:t1""]",19,,,,,,,,,,,,False,,N1,,,,,,,,,[1],,1,,,,,N1,1,net:19:N1,Net,168,,,,,,,,,,,,,,,,,,,,,1,,,,,,,,,
30,146,238,450,,,,,,,"[""positive""]","[""2.1:positive"", ""5.1:pin1""]","[""2.1:t2"", ""5.1:pin1""]",19,,,,,,,,,,,,False,,N2,,,,,,,,,[2],,2,,,,,N2,2,net:19:N2,Net,338,,,,,,,,,,,,,,,,,,,,,2,,,,,,,,,
64,146,770,845,,,,,,,[],"[""5.1:pin4"", ""9.1:t1""]","[""5.1:pin4"", ""9.1:t1""]",19,,,,,,,,,,,,False,,N3,,,,,,,,,[14],,2,,,,,N3,3,net:19:N3,Net,155,,,,,,,,,,,,,,,,,,,,,14,,,,,,,,,
248,352,667,837,,,,,,,[],"[""4.1:t1"", ""5.1:pin3""]","[""4.1:t1"", ""5.1:pin3""]",19,,,,,,,,,,,,False,,N4,,,,,,,,,[13],,2,,,,,N4,4,net:19:N4,Net,274,,,,,,,,,,,,,,,,,,,,,13,,,,,,,,,
248,398,536,539,,,,,,,[],"[""22.1:t1"", ""5.1:pin2""]","[""22.1:t1"", ""5.1:pin2""]",19,,,,,,,,,,,,False,,N5,,,,,,,,,[8],,2,,,,,N5,5,net:19:N5,Net,151,,,,,,,,,,,,,,,,,,,,,8,,,,,,,,,
352,352,889,1101,,,,,,,[],"[""4.1:t2"", ""9.2:t1""]","[""4.1:t2"", ""9.2:t1""]",19,,,,,,,,,,,,False,,N6,,,,,,,,,[15],,2,,,,,N6,6,net:19:N6,Net,213,,,,,,,,,,,,,,,,,,,,,15,,,,,,,,,
535,566,536,541,,,,,,,[],"[""22.1:t2""]","[""22.1:t2""]",19,,,,,,,,,,,,False,,N7,,,,,,,,,[9],,1,,,,,N7,7,net:19:N7,Net,34,,,,,,,,,,,,,,,,,,,,,9,,,,,,,,,
729,730,570,700,,,,,,,[],"[""9.3:t1""]","[""9.3:t1""]",19,,,,,,,,,,,,False,,N8,,,,,,,,,[10],,1,,,,,N8,8,net:19:N8,Net,131,,,,,,,,,,,,,,,,,,,,,10,,,,,,,,,
,,,,,,,,,,,,,20,,,,,773,20.png,C:\Users\m.profilo\Desktop\tesi_diagrams_yolo\data\batch_v9_1_primo_set_analog_meter_connector_transformer\20.png,1203,,,,,,20,,,,,,,,,,10,,20,9,,20,,,diagram:20,Diagram,,,,,,,,,,,,,,,,,,,,,06_match_terminals_to_nets,,,,,,,,,,
9.88,90.78,683.14,741.86,9,GND,,,,0.8053,,,,20,,,top,up,,,,,,,9.1,,,9.1,,,,,,,,,,,,,,1,,,,component:20:9.1,Component,,,,,,,,,,,,,,,,,,,,,,,one_terminal,,,,,True,True,,
65.77,225.93,512.13,620.39,25,Switch,,,,0.7669,,,,20,,,,horizontal,,,,,,,25.1,,,25.1,,,,,,,,,,,,,,2,,,,component:20:25.1,Component,,,,,,,,,,,,,,,,,,,,,,,two_terminal,,,,,True,True,,
203.63,285.77,710.25,766.39,9,GND,,,,0.8011,,,,20,,,top,up,,,,,,,9.2,,,9.2,,,,,,,,,,,,,,1,,,,component:20:9.2,Component,,,,,,,,,,,,,,,,,,,,,,,one_terminal,,,,,True,True,,
319.95,422.01,226.84,736.31,5,Connector,,,,0.7857,,,,20,,,,vertical,,,,,,,5.1,,,5.1,,,,,,,,,,,,,,4,,,,component:20:5.1,Component,,,,,,,,,,,,,,,,,,,,,,,multi_terminal,,,,,True,True,,
517.37,677.05,53.73,287.09,28,Transformer,,,,0.8644,,,,20,,,,horizontal,,,,,,,28.1,,,28.1,,,,,,,,,,,,,,4,,,,component:20:28.1,Component,,,,,,,,,,,,,,,,,,,,,,,multi_terminal,,,,,True,True,,
563.44,728.99,372.84,459.17,22,Resistor,,,,0.8577,,,,20,,,,horizontal,,,,,,,22.1,,,22.1,,,,,,,,,,,,,,2,,,,component:20:22.1,Component,,,,,,,,,,,,,,,,,,,,,,,two_terminal,,,,,True,True,,
754.0,943.0,91.0,279.0,0,Analog_Meter,,,,0.58,,,,20,,,,horizontal,,,,,,,0.1,,,0.1,,,,,,,,,,,,,,2,,,,component:20:0.1,Component,,,,,,,,,,,,,,,,,,,,,,,two_terminal,,,,,True,True,,
855.51,935.99,462.91,520.77,9,GND,,,,0.7931,,,,20,,,top,up,,,,,,,9.3,,,9.3,,,,,,,,,,,,,,1,,,,component:20:9.3,Component,,,,,,,,,,,,,,,,,,,,,,,one_terminal,,,,,True,True,,
915.0,1029.0,355.0,462.0,12,LED,,,,0.9196,,,,20,,,,horizontal,,,,,,,12.1,,,12.1,,,,,,,,,,,,,,2,,,,component:20:12.1,Component,,,,,,,,,,,,,,,,,,,,,,,two_terminal,,,,,True,True,,
1113.16,1195.98,577.34,640.33,9,GND,,,,0.7826,,,,20,,,top,up,,,,,,,9.4,,,9.4,,,,,,,,,,,,,,1,,,,component:20:9.4,Component,,,,,,,,,,,,,,,,,,,,,,,one_terminal,,,,,True,True,,
,,,,,,9,GND,component:20:9.1,,,,,20,t1,9.1:t1,top,up,,,,,,,9.1,,False,9.1:t1,ok,1.0,matched_preferred,[],N1,,1,False,,,,,,,,,,terminal:20:9.1:t1,Terminal,,,False,N1,1,top,directional,directional_primary,"[44, 661, 57, 685]",,,,,,,,,,49,679,,,,9.1:t1,t1,"{""point_mode"": ""one_terminal_axis_center"", ""anchor_offset_ratio"": 0.5}",two_terminal_side_peak,,,50.33,679.14
,,,,,,25,Switch,component:20:25.1,,,,,20,t1,25.1:t1,,horizontal,,,,,,,25.1,,False,25.1:t1,ok,1.0,matched_preferred,[],N1,,1,False,,,,,,,,,,terminal:20:25.1:t1,Terminal,,,False,N1,1,left,directional,directional_primary,"[20, 531, 73, 556]",,,,,,,,,,62,542,,,,25.1:t1,t1,"{""point_mode"": ""side_peak_outside"", ""scan_axis"": ""y"", ""relative_position"": ""left"", ""scan_start"": 521, ""scan_end"": 611, ""scan_margin"": 9, ""probe_halfspan"": 6, ""probe_out_len"": 12, ""probe_inset"": 1, ""peak_coord"": 543, ""anchor_offset_ratio"": 0.287, ""max_score"": 112, ""keep_threshold"": 95, ""selected_run_start"": 18, ""selected_run_end"": 25, ""selected_run_length"": 8, ""selected_run_score"": 112}",two_terminal_side_peak,,,62.0,543.0
,,,,,,25,Switch,component:20:25.1,,,,,20,t2,25.1:t2,,horizontal,,,,,,,25.1,,False,25.1:t2,ok,1.0,matched_preferred,[],N2,,2,False,,,,,,,,,,terminal:20:25.1:t2,Terminal,,,False,N2,2,right,directional,directional_primary,"[220, 531, 273, 556]",,,,,,,,,,230,542,,,,25.1:t2,t2,"{""point_mode"": ""side_peak_outside"", ""scan_axis"": ""y"", ""relative_position"": ""right"", ""scan_start"": 521, ""scan_end"": 611, ""scan_margin"": 9, ""probe_halfspan"": 6, ""probe_out_len"": 12, ""probe_inset"": 1, ""peak_coord"": 543, ""anchor_offset_ratio"": 0.287, ""max_score"": 112, ""keep_threshold"": 95, ""selected_run_start"": 18, ""selected_run_end"": 25, ""selected_run_length"": 8, ""selected_run_score"": 112}",two_terminal_side_peak,,,230.0,543.0
,,,,,,9,GND,component:20:9.2,,,,,20,t1,9.2:t1,top,up,,,,,,,9.2,,False,9.2:t1,ok,1.0,matched_preferred,[],N3,,3,False,,,,,,,,,,terminal:20:9.2:t1,Terminal,,,False,N3,3,top,directional,directional_primary,"[239, 688, 252, 712]",,,,,,,,,,244,706,,,,9.2:t1,t1,"{""point_mode"": ""one_terminal_axis_center"", ""anchor_offset_ratio"": 0.5}",two_terminal_side_peak,,,244.7,706.25
,,,,,,5,Connector,component:20:5.1,,,,,20,pin1,5.1:pin1,,vertical,,,,,,,5.1,,False,5.1:pin1,ok,0.0,matched_preferred,[],N4,,4,False,,,,,,,,,,terminal:20:5.1:pin1,Terminal,,,False,N4,4,right,directional,directional_primary,"[422, 278, 441, 289]",,,,,,,,,,426,283,,,,5.1:pin1,pin1,"{""point_mode"": ""bbox_side_anchor_ratio"", ""anchor_offset_ratio"": 0.11}",bbox_side_center,,,426.01,282.88
,,,,,,5,Connector,component:20:5.1,,,,,20,pin2,5.1:pin2,,vertical,,,,,,,5.1,,False,5.1:pin2,ok,0.0,matched_preferred,[],N5,,5,False,,,,,,,,,,terminal:20:5.1:pin2,Terminal,,,False,N5,5,right,directional,directional_primary,"[422, 408, 441, 419]",,,,,,,,,,426,413,,,,5.1:pin2,pin2,"{""point_mode"": ""bbox_side_anchor_ratio"", ""anchor_offset_ratio"": 0.3654}",bbox_side_center,,,426.01,413.0
,,,,,,5,Connector,component:20:5.1,,,,,20,pin3,5.1:pin3,,vertical,,,,,,,5.1,,False,5.1:pin3,ok,0.0,matched_preferred,[],N2,,2,False,,,,,,,,,,terminal:20:5.1:pin3,Terminal,,,False,N2,2,left,directional,directional_primary,"[302, 538, 321, 549]",,,,,,,,,,316,543,,,,5.1:pin3,pin3,"{""point_mode"": ""bbox_side_anchor_ratio"", ""anchor_offset_ratio"": 0.6208}",bbox_side_center,,,315.95,543.12
,,,,,,5,Connector,component:20:5.1,,,,,20,pin4,5.1:pin4,,vertical,,,,,,,5.1,,False,5.1:pin4,ok,0.0,matched_preferred,[],N3,,3,False,,,,,,,,,,terminal:20:5.1:pin4,Terminal,,,False,N3,3,left,directional,directional_primary,"[302, 668, 321, 679]",,,,,,,,,,316,673,,,,5.1:pin4,pin4,"{""point_mode"": ""bbox_side_anchor_ratio"", ""anchor_offset_ratio"": 0.8762}",bbox_side_center,,,315.95,673.24
,,,,,,28,Transformer,component:20:28.1,,,,,20,t1,28.1:t1,,horizontal,,,,,,,28.1,,False,28.1:t1,ok,0.0,matched_preferred,[],N6,,6,False,,,,,,,,,,terminal:20:28.1:t1,Terminal,,,False,N6,6,top,directional,directional_primary,"[562, 14, 599, 59]",,,,,,,,,,580,50,,,,28.1:t1,t1,"{""point_mode"": ""strategy_absolute_point"", ""point_source"": ""term_def.point""}",strategy_absolute_point,,,580.0,50.0
,,,,,,28,Transformer,component:20:28.1,,,,,20,t2,28.1:t2,,horizontal,,,,,,,28.1,,False,28.1:t2,ok,1.0,matched_preferred,[],N6,,6,False,,,,,,,,,,terminal:20:28.1:t2,Terminal,,,False,N6,6,top,directional,directional_primary,"[594, 14, 631, 59]",,,,,,,,,,612,51,,,,28.1:t2,t2,"{""point_mode"": ""strategy_absolute_point"", ""point_source"": ""term_def.point""}",strategy_absolute_point,,,612.0,50.0
,,,,,,28,Transformer,component:20:28.1,,,,,20,t3,28.1:t3,,horizontal,,,,,,,28.1,,False,28.1:t3,ok,3.162,matched_preferred,[],N4,,4,False,,,,,,,,,,terminal:20:28.1:t3,Terminal,,,False,N4,4,left,directional,directional_primary,"[477, 261, 522, 298]",,,,,,,,,,514,282,,,,28.1:t3,t3,"{""point_mode"": ""strategy_absolute_point"", ""point_source"": ""term_def.point""}",strategy_absolute_point,,,513.0,279.0
,,,,,,28,Transformer,component:20:28.1,,,,,20,t4,28.1:t4,,horizontal,,,,,,,28.1,,False,28.1:t4,ok,3.162,matched_preferred,[],N7,,7,False,,,,,,,,,,terminal:20:28.1:t4,Terminal,,,False,N7,7,right,directional,directional_primary,"[673, 261, 718, 298]",,,,,,,,,,680,282,,,,28.1:t4,t4,"{""point_mode"": ""strategy_absolute_point"", ""point_source"": ""term_def.point""}",strategy_absolute_point,,,681.0,279.0
,,,,,,22,Resistor,component:20:22.1,,,,,20,t1,22.1:t1,,horizontal,,,,,,,22.1,,False,22.1:t1,ok,4.0,matched_preferred,[],N5,,5,False,,,,,,,,,,terminal:20:22.1:t1,Terminal,,,False,N5,5,left,directional,directional_primary,"[541, 410, 565, 423]",,,,,,,,,,559,412,,,,22.1:t1,t1,"{""point_mode"": ""bbox_side_center"", ""anchor_offset_ratio"": 0.4999}",bbox_side_center,,,559.44,416.0
,,,,,,22,Resistor,component:20:22.1,,,,,20,t2,22.1:t2,,horizontal,,,,,,,22.1,,False,22.1:t2,ok,4.0,matched_preferred,[],N8,,8,False,,,,,,,,,,terminal:20:22.1:t2,Terminal,,,False,N8,8,right,directional,directional_primary,"[728, 410, 752, 423]",,,,,,,,,,733,412,,,,22.1:t2,t2,"{""point_mode"": ""bbox_side_center"", ""anchor_offset_ratio"": 0.4999}",bbox_side_center,,,732.99,416.0
,,,,,,0,Analog_Meter,component:20:0.1,,,,,20,t1,0.1:t1,,horizontal,,,,,,,0.1,,False,0.1:t1,ok,71.561,matched_single,"[""no_preferred_net_from_05"", ""matched_without_preferred_label"", ""used_fallback_search""]",N7,,7,False,,,,,,,,,,terminal:20:0.1:t1,Terminal,,,False,,,bottom,circle,circle_fallback,"[723, 163, 884, 324]",,,,,,,,,,743,282,,,,0.1:t1,t1,"{""point_mode"": ""strategy_absolute_point"", ""point_source"": ""term_def.point""}",strategy_absolute_point,,,802.6,242.8
,,,,,,0,Analog_Meter,component:20:0.1,,,,,20,t2,0.1:t2,,horizontal,,,,,,,0.1,,False,0.1:t2,ok,26.0,matched_single,"[""no_preferred_net_from_05"", ""matched_without_preferred_label"", ""used_circle_search""]",N8,,8,False,,,,,,,,,,terminal:20:0.1:t2,Terminal,,,False,,,bottom,circle,circle_primary,"[873, 234, 938, 299]",,,,,,,,,,895,290,,,,0.1:t2,t2,"{""point_mode"": ""strategy_absolute_point"", ""point_source"": ""term_def.point""}",strategy_absolute_point,,,904.6,265.6
,,,,,,9,GND,component:20:9.3,,,,,20,t1,9.3:t1,top,up,,,,,,,9.3,,False,9.3:t1,ok,2.0,matched_preferred,[],N8,,8,False,,,,,,,,,,terminal:20:9.3:t1,Terminal,,,False,N8,8,top,directional,directional_primary,"[890, 441, 903, 465]",,,,,,,,,,894,459,,,,9.3:t1,t1,"{""point_mode"": ""one_terminal_axis_center"", ""anchor_offset_ratio"": 0.5}",two_terminal_side_peak,,,895.75,458.91
,,,,,,12,LED,component:20:12.1,,,,,20,anode,12.1:anode,,horizontal,,,,,,,12.1,,False,12.1:anode,ok,0.0,matched_preferred,[],N8,,8,False,,,,,,,,,,terminal:20:12.1:t1,Terminal,,,False,N8,8,left,directional,directional_primary,"[893, 407, 917, 420]",0.1635,,symbol_heuristic,anode,diode_cathode_from_bar,polarity,other_side,12.1:anode,anode,911,413,,,,12.1:t1,t1,"{""point_mode"": ""side_peak_outside"", ""scan_axis"": ""y"", ""relative_position"": ""left"", ""scan_start"": 364, ""scan_end"": 453, ""scan_margin"": 9, ""probe_halfspan"": 6, ""probe_out_len"": 12, ""probe_inset"": 1, ""peak_coord"": 413, ""anchor_offset_ratio"": 0.5421, ""max_score"": 98, ""keep_threshold"": 83, ""selected_run_start"": 45, ""selected_run_end"": 53, ""selected_run_length"": 9, ""selected_run_score"": 98}",two_terminal_side_peak,,,911.0,413.0
,,,,,,12,LED,component:20:12.1,,,,,20,cathode,12.1:cathode,,horizontal,,,,,,,12.1,,False,12.1:cathode,ok,0.0,matched_preferred,[],N9,,9,False,,,,,,,,,,terminal:20:12.1:t2,Terminal,,,False,N9,9,right,directional,directional_primary,"[1028, 407, 1052, 420]",0.1635,,symbol_heuristic,cathode,diode_cathode_from_bar,polarity,marker_side,12.1:cathode,cathode,1033,413,,,,12.1:t2,t2,"{""point_mode"": ""side_peak_outside"", ""scan_axis"": ""y"", ""relative_position"": ""right"", ""scan_start"": 364, ""scan_end"": 453, ""scan_margin"": 9, ""probe_halfspan"": 6, ""probe_out_len"": 12, ""probe_inset"": 1, ""peak_coord"": 413, ""anchor_offset_ratio"": 0.5421, ""max_score"": 98, ""keep_threshold"": 83, ""selected_run_start"": 45, ""selected_run_end"": 53, ""selected_run_length"": 9, ""selected_run_score"": 98}",two_terminal_side_peak,,,1033.0,413.0
,,,,,,9,GND,component:20:9.4,,,,,20,t1,9.4:t1,top,up,,,,,,,9.4,,False,9.4:t1,ok,1.0,matched_preferred,[],N9,,9,False,,,,,,,,,,terminal:20:9.4:t1,Terminal,,,False,N9,9,top,directional,directional_primary,"[1149, 555, 1162, 579]",,,,,,,,,,1154,573,,,,9.4:t1,t1,"{""point_mode"": ""one_terminal_axis_center"", ""anchor_offset_ratio"": 0.5}",two_terminal_side_peak,,,1154.57,573.34
49,66,542,693,,,,,,,[],"[""25.1:t1"", ""9.1:t1""]","[""25.1:t1"", ""9.1:t1""]",20,,,,,,,,,,,,False,,N1,,,,,,,,,[14],,2,,,,,N1,1,net:20:N1,Net,167,,,,,,,,,,,,,,,,,,,,,14,,,,,,,,,
224,321,533,544,,,,,,,[],"[""25.1:t2"", ""5.1:pin3""]","[""25.1:t2"", ""5.1:pin3""]",20,,,,,,,,,,,,False,,N2,,,,,,,,,[13],,2,,,,,N2,2,net:20:N2,Net,116,,,,,,,,,,,,,,,,,,,,,13,,,,,,,,,
244,321,654,722,,,,,,,[],"[""5.1:pin4"", ""9.2:t1""]","[""5.1:pin4"", ""9.2:t1""]",20,,,,,,,,,,,,False,,N3,,,,,,,,,[15],,2,,,,,N3,3,net:20:N3,Net,146,,,,,,,,,,,,,,,,,,,,,15,,,,,,,,,
421,519,280,283,,,,,,,[],"[""28.1:t3"", ""5.1:pin1""]","[""28.1:t3"", ""5.1:pin1""]",20,,,,,,,,,,,,False,,N4,,,,,,,,,[5],,2,,,,,N4,4,net:20:N4,Net,99,,,,,,,,,,,,,,,,,,,,,5,,,,,,,,,
421,577,412,416,,,,,,,[],"[""22.1:t1"", ""5.1:pin2""]","[""22.1:t1"", ""5.1:pin2""]",20,,,,,,,,,,,,False,,N5,,,,,,,,,[10],,2,,,,,N5,5,net:20:N5,Net,157,,,,,,,,,,,,,,,,,,,,,10,,,,,,,,,
568,617,21,51,,,,,,,[],"[""28.1:t1"", ""28.1:t2""]","[""28.1:t1"", ""28.1:t2""]",20,,,,,,,,,,,,False,,N6,,,,,,,,,[1],,2,,,,,N6,6,net:20:N6,Net,111,,,,,,,,,,,,,,,,,,,,,1,,,,,,,,,
676,743,281,283,,,,,,,[],"[""28.1:t4""]","[""28.1:t4""]",20,,,,,,,,,,,,False,,N7,,,,,,,,,[6],,1,,,,,N7,7,net:20:N7,Net,68,,,,,,,,,,,,,,,,,,,,,6,,,,,,,,,
717,925,290,475,,,,,,,"[""anode""]","[""12.1:anode"", ""22.1:t2"", ""9.3:t1""]","[""12.1:t1"", ""22.1:t2"", ""9.3:t1""]",20,,,,,,,,,,,,False,,N8,,,,,,,,,[7],,3,,,,,N8,8,net:20:N8,Net,397,,,,,,,,,,,,,,,,,,,,,7,,,,,,,,,
1019,1155,413,587,,,,,,,"[""cathode""]","[""12.1:cathode"", ""9.4:t1""]","[""12.1:t2"", ""9.4:t1""]",20,,,,,,,,,,,,False,,N9,,,,,,,,,[11],,2,,,,,N9,9,net:20:N9,Net,309,,,,,,,,,,,,,,,,,,,,,11,,,,,,,,,
,,,,,,,,,,,,,21,,,,,903,21.png,C:\Users\m.profilo\Desktop\tesi_diagrams_yolo\data\batch_v9_1_primo_set_analog_meter_connector_transformer\21.png,1190,,,,,,21,,,,,,,,,,9,,19,10,,19,,,diagram:21,Diagram,,,,,,,,,,,,,,,,,,,,,06_match_terminals_to_nets,,,,,,,,,,
173.94,255.33,97.04,211.55,2,Battery,,,,0.3681,,,,21,,,,horizontal,,,,,,,2.1,,,2.1,,,,,,,,,,,,,,2,,,,component:21:2.1,Component,,,,,,,,,,,,,,,,,,,,,,,two_terminal,,,,,True,True,,
363.66,449.24,579.64,637.79,9,GND,,,,0.8063,,,,21,,,top,up,,,,,,,9.1,,,9.1,,,,,,,,,,,,,,1,,,,component:21:9.1,Component,,,,,,,,,,,,,,,,,,,,,,,one_terminal,,,,,True,True,,
471.35,583.98,97.06,600.84,5,Connector,,,,0.8546,,,,21,,,,vertical,,,,,,,5.1,,,5.1,,,,,,,,,,,,,,4,,,,component:21:5.1,Component,,,,,,,,,,,,,,,,,,,,,,,multi_terminal,,,,,True,True,,
649.43,735.86,836.67,899.13,9,GND,,,,0.7968,,,,21,,,top,up,,,,,,,9.2,,,9.2,,,,,,,,,,,,,,1,,,,component:21:9.2,Component,,,,,,,,,,,,,,,,,,,,,,,one_terminal,,,,,True,True,,
648.83,737.06,574.15,643.07,4,Capacitor,,,,0.8364,,,,21,,,,vertical,,,,,,,4.1,,,4.1,,,,,,,,,,,,,,2,,,,component:21:4.1,Component,,,,,,,,,,,,,,,,,,,,,,,two_terminal,,,,,True,True,,
665.63,803.04,56.56,290.69,28,Transformer,,,,0.8339,,,,21,,,,vertical,,,,,,,28.1,,,28.1,,,,,,,,,,,,,,4,,,,component:21:28.1,Component,,,,,,,,,,,,,,,,,,,,,,,multi_terminal,,,,,True,True,,
798.42,955.58,240.48,330.61,22,Resistor,,,,0.8628,,,,21,,,,horizontal,,,,,,,22.1,,,22.1,,,,,,,,,,,,,,2,,,,component:21:22.1,Component,,,,,,,,,,,,,,,,,,,,,,,two_terminal,,,,,True,True,,
975.4,1061.36,564.91,626.07,9,GND,,,,0.8021,,,,21,,,top,up,,,,,,,9.3,,,9.3,,,,,,,,,,,,,,1,,,,component:21:9.3,Component,,,,,,,,,,,,,,,,,,,,,,,one_terminal,,,,,True,True,,
982.0,1170.0,286.0,474.0,0,Analog_Meter,,,,0.58,,,,21,,,,vertical,,,,,,,0.1,,,0.1,,,,,,,,,,,,,,2,,,,component:21:0.1,Component,,,,,,,,,,,,,,,,,,,,,,,two_terminal,,,,,True,True,,
,,,,,,2,Battery,component:21:2.1,,,,,21,negative,2.1:negative,,horizontal,,,,,,,2.1,,False,2.1:negative,ok,1.0,matched_preferred,[],N1,,1,False,,,,,,,,,,terminal:21:2.1:t1,Terminal,,,False,N1,1,left,directional,directional_primary,"[152, 148, 176, 161]",0.127,,symbol_heuristic,negative,battery_positive_from_long_plate,polarity,other_side,2.1:negative,negative,170,153,,,,2.1:t1,t1,"{""point_mode"": ""bbox_side_center"", ""anchor_offset_ratio"": 0.5}",bbox_side_center,,,169.94,154.3
,,,,,,2,Battery,component:21:2.1,,,,,21,positive,2.1:positive,,horizontal,,,,,,,2.1,,False,2.1:positive,ok,1.0,matched_preferred,[],N2,,2,False,,,,,,,,,,terminal:21:2.1:t2,Terminal,,,False,N2,2,right,directional,directional_primary,"[254, 148, 278, 161]",0.127,,symbol_heuristic,positive,battery_positive_from_long_plate,polarity,marker_side,2.1:positive,positive,259,153,,,,2.1:t2,t2,"{""point_mode"": ""bbox_side_center"", ""anchor_offset_ratio"": 0.5}",bbox_side_center,,,259.33,154.3
,,,,,,9,GND,component:21:9.1,,,,,21,t1,9.1:t1,top,up,,,,,,,9.1,,False,9.1:t1,ok,1.0,matched_preferred,[],N3,,3,False,,,,,,,,,,terminal:21:9.1:t1,Terminal,,,False,N3,3,top,directional,directional_primary,"[400, 558, 413, 582]",,,,,,,,,,407,576,,,,9.1:t1,t1,"{""point_mode"": ""one_terminal_axis_center"", ""anchor_offset_ratio"": 0.5}",two_terminal_side_peak,,,406.45,575.64
,,,,,,5,Connector,component:21:5.1,,,,,21,pin1,5.1:pin1,,vertical,,,,,,,5.1,,False,5.1:pin1,ok,0.0,matched_preferred,[],N2,,2,False,,,,,,,,,,terminal:21:5.1:pin1,Terminal,,,False,N2,2,left,directional,directional_primary,"[453, 148, 472, 159]",,,,,,,,,,467,153,,,,5.1:pin1,pin1,"{""point_mode"": ""bbox_side_anchor_ratio"", ""anchor_offset_ratio"": 0.1111}",bbox_side_center,,,467.35,153.03
,,,,,,5,Connector,component:21:5.1,,,,,21,pin2,5.1:pin2,,vertical,,,,,,,5.1,,False,5.1:pin2,ok,0.0,matched_preferred,[],N4,,4,False,,,,,,,,,,terminal:21:5.1:pin2,Terminal,,,False,N4,4,right,directional,directional_primary,"[584, 278, 603, 289]",,,,,,,,,,588,283,,,,5.1:pin2,pin2,"{""point_mode"": ""bbox_side_anchor_ratio"", ""anchor_offset_ratio"": 0.369}",bbox_side_center,,,587.98,282.95
,,,,,,5,Connector,component:21:5.1,,,,,21,pin3,5.1:pin3,,vertical,,,,,,,5.1,,False,5.1:pin3,ok,0.0,matched_preferred,[],N5,,5,False,,,,,,,,,,terminal:21:5.1:pin3,Terminal,,,False,N5,5,right,directional,directional_primary,"[584, 408, 603, 419]",,,,,,,,,,588,413,,,,5.1:pin3,pin3,"{""point_mode"": ""bbox_side_anchor_ratio"", ""anchor_offset_ratio"": 0.627}",bbox_side_center,,,587.98,412.93
,,,,,,5,Connector,component:21:5.1,,,,,21,pin4,5.1:pin4,,vertical,,,,,,,5.1,,False,5.1:pin4,ok,0.0,matched_preferred,[],N3,,3,False,,,,,,,,,,terminal:21:5.1:pin4,Terminal,,,False,N3,3,left,directional,directional_primary,"[453, 538, 472, 549]",,,,,,,,,,467,543,,,,5.1:pin4,pin4,"{""point_mode"": ""bbox_side_anchor_ratio"", ""anchor_offset_ratio"": 0.8849}",bbox_side_center,,,467.35,542.85
,,,,,,9,GND,component:21:9.2,,,,,21,t1,9.2:t1,top,up,,,,,,,9.2,,False,9.2:t1,ok,0.0,matched_preferred,[],N6,,6,False,,,,,,,,,,terminal:21:9.2:t1,Terminal,,,False,N6,6,top,directional,directional_primary,"[687, 815, 700, 839]",,,,,,,,,,693,833,,,,9.2:t1,t1,"{""point_mode"": ""one_terminal_axis_center"", ""anchor_offset_ratio"": 0.5}",two_terminal_side_peak,,,692.64,832.67
,,,,,,4,Capacitor,component:21:4.1,,,,,21,t1,4.1:t1,,vertical,,,,,,,4.1,,False,4.1:t1,ok,0.0,matched_preferred,[],N5,,5,False,,,,,,,,,,terminal:21:4.1:t1,Terminal,,,False,N5,5,top,directional,directional_primary,"[687, 552, 700, 576]",,,,,,,,,,693,570,,,,4.1:t1,t1,"{""point_mode"": ""bbox_side_center"", ""anchor_offset_ratio"": 0.4999}",bbox_side_center,,,692.94,570.15
,,,,,,4,Capacitor,component:21:4.1,,,,,21,t2,4.1:t2,,vertical,,,,,,,4.1,,False,4.1:t2,ok,0.0,matched_preferred,[],N6,,6,False,,,,,,,,,,terminal:21:4.1:t2,Terminal,,,False,N6,6,bottom,directional,directional_primary,"[687, 642, 700, 666]",,,,,,,,,,693,647,,,,4.1:t2,t2,"{""point_mode"": ""bbox_side_center"", ""anchor_offset_ratio"": 0.4999}",bbox_side_center,,,692.94,647.07
,,,,,,28,Transformer,component:21:28.1,,,,,21,t1,28.1:t1,,vertical,,,,,,,28.1,,False,28.1:t1,ok,3.162,matched_preferred,[],N7,,7,False,,,,,,,,,,terminal:21:28.1:t1,Terminal,,,False,N7,7,top,directional,directional_primary,"[682, 17, 719, 62]",,,,,,,,,,699,50,,,,28.1:t1,t1,"{""point_mode"": ""strategy_absolute_point"", ""point_source"": ""term_def.point""}",strategy_absolute_point,,,700.0,53.0
,,,,,,28,Transformer,component:21:28.1,,,,,21,t2,28.1:t2,,vertical,,,,,,,28.1,,False,28.1:t2,ok,5.0,matched_preferred,[],N7,,7,False,,,,,,,,,,terminal:21:28.1:t2,Terminal,,,False,N7,7,top,directional,directional_primary,"[743, 17, 780, 62]",,,,,,,,,,758,49,,,,28.1:t2,t2,"{""point_mode"": ""strategy_absolute_point"", ""point_source"": ""term_def.point""}",strategy_absolute_point,,,761.0,53.0
,,,,,,28,Transformer,component:21:28.1,,,,,21,t3,28.1:t3,,vertical,,,,,,,28.1,,False,28.1:t3,ok,2.0,matched_preferred,[],N4,,4,False,,,,,,,,,,terminal:21:28.1:t3,Terminal,,,False,N4,4,left,directional,directional_primary,"[626, 263, 671, 300]",,,,,,,,,,662,283,,,,28.1:t3,t3,"{""point_mode"": ""strategy_absolute_point"", ""point_source"": ""term_def.point""}",strategy_absolute_point,,,662.0,281.0
,,,,,,28,Transformer,component:21:28.1,,,,,21,t4,28.1:t4,,vertical,,,,,,,28.1,,False,28.1:t4,ok,2.828,matched_preferred,[],N8,,8,False,,,,,,,,,,terminal:21:28.1:t4,Terminal,,,False,N8,8,right,directional,directional_primary,"[799, 261, 844, 298]",,,,,,,,,,809,281,,,,28.1:t4,t4,"{""point_mode"": ""strategy_absolute_point"", ""point_source"": ""term_def.point""}",strategy_absolute_point,,,807.0,279.0
,,,,,,22,Resistor,component:21:22.1,,,,,21,t1,22.1:t1,,horizontal,,,,,,,22.1,,False,22.1:t1,ok,4.0,matched_preferred,[],N8,,8,False,,,,,,,,,,terminal:21:22.1:t1,Terminal,,,False,N8,8,left,directional,directional_primary,"[776, 280, 800, 293]",,,,,,,,,,794,282,,,,22.1:t1,t1,"{""point_mode"": ""bbox_side_center"", ""anchor_offset_ratio"": 0.5001}",bbox_side_center,,,794.42,285.55
,,,,,,22,Resistor,component:21:22.1,,,,,21,t2,22.1:t2,,horizontal,,,,,,,22.1,,False,22.1:t2,ok,4.0,matched_preferred,[],N9,,9,False,,,,,,,,,,terminal:21:22.1:t2,Terminal,,,False,N9,9,right,directional,directional_primary,"[955, 280, 979, 293]",,,,,,,,,,960,282,,,,22.1:t2,t2,"{""point_mode"": ""bbox_side_center"", ""anchor_offset_ratio"": 0.5001}",bbox_side_center,,,959.58,285.55
,,,,,,9,GND,component:21:9.3,,,,,21,t1,9.3:t1,top,up,,,,,,,9.3,,False,9.3:t1,ok,0.0,matched_preferred,[],N10,,10,False,,,,,,,,,,terminal:21:9.3:t1,Terminal,,,False,N10,10,top,directional,directional_primary,"[1012, 543, 1025, 567]",,,,,,,,,,1018,561,,,,9.3:t1,t1,"{""point_mode"": ""one_terminal_axis_center"", ""anchor_offset_ratio"": 0.5}",two_terminal_side_peak,,,1018.38,560.91
,,,,,,0,Analog_Meter,component:21:0.1,,,,,21,t1,0.1:t1,,vertical,,,,,,,0.1,,False,0.1:t1,ok,63.891,matched_single,"[""no_preferred_net_from_05"", ""matched_without_preferred_label"", ""used_fallback_search""]",N9,,9,False,,,,,,,,,,terminal:21:0.1:t1,Terminal,,,False,,,left,circle,circle_fallback,"[937, 255, 1098, 416]",,,,,,,,,,976,286,,,,0.1:t1,t1,"{""point_mode"": ""strategy_absolute_point"", ""point_source"": ""term_def.point""}",strategy_absolute_point,,,1017.4,334.6
,,,,,,0,Analog_Meter,component:21:0.1,,,,,21,t2,0.1:t2,,vertical,,,,,,,0.1,,False,0.1:t2,ok,63.198,matched_single,"[""no_preferred_net_from_05"", ""matched_without_preferred_label"", ""used_fallback_search""]",N10,,10,False,,,,,,,,,,terminal:21:0.1:t2,Terminal,,,False,,,left,circle,circle_fallback,"[944, 342, 1105, 503]",,,,,,,,,,1019,485,,,,0.1:t2,t2,"{""point_mode"": ""strategy_absolute_point"", ""point_source"": ""term_def.point""}",strategy_absolute_point,,,1024.0,422.0
18,185,153,154,,,,,,,"[""negative""]","[""2.1:negative""]","[""2.1:t1""]",21,,,,,,,,,,,,False,,N1,,,,,,,,,[4],,1,,,,,N1,1,net:21:N1,Net,168,,,,,,,,,,,,,,,,,,,,,4,,,,,,,,,
244,472,152,154,,,,,,,"[""positive""]","[""2.1:positive"", ""5.1:pin1""]","[""2.1:t2"", ""5.1:pin1""]",21,,,,,,,,,,,,False,,N2,,,,,,,,,[5],,2,,,,,N2,2,net:21:N2,Net,229,,,,,,,,,,,,,,,,,,,,,5,,,,,,,,,
405,472,542,591,,,,,,,[],"[""5.1:pin4"", ""9.1:t1""]","[""5.1:pin4"", ""9.1:t1""]",21,,,,,,,,,,,,False,,N3,,,,,,,,,[15],,2,,,,,N3,3,net:21:N3,Net,113,,,,,,,,,,,,,,,,,,,,,15,,,,,,,,,
583,668,281,283,,,,,,,[],"[""28.1:t3"", ""5.1:pin2""]","[""28.1:t3"", ""5.1:pin2""]",21,,,,,,,,,,,,False,,N4,,,,,,,,,[9],,2,,,,,N4,4,net:21:N4,Net,86,,,,,,,,,,,,,,,,,,,,,9,,,,,,,,,
583,693,413,584,,,,,,,[],"[""4.1:t1"", ""5.1:pin3""]","[""4.1:t1"", ""5.1:pin3""]",21,,,,,,,,,,,,False,,N5,,,,,,,,,[12],,2,,,,,N5,5,net:21:N5,Net,281,,,,,,,,,,,,,,,,,,,,,12,,,,,,,,,
693,693,634,847,,,,,,,[],"[""4.1:t2"", ""9.2:t1""]","[""4.1:t2"", ""9.2:t1""]",21,,,,,,,,,,,,False,,N6,,,,,,,,,[16],,2,,,,,N6,6,net:21:N6,Net,214,,,,,,,,,,,,,,,,,,,,,16,,,,,,,,,
699,764,22,50,,,,,,,[],"[""28.1:t1"", ""28.1:t2""]","[""28.1:t1"", ""28.1:t2""]",21,,,,,,,,,,,,False,,N7,,,,,,,,,[1],,2,,,,,N7,7,net:21:N7,Net,120,,,,,,,,,,,,,,,,,,,,,1,,,,,,,,,
780,814,274,285,,,,,,,[],"[""22.1:t1"", ""28.1:t4""]","[""22.1:t1"", ""28.1:t4""]",21,,,,,,,,,,,,False,,N8,,,,,,,,,[8],,2,,,,,N8,8,net:21:N8,Net,40,,,,,,,,,,,,,,,,,,,,,8,,,,,,,,,
944,976,282,286,,,,,,,[],"[""22.1:t2""]","[""22.1:t2""]",21,,,,,,,,,,,,False,,N9,,,,,,,,,[10],,1,,,,,N9,9,net:21:N9,Net,33,,,,,,,,,,,,,,,,,,,,,10,,,,,,,,,
1018,1019,485,575,,,,,,,[],"[""9.3:t1""]","[""9.3:t1""]",21,,,,,,,,,,,,False,,N10,,,,,,,,,[14],,1,,,,,N10,10,net:21:N10,Net,91,,,,,,,,,,,,,,,,,,,,,14,,,,,,,,,
,,,,,,,,,,,,,23,,,,,890,23.png,C:\Users\m.profilo\Desktop\tesi_diagrams_yolo\data\batch_v9_1_primo_set_analog_meter_connector_transformer\23.png,1015,,,,,,23,,,,,,,,,,9,,15,8,,16,,,diagram:23,Diagram,,,,,,,,,,,,,,,,,,,,,06_match_terminals_to_nets,,,,,,,,,,
9.33,92.95,670.17,731.62,9,GND,,,,0.7984,,,,23,,,top,up,,,,,,,9.1,,,9.1,,,,,,,,,,,,,,1,,,,component:23:9.1,Component,,,,,,,,,,,,,,,,,,,,,,,one_terminal,,,,,True,True,,
58.14,224.07,501.15,605.41,25,Switch,,,,0.8503,,,,23,,,,horizontal,,,,,,,25.1,,,25.1,,,,,,,,,,,,,,2,,,,component:23:25.1,Component,,,,,,,,,,,,,,,,,,,,,,,two_terminal,,,,,True,True,,
215.3,300.13,699.02,755.9,9,GND,,,,0.8103,,,,23,,,top,up,,,,,,,9.2,,,9.2,,,,,,,,,,,,,,1,,,,component:23:9.2,Component,,,,,,,,,,,,,,,,,,,,,,,one_terminal,,,,,True,True,,
336.87,432.6,210.88,726.55,5,Connector,,,,0.8056,,,,23,,,,vertical,,,,,,,5.1,,,5.1,,,,,,,,,,,,,,4,,,,component:23:5.1,Component,,,,,,,,,,,,,,,,,,,,,,,multi_terminal,,,,,True,True,,
513.34,600.23,562.81,630.19,4,Capacitor,,,,0.8383,,,,23,,,,vertical,,,,,,,4.1,,,4.1,,,,,,,,,,,,,,2,,,,component:23:4.1,Component,,,,,,,,,,,,,,,,,,,,,,,two_terminal,,,,,True,True,,
515.26,599.31,825.28,886.78,9,GND,,,,0.7784,,,,23,,,top,up,,,,,,,9.3,,,9.3,,,,,,,,,,,,,,1,,,,component:23:9.3,Component,,,,,,,,,,,,,,,,,,,,,,,one_terminal,,,,,True,True,,
598.12,759.84,228.61,316.76,22,Resistor,,,,0.8684,,,,23,,,,horizontal,,,,,,,22.1,,,22.1,,,,,,,,,,,,,,2,,,,component:23:22.1,Component,,,,,,,,,,,,,,,,,,,,,,,two_terminal,,,,,True,True,,
785.79,1010.5,60.91,290.38,0,Analog_Meter,,,,0.8204,,,,23,,,,horizontal,,,,,,,0.1,,,0.1,,,,,,,,,,,,,,2,,,,component:23:0.1,Component,,,,,,,,,,,,,,,,,,,,,,,two_terminal,,,,,True,True,,
906.33,989.48,422.01,482.92,9,GND,,,,0.7893,,,,23,,,top,up,,,,,,,9.4,,,9.4,,,,,,,,,,,,,,1,,,,component:23:9.4,Component,,,,,,,,,,,,,,,,,,,,,,,one_terminal,,,,,True,True,,
,,,,,,9,GND,component:23:9.1,,,,,23,t1,9.1:t1,top,up,,,,,,,9.1,,False,9.1:t1,ok,2.0,matched_preferred,[],N1,,1,False,,,,,,,,,,terminal:23:9.1:t1,Terminal,,,False,N1,1,top,directional,directional_primary,"[45, 648, 58, 672]",,,,,,,,,,49,666,,,,9.1:t1,t1,"{""point_mode"": ""one_terminal_axis_center"", ""anchor_offset_ratio"": 0.5}",two_terminal_side_peak,,,51.14,666.17
,,,,,,25,Switch,component:23:25.1,,,,,23,t1,25.1:t1,,horizontal,,,,,,,25.1,,False,25.1:t1,ok,2.828,matched_preferred,[],N1,,1,False,,,,,,,,,,terminal:23:25.1:t1,Terminal,,,False,N1,1,left,directional,directional_primary,"[12, 520, 65, 545]",,,,,,,,,,56,530,,,,25.1:t1,t1,"{""point_mode"": ""side_peak_outside"", ""scan_axis"": ""y"", ""relative_position"": ""left"", ""scan_start"": 509, ""scan_end"": 597, ""scan_margin"": 8, ""probe_halfspan"": 6, ""probe_out_len"": 12, ""probe_inset"": 1, ""peak_coord"": 532, ""anchor_offset_ratio"": 0.2981, ""max_score"": 144, ""keep_threshold"": 122, ""selected_run_start"": 20, ""selected_run_end"": 26, ""selected_run_length"": 7, ""selected_run_score"": 144}",two_terminal_side_peak,,,54.0,532.0
,,,,,,25,Switch,component:23:25.1,,,,,23,t2,25.1:t2,,horizontal,,,,,,,25.1,,False,25.1:t2,ok,0.0,matched_preferred,[],N2,,2,False,,,,,,,,,,terminal:23:25.1:t2,Terminal,,,False,N2,2,right,directional,directional_primary,"[218, 517, 271, 542]",,,,,,,,,,228,529,,,,25.1:t2,t2,"{""point_mode"": ""side_peak_outside"", ""scan_axis"": ""y"", ""relative_position"": ""right"", ""scan_start"": 509, ""scan_end"": 597, ""scan_margin"": 8, ""probe_halfspan"": 6, ""probe_out_len"": 12, ""probe_inset"": 1, ""peak_coord"": 529, ""anchor_offset_ratio"": 0.2692, ""max_score"": 108, ""keep_threshold"": 92, ""selected_run_start"": 17, ""selected_run_end"": 24, ""selected_run_length"": 8, ""selected_run_score"": 108}",two_terminal_side_peak,,,228.0,529.0
,,,,,,9,GND,component:23:9.2,,,,,23,t1,9.2:t1,top,up,,,,,,,9.2,,False,9.2:t1,ok,1.0,matched_preferred,[],N3,,3,False,,,,,,,,,,terminal:23:9.2:t1,Terminal,,,False,N3,3,top,directional,directional_primary,"[252, 677, 265, 701]",,,,,,,,,,257,695,,,,9.2:t1,t1,"{""point_mode"": ""one_terminal_axis_center"", ""anchor_offset_ratio"": 0.5}",two_terminal_side_peak,,,257.72,695.02
,,,,,,5,Connector,component:23:5.1,,,,,23,pin1,5.1:pin1,,vertical,,,,,,,5.1,,False,5.1:pin1,ok,0.0,matched_preferred,[],N5,,5,False,,,,,,,,,,terminal:23:5.1:pin1,Terminal,,,False,N5,5,right,directional,directional_primary,"[433, 265, 452, 276]",,,,,,,,,,437,270,,,,5.1:pin1,pin1,"{""point_mode"": ""bbox_side_anchor_ratio"", ""anchor_offset_ratio"": 0.1143}",bbox_side_center,,,436.6,269.82
,,,,,,5,Connector,component:23:5.1,,,,,23,pin2,5.1:pin2,,vertical,,,,,,,5.1,,False,5.1:pin2,ok,0.0,matched_preferred,[],N4,,4,False,,,,,,,,,,terminal:23:5.1:pin2,Terminal,,,False,N4,4,right,directional,directional_primary,"[433, 395, 452, 406]",,,,,,,,,,437,400,,,,5.1:pin2,pin2,"{""point_mode"": ""bbox_side_anchor_ratio"", ""anchor_offset_ratio"": 0.3663}",bbox_side_center,,,436.6,399.77
,,,,,,5,Connector,component:23:5.1,,,,,23,pin3,5.1:pin3,,vertical,,,,,,,5.1,,False,5.1:pin3,ok,0.0,matched_preferred,[],N2,,2,False,,,,,,,,,,terminal:23:5.1:pin3,Terminal,,,False,N2,2,left,directional,directional_primary,"[319, 525, 338, 536]",,,,,,,,,,333,530,,,,5.1:pin3,pin3,"{""point_mode"": ""bbox_side_anchor_ratio"", ""anchor_offset_ratio"": 0.6182}",bbox_side_center,,,332.87,529.67
,,,,,,5,Connector,component:23:5.1,,,,,23,pin4,5.1:pin4,,vertical,,,,,,,5.1,,False,5.1:pin4,ok,0.0,matched_preferred,[],N3,,3,False,,,,,,,,,,terminal:23:5.1:pin4,Terminal,,,False,N3,3,left,directional,directional_primary,"[319, 655, 338, 666]",,,,,,,,,,333,660,,,,5.1:pin4,pin4,"{""point_mode"": ""bbox_side_anchor_ratio"", ""anchor_offset_ratio"": 0.8702}",bbox_side_center,,,332.87,659.62
,,,,,,4,Capacitor,component:23:4.1,,,,,23,t1,4.1:t1,,vertical,,,,,,,4.1,,False,4.1:t1,ok,1.0,matched_preferred,[],N4,,4,False,,,,,,,,,,terminal:23:4.1:t1,Terminal,,,False,N4,4,top,directional,directional_primary,"[551, 541, 564, 565]",,,,,,,,,,556,559,,,,4.1:t1,t1,"{""point_mode"": ""bbox_side_center"", ""anchor_offset_ratio"": 0.5001}",bbox_side_center,,,556.79,558.81
,,,,,,4,Capacitor,component:23:4.1,,,,,23,t2,4.1:t2,,vertical,,,,,,,4.1,,False,4.1:t2,ok,1.0,matched_preferred,[],N6,,6,False,,,,,,,,,,terminal:23:4.1:t2,Terminal,,,False,N6,6,bottom,directional,directional_primary,"[551, 629, 564, 653]",,,,,,,,,,556,634,,,,4.1:t2,t2,"{""point_mode"": ""bbox_side_center"", ""anchor_offset_ratio"": 0.5001}",bbox_side_center,,,556.79,634.19
,,,,,,9,GND,component:23:9.3,,,,,23,t1,9.3:t1,top,up,,,,,,,9.3,,False,9.3:t1,ok,1.0,matched_preferred,[],N6,,6,False,,,,,,,,,,terminal:23:9.3:t1,Terminal,,,False,N6,6,top,directional,directional_primary,"[551, 803, 564, 827]",,,,,,,,,,556,821,,,,9.3:t1,t1,"{""point_mode"": ""one_terminal_axis_center"", ""anchor_offset_ratio"": 0.5}",two_terminal_side_peak,,,557.28,821.28
,,,,,,22,Resistor,component:23:22.1,,,,,23,t1,22.1:t1,,horizontal,,,,,,,22.1,,False,22.1:t1,ok,4.0,matched_preferred,[],N5,,5,False,,,,,,,,,,terminal:23:22.1:t1,Terminal,,,False,N5,5,left,directional,directional_primary,"[576, 267, 600, 280]",,,,,,,,,,594,269,,,,22.1:t1,t1,"{""point_mode"": ""bbox_side_center"", ""anchor_offset_ratio"": 0.5001}",bbox_side_center,,,594.12,272.69
,,,,,,22,Resistor,component:23:22.1,,,,,23,t2,22.1:t2,,horizontal,,,,,,,22.1,,False,22.1:t2,ok,4.0,matched_preferred,[],N7,,7,False,,,,,,,,,,terminal:23:22.1:t2,Terminal,,,False,N7,7,right,directional,directional_primary,"[759, 267, 783, 280]",,,,,,,,,,764,269,,,,22.1:t2,t2,"{""point_mode"": ""bbox_side_center"", ""anchor_offset_ratio"": 0.5001}",bbox_side_center,,,763.84,272.69
,,,,,,0,Analog_Meter,component:23:0.1,,,,,23,t1,0.1:t1,,horizontal,,,,,,,0.1,,True,0.1:t1,unmatched,,unmatched,"[""unmatched_terminal""]",,,,False,,,,,,,,,,terminal:23:0.1:t1,Terminal,,,False,,,bottom,,,,,,,,,,,,,,,,,,0.1:t1,t1,"{""point_mode"": ""strategy_absolute_point"", ""point_source"": ""term_def.point""}",strategy_absolute_point,,,855.0,230.8
,,,,,,0,Analog_Meter,component:23:0.1,,,,,23,t2,0.1:t2,,horizontal,,,,,,,0.1,,False,0.1:t2,ok,49.649,matched_single,"[""no_preferred_net_from_05"", ""matched_without_preferred_label"", ""used_fallback_search""]",N8,,8,False,,,,,,,,,,terminal:23:0.1:t2,Terminal,,,False,,,bottom,directional,directional_fallback,"[914, 244, 949, 335]",,,,,,,,,,947,301,,,,0.1:t2,t2,"{""point_mode"": ""strategy_absolute_point"", ""point_source"": ""term_def.point""}",strategy_absolute_point,,,930.6,253.6
,,,,,,9,GND,component:23:9.4,,,,,23,t1,9.4:t1,top,up,,,,,,,9.4,,False,9.4:t1,ok,2.0,matched_preferred,[],N8,,8,False,,,,,,,,,,terminal:23:9.4:t1,Terminal,,,False,N8,8,top,directional,directional_primary,"[942, 400, 955, 424]",,,,,,,,,,946,418,,,,9.4:t1,t1,"{""point_mode"": ""one_terminal_axis_center"", ""anchor_offset_ratio"": 0.5}",two_terminal_side_peak,,,947.9,418.01
49,61,529,683,,,,,,,[],"[""25.1:t1"", ""9.1:t1""]","[""25.1:t1"", ""9.1:t1""]",23,,,,,,,,,,,,False,,N1,,,,,,,,,[13],,2,,,,,N1,1,net:23:N1,Net,166,,,,,,,,,,,,,,,,,,,,,13,,,,,,,,,
224,338,499,530,,,,,,,[],"[""25.1:t2"", ""5.1:pin3""]","[""25.1:t2"", ""5.1:pin3""]",23,,,,,,,,,,,,False,,N2,,,,,,,,,[12],,2,,,,,N2,2,net:23:N2,Net,151,,,,,,,,,,,,,,,,,,,,,12,,,,,,,,,
257,338,634,709,,,,,,,[],"[""5.1:pin4"", ""9.2:t1""]","[""5.1:pin4"", ""9.2:t1""]",23,,,,,,,,,,,,False,,N3,,,,,,,,,[15],,2,,,,,N3,3,net:23:N3,Net,160,,,,,,,,,,,,,,,,,,,,,15,,,,,,,,,
432,557,400,573,,,,,,,[],"[""4.1:t1"", ""5.1:pin2""]","[""4.1:t1"", ""5.1:pin2""]",23,,,,,,,,,,,,False,,N4,,,,,,,,,[10],,2,,,,,N4,4,net:23:N4,Net,297,,,,,,,,,,,,,,,,,,,,,10,,,,,,,,,
432,612,269,273,,,,,,,[],"[""22.1:t1"", ""5.1:pin1""]","[""22.1:t1"", ""5.1:pin1""]",23,,,,,,,,,,,,False,,N5,,,,,,,,,[5],,2,,,,,N5,5,net:23:N5,Net,181,,,,,,,,,,,,,,,,,,,,,5,,,,,,,,,
556,558,618,835,,,,,,,[],"[""4.1:t2"", ""9.3:t1""]","[""4.1:t2"", ""9.3:t1""]",23,,,,,,,,,,,,False,,N6,,,,,,,,,[14],,2,,,,,N6,6,net:23:N6,Net,218,,,,,,,,,,,,,,,,,,,,,14,,,,,,,,,
748,780,269,273,,,,,,,[],"[""22.1:t2""]","[""22.1:t2""]",23,,,,,,,,,,,,False,,N7,,,,,,,,,[6],,1,,,,,N7,7,net:23:N7,Net,33,,,,,,,,,,,,,,,,,,,,,6,,,,,,,,,
946,948,301,434,,,,,,,[],"[""9.4:t1""]","[""9.4:t1""]",23,,,,,,,,,,,,False,,N8,,,,,,,,,[7],,1,,,,,N8,8,net:23:N8,Net,134,,,,,,,,,,,,,,,,,,,,,7,,,,,,,,,
,,,,,,,,,,,,,24,,,,,927,24.png,C:\Users\m.profilo\Desktop\tesi_diagrams_yolo\data\batch_v9_1_primo_set_analog_meter_connector_transformer\24.png,1042,,,,,,24,,,,,,,,,,13,,24,11,,24,,,diagram:24,Diagram,,,,,,,,,,,,,,,,,,,,,06_match_terminals_to_nets,,,,,,,,,,
1.77,109.78,259.61,484.08,2,Battery,,,,0.8567,,,,24,,,,vertical,,,,,,,2.1,,,2.1,,,,,,,,,,,,,,2,,,,component:24:2.1,Component,,,,,,,,,,,,,,,,,,,,,,,two_terminal,,,,,True,True,,
19.68,109.24,579.59,630.69,9,GND,,,,0.8272,,,,24,,,top,up,,,,,,,9.1,,,9.1,,,,,,,,,,,,,,1,,,,component:24:9.1,Component,,,,,,,,,,,,,,,,,,,,,,,one_terminal,,,,,True,True,,
64.38,210.26,44.33,130.07,8,Fuse,,,,0.8273,,,,24,,,,horizontal,,,,,,,8.1,,,8.1,,,,,,,,,,,,,,2,,,,component:24:8.1,Component,,,,,,,,,,,,,,,,,,,,,,,two_terminal,,,,,True,True,,
235.56,305.02,633.09,682.93,9,GND,,,,0.7862,,,,24,,,top,up,,,,,,,9.2,,,9.2,,,,,,,,,,,,,,1,,,,component:24:9.2,Component,,,,,,,,,,,,,,,,,,,,,,,one_terminal,,,,,True,True,,
334.02,426.64,31.22,663.51,5,Connector,,,,0.7281,,,,24,,,,vertical,,,,,,,5.1,,,5.1,,,,,,,,,,,,,,5,,,,component:24:5.1,Component,,,,,,,,,,,,,,,,,,,,,,,multi_terminal,,,,,True,True,,
560.32,627.38,375.6,425.47,4,Capacitor,,,,0.8437,,,,24,,,,vertical,,,,,,,4.1,,,4.1,,,,,,,,,,,,,,2,,,,component:24:4.1,Component,,,,,,,,,,,,,,,,,,,,,,,two_terminal,,,,,True,True,,
559.41,628.91,606.9,656.02,9,GND,,,,0.8008,,,,24,,,top,up,,,,,,,9.3,,,9.3,,,,,,,,,,,,,,1,,,,component:24:9.3,Component,,,,,,,,,,,,,,,,,,,,,,,one_terminal,,,,,True,True,,
640.61,773.31,293.22,373.8,25,Switch,,,,0.8393,,,,24,,,,horizontal,,,,,,,25.1,,,25.1,,,,,,,,,,,,,,2,,,,component:24:25.1,Component,,,,,,,,,,,,,,,,,,,,,,,two_terminal,,,,,True,True,,
646.24,776.84,440.61,512.69,22,Resistor,,,,0.8738,,,,24,,,,horizontal,,,,,,,22.1,,,22.1,,,,,,,,,,,,,,2,,,,component:24:22.1,Component,,,,,,,,,,,,,,,,,,,,,,,two_terminal,,,,,True,True,,
773.67,847.55,860.32,912.21,9,GND,,,,0.8061,,,,24,,,top,up,,,,,,,9.4,,,9.4,,,,,,,,,,,,,,1,,,,component:24:9.4,Component,,,,,,,,,,,,,,,,,,,,,,,one_terminal,,,,,True,True,,
767.0,934.0,595.0,713.0,12,LED,,,,0.8932,,,,24,,,,vertical,,,,,,,12.1,,,12.1,,,,,,,,,,,,,,2,,,,component:24:12.1,Component,,,,,,,,,,,,,,,,,,,,,,,two_terminal,,,,,True,True,,
878.98,948.25,733.92,784.58,9,GND,,,,0.7714,,,,24,,,top,up,,,,,,,9.5,,,9.5,,,,,,,,,,,,,,1,,,,component:24:9.5,Component,,,,,,,,,,,,,,,,,,,,,,,one_terminal,,,,,True,True,,
851.25,976.82,464.2,589.83,13,Lamp,,,,0.432,,,,24,,,,vertical,,,,,,,13.1,,,13.1,,,,,,,,,,,,,,2,,,,component:24:13.1,Component,,,,,,,,,,,,,,,,,,,,,,,two_terminal,,,,,True,True,,
,,,,,,2,Battery,component:24:2.1,,,,,24,positive,2.1:positive,,vertical,,,,,,,2.1,,False,2.1:positive,ok,3.0,matched_preferred,[],N2,,2,False,,,,,,,,,,terminal:24:2.1:t1,Terminal,,,False,N2,2,top,directional,directional_primary,"[50, 238, 63, 262]",0.2,,orientation_fallback,positive,battery_positive_from_long_plate,polarity,marker_side,2.1:positive,positive,53,256,,,,2.1:t1,t1,"{""point_mode"": ""bbox_side_center"", ""anchor_offset_ratio"": 0.5}",bbox_side_center,,,55.77,255.61
,,,,,,2,Battery,component:24:2.1,,,,,24,negative,2.1:negative,,vertical,,,,,,,2.1,,False,2.1:negative,ok,3.0,matched_preferred,[],N1,,1,False,,,,,,,,,,terminal:24:2.1:t2,Terminal,,,False,N1,1,bottom,directional,directional_primary,"[50, 483, 63, 507]",0.2,,orientation_fallback,negative,battery_positive_from_long_plate,polarity,other_side,2.1:negative,negative,53,488,,,,2.1:t2,t2,"{""point_mode"": ""bbox_side_center"", ""anchor_offset_ratio"": 0.5}",bbox_side_center,,,55.77,488.08
,,,,,,9,GND,component:24:9.1,,,,,24,t1,9.1:t1,top,up,,,,,,,9.1,,False,9.1:t1,ok,1.0,matched_preferred,[],N1,,1,False,,,,,,,,,,terminal:24:9.1:t1,Terminal,,,False,N1,1,top,directional,directional_primary,"[58, 558, 71, 582]",,,,,,,,,,63,576,,,,9.1:t1,t1,"{""point_mode"": ""one_terminal_axis_center"", ""anchor_offset_ratio"": 0.5}",two_terminal_side_peak,,,64.46,575.59
,,,,,,8,Fuse,component:24:8.1,,,,,24,t1,8.1:t1,,horizontal,,,,,,,8.1,,False,8.1:t1,ok,5.0,matched_preferred,[],N2,,2,False,,,,,,,,,,terminal:24:8.1:t1,Terminal,,,False,N2,2,left,directional,directional_primary,"[42, 81, 66, 94]",,,,,,,,,,60,92,,,,8.1:t1,t1,"{""point_mode"": ""bbox_side_center"", ""anchor_offset_ratio"": 0.5}",bbox_side_center,,,60.38,87.2
,,,,,,8,Fuse,component:24:8.1,,,,,24,t2,8.1:t2,,horizontal,,,,,,,8.1,,False,8.1:t2,ok,5.0,matched_preferred,[],N3,,3,False,,,,,,,,,,terminal:24:8.1:t2,Terminal,,,False,N3,3,right,directional,directional_primary,"[209, 81, 233, 94]",,,,,,,,,,214,92,,,,8.1:t2,t2,"{""point_mode"": ""bbox_side_center"", ""anchor_offset_ratio"": 0.5}",bbox_side_center,,,214.26,87.2
,,,,,,9,GND,component:24:9.2,,,,,24,t1,9.2:t1,top,up,,,,,,,9.2,,False,9.2:t1,ok,1.0,matched_preferred,[],N4,,4,False,,,,,,,,,,terminal:24:9.2:t1,Terminal,,,False,N4,4,top,directional,directional_primary,"[264, 611, 277, 635]",,,,,,,,,,269,629,,,,9.2:t1,t1,"{""point_mode"": ""one_terminal_axis_center"", ""anchor_offset_ratio"": 0.5}",two_terminal_side_peak,,,270.29,629.09
,,,,,,5,Connector,component:24:5.1,,,,,24,pin1,5.1:pin1,,vertical,,,,,,,5.1,,False,5.1:pin1,ok,1.0,matched_preferred,[],N3,,3,False,,,,,,,,,,terminal:24:5.1:pin1,Terminal,,,False,N3,3,left,directional,directional_primary,"[316, 88, 335, 99]",,,,,,,,,,330,92,,,,5.1:pin1,pin1,"{""point_mode"": ""bbox_side_anchor_ratio"", ""anchor_offset_ratio"": 0.0979}",bbox_side_center,,,330.02,93.12
,,,,,,5,Connector,component:24:5.1,,,,,24,pin2,5.1:pin2,,vertical,,,,,,,5.1,,False,5.1:pin2,ok,0.0,matched_preferred,[],N5,,5,False,,,,,,,,,,terminal:24:5.1:pin2,Terminal,,,False,N5,5,right,directional,directional_primary,"[427, 215, 446, 226]",,,,,,,,,,431,220,,,,5.1:pin2,pin2,"{""point_mode"": ""bbox_side_anchor_ratio"", ""anchor_offset_ratio"": 0.2986}",bbox_side_center,,,430.64,220.02
,,,,,,5,Connector,component:24:5.1,,,,,24,pin3,5.1:pin3,,vertical,,,,,,,5.1,,False,5.1:pin3,ok,1.0,matched_preferred,[],N5,,5,False,,,,,,,,,,terminal:24:5.1:pin3,Terminal,,,False,N5,5,right,directional,directional_primary,"[427, 343, 446, 354]",,,,,,,,,,431,347,,,,5.1:pin3,pin3,"{""point_mode"": ""bbox_side_anchor_ratio"", ""anchor_offset_ratio"": 0.5008}",bbox_side_center,,,430.64,347.87
,,,,,,5,Connector,component:24:5.1,,,,,24,pin4,5.1:pin4,,vertical,,,,,,,5.1,,False,5.1:pin4,ok,2.0,matched_preferred,[],N6,,6,False,,,,,,,,,,terminal:24:5.1:pin4,Terminal,,,False,N6,6,right,directional,directional_primary,"[427, 471, 446, 482]",,,,,,,,,,431,474,,,,5.1:pin4,pin4,"{""point_mode"": ""bbox_side_anchor_ratio"", ""anchor_offset_ratio"": 0.703}",bbox_side_center,,,430.64,475.72
,,,,,,5,Connector,component:24:5.1,,,,,24,pin5,5.1:pin5,,vertical,,,,,,,5.1,,False,5.1:pin5,ok,1.0,matched_preferred,[],N4,,4,False,,,,,,,,,,terminal:24:5.1:pin5,Terminal,,,False,N4,4,left,directional,directional_primary,"[316, 598, 335, 609]",,,,,,,,,,330,602,,,,5.1:pin5,pin5,"{""point_mode"": ""bbox_side_anchor_ratio"", ""anchor_offset_ratio"": 0.9036}",bbox_side_center,,,330.02,602.56
,,,,,,4,Capacitor,component:24:4.1,,,,,24,t1,4.1:t1,,vertical,,,,,,,4.1,,False,4.1:t1,ok,1.0,matched_preferred,[],N5,,5,False,,,,,,,,,,terminal:24:4.1:t1,Terminal,,,False,N5,5,top,directional,directional_primary,"[588, 354, 601, 378]",,,,,,,,,,593,372,,,,4.1:t1,t1,"{""point_mode"": ""bbox_side_center"", ""anchor_offset_ratio"": 0.5}",bbox_side_center,,,593.85,371.6
,,,,,,4,Capacitor,component:24:4.1,,,,,24,t2,4.1:t2,,vertical,,,,,,,4.1,,False,4.1:t2,ok,1.0,matched_preferred,[],N6,,6,False,,,,,,,,,,terminal:24:4.1:t2,Terminal,,,False,N6,6,bottom,directional,directional_primary,"[588, 424, 601, 448]",,,,,,,,,,593,429,,,,4.1:t2,t2,"{""point_mode"": ""bbox_side_center"", ""anchor_offset_ratio"": 0.5}",bbox_side_center,,,593.85,429.47
,,,,,,9,GND,component:24:9.3,,,,,24,t1,9.3:t1,top,up,,,,,,,9.3,,False,9.3:t1,ok,0.0,matched_preferred,[],N6,,6,False,,,,,,,,,,terminal:24:9.3:t1,Terminal,,,False,N6,6,top,directional,directional_primary,"[588, 585, 601, 609]",,,,,,,,,,594,603,,,,9.3:t1,t1,"{""point_mode"": ""one_terminal_axis_center"", ""anchor_offset_ratio"": 0.5}",two_terminal_side_peak,,,594.16,602.9
,,,,,,25,Switch,component:24:25.1,,,,,24,t1,25.1:t1,,horizontal,,,,,,,25.1,,False,25.1:t1,ok,0.0,matched_preferred,[],N5,,5,False,,,,,,,,,,terminal:24:25.1:t1,Terminal,,,False,N5,5,left,directional,directional_primary,"[595, 335, 648, 360]",,,,,,,,,,637,347,,,,25.1:t1,t1,"{""point_mode"": ""side_peak_outside"", ""scan_axis"": ""y"", ""relative_position"": ""left"", ""scan_start"": 299, ""scan_end"": 368, ""scan_margin"": 6, ""probe_halfspan"": 6, ""probe_out_len"": 12, ""probe_inset"": 1, ""peak_coord"": 347, ""anchor_offset_ratio"": 0.6667, ""max_score"": 84, ""keep_threshold"": 71, ""selected_run_start"": 45, ""selected_run_end"": 52, ""selected_run_length"": 8, ""selected_run_score"": 84}",two_terminal_side_peak,,,637.0,347.0
,,,,,,25,Switch,component:24:25.1,,,,,24,t2,25.1:t2,,horizontal,,,,,,,25.1,,False,25.1:t2,ok,0.0,matched_preferred,[],N9,,9,False,,,,,,,,,,terminal:24:25.1:t2,Terminal,,,False,N9,9,right,directional,directional_primary,"[767, 335, 820, 360]",,,,,,,,,,777,347,,,,25.1:t2,t2,"{""point_mode"": ""side_peak_outside"", ""scan_axis"": ""y"", ""relative_position"": ""right"", ""scan_start"": 299, ""scan_end"": 368, ""scan_margin"": 6, ""probe_halfspan"": 6, ""probe_out_len"": 12, ""probe_inset"": 1, ""peak_coord"": 347, ""anchor_offset_ratio"": 0.6667, ""max_score"": 84, ""keep_threshold"": 71, ""selected_run_start"": 45, ""selected_run_end"": 52, ""selected_run_length"": 8, ""selected_run_score"": 84}",two_terminal_side_peak,,,777.0,347.0
,,,,,,22,Resistor,component:24:22.1,,,,,24,t1,22.1:t1,,horizontal,,,,,,,22.1,,False,22.1:t1,ok,3.0,matched_preferred,[],N6,,6,False,,,,,,,,,,terminal:24:22.1:t1,Terminal,,,False,N6,6,left,directional,directional_primary,"[624, 471, 648, 484]",,,,,,,,,,642,474,,,,22.1:t1,t1,"{""point_mode"": ""bbox_side_center"", ""anchor_offset_ratio"": 0.5}",bbox_side_center,,,642.24,476.65
,,,,,,22,Resistor,component:24:22.1,,,,,24,t2,22.1:t2,,horizontal,,,,,,,22.1,,False,22.1:t2,ok,3.0,matched_preferred,[],N7,,7,False,,,,,,,,,,terminal:24:22.1:t2,Terminal,,,False,N7,7,right,directional,directional_primary,"[776, 471, 800, 484]",,,,,,,,,,781,474,,,,22.1:t2,t2,"{""point_mode"": ""bbox_side_center"", ""anchor_offset_ratio"": 0.5}",bbox_side_center,,,780.84,476.65
,,,,,,9,GND,component:24:9.4,,,,,24,t1,9.4:t1,top,up,,,,,,,9.4,,False,9.4:t1,ok,2.0,matched_preferred,[],N8,,8,False,,,,,,,,,,terminal:24:9.4:t1,Terminal,,,False,N8,8,top,directional,directional_primary,"[805, 838, 818, 862]",,,,,,,,,,809,856,,,,9.4:t1,t1,"{""point_mode"": ""one_terminal_axis_center"", ""anchor_offset_ratio"": 0.5}",two_terminal_side_peak,,,810.61,856.32
,,,,,,12,LED,component:24:12.1,,,,,24,anode,12.1:anode,,vertical,,,,,,,12.1,,False,12.1:anode,ok,1.0,matched_preferred,[],N7,,7,False,,,,,,,,,,terminal:24:12.1:t1,Terminal,,,False,N7,7,top,directional,directional_primary,"[804, 573, 817, 597]",0.1881,,symbol_heuristic,anode,diode_cathode_from_bar,polarity,other_side,12.1:anode,anode,809,591,,,,12.1:t1,t1,"{""point_mode"": ""side_peak_outside"", ""scan_axis"": ""x"", ""relative_position"": ""top"", ""scan_start"": 780, ""scan_end"": 921, ""scan_margin"": 13, ""probe_halfspan"": 6, ""probe_out_len"": 12, ""probe_inset"": 1, ""peak_coord"": 810, ""anchor_offset_ratio"": 0.2575, ""max_score"": 84, ""keep_threshold"": 71, ""selected_run_start"": 26, ""selected_run_end"": 33, ""selected_run_length"": 8, ""selected_run_score"": 84}",two_terminal_side_peak,,,810.0,591.0
,,,,,,12,LED,component:24:12.1,,,,,24,cathode,12.1:cathode,,vertical,,,,,,,12.1,,False,12.1:cathode,ok,1.0,matched_preferred,[],N8,,8,False,,,,,,,,,,terminal:24:12.1:t2,Terminal,,,False,N8,8,bottom,directional,directional_primary,"[804, 712, 817, 736]",0.1881,,symbol_heuristic,cathode,diode_cathode_from_bar,polarity,marker_side,12.1:cathode,cathode,809,717,,,,12.1:t2,t2,"{""point_mode"": ""side_peak_outside"", ""scan_axis"": ""x"", ""relative_position"": ""bottom"", ""scan_start"": 780, ""scan_end"": 921, ""scan_margin"": 13, ""probe_halfspan"": 6, ""probe_out_len"": 12, ""probe_inset"": 1, ""peak_coord"": 810, ""anchor_offset_ratio"": 0.2575, ""max_score"": 84, ""keep_threshold"": 71, ""selected_run_start"": 26, ""selected_run_end"": 33, ""selected_run_length"": 8, ""selected_run_score"": 84}",two_terminal_side_peak,,,810.0,717.0
,,,,,,9,GND,component:24:9.5,,,,,24,t1,9.5:t1,top,up,,,,,,,9.5,,False,9.5:t1,ok,2.0,matched_preferred,[],N11,,11,False,,,,,,,,,,terminal:24:9.5:t1,Terminal,,,False,N11,11,top,directional,directional_primary,"[908, 712, 921, 736]",,,,,,,,,,912,730,,,,9.5:t1,t1,"{""point_mode"": ""one_terminal_axis_center"", ""anchor_offset_ratio"": 0.5}",two_terminal_side_peak,,,913.62,729.92
,,,,,,13,Lamp,component:24:13.1,,,,,24,t1,13.1:t1,,vertical,,,,,,,13.1,,False,13.1:t1,ok,2.0,matched_preferred,[],N9,,9,False,,,,,,,,,,terminal:24:13.1:t1,Terminal,,,False,N9,9,top,directional,directional_primary,"[908, 442, 921, 466]",,,,,,,,,,912,460,,,,13.1:t1,t1,"{""point_mode"": ""bbox_side_center"", ""anchor_offset_ratio"": 0.5}",bbox_side_center,,,914.04,460.2
,,,,,,13,Lamp,component:24:13.1,,,,,24,t2,13.1:t2,,vertical,,,,,,,13.1,,False,13.1:t2,ok,2.0,matched_preferred,[],N10,,10,False,,,,,,,,,,terminal:24:13.1:t2,Terminal,,,False,N10,10,bottom,directional,directional_primary,"[908, 589, 921, 613]",,,,,,,,,,912,594,,,,13.1:t2,t2,"{""point_mode"": ""bbox_side_center"", ""anchor_offset_ratio"": 0.5}",bbox_side_center,,,914.04,593.83
8,97,471,590,,,,,,,"[""negative""]","[""2.1:negative"", ""9.1:t1""]","[""2.1:t2"", ""9.1:t1""]",24,,,,,,,,,,,,False,,N1,,,,,,,,,[10],,2,,,,,N1,1,net:24:N1,Net,226,,,,,,,,,,,,,,,,,,,,,10,,,,,,,,,
53,76,90,273,,,,,,,"[""positive""]","[""2.1:positive"", ""8.1:t1""]","[""2.1:t1"", ""8.1:t1""]",24,,,,,,,,,,,,False,,N2,,,,,,,,,[4],,2,,,,,N2,2,net:24:N2,Net,203,,,,,,,,,,,,,,,,,,,,,4,,,,,,,,,
198,336,86,92,,,,,,,[],"[""5.1:pin1"", ""8.1:t2""]","[""5.1:pin1"", ""8.1:t2""]",24,,,,,,,,,,,,False,,N3,,,,,,,,,[3],,2,,,,,N3,3,net:24:N3,Net,144,,,,,,,,,,,,,,,,,,,,,3,,,,,,,,,
269,335,596,643,,,,,,,[],"[""5.1:pin5"", ""9.2:t1""]","[""5.1:pin5"", ""9.2:t1""]",24,,,,,,,,,,,,False,,N4,,,,,,,,,[13],,2,,,,,N4,4,net:24:N4,Net,116,,,,,,,,,,,,,,,,,,,,,13,,,,,,,,,
426,642,214,386,,,,,,,[],"[""25.1:t1"", ""4.1:t1"", ""5.1:pin2"", ""5.1:pin3""]","[""25.1:t1"", ""4.1:t1"", ""5.1:pin2"", ""5.1:pin3""]",24,,,,,,,,,,,,False,,N5,,,,,,,,,[5],,4,,,,,N5,5,net:24:N5,Net,577,,,,,,,,,,,,,,,,,,,,,5,,,,,,,,,
426,655,413,617,,,,,,,[],"[""22.1:t1"", ""4.1:t2"", ""5.1:pin4"", ""9.3:t1""]","[""22.1:t1"", ""4.1:t2"", ""5.1:pin4"", ""9.3:t1""]",24,,,,,,,,,,,,False,,N6,,,,,,,,,[8],,4,,,,,N6,6,net:24:N6,Net,478,,,,,,,,,,,,,,,,,,,,,8,,,,,,,,,
765,810,474,605,,,,,,,"[""anode""]","[""12.1:anode"", ""22.1:t2""]","[""12.1:t1"", ""22.1:t2""]",24,,,,,,,,,,,,False,,N7,,,,,,,,,[11],,2,,,,,N7,7,net:24:N7,Net,174,,,,,,,,,,,,,,,,,,,,,11,,,,,,,,,
809,814,701,872,,,,,,,"[""cathode""]","[""12.1:cathode"", ""9.4:t1""]","[""12.1:t2"", ""9.4:t1""]",24,,,,,,,,,,,,False,,N8,,,,,,,,,[14],,2,,,,,N8,8,net:24:N8,Net,175,,,,,,,,,,,,,,,,,,,,,14,,,,,,,,,
771,917,347,473,,,,,,,[],"[""13.1:t1"", ""25.1:t2""]","[""13.1:t1"", ""25.1:t2""]",24,,,,,,,,,,,,False,,N9,,,,,,,,,[7],,2,,,,,N9,9,net:24:N9,Net,269,,,,,,,,,,,,,,,,,,,,,7,,,,,,,,,
912,917,580,608,,,,,,,[],"[""13.1:t2""]","[""13.1:t2""]",24,,,,,,,,,,,,False,,N10,,,,,,,,,[12],,1,,,,,N10,10,net:24:N10,Net,32,,,,,,,,,,,,,,,,,,,,,12,,,,,,,,,
912,918,716,745,,,,,,,[],"[""9.5:t1""]","[""9.5:t1""]",24,,,,,,,,,,,,False,,N11,,,,,,,,,[15],,1,,,,,N11,11,net:24:N11,Net,34,,,,,,,,,,,,,,,,,,,,,15,,,,,,,,,
,,,,,,,,,,,,,25,,,,,539,25.png,C:\Users\m.profilo\Desktop\tesi_diagrams_yolo\data\batch_v9_1_primo_set_analog_meter_connector_transformer\25.png,1366,,,,,,25,,,,,,,,,,7,,14,7,,14,,,diagram:25,Diagram,,,,,,,,,,,,,,,,,,,,,06_match_terminals_to_nets,,,,,,,,,,
136.02,289.26,212.03,354.89,23,Signal_Source,,,,0.6025,,,,25,,,,horizontal,,,,,,,23.1,,,23.1,,,,,,,,,,,,,,2,,,,component:25:23.1,Component,,,,,,,,,,,,,,,,,,,,,,,two_terminal,,,,,True,True,,
416.02,502.14,460.45,521.3,9,GND,,,,0.8237,,,,25,,,top,up,,,,,,,9.1,,,9.1,,,,,,,,,,,,,,1,,,,component:25:9.1,Component,,,,,,,,,,,,,,,,,,,,,,,one_terminal,,,,,True,True,,
554.72,710.9,58.38,290.13,28,Transformer,,,,0.8794,,,,25,,,,vertical,,,,,,,28.1,,,28.1,,,,,,,,,,,,,,4,,,,component:25:28.1,Component,,,,,,,,,,,,,,,,,,,,,,,multi_terminal,,,,,True,True,,
753.61,814.32,384.83,467.01,4,Capacitor,,,,0.8011,,,,25,,,,horizontal,,,,,,,4.1,,,4.1,,,,,,,,,,,,,,2,,,,component:25:4.1,Component,,,,,,,,,,,,,,,,,,,,,,,two_terminal,,,,,True,True,,
744.19,917.29,238.7,326.88,22,Resistor,,,,0.845,,,,25,,,,horizontal,,,,,,,22.1,,,22.1,,,,,,,,,,,,,,2,,,,component:25:22.1,Component,,,,,,,,,,,,,,,,,,,,,,,two_terminal,,,,,True,True,,
1045.98,1198.92,212.47,356.61,13,Lamp,,,,0.9691,,,,25,,,,horizontal,,,,,,,13.1,,,13.1,,,,,,,,,,,,,,2,,,,component:25:13.1,Component,,,,,,,,,,,,,,,,,,,,,,,two_terminal,,,,,True,True,,
1275.81,1358.6,473.1,531.14,9,GND,,,,0.8122,,,,25,,,top,up,,,,,,,9.2,,,9.2,,,,,,,,,,,,,,1,,,,component:25:9.2,Component,,,,,,,,,,,,,,,,,,,,,,,one_terminal,,,,,True,True,,
,,,,,,23,Signal_Source,component:25:23.1,,,,,25,t1,23.1:t1,,horizontal,,,,,,,23.1,,False,23.1:t1,ok,0.0,matched_preferred,[],N1,,1,False,,,,,,,,,,terminal:25:23.1:t1,Terminal,,,False,N1,1,left,directional,directional_primary,"[114, 277, 138, 290]",,,,,,,,,,132,283,,,,23.1:t1,t1,"{""point_mode"": ""bbox_side_center"", ""anchor_offset_ratio"": 0.5}",bbox_side_center,,,132.02,283.46
,,,,,,23,Signal_Source,component:25:23.1,,,,,25,t2,23.1:t2,,horizontal,,,,,,,23.1,,False,23.1:t2,ok,0.0,matched_preferred,[],N2,,2,False,,,,,,,,,,terminal:25:23.1:t2,Terminal,,,False,N2,2,right,directional,directional_primary,"[288, 277, 312, 290]",,,,,,,,,,293,283,,,,23.1:t2,t2,"{""point_mode"": ""bbox_side_center"", ""anchor_offset_ratio"": 0.5}",bbox_side_center,,,293.26,283.46
,,,,,,9,GND,component:25:9.1,,,,,25,t1,9.1:t1,top,up,,,,,,,9.1,,False,9.1:t1,ok,0.0,matched_preferred,[],N3,,3,False,,,,,,,,,,terminal:25:9.1:t1,Terminal,,,False,N3,3,top,directional,directional_primary,"[453, 438, 466, 462]",,,,,,,,,,459,456,,,,9.1:t1,t1,"{""point_mode"": ""one_terminal_axis_center"", ""anchor_offset_ratio"": 0.5}",two_terminal_side_peak,,,459.08,456.45
,,,,,,28,Transformer,component:25:28.1,,,,,25,t1,28.1:t1,,vertical,,,,,,,28.1,,False,28.1:t1,ok,3.162,matched_preferred,[],N4,,4,False,,,,,,,,,,terminal:25:28.1:t1,Terminal,,,False,N4,4,top,directional,directional_primary,"[596, 18, 633, 63]",,,,,,,,,,613,51,,,,28.1:t1,t1,"{""point_mode"": ""strategy_absolute_point"", ""point_source"": ""term_def.point""}",strategy_absolute_point,,,614.0,54.0
,,,,,,28,Transformer,component:25:28.1,,,,,25,t2,28.1:t2,,vertical,,,,,,,28.1,,False,28.1:t2,ok,3.606,matched_preferred,[],N4,,4,False,,,,,,,,,,terminal:25:28.1:t2,Terminal,,,False,N4,4,top,directional,directional_primary,"[630, 18, 667, 63]",,,,,,,,,,646,51,,,,28.1:t2,t2,"{""point_mode"": ""strategy_absolute_point"", ""point_source"": ""term_def.point""}",strategy_absolute_point,,,648.0,54.0
,,,,,,28,Transformer,component:25:28.1,,,,,25,t3,28.1:t3,,vertical,,,,,,,28.1,,False,28.1:t3,ok,2.0,matched_preferred,[],N2,,2,False,,,,,,,,,,terminal:25:28.1:t3,Terminal,,,False,N2,2,left,directional,directional_primary,"[515, 263, 560, 300]",,,,,,,,,,551,283,,,,28.1:t3,t3,"{""point_mode"": ""strategy_absolute_point"", ""point_source"": ""term_def.point""}",strategy_absolute_point,,,551.0,281.0
,,,,,,28,Transformer,component:25:28.1,,,,,25,t4,28.1:t4,,vertical,,,,,,,28.1,,False,28.1:t4,ok,2.0,matched_preferred,[],N5,,5,False,,,,,,,,,,terminal:25:28.1:t4,Terminal,,,False,N5,5,right,directional,directional_primary,"[707, 263, 752, 300]",,,,,,,,,,715,283,,,,28.1:t4,t4,"{""point_mode"": ""strategy_absolute_point"", ""point_source"": ""term_def.point""}",strategy_absolute_point,,,715.0,281.0
,,,,,,4,Capacitor,component:25:4.1,,,,,25,t1,4.1:t1,,horizontal,,,,,,,4.1,,False,4.1:t1,ok,0.0,matched_preferred,[],N3,,3,False,,,,,,,,,,terminal:25:4.1:t1,Terminal,,,False,N3,3,left,directional,directional_primary,"[732, 420, 756, 433]",,,,,,,,,,750,426,,,,4.1:t1,t1,"{""point_mode"": ""bbox_side_center"", ""anchor_offset_ratio"": 0.5}",bbox_side_center,,,749.61,425.92
,,,,,,4,Capacitor,component:25:4.1,,,,,25,t2,4.1:t2,,horizontal,,,,,,,4.1,,False,4.1:t2,ok,0.0,matched_preferred,[],N6,,6,False,,,,,,,,,,terminal:25:4.1:t2,Terminal,,,False,N6,6,right,directional,directional_primary,"[813, 420, 837, 433]",,,,,,,,,,818,426,,,,4.1:t2,t2,"{""point_mode"": ""bbox_side_center"", ""anchor_offset_ratio"": 0.5}",bbox_side_center,,,818.32,425.92
,,,,,,22,Resistor,component:25:22.1,,,,,25,t1,22.1:t1,,horizontal,,,,,,,22.1,,False,22.1:t1,ok,1.0,matched_preferred,[],N5,,5,False,,,,,,,,,,terminal:25:22.1:t1,Terminal,,,False,N5,5,left,directional,directional_primary,"[722, 277, 746, 290]",,,,,,,,,,740,282,,,,22.1:t1,t1,"{""point_mode"": ""bbox_side_center"", ""anchor_offset_ratio"": 0.5}",bbox_side_center,,,740.19,282.79
,,,,,,22,Resistor,component:25:22.1,,,,,25,t2,22.1:t2,,horizontal,,,,,,,22.1,,False,22.1:t2,ok,1.0,matched_preferred,[],N6,,6,False,,,,,,,,,,terminal:25:22.1:t2,Terminal,,,False,N6,6,right,directional,directional_primary,"[916, 277, 940, 290]",,,,,,,,,,921,282,,,,22.1:t2,t2,"{""point_mode"": ""bbox_side_center"", ""anchor_offset_ratio"": 0.5}",bbox_side_center,,,921.29,282.79
,,,,,,13,Lamp,component:25:13.1,,,,,25,t1,13.1:t1,,horizontal,,,,,,,13.1,,False,13.1:t1,ok,2.0,matched_preferred,[],N6,,6,False,,,,,,,,,,terminal:25:13.1:t1,Terminal,,,False,N6,6,left,directional,directional_primary,"[1024, 279, 1048, 292]",,,,,,,,,,1042,283,,,,13.1:t1,t1,"{""point_mode"": ""bbox_side_center"", ""anchor_offset_ratio"": 0.5}",bbox_side_center,,,1041.98,284.54
,,,,,,13,Lamp,component:25:13.1,,,,,25,t2,13.1:t2,,horizontal,,,,,,,13.1,,False,13.1:t2,ok,2.0,matched_preferred,[],N7,,7,False,,,,,,,,,,terminal:25:13.1:t2,Terminal,,,False,N7,7,right,directional,directional_primary,"[1198, 279, 1222, 292]",,,,,,,,,,1203,283,,,,13.1:t2,t2,"{""point_mode"": ""bbox_side_center"", ""anchor_offset_ratio"": 0.5}",bbox_side_center,,,1202.92,284.54
,,,,,,9,GND,component:25:9.2,,,,,25,t1,9.2:t1,top,up,,,,,,,9.2,,False,9.2:t1,ok,0.0,matched_preferred,[],N7,,7,False,,,,,,,,,,terminal:25:9.2:t1,Terminal,,,False,N7,7,top,directional,directional_primary,"[1311, 451, 1324, 475]",,,,,,,,,,1317,469,,,,9.2:t1,t1,"{""point_mode"": ""one_terminal_axis_center"", ""anchor_offset_ratio"": 0.5}",two_terminal_side_peak,,,1317.2,469.1
18,146,283,283,,,,,,,[],"[""23.1:t1""]","[""23.1:t1""]",25,,,,,,,,,,,,False,,N1,,,,,,,,,[7],,1,,,,,N1,1,net:25:N1,Net,129,,,,,,,,,,,,,,,,,,,,,7,,,,,,,,,
279,556,281,283,,,,,,,[],"[""23.1:t2"", ""28.1:t3""]","[""23.1:t2"", ""28.1:t3""]",25,,,,,,,,,,,,False,,N2,,,,,,,,,[6],,2,,,,,N2,2,net:25:N2,Net,278,,,,,,,,,,,,,,,,,,,,,6,,,,,,,,,
459,764,426,470,,,,,,,[],"[""4.1:t1"", ""9.1:t1""]","[""4.1:t1"", ""9.1:t1""]",25,,,,,,,,,,,,False,,N3,,,,,,,,,[11],,2,,,,,N3,3,net:25:N3,Net,349,,,,,,,,,,,,,,,,,,,,,11,,,,,,,,,
601,652,21,51,,,,,,,[],"[""28.1:t1"", ""28.1:t2""]","[""28.1:t1"", ""28.1:t2""]",25,,,,,,,,,,,,False,,N4,,,,,,,,,[1],,2,,,,,N4,4,net:25:N4,Net,124,,,,,,,,,,,,,,,,,,,,,1,,,,,,,,,
711,754,282,283,,,,,,,[],"[""22.1:t1"", ""28.1:t4""]","[""22.1:t1"", ""28.1:t4""]",25,,,,,,,,,,,,False,,N5,,,,,,,,,[8],,2,,,,,N5,5,net:25:N5,Net,44,,,,,,,,,,,,,,,,,,,,,8,,,,,,,,,
804,1055,282,426,,,,,,,[],"[""13.1:t1"", ""22.1:t2"", ""4.1:t2""]","[""13.1:t1"", ""22.1:t2"", ""4.1:t2""]",25,,,,,,,,,,,,False,,N6,,,,,,,,,[9],,3,,,,,N6,6,net:25:N6,Net,467,,,,,,,,,,,,,,,,,,,,,9,,,,,,,,,
1188,1317,283,483,,,,,,,[],"[""13.1:t2"", ""9.2:t1""]","[""13.1:t2"", ""9.2:t1""]",25,,,,,,,,,,,,False,,N7,,,,,,,,,[10],,2,,,,,N7,7,net:25:N7,Net,331,,,,,,,,,,,,,,,,,,,,,10,,,,,,,,,
,,,,,,,,,,,,,26,,,,,533,26.png,C:\Users\m.profilo\Desktop\tesi_diagrams_yolo\data\batch_v9_1_primo_set_analog_meter_connector_transformer\26.png,956,,,,,,26,,,,,,,,,,6,,11,6,,12,,,diagram:26,Diagram,,,,,,,,,,,,,,,,,,,,,06_match_terminals_to_nets,,,,,,,,,,
131.97,292.99,210.57,359.49,23,Signal_Source,,,,0.6101,,,,26,,,,horizontal,,,,,,,23.1,,,23.1,,,,,,,,,,,,,,2,,,,component:26:23.1,Component,,,,,,,,,,,,,,,,,,,,,,,two_terminal,,,,,True,True,,
351.03,436.01,461.05,520.92,9,GND,,,,0.7796,,,,26,,,top,up,,,,,,,9.1,,,9.1,,,,,,,,,,,,,,1,,,,component:26:9.1,Component,,,,,,,,,,,,,,,,,,,,,,,one_terminal,,,,,True,True,,
560.59,694.3,57.45,288.67,28,Transformer,,,,0.7283,,,,26,,,,vertical,,,,,,,28.1,,,28.1,,,,,,,,,,,,,,4,,,,component:26:28.1,Component,,,,,,,,,,,,,,,,,,,,,,,multi_terminal,,,,,True,True,,
651.11,809.17,383.61,470.05,22,Resistor,,,,0.8828,,,,26,,,,horizontal,,,,,,,22.1,,,22.1,,,,,,,,,,,,,,2,,,,component:26:22.1,Component,,,,,,,,,,,,,,,,,,,,,,,two_terminal,,,,,True,True,,
728.54,952.49,71.76,302.88,0,Analog_Meter,,,,0.3464,,,,26,,,,horizontal,,,,,,,0.1,,,0.1,,,,,,,,,,,,,,2,,,,component:26:0.1,Component,,,,,,,,,,,,,,,,,,,,,,,two_terminal,,,,,True,True,,
850.75,929.75,446.78,508.15,9,GND,,,,0.7711,,,,26,,,top,up,,,,,,,9.2,,,9.2,,,,,,,,,,,,,,1,,,,component:26:9.2,Component,,,,,,,,,,,,,,,,,,,,,,,one_terminal,,,,,True,True,,
,,,,,,23,Signal_Source,component:26:23.1,,,,,26,t1,23.1:t1,,horizontal,,,,,,,23.1,,False,23.1:t1,ok,3.0,matched_preferred,[],N1,,1,False,,,,,,,,,,terminal:26:23.1:t1,Terminal,,,False,N1,1,left,directional,directional_primary,"[110, 279, 134, 292]",,,,,,,,,,128,282,,,,23.1:t1,t1,"{""point_mode"": ""bbox_side_center"", ""anchor_offset_ratio"": 0.5}",bbox_side_center,,,127.97,285.03
,,,,,,23,Signal_Source,component:26:23.1,,,,,26,t2,23.1:t2,,horizontal,,,,,,,23.1,,False,23.1:t2,ok,3.0,matched_preferred,[],N2,,2,False,,,,,,,,,,terminal:26:23.1:t2,Terminal,,,False,N2,2,right,directional,directional_primary,"[292, 279, 316, 292]",,,,,,,,,,297,282,,,,23.1:t2,t2,"{""point_mode"": ""bbox_side_center"", ""anchor_offset_ratio"": 0.5}",bbox_side_center,,,296.99,285.03
,,,,,,9,GND,component:26:9.1,,,,,26,t1,9.1:t1,top,up,,,,,,,9.1,,False,9.1:t1,ok,0.0,matched_preferred,[],N3,,3,False,,,,,,,,,,terminal:26:9.1:t1,Terminal,,,False,N3,3,top,directional,directional_primary,"[388, 439, 401, 463]",,,,,,,,,,394,457,,,,9.1:t1,t1,"{""point_mode"": ""one_terminal_axis_center"", ""anchor_offset_ratio"": 0.5}",two_terminal_side_peak,,,393.52,457.05
,,,,,,28,Transformer,component:26:28.1,,,,,26,t1,28.1:t1,,vertical,,,,,,,28.1,,False,28.1:t1,ok,2.0,matched_preferred,[],N4,,4,False,,,,,,,,,,terminal:26:28.1:t1,Terminal,,,False,N4,4,top,directional,directional_primary,"[595, 17, 632, 62]",,,,,,,,,,613,51,,,,28.1:t1,t1,"{""point_mode"": ""strategy_absolute_point"", ""point_source"": ""term_def.point""}",strategy_absolute_point,,,613.0,53.0
,,,,,,28,Transformer,component:26:28.1,,,,,26,t2,28.1:t2,,vertical,,,,,,,28.1,,False,28.1:t2,ok,12.728,matched_preferred,[],N4,,4,False,,,,,,,,,,terminal:26:28.1:t2,Terminal,,,False,N4,4,top,directional,directional_primary,"[630, 17, 667, 62]",,,,,,,,,,639,44,,,,28.1:t2,t2,"{""point_mode"": ""strategy_absolute_point"", ""point_source"": ""term_def.point""}",strategy_absolute_point,,,648.0,53.0
,,,,,,28,Transformer,component:26:28.1,,,,,26,t3,28.1:t3,,vertical,,,,,,,28.1,,False,28.1:t3,ok,2.0,matched_preferred,[],N2,,2,False,,,,,,,,,,terminal:26:28.1:t3,Terminal,,,False,N2,2,left,directional,directional_primary,"[521, 262, 566, 299]",,,,,,,,,,557,282,,,,28.1:t3,t3,"{""point_mode"": ""strategy_absolute_point"", ""point_source"": ""term_def.point""}",strategy_absolute_point,,,557.0,280.0
,,,,,,28,Transformer,component:26:28.1,,,,,26,t4,28.1:t4,,vertical,,,,,,,28.1,,False,28.1:t4,ok,2.0,matched_preferred,[],N5,,5,False,,,,,,,,,,terminal:26:28.1:t4,Terminal,,,False,N5,5,right,directional,directional_primary,"[690, 262, 735, 299]",,,,,,,,,,698,282,,,,28.1:t4,t4,"{""point_mode"": ""strategy_absolute_point"", ""point_source"": ""term_def.point""}",strategy_absolute_point,,,698.0,280.0
,,,,,,22,Resistor,component:26:22.1,,,,,26,t1,22.1:t1,,horizontal,,,,,,,22.1,,False,22.1:t1,ok,2.0,matched_preferred,[],N3,,3,False,,,,,,,,,,terminal:26:22.1:t1,Terminal,,,False,N3,3,left,directional,directional_primary,"[629, 421, 653, 434]",,,,,,,,,,647,425,,,,22.1:t1,t1,"{""point_mode"": ""bbox_side_center"", ""anchor_offset_ratio"": 0.5}",bbox_side_center,,,647.11,426.83
,,,,,,22,Resistor,component:26:22.1,,,,,26,t2,22.1:t2,,horizontal,,,,,,,22.1,,False,22.1:t2,ok,2.0,matched_preferred,[],N6,,6,False,,,,,,,,,,terminal:26:22.1:t2,Terminal,,,False,N6,6,right,directional,directional_primary,"[808, 421, 832, 434]",,,,,,,,,,813,425,,,,22.1:t2,t2,"{""point_mode"": ""bbox_side_center"", ""anchor_offset_ratio"": 0.5}",bbox_side_center,,,813.17,426.83
,,,,,,0,Analog_Meter,component:26:0.1,,,,,26,t1,0.1:t1,,horizontal,,,,,,,0.1,,True,0.1:t1,unmatched,,unmatched,"[""unmatched_terminal""]",,,,False,,,,,,,,,,terminal:26:0.1:t1,Terminal,,,False,,,bottom,,,,,,,,,,,,,,,,,,0.1:t1,t1,"{""point_mode"": ""strategy_absolute_point"", ""point_source"": ""term_def.point""}",strategy_absolute_point,,,795.6,243.0
,,,,,,0,Analog_Meter,component:26:0.1,,,,,26,t2,0.1:t2,,horizontal,,,,,,,0.1,,False,0.1:t2,ok,43.738,matched_single,"[""no_preferred_net_from_05"", ""matched_without_preferred_label""]",N6,,6,False,,,,,,,,,,terminal:26:0.1:t2,Terminal,,,False,,,bottom,directional,directional_primary,"[883, 262, 912, 327]",,,,,,,,,,889,313,,,,0.1:t2,t2,"{""point_mode"": ""strategy_absolute_point"", ""point_source"": ""term_def.point""}",strategy_absolute_point,,,897.0,270.0
,,,,,,9,GND,component:26:9.2,,,,,26,t1,9.2:t1,top,up,,,,,,,9.2,,False,9.2:t1,ok,2.0,matched_preferred,[],N6,,6,False,,,,,,,,,,terminal:26:9.2:t1,Terminal,,,False,N6,6,top,directional,directional_primary,"[884, 425, 897, 449]",,,,,,,,,,888,443,,,,9.2:t1,t1,"{""point_mode"": ""one_terminal_axis_center"", ""anchor_offset_ratio"": 0.5}",two_terminal_side_peak,,,890.25,442.78
18,144,282,287,,,,,,,[],"[""23.1:t1""]","[""23.1:t1""]",26,,,,,,,,,,,,False,,N1,,,,,,,,,[7],,1,,,,,N1,1,net:26:N1,Net,129,,,,,,,,,,,,,,,,,,,,,7,,,,,,,,,
281,562,280,284,,,,,,,[],"[""23.1:t2"", ""28.1:t3""]","[""23.1:t2"", ""28.1:t3""]",26,,,,,,,,,,,,False,,N2,,,,,,,,,[4],,2,,,,,N2,2,net:26:N2,Net,282,,,,,,,,,,,,,,,,,,,,,4,,,,,,,,,
394,664,425,471,,,,,,,[],"[""22.1:t1"", ""9.1:t1""]","[""22.1:t1"", ""9.1:t1""]",26,,,,,,,,,,,,False,,N3,,,,,,,,,[9],,2,,,,,N3,3,net:26:N3,Net,316,,,,,,,,,,,,,,,,,,,,,9,,,,,,,,,
601,640,22,51,,,,,,,[],"[""28.1:t1"", ""28.1:t2""]","[""28.1:t1"", ""28.1:t2""]",26,,,,,,,,,,,,False,,N4,,,,,,,,,[1],,2,,,,,N4,4,net:26:N4,Net,108,,,,,,,,,,,,,,,,,,,,,1,,,,,,,,,
694,717,281,282,,,,,,,[],"[""28.1:t4""]","[""28.1:t4""]",26,,,,,,,,,,,,False,,N5,,,,,,,,,[5],,1,,,,,N5,5,net:26:N5,Net,24,,,,,,,,,,,,,,,,,,,,,5,,,,,,,,,
797,928,313,459,,,,,,,[],"[""22.1:t2"", ""9.2:t1""]","[""22.1:t2"", ""9.2:t1""]",26,,,,,,,,,,,,False,,N6,,,,,,,,,[8],,2,,,,,N6,6,net:26:N6,Net,387,,,,,,,,,,,,,,,,,,,,,8,,,,,,,,,
