time,v(H1_GATE),v(N001),v(N002),v(N003),v(N004),v(N005),v(N006),v(N007),v(N008),v(N009),v(N010),v(N011),@ddiode7_1[id],@ddiode7_3[id],@ddiode7_4[id],@ddiode7_5[id]
0.0,11.9873849,6.04927885e-06,0.0181353718,0.0,11.9873863,3.08263694e-07,1.24113205,0.629398828,11.9999874,12.0,0.0,1.65687224,-4.31916195e-09,-1.40119861e-08,-1.40119861e-08,0.00018686737
1e-06,11.9873895,0.00660018596,0.0181472456,0.00666432322,11.9873864,0.00666361457,1.2411349,0.629406086,11.9999874,12.0,0.0,1.65687499,1.63192369e-07,3.17057488e-08,3.22174155e-08,0.000186835571
2e-06,11.9873896,0.0132628457,0.0181475664,0.0133286458,11.9873864,0.0133279367,1.24113498,0.629406282,11.9999874,12.0,0.0,1.65687507,1.67768032e-07,3.22250033e-08,3.22370205e-08,0.000186834711
4e-06,11.9873896,0.0265898021,0.0181479271,0.0266572863,11.9873864,0.0266565768,1.24113507,0.629406503,11.9999874,12.0,0.0,1.65687515,1.74891566e-07,3.22727214e-08,3.22726613e-08,0.000186833745
8e-06,11.9873896,0.0532408108,0.018149268,0.0533145305,11.9873864,0.0533138197,1.24113539,0.629407322,11.9999874,12.0,0.0,1.65687546,1.91106615e-07,3.22863638e-08,3.23083554e-08,0.000186830154
1.6e-05,11.9873896,0.1065303,0.0181545832,0.106628724,11.9873864,0.106628011,1.24113666,0.62941057,11.9999874,12.0,0.0,1.65687669,2.65861416e-07,3.23942749e-08,3.24155937e-08,0.000186815912
3.2e-05,11.9873897,0.212898295,0.0182101727,0.213254754,11.9873864,0.213254037,1.24115,0.629444532,11.9999874,12.0,0.0,1.65688951,1.04780046e-06,3.23906045e-08,3.25952589e-08,0.000186666997
5.07961579e-05,11.9873897,0.335049991,0.0188762565,0.338507652,11.9873866,0.33850693,1.24130908,0.629851027,11.9999874,12.0,0.0,1.65704245,1.04471293e-05,3.07178884e-08,3.28338101e-08,0.000184889929
6.88978664e-05,11.9873898,0.435412051,0.0231334818,0.459121807,11.9873878,0.45912108,1.24229705,0.632430872,11.9999874,12.0,0.0,1.65799224,7.18460315e-05,1.93494361e-08,3.30412822e-08,0.000173853848
8.90430251e-05,11.9873912,0.510952011,0.0345781149,0.593334119,11.9873907,0.593333386,1.24471108,0.639204574,11.9999874,12.0,0.0,1.66031299,0.000249637965,5.62639526e-09,3.32994763e-08,0.000146886388
0.000117226734,11.9873947,0.577789507,0.0545260398,0.781060274,11.9873947,0.781059534,1.24812468,0.650392105,11.9999874,12.0,0.0,1.66359468,0.00061744396,-3.62976841e-11,3.36365776e-08,0.000108755333
0.000170257323,11.9873986,0.655448107,0.0888434488,1.13410889,11.9873993,1.13410814,1.25196145,0.667188992,11.9999874,12.0,0.0,1.6672832,0.00145428116,-7.16965546e-09,3.43156315e-08,6.58929362e-05
0.000231784223,11.9874012,0.720587744,0.126906941,1.54332029,11.9874018,1.54331952,1.2539852,0.680081096,11.9999874,12.0,0.0,1.66922874,0.00249334518,-5.75937874e-09,3.51010909e-08,4.32862176e-05
0.000331784223,11.9874058,1.06424622,0.453764246,2.20711572,11.9874031,2.20711492,1.2549299,0.688253744,11.9999874,12.0,0.0,1.67013695,0.00346327567,2.71454612e-08,3.64541241e-08,3.27330281e-05
0.000431784223,11.9874071,1.71097726,1.09970257,2.86873299,11.9874032,2.86873219,1.25492999,0.68825458,11.9999874,12.0,0.0,1.67013704,0.00350877819,3.97866282e-08,3.78760602e-08,3.27320785e-05
0.000531784223,11.9874062,2.35502488,1.74326249,3.52751916,11.9874034,3.52751833,1.25492991,0.688253725,11.9999874,12.0,0.0,1.67013698,0.00355316275,2.94998262e-08,3.93996414e-08,3.27330696e-05
0.000631784223,11.9874076,2.99563115,2.38312798,4.1828241,11.9874036,4.18282324,1.25492993,0.688253733,11.9999874,12.0,0.0,1.670137,0.00359793093,4.22376881e-08,4.10254352e-08,3.27330802e-05
0.000731784223,11.9874068,3.6322035,3.01920945,4.8340011,11.9874037,4.8340002,1.25492995,0.688253741,11.9999874,12.0,0.0,1.67013702,0.00364196525,3.20944626e-08,4.279443e-08,3.27330893e-05
0.000831784223,11.9874082,4.26410949,3.65041919,5.48040752,11.9874039,5.48040659,1.25492996,0.68825375,11.9999874,12.0,0.0,1.67013704,0.00368608601,4.49940672e-08,4.47184554e-08,3.27330999e-05
0.000931784223,11.9874073,4.89073113,4.27655378,6.12140544,11.987404,6.12140447,1.25492998,0.688253758,11.9999874,12.0,0.0,1.67013706,0.00372946937,3.5048346e-08,4.68539893e-08,3.27331089e-05
0.00103178422,11.9874088,5.51144356,4.89661165,6.75636227,11.9874042,6.75636126,1.25492999,0.688253766,11.9999874,12.0,0.0,1.67013709,0.00377277649,4.81828854e-08,4.92344985e-08,3.27331192e-05
0.00113178422,11.987408,6.12564144,5.51033072,7.38465139,11.9874043,7.38465032,1.25493001,0.688253774,11.9999874,12.0,0.0,1.67013711,0.00381532986,3.85285804e-08,5.19477061e-08,3.27331281e-05
0.00123178422,11.9874094,6.73271071,6.11678486,8.00565275,11.9874045,8.00565163,1.25493003,0.688253782,11.9999874,12.0,0.0,1.67013713,0.00385765923,5.20181625e-08,5.50734584e-08,3.27331383e-05
0.00133178422,11.9874086,7.33206079,6.71566803,8.6187535,11.9874047,8.61875231,1.25493004,0.68825379,11.9999874,12.0,0.0,1.67013715,0.00389920816,4.28140345e-08,5.8771243e-08,3.2733147e-05
0.00143178422,11.9874102,7.9230911,7.30612082,9.22334858,11.9874048,9.22334731,1.25493006,0.688253798,11.9999874,12.0,0.0,1.67013717,0.00394039841,5.68706517e-08,6.32370386e-08,3.27331571e-05
0.00153178422,11.9874094,8.50522796,7.88780568,9.81884132,11.987405,9.81883996,1.25493007,0.688253805,11.9999874,12.0,0.0,1.67013719,0.00398077354,4.84098062e-08,6.88299452e-08,3.27331657e-05
0.00163178422,11.987411,9.07788675,8.45992311,10.4046441,11.9874051,10.4046426,1.25493009,0.688253814,11.9999874,12.0,0.0,1.67013721,0.00402066685,6.3448583e-08,7.61159163e-08,3.27331756e-05
0.00173178422,11.9874103,9.6405128,9.02211461,10.9801787,11.9874053,10.980177,1.2549301,0.688253821,11.9999874,12.0,0.0,1.67013723,0.00405970435,5.63453435e-08,8.62150583e-08,3.27331841e-05
0.00183178422,11.9874121,10.1925399,9.57363533,11.5448772,11.9874054,11.5448753,1.25493012,0.688253829,11.9999874,12.0,0.0,1.67013725,0.00409814722,7.33167843e-08,1.01525485e-07,3.27331941e-05
0.00193178422,11.9874116,10.7334344,10.1141148,12.0981823,11.9874056,12.09818,1.25493013,0.688253837,11.9999874,12.0,0.0,1.67013727,0.00413568934,6.91437038e-08,2.67275408e-07,3.2733203e-05
0.00203178422,11.9899623,11.2562736,10.6362641,12.6395479,11.9899536,12.5834904,1.25518313,0.688380337,11.99999,12.0,0.0,1.67047906,0.00419165282,8.74903296e-08,0.00255062533,3.28936863e-05
0.00213178422,12.0083684,11.7260108,11.1040039,13.1684399,12.0083615,12.7073858,1.25700894,0.689293243,12.0000084,12.0,0.0,1.67294638,0.00437092835,6.89010982e-08,0.0209791648,3.40754051e-05
0.00223178422,12.0292314,12.174167,11.5498327,13.6843361,12.0291926,12.7649834,1.25907076,0.69032415,12.0000292,12.0,0.0,1.67573432,0.00457588123,3.88880995e-07,0.0418209629,3.54609908e-05
0.00233178422,12.0694255,12.544263,11.9177601,14.1867276,12.0502665,12.8079344,1.2611518,0.691364669,12.0000502,12.0,0.0,1.67855014,0.0047855759,0.000228761358,0.063357111,3.69166331e-05
0.00243178422,12.1657835,12.7174837,12.0888599,14.6751185,12.0715515,12.84462,1.26324859,0.692413064,12.0000715,12.0,0.0,1.68138926,0.00498990692,0.00107392366,0.0832079442,3.84437333e-05
0.00253178422,12.2687941,12.8538323,12.223254,15.1490269,12.0923757,12.8786462,1.26529742,0.693437481,12.0000923,12.0,0.0,1.68416446,0.00519504034,0.00208182824,0.10580631,3.99969069e-05
0.00263178422,12.3724692,12.9687071,12.3361407,15.607985,12.1130284,12.9084602,1.26731912,0.694448333,12.0001129,12.0,0.0,1.68690694,0.00540340381,0.00259548551,0.122715492,4.15910131e-05
0.00273178422,12.4719349,13.0808387,12.4462625,16.0515398,12.1348422,12.9385388,1.26945144,0.695514492,12.0001347,12.0,0.0,1.68980067,0.00563121584,0.00337375364,0.141507726,4.33412308e-05
0.00283178422,12.5675668,13.1855952,12.5482357,16.4792538,12.164995,12.9761503,1.27238904,0.696983293,12.0001648,12.0,0.0,1.69379115,0.00595544114,0.0040286065,0.159239794,4.58736913e-05
0.00293178422,12.6573506,13.2801271,12.6385304,16.8907047,12.2126416,13.0297164,1.27700515,0.699291346,12.0002124,12.0,0.0,1.70007198,0.00649406014,0.00444710254,0.175499471,5.01554251e-05
0.00303178422,12.7386644,13.3642127,12.7174722,17.2854865,12.2703211,13.0928138,1.28254966,0.702063598,12.0002701,12.0,0.0,1.70763343,0.00719921603,0.00468343572,0.190576035,5.58298496e-05
0.00313178422,12.811211,13.4380755,12.7862296,17.6632097,12.3288764,13.1559492,1.28812527,0.704851403,12.0003285,12.0,0.0,1.71525866,0.00798009133,0.00482347075,0.204876205,6.21836391e-05
0.00323178422,12.8755612,13.5034631,12.8467949,18.0235014,12.3845009,13.2159527,1.29336834,0.70747294,12.0003841,12.0,0.0,1.72245084,0.00878649932,0.00491063625,0.218525464,6.88167289e-05
0.00333178422,12.9328653,13.5612365,12.9002106,18.366006,12.4358713,13.2711305,1.29816082,0.709869181,12.0004354,12.0,0.0,1.72904529,0.00958999221,0.00496994965,0.231585497,7.54968801e-05
0.00343178422,12.9839388,13.6128471,12.9478716,18.6903857,12.4827574,13.3216743,1.30249071,0.712034122,12.0004823,12.0,0.0,1.73502154,0.0103746912,0.00501181776,0.244032556,8.20881106e-05
0.00353178422,13.0296299,13.6587321,12.9902365,18.9963202,12.5253958,13.3675143,1.30638963,0.713983584,12.0005249,12.0,0.0,1.74041918,0.011132187,0.00504234306,0.255854923,8.85142996e-05
0.00363178422,13.0704961,13.699922,13.0282602,19.2835076,12.5639924,13.4091714,1.3098857,0.715731619,12.0005634,12.0,0.0,1.74527318,0.011854934,0.00506503794,0.267015382,9.47031583e-05
0.00373178422,13.1078426,13.7373624,13.0628286,19.5516645,12.5994402,13.4473241,1.3130816,0.71732957,12.0005988,12.0,0.0,1.74971681,0.0125557068,0.00508403334,0.277673275,0.000100738494
0.00383178422,13.140368,13.7700964,13.0930555,19.8005262,12.6307163,13.4811369,1.31586226,0.718719901,12.0006301,12.0,0.0,1.75359988,0.013194073,0.0050965635,0.287431011,0.000106301728
0.00393178422,13.1694482,13.7991936,13.1199481,20.0298473,12.6588063,13.5114209,1.31834067,0.719959106,12.0006581,12.0,0.0,1.75706912,0.0137877497,0.00510641939,0.296427209,0.000111518689
0.00403178422,13.1952576,13.8251513,13.1439371,20.2394013,12.6838455,13.538524,1.32053381,0.721055671,12.0006832,12.0,0.0,1.7601461,0.0143341342,0.00511414459,0.304711566,0.000116348275
0.00413178422,13.2180557,13.8479406,13.165016,20.4289815,12.7060387,13.5624779,1.32246475,0.722021145,12.0007053,12.0,0.0,1.76286093,0.0148310839,0.00512016929,0.312202534,0.000120773343
0.00423178422,13.2379811,13.8679742,13.1835448,20.5984007,12.7254915,13.5835559,1.32414706,0.722862301,12.0007248,12.0,0.0,1.76523073,0.0152772906,0.00512490868,0.31893636,0.000124765592
0.00433178422,13.2552112,13.885183,13.1994733,20.7474918,12.7423509,13.6017673,1.3255973,0.723587417,12.0007416,12.0,0.0,1.7672771,0.0156714417,0.00512860365,0.324858675,0.000128312857
0.00443178422,13.2698321,13.8998846,13.2130793,20.8761076,12.7566849,13.6173133,1.3268245,0.724201019,12.0007559,12.0,0.0,1.76901136,0.0160124742,0.00513147905,0.329990271,0.000131393257
0.00453178422,13.2819648,13.9119899,13.2242903,20.9841212,12.7685968,13.6301856,1.32784025,0.724708895,12.0007678,12.0,0.0,1.77044865,0.016299653,0.00513368083,0.334296737,0.000133998755
0.00463178422,13.2916584,13.9217445,13.2333214,21.0714261,12.7781259,13.6405309,1.32865011,0.725113824,12.0007773,12.0,0.0,1.77159583,0.0165321281,0.00513532871,0.337788731,0.000136113082
0.00473178422,13.2989925,13.9290486,13.240088,21.1379359,12.7853416,13.6483265,1.32926174,0.725419636,12.0007846,12.0,0.0,1.77246295,0.0167095815,0.00513651036,0.340446588,0.00013773196
0.00483178422,13.3039881,13.93409,13.2447549,21.1835852,12.7902601,13.6536765,1.32967783,0.725627684,12.0007895,12.0,0.0,1.77305323,0.0168313675,0.00513728182,0.342274536,0.000138844294
0.00493178422,13.3066918,13.9367624,13.2472302,21.2083289,12.792923,13.6565455,1.3299028,0.72574017,12.0007921,12.0,0.0,1.77337252,0.0168974945,0.00513768999,0.343264063,0.000139449437
0.00503178422,13.3071013,13.9372051,13.2476358,21.2121425,12.7933267,13.6570019,1.32993684,0.725757188,12.0007925,12.0,0.0,1.77342086,0.0169075242,0.00513774665,0.343415602,0.000139541222
0.00513178422,13.3052345,13.9353055,13.2458735,21.1950222,12.7914881,13.6549973,1.32978143,0.725679483,12.0007907,12.0,0.0,1.77320033,0.0168617426,0.00513746502,0.342729317,0.00013912263
0.00523178422,13.3010665,13.9311592,13.2420264,21.1569851,12.7873846,13.6505688,1.32943434,0.725505939,12.0007866,12.0,0.0,1.77270792,0.01675993,0.00513681937,0.34120377,0.000138192293
0.00533178422,13.2945878,13.924645,13.2359879,21.0980685,12.7810091,13.6436529,1.32889421,0.725235875,12.0007802,12.0,0.0,1.77194203,0.0166026315,0.00513578878,0.338846122,0.000136756891
0.00543178422,13.2857493,13.9158159,13.2278034,21.0183307,12.7723186,13.6342561,1.32815625,0.724866895,12.0007715,12.0,0.0,1.77089641,0.0163898668,0.00513430715,0.335654513,0.000134819812
0.00553178422,13.2745111,13.9045367,13.2173533,20.9178503,12.7612802,13.622296,1.32721606,0.724396798,12.0007605,12.0,0.0,1.76956555,0.0161224463,0.00513231111,0.331642007,0.000132391583
0.00563178422,13.2607949,13.8908155,13.2046423,20.7967266,12.7478268,13.6077468,1.32606587,0.723821705,12.0007471,12.0,0.0,1.76793939,0.0158006659,0.00512968057,0.326807478,0.00012948041
0.00573178422,13.2445243,13.8744936,13.1895296,20.655079,12.7318956,13.5905007,1.32469778,0.723137657,12.0007312,12.0,0.0,1.76600789,0.0154256359,0.00512628966,0.32116926,0.000126100932
0.00583178422,13.2255821,13.8555267,13.1719722,20.4930473,12.7133888,13.570494,1.32310034,0.72233894,12.0007127,12.0,0.0,1.76375628,0.0149979912,0.00512193398,0.314727956,0.000122266409
0.00593178422,13.2038435,13.8337187,13.1517948,20.3107915,12.6922057,13.5475849,1.3212613,0.721419418,12.0006915,12.0,0.0,1.76116888,0.0145192197,0.005116383,0.30750693,0.000117996078
0.00603178422,13.1791364,13.8089579,13.1288928,20.1084913,12.6682082,13.5216627,1.31916447,0.720371001,12.0006675,12.0,0.0,1.75822477,0.0139904083,0.00510928495,0.299509456,0.000113308826
0.00613178422,13.1512673,13.7809875,13.103035,19.8863465,12.6412469,13.4925384,1.31679195,0.719184745,12.0006406,12.0,0.0,1.754901,0.0134135754,0.00510021518,0.290764038,0.000108229453
0.00623178422,13.1199827,13.7496025,13.0740299,19.6445763,12.61113,13.4600418,1.31412134,0.717849441,12.0006105,12.0,0.0,1.75116857,0.0127904774,0.00508853724,0.281277562,0.00010278377
0.00633178422,13.0849863,13.7144479,13.0415547,19.3834193,12.5776463,13.4239221,1.31112757,0.716352554,12.0005771,12.0,0.0,1.74699524,0.0121239753,0.00507342722,0.271084037,9.70041935e-05
0.00643178422,13.04504,13.6742983,13.0044772,19.1031331,12.5399035,13.383268,1.30770752,0.714642527,12.0005394,12.0,0.0,1.74224734,0.0113996624,0.0050513652,0.259993945,9.07982887e-05
0.00653178422,13.0011789,13.6301585,12.9637199,18.8039945,12.498777,13.33897,1.30395998,0.71276876,12.0004983,12.0,0.0,1.73705372,0.0106542885,0.00502401947,0.248410309,8.4453078e-05
0.00663178422,12.9521378,13.5807617,12.918085,18.4862986,12.4534607,13.2902102,1.29979026,0.7106839,12.000453,12.0,0.0,1.73129216,0.00987851265,0.00498677313,0.236185982,7.79128066e-05
0.00673178422,12.8972073,13.5253043,12.8668283,18.150359,12.4037442,13.2367166,1.29516936,0.708373449,12.0004033,12.0,0.0,1.72492665,0.00908071008,0.00493463612,0.223347594,7.12548407e-05
0.00683178422,12.8355163,13.4628616,12.8090092,17.7965071,12.3496363,13.1784995,1.29008837,0.705832952,12.0003493,12.0,0.0,1.71794895,0.00827347934,0.00485881616,0.209909749,6.45887987e-05
0.00693178422,12.7660876,13.3922356,12.7434132,17.4250923,12.2918388,13.1161727,1.28460501,0.703091274,12.0002915,12.0,0.0,1.71044172,0.00747829828,0.00474253934,0.1958605,5.80927628e-05
0.00703178422,12.6880011,13.312136,12.6685077,17.0364809,12.2329441,13.052266,1.27896243,0.700269983,12.0002327,12.0,0.0,1.70273897,0.00673533051,0.00455077484,0.181101667,5.20894876e-05
0.00713178422,12.6010752,13.2213515,12.5824537,16.6310567,12.180501,12.9940851,1.27389456,0.697736052,12.0001803,12.0,0.0,1.69583831,0.00612669923,0.00420574437,0.165316892,4.7228394e-05
0.00723178422,12.5071748,13.1202573,12.4846993,16.2092196,12.144226,12.9510582,1.27036683,0.695972184,12.0001441,12.0,0.0,1.69104368,0.00573100317,0.00362949192,0.148098245,4.4115001e-05
0.00733178422,12.4089792,13.0107996,12.3774613,15.7713859,12.1206194,12.9194472,1.26806197,0.694819756,12.0001205,12.0,0.0,1.68791472,0.00548200031,0.00288563683,0.129639926,4.21925732e-05
0.00743178422,12.3076485,12.8934406,12.2620496,15.3179878,12.0999505,12.8893846,1.26603792,0.693807729,12.0000999,12.0,0.0,1.68516935,0.00527013852,0.00207962977,0.110399617,4.05735668e-05
0.00753178422,12.2042898,12.7655353,12.1361253,14.8494727,12.0792109,12.8573586,1.26400183,0.692789684,12.0000791,12.0,0.0,1.68240968,0.00506417313,0.00125776385,0.0905658696,3.90076095e-05
0.00763178422,12.1023625,12.6162424,11.9888641,14.3663029,12.0580354,12.8221325,1.26191771,0.691747628,12.000058,12.0,0.0,1.67958698,0.00485994245,0.00047113796,0.0702199191,3.74672909e-05
0.00773178422,12.0366173,12.3342019,11.708985,13.8689554,12.0368048,12.7820733,1.25982304,0.690700289,12.0000368,12.0,0.0,1.67675199,0.00465264349,1.98819875e-06,0.0494037799,3.59804476e-05
0.00778897482,12.0251382,12.0816369,11.4577126,13.5783351,12.0248037,12.7556071,1.25863676,0.69010715,12.0000248,12.0,0.0,1.67514732,0.00453212569,3.35056443e-06,0.0374200829,3.51647258e-05
0.00782197658,12.0175224,11.936708,11.31354,13.4086326,12.0178767,12.7381545,1.25795132,0.689764429,12.0000179,12.0,0.0,1.67422041,0.00446392106,-3.54359455e-06,0.0304786145,3.47018522e-05
0.00785341286,12.0116601,11.7926137,11.1701573,13.2456395,12.0113288,12.7193747,1.25730292,0.689440229,12.0000113,12.0,0.0,1.67334378,0.00439979544,3.3130725e-06,0.0239295082,3.42696022e-05
0.00791628541,11.9982565,11.5055111,10.8844601,12.9157936,11.9986093,12.6692203,1.2560421,0.688809821,11.9999986,12.0,0.0,1.67163966,0.00427711132,-3.52801876e-06,0.0112095723,3.34444422e-05
0.00799862777,11.9878596,11.1016221,10.4819373,12.4762034,11.987528,12.473582,1.25494229,0.688259914,11.9999875,12.0,0.0,1.67015369,0.00416208208,3.31589972e-06,0.00011998752,3.27408948e-05
0.00805426202,11.9871856,10.8088224,10.1894085,12.1744522,11.9875384,12.1714482,1.25494333,0.688260434,11.9999876,12.0,0.0,1.67015509,0.00414180247,-3.52817974e-06,0.000136757515,3.27415531e-05
0.0080886631,11.9876042,10.6230472,10.0037848,11.9859996,11.9872722,11.9890034,1.25491688,0.688247213,11.9999873,12.0,0.0,1.67011937,0.00412684393,3.3205807e-06,-0.000136525712,3.27248214e-05
0.00812169759,11.9871858,10.446401,9.82728838,11.8037154,11.987538,11.8007194,1.25494328,0.688260411,11.9999876,12.0,0.0,1.67015503,0.00411661705,-3.51892581e-06,0.000136237529,3.27415252e-05
0.00818776657,11.987604,10.0847539,9.46594128,11.4353528,11.9872721,11.4383563,1.25491687,0.688247207,11.9999873,12.0,0.0,1.67011936,0.00408948507,3.3247462e-06,-0.000136499998,3.27248146e-05
0.00828776657,11.9871864,9.53215446,8.91380936,10.8684916,11.9875378,10.8654943,1.25494327,0.688260403,11.9999876,12.0,0.0,1.67015501,0.00405321097,-3.50774634e-06,0.000136259834,3.27415157e-05
0.00838776657,11.9876045,8.96597076,8.34810587,10.2909045,11.9872718,10.2939073,1.25491685,0.688247194,11.9999873,12.0,0.0,1.67011933,0.00401182132,3.33311138e-06,-0.000136472251,3.27247999e-05
0.00848776657,11.9871872,8.39296691,7.77559769,9.70316155,11.9875376,9.70016409,1.25494324,0.68826039,11.9999876,12.0,0.0,1.67015498,0.00397399973,-3.49912983e-06,0.000136272277,3.27414996e-05
0.00858776657,11.987605,7.80748278,7.19061996,9.10584272,11.9872716,9.10884504,1.25491682,0.688247181,11.9999873,12.0,0.0,1.67011929,0.00393130532,3.33854704e-06,-0.000136456537,3.2724784e-05
0.00868776657,11.9871877,7.2163452,6.60000447,8.49953753,11.9875373,8.49653952,1.25494321,0.688260376,11.9999875,12.0,0.0,1.67015494,0.00389218521,-3.49282545e-06,0.0001362787,3.27414838e-05
0.00878776657,11.9876052,6.61386431,5.99805554,7.88484431,11.9872713,7.88784622,1.25491679,0.688247167,11.9999873,12.0,0.0,1.67011925,0.0038483484,3.3424461e-06,-0.000136445696,3.27247672e-05
0.00888776657,11.987188,6.00693242,5.3916715,7.26236971,11.987537,7.25937158,1.25494318,0.688260361,11.9999875,12.0,0.0,1.6701549,0.00380809099,-3.48784779e-06,0.000136282514,3.27414662e-05
0.00898776657,11.9876053,5.38982562,4.77512154,6.63272802,11.987271,6.63572972,1.25491677,0.688247152,11.9999873,12.0,0.0,1.67011921,0.00376327794,3.34544541e-06,-0.000136437388,3.27247493e-05
0.00908776657,11.9871881,4.76950122,4.15536996,5.99654063,11.9875367,5.99354243,1.25494315,0.688260346,11.9999875,12.0,0.0,1.67015486,0.00372204911,-3.48370294e-06,0.000136284983,3.2741448e-05
0.00918776657,11.9876053,4.1401972,3.52664683,5.35443538,11.9872707,5.35743691,1.25491674,0.688247136,11.9999873,12.0,0.0,1.67011917,0.00367642976,3.34787929e-06,-0.00013643059,3.27247309e-05
0.00928776657,11.9871882,3.50893498,2.89598153,4.70704595,11.9875364,4.7040477,1.25494312,0.68826033,11.9999875,12.0,0.0,1.67015482,0.00363439915,-3.48011345e-06,0.000136286683,3.27414294e-05
0.00938776657,11.9876052,2.8699106,2.25756116,4.05501123,11.9872704,4.05801262,1.2549167,0.68824712,11.9999873,12.0,0.0,1.67011913,0.00358814664,3.34994056e-06,-0.000136424776,3.2724712e-05
0.00948776657,11.9871883,2.23020844,1.618479,3.39897471,11.9875361,3.39597642,1.25494309,0.688260314,11.9999875,12.0,0.0,1.67015478,0.00354548706,-3.47691049e-06,0.000136287918,3.27414103e-05
0.00958776657,11.9876051,1.58397895,0.972875563,2.73958381,11.9872701,2.74258508,1.25491667,0.688247104,11.9999873,12.0,0.0,1.67011909,0.003498777,3.35174819e-06,-0.00013641964,3.27246929e-05
0.00968776657,11.9871883,0.938368045,0.327906583,2.07748927,11.9875358,2.07449095,1.25494306,0.688260298,11.9999875,12.0,0.0,1.67015474,0.00345566373,-3.47398509e-06,0.000136288859,3.27413911e-05
0.00978776657,11.9876093,0.701987078,0.113763336,1.4133445,11.9872681,1.41634562,1.25347616,0.676462306,11.9999873,12.0,0.0,1.66873423,0.00215221655,3.41201852e-06,-0.000136414993,4.88163256e-05
0.00988776657,11.987181,0.571028223,0.0506845755,0.747804924,11.9875268,0.744806552,1.24755308,0.648310327,11.9999875,12.0,0.0,1.6630503,0.000539157205,-3.45861211e-06,0.000136289614,0.000115294252
0.00993939923,11.9875919,0.400109663,0.0186974081,0.403838744,11.9872535,0.406839775,1.24125592,0.629736674,11.9999873,12.0,0.0,1.65698619,7.9183536e-06,3.38366511e-06,-0.000136410455,0.00018532787
0.0100048384,11.987169,-0.0385282025,0.0197370899,-0.0322443458,11.9875195,-0.0352426809,1.24152357,0.630380557,11.9999875,12.0,0.0,1.65725377,2.25472454e-05,-3.5052548e-06,0.00013628796,0.00018265155
0.0100535222,11.9875916,-0.350245757,0.0164982891,-0.356672625,11.9872527,-0.35367169,1.24072501,0.628391052,11.9999873,12.0,0.0,1.65647579,-2.28595723e-05,3.38893135e-06,-0.00013640598,0.000191258354
0.0100989467,11.9871682,-0.665588436,0.0197279104,-0.65930654,11.9875193,-0.662304818,1.24152126,0.63037493,11.9999875,12.0,0.0,1.65725155,2.25473668e-05,-3.51131788e-06,0.000136285391,0.000182674991
0.0101897956,11.9875921,-1.25770455,0.0165024764,-1.26410997,11.9872525,-1.26110914,1.24072602,0.628393614,11.9999873,12.0,0.0,1.65647675,-2.28063475e-05,3.39597053e-06,-0.000136401619,0.000191246864
0.0102897956,11.9871678,-1.93491291,0.0197293215,-1.9286248,11.987519,-1.93162309,1.24152157,0.630375776,11.9999875,12.0,0.0,1.65725183,2.25674846e-05,-3.51261437e-06,0.000136285759,0.00018267119
0.0103897956,11.9875923,-2.58484322,0.016504786,-2.59123631,11.9872522,-2.58823556,1.24072656,0.628395019,11.9999873,12.0,0.0,1.65647726,-2.27743023e-05,3.40130415e-06,-0.000136397833,0.000191240465
0.0104897956,11.9871674,-3.25758111,0.0197299095,-3.25129058,11.9875187,-3.25428887,1.24152168,0.630376121,11.9999875,12.0,0.0,1.65725193,2.25758513e-05,-3.51361884e-06,0.000136286267,0.000182669553
0.0105897956,11.9875925,-3.9017517,0.0165062923,-3.90813621,11.9872519,-3.90513554,1.2407269,0.628395931,11.9999873,12.0,0.0,1.65647757,-2.27534061e-05,3.40640033e-06,-0.000136394218,0.000191236261
0.0106897956,11.9871669,-4.56741638,0.0197301594,-4.56112499,11.9875184,-4.5641233,1.24152171,0.63037626,11.9999875,12.0,0.0,1.65725195,2.25793969e-05,-3.514587e-06,0.00013628675,0.000182668806
0.0107897956,11.9875927,-5.2032348,0.0165074287,-5.20961249,11.9872516,-5.2066119,1.24072715,0.628396616,11.9999873,12.0,0.0,1.65647781,-2.27376325e-05,3.41130155e-06,-0.00013639074,0.000191233067
0.0108897956,11.9871665,-5.85925027,0.0197302572,-5.85295873,11.9875181,-5.85595705,1.24152171,0.630376307,11.9999875,12.0,0.0,1.65725193,2.25807807e-05,-3.51551191e-06,0.000136287221,0.00018266846
0.0109897956,11.9875929,-6.48415694,0.0165083571,-6.49052881,11.9872513,-6.48752829,1.24072736,0.628397174,11.9999873,12.0,0.0,1.65647799,-2.27247456e-05,3.41604093e-06,-0.000136387372,0.000191230443
0.0110897956,11.9871661,-7.12798486,0.0197302765,-7.12169352,11.9875178,-7.12469185,1.24152169,0.630376307,11.9999875,12.0,0.0,1.6572519,2.25810452e-05,-3.51638966e-06,0.000136287692,0.000182668322
0.0111897956,11.987593,-7.73946327,0.0165091535,-7.74582998,11.987251,-7.74282953,1.24072753,0.628397651,11.9999873,12.0,0.0,1.65647814,-2.27136885e-05,3.42064479e-06,-0.000136384094,0.000191228181
0.0112897956,11.9871658,-8.36861318,0.0197302517,-8.36232223,11.9875175,-8.36532057,1.24152166,0.63037628,11.9999875,12.0,0.0,1.65725186,2.25806806e-05,-3.51721847e-06,0.000136288168,0.000182668303
0.0113897956,11.9875932,-8.9641999,0.0165098596,-8.97056189,11.9872507,-8.96756151,1.24072768,0.628398073,11.9999873,12.0,0.0,1.65647827,-2.27038832e-05,3.42513433e-06,-0.000136380891,0.000191226168
0.0114897956,11.9871654,-9.57623913,0.0197302008,-9.56994868,11.9875172,-9.57294704,1.24152163,0.630376237,11.9999875,12.0,0.0,1.65725182,2.25799451e-05,-3.51799795e-06,0.000136288656,0.000182668354
0.0115897956,11.9875933,-10.1535335,0.0165105007,-10.1598911,11.9872504,-10.1568908,1.24072781,0.628398455,11.9999873,12.0,0.0,1.65647839,-2.26949808e-05,3.42952687e-06,-0.000136377748,0.000191224335
0.0116897956,11.987165,-10.7460968,0.0197301341,-10.7398069,11.9875169,-10.7428053,1.24152159,0.630376185,11.9999875,12.0,0.0,1.65725177,2.25789858e-05,-3.51872877e-06,0.000136289159,0.00018266845
0.0117897956,11.9875935,-11.3027704,0.016511093,-11.3091239,11.9872501,-11.3061236,1.24072793,0.628398808,11.9999873,12.0,0.0,1.6564785,-2.26867557e-05,3.43383671e-06,-0.000136374655,0.000191222637
0.0118897956,11.9871647,-11.8735693,0.019730058,-11.86728,11.9875166,-11.8702784,1.24152155,0.630376128,11.9999875,12.0,0.0,1.65725172,2.25778912e-05,-3.51941225e-06,0.000136289678,0.000182668573
0.0119897956,11.9875937,-12.4073751,0.0165116476,-12.4137247,11.9872498,-12.4107245,1.24072805,0.628399138,11.9999873,12.0,0.0,1.6564786,-2.26790533e-05,3.43807577e-06,-0.000136371605,0.000191221046
0.0120897956,11.9871644,-12.9542071,0.0197299762,-12.9479184,11.9875164,-12.9509168,1.24152151,0.630376068,11.9999875,12.0,0.0,1.65725167,2.25767167e-05,-3.52005025e-06,0.000136290215,0.000182668714
0.0121897956,11.9875938,-13.4629884,0.0165121725,-13.4693342,11.9872496,-13.4663341,1.24072816,0.62839945,11.9999873,12.0,0.0,1.65647869,-2.26717636e-05,3.4422541e-06,-0.000136368589,0.00019121954
0.0122897956,11.9871641,-13.9837454,0.0197298913,-13.9774573,11.9875161,-13.9804557,1.24152147,0.630376006,11.9999875,12.0,0.0,1.65725162,2.25754976e-05,-3.52064496e-06,0.000136290771,0.000182668867
0.0123897956,11.987594,-14.4654443,0.0165126735,-14.4717864,11.9872494,-14.4687863,1.24072826,0.628399748,11.9999873,12.0,0.0,1.65647878,-2.26648054e-05,3.44638019e-06,-0.000136365602,0.000191218102
0.0124897956,11.9871638,-14.958121,0.0197298049,-14.9518335,11.9875159,-14.9548319,1.24152143,0.630375944,11.9999875,12.0,0.0,1.65725158,2.25742569e-05,-3.52119884e-06,0.000136291345,0.000182669028
0.0125897956,11.9875942,-15.4107865,0.0165131551,-15.417125,11.9872491,-15.4141251,1.24072836,0.628400035,11.9999873,12.0,0.0,1.65647887,-2.2658117e-05,3.45046132e-06,-0.000136362639,0.000191216722
0.0126897956,11.9871635,-15.8734886,0.0197297179,-15.8672017,11.9875157,-15.8702001,1.24152139,0.630375882,11.9999875,12.0,0.0,1.65725153,2.25730097e-05,-3.52171454e-06,0.000136291938,0.000182669195
0.0127897956,11.9875944,-16.2952843,0.0165136207,-16.3016194,11.9872489,-16.2986195,1.24072846,0.628400313,11.9999873,12.0,0.0,1.65647896,-2.26516503e-05,3.45450373e-06,-0.000136359696,0.000191215389
0.0128897956,11.9871632,-16.7262357,0.0197296311,-16.7199493,11.9875155,-16.7229477,1.24152135,0.630375821,11.9999875,12.0,0.0,1.65725149,2.25717657e-05,-3.5221948e-06,0.000136292549,0.000182669365
0.0129897956,11.9875946,-17.115447,0.0165140732,-17.1217787,11.9872487,-17.1187788,1.24072855,0.628400583,11.9999873,12.0,0.0,1.65647904,-2.26453671e-05,3.45851285e-06,-0.00013635677,0.000191214097
0.0130897956,11.987163,-17.5129967,0.0197295449,-17.5067109,11.9875153,-17.5097093,1.24152132,0.630375761,11.9999875,12.0,0.0,1.65725145,2.25705308e-05,-3.52264251e-06,0.000136293176,0.000182669538
0.0131897956,11.9875948,-17.8680378,0.0165145147,-17.8743661,11.9872486,-17.8713663,1.24072865,0.628400847,11.9999873,12.0,0.0,1.65647912,-2.26392365e-05,3.4624934e-06,-0.000136353858,0.00019121284
0.0132897956,11.9871628,-18.2306667,0.0197294596,-18.2243815,11.9875151,-18.2273799,1.24152128,0.630375703,11.9999875,12.0,0.0,1.65725141,2.25693086e-05,-3.52306056e-06,0.000136293819,0.000182669714
0.0133897956,11.987595,-18.5500865,0.0165149471,-18.5564116,11.9872484,-18.5534119,1.24072874,0.628401106,11.9999873,12.0,0.0,1.65647921,-2.26332328e-05,3.46644951e-06,-0.000136350956,0.000191211613
0.0134897956,11.9871626,-18.8764135,0.0197293753,-18.8701287,11.9875149,-18.8731272,1.24152125,0.630375645,11.9999875,12.0,0.0,1.65725137,2.25681008e-05,-3.52345194e-06,0.000136294477,0.000182669892
0.0135897956,11.9875953,-19.1589016,0.0165153719,-19.1652234,11.9872482,-19.1622237,1.24072883,0.628401361,11.9999873,12.0,0.0,1.65647929,-2.26273346e-05,3.47038488e-06,-0.000136348064,0.000191210411
0.0136897956,11.9871624,-19.4476885,0.0197292919,-19.4414043,11.9875148,-19.4444027,1.24152122,0.630375589,11.9999875,12.0,0.0,1.65725134,2.25669078e-05,-3.52381964e-06,0.000136295147,0.000182670072
0.0137897956,11.9875956,-19.6920802,0.0165157905,-19.6983988,11.9872481,-19.6953992,1.24072893,0.628401613,11.9999873,12.0,0.0,1.65647938,-2.26215234e-05,3.47430276e-06,-0.00013634518,0.000191209232
0.0138897956,11.9871623,-19.9422371,0.0197292095,-19.9359534,11.9875147,-19.9389519,1.24152119,0.630375534,11.9999875,12.0,0.0,1.6572513,2.25657292e-05,-3.52416668e-06,0.000136295829,0.000182670255
0.0139897956,11.9875958,-20.1475183,0.016516204,-20.1538337,11.987248,-20.1508341,1.24072902,0.628401862,11.9999873,12.0,0.0,1.65647946,-2.26157834e-05,3.47820611e-06,-0.000136342301,0.000191208073
0.0140897956,11.9871621,-20.3581077,0.019729128,-20.3518245,11.9875146,-20.354823,1.24152116,0.63037548,11.9999875,12.0,0.0,1.65725127,2.25645637e-05,-3.52449608e-06,0.000136296521,0.000182670441
0.0141897956,11.9875961,-20.5234183,0.0165166135,-20.5297305,11.9872479,-20.5267311,1.24072911,0.62840211,11.9999873,12.0,0.0,1.65647955,-2.26101005e-05,3.48209762e-06,-0.000136339428,0.00019120693
0.0142897956,11.987162,-20.6936589,0.0197290472,-20.6873762,11.9875145,-20.6903747,1.24152114,0.630375428,11.9999875,12.0,0.0,1.65725125,2.25634097e-05,-3.52481088e-06,0.000136297221,0.000182670631
0.0143897956,11.9875965,-20.8182968,0.0165170198,-20.8246059,11.9872479,-20.8216065,1.24072921,0.628402357,11.9999873,12.0,0.0,1.65647964,-2.26044619e-05,3.48597976e-06,-0.000136336557,0.000191205801
0.0144897956,11.9871619,-20.9475665,0.0197289671,-20.9412843,11.9875144,-20.9442828,1.24152112,0.630375377,11.9999875,12.0,0.0,1.65725122,2.25622653e-05,-3.52511412e-06,0.000136297927,0.000182670825
0.0145897956,11.9875968,-21.0309902,0.0165174238,-21.0372961,11.9872478,-21.0342968,1.2407293,0.628402603,11.9999873,12.0,0.0,1.65647972,-2.25988561e-05,3.48985484e-06,-0.00013633369,0.000191204685
0.0146897956,11.9871618,-21.1188285,0.0197288874,-21.1125467,11.9875144,-21.1155453,1.24152109,0.630375327,11.9999875,12.0,0.0,1.6572512,2.2561128e-05,-3.52540884e-06,0.000136298638,0.000182671023
0.0147897956,11.9875972,-21.1606589,0.0165178262,-21.1669617,11.9872478,-21.1639624,1.2407294,0.628402849,11.9999873,12.0,0.0,1.65647982,-2.25932721e-05,3.49372503e-06,-0.000136330824,0.000191203579
0.0148897956,11.9871618,-21.2067688,0.019728808,-21.2004875,11.9875144,-21.2034861,1.24152107,0.630375278,11.9999875,12.0,0.0,1.65725118,2.25599957e-05,-3.52569808e-06,0.000136299352,0.000182671226
0.0149897956,11.9875976,-21.2067913,0.0165182279,-21.213091,11.9872478,-21.2100918,1.2407295,0.628403096,11.9999873,12.0,0.0,1.65647991,-2.25876996e-05,3.49759246e-06,-0.000136327959,0.000191202481
0.0150897956,11.9871618,-21.2110406,0.0197287288,-21.2047597,11.9875144,-21.2077583,1.24152105,0.630375229,11.9999875,12.0,0.0,1.65725116,2.25588656e-05,-3.52598487e-06,0.000136300067,0.000182671434
0.0151897956,11.987598,-21.1692053,0.0165186296,-21.1755019,11.9872478,-21.1725027,1.2407296,0.628403343,11.9999873,12.0,0.0,1.65648001,-2.25821283e-05,3.50145919e-06,-0.000136325094,0.000191201389
0.0152897956,11.9871618,-21.1316268,0.0197286494,-21.1253464,11.9875144,-21.128345,1.24152104,0.630375182,11.9999875,12.0,0.0,1.65725114,2.25577354e-05,-3.52627227e-06,0.000136300782,0.000182671649
0.0153897956,11.9875984,-21.0480492,0.0165190319,-21.0543428,11.9872478,-21.0513437,1.2407297,0.628403591,11.9999873,12.0,0.0,1.65648011,-2.25765483e-05,3.50532726e-06,-0.000136322228,0.000191200301
0.0154897956,11.9871618,-20.9688409,0.0197285699,-20.962561,11.9875144,-20.9655596,1.24152102,0.630375135,11.9999875,12.0,0.0,1.65725113,2.25566024e-05,-3.52656328e-06,0.000136301493,0.000182671869
0.0155897956,11.9875988,-20.8438014,0.0165194357,-20.8500917,11.9872479,-20.8470927,1.2407298,0.628403841,11.9999873,12.0,0.0,1.65648021,-2.2570949e-05,3.50919878e-06,-0.00013631936,0.000191199215
0.0156897956,11.9871618,-20.7233254,0.0197284899,-20.717046,11.9875145,-20.7200446,1.24152101,0.630375089,11.9999875,12.0,0.0,1.65725112,2.25554644e-05,-3.52686095e-06,0.000136302201,0.000182672097
0.0157897956,11.9875993,-20.5572677,0.0165198417,-20.5635549,11.987248,-20.560556,1.2407299,0.628404093,11.9999873,12.0,0.0,1.65648031,-2.25653197e-05,3.51307589e-06,-0.00013631649,0.000191198129
0.0158897956,11.9871618,-20.3960491,0.0197284094,-20.3897702,11.9875146,-20.3927689,1.24152099,0.630375043,11.9999875,12.0,0.0,1.65725111,2.25543191e-05,-3.5271683e-06,0.000136302902,0.000182672331
0.0159897956,11.9875998,-20.1895791,0.0165202507,-20.1958632,11.9872481,-20.1928643,1.24073001,0.628404348,11.9999873,12.0,0.0,1.65648042,-2.2559649e-05,3.51696086e-06,-0.000136313616,0.000191197041
0.0160897956,11.9871619,-19.9883038,0.0197283282,-19.9820253,11.9875147,-19.985024,1.24152098,0.630374998,11.9999875,12.0,0.0,1.6572511,2.25531645e-05,-3.52748833e-06,0.000136303596,0.000182672573
0.0161897956,11.9876003,-19.7421867,0.0165206637,-19.7484676,11.9872482,-19.7454688,1.24073012,0.628404606,11.9999873,12.0,0.0,1.65648053,-2.25539243e-05,3.52085612e-06,-0.000136310737,0.000191195947
0.0162897956,11.987162,-19.5016985,0.0197282461,-19.4954205,11.9875148,-19.4984192,1.24152097,0.630374952,11.9999875,12.0,0.0,1.6572511,2.2551999e-05,-3.52782404e-06,0.00013630428,0.000182672822
0.0163897956,11.9876008,-19.2168561,0.0165210816,-19.2231338,11.9872483,-19.220135,1.24073024,0.628404868,11.9999873,12.0,0.0,1.65648064,-2.25481318e-05,3.52476427e-06,-0.000136307852,0.000191194846
0.0164897956,11.9871621,-18.9381537,0.0197281632,-18.9318762,11.9875149,-18.9348749,1.24152097,0.630374907,11.9999875,12.0,0.0,1.65725109,2.25508214e-05,-3.52817843e-06,0.000136304953,0.000182673079
0.0165897956,11.9876014,-18.6156606,0.0165215056,-18.6219351,11.9872485,-18.6189364,1.24073035,0.628405134,11.9999873,12.0,0.0,1.65648076,-2.25422558e-05,3.52868818e-06,-0.00013630496,0.000191193733
0.0166897956,11.9871622,-18.2998934,0.0197280793,-18.2936164,11.9875151,-18.2966151,1.24152096,0.630374863,11.9999875,12.0,0.0,1.65725109,2.25496312e-05,-3.52855446e-06,0.000136305613,0.000182673343
0.0167897956,11.9876019,-17.9409729,0.0165219369,-17.9472441,11.9872487,-17.9442455,1.24073047,0.628405406,11.9999873,12.0,0.0,1.65648088,-2.25362785e-05,3.53263103e-06,-0.000136302059,0.000191192606
0.0168897956,11.9871624,-17.5894365,0.0197279946,-17.5831601,11.9875152,-17.5861588,1.24152095,0.630374818,11.9999875,12.0,0.0,1.65725109,2.25484289e-05,-3.52895507e-06,0.00013630626,0.000182673615
0.0169897956,11.9876025,-17.1954557,0.0165223771,-17.2017236,11.9872488,-17.198725,1.24073059,0.628405684,11.9999873,12.0,0.0,1.65648101,-2.25301787e-05,3.53659636e-06,-0.000136299146,0.000191191459
0.0170897956,11.9871625,-16.8095869,0.0197279091,-16.8033111,11.9875154,-16.8063098,1.24152095,0.630374773,11.9999875,12.0,0.0,1.6572511,2.25472163e-05,-3.52938315e-06,0.000136306891,0.000182673893
0.0171897956,11.9876031,-16.3820512,0.0165228279,-16.3883157,11.9872491,-16.3853172,1.24073072,0.628405968,11.9999873,12.0,0.0,1.65648114,-2.25239315e-05,3.54058817e-06,-0.00013629622,0.000191190288
0.0172897956,11.9871627,-15.9634224,0.0197278231,-15.957147,11.9875156,-15.9601458,1.24152094,0.630374729,11.9999875,12.0,0.0,1.6572511,2.25459968e-05,-3.52984154e-06,0.000136307505,0.000182674177
0.0173897956,11.9876037,-15.5039695,0.0165232916,-15.5102306,11.9872493,-15.5072322,1.24073085,0.628406262,11.9999873,12.0,0.0,1.65648127,-2.25175069e-05,3.54461101e-06,-0.000136293277,0.000191189087
0.0174897956,11.9871628,-15.0542822,0.0197277369,-15.0480074,11.9875159,-15.0510062,1.24152094,0.630374686,11.9999875,12.0,0.0,1.65725111,2.25447763e-05,-3.53033301e-06,0.000136308102,0.000182674466
0.0175897956,11.9876044,-14.5646762,0.0165237707,-14.5709337,11.9872495,-14.5679353,1.24073099,0.628406565,11.9999873,12.0,0.0,1.65648141,-2.25108677e-05,3.54867011e-06,-0.000136290315,0.000191187848
0.0176897956,11.987163,-14.0857544,0.0197276513,-14.0794802,11.9875161,-14.082479,1.24152094,0.630374643,11.9999875,12.0,0.0,1.65725111,2.25435643e-05,-3.53086021e-06,0.00013630868,0.000182674758
0.0177897956,11.987605,-13.5678781,0.0165242688,-13.574132,11.9872498,-13.5711337,1.24073113,0.628406881,11.9999873,12.0,0.0,1.65648156,-2.25039674e-05,3.55277147e-06,-0.000136287329,0.000191186562
0.0178897956,11.9871632,-13.0616614,0.0197275674,-13.0553878,11.9875163,-13.0583866,1.24152094,0.630374602,11.9999875,12.0,0.0,1.65725112,2.25423756e-05,-3.53142565e-06,0.00013630924,0.000182675049
0.0179897956,11.9876057,-12.5175093,0.01652479,-12.5237594,11.98725,-12.5207612,1.24073128,0.628407211,11.9999873,12.0,0.0,1.65648171,-2.24967462e-05,3.55692207e-06,-0.000136284315,0.000191185216
0.0180897956,11.9871634,-11.9860447,0.0197274866,-11.9797716,11.9875166,-11.9827705,1.24152094,0.630374563,11.9999875,12.0,0.0,1.65725114,2.25412327e-05,-3.53203166e-06,0.000136309782,0.000182675335
0.0181897956,11.9876064,-11.417715,0.01652534,-11.4239613,11.9872503,-11.4209631,1.24073143,0.628407559,11.9999873,12.0,0.0,1.65648187,-2.24891258e-05,3.5611301e-06,-0.000136281266,0.000191183795
0.0182897956,11.9871636,-10.8631493,0.0197274114,-10.8568768,11.9875169,-10.8598757,1.24152094,0.630374528,11.9999875,12.0,0.0,1.65725115,2.254017e-05,-3.53268026e-06,0.000136310305,0.000182675609
0.0183897956,11.9876071,-10.2728358,0.0165259264,-10.279078,11.9872506,-10.2760798,1.2407316,0.628407931,11.9999873,12.0,0.0,1.65648204,-2.24810002e-05,3.56540519e-06,-0.000136278177,0.000191182278
0.0184897956,11.9871638,-9.69740681,0.0197273455,-9.69113488,11.9875172,-9.69413372,1.24152095,0.630374499,11.9999875,12.0,0.0,1.65725117,2.25392408e-05,-3.53337312e-06,0.000136310812,0.000182675862
0.0185897956,11.9876079,-9.08739001,0.0165265599,-9.09362782,11.9872509,-9.09062977,1.24073178,0.628408331,11.9999873,12.0,0.0,1.65648222,-2.24722215e-05,3.56975877e-06,-0.000136275037,0.000191180635
0.0186897956,11.987164,-8.49341791,0.019727295,-8.48714645,11.9875175,-8.4901453,1.24152096,0.63037448,11.9999875,12.0,0.0,1.65725119,2.25385305e-05,-3.53411136e-06,0.000136311304,0.000182676077
0.0187897956,11.9876086,-7.86605613,0.0165272561,-7.87228929,11.9872512,-7.86929131,1.24073197,0.628408771,11.9999873,12.0,0.0,1.65648242,-2.24625739e-05,3.57420456e-06,-0.000136271839,0.000191178824
0.0188897956,11.9871643,-7.25593421,0.0197272696,-7.24966313,11.9875178,-7.25266199,1.24152098,0.630374477,11.9999875,12.0,0.0,1.65725122,2.25381795e-05,-3.53489537e-06,0.000136311785,0.000182676229
0.0189897956,11.9876094,-6.61365435,0.0165280388,-6.61988243,11.9872515,-6.61688452,1.24073219,0.628409263,11.9999873,12.0,0.0,1.65648264,-2.24517262e-05,3.57875914e-06,-0.000136268567,0.000191176779
0.0190897956,11.9871645,-5.9898396,0.0197272866,-5.9835687,11.9875181,-5.98656757,1.24152101,0.630374499,11.9999875,12.0,0.0,1.65725126,2.25384328e-05,-3.53572452e-06,0.000136312259,0.00018267627
0.0191897956,11.9876102,-5.33512754,0.0165289473,-5.34134992,11.9872518,-5.33835208,1.24073243,0.628409834,11.9999873,12.0,0.0,1.65648289,-2.2439134e-05,3.5834428e-06,-0.000136265207,0.000191174393
0.0192897956,11.9871647,-4.70013091,0.0197273782,-4.69385987,11.9875184,-4.69685875,1.24152106,0.630374568,11.9999875,12.0,0.0,1.65725132,2.25397501e-05,-3.53659666e-06,0.000136312733,0.000182676117
0.0193897956,11.987611,-4.03552181,0.0165300524,-4.04173754,11.9872522,-4.03873978,1.24073273,0.628410525,11.9999873,12.0,0.0,1.65648319,-2.24238124e-05,3.58828064e-06,-0.00013626174,0.000191171471
0.0194897956,11.9871649,-3.39189835,0.0197276119,-3.38562651,11.9875187,-3.3886254,1.24152114,0.630374722,11.9999875,12.0,0.0,1.6572514,2.25430942e-05,-3.53750755e-06,0.000136313217,0.000182675591
0.0195897956,11.9876118,-2.71996683,0.0165315018,-2.72617427,11.9872525,-2.72317659,1.24073311,0.628411427,11.9999873,12.0,0.0,1.65648357,-2.24037145e-05,3.59330419e-06,-0.000136258138,0.000191167611
0.0196897956,11.9871652,-2.07030572,0.0197281558,-2.06403163,11.987519,-2.06703053,1.24152129,0.630375066,11.9999875,12.0,0.0,1.65725156,2.25508623e-05,-3.53844979e-06,0.000136313725,0.00018267425
0.0197897956,11.9876127,-1.3936563,0.0165336807,-1.39985203,11.9872528,-1.39685444,1.24073367,0.628412778,11.9999873,12.0,0.0,1.65648412,-2.23734931e-05,3.59855366e-06,-0.000136254369,0.00019116176
0.0198897956,11.9871654,-0.74057145,0.0197295817,-0.734290956,11.9875193,-0.73728987,1.24152165,0.630375946,11.9999875,12.0,0.0,1.65725192,2.2571211e-05,-3.53941136e-06,0.000136314278,0.000182670588
0.0199897956,11.9876136,-0.061832951,0.0165384059,-0.0680052223,11.9872532,-0.0650077137,1.24073485,0.628415691,11.9999873,12.0,0.0,1.65648527,-2.23079335e-05,3.60408084e-06,-0.00013625039,0.000191148959
0.0200897956,11.9871684,0.512712359,0.0353870555,0.598347625,11.9875236,0.595348697,1.2448799,0.639679735,11.9999875,12.0,0.0,1.66048041,0.00026316872,-3.55162209e-06,0.000136314903,0.000145156921
0.0201897956,11.9876222,0.677209955,0.100360159,1.26410997,11.9872675,1.26710739,1.2527638,0.671843751,11.9999873,12.0,0.0,1.66804941,0.00177739116,3.54689912e-06,-0.000136246142,5.6774538e-05
0.0202817323,11.9871798,0.790852156,0.183378088,1.87510497,11.9875355,1.87210603,1.25481925,0.687066352,11.9999875,12.0,0.0,1.6700357,0.00328917905,-3.55719673e-06,0.000136315457,3.41244423e-05
0.0203817323,11.987632,1.38684701,0.775592709,2.53789421,11.9872704,2.54089153,1.25491703,0.688248303,11.9999873,12.0,0.0,1.67011945,0.00348535518,3.61550647e-06,-0.000136241578,3.27236247e-05
0.0204817323,11.9871812,2.03394536,1.42277136,3.19817886,11.987536,3.19517994,1.25494308,0.688260309,11.9999875,12.0,0.0,1.67015477,0.0035315341,-3.54710171e-06,0.000136316368,3.27414056e-05
0.0205817323,11.9876324,2.67458987,2.06213565,3.85530729,11.9872708,3.85830454,1.25491674,0.68824714,11.9999873,12.0,0.0,1.67011919,0.00357555698,3.61725709e-06,-0.000136236525,3.27247375e-05
0.0206817323,11.9871818,3.3149992,2.70253475,4.508631,11.9875363,4.50563206,1.25494312,0.688260326,11.9999875,12.0,0.0,1.67015481,0.00362061158,-3.54389562e-06,0.000136317553,3.27414246e-05
0.0207817323,11.9876329,3.94757648,3.33396858,5.15750523,11.9872711,5.16050236,1.25491678,0.688247157,11.9999873,12.0,0.0,1.67011923,0.00366384812,3.61922347e-06,-0.000136230829,3.27247574e-05
0.0208817323,11.9871824,4.57865899,3.96496021,5.80128963,11.9875367,5.79829067,1.25494315,0.688260343,11.9999875,12.0,0.0,1.67015485,0.0037084896,-3.54031555e-06,0.000136319171,3.2741444e-05
0.0209817323,11.9876334,5.20068325,4.58595929,6.43934886,11.9872714,6.44234586,1.25491681,0.688247173,11.9999873,12.0,0.0,1.67011927,0.00375074794,3.62153597e-06,-0.000136224207,3.2724777e-05
0.0210817323,11.9871831,5.81993248,5.20505555,7.07105323,11.987537,7.06805422,1.25494318,0.688260359,11.9999875,12.0,0.0,1.6701549,0.00379483161,-3.53621019e-06,0.000136321499,3.27414631e-05
0.0211817323,11.9876339,6.42893692,5.81313706,7.69577932,11.9872717,7.69877616,1.25491684,0.68824719,11.9999873,12.0,0.0,1.67011932,0.00383598692,3.62437522e-06,-0.000136216178,3.27247964e-05
0.0212817323,11.9871839,7.03392683,6.41792839,8.31291061,11.9875373,8.30991154,1.25494321,0.688260375,11.9999875,12.0,0.0,1.67015494,0.00387927417,-3.53131996e-06,0.000136325056,3.27414819e-05
0.0213817323,11.9876345,7.62749936,7.01066729,8.92183805,11.9872721,8.92483469,1.25491687,0.688247206,11.9999873,12.0,0.0,1.67011936,0.00391919082,3.62804374e-06,-0.000136205824,3.27248155e-05
0.0214817323,11.9871847,8.21584897,7.59878586,9.52196072,11.9875376,9.51896157,1.25494324,0.68826039,11.9999876,12.0,0.0,1.67015498,0.0039614872,-3.52519381e-06,0.000136330951,3.27415004e-05
0.0215817323,11.9876352,8.79164028,8.17382231,10.1126864,11.9872724,10.1156827,1.2549169,0.688247221,11.9999873,12.0,0.0,1.6701194,0.00400002414,3.63311279e-06,-0.000136191114,3.27248343e-05
0.0216817323,11.9871857,9.36103428,8.74296365,10.693432,11.9875379,10.6904327,1.25494327,0.688260405,11.9999876,12.0,0.0,1.67015502,0.00404114466,-3.51695108e-06,0.000136342061,3.27415186e-05
0.0217817323,11.9876361,9.91676512,9.29800977,11.2636245,11.9872727,11.2666205,1.25491693,0.688247237,11.9999873,12.0,0.0,1.67011944,0.00407816263,3.64080216e-06,-0.000136166164,3.2724853e-05
0.0218817323,11.9871869,10.4649629,9.84594214,11.8227012,11.9875382,11.8197015,1.2549433,0.688260421,11.9999876,12.0,0.0,1.67015506,0.00411793144,-3.50456572e-06,0.000136369722,3.27415369e-05
0.0219817323,11.9876752,10.9983439,10.3787024,12.3701103,11.9873098,12.3722958,1.25492062,0.688249081,11.9999873,12.0,0.0,1.67012442,0.0041532137,3.65428061e-06,-9.9332976e-05,3.27271851e-05
0.0220817323,11.9980325,11.4958349,10.8749855,12.9053116,11.9983822,12.6637352,1.25601957,0.688798558,11.9999984,12.0,0.0,1.67160922,0.00427463888,-3.49746642e-06,0.0109807626,3.34298821e-05
0.0221817323,12.0190704,11.9508783,11.3276333,13.4277769,12.0187039,12.7392595,1.25803319,0.689805366,12.0000187,12.0,0.0,1.67433112,0.00447178524,3.6652256e-06,0.0313023857,3.47568187e-05
0.0222817323,12.0409758,12.387836,11.7624699,13.9369906,12.0396661,12.7874877,1.26010563,0.690841586,12.0000396,12.0,0.0,1.67713435,0.00468131098,1.34578014e-05,0.0528036839,3.6177543e-05
0.0223817323,12.1167852,12.6353213,12.0076874,14.4324502,12.0609435,12.8268406,1.26220423,0.691890888,12.0000609,12.0,0.0,1.67997492,0.00488742762,0.000558442396,0.0731987081,3.76753901e-05
0.0224817323,12.2173435,12.7867557,12.1572026,14.9136667,12.0820501,12.8613969,1.26428086,0.692929203,12.000082,12.0,0.0,1.68278776,0.00509225044,0.00151910144,0.093329362,3.92185892e-05
0.0225817323,12.3216225,12.9094118,12.2777885,15.3801652,12.1027409,12.8932665,1.26631146,0.693944499,12.0001026,12.0,0.0,1.68554026,0.00529831595,0.00219500163,0.113064007,4.07886835e-05
0.0226817323,12.4225609,13.0256284,12.3921351,15.8314854,12.1235248,12.9231978,1.2683459,0.694961721,12.0001234,12.0,0.0,1.68830006,0.00551223796,0.0029947651,0.132205763,4.24247924e-05
0.0227817323,12.5202334,13.1342607,12.4984089,16.2671818,12.1481137,12.955735,1.27074583,0.696161684,12.000148,12.0,0.0,1.69155842,0.00577260363,0.00372386672,0.150528205,4.44393965e-05
0.0228817323,12.6133457,13.2340803,12.5948074,16.6868244,12.1868453,13.0010439,1.27450971,0.698043625,12.0001867,12.0,0.0,1.69667509,0.00619785896,0.00426501353,0.167535479,4.77933637e-05
0.0229817323,12.6990818,13.3234836,12.6793316,17.0899992,12.2408913,13.0607864,1.27972692,0.700652228,12.0002407,12.0,0.0,1.70378134,0.00683178276,0.00458191201,0.183146037,5.28650108e-05
0.0230817323,12.7760079,13.4022922,12.753007,17.4763082,12.2996682,13.1244849,1.28535105,0.703464295,12.0002994,12.0,0.0,1.7114618,0.0075821279,0.00476366512,0.197811334,5.89366399e-05
0.0231817323,12.8467556,13.4744613,12.820073,17.8453702,12.3573219,13.1867696,1.29084089,0.706209216,12.000357,12.0,0.0,1.7189697,0.00839368507,0.00489639639,0.2122927,6.55352574e-05
0.0232817323,12.9050105,13.5331634,12.8742738,18.1968209,12.4107267,13.2441122,1.29582118,0.708699359,12.0004103,12.0,0.0,1.72582339,0.00918948803,0.00494284539,0.225123386,7.21583652e-05
0.0233817323,12.9590958,13.5877625,12.9247015,18.5303136,12.4598381,13.2969727,1.30037956,0.710978548,12.0004594,12.0,0.0,1.73210539,0.00998487651,0.0049925833,0.23787937,7.88054498e-05
0.0234817323,13.0073974,13.6364056,12.9696311,18.8455191,12.504575,13.3451189,1.30449047,0.713034002,12.0005041,12.0,0.0,1.73778799,0.0107569906,0.00502822569,0.250018346,8.53235894e-05
0.0235817323,13.0506053,13.6798852,13.0097567,19.1421264,12.5451567,13.3888449,1.30818361,0.714880573,12.0005446,12.0,0.0,1.74290824,0.0114977785,0.00505448627,0.261512908,9.16378018e-05
0.0236817323,13.0892917,13.7187546,13.0456549,19.4198427,12.5818701,13.4284117,1.31149397,0.716535752,12.0005813,12.0,0.0,1.74751086,0.0122018215,0.00507421574,0.272337844,9.76936984e-05
0.0237817323,13.1245595,13.7541942,13.0783669,19.6783939,12.6154864,13.4646728,1.31451132,0.718044431,12.0006149,12.0,0.0,1.751712,0.0128805086,0.00509076341,0.282641964,0.000103561561
0.0238817323,13.1553147,13.785049,13.1068761,19.917525,12.6451378,13.4966788,1.31713703,0.719357286,12.0006445,12.0,0.0,1.75538325,0.013496327,0.00510177914,0.292014303,0.000108953848
0.0239817323,13.1827301,13.8125569,13.1322947,20.1369998,12.67168,13.5253568,1.31947016,0.72052385,12.000671,12.0,0.0,1.75865296,0.0140667716,0.00511051068,0.300661189,0.000113980408
0.0240817323,13.2070125,13.836899,13.1548037,20.3366019,12.6952799,13.5508613,1.3215302,0.72155387,12.0006946,12.0,0.0,1.76154631,0.0145885714,0.00511732993,0.308548259,0.000118611047
0.0241817323,13.2283546,13.8582993,13.1745943,20.5161342,12.7160872,13.5733671,1.32333496,0.722456249,12.0007154,12.0,0.0,1.76408622,0.0150604223,0.00512267757,0.315665379,0.000122822201
0.0242817323,13.2469188,13.8768984,13.1918057,20.6754196,12.7342325,13.592995,1.32489987,0.723238706,12.0007335,12.0,0.0,1.76629258,0.0154807121,0.00512686428,0.321993381,0.000126594547
0.0243817323,13.2628316,13.8928482,13.2065657,20.8143008,12.7498188,13.6098676,1.32623733,0.723907431,12.0007491,12.0,0.0,1.76818127,0.015848491,0.00513012968,0.32752373,0.00012991027
0.0244817323,13.2762002,13.9062364,13.2189625,20.9326408,12.7629351,13.6240656,1.32735793,0.724467736,12.0007622,12.0,0.0,1.76976596,0.0161626886,0.00513265137,0.332242962,0.000132755185
0.0245817323,13.2871056,13.9171649,13.2290804,21.0303228,12.7736492,13.6356715,1.32826995,0.724923741,12.0007729,12.0,0.0,1.77105719,0.0164226408,0.00513456497,0.33614457,0.000135116447
0.0246817323,13.2956153,13.9256841,13.2369719,21.1072505,12.7820183,13.6447351,1.32898022,0.725278876,12.0007812,12.0,0.0,1.77206375,0.0166276779,0.00513597093,0.339219795,0.000136984441
0.0247817323,13.3017764,13.9318585,13.2426886,21.1633478,12.7880822,13.6513078,1.32949367,0.725535604,12.0007873,12.0,0.0,1.77279194,0.0167773749,0.00513694193,0.34146427,0.000138350881
0.0248817323,13.3056252,13.9357095,13.2462558,21.1985594,12.7918724,13.6554139,1.32981408,0.725695806,12.0007911,12.0,0.0,1.77324658,0.0168713841,0.00513752843,0.342873281,0.000139210457
0.0249817323,13.3071814,13.9372712,13.2476989,21.2128507,12.7934054,13.6570789,1.32994352,0.725760529,12.0007926,12.0,0.0,1.77343033,0.0169094994,0.00513775971,0.343444719,0.000139559248
0.0250817323,13.3064549,13.9365407,13.2470197,21.2062074,12.7926901,13.6563047,1.32988303,0.725730282,12.0007919,12.0,0.0,1.7733445,0.0168916536,0.00513764843,0.3431775,0.000139396137
0.0251817323,13.3034403,13.9335245,13.2442201,21.1786361,12.7897215,13.6530929,1.32963206,0.725604797,12.0007889,12.0,0.0,1.77298839,0.0168178569,0.0051371879,0.342071911,0.000138721488
0.0252817323,13.2981224,13.928196,13.2392799,21.1301641,12.7844868,13.6474238,1.32918897,0.725383255,12.0007837,12.0,0.0,1.77235993,0.016688306,0.00513635564,0.340130271,0.000137538361
0.0253817323,13.29047,13.9205341,13.2321764,21.0608392,12.7769593,13.639275,1.32855057,0.725064052,12.0007762,12.0,0.0,1.77145501,0.0165032384,0.00513510772,0.33735544,0.000135851412
0.0254817323,13.2804407,13.910486,13.2228653,20.9707297,12.7671026,13.6286033,1.32771238,0.72464496,12.0007663,12.0,0.0,1.77026793,0.01626312,0.00513338074,0.333753073,0.000133667935
0.0255817323,13.267974,13.8979993,13.2112963,20.8599247,12.7548657,13.6153596,1.32666825,0.724122892,12.0007541,12.0,0.0,1.76879078,0.0159684442,0.00513108288,0.329328842,0.000130996974
0.0256817323,13.2529943,13.882989,13.1973953,20.7285335,12.7401851,13.5994727,1.32541045,0.723493994,12.0007394,12.0,0.0,1.76701369,0.0156199752,0.00512809313,0.324091823,0.000127850229
0.0257817323,13.235404,13.8653634,13.1810767,20.5766857,12.7229794,13.5808617,1.32392925,0.722753395,12.0007223,12.0,0.0,1.76492416,0.0152185152,0.00512424702,0.318050825,0.000124241366
0.0258817323,13.2150837,13.8449942,13.1622266,20.4045312,12.703151,13.55942,1.32221293,0.721895236,12.0007024,12.0,0.0,1.76250714,0.0147651926,0.00511933025,0.311218598,0.000120186854
0.0259817323,13.1918848,13.8217363,13.1407104,20.2122399,12.6805798,13.5350255,1.32024723,0.720912382,12.0006799,12.0,0.0,1.75974427,0.014261215,0.00511305411,0.303607547,0.000115705498
0.0260817323,13.1656264,13.7953991,13.1163571,20.0000015,12.6551234,13.5075254,1.31801523,0.719796382,12.0006545,12.0,0.0,1.75661378,0.0137082038,0.00510503621,0.295234528,0.000110819294
0.0261817323,13.1360851,13.7657596,13.0889602,19.7680256,12.6266109,13.4767437,1.31549676,0.718537149,12.000626,12.0,0.0,1.75308969,0.0131079566,0.00509475279,0.286116148,0.000105553288
0.0262817323,13.1029886,13.7325334,13.0582608,19.516541,12.5948417,13.4424674,1.3126682,0.71712287,12.0005942,12.0,0.0,1.7491415,0.0124628454,0.00508148653,0.276273967,9.99366478e-05
0.0263817323,13.0652377,13.6945981,13.0232254,19.2457959,12.5590039,13.4038448,1.30943567,0.715506603,12.0005584,12.0,0.0,1.74464757,0.0117594847,0.00506233775,0.265543294,9.3882848e-05
0.0264817323,13.0237401,13.6528681,12.9846922,18.9560576,12.5198681,13.3616819,1.30588631,0.713731926,12.0005193,12.0,0.0,1.73972148,0.0110315652,0.0050387204,0.254289887,8.76572574e-05
0.0265817323,12.977372,13.6061901,12.9415765,18.6476119,12.4766817,13.315194,1.30193208,0.711754812,12.0004762,12.0,0.0,1.73424948,0.0102701507,0.00500690447,0.242382751,8.12064261e-05
0.0266817323,12.9254883,13.5538713,12.8932408,18.3207633,12.4291865,13.2640892,1.29753998,0.709558762,12.0004288,12.0,0.0,1.72818985,0.00948213159,0.00496302137,0.229848998,7.45962159e-05
0.0267817323,12.867298,13.4950594,12.8388361,17.9758342,12.3772479,13.2082157,1.29268779,0.707132662,12.0003769,12.0,0.0,1.72151602,0.00867762837,0.00490050937,0.216710188,6.79173094e-05
0.0268817323,12.8018688,13.4286862,12.7773072,17.6131653,12.3211347,13.1477891,1.28739133,0.704484434,12.0003208,12.0,0.0,1.71425362,0.00787291455,0.00480736882,0.202972043,6.13076136e-05
0.0269817323,12.728208,13.3534962,12.7072687,17.2331142,12.2622584,13.0841619,1.28177765,0.701677596,12.000262,12.0,0.0,1.70657937,0.00709692336,0.0046595954,0.188589436,5.50028428e-05
0.0270817323,12.6456214,13.2681375,12.6269895,16.8360561,12.2053318,13.0218924,1.27629898,0.698938258,12.0002051,12.0,0.0,1.69911033,0.00640897915,0.00440289717,0.173371078,4.94753949e-05
0.0271817323,12.5548529,13.1720396,12.5350069,16.4223829,12.1600956,12.9704566,1.27191231,0.696744926,12.0001599,12.0,0.0,1.69314332,0.00590195333,0.00394757718,0.156905744,4.54528696e-05
0.0272817323,12.4585901,13.0665908,12.4322236,15.9925028,12.1315823,12.9345774,1.26913358,0.695355559,12.0001315,12.0,0.0,1.68936899,0.0055968803,0.00327244305,0.139002671,4.30757273e-05
0.0273817323,12.3587048,12.9532384,12.3208719,15.54684,12.1102329,12.9045664,1.26704546,0.694311502,12.0001101,12.0,0.0,1.68653571,0.00537471645,0.00248679047,0.12011038,4.13715678e-05
0.0274817323,12.2561654,12.8312141,12.2008108,15.0858344,12.0896435,12.8737169,1.26502668,0.693302111,12.0000896,12.0,0.0,1.68379849,0.00516696472,0.00166927683,0.100562011,3.97881204e-05
0.0275817323,12.1527183,12.6951676,12.0667587,14.6099408,12.0686849,12.8402481,1.2629665,0.692272019,12.0000686,12.0,0.0,1.68100718,0.00496200938,0.000853515314,0.0804617114,3.82346641e-05
0.0276817323,12.0566772,12.5186994,11.8923774,14.1196291,12.0473494,12.8028507,1.26086403,0.691220784,12.0000473,12.0,0.0,1.67816065,0.00475802341,0.000157467693,0.0598991509,3.67118385e-05
0.0277674305,12.0297299,12.1765609,11.5521441,13.6883345,12.0293256,12.7661353,1.25908396,0.690330751,12.0000293,12.0,0.0,1.67575216,0.00457719059,4.13230778e-06,0.0420316262,3.54700419e-05
0.027822654,12.0173223,11.9338554,11.3107055,13.4051338,12.0177335,12.7377946,1.25793714,0.689757339,12.0000177,12.0,0.0,1.67420124,0.00446253147,-4.11216691e-06,0.0303408188,3.46923416e-05
0.0278721232,12.0078519,11.707178,11.0851427,13.1480145,12.0074634,12.7068056,1.25691995,0.689248746,12.0000075,12.0,0.0,1.67282608,0.00436231242,3.88532455e-06,0.0201207745,3.40168338e-05
0.0279206678,11.9973544,11.4852008,10.8642466,12.8926132,11.9977641,12.6646225,1.25595826,0.688767901,11.9999978,12.0,0.0,1.67152637,0.00426898334,-4.09703286e-06,0.0103637823,3.33902823e-05
0.0279973636,11.987963,11.1079825,10.4882862,12.4830162,11.9875746,12.4793819,1.25494691,0.688262228,11.9999876,12.0,0.0,1.67015994,0.00416288417,3.88465014e-06,0.00016677059,3.27438244e-05
0.0280485233,11.9871116,10.8396454,10.2202086,12.2057516,11.9875214,12.2031109,1.25494163,0.688259586,11.9999875,12.0,0.0,1.6701528,0.00414381506,-4.09697138e-06,0.00012043127,3.27404799e-05
0.0280787599,11.9876782,10.6759969,10.0566882,12.0403948,11.9872895,12.0430292,1.25491861,0.688248075,11.9999873,12.0,0.0,1.6701217,0.00413065762,3.88707889e-06,-0.000119718126,3.27259126e-05
0.0281077749,11.9871117,10.5218818,9.90270783,11.880697,11.9875206,11.8780721,1.25494155,0.688259547,11.9999875,12.0,0.0,1.6701527,0.00412172857,-4.08631382e-06,0.0001194482,3.27404309e-05
0.0281658048,11.9876778,10.2047703,9.58585568,11.5583535,11.9872894,11.5609878,1.2549186,0.688248069,11.9999873,12.0,0.0,1.67012169,0.00409794355,3.8892609e-06,-0.000119717685,3.27259058e-05
0.0282658048,11.9871123,9.65499759,9.03654977,10.9939232,11.9875205,10.9912953,1.25494154,0.688259543,11.9999875,12.0,0.0,1.67015269,0.00406162149,-4.07446752e-06,0.000119471106,3.27404266e-05
0.0283658048,11.9876784,9.09062004,8.47264724,10.4186432,11.9872892,10.4212766,1.25491857,0.688248058,11.9999873,12.0,0.0,1.67012166,0.00402061481,3.89777362e-06,-0.000119688099,3.27258919e-05
0.0284658048,11.9871132,8.52019649,7.90271853,9.83308125,11.9875202,9.83045319,1.25494152,0.688259529,11.9999875,12.0,0.0,1.67015265,0.00398271757,-4.06519103e-06,0.000119485154,3.27404106e-05
0.0285658048,11.9876788,7.93627186,7.3192955,9.23781525,11.9872889,9.24044843,1.25491855,0.688248044,11.9999873,12.0,0.0,1.67012162,0.00394038412,3.90315806e-06,-0.000119672016,3.27258754e-05
0.0286658048,11.9871138,7.34746006,6.73100471,8.63343264,11.98752,8.63080394,1.25494149,0.688259516,11.9999875,12.0,0.0,1.67015262,0.0039011755,-4.05842856e-06,0.000119492406,3.27403952e-05
0.0287658048,11.987679,6.74628406,6.13035627,8.02052988,11.9872887,8.02316253,1.25491852,0.68824803,11.9999873,12.0,0.0,1.67012159,0.00385767712,3.90693568e-06,-0.000119661166,3.2725859e-05
0.0288658048,11.9871141,6.14141602,5.52603478,7.39971182,11.9875197,7.39708299,1.25494146,0.688259502,11.9999875,12.0,0.0,1.67015258,0.00381731787,-4.05309673e-06,0.000119496775,3.27403777e-05
0.0289658048,11.9876791,5.52535264,4.91052416,6.77159114,11.9872884,6.77422359,1.25491849,0.688248015,11.9999873,12.0,0.0,1.67012155,0.00377282007,3.90978689e-06,-0.000119652972,3.27258412e-05
0.0290658048,11.9871143,4.90682372,4.29256661,6.13678772,11.9875194,6.1341588,1.25494144,0.688259486,11.9999875,12.0,0.0,1.67015254,0.00373147582,-4.04865961e-06,0.000119499667,3.27403596e-05
0.0291658048,11.9876791,4.27829577,3.66461583,5.49592803,11.9872881,5.49856031,1.25491846,0.688247999,11.9999873,12.0,0.0,1.67012151,0.00368614798,3.91206346e-06,-0.000119646337,3.27258227e-05
0.0292658048,11.9871144,3.6485553,3.0354707,4.84964452,11.9875191,4.84701554,1.2549414,0.688259471,11.9999875,12.0,0.0,1.6701525,0.00364398816,-4.04481861e-06,0.000119501718,3.27403411e-05
0.0293658048,11.987679,3.01003487,2.39755088,4.198575,11.9872878,4.20120714,1.25491843,0.688247983,11.9999873,12.0,0.0,1.67012146,0.00359800294,3.91396589e-06,-0.000119640705,3.27258039e-05
0.0294658048,11.9871145,2.37157643,1.75971078,3.54336199,11.9875188,3.54073296,1.25494137,0.688259455,11.9999875,12.0,0.0,1.67015246,0.00355520017,-4.04139298e-06,0.000119503255,3.27403221e-05
0.0295658048,11.9876789,1.72557507,1.11433237,2.88465211,11.9872874,2.88728414,1.2549184,0.688247967,11.9999873,12.0,0.0,1.67012142,0.00350873282,3.91561666e-06,-0.000119635758,3.27257847e-05
0.0296658048,11.9871145,1.08092666,0.470324198,2.22309543,11.9875185,2.22046637,1.25494134,0.688259438,11.9999875,12.0,0.0,1.67015242,0.00346546226,-4.03826638e-06,0.000119504467,3.27403029e-05
0.0297658048,11.987682,0.724065297,0.128355346,1.55934482,11.9872861,1.56197671,1.25401826,0.680417872,11.9999873,12.0,0.0,1.66925605,0.00252719135,3.95883384e-06,-0.000119631301,4.27809089e-05
0.0298658048,11.9871117,0.609865978,0.0659567114,0.894055326,11.987512,0.891426205,1.24967527,0.656392206,11.9999875,12.0,0.0,1.66508982,0.000865185846,-4.00304269e-06,0.000119505468,9.156707e-05
0.0299366798,11.9876647,0.412801929,0.0198171029,0.421958251,11.9872712,0.424590051,1.24152248,0.630419287,11.9999873,12.0,0.0,1.65724312,2.38154074e-05,3.93554971e-06,-0.000119627236,0.000182370594
0.0299955568,11.9870965,0.0261436338,0.0191664819,0.0296106927,11.987502,0.0269815918,1.24138719,0.630032492,11.9999875,12.0,0.0,1.657122,1.45732599e-05,-4.05533567e-06,0.000119504629,0.000184152573
0.0300332408,11.987664,-0.217907786,0.017071636,-0.221523354,11.9872702,-0.218891652,1.24086609,0.628743362,11.9999873,12.0,0.0,1.65661208,-1.48912591e-05,3.93757865e-06,-0.000119622754,0.000189702747
0.0300695103,11.9870959,-0.466664885,0.0191850201,-0.463202516,11.9875019,-0.465831537,1.24139763,0.630047559,11.9999875,12.0,0.0,1.65713203,1.45666023e-05,-4.05931735e-06,0.000119501392,0.000184119612
0.0301420494,11.9876643,-0.942751534,0.0170752035,-0.946349056,11.9872701,-0.943717452,1.24086694,0.628745541,11.9999873,12.0,0.0,1.6566129,-1.48440796e-05,3.9424978e-06,-0.000119618394,0.00018969302
0.0302420494,11.9870956,-1.61501128,0.0191866383,-1.61154143,11.9875016,-1.61417044,1.24139798,0.630048527,11.9999875,12.0,0.0,1.65713235,1.45929961e-05,-4.05944736e-06,0.000119501575,0.000184115216
0.0303420494,11.9876644,-2.27155793,0.0170775452,-2.2751434,11.9872698,-2.27251187,1.24086748,0.628746964,11.9999873,12.0,0.0,1.65661341,-1.4811437e-05,3.94638426e-06,-0.000119614764,0.000189686575
0.0304420494,11.9870953,-2.9399739,0.0191874151,-2.93650008,11.9875013,-2.93912911,1.24139813,0.630048982,11.9999875,12.0,0.0,1.65713248,1.46071267e-05,-4.05898117e-06,0.000119502291,0.000184113043
0.0305420494,11.9876644,-3.59138093,0.0170789324,-3.59495879,11.9872694,-3.59232734,1.24086779,0.628747801,11.9999873,12.0,0.0,1.6566137,-1.47921009e-05,3.95008642e-06,-0.000119611306,0.00018968272
0.0306420494,11.9870951,-4.25335124,0.019189027,-4.24986971,11.987501,-4.25249876,1.24139848,0.630049952,11.9999875,12.0,0.0,1.65713281,1.46146236e-05,-4.05854244e-06,0.000119502969,0.000184108687
0.0307420494,11.9876645,-4.89701438,0.0170799206,-4.90058652,11.9872691,-4.89795515,1.24086801,0.628748395,11.9999873,12.0,0.0,1.65661389,-1.47783221e-05,3.95364273e-06,-0.000119607985,0.000189679948
0.0308420494,11.9870948,-5.5499508,0.0191894556,-5.54646705,11.9875007,-5.54909611,1.24139856,0.630050198,11.9999875,12.0,0.0,1.65713287,1.46191688e-05,-4.05811592e-06,0.000119503626,0.000184107454
0.0309420494,11.9876645,-6.18330644,0.0170806966,-6.18687388,11.9872688,-6.18424257,1.24086817,0.628748858,11.9999873,12.0,0.0,1.65661404,-1.47675005e-05,3.95708032e-06,-0.000119604773,0.000189677754
0.0310420494,11.9870946,-6.82466024,0.0191897261,-6.82117501,11.9875004,-6.82380409,1.24139859,0.630050349,11.9999875,12.0,0.0,1.6571329,1.46221533e-05,-4.05769027e-06,0.000119504273,0.000184106643
0.0311420494,11.9876646,-7.44518111,0.0170813436,-7.44874447,11.9872685,-7.44611323,1.24086831,0.628749242,11.9999873,12.0,0.0,1.65661415,-1.47584766e-05,3.96042114e-06,-0.00011960165,0.000189675911
0.0312420494,11.9870943,-8.0724492,0.0191899084,-8.06896292,11.9875001,-8.07159201,1.24139861,0.630050447,11.9999875,12.0,0.0,1.6571329,1.46242229e-05,-4.05725788e-06,0.00011950492,0.000184106067
0.0313420494,11.9876646,-8.67765857,0.0170819052,-8.68121827,11.9872682,-8.6785871,1.24086842,0.628749575,11.9999873,12.0,0.0,1.65661425,-1.47506427e-05,3.96368253e-06,-0.000119598599,0.000189674301
0.0314420494,11.9870941,-9.2883934,0.0191900372,-9.28490631,11.9874998,-9.28753542,1.24139862,0.630050512,11.9999875,12.0,0.0,1.65713289,1.46257195e-05,-4.05681352e-06,0.000119505571,0.000184105636
0.0315420494,11.9876646,-9.87587493,0.0170824069,-9.87943127,11.9872679,-9.87680016,1.24086852,0.628749871,11.9999873,12.0,0.0,1.65661433,-1.47436439e-05,3.96687838e-06,-0.000119595607,0.000189672857
0.0316420494,11.9870938,-10.4676942,0.0191901317,-10.4642064,11.9874995,-10.4668355,1.24139861,0.630050557,11.9999875,12.0,0.0,1.65713288,1.46268406e-05,-4.05635363e-06,0.000119506232,0.000184105299
0.0317420494,11.9876647,-11.0351015,0.0170828648,-11.0386547,11.9872677,-11.0360236,1.24086861,0.62875014,11.9999873,12.0,0.0,1.65661441,-1.47372568e-05,3.97001992e-06,-0.000119592664,0.000189671534
0.0318420494,11.9870936,-11.6056974,0.0191902031,-11.6022091,11.9874992,-11.6048382,1.24139861,0.630050588,11.9999875,12.0,0.0,1.65713286,1.46277076e-05,-4.05587591e-06,0.000119506905,0.000184105026
0.0319420494,11.9876647,-12.1507633,0.0170832894,-12.1543135,11.9872674,-12.1516826,1.24086869,0.62875039,11.9999873,12.0,0.0,1.65661448,-1.4731332e-05,3.97311632e-06,-0.000119589761,0.000189670305
0.0320420494,11.9870934,-12.6979119,0.0191902588,-12.6944231,11.987499,-12.6970523,1.2413986,0.63005061,11.9999875,12.0,0.0,1.65713284,1.46283989e-05,-4.05537902e-06,0.000119507593,0.000184104798
0.0321420494,11.9876647,-13.2184575,0.0170836884,-13.2220049,11.9872671,-13.219374,1.24086877,0.628750625,11.9999873,12.0,0.0,1.65661454,-1.47257656e-05,3.9761751e-06,-0.00011958689,0.000189669148
0.0322420494,11.9870932,-13.7400273,0.0191903034,-13.7365381,11.9874987,-13.7391673,1.24139858,0.630050626,11.9999875,12.0,0.0,1.65713282,1.46289671e-05,-4.05486232e-06,0.000119508296,0.000184104603
0.0323420494,11.9876648,-14.2339704,0.0170840671,-14.237515,11.9872669,-14.2348842,1.24086884,0.628750847,11.9999873,12.0,0.0,1.6566146,-1.4720482e-05,3.9792025e-06,-0.000119584047,0.000189668051
0.0324420494,11.987093,-14.7279308,0.01919034,-14.7244412,11.9874985,-14.7270704,1.24139857,0.630050637,11.9999875,12.0,0.0,1.6571328,1.46294483e-05,-4.05432574e-06,0.000119509015,0.000184104433
0.0325420494,11.9876649,-15.1932942,0.0170844296,-15.1968362,11.9872667,-15.1942054,1.24086891,0.62875106,11.9999873,12.0,0.0,1.65661466,-1.47154252e-05,3.98220369e-06,-0.000119581226,0.000189667001
0.0326420494,11.9870929,-15.6577236,0.019190371,-15.6542337,11.9874983,-15.6568629,1.24139856,0.630050646,11.9999875,12.0,0.0,1.65713278,1.46298677e-05,-4.05376961e-06,0.000119509749,0.000184104283
0.0327420494,11.987665,-16.092643,0.0170847788,-16.0961824,11.9872664,-16.0935516,1.24086898,0.628751266,11.9999873,12.0,0.0,1.65661472,-1.47105521e-05,3.98518299e-06,-0.000119578424,0.000189665991
0.0328420494,11.9870927,-16.5257363,0.0191903979,-16.5222461,11.987498,-16.5248753,1.24139855,0.630050653,11.9999875,12.0,0.0,1.65713276,1.46302434e-05,-4.05319461e-06,0.0001195105,0.000184104147
0.0329420494,11.9876651,-16.9284675,0.0170851174,-16.9320043,11.9872662,-16.9293736,1.24086904,0.628751465,11.9999873,12.0,0.0,1.65661477,-1.47058293e-05,3.98814403e-06,-0.000119575637,0.000189665015
0.0330420494,11.9870926,-17.3285433,0.0191904218,-17.3250527,11.9874979,-17.3276819,1.24139854,0.630050659,11.9999875,12.0,0.0,1.65713274,1.46305884e-05,-4.05260169e-06,0.000119511265,0.000184104024
0.0331420494,11.9876652,-17.697469,0.0170854471,-17.7010033,11.9872661,-17.6983727,1.24086911,0.62875166,11.9999873,12.0,0.0,1.65661483,-1.47012299e-05,3.99108987e-06,-0.000119572862,0.000189664068
0.0332420494,11.9870925,-18.0629762,0.0191904435,-18.0594852,11.9874977,-18.0621145,1.24139853,0.630050664,11.9999875,12.0,0.0,1.65713273,1.46309121e-05,-4.051992e-06,0.000119512045,0.000184103912
0.0333420494,11.9876653,-18.3966127,0.0170857695,-18.4001446,11.9872659,-18.397514,1.24086917,0.628751851,11.9999873,12.0,0.0,1.65661489,-1.46967322e-05,3.99402308e-06,-0.000119570098,0.000189663145
0.0334420494,11.9870924,-18.7261365,0.0191904636,-18.7226452,11.9874975,-18.7252745,1.24139852,0.630050669,11.9999875,12.0,0.0,1.65713271,1.46312213e-05,-4.05136686e-06,0.000119512838,0.000184103809
0.0335420494,11.9876654,-19.0231394,0.017086086,-19.0266689,11.9872657,-19.0240384,1.24086924,0.628752039,11.9999873,12.0,0.0,1.65661494,-1.46923184e-05,3.99694585e-06,-0.000119567342,0.000189662244
0.0336420494,11.9870923,-19.3154071,0.0191904825,-19.3119155,11.9874974,-19.3145448,1.24139851,0.630050674,11.9999875,12.0,0.0,1.6571327,1.46315209e-05,-4.05072771e-06,0.000119513642,0.000184103714
0.0337420494,11.9876656,-19.5745765,0.0170863975,-19.5781036,11.9872656,-19.5754732,1.24086931,0.628752225,11.9999873,12.0,0.0,1.656615,-1.46879734e-05,3.99986005e-06,-0.000119564592,0.000189661361
0.0338420494,11.9870922,-19.8284624,0.0191905006,-19.8249705,11.9874973,-19.8275998,1.2413985,0.630050679,11.9999875,12.0,0.0,1.65713268,1.46318144e-05,-4.05007612e-06,0.000119514458,0.000184103627
0.0339420494,11.9876658,-20.0487478,0.0170867051,-20.0522725,11.9872655,-20.0496421,1.24086937,0.628752409,11.9999873,12.0,0.0,1.65661506,-1.46836843e-05,4.00276728e-06,-0.000119561848,0.000189660495
0.0340420494,11.9870922,-20.2632776,0.019190518,-20.2597853,11.9874972,-20.2624147,1.24139849,0.630050684,11.9999875,12.0,0.0,1.65713267,1.46321043e-05,-4.04941371e-06,0.000119515282,0.000184103547
0.0341420494,11.987666,-20.4437819,0.0170870094,-20.4473042,11.9872654,-20.4446739,1.24086944,0.628752592,11.9999873,12.0,0.0,1.65661512,-1.467944e-05,4.00566891e-06,-0.000119559108,0.000189659643
0.0342420494,11.9870922,-20.6181367,0.0191905349,-20.6146441,11.9874971,-20.6172735,1.24139849,0.63005069,11.9999875,12.0,0.0,1.65713267,1.46323923e-05,-4.0487422e-06,0.000119516115,0.000184103473
0.0343420494,11.9876662,-20.7581198,0.0170873113,-20.7616398,11.9872653,-20.7590096,1.24086951,0.628752774,11.9999873,12.0,0.0,1.65661518,-1.46752306e-05,4.00856618e-06,-0.000119556371,0.000189658803
0.0344420494,11.9870922,-20.8916392,0.0191905515,-20.8881463,11.987497,-20.8907756,1.24139849,0.630050697,11.9999875,12.0,0.0,1.65713266,1.46326794e-05,-4.04806333e-06,0.000119516953,0.000184103407
0.0345420494,11.9876664,-20.990521,0.0170876114,-20.9940387,11.9872653,-20.9914085,1.24086957,0.628752956,11.9999873,12.0,0.0,1.65661525,-1.46710473e-05,4.01146014e-06,-0.000119553636,0.000189657974
0.0346420494,11.9870922,-21.0827057,0.0191905677,-21.0792125,11.987497,-21.0818419,1.24139849,0.630050704,11.9999875,12.0,0.0,1.65713266,1.46329663e-05,-4.04737891e-06,0.000119517796,0.000184103347
0.0347420494,11.9876667,-21.1400683,0.0170879102,-21.1435836,11.9872653,-21.1409535,1.24086964,0.628753138,11.9999873,12.0,0.0,1.65661531,-1.46668818e-05,4.01435179e-06,-0.000119550902,0.000189657154
0.0348420494,11.9870923,-21.1905822,0.0191905836,-21.1870887,11.9874969,-21.1897181,1.24139849,0.630050711,11.9999875,12.0,0.0,1.65713266,1.46332535e-05,-4.04669073e-06,0.000119518643,0.000184103293
0.0349420494,11.987667,-21.2061716,0.0170882084,-21.2096846,11.9872652,-21.2070545,1.24086972,0.62875332,11.9999873,12.0,0.0,1.65661538,-1.46627264e-05,4.01724202e-06,-0.00011954817,0.000189656343
0.0350420494,11.9870923,-21.214843,0.0191905992,-21.2113491,11.9874969,-21.2139785,1.24139849,0.63005072,11.9999875,12.0,0.0,1.65713266,1.46335411e-05,-4.04600064e-06,0.00011951949,0.000184103247
0.0351420494,11.9876673,-21.1885699,0.0170885063,-21.1920805,11.9872653,-21.1894505,1.24086979,0.628753503,11.9999873,12.0,0.0,1.65661545,-1.46585735e-05,4.02013171e-06,-0.000119545438,0.000189655537
0.0352420494,11.9870924,-21.1553922,0.0191906145,-21.151898,11.9874969,-21.1545274,1.24139849,0.630050729,11.9999875,12.0,0.0,1.65713266,1.46338293e-05,-4.04531047e-06,0.000119520338,0.000184103206
0.0353420494,11.9876676,-21.0873327,0.0170888047,-21.0908411,11.9872653,-21.0882111,1.24086986,0.628753687,11.9999873,12.0,0.0,1.65661553,-1.46544157e-05,4.0230217e-06,-0.000119542705,0.000189654737
0.0354420494,11.9870925,-21.0124646,0.0191906295,-21.00897,11.987497,-21.0115995,1.2413985,0.630050738,11.9999875,12.0,0.0,1.65713267,1.46341183e-05,-4.04462206e-06,0.000119521183,0.000184103172
0.0355420494,11.9876679,-20.9028596,0.017089104,-20.9063657,11.9872653,-20.9037358,1.24086994,0.628753872,11.9999873,12.0,0.0,1.6566156,-1.46502454e-05,4.02591289e-06,-0.000119539971,0.00018965394
0.0356420494,11.9870926,-20.7866241,0.0191906442,-20.7831293,11.987497,-20.7857587,1.2413985,0.630050748,11.9999875,12.0,0.0,1.65713268,1.46344083e-05,-4.04393722e-06,0.000119522025,0.000184103145
0.0357420494,11.9876683,-20.6358787,0.0170894048,-20.6393824,11.9872654,-20.6367526,1.24087002,0.628754059,11.9999873,12.0,0.0,1.65661568,-1.46460548e-05,4.02880619e-06,-0.000119537235,0.000189653144
0.0358420494,11.9870928,-20.4787621,0.0191906587,-20.475267,11.9874971,-20.4778965,1.24139851,0.630050759,11.9999875,12.0,0.0,1.65713269,1.46346999e-05,-4.04325776e-06,0.000119522862,0.000184103123
0.0359420494,11.9876687,-20.2874436,0.0170897077,-20.2909449,11.9872655,-20.2883152,1.2408701,0.628754249,11.9999873,12.0,0.0,1.65661576,-1.46418354e-05,4.03170259e-06,-0.000119534496,0.000189652349
0.0360420494,11.9870929,-20.0900936,0.019190673,-20.0865982,11.9874972,-20.0892277,1.24139852,0.630050771,11.9999875,12.0,0.0,1.6571327,1.4634994e-05,-4.04258544e-06,0.000119523692,0.000184103108
0.0361420494,11.9876691,-19.8589294,0.0170900133,-19.8624284,11.9872656,-19.8597987,1.24087018,0.62875444,11.9999873,12.0,0.0,1.65661584,-1.46375779e-05,4.03460322e-06,-0.000119531753,0.000189651552
0.0362420494,11.9870931,-19.6221525,0.019190687,-19.6186567,11.9874973,-19.6212863,1.24139853,0.630050783,11.9999875,12.0,0.0,1.65713272,1.46352919e-05,-4.04192197e-06,0.000119524514,0.000184103099
0.0363420494,11.9876695,-19.3520273,0.0170903225,-19.3555239,11.9872657,-19.3528942,1.24087027,0.628754635,11.9999873,12.0,0.0,1.65661593,-1.4633272e-05,4.03750932e-06,-0.000119529006,0.000189650751
0.0364420494,11.9870933,-19.0767855,0.019190701,-19.0732894,11.9874975,-19.075919,1.24139854,0.630050796,11.9999875,12.0,0.0,1.65713273,1.46355956e-05,-4.04126901e-06,0.000119525326,0.000184103095
0.0365420494,11.9876699,-18.7687377,0.017090636,-18.7722319,11.9872659,-18.7696024,1.24087036,0.628754833,11.9999873,12.0,0.0,1.65661602,-1.4628906e-05,4.04042233e-06,-0.000119526253,0.000189649944
0.0366420494,11.9870935,-18.4561449,0.0191907151,-18.4526485,11.9874976,-18.4552781,1.24139856,0.630050809,11.9999875,12.0,0.0,1.65713275,1.46359081e-05,-4.04062814e-06,0.000119526127,0.000184103096
0.0367420494,11.9876704,-18.1113628,0.0170909548,-18.1148546,11.9872661,-18.1122251,1.24087045,0.628755035,11.9999873,12.0,0.0,1.65661612,-1.46244663e-05,4.04334392e-06,-0.000119523492,0.000189649127
0.0368420494,11.9870938,-17.7626802,0.0191907294,-17.7591835,11.9874978,-17.7618131,1.24139857,0.630050823,11.9999875,12.0,0.0,1.65713277,1.46362333e-05,-4.04000084e-06,0.000119526916,0.000184103101
0.0369420494,11.9876709,-17.3824969,0.0170912801,-17.3859862,11.9872662,-17.3833568,1.24087054,0.628755241,11.9999873,12.0,0.0,1.65661621,-1.46199367e-05,4.04627603e-06,-0.000119520722,0.000189648298
0.0370420494,11.987094,-16.999128,0.0191907444,-16.9956311,11.987498,-16.9982607,1.24139859,0.630050839,11.9999875,12.0,0.0,1.6571328,1.46365772e-05,-4.03938848e-06,0.000119527691,0.00018410311
0.0371420494,11.9876714,-16.5850165,0.0170916133,-16.5885033,11.9872664,-16.5858739,1.24087064,0.628755454,11.9999873,12.0,0.0,1.65661631,-1.46152981e-05,4.04922097e-06,-0.000119517941,0.000189647453
0.0372420494,11.9870943,-16.1685019,0.0191907603,-16.1650047,11.9874982,-16.1676343,1.24139861,0.630050856,11.9999875,12.0,0.0,1.65713282,1.46369475e-05,-4.03879226e-06,0.000119528453,0.00018410312
0.0373420494,11.9876719,-15.7220689,0.017091956,-15.7255531,11.9872667,-15.7229238,1.24087074,0.628755672,11.9999873,12.0,0.0,1.65661642,-1.46105268e-05,4.05218144e-06,-0.000119515146,0.000189646586
0.0374420494,11.9870946,-15.2740799,0.0191907779,-15.2705823,11.9874984,-15.273212,1.24139863,0.630050874,11.9999875,12.0,0.0,1.65713285,1.46373551e-05,-4.0382132e-06,0.000119529198,0.00018410313
0.0375420494,11.9876724,-14.7970597,0.0170923103,-14.8005414,11.9872669,-14.7979121,1.24087084,0.628755898,11.9999873,12.0,0.0,1.65661653,-1.46055937e-05,4.05516065e-06,-0.000119512335,0.000189645693
0.0376420494,11.9870948,-14.3193919,0.0191907979,-14.315894,11.9874986,-14.3185237,1.24139865,0.630050894,11.9999875,12.0,0.0,1.65713288,1.46378151e-05,-4.03765208e-06,0.000119529929,0.000184103138
0.0377420494,11.987673,-13.8136397,0.0170926789,-13.8171186,11.9872671,-13.8144894,1.24087095,0.628756134,11.9999873,12.0,0.0,1.65661664,-1.46004617e-05,4.05816241e-06,-0.000119509504,0.000189644764
0.0378420494,11.9870951,-13.3082056,0.0191908215,-13.3047074,11.9874989,-13.3073371,1.24139867,0.630050917,11.9999875,12.0,0.0,1.65713291,1.46383485e-05,-4.03710938e-06,0.000119530643,0.00018410314
0.0379420494,11.9876735,-12.7756899,0.0170930652,-12.7791661,11.9872674,-12.7765369,1.24087107,0.628756381,11.9999873,12.0,0.0,1.65661676,-1.45950832e-05,4.0611913e-06,-0.000119506648,0.000189643792
0.0380420494,11.9870954,-12.2445117,0.0191908504,-12.2410132,11.9874991,-12.2436429,1.2413987,0.630050944,11.9999875,12.0,0.0,1.65713294,1.46389848e-05,-4.03658518e-06,0.000119531342,0.000184103131
0.0381420494,11.9876741,-11.6873066,0.0170934738,-11.6907799,11.9872677,-11.6881509,1.24087119,0.628756642,11.9999873,12.0,0.0,1.65661689,-1.4589395e-05,4.0642528e-06,-0.000119503763,0.000189642763
0.0382420494,11.9870958,-11.1325081,0.019190887,-11.1290093,11.9874994,-11.131639,1.24139872,0.630050975,11.9999875,12.0,0.0,1.65713298,1.46397663e-05,-4.0360791e-06,0.000119532026,0.000184103105
0.0383420494,11.9876747,-10.5527854,0.0170939107,-10.5562557,11.987268,-10.5536266,1.24087131,0.628756921,11.9999873,12.0,0.0,1.65661702,-1.45833115e-05,4.06735353e-06,-0.000119500841,0.00018964166
0.0384420494,11.9870961,-9.97658351,0.0191909346,-9.97308428,11.9874997,-9.97571399,1.24139876,0.630051014,11.9999875,12.0,0.0,1.65713302,1.46407554e-05,-4.0355901e-06,0.000119532696,0.000184103053
0.0385420494,11.9876753,-9.37660361,0.0170943846,-9.38007066,11.9872683,-9.37744171,1.24087145,0.628757223,11.9999873,12.0,0.0,1.65661717,-1.45767126e-05,4.0705015e-06,-0.000119497877,0.00018964046
0.0386420494,11.9870964,-8.78129975,0.0191909984,-8.77780005,11.9875,-8.78042978,1.24139879,0.630051063,11.9999875,12.0,0.0,1.65713307,1.46420464e-05,-4.03511633e-06,0.000119533356,0.000184102959
0.0387420494,11.9876759,-8.16340323,0.0170949081,-8.16686681,11.9872686,-8.16423793,1.2408716,0.628757556,11.9999873,12.0,0.0,1.65661732,-1.45694231e-05,4.07370651e-06,-0.00011949486,0.000189639128
0.0388420494,11.9870968,-7.55137414,0.0191910865,-7.54787386,11.9875003,-7.5505036,1.24139883,0.630051127,11.9999875,12.0,0.0,1.65713312,1.46437879e-05,-4.03465484e-06,0.000119534007,0.000184102804
0.0389420494,11.9876766,-6.91797229,0.0170955004,-6.92143207,11.9872689,-6.91880325,1.24087177,0.628757931,11.9999873,12.0,0.0,1.6566175,-1.45611744e-05,4.07698063e-06,-0.000119491778,0.000189637612
0.0390420494,11.9870971,-6.2916607,0.0191912119,-6.28815966,11.9875006,-6.29078941,1.24139888,0.630051214,11.9999875,12.0,0.0,1.65713318,1.46462273e-05,-4.03420123e-06,0.000119534656,0.000184102552
0.0391420494,11.9876772,-5.6452261,0.0170961931,-5.6486816,11.9872692,-5.64605285,1.24087197,0.628758368,11.9999873,12.0,0.0,1.6566177,-1.45515276e-05,4.08033881e-06,-0.000119488618,0.000189635825
0.0392420494,11.9870974,-5.00713103,0.0191913971,-5.00362897,11.9875009,-5.00625873,1.24139895,0.630051337,11.9999875,12.0,0.0,1.65713326,1.46498071e-05,-4.03374911e-06,0.000119535309,0.000184102142
0.0393420494,11.9876779,-4.35018791,0.0170970422,-4.35363836,11.9872695,-4.35100968,1.2408722,0.628758901,11.9999873,12.0,0.0,1.65661793,-1.45396991e-05,4.08379988e-06,-0.000119485361,0.000189633616
0.0394420494,11.9870978,-3.70285482,0.019191685,-3.69935123,11.9875012,-3.70198101,1.24139904,0.630051523,11.9999875,12.0,0.0,1.65713336,1.46554038e-05,-4.03328935e-06,0.000119535976,0.00018410146
0.0395420494,11.9876786,-3.03796918,0.0170981617,-3.0414133,11.9872698,-3.03878469,1.2408725,0.6287596,11.9999873,12.0,0.0,1.65661823,-1.45241026e-05,4.08738774e-06,-0.000119481984,0.000189630675
0.0396420494,11.9870982,-2.38397987,0.0191921678,-2.38047385,11.9875015,-2.38310364,1.24139918,0.630051828,11.9999875,12.0,0.0,1.6571335,1.46650477e-05,-4.03280898e-06,0.000119536671,0.000184100262
0.0397420494,11.9876793,-1.71374998,0.0170998332,-1.71718517,11.9872702,-1.71455664,1.24087293,0.628760638,11.9999873,12.0,0.0,1.65661866,-1.450081e-05,4.09113321e-06,-0.000119478457,0.000189626237
0.0398420494,11.9870985,-1.05571237,0.019193093,-1.05220183,11.9875018,-1.05483163,1.24139942,0.630052402,11.9999875,12.0,0.0,1.65713374,1.46848839e-05,-4.03228942e-06,0.000119537413,0.000184097891
0.0399420494,11.9876799,-0.382753181,0.0171209291,-0.386180095,11.9872705,-0.383551626,1.24088384,0.628777179,11.9999873,12.0,0.0,1.65662916,-1.44555559e-05,4.09507753e-06,-0.000119474739,0.000189584943
0.0400420494,11.987099,0.2757997,0.0193689138,0.280222754,11.9875022,0.277592913,1.24143519,0.630155814,11.9999875,12.0,0.0,1.65716815,1.74356769e-05,-4.03183213e-06,0.00011953823,0.000183617084
0.0401108053,11.9876847,0.565443886,0.0497005265,0.738293414,11.9872784,0.740921772,1.24737653,0.647759309,11.9999873,12.0,0.0,1.66287098,0.00051989672,4.06310702e-06,-0.000119470815,0.000116975626
0.040173497,11.987108,0.659472444,0.0908901841,1.15566797,11.9875149,1.15303814,1.25213234,0.668065609,11.9999875,12.0,0.0,1.66745195,0.00152592355,-4.06968074e-06,0.000119537462,6.41193539e-05
0.040273497,11.987693,0.773438728,0.167560211,1.8204309,11.9872872,1.82305916,1.25469423,0.686116674,11.9999873,12.0,0.0,1.66990592,0.00316865358,4.05784164e-06,-0.000119466644,3.52299817e-05
0.040373497,11.9871182,1.33570149,0.724754663,2.48339728,11.9875186,2.48076743,1.25494222,0.688262174,11.9999875,12.0,0.0,1.67015326,0.00348396037,-4.0043908e-06,0.000119538501,3.27379492e-05
0.040473497,11.9876949,1.97895436,1.36758815,3.14391285,11.9872878,3.14654105,1.25491844,0.688247988,11.9999873,12.0,0.0,1.67012147,0.00352623701,4.07184502e-06,-0.0001194621,3.27258077e-05
0.040573497,11.9871187,2.62375377,2.01157861,3.80132575,11.9875189,3.79869592,1.25494139,0.688259462,11.9999875,12.0,0.0,1.67015248,0.00357289659,-4.00114011e-06,0.00011953977,3.2740331e-05
0.040673497,11.9876953,3.26063024,2.64801394,4.45498721,11.9872882,4.45761531,1.25491847,0.688248003,11.9999873,12.0,0.0,1.67012152,0.00361533961,4.07351569e-06,-0.000119457035,3.2725829e-05
0.040773497,11.9871193,3.89745742,3.28408693,5.10425213,11.9875193,5.10162227,1.25494142,0.688259478,11.9999875,12.0,0.0,1.67015252,0.00366139304,-3.99761467e-06,0.000119541394,3.27403505e-05
0.040873497,11.9876958,4.52511403,3.91129627,5.74847977,11.9872885,5.75110775,1.2549185,0.68824802,11.9999873,12.0,0.0,1.67012156,0.00370325128,4.07545396e-06,-0.000119451235,3.27258488e-05
0.040973497,11.98712,5.151451,4.53692857,6.38703436,11.9875196,6.38440446,1.25494145,0.688259495,11.9999875,12.0,0.0,1.67015256,0.00374858095,-3.9936429e-06,0.000119543582,3.27403698e-05
0.041073497,11.9876964,5.76742373,5.15245484,7.01928571,11.9872888,7.02191356,1.25491853,0.688248036,11.9999873,12.0,0.0,1.6701216,0.00378960471,4.07779977e-06,-0.000119444347,3.27258683e-05
0.041173497,11.9871207,6.38081115,5.76518361,7.64460988,11.9875199,7.64197993,1.25494148,0.688259511,11.9999875,12.0,0.0,1.6701526,0.00383403602,-3.98902915e-06,0.000119546703,3.27403888e-05
0.041273497,11.9876969,6.9826497,6.36658105,8.26238974,11.9872891,8.26501742,1.25491857,0.688248052,11.9999873,12.0,0.0,1.67012165,0.00387408098,4.0807729e-06,-0.000119435744,3.27258875e-05
0.041373497,11.9871215,7.58067759,6.96399342,8.87201562,11.9875202,8.86938559,1.25494151,0.688259526,11.9999875,12.0,0.0,1.67015265,0.00391744569,-3.98343844e-06,0.000119551493,3.27404075e-05
0.041473497,11.9876975,8.16599825,7.54888248,9.47288589,11.9872894,9.47551335,1.2549186,0.688248068,11.9999873,12.0,0.0,1.67012169,0.00395633977,4.08476945e-06,-0.000119424148,3.27259064e-05
0.041573497,11.9871224,8.74631488,8.12862431,10.0644076,11.9875205,10.0617774,1.25494154,0.688259542,11.9999875,12.0,0.0,1.67015269,0.0039984798,-3.97626154e-06,0.000119559631,3.27404258e-05
0.041673497,11.9876983,9.31279913,8.69468992,10.6459969,11.9872897,10.648624,1.25491863,0.688248084,11.9999873,12.0,0.0,1.67012173,0.00403605672,4.09057513e-06,-0.000119406417,3.27259252e-05
0.041773497,11.9871236,9.87312255,9.2544773,11.2170799,11.9875208,11.2144495,1.25494157,0.688259557,11.9999875,12.0,0.0,1.67015273,0.00407681771,-3.96622993e-06,0.000119576116,3.27404441e-05
0.041873497,11.9876993,10.4185261,9.79947804,11.777093,11.98729,11.7797196,1.25491866,0.6882481,11.9999873,12.0,0.0,1.67012177,0.00411291754,4.10001608e-06,-0.000119371173,3.2725944e-05
0.041973497,11.9871394,10.9566113,10.3370655,12.3254835,11.9875344,12.3225592,1.25494293,0.688260235,11.9999875,12.0,0.0,1.67015456,0.00415204776,-3.95011771e-06,0.0001329247,3.27413013e-05
0.0420363579,11.9909549,11.2774091,10.6573626,12.664014,11.9905443,12.5950488,1.25524178,0.688409659,11.9999906,12.0,0.0,1.67055828,0.0041977267,4.10656508e-06,0.00313687171,3.29309977e-05
0.0421032517,12.0021914,11.5961236,10.9747197,13.018836,12.0025865,12.6847515,1.25643652,0.68900703,12.0000026,12.0,0.0,1.67217268,0.00431520016,-3.95028114e-06,0.0151992427,3.37004171e-05
0.0421983549,12.0225898,12.0250003,11.4014552,13.5133534,12.0221764,12.7484463,1.25837683,0.689977188,12.0000222,12.0,0.0,1.67479581,0.004506027,4.13424537e-06,0.034888255,3.49884797e-05
0.0422965969,12.0466091,12.4437744,11.8180087,14.0115207,12.0428039,12.793532,1.26041543,0.690996488,12.0000428,12.0,0.0,1.67755356,0.00471269419,4.32086751e-05,0.0557352002,3.63948559e-05
0.0423965969,12.1300072,12.6644269,12.0365433,14.5048937,12.0640967,12.8321324,1.26251481,0.692046175,12.000064,12.0,0.0,1.68039547,0.00491806756,0.000768618727,0.0760346057,3.79022647e-05
0.0424965969,12.2334917,12.803983,12.1740815,14.9839522,12.0851585,12.8662738,1.26458625,0.693081895,12.0000851,12.0,0.0,1.68320159,0.00512263505,0.00153908019,0.0962984159,3.94507992e-05
0.0425965969,12.336859,12.9270346,12.2951696,15.4482233,12.1057928,12.897805,1.26661053,0.694094035,12.0001057,12.0,0.0,1.68594583,0.0053293039,0.00231925537,0.115949239,4.10251832e-05
0.0426965969,12.4372486,13.0424233,12.408585,15.8972488,12.1267583,12.9276723,1.26866193,0.695119736,12.0001266,12.0,0.0,1.68872896,0.00554608723,0.0031092997,0.13499064,4.26847686e-05
0.0427965969,12.5344651,13.1495842,12.5133517,16.3305857,12.1526977,12.96139,1.27119239,0.696384963,12.0001525,12.0,0.0,1.69216504,0.00582188516,0.0038200631,0.153152996,4.48246816e-05
0.0428965969,12.6265886,13.248168,12.6082121,16.7478063,12.1941277,13.0092133,1.27521513,0.698396337,12.0001939,12.0,0.0,1.69763496,0.00628035918,0.00432462051,0.169936048,4.84495718e-05
0.0429965969,12.711104,13.3357396,12.6908427,17.1484988,12.2495876,13.0702628,1.28056239,0.701069965,12.0002493,12.0,0.0,1.70492093,0.00693865547,0.00461516886,0.185374369,5.37257506e-05
0.0430965969,12.7866555,13.4132547,12.7631841,17.5322679,12.3083985,13.1339034,1.28618173,0.703879635,12.0003081,12.0,0.0,1.71259809,0.00769929765,0.00478279303,0.199926693,5.98906881e-05
0.0431965969,12.8562003,13.4839037,12.8288151,17.8987346,12.3657081,13.1957847,1.29163065,0.706604097,12.0003653,12.0,0.0,1.72005335,0.0085153909,0.00490616658,0.214298349,6.65434633e-05
0.0432965969,12.9134314,13.5417623,12.8822131,18.2475375,12.4182967,13.2522543,1.2965268,0.709052169,12.0004179,12.0,0.0,1.72679457,0.00930860882,0.00495135472,0.227058576,7.31493842e-05
0.0433965969,12.9666371,13.5952799,12.931651,18.5783323,12.4667726,13.3044385,1.30101942,0.71129848,12.0004663,12.0,0.0,1.73298877,0.0101015389,0.00499864962,0.239722675,7.9786275e-05
0.0434965969,13.0141149,13.643244,12.9759384,18.8907925,12.510853,13.3518773,1.30506407,0.713320804,12.0005103,12.0,0.0,1.73858228,0.0108690644,0.00503262156,0.251769018,8.62749607e-05
0.0435965969,13.0566406,13.6858821,13.0152977,19.1846098,12.5508614,13.3949945,1.30869993,0.715138735,12.0005503,12.0,0.0,1.74362529,0.0116050356,0.00505779305,0.263164438,9.25570329e-05
0.0436965969,13.0946752,13.7242279,13.0507049,19.4594942,12.5870052,13.4339479,1.31195459,0.716766063,12.0005864,12.0,0.0,1.74815233,0.0123029071,0.00507670045,0.273888536,9.85674856e-05
0.0437965969,13.1293679,13.7589603,13.0827732,19.7151744,12.6201097,13.4696645,1.31492217,0.718249856,12.0006195,12.0,0.0,1.75228582,0.0129749272,0.005092584,0.284082708,0.000104387345
0.0438965969,13.1595887,13.7893926,13.1108865,19.9513981,12.6492691,13.501139,1.31750128,0.719539411,12.0006486,12.0,0.0,1.75589324,0.0135841506,0.00510324551,0.293346025,0.000109723742
0.0439965969,13.1865399,13.8163266,13.1357821,20.1679322,12.6753766,13.529353,1.31979376,0.720685648,12.0006747,12.0,0.0,1.75910705,0.0141474255,0.00511163297,0.301882395,0.000114695646
0.0440965969,13.2103602,13.8403023,13.1579488,20.364563,12.6985403,13.5543853,1.32181371,0.721695624,12.0006978,12.0,0.0,1.76194499,0.0146619137,0.00511822504,0.309655037,0.000119262886
0.0441965969,13.2312923,13.8612004,13.17728,20.5410964,12.7189554,13.5764706,1.32358288,0.72258021,12.0007182,12.0,0.0,1.76443551,0.0151261983,0.00512337083,0.316656422,0.000123412255
0.0442965969,13.2494438,13.8794687,13.1941827,20.6973582,12.7367042,13.5956688,1.32511238,0.723344959,12.000736,12.0,0.0,1.76659249,0.015538706,0.00512741146,0.322866098,0.000127115669
0.0443965969,13.2649823,13.8949662,13.2085276,20.8331943,12.7519272,13.612151,1.32641777,0.723997653,12.0007512,12.0,0.0,1.7684363,0.0158986374,0.00513055304,0.328276816,0.000130364213
0.0444965969,13.277971,13.9080443,13.2206353,20.9484705,12.7646743,13.6259481,1.32750618,0.724541858,12.0007639,12.0,0.0,1.76997575,0.0162047388,0.00513297578,0.332874855,0.000133136173
0.0445965969,13.2885248,13.918555,13.2303688,21.0430731,12.7750441,13.637183,1.32838846,0.724982997,12.0007743,12.0,0.0,1.77122507,0.0164566507,0.00513480926,0.336654083,0.000135426348
0.0446965969,13.2966751,13.9267745,13.2379809,21.1169087,12.7830614,13.6458645,1.32906861,0.725323072,12.0007823,12.0,0.0,1.77218908,0.0166533922,0.00513614319,0.339606185,0.000137218708
0.0447965969,13.3024975,13.9325539,13.2433335,21.1699044,12.7887919,13.6520775,1.3295537,0.725565619,12.000788,12.0,0.0,1.7728771,0.0167949303,0.00513705737,0.34172655,0.000138511521
0.0448965969,13.3059982,13.9361077,13.2466237,21.2020081,12.79224,13.655812,1.32984513,0.725711333,12.0007914,12.0,0.0,1.77329065,0.0168805365,0.00513758518,0.343011387,0.00013929405
0.0449965969,13.3072206,13.9372877,13.2477144,21.2131879,12.7934439,13.6571214,1.32994676,0.725762148,12.0007927,12.0,0.0,1.77343492,0.0169104425,0.00513776923,0.343457927,0.000139567981
0.0450965969,13.3061493,13.9362556,13.2467545,21.2034328,12.7923893,13.6559787,1.3298576,0.72571757,12.0007916,12.0,0.0,1.77330842,0.0168841668,0.00513760185,0.343066334,0.000139327644
0.0451965969,13.3027985,13.9328624,13.2436066,21.1727526,12.7890895,13.652409,1.32957859,0.725578065,12.0007883,12.0,0.0,1.77291254,0.0168021774,0.0051370926,0.341835963,0.000138578189
0.0452965969,13.2971313,13.9272213,13.2383757,21.1211773,12.7835117,13.6463677,1.32910636,0.725341948,12.0007827,12.0,0.0,1.77224279,0.0166642456,0.00513619645,0.339770599,0.000137318889
0.0453965969,13.2891329,13.9191783,13.2309203,21.048758,12.7756444,13.6378519,1.3284389,0.725008219,12.0007749,12.0,0.0,1.77129679,0.0164710723,0.00513488708,0.336872004,0.000135558475
0.0454965969,13.2787415,13.9087992,13.2213019,20.9555662,12.765434,13.6267966,1.32757023,0.724573885,12.0007647,12.0,0.0,1.77006672,0.0162227004,0.00513307595,0.333147446,0.000133301128
0.0455965969,13.2659102,13.8959176,13.2093685,20.8416937,12.7528415,13.6131692,1.32649515,0.724036342,12.0007521,12.0,0.0,1.76854606,0.0159200842,0.00513068955,0.328601401,0.000130559362
0.0456965969,13.2505458,13.8805485,13.1951351,20.707253,12.737788,13.596879,1.32520455,0.723391042,12.0007371,12.0,0.0,1.76672302,0.0155635768,0.00512757762,0.323244663,0.000127342352
0.0457965969,13.2325609,13.862502,13.1784286,20.5523767,12.720202,13.5778581,1.32368944,0.722633489,12.0007195,12.0,0.0,1.76458617,0.0151544363,0.00512359405,0.317084806,0.000123666733
0.0458965969,13.21182,13.8417335,13.1592092,20.3772177,12.6999713,13.5559823,1.32193679,0.721757163,12.0006993,12.0,0.0,1.76211866,0.0146933982,0.00511848811,0.310136376,0.000119546979
0.0459965969,13.1881814,13.8180123,13.1372668,20.1819489,12.6769834,13.5311398,1.31993285,0.720755195,12.0006763,12.0,0.0,1.75930292,0.0141821243,0.00511198799,0.302410541,0.000115004464
0.0460965969,13.1614476,13.7912166,13.11249,19.9667629,12.6510819,13.5031607,1.31765943,0.719618483,12.0006504,12.0,0.0,1.7561154,0.0136218684,0.00510366152,0.293926025,0.000110059693
0.0461965969,13.131399,13.7610477,13.0846063,19.7318722,12.6221009,13.4718768,1.31509665,0.718337092,12.0006215,12.0,0.0,1.75253057,0.0130148898,0.00509299586,0.284698225,0.000104740013
0.0462965969,13.0977447,13.7272754,13.0534031,19.4775084,12.5898265,13.4370584,1.31221955,0.716898544,12.0005892,12.0,0.0,1.74851618,0.0123632324,0.00507919674,0.27475063,9.90736474e-05
0.0463965969,13.0593569,13.6886796,13.0177599,19.2039227,12.5534327,13.3978415,1.30893243,0.715254982,12.0005529,12.0,0.0,1.74394827,0.0116536279,0.00505924152,0.263912848,9.29739572e-05
0.0464965969,13.017169,13.6462635,12.9785921,18.9113851,12.5137108,13.3550513,1.30532491,0.713451223,12.0005132,12.0,0.0,1.73894359,0.0109203473,0.00503458181,0.252560716,8.67110859e-05
0.0465965969,12.9700273,13.5987834,12.9347354,18.6001842,12.4699008,13.307897,1.30130774,0.711442641,12.0004694,12.0,0.0,1.73338696,0.0101545133,0.005001267,0.240558636,8.02322132e-05
0.0466965969,12.9172577,13.5455683,12.8855648,18.2706271,12.4217464,13.2560852,1.296848,0.709212771,12.0004213,12.0,0.0,1.7272368,0.00936327017,0.00495511656,0.22793391,7.3604999e-05
0.0467965969,12.8580555,13.4856957,12.8301668,17.9230392,12.3691561,13.1995083,1.2919274,0.706752469,12.0003688,12.0,0.0,1.720472,0.00855752422,0.00488900443,0.214706219,6.69262809e-05
0.0468965969,12.7914623,13.4181042,12.7674755,17.5577634,12.3124967,13.1384745,1.28657124,0.704074388,12.0003122,12.0,0.0,1.71313107,0.00775477986,0.00478968885,0.200877196,6.0343344e-05
0.0469965969,12.7165052,13.3414804,12.6960303,17.1751602,12.2534793,13.0746316,1.2809359,0.701256722,12.0002532,12.0,0.0,1.70543055,0.00698695258,0.00463038221,0.186388428,5.41150788e-05
0.0470965969,12.632598,13.2545318,12.6140825,16.7756071,12.1975722,13.013274,1.27554853,0.698563035,12.0001974,12.0,0.0,1.69808872,0.00631966753,0.00435025988,0.171015145,4.87628343e-05
0.0471965969,12.5408193,13.1568892,12.5203351,16.3594986,12.1549424,12.9642868,1.27141083,0.696494184,12.0001548,12.0,0.0,1.69246187,0.0058461094,0.00385877275,0.154327811,4.50143653e-05
0.0472965969,12.44394,13.0502209,12.4161671,15.9272453,12.128226,12.9300183,1.26880566,0.695191601,12.0001281,12.0,0.0,1.68892392,0.0055615469,0.00315939937,0.136243736,4.28035325e-05
0.0473965969,12.34361,12.9357088,12.303633,15.4792736,12.1071773,12.9000988,1.26674618,0.694161859,12.0001071,12.0,0.0,1.68612979,0.00534346579,0.00236651132,0.117242614,4.11329024e-05
0.0474965969,12.2407706,12.8121136,12.1820027,15.0160258,12.0865571,12.8689345,1.26472362,0.693150579,12.0000865,12.0,0.0,1.68338775,0.00513638699,0.00154683534,0.097607292,3.95557004e-05
0.0475965969,12.1375482,12.6728526,12.0447489,14.537959,12.0655317,12.8349772,1.2626561,0.692116823,12.0000655,12.0,0.0,1.68058681,0.00493167254,0.000736477006,0.0774317239,3.80059333e-05
0.0476965969,12.0494612,12.4683805,11.8423823,14.045545,12.0442143,12.7968424,1.26055465,0.691066098,12.0000442,12.0,0.0,1.67774196,0.00472681753,5.87356472e-05,0.0567592296,3.64929374e-05
0.0477752588,12.028476,12.1408609,11.5166248,13.6484378,12.0276771,12.7625945,1.25892103,0.690249284,12.0000276,12.0,0.0,1.67553175,0.00456065407,8.07026458e-06,0.0405492136,3.5358497e-05
0.0478316998,12.0150057,11.894588,11.2716431,13.3583579,12.0158234,12.7329538,1.25774809,0.689662817,12.0000158,12.0,0.0,1.67394561,0.00444396477,-8.17509105e-06,0.028642867,3.45657915e-05
0.0478870715,12.0052177,11.6372352,11.0155369,13.0696918,12.0044229,12.6954648,1.25661859,0.689098065,12.0000044,12.0,0.0,1.67241876,0.00433282997,7.94759619e-06,0.0170105299,3.38192381e-05
0.047986462,11.9871628,11.1682112,10.5484264,12.5416841,11.9879783,12.528902,1.25498701,0.688282276,11.999988,12.0,0.0,1.67021411,0.00417019521,-8.15572522e-06,0.000585498828,3.27692134e-05
0.0480498073,11.988412,10.8286806,10.209244,12.1987522,11.9876183,12.1942434,1.25495126,0.688264399,11.9999876,12.0,0.0,1.67016581,0.0041437973,7.93684182e-06,0.000205254826,3.27465735e-05
0.0480976768,11.9863789,10.5784418,9.95922223,11.9363893,11.9871925,11.9408926,1.25490898,0.688243259,11.9999872,12.0,0.0,1.67010869,0.00412313163,-8.13645459e-06,-0.000204693782,3.27198196e-05
0.0481445726,11.9884104,10.3183877,9.69937662,11.6767452,11.9876176,11.6722492,1.25495119,0.688264364,11.9999876,12.0,0.0,1.67016571,0.00410834636,7.93302553e-06,0.000204406388,3.27465292e-05
0.0482383641,11.9863798,9.80960468,9.19102797,11.1499108,11.9871924,11.1544136,1.25490896,0.688243251,11.9999872,12.0,0.0,1.67010867,0.00406982438,-8.11917755e-06,-0.000204654906,3.27198104e-05
0.0483383641,11.9884106,9.24385405,8.62574915,10.5775519,11.9876174,10.5730549,1.25495116,0.688264353,11.9999876,12.0,0.0,1.67016568,0.00403376899,7.93843791e-06,0.000204426812,3.2746516e-05
0.0484383641,11.986381,8.68034627,8.06273138,9.99475431,11.9871921,9.99925677,1.25490894,0.688243239,11.9999872,12.0,0.0,1.67010864,0.00399137117,-8.10645657e-06,-0.000204629483,3.27197956e-05
0.0485383641,11.9884108,8.09477052,7.47765527,9.40209309,11.9876171,9.39759602,1.25495114,0.688264338,11.9999876,12.0,0.0,1.67016565,0.00395385803,7.94139049e-06,0.000204435299,3.27464987e-05
0.0486383641,11.9863819,7.51252767,6.89592781,8.80015314,11.9871919,8.80465477,1.25490891,0.688243226,11.9999872,12.0,0.0,1.67010861,0.00391021817,-8.0968681e-06,-0.000204613686,3.27197811e-05
0.0487383641,11.9884108,6.90941412,6.29334076,8.18952849,11.9876168,8.18503094,1.25495111,0.688264324,11.9999876,12.0,0.0,1.67016561,0.00387142487,7.94292309e-06,0.000204439317,3.2746482e-05
0.0488383641,11.9863824,6.31075789,5.69522476,7.57082177,11.9871916,7.57532311,1.25490889,0.688243212,11.9999872,12.0,0.0,1.67010857,0.00382670648,-8.08909445e-06,-0.00020460218,3.27197644e-05
0.0489383641,11.9884106,5.69246256,5.07748204,6.94464357,11.9876165,6.94014594,1.25495108,0.688264309,11.9999876,12.0,0.0,1.67016557,0.00378679479,7.94370397e-06,0.000204441345,3.27464636e-05
0.0490383641,11.9863829,5.07977933,4.46536319,6.31161184,11.9871913,6.31611295,1.25490886,0.688243197,11.9999872,12.0,0.0,1.67010853,0.00374116588,-8.08248402e-06,-0.000204593032,3.2719747e-05
0.0491383641,11.9884104,4.44871832,3.83488004,5.67235131,11.9876162,5.66785364,1.25495105,0.688264293,11.9999876,12.0,0.0,1.67016553,0.00370030194,7.94406251e-06,0.000204442351,3.27464446e-05
0.0492383641,11.9863832,3.82444987,3.21119934,5.02749285,11.987191,5.03199379,1.25490883,0.688243182,11.9999872,12.0,0.0,1.67010849,0.003653934,-8.07667143e-06,-0.000204585348,3.27197291e-05
0.0493383641,11.9884101,3.18308972,2.57044136,4.37767287,11.9876159,4.37317518,1.25495102,0.688264276,11.9999876,12.0,0.0,1.67016548,0.0036122877,7.94417798e-06,0.000204442787,3.27464253e-05
0.0494383641,11.9863834,2.54972355,1.93768537,3.72353265,11.9871907,3.72803343,1.2549088,0.688243167,11.9999872,12.0,0.0,1.67010845,0.00356535511,-8.07143319e-06,-0.000204578647,3.27197108e-05
0.0495383641,11.9884098,1.90057153,1.28915871,3.06571776,11.9876156,3.06122005,1.25495098,0.68826426,11.9999876,12.0,0.0,1.67016544,0.00352309944,7.94415485e-06,0.000204442893,3.27464056e-05
0.0496383641,11.9863836,1.26063102,0.64984976,2.40487737,11.9871904,2.409378,1.25490877,0.688243151,11.9999872,12.0,0.0,1.67010841,0.0034757788,-8.06662354e-06,-0.000204572643,3.27196921e-05
0.0497383641,11.9884113,0.755156389,0.151705303,1.74166366,11.9876148,1.73716591,1.25455279,0.684571817,11.9999876,12.0,0.0,1.66978262,0.00298146048,7.96528298e-06,0.000204442804,3.71943474e-05
0.0498383641,11.9863854,0.647922513,0.0835971469,1.07673113,11.9871862,1.08123161,1.25150145,0.664877575,11.9999872,12.0,0.0,1.66683275,0.00130743116,-8.00831316e-06,-0.000204567152,7.07824722e-05
0.0499383641,11.9883937,0.399205088,0.0200393413,0.410736003,11.9875993,0.406238266,1.24160087,0.630567458,11.9999876,12.0,0.0,1.65733117,2.69980842e-05,7.9447802e-06,0.000204442604,0.000181879246
0.0499619847,11.9863681,0.255750736,0.0181891932,0.253340297,11.9871738,0.257840587,1.24112811,0.629423285,11.9999872,12.0,0.0,1.65686024,7.52613422e-07,-8.0569429e-06,-0.000204558657,0.000186662335
0.0499712532,11.9883911,0.188808274,0.0181684427,0.191575472,11.9875986,0.187078164,1.24115682,0.629427454,11.9999876,12.0,0.0,1.65690428,4.6066627e-07,7.92478622e-06,0.000204423097,0.000186839558
0.0499773179,11.986371,0.153912357,0.0181134118,0.151159729,11.9871738,0.155659223,1.24110993,0.629376988,11.9999872,12.0,0.0,1.65684277,-2.78999298e-07,-8.02851821e-06,-0.000204522424,0.000186865385
0.0499848684,11.9883879,0.0982650628,0.0181295805,0.100841603,11.9875985,0.0963451574,1.24114749,0.629403706,11.9999876,12.0,0.0,1.6568953,7.44144208e-08,7.89401443e-06,0.000204384031,0.000186943714
0.0499925976,11.9863737,0.0520952018,0.0181091702,0.0493317253,11.9871739,0.0538304576,1.24110892,0.629374399,11.9999872,12.0,0.0,1.65684179,-3.32953676e-07,-8.00152714e-06,-0.000204487769,0.000186876769
0.0500039595,11.9883856,-0.0289640237,0.0181311254,-0.0263876073,11.9875985,-0.0308834288,1.24114785,0.629404646,11.9999876,12.0,0.0,1.65689565,-2.53929055e-08,7.87201644e-06,0.000204355694,0.000186939547
0.0500158966,11.9863755,-0.103203927,0.0181138679,-0.105939762,11.9871739,-0.101441529,1.24111004,0.629377269,11.9999872,12.0,0.0,1.65684288,-2.96071731e-07,-7.98377762e-06,-0.000204464989,0.000186864178
0.0500340509,11.9883842,-0.229494595,0.0181313164,-0.226921819,11.9875984,-0.231417248,1.24114789,0.62940476,11.9999876,12.0,0.0,1.65689568,-5.05776109e-08,7.85832235e-06,0.000204337914,0.000186939013
0.0500598173,11.9863764,-0.395898866,0.0181167099,-0.398618274,11.9871738,-0.394120318,1.24111072,0.629379004,11.9999872,12.0,0.0,1.65684353,-2.57286497e-07,-7.97382129e-06,-0.000204452269,0.000186856547
0.0501066812,11.9883835,-0.713398215,0.0181317538,-0.710825206,11.9875982,-0.715320476,1.24114799,0.629405022,11.9999876,12.0,0.0,1.65689577,-4.11482383e-08,7.85316054e-06,0.000204330986,0.000186937803
0.0501880572,11.9863766,-1.24983635,0.0181187865,-1.25254474,11.9871736,-1.24804689,1.24111121,0.629380265,11.9999872,12.0,0.0,1.65684398,-2.2045077e-07,-7.96904873e-06,-0.000204446518,0.000186850924
0.0502880572,11.9883831,-1.91966813,0.0181335781,-1.91708686,11.9875979,-1.9215821,1.2411484,0.629406125,11.9999876,12.0,0.0,1.65689616,-1.55796096e-08,7.85301746e-06,0.000204330205,0.000186932827
0.0503880572,11.9863767,-2.57703959,0.0181208601,-2.57973704,11.9871733,-2.5752393,1.24111168,0.629381519,11.9999872,12.0,0.0,1.65684443,-1.94513687e-07,-7.96500082e-06,-0.000204441911,0.000186845277
0.0504880572,11.9883829,-3.24242847,0.0181348103,-3.23984134,11.9875976,-3.24433658,1.24114867,0.629406865,11.9999876,12.0,0.0,1.6568964,-1.51436943e-09,7.85327232e-06,0.000204329912,0.00018692943
0.0505880572,11.9863768,-3.89406004,0.0181225562,-3.8967483,11.987173,-3.89225066,1.24111206,0.629382543,11.9999872,12.0,0.0,1.65684478,-1.78723953e-07,-7.96113607e-06,-0.000204437509,0.000186840643
0.0506880572,11.9883826,-4.55240178,0.0181358618,-4.54980965,11.9875973,-4.55430488,1.2411489,0.629407495,11.9999876,12.0,0.0,1.65689661,6.86127796e-09,7.8535124e-06,0.000204329625,0.000186926518
0.0507880572,11.9863769,-5.19569823,0.0181234945,-5.19838088,11.9871727,-5.19388334,1.24111226,0.629383104,11.9999872,12.0,0.0,1.65684496,-1.67426245e-07,-7.95741849e-06,-0.000204433275,0.00018683804
0.0508880572,11.9883823,-5.84441652,0.0181363661,-5.84182194,11.987597,-5.84631717,1.24114899,0.62940779,11.9999876,12.0,0.0,1.65689669,1.25215359e-08,7.85375049e-06,0.000204329355,0.000186925075
0.0509880572,11.9863769,-6.47681966,0.0181241996,-6.47949782,11.9871724,-6.47500037,1.24111241,0.629383523,11.9999872,12.0,0.0,1.65684509,-1.58575934e-07,-7.95382069e-06,-0.000204429177,0.000186836064
0.0510880572,11.988382,-7.11337557,0.018136722,-7.11077923,11.9875967,-7.11527446,1.24114905,0.629407995,11.9999876,12.0,0.0,1.65689673,1.66711386e-08,7.8539959e-06,0.000204329108,0.000186924031
0.0511880572,11.986377,-7.73236881,0.0181247697,-7.73504315,11.9871721,-7.73054578,1.24111252,0.62938386,11.9999872,12.0,0.0,1.65684519,-1.51228687e-07,-7.95032114e-06,-0.000204425193,0.000186834452
0.0512880572,11.9883817,-8.35427123,0.0181369912,-8.35167352,11.9875964,-8.35616874,1.24114909,0.629408148,11.9999876,12.0,0.0,1.65689676,1.9896953e-08,7.8542549e-06,0.00020432889,0.000186923222
0.0513880572,11.9863771,-8.95739085,0.0181252535,-8.96006179,11.9871718,-8.95556451,1.24111261,0.629384144,11.9999872,12.0,0.0,1.65684527,-1.44879447e-07,-7.94690272e-06,-0.000204421304,0.000186833073
0.0514880572,11.9883815,-9.56220639,0.0181372056,-9.55960757,11.9875961,-9.56410279,1.24114912,0.629408267,11.9999876,12.0,0.0,1.65689678,2.25209045e-08,7.8545317e-06,0.000204328703,0.000186922562
0.0515880572,11.9863771,-10.1470513,0.0181256785,-10.1497192,11.9871715,-10.145222,1.24111269,0.629384393,11.9999872,12.0,0.0,1.65684533,-1.39230032e-07,-7.94355164e-06,-0.000204417495,0.000186831854
0.0516880572,11.9883812,-10.732414,0.0181373834,-10.7298142,11.9875958,-10.7343094,1.24114914,0.629408364,11.9999876,12.0,0.0,1.65689678,2.47347465e-08,7.85482901e-06,0.000204328547,0.000186922003
0.0517880572,11.9863772,-11.2966553,0.0181260612,-11.2993202,11.9871713,-11.2948231,1.24111276,0.629384616,11.9999872,12.0,0.0,1.65684539,-1.34091379e-07,-7.94025671e-06,-0.000204413753,0.000186830751
0.0518880572,11.988381,-11.8602758,0.0181375357,-11.8576752,11.9875955,-11.8621704,1.24114916,0.629408446,11.9999876,12.0,0.0,1.65689679,2.66598114e-08,7.85514842e-06,0.000204328425,0.000186921515
0.0519880572,11.9863773,-12.4016658,0.0181264127,-12.404328,11.987171,-12.399831,1.24111283,0.62938482,11.9999872,12.0,0.0,1.65684544,-1.29336958e-07,-7.93700874e-06,-0.000204410067,0.000186829735
0.0520880572,11.9883808,-12.9413407,0.0181376698,-12.9387393,11.9875952,-12.9432346,1.24114917,0.629408518,11.9999876,12.0,0.0,1.65689679,2.83764846e-08,7.85549069e-06,0.000204328334,0.000186921079
0.0521880572,11.9863773,-13.457722,0.0181267403,-13.4603816,11.9871708,-13.4558847,1.24111289,0.629385011,11.9999872,12.0,0.0,1.65684549,-1.24878423e-07,-7.93380014e-06,-0.00020440643,0.000186828786
0.0522880572,11.9883805,-13.9713422,0.0181377906,-13.9687402,11.987595,-13.9732354,1.24114918,0.629408581,11.9999876,12.0,0.0,1.65689679,2.99399676e-08,7.85585595e-06,0.000204328275,0.000186920683
0.0523880572,11.9863774,-14.4606561,0.0181270494,-14.4633133,11.9871705,-14.4588164,1.24111294,0.62938519,11.9999872,12.0,0.0,1.65684553,-1.20651941e-07,-7.93062461e-06,-0.000204402834,0.000186827891
0.0524880572,11.9883803,-14.9462155,0.0181379014,-14.9436128,11.9875947,-14.948108,1.24114918,0.62940864,11.9999876,12.0,0.0,1.65689679,3.13892609e-08,7.85624385e-06,0.000204328245,0.000186920317
0.0525880572,11.9863775,-15.4065101,0.0181273437,-15.4091648,11.9871703,-15.404668,1.241113,0.629385361,11.9999872,12.0,0.0,1.65684558,-1.16610066e-07,-7.92747686e-06,-0.000204399272,0.000186827039
0.0526880572,11.9883802,-15.8621131,0.0181380047,-15.8595098,11.9875945,-15.864005,1.24114919,0.629408694,11.9999876,12.0,0.0,1.65689678,3.27525543e-08,7.85665365e-06,0.000204328245,0.000186919975
0.0527880572,11.9863776,-16.291551,0.0181276263,-16.2942034,11.9871701,-16.2897067,1.24111305,0.629385526,11.9999872,12.0,0.0,1.65684562,-1.12716671e-07,-7.92435246e-06,-0.00020439574,0.000186826222
0.0528880572,11.98838,-16.7154205,0.0181381022,-16.7128166,11.9875943,-16.7173118,1.2411492,0.629408745,11.9999876,12.0,0.0,1.65689678,3.40506026e-08,7.85708434e-06,0.000204328271,0.000186919654
0.0529880572,11.9863778,-17.1122861,0.0181278994,-17.1149362,11.9871699,-17.1104396,1.2411131,0.629385685,11.9999872,12.0,0.0,1.65684566,-1.0894367e-07,-7.92124765e-06,-0.000204392234,0.000186825436
0.0530880572,11.9883799,-17.50277,0.0181381954,-17.5001655,11.9875941,-17.5046607,1.24114921,0.629408794,11.9999876,12.0,0.0,1.65689678,3.52989162e-08,7.85753465e-06,0.000204328322,0.000186919348
0.0531880572,11.9863779,-17.8654764,0.0181281647,-17.8681242,11.9871697,-17.8636276,1.24111315,0.62938584,11.9999872,12.0,0.0,1.6568457,-1.05268815e-07,-7.91815925e-06,-0.000204388748,0.000186824675
0.0532880572,11.9883797,-18.2210543,0.0181382851,-18.2184492,11.9875939,-18.2229445,1.24114921,0.629408842,11.9999876,12.0,0.0,1.65689678,3.65092291e-08,7.85800318e-06,0.000204328395,0.000186919057
0.0533880572,11.986378,-18.5481493,0.0181284236,-18.5507949,11.9871696,-18.5462984,1.2411132,0.629385992,11.9999872,12.0,0.0,1.65684574,-1.01674177e-07,-7.91508456e-06,-0.000204385281,0.000186823936
0.0534880572,11.9883796,-18.8674388,0.0181383721,-18.8648331,11.9875938,-18.8693283,1.24114922,0.629408889,11.9999876,12.0,0.0,1.65689678,3.76905092e-08,7.85848833e-06,0.00020432849,0.000186918779
0.0535880572,11.9863782,-19.1576106,0.0181286773,-19.160254,11.9871694,-19.1557576,1.24111325,0.629386142,11.9999872,12.0,0.0,1.65684578,-9.81450708e-08,-7.91202124e-06,-0.000204381828,0.000186823216
0.0536880572,11.9883795,-19.4393723,0.018138457,-19.4367661,11.9875936,-19.4412613,1.24114923,0.629408935,11.9999876,12.0,0.0,1.65689679,3.88496716e-08,7.85898843e-06,0.000204328602,0.000186918511
0.0537880572,11.9863784,-19.6914552,0.0181289268,-19.6940964,11.9871693,-19.6896001,1.2411133,0.629386289,11.9999872,12.0,0.0,1.65684583,-9.46692666e-08,-7.9089673e-06,-0.000204378388,0.000186822512
0.0538880572,11.9883795,-19.9345978,0.0181385403,-19.931991,11.9875935,-19.9364863,1.24114924,0.629408981,11.9999876,12.0,0.0,1.65689679,3.9992094e-08,7.8595017e-06,0.000204328731,0.000186918253
0.0539880572,11.9863786,-20.1475761,0.0181291727,-20.1502152,11.9871692,-20.1457189,1.24111335,0.629386435,11.9999872,12.0,0.0,1.65684587,-9.12364107e-08,-7.90592099e-06,-0.000204374959,0.000186821823
0.0540880572,11.9883794,-20.3511609,0.0181386222,-20.3485535,11.9875934,-20.3530487,1.24114925,0.629409027,11.9999876,12.0,0.0,1.6568968,4.11219986e-08,7.8600263e-06,0.000204328873,0.000186918004
0.0541880572,11.9863788,-20.5241733,0.0181294159,-20.5268103,11.9871691,-20.5223141,1.2411134,0.629386581,11.9999872,12.0,0.0,1.65684592,-8.78375785e-08,-7.90288079e-06,-0.000204371537,0.000186821148
0.0542880572,11.9883794,-20.6874175,0.0181387032,-20.6848095,11.9875933,-20.6893048,1.24114927,0.629409074,11.9999876,12.0,0.0,1.65689681,4.22427403e-08,7.86056032e-06,0.000204329027,0.000186917763
0.0543880572,11.9863791,-20.8197606,0.0181296569,-20.8223954,11.9871691,-20.8178993,1.24111345,0.629386725,11.9999872,12.0,0.0,1.65684597,-8.44649266e-08,-7.89984533e-06,-0.000204368122,0.000186820484
0.0544880572,11.9883794,-20.9420406,0.0181387833,-20.9394321,11.9875933,-20.9439273,1.24114928,0.62940912,11.9999876,12.0,0.0,1.65689682,4.33570318e-08,7.86110182e-06,0.000204329189,0.00018691753
0.0545880572,11.9863793,-21.0331714,0.0181298961,-21.0358041,11.987169,-21.0313081,1.24111351,0.62938687,11.9999872,12.0,0.0,1.65684602,-8.11114125e-08,-7.89681338e-06,-0.000204364712,0.00018681983
0.0546880572,11.9883794,-21.1140253,0.0181388629,-21.1114163,11.9875932,-21.1159115,1.2411493,0.629409167,11.9999876,12.0,0.0,1.65689683,4.44671241e-08,7.86164884e-06,0.000204329358,0.000186917305
0.0547880572,11.9863796,-21.1635634,0.0181301342,-21.166194,11.987169,-21.1616981,1.24111356,0.629387014,11.9999872,12.0,0.0,1.65684607,-7.77705614e-08,-7.89378382e-06,-0.000204361304,0.000186819185
0.0548880572,11.9883794,-21.2026929,0.0181389419,-21.2000833,11.9875932,-21.2045786,1.24114931,0.629409214,11.9999876,12.0,0.0,1.65689685,4.55749561e-08,7.86219938e-06,0.000204329531,0.000186917087
0.0549880572,11.9863799,-21.2104222,0.0181303715,-21.2130507,11.987169,-21.2085548,1.24111362,0.629387159,11.9999872,12.0,0.0,1.65684612,-7.44362647e-08,-7.89075558e-06,-0.000204357898,0.000186818547
0.0550880572,11.9883795,-21.2076934,0.0181390207,-21.2050833,11.9875932,-21.2095786,1.24114933,0.629409263,11.9999876,12.0,0.0,1.65689687,4.66822854e-08,7.86275143e-06,0.000204329705,0.000186916876
0.0551880572,11.9863802,-21.1735627,0.0181306084,-21.1761891,11.987169,-21.1716933,1.24111368,0.629387304,11.9999872,12.0,0.0,1.65684618,-7.1102599e-08,-7.88772763e-06,-0.000204354493,0.000186817917
0.0552880572,11.9883796,-21.1290072,0.0181390992,-21.1263966,11.9875932,-21.1308918,1.24114935,0.629409311,11.9999876,12.0,0.0,1.65689689,4.7790807e-08,7.86330299e-06,0.000204329879,0.000186916671
0.0553880572,11.9863806,-21.0531305,0.0181308454,-21.0557548,11.987169,-21.0512591,1.24111374,0.629387451,11.9999872,12.0,0.0,1.65684624,-6.7763654e-08,-7.88469894e-06,-0.000204351085,0.000186817292
0.0554880572,11.9883796,-20.9669448,0.0181391776,-20.9643336,11.9875933,-20.9688288,1.24114937,0.629409361,11.9999876,12.0,0.0,1.65689691,4.89022692e-08,7.86385206e-06,0.000204330049,0.000186916472
0.0555880572,11.9863809,-20.8496009,0.0181310829,-20.8522231,11.9871691,-20.8477274,1.2411138,0.629387598,11.9999872,12.0,0.0,1.6568463,-6.44133611e-08,-7.88166844e-06,-0.000204347675,0.000186816671
0.0556880572,11.9883798,-20.7221457,0.0181392561,-20.7195339,11.9875933,-20.7240292,1.2411494,0.629409411,11.9999876,12.0,0.0,1.65689694,5.00185919e-08,7.86439664e-06,0.000204330213,0.00018691628
0.0557880572,11.9863813,-20.563777,0.0181313214,-20.5663971,11.9871692,-20.5619015,1.24111386,0.629387747,11.9999872,12.0,0.0,1.65684636,-6.10453142e-08,-7.87863504e-06,-0.00020434426,0.000186816054
0.0558880572,11.9883799,-20.395576,0.0181393347,-20.3929638,11.9875934,-20.397459,1.24114942,0.629409462,11.9999876,12.0,0.0,1.65689696,5.11419951e-08,7.86493478e-06,0.000204330368,0.000186916092
0.0559880572,11.9863817,-20.196787,0.0181315613,-20.199405,11.9871693,-20.1949095,1.24111393,0.629387897,11.9999872,12.0,0.0,1.65684643,-5.76525711e-08,-7.87559752e-06,-0.000204340839,0.000186815438
0.0560880572,11.98838,-19.9885247,0.0181394137,-19.9859119,11.9875935,-19.9904071,1.24114945,0.629409515,11.9999876,12.0,0.0,1.65689699,5.22751472e-08,7.86546453e-06,0.000204330513,0.000186915909
0.0561880572,11.9863821,-19.7500792,0.0181318031,-19.752695,11.9871694,-19.7481996,1.24111399,0.629388049,11.9999872,12.0,0.0,1.6568465,-5.42274261e-08,-7.87255458e-06,-0.000204337409,0.000186814823
0.0562880572,11.9883802,-19.5025981,0.0181394933,-19.4999847,11.9875936,-19.50448,1.24114948,0.629409568,11.9999876,12.0,0.0,1.65689702,5.3421341e-08,7.865984e-06,0.000204330644,0.00018691573
0.0563880572,11.9863825,-19.2254165,0.0181320475,-19.2280302,11.9871695,-19.2235349,1.24111406,0.629388204,11.9999872,12.0,0.0,1.65684657,-5.07611361e-08,-7.86950471e-06,-0.00020433397,0.000186814206
0.0564880572,11.9883804,-18.9397139,0.0181395737,-18.9371,11.9875938,-18.9415953,1.24114951,0.629409623,11.9999876,12.0,0.0,1.65689706,5.4584713e-08,7.86649136e-06,0.00020433076,0.000186915555
0.0565880572,11.986383,-18.6248696,0.0181322951,-18.6274812,11.9871697,-18.6229859,1.24111413,0.629388361,11.9999872,12.0,0.0,1.65684664,-4.72435834e-08,-7.86644624e-06,-0.000204330518,0.000186813586
0.0566880572,11.9883806,-18.3020937,0.0181396551,-18.2994793,11.9875939,-18.3039745,1.24114954,0.629409679,11.9999876,12.0,0.0,1.6568971,5.57705249e-08,7.86698484e-06,0.000204330859,0.000186915381
0.0567880572,11.9863835,-17.9508085,0.0181325466,-17.953418,11.9871698,-17.9489228,1.24111421,0.629388522,11.9999872,12.0,0.0,1.65684672,-4.36628444e-08,-7.86337722e-06,-0.000204327051,0.000186812961
0.0568880572,11.9883808,-17.5922538,0.0181397382,-17.5896388,11.9875941,-17.5941341,1.24114957,0.629409736,11.9999876,12.0,0.0,1.65689714,5.69855329e-08,7.86746278e-06,0.000204330936,0.000186915209
0.0569880572,11.986384,-17.2058936,0.0181328031,-17.2085008,11.98717,-17.2040057,1.24111428,0.629388686,11.9999872,12.0,0.0,1.6568468,-4.00046277e-08,-7.86029542e-06,-0.000204323567,0.000186812327
0.0570880572,11.9883811,-16.8129956,0.0181398233,-16.8103801,11.9875943,-16.8148754,1.24114961,0.629409796,11.9999876,12.0,0.0,1.65689718,5.82384865e-08,7.86792361e-06,0.000204330992,0.000186915036
0.0571880572,11.9863845,-16.3930646,0.0181330656,-16.3956696,11.9871702,-16.3911745,1.24111436,0.629388854,11.9999872,12.0,0.0,1.65684689,-3.62515202e-08,-7.85719821e-06,-0.000204320062,0.000186811681
0.0572880572,11.9883813,-15.9673945,0.0181399111,-15.9647785,11.9875945,-15.9692738,1.24114965,0.629409858,11.9999876,12.0,0.0,1.65689722,5.95408156e-08,7.86836591e-06,0.000204331023,0.000186914861
0.0573880572,11.986385,-15.5155294,0.0181333355,-15.5181321,11.9871704,-15.5136371,1.24111444,0.629389028,11.9999872,12.0,0.0,1.65684697,-3.23819534e-08,-7.85408253e-06,-0.000204316532,0.00018681102
0.0574880572,11.9883816,-15.0587878,0.0181400027,-15.0561712,11.9875947,-15.0606665,1.24114969,0.629409923,11.9999876,12.0,0.0,1.65689727,6.09076024e-08,7.86878846e-06,0.000204331028,0.000186914679
0.0575880572,11.9863856,-14.5767513,0.0181336146,-14.5793516,11.9871707,-14.5748568,1.24111453,0.629389207,11.9999872,12.0,0.0,1.65684707,-2.83687509e-08,-7.85094475e-06,-0.000204312973,0.000186810339
0.0576880572,11.9883819,-14.0907612,0.0181400991,-14.0881441,11.987595,-14.0926393,1.24114973,0.629409991,11.9999876,12.0,0.0,1.65689732,6.23589863e-08,7.86919026e-06,0.000204331005,0.00018691449
0.0577880572,11.9863861,-13.5804352,0.0181339051,-13.5830332,11.9871709,-13.5785384,1.24111462,0.629389395,11.9999872,12.0,0.0,1.65684716,-2.4177031e-08,-7.8477806e-06,-0.000204309379,0.000186809631
0.0578880572,11.9883821,-13.0671352,0.018140202,-13.0645175,11.9875952,-13.0690127,1.24114977,0.629410064,11.9999876,12.0,0.0,1.65689737,6.39222555e-08,7.86957058e-06,0.000204330951,0.000186914286
0.0579880572,11.9863867,-12.5305131,0.0181342099,-12.5331087,11.9871712,-12.5286139,1.24111471,0.629389591,11.9999872,12.0,0.0,1.65684726,-1.976109e-08,-7.84458499e-06,-0.000204305746,0.000186808889
0.0580880572,11.9883824,-11.9919496,0.0181403136,-11.9893312,11.9875955,-11.9938265,1.24114982,0.629410143,11.9999876,12.0,0.0,1.65689743,6.56350549e-08,7.86992909e-06,0.000204330867,0.000186914063
0.0581880572,11.9863873,-11.4311287,0.0181345326,-11.4337217,11.9871714,-11.429227,1.24111481,0.629389799,11.9999872,12.0,0.0,1.65684737,-1.50596131e-08,-7.84135182e-06,-0.000204302065,0.000186808102
0.0582880572,11.9883827,-10.8694476,0.0181404371,-10.8668285,11.9875958,-10.8713238,1.24114987,0.629410229,11.9999876,12.0,0.0,1.65689749,6.75504835e-08,7.87026594e-06,0.000204330751,0.000186913811
0.0583880572,11.9863879,-10.2866207,0.0181348786,-10.2892111,11.9871717,-10.2847165,1.24111492,0.629390022,11.9999872,12.0,0.0,1.65684748,-9.98802528e-09,-7.83807379e-06,-0.000204298328,0.000186807256
0.0584880572,11.9883831,-9.7040592,0.0181405768,-9.7014394,11.987596,-9.70593466,1.24114993,0.629410326,11.9999876,12.0,0.0,1.65689755,6.9745542e-08,7.87058189e-06,0.000204330602,0.000186913519
0.0585880572,11.9863885,-9.10150609,0.0181352551,-9.1040936,11.987172,-9.09959911,1.24111503,0.629390263,11.9999872,12.0,0.0,1.6568476,-4.42570213e-09,-7.83474203e-06,-0.000204294525,0.000186806331
0.0586880572,11.9883834,-8.50038379,0.0181407395,-8.49776315,11.9875963,-8.50225841,1.24114999,0.629410437,11.9999876,12.0,0.0,1.65689762,7.23358525e-08,7.87087854e-06,0.000204330422,0.000186913168
0.0587880572,11.9863891,-7.88046197,0.0181356726,-7.88304644,11.9871723,-7.87855204,1.24111516,0.62939053,11.9999872,12.0,0.0,1.65684773,1.80664415e-09,-7.83134577e-06,-0.000204290645,0.000186805299
0.0588880572,11.9883837,-7.26317174,0.0181409351,-7.26055012,11.9875966,-7.26504537,1.24115006,0.629410569,11.9999876,12.0,0.0,1.6568977,7.55029464e-08,7.87115857e-06,0.00020433021,0.000186912731
0.0589880572,11.9863898,-6.62830736,0.0181361473,-6.63088851,11.9871726,-6.62639419,1.24111529,0.629390833,11.9999872,12.0,0.0,1.65684788,8.98982625e-09,-7.82787173e-06,-0.000204286672,0.000186804115
0.0590880572,11.988384,-5.99730583,0.0181411802,-5.99468301,11.987597,-5.99917826,1.24115015,0.629410731,11.9999876,12.0,0.0,1.6568978,7.9548978e-08,7.87142615e-06,0.00020432997,0.000186912163
0.0591880572,11.9863905,-5.34998408,0.0181367053,-5.35256148,11.9871729,-5.34806725,1.24111545,0.629391186,11.9999872,12.0,0.0,1.65684804,1.75950236e-08,-7.82430346e-06,-0.000204282587,0.00018680271
0.0592880572,11.9883844,-4.707782,0.0181415031,-4.70515762,11.9875973,-4.70965286,1.24115025,0.629410941,11.9999876,12.0,0.0,1.65689791,8.50183227e-08,7.87168746e-06,0.000204329706,0.000186911389
0.0593880572,11.9863911,-4.05053732,0.0181373928,-4.05311034,11.9871733,-4.0486162,1.24111564,0.629391619,11.9999872,12.0,0.0,1.65684824,2.84914249e-08,-7.82062029e-06,-0.000204278368,0.00018680096
0.0594880572,11.9883847,-3.39968968,0.0181419584,-3.39706313,11.9875976,-3.40155836,1.24115039,0.629411232,11.9999876,12.0,0.0,1.65689805,9.30090939e-08,7.87195149e-06,0.000204329424,0.00018691026
0.0595880572,11.9863918,-2.73509584,0.0181383013,-2.73766343,11.9871736,-2.73316938,1.24111589,0.629392187,11.9999872,12.0,0.0,1.65684848,4.35222306e-08,-7.81679587e-06,-0.000204273987,0.000186798618
0.0596880572,11.9883851,-2.07819188,0.0181426667,-2.07556199,11.9875979,-2.08005721,1.24115058,0.629411678,11.9999876,12.0,0.0,1.65689825,1.06159387e-07,7.8722312e-06,0.000204329135,0.000186908455
0.0597880572,11.9863925,-1.40885215,0.0181396488,-1.41141221,11.9871739,-1.40691826,1.24111624,0.629393023,11.9999872,12.0,0.0,1.65684883,6.75980595e-08,-7.81279617e-06,-0.000204269405,0.000186795102
0.0598880572,11.9883854,-0.748505539,0.0181439695,-0.745869543,11.9875983,-0.750364755,1.24115092,0.629412487,11.9999876,12.0,0.0,1.65689859,1.33132531e-07,7.87254527e-06,0.000204328853,0.000186905056
0.0599880572,11.9863933,-0.077043773,0.0181421696,-0.0795907913,11.9871743,-0.0750969454,1.24111687,0.629394576,11.9999872,12.0,0.0,1.65684945,1.23612571e-07,-7.80857638e-06,-0.000204264574,0.000186788441
0.0600880572,11.9883887,0.508375754,0.0333527638,0.586766506,11.9876025,0.582271277,1.24448682,0.638499812,11.9999876,12.0,0.0,1.6601056,0.000229744781,7.86218422e-06,0.000204328602,0.000149640656
0.0601880572,11.9864015,0.675452006,0.0997266469,1.25254474,11.9871881,1.25703844,1.2527166,0.671599431,11.9999872,12.0,0.0,1.66800096,0.00175958159,-7.86619691e-06,-0.00020425943,5.72088665e-05
0.0602880572,11.9884007,0.806809731,0.197999296,1.91708686,11.987615,1.91259163,1.25488066,0.687581061,11.9999876,12.0,0.0,1.67009782,0.00335665762,7.85665692e-06,0.000204328419,3.3531606e-05
0.0603880572,11.9864117,1.43152107,0.820482255,2.57973704,11.9871911,2.58423063,1.25490896,0.688243705,11.9999872,12.0,0.0,1.67010862,0.00348760469,-7.79371339e-06,-0.00020425388,3.27192324e-05
0.0604880572,11.9884013,2.07083502,1.45938942,3.23984134,11.9876154,3.23534615,1.25495097,0.688264251,11.9999876,12.0,0.0,1.67016542,0.00353470655,7.86076722e-06,0.000204328356,3.27463958e-05
0.0605880572,11.9864124,2.71894217,2.10666664,3.8967483,11.9871914,3.9012418,1.25490886,0.6882432,11.9999872,12.0,0.0,1.67010854,0.00357742137,-7.78890145e-06,-0.000204247796,3.27197523e-05
0.0606880572,11.9884016,3.35141135,2.73871623,4.54980965,11.9876157,4.54531447,1.254951,0.688264268,11.9999876,12.0,0.0,1.67016546,0.00362378459,7.8608225e-06,0.000204328502,3.2746415e-05
0.0607880572,11.9864132,3.99137552,3.37790968,5.19838088,11.9871917,5.20287423,1.2549089,0.688243216,11.9999872,12.0,0.0,1.67010858,0.00366583824,-7.78366151e-06,-0.000204240986,3.27197721e-05
0.0608880572,11.988402,4.61443604,4.00054073,5.84182194,11.987616,5.83732675,1.25495103,0.688264285,11.9999876,12.0,0.0,1.67016551,0.00371163578,7.86103823e-06,0.000204329004,3.27464344e-05
0.0609880572,11.9864141,5.24378028,4.62916903,6.47949782,11.9871921,6.48399102,1.25490893,0.688243233,11.9999872,12.0,0.0,1.67010863,0.00375278563,-7.77783039e-06,-0.000204233144,3.27197917e-05
0.0610880572,11.9884023,5.85491702,5.23987208,7.11077923,11.9876164,7.10628403,1.25495106,0.688264301,11.9999876,12.0,0.0,1.67016555,0.00379793387,7.86151765e-06,0.000204330119,3.27464536e-05
0.0611880572,11.986415,6.47117214,5.85546107,7.73504315,11.9871924,7.73953615,1.25490896,0.688243249,11.9999872,12.0,0.0,1.67010867,0.0038380463,-7.77116786e-06,-0.000204223751,3.2719811e-05
0.0612880572,11.9884026,7.06796654,6.451824,8.35167352,11.9876167,8.3471783,1.25495109,0.688264317,11.9999876,12.0,0.0,1.67016559,0.00388231342,7.86245998e-06,0.000204332345,3.27464723e-05
0.0613880572,11.986416,7.66872099,7.05195837,8.96006179,11.9871927,8.96455457,1.25490899,0.688243265,11.9999872,12.0,0.0,1.67010871,0.00392123961,-7.76328706e-06,-0.000204211827,3.27198301e-05
0.0614880572,11.988403,8.24879461,7.63160752,9.55960757,11.987617,9.55511229,1.25495112,0.688264332,11.9999876,12.0,0.0,1.67016563,0.00396445008,7.86422745e-06,0.000204336763,3.27464907e-05
0.0615880572,11.9864172,8.8317005,8.21393641,10.1497192,11.987193,10.1542116,1.25490902,0.688243281,11.9999872,12.0,0.0,1.67010875,0.00400203581,-7.75348195e-06,-0.000204195202,3.2719849e-05
0.0616880572,11.9884035,9.39274097,8.77456332,10.7298142,11.9876173,10.7253188,1.25495115,0.688264347,11.9999876,12.0,0.0,1.67016567,0.00404402001,7.86756509e-06,0.000204346242,3.27465088e-05
0.0617880572,11.9864186,9.95552065,9.33680665,11.2993202,11.9871933,11.3038122,1.25490905,0.688243297,11.9999872,12.0,0.0,1.67010879,0.004080115,-7.74029316e-06,-0.000204167582,3.27198679e-05
0.0618880572,11.9884042,10.4952907,9.8761773,11.8576752,11.9876176,11.8531795,1.25495118,0.688264362,11.9999876,12.0,0.0,1.67016571,0.0041207095,7.87427803e-06,0.00020437287,3.2746527e-05
0.0619880572,11.9864965,11.0355652,10.4159505,12.404328,11.9872685,12.407173,1.25491651,0.688247028,11.9999873,12.0,0.0,1.67011888,0.00415548643,-7.72007447e-06,-0.000129266651,3.27245878e-05
0.0620880572,12.0004114,11.5216583,10.9006294,12.9387393,11.9996241,12.6700909,1.25614275,0.688860146,11.9999996,12.0,0.0,1.67177567,0.00428631207,7.87281376e-06,0.0122113274,3.35095786e-05
0.0621880572,12.0192412,11.9828881,11.3595372,13.4603816,12.0200108,12.7428607,1.25816254,0.689870039,12.00002,12.0,0.0,1.67450602,0.00448494902,-7.69581984e-06,0.0326174706,3.4843835e-05
0.0622880572,12.0441576,12.4091605,11.7836194,13.9687402,12.0410124,12.7900218,1.26023856,0.690908054,12.000041,12.0,0.0,1.67731422,0.0046945466,3.23735578e-05,0.0540541136,3.62706311e-05
0.0623705665,12.1054556,12.6177439,11.9903719,14.3778254,12.0585592,12.822696,1.26196941,0.691773474,12.0000585,12.0,0.0,1.67965693,0.00486475149,0.000483971431,0.0708148896,3.75047498e-05
0.0624459292,12.1776851,12.7468854,12.1180205,14.7430433,12.074477,12.8501301,1.26353783,0.692557684,12.0000744,12.0,0.0,1.68178049,0.00501923053,0.00153987977,0.087791617,3.86592873e-05
0.0625123828,12.249848,12.8245412,12.1943039,15.0582367,12.0884119,12.8717736,1.26490605,0.693241796,12.0000883,12.0,0.0,1.68363488,0.00515490727,0.00164282101,0.0997524531,3.96954455e-05
0.0625730904,12.3128831,12.8990371,12.2676527,15.3404432,12.1009291,12.8906678,1.26613479,0.693856166,12.0001008,12.0,0.0,1.68530034,0.00528014221,0.0021716768,0.112024022,4.06496209e-05
0.0626454396,12.3860973,12.9849154,12.3520827,15.6694719,12.1158565,12.9125102,1.26759591,0.694586726,12.0001157,12.0,0.0,1.68728243,0.00543261131,0.00270420506,0.125319842,4.18141463e-05
0.0627454396,12.4853411,13.0952947,12.4604057,16.1108891,12.1382167,12.942993,1.26978077,0.695679155,12.0001381,12.0,0.0,1.69024781,0.00566695072,0.00347324589,0.144002715,4.36180319e-05
0.0628454396,12.5801489,13.1993148,12.5614529,16.5364068,12.1705925,12.9826242,1.27293272,0.697255131,12.0001704,12.0,0.0,1.69453034,0.0060168368,0.00409556791,0.161535575,4.63583624e-05
0.0629454396,12.6690459,13.292018,12.6497447,16.9456051,12.2202176,13.0380643,1.27773622,0.699656878,12.00022,12.0,0.0,1.70106785,0.00658319896,0.00448829491,0.177615493,5.08692727e-05
0.0630454396,12.7490268,13.3750545,12.7276055,17.3380801,12.278373,13.1015284,1.28331963,0.702448583,12.0002781,12.0,0.0,1.70868511,0.00730263136,0.00470653945,0.192570533,5.66670603e-05
0.0631454396,12.8204974,13.4472982,12.7947691,17.7134445,12.3367358,13.1644231,1.28886932,0.705223432,12.0003364,12.0,0.0,1.71627799,0.00809009942,0.00483771318,0.206774371,6.30845227e-05
0.0632454396,12.883745,13.5119325,12.8546438,18.0713279,12.3917472,13.2237456,1.29404733,0.707812434,12.0003914,12.0,0.0,1.7233839,0.00889638928,0.00492001062,0.220345128,6.97259484e-05
0.0633454396,12.9402186,13.5684814,12.9068907,18.411377,12.4425617,13.2783335,1.29878131,0.710179425,12.0004421,12.0,0.0,1.7299006,0.00969889671,0.00497657733,0.233320393,7.64079039e-05
0.0634454396,12.9904536,13.6195679,12.9540886,18.7332564,12.4888023,13.3281782,1.30304574,0.71231164,12.0004883,12.0,0.0,1.73578896,0.0104795364,0.00501651741,0.245685576,8.29736203e-05
0.0635454396,13.0355056,13.6644957,12.9955465,19.0366483,12.5309184,13.3734667,1.30689184,0.714234687,12.0005304,12.0,0.0,1.74111561,0.0112333965,0.00504587375,0.257417455,8.93778022e-05
0.0636454396,13.0757158,13.7053017,13.0332369,19.3212533,12.5689513,13.4145146,1.31033251,0.715955022,12.0005684,12.0,0.0,1.74589455,0.0119504045,0.00506764579,0.268488217,9.55246824e-05
0.0637454396,13.1125275,13.7419424,13.0670493,19.5867906,12.6039302,13.4521711,1.31348229,0.717529915,12.0006033,12.0,0.0,1.7502757,0.0126458489,0.00508600506,0.279046387,0.000101521826
0.0638454396,13.1445203,13.7743787,13.0970199,19.832998,12.6347209,13.4854582,1.31621671,0.718897123,12.0006341,12.0,0.0,1.75409553,0.0132775805,0.0050982089,0.288704617,0.00010703259
0.0639454396,13.1731755,13.8028276,13.1232993,20.0596328,12.662415,13.5153215,1.31865771,0.720117626,12.0006618,12.0,0.0,1.75751351,0.0138654629,0.00510765228,0.297601334,0.000112204261
0.0640454396,13.19853,13.8285301,13.1470679,20.266471,12.687028,13.5419623,1.32081144,0.721194487,12.0006863,12.0,0.0,1.76053611,0.0144046925,0.00511515197,0.305781208,0.000116974391
0.0641454396,13.2209548,13.8507579,13.1676157,20.4533087,12.7088649,13.5655359,1.32270977,0.722143656,12.0007082,12.0,0.0,1.76320581,0.0148952663,0.00512094183,0.313167261,0.000121346753
0.0642454396,13.2404786,13.87056,13.185943,20.6199615,12.7279341,13.5861973,1.32435761,0.722967576,12.0007272,12.0,0.0,1.76552763,0.0153339938,0.00512553062,0.319793003,0.000125274448
0.0643454396,13.2573694,13.8872698,13.2013997,20.7662648,12.7444643,13.604056,1.32577859,0.723678061,12.0007437,12.0,0.0,1.76753313,0.0157213576,0.00512908666,0.325606333,0.00012876332
0.0644454396,13.2716244,13.9017506,13.2148115,20.8920744,12.7584444,13.6192172,1.32697476,0.72427615,12.0007577,12.0,0.0,1.76922388,0.0160547002,0.00513185663,0.33062714,0.000131775475
0.0645454396,13.2834392,13.9134025,13.2255941,20.997266,12.7700449,13.6317548,1.32796348,0.724770509,12.0007693,12.0,0.0,1.77062314,0.0163348021,0.00513397283,0.334821711,0.000134318341
0.0646454396,13.2927902,13.922938,13.2344306,21.0817358,12.7792397,13.6417366,1.32874461,0.725161073,12.0007785,12.0,0.0,1.77172977,0.0165594599,0.0051355424,0.338201036,0.000136361957
0.0647454396,13.2998187,13.9298212,13.2408001,21.1454005,12.7861543,13.649208,1.32933054,0.725454039,12.0007854,12.0,0.0,1.77256053,0.0167296421,0.00513666757,0.340745096,0.000137915279
0.0648454396,13.3044855,13.9346391,13.2452666,21.1881973,12.7907505,13.6542073,1.32971928,0.725648406,12.00079,12.0,0.0,1.77311204,0.0168435516,0.00513737548,0.342459276,0.000138955574
0.0649454396,13.3068887,13.9369128,13.2473663,21.2100838,12.7931165,13.6567561,1.32991914,0.725748338,12.0007923,12.0,0.0,1.77339571,0.0169022939,0.00513774094,0.343334012,0.000139493483
0.0650454396,13.3069752,13.9371222,13.2475613,21.2110386,12.793203,13.6568676,1.32992638,0.725751958,12.0007924,12.0,0.0,1.77340601,0.0169044493,0.00513773896,0.343371445,0.000139513009
0.0651454396,13.3048063,13.9348369,13.2454363,21.1910606,12.7910661,13.6545411,1.32974576,0.725661646,12.0007903,12.0,0.0,1.77314971,0.0168512432,0.00513741709,0.342570233,0.000139026722
0.0652454396,13.3003141,13.9304426,13.2413641,21.1501696,12.7866444,13.6497668,1.32937168,0.725474609,12.0007859,12.0,0.0,1.77261904,0.0167416183,0.00513670831,0.340931006,0.000138025003
0.0653454396,13.2935252,13.9235468,13.2349678,21.088406,12.7799635,13.6425213,1.32880553,0.725191536,12.0007792,12.0,0.0,1.77181634,0.0165769278,0.00513562955,0.338459134,0.000136522654
0.0654454396,13.2843535,13.9144494,13.2265389,21.0058306,12.7709472,13.632771,1.32803962,0.724808579,12.0007702,12.0,0.0,1.77073124,0.016356476,0.0051340694,0.335155059,0.000134516186
0.0655454396,13.2727896,13.9027831,13.215727,20.902525,12.7595902,13.6204673,1.32707183,0.724324685,12.0007588,12.0,0.0,1.76936152,0.0160817723,0.00513200504,0.331029887,0.000132022983
0.0656454396,13.2587225,13.8887658,13.2027457,20.7785912,12.7457962,13.605549,1.32589185,0.723734696,12.0007451,12.0,0.0,1.76769355,0.0157525018,0.00512926556,0.326084946,0.000129045572
0.0657454396,13.242101,13.8720405,13.1872571,20.6341514,12.7295254,13.5879371,1.32449367,0.723035604,12.0007288,12.0,0.0,1.76571999,0.0153703847,0.00512576851,0.320336531,0.00012560437
0.0658454396,13.2227788,13.8527397,13.1693944,20.4693481,12.7106539,13.5675365,1.32286355,0.722220543,12.0007099,12.0,0.0,1.76342285,0.014935536,0.00512124974,0.313787793,0.000121708008
0.0659454396,13.2006515,13.8304972,13.1488136,20.2843441,12.6891004,13.544229,1.32099076,0.72128415,12.0006884,12.0,0.0,1.76078867,0.0144499826,0.00511552538,0.30646004,0.000117380596
0.0660454396,13.1755196,13.8053498,13.1255577,20.0793219,12.6647027,13.5178757,1.31885699,0.720217264,12.000664,12.0,0.0,1.75779358,0.013914374,0.00510816845,0.298359162,0.000112637332
0.0661454396,13.1472052,13.7768937,13.0992501,19.8544839,12.6373271,13.488307,1.31644557,0.719011553,12.0006367,12.0,0.0,1.75441637,0.0133312167,0.00509880322,0.289511632,0.000107507169
0.0662454396,13.1154278,13.7450465,13.0698214,19.6100518,12.6067594,13.4553262,1.31373202,0.71765478,12.0006062,12.0,0.0,1.75062523,0.0127019112,0.00508668965,0.279927003,0.000102013117
0.0663454396,13.0799015,13.7093244,13.0368216,19.346267,12.5728007,13.4186985,1.31069223,0.716134883,12.0005722,12.0,0.0,1.74638928,0.0120297825,0.00507104869,0.269637288,9.61912622e-05
0.0664454396,13.0393307,13.6685715,12.9991891,19.0633898,12.5345221,13.3774708,1.3072192,0.714398368,12.000534,12.0,0.0,1.74156972,0.0112998617,0.00504808607,0.25845094,8.99452065e-05
0.0665454396,12.9948043,13.6237272,12.9577797,18.7616993,12.4928437,13.3325832,1.30341641,0.712496973,12.0004924,12.0,0.0,1.73630164,0.0105500239,0.00501960633,0.24677811,8.35702953e-05
0.0666454396,12.9449996,13.5735757,12.9114457,18.4414932,12.4469326,13.2831863,1.29918621,0.710381875,12.0004465,12.0,0.0,1.73045893,0.00977061525,0.004980673,0.234468647,7.70083087e-05
0.0667454396,12.889205,13.5172037,12.8593347,18.1030877,12.3966109,13.2290429,1.29450253,0.708040035,12.0003962,12.0,0.0,1.72400965,0.00897070134,0.00492594702,0.221547717,7.03422167e-05
0.0668454396,12.8265123,13.4537372,12.8005494,17.7468166,12.3419298,13.1702006,1.28936048,0.705469012,12.0003416,12.0,0.0,1.71695109,0.00816352627,0.00484584296,0.20802833,6.36863459e-05
0.0669454396,12.7584713,13.3846426,12.7364685,17.3730315,12.2839322,13.1077282,1.28387875,0.702728142,12.0002836,12.0,0.0,1.70943767,0.00738234543,0.00474652381,0.194367464,5.72828657e-05
0.0670454396,12.6766404,13.3004299,12.6574977,16.9821013,12.2250719,13.0436703,1.27820424,0.699890891,12.0002248,12.0,0.0,1.70170557,0.00664092788,0.00451602623,0.179020895,5.13316005e-05
0.0671454396,12.5886035,13.2080996,12.569761,16.5744119,12.174451,12.987171,1.27330744,0.697442489,12.0001743,12.0,0.0,1.69503984,0.00605942312,0.00414152771,0.163056407,4.66953884e-05
0.0672454396,12.49397,13.1057833,12.4705641,16.1503655,12.1405351,12.9463596,1.27000691,0.695792226,12.0001404,12.0,0.0,1.69055489,0.00569165731,0.00353435214,0.145636632,4.38091311e-05
0.0673454396,12.3953161,12.9952276,12.3621651,15.7103806,12.1177503,12.9153734,1.26778129,0.694679417,12.0001176,12.0,0.0,1.6875339,0.00545220183,0.0027776789,0.127052318,4.19642624e-05
0.0674454396,12.2936073,12.8767418,12.2456124,15.2548915,12.0971403,12.8851709,1.26576233,0.693669936,12.000097,12.0,0.0,1.68479571,0.00524184769,0.00196755603,0.107723645,4.03579903e-05
0.0675454396,12.1901574,12.7468187,12.1176878,14.7843477,12.0763452,12.8527524,1.26372008,0.692648813,12.0000763,12.0,0.0,1.68202797,0.00503620822,0.00114646352,0.0878165608,3.87957341e-05
0.0676454396,12.0891445,12.5923207,11.9652218,14.2992135,12.0551158,12.8170065,1.26162996,0.69160375,12.0000551,12.0,0.0,1.67919741,0.00483211536,0.000374749822,0.0674065241,3.72594518e-05
0.0677454396,12.0341072,12.2736338,11.6487303,13.7999677,12.0339461,12.7760578,1.2595406,0.690559071,12.0000339,12.0,0.0,1.67636989,0.00462364326,2.69163178e-06,0.0465414258,3.57845353e-05
0.0678454396,12.0128616,11.8302201,11.2075769,13.287103,12.0129792,12.7244271,1.25746639,0.689521968,12.000013,12.0,0.0,1.67356478,0.00441597271,-1.17609289e-06,0.0255771591,3.43780731e-05
0.0678695435,12.0080915,11.7199046,11.09782,13.1615015,12.0079964,12.7085004,1.25697276,0.689275153,12.000008,12.0,0.0,1.67289748,0.00436753093,9.51485053e-07,0.0206058541,3.40515812e-05
0.0678934623,12.0030045,11.6107352,10.989178,13.0361188,12.0031213,12.6903296,1.25648954,0.689033542,12.0000031,12.0,0.0,1.67224434,0.0043205116,-1.16733942e-06,0.015725673,3.37349776e-05
0.0679413,11.9940643,11.3862405,10.7657166,12.7831521,11.9939688,12.6387744,1.25558169,0.688579614,11.999994,12.0,0.0,1.67101753,0.00423211043,9.55311806e-07,0.00656458704,3.31480953e-05
0.068000478,11.9874102,11.0933199,10.4736471,12.4662286,11.9875268,12.4635345,1.25494217,0.688259856,11.9999875,12.0,0.0,1.67015353,0.00416149592,-1.16623935e-06,0.000123793297,3.27408209e-05
0.0680567162,11.9875871,10.7943984,10.174996,12.1610549,11.9874918,12.1591745,1.2549387,0.688258123,11.9999875,12.0,0.0,1.67014885,0.0041404391,9.52100346e-07,8.55694944e-05,3.27386287e-05
0.068082958,11.9872027,10.6550246,10.0357361,12.01735,11.9873187,12.0192309,1.25492151,0.688249525,11.9999873,12.0,0.0,1.67012562,0.00412944002,-1.15617515e-06,-8.5457437e-05,3.27277468e-05
0.0681067781,11.9875864,10.5257077,9.90652804,11.8861994,11.9874914,11.884327,1.25493866,0.688258099,11.9999875,12.0,0.0,1.67014879,0.00412176397,9.52312082e-07,8.51749519e-05,3.27385977e-05
0.0681544184,11.9872035,10.2684519,9.6494865,11.6219089,11.9873187,11.6237892,1.2549215,0.688249522,11.9999873,12.0,0.0,1.67012561,0.00410257891,-1.14787459e-06,-8.54477193e-05,3.27277434e-05
0.0682496988,11.9875865,9.7430445,9.12452005,11.0855778,11.9874913,11.0837039,1.25493864,0.688258092,11.9999875,12.0,0.0,1.67014877,0.00406749969,9.59924944e-07,8.51971799e-05,3.27385903e-05
0.0683496988,11.9872041,9.18344244,8.56539271,10.5120072,11.9873185,10.5138867,1.25492148,0.68824951,11.9999873,12.0,0.0,1.67012558,0.00402729108,-1.13699192e-06,-8.54181108e-05,3.27277299e-05
0.0684496988,11.9875873,8.61149452,7.99393551,9.92806249,11.987491,9.92618832,1.25493862,0.688258079,11.9999875,12.0,0.0,1.67014873,0.00398884323,9.67398061e-07,8.5213161e-05,3.27385745e-05
0.0685496988,11.9872048,8.03216521,7.41510761,9.33431998,11.9873182,9.33619928,1.25492145,0.688249496,11.9999873,12.0,0.0,1.67012555,0.00394726967,-1.12948584e-06,-8.54022938e-05,3.27277135e-05
0.0686496988,11.9875876,7.44164279,6.82510227,8.73136562,11.9874908,8.72949088,1.25493859,0.688258066,11.9999875,12.0,0.0,1.6701487,0.00390750601,9.7248618e-07,8.52215826e-05,3.27385587e-05
0.0687496988,11.9872052,6.84487622,6.22886295,8.11979446,11.9873179,8.12167319,1.25492143,0.688249483,11.9999873,12.0,0.0,1.67012551,0.00386474579,-1.12388508e-06,-8.5391915e-05,3.27276976e-05
0.0688496988,11.9875878,6.23810556,5.62263511,7.50021004,11.9874905,7.49833515,1.25493856,0.688258051,11.9999875,12.0,0.0,1.67014866,0.00382382712,9.76269836e-07,8.52268296e-05,3.27385411e-05
0.0689496988,11.9872054,5.62626075,5.01134271,6.87322382,11.9873176,6.87510235,1.2549214,0.688249468,11.9999873,12.0,0.0,1.67012547,0.0037800451,-1.11941144e-06,-8.53842312e-05,3.272768e-05
0.0690496988,11.9875879,5.00563226,4.39128203,6.23945456,11.9874902,6.23757956,1.25493853,0.688258035,11.9999875,12.0,0.0,1.67014862,0.00373813696,9.7926866e-07,8.52304481e-05,3.27385228e-05
0.0691496988,11.9872056,4.38112783,3.76735437,5.59952771,11.9873173,5.60140609,1.25492137,0.688249453,11.9999873,12.0,0.0,1.67012543,0.00369350201,-1.11565945e-06,-8.5378102e-05,3.27276618e-05
0.0692496988,11.9875879,3.7490867,3.1359052,4.9540748,11.9874899,4.95219973,1.2549385,0.688258019,11.9999875,12.0,0.0,1.67014858,0.00365077374,9.81765007e-07,8.52331307e-05,3.27385041e-05
0.0693496988,11.9872056,3.11439126,2.50180996,4.30373282,11.987317,4.30561108,1.25492134,0.688249437,11.9999873,12.0,0.0,1.67012539,0.0036054581,-1.11239532e-06,-8.53729578e-05,3.27276431e-05
0.0694496988,11.9875878,2.47342776,1.86146158,3.64914358,11.9874896,3.64726845,1.25493847,0.688258003,11.9999875,12.0,0.0,1.67014854,0.00356208225,9.83925826e-07,8.52352354e-05,3.2738485e-05
0.0695496988,11.9872056,1.83105015,1.21970654,2.99095307,11.9873167,2.99283121,1.25492131,0.688249421,11.9999873,12.0,0.0,1.67012535,0.00351626085,-1.10947409e-06,-8.53684787e-05,3.27276242e-05
0.0696496988,11.9875877,1.18368976,0.572983323,2.32981085,11.9874892,2.32793567,1.25493844,0.688257987,11.9999875,12.0,0.0,1.67014849,0.00347241254,9.85856113e-07,8.52369663e-05,3.27384656e-05
0.0697496988,11.987208,0.741815327,0.141250245,1.66636938,11.9873158,1.6682474,1.25434275,0.683009742,11.9999873,12.0,0.0,1.66956914,0.00280276041,-1.07753978e-06,-8.53644694e-05,3.91903232e-05
0.0698496988,11.9875875,0.632773682,0.0762668464,1.00128342,11.9874842,0.999408171,1.25082864,0.661479198,11.9999875,12.0,0.0,1.6661975,0.00111566228,1.03391738e-06,8.52384483e-05,7.86485038e-05
0.0699318087,11.9871914,0.437124595,0.0218786889,0.454413801,11.987301,0.456291741,1.24200406,0.631670307,11.9999873,12.0,0.0,1.65770723,5.34991583e-05,-1.09563392e-06,-8.53608985e-05,0.000177025294
0.069971746,11.9875706,0.186172211,0.0185220001,0.188291258,11.9874726,0.186416025,1.24123146,0.629638346,11.9999875,12.0,0.0,1.65697116,5.44212557e-06,9.79229776e-07,8.52378717e-05,0.000185857918
0.0699938866,11.98719,0.0429046072,0.0177469136,0.0407415996,11.9872997,0.0426194409,1.24103178,0.629157937,11.9999873,12.0,0.0,1.65677251,-5.4336631e-06,-1.09719035e-06,-8.53562873e-05,0.00018788613
0.0700157399,11.9875699,-0.106872586,0.018494542,-0.104895029,11.9874726,-0.106770159,1.24122563,0.629622048,11.9999875,12.0,0.0,1.65696555,5.08973771e-06,9.73950845e-07,8.52334167e-05,0.000185933159
0.0700430936,11.9871905,-0.285030312,0.0177517128,-0.287181103,11.9872997,-0.28530337,1.24103366,0.629161326,11.9999873,12.0,0.0,1.65677431,-5.41122933e-06,-1.0914748e-06,-8.53512266e-05,0.000187875147
0.0700978012,11.9875695,-0.653675362,0.0184993758,-0.651676169,11.9874724,-0.653551246,1.24122678,0.629624995,11.9999875,12.0,0.0,1.65696665,5.10596057e-06,9.7150701e-07,8.52314061e-05,0.000185920215
0.0701978012,11.9871905,-1.31522492,0.0177543175,-1.31736283,11.9872994,-1.31548515,1.24103427,0.629162912,11.9999873,12.0,0.0,1.65677489,-5.36823763e-06,-1.0879808e-06,-8.53479568e-05,0.000187868077
0.0702978012,11.9875693,-1.9837586,0.0185014738,-1.98174941,11.9874721,-1.98362451,1.24122725,0.629626262,11.9999875,12.0,0.0,1.65696709,5.13494141e-06,9.72526908e-07,8.52325799e-05,0.000185914519
0.0703978012,11.9871906,-2.64204959,0.0177556424,-2.64418025,11.9872991,-2.64230264,1.24103457,0.629163711,11.9999873,12.0,0.0,1.65677517,-5.34330411e-06,-1.08465887e-06,-8.53447857e-05,0.000187864423
0.0704978012,11.987569,-3.30601599,0.018502513,-3.3040016,11.9874718,-3.30587672,1.24122748,0.629626883,11.9999875,12.0,0.0,1.65696729,5.14881214e-06,9.73480974e-07,8.52336812e-05,0.000185911652
0.0705978012,11.9871906,-3.95844508,0.0177583048,-3.96056229,11.9872988,-3.95868476,1.24103518,0.629165325,11.9999873,12.0,0.0,1.65677574,-5.32801205e-06,-1.08148861e-06,-8.53417587e-05,0.000187857156
0.0706978012,11.9875688,-4.61523606,0.0185039947,-4.61321439,11.9874715,-4.61508954,1.2412278,0.629627773,11.9999875,12.0,0.0,1.65696759,5.15719374e-06,9.74394043e-07,8.52347338e-05,0.000185907599
0.0707978012,11.9871906,-5.25920187,0.0177592221,-5.26131381,11.9872985,-5.25943634,1.24103538,0.629165875,11.9999873,12.0,0.0,1.65677592,-5.31703979e-06,-1.07843784e-06,-8.53388452e-05,0.000187854601
0.0708978012,11.9875686,-5.90624528,0.0185044973,-5.90422094,11.9874711,-5.90609612,1.2412279,0.629628067,11.9999875,12.0,0.0,1.65696767,5.16292291e-06,9.75280783e-07,8.5235755e-05,0.000185906166
0.0709978012,11.9871906,-6.53919357,0.0177599087,-6.54130132,11.9872982,-6.53942392,1.24103552,0.629166282,11.9999873,12.0,0.0,1.65677604,-5.30843467e-06,-1.07548255e-06,-8.53360219e-05,0.000187852664
0.0710978012,11.9875684,-7.17395256,0.0185048556,-7.17192623,11.9874708,-7.17380143,1.24122796,0.629628273,11.9999875,12.0,0.0,1.65696772,5.1671652e-06,9.76153428e-07,8.52367571e-05,0.00018590512
0.0711978012,11.9871906,-7.7933691,0.017760464,-7.79547331,11.9872979,-7.79359597,1.24103563,0.62916661,11.9999873,12.0,0.0,1.65677614,-5.30128784e-06,-1.07260406e-06,-8.53332706e-05,0.000187851082
0.0712978012,11.9875682,-8.41335513,0.0185051291,-8.4113272,11.9874705,-8.41320242,1.241228,0.629628428,11.9999875,12.0,0.0,1.65696775,5.17049275e-06,9.77020553e-07,8.52377494e-05,0.000185904303
0.0713978012,11.9871906,-9.01677906,0.0177609351,-9.01888012,11.9872976,-9.01700284,1.24103572,0.629166886,11.9999873,12.0,0.0,1.65677621,-5.29511092e-06,-1.06978767e-06,-8.53305774e-05,0.000187849728
0.0714978012,11.987568,-9.61956177,0.0185053486,-9.6175325,11.9874702,-9.61940775,1.24122803,0.62962855,11.9999875,12.0,0.0,1.65696776,5.17322132e-06,9.77888375e-07,8.52387384e-05,0.000185903632
0.0715978012,11.9871906,-10.2045953,0.0177613487,-10.2066935,11.9872973,-10.2048163,1.2410358,0.629167128,11.9999873,12.0,0.0,1.65677628,-5.28961469e-06,-1.06702171e-06,-8.53279308e-05,0.000187848532
0.0716978012,11.9875678,-10.7878122,0.0185055318,-10.7857818,11.98747,-10.7876571,1.24122805,0.62962865,11.9999875,12.0,0.0,1.65696777,5.17553985e-06,9.78761362e-07,8.5239729e-05,0.000185903061
0.0717978012,11.9871906,-11.3521302,0.0177617212,-11.3542258,11.987297,-11.3523486,1.24103586,0.629167344,11.9999873,12.0,0.0,1.65677633,-5.28461538e-06,-1.06429679e-06,-8.5325322e-05,0.00018784745
0.0718978012,11.9875676,-11.913496,0.0185056898,-11.9114645,11.9874697,-11.9133398,1.24122806,0.629628736,11.9999875,12.0,0.0,1.65696778,5.17756841e-06,9.7964267e-07,8.52407249e-05,0.00018590256
0.0719978012,11.9871906,-12.454855,0.0177620631,-12.4569481,11.9872968,-12.455071,1.24103592,0.629167543,11.9999873,12.0,0.0,1.65677638,-5.27998985e-06,-1.06160533e-06,-8.53227436e-05,0.000187846453
0.0720978012,11.9875675,-12.9921706,0.0185058296,-12.9901382,11.9874694,-12.9920135,1.24122808,0.62962881,11.9999875,12.0,0.0,1.65696778,5.1793868e-06,9.80534454e-07,8.52417283e-05,0.000185902111
0.0721978012,11.9871906,-13.5084178,0.0177623818,-13.5105085,11.9872965,-13.5086315,1.24103598,0.629167728,11.9999873,12.0,0.0,1.65677642,-5.27565207e-06,-1.05894116e-06,-8.53201898e-05,0.000187845522
0.0722978012,11.9875673,-14.019579,0.018505956,-14.0175457,11.9874692,-14.019421,1.24122809,0.629628877,11.9999875,12.0,0.0,1.65696778,5.18105003e-06,9.81438096e-07,8.52427411e-05,0.000185901701
0.0723978012,11.9871906,-14.5086608,0.0177626823,-14.5107492,11.9872963,-14.5088722,1.24103603,0.629167902,11.9999873,12.0,0.0,1.65677647,-5.27153981e-06,-1.05629924e-06,-8.53176559e-05,0.000187844643
0.0724978012,11.9875672,-14.9916665,0.0185060724,-14.9896323,11.9874689,-14.9915077,1.2412281,0.629628939,11.9999875,12.0,0.0,1.65696778,5.18259707e-06,9.82354376e-07,8.52437642e-05,0.000185901322
0.0725978012,11.9871907,-15.4516363,0.0177629686,-15.4537225,11.9872961,-15.4518456,1.24103609,0.629168068,11.9999873,12.0,0.0,1.65677651,-5.26760685e-06,-1.05367544e-06,-8.53151378e-05,0.000187843807
0.0726978012,11.987567,-15.9045968,0.0185061813,-15.9025617,11.9874687,-15.9044371,1.2412281,0.629628996,11.9999875,12.0,0.0,1.65696778,5.18405618e-06,9.83283601e-07,8.52447982e-05,0.000185900968
0.0727978012,11.9871907,-16.333623,0.0177632434,-16.3357071,11.9872959,-16.3338302,1.24103613,0.629168227,11.9999873,12.0,0.0,1.65677655,-5.26381797e-06,-1.05106636e-06,-8.53126326e-05,0.000187843006
0.0728978012,11.9875669,-16.7547669,0.0185062843,-16.752731,11.9874685,-16.7546064,1.24122811,0.629629051,11.9999875,12.0,0.0,1.65696778,5.18544825e-06,9.84225699e-07,8.52458433e-05,0.000185900633
0.0729978012,11.9871908,-17.1511401,0.017763509,-17.153222,11.9872957,-17.1513452,1.24103618,0.629168382,11.9999873,12.0,0.0,1.65677658,-5.2601458e-06,-1.0484692e-06,-8.53101375e-05,0.000187842235
0.0730978012,11.9875668,-17.5388215,0.0185063829,-17.5367849,11.9874683,-17.5386603,1.24122812,0.629629103,11.9999875,12.0,0.0,1.65696778,5.18678893e-06,9.851803e-07,8.52468991e-05,0.000185900315
0.0731978012,11.9871909,-17.9009612,0.017763767,-17.9030411,11.9872955,-17.9011643,1.24103623,0.629168532,11.9999873,12.0,0.0,1.65677662,-5.25656868e-06,-1.04588168e-06,-8.53076505e-05,0.000187841488
0.0732978012,11.9875668,-18.2536665,0.0185064779,-18.2516291,11.9874682,-18.2535046,1.24122813,0.629629154,11.9999875,12.0,0.0,1.65696778,5.18809013e-06,9.86146793e-07,8.52479654e-05,0.000185900011
0.0733978012,11.987191,-18.5801271,0.0177640188,-18.582205,11.9872953,-18.5803283,1.24103628,0.62916868,11.9999873,12.0,0.0,1.65677666,-5.25306915e-06,-1.04330188e-06,-8.53051697e-05,0.000187840764
0.0734978012,11.9875667,-18.8964807,0.0185065702,-18.8944425,11.987468,-18.896318,1.24122814,0.629629204,11.9999875,12.0,0.0,1.65696778,5.18936096e-06,9.8712437e-07,8.52490414e-05,0.00018589972
0.0735978012,11.9871911,-19.1859576,0.0177642657,-19.1880334,11.9872952,-19.1861568,1.24103633,0.629168825,11.9999873,12.0,0.0,1.6567767,-5.24963292e-06,-1.04072827e-06,-8.53026939e-05,0.000187840057
0.0736978012,11.9875667,-19.4647271,0.0185066603,-19.4626881,11.9874679,-19.4645636,1.24122815,0.629629253,11.9999875,12.0,0.0,1.65696779,5.1906085e-06,9.8811207e-07,8.52501263e-05,0.00018589944
0.0737978012,11.9871912,-19.7160616,0.0177645083,-19.7181355,11.9872951,-19.7162589,1.24103637,0.629168968,11.9999873,12.0,0.0,1.65677675,-5.2462481e-06,-1.03815954e-06,-8.5300222e-05,0.000187839368
0.0738978012,11.9875667,-19.9561631,0.0185067487,-19.9541234,11.9874677,-19.955999,1.24122816,0.629629303,11.9999875,12.0,0.0,1.65696779,5.19183831e-06,9.89108804e-07,8.52512193e-05,0.000185899169
0.0739978012,11.9871914,-20.1683471,0.0177647477,-20.1704191,11.987295,-20.1685425,1.24103642,0.62916911,11.9999873,12.0,0.0,1.65677679,-5.24290464e-06,-1.03559466e-06,-8.52977528e-05,0.000187838692
0.0740978012,11.9875667,-20.3688493,0.0185068358,-20.3668089,11.9874677,-20.3686845,1.24122817,0.629629352,11.9999875,12.0,0.0,1.6569678,5.19305474e-06,9.90113383e-07,8.52523192e-05,0.000185898908
0.0741978012,11.9871916,-20.5410292,0.0177649843,-20.5430992,11.9872949,-20.5412227,1.24103647,0.629169251,11.9999873,12.0,0.0,1.65677683,-5.23959386e-06,-1.03303274e-06,-8.52952859e-05,0.00018783803
0.0742978012,11.9875667,-20.7011571,0.0185069217,-20.6991159,11.9874676,-20.7009915,1.24122819,0.629629401,11.9999875,12.0,0.0,1.65696781,5.19426132e-06,9.91124539e-07,8.52534249e-05,0.000185898655
0.0743978012,11.9871918,-20.8326371,0.0177652188,-20.8347051,11.9872948,-20.8328287,1.24103652,0.629169392,11.9999873,12.0,0.0,1.65677688,-5.23630816e-06,-1.03047306e-06,-8.52928204e-05,0.000187837379
0.0744978012,11.9875667,-20.9517749,0.0185070069,-20.949733,11.9874675,-20.9516086,1.2412282,0.62962945,11.9999875,12.0,0.0,1.65696782,5.19546091e-06,9.92140942e-07,8.52545353e-05,0.00018589841
0.0745978012,11.987192,-21.0420199,0.0177654517,-21.044086,11.9872948,-21.0422096,1.24103658,0.629169533,11.9999873,12.0,0.0,1.65677693,-5.23304069e-06,-1.02791499e-06,-8.5290356e-05,0.000187836738
0.0746978012,11.9875668,-21.1197136,0.0185070914,-21.117671,11.9874675,-21.1195466,1.24122822,0.6296295,11.9999875,12.0,0.0,1.65696784,5.19665591e-06,9.93161217e-07,8.5255649e-05,0.000185898172
0.0747978012,11.9871922,-21.1683512,0.0177656835,-21.1704154,11.9872947,-21.1685391,1.24103663,0.629169673,11.9999873,12.0,0.0,1.65677698,-5.22978518e-06,-1.02535801e-06,-8.52878923e-05,0.000187836106
0.0748978012,11.9875669,-21.2043106,0.0185071754,-21.2022672,11.9874675,-21.2041429,1.24122824,0.62962955,11.9999875,12.0,0.0,1.65696786,5.19784841e-06,9.9418396e-07,8.52567647e-05,0.000185897942
0.0749978012,11.9871924,-21.2111327,0.0177659145,-21.2131949,11.9872947,-21.2113187,1.24103669,0.629169814,11.9999873,12.0,0.0,1.65677703,-5.22653569e-06,-1.02280164e-06,-8.52854287e-05,0.000187835482
0.0750978012,11.987567,-21.2052319,0.0185072591,-21.2031878,11.9874675,-21.2050635,1.24122826,0.629629601,11.9999875,12.0,0.0,1.65696787,5.19904034e-06,9.95207745e-07,8.52578813e-05,0.000185897718
0.0751978012,11.9871927,-21.1701953,0.0177661453,-21.1722557,11.9872947,-21.1703794,1.24103674,0.629169956,11.9999873,12.0,0.0,1.65677709,-5.22328646e-06,-1.02024541e-06,-8.52829652e-05,0.000187834864
0.0752978012,11.9875671,-21.1224739,0.0185073425,-21.1204291,11.9874675,-21.1223048,1.24122828,0.629629653,11.9999875,12.0,0.0,1.6569679,5.20023354e-06,9.96231145e-07,8.52589972e-05,0.000185897501
0.0753978012,11.987193,-21.0457007,0.0177663761,-21.0477591,11.9872948,-21.045883,1.2410368,0.629170098,11.9999873,12.0,0.0,1.65677714,-5.22003174e-06,-1.01768889e-06,-8.52805012e-05,0.000187834252
0.0754978012,11.9875672,-20.9563632,0.0185074259,-20.9543176,11.9874675,-20.9561934,1.2412283,0.629629705,11.9999875,12.0,0.0,1.65696792,5.20142992e-06,9.97252737e-07,8.52601114e-05,0.00018589729
0.0755978012,11.9871933,-20.8381402,0.0177666075,-20.8401967,11.9872948,-20.8383206,1.24103686,0.629170241,11.9999873,12.0,0.0,1.6567772,-5.21676561e-06,-1.01513158e-06,-8.52780364e-05,0.000187833645
0.0756978012,11.9875674,-20.7075554,0.0185075093,-20.7055091,11.9874676,-20.7073848,1.24122833,0.629629759,11.9999875,12.0,0.0,1.65696795,5.20263159e-06,9.98271118e-07,8.52612223e-05,0.000185897085
0.0757978012,11.9871936,-20.548333,0.0177668398,-20.5503876,11.9872949,-20.5485116,1.24103692,0.629170386,11.9999873,12.0,0.0,1.65677727,-5.2134818e-06,-1.01257298e-06,-8.52755705e-05,0.00018783304
0.0758978012,11.9875676,-20.3770324,0.0185075929,-20.3749854,11.9874677,-20.3768612,1.24122835,0.629629813,11.9999875,12.0,0.0,1.65696797,5.20384094e-06,9.99284918e-07,8.52623289e-05,0.000185896884
0.0759978012,11.987194,-20.1774228,0.0177670735,-20.1794755,11.987295,-20.1775995,1.24103698,0.629170533,11.9999873,12.0,0.0,1.65677733,-5.21017351e-06,-1.01001247e-06,-8.52731028e-05,0.000187832438
0.0760978012,11.9875678,-19.9660986,0.018507677,-19.9640509,11.9874678,-19.9659267,1.24122838,0.629629868,11.9999875,12.0,0.0,1.656968,5.20506085e-06,1.00029281e-06,8.52634298e-05,0.000185896688
0.0761978012,11.9871944,-19.7268735,0.0177673091,-19.7289242,11.9872951,-19.7270482,1.24103705,0.629170681,11.9999873,12.0,0.0,1.6567774,-5.20683318e-06,-1.00744935e-06,-8.52706329e-05,0.000187831836
0.0762978012,11.987568,-19.4763759,0.0185077616,-19.4743274,11.9874679,-19.4762033,1.24122841,0.629629924,11.9999875,12.0,0.0,1.65696804,5.20629483e-06,1.00129355e-06,8.5264524e-05,0.000185896496
0.0763978012,11.9871948,-19.1984631,0.0177675472,-19.2005119,11.9872952,-19.198636,1.24103712,0.629170832,11.9999873,12.0,0.0,1.65677747,-5.20345219e-06,-1.00488275e-06,-8.526816e-05,0.000187831232
0.0764978012,11.9875683,-18.9097969,0.0185078471,-18.9077477,11.987468,-18.9096235,1.24122844,0.629629982,11.9999875,12.0,0.0,1.65696807,5.20754726e-06,1.00228593e-06,8.52656103e-05,0.000185896307
0.0765978012,11.9871952,-18.594277,0.0177677885,-18.5963239,11.9872954,-18.594448,1.24103719,0.629170985,11.9999873,12.0,0.0,1.65677754,-5.20002054e-06,-1.00231166e-06,-8.52656832e-05,0.000187830626
0.0766978012,11.9875685,-18.2685976,0.0185079338,-18.2665477,11.9874682,-18.2684236,1.24122847,0.629630041,11.9999875,12.0,0.0,1.65696811,5.20882367e-06,1.0032689e-06,8.52666879e-05,0.00018589612
0.0767978012,11.9871956,-17.9166998,0.0177680337,-17.9187447,11.9872956,-17.9168689,1.24103726,0.629171142,11.9999873,12.0,0.0,1.65677762,-5.19652645e-06,-9.99734816e-07,-8.52632014e-05,0.000187830014
0.0768978012,11.9875688,-17.5553087,0.0185080221,-17.553258,11.9874684,-17.5551339,1.24122851,0.629630101,11.9999875,12.0,0.0,1.65696815,5.21013116e-06,1.0042415e-06,8.52677559e-05,0.000185895934
0.0769978012,11.987196,-17.1684055,0.0177682838,-17.1704484,11.9872958,-17.1685727,1.24103733,0.629171302,11.9999873,12.0,0.0,1.6567777,-5.19295574e-06,-9.97150702e-07,-8.52607131e-05,0.000187829394
0.0770978012,11.9875691,-16.772745,0.0185081126,-16.7706936,11.9874686,-16.7725695,1.24122855,0.629630164,11.9999875,12.0,0.0,1.65696819,5.21147883e-06,1.00520294e-06,8.52688137e-05,0.000185895746
0.0771978012,11.9871965,-16.3523474,0.0177685399,-16.3543882,11.987296,-16.3525125,1.24103741,0.629171467,11.9999873,12.0,0.0,1.65677778,-5.18929109e-06,-9.94557467e-07,-8.52582167e-05,0.000187828762
0.0772978012,11.9875694,-15.9239951,0.0185082061,-15.921943,11.9874688,-15.9238189,1.24122858,0.629630229,11.9999875,12.0,0.0,1.65696824,5.21287858e-06,1.00615264e-06,8.52698608e-05,0.000185895556
0.0773978012,11.987197,-15.4717459,0.0177688033,-15.4737847,11.9872962,-15.4719091,1.24103749,0.629171636,11.9999873,12.0,0.0,1.65677786,-5.18551102e-06,-9.91952862e-07,-8.52557101e-05,0.000187828115
0.0774978012,11.9875697,-15.0124085,0.0185083034,-15.0103557,11.987469,-15.0122316,1.24122862,0.629630297,11.9999875,12.0,0.0,1.65696829,5.21434603e-06,1.00709023e-06,8.5270897e-05,0.000185895359
0.0775978012,11.9871975,-14.5300766,0.0177690758,-14.5321132,11.9872964,-14.5302377,1.24103758,0.629171812,11.9999873,12.0,0.0,1.65677795,-5.18158841e-06,-9.8933415e-07,-8.52531907e-05,0.000187827448
0.0776978012,11.98757,-14.041583,0.0185084058,-14.0395294,11.9874692,-14.0414053,1.24122867,0.629630369,11.9999875,12.0,0.0,1.65696834,5.21590201e-06,1.00801569e-06,8.52719225e-05,0.000185895153
0.0777978012,11.987198,-13.5310557,0.0177693596,-13.5330902,11.9872967,-13.5312146,1.24103766,0.629171995,11.9999873,12.0,0.0,1.65677805,-5.17748834e-06,-9.86698005e-07,-8.52506553e-05,0.000187826755
0.0778978012,11.9875704,-13.0153499,0.0185085149,-13.0132954,11.9874695,-13.0151714,1.24122871,0.629630446,11.9999875,12.0,0.0,1.65696839,5.21757471e-06,1.00892935e-06,8.52729377e-05,0.000185894933
0.0779978012,11.9871985,-12.478626,0.0177696576,-12.4806582,11.9872969,-12.4787827,1.24103776,0.629172188,11.9999873,12.0,0.0,1.65677815,-5.17316502e-06,-9.84040371e-07,-8.52481001e-05,0.000187826027
0.0780978012,11.9875707,-11.9377593,0.0185086331,-11.935704,11.9874697,-11.93758,1.24122876,0.629630528,11.9999875,12.0,0.0,1.65696845,5.21940294e-06,1.00983202e-06,8.52739437e-05,0.000185894692
0.0781978012,11.987199,-11.3769409,0.0177699736,-11.3789707,11.9872972,-11.3770953,1.24103785,0.629172391,11.9999873,12.0,0.0,1.65677825,-5.16855681e-06,-9.81356302e-07,-8.52455203e-05,0.000187825254
0.0782978012,11.9875711,-10.813064,0.0185087636,-10.8110078,11.98747,-10.8128838,1.24122882,0.629630618,11.9999875,12.0,0.0,1.65696851,5.22144144e-06,1.01072514e-06,8.52749422e-05,0.000185894421
0.0783978012,11.9871996,-10.2303483,0.0177703127,-10.2323757,11.9872975,-10.2305003,1.24103796,0.62917261,11.9999873,12.0,0.0,1.65677836,-5.16357854e-06,-9.78639738e-07,-8.52429101e-05,0.000187824422
0.0784978012,11.9875714,-9.6457026,0.018508911,-9.64364544,11.9874703,-9.6455215,1.24122887,0.629630719,11.9999875,12.0,0.0,1.65696858,5.22376958e-06,1.0116109e-06,8.52759355e-05,0.000185894109
0.0785978012,11.9872001,-9.0433733,0.0177706823,-9.0453981,11.9872978,-9.04352281,1.24103807,0.629172847,11.9999873,12.0,0.0,1.65677848,-5.15810835e-06,-9.75883227e-07,-8.52402624e-05,0.000187823511
0.0786978012,11.9875718,-8.44028229,0.0185090819,-8.43822405,11.9874706,-8.44010013,1.24122894,0.629630835,11.9999875,12.0,0.0,1.65696865,5.22650655e-06,1.01249253e-06,8.52769272e-05,0.000185893736
0.0787978012,11.9872007,-7.8207005,0.0177710931,-7.82272249,11.9872981,-7.82084725,1.24103819,0.62917311,11.9999873,12.0,0.0,1.65677861,-5.15196457e-06,-9.73077548e-07,-8.52375681e-05,0.000187822491
0.0788978012,11.9875722,-7.20156031,0.0185092869,-7.19950084,11.9874709,-7.20137694,1.24122901,0.629630972,11.9999875,12.0,0.0,1.65696873,5.22983974e-06,1.01337455e-06,8.5277922e-05,0.000185893274
0.0789978012,11.9872013,-6.56715526,0.0177715614,-6.56917416,11.9872984,-6.56729898,1.24103833,0.629173409,11.9999873,12.0,0.0,1.65677875,-5.14486157e-06,-9.70211214e-07,-8.52348161e-05,0.000187821318
0.0790978012,11.9875726,-5.93442543,0.0185095429,-5.93236449,11.9874712,-5.93424062,1.24122909,0.629631141,11.9999875,12.0,0.0,1.65696883,5.23408165e-06,1.01426327e-06,8.52789267e-05,0.000185892679
0.0791978012,11.9872019,-5.28768491,0.017772114,-5.2897003,11.9872987,-5.28782518,1.24103849,0.629173759,11.9999873,12.0,0.0,1.65677892,-5.13631775e-06,-9.6726978e-07,-8.52319923e-05,0.00018781992
0.0792978012,11.987573,-4.64387859,0.0185098794,-4.64181581,11.9874715,-4.64369196,1.2412292,0.629631358,11.9999875,12.0,0.0,1.65696894,5.23979722e-06,1.01516734e-06,8.52799503e-05,0.00018589187
0.0793978012,11.9872025,-3.98733917,0.0177727982,-3.98935042,11.987299,-3.98747536,1.24103868,0.629174189,11.9999873,12.0,0.0,1.65677911,-5.125439e-06,-9.64234885e-07,-8.52290788e-05,0.000187818169
0.0794978012,11.9875734,-3.33501327,0.0185103529,-3.33294801,11.9874719,-3.33482417,1.24122934,0.62963166,11.9999875,12.0,0.0,1.65696908,5.24813242e-06,1.01609868e-06,8.52810051e-05,0.000185890697
0.0795978012,11.9872032,-2.67125037,0.0177737085,-2.67325638,11.9872994,-2.67138139,1.24103892,0.629174759,11.9999873,12.0,0.0,1.65677936,-5.11031136e-06,-9.61082892e-07,-8.52260523e-05,0.000187815811
0.0796978012,11.9875738,-2.01299557,0.0185110901,-2.01092658,11.9874722,-2.01280277,1.24122954,0.629632122,11.9999875,12.0,0.0,1.65696929,5.26186782e-06,1.01707378e-06,8.52821082e-05,0.000185888821
0.0797978012,11.9872038,-1.34461359,0.0177750731,-1.34661223,11.9872997,-1.34473731,1.24103927,0.629175605,11.9999873,12.0,0.0,1.65677971,-5.08575392e-06,-9.57782895e-07,-8.52228826e-05,0.00018781223
0.0798978012,11.9875742,-0.68304458,0.0185124547,-0.680968942,11.9874725,-0.682845151,1.24122989,0.629632968,11.9999875,12.0,0.0,1.65696964,5.29032812e-06,1.01811559e-06,8.52832832e-05,0.000185885271
0.0799978012,11.9872045,-0.0126681753,0.0177776807,-0.0146536168,11.9873,-0.0127787621,1.24103993,0.629177212,11.9999873,12.0,0.0,1.65678035,-5.0211574e-06,-9.54293838e-07,-8.52195289e-05,0.0001878053
0.0800978012,11.9875785,0.53563623,0.0405237356,0.651676169,11.9874782,0.649799909,1.24583802,0.642629545,11.9999875,12.0,0.0,1.66139972,0.000350743919,1.00307303e-06,8.52845627e-05,0.00013439889
0.0801978012,11.9872134,0.685654303,0.105284693,1.31736283,11.9873144,1.31923758,1.2530573,0.6736493,11.9999873,12.0,0.0,1.66833336,0.00192118288,-1.00972262e-06,-8.52159363e-05,5.35506625e-05
0.0802978012,11.9875897,0.849486572,0.239650186,1.98174941,11.9874892,1.97987312,1.25492406,0.688116968,11.9999875,12.0,0.0,1.67013466,0.00343009583,1.00507996e-06,8.52859975e-05,3.28991463e-05
0.0803978012,11.987223,1.49199746,0.880810436,2.64418025,11.987317,2.64605491,1.25492133,0.688249439,11.9999873,12.0,0.0,1.67012538,0.00349240672,-9.39584442e-07,-8.52120252e-05,3.27276333e-05
0.0804978012,11.9875902,2.13602456,1.52460085,3.3040016,11.9874895,3.3021253,1.25493847,0.688258003,11.9999875,12.0,0.0,1.67014854,0.00353835893,1.0078536e-06,8.52876566e-05,3.27384846e-05
0.0805978012,11.9872235,2.7788533,2.16644082,3.96056229,11.9873173,3.9624369,1.25492136,0.68824945,11.9999873,12.0,0.0,1.67012543,0.00358261602,-9.36755155e-07,-8.52076831e-05,3.27276595e-05
0.0806978012,11.9875907,3.41586865,2.80318367,4.61321439,11.9874899,4.61133807,1.2549385,0.688258019,11.9999875,12.0,0.0,1.67014858,0.00362736811,1.00997142e-06,8.52896511e-05,3.27385043e-05
0.0807978012,11.9872241,4.05042759,3.43684052,5.26131381,11.9873176,5.26318832,1.2549214,0.688249466,11.9999873,12.0,0.0,1.67012547,0.00367091989,-9.33615412e-07,-8.52027363e-05,3.27276793e-05
0.0808978012,11.9875912,4.67791412,4.06401965,5.90422094,11.9874902,5.90234457,1.25493853,0.688258036,11.9999875,12.0,0.0,1.67014862,0.00371514412,1.01239664e-06,8.52921591e-05,3.27385238e-05
0.0809978012,11.9872247,5.30171338,4.68699366,6.54130132,11.9873179,6.54317572,1.25492143,0.688249483,11.9999873,12.0,0.0,1.67012551,0.003757801,-9.30034988e-07,-8.51969058e-05,3.27276988e-05
0.0810978012,11.9875918,5.91717928,5.30212812,7.17192623,11.9874905,7.1700498,1.25493857,0.688258052,11.9999875,12.0,0.0,1.67014866,0.00380133791,1.015273e-06,8.52954872e-05,3.2738543e-05
0.0811978012,11.9872254,6.52775668,5.91194845,7.79547331,11.9873182,7.79734756,1.25492146,0.688249499,11.9999873,12.0,0.0,1.67012556,0.00384296018,-9.25808205e-07,-8.51897068e-05,3.27277181e-05
0.0812978012,11.9875924,7.12877479,6.51262062,8.4113272,11.9874908,8.40945069,1.2549386,0.688258068,11.9999875,12.0,0.0,1.67014871,0.00388560397,1.01884694e-06,8.53002113e-05,3.27385619e-05
0.0813978012,11.9872262,7.72372407,7.1068741,9.01888012,11.9873186,9.0207542,1.25492149,0.688249515,11.9999873,12.0,0.0,1.6701256,0.00392604153,-9.20588858e-07,-8.51802024e-05,3.2727737e-05
0.0814978012,11.9875931,8.30791844,7.69071572,9.6175325,11.9874911,9.61565587,1.25493863,0.688258083,11.9999875,12.0,0.0,1.67014875,0.00396761125,1.02355776e-06,8.53075615e-05,3.27385804e-05
0.0815978012,11.9872271,8.8848955,8.26705263,10.2066935,11.9873189,10.2085674,1.25492152,0.68824953,11.9999873,12.0,0.0,1.67012564,0.00400671429,-9.1373012e-07,-8.51662642e-05,3.27277557e-05
0.0816978012,11.9875939,9.44995657,8.83176048,10.7857818,11.9874914,10.783905,1.25493866,0.688258099,11.9999875,12.0,0.0,1.67014879,0.00404703618,1.0302852e-06,8.53207691e-05,3.27385987e-05
0.0817978012,11.9872281,10.0066881,9.3879029,11.3542258,11.9873192,11.3560992,1.25492155,0.688249546,11.9999873,12.0,0.0,1.67012568,0.00408465788,-9.03852492e-07,-8.51414995e-05,3.27277744e-05
0.0818978012,11.987595,10.5503817,9.93124805,11.9114645,11.9874917,11.9095873,1.25493869,0.688258114,11.9999875,12.0,0.0,1.67014883,0.0041235655,1.04111649e-06,8.53554547e-05,3.27386172e-05
0.0819978012,11.9874251,11.0841906,10.4645015,12.4569481,11.9875138,12.4545453,1.25494088,0.688259212,11.9999875,12.0,0.0,1.67015179,0.0041607591,-8.87534849e-07,0.000110083283,3.2740006e-05
0.0820978012,12.0016167,11.5692373,10.9480123,12.9901382,12.0015125,12.679792,1.25633003,0.688953785,12.0000015,12.0,0.0,1.67202876,0.00430471784,1.04232223e-06,0.0141095587,3.36311135e-05
0.0821978012,12.0219635,12.0241728,11.4005885,13.5105085,12.0220492,12.7482892,1.25836425,0.689970898,12.000022,12.0,0.0,1.6747788,0.00450490523,-8.57140744e-07,0.034880176,3.49799711e-05
0.0822978012,12.0475095,12.4468618,11.8211157,14.0175457,12.0430604,12.7940564,1.26044075,0.691009146,12.000043,12.0,0.0,1.67758782,0.00471515724,5.03079998e-05,0.056004957,3.64126714e-05
0.0823978012,12.132656,12.6616923,12.0337491,14.5107492,12.0643322,12.8333425,1.26253799,0.692057766,12.0000643,12.0,0.0,1.68042686,0.00491996494,0.0006837478,0.0775841533,3.79192539e-05
0.0824978012,12.2345031,12.8063139,12.1764242,14.9896323,12.0854048,12.8667095,1.26461045,0.693093994,12.0000853,12.0,0.0,1.68323438,0.00512513397,0.00159382646,0.0965267101,3.94692578e-05
0.0825978012,12.3380259,12.9286636,12.2967429,15.4537225,12.106041,12.8981306,1.26663485,0.694106194,12.0001059,12.0,0.0,1.68597881,0.005331845,0.00232711925,0.116183416,4.10444729e-05
0.0826978012,12.438488,13.0436072,12.4097725,15.9025617,12.1270245,12.9280707,1.26868794,0.695132743,12.0001269,12.0,0.0,1.68876427,0.00554886786,0.00311848722,0.135214366,4.27062396e-05
0.0827978012,12.5355746,13.1509439,12.5146517,16.3357071,12.1530791,12.9618304,1.27122953,0.696403536,12.0001529,12.0,0.0,1.6922155,0.00582600569,0.00382757535,0.153365494,4.48568803e-05
0.0828978012,12.6276845,13.2491958,12.6092061,16.752731,12.1947453,13.0099239,1.27527493,0.698426234,12.0001946,12.0,0.0,1.69771634,0.00628738574,0.00432940295,0.170127598,4.85056057e-05
0.0829978012,12.7120442,13.3368137,12.6918374,17.153222,12.2502799,13.070999,1.28062885,0.701103196,12.00025,12.0,0.0,1.7050116,0.00694723405,0.00461764771,0.185555594,5.37948203e-05
0.0830978012,12.787531,13.4140511,12.7639329,17.5367849,12.309118,13.1346941,1.28625013,0.703913836,12.0003088,12.0,0.0,1.71269168,0.00770901191,0.00478434161,0.200096095,5.99699326e-05
0.0831978012,12.856937,13.4847383,12.8295772,17.9030411,12.3663689,13.1964802,1.29169281,0.706635172,12.000366,12.0,0.0,1.72013866,0.00852562098,0.00490735964,0.214451995,6.66234599e-05
0.0832978012,12.9141225,13.5423822,12.8827909,18.2516291,12.418918,13.2529335,1.29658467,0.709081104,12.0004185,12.0,0.0,1.72687423,0.00931842988,0.00495205218,0.227213692,7.323126e-05
0.0833978012,12.9672294,13.5959484,12.9322646,18.582205,12.4673192,13.3050173,1.30106981,0.711323675,12.0004669,12.0,0.0,1.73305836,0.0101107918,0.00499910717,0.239872384,7.98640324e-05
0.0834978012,13.0146658,13.643733,12.9763927,18.8944425,12.5113675,13.3524396,1.30511104,0.713344289,12.0005109,12.0,0.0,1.73864734,0.0108782784,0.00503298575,0.25190937,8.63533338e-05
0.0835978012,13.0571151,13.6864193,13.0157915,19.1880334,12.5513111,13.3954719,1.3087406,0.715159069,12.0005508,12.0,0.0,1.74368178,0.0116135341,0.00505804141,0.263298357,9.26298258e-05
0.0836978012,13.0951165,13.7246158,13.0510649,19.4626881,12.5874257,13.4344079,1.31199228,0.716784908,12.0005868,12.0,0.0,1.74820482,0.0123112018,0.00507690855,0.27401281,9.86393275e-05
0.0837978012,13.1297454,13.7593903,13.0831684,19.7181355,12.6204736,13.470051,1.31495448,0.718266007,12.0006199,12.0,0.0,1.75233095,0.012982571,0.00509274075,0.284196337,0.000104452551
0.0838978012,13.1599395,13.7896973,13.1111696,19.9541234,12.6496075,13.50151,1.31753112,0.719554327,12.000649,12.0,0.0,1.75593501,0.0135912017,0.0051033335,0.293455172,0.000109787037
0.0839978012,13.1868387,13.8166696,13.136098,20.1704191,12.6756673,13.5296622,1.31981918,0.720698357,12.000675,12.0,0.0,1.75914273,0.014153913,0.00511172029,0.301979028,0.000114752019
0.0840978012,13.2106347,13.8405375,13.1581673,20.3668089,12.6988073,13.5546782,1.32183692,0.721707227,12.0006981,12.0,0.0,1.76197762,0.0146678219,0.00511828038,0.309745178,0.000119316397
0.0841978012,13.2315221,13.8614675,13.1775264,20.5430992,12.7191803,13.5767101,1.32360231,0.722589923,12.0007185,12.0,0.0,1.76446289,0.0151314516,0.00512342089,0.316735008,0.000123458608
0.0842978012,13.2496508,13.8796421,13.1943439,20.6991159,12.7369064,13.5958911,1.32512977,0.723353652,12.0007362,12.0,0.0,1.76661702,0.0155433877,0.00512744626,0.32293673,0.000127158399
0.0843978012,13.2651496,13.8951651,13.2087113,20.8347051,12.7520916,13.6123258,1.32643183,0.724004684,12.0007513,12.0,0.0,1.76845618,0.0159026081,0.00513058087,0.328336537,0.000130399653
0.0844978012,13.2781161,13.9081608,13.2207436,20.949733,12.7648165,13.6261049,1.32751831,0.724547922,12.0007641,12.0,0.0,1.76999292,0.0162081376,0.00513299691,0.332925595,0.000133167387
0.0845978012,13.2886337,13.9186908,13.2304942,21.044086,12.7751514,13.6372968,1.32839758,0.724987557,12.0007744,12.0,0.0,1.771238,0.0164593053,0.00513482301,0.336694359,0.000135450225
0.0846978012,13.2967621,13.9268371,13.238039,21.117671,12.7831467,13.6459593,1.32907584,0.725326689,12.0007824,12.0,0.0,1.77219933,0.0166554716,0.00513615458,0.33963677,0.000137237898
0.0847978012,13.3025505,13.9326298,13.2434035,21.1704154,12.7888444,13.6521323,1.32955814,0.725567838,12.0007881,12.0,0.0,1.7728834,0.0167962478,0.00513706131,0.341747,0.000138523405
0.0848978012,13.3060291,13.9361176,13.2466331,21.2022672,12.7922702,13.6558466,1.32984768,0.725712608,12.0007915,12.0,0.0,1.77329427,0.0168812754,0.00513758879,0.343021674,0.000139300918
0.0849978012,13.307219,13.9373054,13.2477305,21.2131949,12.7934424,13.6571181,1.32994664,0.725762087,12.0007926,12.0,0.0,1.77343475,0.0169104131,0.00513776516,0.343458343,0.000139567651
0.0850978012,13.3061247,13.9362132,13.2467153,21.2031878,12.7923649,13.655954,1.32985554,0.72571654,12.0007916,12.0,0.0,1.7733055,0.0168835575,0.00513759808,0.343056302,0.000139322098
0.0851978012,13.3027421,13.9328223,13.2435692,21.1722557,12.789034,13.6523475,1.32957391,0.725575721,12.0007882,12.0,0.0,1.77290589,0.0168008023,0.00513708044,0.341816297,0.000138565632
0.0852978012,13.2970508,13.9271255,13.238287,21.1204291,12.7834324,13.6462831,1.32909963,0.725338586,12.0007826,12.0,0.0,1.77223326,0.0166622928,0.00513618422,0.339740354,0.000137301038
0.0853978012,13.2890204,13.9190796,13.2308286,21.0477591,12.7755339,13.637731,1.32842952,0.725003526,12.0007748,12.0,0.0,1.77128349,0.0164683636,0.00513486491,0.336832366,0.000135533881
0.0854978012,13.2786033,13.9086478,13.2211617,20.9543176,12.7652981,13.6266507,1.32755865,0.724568094,12.0007645,12.0,0.0,1.77005033,0.0162194214,0.00513305239,0.333097227,0.000133271288
0.0855978012,13.2657389,13.8957579,13.2092205,20.8401967,12.7526737,13.6129864,1.32648079,0.724029164,12.0007519,12.0,0.0,1.76852577,0.0159160666,0.00513065324,0.328542057,0.00013052313
0.0856978012,13.2503464,13.8803377,13.19494,20.7055091,12.7375927,13.5966688,1.32518777,0.723382652,12.0007369,12.0,0.0,1.76669933,0.0155590028,0.00512753733,0.323174854,0.000127301048
0.0857978012,13.2323265,13.8622773,13.1782204,20.5503876,12.7199731,13.5776097,1.32366967,0.722623605,12.0007193,12.0,0.0,1.76455832,0.015149149,0.00512353615,0.317006187,0.000123619485
0.0858978012,13.2115541,13.8414575,13.158954,20.3749854,12.6997122,13.5557032,1.32191428,0.721745907,12.000699,12.0,0.0,1.762087,0.0146875773,0.00511842159,0.310047521,0.000119494964
0.0859978012,13.1878772,13.8177159,13.1369924,20.1794755,12.6766881,13.5308198,1.31990703,0.720742282,12.000676,12.0,0.0,1.75926667,0.0141756255,0.00511189547,0.302313258,0.000114947062
0.0860978012,13.1611071,13.7908669,13.1121669,19.9640509,12.6507525,13.5028059,1.31763041,0.719603976,12.0006501,12.0,0.0,1.75607476,0.013614871,0.00510355192,0.293818851,0.000109997981
0.0861978012,13.1310147,13.7606695,13.0842565,19.7289242,12.6217314,13.4714772,1.31506384,0.718320689,12.0006211,12.0,0.0,1.75248474,0.0130072644,0.00509284525,0.284583096,0.000104673611
0.0862978012,13.097317,13.7268391,13.0530003,19.4743274,12.5894177,13.4366183,1.31218295,0.716880246,12.0005888,12.0,0.0,1.74846519,0.0123551628,0.00507901268,0.27462608,9.9003582e-05
0.0863978012,13.0588751,13.6882018,13.0173182,19.2005119,12.5529768,13.3973494,1.30889121,0.715234373,12.0005524,12.0,0.0,1.743891,0.0116449981,0.00505898352,0.263780179,9.2899905e-05
0.0864978012,13.0166328,13.645718,12.9780889,18.9077477,12.5132089,13.3545116,1.30527911,0.713428324,12.0005127,12.0,0.0,1.73888015,0.0109113198,0.00503423989,0.252419911,8.66343516e-05
0.0865978012,12.9694258,13.5981828,12.9341802,18.5963239,12.4693463,13.3072996,1.30125665,0.711417096,12.0004689,12.0,0.0,1.73331639,0.0101451057,0.00500079667,0.240410323,8.01530136e-05
0.0866978012,12.9165857,13.5448846,12.8849332,18.2665477,12.4211401,13.2554337,1.29679157,0.709184553,12.0004207,12.0,0.0,1.72715909,0.00935363736,0.00495445947,0.227778096,7.35247409e-05
0.0867978012,12.8572986,13.484934,12.8294608,17.9187447,12.3684957,13.1987969,1.29186529,0.706721413,12.0003681,12.0,0.0,1.72038674,0.00854778358,0.00488803979,0.214543355,6.6845972e-05
0.0868978012,12.7906121,13.4172343,12.7666676,17.553258,12.3117949,13.1377183,1.28650456,0.704041048,12.0003115,12.0,0.0,1.71303982,0.0077452478,0.00478820497,0.200706783,6.0265611e-05
0.0869978012,12.7155473,13.3405006,12.6951126,17.1704484,12.2527692,13.0738593,1.28086777,0.701222655,12.0002525,12.0,0.0,1.70533758,0.00697812164,0.00462790594,0.186209368,5.40438502e-05
0.0870978012,12.631536,13.2534153,12.6130226,16.7706936,12.1969568,13.0125889,1.27548898,0.698533259,12.0001968,12.0,0.0,1.69800766,0.00631262771,0.0043457935,0.170822942,4.87067297e-05
0.0871978012,12.5396763,13.1556564,12.5191386,16.3543882,12.1545423,12.9638023,1.27137187,0.696474706,12.0001544,12.0,0.0,1.69240894,0.00584178725,0.00385134425,0.154117541,4.49804789e-05
0.0872978012,12.4427511,13.0488834,12.4148556,15.921943,12.1279587,12.9296532,1.26877953,0.695178538,12.0001278,12.0,0.0,1.68888846,0.00555873794,0.003150178,0.136019323,4.27819202e-05
0.0873978012,12.342383,12.9342851,12.3022318,15.4737847,12.1069299,12.8997346,1.26672195,0.694149745,12.0001068,12.0,0.0,1.68609694,0.00534094311,0.00235672022,0.11700971,4.11136416e-05
0.0874978012,12.2395245,12.8105461,12.1804598,15.0103557,12.0863066,12.8685454,1.26469901,0.693138278,12.0000862,12.0,0.0,1.68335441,0.00513391096,0.0015369493,0.0973673247,3.95368917e-05
0.0875978012,12.1363218,12.6710203,12.0429404,14.5321132,12.0652759,12.8345451,1.26263092,0.692104229,12.0000652,12.0,0.0,1.6805527,0.00492921678,0.000727028123,0.0771858654,3.79874319e-05
0.0876978012,12.0487925,12.4645579,11.8385867,14.0395294,12.0439591,12.7963522,1.26052946,0.6910535,12.0000439,12.0,0.0,1.67770786,0.00472430603,5.47900745e-05,0.0565080744,3.64751669e-05
0.0877753318,12.0284321,12.140637,11.5164019,13.6480652,12.0276599,12.7625933,1.25891934,0.690248442,12.0000276,12.0,0.0,1.67552947,0.00456049671,7.80621096e-06,0.0405669855,3.53573462e-05
0.0878301881,12.0153478,11.9013085,11.27833,13.3661827,12.0161391,12.7338373,1.25777936,0.689678449,12.0000161,12.0,0.0,1.67398788,0.00444704958,-7.91188612e-06,0.0289603897,3.45866881e-05
0.087883962,12.0058225,11.6516273,11.0298588,13.0860084,12.0050541,12.6978884,1.25668116,0.68912935,12.000005,12.0,0.0,1.67250332,0.00433892564,7.68396434e-06,0.017641977,3.38601691e-05
0.0879820612,11.9875015,11.1904566,10.5706234,12.5653253,11.9882907,12.5456768,1.25501803,0.688297784,11.9999883,12.0,0.0,1.67025601,0.00417416112,-7.89217859e-06,0.000896826315,3.27888678e-05
0.0880460424,11.988389,10.8488149,10.2293609,12.2192703,11.9876217,12.2146812,1.25495159,0.688264568,11.9999876,12.0,0.0,1.67016626,0.00414522373,7.67320477e-06,0.000209029183,3.27467866e-05
0.0880953833,11.9864021,10.5907136,9.97148438,11.9490216,11.9871895,11.9535982,1.25490867,0.688243107,11.9999872,12.0,0.0,1.67010828,0.00412396099,-7.8736229e-06,-0.000208022411,3.27196272e-05
0.0881438922,11.9883872,10.3221652,9.70315051,11.6805306,11.9876206,11.6759616,1.25495149,0.688264516,11.9999876,12.0,0.0,1.67016612,0.00410863528,7.67027953e-06,0.000207735798,3.27467214e-05
0.0882373505,11.9864029,9.81514439,9.19656342,11.1556564,11.9871893,11.1602325,1.25490866,0.688243099,11.9999872,12.0,0.0,1.67010826,0.00407018553,-7.85658355e-06,-0.000207984528,3.27196179e-05
0.0883373505,11.9883874,9.24965427,8.63154405,10.5834063,11.9876204,10.578836,1.25495147,0.688264505,11.9999876,12.0,0.0,1.6701661,0.00403419495,7.67580101e-06,0.000207756143,3.27467089e-05
0.0884373505,11.9864042,8.68609282,8.06847333,10.0007116,11.9871891,10.0052874,1.25490863,0.688243086,11.9999872,12.0,0.0,1.67010823,0.00399174802,-7.84394542e-06,-0.000207958927,3.27196029e-05
0.0885373505,11.9883876,8.10076635,7.48364557,9.40814747,11.9876202,9.40357716,1.25495144,0.688264491,11.9999876,12.0,0.0,1.67016606,0.00395429724,7.67886071e-06,0.000207764575,3.27466916e-05
0.0886373505,11.986405,7.51845801,6.90185323,8.80629859,11.9871888,8.81087347,1.25490861,0.688243074,11.9999872,12.0,0.0,1.6701082,0.00391060815,-7.83443641e-06,-0.000207943019,3.27195885e-05
0.0887373505,11.9883876,6.91558221,6.29950311,8.19575896,11.9876199,8.19118817,1.25495141,0.688264476,11.9999876,12.0,0.0,1.67016602,0.00387187568,7.68048453e-06,0.000207768532,3.27466749e-05
0.0888373505,11.9864056,6.31684832,5.70130995,7.57713111,11.9871886,7.58170569,1.25490858,0.68824306,11.9999872,12.0,0.0,1.67010816,0.00382710798,-7.82673736e-06,-0.000207931427,3.27195719e-05
0.0889373505,11.9883874,5.69877888,5.08379241,6.95102554,11.9876196,6.94645468,1.25495138,0.688264461,11.9999876,12.0,0.0,1.67016598,0.00378725552,7.68134625e-06,0.000207770502,3.27466565e-05
0.0890373505,11.986406,5.08600549,4.47158382,6.31806015,11.9871883,6.32263451,1.25490855,0.688243045,11.9999872,12.0,0.0,1.67010812,0.00374157721,-7.82019683e-06,-0.000207922207,3.27195545e-05
0.0891373505,11.9883872,4.45515825,3.84131382,5.6788596,11.9876193,5.67428869,1.25495135,0.688264445,11.9999876,12.0,0.0,1.67016594,0.00370077085,7.68177817e-06,0.000207771452,3.27466376e-05
0.0892373505,11.9864064,3.83078688,3.21753054,5.0340547,11.987188,5.03862887,1.25490852,0.68824303,11.9999872,12.0,0.0,1.67010808,0.00365435344,-7.81444997e-06,-0.000207914461,3.27195365e-05
0.0893373505,11.988387,3.18962816,2.57697344,4.38428179,11.9876189,4.37971086,1.25495132,0.688264429,11.9999876,12.0,0.0,1.6701659,0.00361276303,7.6819613e-06,0.000207771836,3.27466182e-05
0.0894373505,11.9864066,2.5561461,1.94410185,3.73018213,11.9871877,3.73475614,1.25490849,0.688243014,11.9999872,12.0,0.0,1.67010804,0.00356578093,-7.80927382e-06,-0.000207907703,3.27195182e-05
0.0895373505,11.9883867,1.90718299,1.29576362,3.07240123,11.9876186,3.06783029,1.25495129,0.688264412,11.9999876,12.0,0.0,1.67016585,0.0035235794,7.68200128e-06,0.000207771892,3.27465985e-05
0.0896373505,11.9864068,1.26711343,0.656325858,2.41158824,11.9871874,2.41616211,1.25490846,0.688242999,11.9999872,12.0,0.0,1.670108,0.00347620923,-7.80452307e-06,-0.000207901647,3.27194995e-05
0.0897373505,11.9883881,0.756623154,0.152915914,1.7483953,11.9876179,1.74382432,1.2545687,0.684709159,11.9999876,12.0,0.0,1.66979804,0.00299767128,7.70245224e-06,0.000207771757,3.70201364e-05
0.0898373505,11.9864086,0.649136627,0.0841954925,1.0834769,11.9871832,1.08805062,1.25155525,0.665153225,11.9999872,12.0,0.0,1.66688435,0.00132393289,-7.74552592e-06,-0.000207896109,7.0177946e-05
0.0899373505,11.9883707,0.404837923,0.0202948265,0.417489251,11.9876024,0.412918278,1.241661,0.630722784,11.9999876,12.0,0.0,1.6573891,3.0655502e-05,7.68262057e-06,0.000207771513,0.000181211094
0.0899607109,11.9863913,0.264255167,0.0181670369,0.261828646,11.9871707,0.26640217,1.24112255,0.62940963,11.9999872,12.0,0.0,1.65685478,4.41002896e-07,-7.79404437e-06,-0.000207887437,0.000186720807
0.0899728753,11.9883682,0.177966269,0.0181939048,0.180765785,11.9876017,0.176195175,1.24116317,0.62944313,11.9999876,12.0,0.0,1.6569105,1.01892843e-06,7.66447849e-06,0.000207755104,0.000186772202
0.0899814639,11.9863934,0.126427283,0.0180639541,0.12352962,11.9871707,0.128102551,1.24109782,0.629346646,11.9999872,12.0,0.0,1.656831,-9.8932161e-07,-7.77304021e-06,-0.000207860522,0.000186997112
0.0899898676,11.9883656,0.064809703,0.0181778235,0.0675257329,11.9876016,0.0629558128,1.24115932,0.629433308,11.9999876,12.0,0.0,1.65690679,6.98776117e-07,7.63964005e-06,0.000207723775,0.00018681528
0.0900044157,11.9863954,-0.0265191032,0.0180602932,-0.0294277794,11.9871707,-0.0248554027,1.24109694,0.629344415,11.9999872,12.0,0.0,1.65683016,-1.0070757e-06,-7.7529451e-06,-0.000207835161,0.000187006945
0.090033512,11.9883644,-0.226055907,0.0181805116,-0.223330934,11.9876015,-0.227900559,1.24115995,0.629434948,11.9999876,12.0,0.0,1.6569074,6.63098003e-07,7.62929763e-06,0.000207710564,0.000186808052
0.0900775596,11.986396,-0.513950224,0.0180657578,-0.516831404,11.9871706,-0.512259204,1.24109825,0.62934775,11.9999872,12.0,0.0,1.65683141,-9.6858107e-07,-7.74612887e-06,-0.000207826765,0.000186992257
0.0901656549,11.9883639,-1.10621669,0.0181833749,-1.10347926,11.9876013,-1.10804881,1.24116062,0.629436688,11.9999876,12.0,0.0,1.65690803,6.91108416e-07,7.62729988e-06,0.000207707628,0.000186800314
0.0902656549,11.986396,-1.76548764,0.0180683957,-1.76835535,11.9871703,-1.76378325,1.24109886,0.62934935,11.9999872,12.0,0.0,1.65683199,-9.29976452e-07,-7.74186971e-06,-0.00020782193,0.000186985098
0.0903656549,11.9883636,-2.43422987,0.0181846825,-2.43148629,11.987601,-2.43605583,1.24116091,0.629437474,11.9999876,12.0,0.0,1.6569083,7.12304505e-07,7.62749845e-06,0.000207707298,0.000186796716
0.0904656549,11.9863961,-3.08935675,0.0180695677,-3.09221765,11.98717,-3.08764565,1.24109911,0.629350054,11.9999872,12.0,0.0,1.65683222,-9.08921051e-07,-7.73782475e-06,-0.000207817368,0.000186981866
0.0905656549,11.9883633,-3.75265091,0.0181868082,-3.74989736,11.9876007,-3.7544669,1.24116139,0.62943876,11.9999876,12.0,0.0,1.65690875,7.23368131e-07,7.62767323e-06,0.000207706967,0.000186790927
0.0906656549,11.9863962,-4.401027,0.0180717701,-4.40387638,11.9871697,-4.39930448,1.24109962,0.629351388,11.9999872,12.0,0.0,1.65683269,-8.95047293e-07,-7.73394971e-06,-0.000207812997,0.000186975871
0.0907656549,11.9883631,-5.05626592,0.0181874474,-5.0535093,11.9876003,-5.05807883,1.24116152,0.629439137,11.9999876,12.0,0.0,1.65690886,7.30292955e-07,7.62784202e-06,0.000207706648,0.000186789122
0.0908656549,11.9863963,-5.69531082,0.018072613,-5.69815502,11.9871694,-5.69358321,1.2410998,0.629351891,11.9999872,12.0,0.0,1.65683285,-8.84682865e-07,-7.73021367e-06,-0.000207808782,0.000186973523
0.0909656549,11.9883628,-6.33993602,0.0181878713,-6.33717734,11.9876,-6.34174687,1.2411616,0.629439383,11.9999876,12.0,0.0,1.65690892,7.3510433e-07,7.62801542e-06,0.00020770635,0.000186787895
0.0910656549,11.9863964,-6.96710571,0.018073269,-6.96994564,11.9871691,-6.96537392,1.24109993,0.62935228,11.9999872,12.0,0.0,1.65683297,-8.76337359e-07,-7.72659078e-06,-0.000207804695,0.000186971678
0.0911656549,11.9883625,-7.59859563,0.0181881773,-7.59583544,11.9875997,-7.60040496,1.24116165,0.629439558,11.9999876,12.0,0.0,1.65690896,7.38692738e-07,7.62820106e-06,0.000207706079,0.000186786986
0.0912656549,11.9863965,-8.21139285,0.0180738118,-8.21422907,11.9871688,-8.20965745,1.24110004,0.6293526,11.9999872,12.0,0.0,1.65683306,-8.69276427e-07,-7.72306112e-06,-0.000207800716,0.000186970139
0.0913656549,11.9883622,-8.82727762,0.018188412,-8.82451625,11.9875994,-8.82908577,1.24116168,0.629439689,11.9999876,12.0,0.0,1.65690898,7.41514481e-07,7.62840409e-06,0.000207705839,0.00018678627
0.0914656549,11.9863965,-9.4232618,0.0180742799,-9.42609469,11.9871685,-9.42152316,1.24110013,0.629352874,11.9999872,12.0,0.0,1.65683314,-8.63089836e-07,-7.71960872e-06,-0.000207796826,0.000186968802
0.0915656549,11.9883619,-10.0211331,0.0181886008,-10.0183707,11.9875991,-10.0229402,1.2411617,0.629439793,11.9999876,12.0,0.0,1.65690899,7.43828481e-07,7.62862787e-06,0.000207705631,0.00018678568
0.0916656549,11.9863966,-10.59793,0.018074696,-10.6007598,11.9871683,-10.5961884,1.24110021,0.629353118,11.9999872,12.0,0.0,1.6568332,-8.57527703e-07,-7.71622071e-06,-0.000207793012,0.000186967607
0.0917656549,11.9883617,-11.1754504,0.0181887585,-11.1726873,11.9875988,-11.1772568,1.24116172,0.629439878,11.9999876,12.0,0.0,1.65690899,7.45792714e-07,7.62887444e-06,0.000207705456,0.000186785176
0.0918656549,11.9863967,-11.7307617,0.0180750742,-11.7335886,11.987168,-11.7290172,1.24110028,0.629353338,11.9999872,12.0,0.0,1.65683326,-8.52427803e-07,-7.71288654e-06,-0.000207789261,0.000186966516
0.0919656549,11.9883614,-12.2856742,0.0181888942,-12.2829103,11.9875986,-12.2874798,1.24116173,0.62943995,11.9999876,12.0,0.0,1.65690899,7.47508923e-07,7.6291449e-06,0.000207705315,0.000186784734
0.0920656549,11.9863967,-12.817286,0.0180754239,-12.8201103,11.9871677,-12.815539,1.24110034,0.629353542,11.9999872,12.0,0.0,1.65683331,-8.47679526e-07,-7.70959755e-06,-0.000207785565,0.000186965505
0.0921656549,11.9883612,-13.3474229,0.0181890143,-13.3446583,11.9875983,-13.3492278,1.24116174,0.629440013,11.9999876,12.0,0.0,1.65690899,7.49045403e-07,7.62943959e-06,0.000207705206,0.000186784337
0.0922656549,11.9863968,-13.8532152,0.0180757518,-13.8560368,11.9871675,-13.8514656,1.2411004,0.629353733,11.9999872,12.0,0.0,1.65683336,-8.43204465e-07,-7.70634653e-06,-0.000207781914,0.000186964557
0.0923656549,11.988361,-14.3565063,0.0181891227,-14.3537411,11.9875981,-14.3583106,1.24116174,0.629440069,11.9999876,12.0,0.0,1.65690898,7.5044952e-07,7.62975831e-06,0.000207705128,0.000186783975
0.0924656549,11.9863969,-14.8344608,0.0180760624,-14.8372799,11.9871673,-14.8327088,1.24110045,0.629353913,11.9999872,12.0,0.0,1.6568334,-8.38945245e-07,-7.70312749e-06,-0.000207778302,0.000186963658
0.0925656549,11.9883608,-15.308942,0.0181892225,-15.3061762,11.9875978,-15.3107457,1.24116175,0.629440121,11.9999876,12.0,0.0,1.65690898,7.51754979e-07,7.63010042e-06,0.000207705081,0.000186783641
0.0926656549,11.986397,-15.7571504,0.0180763594,-15.759967,11.987167,-15.755396,1.24110051,0.629354086,11.9999872,12.0,0.0,1.65683345,-8.34858752e-07,-7.69993536e-06,-0.000207774723,0.0001869628
0.0927656549,11.9883606,-16.2009711,0.0181893157,-16.1982048,11.9875976,-16.2027743,1.24116175,0.629440169,11.9999876,12.0,0.0,1.65690898,7.52986266e-07,7.63046498e-06,0.000207705062,0.000186783328
0.0928656549,11.9863972,-16.6176425,0.0180766453,-16.6204568,11.9871668,-16.6158858,1.24110056,0.629354253,11.9999872,12.0,0.0,1.65683349,-8.30911842e-07,-7.6967659e-06,-0.000207771173,0.000186961975
0.0929656549,11.9883605,-17.0290734,0.018189404,-17.0263064,11.9875974,-17.030876,1.24116176,0.629440215,11.9999876,12.0,0.0,1.65690897,7.54161468e-07,7.63085077e-06,0.000207705069,0.000186783033
0.0930656549,11.9863973,-17.4125412,0.0180769222,-17.4153532,11.9871667,-17.4107823,1.24110061,0.629354415,11.9999872,12.0,0.0,1.65683353,-8.27078523e-07,-7.6936155e-06,-0.000207767646,0.00018696118
0.0931656549,11.9883603,-17.7899805,0.0181894884,-17.7872131,11.9875972,-17.7917826,1.24116176,0.629440259,11.9999876,12.0,0.0,1.65690897,7.55294125e-07,7.63125637e-06,0.000207705101,0.000186782753
0.0932656549,11.9863974,-18.1387095,0.0180771919,-18.1415191,11.9871665,-18.1369483,1.24110066,0.629354573,11.9999872,12.0,0.0,1.65683358,-8.23338035e-07,-7.69048109e-06,-0.00020776414,0.000186960408
0.0933656549,11.9883602,-18.4806897,0.0181895698,-18.4779217,11.987597,-18.4824912,1.24116177,0.629440302,11.9999876,12.0,0.0,1.65690897,7.56394479e-07,7.63168021e-06,0.000207705155,0.000186782486
0.0934656549,11.9863976,-18.7932814,0.0180774555,-18.7960888,11.9871663,-18.7915181,1.24110072,0.629354728,11.9999872,12.0,0.0,1.65683362,-8.19673522e-07,-7.68736002e-06,-0.000207760651,0.000186959658
0.0935656549,11.9883601,-19.0984749,0.018189649,-19.0957064,11.9875969,-19.1002759,1.24116177,0.629440344,11.9999876,12.0,0.0,1.65690897,7.57470351e-07,7.63212058e-06,0.000207705229,0.00018678223
0.0936656549,11.9863978,-19.3736737,0.0180777141,-19.3764789,11.9871662,-19.3719082,1.24110077,0.629354881,11.9999872,12.0,0.0,1.65683366,-8.16071064e-07,-7.68425003e-06,-0.000207757177,0.000186958926
0.0937656549,11.98836,-19.6408981,0.0181897263,-19.6381291,11.9875968,-19.6426986,1.24116178,0.629440386,11.9999876,12.0,0.0,1.65690897,7.58527753e-07,7.6325757e-06,0.000207705321,0.000186781985
0.0938656549,11.986398,-19.8775959,0.0180779688,-19.8803989,11.9871661,-19.8758283,1.24110082,0.629355032,11.9999872,12.0,0.0,1.65683371,-8.12518982e-07,-7.68114915e-06,-0.000207753714,0.000186958211
0.0939656549,11.9883599,-20.1058186,0.0181898022,-20.1030491,11.9875966,-20.1076186,1.24116179,0.629440428,11.9999876,12.0,0.0,1.65690898,7.59571346e-07,7.63304369e-06,0.000207705428,0.000186781749
0.0940656549,11.9863982,-20.3030592,0.0180782201,-20.30586,11.987166,-20.3012895,1.24110087,0.629355181,11.9999872,12.0,0.0,1.65683376,-8.09007302e-07,-7.67805565e-06,-0.00020775026,0.000186957509
0.0941656549,11.9883599,-20.4914015,0.0181898769,-20.4886315,11.9875965,-20.493201,1.2411618,0.62944047,11.9999876,12.0,0.0,1.65690898,7.60604774e-07,7.63352261e-06,0.000207705548,0.000186781521
0.0942656549,11.9863984,-20.6483846,0.0180784689,-20.6511832,11.9871659,-20.6466127,1.24110093,0.62935533,11.9999872,12.0,0.0,1.6568338,-8.05527353e-07,-7.67496803e-06,-0.000207746815,0.00018695682
0.0943656549,11.9883599,-20.7961252,0.0181899509,-20.7933546,11.9875965,-20.7979241,1.24116181,0.629440512,11.9999876,12.0,0.0,1.65690899,7.61630921e-07,7.63401048e-06,0.000207705679,0.000186781302
0.0944656549,11.9863987,-20.9122091,0.0180787155,-20.9150056,11.9871659,-20.9104352,1.24110098,0.629355479,11.9999872,12.0,0.0,1.65683385,-8.02071439e-07,-7.67188489e-06,-0.000207743375,0.000186956142
0.0945656549,11.9883599,-21.0187869,0.0181900241,-21.0160159,11.9875964,-21.0205854,1.24116183,0.629440555,11.9999876,12.0,0.0,1.656909,7.62652114e-07,7.63450527e-06,0.000207705817,0.00018678109
0.0946656549,11.9863989,-21.0934917,0.0180789607,-21.096286,11.9871658,-21.0917157,1.24110104,0.629355627,11.9999872,12.0,0.0,1.65683391,-7.98632581e-07,-7.66880501e-06,-0.000207739939,0.000186955474
0.0947656549,11.9883599,-21.1585081,0.0181900968,-21.1557366,11.9875964,-21.1603061,1.24116184,0.629440598,11.9999876,12.0,0.0,1.65690902,7.63670288e-07,7.63500496e-06,0.000207705961,0.000186780885
0.0948656549,11.9863992,-21.1915169,0.0180792048,-21.194309,11.9871658,-21.1897388,1.24110109,0.629355776,11.9999872,12.0,0.0,1.65683396,-7.95204293e-07,-7.6657272e-06,-0.000207736506,0.000186954815
0.0949656549,11.9883599,-21.2147372,0.0181901691,-21.2119652,11.9875964,-21.2165347,1.24116186,0.629440641,11.9999876,12.0,0.0,1.65690903,7.64687121e-07,7.63550748e-06,0.000207706109,0.000186780688
0.0950656549,11.9863996,-21.2058978,0.0180794483,-21.2086877,11.9871658,-21.2041176,1.24110115,0.629355925,11.9999872,12.0,0.0,1.65683402,-7.91780385e-07,-7.66265038e-06,-0.000207733074,0.000186954163
0.0951656549,11.98836,-21.1872524,0.0181902411,-21.1844799,11.9875964,-21.1890494,1.24116188,0.629440686,11.9999876,12.0,0.0,1.65690905,7.65704161e-07,7.63601077e-06,0.000207706256,0.000186780497
0.0952656549,11.9863999,-21.1365777,0.0180796916,-21.1393655,11.9871658,-21.1347954,1.24110121,0.629356074,11.9999872,12.0,0.0,1.65683408,-7.8835479e-07,-7.65957344e-06,-0.000207729641,0.000186953517
0.0953656549,11.9883601,-21.0761622,0.0181903129,-21.0733891,11.9875964,-21.0779587,1.2411619,0.629440731,11.9999876,12.0,0.0,1.65690907,7.6672294e-07,7.63651275e-06,0.000207706402,0.000186780312
0.0954656549,11.9864002,-20.9838302,0.0180799352,-20.9866158,11.9871659,-20.9820459,1.24110127,0.629356225,11.9999872,12.0,0.0,1.65683414,-7.84921383e-07,-7.65649528e-06,-0.000207726206,0.000186952876
0.0955656549,11.9883601,-20.8819049,0.0181903847,-20.8791313,11.9875964,-20.8837008,1.24116192,0.629440776,11.9999876,12.0,0.0,1.65690909,7.67745085e-07,7.63701138e-06,0.000207706543,0.000186780134
0.0956656549,11.9864006,-20.7482581,0.0180801794,-20.7510416,11.9871659,-20.7464717,1.24110134,0.629356376,11.9999872,12.0,0.0,1.6568342,-7.81473814e-07,-7.65341479e-06,-0.000207722767,0.000186952239
0.0957656549,11.9883603,-20.6052472,0.0181904565,-20.6024731,11.9875965,-20.6070427,1.24116194,0.629440823,11.9999876,12.0,0.0,1.65690912,7.68772441e-07,7.6375046e-06,0.000207706677,0.000186779961
0.0958656549,11.986401,-20.4307911,0.0180804249,-20.4335725,11.987166,-20.4290026,1.2411014,0.62935653,11.9999872,12.0,0.0,1.65683427,-7.78005314e-07,-7.65033075e-06,-0.000207719323,0.000186951605
0.0959656549,11.9883604,-20.2472809,0.0181905285,-20.2445064,11.9875966,-20.2490759,1.24116196,0.62944087,11.9999876,12.0,0.0,1.65690914,7.69807198e-07,7.6379904e-06,0.000207706802,0.000186779793
0.0960656549,11.9864014,-20.0326822,0.018080672,-20.0354614,11.9871661,-20.0308916,1.24110147,0.629356685,11.9999872,12.0,0.0,1.65683434,-7.74508486e-07,-7.64724185e-06,-0.000207715872,0.000186950971
0.0961656549,11.9883606,-19.8094188,0.0181906009,-19.8066438,11.9875967,-19.8112133,1.24116199,0.629440919,11.9999876,12.0,0.0,1.65690917,7.70852054e-07,7.6384668e-06,0.000207706915,0.00018677963
0.0962656549,11.9864018,-19.5555024,0.0180809213,-19.5582794,11.9871663,-19.5537098,1.24110154,0.629356842,11.9999872,12.0,0.0,1.65683441,-7.7097506e-07,-7.64414665e-06,-0.000207712412,0.000186950338
0.0963656549,11.9883607,-19.293389,0.0181906739,-19.2906134,11.9875968,-19.295183,1.24116202,0.629440969,11.9999876,12.0,0.0,1.6569092,7.71910393e-07,7.63893186e-06,0.000207707014,0.000186779471
0.0964656549,11.9864023,-19.0011351,0.0180811735,-19.0039099,11.9871664,-18.9993403,1.24110161,0.629357001,11.9999872,12.0,0.0,1.65683448,-7.67395591e-07,-7.64104353e-06,-0.000207708941,0.000186949702
0.0965656549,11.9883609,-18.7012279,0.0181907477,-18.6984519,11.987597,-18.7030214,1.24116205,0.629441019,11.9999876,12.0,0.0,1.65690924,7.72986531e-07,7.6393837e-06,0.000207707095,0.000186779315
0.0966656549,11.9864028,-18.371768,0.0180814293,-18.3745407,11.9871666,-18.3699712,1.24110169,0.629357164,11.9999872,12.0,0.0,1.65683456,-7.63759089e-07,-7.63793064e-06,-0.000207705456,0.000186949061
0.0967656549,11.9883611,-18.0352726,0.0181908226,-18.032496,11.9875972,-18.0370656,1.24116208,0.629441072,11.9999876,12.0,0.0,1.65690927,7.7408602e-07,7.63982052e-06,0.000207707158,0.000186779161
0.0968656549,11.9864032,-17.6698851,0.0180816895,-17.6726555,11.9871667,-17.6680861,1.24110176,0.62935733,11.9999872,12.0,0.0,1.65683464,-7.60052534e-07,-7.63480586e-06,-0.000207701955,0.000186948414
0.0969656549,11.9883613,-17.2981512,0.0181908992,-17.2953742,11.9875973,-17.2999437,1.24116211,0.629441126,11.9999876,12.0,0.0,1.65690931,7.75216055e-07,7.64024061e-06,0.0002077072,0.000186779008
0.0970656549,11.9864037,-16.8982563,0.0180819552,-16.9010244,11.9871669,-16.8964551,1.24110184,0.6293575,11.9999872,12.0,0.0,1.65683472,-7.56260245e-07,-7.63166671e-06,-0.000207698434,0.000186947756
0.0971656549,11.9883616,-16.4927729,0.0181909779,-16.4899954,11.9875975,-16.494565,1.24116214,0.629441182,11.9999876,12.0,0.0,1.65690935,7.76386032e-07,7.64064238e-06,0.000207707218,0.000186778854
0.0972656549,11.9864043,-16.0599269,0.0180822276,-16.0626927,11.9871671,-16.0581234,1.24110192,0.629357675,11.9999872,12.0,0.0,1.65683481,-7.52363021e-07,-7.62851035e-06,-0.000207694891,0.000186947086
0.0973656549,11.9883618,-15.6223161,0.0181910595,-15.6195381,11.9875977,-15.6241077,1.24116218,0.62944124,11.9999876,12.0,0.0,1.6569094,7.77608323e-07,7.64102441e-06,0.00020770721,0.000186778697
0.0974656549,11.9864048,-15.1582054,0.0180825082,-15.1609689,11.9871674,-15.1563997,1.24110201,0.629357855,11.9999872,12.0,0.0,1.6568349,-7.48336954e-07,-7.62533342e-06,-0.000207691321,0.000186946397
0.0975656549,11.9883621,-14.6902162,0.018191145,-14.6874377,11.987598,-14.6920072,1.24116222,0.629441301,11.9999876,12.0,0.0,1.65690944,7.78899383e-07,7.64138545e-06,0.000207707175,0.000186778533
0.0976656549,11.9864054,-14.1966506,0.018082799,-14.1994117,11.9871676,-14.1948426,1.2411021,0.629358042,11.9999872,12.0,0.0,1.65683499,-7.44151751e-07,-7.62213195e-06,-0.00020768772,0.000186945686
0.0977656549,11.9883624,-13.7001516,0.0181912357,-13.6973726,11.9875982,-13.7019422,1.24116226,0.629441366,11.9999876,12.0,0.0,1.65690949,7.80281368e-07,7.64172449e-06,0.00020770711,0.00018677836
0.0978656549,11.9864059,-13.1790573,0.0180831025,-13.1818159,11.9871678,-13.1772468,1.24110219,0.629358238,11.9999872,12.0,0.0,1.65683509,-7.39768272e-07,-7.61890126e-06,-0.000207684082,0.000186944944
0.0979656549,11.9883627,-12.6560299,0.0181913334,-12.6532503,11.9875985,-12.6578199,1.2411623,0.629441436,11.9999876,12.0,0.0,1.65690954,7.81784574e-07,7.64204086e-06,0.000207707014,0.000186778172
0.0980656549,11.9864065,-12.1094414,0.0180834219,-12.1121975,11.9871681,-12.1076285,1.24110229,0.629358443,11.9999872,12.0,0.0,1.6568352,-7.35134846e-07,-7.6156358e-06,-0.0002076804,0.000186944164
0.0981656549,11.988363,-11.5619715,0.0181914406,-11.5591914,11.9875987,-11.5637609,1.24116235,0.629441512,11.9999876,12.0,0.0,1.6569096,7.83451228e-07,7.64233426e-06,0.000207706887,0.000186777962
0.0982656549,11.9864071,-10.9920243,0.0180837614,-10.9947777,11.9871684,-10.9902089,1.24110239,0.629358662,11.9999872,12.0,0.0,1.65683531,-7.30181513e-07,-7.61232889e-06,-0.000207676667,0.000186943332
0.0983656549,11.9883633,-10.4222944,0.0181915608,-10.4195136,11.987599,-10.4240831,1.2411624,0.629441597,11.9999876,12.0,0.0,1.65690966,7.85341612e-07,7.64260494e-06,0.000207706726,0.00018677772
0.0984656549,11.9864077,-9.83121599,0.0180841271,-9.83396665,11.9871687,-9.82939784,1.2411025,0.629358896,11.9999872,12.0,0.0,1.65683543,-7.24810695e-07,-7.60897253e-06,-0.000207672874,0.000186942434
0.0985656549,11.9883636,-9.24149625,0.0181916991,-9.23871477,11.9875993,-9.2432843,1.24116246,0.629441693,11.9999876,12.0,0.0,1.65690972,7.87544409e-07,7.64285379e-06,0.000207706533,0.000186777433
0.0986656549,11.9864084,-8.63159769,0.0180845274,-8.63434539,11.987169,-8.62977666,1.24110262,0.629359153,11.9999872,12.0,0.0,1.65683555,-7.18881268e-07,-7.60555701e-06,-0.00020766901,0.000186941445
0.0987656549,11.9883639,-8.02423725,0.0181918631,-8.02145495,11.9875996,-8.02602448,1.24116252,0.629441805,11.9999876,12.0,0.0,1.6569098,7.90195147e-07,7.64308264e-06,0.000207706307,0.000186777079
0.0988656549,11.986409,-7.39790381,0.0180849747,-7.4006483,11.9871693,-7.39607966,1.24110275,0.629359438,11.9999872,12.0,0.0,1.65683569,-7.12179712e-07,-7.60207048e-06,-0.000207665061,0.000186940333
0.0989656549,11.9883642,-6.7753214,0.0181920647,-6.77253811,11.9875999,-6.77710763,1.24116259,0.62944194,11.9999876,12.0,0.0,1.65690988,7.93511393e-07,7.64329451e-06,0.000207706049,0.000186776627
0.0990656549,11.9864097,-6.13500329,0.0180854886,-6.13774424,11.9871696,-6.13317568,1.2411029,0.629359764,11.9999872,12.0,0.0,1.65683584,-7.04363681e-07,-7.59849833e-06,-0.000207661012,0.000186939044
0.0991656549,11.9883645,-5.49967769,0.018192324,-5.49689316,11.9876002,-5.50146267,1.24116268,0.629442111,11.9999876,12.0,0.0,1.65690997,7.97865983e-07,7.64349404e-06,0.000207705764,0.000186776022
0.0992656549,11.9864104,-4.84788038,0.0180861014,-4.85061731,11.9871699,-4.84604884,1.24110307,0.629360151,11.9999872,12.0,0.0,1.65683602,-6.94840073e-07,-7.59482236e-06,-0.000207656843,0.000186937492
0.0993656549,11.9883649,-4.20234069,0.0181926768,-4.19955448,11.9876006,-4.20412398,1.24116279,0.629442339,11.9999876,12.0,0.0,1.65691009,8.03958123e-07,7.64368815e-06,0.000207705455,0.000186775168
0.0994656549,11.986411,-3.54161508,0.0180868729,-3.5443472,11.9871702,-3.53977883,1.24110328,0.629360635,11.9999872,12.0,0.0,1.65683624,-6.82462978e-07,-7.59101963e-06,-0.000207652527,0.000186935516
0.0995656549,11.9883652,-2.88843073,0.0181931952,-2.88564208,11.9876009,-2.89021157,1.24116294,0.629442669,11.9999876,12.0,0.0,1.65691025,8.13284381e-07,7.64388689e-06,0.00020770513,0.000186773872
0.0996656549,11.9864118,-2.22136322,0.0180879282,-2.22408918,11.9871706,-2.2195209,1.24110356,0.629361293,11.9999872,12.0,0.0,1.65683652,-6.64618578e-07,-7.5870608e-06,-0.000207648034,0.00018693278
0.0997656549,11.9883655,-1.56313403,0.0181940522,-1.56034137,11.9876012,-1.56491085,1.24116317,0.629443205,11.9999876,12.0,0.0,1.65691048,8.29811859e-07,7.64410485e-06,0.000207704802,0.000186771669
0.0998656549,11.9864125,-0.892336807,0.0180895986,-0.895053689,11.9871709,-0.890485512,1.24110399,0.629362327,11.9999872,12.0,0.0,1.65683694,-6.33341218e-07,-7.58290766e-06,-0.000207643321,0.000186928394
0.0999328274,11.9883658,-0.450426913,0.0181957456,-0.447626512,11.9876015,-0.452195973,1.2411636,0.629444251,11.9999876,12.0,0.0,1.6569109,8.58913006e-07,7.64349486e-06,0.000207703479,0.00018676721
0.1,11.9864133,0.0026896284,0.0180949602,-2.59786775e-14,11.9871711,0.00456803303,1.24110529,0.629365607,11.9999872,12.0,0.0,1.6568382,-5.72066533e-07,-7.57832256e-06,-0.000207637865,0.000186914077
