bbox_x1,bbox_x2,bbox_y1,bbox_y2,class_id,class_name,component_class_id,component_class_name,component_node_id,confidence,connected_semantic_terminal_names,connected_terminal_display_ids,connected_terminal_ids,diagram_id,display_name,display_terminal_id,estimated_connection_side,estimated_orientation,image_height,image_name,image_path,image_width,implicit_anchor_terminal_id,implicit_reason,instance_id,is_implicit_supply,is_suspicious_match,label,match_confidence,match_distance_px,match_status,match_warnings,matched_net_id,matched_net_implicit_reason,matched_net_index,matched_net_is_implicit_supply,merged_source_labels,n_components,n_connected_terminals,n_connections,n_nets,n_terminals,n_terminals_estimated,net_id,net_index,node_id,node_type,pixel_count,preferred_from_05_implicit_reason,preferred_from_05_is_implicit_supply,preferred_net_id_from_05,preferred_net_index_from_05,relative_position,search_kind,search_stage,search_window,semantic_terminal_id,semantic_terminal_name,snap_x,snap_y,source_json_stage,source_label,symbol_type,terminal_id,terminal_name,terminal_point_debug,terminal_point_mode,use_for_masking,use_for_terminals,x,y
,,,,,,,,,,,,,1,,,,,1024,1.jpg,C:\Users\m.profilo\Desktop\tesi_diagrams_yolo\data\batch_v7_npn_transistor_mosfet\1.jpg,1024,,,,,,1,,,,,,,,,,4,,10,4,,10,,,diagram:1,Diagram,,,,,,,,,,,,,,06_match_terminals_to_nets,,,,,,,,,,
94.11,214.0,501.57,620.41,16,Mosfet,,,,0.863,,,,1,,,,right,,,,,,,16.1,,,16.1,,,,,,,,,,,,,,3,,,,component:1:16.1,Component,,,,,,,,,,,,,,,,three_terminal,,,,,True,True,,
258.61,357.7,964.09,1020.39,9,GND,,,,0.7732,,,,1,,,top,up,,,,,,,9.1,,,9.1,,,,,,,,,,,,,,1,,,,component:1:9.1,Component,,,,,,,,,,,,,,,,one_terminal,,,,,True,True,,
455.91,573.41,281.07,398.42,16,Mosfet,,,,0.8593,,,,1,,,,left,,,,,,,16.2,,,16.2,,,,,,,,,,,,,,3,,,,component:1:16.2,Component,,,,,,,,,,,,,,,,three_terminal,,,,,True,True,,
459.32,572.63,693.32,804.37,16,Mosfet,,,,0.8787,,,,1,,,,left,,,,,,,16.3,,,16.3,,,,,,,,,,,,,,3,,,,component:1:16.3,Component,,,,,,,,,,,,,,,,three_terminal,,,,,True,True,,
,,,,,,16,Mosfet,component:1:16.1,,,,,1,G,16.1:G,,right,,,,,,,16.1,,False,16.1:G,ok,1.0,matched_preferred,[],N3,,3,False,,,,,,,,,,terminal:1:16.1:t1,Terminal,,,False,N3,3,right,directional,directional_primary,"[213, 552, 237, 565]",16.1:G,G,218,557,,,,16.1:t1,t1,"{""point_mode"": ""three_terminal_structured"", ""scan_axis"": ""y"", ""relative_position"": ""right"", ""scan_start"": 532, ""scan_end"": 590, ""scan_margin"": 9, ""probe_halfspan"": 6, ""probe_out_len"": 12, ""probe_inset"": 1, ""peak_coord"": 558, ""anchor_offset_ratio"": 0.4746, ""max_score"": 84, ""keep_threshold"": 71, ""selected_run_start"": 22, ""selected_run_end"": 29, ""selected_run_length"": 8, ""selected_run_score"": 84, ""three_terminal_role"": ""single_side_terminal"", ""three_terminal_orientation"": ""right""}",three_terminal_structured,,,218.0,558.0
,,,,,,16,Mosfet,component:1:16.1,,,,,1,D,16.1:D,,right,,,,,,,16.1,,False,16.1:D,ok,0.0,matched_preferred,[],N1,,1,False,,,,,,,,,,terminal:1:16.1:t2,Terminal,,,False,N1,1,top,directional,directional_primary,"[107, 480, 120, 504]",16.1:D,D,113,498,,,,16.1:t2,t2,"{""point_mode"": ""three_terminal_structured"", ""scan_axis"": ""x"", ""relative_position"": ""top"", ""scan_start"": 99, ""scan_end"": 152, ""scan_margin"": 10, ""probe_halfspan"": 6, ""probe_out_len"": 12, ""probe_inset"": 1, ""peak_coord"": 113, ""anchor_offset_ratio"": 0.1583, ""max_score"": 70, ""keep_threshold"": 60, ""selected_run_start"": 10, ""selected_run_end"": 18, ""selected_run_length"": 9, ""selected_run_score"": 70, ""three_terminal_role"": ""orthogonal_pair_terminal"", ""three_terminal_orientation"": ""right"", ""three_terminal_pair_bias"": ""opposite_side"", ""three_terminal_pair_bias_debug"": {""top"": {""local_score"": 87.5, ""point_mode"": ""side_peak_outside"", ""scan_axis"": ""x"", ""relative_position"": ""top"", ""scan_start"": 99, ""scan_end"": 152, ""scan_margin"": 10, ""probe_halfspan"": 6, ""probe_out_len"": 12, ""probe_inset"": 1, ""peak_coord"": 113, ""anchor_offset_ratio"": 0.1583, ""max_score"": 70, ""keep_threshold"": 60, ""selected_run_start"": 10, ""selected_run_end"": 18, ""selected_run_length"": 9, ""selected_run_score"": 70}, ""bottom"": {""local_score"": 87.5, ""point_mode"": ""side_peak_outside"", ""scan_axis"": ""x"", ""relative_position"": ""bottom"", ""scan_start"": 99, ""scan_end"": 152, ""scan_margin"": 10, ""probe_halfspan"": 6, ""probe_out_len"": 12, ""probe_inset"": 1, ""peak_coord"": 113, ""anchor_offset_ratio"": 0.1583, ""max_score"": 70, ""keep_threshold"": 60, ""selected_run_start"": 10, ""selected_run_end"": 18, ""selected_run_length"": 9, ""selected_run_score"": 70}}}",three_terminal_structured,,,113.0,498.0
,,,,,,16,Mosfet,component:1:16.1,,,,,1,S,16.1:S,,right,,,,,,,16.1,,False,16.1:S,ok,0.0,matched_preferred,[],N2,,2,False,,,,,,,,,,terminal:1:16.1:t3,Terminal,,,False,N2,2,bottom,directional,directional_primary,"[107, 619, 120, 643]",16.1:S,S,113,624,,,,16.1:t3,t3,"{""point_mode"": ""three_terminal_structured"", ""scan_axis"": ""x"", ""relative_position"": ""bottom"", ""scan_start"": 99, ""scan_end"": 152, ""scan_margin"": 10, ""probe_halfspan"": 6, ""probe_out_len"": 12, ""probe_inset"": 1, ""peak_coord"": 113, ""anchor_offset_ratio"": 0.1583, ""max_score"": 70, ""keep_threshold"": 60, ""selected_run_start"": 10, ""selected_run_end"": 18, ""selected_run_length"": 9, ""selected_run_score"": 70, ""three_terminal_role"": ""orthogonal_pair_terminal"", ""three_terminal_orientation"": ""right"", ""three_terminal_pair_bias"": ""opposite_side"", ""three_terminal_pair_bias_debug"": {""top"": {""local_score"": 87.5, ""point_mode"": ""side_peak_outside"", ""scan_axis"": ""x"", ""relative_position"": ""top"", ""scan_start"": 99, ""scan_end"": 152, ""scan_margin"": 10, ""probe_halfspan"": 6, ""probe_out_len"": 12, ""probe_inset"": 1, ""peak_coord"": 113, ""anchor_offset_ratio"": 0.1583, ""max_score"": 70, ""keep_threshold"": 60, ""selected_run_start"": 10, ""selected_run_end"": 18, ""selected_run_length"": 9, ""selected_run_score"": 70}, ""bottom"": {""local_score"": 87.5, ""point_mode"": ""side_peak_outside"", ""scan_axis"": ""x"", ""relative_position"": ""bottom"", ""scan_start"": 99, ""scan_end"": 152, ""scan_margin"": 10, ""probe_halfspan"": 6, ""probe_out_len"": 12, ""probe_inset"": 1, ""peak_coord"": 113, ""anchor_offset_ratio"": 0.1583, ""max_score"": 70, ""keep_threshold"": 60, ""selected_run_start"": 10, ""selected_run_end"": 18, ""selected_run_length"": 9, ""selected_run_score"": 70}}}",three_terminal_structured,,,113.0,624.0
,,,,,,9,GND,component:1:9.1,,,,,1,t1,9.1:t1,top,up,,,,,,,9.1,,False,9.1:t1,ok,1.0,matched_preferred,[],N2,,2,False,,,,,,,,,,terminal:1:9.1:t1,Terminal,,,False,N2,2,top,directional,directional_primary,"[301, 942, 314, 966]",,,306,960,,,,9.1:t1,t1,"{""point_mode"": ""side_peak_outside"", ""scan_axis"": ""x"", ""relative_position"": ""top"", ""scan_start"": 267, ""scan_end"": 350, ""scan_margin"": 8, ""probe_halfspan"": 6, ""probe_out_len"": 12, ""probe_inset"": 1, ""peak_coord"": 307, ""anchor_offset_ratio"": 0.4848, ""max_score"": 84, ""keep_threshold"": 71, ""selected_run_start"": 36, ""selected_run_end"": 43, ""selected_run_length"": 8, ""selected_run_score"": 84}",two_terminal_side_peak,,,307.0,960.0
,,,,,,16,Mosfet,component:1:16.2,,,,,1,G,16.2:G,,left,,,,,,,16.2,,False,16.2:G,ok,0.0,matched_preferred,[],N1,,1,False,,,,,,,,,,terminal:1:16.2:t1,Terminal,,,False,N1,1,left,directional,directional_primary,"[434, 330, 458, 343]",16.2:G,G,452,336,,,,16.2:t1,t1,"{""point_mode"": ""three_terminal_structured"", ""scan_axis"": ""y"", ""relative_position"": ""left"", ""scan_start"": 310, ""scan_end"": 369, ""scan_margin"": 9, ""probe_halfspan"": 6, ""probe_out_len"": 12, ""probe_inset"": 1, ""peak_coord"": 336, ""anchor_offset_ratio"": 0.4701, ""max_score"": 84, ""keep_threshold"": 71, ""selected_run_start"": 23, ""selected_run_end"": 30, ""selected_run_length"": 8, ""selected_run_score"": 84, ""three_terminal_role"": ""single_side_terminal"", ""three_terminal_orientation"": ""left""}",three_terminal_structured,,,452.0,336.0
,,,,,,16,Mosfet,component:1:16.2,,,,,1,D,16.2:D,,left,,,,,,,16.2,,False,16.2:D,ok,0.0,matched_preferred,[],N4,,4,False,,,,,,,,,,terminal:1:16.2:t2,Terminal,,,False,N4,4,top,directional,directional_primary,"[547, 259, 560, 283]",16.2:D,D,553,277,,,,16.2:t2,t2,"{""point_mode"": ""three_terminal_structured"", ""scan_axis"": ""x"", ""relative_position"": ""top"", ""scan_start"": 517, ""scan_end"": 568, ""scan_margin"": 9, ""probe_halfspan"": 6, ""probe_out_len"": 12, ""probe_inset"": 1, ""peak_coord"": 553, ""anchor_offset_ratio"": 0.8291, ""max_score"": 98, ""keep_threshold"": 83, ""selected_run_start"": 32, ""selected_run_end"": 40, ""selected_run_length"": 9, ""selected_run_score"": 98, ""three_terminal_role"": ""orthogonal_pair_terminal"", ""three_terminal_orientation"": ""left"", ""three_terminal_pair_bias"": ""opposite_side"", ""three_terminal_pair_bias_debug"": {""top"": {""local_score"": 122.5, ""point_mode"": ""side_peak_outside"", ""scan_axis"": ""x"", ""relative_position"": ""top"", ""scan_start"": 517, ""scan_end"": 568, ""scan_margin"": 9, ""probe_halfspan"": 6, ""probe_out_len"": 12, ""probe_inset"": 1, ""peak_coord"": 553, ""anchor_offset_ratio"": 0.8291, ""max_score"": 98, ""keep_threshold"": 83, ""selected_run_start"": 32, ""selected_run_end"": 40, ""selected_run_length"": 9, ""selected_run_score"": 98}, ""bottom"": {""local_score"": 122.5, ""point_mode"": ""side_peak_outside"", ""scan_axis"": ""x"", ""relative_position"": ""bottom"", ""scan_start"": 517, ""scan_end"": 568, ""scan_margin"": 9, ""probe_halfspan"": 6, ""probe_out_len"": 12, ""probe_inset"": 1, ""peak_coord"": 553, ""anchor_offset_ratio"": 0.8291, ""max_score"": 98, ""keep_threshold"": 83, ""selected_run_start"": 32, ""selected_run_end"": 40, ""selected_run_length"": 9, ""selected_run_score"": 98}}}",three_terminal_structured,,,553.0,277.0
,,,,,,16,Mosfet,component:1:16.2,,,,,1,S,16.2:S,,left,,,,,,,16.2,,False,16.2:S,ok,0.0,matched_preferred,[],N3,,3,False,,,,,,,,,,terminal:1:16.2:t3,Terminal,,,False,N3,3,bottom,directional,directional_primary,"[547, 397, 560, 421]",16.2:S,S,553,402,,,,16.2:t3,t3,"{""point_mode"": ""three_terminal_structured"", ""scan_axis"": ""x"", ""relative_position"": ""bottom"", ""scan_start"": 517, ""scan_end"": 568, ""scan_margin"": 9, ""probe_halfspan"": 6, ""probe_out_len"": 12, ""probe_inset"": 1, ""peak_coord"": 553, ""anchor_offset_ratio"": 0.8291, ""max_score"": 98, ""keep_threshold"": 83, ""selected_run_start"": 32, ""selected_run_end"": 40, ""selected_run_length"": 9, ""selected_run_score"": 98, ""three_terminal_role"": ""orthogonal_pair_terminal"", ""three_terminal_orientation"": ""left"", ""three_terminal_pair_bias"": ""opposite_side"", ""three_terminal_pair_bias_debug"": {""top"": {""local_score"": 122.5, ""point_mode"": ""side_peak_outside"", ""scan_axis"": ""x"", ""relative_position"": ""top"", ""scan_start"": 517, ""scan_end"": 568, ""scan_margin"": 9, ""probe_halfspan"": 6, ""probe_out_len"": 12, ""probe_inset"": 1, ""peak_coord"": 553, ""anchor_offset_ratio"": 0.8291, ""max_score"": 98, ""keep_threshold"": 83, ""selected_run_start"": 32, ""selected_run_end"": 40, ""selected_run_length"": 9, ""selected_run_score"": 98}, ""bottom"": {""local_score"": 122.5, ""point_mode"": ""side_peak_outside"", ""scan_axis"": ""x"", ""relative_position"": ""bottom"", ""scan_start"": 517, ""scan_end"": 568, ""scan_margin"": 9, ""probe_halfspan"": 6, ""probe_out_len"": 12, ""probe_inset"": 1, ""peak_coord"": 553, ""anchor_offset_ratio"": 0.8291, ""max_score"": 98, ""keep_threshold"": 83, ""selected_run_start"": 32, ""selected_run_end"": 40, ""selected_run_length"": 9, ""selected_run_score"": 98}}}",three_terminal_structured,,,553.0,402.0
,,,,,,16,Mosfet,component:1:16.3,,,,,1,G,16.3:G,,left,,,,,,,16.3,,False,16.3:G,ok,0.0,matched_preferred,[],N3,,3,False,,,,,,,,,,terminal:1:16.3:t1,Terminal,,,False,N3,3,left,directional,directional_primary,"[437, 740, 461, 753]",16.3:G,G,455,746,,,,16.3:t1,t1,"{""point_mode"": ""three_terminal_structured"", ""scan_axis"": ""y"", ""relative_position"": ""left"", ""scan_start"": 721, ""scan_end"": 776, ""scan_margin"": 9, ""probe_halfspan"": 6, ""probe_out_len"": 12, ""probe_inset"": 1, ""peak_coord"": 746, ""anchor_offset_ratio"": 0.4775, ""max_score"": 98, ""keep_threshold"": 83, ""selected_run_start"": 21, ""selected_run_end"": 29, ""selected_run_length"": 9, ""selected_run_score"": 98, ""three_terminal_role"": ""single_side_terminal"", ""three_terminal_orientation"": ""left""}",three_terminal_structured,,,455.0,746.0
,,,,,,16,Mosfet,component:1:16.3,,,,,1,D,16.3:D,,left,,,,,,,16.3,,False,16.3:D,ok,0.0,matched_preferred,[],N3,,3,False,,,,,,,,,,terminal:1:16.3:t2,Terminal,,,False,N3,3,top,directional,directional_primary,"[547, 671, 560, 695]",16.3:D,D,553,689,,,,16.3:t2,t2,"{""point_mode"": ""three_terminal_structured"", ""scan_axis"": ""x"", ""relative_position"": ""top"", ""scan_start"": 518, ""scan_end"": 568, ""scan_margin"": 9, ""probe_halfspan"": 6, ""probe_out_len"": 12, ""probe_inset"": 1, ""peak_coord"": 553, ""anchor_offset_ratio"": 0.8246, ""max_score"": 98, ""keep_threshold"": 83, ""selected_run_start"": 31, ""selected_run_end"": 39, ""selected_run_length"": 9, ""selected_run_score"": 98, ""three_terminal_role"": ""orthogonal_pair_terminal"", ""three_terminal_orientation"": ""left"", ""three_terminal_pair_bias"": ""opposite_side"", ""three_terminal_pair_bias_debug"": {""top"": {""local_score"": 122.5, ""point_mode"": ""side_peak_outside"", ""scan_axis"": ""x"", ""relative_position"": ""top"", ""scan_start"": 518, ""scan_end"": 568, ""scan_margin"": 9, ""probe_halfspan"": 6, ""probe_out_len"": 12, ""probe_inset"": 1, ""peak_coord"": 553, ""anchor_offset_ratio"": 0.8246, ""max_score"": 98, ""keep_threshold"": 83, ""selected_run_start"": 31, ""selected_run_end"": 39, ""selected_run_length"": 9, ""selected_run_score"": 98}, ""bottom"": {""local_score"": 122.5, ""point_mode"": ""side_peak_outside"", ""scan_axis"": ""x"", ""relative_position"": ""bottom"", ""scan_start"": 518, ""scan_end"": 568, ""scan_margin"": 9, ""probe_halfspan"": 6, ""probe_out_len"": 12, ""probe_inset"": 1, ""peak_coord"": 553, ""anchor_offset_ratio"": 0.8246, ""max_score"": 98, ""keep_threshold"": 83, ""selected_run_start"": 31, ""selected_run_end"": 39, ""selected_run_length"": 9, ""selected_run_score"": 98}}}",three_terminal_structured,,,553.0,689.0
,,,,,,16,Mosfet,component:1:16.3,,,,,1,S,16.3:S,,left,,,,,,,16.3,,False,16.3:S,ok,0.0,matched_preferred,[],N2,,2,False,,,,,,,,,,terminal:1:16.3:t3,Terminal,,,False,N2,2,bottom,directional,directional_primary,"[547, 803, 560, 827]",16.3:S,S,553,808,,,,16.3:t3,t3,"{""point_mode"": ""three_terminal_structured"", ""scan_axis"": ""x"", ""relative_position"": ""bottom"", ""scan_start"": 518, ""scan_end"": 568, ""scan_margin"": 9, ""probe_halfspan"": 6, ""probe_out_len"": 12, ""probe_inset"": 1, ""peak_coord"": 553, ""anchor_offset_ratio"": 0.8246, ""max_score"": 98, ""keep_threshold"": 83, ""selected_run_start"": 31, ""selected_run_end"": 39, ""selected_run_length"": 9, ""selected_run_score"": 98, ""three_terminal_role"": ""orthogonal_pair_terminal"", ""three_terminal_orientation"": ""left"", ""three_terminal_pair_bias"": ""opposite_side"", ""three_terminal_pair_bias_debug"": {""top"": {""local_score"": 122.5, ""point_mode"": ""side_peak_outside"", ""scan_axis"": ""x"", ""relative_position"": ""top"", ""scan_start"": 518, ""scan_end"": 568, ""scan_margin"": 9, ""probe_halfspan"": 6, ""probe_out_len"": 12, ""probe_inset"": 1, ""peak_coord"": 553, ""anchor_offset_ratio"": 0.8246, ""max_score"": 98, ""keep_threshold"": 83, ""selected_run_start"": 31, ""selected_run_end"": 39, ""selected_run_length"": 9, ""selected_run_score"": 98}, ""bottom"": {""local_score"": 122.5, ""point_mode"": ""side_peak_outside"", ""scan_axis"": ""x"", ""relative_position"": ""bottom"", ""scan_start"": 518, ""scan_end"": 568, ""scan_margin"": 9, ""probe_halfspan"": 6, ""probe_out_len"": 12, ""probe_inset"": 1, ""peak_coord"": 553, ""anchor_offset_ratio"": 0.8246, ""max_score"": 98, ""keep_threshold"": 83, ""selected_run_start"": 31, ""selected_run_end"": 39, ""selected_run_length"": 9, ""selected_run_score"": 98}}}",three_terminal_structured,,,553.0,808.0
112,467,42,514,,,,,,,"[""D"", ""G""]","[""16.1:D"", ""16.2:G""]","[""16.1:t2"", ""16.2:t1""]",1,,,,,,,,,,,,False,,N1,,,,,,,,,[1],,2,,,,,N1,1,net:1:N1,Net,827,,,,,,,,,,,,,,1,,,,,,,,,
40,658,608,976,,,,,,,"[""S"", ""S""]","[""16.1:S"", ""16.3:S"", ""9.1:t1""]","[""16.1:t3"", ""16.3:t3"", ""9.1:t1""]",1,,,,,,,,,,,,False,,N2,,,,,,,,,[31],,3,,,,,N2,2,net:1:N2,Net,1117,,,,,,,,,,,,,,31,,,,,,,,,
203,553,389,746,,,,,,,"[""G"", ""S"", ""G"", ""D""]","[""16.1:G"", ""16.2:S"", ""16.3:G"", ""16.3:D""]","[""16.1:t1"", ""16.2:t3"", ""16.3:t1"", ""16.3:t2""]",1,,,,,,,,,,,,False,,N3,,,,,,,,,[11],,4,,,,,N3,3,net:1:N3,Net,993,,,,,,,,,,,,,,11,,,,,,,,,
553,554,46,291,,,,,,,"[""D""]","[""16.2:D""]","[""16.2:t2""]",1,,,,,,,,,,,,False,,N4,,,,,,,,,[2],,1,,,,,N4,4,net:1:N4,Net,246,,,,,,,,,,,,,,2,,,,,,,,,
,,,,,,,,,,,,,2,,,,,1024,2.jpg,C:\Users\m.profilo\Desktop\tesi_diagrams_yolo\data\batch_v7_npn_transistor_mosfet\2.jpg,1024,,,,,,2,,,,,,,,,,14,,27,11,,29,,,diagram:2,Diagram,,,,,,,,,,,,,,06_match_terminals_to_nets,,,,,,,,,,
169.99,207.86,500.34,553.3,26,Terminal,,,,0.7544,,,,2,,,,right,,,,,,,26.1,,,26.1,,,,,,,,,,,,,,1,,,,component:2:26.1,Component,,,,,,,,,,,,,,,,variable_terminal,,,,,True,True,,
171.1,207.32,695.16,745.23,26,Terminal,,,,0.7858,,,,2,,,,right,,,,,,,26.2,,,26.2,,,,,,,,,,,,,,1,,,,component:2:26.2,Component,,,,,,,,,,,,,,,,variable_terminal,,,,,True,True,,
271.66,359.51,787.6,913.37,16,Mosfet,,,,0.8661,,,,2,,,,left,,,,,,,16.1,,,16.1,,,,,,,,,,,,,,3,,,,component:2:16.1,Component,,,,,,,,,,,,,,,,three_terminal,,,,,True,True,,
271.42,359.79,470.67,591.58,16,Mosfet,,,,0.8785,,,,2,,,,left,,,,,,,16.2,,,16.2,,,,,,,,,,,,,,3,,,,component:2:16.2,Component,,,,,,,,,,,,,,,,three_terminal,,,,,True,True,,
310.74,382.01,963.71,1022.17,9,GND,,,,0.8162,,,,2,,,top,up,,,,,,,9.1,,,9.1,,,,,,,,,,,,,,1,,,,component:2:9.1,Component,,,,,,,,,,,,,,,,one_terminal,,,,,True,True,,
333.38,426.26,217.63,336.25,16,Mosfet,,,,0.8756,,,,2,,,,right,,,,,,,16.3,,,16.3,,,,,,,,,,,,,,3,,,,component:2:16.3,Component,,,,,,,,,,,,,,,,three_terminal,,,,,True,True,,
437.13,555.7,621.57,697.08,22,Resistor,,,,0.8535,,,,2,,,,horizontal,,,,,,,22.1,,,22.1,,,,,,,,,,,,,,2,,,,component:2:22.1,Component,,,,,,,,,,,,,,,,two_terminal,,,,,True,True,,
558.87,649.89,789.73,912.64,16,Mosfet,,,,0.8861,,,,2,,,,left,,,,,,,16.4,,,16.4,,,,,,,,,,,,,,3,,,,component:2:16.4,Component,,,,,,,,,,,,,,,,three_terminal,,,,,True,True,,
559.83,651.8,214.39,337.32,16,Mosfet,,,,0.8801,,,,2,,,,left,,,,,,,16.5,,,16.5,,,,,,,,,,,,,,3,,,,component:2:16.5,Component,,,,,,,,,,,,,,,,three_terminal,,,,,True,True,,
603.07,670.93,964.62,1022.08,9,GND,,,,0.8203,,,,2,,,top,up,,,,,,,9.2,,,9.2,,,,,,,,,,,,,,1,,,,component:2:9.2,Component,,,,,,,,,,,,,,,,one_terminal,,,,,True,True,,
625.79,712.95,471.61,591.08,16,Mosfet,,,,0.9059,,,,2,,,,right,,,,,,,16.6,,,16.6,,,,,,,,,,,,,,3,,,,component:2:16.6,Component,,,,,,,,,,,,,,,,three_terminal,,,,,True,True,,
676.6,719.62,372.98,426.43,26,Terminal,,,,0.783,,,,2,,,,horizontal,,,,,,,26.3,,,26.3,,,,,,,,,,,,,,2,,,,component:2:26.3,Component,,,,,,,,,,,,,,,,variable_terminal,,,,,True,True,,
779.36,883.65,452.75,610.84,2,Battery,,,,0.1987,,,,2,,,,,,,,,,,2.1,,,2.1,,,,,,,,,,,,,,2,,,,component:2:2.1,Component,,,,,,,,,,,,,,,,two_terminal,,,,,True,True,,
788.15,875.54,647.15,708.7,9,GND,,,,0.6592,,,,2,,,top,up,,,,,,,9.3,,,9.3,,,,,,,,,,,,,,1,,,,component:2:9.3,Component,,,,,,,,,,,,,,,,one_terminal,,,,,True,True,,
,,,,,,26,Terminal,component:2:26.1,,,,,2,t1,26.1:t1,,right,,,,,,,26.1,,False,26.1:t1,ok,2.0,matched_preferred,[],N1,,1,False,,,,,,,,,,terminal:2:26.1:t1,Terminal,,,False,N1,1,right,directional,directional_primary,"[207, 521, 231, 534]",,,212,529,,,,26.1:t1,t1,"{""point_mode"": ""bbox_side_center"", ""anchor_offset_ratio"": 0.5}",bbox_side_center,,,211.86,526.82
,,,,,,26,Terminal,component:2:26.2,,,,,2,t1,26.2:t1,,right,,,,,,,26.2,,False,26.2:t1,ok,3.0,matched_preferred,[],N6,,6,False,,,,,,,,,,terminal:2:26.2:t1,Terminal,,,False,N6,6,right,directional,directional_primary,"[206, 714, 230, 727]",,,211,723,,,,26.2:t1,t1,"{""point_mode"": ""bbox_side_center"", ""anchor_offset_ratio"": 0.4999}",bbox_side_center,,,211.32,720.19
,,,,,,16,Mosfet,component:2:16.1,,,,,2,G,16.1:G,,left,,,,,,,16.1,,False,16.1:G,ok,1.0,matched_preferred,[],N2,,2,False,,,,,,,,,,terminal:2:16.1:t1,Terminal,,,False,N2,2,left,directional,directional_primary,"[250, 845, 274, 858]",16.1:G,G,268,850,,,,16.1:t1,t1,"{""point_mode"": ""three_terminal_structured"", ""scan_axis"": ""y"", ""relative_position"": ""left"", ""scan_start"": 819, ""scan_end"": 882, ""scan_margin"": 10, ""probe_halfspan"": 6, ""probe_out_len"": 12, ""probe_inset"": 1, ""peak_coord"": 851, ""anchor_offset_ratio"": 0.504, ""max_score"": 84, ""keep_threshold"": 71, ""selected_run_start"": 28, ""selected_run_end"": 35, ""selected_run_length"": 8, ""selected_run_score"": 84, ""three_terminal_role"": ""single_side_terminal"", ""three_terminal_orientation"": ""left""}",three_terminal_structured,,,268.0,851.0
,,,,,,16,Mosfet,component:2:16.1,,,,,2,D,16.1:D,,left,,,,,,,16.1,,False,16.1:D,ok,1.0,matched_preferred,[],N6,,6,False,,,,,,,,,,terminal:2:16.1:t2,Terminal,,,False,N6,6,top,directional,directional_primary,"[340, 766, 353, 790]",16.1:D,D,345,784,,,,16.1:t2,t2,"{""point_mode"": ""three_terminal_structured"", ""scan_axis"": ""x"", ""relative_position"": ""top"", ""scan_start"": 318, ""scan_end"": 356, ""scan_margin"": 7, ""probe_halfspan"": 6, ""probe_out_len"": 12, ""probe_inset"": 1, ""peak_coord"": 346, ""anchor_offset_ratio"": 0.8409, ""max_score"": 56, ""keep_threshold"": 48, ""selected_run_start"": 23, ""selected_run_end"": 32, ""selected_run_length"": 10, ""selected_run_score"": 56, ""three_terminal_role"": ""orthogonal_pair_terminal"", ""three_terminal_orientation"": ""left"", ""three_terminal_pair_bias"": ""opposite_side"", ""three_terminal_pair_bias_debug"": {""top"": {""local_score"": 70.0, ""point_mode"": ""side_peak_outside"", ""scan_axis"": ""x"", ""relative_position"": ""top"", ""scan_start"": 318, ""scan_end"": 356, ""scan_margin"": 7, ""probe_halfspan"": 6, ""probe_out_len"": 12, ""probe_inset"": 1, ""peak_coord"": 346, ""anchor_offset_ratio"": 0.8409, ""max_score"": 56, ""keep_threshold"": 48, ""selected_run_start"": 23, ""selected_run_end"": 32, ""selected_run_length"": 10, ""selected_run_score"": 56}, ""bottom"": {""local_score"": 70.0, ""point_mode"": ""side_peak_outside"", ""scan_axis"": ""x"", ""relative_position"": ""bottom"", ""scan_start"": 318, ""scan_end"": 356, ""scan_margin"": 7, ""probe_halfspan"": 6, ""probe_out_len"": 12, ""probe_inset"": 1, ""peak_coord"": 346, ""anchor_offset_ratio"": 0.8409, ""max_score"": 56, ""keep_threshold"": 48, ""selected_run_start"": 23, ""selected_run_end"": 32, ""selected_run_length"": 10, ""selected_run_score"": 56}}}",three_terminal_structured,,,346.0,784.0
,,,,,,16,Mosfet,component:2:16.1,,,,,2,S,16.1:S,,left,,,,,,,16.1,,False,16.1:S,ok,1.0,matched_preferred,[],N3,,3,False,,,,,,,,,,terminal:2:16.1:t3,Terminal,,,False,N3,3,bottom,directional,directional_primary,"[340, 912, 353, 936]",16.1:S,S,345,917,,,,16.1:t3,t3,"{""point_mode"": ""three_terminal_structured"", ""scan_axis"": ""x"", ""relative_position"": ""bottom"", ""scan_start"": 318, ""scan_end"": 356, ""scan_margin"": 7, ""probe_halfspan"": 6, ""probe_out_len"": 12, ""probe_inset"": 1, ""peak_coord"": 346, ""anchor_offset_ratio"": 0.8409, ""max_score"": 56, ""keep_threshold"": 48, ""selected_run_start"": 23, ""selected_run_end"": 32, ""selected_run_length"": 10, ""selected_run_score"": 56, ""three_terminal_role"": ""orthogonal_pair_terminal"", ""three_terminal_orientation"": ""left"", ""three_terminal_pair_bias"": ""opposite_side"", ""three_terminal_pair_bias_debug"": {""top"": {""local_score"": 70.0, ""point_mode"": ""side_peak_outside"", ""scan_axis"": ""x"", ""relative_position"": ""top"", ""scan_start"": 318, ""scan_end"": 356, ""scan_margin"": 7, ""probe_halfspan"": 6, ""probe_out_len"": 12, ""probe_inset"": 1, ""peak_coord"": 346, ""anchor_offset_ratio"": 0.8409, ""max_score"": 56, ""keep_threshold"": 48, ""selected_run_start"": 23, ""selected_run_end"": 32, ""selected_run_length"": 10, ""selected_run_score"": 56}, ""bottom"": {""local_score"": 70.0, ""point_mode"": ""side_peak_outside"", ""scan_axis"": ""x"", ""relative_position"": ""bottom"", ""scan_start"": 318, ""scan_end"": 356, ""scan_margin"": 7, ""probe_halfspan"": 6, ""probe_out_len"": 12, ""probe_inset"": 1, ""peak_coord"": 346, ""anchor_offset_ratio"": 0.8409, ""max_score"": 56, ""keep_threshold"": 48, ""selected_run_start"": 23, ""selected_run_end"": 32, ""selected_run_length"": 10, ""selected_run_score"": 56}}}",three_terminal_structured,,,346.0,917.0
,,,,,,16,Mosfet,component:2:16.2,,,,,2,G,16.2:G,,left,,,,,,,16.2,,False,16.2:G,ok,0.0,matched_preferred,[],N1,,1,False,,,,,,,,,,terminal:2:16.2:t1,Terminal,,,False,N1,1,left,directional,directional_primary,"[249, 523, 273, 536]",16.2:G,G,267,529,,,,16.2:t1,t1,"{""point_mode"": ""three_terminal_structured"", ""scan_axis"": ""y"", ""relative_position"": ""left"", ""scan_start"": 501, ""scan_end"": 562, ""scan_margin"": 10, ""probe_halfspan"": 6, ""probe_out_len"": 12, ""probe_inset"": 1, ""peak_coord"": 529, ""anchor_offset_ratio"": 0.4793, ""max_score"": 70, ""keep_threshold"": 60, ""selected_run_start"": 24, ""selected_run_end"": 32, ""selected_run_length"": 9, ""selected_run_score"": 70, ""three_terminal_role"": ""single_side_terminal"", ""three_terminal_orientation"": ""left""}",three_terminal_structured,,,267.0,529.0
,,,,,,16,Mosfet,component:2:16.2,,,,,2,D,16.2:D,,left,,,,,,,16.2,,False,16.2:D,ok,0.0,matched_preferred,[],N4,,4,False,,,,,,,,,,terminal:2:16.2:t2,Terminal,,,False,N4,4,top,directional,directional_primary,"[339, 449, 352, 473]",16.2:D,D,345,467,,,,16.2:t2,t2,"{""point_mode"": ""three_terminal_structured"", ""scan_axis"": ""x"", ""relative_position"": ""top"", ""scan_start"": 317, ""scan_end"": 356, ""scan_margin"": 7, ""probe_halfspan"": 6, ""probe_out_len"": 12, ""probe_inset"": 1, ""peak_coord"": 345, ""anchor_offset_ratio"": 0.8315, ""max_score"": 56, ""keep_threshold"": 48, ""selected_run_start"": 24, ""selected_run_end"": 33, ""selected_run_length"": 10, ""selected_run_score"": 56, ""three_terminal_role"": ""orthogonal_pair_terminal"", ""three_terminal_orientation"": ""left"", ""three_terminal_pair_bias"": ""opposite_side"", ""three_terminal_pair_bias_debug"": {""top"": {""local_score"": 70.0, ""point_mode"": ""side_peak_outside"", ""scan_axis"": ""x"", ""relative_position"": ""top"", ""scan_start"": 317, ""scan_end"": 356, ""scan_margin"": 7, ""probe_halfspan"": 6, ""probe_out_len"": 12, ""probe_inset"": 1, ""peak_coord"": 345, ""anchor_offset_ratio"": 0.8315, ""max_score"": 56, ""keep_threshold"": 48, ""selected_run_start"": 24, ""selected_run_end"": 33, ""selected_run_length"": 10, ""selected_run_score"": 56}, ""bottom"": {""local_score"": 70.0, ""point_mode"": ""side_peak_outside"", ""scan_axis"": ""x"", ""relative_position"": ""bottom"", ""scan_start"": 317, ""scan_end"": 356, ""scan_margin"": 7, ""probe_halfspan"": 6, ""probe_out_len"": 12, ""probe_inset"": 1, ""peak_coord"": 345, ""anchor_offset_ratio"": 0.8315, ""max_score"": 56, ""keep_threshold"": 48, ""selected_run_start"": 24, ""selected_run_end"": 33, ""selected_run_length"": 10, ""selected_run_score"": 56}}}",three_terminal_structured,,,345.0,467.0
,,,,,,16,Mosfet,component:2:16.2,,,,,2,S,16.2:S,,left,,,,,,,16.2,,False,16.2:S,ok,0.0,matched_preferred,[],N6,,6,False,,,,,,,,,,terminal:2:16.2:t3,Terminal,,,False,N6,6,bottom,directional,directional_primary,"[339, 591, 352, 615]",16.2:S,S,345,596,,,,16.2:t3,t3,"{""point_mode"": ""three_terminal_structured"", ""scan_axis"": ""x"", ""relative_position"": ""bottom"", ""scan_start"": 317, ""scan_end"": 356, ""scan_margin"": 7, ""probe_halfspan"": 6, ""probe_out_len"": 12, ""probe_inset"": 1, ""peak_coord"": 345, ""anchor_offset_ratio"": 0.8315, ""max_score"": 56, ""keep_threshold"": 48, ""selected_run_start"": 24, ""selected_run_end"": 33, ""selected_run_length"": 10, ""selected_run_score"": 56, ""three_terminal_role"": ""orthogonal_pair_terminal"", ""three_terminal_orientation"": ""left"", ""three_terminal_pair_bias"": ""opposite_side"", ""three_terminal_pair_bias_debug"": {""top"": {""local_score"": 70.0, ""point_mode"": ""side_peak_outside"", ""scan_axis"": ""x"", ""relative_position"": ""top"", ""scan_start"": 317, ""scan_end"": 356, ""scan_margin"": 7, ""probe_halfspan"": 6, ""probe_out_len"": 12, ""probe_inset"": 1, ""peak_coord"": 345, ""anchor_offset_ratio"": 0.8315, ""max_score"": 56, ""keep_threshold"": 48, ""selected_run_start"": 24, ""selected_run_end"": 33, ""selected_run_length"": 10, ""selected_run_score"": 56}, ""bottom"": {""local_score"": 70.0, ""point_mode"": ""side_peak_outside"", ""scan_axis"": ""x"", ""relative_position"": ""bottom"", ""scan_start"": 317, ""scan_end"": 356, ""scan_margin"": 7, ""probe_halfspan"": 6, ""probe_out_len"": 12, ""probe_inset"": 1, ""peak_coord"": 345, ""anchor_offset_ratio"": 0.8315, ""max_score"": 56, ""keep_threshold"": 48, ""selected_run_start"": 24, ""selected_run_end"": 33, ""selected_run_length"": 10, ""selected_run_score"": 56}}}",three_terminal_structured,,,345.0,596.0
,,,,,,9,GND,component:2:9.1,,,,,2,t1,9.1:t1,top,up,,,,,,,9.1,,False,9.1:t1,ok,0.0,matched_preferred,[],N3,,3,False,,,,,,,,,,terminal:2:9.1:t1,Terminal,,,False,N3,3,top,directional,directional_primary,"[339, 942, 352, 966]",,,345,960,,,,9.1:t1,t1,"{""point_mode"": ""side_peak_outside"", ""scan_axis"": ""x"", ""relative_position"": ""top"", ""scan_start"": 317, ""scan_end"": 376, ""scan_margin"": 6, ""probe_halfspan"": 6, ""probe_out_len"": 12, ""probe_inset"": 1, ""peak_coord"": 345, ""anchor_offset_ratio"": 0.4789, ""max_score"": 56, ""keep_threshold"": 48, ""selected_run_start"": 24, ""selected_run_end"": 33, ""selected_run_length"": 10, ""selected_run_score"": 56}",two_terminal_side_peak,,,345.0,960.0
,,,,,,16,Mosfet,component:2:16.3,,,,,2,G,16.3:G,,right,,,,,,,16.3,,False,16.3:G,ok,0.0,matched_preferred,[],N4,,4,False,,,,,,,,,,terminal:2:16.3:t1,Terminal,,,False,N4,4,right,directional,directional_primary,"[425, 266, 449, 279]",16.3:G,G,430,272,,,,16.3:t1,t1,"{""point_mode"": ""three_terminal_structured"", ""scan_axis"": ""y"", ""relative_position"": ""right"", ""scan_start"": 248, ""scan_end"": 306, ""scan_margin"": 9, ""probe_halfspan"": 6, ""probe_out_len"": 12, ""probe_inset"": 1, ""peak_coord"": 272, ""anchor_offset_ratio"": 0.4576, ""max_score"": 84, ""keep_threshold"": 71, ""selected_run_start"": 21, ""selected_run_end"": 28, ""selected_run_length"": 8, ""selected_run_score"": 84, ""three_terminal_role"": ""single_side_terminal"", ""three_terminal_orientation"": ""right""}",three_terminal_structured,,,430.0,272.0
,,,,,,16,Mosfet,component:2:16.3,,,,,2,S,16.3:S,,right,,,,,,,16.3,,False,16.3:S,ok,0.0,matched_preferred,[],N7,,7,False,,,,,,,,,,terminal:2:16.3:t2,Terminal,,,False,N7,7,top,directional,directional_primary,"[339, 196, 352, 220]",16.3:S,S,345,214,,,,16.3:t2,t2,"{""point_mode"": ""three_terminal_structured"", ""scan_axis"": ""x"", ""relative_position"": ""top"", ""scan_start"": 337, ""scan_end"": 378, ""scan_margin"": 7, ""probe_halfspan"": 6, ""probe_out_len"": 12, ""probe_inset"": 1, ""peak_coord"": 345, ""anchor_offset_ratio"": 0.129, ""max_score"": 56, ""keep_threshold"": 48, ""selected_run_start"": 4, ""selected_run_end"": 13, ""selected_run_length"": 10, ""selected_run_score"": 56, ""three_terminal_role"": ""orthogonal_pair_terminal"", ""three_terminal_orientation"": ""right"", ""three_terminal_pair_bias"": ""opposite_side"", ""three_terminal_pair_bias_debug"": {""top"": {""local_score"": 70.0, ""point_mode"": ""side_peak_outside"", ""scan_axis"": ""x"", ""relative_position"": ""top"", ""scan_start"": 337, ""scan_end"": 378, ""scan_margin"": 7, ""probe_halfspan"": 6, ""probe_out_len"": 12, ""probe_inset"": 1, ""peak_coord"": 345, ""anchor_offset_ratio"": 0.129, ""max_score"": 56, ""keep_threshold"": 48, ""selected_run_start"": 4, ""selected_run_end"": 13, ""selected_run_length"": 10, ""selected_run_score"": 56}, ""bottom"": {""local_score"": 70.0, ""point_mode"": ""side_peak_outside"", ""scan_axis"": ""x"", ""relative_position"": ""bottom"", ""scan_start"": 337, ""scan_end"": 378, ""scan_margin"": 7, ""probe_halfspan"": 6, ""probe_out_len"": 12, ""probe_inset"": 1, ""peak_coord"": 345, ""anchor_offset_ratio"": 0.129, ""max_score"": 56, ""keep_threshold"": 48, ""selected_run_start"": 4, ""selected_run_end"": 13, ""selected_run_length"": 10, ""selected_run_score"": 56}}}",three_terminal_structured,,,345.0,214.0
,,,,,,16,Mosfet,component:2:16.3,,,,,2,D,16.3:D,,right,,,,,,,16.3,,False,16.3:D,ok,0.0,matched_preferred,[],N4,,4,False,,,,,,,,,,terminal:2:16.3:t3,Terminal,,,False,N4,4,bottom,directional,directional_primary,"[339, 335, 352, 359]",16.3:D,D,345,340,,,,16.3:t3,t3,"{""point_mode"": ""three_terminal_structured"", ""scan_axis"": ""x"", ""relative_position"": ""bottom"", ""scan_start"": 337, ""scan_end"": 378, ""scan_margin"": 7, ""probe_halfspan"": 6, ""probe_out_len"": 12, ""probe_inset"": 1, ""peak_coord"": 345, ""anchor_offset_ratio"": 0.129, ""max_score"": 56, ""keep_threshold"": 48, ""selected_run_start"": 4, ""selected_run_end"": 13, ""selected_run_length"": 10, ""selected_run_score"": 56, ""three_terminal_role"": ""orthogonal_pair_terminal"", ""three_terminal_orientation"": ""right"", ""three_terminal_pair_bias"": ""opposite_side"", ""three_terminal_pair_bias_debug"": {""top"": {""local_score"": 70.0, ""point_mode"": ""side_peak_outside"", ""scan_axis"": ""x"", ""relative_position"": ""top"", ""scan_start"": 337, ""scan_end"": 378, ""scan_margin"": 7, ""probe_halfspan"": 6, ""probe_out_len"": 12, ""probe_inset"": 1, ""peak_coord"": 345, ""anchor_offset_ratio"": 0.129, ""max_score"": 56, ""keep_threshold"": 48, ""selected_run_start"": 4, ""selected_run_end"": 13, ""selected_run_length"": 10, ""selected_run_score"": 56}, ""bottom"": {""local_score"": 70.0, ""point_mode"": ""side_peak_outside"", ""scan_axis"": ""x"", ""relative_position"": ""bottom"", ""scan_start"": 337, ""scan_end"": 378, ""scan_margin"": 7, ""probe_halfspan"": 6, ""probe_out_len"": 12, ""probe_inset"": 1, ""peak_coord"": 345, ""anchor_offset_ratio"": 0.129, ""max_score"": 56, ""keep_threshold"": 48, ""selected_run_start"": 4, ""selected_run_end"": 13, ""selected_run_length"": 10, ""selected_run_score"": 56}}}",three_terminal_structured,,,345.0,340.0
,,,,,,22,Resistor,component:2:22.1,,,,,2,t1,22.1:t1,,horizontal,,,,,,,22.1,,False,22.1:t1,ok,1.0,matched_preferred,[],N6,,6,False,,,,,,,,,,terminal:2:22.1:t1,Terminal,,,False,N6,6,left,directional,directional_primary,"[415, 653, 439, 666]",,,433,658,,,,22.1:t1,t1,"{""point_mode"": ""bbox_side_center"", ""anchor_offset_ratio"": 0.5001}",bbox_side_center,,,433.13,659.33
,,,,,,22,Resistor,component:2:22.1,,,,,2,t2,22.1:t2,,horizontal,,,,,,,22.1,,False,22.1:t2,ok,1.0,matched_preferred,[],N6,,6,False,,,,,,,,,,terminal:2:22.1:t2,Terminal,,,False,N6,6,right,directional,directional_primary,"[555, 653, 579, 666]",,,560,658,,,,22.1:t2,t2,"{""point_mode"": ""bbox_side_center"", ""anchor_offset_ratio"": 0.5001}",bbox_side_center,,,559.7,659.33
,,,,,,16,Mosfet,component:2:16.4,,,,,2,G,16.4:G,,left,,,,,,,16.4,,False,16.4:G,ok,1.0,matched_preferred,[],N5,,5,False,,,,,,,,,,terminal:2:16.4:t1,Terminal,,,False,N5,5,left,directional,directional_primary,"[537, 845, 561, 858]",16.4:G,G,555,850,,,,16.4:t1,t1,"{""point_mode"": ""three_terminal_structured"", ""scan_axis"": ""y"", ""relative_position"": ""left"", ""scan_start"": 821, ""scan_end"": 882, ""scan_margin"": 10, ""probe_halfspan"": 6, ""probe_out_len"": 12, ""probe_inset"": 1, ""peak_coord"": 851, ""anchor_offset_ratio"": 0.4959, ""max_score"": 84, ""keep_threshold"": 71, ""selected_run_start"": 26, ""selected_run_end"": 33, ""selected_run_length"": 8, ""selected_run_score"": 84, ""three_terminal_role"": ""single_side_terminal"", ""three_terminal_orientation"": ""left""}",three_terminal_structured,,,555.0,851.0
,,,,,,16,Mosfet,component:2:16.4,,,,,2,D,16.4:D,,left,,,,,,,16.4,,False,16.4:D,ok,0.0,matched_preferred,[],N6,,6,False,,,,,,,,,,terminal:2:16.4:t2,Terminal,,,False,N6,6,top,directional,directional_primary,"[630, 768, 643, 792]",16.4:D,D,636,786,,,,16.4:t2,t2,"{""point_mode"": ""three_terminal_structured"", ""scan_axis"": ""x"", ""relative_position"": ""top"", ""scan_start"": 606, ""scan_end"": 646, ""scan_margin"": 7, ""probe_halfspan"": 6, ""probe_out_len"": 12, ""probe_inset"": 1, ""peak_coord"": 636, ""anchor_offset_ratio"": 0.8462, ""max_score"": 56, ""keep_threshold"": 48, ""selected_run_start"": 26, ""selected_run_end"": 35, ""selected_run_length"": 10, ""selected_run_score"": 56, ""three_terminal_role"": ""orthogonal_pair_terminal"", ""three_terminal_orientation"": ""left"", ""three_terminal_pair_bias"": ""opposite_side"", ""three_terminal_pair_bias_debug"": {""top"": {""local_score"": 70.0, ""point_mode"": ""side_peak_outside"", ""scan_axis"": ""x"", ""relative_position"": ""top"", ""scan_start"": 606, ""scan_end"": 646, ""scan_margin"": 7, ""probe_halfspan"": 6, ""probe_out_len"": 12, ""probe_inset"": 1, ""peak_coord"": 636, ""anchor_offset_ratio"": 0.8462, ""max_score"": 56, ""keep_threshold"": 48, ""selected_run_start"": 26, ""selected_run_end"": 35, ""selected_run_length"": 10, ""selected_run_score"": 56}, ""bottom"": {""local_score"": 70.0, ""point_mode"": ""side_peak_outside"", ""scan_axis"": ""x"", ""relative_position"": ""bottom"", ""scan_start"": 606, ""scan_end"": 646, ""scan_margin"": 7, ""probe_halfspan"": 6, ""probe_out_len"": 12, ""probe_inset"": 1, ""peak_coord"": 636, ""anchor_offset_ratio"": 0.8462, ""max_score"": 56, ""keep_threshold"": 48, ""selected_run_start"": 26, ""selected_run_end"": 35, ""selected_run_length"": 10, ""selected_run_score"": 56}}}",three_terminal_structured,,,636.0,786.0
,,,,,,16,Mosfet,component:2:16.4,,,,,2,S,16.4:S,,left,,,,,,,16.4,,False,16.4:S,ok,0.0,matched_preferred,[],N8,,8,False,,,,,,,,,,terminal:2:16.4:t3,Terminal,,,False,N8,8,bottom,directional,directional_primary,"[630, 912, 643, 936]",16.4:S,S,636,917,,,,16.4:t3,t3,"{""point_mode"": ""three_terminal_structured"", ""scan_axis"": ""x"", ""relative_position"": ""bottom"", ""scan_start"": 606, ""scan_end"": 646, ""scan_margin"": 7, ""probe_halfspan"": 6, ""probe_out_len"": 12, ""probe_inset"": 1, ""peak_coord"": 636, ""anchor_offset_ratio"": 0.8462, ""max_score"": 56, ""keep_threshold"": 48, ""selected_run_start"": 26, ""selected_run_end"": 35, ""selected_run_length"": 10, ""selected_run_score"": 56, ""three_terminal_role"": ""orthogonal_pair_terminal"", ""three_terminal_orientation"": ""left"", ""three_terminal_pair_bias"": ""opposite_side"", ""three_terminal_pair_bias_debug"": {""top"": {""local_score"": 70.0, ""point_mode"": ""side_peak_outside"", ""scan_axis"": ""x"", ""relative_position"": ""top"", ""scan_start"": 606, ""scan_end"": 646, ""scan_margin"": 7, ""probe_halfspan"": 6, ""probe_out_len"": 12, ""probe_inset"": 1, ""peak_coord"": 636, ""anchor_offset_ratio"": 0.8462, ""max_score"": 56, ""keep_threshold"": 48, ""selected_run_start"": 26, ""selected_run_end"": 35, ""selected_run_length"": 10, ""selected_run_score"": 56}, ""bottom"": {""local_score"": 70.0, ""point_mode"": ""side_peak_outside"", ""scan_axis"": ""x"", ""relative_position"": ""bottom"", ""scan_start"": 606, ""scan_end"": 646, ""scan_margin"": 7, ""probe_halfspan"": 6, ""probe_out_len"": 12, ""probe_inset"": 1, ""peak_coord"": 636, ""anchor_offset_ratio"": 0.8462, ""max_score"": 56, ""keep_threshold"": 48, ""selected_run_start"": 26, ""selected_run_end"": 35, ""selected_run_length"": 10, ""selected_run_score"": 56}}}",three_terminal_structured,,,636.0,917.0
,,,,,,16,Mosfet,component:2:16.5,,,,,2,G,16.5:G,,left,,,,,,,16.5,,False,16.5:G,ok,1.0,matched_preferred,[],N4,,4,False,,,,,,,,,,terminal:2:16.5:t1,Terminal,,,False,N4,4,left,directional,directional_primary,"[538, 267, 562, 280]",16.5:G,G,556,272,,,,16.5:t1,t1,"{""point_mode"": ""three_terminal_structured"", ""scan_axis"": ""y"", ""relative_position"": ""left"", ""scan_start"": 245, ""scan_end"": 306, ""scan_margin"": 10, ""probe_halfspan"": 6, ""probe_out_len"": 12, ""probe_inset"": 1, ""peak_coord"": 273, ""anchor_offset_ratio"": 0.4797, ""max_score"": 84, ""keep_threshold"": 71, ""selected_run_start"": 24, ""selected_run_end"": 31, ""selected_run_length"": 8, ""selected_run_score"": 84, ""three_terminal_role"": ""single_side_terminal"", ""three_terminal_orientation"": ""left""}",three_terminal_structured,,,556.0,273.0
,,,,,,16,Mosfet,component:2:16.5,,,,,2,S,16.5:S,,left,,,,,,,16.5,,False,16.5:S,ok,0.0,matched_preferred,[],N7,,7,False,,,,,,,,,,terminal:2:16.5:t2,Terminal,,,False,N7,7,top,directional,directional_primary,"[630, 192, 643, 216]",16.5:S,S,636,210,,,,16.5:t2,t2,"{""point_mode"": ""three_terminal_structured"", ""scan_axis"": ""x"", ""relative_position"": ""top"", ""scan_start"": 608, ""scan_end"": 648, ""scan_margin"": 7, ""probe_halfspan"": 6, ""probe_out_len"": 12, ""probe_inset"": 1, ""peak_coord"": 636, ""anchor_offset_ratio"": 0.8261, ""max_score"": 56, ""keep_threshold"": 48, ""selected_run_start"": 24, ""selected_run_end"": 33, ""selected_run_length"": 10, ""selected_run_score"": 56, ""three_terminal_role"": ""orthogonal_pair_terminal"", ""three_terminal_orientation"": ""left"", ""three_terminal_pair_bias"": ""opposite_side"", ""three_terminal_pair_bias_debug"": {""top"": {""local_score"": 70.0, ""point_mode"": ""side_peak_outside"", ""scan_axis"": ""x"", ""relative_position"": ""top"", ""scan_start"": 608, ""scan_end"": 648, ""scan_margin"": 7, ""probe_halfspan"": 6, ""probe_out_len"": 12, ""probe_inset"": 1, ""peak_coord"": 636, ""anchor_offset_ratio"": 0.8261, ""max_score"": 56, ""keep_threshold"": 48, ""selected_run_start"": 24, ""selected_run_end"": 33, ""selected_run_length"": 10, ""selected_run_score"": 56}, ""bottom"": {""local_score"": 70.0, ""point_mode"": ""side_peak_outside"", ""scan_axis"": ""x"", ""relative_position"": ""bottom"", ""scan_start"": 608, ""scan_end"": 648, ""scan_margin"": 7, ""probe_halfspan"": 6, ""probe_out_len"": 12, ""probe_inset"": 1, ""peak_coord"": 636, ""anchor_offset_ratio"": 0.8261, ""max_score"": 56, ""keep_threshold"": 48, ""selected_run_start"": 24, ""selected_run_end"": 33, ""selected_run_length"": 10, ""selected_run_score"": 56}}}",three_terminal_structured,,,636.0,210.0
,,,,,,16,Mosfet,component:2:16.5,,,,,2,D,16.5:D,,left,,,,,,,16.5,,False,16.5:D,ok,0.0,matched_preferred,[],N9,,9,False,,,,,,,,,,terminal:2:16.5:t3,Terminal,,,False,N9,9,bottom,directional,directional_primary,"[630, 336, 643, 360]",16.5:D,D,636,341,,,,16.5:t3,t3,"{""point_mode"": ""three_terminal_structured"", ""scan_axis"": ""x"", ""relative_position"": ""bottom"", ""scan_start"": 608, ""scan_end"": 648, ""scan_margin"": 7, ""probe_halfspan"": 6, ""probe_out_len"": 12, ""probe_inset"": 1, ""peak_coord"": 636, ""anchor_offset_ratio"": 0.8261, ""max_score"": 56, ""keep_threshold"": 48, ""selected_run_start"": 24, ""selected_run_end"": 33, ""selected_run_length"": 10, ""selected_run_score"": 56, ""three_terminal_role"": ""orthogonal_pair_terminal"", ""three_terminal_orientation"": ""left"", ""three_terminal_pair_bias"": ""opposite_side"", ""three_terminal_pair_bias_debug"": {""top"": {""local_score"": 70.0, ""point_mode"": ""side_peak_outside"", ""scan_axis"": ""x"", ""relative_position"": ""top"", ""scan_start"": 608, ""scan_end"": 648, ""scan_margin"": 7, ""probe_halfspan"": 6, ""probe_out_len"": 12, ""probe_inset"": 1, ""peak_coord"": 636, ""anchor_offset_ratio"": 0.8261, ""max_score"": 56, ""keep_threshold"": 48, ""selected_run_start"": 24, ""selected_run_end"": 33, ""selected_run_length"": 10, ""selected_run_score"": 56}, ""bottom"": {""local_score"": 70.0, ""point_mode"": ""side_peak_outside"", ""scan_axis"": ""x"", ""relative_position"": ""bottom"", ""scan_start"": 608, ""scan_end"": 648, ""scan_margin"": 7, ""probe_halfspan"": 6, ""probe_out_len"": 12, ""probe_inset"": 1, ""peak_coord"": 636, ""anchor_offset_ratio"": 0.8261, ""max_score"": 56, ""keep_threshold"": 48, ""selected_run_start"": 24, ""selected_run_end"": 33, ""selected_run_length"": 10, ""selected_run_score"": 56}}}",three_terminal_structured,,,636.0,341.0
,,,,,,9,GND,component:2:9.2,,,,,2,t1,9.2:t1,top,up,,,,,,,9.2,,False,9.2:t1,ok,0.0,matched_preferred,[],N8,,8,False,,,,,,,,,,terminal:2:9.2:t1,Terminal,,,False,N8,8,top,directional,directional_primary,"[630, 943, 643, 967]",,,636,961,,,,9.2:t1,t1,"{""point_mode"": ""side_peak_outside"", ""scan_axis"": ""x"", ""relative_position"": ""top"", ""scan_start"": 608, ""scan_end"": 666, ""scan_margin"": 5, ""probe_halfspan"": 6, ""probe_out_len"": 12, ""probe_inset"": 1, ""peak_coord"": 636, ""anchor_offset_ratio"": 0.4853, ""max_score"": 56, ""keep_threshold"": 48, ""selected_run_start"": 24, ""selected_run_end"": 33, ""selected_run_length"": 10, ""selected_run_score"": 56}",two_terminal_side_peak,,,636.0,961.0
,,,,,,16,Mosfet,component:2:16.6,,,,,2,G,16.6:G,,right,,,,,,,16.6,,False,16.6:G,ok,0.0,matched_preferred,[],N6,,6,False,,,,,,,,,,terminal:2:16.6:t1,Terminal,,,False,N6,6,right,directional,directional_primary,"[712, 523, 736, 536]",16.6:G,G,717,529,,,,16.6:t1,t1,"{""point_mode"": ""three_terminal_structured"", ""scan_axis"": ""y"", ""relative_position"": ""right"", ""scan_start"": 502, ""scan_end"": 561, ""scan_margin"": 10, ""probe_halfspan"": 6, ""probe_out_len"": 12, ""probe_inset"": 1, ""peak_coord"": 529, ""anchor_offset_ratio"": 0.479, ""max_score"": 70, ""keep_threshold"": 60, ""selected_run_start"": 23, ""selected_run_end"": 31, ""selected_run_length"": 9, ""selected_run_score"": 70, ""three_terminal_role"": ""single_side_terminal"", ""three_terminal_orientation"": ""right""}",three_terminal_structured,,,717.0,529.0
,,,,,,16,Mosfet,component:2:16.6,,,,,2,D,16.6:D,,right,,,,,,,16.6,,False,16.6:D,ok,1.0,matched_preferred,[],N9,,9,False,,,,,,,,,,terminal:2:16.6:t2,Terminal,,,False,N9,9,top,directional,directional_primary,"[631, 450, 644, 474]",16.6:D,D,636,468,,,,16.6:t2,t2,"{""point_mode"": ""three_terminal_structured"", ""scan_axis"": ""x"", ""relative_position"": ""top"", ""scan_start"": 629, ""scan_end"": 668, ""scan_margin"": 7, ""probe_halfspan"": 6, ""probe_out_len"": 12, ""probe_inset"": 1, ""peak_coord"": 637, ""anchor_offset_ratio"": 0.1264, ""max_score"": 56, ""keep_threshold"": 48, ""selected_run_start"": 3, ""selected_run_end"": 12, ""selected_run_length"": 10, ""selected_run_score"": 56, ""three_terminal_role"": ""orthogonal_pair_terminal"", ""three_terminal_orientation"": ""right"", ""three_terminal_pair_bias"": ""opposite_side"", ""three_terminal_pair_bias_debug"": {""top"": {""local_score"": 70.0, ""point_mode"": ""side_peak_outside"", ""scan_axis"": ""x"", ""relative_position"": ""top"", ""scan_start"": 629, ""scan_end"": 668, ""scan_margin"": 7, ""probe_halfspan"": 6, ""probe_out_len"": 12, ""probe_inset"": 1, ""peak_coord"": 637, ""anchor_offset_ratio"": 0.1264, ""max_score"": 56, ""keep_threshold"": 48, ""selected_run_start"": 3, ""selected_run_end"": 12, ""selected_run_length"": 10, ""selected_run_score"": 56}, ""bottom"": {""local_score"": 70.0, ""point_mode"": ""side_peak_outside"", ""scan_axis"": ""x"", ""relative_position"": ""bottom"", ""scan_start"": 629, ""scan_end"": 668, ""scan_margin"": 7, ""probe_halfspan"": 6, ""probe_out_len"": 12, ""probe_inset"": 1, ""peak_coord"": 637, ""anchor_offset_ratio"": 0.1264, ""max_score"": 56, ""keep_threshold"": 48, ""selected_run_start"": 3, ""selected_run_end"": 12, ""selected_run_length"": 10, ""selected_run_score"": 56}}}",three_terminal_structured,,,637.0,468.0
,,,,,,16,Mosfet,component:2:16.6,,,,,2,S,16.6:S,,right,,,,,,,16.6,,False,16.6:S,ok,1.0,matched_preferred,[],N6,,6,False,,,,,,,,,,terminal:2:16.6:t3,Terminal,,,False,N6,6,bottom,directional,directional_primary,"[631, 590, 644, 614]",16.6:S,S,636,595,,,,16.6:t3,t3,"{""point_mode"": ""three_terminal_structured"", ""scan_axis"": ""x"", ""relative_position"": ""bottom"", ""scan_start"": 629, ""scan_end"": 668, ""scan_margin"": 7, ""probe_halfspan"": 6, ""probe_out_len"": 12, ""probe_inset"": 1, ""peak_coord"": 637, ""anchor_offset_ratio"": 0.1264, ""max_score"": 56, ""keep_threshold"": 48, ""selected_run_start"": 3, ""selected_run_end"": 12, ""selected_run_length"": 10, ""selected_run_score"": 56, ""three_terminal_role"": ""orthogonal_pair_terminal"", ""three_terminal_orientation"": ""right"", ""three_terminal_pair_bias"": ""opposite_side"", ""three_terminal_pair_bias_debug"": {""top"": {""local_score"": 70.0, ""point_mode"": ""side_peak_outside"", ""scan_axis"": ""x"", ""relative_position"": ""top"", ""scan_start"": 629, ""scan_end"": 668, ""scan_margin"": 7, ""probe_halfspan"": 6, ""probe_out_len"": 12, ""probe_inset"": 1, ""peak_coord"": 637, ""anchor_offset_ratio"": 0.1264, ""max_score"": 56, ""keep_threshold"": 48, ""selected_run_start"": 3, ""selected_run_end"": 12, ""selected_run_length"": 10, ""selected_run_score"": 56}, ""bottom"": {""local_score"": 70.0, ""point_mode"": ""side_peak_outside"", ""scan_axis"": ""x"", ""relative_position"": ""bottom"", ""scan_start"": 629, ""scan_end"": 668, ""scan_margin"": 7, ""probe_halfspan"": 6, ""probe_out_len"": 12, ""probe_inset"": 1, ""peak_coord"": 637, ""anchor_offset_ratio"": 0.1264, ""max_score"": 56, ""keep_threshold"": 48, ""selected_run_start"": 3, ""selected_run_end"": 12, ""selected_run_length"": 10, ""selected_run_score"": 56}}}",three_terminal_structured,,,637.0,595.0
,,,,,,26,Terminal,component:2:26.3,,,,,2,t1,26.3:t1,,horizontal,,,,,,,26.3,,False,26.3:t1,ok,1.0,matched_preferred,[],N9,,9,False,,,,,,,,,,terminal:2:26.3:t1,Terminal,,,False,N9,9,left,directional,directional_primary,"[655, 394, 679, 407]",,,673,401,,,,26.3:t1,t1,"{""point_mode"": ""bbox_side_center"", ""anchor_offset_ratio"": 0.5001}",bbox_side_center,,,672.6,399.71
,,,,,,26,Terminal,component:2:26.3,,,,,2,t2,26.3:t2,,horizontal,,,,,,,26.3,,True,26.3:t2,unmatched,,unmatched,"[""unmatched_terminal""]",,,,False,,,,,,,,,,terminal:2:26.3:t2,Terminal,,,False,,,right,,,,,,,,,,,26.3:t2,t2,"{""point_mode"": ""bbox_side_center"", ""anchor_offset_ratio"": 0.5001}",bbox_side_center,,,723.62,399.71
,,,,,,2,Battery,component:2:2.1,,,,,2,t1,2.1:t1,,,,,,,,,2.1,,True,2.1:t1,unmatched,,unmatched,"[""unmatched_terminal""]",,,,False,,,,,,,,,,terminal:2:2.1:t1,Terminal,,,False,,,top,,,,,,,,,,,2.1:t1,t1,"{""point_mode"": ""bbox_side_center"", ""anchor_offset_ratio"": 0.5}",bbox_side_center,,,831.5,448.75
,,,,,,2,Battery,component:2:2.1,,,,,2,t2,2.1:t2,,,,,,,,,2.1,,False,2.1:t2,ok,2.0,matched_preferred,[],N10,,10,False,,,,,,,,,,terminal:2:2.1:t2,Terminal,,,False,N10,10,bottom,directional,directional_primary,"[826, 610, 839, 634]",,,830,615,,,,2.1:t2,t2,"{""point_mode"": ""bbox_side_center"", ""anchor_offset_ratio"": 0.5}",bbox_side_center,,,831.5,614.84
,,,,,,9,GND,component:2:9.3,,,,,2,t1,9.3:t1,top,up,,,,,,,9.3,,False,9.3:t1,ok,0.0,matched_preferred,[],N11,,11,False,,,,,,,,,,terminal:2:9.3:t1,Terminal,,,False,N11,11,top,directional,directional_primary,"[824, 625, 837, 649]",,,830,643,,,,9.3:t1,t1,"{""point_mode"": ""side_peak_outside"", ""scan_axis"": ""x"", ""relative_position"": ""top"", ""scan_start"": 795, ""scan_end"": 869, ""scan_margin"": 7, ""probe_halfspan"": 6, ""probe_out_len"": 12, ""probe_inset"": 1, ""peak_coord"": 830, ""anchor_offset_ratio"": 0.4773, ""max_score"": 56, ""keep_threshold"": 48, ""selected_run_start"": 31, ""selected_run_end"": 39, ""selected_run_length"": 9, ""selected_run_score"": 56}",two_terminal_side_peak,,,830.0,643.0
197,283,525,530,,,,,,,"[""G""]","[""16.2:G"", ""26.1:t1""]","[""16.2:t1"", ""26.1:t1""]",2,,,,,,,,,,,,False,,N1,,,,,,,,,[31],,2,,,,,N1,1,net:2:N1,Net,89,,,,,,,,,,,,,,31,,,,,,,,,
210,284,838,865,,,,,,,"[""G""]","[""16.1:G""]","[""16.1:t1""]",2,,,,,,,,,,,,False,,N2,,,,,,,,,[51],,1,,,,,N2,2,net:2:N2,Net,102,,,,,,,,,,,,,,51,,,,,,,,,
345,345,902,975,,,,,,,"[""S""]","[""16.1:S"", ""9.1:t1""]","[""16.1:t3"", ""9.1:t1""]",2,,,,,,,,,,,,False,,N3,,,,,,,,,[58],,2,,,,,N3,3,net:2:N3,Net,74,,,,,,,,,,,,,,58,,,,,,,,,
345,571,272,482,,,,,,,"[""D"", ""G"", ""D"", ""G""]","[""16.2:D"", ""16.3:G"", ""16.3:D"", ""16.5:G""]","[""16.2:t2"", ""16.3:t1"", ""16.3:t3"", ""16.5:t1""]",2,,,,,,,,,,,,False,,N4,,,,,,,,,[9],,4,,,,,N4,4,net:2:N4,Net,589,,,,,,,,,,,,,,9,,,,,,,,,
356,570,850,851,,,,,,,"[""G""]","[""16.4:G""]","[""16.4:t1""]",2,,,,,,,,,,,,False,,N5,,,,,,,,,[52],,1,,,,,N5,5,net:2:N5,Net,215,,,,,,,,,,,,,,52,,,,,,,,,
197,734,529,801,,,,,,,"[""D"", ""S"", ""D"", ""G"", ""S""]","[""16.1:D"", ""16.2:S"", ""16.4:D"", ""16.6:G"", ""16.6:S"", ""22.1:t1"", ""22.1:t2"", ""26.2:t1""]","[""16.1:t2"", ""16.2:t3"", ""16.4:t2"", ""16.6:t1"", ""16.6:t3"", ""22.1:t1"", ""22.1:t2"", ""26.2:t1""]",2,,,,,,,,,,,,False,,N6,,,,,,,,,[32],,8,,,,,N6,6,net:2:N6,Net,1416,,,,,,,,,,,,,,32,,,,,,,,,
345,636,143,229,,,,,,,"[""S"", ""S""]","[""16.3:S"", ""16.5:S""]","[""16.3:t2"", ""16.5:t2""]",2,,,,,,,,,,,,False,,N7,,,,,,,,,[4],,2,,,,,N7,7,net:2:N7,Net,457,,,,,,,,,,,,,,4,,,,,,,,,
635,637,900,978,,,,,,,"[""S""]","[""16.4:S"", ""9.2:t1""]","[""16.4:t3"", ""9.2:t1""]",2,,,,,,,,,,,,False,,N8,,,,,,,,,[57],,2,,,,,N8,8,net:2:N8,Net,79,,,,,,,,,,,,,,57,,,,,,,,,
636,688,324,484,,,,,,,"[""D"", ""D""]","[""16.5:D"", ""16.6:D"", ""26.3:t1""]","[""16.5:t3"", ""16.6:t2"", ""26.3:t1""]",2,,,,,,,,,,,,False,,N9,,,,,,,,,[14],,3,,,,,N9,9,net:2:N9,Net,213,,,,,,,,,,,,,,14,,,,,,,,,
830,830,608,627,,,,,,,[],"[""2.1:t2""]","[""2.1:t2""]",2,,,,,,,,,,,,False,,N10,,,,,,,,,[40],,1,,,,,N10,10,net:2:N10,Net,20,,,,,,,,,,,,,,40,,,,,,,,,
830,833,639,657,,,,,,,[],"[""9.3:t1""]","[""9.3:t1""]",2,,,,,,,,,,,,False,,N11,,,,,,,,,[41],,1,,,,,N11,11,net:2:N11,Net,21,,,,,,,,,,,,,,41,,,,,,,,,
,,,,,,,,,,,,,3,,,,,1024,3.jpg,C:\Users\m.profilo\Desktop\tesi_diagrams_yolo\data\batch_v7_npn_transistor_mosfet\3.jpg,1024,,,,,,3,,,,,,,,,,8,,16,8,,16,,,diagram:3,Diagram,,,,,,,,,,,,,,06_match_terminals_to_nets,,,,,,,,,,
112.56,145.98,526.54,552.36,26,Terminal,,,,0.7319,,,,3,,,,right,,,,,,,26.1,,,26.1,,,,,,,,,,,,,,1,,,,component:3:26.1,Component,,,,,,,,,,,,,,,,variable_terminal,,,,,True,True,,
187.76,332.56,455.67,621.12,18,NPN_Transistor,,,,0.8583,,,,3,,,,left,,,,,,,18.1,,,18.1,,,,,,,,,,,,,,3,,,,component:3:18.1,Component,,,,,,,,,,,,,,,,three_terminal,,,,,True,True,,
251.74,334.88,744.27,856.46,22,Resistor,,,,0.8464,,,,3,,,,vertical,,,,,,,22.1,,,22.1,,,,,,,,,,,,,,2,,,,component:3:22.1,Component,,,,,,,,,,,,,,,,two_terminal,,,,,True,True,,
485.31,631.99,137.44,298.36,18,NPN_Transistor,,,,0.8705,,,,3,,,,right,,,,,,,18.2,,,18.2,,,,,,,,,,,,,,3,,,,component:3:18.2,Component,,,,,,,,,,,,,,,,three_terminal,,,,,True,True,,
705.91,790.07,742.82,856.46,22,Resistor,,,,0.8608,,,,3,,,,vertical,,,,,,,22.2,,,22.2,,,,,,,,,,,,,,2,,,,component:3:22.2,Component,,,,,,,,,,,,,,,,two_terminal,,,,,True,True,,
740.84,779.63,202.47,238.04,26,Terminal,,,,0.6473,,,,3,,,,left,,,,,,,26.2,,,26.2,,,,,,,,,,,,,,1,,,,component:3:26.2,Component,,,,,,,,,,,,,,,,variable_terminal,,,,,True,True,,
708.66,863.04,456.52,617.82,18,NPN_Transistor,,,,0.8887,,,,3,,,,right,,,,,,,18.3,,,18.3,,,,,,,,,,,,,,3,,,,component:3:18.3,Component,,,,,,,,,,,,,,,,three_terminal,,,,,True,True,,
893.82,930.26,525.26,553.62,26,Terminal,,,,0.7569,,,,3,,,,left,,,,,,,26.3,,,26.3,,,,,,,,,,,,,,1,,,,component:3:26.3,Component,,,,,,,,,,,,,,,,variable_terminal,,,,,True,True,,
,,,,,,26,Terminal,component:3:26.1,,,,,3,t1,26.1:t1,,right,,,,,,,26.1,,False,26.1:t1,ok,0.0,matched_preferred,[],N1,,1,False,,,,,,,,,,terminal:3:26.1:t1,Terminal,,,False,N1,1,right,directional,directional_primary,"[145, 533, 169, 546]",,,150,539,,,,26.1:t1,t1,"{""point_mode"": ""bbox_side_center"", ""anchor_offset_ratio"": 0.5}",bbox_side_center,,,149.98,539.45
,,,,,,18,NPN_Transistor,component:3:18.1,,,,,3,B,18.1:B,,left,,,,,,,18.1,,False,18.1:B,ok,0.0,matched_preferred,[],N1,,1,False,,,,,,,,,,terminal:3:18.1:t1,Terminal,,,False,N1,1,left,directional,directional_primary,"[166, 533, 190, 546]",18.1:B,B,184,539,,,,18.1:t1,t1,"{""point_mode"": ""three_terminal_structured"", ""scan_axis"": ""y"", ""relative_position"": ""left"", ""scan_start"": 497, ""scan_end"": 580, ""scan_margin"": 13, ""probe_halfspan"": 6, ""probe_out_len"": 12, ""probe_inset"": 1, ""peak_coord"": 539, ""anchor_offset_ratio"": 0.503, ""max_score"": 56, ""keep_threshold"": 48, ""selected_run_start"": 38, ""selected_run_end"": 47, ""selected_run_length"": 10, ""selected_run_score"": 56, ""three_terminal_role"": ""single_side_terminal"", ""three_terminal_orientation"": ""left""}",three_terminal_structured,,,184.0,539.0
,,,,,,18,NPN_Transistor,component:3:18.1,,,,,3,E,18.1:E,,left,,,,,,,18.1,,False,18.1:E,ok,0.0,matched_preferred,[],N4,,4,False,,,,,,,,,,terminal:3:18.1:t2,Terminal,,,False,N4,4,top,directional,directional_primary,"[287, 434, 300, 458]",18.1:E,E,293,452,,,,18.1:t2,t2,"{""point_mode"": ""three_terminal_structured"", ""scan_axis"": ""x"", ""relative_position"": ""top"", ""scan_start"": 263, ""scan_end"": 327, ""scan_margin"": 12, ""probe_halfspan"": 6, ""probe_out_len"": 12, ""probe_inset"": 1, ""peak_coord"": 293, ""anchor_offset_ratio"": 0.7241, ""max_score"": 98, ""keep_threshold"": 83, ""selected_run_start"": 26, ""selected_run_end"": 34, ""selected_run_length"": 9, ""selected_run_score"": 98, ""three_terminal_role"": ""orthogonal_pair_terminal"", ""three_terminal_orientation"": ""left"", ""three_terminal_pair_bias"": ""opposite_side"", ""three_terminal_pair_bias_debug"": {""top"": {""local_score"": 122.5, ""point_mode"": ""side_peak_outside"", ""scan_axis"": ""x"", ""relative_position"": ""top"", ""scan_start"": 263, ""scan_end"": 327, ""scan_margin"": 12, ""probe_halfspan"": 6, ""probe_out_len"": 12, ""probe_inset"": 1, ""peak_coord"": 293, ""anchor_offset_ratio"": 0.7241, ""max_score"": 98, ""keep_threshold"": 83, ""selected_run_start"": 26, ""selected_run_end"": 34, ""selected_run_length"": 9, ""selected_run_score"": 98}, ""bottom"": {""local_score"": 122.5, ""point_mode"": ""side_peak_outside"", ""scan_axis"": ""x"", ""relative_position"": ""bottom"", ""scan_start"": 263, ""scan_end"": 327, ""scan_margin"": 12, ""probe_halfspan"": 6, ""probe_out_len"": 12, ""probe_inset"": 1, ""peak_coord"": 293, ""anchor_offset_ratio"": 0.7241, ""max_score"": 98, ""keep_threshold"": 83, ""selected_run_start"": 26, ""selected_run_end"": 34, ""selected_run_length"": 9, ""selected_run_score"": 98}}}",three_terminal_structured,,,293.0,452.0
,,,,,,18,NPN_Transistor,component:3:18.1,,,,,3,C,18.1:C,,left,,,,,,,18.1,,False,18.1:C,ok,0.0,matched_preferred,[],N2,,2,False,,,,,,,,,,terminal:3:18.1:t3,Terminal,,,False,N2,2,bottom,directional,directional_primary,"[287, 620, 300, 644]",18.1:C,C,293,625,,,,18.1:t3,t3,"{""point_mode"": ""three_terminal_structured"", ""scan_axis"": ""x"", ""relative_position"": ""bottom"", ""scan_start"": 263, ""scan_end"": 327, ""scan_margin"": 12, ""probe_halfspan"": 6, ""probe_out_len"": 12, ""probe_inset"": 1, ""peak_coord"": 293, ""anchor_offset_ratio"": 0.7241, ""max_score"": 98, ""keep_threshold"": 83, ""selected_run_start"": 26, ""selected_run_end"": 34, ""selected_run_length"": 9, ""selected_run_score"": 98, ""three_terminal_role"": ""orthogonal_pair_terminal"", ""three_terminal_orientation"": ""left"", ""three_terminal_pair_bias"": ""opposite_side"", ""three_terminal_pair_bias_debug"": {""top"": {""local_score"": 122.5, ""point_mode"": ""side_peak_outside"", ""scan_axis"": ""x"", ""relative_position"": ""top"", ""scan_start"": 263, ""scan_end"": 327, ""scan_margin"": 12, ""probe_halfspan"": 6, ""probe_out_len"": 12, ""probe_inset"": 1, ""peak_coord"": 293, ""anchor_offset_ratio"": 0.7241, ""max_score"": 98, ""keep_threshold"": 83, ""selected_run_start"": 26, ""selected_run_end"": 34, ""selected_run_length"": 9, ""selected_run_score"": 98}, ""bottom"": {""local_score"": 122.5, ""point_mode"": ""side_peak_outside"", ""scan_axis"": ""x"", ""relative_position"": ""bottom"", ""scan_start"": 263, ""scan_end"": 327, ""scan_margin"": 12, ""probe_halfspan"": 6, ""probe_out_len"": 12, ""probe_inset"": 1, ""peak_coord"": 293, ""anchor_offset_ratio"": 0.7241, ""max_score"": 98, ""keep_threshold"": 83, ""selected_run_start"": 26, ""selected_run_end"": 34, ""selected_run_length"": 9, ""selected_run_score"": 98}}}",three_terminal_structured,,,293.0,625.0
,,,,,,22,Resistor,component:3:22.1,,,,,3,t1,22.1:t1,,vertical,,,,,,,22.1,,False,22.1:t1,ok,0.0,matched_preferred,[],N2,,2,False,,,,,,,,,,terminal:3:22.1:t1,Terminal,,,False,N2,2,top,directional,directional_primary,"[287, 722, 300, 746]",,,293,740,,,,22.1:t1,t1,"{""point_mode"": ""bbox_side_center"", ""anchor_offset_ratio"": 0.5}",bbox_side_center,,,293.31,740.27
,,,,,,22,Resistor,component:3:22.1,,,,,3,t2,22.1:t2,,vertical,,,,,,,22.1,,False,22.1:t2,ok,0.0,matched_preferred,[],N5,,5,False,,,,,,,,,,terminal:3:22.1:t2,Terminal,,,False,N5,5,bottom,directional,directional_primary,"[287, 855, 300, 879]",,,293,860,,,,22.1:t2,t2,"{""point_mode"": ""bbox_side_center"", ""anchor_offset_ratio"": 0.5}",bbox_side_center,,,293.31,860.46
,,,,,,18,NPN_Transistor,component:3:18.2,,,,,3,B,18.2:B,,right,,,,,,,18.2,,False,18.2:B,ok,0.0,matched_preferred,[],N6,,6,False,,,,,,,,,,terminal:3:18.2:t1,Terminal,,,False,N6,6,right,directional,directional_primary,"[631, 213, 655, 226]",18.2:B,B,636,219,,,,18.2:t1,t1,"{""point_mode"": ""three_terminal_structured"", ""scan_axis"": ""y"", ""relative_position"": ""right"", ""scan_start"": 177, ""scan_end"": 258, ""scan_margin"": 13, ""probe_halfspan"": 6, ""probe_out_len"": 12, ""probe_inset"": 1, ""peak_coord"": 219, ""anchor_offset_ratio"": 0.5093, ""max_score"": 70, ""keep_threshold"": 60, ""selected_run_start"": 38, ""selected_run_end"": 46, ""selected_run_length"": 9, ""selected_run_score"": 70, ""three_terminal_role"": ""single_side_terminal"", ""three_terminal_orientation"": ""right""}",three_terminal_structured,,,636.0,219.0
,,,,,,18,NPN_Transistor,component:3:18.2,,,,,3,E,18.2:E,,right,,,,,,,18.2,,False,18.2:E,ok,0.0,matched_preferred,[],N3,,3,False,,,,,,,,,,terminal:3:18.2:t2,Terminal,,,False,N3,3,top,directional,directional_primary,"[514, 115, 527, 139]",18.2:E,E,520,133,,,,18.2:t2,t2,"{""point_mode"": ""three_terminal_structured"", ""scan_axis"": ""x"", ""relative_position"": ""top"", ""scan_start"": 491, ""scan_end"": 556, ""scan_margin"": 12, ""probe_halfspan"": 6, ""probe_out_len"": 12, ""probe_inset"": 1, ""peak_coord"": 520, ""anchor_offset_ratio"": 0.2381, ""max_score"": 98, ""keep_threshold"": 83, ""selected_run_start"": 25, ""selected_run_end"": 33, ""selected_run_length"": 9, ""selected_run_score"": 98, ""three_terminal_role"": ""orthogonal_pair_terminal"", ""three_terminal_orientation"": ""right"", ""three_terminal_pair_bias"": ""opposite_side"", ""three_terminal_pair_bias_debug"": {""top"": {""local_score"": 122.5, ""point_mode"": ""side_peak_outside"", ""scan_axis"": ""x"", ""relative_position"": ""top"", ""scan_start"": 491, ""scan_end"": 556, ""scan_margin"": 12, ""probe_halfspan"": 6, ""probe_out_len"": 12, ""probe_inset"": 1, ""peak_coord"": 520, ""anchor_offset_ratio"": 0.2381, ""max_score"": 98, ""keep_threshold"": 83, ""selected_run_start"": 25, ""selected_run_end"": 33, ""selected_run_length"": 9, ""selected_run_score"": 98}, ""bottom"": {""local_score"": 122.5, ""point_mode"": ""side_peak_outside"", ""scan_axis"": ""x"", ""relative_position"": ""bottom"", ""scan_start"": 491, ""scan_end"": 556, ""scan_margin"": 12, ""probe_halfspan"": 6, ""probe_out_len"": 12, ""probe_inset"": 1, ""peak_coord"": 520, ""anchor_offset_ratio"": 0.2381, ""max_score"": 98, ""keep_threshold"": 83, ""selected_run_start"": 25, ""selected_run_end"": 33, ""selected_run_length"": 9, ""selected_run_score"": 98}}}",three_terminal_structured,,,520.0,133.0
,,,,,,18,NPN_Transistor,component:3:18.2,,,,,3,C,18.2:C,,right,,,,,,,18.2,,False,18.2:C,ok,0.0,matched_preferred,[],N4,,4,False,,,,,,,,,,terminal:3:18.2:t3,Terminal,,,False,N4,4,bottom,directional,directional_primary,"[514, 297, 527, 321]",18.2:C,C,520,302,,,,18.2:t3,t3,"{""point_mode"": ""three_terminal_structured"", ""scan_axis"": ""x"", ""relative_position"": ""bottom"", ""scan_start"": 491, ""scan_end"": 556, ""scan_margin"": 12, ""probe_halfspan"": 6, ""probe_out_len"": 12, ""probe_inset"": 1, ""peak_coord"": 520, ""anchor_offset_ratio"": 0.2381, ""max_score"": 98, ""keep_threshold"": 83, ""selected_run_start"": 25, ""selected_run_end"": 33, ""selected_run_length"": 9, ""selected_run_score"": 98, ""three_terminal_role"": ""orthogonal_pair_terminal"", ""three_terminal_orientation"": ""right"", ""three_terminal_pair_bias"": ""opposite_side"", ""three_terminal_pair_bias_debug"": {""top"": {""local_score"": 122.5, ""point_mode"": ""side_peak_outside"", ""scan_axis"": ""x"", ""relative_position"": ""top"", ""scan_start"": 491, ""scan_end"": 556, ""scan_margin"": 12, ""probe_halfspan"": 6, ""probe_out_len"": 12, ""probe_inset"": 1, ""peak_coord"": 520, ""anchor_offset_ratio"": 0.2381, ""max_score"": 98, ""keep_threshold"": 83, ""selected_run_start"": 25, ""selected_run_end"": 33, ""selected_run_length"": 9, ""selected_run_score"": 98}, ""bottom"": {""local_score"": 122.5, ""point_mode"": ""side_peak_outside"", ""scan_axis"": ""x"", ""relative_position"": ""bottom"", ""scan_start"": 491, ""scan_end"": 556, ""scan_margin"": 12, ""probe_halfspan"": 6, ""probe_out_len"": 12, ""probe_inset"": 1, ""peak_coord"": 520, ""anchor_offset_ratio"": 0.2381, ""max_score"": 98, ""keep_threshold"": 83, ""selected_run_start"": 25, ""selected_run_end"": 33, ""selected_run_length"": 9, ""selected_run_score"": 98}}}",three_terminal_structured,,,520.0,302.0
,,,,,,22,Resistor,component:3:22.2,,,,,3,t1,22.2:t1,,vertical,,,,,,,22.2,,False,22.2:t1,ok,1.0,matched_preferred,[],N7,,7,False,,,,,,,,,,terminal:3:22.2:t1,Terminal,,,False,N7,7,top,directional,directional_primary,"[742, 721, 755, 745]",,,747,739,,,,22.2:t1,t1,"{""point_mode"": ""bbox_side_center"", ""anchor_offset_ratio"": 0.5}",bbox_side_center,,,747.99,738.82
,,,,,,22,Resistor,component:3:22.2,,,,,3,t2,22.2:t2,,vertical,,,,,,,22.2,,False,22.2:t2,ok,1.0,matched_preferred,[],N5,,5,False,,,,,,,,,,terminal:3:22.2:t2,Terminal,,,False,N5,5,bottom,directional,directional_primary,"[742, 855, 755, 879]",,,747,860,,,,22.2:t2,t2,"{""point_mode"": ""bbox_side_center"", ""anchor_offset_ratio"": 0.5}",bbox_side_center,,,747.99,860.46
,,,,,,26,Terminal,component:3:26.2,,,,,3,t1,26.2:t1,,left,,,,,,,26.2,,False,26.2:t1,ok,1.0,matched_preferred,[],N6,,6,False,,,,,,,,,,terminal:3:26.2:t1,Terminal,,,False,N6,6,left,directional,directional_primary,"[719, 214, 743, 227]",,,737,219,,,,26.2:t1,t1,"{""point_mode"": ""bbox_side_center"", ""anchor_offset_ratio"": 0.4999}",bbox_side_center,,,736.84,220.25
,,,,,,18,NPN_Transistor,component:3:18.3,,,,,3,B,18.3:B,,right,,,,,,,18.3,,False,18.3:B,ok,0.0,matched_preferred,[],N8,,8,False,,,,,,,,,,terminal:3:18.3:t1,Terminal,,,False,N8,8,right,directional,directional_primary,"[862, 533, 886, 546]",18.3:B,B,867,539,,,,18.3:t1,t1,"{""point_mode"": ""three_terminal_structured"", ""scan_axis"": ""y"", ""relative_position"": ""right"", ""scan_start"": 497, ""scan_end"": 578, ""scan_margin"": 13, ""probe_halfspan"": 6, ""probe_out_len"": 12, ""probe_inset"": 1, ""peak_coord"": 539, ""anchor_offset_ratio"": 0.5093, ""max_score"": 84, ""keep_threshold"": 71, ""selected_run_start"": 39, ""selected_run_end"": 46, ""selected_run_length"": 8, ""selected_run_score"": 84, ""three_terminal_role"": ""single_side_terminal"", ""three_terminal_orientation"": ""right""}",three_terminal_structured,,,867.0,539.0
,,,,,,18,NPN_Transistor,component:3:18.3,,,,,3,E,18.3:E,,right,,,,,,,18.3,,False,18.3:E,ok,0.0,matched_preferred,[],N4,,4,False,,,,,,,,,,terminal:3:18.3:t2,Terminal,,,False,N4,4,top,directional,directional_primary,"[741, 435, 754, 459]",18.3:E,E,747,453,,,,18.3:t2,t2,"{""point_mode"": ""three_terminal_structured"", ""scan_axis"": ""x"", ""relative_position"": ""top"", ""scan_start"": 715, ""scan_end"": 783, ""scan_margin"": 12, ""probe_halfspan"": 6, ""probe_out_len"": 12, ""probe_inset"": 1, ""peak_coord"": 747, ""anchor_offset_ratio"": 0.2468, ""max_score"": 98, ""keep_threshold"": 83, ""selected_run_start"": 28, ""selected_run_end"": 36, ""selected_run_length"": 9, ""selected_run_score"": 98, ""three_terminal_role"": ""orthogonal_pair_terminal"", ""three_terminal_orientation"": ""right"", ""three_terminal_pair_bias"": ""opposite_side"", ""three_terminal_pair_bias_debug"": {""top"": {""local_score"": 122.5, ""point_mode"": ""side_peak_outside"", ""scan_axis"": ""x"", ""relative_position"": ""top"", ""scan_start"": 715, ""scan_end"": 783, ""scan_margin"": 12, ""probe_halfspan"": 6, ""probe_out_len"": 12, ""probe_inset"": 1, ""peak_coord"": 747, ""anchor_offset_ratio"": 0.2468, ""max_score"": 98, ""keep_threshold"": 83, ""selected_run_start"": 28, ""selected_run_end"": 36, ""selected_run_length"": 9, ""selected_run_score"": 98}, ""bottom"": {""local_score"": 122.5, ""point_mode"": ""side_peak_outside"", ""scan_axis"": ""x"", ""relative_position"": ""bottom"", ""scan_start"": 715, ""scan_end"": 783, ""scan_margin"": 12, ""probe_halfspan"": 6, ""probe_out_len"": 12, ""probe_inset"": 1, ""peak_coord"": 747, ""anchor_offset_ratio"": 0.2468, ""max_score"": 98, ""keep_threshold"": 83, ""selected_run_start"": 28, ""selected_run_end"": 36, ""selected_run_length"": 9, ""selected_run_score"": 98}}}",three_terminal_structured,,,747.0,453.0
,,,,,,18,NPN_Transistor,component:3:18.3,,,,,3,C,18.3:C,,right,,,,,,,18.3,,False,18.3:C,ok,0.0,matched_preferred,[],N7,,7,False,,,,,,,,,,terminal:3:18.3:t3,Terminal,,,False,N7,7,bottom,directional,directional_primary,"[741, 617, 754, 641]",18.3:C,C,747,622,,,,18.3:t3,t3,"{""point_mode"": ""three_terminal_structured"", ""scan_axis"": ""x"", ""relative_position"": ""bottom"", ""scan_start"": 715, ""scan_end"": 783, ""scan_margin"": 12, ""probe_halfspan"": 6, ""probe_out_len"": 12, ""probe_inset"": 1, ""peak_coord"": 747, ""anchor_offset_ratio"": 0.2468, ""max_score"": 98, ""keep_threshold"": 83, ""selected_run_start"": 28, ""selected_run_end"": 36, ""selected_run_length"": 9, ""selected_run_score"": 98, ""three_terminal_role"": ""orthogonal_pair_terminal"", ""three_terminal_orientation"": ""right"", ""three_terminal_pair_bias"": ""opposite_side"", ""three_terminal_pair_bias_debug"": {""top"": {""local_score"": 122.5, ""point_mode"": ""side_peak_outside"", ""scan_axis"": ""x"", ""relative_position"": ""top"", ""scan_start"": 715, ""scan_end"": 783, ""scan_margin"": 12, ""probe_halfspan"": 6, ""probe_out_len"": 12, ""probe_inset"": 1, ""peak_coord"": 747, ""anchor_offset_ratio"": 0.2468, ""max_score"": 98, ""keep_threshold"": 83, ""selected_run_start"": 28, ""selected_run_end"": 36, ""selected_run_length"": 9, ""selected_run_score"": 98}, ""bottom"": {""local_score"": 122.5, ""point_mode"": ""side_peak_outside"", ""scan_axis"": ""x"", ""relative_position"": ""bottom"", ""scan_start"": 715, ""scan_end"": 783, ""scan_margin"": 12, ""probe_halfspan"": 6, ""probe_out_len"": 12, ""probe_inset"": 1, ""peak_coord"": 747, ""anchor_offset_ratio"": 0.2468, ""max_score"": 98, ""keep_threshold"": 83, ""selected_run_start"": 28, ""selected_run_end"": 36, ""selected_run_length"": 9, ""selected_run_score"": 98}}}",three_terminal_structured,,,747.0,622.0
,,,,,,26,Terminal,component:3:26.3,,,,,3,t1,26.3:t1,,left,,,,,,,26.3,,False,26.3:t1,ok,0.0,matched_preferred,[],N8,,8,False,,,,,,,,,,terminal:3:26.3:t1,Terminal,,,False,N8,8,left,directional,directional_primary,"[872, 533, 896, 546]",,,890,539,,,,26.3:t1,t1,"{""point_mode"": ""bbox_side_center"", ""anchor_offset_ratio"": 0.5}",bbox_side_center,,,889.82,539.44
139,200,536,541,,,,,,,"[""B""]","[""18.1:B"", ""26.1:t1""]","[""18.1:t1"", ""26.1:t1""]",3,,,,,,,,,,,,False,,N1,,,,,,,,,[23],,2,,,,,N1,1,net:3:N1,Net,67,,,,,,,,,,,,,,23,,,,,,,,,
281,302,612,754,,,,,,,"[""C""]","[""18.1:C"", ""22.1:t1""]","[""18.1:t3"", ""22.1:t1""]",3,,,,,,,,,,,,False,,N2,,,,,,,,,[25],,2,,,,,N2,2,net:3:N2,Net,163,,,,,,,,,,,,,,25,,,,,,,,,
447,593,94,147,,,,,,,"[""E""]","[""18.2:E""]","[""18.2:t2""]",3,,,,,,,,,,,,False,,N3,,,,,,,,,[4],,1,,,,,N3,3,net:3:N3,Net,200,,,,,,,,,,,,,,4,,,,,,,,,
293,747,289,467,,,,,,,"[""E"", ""C"", ""E""]","[""18.1:E"", ""18.2:C"", ""18.3:E""]","[""18.1:t2"", ""18.2:t3"", ""18.3:t2""]",3,,,,,,,,,,,,False,,N4,,,,,,,,,[11],,3,,,,,N4,4,net:3:N4,Net,674,,,,,,,,,,,,,,11,,,,,,,,,
221,820,844,950,,,,,,,[],"[""22.1:t2"", ""22.2:t2""]","[""22.1:t2"", ""22.2:t2""]",3,,,,,,,,,,,,False,,N5,,,,,,,,,[47],,2,,,,,N5,5,net:3:N5,Net,810,,,,,,,,,,,,,,47,,,,,,,,,
621,751,216,223,,,,,,,"[""B""]","[""18.2:B"", ""26.2:t1""]","[""18.2:t1"", ""26.2:t1""]",3,,,,,,,,,,,,False,,N6,,,,,,,,,[9],,2,,,,,N6,6,net:3:N6,Net,136,,,,,,,,,,,,,,9,,,,,,,,,
736,756,609,753,,,,,,,"[""C""]","[""18.3:C"", ""22.2:t1""]","[""18.3:t3"", ""22.2:t1""]",3,,,,,,,,,,,,False,,N7,,,,,,,,,[24],,2,,,,,N7,7,net:3:N7,Net,165,,,,,,,,,,,,,,24,,,,,,,,,
852,903,535,543,,,,,,,"[""B""]","[""18.3:B"", ""26.3:t1""]","[""18.3:t1"", ""26.3:t1""]",3,,,,,,,,,,,,False,,N8,,,,,,,,,[21],,2,,,,,N8,8,net:3:N8,Net,57,,,,,,,,,,,,,,21,,,,,,,,,
,,,,,,,,,,,,,4,,,,,1024,4.jpg,C:\Users\m.profilo\Desktop\tesi_diagrams_yolo\data\batch_v7_npn_transistor_mosfet\4.jpg,1024,,,,,,4,,,,,,,,,,8,,21,7,,21,,,diagram:4,Diagram,,,,,,,,,,,,,,06_match_terminals_to_nets,,,,,,,,,,
96.66,206.33,671.53,765.51,16,Mosfet,,,,0.8637,,,,4,,,,right,,,,,,,16.1,,,16.1,,,,,,,,,,,,,,3,,,,component:4:16.1,Component,,,,,,,,,,,,,,,,three_terminal,,,,,True,True,,
96.58,206.86,144.1,244.24,16,Mosfet,,,,0.8762,,,,4,,,,right,,,,,,,16.2,,,16.2,,,,,,,,,,,,,,3,,,,component:4:16.2,Component,,,,,,,,,,,,,,,,three_terminal,,,,,True,True,,
404.71,511.66,533.42,626.89,16,Mosfet,,,,0.8712,,,,4,,,,left,,,,,,,16.3,,,16.3,,,,,,,,,,,,,,3,,,,component:4:16.3,Component,,,,,,,,,,,,,,,,three_terminal,,,,,True,True,,
404.48,513.44,141.84,239.96,16,Mosfet,,,,0.847,,,,4,,,,left,,,,,,,16.4,,,16.4,,,,,,,,,,,,,,3,,,,component:4:16.4,Component,,,,,,,,,,,,,,,,three_terminal,,,,,True,True,,
466.3,524.26,786.79,876.98,22,Resistor,,,,0.8397,,,,4,,,,vertical,,,,,,,22.1,,,22.1,,,,,,,,,,,,,,2,,,,component:4:22.1,Component,,,,,,,,,,,,,,,,two_terminal,,,,,True,True,,
460.56,530.49,983.91,1023.42,9,GND,,,,0.7714,,,,4,,,top,up,,,,,,,9.1,,,9.1,,,,,,,,,,,,,,1,,,,component:4:9.1,Component,,,,,,,,,,,,,,,,one_terminal,,,,,True,True,,
791.22,893.95,668.81,762.87,16,Mosfet,,,,0.8495,,,,4,,,,left,,,,,,,16.5,,,16.5,,,,,,,,,,,,,,3,,,,component:4:16.5,Component,,,,,,,,,,,,,,,,three_terminal,,,,,True,True,,
791.33,898.29,139.01,246.49,16,Mosfet,,,,0.8541,,,,4,,,,left,,,,,,,16.6,,,16.6,,,,,,,,,,,,,,3,,,,component:4:16.6,Component,,,,,,,,,,,,,,,,three_terminal,,,,,True,True,,
,,,,,,16,Mosfet,component:4:16.1,,,,,4,G,16.1:G,,right,,,,,,,16.1,,False,16.1:G,ok,1.0,matched_preferred,[],N4,,4,False,,,,,,,,,,terminal:4:16.1:t1,Terminal,,,False,N4,4,right,directional,directional_primary,"[205, 710, 229, 723]",16.1:G,G,210,715,,,,16.1:t1,t1,"{""point_mode"": ""three_terminal_structured"", ""scan_axis"": ""y"", ""relative_position"": ""right"", ""scan_start"": 696, ""scan_end"": 742, ""scan_margin"": 8, ""probe_halfspan"": 6, ""probe_out_len"": 12, ""probe_inset"": 1, ""peak_coord"": 716, ""anchor_offset_ratio"": 0.4681, ""max_score"": 84, ""keep_threshold"": 71, ""selected_run_start"": 16, ""selected_run_end"": 23, ""selected_run_length"": 8, ""selected_run_score"": 84, ""three_terminal_role"": ""single_side_terminal"", ""three_terminal_orientation"": ""right""}",three_terminal_structured,,,210.0,716.0
,,,,,,16,Mosfet,component:4:16.1,,,,,4,D,16.1:D,,right,,,,,,,16.1,,False,16.1:D,ok,1.0,matched_preferred,[],N1,,1,False,,,,,,,,,,terminal:4:16.1:t2,Terminal,,,False,N1,1,top,directional,directional_primary,"[109, 650, 122, 674]",16.1:D,D,114,668,,,,16.1:t2,t2,"{""point_mode"": ""three_terminal_structured"", ""scan_axis"": ""x"", ""relative_position"": ""top"", ""scan_start"": 101, ""scan_end"": 149, ""scan_margin"": 9, ""probe_halfspan"": 6, ""probe_out_len"": 12, ""probe_inset"": 1, ""peak_coord"": 115, ""anchor_offset_ratio"": 0.1651, ""max_score"": 56, ""keep_threshold"": 48, ""selected_run_start"": 9, ""selected_run_end"": 18, ""selected_run_length"": 10, ""selected_run_score"": 56, ""three_terminal_role"": ""orthogonal_pair_terminal"", ""three_terminal_orientation"": ""right"", ""three_terminal_pair_bias"": ""opposite_side"", ""three_terminal_pair_bias_debug"": {""top"": {""local_score"": 70.0, ""point_mode"": ""side_peak_outside"", ""scan_axis"": ""x"", ""relative_position"": ""top"", ""scan_start"": 101, ""scan_end"": 149, ""scan_margin"": 9, ""probe_halfspan"": 6, ""probe_out_len"": 12, ""probe_inset"": 1, ""peak_coord"": 115, ""anchor_offset_ratio"": 0.1651, ""max_score"": 56, ""keep_threshold"": 48, ""selected_run_start"": 9, ""selected_run_end"": 18, ""selected_run_length"": 10, ""selected_run_score"": 56}, ""bottom"": {""local_score"": 70.0, ""point_mode"": ""side_peak_outside"", ""scan_axis"": ""x"", ""relative_position"": ""bottom"", ""scan_start"": 101, ""scan_end"": 149, ""scan_margin"": 9, ""probe_halfspan"": 6, ""probe_out_len"": 12, ""probe_inset"": 1, ""peak_coord"": 115, ""anchor_offset_ratio"": 0.1651, ""max_score"": 56, ""keep_threshold"": 48, ""selected_run_start"": 9, ""selected_run_end"": 18, ""selected_run_length"": 10, ""selected_run_score"": 56}}}",three_terminal_structured,,,115.0,668.0
,,,,,,16,Mosfet,component:4:16.1,,,,,4,S,16.1:S,,right,,,,,,,16.1,,False,16.1:S,ok,1.0,matched_preferred,[],N3,,3,False,,,,,,,,,,terminal:4:16.1:t3,Terminal,,,False,N3,3,bottom,directional,directional_primary,"[109, 765, 122, 789]",16.1:S,S,114,770,,,,16.1:t3,t3,"{""point_mode"": ""three_terminal_structured"", ""scan_axis"": ""x"", ""relative_position"": ""bottom"", ""scan_start"": 101, ""scan_end"": 149, ""scan_margin"": 9, ""probe_halfspan"": 6, ""probe_out_len"": 12, ""probe_inset"": 1, ""peak_coord"": 115, ""anchor_offset_ratio"": 0.1651, ""max_score"": 56, ""keep_threshold"": 48, ""selected_run_start"": 9, ""selected_run_end"": 18, ""selected_run_length"": 10, ""selected_run_score"": 56, ""three_terminal_role"": ""orthogonal_pair_terminal"", ""three_terminal_orientation"": ""right"", ""three_terminal_pair_bias"": ""opposite_side"", ""three_terminal_pair_bias_debug"": {""top"": {""local_score"": 70.0, ""point_mode"": ""side_peak_outside"", ""scan_axis"": ""x"", ""relative_position"": ""top"", ""scan_start"": 101, ""scan_end"": 149, ""scan_margin"": 9, ""probe_halfspan"": 6, ""probe_out_len"": 12, ""probe_inset"": 1, ""peak_coord"": 115, ""anchor_offset_ratio"": 0.1651, ""max_score"": 56, ""keep_threshold"": 48, ""selected_run_start"": 9, ""selected_run_end"": 18, ""selected_run_length"": 10, ""selected_run_score"": 56}, ""bottom"": {""local_score"": 70.0, ""point_mode"": ""side_peak_outside"", ""scan_axis"": ""x"", ""relative_position"": ""bottom"", ""scan_start"": 101, ""scan_end"": 149, ""scan_margin"": 9, ""probe_halfspan"": 6, ""probe_out_len"": 12, ""probe_inset"": 1, ""peak_coord"": 115, ""anchor_offset_ratio"": 0.1651, ""max_score"": 56, ""keep_threshold"": 48, ""selected_run_start"": 9, ""selected_run_end"": 18, ""selected_run_length"": 10, ""selected_run_score"": 56}}}",three_terminal_structured,,,115.0,770.0
,,,,,,16,Mosfet,component:4:16.2,,,,,4,G,16.2:G,,right,,,,,,,16.2,,False,16.2:G,ok,1.0,matched_preferred,[],N5,,5,False,,,,,,,,,,terminal:4:16.2:t1,Terminal,,,False,N5,5,right,directional,directional_primary,"[206, 185, 230, 198]",16.2:G,G,211,190,,,,16.2:t1,t1,"{""point_mode"": ""three_terminal_structured"", ""scan_axis"": ""y"", ""relative_position"": ""right"", ""scan_start"": 169, ""scan_end"": 219, ""scan_margin"": 8, ""probe_halfspan"": 6, ""probe_out_len"": 12, ""probe_inset"": 1, ""peak_coord"": 191, ""anchor_offset_ratio"": 0.47, ""max_score"": 84, ""keep_threshold"": 71, ""selected_run_start"": 18, ""selected_run_end"": 25, ""selected_run_length"": 8, ""selected_run_score"": 84, ""three_terminal_role"": ""single_side_terminal"", ""three_terminal_orientation"": ""right""}",three_terminal_structured,,,211.0,191.0
,,,,,,16,Mosfet,component:4:16.2,,,,,4,S,16.2:S,,right,,,,,,,16.2,,False,16.2:S,ok,1.0,matched_preferred,[],N2,,2,False,,,,,,,,,,terminal:4:16.2:t2,Terminal,,,False,N2,2,top,directional,directional_primary,"[109, 122, 122, 146]",16.2:S,S,114,140,,,,16.2:t2,t2,"{""point_mode"": ""three_terminal_structured"", ""scan_axis"": ""x"", ""relative_position"": ""top"", ""scan_start"": 101, ""scan_end"": 150, ""scan_margin"": 9, ""probe_halfspan"": 6, ""probe_out_len"": 12, ""probe_inset"": 1, ""peak_coord"": 115, ""anchor_offset_ratio"": 0.1636, ""max_score"": 56, ""keep_threshold"": 48, ""selected_run_start"": 9, ""selected_run_end"": 18, ""selected_run_length"": 10, ""selected_run_score"": 56, ""three_terminal_role"": ""orthogonal_pair_terminal"", ""three_terminal_orientation"": ""right"", ""three_terminal_pair_bias"": ""opposite_side"", ""three_terminal_pair_bias_debug"": {""top"": {""local_score"": 70.0, ""point_mode"": ""side_peak_outside"", ""scan_axis"": ""x"", ""relative_position"": ""top"", ""scan_start"": 101, ""scan_end"": 150, ""scan_margin"": 9, ""probe_halfspan"": 6, ""probe_out_len"": 12, ""probe_inset"": 1, ""peak_coord"": 115, ""anchor_offset_ratio"": 0.1636, ""max_score"": 56, ""keep_threshold"": 48, ""selected_run_start"": 9, ""selected_run_end"": 18, ""selected_run_length"": 10, ""selected_run_score"": 56}, ""bottom"": {""local_score"": 70.0, ""point_mode"": ""side_peak_outside"", ""scan_axis"": ""x"", ""relative_position"": ""bottom"", ""scan_start"": 101, ""scan_end"": 150, ""scan_margin"": 9, ""probe_halfspan"": 6, ""probe_out_len"": 12, ""probe_inset"": 1, ""peak_coord"": 115, ""anchor_offset_ratio"": 0.1636, ""max_score"": 56, ""keep_threshold"": 48, ""selected_run_start"": 9, ""selected_run_end"": 18, ""selected_run_length"": 10, ""selected_run_score"": 56}}}",three_terminal_structured,,,115.0,140.0
,,,,,,16,Mosfet,component:4:16.2,,,,,4,D,16.2:D,,right,,,,,,,16.2,,False,16.2:D,ok,1.0,matched_preferred,[],N1,,1,False,,,,,,,,,,terminal:4:16.2:t3,Terminal,,,False,N1,1,bottom,directional,directional_primary,"[109, 243, 122, 267]",16.2:D,D,114,248,,,,16.2:t3,t3,"{""point_mode"": ""three_terminal_structured"", ""scan_axis"": ""x"", ""relative_position"": ""bottom"", ""scan_start"": 101, ""scan_end"": 150, ""scan_margin"": 9, ""probe_halfspan"": 6, ""probe_out_len"": 12, ""probe_inset"": 1, ""peak_coord"": 115, ""anchor_offset_ratio"": 0.1636, ""max_score"": 56, ""keep_threshold"": 48, ""selected_run_start"": 9, ""selected_run_end"": 18, ""selected_run_length"": 10, ""selected_run_score"": 56, ""three_terminal_role"": ""orthogonal_pair_terminal"", ""three_terminal_orientation"": ""right"", ""three_terminal_pair_bias"": ""opposite_side"", ""three_terminal_pair_bias_debug"": {""top"": {""local_score"": 70.0, ""point_mode"": ""side_peak_outside"", ""scan_axis"": ""x"", ""relative_position"": ""top"", ""scan_start"": 101, ""scan_end"": 150, ""scan_margin"": 9, ""probe_halfspan"": 6, ""probe_out_len"": 12, ""probe_inset"": 1, ""peak_coord"": 115, ""anchor_offset_ratio"": 0.1636, ""max_score"": 56, ""keep_threshold"": 48, ""selected_run_start"": 9, ""selected_run_end"": 18, ""selected_run_length"": 10, ""selected_run_score"": 56}, ""bottom"": {""local_score"": 70.0, ""point_mode"": ""side_peak_outside"", ""scan_axis"": ""x"", ""relative_position"": ""bottom"", ""scan_start"": 101, ""scan_end"": 150, ""scan_margin"": 9, ""probe_halfspan"": 6, ""probe_out_len"": 12, ""probe_inset"": 1, ""peak_coord"": 115, ""anchor_offset_ratio"": 0.1636, ""max_score"": 56, ""keep_threshold"": 48, ""selected_run_start"": 9, ""selected_run_end"": 18, ""selected_run_length"": 10, ""selected_run_score"": 56}}}",three_terminal_structured,,,115.0,248.0
,,,,,,16,Mosfet,component:4:16.3,,,,,4,G,16.3:G,,left,,,,,,,16.3,,False,16.3:G,ok,0.0,matched_preferred,[],N1,,1,False,,,,,,,,,,terminal:4:16.3:t1,Terminal,,,False,N1,1,left,directional,directional_primary,"[383, 572, 407, 585]",16.3:G,G,401,578,,,,16.3:t1,t1,"{""point_mode"": ""three_terminal_structured"", ""scan_axis"": ""y"", ""relative_position"": ""left"", ""scan_start"": 556, ""scan_end"": 604, ""scan_margin"": 8, ""probe_halfspan"": 6, ""probe_out_len"": 12, ""probe_inset"": 1, ""peak_coord"": 578, ""anchor_offset_ratio"": 0.4787, ""max_score"": 56, ""keep_threshold"": 48, ""selected_run_start"": 18, ""selected_run_end"": 27, ""selected_run_length"": 10, ""selected_run_score"": 56, ""three_terminal_role"": ""single_side_terminal"", ""three_terminal_orientation"": ""left""}",three_terminal_structured,,,401.0,578.0
,,,,,,16,Mosfet,component:4:16.3,,,,,4,D,16.3:D,,left,,,,,,,16.3,,False,16.3:D,ok,0.0,matched_preferred,[],N5,,5,False,,,,,,,,,,terminal:4:16.3:t2,Terminal,,,False,N5,5,top,directional,directional_primary,"[489, 511, 502, 535]",16.3:D,D,495,529,,,,16.3:t2,t2,"{""point_mode"": ""three_terminal_structured"", ""scan_axis"": ""x"", ""relative_position"": ""top"", ""scan_start"": 461, ""scan_end"": 508, ""scan_margin"": 9, ""probe_halfspan"": 6, ""probe_out_len"": 12, ""probe_inset"": 1, ""peak_coord"": 495, ""anchor_offset_ratio"": 0.8411, ""max_score"": 84, ""keep_threshold"": 71, ""selected_run_start"": 31, ""selected_run_end"": 38, ""selected_run_length"": 8, ""selected_run_score"": 84, ""three_terminal_role"": ""orthogonal_pair_terminal"", ""three_terminal_orientation"": ""left"", ""three_terminal_pair_bias"": ""opposite_side"", ""three_terminal_pair_bias_debug"": {""top"": {""local_score"": 105.0, ""point_mode"": ""side_peak_outside"", ""scan_axis"": ""x"", ""relative_position"": ""top"", ""scan_start"": 461, ""scan_end"": 508, ""scan_margin"": 9, ""probe_halfspan"": 6, ""probe_out_len"": 12, ""probe_inset"": 1, ""peak_coord"": 495, ""anchor_offset_ratio"": 0.8411, ""max_score"": 84, ""keep_threshold"": 71, ""selected_run_start"": 31, ""selected_run_end"": 38, ""selected_run_length"": 8, ""selected_run_score"": 84}, ""bottom"": {""local_score"": 105.0, ""point_mode"": ""side_peak_outside"", ""scan_axis"": ""x"", ""relative_position"": ""bottom"", ""scan_start"": 461, ""scan_end"": 508, ""scan_margin"": 9, ""probe_halfspan"": 6, ""probe_out_len"": 12, ""probe_inset"": 1, ""peak_coord"": 495, ""anchor_offset_ratio"": 0.8411, ""max_score"": 84, ""keep_threshold"": 71, ""selected_run_start"": 31, ""selected_run_end"": 38, ""selected_run_length"": 8, ""selected_run_score"": 84}}}",three_terminal_structured,,,495.0,529.0
,,,,,,16,Mosfet,component:4:16.3,,,,,4,S,16.3:S,,left,,,,,,,16.3,,False,16.3:S,ok,0.0,matched_preferred,[],N4,,4,False,,,,,,,,,,terminal:4:16.3:t3,Terminal,,,False,N4,4,bottom,directional,directional_primary,"[489, 626, 502, 650]",16.3:S,S,495,631,,,,16.3:t3,t3,"{""point_mode"": ""three_terminal_structured"", ""scan_axis"": ""x"", ""relative_position"": ""bottom"", ""scan_start"": 461, ""scan_end"": 508, ""scan_margin"": 9, ""probe_halfspan"": 6, ""probe_out_len"": 12, ""probe_inset"": 1, ""peak_coord"": 495, ""anchor_offset_ratio"": 0.8411, ""max_score"": 84, ""keep_threshold"": 71, ""selected_run_start"": 31, ""selected_run_end"": 38, ""selected_run_length"": 8, ""selected_run_score"": 84, ""three_terminal_role"": ""orthogonal_pair_terminal"", ""three_terminal_orientation"": ""left"", ""three_terminal_pair_bias"": ""opposite_side"", ""three_terminal_pair_bias_debug"": {""top"": {""local_score"": 105.0, ""point_mode"": ""side_peak_outside"", ""scan_axis"": ""x"", ""relative_position"": ""top"", ""scan_start"": 461, ""scan_end"": 508, ""scan_margin"": 9, ""probe_halfspan"": 6, ""probe_out_len"": 12, ""probe_inset"": 1, ""peak_coord"": 495, ""anchor_offset_ratio"": 0.8411, ""max_score"": 84, ""keep_threshold"": 71, ""selected_run_start"": 31, ""selected_run_end"": 38, ""selected_run_length"": 8, ""selected_run_score"": 84}, ""bottom"": {""local_score"": 105.0, ""point_mode"": ""side_peak_outside"", ""scan_axis"": ""x"", ""relative_position"": ""bottom"", ""scan_start"": 461, ""scan_end"": 508, ""scan_margin"": 9, ""probe_halfspan"": 6, ""probe_out_len"": 12, ""probe_inset"": 1, ""peak_coord"": 495, ""anchor_offset_ratio"": 0.8411, ""max_score"": 84, ""keep_threshold"": 71, ""selected_run_start"": 31, ""selected_run_end"": 38, ""selected_run_length"": 8, ""selected_run_score"": 84}}}",three_terminal_structured,,,495.0,631.0
,,,,,,16,Mosfet,component:4:16.4,,,,,4,G,16.4:G,,left,,,,,,,16.4,,False,16.4:G,ok,0.0,matched_preferred,[],N5,,5,False,,,,,,,,,,terminal:4:16.4:t1,Terminal,,,False,N5,5,left,directional,directional_primary,"[382, 184, 406, 197]",16.4:G,G,400,190,,,,16.4:t1,t1,"{""point_mode"": ""three_terminal_structured"", ""scan_axis"": ""y"", ""relative_position"": ""left"", ""scan_start"": 166, ""scan_end"": 216, ""scan_margin"": 8, ""probe_halfspan"": 6, ""probe_out_len"": 12, ""probe_inset"": 1, ""peak_coord"": 190, ""anchor_offset_ratio"": 0.4898, ""max_score"": 84, ""keep_threshold"": 71, ""selected_run_start"": 21, ""selected_run_end"": 28, ""selected_run_length"": 8, ""selected_run_score"": 84, ""three_terminal_role"": ""single_side_terminal"", ""three_terminal_orientation"": ""left""}",three_terminal_structured,,,400.0,190.0
,,,,,,16,Mosfet,component:4:16.4,,,,,4,S,16.4:S,,left,,,,,,,16.4,,False,16.4:S,ok,0.0,matched_preferred,[],N2,,2,False,,,,,,,,,,terminal:4:16.4:t2,Terminal,,,False,N2,2,top,directional,directional_primary,"[489, 120, 502, 144]",16.4:S,S,495,138,,,,16.4:t2,t2,"{""point_mode"": ""three_terminal_structured"", ""scan_axis"": ""x"", ""relative_position"": ""top"", ""scan_start"": 461, ""scan_end"": 509, ""scan_margin"": 9, ""probe_halfspan"": 6, ""probe_out_len"": 12, ""probe_inset"": 1, ""peak_coord"": 495, ""anchor_offset_ratio"": 0.8349, ""max_score"": 84, ""keep_threshold"": 71, ""selected_run_start"": 31, ""selected_run_end"": 38, ""selected_run_length"": 8, ""selected_run_score"": 84, ""three_terminal_role"": ""orthogonal_pair_terminal"", ""three_terminal_orientation"": ""left"", ""three_terminal_pair_bias"": ""opposite_side"", ""three_terminal_pair_bias_debug"": {""top"": {""local_score"": 105.0, ""point_mode"": ""side_peak_outside"", ""scan_axis"": ""x"", ""relative_position"": ""top"", ""scan_start"": 461, ""scan_end"": 509, ""scan_margin"": 9, ""probe_halfspan"": 6, ""probe_out_len"": 12, ""probe_inset"": 1, ""peak_coord"": 495, ""anchor_offset_ratio"": 0.8349, ""max_score"": 84, ""keep_threshold"": 71, ""selected_run_start"": 31, ""selected_run_end"": 38, ""selected_run_length"": 8, ""selected_run_score"": 84}, ""bottom"": {""local_score"": 105.0, ""point_mode"": ""side_peak_outside"", ""scan_axis"": ""x"", ""relative_position"": ""bottom"", ""scan_start"": 461, ""scan_end"": 509, ""scan_margin"": 9, ""probe_halfspan"": 6, ""probe_out_len"": 12, ""probe_inset"": 1, ""peak_coord"": 495, ""anchor_offset_ratio"": 0.8349, ""max_score"": 84, ""keep_threshold"": 71, ""selected_run_start"": 31, ""selected_run_end"": 38, ""selected_run_length"": 8, ""selected_run_score"": 84}}}",three_terminal_structured,,,495.0,138.0
,,,,,,16,Mosfet,component:4:16.4,,,,,4,D,16.4:D,,left,,,,,,,16.4,,False,16.4:D,ok,0.0,matched_preferred,[],N5,,5,False,,,,,,,,,,terminal:4:16.4:t3,Terminal,,,False,N5,5,bottom,directional,directional_primary,"[489, 239, 502, 263]",16.4:D,D,495,244,,,,16.4:t3,t3,"{""point_mode"": ""three_terminal_structured"", ""scan_axis"": ""x"", ""relative_position"": ""bottom"", ""scan_start"": 461, ""scan_end"": 509, ""scan_margin"": 9, ""probe_halfspan"": 6, ""probe_out_len"": 12, ""probe_inset"": 1, ""peak_coord"": 495, ""anchor_offset_ratio"": 0.8349, ""max_score"": 84, ""keep_threshold"": 71, ""selected_run_start"": 31, ""selected_run_end"": 38, ""selected_run_length"": 8, ""selected_run_score"": 84, ""three_terminal_role"": ""orthogonal_pair_terminal"", ""three_terminal_orientation"": ""left"", ""three_terminal_pair_bias"": ""opposite_side"", ""three_terminal_pair_bias_debug"": {""top"": {""local_score"": 105.0, ""point_mode"": ""side_peak_outside"", ""scan_axis"": ""x"", ""relative_position"": ""top"", ""scan_start"": 461, ""scan_end"": 509, ""scan_margin"": 9, ""probe_halfspan"": 6, ""probe_out_len"": 12, ""probe_inset"": 1, ""peak_coord"": 495, ""anchor_offset_ratio"": 0.8349, ""max_score"": 84, ""keep_threshold"": 71, ""selected_run_start"": 31, ""selected_run_end"": 38, ""selected_run_length"": 8, ""selected_run_score"": 84}, ""bottom"": {""local_score"": 105.0, ""point_mode"": ""side_peak_outside"", ""scan_axis"": ""x"", ""relative_position"": ""bottom"", ""scan_start"": 461, ""scan_end"": 509, ""scan_margin"": 9, ""probe_halfspan"": 6, ""probe_out_len"": 12, ""probe_inset"": 1, ""peak_coord"": 495, ""anchor_offset_ratio"": 0.8349, ""max_score"": 84, ""keep_threshold"": 71, ""selected_run_start"": 31, ""selected_run_end"": 38, ""selected_run_length"": 8, ""selected_run_score"": 84}}}",three_terminal_structured,,,495.0,244.0
,,,,,,22,Resistor,component:4:22.1,,,,,4,t1,22.1:t1,,vertical,,,,,,,22.1,,False,22.1:t1,ok,0.0,matched_preferred,[],N4,,4,False,,,,,,,,,,terminal:4:22.1:t1,Terminal,,,False,N4,4,top,directional,directional_primary,"[489, 765, 502, 789]",,,495,783,,,,22.1:t1,t1,"{""point_mode"": ""bbox_side_center"", ""anchor_offset_ratio"": 0.5}",bbox_side_center,,,495.28,782.79
,,,,,,22,Resistor,component:4:22.1,,,,,4,t2,22.1:t2,,vertical,,,,,,,22.1,,False,22.1:t2,ok,0.0,matched_preferred,[],N3,,3,False,,,,,,,,,,terminal:4:22.1:t2,Terminal,,,False,N3,3,bottom,directional,directional_primary,"[489, 876, 502, 900]",,,495,881,,,,22.1:t2,t2,"{""point_mode"": ""bbox_side_center"", ""anchor_offset_ratio"": 0.5}",bbox_side_center,,,495.28,880.98
,,,,,,9,GND,component:4:9.1,,,,,4,t1,9.1:t1,top,up,,,,,,,9.1,,False,9.1:t1,ok,0.0,matched_preferred,[],N3,,3,False,,,,,,,,,,terminal:4:9.1:t1,Terminal,,,False,N3,3,top,directional,directional_primary,"[489, 962, 502, 986]",,,495,980,,,,9.1:t1,t1,"{""point_mode"": ""side_peak_outside"", ""scan_axis"": ""x"", ""relative_position"": ""top"", ""scan_start"": 467, ""scan_end"": 524, ""scan_margin"": 6, ""probe_halfspan"": 5, ""probe_out_len"": 12, ""probe_inset"": 1, ""peak_coord"": 495, ""anchor_offset_ratio"": 0.4928, ""max_score"": 84, ""keep_threshold"": 71, ""selected_run_start"": 26, ""selected_run_end"": 31, ""selected_run_length"": 6, ""selected_run_score"": 84}",two_terminal_side_peak,,,495.0,980.0
,,,,,,16,Mosfet,component:4:16.5,,,,,4,G,16.5:G,,left,,,,,,,16.5,,False,16.5:G,ok,1.0,matched_preferred,[],N4,,4,False,,,,,,,,,,terminal:4:16.5:t1,Terminal,,,False,N4,4,left,directional,directional_primary,"[769, 710, 793, 723]",16.5:G,G,787,715,,,,16.5:t1,t1,"{""point_mode"": ""three_terminal_structured"", ""scan_axis"": ""y"", ""relative_position"": ""left"", ""scan_start"": 692, ""scan_end"": 740, ""scan_margin"": 8, ""probe_halfspan"": 6, ""probe_out_len"": 12, ""probe_inset"": 1, ""peak_coord"": 716, ""anchor_offset_ratio"": 0.5, ""max_score"": 84, ""keep_threshold"": 71, ""selected_run_start"": 20, ""selected_run_end"": 27, ""selected_run_length"": 8, ""selected_run_score"": 84, ""three_terminal_role"": ""single_side_terminal"", ""three_terminal_orientation"": ""left""}",three_terminal_structured,,,787.0,716.0
,,,,,,16,Mosfet,component:4:16.5,,,,,4,D,16.5:D,,left,,,,,,,16.5,,False,16.5:D,ok,1.0,matched_preferred,[],N7,,7,False,,,,,,,,,,terminal:4:16.5:t2,Terminal,,,False,N7,7,top,directional,directional_primary,"[875, 647, 888, 671]",16.5:D,D,880,665,,,,16.5:t2,t2,"{""point_mode"": ""three_terminal_structured"", ""scan_axis"": ""x"", ""relative_position"": ""top"", ""scan_start"": 845, ""scan_end"": 890, ""scan_margin"": 8, ""probe_halfspan"": 6, ""probe_out_len"": 12, ""probe_inset"": 1, ""peak_coord"": 881, ""anchor_offset_ratio"": 0.8738, ""max_score"": 84, ""keep_threshold"": 71, ""selected_run_start"": 32, ""selected_run_end"": 39, ""selected_run_length"": 8, ""selected_run_score"": 84, ""three_terminal_role"": ""orthogonal_pair_terminal"", ""three_terminal_orientation"": ""left"", ""three_terminal_pair_bias"": ""opposite_side"", ""three_terminal_pair_bias_debug"": {""top"": {""local_score"": 105.0, ""point_mode"": ""side_peak_outside"", ""scan_axis"": ""x"", ""relative_position"": ""top"", ""scan_start"": 845, ""scan_end"": 890, ""scan_margin"": 8, ""probe_halfspan"": 6, ""probe_out_len"": 12, ""probe_inset"": 1, ""peak_coord"": 881, ""anchor_offset_ratio"": 0.8738, ""max_score"": 84, ""keep_threshold"": 71, ""selected_run_start"": 32, ""selected_run_end"": 39, ""selected_run_length"": 8, ""selected_run_score"": 84}, ""bottom"": {""local_score"": 105.0, ""point_mode"": ""side_peak_outside"", ""scan_axis"": ""x"", ""relative_position"": ""bottom"", ""scan_start"": 845, ""scan_end"": 890, ""scan_margin"": 8, ""probe_halfspan"": 6, ""probe_out_len"": 12, ""probe_inset"": 1, ""peak_coord"": 881, ""anchor_offset_ratio"": 0.8738, ""max_score"": 84, ""keep_threshold"": 71, ""selected_run_start"": 32, ""selected_run_end"": 39, ""selected_run_length"": 8, ""selected_run_score"": 84}}}",three_terminal_structured,,,881.0,665.0
,,,,,,16,Mosfet,component:4:16.5,,,,,4,S,16.5:S,,left,,,,,,,16.5,,False,16.5:S,ok,1.0,matched_preferred,[],N3,,3,False,,,,,,,,,,terminal:4:16.5:t3,Terminal,,,False,N3,3,bottom,directional,directional_primary,"[875, 762, 888, 786]",16.5:S,S,880,767,,,,16.5:t3,t3,"{""point_mode"": ""three_terminal_structured"", ""scan_axis"": ""x"", ""relative_position"": ""bottom"", ""scan_start"": 845, ""scan_end"": 890, ""scan_margin"": 8, ""probe_halfspan"": 6, ""probe_out_len"": 12, ""probe_inset"": 1, ""peak_coord"": 881, ""anchor_offset_ratio"": 0.8738, ""max_score"": 84, ""keep_threshold"": 71, ""selected_run_start"": 32, ""selected_run_end"": 39, ""selected_run_length"": 8, ""selected_run_score"": 84, ""three_terminal_role"": ""orthogonal_pair_terminal"", ""three_terminal_orientation"": ""left"", ""three_terminal_pair_bias"": ""opposite_side"", ""three_terminal_pair_bias_debug"": {""top"": {""local_score"": 105.0, ""point_mode"": ""side_peak_outside"", ""scan_axis"": ""x"", ""relative_position"": ""top"", ""scan_start"": 845, ""scan_end"": 890, ""scan_margin"": 8, ""probe_halfspan"": 6, ""probe_out_len"": 12, ""probe_inset"": 1, ""peak_coord"": 881, ""anchor_offset_ratio"": 0.8738, ""max_score"": 84, ""keep_threshold"": 71, ""selected_run_start"": 32, ""selected_run_end"": 39, ""selected_run_length"": 8, ""selected_run_score"": 84}, ""bottom"": {""local_score"": 105.0, ""point_mode"": ""side_peak_outside"", ""scan_axis"": ""x"", ""relative_position"": ""bottom"", ""scan_start"": 845, ""scan_end"": 890, ""scan_margin"": 8, ""probe_halfspan"": 6, ""probe_out_len"": 12, ""probe_inset"": 1, ""peak_coord"": 881, ""anchor_offset_ratio"": 0.8738, ""max_score"": 84, ""keep_threshold"": 71, ""selected_run_start"": 32, ""selected_run_end"": 39, ""selected_run_length"": 8, ""selected_run_score"": 84}}}",three_terminal_structured,,,881.0,767.0
,,,,,,16,Mosfet,component:4:16.6,,,,,4,G,16.6:G,,left,,,,,,,16.6,,False,16.6:G,ok,0.0,matched_preferred,[],N5,,5,False,,,,,,,,,,terminal:4:16.6:t1,Terminal,,,False,N5,5,left,directional,directional_primary,"[769, 184, 793, 197]",16.6:G,G,787,190,,,,16.6:t1,t1,"{""point_mode"": ""three_terminal_structured"", ""scan_axis"": ""y"", ""relative_position"": ""left"", ""scan_start"": 166, ""scan_end"": 219, ""scan_margin"": 9, ""probe_halfspan"": 6, ""probe_out_len"": 12, ""probe_inset"": 1, ""peak_coord"": 190, ""anchor_offset_ratio"": 0.4766, ""max_score"": 84, ""keep_threshold"": 71, ""selected_run_start"": 21, ""selected_run_end"": 28, ""selected_run_length"": 8, ""selected_run_score"": 84, ""three_terminal_role"": ""single_side_terminal"", ""three_terminal_orientation"": ""left""}",three_terminal_structured,,,787.0,190.0
,,,,,,16,Mosfet,component:4:16.6,,,,,4,S,16.6:S,,left,,,,,,,16.6,,False,16.6:S,ok,1.0,matched_preferred,[],N2,,2,False,,,,,,,,,,terminal:4:16.6:t2,Terminal,,,False,N2,2,top,directional,directional_primary,"[875, 117, 888, 141]",16.6:S,S,880,135,,,,16.6:t2,t2,"{""point_mode"": ""three_terminal_structured"", ""scan_axis"": ""x"", ""relative_position"": ""top"", ""scan_start"": 847, ""scan_end"": 894, ""scan_margin"": 9, ""probe_halfspan"": 6, ""probe_out_len"": 12, ""probe_inset"": 1, ""peak_coord"": 881, ""anchor_offset_ratio"": 0.8411, ""max_score"": 84, ""keep_threshold"": 71, ""selected_run_start"": 30, ""selected_run_end"": 37, ""selected_run_length"": 8, ""selected_run_score"": 84, ""three_terminal_role"": ""orthogonal_pair_terminal"", ""three_terminal_orientation"": ""left"", ""three_terminal_pair_bias"": ""opposite_side"", ""three_terminal_pair_bias_debug"": {""top"": {""local_score"": 105.0, ""point_mode"": ""side_peak_outside"", ""scan_axis"": ""x"", ""relative_position"": ""top"", ""scan_start"": 847, ""scan_end"": 894, ""scan_margin"": 9, ""probe_halfspan"": 6, ""probe_out_len"": 12, ""probe_inset"": 1, ""peak_coord"": 881, ""anchor_offset_ratio"": 0.8411, ""max_score"": 84, ""keep_threshold"": 71, ""selected_run_start"": 30, ""selected_run_end"": 37, ""selected_run_length"": 8, ""selected_run_score"": 84}, ""bottom"": {""local_score"": 105.0, ""point_mode"": ""side_peak_outside"", ""scan_axis"": ""x"", ""relative_position"": ""bottom"", ""scan_start"": 847, ""scan_end"": 894, ""scan_margin"": 9, ""probe_halfspan"": 6, ""probe_out_len"": 12, ""probe_inset"": 1, ""peak_coord"": 881, ""anchor_offset_ratio"": 0.8411, ""max_score"": 84, ""keep_threshold"": 71, ""selected_run_start"": 30, ""selected_run_end"": 37, ""selected_run_length"": 8, ""selected_run_score"": 84}}}",three_terminal_structured,,,881.0,135.0
,,,,,,16,Mosfet,component:4:16.6,,,,,4,D,16.6:D,,left,,,,,,,16.6,,False,16.6:D,ok,1.0,matched_preferred,[],N6,,6,False,,,,,,,,,,terminal:4:16.6:t3,Terminal,,,False,N6,6,bottom,directional,directional_primary,"[875, 245, 888, 269]",16.6:D,D,880,250,,,,16.6:t3,t3,"{""point_mode"": ""three_terminal_structured"", ""scan_axis"": ""x"", ""relative_position"": ""bottom"", ""scan_start"": 847, ""scan_end"": 894, ""scan_margin"": 9, ""probe_halfspan"": 6, ""probe_out_len"": 12, ""probe_inset"": 1, ""peak_coord"": 881, ""anchor_offset_ratio"": 0.8411, ""max_score"": 84, ""keep_threshold"": 71, ""selected_run_start"": 30, ""selected_run_end"": 37, ""selected_run_length"": 8, ""selected_run_score"": 84, ""three_terminal_role"": ""orthogonal_pair_terminal"", ""three_terminal_orientation"": ""left"", ""three_terminal_pair_bias"": ""opposite_side"", ""three_terminal_pair_bias_debug"": {""top"": {""local_score"": 105.0, ""point_mode"": ""side_peak_outside"", ""scan_axis"": ""x"", ""relative_position"": ""top"", ""scan_start"": 847, ""scan_end"": 894, ""scan_margin"": 9, ""probe_halfspan"": 6, ""probe_out_len"": 12, ""probe_inset"": 1, ""peak_coord"": 881, ""anchor_offset_ratio"": 0.8411, ""max_score"": 84, ""keep_threshold"": 71, ""selected_run_start"": 30, ""selected_run_end"": 37, ""selected_run_length"": 8, ""selected_run_score"": 84}, ""bottom"": {""local_score"": 105.0, ""point_mode"": ""side_peak_outside"", ""scan_axis"": ""x"", ""relative_position"": ""bottom"", ""scan_start"": 847, ""scan_end"": 894, ""scan_margin"": 9, ""probe_halfspan"": 6, ""probe_out_len"": 12, ""probe_inset"": 1, ""peak_coord"": 881, ""anchor_offset_ratio"": 0.8411, ""max_score"": 84, ""keep_threshold"": 71, ""selected_run_start"": 30, ""selected_run_end"": 37, ""selected_run_length"": 8, ""selected_run_score"": 84}}}",three_terminal_structured,,,881.0,250.0
114,417,233,684,,,,,,,"[""D"", ""D"", ""G""]","[""16.1:D"", ""16.2:D"", ""16.3:G""]","[""16.1:t2"", ""16.2:t3"", ""16.3:t1""]",4,,,,,,,,,,,,False,,N1,,,,,,,,,[12],,3,,,,,N1,1,net:4:N1,Net,755,,,,,,,,,,,,,,12,,,,,,,,,
24,966,84,156,,,,,,,"[""S"", ""S"", ""S""]","[""16.2:S"", ""16.4:S"", ""16.6:S""]","[""16.2:t2"", ""16.4:t2"", ""16.6:t2""]",4,,,,,,,,,,,,False,,N2,,,,,,,,,[4],,3,,,,,N2,2,net:4:N2,Net,1149,,,,,,,,,,,,,,4,,,,,,,,,
24,967,751,995,,,,,,,"[""S"", ""S""]","[""16.1:S"", ""16.5:S"", ""22.1:t2"", ""9.1:t1""]","[""16.1:t3"", ""16.5:t3"", ""22.1:t2"", ""9.1:t1""]",4,,,,,,,,,,,,False,,N3,,,,,,,,,[45],,4,,,,,N3,3,net:4:N3,Net,1451,,,,,,,,,,,,,,45,,,,,,,,,
195,802,616,798,,,,,,,"[""G"", ""S"", ""G""]","[""16.1:G"", ""16.3:S"", ""16.5:G"", ""22.1:t1""]","[""16.1:t1"", ""16.3:t3"", ""16.5:t1"", ""22.1:t1""]",4,,,,,,,,,,,,False,,N4,,,,,,,,,[40],,4,,,,,N4,4,net:4:N4,Net,790,,,,,,,,,,,,,,40,,,,,,,,,
196,802,189,544,,,,,,,"[""G"", ""D"", ""G"", ""D"", ""G""]","[""16.2:G"", ""16.3:D"", ""16.4:G"", ""16.4:D"", ""16.6:G""]","[""16.2:t1"", ""16.3:t2"", ""16.4:t1"", ""16.4:t3"", ""16.6:t1""]",4,,,,,,,,,,,,False,,N5,,,,,,,,,[8],,5,,,,,N5,5,net:4:N5,Net,1209,,,,,,,,,,,,,,8,,,,,,,,,
879,882,234,342,,,,,,,"[""D""]","[""16.6:D""]","[""16.6:t3""]",4,,,,,,,,,,,,False,,N6,,,,,,,,,[13],,1,,,,,N6,6,net:4:N6,Net,109,,,,,,,,,,,,,,13,,,,,,,,,
880,881,563,679,,,,,,,"[""D""]","[""16.5:D""]","[""16.5:t2""]",4,,,,,,,,,,,,False,,N7,,,,,,,,,[30],,1,,,,,N7,7,net:4:N7,Net,117,,,,,,,,,,,,,,30,,,,,,,,,
,,,,,,,,,,,,,5,,,,,1024,5.jpg,C:\Users\m.profilo\Desktop\tesi_diagrams_yolo\data\batch_v7_npn_transistor_mosfet\5.jpg,1024,,,,,,5,,,,,,,,,,13,,25,6,,25,,,diagram:5,Diagram,,,,,,,,,,,,,,06_match_terminals_to_nets,,,,,,,,,,
23.4,55.29,924.57,956.11,26,Terminal,,,,0.5732,,,,5,,,,right,,,,,,,26.1,,,26.1,,,,,,,,,,,,,,1,,,,component:5:26.1,Component,,,,,,,,,,,,,,,,variable_terminal,,,,,True,True,,
22.91,56.6,341.96,379.84,26,Terminal,,,,0.6667,,,,5,,,,right,,,,,,,26.2,,,26.2,,,,,,,,,,,,,,1,,,,component:5:26.2,Component,,,,,,,,,,,,,,,,variable_terminal,,,,,True,True,,
170.68,230.12,412.97,495.2,22,Resistor,,,,0.8539,,,,5,,,,vertical,,,,,,,22.1,,,22.1,,,,,,,,,,,,,,2,,,,component:5:22.1,Component,,,,,,,,,,,,,,,,two_terminal,,,,,True,True,,
186.89,277.37,612.47,750.23,18,NPN_Transistor,,,,0.8998,,,,5,,,,right,,,,,,,18.1,,,18.1,,,,,,,,,,,,,,3,,,,component:5:18.1,Component,,,,,,,,,,,,,,,,three_terminal,,,,,True,True,,
482.75,567.86,614.64,748.38,18,NPN_Transistor,,,,0.8605,,,,5,,,,left,,,,,,,18.2,,,18.2,,,,,,,,,,,,,,3,,,,component:5:18.2,Component,,,,,,,,,,,,,,,,three_terminal,,,,,True,True,,
527.19,586.3,412.36,495.28,22,Resistor,,,,0.86,,,,5,,,,vertical,,,,,,,22.2,,,22.2,,,,,,,,,,,,,,2,,,,component:5:22.2,Component,,,,,,,,,,,,,,,,two_terminal,,,,,True,True,,
526.19,587.8,799.72,888.01,22,Resistor,,,,0.8363,,,,5,,,,vertical,,,,,,,22.3,,,22.3,,,,,,,,,,,,,,2,,,,component:5:22.3,Component,,,,,,,,,,,,,,,,two_terminal,,,,,True,True,,
602.1,692.87,160.97,302.85,18,NPN_Transistor,,,,0.8836,,,,5,,,,right,,,,,,,18.3,,,18.3,,,,,,,,,,,,,,3,,,,component:5:18.3,Component,,,,,,,,,,,,,,,,three_terminal,,,,,True,True,,
659.81,732.43,979.54,1022.36,9,GND,,,,0.7767,,,,5,,,top,up,,,,,,,9.1,,,9.1,,,,,,,,,,,,,,1,,,,component:5:9.1,Component,,,,,,,,,,,,,,,,one_terminal,,,,,True,True,,
760.5,847.71,489.91,623.72,18,NPN_Transistor,,,,0.8178,,,,5,,,,left,,,,,,,18.4,,,18.4,,,,,,,,,,,,,,3,,,,component:5:18.4,Component,,,,,,,,,,,,,,,,three_terminal,,,,,True,True,,
795.22,876.41,129.9,201.58,6,Current_Source,,,,0.8938,,,,5,,,,vertical,,,,,,,6.1,,,6.1,,,,,,,,,,,,,,2,,,,component:5:6.1,Component,,,,,,,,,,,,,,,,two_terminal,,,,,True,True,,
914.21,944.83,920.95,957.44,26,Terminal,,,,0.5977,,,,5,,,,left,,,,,,,26.3,,,26.3,,,,,,,,,,,,,,1,,,,component:5:26.3,Component,,,,,,,,,,,,,,,,variable_terminal,,,,,True,True,,
912.96,947.03,343.44,382.08,26,Terminal,,,,0.5892,,,,5,,,,left,,,,,,,26.4,,,26.4,,,,,,,,,,,,,,1,,,,component:5:26.4,Component,,,,,,,,,,,,,,,,variable_terminal,,,,,True,True,,
,,,,,,26,Terminal,component:5:26.1,,,,,5,t1,26.1:t1,,right,,,,,,,26.1,,False,26.1:t1,ok,0.0,matched_preferred,[],N3,,3,False,,,,,,,,,,terminal:5:26.1:t1,Terminal,,,False,N3,3,right,directional,directional_primary,"[54, 934, 78, 947]",,,59,940,,,,26.1:t1,t1,"{""point_mode"": ""bbox_side_center"", ""anchor_offset_ratio"": 0.5}",bbox_side_center,,,59.29,940.34
,,,,,,26,Terminal,component:5:26.2,,,,,5,t1,26.2:t1,,right,,,,,,,26.2,,False,26.2:t1,ok,3.0,matched_preferred,[],N2,,2,False,,,,,,,,,,terminal:5:26.2:t1,Terminal,,,False,N2,2,right,directional,directional_primary,"[56, 355, 80, 368]",,,61,364,,,,26.2:t1,t1,"{""point_mode"": ""bbox_side_center"", ""anchor_offset_ratio"": 0.5}",bbox_side_center,,,60.6,360.9
,,,,,,22,Resistor,component:5:22.1,,,,,5,t1,22.1:t1,,vertical,,,,,,,22.1,,False,22.1:t1,ok,0.0,matched_preferred,[],N2,,2,False,,,,,,,,,,terminal:5:22.1:t1,Terminal,,,False,N2,2,top,directional,directional_primary,"[194, 391, 207, 415]",,,200,409,,,,22.1:t1,t1,"{""point_mode"": ""bbox_side_center"", ""anchor_offset_ratio"": 0.5}",bbox_side_center,,,200.4,408.97
,,,,,,22,Resistor,component:5:22.1,,,,,5,t2,22.1:t2,,vertical,,,,,,,22.1,,False,22.1:t2,ok,0.0,matched_preferred,[],N1,,1,False,,,,,,,,,,terminal:5:22.1:t2,Terminal,,,False,N1,1,bottom,directional,directional_primary,"[194, 494, 207, 518]",,,200,499,,,,22.1:t2,t2,"{""point_mode"": ""bbox_side_center"", ""anchor_offset_ratio"": 0.5}",bbox_side_center,,,200.4,499.2
,,,,,,18,NPN_Transistor,component:5:18.1,,,,,5,B,18.1:B,,right,,,,,,,18.1,,False,18.1:B,ok,0.0,matched_preferred,[],N1,,1,False,,,,,,,,,,terminal:5:18.1:t1,Terminal,,,False,N1,1,right,directional,directional_primary,"[276, 673, 300, 686]",18.1:B,B,281,679,,,,18.1:t1,t1,"{""point_mode"": ""three_terminal_structured"", ""scan_axis"": ""y"", ""relative_position"": ""right"", ""scan_start"": 646, ""scan_end"": 716, ""scan_margin"": 11, ""probe_halfspan"": 6, ""probe_out_len"": 12, ""probe_inset"": 1, ""peak_coord"": 679, ""anchor_offset_ratio"": 0.4855, ""max_score"": 70, ""keep_threshold"": 60, ""selected_run_start"": 29, ""selected_run_end"": 37, ""selected_run_length"": 9, ""selected_run_score"": 70, ""three_terminal_role"": ""single_side_terminal"", ""three_terminal_orientation"": ""right""}",three_terminal_structured,,,281.0,679.0
,,,,,,18,NPN_Transistor,component:5:18.1,,,,,5,C,18.1:C,,right,,,,,,,18.1,,False,18.1:C,ok,1.0,matched_preferred,[],N1,,1,False,,,,,,,,,,terminal:5:18.1:t2,Terminal,,,False,N1,1,top,directional,directional_primary,"[195, 590, 208, 614]",18.1:C,C,200,608,,,,18.1:t2,t2,"{""point_mode"": ""three_terminal_structured"", ""scan_axis"": ""x"", ""relative_position"": ""top"", ""scan_start"": 191, ""scan_end"": 230, ""scan_margin"": 7, ""probe_halfspan"": 6, ""probe_out_len"": 12, ""probe_inset"": 1, ""peak_coord"": 201, ""anchor_offset_ratio"": 0.1556, ""max_score"": 84, ""keep_threshold"": 71, ""selected_run_start"": 6, ""selected_run_end"": 13, ""selected_run_length"": 8, ""selected_run_score"": 84, ""three_terminal_role"": ""orthogonal_pair_terminal"", ""three_terminal_orientation"": ""right"", ""three_terminal_pair_bias"": ""opposite_side"", ""three_terminal_pair_bias_debug"": {""top"": {""local_score"": 105.0, ""point_mode"": ""side_peak_outside"", ""scan_axis"": ""x"", ""relative_position"": ""top"", ""scan_start"": 191, ""scan_end"": 230, ""scan_margin"": 7, ""probe_halfspan"": 6, ""probe_out_len"": 12, ""probe_inset"": 1, ""peak_coord"": 201, ""anchor_offset_ratio"": 0.1556, ""max_score"": 84, ""keep_threshold"": 71, ""selected_run_start"": 6, ""selected_run_end"": 13, ""selected_run_length"": 8, ""selected_run_score"": 84}, ""bottom"": {""local_score"": 105.0, ""point_mode"": ""side_peak_outside"", ""scan_axis"": ""x"", ""relative_position"": ""bottom"", ""scan_start"": 191, ""scan_end"": 230, ""scan_margin"": 7, ""probe_halfspan"": 6, ""probe_out_len"": 12, ""probe_inset"": 1, ""peak_coord"": 201, ""anchor_offset_ratio"": 0.1556, ""max_score"": 84, ""keep_threshold"": 71, ""selected_run_start"": 6, ""selected_run_end"": 13, ""selected_run_length"": 8, ""selected_run_score"": 84}}}",three_terminal_structured,,,201.0,608.0
,,,,,,18,NPN_Transistor,component:5:18.1,,,,,5,E,18.1:E,,right,,,,,,,18.1,,False,18.1:E,ok,1.0,matched_preferred,[],N3,,3,False,,,,,,,,,,terminal:5:18.1:t3,Terminal,,,False,N3,3,bottom,directional,directional_primary,"[195, 749, 208, 773]",18.1:E,E,200,754,,,,18.1:t3,t3,"{""point_mode"": ""three_terminal_structured"", ""scan_axis"": ""x"", ""relative_position"": ""bottom"", ""scan_start"": 191, ""scan_end"": 230, ""scan_margin"": 7, ""probe_halfspan"": 6, ""probe_out_len"": 12, ""probe_inset"": 1, ""peak_coord"": 201, ""anchor_offset_ratio"": 0.1556, ""max_score"": 84, ""keep_threshold"": 71, ""selected_run_start"": 6, ""selected_run_end"": 13, ""selected_run_length"": 8, ""selected_run_score"": 84, ""three_terminal_role"": ""orthogonal_pair_terminal"", ""three_terminal_orientation"": ""right"", ""three_terminal_pair_bias"": ""opposite_side"", ""three_terminal_pair_bias_debug"": {""top"": {""local_score"": 105.0, ""point_mode"": ""side_peak_outside"", ""scan_axis"": ""x"", ""relative_position"": ""top"", ""scan_start"": 191, ""scan_end"": 230, ""scan_margin"": 7, ""probe_halfspan"": 6, ""probe_out_len"": 12, ""probe_inset"": 1, ""peak_coord"": 201, ""anchor_offset_ratio"": 0.1556, ""max_score"": 84, ""keep_threshold"": 71, ""selected_run_start"": 6, ""selected_run_end"": 13, ""selected_run_length"": 8, ""selected_run_score"": 84}, ""bottom"": {""local_score"": 105.0, ""point_mode"": ""side_peak_outside"", ""scan_axis"": ""x"", ""relative_position"": ""bottom"", ""scan_start"": 191, ""scan_end"": 230, ""scan_margin"": 7, ""probe_halfspan"": 6, ""probe_out_len"": 12, ""probe_inset"": 1, ""peak_coord"": 201, ""anchor_offset_ratio"": 0.1556, ""max_score"": 84, ""keep_threshold"": 71, ""selected_run_start"": 6, ""selected_run_end"": 13, ""selected_run_length"": 8, ""selected_run_score"": 84}}}",three_terminal_structured,,,201.0,754.0
,,,,,,18,NPN_Transistor,component:5:18.2,,,,,5,B,18.2:B,,left,,,,,,,18.2,,False,18.2:B,ok,0.0,matched_preferred,[],N1,,1,False,,,,,,,,,,terminal:5:18.2:t1,Terminal,,,False,N1,1,left,directional,directional_primary,"[461, 673, 485, 686]",18.2:B,B,479,679,,,,18.2:t1,t1,"{""point_mode"": ""three_terminal_structured"", ""scan_axis"": ""y"", ""relative_position"": ""left"", ""scan_start"": 648, ""scan_end"": 715, ""scan_margin"": 11, ""probe_halfspan"": 6, ""probe_out_len"": 12, ""probe_inset"": 1, ""peak_coord"": 679, ""anchor_offset_ratio"": 0.4812, ""max_score"": 70, ""keep_threshold"": 60, ""selected_run_start"": 27, ""selected_run_end"": 35, ""selected_run_length"": 9, ""selected_run_score"": 70, ""three_terminal_role"": ""single_side_terminal"", ""three_terminal_orientation"": ""left""}",three_terminal_structured,,,479.0,679.0
,,,,,,18,NPN_Transistor,component:5:18.2,,,,,5,C,18.2:C,,left,,,,,,,18.2,,False,18.2:C,ok,0.0,matched_preferred,[],N5,,5,False,,,,,,,,,,terminal:5:18.2:t2,Terminal,,,False,N5,5,top,directional,directional_primary,"[551, 593, 564, 617]",18.2:C,C,557,611,,,,18.2:t2,t2,"{""point_mode"": ""three_terminal_structured"", ""scan_axis"": ""x"", ""relative_position"": ""top"", ""scan_start"": 527, ""scan_end"": 565, ""scan_margin"": 7, ""probe_halfspan"": 6, ""probe_out_len"": 12, ""probe_inset"": 1, ""peak_coord"": 557, ""anchor_offset_ratio"": 0.8706, ""max_score"": 84, ""keep_threshold"": 71, ""selected_run_start"": 27, ""selected_run_end"": 34, ""selected_run_length"": 8, ""selected_run_score"": 84, ""three_terminal_role"": ""orthogonal_pair_terminal"", ""three_terminal_orientation"": ""left"", ""three_terminal_pair_bias"": ""opposite_side"", ""three_terminal_pair_bias_debug"": {""top"": {""local_score"": 105.0, ""point_mode"": ""side_peak_outside"", ""scan_axis"": ""x"", ""relative_position"": ""top"", ""scan_start"": 527, ""scan_end"": 565, ""scan_margin"": 7, ""probe_halfspan"": 6, ""probe_out_len"": 12, ""probe_inset"": 1, ""peak_coord"": 557, ""anchor_offset_ratio"": 0.8706, ""max_score"": 84, ""keep_threshold"": 71, ""selected_run_start"": 27, ""selected_run_end"": 34, ""selected_run_length"": 8, ""selected_run_score"": 84}, ""bottom"": {""local_score"": 105.0, ""point_mode"": ""side_peak_outside"", ""scan_axis"": ""x"", ""relative_position"": ""bottom"", ""scan_start"": 527, ""scan_end"": 565, ""scan_margin"": 7, ""probe_halfspan"": 6, ""probe_out_len"": 12, ""probe_inset"": 1, ""peak_coord"": 557, ""anchor_offset_ratio"": 0.8706, ""max_score"": 84, ""keep_threshold"": 71, ""selected_run_start"": 27, ""selected_run_end"": 34, ""selected_run_length"": 8, ""selected_run_score"": 84}}}",three_terminal_structured,,,557.0,611.0
,,,,,,18,NPN_Transistor,component:5:18.2,,,,,5,E,18.2:E,,left,,,,,,,18.2,,False,18.2:E,ok,0.0,matched_preferred,[],N4,,4,False,,,,,,,,,,terminal:5:18.2:t3,Terminal,,,False,N4,4,bottom,directional,directional_primary,"[551, 747, 564, 771]",18.2:E,E,557,752,,,,18.2:t3,t3,"{""point_mode"": ""three_terminal_structured"", ""scan_axis"": ""x"", ""relative_position"": ""bottom"", ""scan_start"": 527, ""scan_end"": 565, ""scan_margin"": 7, ""probe_halfspan"": 6, ""probe_out_len"": 12, ""probe_inset"": 1, ""peak_coord"": 557, ""anchor_offset_ratio"": 0.8706, ""max_score"": 84, ""keep_threshold"": 71, ""selected_run_start"": 27, ""selected_run_end"": 34, ""selected_run_length"": 8, ""selected_run_score"": 84, ""three_terminal_role"": ""orthogonal_pair_terminal"", ""three_terminal_orientation"": ""left"", ""three_terminal_pair_bias"": ""opposite_side"", ""three_terminal_pair_bias_debug"": {""top"": {""local_score"": 105.0, ""point_mode"": ""side_peak_outside"", ""scan_axis"": ""x"", ""relative_position"": ""top"", ""scan_start"": 527, ""scan_end"": 565, ""scan_margin"": 7, ""probe_halfspan"": 6, ""probe_out_len"": 12, ""probe_inset"": 1, ""peak_coord"": 557, ""anchor_offset_ratio"": 0.8706, ""max_score"": 84, ""keep_threshold"": 71, ""selected_run_start"": 27, ""selected_run_end"": 34, ""selected_run_length"": 8, ""selected_run_score"": 84}, ""bottom"": {""local_score"": 105.0, ""point_mode"": ""side_peak_outside"", ""scan_axis"": ""x"", ""relative_position"": ""bottom"", ""scan_start"": 527, ""scan_end"": 565, ""scan_margin"": 7, ""probe_halfspan"": 6, ""probe_out_len"": 12, ""probe_inset"": 1, ""peak_coord"": 557, ""anchor_offset_ratio"": 0.8706, ""max_score"": 84, ""keep_threshold"": 71, ""selected_run_start"": 27, ""selected_run_end"": 34, ""selected_run_length"": 8, ""selected_run_score"": 84}}}",three_terminal_structured,,,557.0,752.0
,,,,,,22,Resistor,component:5:22.2,,,,,5,t1,22.2:t1,,vertical,,,,,,,22.2,,False,22.2:t1,ok,0.0,matched_preferred,[],N2,,2,False,,,,,,,,,,terminal:5:22.2:t1,Terminal,,,False,N2,2,top,directional,directional_primary,"[551, 390, 564, 414]",,,557,408,,,,22.2:t1,t1,"{""point_mode"": ""bbox_side_center"", ""anchor_offset_ratio"": 0.5001}",bbox_side_center,,,556.75,408.36
,,,,,,22,Resistor,component:5:22.2,,,,,5,t2,22.2:t2,,vertical,,,,,,,22.2,,False,22.2:t2,ok,0.0,matched_preferred,[],N5,,5,False,,,,,,,,,,terminal:5:22.2:t2,Terminal,,,False,N5,5,bottom,directional,directional_primary,"[551, 494, 564, 518]",,,557,499,,,,22.2:t2,t2,"{""point_mode"": ""bbox_side_center"", ""anchor_offset_ratio"": 0.5001}",bbox_side_center,,,556.75,499.28
,,,,,,22,Resistor,component:5:22.3,,,,,5,t1,22.3:t1,,vertical,,,,,,,22.3,,False,22.3:t1,ok,0.0,matched_preferred,[],N4,,4,False,,,,,,,,,,terminal:5:22.3:t1,Terminal,,,False,N4,4,top,directional,directional_primary,"[551, 778, 564, 802]",,,557,796,,,,22.3:t1,t1,"{""point_mode"": ""bbox_side_center"", ""anchor_offset_ratio"": 0.5001}",bbox_side_center,,,557.0,795.72
,,,,,,22,Resistor,component:5:22.3,,,,,5,t2,22.3:t2,,vertical,,,,,,,22.3,,False,22.3:t2,ok,0.0,matched_preferred,[],N3,,3,False,,,,,,,,,,terminal:5:22.3:t2,Terminal,,,False,N3,3,bottom,directional,directional_primary,"[551, 887, 564, 911]",,,557,892,,,,22.3:t2,t2,"{""point_mode"": ""bbox_side_center"", ""anchor_offset_ratio"": 0.5001}",bbox_side_center,,,557.0,892.01
,,,,,,18,NPN_Transistor,component:5:18.3,,,,,5,B,18.3:B,,right,,,,,,,18.3,,False,18.3:B,ok,0.0,matched_preferred,[],N2,,2,False,,,,,,,,,,terminal:5:18.3:t1,Terminal,,,False,N2,2,right,directional,directional_primary,"[692, 226, 716, 239]",18.3:B,B,697,232,,,,18.3:t1,t1,"{""point_mode"": ""three_terminal_structured"", ""scan_axis"": ""y"", ""relative_position"": ""right"", ""scan_start"": 196, ""scan_end"": 268, ""scan_margin"": 11, ""probe_halfspan"": 6, ""probe_out_len"": 12, ""probe_inset"": 1, ""peak_coord"": 232, ""anchor_offset_ratio"": 0.5, ""max_score"": 70, ""keep_threshold"": 60, ""selected_run_start"": 32, ""selected_run_end"": 40, ""selected_run_length"": 9, ""selected_run_score"": 70, ""three_terminal_role"": ""single_side_terminal"", ""three_terminal_orientation"": ""right""}",three_terminal_structured,,,697.0,232.0
,,,,,,18,NPN_Transistor,component:5:18.3,,,,,5,C,18.3:C,,right,,,,,,,18.3,,False,18.3:C,ok,0.0,matched_preferred,[],N6,,6,False,,,,,,,,,,terminal:5:18.3:t2,Terminal,,,False,N6,6,top,directional,directional_primary,"[611, 139, 624, 163]",18.3:C,C,617,157,,,,18.3:t2,t2,"{""point_mode"": ""three_terminal_structured"", ""scan_axis"": ""x"", ""relative_position"": ""top"", ""scan_start"": 606, ""scan_end"": 646, ""scan_margin"": 7, ""probe_halfspan"": 6, ""probe_out_len"": 12, ""probe_inset"": 1, ""peak_coord"": 617, ""anchor_offset_ratio"": 0.1648, ""max_score"": 70, ""keep_threshold"": 60, ""selected_run_start"": 7, ""selected_run_end"": 15, ""selected_run_length"": 9, ""selected_run_score"": 70, ""three_terminal_role"": ""orthogonal_pair_terminal"", ""three_terminal_orientation"": ""right"", ""three_terminal_pair_bias"": ""opposite_side"", ""three_terminal_pair_bias_debug"": {""top"": {""local_score"": 87.5, ""point_mode"": ""side_peak_outside"", ""scan_axis"": ""x"", ""relative_position"": ""top"", ""scan_start"": 606, ""scan_end"": 646, ""scan_margin"": 7, ""probe_halfspan"": 6, ""probe_out_len"": 12, ""probe_inset"": 1, ""peak_coord"": 617, ""anchor_offset_ratio"": 0.1648, ""max_score"": 70, ""keep_threshold"": 60, ""selected_run_start"": 7, ""selected_run_end"": 15, ""selected_run_length"": 9, ""selected_run_score"": 70}, ""bottom"": {""local_score"": 87.5, ""point_mode"": ""side_peak_outside"", ""scan_axis"": ""x"", ""relative_position"": ""bottom"", ""scan_start"": 606, ""scan_end"": 646, ""scan_margin"": 7, ""probe_halfspan"": 6, ""probe_out_len"": 12, ""probe_inset"": 1, ""peak_coord"": 617, ""anchor_offset_ratio"": 0.1648, ""max_score"": 70, ""keep_threshold"": 60, ""selected_run_start"": 7, ""selected_run_end"": 15, ""selected_run_length"": 9, ""selected_run_score"": 70}}}",three_terminal_structured,,,617.0,157.0
,,,,,,18,NPN_Transistor,component:5:18.3,,,,,5,E,18.3:E,,right,,,,,,,18.3,,False,18.3:E,ok,0.0,matched_preferred,[],N2,,2,False,,,,,,,,,,terminal:5:18.3:t3,Terminal,,,False,N2,2,bottom,directional,directional_primary,"[611, 302, 624, 326]",18.3:E,E,617,307,,,,18.3:t3,t3,"{""point_mode"": ""three_terminal_structured"", ""scan_axis"": ""x"", ""relative_position"": ""bottom"", ""scan_start"": 606, ""scan_end"": 646, ""scan_margin"": 7, ""probe_halfspan"": 6, ""probe_out_len"": 12, ""probe_inset"": 1, ""peak_coord"": 617, ""anchor_offset_ratio"": 0.1648, ""max_score"": 70, ""keep_threshold"": 60, ""selected_run_start"": 7, ""selected_run_end"": 15, ""selected_run_length"": 9, ""selected_run_score"": 70, ""three_terminal_role"": ""orthogonal_pair_terminal"", ""three_terminal_orientation"": ""right"", ""three_terminal_pair_bias"": ""opposite_side"", ""three_terminal_pair_bias_debug"": {""top"": {""local_score"": 87.5, ""point_mode"": ""side_peak_outside"", ""scan_axis"": ""x"", ""relative_position"": ""top"", ""scan_start"": 606, ""scan_end"": 646, ""scan_margin"": 7, ""probe_halfspan"": 6, ""probe_out_len"": 12, ""probe_inset"": 1, ""peak_coord"": 617, ""anchor_offset_ratio"": 0.1648, ""max_score"": 70, ""keep_threshold"": 60, ""selected_run_start"": 7, ""selected_run_end"": 15, ""selected_run_length"": 9, ""selected_run_score"": 70}, ""bottom"": {""local_score"": 87.5, ""point_mode"": ""side_peak_outside"", ""scan_axis"": ""x"", ""relative_position"": ""bottom"", ""scan_start"": 606, ""scan_end"": 646, ""scan_margin"": 7, ""probe_halfspan"": 6, ""probe_out_len"": 12, ""probe_inset"": 1, ""peak_coord"": 617, ""anchor_offset_ratio"": 0.1648, ""max_score"": 70, ""keep_threshold"": 60, ""selected_run_start"": 7, ""selected_run_end"": 15, ""selected_run_length"": 9, ""selected_run_score"": 70}}}",three_terminal_structured,,,617.0,307.0
,,,,,,9,GND,component:5:9.1,,,,,5,t1,9.1:t1,top,up,,,,,,,9.1,,False,9.1:t1,ok,0.0,matched_preferred,[],N3,,3,False,,,,,,,,,,terminal:5:9.1:t1,Terminal,,,False,N3,3,top,directional,directional_primary,"[690, 958, 703, 982]",,,696,976,,,,9.1:t1,t1,"{""point_mode"": ""side_peak_outside"", ""scan_axis"": ""x"", ""relative_position"": ""top"", ""scan_start"": 666, ""scan_end"": 726, ""scan_margin"": 6, ""probe_halfspan"": 5, ""probe_out_len"": 12, ""probe_inset"": 1, ""peak_coord"": 696, ""anchor_offset_ratio"": 0.5, ""max_score"": 84, ""keep_threshold"": 71, ""selected_run_start"": 28, ""selected_run_end"": 33, ""selected_run_length"": 6, ""selected_run_score"": 84}",two_terminal_side_peak,,,696.0,976.0
,,,,,,18,NPN_Transistor,component:5:18.4,,,,,5,B,18.4:B,,left,,,,,,,18.4,,False,18.4:B,ok,0.0,matched_preferred,[],N5,,5,False,,,,,,,,,,terminal:5:18.4:t1,Terminal,,,False,N5,5,left,directional,directional_primary,"[738, 548, 762, 561]",18.4:B,B,756,554,,,,18.4:t1,t1,"{""point_mode"": ""three_terminal_structured"", ""scan_axis"": ""y"", ""relative_position"": ""left"", ""scan_start"": 524, ""scan_end"": 590, ""scan_margin"": 11, ""probe_halfspan"": 6, ""probe_out_len"": 12, ""probe_inset"": 1, ""peak_coord"": 554, ""anchor_offset_ratio"": 0.4776, ""max_score"": 56, ""keep_threshold"": 48, ""selected_run_start"": 26, ""selected_run_end"": 35, ""selected_run_length"": 10, ""selected_run_score"": 56, ""three_terminal_role"": ""single_side_terminal"", ""three_terminal_orientation"": ""left""}",three_terminal_structured,,,756.0,554.0
,,,,,,18,NPN_Transistor,component:5:18.4,,,,,5,C,18.4:C,,left,,,,,,,18.4,,False,18.4:C,ok,0.0,matched_preferred,[],N2,,2,False,,,,,,,,,,terminal:5:18.4:t2,Terminal,,,False,N2,2,top,directional,directional_primary,"[829, 468, 842, 492]",18.4:C,C,835,486,,,,18.4:t2,t2,"{""point_mode"": ""three_terminal_structured"", ""scan_axis"": ""x"", ""relative_position"": ""top"", ""scan_start"": 806, ""scan_end"": 844, ""scan_margin"": 7, ""probe_halfspan"": 6, ""probe_out_len"": 12, ""probe_inset"": 1, ""peak_coord"": 835, ""anchor_offset_ratio"": 0.8523, ""max_score"": 72, ""keep_threshold"": 61, ""selected_run_start"": 25, ""selected_run_end"": 33, ""selected_run_length"": 9, ""selected_run_score"": 72, ""three_terminal_role"": ""orthogonal_pair_terminal"", ""three_terminal_orientation"": ""left"", ""three_terminal_pair_bias"": ""opposite_side"", ""three_terminal_pair_bias_debug"": {""top"": {""local_score"": 90.0, ""point_mode"": ""side_peak_outside"", ""scan_axis"": ""x"", ""relative_position"": ""top"", ""scan_start"": 806, ""scan_end"": 844, ""scan_margin"": 7, ""probe_halfspan"": 6, ""probe_out_len"": 12, ""probe_inset"": 1, ""peak_coord"": 835, ""anchor_offset_ratio"": 0.8523, ""max_score"": 72, ""keep_threshold"": 61, ""selected_run_start"": 25, ""selected_run_end"": 33, ""selected_run_length"": 9, ""selected_run_score"": 72}, ""bottom"": {""local_score"": 87.5, ""point_mode"": ""side_peak_outside"", ""scan_axis"": ""x"", ""relative_position"": ""bottom"", ""scan_start"": 806, ""scan_end"": 844, ""scan_margin"": 7, ""probe_halfspan"": 6, ""probe_out_len"": 12, ""probe_inset"": 1, ""peak_coord"": 835, ""anchor_offset_ratio"": 0.8523, ""max_score"": 70, ""keep_threshold"": 60, ""selected_run_start"": 25, ""selected_run_end"": 33, ""selected_run_length"": 9, ""selected_run_score"": 70}}}",three_terminal_structured,,,835.0,486.0
,,,,,,18,NPN_Transistor,component:5:18.4,,,,,5,E,18.4:E,,left,,,,,,,18.4,,False,18.4:E,ok,0.0,matched_preferred,[],N3,,3,False,,,,,,,,,,terminal:5:18.4:t3,Terminal,,,False,N3,3,bottom,directional,directional_primary,"[829, 623, 842, 647]",18.4:E,E,835,628,,,,18.4:t3,t3,"{""point_mode"": ""three_terminal_structured"", ""scan_axis"": ""x"", ""relative_position"": ""bottom"", ""scan_start"": 806, ""scan_end"": 844, ""scan_margin"": 7, ""probe_halfspan"": 6, ""probe_out_len"": 12, ""probe_inset"": 1, ""peak_coord"": 835, ""anchor_offset_ratio"": 0.8523, ""max_score"": 70, ""keep_threshold"": 60, ""selected_run_start"": 25, ""selected_run_end"": 33, ""selected_run_length"": 9, ""selected_run_score"": 70, ""three_terminal_role"": ""orthogonal_pair_terminal"", ""three_terminal_orientation"": ""left"", ""three_terminal_pair_bias"": ""opposite_side"", ""three_terminal_pair_bias_debug"": {""top"": {""local_score"": 90.0, ""point_mode"": ""side_peak_outside"", ""scan_axis"": ""x"", ""relative_position"": ""top"", ""scan_start"": 806, ""scan_end"": 844, ""scan_margin"": 7, ""probe_halfspan"": 6, ""probe_out_len"": 12, ""probe_inset"": 1, ""peak_coord"": 835, ""anchor_offset_ratio"": 0.8523, ""max_score"": 72, ""keep_threshold"": 61, ""selected_run_start"": 25, ""selected_run_end"": 33, ""selected_run_length"": 9, ""selected_run_score"": 72}, ""bottom"": {""local_score"": 87.5, ""point_mode"": ""side_peak_outside"", ""scan_axis"": ""x"", ""relative_position"": ""bottom"", ""scan_start"": 806, ""scan_end"": 844, ""scan_margin"": 7, ""probe_halfspan"": 6, ""probe_out_len"": 12, ""probe_inset"": 1, ""peak_coord"": 835, ""anchor_offset_ratio"": 0.8523, ""max_score"": 70, ""keep_threshold"": 60, ""selected_run_start"": 25, ""selected_run_end"": 33, ""selected_run_length"": 9, ""selected_run_score"": 70}}}",three_terminal_structured,,,835.0,628.0
,,,,,,6,Current_Source,component:5:6.1,,,,,5,t1,6.1:t1,,vertical,,,,,,,6.1,,False,6.1:t1,ok,1.0,matched_preferred,[],N6,,6,False,,,,,,,,,,terminal:5:6.1:t1,Terminal,,,False,N6,6,top,directional,directional_primary,"[828, 104, 845, 133]",,,835,126,,,,6.1:t1,t1,"{""point_mode"": ""bbox_side_center"", ""anchor_offset_ratio"": 0.5001}",bbox_side_center,,,835.82,125.9
,,,,,,6,Current_Source,component:5:6.1,,,,,5,t2,6.1:t2,,vertical,,,,,,,6.1,,False,6.1:t2,ok,1.0,matched_preferred,[],N2,,2,False,,,,,,,,,,terminal:5:6.1:t2,Terminal,,,False,N2,2,bottom,directional,directional_primary,"[828, 200, 845, 229]",,,835,206,,,,6.1:t2,t2,"{""point_mode"": ""bbox_side_center"", ""anchor_offset_ratio"": 0.5001}",bbox_side_center,,,835.82,205.58
,,,,,,26,Terminal,component:5:26.3,,,,,5,t1,26.3:t1,,left,,,,,,,26.3,,False,26.3:t1,ok,1.0,matched_preferred,[],N3,,3,False,,,,,,,,,,terminal:5:26.3:t1,Terminal,,,False,N3,3,left,directional,directional_primary,"[892, 933, 916, 946]",,,910,940,,,,26.3:t1,t1,"{""point_mode"": ""bbox_side_center"", ""anchor_offset_ratio"": 0.5001}",bbox_side_center,,,910.21,939.2
,,,,,,26,Terminal,component:5:26.4,,,,,5,t1,26.4:t1,,left,,,,,,,26.4,,False,26.4:t1,ok,1.0,matched_preferred,[],N2,,2,False,,,,,,,,,,terminal:5:26.4:t1,Terminal,,,False,N2,2,left,directional,directional_primary,"[891, 357, 915, 370]",,,909,364,,,,26.4:t1,t1,"{""point_mode"": ""bbox_side_center"", ""anchor_offset_ratio"": 0.5}",bbox_side_center,,,908.96,362.76
198,495,483,679,,,,,,,"[""B"", ""C"", ""B""]","[""18.1:B"", ""18.1:C"", ""18.2:B"", ""22.1:t2""]","[""18.1:t1"", ""18.1:t2"", ""18.2:t1"", ""22.1:t2""]",5,,,,,,,,,,,,False,,N1,,,,,,,,,[16],,4,,,,,N1,1,net:5:N1,Net,640,,,,,,,,,,,,,,16,,,,,,,,,
45,923,194,499,,,,,,,"[""B"", ""E"", ""C""]","[""18.3:B"", ""18.3:E"", ""18.4:C"", ""22.1:t1"", ""22.2:t1"", ""26.2:t1"", ""26.4:t1"", ""6.1:t2""]","[""18.3:t1"", ""18.3:t3"", ""18.4:t2"", ""22.1:t1"", ""22.2:t1"", ""26.2:t1"", ""26.4:t1"", ""6.1:t2""]",5,,,,,,,,,,,,False,,N2,,,,,,,,,[7],,8,,,,,N2,2,net:5:N2,Net,1541,,,,,,,,,,,,,,7,,,,,,,,,
44,924,612,991,,,,,,,"[""E"", ""E""]","[""18.1:E"", ""18.4:E"", ""22.3:t2"", ""26.1:t1"", ""26.3:t1"", ""9.1:t1""]","[""18.1:t3"", ""18.4:t3"", ""22.3:t2"", ""26.1:t1"", ""26.3:t1"", ""9.1:t1""]",5,,,,,,,,,,,,False,,N3,,,,,,,,,[21],,6,,,,,N3,3,net:5:N3,Net,1533,,,,,,,,,,,,,,21,,,,,,,,,
556,558,736,810,,,,,,,"[""E""]","[""18.2:E"", ""22.3:t1""]","[""18.2:t3"", ""22.3:t1""]",5,,,,,,,,,,,,False,,N4,,,,,,,,,[32],,2,,,,,N4,4,net:5:N4,Net,75,,,,,,,,,,,,,,32,,,,,,,,,
551,772,485,626,,,,,,,"[""C"", ""B""]","[""18.2:C"", ""18.4:B"", ""22.2:t2""]","[""18.2:t2"", ""18.4:t1"", ""22.2:t2""]",5,,,,,,,,,,,,False,,N5,,,,,,,,,[17],,3,,,,,N5,5,net:5:N5,Net,363,,,,,,,,,,,,,,17,,,,,,,,,
570,886,91,173,,,,,,,"[""C""]","[""18.3:C"", ""6.1:t1""]","[""18.3:t2"", ""6.1:t1""]",5,,,,,,,,,,,,False,,N6,,,,,,,,,[4],,2,,,,,N6,6,net:5:N6,Net,453,,,,,,,,,,,,,,4,,,,,,,,,
,,,,,,,,,,,,,6,,,,,1024,6.jpg,C:\Users\m.profilo\Desktop\tesi_diagrams_yolo\data\batch_v7_npn_transistor_mosfet\6.jpg,1024,,,,,,6,,,,,,,,,,18,,32,14,,32,,,diagram:6,Diagram,,,,,,,,,,,,,,06_match_terminals_to_nets,,,,,,,,,,
54.82,81.73,776.08,834.76,26,Terminal,,,,0.6599,,,,6,,,,right,,,,,,,26.1,,,26.1,,,,,,,,,,,,,,1,,,,component:6:26.1,Component,,,,,,,,,,,,,,,,variable_terminal,,,,,True,True,,
106.86,194.34,709.16,892.28,16,Mosfet,,,,0.6753,,,,6,,,,left,,,,,,,16.1,,,16.1,,,,,,,,,,,,,,3,,,,component:6:16.1,Component,,,,,,,,,,,,,,,,three_terminal,,,,,True,True,,
156.63,206.39,958.52,1024.0,9,GND,,,,0.7903,,,,6,,,top,up,,,,,,,9.1,,,9.1,,,,,,,,,,,,,,1,,,,component:6:9.1,Component,,,,,,,,,,,,,,,,one_terminal,,,,,True,True,,
267.43,315.45,459.17,535.67,9,GND,,,,0.8316,,,,6,,,top,up,,,,,,,9.2,,,9.2,,,,,,,,,,,,,,1,,,,component:6:9.2,Component,,,,,,,,,,,,,,,,one_terminal,,,,,True,True,,
245.66,337.34,577.97,683.09,10,Inductor,,,,0.903,,,,6,,,,horizontal,,,,,,,10.1,,,10.1,,,,,,,,,,,,,,2,,,,component:6:10.1,Component,,,,,,,,,,,,,,,,two_terminal,,,,,True,True,,
264.04,321.66,239.77,391.41,22,Resistor,,,,0.8265,,,,6,,,,vertical,,,,,,,22.1,,,22.1,,,,,,,,,,,,,,2,,,,component:6:22.1,Component,,,,,,,,,,,,,,,,two_terminal,,,,,True,True,,
355.05,442.94,77.28,181.46,10,Inductor,,,,0.9098,,,,6,,,,horizontal,,,,,,,10.2,,,10.2,,,,,,,,,,,,,,2,,,,component:6:10.2,Component,,,,,,,,,,,,,,,,two_terminal,,,,,True,True,,
428.71,513.95,211.47,391.6,16,Mosfet,,,,0.8492,,,,6,,,,left,,,,,,,16.2,,,16.2,,,,,,,,,,,,,,3,,,,component:6:16.2,Component,,,,,,,,,,,,,,,,three_terminal,,,,,True,True,,
453.14,551.45,577.0,681.8,10,Inductor,,,,0.9225,,,,6,,,,horizontal,,,,,,,10.3,,,10.3,,,,,,,,,,,,,,2,,,,component:6:10.3,Component,,,,,,,,,,,,,,,,two_terminal,,,,,True,True,,
480.25,528.34,459.69,536.48,9,GND,,,,0.8536,,,,6,,,top,up,,,,,,,9.3,,,9.3,,,,,,,,,,,,,,1,,,,component:6:9.3,Component,,,,,,,,,,,,,,,,one_terminal,,,,,True,True,,
565.8,658.61,75.99,180.95,10,Inductor,,,,0.9383,,,,6,,,,horizontal,,,,,,,10.4,,,10.4,,,,,,,,,,,,,,2,,,,component:6:10.4,Component,,,,,,,,,,,,,,,,two_terminal,,,,,True,True,,
640.93,724.97,215.67,388.7,16,Mosfet,,,,0.8513,,,,6,,,,left,,,,,,,16.3,,,16.3,,,,,,,,,,,,,,3,,,,component:6:16.3,Component,,,,,,,,,,,,,,,,three_terminal,,,,,True,True,,
690.23,740.41,460.3,536.81,9,GND,,,,0.8309,,,,6,,,top,up,,,,,,,9.4,,,9.4,,,,,,,,,,,,,,1,,,,component:6:9.4,Component,,,,,,,,,,,,,,,,one_terminal,,,,,True,True,,
669.92,761.91,574.82,680.71,10,Inductor,,,,0.9091,,,,6,,,,horizontal,,,,,,,10.5,,,10.5,,,,,,,,,,,,,,2,,,,component:6:10.5,Component,,,,,,,,,,,,,,,,two_terminal,,,,,True,True,,
795.49,851.38,738.44,886.25,22,Resistor,,,,0.8278,,,,6,,,,vertical,,,,,,,22.2,,,22.2,,,,,,,,,,,,,,2,,,,component:6:22.2,Component,,,,,,,,,,,,,,,,two_terminal,,,,,True,True,,
798.91,850.05,950.59,1023.41,9,GND,,,,0.8147,,,,6,,,top,up,,,,,,,9.5,,,9.5,,,,,,,,,,,,,,1,,,,component:6:9.5,Component,,,,,,,,,,,,,,,,one_terminal,,,,,True,True,,
777.58,872.3,74.98,180.75,10,Inductor,,,,0.9362,,,,6,,,,horizontal,,,,,,,10.6,,,10.6,,,,,,,,,,,,,,2,,,,component:6:10.6,Component,,,,,,,,,,,,,,,,two_terminal,,,,,True,True,,
926.81,955.39,105.72,157.32,26,Terminal,,,,0.3561,,,,6,,,,left,,,,,,,26.2,,,26.2,,,,,,,,,,,,,,1,,,,component:6:26.2,Component,,,,,,,,,,,,,,,,variable_terminal,,,,,True,True,,
,,,,,,26,Terminal,component:6:26.1,,,,,6,t1,26.1:t1,,right,,,,,,,26.1,,False,26.1:t1,ok,2.0,matched_preferred,[],N1,,1,False,,,,,,,,,,terminal:6:26.1:t1,Terminal,,,False,N1,1,right,directional,directional_primary,"[81, 799, 105, 812]",,,86,803,,,,26.1:t1,t1,"{""point_mode"": ""bbox_side_center"", ""anchor_offset_ratio"": 0.5}",bbox_side_center,,,85.73,805.42
,,,,,,16,Mosfet,component:6:16.1,,,,,6,G,16.1:G,,left,,,,,,,16.1,,False,16.1:G,ok,0.0,matched_preferred,[],N1,,1,False,,,,,,,,,,terminal:6:16.1:t1,Terminal,,,False,N1,1,left,directional,directional_primary,"[85, 797, 109, 810]",16.1:G,G,103,803,,,,16.1:t1,t1,"{""point_mode"": ""three_terminal_structured"", ""scan_axis"": ""y"", ""relative_position"": ""left"", ""scan_start"": 755, ""scan_end"": 846, ""scan_margin"": 15, ""probe_halfspan"": 6, ""probe_out_len"": 12, ""probe_inset"": 1, ""peak_coord"": 803, ""anchor_offset_ratio"": 0.5137, ""max_score"": 126, ""keep_threshold"": 107, ""selected_run_start"": 45, ""selected_run_end"": 51, ""selected_run_length"": 7, ""selected_run_score"": 126, ""three_terminal_role"": ""single_side_terminal"", ""three_terminal_orientation"": ""left""}",three_terminal_structured,,,103.0,803.0
,,,,,,16,Mosfet,component:6:16.1,,,,,6,D,16.1:D,,left,,,,,,,16.1,,False,16.1:D,ok,1.0,matched_preferred,[],N3,,3,False,,,,,,,,,,terminal:6:16.1:t2,Terminal,,,False,N3,3,top,directional,directional_primary,"[177, 687, 190, 711]",16.1:D,D,182,705,,,,16.1:t2,t2,"{""point_mode"": ""three_terminal_structured"", ""scan_axis"": ""x"", ""relative_position"": ""top"", ""scan_start"": 152, ""scan_end"": 191, ""scan_margin"": 7, ""probe_halfspan"": 6, ""probe_out_len"": 12, ""probe_inset"": 1, ""peak_coord"": 183, ""anchor_offset_ratio"": 0.8736, ""max_score"": 70, ""keep_threshold"": 60, ""selected_run_start"": 27, ""selected_run_end"": 35, ""selected_run_length"": 9, ""selected_run_score"": 70, ""three_terminal_role"": ""orthogonal_pair_terminal"", ""three_terminal_orientation"": ""left"", ""three_terminal_pair_bias"": ""opposite_side"", ""three_terminal_pair_bias_debug"": {""top"": {""local_score"": 87.5, ""point_mode"": ""side_peak_outside"", ""scan_axis"": ""x"", ""relative_position"": ""top"", ""scan_start"": 152, ""scan_end"": 191, ""scan_margin"": 7, ""probe_halfspan"": 6, ""probe_out_len"": 12, ""probe_inset"": 1, ""peak_coord"": 183, ""anchor_offset_ratio"": 0.8736, ""max_score"": 70, ""keep_threshold"": 60, ""selected_run_start"": 27, ""selected_run_end"": 35, ""selected_run_length"": 9, ""selected_run_score"": 70}, ""bottom"": {""local_score"": 87.5, ""point_mode"": ""side_peak_outside"", ""scan_axis"": ""x"", ""relative_position"": ""bottom"", ""scan_start"": 152, ""scan_end"": 191, ""scan_margin"": 7, ""probe_halfspan"": 6, ""probe_out_len"": 12, ""probe_inset"": 1, ""peak_coord"": 181, ""anchor_offset_ratio"": 0.8506, ""max_score"": 70, ""keep_threshold"": 60, ""selected_run_start"": 25, ""selected_run_end"": 33, ""selected_run_length"": 9, ""selected_run_score"": 70}}}",three_terminal_structured,,,183.0,705.0
,,,,,,16,Mosfet,component:6:16.1,,,,,6,S,16.1:S,,left,,,,,,,16.1,,False,16.1:S,ok,0.0,matched_preferred,[],N2,,2,False,,,,,,,,,,terminal:6:16.1:t3,Terminal,,,False,N2,2,bottom,directional,directional_primary,"[175, 891, 188, 915]",16.1:S,S,181,896,,,,16.1:t3,t3,"{""point_mode"": ""three_terminal_structured"", ""scan_axis"": ""x"", ""relative_position"": ""bottom"", ""scan_start"": 152, ""scan_end"": 191, ""scan_margin"": 7, ""probe_halfspan"": 6, ""probe_out_len"": 12, ""probe_inset"": 1, ""peak_coord"": 181, ""anchor_offset_ratio"": 0.8506, ""max_score"": 70, ""keep_threshold"": 60, ""selected_run_start"": 25, ""selected_run_end"": 33, ""selected_run_length"": 9, ""selected_run_score"": 70, ""three_terminal_role"": ""orthogonal_pair_terminal"", ""three_terminal_orientation"": ""left"", ""three_terminal_pair_bias"": ""opposite_side"", ""three_terminal_pair_bias_debug"": {""top"": {""local_score"": 87.5, ""point_mode"": ""side_peak_outside"", ""scan_axis"": ""x"", ""relative_position"": ""top"", ""scan_start"": 152, ""scan_end"": 191, ""scan_margin"": 7, ""probe_halfspan"": 6, ""probe_out_len"": 12, ""probe_inset"": 1, ""peak_coord"": 183, ""anchor_offset_ratio"": 0.8736, ""max_score"": 70, ""keep_threshold"": 60, ""selected_run_start"": 27, ""selected_run_end"": 35, ""selected_run_length"": 9, ""selected_run_score"": 70}, ""bottom"": {""local_score"": 87.5, ""point_mode"": ""side_peak_outside"", ""scan_axis"": ""x"", ""relative_position"": ""bottom"", ""scan_start"": 152, ""scan_end"": 191, ""scan_margin"": 7, ""probe_halfspan"": 6, ""probe_out_len"": 12, ""probe_inset"": 1, ""peak_coord"": 181, ""anchor_offset_ratio"": 0.8506, ""max_score"": 70, ""keep_threshold"": 60, ""selected_run_start"": 25, ""selected_run_end"": 33, ""selected_run_length"": 9, ""selected_run_score"": 70}}}",three_terminal_structured,,,181.0,896.0
,,,,,,9,GND,component:6:9.1,,,,,6,t1,9.1:t1,top,up,,,,,,,9.1,,False,9.1:t1,ok,0.0,matched_preferred,[],N2,,2,False,,,,,,,,,,terminal:6:9.1:t1,Terminal,,,False,N2,2,top,directional,directional_primary,"[175, 937, 188, 961]",,,181,955,,,,9.1:t1,t1,"{""point_mode"": ""side_peak_outside"", ""scan_axis"": ""x"", ""relative_position"": ""top"", ""scan_start"": 161, ""scan_end"": 202, ""scan_margin"": 4, ""probe_halfspan"": 6, ""probe_out_len"": 12, ""probe_inset"": 1, ""peak_coord"": 181, ""anchor_offset_ratio"": 0.4898, ""max_score"": 70, ""keep_threshold"": 60, ""selected_run_start"": 16, ""selected_run_end"": 24, ""selected_run_length"": 9, ""selected_run_score"": 70}",two_terminal_side_peak,,,181.0,955.0
,,,,,,9,GND,component:6:9.2,,,,,6,t1,9.2:t1,top,up,,,,,,,9.2,,False,9.2:t1,ok,0.0,matched_preferred,[],N4,,4,False,,,,,,,,,,terminal:6:9.2:t1,Terminal,,,False,N4,4,top,directional,directional_primary,"[285, 437, 298, 461]",,,291,455,,,,9.2:t1,t1,"{""point_mode"": ""side_peak_outside"", ""scan_axis"": ""x"", ""relative_position"": ""top"", ""scan_start"": 271, ""scan_end"": 311, ""scan_margin"": 4, ""probe_halfspan"": 6, ""probe_out_len"": 12, ""probe_inset"": 1, ""peak_coord"": 291, ""anchor_offset_ratio"": 0.5, ""max_score"": 70, ""keep_threshold"": 60, ""selected_run_start"": 16, ""selected_run_end"": 24, ""selected_run_length"": 9, ""selected_run_score"": 70}",two_terminal_side_peak,,,291.0,455.0
,,,,,,10,Inductor,component:6:10.1,,,,,6,t1,10.1:t1,,horizontal,,,,,,,10.1,,False,10.1:t1,ok,0.0,matched_preferred,[],N3,,3,False,,,,,,,,,,terminal:6:10.1:t1,Terminal,,,False,N3,3,left,directional,directional_primary,"[212, 622, 251, 643]",,,242,632,,,,10.1:t1,t1,"{""point_mode"": ""side_peak_outside"", ""scan_axis"": ""y"", ""relative_position"": ""left"", ""scan_start"": 586, ""scan_end"": 675, ""scan_margin"": 8, ""probe_halfspan"": 6, ""probe_out_len"": 12, ""probe_inset"": 1, ""peak_coord"": 632, ""anchor_offset_ratio"": 0.5143, ""max_score"": 140, ""keep_threshold"": 119, ""selected_run_start"": 44, ""selected_run_end"": 49, ""selected_run_length"": 6, ""selected_run_score"": 140}",two_terminal_side_peak,,,242.0,632.0
,,,,,,10,Inductor,component:6:10.1,,,,,6,t2,10.1:t2,,horizontal,,,,,,,10.1,,False,10.1:t2,ok,0.0,matched_preferred,[],N6,,6,False,,,,,,,,,,terminal:6:10.1:t2,Terminal,,,False,N6,6,right,directional,directional_primary,"[333, 622, 372, 643]",,,341,632,,,,10.1:t2,t2,"{""point_mode"": ""side_peak_outside"", ""scan_axis"": ""y"", ""relative_position"": ""right"", ""scan_start"": 586, ""scan_end"": 675, ""scan_margin"": 8, ""probe_halfspan"": 6, ""probe_out_len"": 12, ""probe_inset"": 1, ""peak_coord"": 632, ""anchor_offset_ratio"": 0.5143, ""max_score"": 140, ""keep_threshold"": 119, ""selected_run_start"": 44, ""selected_run_end"": 49, ""selected_run_length"": 6, ""selected_run_score"": 140}",two_terminal_side_peak,,,341.0,632.0
,,,,,,22,Resistor,component:6:22.1,,,,,6,t1,22.1:t1,,vertical,,,,,,,22.1,,False,22.1:t1,ok,2.0,matched_preferred,[],N5,,5,False,,,,,,,,,,terminal:6:22.1:t1,Terminal,,,False,N5,5,top,directional,directional_primary,"[287, 218, 300, 242]",,,291,236,,,,22.1:t1,t1,"{""point_mode"": ""bbox_side_center"", ""anchor_offset_ratio"": 0.5}",bbox_side_center,,,292.85,235.77
,,,,,,22,Resistor,component:6:22.1,,,,,6,t2,22.1:t2,,vertical,,,,,,,22.1,,False,22.1:t2,ok,2.0,matched_preferred,[],N4,,4,False,,,,,,,,,,terminal:6:22.1:t2,Terminal,,,False,N4,4,bottom,directional,directional_primary,"[287, 390, 300, 414]",,,291,395,,,,22.1:t2,t2,"{""point_mode"": ""bbox_side_center"", ""anchor_offset_ratio"": 0.5}",bbox_side_center,,,292.85,395.41
,,,,,,10,Inductor,component:6:10.2,,,,,6,t1,10.2:t1,,horizontal,,,,,,,10.2,,False,10.2:t1,ok,1.0,matched_preferred,[],N5,,5,False,,,,,,,,,,terminal:6:10.2:t1,Terminal,,,False,N5,5,left,directional,directional_primary,"[321, 121, 360, 142]",,,351,130,,,,10.2:t1,t1,"{""point_mode"": ""side_peak_outside"", ""scan_axis"": ""y"", ""relative_position"": ""left"", ""scan_start"": 85, ""scan_end"": 173, ""scan_margin"": 8, ""probe_halfspan"": 6, ""probe_out_len"": 12, ""probe_inset"": 1, ""peak_coord"": 131, ""anchor_offset_ratio"": 0.5192, ""max_score"": 140, ""keep_threshold"": 119, ""selected_run_start"": 43, ""selected_run_end"": 48, ""selected_run_length"": 6, ""selected_run_score"": 140}",two_terminal_side_peak,,,351.0,131.0
,,,,,,10,Inductor,component:6:10.2,,,,,6,t2,10.2:t2,,horizontal,,,,,,,10.2,,False,10.2:t2,ok,1.0,matched_preferred,[],N7,,7,False,,,,,,,,,,terminal:6:10.2:t2,Terminal,,,False,N7,7,right,directional,directional_primary,"[439, 121, 478, 142]",,,447,130,,,,10.2:t2,t2,"{""point_mode"": ""side_peak_outside"", ""scan_axis"": ""y"", ""relative_position"": ""right"", ""scan_start"": 85, ""scan_end"": 173, ""scan_margin"": 8, ""probe_halfspan"": 6, ""probe_out_len"": 12, ""probe_inset"": 1, ""peak_coord"": 131, ""anchor_offset_ratio"": 0.5192, ""max_score"": 140, ""keep_threshold"": 119, ""selected_run_start"": 43, ""selected_run_end"": 48, ""selected_run_length"": 6, ""selected_run_score"": 140}",two_terminal_side_peak,,,447.0,131.0
,,,,,,16,Mosfet,component:6:16.2,,,,,6,G,16.2:G,,left,,,,,,,16.2,,False,16.2:G,ok,0.0,matched_preferred,[],N6,,6,False,,,,,,,,,,terminal:6:16.2:t1,Terminal,,,False,N6,6,left,directional,directional_primary,"[407, 298, 431, 311]",16.2:G,G,425,304,,,,16.2:t1,t1,"{""point_mode"": ""three_terminal_structured"", ""scan_axis"": ""y"", ""relative_position"": ""left"", ""scan_start"": 256, ""scan_end"": 347, ""scan_margin"": 14, ""probe_halfspan"": 6, ""probe_out_len"": 12, ""probe_inset"": 1, ""peak_coord"": 304, ""anchor_offset_ratio"": 0.5138, ""max_score"": 98, ""keep_threshold"": 83, ""selected_run_start"": 44, ""selected_run_end"": 52, ""selected_run_length"": 9, ""selected_run_score"": 98, ""three_terminal_role"": ""single_side_terminal"", ""three_terminal_orientation"": ""left""}",three_terminal_structured,,,425.0,304.0
,,,,,,16,Mosfet,component:6:16.2,,,,,6,D,16.2:D,,left,,,,,,,16.2,,False,16.2:D,ok,0.0,matched_preferred,[],N7,,7,False,,,,,,,,,,terminal:6:16.2:t2,Terminal,,,False,N7,7,top,directional,directional_primary,"[499, 189, 512, 213]",16.2:D,D,505,207,,,,16.2:t2,t2,"{""point_mode"": ""three_terminal_structured"", ""scan_axis"": ""x"", ""relative_position"": ""top"", ""scan_start"": 473, ""scan_end"": 511, ""scan_margin"": 7, ""probe_halfspan"": 6, ""probe_out_len"": 12, ""probe_inset"": 1, ""peak_coord"": 505, ""anchor_offset_ratio"": 0.8941, ""max_score"": 70, ""keep_threshold"": 60, ""selected_run_start"": 28, ""selected_run_end"": 36, ""selected_run_length"": 9, ""selected_run_score"": 70, ""three_terminal_role"": ""orthogonal_pair_terminal"", ""three_terminal_orientation"": ""left"", ""three_terminal_pair_bias"": ""opposite_side"", ""three_terminal_pair_bias_debug"": {""top"": {""local_score"": 87.5, ""point_mode"": ""side_peak_outside"", ""scan_axis"": ""x"", ""relative_position"": ""top"", ""scan_start"": 473, ""scan_end"": 511, ""scan_margin"": 7, ""probe_halfspan"": 6, ""probe_out_len"": 12, ""probe_inset"": 1, ""peak_coord"": 505, ""anchor_offset_ratio"": 0.8941, ""max_score"": 70, ""keep_threshold"": 60, ""selected_run_start"": 28, ""selected_run_end"": 36, ""selected_run_length"": 9, ""selected_run_score"": 70}, ""bottom"": {""local_score"": 87.5, ""point_mode"": ""side_peak_outside"", ""scan_axis"": ""x"", ""relative_position"": ""bottom"", ""scan_start"": 473, ""scan_end"": 511, ""scan_margin"": 7, ""probe_halfspan"": 6, ""probe_out_len"": 12, ""probe_inset"": 1, ""peak_coord"": 503, ""anchor_offset_ratio"": 0.8706, ""max_score"": 70, ""keep_threshold"": 60, ""selected_run_start"": 26, ""selected_run_end"": 34, ""selected_run_length"": 9, ""selected_run_score"": 70}}}",three_terminal_structured,,,505.0,207.0
,,,,,,16,Mosfet,component:6:16.2,,,,,6,S,16.2:S,,left,,,,,,,16.2,,False,16.2:S,ok,0.0,matched_preferred,[],N8,,8,False,,,,,,,,,,terminal:6:16.2:t3,Terminal,,,False,N8,8,bottom,directional,directional_primary,"[497, 391, 510, 415]",16.2:S,S,503,396,,,,16.2:t3,t3,"{""point_mode"": ""three_terminal_structured"", ""scan_axis"": ""x"", ""relative_position"": ""bottom"", ""scan_start"": 473, ""scan_end"": 511, ""scan_margin"": 7, ""probe_halfspan"": 6, ""probe_out_len"": 12, ""probe_inset"": 1, ""peak_coord"": 503, ""anchor_offset_ratio"": 0.8706, ""max_score"": 70, ""keep_threshold"": 60, ""selected_run_start"": 26, ""selected_run_end"": 34, ""selected_run_length"": 9, ""selected_run_score"": 70, ""three_terminal_role"": ""orthogonal_pair_terminal"", ""three_terminal_orientation"": ""left"", ""three_terminal_pair_bias"": ""opposite_side"", ""three_terminal_pair_bias_debug"": {""top"": {""local_score"": 87.5, ""point_mode"": ""side_peak_outside"", ""scan_axis"": ""x"", ""relative_position"": ""top"", ""scan_start"": 473, ""scan_end"": 511, ""scan_margin"": 7, ""probe_halfspan"": 6, ""probe_out_len"": 12, ""probe_inset"": 1, ""peak_coord"": 505, ""anchor_offset_ratio"": 0.8941, ""max_score"": 70, ""keep_threshold"": 60, ""selected_run_start"": 28, ""selected_run_end"": 36, ""selected_run_length"": 9, ""selected_run_score"": 70}, ""bottom"": {""local_score"": 87.5, ""point_mode"": ""side_peak_outside"", ""scan_axis"": ""x"", ""relative_position"": ""bottom"", ""scan_start"": 473, ""scan_end"": 511, ""scan_margin"": 7, ""probe_halfspan"": 6, ""probe_out_len"": 12, ""probe_inset"": 1, ""peak_coord"": 503, ""anchor_offset_ratio"": 0.8706, ""max_score"": 70, ""keep_threshold"": 60, ""selected_run_start"": 26, ""selected_run_end"": 34, ""selected_run_length"": 9, ""selected_run_score"": 70}}}",three_terminal_structured,,,503.0,396.0
,,,,,,10,Inductor,component:6:10.3,,,,,6,t1,10.3:t1,,horizontal,,,,,,,10.3,,False,10.3:t1,ok,1.0,matched_preferred,[],N6,,6,False,,,,,,,,,,terminal:6:10.3:t1,Terminal,,,False,N6,6,left,directional,directional_primary,"[419, 623, 458, 644]",,,449,632,,,,10.3:t1,t1,"{""point_mode"": ""side_peak_outside"", ""scan_axis"": ""y"", ""relative_position"": ""left"", ""scan_start"": 585, ""scan_end"": 674, ""scan_margin"": 8, ""probe_halfspan"": 6, ""probe_out_len"": 12, ""probe_inset"": 1, ""peak_coord"": 633, ""anchor_offset_ratio"": 0.5333, ""max_score"": 140, ""keep_threshold"": 119, ""selected_run_start"": 45, ""selected_run_end"": 50, ""selected_run_length"": 6, ""selected_run_score"": 140}",two_terminal_side_peak,,,449.0,633.0
,,,,,,10,Inductor,component:6:10.3,,,,,6,t2,10.3:t2,,horizontal,,,,,,,10.3,,False,10.3:t2,ok,1.0,matched_preferred,[],N9,,9,False,,,,,,,,,,terminal:6:10.3:t2,Terminal,,,False,N9,9,right,directional,directional_primary,"[547, 623, 586, 644]",,,555,632,,,,10.3:t2,t2,"{""point_mode"": ""side_peak_outside"", ""scan_axis"": ""y"", ""relative_position"": ""right"", ""scan_start"": 585, ""scan_end"": 674, ""scan_margin"": 8, ""probe_halfspan"": 6, ""probe_out_len"": 12, ""probe_inset"": 1, ""peak_coord"": 633, ""anchor_offset_ratio"": 0.5333, ""max_score"": 140, ""keep_threshold"": 119, ""selected_run_start"": 45, ""selected_run_end"": 50, ""selected_run_length"": 6, ""selected_run_score"": 140}",two_terminal_side_peak,,,555.0,633.0
,,,,,,9,GND,component:6:9.3,,,,,6,t1,9.3:t1,top,up,,,,,,,9.3,,False,9.3:t1,ok,0.0,matched_preferred,[],N8,,8,False,,,,,,,,,,terminal:6:9.3:t1,Terminal,,,False,N8,8,top,directional,directional_primary,"[497, 438, 510, 462]",,,503,456,,,,9.3:t1,t1,"{""point_mode"": ""side_peak_outside"", ""scan_axis"": ""x"", ""relative_position"": ""top"", ""scan_start"": 484, ""scan_end"": 524, ""scan_margin"": 4, ""probe_halfspan"": 6, ""probe_out_len"": 12, ""probe_inset"": 1, ""peak_coord"": 503, ""anchor_offset_ratio"": 0.4792, ""max_score"": 70, ""keep_threshold"": 60, ""selected_run_start"": 15, ""selected_run_end"": 23, ""selected_run_length"": 9, ""selected_run_score"": 70}",two_terminal_side_peak,,,503.0,456.0
,,,,,,10,Inductor,component:6:10.4,,,,,6,t1,10.4:t1,,horizontal,,,,,,,10.4,,False,10.4:t1,ok,0.0,matched_preferred,[],N7,,7,False,,,,,,,,,,terminal:6:10.4:t1,Terminal,,,False,N7,7,left,directional,directional_primary,"[532, 120, 571, 141]",,,562,130,,,,10.4:t1,t1,"{""point_mode"": ""side_peak_outside"", ""scan_axis"": ""y"", ""relative_position"": ""left"", ""scan_start"": 84, ""scan_end"": 173, ""scan_margin"": 8, ""probe_halfspan"": 6, ""probe_out_len"": 12, ""probe_inset"": 1, ""peak_coord"": 130, ""anchor_offset_ratio"": 0.5143, ""max_score"": 140, ""keep_threshold"": 119, ""selected_run_start"": 44, ""selected_run_end"": 49, ""selected_run_length"": 6, ""selected_run_score"": 140}",two_terminal_side_peak,,,562.0,130.0
,,,,,,10,Inductor,component:6:10.4,,,,,6,t2,10.4:t2,,horizontal,,,,,,,10.4,,False,10.4:t2,ok,0.0,matched_preferred,[],N11,,11,False,,,,,,,,,,terminal:6:10.4:t2,Terminal,,,False,N11,11,right,directional,directional_primary,"[655, 120, 694, 141]",,,663,130,,,,10.4:t2,t2,"{""point_mode"": ""side_peak_outside"", ""scan_axis"": ""y"", ""relative_position"": ""right"", ""scan_start"": 84, ""scan_end"": 173, ""scan_margin"": 8, ""probe_halfspan"": 6, ""probe_out_len"": 12, ""probe_inset"": 1, ""peak_coord"": 130, ""anchor_offset_ratio"": 0.5143, ""max_score"": 140, ""keep_threshold"": 119, ""selected_run_start"": 44, ""selected_run_end"": 49, ""selected_run_length"": 6, ""selected_run_score"": 140}",two_terminal_side_peak,,,663.0,130.0
,,,,,,16,Mosfet,component:6:16.3,,,,,6,G,16.3:G,,left,,,,,,,16.3,,False,16.3:G,ok,0.0,matched_preferred,[],N9,,9,False,,,,,,,,,,terminal:6:16.3:t1,Terminal,,,False,N9,9,left,directional,directional_primary,"[619, 298, 643, 311]",16.3:G,G,637,304,,,,16.3:t1,t1,"{""point_mode"": ""three_terminal_structured"", ""scan_axis"": ""y"", ""relative_position"": ""left"", ""scan_start"": 259, ""scan_end"": 346, ""scan_margin"": 14, ""probe_halfspan"": 6, ""probe_out_len"": 12, ""probe_inset"": 1, ""peak_coord"": 304, ""anchor_offset_ratio"": 0.5087, ""max_score"": 98, ""keep_threshold"": 83, ""selected_run_start"": 41, ""selected_run_end"": 49, ""selected_run_length"": 9, ""selected_run_score"": 98, ""three_terminal_role"": ""single_side_terminal"", ""three_terminal_orientation"": ""left""}",three_terminal_structured,,,637.0,304.0
,,,,,,16,Mosfet,component:6:16.3,,,,,6,D,16.3:D,,left,,,,,,,16.3,,False,16.3:D,ok,0.0,matched_preferred,[],N11,,11,False,,,,,,,,,,terminal:6:16.3:t2,Terminal,,,False,N11,11,top,directional,directional_primary,"[711, 194, 724, 218]",16.3:D,D,717,212,,,,16.3:t2,t2,"{""point_mode"": ""three_terminal_structured"", ""scan_axis"": ""x"", ""relative_position"": ""top"", ""scan_start"": 685, ""scan_end"": 722, ""scan_margin"": 7, ""probe_halfspan"": 6, ""probe_out_len"": 12, ""probe_inset"": 1, ""peak_coord"": 717, ""anchor_offset_ratio"": 0.9048, ""max_score"": 70, ""keep_threshold"": 60, ""selected_run_start"": 28, ""selected_run_end"": 36, ""selected_run_length"": 9, ""selected_run_score"": 70, ""three_terminal_role"": ""orthogonal_pair_terminal"", ""three_terminal_orientation"": ""left"", ""three_terminal_pair_bias"": ""opposite_side"", ""three_terminal_pair_bias_debug"": {""top"": {""local_score"": 87.5, ""point_mode"": ""side_peak_outside"", ""scan_axis"": ""x"", ""relative_position"": ""top"", ""scan_start"": 685, ""scan_end"": 722, ""scan_margin"": 7, ""probe_halfspan"": 6, ""probe_out_len"": 12, ""probe_inset"": 1, ""peak_coord"": 717, ""anchor_offset_ratio"": 0.9048, ""max_score"": 70, ""keep_threshold"": 60, ""selected_run_start"": 28, ""selected_run_end"": 36, ""selected_run_length"": 9, ""selected_run_score"": 70}, ""bottom"": {""local_score"": 87.5, ""point_mode"": ""side_peak_outside"", ""scan_axis"": ""x"", ""relative_position"": ""bottom"", ""scan_start"": 685, ""scan_end"": 722, ""scan_margin"": 7, ""probe_halfspan"": 6, ""probe_out_len"": 12, ""probe_inset"": 1, ""peak_coord"": 715, ""anchor_offset_ratio"": 0.881, ""max_score"": 70, ""keep_threshold"": 60, ""selected_run_start"": 26, ""selected_run_end"": 34, ""selected_run_length"": 9, ""selected_run_score"": 70}}}",three_terminal_structured,,,717.0,212.0
,,,,,,16,Mosfet,component:6:16.3,,,,,6,S,16.3:S,,left,,,,,,,16.3,,False,16.3:S,ok,0.0,matched_preferred,[],N10,,10,False,,,,,,,,,,terminal:6:16.3:t3,Terminal,,,False,N10,10,bottom,directional,directional_primary,"[709, 388, 722, 412]",16.3:S,S,715,393,,,,16.3:t3,t3,"{""point_mode"": ""three_terminal_structured"", ""scan_axis"": ""x"", ""relative_position"": ""bottom"", ""scan_start"": 685, ""scan_end"": 722, ""scan_margin"": 7, ""probe_halfspan"": 6, ""probe_out_len"": 12, ""probe_inset"": 1, ""peak_coord"": 715, ""anchor_offset_ratio"": 0.881, ""max_score"": 70, ""keep_threshold"": 60, ""selected_run_start"": 26, ""selected_run_end"": 34, ""selected_run_length"": 9, ""selected_run_score"": 70, ""three_terminal_role"": ""orthogonal_pair_terminal"", ""three_terminal_orientation"": ""left"", ""three_terminal_pair_bias"": ""opposite_side"", ""three_terminal_pair_bias_debug"": {""top"": {""local_score"": 87.5, ""point_mode"": ""side_peak_outside"", ""scan_axis"": ""x"", ""relative_position"": ""top"", ""scan_start"": 685, ""scan_end"": 722, ""scan_margin"": 7, ""probe_halfspan"": 6, ""probe_out_len"": 12, ""probe_inset"": 1, ""peak_coord"": 717, ""anchor_offset_ratio"": 0.9048, ""max_score"": 70, ""keep_threshold"": 60, ""selected_run_start"": 28, ""selected_run_end"": 36, ""selected_run_length"": 9, ""selected_run_score"": 70}, ""bottom"": {""local_score"": 87.5, ""point_mode"": ""side_peak_outside"", ""scan_axis"": ""x"", ""relative_position"": ""bottom"", ""scan_start"": 685, ""scan_end"": 722, ""scan_margin"": 7, ""probe_halfspan"": 6, ""probe_out_len"": 12, ""probe_inset"": 1, ""peak_coord"": 715, ""anchor_offset_ratio"": 0.881, ""max_score"": 70, ""keep_threshold"": 60, ""selected_run_start"": 26, ""selected_run_end"": 34, ""selected_run_length"": 9, ""selected_run_score"": 70}}}",three_terminal_structured,,,715.0,393.0
,,,,,,9,GND,component:6:9.4,,,,,6,t1,9.4:t1,top,up,,,,,,,9.4,,False,9.4:t1,ok,0.0,matched_preferred,[],N10,,10,False,,,,,,,,,,terminal:6:9.4:t1,Terminal,,,False,N10,10,top,directional,directional_primary,"[709, 438, 722, 462]",,,715,456,,,,9.4:t1,t1,"{""point_mode"": ""side_peak_outside"", ""scan_axis"": ""x"", ""relative_position"": ""top"", ""scan_start"": 694, ""scan_end"": 736, ""scan_margin"": 4, ""probe_halfspan"": 6, ""probe_out_len"": 12, ""probe_inset"": 1, ""peak_coord"": 715, ""anchor_offset_ratio"": 0.5, ""max_score"": 70, ""keep_threshold"": 60, ""selected_run_start"": 17, ""selected_run_end"": 25, ""selected_run_length"": 9, ""selected_run_score"": 70}",two_terminal_side_peak,,,715.0,456.0
,,,,,,10,Inductor,component:6:10.5,,,,,6,t1,10.5:t1,,horizontal,,,,,,,10.5,,False,10.5:t1,ok,1.0,matched_preferred,[],N9,,9,False,,,,,,,,,,terminal:6:10.5:t1,Terminal,,,False,N9,9,left,directional,directional_primary,"[636, 623, 675, 644]",,,666,632,,,,10.5:t1,t1,"{""point_mode"": ""side_peak_outside"", ""scan_axis"": ""y"", ""relative_position"": ""left"", ""scan_start"": 583, ""scan_end"": 673, ""scan_margin"": 8, ""probe_halfspan"": 6, ""probe_out_len"": 12, ""probe_inset"": 1, ""peak_coord"": 633, ""anchor_offset_ratio"": 0.5472, ""max_score"": 140, ""keep_threshold"": 119, ""selected_run_start"": 47, ""selected_run_end"": 52, ""selected_run_length"": 6, ""selected_run_score"": 140}",two_terminal_side_peak,,,666.0,633.0
,,,,,,10,Inductor,component:6:10.5,,,,,6,t2,10.5:t2,,horizontal,,,,,,,10.5,,False,10.5:t2,ok,1.0,matched_preferred,[],N12,,12,False,,,,,,,,,,terminal:6:10.5:t2,Terminal,,,False,N12,12,right,directional,directional_primary,"[758, 623, 797, 644]",,,766,632,,,,10.5:t2,t2,"{""point_mode"": ""side_peak_outside"", ""scan_axis"": ""y"", ""relative_position"": ""right"", ""scan_start"": 583, ""scan_end"": 673, ""scan_margin"": 8, ""probe_halfspan"": 6, ""probe_out_len"": 12, ""probe_inset"": 1, ""peak_coord"": 633, ""anchor_offset_ratio"": 0.5472, ""max_score"": 140, ""keep_threshold"": 119, ""selected_run_start"": 47, ""selected_run_end"": 52, ""selected_run_length"": 6, ""selected_run_score"": 140}",two_terminal_side_peak,,,766.0,633.0
,,,,,,22,Resistor,component:6:22.2,,,,,6,t1,22.2:t1,,vertical,,,,,,,22.2,,False,22.2:t1,ok,0.0,matched_preferred,[],N12,,12,False,,,,,,,,,,terminal:6:22.2:t1,Terminal,,,False,N12,12,top,directional,directional_primary,"[817, 716, 830, 740]",,,823,734,,,,22.2:t1,t1,"{""point_mode"": ""bbox_side_center"", ""anchor_offset_ratio"": 0.4999}",bbox_side_center,,,823.43,734.44
,,,,,,22,Resistor,component:6:22.2,,,,,6,t2,22.2:t2,,vertical,,,,,,,22.2,,False,22.2:t2,ok,0.0,matched_preferred,[],N13,,13,False,,,,,,,,,,terminal:6:22.2:t2,Terminal,,,False,N13,13,bottom,directional,directional_primary,"[817, 885, 830, 909]",,,823,890,,,,22.2:t2,t2,"{""point_mode"": ""bbox_side_center"", ""anchor_offset_ratio"": 0.4999}",bbox_side_center,,,823.43,890.25
,,,,,,9,GND,component:6:9.5,,,,,6,t1,9.5:t1,top,up,,,,,,,9.5,,False,9.5:t1,ok,0.0,matched_preferred,[],N13,,13,False,,,,,,,,,,terminal:6:9.5:t1,Terminal,,,False,N13,13,top,directional,directional_primary,"[817, 929, 830, 953]",,,823,947,,,,9.5:t1,t1,"{""point_mode"": ""side_peak_outside"", ""scan_axis"": ""x"", ""relative_position"": ""top"", ""scan_start"": 803, ""scan_end"": 846, ""scan_margin"": 4, ""probe_halfspan"": 6, ""probe_out_len"": 12, ""probe_inset"": 1, ""peak_coord"": 823, ""anchor_offset_ratio"": 0.4706, ""max_score"": 70, ""keep_threshold"": 60, ""selected_run_start"": 16, ""selected_run_end"": 24, ""selected_run_length"": 9, ""selected_run_score"": 70}",two_terminal_side_peak,,,823.0,947.0
,,,,,,10,Inductor,component:6:10.6,,,,,6,t1,10.6:t1,,horizontal,,,,,,,10.6,,False,10.6:t1,ok,1.0,matched_preferred,[],N11,,11,False,,,,,,,,,,terminal:6:10.6:t1,Terminal,,,False,N11,11,left,directional,directional_primary,"[744, 121, 783, 142]",,,774,130,,,,10.6:t1,t1,"{""point_mode"": ""side_peak_outside"", ""scan_axis"": ""y"", ""relative_position"": ""left"", ""scan_start"": 83, ""scan_end"": 173, ""scan_margin"": 8, ""probe_halfspan"": 6, ""probe_out_len"": 12, ""probe_inset"": 1, ""peak_coord"": 131, ""anchor_offset_ratio"": 0.5283, ""max_score"": 140, ""keep_threshold"": 119, ""selected_run_start"": 45, ""selected_run_end"": 50, ""selected_run_length"": 6, ""selected_run_score"": 140}",two_terminal_side_peak,,,774.0,131.0
,,,,,,10,Inductor,component:6:10.6,,,,,6,t2,10.6:t2,,horizontal,,,,,,,10.6,,False,10.6:t2,ok,1.0,matched_preferred,[],N14,,14,False,,,,,,,,,,terminal:6:10.6:t2,Terminal,,,False,N14,14,right,directional,directional_primary,"[868, 121, 907, 142]",,,876,130,,,,10.6:t2,t2,"{""point_mode"": ""side_peak_outside"", ""scan_axis"": ""y"", ""relative_position"": ""right"", ""scan_start"": 83, ""scan_end"": 173, ""scan_margin"": 8, ""probe_halfspan"": 6, ""probe_out_len"": 12, ""probe_inset"": 1, ""peak_coord"": 131, ""anchor_offset_ratio"": 0.5283, ""max_score"": 140, ""keep_threshold"": 119, ""selected_run_start"": 45, ""selected_run_end"": 50, ""selected_run_length"": 6, ""selected_run_score"": 140}",two_terminal_side_peak,,,876.0,131.0
,,,,,,26,Terminal,component:6:26.2,,,,,6,t1,26.2:t1,,left,,,,,,,26.2,,False,26.2:t1,ok,2.0,matched_preferred,[],N14,,14,False,,,,,,,,,,terminal:6:26.2:t1,Terminal,,,False,N14,14,left,directional,directional_primary,"[905, 126, 929, 139]",,,923,130,,,,26.2:t1,t1,"{""point_mode"": ""bbox_side_center"", ""anchor_offset_ratio"": 0.5}",bbox_side_center,,,922.81,131.52
74,117,803,806,,,,,,,"[""G""]","[""16.1:G"", ""26.1:t1""]","[""16.1:t1"", ""26.1:t1""]",6,,,,,,,,,,,,False,,N1,,,,,,,,,[38],,2,,,,,N1,1,net:6:N1,Net,44,,,,,,,,,,,,,,38,,,,,,,,,
181,182,880,970,,,,,,,"[""S""]","[""16.1:S"", ""9.1:t1""]","[""16.1:t3"", ""9.1:t1""]",6,,,,,,,,,,,,False,,N2,,,,,,,,,[44],,2,,,,,N2,2,net:6:N2,Net,91,,,,,,,,,,,,,,44,,,,,,,,,
182,251,609,721,,,,,,,"[""D""]","[""10.1:t1"", ""16.1:D""]","[""10.1:t1"", ""16.1:t2""]",6,,,,,,,,,,,,False,,N3,,,,,,,,,[25],,2,,,,,N3,3,net:6:N3,Net,175,,,,,,,,,,,,,,25,,,,,,,,,
290,293,378,471,,,,,,,[],"[""22.1:t2"", ""9.2:t1""]","[""22.1:t2"", ""9.2:t1""]",6,,,,,,,,,,,,False,,N4,,,,,,,,,[23],,2,,,,,N4,4,net:6:N4,Net,94,,,,,,,,,,,,,,23,,,,,,,,,
291,360,102,253,,,,,,,[],"[""10.2:t1"", ""22.1:t1""]","[""10.2:t1"", ""22.1:t1""]",6,,,,,,,,,,,,False,,N5,,,,,,,,,[9],,2,,,,,N5,5,net:6:N5,Net,216,,,,,,,,,,,,,,9,,,,,,,,,
330,464,304,645,,,,,,,"[""G""]","[""10.1:t2"", ""10.3:t1"", ""16.2:G""]","[""10.1:t2"", ""10.3:t1"", ""16.2:t1""]",6,,,,,,,,,,,,False,,N6,,,,,,,,,[19],,3,,,,,N6,6,net:6:N6,Net,520,,,,,,,,,,,,,,19,,,,,,,,,
436,571,115,223,,,,,,,"[""D""]","[""10.2:t2"", ""10.4:t1"", ""16.2:D""]","[""10.2:t2"", ""10.4:t1"", ""16.2:t2""]",6,,,,,,,,,,,,False,,N7,,,,,,,,,[10],,3,,,,,N7,7,net:6:N7,Net,256,,,,,,,,,,,,,,10,,,,,,,,,
503,505,380,472,,,,,,,"[""S""]","[""16.2:S"", ""9.3:t1""]","[""16.2:t3"", ""9.3:t1""]",6,,,,,,,,,,,,False,,N8,,,,,,,,,[24],,2,,,,,N8,8,net:6:N8,Net,94,,,,,,,,,,,,,,24,,,,,,,,,
544,676,304,644,,,,,,,"[""G""]","[""10.3:t2"", ""10.5:t1"", ""16.3:G""]","[""10.3:t2"", ""10.5:t1"", ""16.3:t1""]",6,,,,,,,,,,,,False,,N9,,,,,,,,,[21],,3,,,,,N9,9,net:6:N9,Net,515,,,,,,,,,,,,,,21,,,,,,,,,
715,717,377,472,,,,,,,"[""S""]","[""16.3:S"", ""9.4:t1""]","[""16.3:t3"", ""9.4:t1""]",6,,,,,,,,,,,,False,,N10,,,,,,,,,[22],,2,,,,,N10,10,net:6:N10,Net,97,,,,,,,,,,,,,,22,,,,,,,,,
650,786,124,228,,,,,,,"[""D""]","[""10.4:t2"", ""10.6:t1"", ""16.3:D""]","[""10.4:t2"", ""10.6:t1"", ""16.3:t2""]",6,,,,,,,,,,,,False,,N11,,,,,,,,,[11],,3,,,,,N11,11,net:6:N11,Net,241,,,,,,,,,,,,,,11,,,,,,,,,
753,823,630,750,,,,,,,[],"[""10.5:t2"", ""22.2:t1""]","[""10.5:t2"", ""22.2:t1""]",6,,,,,,,,,,,,False,,N12,,,,,,,,,[26],,2,,,,,N12,12,net:6:N12,Net,185,,,,,,,,,,,,,,26,,,,,,,,,
822,823,874,963,,,,,,,[],"[""22.2:t2"", ""9.5:t1""]","[""22.2:t2"", ""9.5:t1""]",6,,,,,,,,,,,,False,,N13,,,,,,,,,[43],,2,,,,,N13,13,net:6:N13,Net,90,,,,,,,,,,,,,,43,,,,,,,,,
865,937,130,135,,,,,,,[],"[""10.6:t2"", ""26.2:t1""]","[""10.6:t2"", ""26.2:t1""]",6,,,,,,,,,,,,False,,N14,,,,,,,,,[12],,2,,,,,N14,14,net:6:N14,Net,73,,,,,,,,,,,,,,12,,,,,,,,,
,,,,,,,,,,,,,7,,,,,1024,7.jpg,C:\Users\m.profilo\Desktop\tesi_diagrams_yolo\data\batch_v7_npn_transistor_mosfet\7.jpg,1024,,,,,,7,,,,,,,,,,10,,26,7,,26,,,diagram:7,Diagram,,,,,,,,,,,,,,06_match_terminals_to_nets,,,,,,,,,,
87.38,179.27,737.84,854.43,18,NPN_Transistor,,,,0.8707,,,,7,,,,right,,,,,,,18.1,,,18.1,,,,,,,,,,,,,,3,,,,component:7:18.1,Component,,,,,,,,,,,,,,,,three_terminal,,,,,True,True,,
92.46,218.37,169.09,272.08,16,Mosfet,,,,0.8889,,,,7,,,,right,,,,,,,16.1,,,16.1,,,,,,,,,,,,,,3,,,,component:7:16.1,Component,,,,,,,,,,,,,,,,three_terminal,,,,,True,True,,
246.59,426.85,309.2,510.47,19,Operational_Amplifier,,,,0.8188,,,,7,,,,top,,,,,,,19.1,,,19.1,,,,,,,,,,,,,,3,,,,component:7:19.1,Component,,,,,,,,,,,,,,,,multi_terminal,,,,,True,True,,
472.68,527.61,991.25,1021.8,9,GND,,,,0.7368,,,,7,,,top,up,,,,,,,9.1,,,9.1,,,,,,,,,,,,,,1,,,,component:7:9.1,Component,,,,,,,,,,,,,,,,one_terminal,,,,,True,True,,
462.78,588.61,161.9,276.28,16,Mosfet,,,,0.8675,,,,7,,,,left,,,,,,,16.2,,,16.2,,,,,,,,,,,,,,3,,,,component:7:16.2,Component,,,,,,,,,,,,,,,,three_terminal,,,,,True,True,,
502.15,586.83,746.67,860.49,18,NPN_Transistor,,,,0.8347,,,,7,,,,left,,,,,,,18.2,,,18.2,,,,,,,,,,,,,,3,,,,component:7:18.2,Component,,,,,,,,,,,,,,,,three_terminal,,,,,True,True,,
541.79,602.89,571.39,691.99,22,Resistor,,,,0.8528,,,,7,,,,vertical,,,,,,,22.1,,,22.1,,,,,,,,,,,,,,2,,,,component:7:22.1,Component,,,,,,,,,,,,,,,,two_terminal,,,,,True,True,,
782.19,906.02,167.71,271.03,16,Mosfet,,,,0.8635,,,,7,,,,left,,,,,,,16.3,,,16.3,,,,,,,,,,,,,,3,,,,component:7:16.3,Component,,,,,,,,,,,,,,,,three_terminal,,,,,True,True,,
814.7,913.7,744.68,853.87,18,NPN_Transistor,,,,0.8524,,,,7,,,,left,,,,,,,18.3,,,18.3,,,,,,,,,,,,,,3,,,,component:7:18.3,Component,,,,,,,,,,,,,,,,three_terminal,,,,,True,True,,
856.97,919.93,568.55,692.79,22,Resistor,,,,0.8643,,,,7,,,,vertical,,,,,,,22.2,,,22.2,,,,,,,,,,,,,,2,,,,component:7:22.2,Component,,,,,,,,,,,,,,,,two_terminal,,,,,True,True,,
,,,,,,18,NPN_Transistor,component:7:18.1,,,,,7,B,18.1:B,,right,,,,,,,18.1,,False,18.1:B,ok,0.0,matched_preferred,[],N4,,4,False,,,,,,,,,,terminal:7:18.1:t1,Terminal,,,False,N4,4,right,directional,directional_primary,"[178, 794, 202, 807]",18.1:B,B,183,800,,,,18.1:t1,t1,"{""point_mode"": ""three_terminal_structured"", ""scan_axis"": ""y"", ""relative_position"": ""right"", ""scan_start"": 767, ""scan_end"": 825, ""scan_margin"": 9, ""probe_halfspan"": 6, ""probe_out_len"": 12, ""probe_inset"": 1, ""peak_coord"": 800, ""anchor_offset_ratio"": 0.5345, ""max_score"": 98, ""keep_threshold"": 83, ""selected_run_start"": 29, ""selected_run_end"": 37, ""selected_run_length"": 9, ""selected_run_score"": 98, ""three_terminal_role"": ""single_side_terminal"", ""three_terminal_orientation"": ""right""}",three_terminal_structured,,,183.0,800.0
,,,,,,18,NPN_Transistor,component:7:18.1,,,,,7,E,18.1:E,,right,,,,,,,18.1,,False,18.1:E,ok,1.0,matched_preferred,[],N1,,1,False,,,,,,,,,,terminal:7:18.1:t2,Terminal,,,False,N1,1,top,directional,directional_primary,"[103, 716, 116, 740]",18.1:E,E,108,734,,,,18.1:t2,t2,"{""point_mode"": ""three_terminal_structured"", ""scan_axis"": ""x"", ""relative_position"": ""top"", ""scan_start"": 91, ""scan_end"": 131, ""scan_margin"": 7, ""probe_halfspan"": 6, ""probe_out_len"": 12, ""probe_inset"": 1, ""peak_coord"": 109, ""anchor_offset_ratio"": 0.2391, ""max_score"": 105, ""keep_threshold"": 89, ""selected_run_start"": 14, ""selected_run_end"": 21, ""selected_run_length"": 8, ""selected_run_score"": 105, ""three_terminal_role"": ""orthogonal_pair_terminal"", ""three_terminal_orientation"": ""right"", ""three_terminal_pair_bias"": ""opposite_side"", ""three_terminal_pair_bias_debug"": {""top"": {""local_score"": 131.25, ""point_mode"": ""side_peak_outside"", ""scan_axis"": ""x"", ""relative_position"": ""top"", ""scan_start"": 91, ""scan_end"": 131, ""scan_margin"": 7, ""probe_halfspan"": 6, ""probe_out_len"": 12, ""probe_inset"": 1, ""peak_coord"": 109, ""anchor_offset_ratio"": 0.2391, ""max_score"": 105, ""keep_threshold"": 89, ""selected_run_start"": 14, ""selected_run_end"": 21, ""selected_run_length"": 8, ""selected_run_score"": 105}, ""bottom"": {""local_score"": 122.5, ""point_mode"": ""side_peak_outside"", ""scan_axis"": ""x"", ""relative_position"": ""bottom"", ""scan_start"": 91, ""scan_end"": 131, ""scan_margin"": 7, ""probe_halfspan"": 6, ""probe_out_len"": 12, ""probe_inset"": 1, ""peak_coord"": 108, ""anchor_offset_ratio"": 0.2283, ""max_score"": 98, ""keep_threshold"": 83, ""selected_run_start"": 13, ""selected_run_end"": 21, ""selected_run_length"": 9, ""selected_run_score"": 98}}}",three_terminal_structured,,,109.0,734.0
,,,,,,18,NPN_Transistor,component:7:18.1,,,,,7,C,18.1:C,,right,,,,,,,18.1,,False,18.1:C,ok,0.0,matched_preferred,[],N4,,4,False,,,,,,,,,,terminal:7:18.1:t3,Terminal,,,False,N4,4,bottom,directional,directional_primary,"[102, 853, 115, 877]",18.1:C,C,108,858,,,,18.1:t3,t3,"{""point_mode"": ""three_terminal_structured"", ""scan_axis"": ""x"", ""relative_position"": ""bottom"", ""scan_start"": 91, ""scan_end"": 131, ""scan_margin"": 7, ""probe_halfspan"": 6, ""probe_out_len"": 12, ""probe_inset"": 1, ""peak_coord"": 108, ""anchor_offset_ratio"": 0.2283, ""max_score"": 98, ""keep_threshold"": 83, ""selected_run_start"": 13, ""selected_run_end"": 21, ""selected_run_length"": 9, ""selected_run_score"": 98, ""three_terminal_role"": ""orthogonal_pair_terminal"", ""three_terminal_orientation"": ""right"", ""three_terminal_pair_bias"": ""opposite_side"", ""three_terminal_pair_bias_debug"": {""top"": {""local_score"": 131.25, ""point_mode"": ""side_peak_outside"", ""scan_axis"": ""x"", ""relative_position"": ""top"", ""scan_start"": 91, ""scan_end"": 131, ""scan_margin"": 7, ""probe_halfspan"": 6, ""probe_out_len"": 12, ""probe_inset"": 1, ""peak_coord"": 109, ""anchor_offset_ratio"": 0.2391, ""max_score"": 105, ""keep_threshold"": 89, ""selected_run_start"": 14, ""selected_run_end"": 21, ""selected_run_length"": 8, ""selected_run_score"": 105}, ""bottom"": {""local_score"": 122.5, ""point_mode"": ""side_peak_outside"", ""scan_axis"": ""x"", ""relative_position"": ""bottom"", ""scan_start"": 91, ""scan_end"": 131, ""scan_margin"": 7, ""probe_halfspan"": 6, ""probe_out_len"": 12, ""probe_inset"": 1, ""peak_coord"": 108, ""anchor_offset_ratio"": 0.2283, ""max_score"": 98, ""keep_threshold"": 83, ""selected_run_start"": 13, ""selected_run_end"": 21, ""selected_run_length"": 9, ""selected_run_score"": 98}}}",three_terminal_structured,,,108.0,858.0
,,,,,,16,Mosfet,component:7:16.1,,,,,7,G,16.1:G,,right,,,,,,,16.1,,False,16.1:G,ok,1.0,matched_preferred,[],N3,,3,False,,,,,,,,,,terminal:7:16.1:t1,Terminal,,,False,N3,3,right,directional,directional_primary,"[217, 209, 241, 222]",16.1:G,G,222,214,,,,16.1:t1,t1,"{""point_mode"": ""three_terminal_structured"", ""scan_axis"": ""y"", ""relative_position"": ""right"", ""scan_start"": 195, ""scan_end"": 246, ""scan_margin"": 8, ""probe_halfspan"": 6, ""probe_out_len"": 12, ""probe_inset"": 1, ""peak_coord"": 215, ""anchor_offset_ratio"": 0.4466, ""max_score"": 84, ""keep_threshold"": 71, ""selected_run_start"": 16, ""selected_run_end"": 23, ""selected_run_length"": 8, ""selected_run_score"": 84, ""three_terminal_role"": ""single_side_terminal"", ""three_terminal_orientation"": ""right""}",three_terminal_structured,,,222.0,215.0
,,,,,,16,Mosfet,component:7:16.1,,,,,7,t2,16.1:t2,,right,,,,,,,16.1,,False,16.1:t2,ok,0.0,matched_preferred,[],N3,,3,False,,,,,,,,,,terminal:7:16.1:t2,Terminal,,,False,N3,3,top,directional,directional_primary,"[102, 147, 115, 171]",,,108,165,,,,16.1:t2,t2,"{""point_mode"": ""three_terminal_structured"", ""scan_axis"": ""x"", ""relative_position"": ""top"", ""scan_start"": 97, ""scan_end"": 152, ""scan_margin"": 10, ""probe_halfspan"": 6, ""probe_out_len"": 12, ""probe_inset"": 1, ""peak_coord"": 108, ""anchor_offset_ratio"": 0.127, ""max_score"": 98, ""keep_threshold"": 83, ""selected_run_start"": 7, ""selected_run_end"": 15, ""selected_run_length"": 9, ""selected_run_score"": 98, ""three_terminal_role"": ""orthogonal_pair_terminal"", ""three_terminal_orientation"": ""right"", ""three_terminal_pair_bias"": ""opposite_side"", ""three_terminal_pair_bias_debug"": {""top"": {""local_score"": 122.5, ""point_mode"": ""side_peak_outside"", ""scan_axis"": ""x"", ""relative_position"": ""top"", ""scan_start"": 97, ""scan_end"": 152, ""scan_margin"": 10, ""probe_halfspan"": 6, ""probe_out_len"": 12, ""probe_inset"": 1, ""peak_coord"": 108, ""anchor_offset_ratio"": 0.127, ""max_score"": 98, ""keep_threshold"": 83, ""selected_run_start"": 7, ""selected_run_end"": 15, ""selected_run_length"": 9, ""selected_run_score"": 98}, ""bottom"": {""local_score"": 122.5, ""point_mode"": ""side_peak_outside"", ""scan_axis"": ""x"", ""relative_position"": ""bottom"", ""scan_start"": 97, ""scan_end"": 152, ""scan_margin"": 10, ""probe_halfspan"": 6, ""probe_out_len"": 12, ""probe_inset"": 1, ""peak_coord"": 108, ""anchor_offset_ratio"": 0.127, ""max_score"": 98, ""keep_threshold"": 83, ""selected_run_start"": 7, ""selected_run_end"": 15, ""selected_run_length"": 9, ""selected_run_score"": 98}}}",three_terminal_structured,,,108.0,165.0
,,,,,,16,Mosfet,component:7:16.1,,,,,7,t3,16.1:t3,,right,,,,,,,16.1,,False,16.1:t3,ok,0.0,matched_preferred,[],N1,,1,False,,,,,,,,,,terminal:7:16.1:t3,Terminal,,,False,N1,1,bottom,directional,directional_primary,"[102, 271, 115, 295]",,,108,276,,,,16.1:t3,t3,"{""point_mode"": ""three_terminal_structured"", ""scan_axis"": ""x"", ""relative_position"": ""bottom"", ""scan_start"": 97, ""scan_end"": 152, ""scan_margin"": 10, ""probe_halfspan"": 6, ""probe_out_len"": 12, ""probe_inset"": 1, ""peak_coord"": 108, ""anchor_offset_ratio"": 0.127, ""max_score"": 98, ""keep_threshold"": 83, ""selected_run_start"": 7, ""selected_run_end"": 15, ""selected_run_length"": 9, ""selected_run_score"": 98, ""three_terminal_role"": ""orthogonal_pair_terminal"", ""three_terminal_orientation"": ""right"", ""three_terminal_pair_bias"": ""opposite_side"", ""three_terminal_pair_bias_debug"": {""top"": {""local_score"": 122.5, ""point_mode"": ""side_peak_outside"", ""scan_axis"": ""x"", ""relative_position"": ""top"", ""scan_start"": 97, ""scan_end"": 152, ""scan_margin"": 10, ""probe_halfspan"": 6, ""probe_out_len"": 12, ""probe_inset"": 1, ""peak_coord"": 108, ""anchor_offset_ratio"": 0.127, ""max_score"": 98, ""keep_threshold"": 83, ""selected_run_start"": 7, ""selected_run_end"": 15, ""selected_run_length"": 9, ""selected_run_score"": 98}, ""bottom"": {""local_score"": 122.5, ""point_mode"": ""side_peak_outside"", ""scan_axis"": ""x"", ""relative_position"": ""bottom"", ""scan_start"": 97, ""scan_end"": 152, ""scan_margin"": 10, ""probe_halfspan"": 6, ""probe_out_len"": 12, ""probe_inset"": 1, ""peak_coord"": 108, ""anchor_offset_ratio"": 0.127, ""max_score"": 98, ""keep_threshold"": 83, ""selected_run_start"": 7, ""selected_run_end"": 15, ""selected_run_length"": 9, ""selected_run_score"": 98}}}",three_terminal_structured,,,108.0,276.0
,,,,,,19,Operational_Amplifier,component:7:19.1,,,,,7,in1,19.1:in1,,top,,,,,,,19.1,,False,19.1:in1,ok,4.0,matched_preferred,[],N1,,1,False,,,,,,,,,,terminal:7:19.1:in1,Terminal,,,False,N1,1,bottom,directional,directional_primary,"[303, 513, 316, 537]",,,313,518,,,,19.1:in1,in1,"{""point_mode"": ""opamp_mandatory_wire_probe"", ""relative_position"": ""bottom"", ""scan_axis"": ""x"", ""scan_start"": 279, ""scan_end"": 323, ""probe_halfspan"": 2, ""probe_outward_len"": 14, ""probe_inward_len"": 1, ""probe_far_gap"": 2, ""probe_far_len"": 8, ""peak_coord"": 309, ""raw_scores_max"": 21.8, ""max_score"": 21.8, ""keep_threshold"": 20.056, ""selected_coord"": 309, ""selected_distance_to_center"": 8, ""kept_candidates"": 9, ""opamp_orientation"": ""top"", ""opamp_terminal_name"": ""in1"", ""opamp_terminal_role"": ""input"", ""opamp_slot"": ""left""}",opamp_structured,,,309.0,518.0
,,,,,,19,Operational_Amplifier,component:7:19.1,,,,,7,in2,19.1:in2,,top,,,,,,,19.1,,False,19.1:in2,ok,2.0,matched_preferred,[],N2,,2,False,,,,,,,,,,terminal:7:19.1:in2,Terminal,,,False,N2,2,bottom,directional,directional_primary,"[367, 513, 380, 537]",,,371,518,,,,19.1:in2,in2,"{""point_mode"": ""opamp_mandatory_wire_probe"", ""relative_position"": ""bottom"", ""scan_axis"": ""x"", ""scan_start"": 351, ""scan_end"": 395, ""probe_halfspan"": 2, ""probe_outward_len"": 14, ""probe_inward_len"": 1, ""probe_far_gap"": 2, ""probe_far_len"": 8, ""peak_coord"": 373, ""raw_scores_max"": 21.8, ""max_score"": 21.8, ""keep_threshold"": 20.056, ""selected_coord"": 373, ""selected_distance_to_center"": 0, ""kept_candidates"": 9, ""opamp_orientation"": ""top"", ""opamp_terminal_name"": ""in2"", ""opamp_terminal_role"": ""input"", ""opamp_slot"": ""right""}",opamp_structured,,,373.0,518.0
,,,,,,19,Operational_Amplifier,component:7:19.1,,,,,7,out,19.1:out,,top,,,,,,,19.1,,False,19.1:out,ok,3.0,matched_preferred,[],N3,,3,False,,,,,,,,,,terminal:7:19.1:out,Terminal,,,False,N3,3,top,directional,directional_primary,"[331, 283, 344, 307]",,,340,301,,,,19.1:out,out,"{""point_mode"": ""opamp_mandatory_wire_probe"", ""relative_position"": ""top"", ""scan_axis"": ""x"", ""scan_start"": 305, ""scan_end"": 369, ""probe_halfspan"": 2, ""probe_outward_len"": 14, ""probe_inward_len"": 1, ""probe_far_gap"": 2, ""probe_far_len"": 8, ""peak_coord"": 337, ""raw_scores_max"": 21.05, ""max_score"": 21.05, ""keep_threshold"": 19.366, ""selected_coord"": 337, ""selected_distance_to_center"": 0, ""kept_candidates"": 10, ""opamp_orientation"": ""top"", ""opamp_terminal_name"": ""out"", ""opamp_terminal_role"": ""output"", ""opamp_slot"": ""center""}",opamp_structured,,,337.0,301.0
,,,,,,9,GND,component:7:9.1,,,,,7,t1,9.1:t1,top,up,,,,,,,9.1,,False,9.1:t1,ok,0.0,matched_preferred,[],N4,,4,False,,,,,,,,,,terminal:7:9.1:t1,Terminal,,,False,N4,4,top,directional,directional_primary,"[493, 969, 506, 993]",,,499,987,,,,9.1:t1,t1,"{""point_mode"": ""side_peak_outside"", ""scan_axis"": ""x"", ""relative_position"": ""top"", ""scan_start"": 477, ""scan_end"": 524, ""scan_margin"": 4, ""probe_halfspan"": 4, ""probe_out_len"": 12, ""probe_inset"": 1, ""peak_coord"": 499, ""anchor_offset_ratio"": 0.4727, ""max_score"": 98, ""keep_threshold"": 83, ""selected_run_start"": 20, ""selected_run_end"": 24, ""selected_run_length"": 5, ""selected_run_score"": 98}",two_terminal_side_peak,,,499.0,987.0
,,,,,,16,Mosfet,component:7:16.2,,,,,7,G,16.2:G,,left,,,,,,,16.2,,False,16.2:G,ok,0.0,matched_preferred,[],N3,,3,False,,,,,,,,,,terminal:7:16.2:t1,Terminal,,,False,N3,3,left,directional,directional_primary,"[441, 208, 465, 221]",16.2:G,G,459,214,,,,16.2:t1,t1,"{""point_mode"": ""three_terminal_structured"", ""scan_axis"": ""y"", ""relative_position"": ""left"", ""scan_start"": 190, ""scan_end"": 248, ""scan_margin"": 9, ""probe_halfspan"": 6, ""probe_out_len"": 12, ""probe_inset"": 1, ""peak_coord"": 214, ""anchor_offset_ratio"": 0.4561, ""max_score"": 87, ""keep_threshold"": 74, ""selected_run_start"": 21, ""selected_run_end"": 28, ""selected_run_length"": 8, ""selected_run_score"": 87, ""three_terminal_role"": ""single_side_terminal"", ""three_terminal_orientation"": ""left""}",three_terminal_structured,,,459.0,214.0
,,,,,,16,Mosfet,component:7:16.2,,,,,7,t2,16.2:t2,,left,,,,,,,16.2,,False,16.2:t2,ok,0.0,matched_preferred,[],N3,,3,False,,,,,,,,,,terminal:7:16.2:t2,Terminal,,,False,N3,3,top,directional,directional_primary,"[567, 140, 580, 164]",,,573,158,,,,16.2:t2,t2,"{""point_mode"": ""three_terminal_structured"", ""scan_axis"": ""x"", ""relative_position"": ""top"", ""scan_start"": 529, ""scan_end"": 584, ""scan_margin"": 10, ""probe_halfspan"": 6, ""probe_out_len"": 12, ""probe_inset"": 1, ""peak_coord"": 573, ""anchor_offset_ratio"": 0.873, ""max_score"": 84, ""keep_threshold"": 71, ""selected_run_start"": 41, ""selected_run_end"": 48, ""selected_run_length"": 8, ""selected_run_score"": 84, ""three_terminal_role"": ""orthogonal_pair_terminal"", ""three_terminal_orientation"": ""left"", ""three_terminal_pair_bias"": ""opposite_side"", ""three_terminal_pair_bias_debug"": {""top"": {""local_score"": 105.0, ""point_mode"": ""side_peak_outside"", ""scan_axis"": ""x"", ""relative_position"": ""top"", ""scan_start"": 529, ""scan_end"": 584, ""scan_margin"": 10, ""probe_halfspan"": 6, ""probe_out_len"": 12, ""probe_inset"": 1, ""peak_coord"": 573, ""anchor_offset_ratio"": 0.873, ""max_score"": 84, ""keep_threshold"": 71, ""selected_run_start"": 41, ""selected_run_end"": 48, ""selected_run_length"": 8, ""selected_run_score"": 84}, ""bottom"": {""local_score"": 105.0, ""point_mode"": ""side_peak_outside"", ""scan_axis"": ""x"", ""relative_position"": ""bottom"", ""scan_start"": 529, ""scan_end"": 584, ""scan_margin"": 10, ""probe_halfspan"": 6, ""probe_out_len"": 12, ""probe_inset"": 1, ""peak_coord"": 573, ""anchor_offset_ratio"": 0.873, ""max_score"": 84, ""keep_threshold"": 71, ""selected_run_start"": 41, ""selected_run_end"": 48, ""selected_run_length"": 8, ""selected_run_score"": 84}}}",three_terminal_structured,,,573.0,158.0
,,,,,,16,Mosfet,component:7:16.2,,,,,7,t3,16.2:t3,,left,,,,,,,16.2,,False,16.2:t3,ok,0.0,matched_preferred,[],N2,,2,False,,,,,,,,,,terminal:7:16.2:t3,Terminal,,,False,N2,2,bottom,directional,directional_primary,"[567, 275, 580, 299]",,,573,280,,,,16.2:t3,t3,"{""point_mode"": ""three_terminal_structured"", ""scan_axis"": ""x"", ""relative_position"": ""bottom"", ""scan_start"": 529, ""scan_end"": 584, ""scan_margin"": 10, ""probe_halfspan"": 6, ""probe_out_len"": 12, ""probe_inset"": 1, ""peak_coord"": 573, ""anchor_offset_ratio"": 0.873, ""max_score"": 84, ""keep_threshold"": 71, ""selected_run_start"": 41, ""selected_run_end"": 48, ""selected_run_length"": 8, ""selected_run_score"": 84, ""three_terminal_role"": ""orthogonal_pair_terminal"", ""three_terminal_orientation"": ""left"", ""three_terminal_pair_bias"": ""opposite_side"", ""three_terminal_pair_bias_debug"": {""top"": {""local_score"": 105.0, ""point_mode"": ""side_peak_outside"", ""scan_axis"": ""x"", ""relative_position"": ""top"", ""scan_start"": 529, ""scan_end"": 584, ""scan_margin"": 10, ""probe_halfspan"": 6, ""probe_out_len"": 12, ""probe_inset"": 1, ""peak_coord"": 573, ""anchor_offset_ratio"": 0.873, ""max_score"": 84, ""keep_threshold"": 71, ""selected_run_start"": 41, ""selected_run_end"": 48, ""selected_run_length"": 8, ""selected_run_score"": 84}, ""bottom"": {""local_score"": 105.0, ""point_mode"": ""side_peak_outside"", ""scan_axis"": ""x"", ""relative_position"": ""bottom"", ""scan_start"": 529, ""scan_end"": 584, ""scan_margin"": 10, ""probe_halfspan"": 6, ""probe_out_len"": 12, ""probe_inset"": 1, ""peak_coord"": 573, ""anchor_offset_ratio"": 0.873, ""max_score"": 84, ""keep_threshold"": 71, ""selected_run_start"": 41, ""selected_run_end"": 48, ""selected_run_length"": 8, ""selected_run_score"": 84}}}",three_terminal_structured,,,573.0,280.0
,,,,,,18,NPN_Transistor,component:7:18.2,,,,,7,B,18.2:B,,left,,,,,,,18.2,,False,18.2:B,ok,0.0,matched_preferred,[],N4,,4,False,,,,,,,,,,terminal:7:18.2:t1,Terminal,,,False,N4,4,left,directional,directional_primary,"[480, 794, 504, 807]",18.2:B,B,498,800,,,,18.2:t1,t1,"{""point_mode"": ""three_terminal_structured"", ""scan_axis"": ""y"", ""relative_position"": ""left"", ""scan_start"": 775, ""scan_end"": 832, ""scan_margin"": 9, ""probe_halfspan"": 6, ""probe_out_len"": 12, ""probe_inset"": 1, ""peak_coord"": 800, ""anchor_offset_ratio"": 0.469, ""max_score"": 98, ""keep_threshold"": 83, ""selected_run_start"": 21, ""selected_run_end"": 29, ""selected_run_length"": 9, ""selected_run_score"": 98, ""three_terminal_role"": ""single_side_terminal"", ""three_terminal_orientation"": ""left""}",three_terminal_structured,,,498.0,800.0
,,,,,,18,NPN_Transistor,component:7:18.2,,,,,7,E,18.2:E,,left,,,,,,,18.2,,False,18.2:E,ok,1.0,matched_preferred,[],N5,,5,False,,,,,,,,,,terminal:7:18.2:t2,Terminal,,,False,N5,5,top,directional,directional_primary,"[568, 725, 581, 749]",18.2:E,E,573,743,,,,18.2:t2,t2,"{""point_mode"": ""three_terminal_structured"", ""scan_axis"": ""x"", ""relative_position"": ""top"", ""scan_start"": 546, ""scan_end"": 584, ""scan_margin"": 7, ""probe_halfspan"": 6, ""probe_out_len"": 12, ""probe_inset"": 1, ""peak_coord"": 574, ""anchor_offset_ratio"": 0.8471, ""max_score"": 84, ""keep_threshold"": 71, ""selected_run_start"": 24, ""selected_run_end"": 31, ""selected_run_length"": 8, ""selected_run_score"": 84, ""three_terminal_role"": ""orthogonal_pair_terminal"", ""three_terminal_orientation"": ""left"", ""three_terminal_pair_bias"": ""opposite_side"", ""three_terminal_pair_bias_debug"": {""top"": {""local_score"": 105.0, ""point_mode"": ""side_peak_outside"", ""scan_axis"": ""x"", ""relative_position"": ""top"", ""scan_start"": 546, ""scan_end"": 584, ""scan_margin"": 7, ""probe_halfspan"": 6, ""probe_out_len"": 12, ""probe_inset"": 1, ""peak_coord"": 574, ""anchor_offset_ratio"": 0.8471, ""max_score"": 84, ""keep_threshold"": 71, ""selected_run_start"": 24, ""selected_run_end"": 31, ""selected_run_length"": 8, ""selected_run_score"": 84}, ""bottom"": {""local_score"": 110.0, ""point_mode"": ""side_peak_outside"", ""scan_axis"": ""x"", ""relative_position"": ""bottom"", ""scan_start"": 546, ""scan_end"": 584, ""scan_margin"": 7, ""probe_halfspan"": 6, ""probe_out_len"": 12, ""probe_inset"": 1, ""peak_coord"": 574, ""anchor_offset_ratio"": 0.8471, ""max_score"": 88, ""keep_threshold"": 75, ""selected_run_start"": 24, ""selected_run_end"": 31, ""selected_run_length"": 8, ""selected_run_score"": 88}}}",three_terminal_structured,,,574.0,743.0
,,,,,,18,NPN_Transistor,component:7:18.2,,,,,7,C,18.2:C,,left,,,,,,,18.2,,False,18.2:C,ok,1.0,matched_preferred,[],N4,,4,False,,,,,,,,,,terminal:7:18.2:t3,Terminal,,,False,N4,4,bottom,directional,directional_primary,"[568, 859, 581, 883]",18.2:C,C,573,864,,,,18.2:t3,t3,"{""point_mode"": ""three_terminal_structured"", ""scan_axis"": ""x"", ""relative_position"": ""bottom"", ""scan_start"": 546, ""scan_end"": 584, ""scan_margin"": 7, ""probe_halfspan"": 6, ""probe_out_len"": 12, ""probe_inset"": 1, ""peak_coord"": 574, ""anchor_offset_ratio"": 0.8471, ""max_score"": 88, ""keep_threshold"": 75, ""selected_run_start"": 24, ""selected_run_end"": 31, ""selected_run_length"": 8, ""selected_run_score"": 88, ""three_terminal_role"": ""orthogonal_pair_terminal"", ""three_terminal_orientation"": ""left"", ""three_terminal_pair_bias"": ""opposite_side"", ""three_terminal_pair_bias_debug"": {""top"": {""local_score"": 105.0, ""point_mode"": ""side_peak_outside"", ""scan_axis"": ""x"", ""relative_position"": ""top"", ""scan_start"": 546, ""scan_end"": 584, ""scan_margin"": 7, ""probe_halfspan"": 6, ""probe_out_len"": 12, ""probe_inset"": 1, ""peak_coord"": 574, ""anchor_offset_ratio"": 0.8471, ""max_score"": 84, ""keep_threshold"": 71, ""selected_run_start"": 24, ""selected_run_end"": 31, ""selected_run_length"": 8, ""selected_run_score"": 84}, ""bottom"": {""local_score"": 110.0, ""point_mode"": ""side_peak_outside"", ""scan_axis"": ""x"", ""relative_position"": ""bottom"", ""scan_start"": 546, ""scan_end"": 584, ""scan_margin"": 7, ""probe_halfspan"": 6, ""probe_out_len"": 12, ""probe_inset"": 1, ""peak_coord"": 574, ""anchor_offset_ratio"": 0.8471, ""max_score"": 88, ""keep_threshold"": 75, ""selected_run_start"": 24, ""selected_run_end"": 31, ""selected_run_length"": 8, ""selected_run_score"": 88}}}",three_terminal_structured,,,574.0,864.0
,,,,,,22,Resistor,component:7:22.1,,,,,7,t1,22.1:t1,,vertical,,,,,,,22.1,,False,22.1:t1,ok,1.0,matched_preferred,[],N2,,2,False,,,,,,,,,,terminal:7:22.1:t1,Terminal,,,False,N2,2,top,directional,directional_primary,"[566, 549, 579, 573]",,,573,567,,,,22.1:t1,t1,"{""point_mode"": ""bbox_side_center"", ""anchor_offset_ratio"": 0.5}",bbox_side_center,,,572.34,567.39
,,,,,,22,Resistor,component:7:22.1,,,,,7,t2,22.1:t2,,vertical,,,,,,,22.1,,False,22.1:t2,ok,1.0,matched_preferred,[],N5,,5,False,,,,,,,,,,terminal:7:22.1:t2,Terminal,,,False,N5,5,bottom,directional,directional_primary,"[566, 691, 579, 715]",,,573,696,,,,22.1:t2,t2,"{""point_mode"": ""bbox_side_center"", ""anchor_offset_ratio"": 0.5}",bbox_side_center,,,572.34,695.99
,,,,,,16,Mosfet,component:7:16.3,,,,,7,G,16.3:G,,left,,,,,,,16.3,,False,16.3:G,ok,0.0,matched_preferred,[],N3,,3,False,,,,,,,,,,terminal:7:16.3:t1,Terminal,,,False,N3,3,left,directional,directional_primary,"[760, 208, 784, 221]",16.3:G,G,778,214,,,,16.3:t1,t1,"{""point_mode"": ""three_terminal_structured"", ""scan_axis"": ""y"", ""relative_position"": ""left"", ""scan_start"": 194, ""scan_end"": 245, ""scan_margin"": 8, ""probe_halfspan"": 6, ""probe_out_len"": 12, ""probe_inset"": 1, ""peak_coord"": 214, ""anchor_offset_ratio"": 0.4466, ""max_score"": 84, ""keep_threshold"": 71, ""selected_run_start"": 17, ""selected_run_end"": 24, ""selected_run_length"": 8, ""selected_run_score"": 84, ""three_terminal_role"": ""single_side_terminal"", ""three_terminal_orientation"": ""left""}",three_terminal_structured,,,778.0,214.0
,,,,,,16,Mosfet,component:7:16.3,,,,,7,t2,16.3:t2,,left,,,,,,,16.3,,False,16.3:t2,ok,0.0,matched_preferred,[],N3,,3,False,,,,,,,,,,terminal:7:16.3:t2,Terminal,,,False,N3,3,top,directional,directional_primary,"[884, 146, 897, 170]",,,890,164,,,,16.3:t2,t2,"{""point_mode"": ""three_terminal_structured"", ""scan_axis"": ""x"", ""relative_position"": ""top"", ""scan_start"": 846, ""scan_end"": 901, ""scan_margin"": 10, ""probe_halfspan"": 6, ""probe_out_len"": 12, ""probe_inset"": 1, ""peak_coord"": 890, ""anchor_offset_ratio"": 0.871, ""max_score"": 84, ""keep_threshold"": 71, ""selected_run_start"": 41, ""selected_run_end"": 48, ""selected_run_length"": 8, ""selected_run_score"": 84, ""three_terminal_role"": ""orthogonal_pair_terminal"", ""three_terminal_orientation"": ""left"", ""three_terminal_pair_bias"": ""opposite_side"", ""three_terminal_pair_bias_debug"": {""top"": {""local_score"": 105.0, ""point_mode"": ""side_peak_outside"", ""scan_axis"": ""x"", ""relative_position"": ""top"", ""scan_start"": 846, ""scan_end"": 901, ""scan_margin"": 10, ""probe_halfspan"": 6, ""probe_out_len"": 12, ""probe_inset"": 1, ""peak_coord"": 890, ""anchor_offset_ratio"": 0.871, ""max_score"": 84, ""keep_threshold"": 71, ""selected_run_start"": 41, ""selected_run_end"": 48, ""selected_run_length"": 8, ""selected_run_score"": 84}, ""bottom"": {""local_score"": 105.0, ""point_mode"": ""side_peak_outside"", ""scan_axis"": ""x"", ""relative_position"": ""bottom"", ""scan_start"": 846, ""scan_end"": 901, ""scan_margin"": 10, ""probe_halfspan"": 6, ""probe_out_len"": 12, ""probe_inset"": 1, ""peak_coord"": 890, ""anchor_offset_ratio"": 0.871, ""max_score"": 84, ""keep_threshold"": 71, ""selected_run_start"": 41, ""selected_run_end"": 48, ""selected_run_length"": 8, ""selected_run_score"": 84}}}",three_terminal_structured,,,890.0,164.0
,,,,,,16,Mosfet,component:7:16.3,,,,,7,t3,16.3:t3,,left,,,,,,,16.3,,False,16.3:t3,ok,0.0,matched_preferred,[],N7,,7,False,,,,,,,,,,terminal:7:16.3:t3,Terminal,,,False,N7,7,bottom,directional,directional_primary,"[884, 270, 897, 294]",,,890,275,,,,16.3:t3,t3,"{""point_mode"": ""three_terminal_structured"", ""scan_axis"": ""x"", ""relative_position"": ""bottom"", ""scan_start"": 846, ""scan_end"": 901, ""scan_margin"": 10, ""probe_halfspan"": 6, ""probe_out_len"": 12, ""probe_inset"": 1, ""peak_coord"": 890, ""anchor_offset_ratio"": 0.871, ""max_score"": 84, ""keep_threshold"": 71, ""selected_run_start"": 41, ""selected_run_end"": 48, ""selected_run_length"": 8, ""selected_run_score"": 84, ""three_terminal_role"": ""orthogonal_pair_terminal"", ""three_terminal_orientation"": ""left"", ""three_terminal_pair_bias"": ""opposite_side"", ""three_terminal_pair_bias_debug"": {""top"": {""local_score"": 105.0, ""point_mode"": ""side_peak_outside"", ""scan_axis"": ""x"", ""relative_position"": ""top"", ""scan_start"": 846, ""scan_end"": 901, ""scan_margin"": 10, ""probe_halfspan"": 6, ""probe_out_len"": 12, ""probe_inset"": 1, ""peak_coord"": 890, ""anchor_offset_ratio"": 0.871, ""max_score"": 84, ""keep_threshold"": 71, ""selected_run_start"": 41, ""selected_run_end"": 48, ""selected_run_length"": 8, ""selected_run_score"": 84}, ""bottom"": {""local_score"": 105.0, ""point_mode"": ""side_peak_outside"", ""scan_axis"": ""x"", ""relative_position"": ""bottom"", ""scan_start"": 846, ""scan_end"": 901, ""scan_margin"": 10, ""probe_halfspan"": 6, ""probe_out_len"": 12, ""probe_inset"": 1, ""peak_coord"": 890, ""anchor_offset_ratio"": 0.871, ""max_score"": 84, ""keep_threshold"": 71, ""selected_run_start"": 41, ""selected_run_end"": 48, ""selected_run_length"": 8, ""selected_run_score"": 84}}}",three_terminal_structured,,,890.0,275.0
,,,,,,18,NPN_Transistor,component:7:18.3,,,,,7,B,18.3:B,,left,,,,,,,18.3,,False,18.3:B,ok,0.0,matched_preferred,[],N4,,4,False,,,,,,,,,,terminal:7:18.3:t1,Terminal,,,False,N4,4,left,directional,directional_primary,"[793, 794, 817, 807]",18.3:B,B,811,800,,,,18.3:t1,t1,"{""point_mode"": ""three_terminal_structured"", ""scan_axis"": ""y"", ""relative_position"": ""left"", ""scan_start"": 772, ""scan_end"": 827, ""scan_margin"": 9, ""probe_halfspan"": 6, ""probe_out_len"": 12, ""probe_inset"": 1, ""peak_coord"": 800, ""anchor_offset_ratio"": 0.5046, ""max_score"": 98, ""keep_threshold"": 83, ""selected_run_start"": 24, ""selected_run_end"": 32, ""selected_run_length"": 9, ""selected_run_score"": 98, ""three_terminal_role"": ""single_side_terminal"", ""three_terminal_orientation"": ""left""}",three_terminal_structured,,,811.0,800.0
,,,,,,18,NPN_Transistor,component:7:18.3,,,,,7,E,18.3:E,,left,,,,,,,18.3,,False,18.3:E,ok,0.0,matched_preferred,[],N6,,6,False,,,,,,,,,,terminal:7:18.3:t2,Terminal,,,False,N6,6,top,directional,directional_primary,"[884, 723, 897, 747]",18.3:E,E,890,741,,,,18.3:t2,t2,"{""point_mode"": ""three_terminal_structured"", ""scan_axis"": ""x"", ""relative_position"": ""top"", ""scan_start"": 866, ""scan_end"": 910, ""scan_margin"": 8, ""probe_halfspan"": 6, ""probe_out_len"": 12, ""probe_inset"": 1, ""peak_coord"": 890, ""anchor_offset_ratio"": 0.7576, ""max_score"": 84, ""keep_threshold"": 71, ""selected_run_start"": 21, ""selected_run_end"": 28, ""selected_run_length"": 8, ""selected_run_score"": 84, ""three_terminal_role"": ""orthogonal_pair_terminal"", ""three_terminal_orientation"": ""left"", ""three_terminal_pair_bias"": ""opposite_side"", ""three_terminal_pair_bias_debug"": {""top"": {""local_score"": 105.0, ""point_mode"": ""side_peak_outside"", ""scan_axis"": ""x"", ""relative_position"": ""top"", ""scan_start"": 866, ""scan_end"": 910, ""scan_margin"": 8, ""probe_halfspan"": 6, ""probe_out_len"": 12, ""probe_inset"": 1, ""peak_coord"": 890, ""anchor_offset_ratio"": 0.7576, ""max_score"": 84, ""keep_threshold"": 71, ""selected_run_start"": 21, ""selected_run_end"": 28, ""selected_run_length"": 8, ""selected_run_score"": 84}, ""bottom"": {""local_score"": 105.0, ""point_mode"": ""side_peak_outside"", ""scan_axis"": ""x"", ""relative_position"": ""bottom"", ""scan_start"": 866, ""scan_end"": 910, ""scan_margin"": 8, ""probe_halfspan"": 6, ""probe_out_len"": 12, ""probe_inset"": 1, ""peak_coord"": 890, ""anchor_offset_ratio"": 0.7576, ""max_score"": 84, ""keep_threshold"": 71, ""selected_run_start"": 21, ""selected_run_end"": 28, ""selected_run_length"": 8, ""selected_run_score"": 84}}}",three_terminal_structured,,,890.0,741.0
,,,,,,18,NPN_Transistor,component:7:18.3,,,,,7,C,18.3:C,,left,,,,,,,18.3,,False,18.3:C,ok,0.0,matched_preferred,[],N4,,4,False,,,,,,,,,,terminal:7:18.3:t3,Terminal,,,False,N4,4,bottom,directional,directional_primary,"[884, 853, 897, 877]",18.3:C,C,890,858,,,,18.3:t3,t3,"{""point_mode"": ""three_terminal_structured"", ""scan_axis"": ""x"", ""relative_position"": ""bottom"", ""scan_start"": 866, ""scan_end"": 910, ""scan_margin"": 8, ""probe_halfspan"": 6, ""probe_out_len"": 12, ""probe_inset"": 1, ""peak_coord"": 890, ""anchor_offset_ratio"": 0.7576, ""max_score"": 84, ""keep_threshold"": 71, ""selected_run_start"": 21, ""selected_run_end"": 28, ""selected_run_length"": 8, ""selected_run_score"": 84, ""three_terminal_role"": ""orthogonal_pair_terminal"", ""three_terminal_orientation"": ""left"", ""three_terminal_pair_bias"": ""opposite_side"", ""three_terminal_pair_bias_debug"": {""top"": {""local_score"": 105.0, ""point_mode"": ""side_peak_outside"", ""scan_axis"": ""x"", ""relative_position"": ""top"", ""scan_start"": 866, ""scan_end"": 910, ""scan_margin"": 8, ""probe_halfspan"": 6, ""probe_out_len"": 12, ""probe_inset"": 1, ""peak_coord"": 890, ""anchor_offset_ratio"": 0.7576, ""max_score"": 84, ""keep_threshold"": 71, ""selected_run_start"": 21, ""selected_run_end"": 28, ""selected_run_length"": 8, ""selected_run_score"": 84}, ""bottom"": {""local_score"": 105.0, ""point_mode"": ""side_peak_outside"", ""scan_axis"": ""x"", ""relative_position"": ""bottom"", ""scan_start"": 866, ""scan_end"": 910, ""scan_margin"": 8, ""probe_halfspan"": 6, ""probe_out_len"": 12, ""probe_inset"": 1, ""peak_coord"": 890, ""anchor_offset_ratio"": 0.7576, ""max_score"": 84, ""keep_threshold"": 71, ""selected_run_start"": 21, ""selected_run_end"": 28, ""selected_run_length"": 8, ""selected_run_score"": 84}}}",three_terminal_structured,,,890.0,858.0
,,,,,,22,Resistor,component:7:22.2,,,,,7,t1,22.2:t1,,vertical,,,,,,,22.2,,False,22.2:t1,ok,2.0,matched_preferred,[],N7,,7,False,,,,,,,,,,terminal:7:22.2:t1,Terminal,,,False,N7,7,top,directional,directional_primary,"[882, 547, 895, 571]",,,890,565,,,,22.2:t1,t1,"{""point_mode"": ""bbox_side_center"", ""anchor_offset_ratio"": 0.5}",bbox_side_center,,,888.45,564.55
,,,,,,22,Resistor,component:7:22.2,,,,,7,t2,22.2:t2,,vertical,,,,,,,22.2,,False,22.2:t2,ok,2.0,matched_preferred,[],N6,,6,False,,,,,,,,,,terminal:7:22.2:t2,Terminal,,,False,N6,6,bottom,directional,directional_primary,"[882, 692, 895, 716]",,,890,697,,,,22.2:t2,t2,"{""point_mode"": ""bbox_side_center"", ""anchor_offset_ratio"": 0.5}",bbox_side_center,,,888.45,696.79
108,314,263,748,,,,,,,"[""E""]","[""16.1:t3"", ""18.1:E"", ""19.1:in1""]","[""16.1:t3"", ""18.1:t2"", ""19.1:in1""]",7,,,,,,,,,,,,False,,N1,,,,,,,,,[15],,3,,,,,N1,1,net:7:N1,Net,722,,,,,,,,,,,,,,15,,,,,,,,,
371,575,265,583,,,,,,,[],"[""16.2:t3"", ""19.1:in2"", ""22.1:t1""]","[""16.2:t3"", ""19.1:in2"", ""22.1:t1""]",7,,,,,,,,,,,,False,,N2,,,,,,,,,[16],,3,,,,,N2,2,net:7:N2,Net,560,,,,,,,,,,,,,,16,,,,,,,,,
108,890,51,317,,,,,,,"[""G"", ""G"", ""G""]","[""16.1:G"", ""16.1:t2"", ""16.2:G"", ""16.2:t2"", ""16.3:G"", ""16.3:t2"", ""19.1:out""]","[""16.1:t1"", ""16.1:t2"", ""16.2:t1"", ""16.2:t2"", ""16.3:t1"", ""16.3:t2"", ""19.1:out""]",7,,,,,,,,,,,,False,,N3,,,,,,,,,[4],,7,,,,,N3,3,net:7:N3,Net,2217,,,,,,,,,,,,,,4,,,,,,,,,
108,890,800,1001,,,,,,,"[""B"", ""C"", ""B"", ""C"", ""B"", ""C""]","[""18.1:B"", ""18.1:C"", ""18.2:B"", ""18.2:C"", ""18.3:B"", ""18.3:C"", ""9.1:t1""]","[""18.1:t1"", ""18.1:t3"", ""18.2:t1"", ""18.2:t3"", ""18.3:t1"", ""18.3:t3"", ""9.1:t1""]",7,,,,,,,,,,,,False,,N4,,,,,,,,,[28],,7,,,,,N4,4,net:7:N4,Net,1832,,,,,,,,,,,,,,28,,,,,,,,,
572,574,680,757,,,,,,,"[""E""]","[""18.2:E"", ""22.1:t2""]","[""18.2:t2"", ""22.1:t2""]",7,,,,,,,,,,,,False,,N5,,,,,,,,,[26],,2,,,,,N5,5,net:7:N5,Net,78,,,,,,,,,,,,,,26,,,,,,,,,
888,890,679,756,,,,,,,"[""E""]","[""18.3:E"", ""22.2:t2""]","[""18.3:t2"", ""22.2:t2""]",7,,,,,,,,,,,,False,,N6,,,,,,,,,[25],,2,,,,,N6,6,net:7:N6,Net,78,,,,,,,,,,,,,,25,,,,,,,,,
889,1015,260,581,,,,,,,[],"[""16.3:t3"", ""22.2:t1""]","[""16.3:t3"", ""22.2:t1""]",7,,,,,,,,,,,,False,,N7,,,,,,,,,[14],,2,,,,,N7,7,net:7:N7,Net,581,,,,,,,,,,,,,,14,,,,,,,,,
